 v_tol       dI    dv   ax     sep  orb |      comp         CRLB  rank-1 model  model/CRLB
   0.1   0.0000   0.0    -     5.0  1.0 | pos_range        22920         22920       1.000
   0.1   0.0000   0.0    -     5.0  1.0 | pos_inplane       1.6674       0.76533       0.459
   0.1   0.0000   0.0    -     5.0  1.0 | pos_plane      0.76293       0.76533       1.003
   0.1   0.0000   0.0    -     5.0  1.0 | vel_range      0.44375       0.45833       1.033
   0.1   0.0000   0.0    -     5.0  1.0 | vel_inplane       25.403        25.402       1.000
   0.1   0.0000   0.0    -     5.0  1.0 | vel_plane    0.0008513    0.00084837       0.997
   0.1   0.0000   0.0    -     5.0  3.0 | pos_range       2938.7        2938.7       1.000
   0.1   0.0000   0.0    -     5.0  3.0 | pos_inplane        0.813       0.48563       0.597
   0.1   0.0000   0.0    -     5.0  3.0 | pos_plane      0.48497       0.48563       1.001
   0.1   0.0000   0.0    -     5.0  3.0 | vel_range     0.056705      0.058768       1.036
   0.1   0.0000   0.0    -     5.0  3.0 | vel_inplane       3.2571        3.2569       1.000
   0.1   0.0000   0.0    -     5.0  3.0 | vel_plane   0.00053919    0.00053833       0.998
   0.1   0.0000   0.0    -    50.0  1.0 | pos_range   9.6125e+06    9.6125e+06       1.000
   0.1   0.0000   0.0    -    50.0  1.0 | pos_inplane       14.426        7.2956       0.506
   0.1   0.0000   0.0    -    50.0  1.0 | pos_plane       7.2747        7.2956       1.003
   0.1   0.0000   0.0    -    50.0  1.0 | vel_range       38.923        19.225       0.494
   0.1   0.0000   0.0    -    50.0  1.0 | vel_inplane        10655         10655       1.000
   0.1   0.0000   0.0    -    50.0  1.0 | vel_plane      0.00811     0.0080872       0.997
   0.1   0.0000   0.0    -    50.0  3.0 | pos_range    7.159e+05     7.159e+05       1.000
   0.1   0.0000   0.0    -    50.0  3.0 | pos_inplane       6.6988        4.2666       0.637
   0.1   0.0000   0.0    -    50.0  3.0 | pos_plane        4.262        4.2666       1.001
   0.1   0.0000   0.0    -    50.0  3.0 | vel_range       2.8968        1.4318       0.494
   0.1   0.0000   0.0    -    50.0  3.0 | vel_inplane       793.57        793.57       1.000
   0.1   0.0000   0.0    -    50.0  3.0 | vel_plane    0.0047346     0.0047295       0.999
   0.1   0.0000   1.0  nor     5.0  1.0 | pos_range       12.732        12.755       1.002
   0.1   0.0000   1.0  nor     5.0  1.0 | pos_inplane      0.94807       0.76975       0.812
   0.1   0.0000   1.0  nor     5.0  1.0 | pos_plane        1.778       0.76975       0.433
   0.1   0.0000   1.0  nor     5.0  1.0 | vel_range   0.00091686    0.00089045       0.971
   0.1   0.0000   1.0  nor     5.0  1.0 | vel_inplane     0.014006      0.014136       1.009
   0.1   0.0000   1.0  nor     5.0  1.0 | vel_plane    0.0012919    0.00085328       0.660
   0.1   0.0000   1.0  nor     5.0  3.0 | pos_range       8.0617        8.0764       1.002
   0.1   0.0000   1.0  nor     5.0  3.0 | pos_inplane      0.58271       0.48781       0.837
   0.1   0.0000   1.0  nor     5.0  3.0 | pos_plane      0.71968       0.48781       0.678
   0.1   0.0000   1.0  nor     5.0  3.0 | vel_range   0.00055537    0.00056426       1.016
   0.1   0.0000   1.0  nor     5.0  3.0 | vel_inplane    0.0089159     0.0089508       1.004
   0.1   0.0000   1.0  nor     5.0  3.0 | vel_plane   0.00098795    0.00054074       0.547
   0.1   0.0000   1.0  nor    50.0  1.0 | pos_range       1211.6        1211.6       1.000
   0.1   0.0000   1.0  nor    50.0  1.0 | pos_inplane       8.8521        7.2961       0.824
   0.1   0.0000   1.0  nor    50.0  1.0 | pos_plane       17.639        7.2961       0.414
   0.1   0.0000   1.0  nor    50.0  1.0 | vel_range    0.0098642      0.008443       0.856
   0.1   0.0000   1.0  nor    50.0  1.0 | vel_inplane       1.3429        1.3431       1.000
   0.1   0.0000   1.0  nor    50.0  1.0 | vel_plane     0.012367     0.0080878       0.654
   0.1   0.0000   1.0  nor    50.0  3.0 | pos_range       656.15        656.16       1.000
   0.1   0.0000   1.0  nor    50.0  3.0 | pos_inplane       5.1499        4.2669       0.829
   0.1   0.0000   1.0  nor    50.0  3.0 | pos_plane       6.7907        4.2669       0.628
   0.1   0.0000   1.0  nor    50.0  3.0 | vel_range    0.0057002     0.0049086       0.861
   0.1   0.0000   1.0  nor    50.0  3.0 | vel_inplane       0.7273       0.72735       1.000
   0.1   0.0000   1.0  nor    50.0  3.0 | vel_plane    0.0094463     0.0047299       0.501
   0.1   0.0000   1.0  pro     5.0  1.0 | pos_range       19.561        19.586       1.001
   0.1   0.0000   1.0  pro     5.0  1.0 | pos_inplane       2.5232        0.9857       0.391
   0.1   0.0000   1.0  pro     5.0  1.0 | pos_plane            1        0.9857       0.986
   0.1   0.0000   1.0  pro     5.0  1.0 | vel_range    0.0012668     0.0011606       0.916
   0.1   0.0000   1.0  pro     5.0  1.0 | vel_inplane     0.016268      0.021706       1.334
   0.1   0.0000   1.0  pro     5.0  1.0 | vel_plane    0.0010809     0.0010927       1.011
   0.1   0.0000   1.0  pro     5.0  3.0 | pos_range       5.7662        5.8152       1.009
   0.1   0.0000   1.0  pro     5.0  3.0 | pos_inplane       1.2651       0.75352       0.596
   0.1   0.0000   1.0  pro     5.0  3.0 | pos_plane        0.772       0.75352       0.976
   0.1   0.0000   1.0  pro     5.0  3.0 | vel_range    0.0011777    0.00084321       0.716
   0.1   0.0000   1.0  pro     5.0  3.0 | vel_inplane    0.0061161     0.0064448       1.054
   0.1   0.0000   1.0  pro     5.0  3.0 | vel_plane   0.00082214    0.00083529       1.016
   0.1   0.0000   1.0  pro    50.0  1.0 | pos_range       1375.6        1375.6       1.000
   0.1   0.0000   1.0  pro    50.0  1.0 | pos_inplane       24.825        7.8897       0.318
   0.1   0.0000   1.0  pro    50.0  1.0 | pos_plane       7.8569        7.8897       1.004
   0.1   0.0000   1.0  pro    50.0  1.0 | vel_range     0.010482     0.0091683       0.875
   0.1   0.0000   1.0  pro    50.0  1.0 | vel_inplane       1.4753        1.5249       1.034
   0.1   0.0000   1.0  pro    50.0  1.0 | vel_plane    0.0087961     0.0087458       0.994
   0.1   0.0000   1.0  pro    50.0  3.0 | pos_range        193.5        193.57       1.000
   0.1   0.0000   1.0  pro    50.0  3.0 | pos_inplane       10.249        5.2491       0.512
   0.1   0.0000   1.0  pro    50.0  3.0 | pos_plane       5.2501        5.2491       1.000
   0.1   0.0000   1.0  pro    50.0  3.0 | vel_range    0.0085839     0.0058315       0.679
   0.1   0.0000   1.0  pro    50.0  3.0 | vel_inplane       0.2154       0.21458       0.996
   0.1   0.0000   1.0  pro    50.0  3.0 | vel_plane    0.0058213     0.0058186       1.000
   0.1   0.0075   0.0    -     5.0  1.0 | pos_range       4911.7        4911.7       1.000
   0.1   0.0075   0.0    -     5.0  1.0 | pos_inplane       1.0181       0.77084       0.757
   0.1   0.0075   0.0    -     5.0  1.0 | pos_plane      0.79625       0.77084       0.968
   0.1   0.0075   0.0    -     5.0  1.0 | vel_range      0.09482      0.098158       1.035
   0.1   0.0075   0.0    -     5.0  1.0 | vel_inplane       5.4438        5.4435       1.000
   0.1   0.0075   0.0    -     5.0  1.0 | vel_plane      0.98067       0.98227       1.002
   0.1   0.0075   0.0    -     5.0  3.0 | pos_range       1023.8        1023.8       1.000
   0.1   0.0075   0.0    -     5.0  3.0 | pos_inplane      0.56908       0.48862       0.859
   0.1   0.0075   0.0    -     5.0  3.0 | pos_plane      0.48915       0.48862       0.999
   0.1   0.0075   0.0    -     5.0  3.0 | vel_range     0.019832      0.020467       1.032
   0.1   0.0075   0.0    -     5.0  3.0 | vel_inplane       1.1347        1.1346       1.000
   0.1   0.0075   0.0    -     5.0  3.0 | vel_plane      0.20407       0.20475       1.003
   0.1   0.0075   0.0    -    50.0  1.0 | pos_range        47178         47178       1.000
   0.1   0.0075   0.0    -    50.0  1.0 | pos_inplane       8.8519        7.2962       0.824
   0.1   0.0075   0.0    -    50.0  1.0 | pos_plane       7.6422        7.2962       0.955
   0.1   0.0075   0.0    -    50.0  1.0 | vel_range      0.19152      0.094639       0.494
   0.1   0.0075   0.0    -    50.0  1.0 | vel_inplane       52.297        52.297       1.000
   0.1   0.0075   0.0    -    50.0  1.0 | vel_plane      0.92754       0.94357       1.017
   0.1   0.0075   0.0    -    50.0  3.0 | pos_range       8400.5        8400.5       1.000
   0.1   0.0075   0.0    -    50.0  3.0 | pos_inplane       5.1563        4.2669       0.828
   0.1   0.0075   0.0    -    50.0  3.0 | pos_plane       4.2843        4.2669       0.996
   0.1   0.0075   0.0    -    50.0  3.0 | vel_range     0.034268      0.017443       0.509
   0.1   0.0075   0.0    -    50.0  3.0 | vel_inplane       9.3119         9.312       1.000
   0.1   0.0075   0.0    -    50.0  3.0 | vel_plane       0.1598       0.16807       1.052
   0.1   0.0075   1.0  nor     5.0  1.0 | pos_range       12.502        12.526       1.002
   0.1   0.0075   1.0  nor     5.0  1.0 | pos_inplane      0.95283        0.7792       0.818
   0.1   0.0075   1.0  nor     5.0  1.0 | pos_plane        1.796        0.7792       0.434
   0.1   0.0075   1.0  nor     5.0  1.0 | vel_range   0.00089895    0.00089916       1.000
   0.1   0.0075   1.0  nor     5.0  1.0 | vel_inplane     0.013801      0.013882       1.006
   0.1   0.0075   1.0  nor     5.0  1.0 | vel_plane    0.0035244     0.0026452       0.751
   0.1   0.0075   1.0  nor     5.0  3.0 | pos_range       7.0086        7.0256       1.002
   0.1   0.0075   1.0  nor     5.0  3.0 | pos_inplane      0.59803       0.48733       0.815
   0.1   0.0075   1.0  nor     5.0  3.0 | pos_plane      0.75404       0.48733       0.646
   0.1   0.0075   1.0  nor     5.0  3.0 | vel_range   0.00056361    0.00055807       0.990
   0.1   0.0075   1.0  nor     5.0  3.0 | vel_inplane    0.0077146     0.0077862       1.009
   0.1   0.0075   1.0  nor     5.0  3.0 | vel_plane    0.0007238     0.0015021       2.075
   0.1   0.0075   1.0  nor    50.0  1.0 | pos_range       1203.4        1203.5       1.000
   0.1   0.0075   1.0  nor    50.0  1.0 | pos_inplane       8.8524        7.2972       0.824
   0.1   0.0075   1.0  nor    50.0  1.0 | pos_plane       17.492        7.2972       0.417
   0.1   0.0075   1.0  nor    50.0  1.0 | vel_range     0.009864      0.008439       0.856
   0.1   0.0075   1.0  nor    50.0  1.0 | vel_inplane       1.3339         1.334       1.000
   0.1   0.0075   1.0  nor    50.0  1.0 | vel_plane     0.033914      0.025391       0.749
   0.1   0.0075   1.0  nor    50.0  3.0 | pos_range       629.92        629.94       1.000
   0.1   0.0075   1.0  nor    50.0  3.0 | pos_inplane       5.1529        4.2668       0.828
   0.1   0.0075   1.0  nor    50.0  3.0 | pos_plane       6.6669        4.2668       0.640
   0.1   0.0075   1.0  nor    50.0  3.0 | vel_range    0.0056409     0.0048945       0.868
   0.1   0.0075   1.0  nor    50.0  3.0 | vel_inplane      0.69821       0.69828       1.000
   0.1   0.0075   1.0  nor    50.0  3.0 | vel_plane    0.0062624      0.013457       2.149
   0.1   0.0075   1.0  pro     5.0  1.0 | pos_range       19.494        19.519       1.001
   0.1   0.0075   1.0  pro     5.0  1.0 | pos_inplane       2.5186        0.9932       0.394
   0.1   0.0075   1.0  pro     5.0  1.0 | pos_plane       1.0175        0.9932       0.976
   0.1   0.0075   1.0  pro     5.0  1.0 | vel_range    0.0012673     0.0011679       0.922
   0.1   0.0075   1.0  pro     5.0  1.0 | vel_inplane      0.01621      0.021633       1.334
   0.1   0.0075   1.0  pro     5.0  1.0 | vel_plane    0.0035144      0.004051       1.153
   0.1   0.0075   1.0  pro     5.0  3.0 | pos_range       5.5191        5.5711       1.009
   0.1   0.0075   1.0  pro     5.0  3.0 | pos_inplane        1.266       0.75886       0.599
   0.1   0.0075   1.0  pro     5.0  3.0 | pos_plane      0.77906       0.75886       0.974
   0.1   0.0075   1.0  pro     5.0  3.0 | vel_range    0.0011656     0.0008484       0.728
   0.1   0.0075   1.0  pro     5.0  3.0 | vel_inplane    0.0058411     0.0061742       1.057
   0.1   0.0075   1.0  pro     5.0  3.0 | vel_plane    0.0012656     0.0013878       1.097
   0.1   0.0075   1.0  pro    50.0  1.0 | pos_range       1375.2        1375.2       1.000
   0.1   0.0075   1.0  pro    50.0  1.0 | pos_inplane       24.818        7.8903       0.318
   0.1   0.0075   1.0  pro    50.0  1.0 | pos_plane       7.8586        7.8903       1.004
   0.1   0.0075   1.0  pro    50.0  1.0 | vel_range     0.010484     0.0091681       0.874
   0.1   0.0075   1.0  pro    50.0  1.0 | vel_inplane       1.4748        1.5245       1.034
   0.1   0.0075   1.0  pro    50.0  1.0 | vel_plane     0.028147      0.028861       1.025
   0.1   0.0075   1.0  pro    50.0  3.0 | pos_range       192.98        193.06       1.000
   0.1   0.0075   1.0  pro    50.0  3.0 | pos_inplane       10.247        5.2494       0.512
   0.1   0.0075   1.0  pro    50.0  3.0 | pos_plane       5.2506        5.2494       1.000
   0.1   0.0075   1.0  pro    50.0  3.0 | vel_range     0.008581     0.0058317       0.680
   0.1   0.0075   1.0  pro    50.0  3.0 | vel_inplane      0.21482         0.214       0.996
   0.1   0.0075   1.0  pro    50.0  3.0 | vel_plane    0.0069532     0.0069826       1.004
   0.1   0.0417   0.0    -     5.0  1.0 | pos_range       1675.6        1675.6       1.000
   0.1   0.0417   0.0    -     5.0  1.0 | pos_inplane       1.0845       0.89741       0.827
   0.1   0.0417   0.0    -     5.0  1.0 | pos_plane      0.94992       0.89741       0.945
   0.1   0.0417   0.0    -     5.0  1.0 | vel_range     0.030743      0.032847       1.068
   0.1   0.0417   0.0    -     5.0  1.0 | vel_inplane       1.8572         1.857       1.000
   0.1   0.0417   0.0    -     5.0  1.0 | vel_plane       1.8547        1.8573       1.001
   0.1   0.0417   0.0    -     5.0  3.0 | pos_range       613.52        613.52       1.000
   0.1   0.0417   0.0    -     5.0  3.0 | pos_inplane      0.45075        0.5591       1.240
   0.1   0.0417   0.0    -     5.0  3.0 | pos_plane      0.56863        0.5591       0.983
   0.1   0.0417   0.0    -     5.0  3.0 | vel_range     0.011493      0.012037       1.047
   0.1   0.0417   0.0    -     5.0  3.0 | vel_inplane      0.67996       0.67994       1.000
   0.1   0.0417   0.0    -     5.0  3.0 | vel_plane      0.67967       0.68005       1.001
   0.1   0.0417   0.0    -    50.0  1.0 | pos_range       8751.9        8751.9       1.000
   0.1   0.0417   0.0    -    50.0  1.0 | pos_inplane       8.8667        7.3134       0.825
   0.1   0.0417   0.0    -    50.0  1.0 | pos_plane        7.669        7.3134       0.954
   0.1   0.0417   0.0    -    50.0  1.0 | vel_range     0.038018       0.01897       0.499
   0.1   0.0417   0.0    -    50.0  1.0 | vel_inplane       9.7014        9.7015       1.000
   0.1   0.0417   0.0    -    50.0  1.0 | vel_plane      0.95401       0.97017       1.017
   0.1   0.0417   0.0    -    50.0  3.0 | pos_range       1712.7        1712.7       1.000
   0.1   0.0417   0.0    -    50.0  3.0 | pos_inplane       5.1138        4.2768       0.836
   0.1   0.0417   0.0    -    50.0  3.0 | pos_plane       4.2943        4.2768       0.996
   0.1   0.0417   0.0    -    50.0  3.0 | vel_range    0.0081645     0.0058087       0.711
   0.1   0.0417   0.0    -    50.0  3.0 | vel_inplane       1.8985        1.8985       1.000
   0.1   0.0417   0.0    -    50.0  3.0 | vel_plane      0.18254       0.18991       1.040
   0.1   0.0417   1.0  nor     5.0  1.0 | pos_range       13.903        13.933       1.002
   0.1   0.0417   1.0  nor     5.0  1.0 | pos_inplane       1.0381       0.91602       0.882
   0.1   0.0417   1.0  nor     5.0  1.0 | pos_plane       2.1489       0.91602       0.426
   0.1   0.0417   1.0  nor     5.0  1.0 | vel_range   0.00093559     0.0010513       1.124
   0.1   0.0417   1.0  nor     5.0  1.0 | vel_inplane     0.015554      0.015442       0.993
   0.1   0.0417   1.0  nor     5.0  1.0 | vel_plane     0.017153      0.015444       0.900
   0.1   0.0417   1.0  nor     5.0  3.0 | pos_range       9.7688        9.7841       1.002
   0.1   0.0417   1.0  nor     5.0  3.0 | pos_inplane      0.42731       0.54684       1.280
   0.1   0.0417   1.0  nor     5.0  3.0 | pos_plane      0.98806       0.54684       0.553
   0.1   0.0417   1.0  nor     5.0  3.0 | vel_range   0.00045419    0.00063568       1.400
   0.1   0.0417   1.0  nor     5.0  3.0 | vel_inplane     0.010697      0.010843       1.014
   0.1   0.0417   1.0  nor     5.0  3.0 | vel_plane    0.0097845      0.010845       1.108
   0.1   0.0417   1.0  nor    50.0  1.0 | pos_range       1164.6        1164.6       1.000
   0.1   0.0417   1.0  nor    50.0  1.0 | pos_inplane       8.8566        7.3165       0.826
   0.1   0.0417   1.0  nor    50.0  1.0 | pos_plane       16.844        7.3165       0.434
   0.1   0.0417   1.0  nor    50.0  1.0 | vel_range    0.0099151     0.0084254       0.850
   0.1   0.0417   1.0  nor    50.0  1.0 | vel_inplane       1.2911         1.291       1.000
   0.1   0.0417   1.0  nor    50.0  1.0 | vel_plane      0.13629       0.12935       0.949
   0.1   0.0417   1.0  nor    50.0  3.0 | pos_range       540.68         540.7       1.000
   0.1   0.0417   1.0  nor    50.0  3.0 | pos_inplane        5.047        4.2747       0.847
   0.1   0.0417   1.0  nor    50.0  3.0 | pos_plane       6.2602        4.2747       0.683
   0.1   0.0417   1.0  nor    50.0  3.0 | vel_range     0.005355     0.0048556       0.907
   0.1   0.0417   1.0  nor    50.0  3.0 | vel_inplane      0.59922       0.59936       1.000
   0.1   0.0417   1.0  nor    50.0  3.0 | vel_plane     0.051448      0.060121       1.169
   0.1   0.0417   1.0  pro     5.0  1.0 | pos_range       18.619        18.655       1.002
   0.1   0.0417   1.0  pro     5.0  1.0 | pos_inplane       2.4739        1.1563       0.467
   0.1   0.0417   1.0  pro     5.0  1.0 | pos_plane       1.3166        1.1563       0.878
   0.1   0.0417   1.0  pro     5.0  1.0 | vel_range    0.0013093     0.0013327       1.018
   0.1   0.0417   1.0  pro     5.0  1.0 | vel_inplane     0.015437      0.020674       1.339
   0.1   0.0417   1.0  pro     5.0  1.0 | vel_plane     0.017807      0.020677       1.161
   0.1   0.0417   1.0  pro     5.0  3.0 | pos_range        3.676        3.7793       1.028
   0.1   0.0417   1.0  pro     5.0  3.0 | pos_inplane       1.3332       0.87764       0.658
   0.1   0.0417   1.0  pro     5.0  3.0 | pos_plane      0.92187       0.87764       0.952
   0.1   0.0417   1.0  pro     5.0  3.0 | vel_range    0.0011705    0.00097554       0.833
   0.1   0.0417   1.0  pro     5.0  3.0 | vel_inplane    0.0037806     0.0041885       1.108
   0.1   0.0417   1.0  pro     5.0  3.0 | vel_plane    0.0038663     0.0041891       1.083
   0.1   0.0417   1.0  pro    50.0  1.0 | pos_range       1363.7        1363.7       1.000
   0.1   0.0417   1.0  pro    50.0  1.0 | pos_inplane       24.599        7.9068       0.321
   0.1   0.0417   1.0  pro    50.0  1.0 | pos_plane       7.9064        7.9068       1.000
   0.1   0.0417   1.0  pro    50.0  1.0 | vel_range     0.010539      0.009163       0.869
   0.1   0.0417   1.0  pro    50.0  1.0 | vel_inplane       1.4624        1.5116       1.034
   0.1   0.0417   1.0  pro    50.0  1.0 | vel_plane      0.14724       0.15141       1.028
   0.1   0.0417   1.0  pro    50.0  3.0 | pos_range       180.62        180.69       1.000
   0.1   0.0417   1.0  pro    50.0  3.0 | pos_inplane       10.201        5.2588       0.516
   0.1   0.0417   1.0  pro    50.0  3.0 | pos_plane       5.2648        5.2588       0.999
   0.1   0.0417   1.0  pro    50.0  3.0 | vel_range    0.0085106     0.0058402       0.686
   0.1   0.0417   1.0  pro    50.0  3.0 | vel_inplane      0.20104        0.2003       0.996
   0.1   0.0417   1.0  pro    50.0  3.0 | vel_plane     0.020985      0.020853       0.994
   0.1   0.2500   0.0    -     5.0  1.0 | pos_range       299.67        299.67       1.000
   0.1   0.2500   0.0    -     5.0  1.0 | pos_inplane       1.6722        1.8119       1.084
   0.1   0.2500   0.0    -     5.0  1.0 | pos_plane       1.9545        1.8119       0.927
   0.1   0.2500   0.0    -     5.0  1.0 | vel_range    0.0035534     0.0025979       0.731
   0.1   0.2500   0.0    -     5.0  1.0 | vel_inplane      0.33214       0.33206       1.000
   0.1   0.2500   0.0    -     5.0  1.0 | vel_plane       1.9815        1.9917       1.005
   0.1   0.2500   0.0    -     5.0  3.0 | pos_range       156.74        156.74       1.000
   0.1   0.2500   0.0    -     5.0  3.0 | pos_inplane      0.71456        1.1111       1.555
   0.1   0.2500   0.0    -     5.0  3.0 | pos_plane       1.1689        1.1111       0.951
   0.1   0.2500   0.0    -     5.0  3.0 | vel_range    0.0016781     0.0015032       0.896
   0.1   0.2500   0.0    -     5.0  3.0 | vel_inplane      0.17371       0.17368       1.000
   0.1   0.2500   0.0    -     5.0  3.0 | vel_plane       1.0397        1.0417       1.002
   0.1   0.2500   0.0    -    50.0  1.0 | pos_range       2306.9        2306.9       1.000
   0.1   0.2500   0.0    -    50.0  1.0 | pos_inplane       9.3322        7.8683       0.843
   0.1   0.2500   0.0    -    50.0  1.0 | pos_plane       8.4348        7.8683       0.933
   0.1   0.2500   0.0    -    50.0  1.0 | vel_range     0.020835     0.0088139       0.423
   0.1   0.2500   0.0    -    50.0  1.0 | vel_inplane       2.5571        2.5572       1.000
   0.1   0.2500   0.0    -    50.0  1.0 | vel_plane       1.5124        1.5333       1.014
   0.1   0.2500   0.0    -    50.0  3.0 | pos_range       789.76        789.77       1.000
   0.1   0.2500   0.0    -    50.0  3.0 | pos_inplane       4.4161        4.5963       1.041
   0.1   0.2500   0.0    -    50.0  3.0 | pos_plane       4.6185        4.5963       0.995
   0.1   0.2500   0.0    -    50.0  3.0 | vel_range    0.0058991     0.0051135       0.867
   0.1   0.2500   0.0    -    50.0  3.0 | vel_inplane      0.87541       0.87546       1.000
   0.1   0.2500   0.0    -    50.0  3.0 | vel_plane      0.52129       0.52494       1.007
   0.1   0.2500   1.0  nor     5.0  1.0 | pos_range       24.661        24.729       1.003
   0.1   0.2500   1.0  nor     5.0  1.0 | pos_inplane       1.6259        1.8385       1.131
   0.1   0.2500   1.0  nor     5.0  1.0 | pos_plane       3.8054        1.8385       0.483
   0.1   0.2500   1.0  nor     5.0  1.0 | vel_range    0.0015263     0.0020425       1.338
   0.1   0.2500   1.0  nor     5.0  1.0 | vel_inplane     0.027672      0.027402       0.990
   0.1   0.2500   1.0  nor     5.0  1.0 | vel_plane      0.17509       0.16391       0.936
   0.1   0.2500   1.0  nor     5.0  3.0 | pos_range       22.968        22.994       1.001
   0.1   0.2500   1.0  nor     5.0  3.0 | pos_inplane      0.70624        1.0999       1.557
   0.1   0.2500   1.0  nor     5.0  3.0 | pos_plane       2.0536        1.0999       0.536
   0.1   0.2500   1.0  nor     5.0  3.0 | vel_range   0.00078185     0.0012257       1.568
   0.1   0.2500   1.0  nor     5.0  3.0 | vel_inplane     0.025315       0.02548       1.007
   0.1   0.2500   1.0  nor     5.0  3.0 | vel_plane      0.14717       0.15265       1.037
   0.1   0.2500   1.0  nor    50.0  1.0 | pos_range       1051.3        1051.3       1.000
   0.1   0.2500   1.0  nor    50.0  1.0 | pos_inplane       9.1683        7.8815       0.860
   0.1   0.2500   1.0  nor    50.0  1.0 | pos_plane       15.378        7.8815       0.513
   0.1   0.2500   1.0  nor    50.0  1.0 | vel_range     0.012204     0.0087558       0.717
   0.1   0.2500   1.0  nor    50.0  1.0 | vel_inplane       1.1665        1.1654       0.999
   0.1   0.2500   1.0  nor    50.0  1.0 | vel_plane      0.70065        0.6988       0.997
   0.1   0.2500   1.0  nor    50.0  3.0 | pos_range       526.77        526.79       1.000
   0.1   0.2500   1.0  nor    50.0  3.0 | pos_inplane       4.0898        4.5848       1.121
   0.1   0.2500   1.0  nor    50.0  3.0 | pos_plane       6.3602        4.5848       0.721
   0.1   0.2500   1.0  nor    50.0  3.0 | vel_range    0.0050602     0.0050905       1.006
   0.1   0.2500   1.0  nor    50.0  3.0 | vel_inplane      0.58353       0.58394       1.001
   0.1   0.2500   1.0  nor    50.0  3.0 | vel_plane      0.34315       0.35015       1.020
   0.1   0.2500   1.0  pro     5.0  1.0 | pos_range       22.584        22.692       1.005
   0.1   0.2500   1.0  pro     5.0  1.0 | pos_inplane       3.0682        2.2045       0.719
   0.1   0.2500   1.0  pro     5.0  1.0 | pos_plane       2.4208        2.2045       0.911
   0.1   0.2500   1.0  pro     5.0  1.0 | vel_range    0.0023194     0.0024469       1.055
   0.1   0.2500   1.0  pro     5.0  1.0 | vel_inplane     0.018493      0.025145       1.360
   0.1   0.2500   1.0  pro     5.0  1.0 | vel_plane      0.13368       0.15012       1.123
   0.1   0.2500   1.0  pro     5.0  3.0 | pos_range        3.457        3.8292       1.108
   0.1   0.2500   1.0  pro     5.0  3.0 | pos_inplane       1.8488         1.647       0.891
   0.1   0.2500   1.0  pro     5.0  3.0 | pos_plane       1.7013         1.647       0.968
   0.1   0.2500   1.0  pro     5.0  3.0 | vel_range    0.0016091     0.0018258       1.135
   0.1   0.2500   1.0  pro     5.0  3.0 | vel_inplane    0.0032969     0.0042434       1.287
   0.1   0.2500   1.0  pro     5.0  3.0 | vel_plane     0.018748      0.023048       1.229
   0.1   0.2500   1.0  pro    50.0  1.0 | pos_range       1206.5        1206.5       1.000
   0.1   0.2500   1.0  pro    50.0  1.0 | pos_inplane       21.559        8.4395       0.391
   0.1   0.2500   1.0  pro    50.0  1.0 | pos_plane       9.0286        8.4395       0.935
   0.1   0.2500   1.0  pro    50.0  1.0 | vel_range     0.012959     0.0093787       0.724
   0.1   0.2500   1.0  pro    50.0  1.0 | vel_inplane       1.2939        1.3374       1.034
   0.1   0.2500   1.0  pro    50.0  1.0 | vel_plane      0.78137       0.80193       1.026
   0.1   0.2500   1.0  pro    50.0  3.0 | pos_range       129.26        129.38       1.001
   0.1   0.2500   1.0  pro    50.0  3.0 | pos_inplane       10.007        5.5652       0.556
   0.1   0.2500   1.0  pro    50.0  3.0 | pos_plane       5.6511        5.5652       0.985
   0.1   0.2500   1.0  pro    50.0  3.0 | vel_range    0.0078889     0.0061695       0.782
   0.1   0.2500   1.0  pro    50.0  3.0 | vel_inplane      0.14383       0.14342       0.997
   0.1   0.2500   1.0  pro    50.0  3.0 | vel_plane     0.098048      0.086136       0.879
   0.1   1.0000   0.0    -     5.0  1.0 | pos_range       67.514          67.6       1.001
   0.1   1.0000   0.0    -     5.0  1.0 | pos_inplane       2.7473        3.4193       1.245
   0.1   1.0000   0.0    -     5.0  1.0 | pos_plane       3.4211        3.4193       0.999
   0.1   1.0000   0.0    -     5.0  1.0 | vel_range     0.029346      0.014805       0.504
   0.1   1.0000   0.0    -     5.0  1.0 | vel_inplane     0.074711      0.074736       1.000
   0.1   1.0000   0.0    -     5.0  1.0 | vel_plane       1.7303        1.7948       1.037
   0.1   1.0000   0.0    -     5.0  3.0 | pos_range       36.722        36.786       1.002
   0.1   1.0000   0.0    -     5.0  3.0 | pos_inplane       1.4935        2.1579       1.445
   0.1   1.0000   0.0    -     5.0  3.0 | pos_plane       2.1478        2.1579       1.005
   0.1   1.0000   0.0    -     5.0  3.0 | vel_range     0.016049     0.0081435       0.507
   0.1   1.0000   0.0    -     5.0  3.0 | vel_inplane     0.040629      0.040669       1.001
   0.1   1.0000   0.0    -     5.0  3.0 | vel_plane      0.95341       0.97621       1.024
   0.1   1.0000   0.0    -    50.0  1.0 | pos_range       841.15        841.23       1.000
   0.1   1.0000   0.0    -    50.0  1.0 | pos_inplane       12.028         11.68       0.971
   0.1   1.0000   0.0    -    50.0  1.0 | pos_plane       12.808         11.68       0.912
   0.1   1.0000   0.0    -    50.0  1.0 | vel_range     0.046549      0.022037       0.473
   0.1   1.0000   0.0    -    50.0  1.0 | vel_inplane       0.9321       0.93255       1.000
   0.1   1.0000   0.0    -    50.0  1.0 | vel_plane       2.1878        2.2362       1.022
   0.1   1.0000   0.0    -    50.0  3.0 | pos_range       395.16        395.21       1.000
   0.1   1.0000   0.0    -    50.0  3.0 | pos_inplane       4.3739        6.8176       1.559
   0.1   1.0000   0.0    -    50.0  3.0 | pos_plane       7.0383        6.8176       0.969
   0.1   1.0000   0.0    -    50.0  3.0 | vel_range      0.01979      0.011283       0.570
   0.1   1.0000   0.0    -    50.0  3.0 | vel_inplane      0.43786       0.43812       1.001
   0.1   1.0000   0.0    -    50.0  3.0 | vel_plane       1.0431        1.0505       1.007
   0.1   1.0000   1.0  nor     5.0  1.0 | pos_range       34.845        35.018       1.005
   0.1   1.0000   1.0  nor     5.0  1.0 | pos_inplane       2.7741        3.4771       1.253
   0.1   1.0000   1.0  nor     5.0  1.0 | pos_plane       4.5592        3.4771       0.763
   0.1   1.0000   1.0  nor     5.0  1.0 | vel_range     0.015674     0.0083315       0.532
   0.1   1.0000   1.0  nor     5.0  1.0 | vel_inplane     0.038696      0.038715       1.000
   0.1   1.0000   1.0  nor     5.0  1.0 | vel_plane      0.90503       0.92631       1.024
   0.1   1.0000   1.0  nor     5.0  3.0 | pos_range       28.562        28.643       1.003
   0.1   1.0000   1.0  nor     5.0  3.0 | pos_inplane       1.4876        2.1502       1.445
   0.1   1.0000   1.0  nor     5.0  3.0 | pos_plane       2.6941        2.1502       0.798
   0.1   1.0000   1.0  nor     5.0  3.0 | vel_range      0.01236     0.0065068       0.526
   0.1   1.0000   1.0  nor     5.0  3.0 | vel_inplane     0.031495      0.031667       1.005
   0.1   1.0000   1.0  nor     5.0  3.0 | vel_plane      0.73195       0.75929       1.037
   0.1   1.0000   1.0  nor    50.0  1.0 | pos_range       714.02        714.12       1.000
   0.1   1.0000   1.0  nor    50.0  1.0 | pos_inplane       11.813        11.702       0.991
   0.1   1.0000   1.0  nor    50.0  1.0 | pos_plane       15.612        11.702       0.750
   0.1   1.0000   1.0  nor    50.0  1.0 | vel_range     0.040087      0.019936       0.497
   0.1   1.0000   1.0  nor    50.0  1.0 | vel_inplane      0.79221       0.79164       0.999
   0.1   1.0000   1.0  nor    50.0  1.0 | vel_plane       1.8754        1.8983       1.012
   0.1   1.0000   1.0  nor    50.0  3.0 | pos_range       381.28        381.34       1.000
   0.1   1.0000   1.0  nor    50.0  3.0 | pos_inplane       4.3436        6.8029       1.566
   0.1   1.0000   1.0  nor    50.0  3.0 | pos_plane       7.0952        6.8029       0.959
   0.1   1.0000   1.0  nor    50.0  3.0 | vel_range     0.019135      0.011055       0.578
   0.1   1.0000   1.0  nor    50.0  3.0 | vel_inplane      0.42227       0.42273       1.001
   0.1   1.0000   1.0  nor    50.0  3.0 | vel_plane        1.002        1.0136       1.012
   0.1   1.0000   1.0  pro     5.0  1.0 | pos_range       35.368        35.597       1.006
   0.1   1.0000   1.0  pro     5.0  1.0 | pos_inplane       4.1554         4.027       0.969
   0.1   1.0000   1.0  pro     5.0  1.0 | pos_plane       3.7692         4.027       1.068
   0.1   1.0000   1.0  pro     5.0  1.0 | vel_range      0.01683     0.0087257       0.518
   0.1   1.0000   1.0  pro     5.0  1.0 | vel_inplane     0.029039      0.039356       1.355
   0.1   1.0000   1.0  pro     5.0  1.0 | vel_plane      0.82846       0.94023       1.135
   0.1   1.0000   1.0  pro     5.0  3.0 | pos_range       6.1409        6.8531       1.116
   0.1   1.0000   1.0  pro     5.0  3.0 | pos_inplane       2.9403        3.0421       1.035
   0.1   1.0000   1.0  pro     5.0  3.0 | pos_plane       2.9362        3.0421       1.036
   0.1   1.0000   1.0  pro     5.0  3.0 | vel_range    0.0022757     0.0036147       1.588
   0.1   1.0000   1.0  pro     5.0  3.0 | vel_inplane    0.0058915     0.0075804       1.287
   0.1   1.0000   1.0  pro     5.0  3.0 | vel_plane      0.11499       0.16328       1.420
   0.1   1.0000   1.0  pro    50.0  1.0 | pos_range       793.89        793.99       1.000
   0.1   1.0000   1.0  pro    50.0  1.0 | pos_inplane       15.374        12.244       0.796
   0.1   1.0000   1.0  pro    50.0  1.0 | pos_plane       13.495        12.244       0.907
   0.1   1.0000   1.0  pro    50.0  1.0 | vel_range     0.044195      0.021622       0.489
   0.1   1.0000   1.0  pro    50.0  1.0 | vel_inplane      0.85222       0.88018       1.033
   0.1   1.0000   1.0  pro    50.0  1.0 | vel_plane       2.0455        2.1106       1.032
   0.1   1.0000   1.0  pro    50.0  3.0 | pos_range       122.66        122.91       1.002
   0.1   1.0000   1.0  pro    50.0  3.0 | pos_inplane       10.362        7.8177       0.754
   0.1   1.0000   1.0  pro    50.0  3.0 | pos_plane       8.3571        7.8177       0.935
   0.1   1.0000   1.0  pro    50.0  3.0 | vel_range    0.0052711     0.0090477       1.716
   0.1   1.0000   1.0  pro    50.0  3.0 | vel_inplane      0.13674       0.13625       0.996
   0.1   1.0000   1.0  pro    50.0  3.0 | vel_plane      0.38071       0.32621       0.857
   1.0   0.0000   0.0    -     5.0  1.0 | pos_range       2354.1        2354.1       1.000
   1.0   0.0000   0.0    -     5.0  1.0 | pos_inplane       1.9243         1.061       0.551
   1.0   0.0000   0.0    -     5.0  1.0 | pos_plane       1.0505         1.061       1.010
   1.0   0.0000   0.0    -     5.0  1.0 | vel_range      0.46232       0.46405       1.004
   1.0   0.0000   0.0    -     5.0  1.0 | vel_inplane       2.5557        2.5535       0.999
   1.0   0.0000   0.0    -     5.0  1.0 | vel_plane    0.0012068     0.0011761       0.975
   1.0   0.0000   0.0    -     5.0  3.0 | pos_range       343.23        343.23       1.000
   1.0   0.0000   0.0    -     5.0  3.0 | pos_inplane        1.326       0.88043       0.664
   1.0   0.0000   0.0    -     5.0  3.0 | pos_plane      0.87379       0.88043       1.008
   1.0   0.0000   0.0    -     5.0  3.0 | vel_range     0.067294      0.067667       1.006
   1.0   0.0000   0.0    -     5.0  3.0 | vel_inplane      0.37275       0.37231       0.999
   1.0   0.0000   0.0    -     5.0  3.0 | vel_plane   0.00099446    0.00097596       0.981
   1.0   0.0000   0.0    -    50.0  1.0 | pos_range        25868         25868       1.000
   1.0   0.0000   0.0    -    50.0  1.0 | pos_inplane       16.673        7.6535       0.459
   1.0   0.0000   0.0    -    50.0  1.0 | pos_plane       7.6295        7.6535       1.003
   1.0   0.0000   0.0    -    50.0  1.0 | vel_range      0.35366       0.51729       1.463
   1.0   0.0000   0.0    -    50.0  1.0 | vel_inplane       28.682        28.666       0.999
   1.0   0.0000   0.0    -    50.0  1.0 | vel_plane    0.0085133      0.008484       0.997
   1.0   0.0000   0.0    -    50.0  3.0 | pos_range       3537.7        3537.7       1.000
   1.0   0.0000   0.0    -    50.0  3.0 | pos_inplane       8.1931        4.8564       0.593
   1.0   0.0000   0.0    -    50.0  3.0 | pos_plane       4.8498        4.8564       1.001
   1.0   0.0000   0.0    -    50.0  3.0 | vel_range     0.046708       0.07094       1.519
   1.0   0.0000   0.0    -    50.0  3.0 | vel_inplane       3.9227        3.9204       0.999
   1.0   0.0000   0.0    -    50.0  3.0 | vel_plane    0.0053921     0.0053834       0.998
   1.0   0.0000   1.0  nor     5.0  1.0 | pos_range       15.228        15.265       1.002
   1.0   0.0000   1.0  nor     5.0  1.0 | pos_inplane       1.3986        1.0632       0.760
   1.0   0.0000   1.0  nor     5.0  1.0 | pos_plane       1.9113        1.0632       0.556
   1.0   0.0000   1.0  nor     5.0  1.0 | vel_range    0.0031714     0.0032249       1.017
   1.0   0.0000   1.0  nor     5.0  1.0 | vel_inplane     0.016484       0.01656       1.005
   1.0   0.0000   1.0  nor     5.0  1.0 | vel_plane    0.0017227     0.0011785       0.684
   1.0   0.0000   1.0  nor     5.0  3.0 | pos_range       11.569        11.602       1.003
   1.0   0.0000   1.0  nor     5.0  3.0 | pos_inplane       1.2447       0.88104       0.708
   1.0   0.0000   1.0  nor     5.0  3.0 | pos_plane       1.0332       0.88104       0.853
   1.0   0.0000   1.0  nor     5.0  3.0 | vel_range    0.0023631     0.0024808       1.050
   1.0   0.0000   1.0  nor     5.0  3.0 | vel_inplane     0.012704      0.012587       0.991
   1.0   0.0000   1.0  nor     5.0  3.0 | vel_plane    0.0013545    0.00097664       0.721
   1.0   0.0000   1.0  nor    50.0  1.0 | pos_range       1235.4        1235.4       1.000
   1.0   0.0000   1.0  nor    50.0  1.0 | pos_inplane       9.4484         7.654       0.810
   1.0   0.0000   1.0  nor    50.0  1.0 | pos_plane       17.755         7.654       0.431
   1.0   0.0000   1.0  nor    50.0  1.0 | vel_range     0.019069      0.026118       1.370
   1.0   0.0000   1.0  nor    50.0  1.0 | vel_inplane       1.3697        1.3691       1.000
   1.0   0.0000   1.0  nor    50.0  1.0 | vel_plane     0.012835     0.0084846       0.661
   1.0   0.0000   1.0  nor    50.0  3.0 | pos_range        689.1        689.12       1.000
   1.0   0.0000   1.0  nor    50.0  3.0 | pos_inplane       6.2123        4.8567       0.782
   1.0   0.0000   1.0  nor    50.0  3.0 | pos_plane       7.1023        4.8567       0.684
   1.0   0.0000   1.0  nor    50.0  3.0 | vel_range     0.010588      0.014793       1.397
   1.0   0.0000   1.0  nor    50.0  3.0 | vel_inplane      0.76407       0.76368       0.999
   1.0   0.0000   1.0  nor    50.0  3.0 | vel_plane    0.0097386     0.0053837       0.553
   1.0   0.0000   1.0  pro     5.0  1.0 | pos_range       24.259        24.289       1.001
   1.0   0.0000   1.0  pro     5.0  1.0 | pos_inplane       2.7127        1.2068       0.445
   1.0   0.0000   1.0  pro     5.0  1.0 | pos_plane       1.2073        1.2068       1.000
   1.0   0.0000   1.0  pro     5.0  1.0 | vel_range    0.0033355     0.0049657       1.489
   1.0   0.0000   1.0  pro     5.0  1.0 | vel_inplane     0.019668      0.026349       1.340
   1.0   0.0000   1.0  pro     5.0  1.0 | vel_plane    0.0013712     0.0013378       0.976
   1.0   0.0000   1.0  pro     5.0  3.0 | pos_range       7.5354        7.6048       1.009
   1.0   0.0000   1.0  pro     5.0  3.0 | pos_inplane       1.5739        1.0248       0.651
   1.0   0.0000   1.0  pro     5.0  3.0 | pos_plane       1.0265        1.0248       0.998
   1.0   0.0000   1.0  pro     5.0  3.0 | vel_range    0.0022169       0.00187       0.844
   1.0   0.0000   1.0  pro     5.0  3.0 | vel_inplane    0.0079238     0.0082524       1.041
   1.0   0.0000   1.0  pro     5.0  3.0 | vel_plane    0.0011595      0.001136       0.980
   1.0   0.0000   1.0  pro    50.0  1.0 | pos_range       1478.5        1478.5       1.000
   1.0   0.0000   1.0  pro    50.0  1.0 | pos_inplane       25.228        8.2014       0.325
   1.0   0.0000   1.0  pro    50.0  1.0 | pos_plane       8.1663        8.2014       1.004
   1.0   0.0000   1.0  pro    50.0  1.0 | vel_range     0.022502      0.030928       1.374
   1.0   0.0000   1.0  pro    50.0  1.0 | vel_inplane       1.5861        1.6385       1.033
   1.0   0.0000   1.0  pro    50.0  1.0 | vel_plane    0.0091534     0.0090913       0.993
   1.0   0.0000   1.0  pro    50.0  3.0 | pos_range       215.49        215.56       1.000
   1.0   0.0000   1.0  pro    50.0  3.0 | pos_inplane       10.671        5.6931       0.534
   1.0   0.0000   1.0  pro    50.0  3.0 | pos_plane       5.6916        5.6931       1.000
   1.0   0.0000   1.0  pro    50.0  3.0 | vel_range     0.011668     0.0076414       0.655
   1.0   0.0000   1.0  pro    50.0  3.0 | vel_inplane      0.23953       0.23888       0.997
   1.0   0.0000   1.0  pro    50.0  3.0 | vel_plane    0.0063204     0.0063109       0.998
   1.0   0.0075   0.0    -     5.0  1.0 | pos_range         2127          2127       1.000
   1.0   0.0075   0.0    -     5.0  1.0 | pos_inplane       1.8537        1.0653       0.575
   1.0   0.0075   0.0    -     5.0  1.0 | pos_plane       1.0575        1.0653       1.007
   1.0   0.0075   0.0    -     5.0  1.0 | vel_range      0.41761       0.41926       1.004
   1.0   0.0075   0.0    -     5.0  1.0 | vel_inplane       2.3092        2.3072       0.999
   1.0   0.0075   0.0    -     5.0  1.0 | vel_plane      0.42178       0.42238       1.001
   1.0   0.0075   0.0    -     5.0  3.0 | pos_range       334.72        334.72       1.000
   1.0   0.0075   0.0    -     5.0  3.0 | pos_inplane        1.292       0.88316       0.684
   1.0   0.0075   0.0    -     5.0  3.0 | pos_plane      0.87855       0.88316       1.005
   1.0   0.0075   0.0    -     5.0  3.0 | vel_range     0.065622      0.065985       1.006
   1.0   0.0075   0.0    -     5.0  3.0 | vel_inplane      0.36347       0.36308       0.999
   1.0   0.0075   0.0    -     5.0  3.0 | vel_plane      0.06618      0.066474       1.004
   1.0   0.0075   0.0    -    50.0  1.0 | pos_range        22682         22682       1.000
   1.0   0.0075   0.0    -    50.0  1.0 | pos_inplane       15.337        7.6541       0.499
   1.0   0.0075   0.0    -    50.0  1.0 | pos_plane       7.6996        7.6541       0.994
   1.0   0.0075   0.0    -    50.0  1.0 | vel_range         0.31       0.45358       1.463
   1.0   0.0075   0.0    -    50.0  1.0 | vel_inplane        25.15        25.136       0.999
   1.0   0.0075   0.0    -    50.0  1.0 | vel_plane      0.44594        0.4537       1.017
   1.0   0.0075   0.0    -    50.0  3.0 | pos_range       3273.5        3273.5       1.000
   1.0   0.0075   0.0    -    50.0  3.0 | pos_inplane       7.8574        4.8567       0.618
   1.0   0.0075   0.0    -    50.0  3.0 | pos_plane       4.8523        4.8567       1.001
   1.0   0.0075   0.0    -    50.0  3.0 | vel_range      0.04331      0.065669       1.516
   1.0   0.0075   0.0    -    50.0  3.0 | vel_inplane       3.6297        3.6276       0.999
   1.0   0.0075   0.0    -    50.0  3.0 | vel_plane     0.062167      0.065686       1.057
   1.0   0.0075   1.0  nor     5.0  1.0 | pos_range       15.096        15.134       1.003
   1.0   0.0075   1.0  nor     5.0  1.0 | pos_inplane       1.4015        1.0699       0.763
   1.0   0.0075   1.0  nor     5.0  1.0 | pos_plane       1.9222        1.0699       0.557
   1.0   0.0075   1.0  nor     5.0  1.0 | vel_range    0.0031276     0.0032033       1.024
   1.0   0.0075   1.0  nor     5.0  1.0 | vel_inplane     0.016372      0.016418       1.003
   1.0   0.0075   1.0  nor     5.0  1.0 | vel_plane    0.0043461     0.0032238       0.742
   1.0   0.0075   1.0  nor     5.0  3.0 | pos_range       10.893        10.929       1.003
   1.0   0.0075   1.0  nor     5.0  3.0 | pos_inplane       1.2425       0.88272       0.710
   1.0   0.0075   1.0  nor     5.0  3.0 | pos_plane       1.0433       0.88272       0.846
   1.0   0.0075   1.0  nor     5.0  3.0 | vel_range    0.0022238     0.0023596       1.061
   1.0   0.0075   1.0  nor     5.0  3.0 | vel_inplane     0.011844      0.011856       1.001
   1.0   0.0075   1.0  nor     5.0  3.0 | vel_plane    0.0015282     0.0023741       1.554
   1.0   0.0075   1.0  nor    50.0  1.0 | pos_range       1226.6        1226.7       1.000
   1.0   0.0075   1.0  nor    50.0  1.0 | pos_inplane       9.4489         7.655       0.810
   1.0   0.0075   1.0  nor    50.0  1.0 | pos_plane       17.607         7.655       0.435
   1.0   0.0075   1.0  nor    50.0  1.0 | vel_range     0.018932      0.025951       1.371
   1.0   0.0075   1.0  nor    50.0  1.0 | vel_inplane         1.36        1.3594       1.000
   1.0   0.0075   1.0  nor    50.0  1.0 | vel_plane     0.034707      0.025957       0.748
   1.0   0.0075   1.0  nor    50.0  3.0 | pos_range       659.88        659.89       1.000
   1.0   0.0075   1.0  nor    50.0  3.0 | pos_inplane       6.1879        4.8567       0.785
   1.0   0.0075   1.0  nor    50.0  3.0 | pos_plane       6.9751        4.8567       0.696
   1.0   0.0075   1.0  nor    50.0  3.0 | vel_range     0.010291      0.014249       1.385
   1.0   0.0075   1.0  nor    50.0  3.0 | vel_inplane      0.73163       0.73129       1.000
   1.0   0.0075   1.0  nor    50.0  3.0 | vel_plane    0.0071466      0.014253       1.994
   1.0   0.0075   1.0  pro     5.0  1.0 | pos_range       24.191        24.222       1.001
   1.0   0.0075   1.0  pro     5.0  1.0 | pos_inplane       2.7085        1.2125       0.448
   1.0   0.0075   1.0  pro     5.0  1.0 | pos_plane        1.222        1.2125       0.992
   1.0   0.0075   1.0  pro     5.0  1.0 | vel_range    0.0033254     0.0049542       1.490
   1.0   0.0075   1.0  pro     5.0  1.0 | vel_inplane     0.019612      0.026275       1.340
   1.0   0.0075   1.0  pro     5.0  1.0 | vel_plane    0.0043302     0.0049883       1.152
   1.0   0.0075   1.0  pro     5.0  3.0 | pos_range       7.3525        7.4242       1.010
   1.0   0.0075   1.0  pro     5.0  3.0 | pos_inplane       1.5754        1.0287       0.653
   1.0   0.0075   1.0  pro     5.0  3.0 | pos_plane       1.0326        1.0287       0.996
   1.0   0.0075   1.0  pro     5.0  3.0 | vel_range    0.0021671     0.0018441       0.851
   1.0   0.0075   1.0  pro     5.0  3.0 | vel_inplane    0.0077183     0.0080566       1.044
   1.0   0.0075   1.0  pro     5.0  3.0 | vel_plane     0.001759     0.0018526       1.053
   1.0   0.0075   1.0  pro    50.0  1.0 | pos_range       1477.9          1478       1.000
   1.0   0.0075   1.0  pro    50.0  1.0 | pos_inplane       25.219        8.2019       0.325
   1.0   0.0075   1.0  pro    50.0  1.0 | pos_plane        8.168        8.2019       1.004
   1.0   0.0075   1.0  pro    50.0  1.0 | vel_range     0.022488      0.030916       1.375
   1.0   0.0075   1.0  pro    50.0  1.0 | vel_inplane       1.5855        1.6379       1.033
   1.0   0.0075   1.0  pro    50.0  1.0 | vel_plane     0.030139      0.030924       1.026
   1.0   0.0075   1.0  pro    50.0  3.0 | pos_range       214.93           215       1.000
   1.0   0.0075   1.0  pro    50.0  3.0 | pos_inplane       10.669        5.6934       0.534
   1.0   0.0075   1.0  pro    50.0  3.0 | pos_plane       5.6921        5.6934       1.000
   1.0   0.0075   1.0  pro    50.0  3.0 | vel_range     0.011657     0.0076352       0.655
   1.0   0.0075   1.0  pro    50.0  3.0 | vel_inplane       0.2389       0.23826       0.997
   1.0   0.0075   1.0  pro    50.0  3.0 | vel_plane    0.0075788     0.0076359       1.008
   1.0   0.0417   0.0    -     5.0  1.0 | pos_range       1197.2        1197.2       1.000
   1.0   0.0417   0.0    -     5.0  1.0 | pos_inplane       1.6925         1.172       0.692
   1.0   0.0417   0.0    -     5.0  1.0 | pos_plane        1.218         1.172       0.962
   1.0   0.0417   0.0    -     5.0  1.0 | vel_range       0.2338       0.23552       1.007
   1.0   0.0417   0.0    -     5.0  1.0 | vel_inplane       1.2997        1.2985       0.999
   1.0   0.0417   0.0    -     5.0  1.0 | vel_plane        1.316        1.3176       1.001
   1.0   0.0417   0.0    -     5.0  3.0 | pos_range       285.44        285.44       1.000
   1.0   0.0417   0.0    -     5.0  3.0 | pos_inplane        1.051       0.95033       0.904
   1.0   0.0417   0.0    -     5.0  3.0 | pos_plane      0.97935       0.95033       0.970
   1.0   0.0417   0.0    -     5.0  3.0 | vel_range     0.055806      0.056165       1.006
   1.0   0.0417   0.0    -     5.0  3.0 | vel_inplane      0.30981       0.30961       0.999
   1.0   0.0417   0.0    -     5.0  3.0 | vel_plane       0.3137       0.31417       1.001
   1.0   0.0417   0.0    -    50.0  1.0 | pos_range       8271.8        8271.8       1.000
   1.0   0.0417   0.0    -    50.0  1.0 | pos_inplane       10.593        7.6706       0.724
   1.0   0.0417   0.0    -    50.0  1.0 | pos_plane       7.9197        7.6706       0.969
   1.0   0.0417   0.0    -    50.0  1.0 | vel_range      0.11189       0.16528       1.477
   1.0   0.0417   0.0    -    50.0  1.0 | vel_inplane       9.1717        9.1668       0.999
   1.0   0.0417   0.0    -    50.0  1.0 | vel_plane      0.90153       0.91693       1.017
   1.0   0.0417   0.0    -    50.0  3.0 | pos_range       1539.6        1539.6       1.000
   1.0   0.0417   0.0    -    50.0  3.0 | pos_inplane        6.031        4.8657       0.807
   1.0   0.0417   0.0    -    50.0  3.0 | pos_plane        4.872        4.8657       0.999
   1.0   0.0417   0.0    -    50.0  3.0 | vel_range     0.021355      0.031191       1.461
   1.0   0.0417   0.0    -    50.0  3.0 | vel_inplane        1.707        1.7061       1.000
   1.0   0.0417   0.0    -    50.0  3.0 | vel_plane      0.16306       0.17074       1.047
   1.0   0.0417   1.0  nor     5.0  1.0 | pos_range       16.025        16.069       1.003
   1.0   0.0417   1.0  nor     5.0  1.0 | pos_inplane        1.468        1.1843       0.807
   1.0   0.0417   1.0  nor     5.0  1.0 | pos_plane       2.2002        1.1843       0.538
   1.0   0.0417   1.0  nor     5.0  1.0 | vel_range    0.0032433      0.003415       1.053
   1.0   0.0417   1.0  nor     5.0  1.0 | vel_inplane     0.017551      0.017432       0.993
   1.0   0.0417   1.0  nor     5.0  1.0 | vel_plane      0.01936      0.017686       0.914
   1.0   0.0417   1.0  nor     5.0  3.0 | pos_range       14.391        14.422       1.002
   1.0   0.0417   1.0  nor     5.0  3.0 | pos_inplane       1.0731       0.94538       0.881
   1.0   0.0417   1.0  nor     5.0  3.0 | pos_plane       1.2447       0.94538       0.760
   1.0   0.0417   1.0  nor     5.0  3.0 | vel_range    0.0027978     0.0030189       1.079
   1.0   0.0417   1.0  nor     5.0  3.0 | vel_inplane     0.015324      0.015645       1.021
   1.0   0.0417   1.0  nor     5.0  3.0 | vel_plane     0.014719      0.015874       1.078
   1.0   0.0417   1.0  nor    50.0  1.0 | pos_range       1184.3        1184.4       1.000
   1.0   0.0417   1.0  nor    50.0  1.0 | pos_inplane       9.4577        7.6734       0.811
   1.0   0.0417   1.0  nor    50.0  1.0 | pos_plane       16.949        7.6734       0.453
   1.0   0.0417   1.0  nor    50.0  1.0 | vel_range     0.018127      0.025117       1.386
   1.0   0.0417   1.0  nor    50.0  1.0 | vel_inplane       1.3134        1.3125       0.999
   1.0   0.0417   1.0  nor    50.0  1.0 | vel_plane      0.13866       0.13155       0.949
   1.0   0.0417   1.0  nor    50.0  3.0 | pos_range        556.9        556.92       1.000
   1.0   0.0417   1.0  nor    50.0  3.0 | pos_inplane       5.9582         4.864       0.816
   1.0   0.0417   1.0  nor    50.0  3.0 | pos_plane       6.5399         4.864       0.744
   1.0   0.0417   1.0  nor    50.0  3.0 | vel_range    0.0093301      0.012352       1.324
   1.0   0.0417   1.0  nor    50.0  3.0 | vel_inplane      0.61729       0.61718       1.000
   1.0   0.0417   1.0  nor    50.0  3.0 | vel_plane     0.052994      0.061964       1.169
   1.0   0.0417   1.0  pro     5.0  1.0 | pos_range       23.096        23.135       1.002
   1.0   0.0417   1.0  pro     5.0  1.0 | pos_inplane       2.6487        1.3484       0.509
   1.0   0.0417   1.0  pro     5.0  1.0 | pos_plane       1.5101        1.3484       0.893
   1.0   0.0417   1.0  pro     5.0  1.0 | vel_range    0.0031276     0.0047832       1.529
   1.0   0.0417   1.0  pro     5.0  1.0 | vel_inplane     0.018705      0.025096       1.342
   1.0   0.0417   1.0  pro     5.0  1.0 | vel_plane     0.021822      0.025464       1.167
   1.0   0.0417   1.0  pro     5.0  3.0 | pos_range       5.3572         5.474       1.022
   1.0   0.0417   1.0  pro     5.0  3.0 | pos_inplane       1.6329        1.1247       0.689
   1.0   0.0417   1.0  pro     5.0  3.0 | pos_plane       1.1604        1.1247       0.969
   1.0   0.0417   1.0  pro     5.0  3.0 | vel_range    0.0017352     0.0016326       0.941
   1.0   0.0417   1.0  pro     5.0  3.0 | vel_inplane    0.0054786     0.0059431       1.085
   1.0   0.0417   1.0  pro     5.0  3.0 | vel_plane    0.0055703     0.0060266       1.082
   1.0   0.0417   1.0  pro    50.0  1.0 | pos_range       1463.2        1463.2       1.000
   1.0   0.0417   1.0  pro    50.0  1.0 | pos_inplane       24.965         8.218       0.329
   1.0   0.0417   1.0  pro    50.0  1.0 | pos_plane       8.2164         8.218       1.000
   1.0   0.0417   1.0  pro    50.0  1.0 | vel_range     0.022091      0.030585       1.384
   1.0   0.0417   1.0  pro    50.0  1.0 | vel_inplane       1.5696        1.6215       1.033
   1.0   0.0417   1.0  pro    50.0  1.0 | vel_plane      0.15786       0.16244       1.029
   1.0   0.0417   1.0  pro    50.0  3.0 | pos_range       201.24        201.32       1.000
   1.0   0.0417   1.0  pro    50.0  3.0 | pos_inplane       10.623        5.7026       0.537
   1.0   0.0417   1.0  pro    50.0  3.0 | pos_plane       5.7064        5.7026       0.999
   1.0   0.0417   1.0  pro    50.0  3.0 | vel_range     0.011401      0.007489       0.657
   1.0   0.0417   1.0  pro    50.0  3.0 | vel_inplane      0.22362        0.2231       0.998
   1.0   0.0417   1.0  pro    50.0  3.0 | vel_plane     0.022969      0.023185       1.009
   1.0   0.2500   0.0    -     5.0  1.0 | pos_range       299.48        299.49       1.000
   1.0   0.2500   0.0    -     5.0  1.0 | pos_inplane       2.2232        2.1411       0.963
   1.0   0.2500   0.0    -     5.0  1.0 | pos_plane        2.352        2.1411       0.910
   1.0   0.2500   0.0    -     5.0  1.0 | vel_range     0.049827      0.054807       1.100
   1.0   0.2500   0.0    -     5.0  1.0 | vel_inplane      0.32537       0.32435       0.997
   1.0   0.2500   0.0    -     5.0  1.0 | vel_plane       1.9692        1.9764       1.004
   1.0   0.2500   0.0    -     5.0  3.0 | pos_range       138.23        138.24       1.000
   1.0   0.2500   0.0    -     5.0  3.0 | pos_inplane       1.1526        1.5873       1.377
   1.0   0.2500   0.0    -     5.0  3.0 | pos_plane       1.8611        1.5873       0.853
   1.0   0.2500   0.0    -     5.0  3.0 | vel_range     0.023217      0.025334       1.091
   1.0   0.2500   0.0    -     5.0  3.0 | vel_inplane      0.15003       0.14972       0.998
   1.0   0.2500   0.0    -     5.0  3.0 | vel_plane      0.91116       0.91224       1.001
   1.0   0.2500   0.0    -    50.0  1.0 | pos_range       2243.8        2243.8       1.000
   1.0   0.2500   0.0    -    50.0  1.0 | pos_inplane       10.187        8.2051       0.805
   1.0   0.2500   0.0    -    50.0  1.0 | pos_plane       8.6534        8.2051       0.948
   1.0   0.2500   0.0    -    50.0  1.0 | vel_range     0.022771      0.042593       1.870
   1.0   0.2500   0.0    -    50.0  1.0 | vel_inplane       2.4877        2.4865       1.000
   1.0   0.2500   0.0    -    50.0  1.0 | vel_plane       1.4705        1.4913       1.014
   1.0   0.2500   0.0    -    50.0  3.0 | pos_range       705.77        705.79       1.000
   1.0   0.2500   0.0    -    50.0  3.0 | pos_inplane       4.8379         5.159       1.066
   1.0   0.2500   0.0    -    50.0  3.0 | pos_plane       5.1973         5.159       0.993
   1.0   0.2500   0.0    -    50.0  3.0 | vel_range    0.0097695      0.014283       1.462
   1.0   0.2500   0.0    -    50.0  3.0 | vel_inplane      0.78226       0.78214       1.000
   1.0   0.2500   0.0    -    50.0  3.0 | vel_plane      0.46482       0.46911       1.009
   1.0   0.2500   1.0  nor     5.0  1.0 | pos_range       26.537        26.624       1.003
   1.0   0.2500   1.0  nor     5.0  1.0 | pos_inplane        2.098        2.1571       1.028
   1.0   0.2500   1.0  nor     5.0  1.0 | pos_plane       3.7907        2.1571       0.569
   1.0   0.2500   1.0  nor     5.0  1.0 | vel_range    0.0046117      0.005409       1.173
   1.0   0.2500   1.0  nor     5.0  1.0 | vel_inplane      0.02926      0.028839       0.986
   1.0   0.2500   1.0  nor     5.0  1.0 | vel_plane      0.18509       0.17514       0.946
   1.0   0.2500   1.0  nor     5.0  3.0 | pos_range       31.584        31.624       1.001
   1.0   0.2500   1.0  nor     5.0  3.0 | pos_inplane       1.1478        1.5777       1.374
   1.0   0.2500   1.0  nor     5.0  3.0 | pos_plane       2.3189        1.5777       0.680
   1.0   0.2500   1.0  nor     5.0  3.0 | vel_range    0.0052922     0.0060337       1.140
   1.0   0.2500   1.0  nor     5.0  3.0 | vel_inplane     0.033984      0.034251       1.008
   1.0   0.2500   1.0  nor     5.0  3.0 | vel_plane      0.20115       0.20845       1.036
   1.0   0.2500   1.0  nor    50.0  1.0 | pos_range       1046.6        1046.7       1.000
   1.0   0.2500   1.0  nor    50.0  1.0 | pos_inplane       9.8028        8.2173       0.838
   1.0   0.2500   1.0  nor    50.0  1.0 | pos_plane       15.405        8.2173       0.533
   1.0   0.2500   1.0  nor    50.0  1.0 | vel_range     0.012955      0.021441       1.655
   1.0   0.2500   1.0  nor    50.0  1.0 | vel_inplane       1.1615        1.1599       0.999
   1.0   0.2500   1.0  nor    50.0  1.0 | vel_plane      0.69722       0.69569       0.998
   1.0   0.2500   1.0  nor    50.0  3.0 | pos_range       509.07         509.1       1.000
   1.0   0.2500   1.0  nor    50.0  3.0 | pos_inplane       4.7197        5.1493       1.091
   1.0   0.2500   1.0  nor    50.0  3.0 | pos_plane       6.3838        5.1493       0.807
   1.0   0.2500   1.0  nor    50.0  3.0 | vel_range    0.0075833      0.011032       1.455
   1.0   0.2500   1.0  nor    50.0  3.0 | vel_inplane      0.56382       0.56417       1.001
   1.0   0.2500   1.0  nor    50.0  3.0 | vel_plane      0.33132       0.33839       1.021
   1.0   0.2500   1.0  pro     5.0  1.0 | pos_range       26.403        26.513       1.004
   1.0   0.2500   1.0  pro     5.0  1.0 | pos_inplane       3.1289        2.4156       0.772
   1.0   0.2500   1.0  pro     5.0  1.0 | pos_plane       2.6732        2.4156       0.904
   1.0   0.2500   1.0  pro     5.0  1.0 | vel_range    0.0027322     0.0055202       2.020
   1.0   0.2500   1.0  pro     5.0  1.0 | vel_inplane     0.021262      0.028719       1.351
   1.0   0.2500   1.0  pro     5.0  1.0 | vel_plane      0.15337       0.17426       1.136
   1.0   0.2500   1.0  pro     5.0  3.0 | pos_range       4.0664        4.5014       1.107
   1.0   0.2500   1.0  pro     5.0  3.0 | pos_inplane       2.2076        1.9305       0.875
   1.0   0.2500   1.0  pro     5.0  3.0 | pos_plane       1.9915        1.9305       0.969
   1.0   0.2500   1.0  pro     5.0  3.0 | vel_range     0.001915     0.0022655       1.183
   1.0   0.2500   1.0  pro     5.0  3.0 | vel_inplane    0.0038055     0.0048964       1.287
   1.0   0.2500   1.0  pro     5.0  3.0 | vel_plane     0.022171      0.026921       1.214
   1.0   0.2500   1.0  pro    50.0  1.0 | pos_range       1262.2        1262.3       1.000
   1.0   0.2500   1.0  pro    50.0  1.0 | pos_inplane       21.467        8.7387       0.407
   1.0   0.2500   1.0  pro    50.0  1.0 | pos_plane        9.314        8.7387       0.938
   1.0   0.2500   1.0  pro    50.0  1.0 | vel_range     0.015347      0.025333       1.651
   1.0   0.2500   1.0  pro    50.0  1.0 | vel_inplane       1.3541        1.3988       1.033
   1.0   0.2500   1.0  pro    50.0  1.0 | vel_plane      0.81686       0.83897       1.027
   1.0   0.2500   1.0  pro    50.0  3.0 | pos_range       138.09        138.22       1.001
   1.0   0.2500   1.0  pro    50.0  3.0 | pos_inplane       10.464        6.0028       0.574
   1.0   0.2500   1.0  pro    50.0  3.0 | pos_plane       6.0998        6.0028       0.984
   1.0   0.2500   1.0  pro    50.0  3.0 | vel_range     0.010134       0.00713       0.704
   1.0   0.2500   1.0  pro    50.0  3.0 | vel_inplane      0.15312       0.15318       1.000
   1.0   0.2500   1.0  pro    50.0  3.0 | vel_plane      0.10259      0.092021       0.897
   1.0   1.0000   0.0    -     5.0  1.0 | pos_range       68.359        68.473       1.002
   1.0   1.0000   0.0    -     5.0  1.0 | pos_inplane       3.3656        3.9379       1.170
   1.0   1.0000   0.0    -     5.0  1.0 | pos_plane       3.7519        3.9379       1.050
   1.0   1.0000   0.0    -     5.0  1.0 | vel_range     0.017668     0.0048696       0.276
   1.0   1.0000   0.0    -     5.0  1.0 | vel_inplane     0.074471      0.072408       0.972
   1.0   1.0000   0.0    -     5.0  1.0 | vel_plane       1.7517        1.8044       1.030
   1.0   1.0000   0.0    -     5.0  3.0 | pos_range       36.934        37.052       1.003
   1.0   1.0000   0.0    -     5.0  3.0 | pos_inplane       2.1584        2.9543       1.369
   1.0   1.0000   0.0    -     5.0  3.0 | pos_plane       3.0108        2.9543       0.981
   1.0   1.0000   0.0    -     5.0  3.0 | vel_range     0.009573     0.0034763       0.363
   1.0   1.0000   0.0    -     5.0  3.0 | vel_inplane     0.040019      0.039187       0.979
   1.0   1.0000   0.0    -     5.0  3.0 | vel_plane      0.94687       0.97493       1.030
   1.0   1.0000   0.0    -    50.0  1.0 | pos_range        840.5        840.58       1.000
   1.0   1.0000   0.0    -    50.0  1.0 | pos_inplane       12.778        12.006       0.940
   1.0   1.0000   0.0    -    50.0  1.0 | pos_plane       13.116        12.006       0.915
   1.0   1.0000   0.0    -    50.0  1.0 | vel_range     0.032417      0.013578       0.419
   1.0   1.0000   0.0    -    50.0  1.0 | vel_inplane      0.93174       0.93137       1.000
   1.0   1.0000   0.0    -    50.0  1.0 | vel_plane       2.1863        2.2344       1.022
   1.0   1.0000   0.0    -    50.0  3.0 | pos_range       384.08        384.15       1.000
   1.0   1.0000   0.0    -    50.0  3.0 | pos_inplane       4.7701        7.3682       1.545
   1.0   1.0000   0.0    -    50.0  3.0 | pos_plane       7.8047        7.3682       0.944
   1.0   1.0000   0.0    -    50.0  3.0 | vel_range      0.01283     0.0082598       0.644
   1.0   1.0000   0.0    -    50.0  3.0 | vel_inplane      0.42555       0.42564       1.000
   1.0   1.0000   0.0    -    50.0  3.0 | vel_plane       1.0134        1.0211       1.008
   1.0   1.0000   1.0  nor     5.0  1.0 | pos_range       35.383        35.603       1.006
   1.0   1.0000   1.0  nor     5.0  1.0 | pos_inplane       3.3352        3.9575       1.187
   1.0   1.0000   1.0  nor     5.0  1.0 | pos_plane       4.6437        3.9575       0.852
   1.0   1.0000   1.0  nor     5.0  1.0 | vel_range    0.0099117     0.0045269       0.457
   1.0   1.0000   1.0  nor     5.0  1.0 | vel_inplane     0.038882      0.037666       0.969
   1.0   1.0000   1.0  nor     5.0  1.0 | vel_plane      0.91819       0.93398       1.017
   1.0   1.0000   1.0  nor     5.0  3.0 | pos_range       35.735        35.857       1.003
   1.0   1.0000   1.0  nor     5.0  3.0 | pos_inplane       2.1543        2.9489       1.369
   1.0   1.0000   1.0  nor     5.0  3.0 | pos_plane       2.9244        2.9489       1.008
   1.0   1.0000   1.0  nor     5.0  3.0 | vel_range    0.0091424     0.0034581       0.378
   1.0   1.0000   1.0  nor     5.0  3.0 | vel_inplane     0.038615      0.037924       0.982
   1.0   1.0000   1.0  nor     5.0  3.0 | vel_plane      0.90634       0.94328       1.041
   1.0   1.0000   1.0  nor    50.0  1.0 | pos_range       708.49         708.6       1.000
   1.0   1.0000   1.0  nor    50.0  1.0 | pos_inplane       12.502        12.027       0.962
   1.0   1.0000   1.0  nor    50.0  1.0 | pos_plane       16.042        12.027       0.750
   1.0   1.0000   1.0  nor    50.0  1.0 | vel_range     0.028099      0.013524       0.481
   1.0   1.0000   1.0  nor    50.0  1.0 | vel_inplane      0.78639       0.78513       0.998
   1.0   1.0000   1.0  nor    50.0  1.0 | vel_plane       1.8608        1.8835       1.012
   1.0   1.0000   1.0  nor    50.0  3.0 | pos_range       376.92        376.99       1.000
   1.0   1.0000   1.0  nor    50.0  3.0 | pos_inplane        4.748         7.354       1.549
   1.0   1.0000   1.0  nor    50.0  3.0 | pos_plane       7.4655         7.354       0.985
   1.0   1.0000   1.0  nor    50.0  3.0 | vel_range     0.012639     0.0082409       0.652
   1.0   1.0000   1.0  nor    50.0  3.0 | vel_inplane      0.41737       0.41771       1.001
   1.0   1.0000   1.0  nor    50.0  3.0 | vel_plane      0.99019         1.002       1.012
   1.0   1.0000   1.0  pro     5.0  1.0 | pos_range       40.729        40.958       1.006
   1.0   1.0000   1.0  pro     5.0  1.0 | pos_inplane       4.1732        4.3264       1.037
   1.0   1.0000   1.0  pro     5.0  1.0 | pos_plane       3.9868        4.3264       1.085
   1.0   1.0000   1.0  pro     5.0  1.0 | vel_range     0.013686     0.0049653       0.363
   1.0   1.0000   1.0  pro     5.0  1.0 | vel_inplane     0.032978      0.043328       1.314
   1.0   1.0000   1.0  pro     5.0  1.0 | vel_plane      0.94371        1.0751       1.139
   1.0   1.0000   1.0  pro     5.0  3.0 | pos_range       6.7559        7.5902       1.123
   1.0   1.0000   1.0  pro     5.0  3.0 | pos_inplane       3.3338        3.4595       1.038
   1.0   1.0000   1.0  pro     5.0  3.0 | pos_plane       3.2822        3.4595       1.054
   1.0   1.0000   1.0  pro     5.0  3.0 | vel_range    0.0025606     0.0038409       1.500
   1.0   1.0000   1.0  pro     5.0  3.0 | vel_inplane    0.0063841     0.0081074       1.270
   1.0   1.0000   1.0  pro     5.0  3.0 | vel_plane      0.12567       0.17837       1.419
   1.0   1.0000   1.0  pro    50.0  1.0 | pos_range       802.46        802.56       1.000
   1.0   1.0000   1.0  pro    50.0  1.0 | pos_inplane       15.367        12.534       0.816
   1.0   1.0000   1.0  pro    50.0  1.0 | pos_plane       13.721        12.534       0.914
   1.0   1.0000   1.0  pro    50.0  1.0 | vel_range     0.031783       0.01413       0.445
   1.0   1.0000   1.0  pro    50.0  1.0 | vel_inplane      0.86174       0.88923       1.032
   1.0   1.0000   1.0  pro    50.0  1.0 | vel_plane       2.0667        2.1333       1.032
   1.0   1.0000   1.0  pro    50.0  3.0 | pos_range       126.71        126.98       1.002
   1.0   1.0000   1.0  pro    50.0  3.0 | pos_inplane       10.815         8.261       0.764
   1.0   1.0000   1.0  pro    50.0  3.0 | pos_plane       8.9034         8.261       0.928
   1.0   1.0000   1.0  pro    50.0  3.0 | vel_range    0.0060858     0.0091664       1.506
   1.0   1.0000   1.0  pro    50.0  3.0 | vel_inplane      0.14074       0.14069       1.000
   1.0   1.0000   1.0  pro    50.0  3.0 | vel_plane      0.38877       0.33697       0.867
   2.0   0.0000   0.0    -     5.0  1.0 | pos_range       1252.4        1252.4       1.000
   2.0   0.0000   0.0    -     5.0  1.0 | pos_inplane       2.1721        1.3213       0.608
   2.0   0.0000   0.0    -     5.0  1.0 | pos_plane       1.2954        1.3213       1.020
   2.0   0.0000   0.0    -     5.0  1.0 | vel_range      0.47293       0.47345       1.001
   2.0   0.0000   0.0    -     5.0  1.0 | vel_inplane       1.2769        1.2742       0.998
   2.0   0.0000   0.0    -     5.0  1.0 | vel_plane    0.0015578     0.0014647       0.940
   2.0   0.0000   0.0    -     5.0  3.0 | pos_range       189.61        189.61       1.000
   2.0   0.0000   0.0    -     5.0  3.0 | pos_inplane       1.7019         1.178       0.692
   2.0   0.0000   0.0    -     5.0  3.0 | pos_plane       1.1576         1.178       1.018
   2.0   0.0000   0.0    -     5.0  3.0 | vel_range     0.071555      0.071692       1.002
   2.0   0.0000   0.0    -     5.0  3.0 | vel_inplane       0.1935       0.19292       0.997
   2.0   0.0000   0.0    -     5.0  3.0 | vel_plane    0.0013715     0.0013059       0.952
   2.0   0.0000   0.0    -    50.0  1.0 | pos_range        12275         12275       1.000
   2.0   0.0000   0.0    -    50.0  1.0 | pos_inplane       16.988        8.0331       0.473
   2.0   0.0000   0.0    -    50.0  1.0 | pos_plane        8.004        8.0331       1.004
   2.0   0.0000   0.0    -    50.0  1.0 | vel_range      0.40968        0.4907       1.198
   2.0   0.0000   0.0    -    50.0  1.0 | vel_inplane        13.61        13.594       0.999
   2.0   0.0000   0.0    -    50.0  1.0 | vel_plane    0.0089466     0.0089047       0.995
   2.0   0.0000   0.0    -    50.0  3.0 | pos_range         1711          1711       1.000
   2.0   0.0000   0.0    -    50.0  3.0 | pos_inplane       8.9184        5.4371       0.610
   2.0   0.0000   0.0    -    50.0  3.0 | pos_plane       5.4274        5.4371       1.002
   2.0   0.0000   0.0    -    50.0  3.0 | vel_range     0.055479      0.068651       1.237
   2.0   0.0000   0.0    -    50.0  3.0 | vel_inplane       1.8974        1.8948       0.999
   2.0   0.0000   0.0    -    50.0  3.0 | vel_plane    0.0060429     0.0060271       0.997
   2.0   0.0000   1.0  nor     5.0  1.0 | pos_range       18.444        18.491       1.003
   2.0   0.0000   1.0  nor     5.0  1.0 | pos_inplane       1.7556        1.3226       0.753
   2.0   0.0000   1.0  nor     5.0  1.0 | pos_plane       2.0628        1.3226       0.641
   2.0   0.0000   1.0  nor     5.0  1.0 | vel_range    0.0070639      0.007125       1.009
   2.0   0.0000   1.0  nor     5.0  1.0 | vel_inplane     0.018807      0.018823       1.001
   2.0   0.0000   1.0  nor     5.0  1.0 | vel_plane    0.0021476     0.0014661       0.683
   2.0   0.0000   1.0  nor     5.0  3.0 | pos_range        15.81        15.854       1.003
   2.0   0.0000   1.0  nor     5.0  3.0 | pos_inplane       1.6587        1.1783       0.710
   2.0   0.0000   1.0  nor     5.0  3.0 | pos_plane       1.2969        1.1783       0.909
   2.0   0.0000   1.0  nor     5.0  3.0 | vel_range    0.0060428     0.0061177       1.012
   2.0   0.0000   1.0  nor     5.0  3.0 | vel_inplane     0.016368      0.016138       0.986
   2.0   0.0000   1.0  nor     5.0  3.0 | vel_plane    0.0017131     0.0013062       0.762
   2.0   0.0000   1.0  nor    50.0  1.0 | pos_range       1258.4        1258.4       1.000
   2.0   0.0000   1.0  nor    50.0  1.0 | pos_inplane       10.129        8.0335       0.793
   2.0   0.0000   1.0  nor    50.0  1.0 | pos_plane       17.843        8.0335       0.450
   2.0   0.0000   1.0  nor    50.0  1.0 | vel_range     0.042975      0.051079       1.189
   2.0   0.0000   1.0  nor    50.0  1.0 | vel_inplane       1.3952        1.3936       0.999
   2.0   0.0000   1.0  nor    50.0  1.0 | vel_plane     0.013322     0.0089052       0.668
   2.0   0.0000   1.0  nor    50.0  3.0 | pos_range       689.24        689.26       1.000
   2.0   0.0000   1.0  nor    50.0  3.0 | pos_inplane         7.42        5.4374       0.733
   2.0   0.0000   1.0  nor    50.0  3.0 | pos_plane        7.281        5.4374       0.747
   2.0   0.0000   1.0  nor    50.0  3.0 | vel_range     0.022989      0.028199       1.227
   2.0   0.0000   1.0  nor    50.0  3.0 | vel_inplane      0.76429       0.76329       0.999
   2.0   0.0000   1.0  nor    50.0  3.0 | vel_plane    0.0097596     0.0060274       0.618
   2.0   0.0000   1.0  pro     5.0  1.0 | pos_range       30.542        30.576       1.001
   2.0   0.0000   1.0  pro     5.0  1.0 | pos_inplane       2.9239        1.4274       0.488
   2.0   0.0000   1.0  pro     5.0  1.0 | pos_plane       1.4085        1.4274       1.013
   2.0   0.0000   1.0  pro     5.0  1.0 | vel_range    0.0083306      0.011654       1.399
   2.0   0.0000   1.0  pro     5.0  1.0 | vel_inplane     0.023069      0.031115       1.349
   2.0   0.0000   1.0  pro     5.0  1.0 | vel_plane    0.0016927     0.0015823       0.935
   2.0   0.0000   1.0  pro     5.0  3.0 | pos_range       9.6375        9.7213       1.009
   2.0   0.0000   1.0  pro     5.0  3.0 | pos_inplane       1.8591        1.2738       0.685
   2.0   0.0000   1.0  pro     5.0  3.0 | pos_plane       1.2573        1.2738       1.013
   2.0   0.0000   1.0  pro     5.0  3.0 | vel_range     0.004249     0.0039074       0.920
   2.0   0.0000   1.0  pro     5.0  3.0 | vel_inplane    0.0095659     0.0099066       1.036
   2.0   0.0000   1.0  pro     5.0  3.0 | vel_plane    0.0014945      0.001412       0.945
   2.0   0.0000   1.0  pro    50.0  1.0 | pos_range       1604.9        1604.9       1.000
   2.0   0.0000   1.0  pro    50.0  1.0 | pos_inplane       25.654        8.5365       0.333
   2.0   0.0000   1.0  pro    50.0  1.0 | pos_plane       8.4977        8.5365       1.005
   2.0   0.0000   1.0  pro    50.0  1.0 | vel_range     0.053327      0.064838       1.216
   2.0   0.0000   1.0  pro    50.0  1.0 | vel_inplane       1.7216        1.7773       1.032
   2.0   0.0000   1.0  pro    50.0  1.0 | vel_plane     0.009542     0.0094627       0.992
   2.0   0.0000   1.0  pro    50.0  3.0 | pos_range       241.05        241.12       1.000
   2.0   0.0000   1.0  pro    50.0  3.0 | pos_inplane        11.08        6.1539       0.555
   2.0   0.0000   1.0  pro    50.0  3.0 | pos_plane       6.1488        6.1539       1.001
   2.0   0.0000   1.0  pro    50.0  3.0 | vel_range     0.016289      0.011805       0.725
   2.0   0.0000   1.0  pro    50.0  3.0 | vel_inplane      0.26754       0.26702       0.998
   2.0   0.0000   1.0  pro    50.0  3.0 | vel_plane    0.0068412     0.0068216       0.997
   2.0   0.0075   0.0    -     5.0  1.0 | pos_range       1216.2        1216.3       1.000
   2.0   0.0075   0.0    -     5.0  1.0 | pos_inplane       2.1564         1.325       0.614
   2.0   0.0075   0.0    -     5.0  1.0 | pos_plane       1.3027         1.325       1.017
   2.0   0.0075   0.0    -     5.0  1.0 | vel_range      0.45923       0.45978       1.001
   2.0   0.0075   0.0    -     5.0  1.0 | vel_inplane       1.2401        1.2374       0.998
   2.0   0.0075   0.0    -     5.0  1.0 | vel_plane      0.23635       0.23653       1.001
   2.0   0.0075   0.0    -     5.0  3.0 | pos_range       188.72        188.72       1.000
   2.0   0.0075   0.0    -     5.0  3.0 | pos_inplane       1.6948        1.1807       0.697
   2.0   0.0075   0.0    -     5.0  3.0 | pos_plane       1.1625        1.1807       1.016
   2.0   0.0075   0.0    -     5.0  3.0 | vel_range     0.071206      0.071352       1.002
   2.0   0.0075   0.0    -     5.0  3.0 | vel_inplane      0.19257       0.19201       0.997
   2.0   0.0075   0.0    -     5.0  3.0 | vel_plane     0.036605      0.036722       1.003
   2.0   0.0075   0.0    -    50.0  1.0 | pos_range        11881         11881       1.000
   2.0   0.0075   0.0    -    50.0  1.0 | pos_inplane       16.649        8.0336       0.483
   2.0   0.0075   0.0    -    50.0  1.0 | pos_plane       8.0195        8.0336       1.002
   2.0   0.0075   0.0    -    50.0  1.0 | vel_range      0.39644       0.47491       1.198
   2.0   0.0075   0.0    -    50.0  1.0 | vel_inplane       13.172        13.157       0.999
   2.0   0.0075   0.0    -    50.0  1.0 | vel_plane      0.23367       0.23772       1.017
   2.0   0.0075   0.0    -    50.0  3.0 | pos_range       1681.5        1681.5       1.000
   2.0   0.0075   0.0    -    50.0  3.0 | pos_inplane       8.8258        5.4374       0.616
   2.0   0.0075   0.0    -    50.0  3.0 | pos_plane       5.4282        5.4374       1.002
   2.0   0.0075   0.0    -    50.0  3.0 | vel_range     0.054552      0.067475       1.237
   2.0   0.0075   0.0    -    50.0  3.0 | vel_inplane       1.8646        1.8621       0.999
   2.0   0.0075   0.0    -    50.0  3.0 | vel_plane     0.032292      0.034159       1.058
   2.0   0.0075   1.0  nor     5.0  1.0 | pos_range       18.369        18.417       1.003
   2.0   0.0075   1.0  nor     5.0  1.0 | pos_inplane       1.7573         1.328       0.756
   2.0   0.0075   1.0  nor     5.0  1.0 | pos_plane       2.0703         1.328       0.641
   2.0   0.0075   1.0  nor     5.0  1.0 | vel_range    0.0070247     0.0070982       1.010
   2.0   0.0075   1.0  nor     5.0  1.0 | vel_inplane     0.018753      0.018747       1.000
   2.0   0.0075   1.0  nor     5.0  1.0 | vel_plane    0.0052451     0.0038636       0.737
   2.0   0.0075   1.0  nor     5.0  3.0 | pos_range       15.419        15.464       1.003
   2.0   0.0075   1.0  nor     5.0  3.0 | pos_inplane       1.6573        1.1805       0.712
   2.0   0.0075   1.0  nor     5.0  3.0 | pos_plane       1.3024        1.1805       0.906
   2.0   0.0075   1.0  nor     5.0  3.0 | vel_range    0.0058272     0.0059739       1.025
   2.0   0.0075   1.0  nor     5.0  3.0 | vel_inplane     0.015816      0.015742       0.995
   2.0   0.0075   1.0  nor     5.0  3.0 | vel_plane    0.0023562     0.0032716       1.389
   2.0   0.0075   1.0  nor    50.0  1.0 | pos_range       1249.1        1249.1       1.000
   2.0   0.0075   1.0  nor    50.0  1.0 | pos_inplane       10.128        8.0344       0.793
   2.0   0.0075   1.0  nor    50.0  1.0 | pos_plane       17.696        8.0344       0.454
   2.0   0.0075   1.0  nor    50.0  1.0 | vel_range     0.042637      0.050709       1.189
   2.0   0.0075   1.0  nor    50.0  1.0 | vel_inplane       1.3848        1.3832       0.999
   2.0   0.0075   1.0  nor    50.0  1.0 | vel_plane     0.035489      0.026516       0.747
   2.0   0.0075   1.0  nor    50.0  3.0 | pos_range       662.02        662.04       1.000
   2.0   0.0075   1.0  nor    50.0  3.0 | pos_inplane       7.3622        5.4374       0.739
   2.0   0.0075   1.0  nor    50.0  3.0 | pos_plane       7.1782        5.4374       0.757
   2.0   0.0075   1.0  nor    50.0  3.0 | vel_range     0.022171      0.027137       1.224
   2.0   0.0075   1.0  nor    50.0  3.0 | vel_inplane      0.73406       0.73315       0.999
   2.0   0.0075   1.0  nor    50.0  3.0 | vel_plane    0.0079099      0.014545       1.839
   2.0   0.0075   1.0  pro     5.0  1.0 | pos_range       30.471        30.505       1.001
   2.0   0.0075   1.0  pro     5.0  1.0 | pos_inplane       2.9201        1.4319       0.490
   2.0   0.0075   1.0  pro     5.0  1.0 | pos_plane       1.4212        1.4319       1.008
   2.0   0.0075   1.0  pro     5.0  1.0 | vel_range    0.0083092      0.011628       1.399
   2.0   0.0075   1.0  pro     5.0  1.0 | vel_inplane     0.023016      0.031043       1.349
   2.0   0.0075   1.0  pro     5.0  1.0 | vel_plane    0.0053525     0.0061345       1.146
   2.0   0.0075   1.0  pro     5.0  3.0 | pos_range       9.4959        9.5814       1.009
   2.0   0.0075   1.0  pro     5.0  3.0 | pos_inplane       1.8605        1.2771       0.686
   2.0   0.0075   1.0  pro     5.0  3.0 | pos_plane        1.263        1.2771       1.011
   2.0   0.0075   1.0  pro     5.0  3.0 | vel_range    0.0041787     0.0038588       0.923
   2.0   0.0075   1.0  pro     5.0  3.0 | vel_inplane     0.009414     0.0097645       1.037
   2.0   0.0075   1.0  pro     5.0  3.0 | vel_plane    0.0022755     0.0023269       1.023
   2.0   0.0075   1.0  pro    50.0  1.0 | pos_range       1604.2        1604.2       1.000
   2.0   0.0075   1.0  pro    50.0  1.0 | pos_inplane       25.644         8.537       0.333
   2.0   0.0075   1.0  pro    50.0  1.0 | pos_plane       8.4994         8.537       1.004
   2.0   0.0075   1.0  pro    50.0  1.0 | vel_range     0.053296      0.064808       1.216
   2.0   0.0075   1.0  pro    50.0  1.0 | vel_inplane       1.7209        1.7765       1.032
   2.0   0.0075   1.0  pro    50.0  1.0 | vel_plane     0.032576      0.033443       1.027
   2.0   0.0075   1.0  pro    50.0  3.0 | pos_range       240.44        240.52       1.000
   2.0   0.0075   1.0  pro    50.0  3.0 | pos_inplane       11.078        6.1542       0.556
   2.0   0.0075   1.0  pro    50.0  3.0 | pos_plane       6.1493        6.1542       1.001
   2.0   0.0075   1.0  pro    50.0  3.0 | vel_range     0.016265      0.011785       0.725
   2.0   0.0075   1.0  pro    50.0  3.0 | vel_inplane      0.26686       0.26635       0.998
   2.0   0.0075   1.0  pro    50.0  3.0 | vel_plane    0.0082635     0.0083458       1.010
   2.0   0.0417   0.0    -     5.0  1.0 | pos_range       877.33        877.33       1.000
   2.0   0.0417   0.0    -     5.0  1.0 | pos_inplane       2.0683        1.4195       0.686
   2.0   0.0417   0.0    -     5.0  1.0 | pos_plane       1.4791        1.4195       0.960
   2.0   0.0417   0.0    -     5.0  1.0 | vel_range       0.3303       0.33133       1.003
   2.0   0.0417   0.0    -     5.0  1.0 | vel_inplane      0.89448       0.89254       0.998
   2.0   0.0417   0.0    -     5.0  1.0 | vel_plane      0.94502       0.94563       1.001
   2.0   0.0417   0.0    -     5.0  3.0 | pos_range       177.48        177.48       1.000
   2.0   0.0417   0.0    -     5.0  3.0 | pos_inplane       1.5993        1.2493       0.781
   2.0   0.0417   0.0    -     5.0  3.0 | pos_plane       1.2715        1.2493       0.983
   2.0   0.0417   0.0    -     5.0  3.0 | vel_range     0.066792      0.067041       1.004
   2.0   0.0417   0.0    -     5.0  3.0 | vel_inplane      0.18096       0.18056       0.998
   2.0   0.0417   0.0    -     5.0  3.0 | vel_plane      0.19097        0.1913       1.002
   2.0   0.0417   0.0    -    50.0  1.0 | pos_range       7107.6        7107.7       1.000
   2.0   0.0417   0.0    -    50.0  1.0 | pos_inplane       13.012        8.0494       0.619
   2.0   0.0417   0.0    -    50.0  1.0 | pos_plane       8.1798        8.0494       0.984
   2.0   0.0417   0.0    -    50.0  1.0 | vel_range      0.23604       0.28393       1.203
   2.0   0.0417   0.0    -    50.0  1.0 | vel_inplane       7.8805         7.871       0.999
   2.0   0.0417   0.0    -    50.0  1.0 | vel_plane       0.7745       0.78776       1.017
   2.0   0.0417   0.0    -    50.0  3.0 | pos_range       1227.6        1227.6       1.000
   2.0   0.0417   0.0    -    50.0  3.0 | pos_inplane       7.4804        5.4459       0.728
   2.0   0.0417   0.0    -    50.0  3.0 | pos_plane       5.4445        5.4459       1.000
   2.0   0.0417   0.0    -    50.0  3.0 | vel_range      0.04036      0.049384       1.224
   2.0   0.0417   0.0    -    50.0  3.0 | vel_inplane        1.361        1.3594       0.999
   2.0   0.0417   0.0    -    50.0  3.0 | vel_plane      0.12948       0.13618       1.052
   2.0   0.0417   1.0  nor     5.0  1.0 | pos_range       19.053        19.107       1.003
   2.0   0.0417   1.0  nor     5.0  1.0 | pos_inplane       1.8071        1.4284       0.790
   2.0   0.0417   1.0  nor     5.0  1.0 | pos_plane       2.2878        1.4284       0.624
   2.0   0.0417   1.0  nor     5.0  1.0 | vel_range    0.0072077     0.0073678       1.022
   2.0   0.0417   1.0  nor     5.0  1.0 | vel_inplane     0.019582      0.019448       0.993
   2.0   0.0417   1.0  nor     5.0  1.0 | vel_plane     0.022337      0.020598       0.922
   2.0   0.0417   1.0  nor     5.0  3.0 | pos_range       19.009         19.05       1.002
   2.0   0.0417   1.0  nor     5.0  3.0 | pos_inplane       1.6022        1.2469       0.778
   2.0   0.0417   1.0  nor     5.0  3.0 | pos_plane       1.4611        1.2469       0.853
   2.0   0.0417   1.0  nor     5.0  3.0 | vel_range    0.0069818     0.0073108       1.047
   2.0   0.0417   1.0  nor     5.0  3.0 | vel_inplane     0.018988      0.019388       1.021
   2.0   0.0417   1.0  nor     5.0  3.0 | vel_plane     0.019207      0.020535       1.069
   2.0   0.0417   1.0  nor    50.0  1.0 | pos_range       1203.4        1203.4       1.000
   2.0   0.0417   1.0  nor    50.0  1.0 | pos_inplane       10.136         8.052       0.794
   2.0   0.0417   1.0  nor    50.0  1.0 | pos_plane       17.037         8.052       0.473
   2.0   0.0417   1.0  nor    50.0  1.0 | vel_range     0.040837      0.048872       1.197
   2.0   0.0417   1.0  nor    50.0  1.0 | vel_inplane       1.3344        1.3327       0.999
   2.0   0.0417   1.0  nor    50.0  1.0 | vel_plane      0.14095       0.13367       0.948
   2.0   0.0417   1.0  nor    50.0  3.0 | pos_range       560.65        560.68       1.000
   2.0   0.0417   1.0  nor    50.0  3.0 | pos_inplane       6.9934        5.4445       0.779
   2.0   0.0417   1.0  nor    50.0  3.0 | pos_plane       6.8051        5.4445       0.800
   2.0   0.0417   1.0  nor    50.0  3.0 | vel_range     0.019242      0.023185       1.205
   2.0   0.0417   1.0  nor    50.0  3.0 | vel_inplane      0.62141       0.62089       0.999
   2.0   0.0417   1.0  nor    50.0  3.0 | vel_plane     0.053452      0.062427       1.168
   2.0   0.0417   1.0  pro     5.0  1.0 | pos_range       29.126        29.167       1.001
   2.0   0.0417   1.0  pro     5.0  1.0 | pos_inplane       2.8518        1.5454       0.542
   2.0   0.0417   1.0  pro     5.0  1.0 | pos_plane       1.6928        1.5454       0.913
   2.0   0.0417   1.0  pro     5.0  1.0 | vel_range    0.0078719      0.011132       1.414
   2.0   0.0417   1.0  pro     5.0  1.0 | vel_inplane     0.022009       0.02968       1.349
   2.0   0.0417   1.0  pro     5.0  1.0 | vel_plane     0.026991       0.03144       1.165
   2.0   0.0417   1.0  pro     5.0  3.0 | pos_range       7.4884        7.6112       1.016
   2.0   0.0417   1.0  pro     5.0  3.0 | pos_inplane       1.9066        1.3617       0.714
   2.0   0.0417   1.0  pro     5.0  3.0 | pos_plane       1.3874        1.3617       0.982
   2.0   0.0417   1.0  pro     5.0  3.0 | vel_range    0.0032531     0.0032057       0.985
   2.0   0.0417   1.0  pro     5.0  3.0 | vel_inplane    0.0072593     0.0077663       1.070
   2.0   0.0417   1.0  pro     5.0  3.0 | vel_plane    0.0076515     0.0082112       1.073
   2.0   0.0417   1.0  pro    50.0  1.0 | pos_range       1584.8        1584.8       1.000
   2.0   0.0417   1.0  pro    50.0  1.0 | pos_inplane       25.346        8.5526       0.337
   2.0   0.0417   1.0  pro    50.0  1.0 | pos_plane       8.5484        8.5526       1.000
   2.0   0.0417   1.0  pro    50.0  1.0 | vel_range     0.052428      0.063983       1.220
   2.0   0.0417   1.0  pro    50.0  1.0 | vel_inplane       1.7001         1.755       1.032
   2.0   0.0417   1.0  pro    50.0  1.0 | vel_plane      0.17084       0.17589       1.030
   2.0   0.0417   1.0  pro    50.0  3.0 | pos_range        225.3        225.38       1.000
   2.0   0.0417   1.0  pro    50.0  3.0 | pos_inplane       11.034        6.1632       0.559
   2.0   0.0417   1.0  pro    50.0  3.0 | pos_plane       6.1637        6.1632       1.000
   2.0   0.0417   1.0  pro    50.0  3.0 | vel_range     0.015689      0.011296       0.720
   2.0   0.0417   1.0  pro    50.0  3.0 | vel_inplane      0.24995       0.24959       0.999
   2.0   0.0417   1.0  pro    50.0  3.0 | vel_plane     0.025336      0.025887       1.022
   2.0   0.2500   0.0    -     5.0  1.0 | pos_range       286.19         286.2       1.000
   2.0   0.2500   0.0    -     5.0  1.0 | pos_inplane       2.5925        2.4017       0.926
   2.0   0.2500   0.0    -     5.0  1.0 | pos_plane       2.6958        2.4017       0.891
   2.0   0.2500   0.0    -     5.0  1.0 | vel_range      0.09979        0.1043       1.045
   2.0   0.2500   0.0    -     5.0  1.0 | vel_inplane       0.2922       0.29025       0.993
   2.0   0.2500   0.0    -     5.0  1.0 | vel_plane        1.846        1.8496       1.002
   2.0   0.2500   0.0    -     5.0  3.0 | pos_range       112.73        112.74       1.000
   2.0   0.2500   0.0    -     5.0  3.0 | pos_inplane       1.6386        1.9409       1.185
   2.0   0.2500   0.0    -     5.0  3.0 | pos_plane       2.2431        1.9409       0.865
   2.0   0.2500   0.0    -     5.0  3.0 | vel_range     0.039457      0.041126       1.042
   2.0   0.2500   0.0    -     5.0  3.0 | vel_inplane      0.11488       0.11434       0.995
   2.0   0.2500   0.0    -     5.0  3.0 | vel_plane      0.72825       0.72854       1.000
   2.0   0.2500   0.0    -    50.0  1.0 | pos_range       2161.7        2161.7       1.000
   2.0   0.2500   0.0    -    50.0  1.0 | pos_inplane       11.148        8.5651       0.768
   2.0   0.2500   0.0    -    50.0  1.0 | pos_plane       8.9117        8.5651       0.961
   2.0   0.2500   0.0    -    50.0  1.0 | vel_range     0.063383      0.083804       1.322
   2.0   0.2500   0.0    -    50.0  1.0 | vel_inplane       2.3965        2.3938       0.999
   2.0   0.2500   0.0    -    50.0  1.0 | vel_plane       1.4162        1.4365       1.014
   2.0   0.2500   0.0    -    50.0  3.0 | pos_range       627.01        627.04       1.000
   2.0   0.2500   0.0    -    50.0  3.0 | pos_inplane       5.4515        5.7247       1.050
   2.0   0.2500   0.0    -    50.0  3.0 | pos_plane       5.7877        5.7247       0.989
   2.0   0.2500   0.0    -    50.0  3.0 | vel_range     0.020574      0.024971       1.214
   2.0   0.2500   0.0    -    50.0  3.0 | vel_inplane      0.69468       0.69436       1.000
   2.0   0.2500   0.0    -    50.0  3.0 | vel_plane      0.41182       0.41671       1.012
   2.0   0.2500   1.0  nor     5.0  1.0 | pos_range       29.051        29.151       1.003
   2.0   0.2500   1.0  nor     5.0  1.0 | pos_inplane       2.4427        2.4141       0.988
   2.0   0.2500   1.0  nor     5.0  1.0 | pos_plane       3.8066        2.4141       0.634
   2.0   0.2500   1.0  nor     5.0  1.0 | vel_range     0.010156      0.010917       1.075
   2.0   0.2500   1.0  nor     5.0  1.0 | vel_inplane     0.030197      0.029583       0.980
   2.0   0.2500   1.0  nor     5.0  1.0 | vel_plane       0.1968       0.18777       0.954
   2.0   0.2500   1.0  nor     5.0  3.0 | pos_range       40.166        40.213       1.001
   2.0   0.2500   1.0  nor     5.0  3.0 | pos_inplane       1.6376        1.9332       1.181
   2.0   0.2500   1.0  nor     5.0  3.0 | pos_plane       2.5115        1.9332       0.770
   2.0   0.2500   1.0  nor     5.0  3.0 | vel_range      0.01389       0.01479       1.065
   2.0   0.2500   1.0  nor     5.0  3.0 | vel_inplane     0.040499       0.04079       1.007
   2.0   0.2500   1.0  nor     5.0  3.0 | vel_plane      0.25188        0.2596       1.031
   2.0   0.2500   1.0  nor    50.0  1.0 | pos_range       1040.5        1040.5       1.000
   2.0   0.2500   1.0  nor    50.0  1.0 | pos_inplane       10.495        8.5764       0.817
   2.0   0.2500   1.0  nor    50.0  1.0 | pos_plane       15.433        8.5764       0.556
   2.0   0.2500   1.0  nor    50.0  1.0 | vel_range     0.031313      0.041189       1.315
   2.0   0.2500   1.0  nor    50.0  1.0 | vel_inplane       1.1545        1.1522       0.998
   2.0   0.2500   1.0  nor    50.0  1.0 | vel_plane      0.69272       0.69147       0.998
   2.0   0.2500   1.0  nor    50.0  3.0 | pos_range       483.17         483.2       1.000
   2.0   0.2500   1.0  nor    50.0  3.0 | pos_inplane       5.4475        5.7165       1.049
   2.0   0.2500   1.0  nor    50.0  3.0 | pos_plane       6.5302        5.7165       0.875
   2.0   0.2500   1.0  nor    50.0  3.0 | vel_range     0.016008       0.01966       1.228
   2.0   0.2500   1.0  nor    50.0  3.0 | vel_inplane      0.53483       0.53508       1.000
   2.0   0.2500   1.0  nor    50.0  3.0 | vel_plane      0.31395       0.32114       1.023
   2.0   0.2500   1.0  pro     5.0  1.0 | pos_range        31.37        31.478       1.003
   2.0   0.2500   1.0  pro     5.0  1.0 | pos_inplane        3.217        2.6107       0.812
   2.0   0.2500   1.0  pro     5.0  1.0 | pos_plane       2.9042        2.6107       0.899
   2.0   0.2500   1.0  pro     5.0  1.0 | vel_range     0.007185       0.01179       1.641
   2.0   0.2500   1.0  pro     5.0  1.0 | vel_inplane      0.02375      0.031944       1.345
   2.0   0.2500   1.0  pro     5.0  1.0 | vel_plane      0.17784       0.20276       1.140
   2.0   0.2500   1.0  pro     5.0  3.0 | pos_range       4.9674         5.428       1.093
   2.0   0.2500   1.0  pro     5.0  3.0 | pos_inplane        2.506        2.1882       0.873
   2.0   0.2500   1.0  pro     5.0  3.0 | pos_plane       2.2452        2.1882       0.975
   2.0   0.2500   1.0  pro     5.0  3.0 | vel_range    0.0025463     0.0030264       1.189
   2.0   0.2500   1.0  pro     5.0  3.0 | vel_inplane    0.0043551     0.0055911       1.284
   2.0   0.2500   1.0  pro     5.0  3.0 | vel_plane     0.026668      0.032195       1.207
   2.0   0.2500   1.0  pro    50.0  1.0 | pos_range       1323.7        1323.8       1.000
   2.0   0.2500   1.0  pro    50.0  1.0 | pos_inplane       21.294        9.0615       0.426
   2.0   0.2500   1.0  pro    50.0  1.0 | pos_plane       9.6153        9.0615       0.942
   2.0   0.2500   1.0  pro    50.0  1.0 | vel_range     0.038811      0.051968       1.339
   2.0   0.2500   1.0  pro    50.0  1.0 | vel_inplane         1.42        1.4659       1.032
   2.0   0.2500   1.0  pro    50.0  1.0 | vel_plane      0.85595        0.8797       1.028
   2.0   0.2500   1.0  pro    50.0  3.0 | pos_range        148.4        148.54       1.001
   2.0   0.2500   1.0  pro    50.0  3.0 | pos_inplane       10.905        6.4594       0.592
   2.0   0.2500   1.0  pro    50.0  3.0 | pos_plane       6.5669        6.4594       0.984
   2.0   0.2500   1.0  pro    50.0  3.0 | vel_range     0.012963     0.0091621       0.707
   2.0   0.2500   1.0  pro    50.0  3.0 | vel_inplane      0.16398       0.16449       1.003
   2.0   0.2500   1.0  pro    50.0  3.0 | vel_plane      0.10795      0.098873       0.916
   2.0   1.0000   0.0    -     5.0  1.0 | pos_range       68.682        68.818       1.002
   2.0   1.0000   0.0    -     5.0  1.0 | pos_inplane       3.7827        4.3222       1.143
   2.0   1.0000   0.0    -     5.0  1.0 | pos_plane       4.0734        4.3222       1.061
   2.0   1.0000   0.0    -     5.0  1.0 | vel_range    0.0053591      0.011908       2.222
   2.0   1.0000   0.0    -     5.0  1.0 | vel_inplane     0.070651      0.066434       0.940
   2.0   1.0000   0.0    -     5.0  1.0 | vel_plane       1.7372        1.7754       1.022
   2.0   1.0000   0.0    -     5.0  3.0 | pos_range        36.05        36.217       1.005
   2.0   1.0000   0.0    -     5.0  3.0 | pos_inplane        2.711        3.4659       1.278
   2.0   1.0000   0.0    -     5.0  3.0 | pos_plane       3.5669        3.4659       0.972
   2.0   1.0000   0.0    -     5.0  3.0 | vel_range    0.0034348     0.0068921       2.007
   2.0   1.0000   0.0    -     5.0  3.0 | vel_inplane     0.036764      0.034991       0.952
   2.0   1.0000   0.0    -     5.0  3.0 | vel_plane      0.90565       0.93191       1.029
   2.0   1.0000   0.0    -    50.0  1.0 | pos_range        836.1        836.19       1.000
   2.0   1.0000   0.0    -    50.0  1.0 | pos_inplane       13.564        12.351       0.911
   2.0   1.0000   0.0    -    50.0  1.0 | pos_plane       13.465        12.351       0.917
   2.0   1.0000   0.0    -    50.0  1.0 | vel_range     0.017815      0.019603       1.100
   2.0   1.0000   0.0    -    50.0  1.0 | vel_inplane      0.92693        0.9256       0.999
   2.0   1.0000   0.0    -    50.0  1.0 | vel_plane        2.175        2.2224       1.022
   2.0   1.0000   0.0    -    50.0  3.0 | pos_range       367.04        367.13       1.000
   2.0   1.0000   0.0    -    50.0  3.0 | pos_inplane       5.2257        7.9228       1.516
   2.0   1.0000   0.0    -    50.0  3.0 | pos_plane       8.5939        7.9228       0.922
   2.0   1.0000   0.0    -    50.0  3.0 | vel_range    0.0066376      0.010727       1.616
   2.0   1.0000   0.0    -    50.0  3.0 | vel_inplane      0.40647       0.40638       1.000
   2.0   1.0000   0.0    -    50.0  3.0 | vel_plane      0.96785       0.97562       1.008
   2.0   1.0000   1.0  nor     5.0  1.0 | pos_range       36.643        36.898       1.007
   2.0   1.0000   1.0  nor     5.0  1.0 | pos_inplane       3.7338        4.3333       1.161
   2.0   1.0000   1.0  nor     5.0  1.0 | pos_plane       4.7762        4.3333       0.907
   2.0   1.0000   1.0  nor     5.0  1.0 | vel_range    0.0044127     0.0075432       1.709
   2.0   1.0000   1.0  nor     5.0  1.0 | vel_inplane     0.038182      0.035676       0.934
   2.0   1.0000   1.0  nor     5.0  1.0 | vel_plane      0.93895       0.94723       1.009
   2.0   1.0000   1.0  nor     5.0  3.0 | pos_range       39.366        39.518       1.004
   2.0   1.0000   1.0  nor     5.0  3.0 | pos_inplane       2.7105         3.461       1.277
   2.0   1.0000   1.0  nor     5.0  3.0 | pos_plane       3.2656         3.461       1.060
   2.0   1.0000   1.0  nor     5.0  3.0 | vel_range     0.003483     0.0073321       2.105
   2.0   1.0000   1.0  nor     5.0  3.0 | vel_inplane     0.040024      0.038171       0.954
   2.0   1.0000   1.0  nor     5.0  3.0 | vel_plane      0.98205        1.0176       1.036
   2.0   1.0000   1.0  nor    50.0  1.0 | pos_range       700.86        700.97       1.000
   2.0   1.0000   1.0  nor    50.0  1.0 | pos_inplane       13.226         12.37       0.935
   2.0   1.0000   1.0  nor    50.0  1.0 | pos_plane        16.48         12.37       0.751
   2.0   1.0000   1.0  nor    50.0  1.0 | vel_range       0.0162      0.018065       1.115
   2.0   1.0000   1.0  nor    50.0  1.0 | vel_inplane      0.77798       0.77593       0.997
   2.0   1.0000   1.0  nor    50.0  1.0 | vel_plane       1.8405        1.8629       1.012
   2.0   1.0000   1.0  nor    50.0  3.0 | pos_range       365.16        365.24       1.000
   2.0   1.0000   1.0  nor    50.0  3.0 | pos_inplane       5.2098        7.9093       1.518
   2.0   1.0000   1.0  nor    50.0  3.0 | pos_plane        8.008        7.9093       0.988
   2.0   1.0000   1.0  nor    50.0  3.0 | vel_range    0.0066374      0.010697       1.612
   2.0   1.0000   1.0  nor    50.0  3.0 | vel_inplane      0.40411        0.4043       1.000
   2.0   1.0000   1.0  nor    50.0  3.0 | vel_plane      0.95874        0.9706       1.012
   2.0   1.0000   1.0  pro     5.0  1.0 | pos_range       46.999        47.223       1.005
   2.0   1.0000   1.0  pro     5.0  1.0 | pos_inplane       4.2336        4.5944       1.085
   2.0   1.0000   1.0  pro     5.0  1.0 | pos_plane       4.1867        4.5944       1.097
   2.0   1.0000   1.0  pro     5.0  1.0 | vel_range     0.008677     0.0090324       1.041
   2.0   1.0000   1.0  pro     5.0  1.0 | vel_inplane     0.035953      0.045627       1.269
   2.0   1.0000   1.0  pro     5.0  1.0 | vel_plane       1.0697        1.2149       1.136
   2.0   1.0000   1.0  pro     5.0  3.0 | pos_range       7.5438        8.4546       1.121
   2.0   1.0000   1.0  pro     5.0  3.0 | pos_inplane       3.6671        3.8173       1.041
   2.0   1.0000   1.0  pro     5.0  3.0 | pos_plane       3.5797        3.8173       1.066
   2.0   1.0000   1.0  pro     5.0  3.0 | vel_range    0.0030617     0.0043977       1.436
   2.0   1.0000   1.0  pro     5.0  3.0 | vel_inplane    0.0066976     0.0084185       1.257
   2.0   1.0000   1.0  pro     5.0  3.0 | vel_plane      0.13873       0.19505       1.406
   2.0   1.0000   1.0  pro    50.0  1.0 | pos_range        808.8         808.9       1.000
   2.0   1.0000   1.0  pro    50.0  1.0 | pos_inplane       15.395        12.846       0.834
   2.0   1.0000   1.0  pro    50.0  1.0 | pos_plane       13.971        12.846       0.919
   2.0   1.0000   1.0  pro    50.0  1.0 | vel_range     0.018678      0.019671       1.053
   2.0   1.0000   1.0  pro    50.0  1.0 | vel_inplane      0.86859       0.89539       1.031
   2.0   1.0000   1.0  pro    50.0  1.0 | vel_plane       2.0821        2.1498       1.032
   2.0   1.0000   1.0  pro    50.0  3.0 | pos_range       130.91         131.2       1.002
   2.0   1.0000   1.0  pro    50.0  3.0 | pos_inplane       11.269         8.727       0.774
   2.0   1.0000   1.0  pro    50.0  3.0 | pos_plane        9.477         8.727       0.921
   2.0   1.0000   1.0  pro    50.0  3.0 | vel_range    0.0077925     0.0099202       1.273
   2.0   1.0000   1.0  pro    50.0  3.0 | vel_inplane      0.14479       0.14523       1.003
   2.0   1.0000   1.0  pro    50.0  3.0 | vel_plane      0.39668       0.34808       0.877
  10.0   0.0000   0.0    -     5.0  1.0 | pos_range        456.8        456.81       1.000
  10.0   0.0000   0.0    -     5.0  1.0 | pos_inplane       3.9605        2.9845       0.754
  10.0   0.0000   0.0    -     5.0  1.0 | pos_plane       2.8218        2.9845       1.058
  10.0   0.0000   0.0    -     5.0  1.0 | vel_range      0.37913       0.37319       0.984
  10.0   0.0000   0.0    -     5.0  1.0 | vel_inplane      0.06234      0.057465       0.922
  10.0   0.0000   0.0    -     5.0  1.0 | vel_plane    0.0041386     0.0033083       0.799
  10.0   0.0000   0.0    -     5.0  3.0 | pos_range         64.5        64.564       1.001
  10.0   0.0000   0.0    -     5.0  3.0 | pos_inplane       3.6314        2.8749       0.792
  10.0   0.0000   0.0    -     5.0  3.0 | pos_plane       2.7179        2.8749       1.058
  10.0   0.0000   0.0    -     5.0  3.0 | vel_range      0.05404      0.052789       0.977
  10.0   0.0000   0.0    -     5.0  3.0 | vel_inplane     0.010599     0.0087049       0.821
  10.0   0.0000   0.0    -     5.0  3.0 | vel_plane    0.0039071     0.0031869       0.816
  10.0   0.0000   0.0    -    50.0  1.0 | pos_range       2457.7        2457.7       1.000
  10.0   0.0000   0.0    -    50.0  1.0 | pos_inplane       19.278        10.611       0.550
  10.0   0.0000   0.0    -    50.0  1.0 | pos_plane       10.507        10.611       1.010
  10.0   0.0000   0.0    -    50.0  1.0 | vel_range      0.46621       0.48414       1.038
  10.0   0.0000   0.0    -    50.0  1.0 | vel_inplane       2.6864        2.6644       0.992
  10.0   0.0000   0.0    -    50.0  1.0 | vel_plane     0.012069      0.011762       0.975
  10.0   0.0000   0.0    -    50.0  3.0 | pos_range       382.26        382.36       1.000
  10.0   0.0000   0.0    -    50.0  3.0 | pos_inplane        13.35        8.8043       0.660
  10.0   0.0000   0.0    -    50.0  3.0 | pos_plane        8.738        8.8043       1.008
  10.0   0.0000   0.0    -    50.0  3.0 | vel_range      0.07151      0.075909       1.062
  10.0   0.0000   0.0    -    50.0  3.0 | vel_inplane      0.41937       0.41452       0.988
  10.0   0.0000   0.0    -    50.0  3.0 | vel_plane    0.0099444     0.0097597       0.981
  10.0   0.0000   1.0  nor     5.0  1.0 | pos_range        66.58        66.647       1.001
  10.0   0.0000   1.0  nor     5.0  1.0 | pos_inplane       3.6834        2.9846       0.810
  10.0   0.0000   1.0  nor     5.0  1.0 | pos_plane       3.5818        2.9846       0.833
  10.0   0.0000   1.0  nor     5.0  1.0 | vel_range     0.055303      0.054492       0.985
  10.0   0.0000   1.0  nor     5.0  1.0 | vel_inplane     0.010646     0.0089925       0.845
  10.0   0.0000   1.0  nor     5.0  1.0 | vel_plane    0.0052261     0.0033085       0.633
  10.0   0.0000   1.0  nor     5.0  3.0 | pos_range       49.896        49.979       1.002
  10.0   0.0000   1.0  nor     5.0  3.0 | pos_inplane       3.6249         2.875       0.793
  10.0   0.0000   1.0  nor     5.0  3.0 | pos_plane       2.7809         2.875       1.034
  10.0   0.0000   1.0  nor     5.0  3.0 | vel_range     0.041949      0.040886       0.975
  10.0   0.0000   1.0  nor     5.0  3.0 | vel_inplane    0.0089262     0.0070302       0.788
  10.0   0.0000   1.0  nor     5.0  3.0 | vel_plane    0.0041061     0.0031869       0.776
  10.0   0.0000   1.0  nor    50.0  1.0 | pos_range         1282          1282       1.000
  10.0   0.0000   1.0  nor    50.0  1.0 | pos_inplane       15.578        10.611       0.681
  10.0   0.0000   1.0  nor    50.0  1.0 | pos_plane       17.194        10.611       0.617
  10.0   0.0000   1.0  nor    50.0  1.0 | vel_range      0.24336       0.25274       1.039
  10.0   0.0000   1.0  nor    50.0  1.0 | vel_inplane       1.4013        1.3899       0.992
  10.0   0.0000   1.0  nor    50.0  1.0 | vel_plane     0.015932      0.011763       0.738
  10.0   0.0000   1.0  nor    50.0  3.0 | pos_range       362.96        363.06       1.000
  10.0   0.0000   1.0  nor    50.0  3.0 | pos_inplane       13.263        8.8044       0.664
  10.0   0.0000   1.0  nor    50.0  3.0 | pos_plane       8.9114        8.8044       0.988
  10.0   0.0000   1.0  nor    50.0  3.0 | vel_range     0.067936      0.072141       1.062
  10.0   0.0000   1.0  nor    50.0  3.0 | vel_inplane      0.39823        0.3936       0.988
  10.0   0.0000   1.0  nor    50.0  3.0 | vel_plane      0.01036     0.0097598       0.942
  10.0   0.0000   1.0  pro     5.0  1.0 | pos_range       173.54        173.57       1.000
  10.0   0.0000   1.0  pro     5.0  1.0 | pos_inplane       4.9185        3.0264       0.615
  10.0   0.0000   1.0  pro     5.0  1.0 | pos_plane        2.867        3.0264       1.056
  10.0   0.0000   1.0  pro     5.0  1.0 | vel_range      0.11085       0.14181       1.279
  10.0   0.0000   1.0  pro     5.0  1.0 | vel_inplane    0.0082779      0.022052       2.664
  10.0   0.0000   1.0  pro     5.0  1.0 | vel_plane    0.0042278     0.0033547       0.793
  10.0   0.0000   1.0  pro     5.0  3.0 | pos_range       38.208        38.318       1.003
  10.0   0.0000   1.0  pro     5.0  3.0 | pos_inplane       3.6754        2.9058       0.791
  10.0   0.0000   1.0  pro     5.0  3.0 | pos_plane       2.7499        2.9058       1.057
  10.0   0.0000   1.0  pro     5.0  3.0 | vel_range     0.032076      0.031379       0.978
  10.0   0.0000   1.0  pro     5.0  3.0 | vel_inplane     0.006836     0.0057794       0.845
  10.0   0.0000   1.0  pro     5.0  3.0 | vel_plane     0.003973     0.0032211       0.811
  10.0   0.0000   1.0  pro    50.0  1.0 | pos_range         2726        2726.1       1.000
  10.0   0.0000   1.0  pro    50.0  1.0 | pos_inplane       23.773        10.906       0.459
  10.0   0.0000   1.0  pro    50.0  1.0 | pos_plane         10.8        10.906       1.010
  10.0   0.0000   1.0  pro    50.0  1.0 | vel_range      0.50005       0.53699       1.074
  10.0   0.0000   1.0  pro    50.0  1.0 | vel_inplane       2.8841        2.9553       1.025
  10.0   0.0000   1.0  pro    50.0  1.0 | vel_plane      0.01245       0.01209       0.971
  10.0   0.0000   1.0  pro    50.0  3.0 | pos_range       357.61        357.72       1.000
  10.0   0.0000   1.0  pro    50.0  3.0 | pos_inplane       12.989        9.1196       0.702
  10.0   0.0000   1.0  pro    50.0  3.0 | pos_plane       9.0554        9.1196       1.007
  10.0   0.0000   1.0  pro    50.0  3.0 | vel_range     0.072953      0.071147       0.975
  10.0   0.0000   1.0  pro    50.0  3.0 | vel_inplane      0.39036       0.38782       0.993
  10.0   0.0000   1.0  pro    50.0  3.0 | vel_plane     0.010315      0.010109       0.980
  10.0   0.0075   0.0    -     5.0  1.0 | pos_range       455.99           456       1.000
  10.0   0.0075   0.0    -     5.0  1.0 | pos_inplane       3.9605         2.986       0.754
  10.0   0.0075   0.0    -     5.0  1.0 | pos_plane       2.8264         2.986       1.056
  10.0   0.0075   0.0    -     5.0  1.0 | vel_range      0.37845       0.37253       0.984
  10.0   0.0075   0.0    -     5.0  1.0 | vel_inplane     0.062231      0.057361       0.922
  10.0   0.0075   0.0    -     5.0  1.0 | vel_plane     0.058901      0.058392       0.991
  10.0   0.0075   0.0    -     5.0  3.0 | pos_range       64.489        64.553       1.001
  10.0   0.0075   0.0    -     5.0  3.0 | pos_inplane       3.6318        2.8763       0.792
  10.0   0.0075   0.0    -     5.0  3.0 | pos_plane       2.7204        2.8763       1.057
  10.0   0.0075   0.0    -     5.0  3.0 | vel_range     0.054027      0.052779       0.977
  10.0   0.0075   0.0    -     5.0  3.0 | vel_inplane     0.010597     0.0087038       0.821
  10.0   0.0075   0.0    -     5.0  3.0 | vel_plane    0.0091819     0.0088399       0.963
  10.0   0.0075   0.0    -    50.0  1.0 | pos_range       2454.5        2454.5       1.000
  10.0   0.0075   0.0    -    50.0  1.0 | pos_inplane       19.268        10.611       0.551
  10.0   0.0075   0.0    -    50.0  1.0 | pos_plane       10.508        10.611       1.010
  10.0   0.0075   0.0    -    50.0  1.0 | vel_range       0.4656       0.48351       1.038
  10.0   0.0075   0.0    -    50.0  1.0 | vel_inplane       2.6829         2.661       0.992
  10.0   0.0075   0.0    -    50.0  1.0 | vel_plane     0.049541      0.050157       1.012
  10.0   0.0075   0.0    -    50.0  3.0 | pos_range       382.09        382.19       1.000
  10.0   0.0075   0.0    -    50.0  3.0 | pos_inplane       13.345        8.8046       0.660
  10.0   0.0075   0.0    -    50.0  3.0 | pos_plane       8.7386        8.8046       1.008
  10.0   0.0075   0.0    -    50.0  3.0 | vel_range     0.071478      0.075876       1.062
  10.0   0.0075   0.0    -    50.0  3.0 | vel_inplane      0.41918       0.41434       0.988
  10.0   0.0075   0.0    -    50.0  3.0 | vel_plane     0.012263      0.012364       1.008
  10.0   0.0075   1.0  nor     5.0  1.0 | pos_range       66.347        66.414       1.001
  10.0   0.0075   1.0  nor     5.0  1.0 | pos_inplane       3.6838        2.9866       0.811
  10.0   0.0075   1.0  nor     5.0  1.0 | pos_plane       3.5878        2.9866       0.832
  10.0   0.0075   1.0  nor     5.0  1.0 | vel_range     0.055113      0.054301       0.985
  10.0   0.0075   1.0  nor     5.0  1.0 | vel_inplane     0.010619     0.0089656       0.844
  10.0   0.0075   1.0  nor     5.0  1.0 | vel_plane     0.012419     0.0091055       0.733
  10.0   0.0075   1.0  nor     5.0  3.0 | pos_range        49.69        49.774       1.002
  10.0   0.0075   1.0  nor     5.0  3.0 | pos_inplane       3.6245        2.8763       0.794
  10.0   0.0075   1.0  nor     5.0  3.0 | pos_plane         2.78        2.8763       1.035
  10.0   0.0075   1.0  nor     5.0  3.0 | vel_range     0.041648      0.040719       0.978
  10.0   0.0075   1.0  nor     5.0  3.0 | vel_inplane    0.0088648     0.0070077       0.791
  10.0   0.0075   1.0  nor     5.0  3.0 | vel_plane    0.0064559     0.0071081       1.101
  10.0   0.0075   1.0  nor    50.0  1.0 | pos_range       1272.3        1272.3       1.000
  10.0   0.0075   1.0  nor    50.0  1.0 | pos_inplane       15.554        10.612       0.682
  10.0   0.0075   1.0  nor    50.0  1.0 | pos_plane       17.112        10.612       0.620
  10.0   0.0075   1.0  nor    50.0  1.0 | vel_range      0.24149       0.25083       1.039
  10.0   0.0075   1.0  nor    50.0  1.0 | vel_inplane       1.3907        1.3793       0.992
  10.0   0.0075   1.0  nor    50.0  1.0 | vel_plane     0.037235      0.027877       0.749
  10.0   0.0075   1.0  nor    50.0  3.0 | pos_range       360.85        360.96       1.000
  10.0   0.0075   1.0  nor    50.0  3.0 | pos_inplane       13.241        8.8046       0.665
  10.0   0.0075   1.0  nor    50.0  3.0 | pos_plane       8.9093        8.8046       0.988
  10.0   0.0075   1.0  nor    50.0  3.0 | vel_range      0.06754      0.071731       1.062
  10.0   0.0075   1.0  nor    50.0  3.0 | vel_inplane      0.39589       0.39132       0.988
  10.0   0.0075   1.0  nor    50.0  3.0 | vel_plane     0.010679       0.01211       1.134
  10.0   0.0075   1.0  pro     5.0  1.0 | pos_range       173.18        173.21       1.000
  10.0   0.0075   1.0  pro     5.0  1.0 | pos_inplane       4.9132         3.028       0.616
  10.0   0.0075   1.0  pro     5.0  1.0 | pos_plane       2.8761         3.028       1.053
  10.0   0.0075   1.0  pro     5.0  1.0 | vel_range      0.11062       0.14152       1.279
  10.0   0.0075   1.0  pro     5.0  1.0 | vel_inplane    0.0082725      0.022006       2.660
  10.0   0.0075   1.0  pro     5.0  1.0 | vel_plane     0.020463      0.022394       1.094
  10.0   0.0075   1.0  pro     5.0  3.0 | pos_range       38.129         38.24       1.003
  10.0   0.0075   1.0  pro     5.0  3.0 | pos_inplane        3.676        2.9073       0.791
  10.0   0.0075   1.0  pro     5.0  3.0 | pos_plane       2.7525        2.9073       1.056
  10.0   0.0075   1.0  pro     5.0  3.0 | vel_range     0.031999      0.031315       0.979
  10.0   0.0075   1.0  pro     5.0  3.0 | vel_inplane    0.0068285     0.0057719       0.845
  10.0   0.0075   1.0  pro     5.0  3.0 | vel_plane    0.0062098     0.0058438       0.941
  10.0   0.0075   1.0  pro    50.0  1.0 | pos_range       2722.4        2722.5       1.000
  10.0   0.0075   1.0  pro    50.0  1.0 | pos_inplane       23.752        10.907       0.459
  10.0   0.0075   1.0  pro    50.0  1.0 | pos_plane       10.802        10.907       1.010
  10.0   0.0075   1.0  pro    50.0  1.0 | vel_range      0.49937       0.53627       1.074
  10.0   0.0075   1.0  pro    50.0  1.0 | vel_inplane       2.8803        2.9514       1.025
  10.0   0.0075   1.0  pro    50.0  1.0 | vel_plane     0.053983      0.055415       1.027
  10.0   0.0075   1.0  pro    50.0  3.0 | pos_range       357.13        357.25       1.000
  10.0   0.0075   1.0  pro    50.0  3.0 | pos_inplane       12.989        9.1199       0.702
  10.0   0.0075   1.0  pro    50.0  3.0 | pos_plane       9.0559        9.1199       1.007
  10.0   0.0075   1.0  pro    50.0  3.0 | vel_range     0.072859      0.071054       0.975
  10.0   0.0075   1.0  pro    50.0  3.0 | vel_inplane      0.38984        0.3873       0.993
  10.0   0.0075   1.0  pro    50.0  3.0 | vel_plane     0.012314       0.01235       1.003
  10.0   0.0417   0.0    -     5.0  1.0 | pos_range       435.15        435.16       1.000
  10.0   0.0417   0.0    -     5.0  1.0 | pos_inplane       3.9622        3.0315       0.765
  10.0   0.0417   0.0    -     5.0  1.0 | pos_plane       2.9506        3.0315       1.027
  10.0   0.0417   0.0    -     5.0  1.0 | vel_range      0.36081       0.35543       0.985
  10.0   0.0417   0.0    -     5.0  1.0 | vel_inplane     0.059411      0.054668       0.920
  10.0   0.0417   0.0    -     5.0  1.0 | vel_plane      0.31075       0.30837       0.992
  10.0   0.0417   0.0    -     5.0  3.0 | pos_range       64.182        64.249       1.001
  10.0   0.0417   0.0    -     5.0  3.0 | pos_inplane       3.6458        2.9171       0.800
  10.0   0.0417   0.0    -     5.0  3.0 | pos_plane       2.7909        2.9171       1.045
  10.0   0.0417   0.0    -     5.0  3.0 | vel_range     0.053657      0.052522       0.979
  10.0   0.0417   0.0    -     5.0  3.0 | vel_inplane     0.010531     0.0086733       0.824
  10.0   0.0417   0.0    -     5.0  3.0 | vel_plane     0.045986      0.045595       0.991
  10.0   0.0417   0.0    -    50.0  1.0 | pos_range       2367.4        2367.4       1.000
  10.0   0.0417   0.0    -    50.0  1.0 | pos_inplane       18.998        10.624       0.559
  10.0   0.0417   0.0    -    50.0  1.0 | pos_plane       10.529        10.624       1.009
  10.0   0.0417   0.0    -    50.0  1.0 | vel_range      0.44869       0.46628       1.039
  10.0   0.0417   0.0    -    50.0  1.0 | vel_inplane       2.5877        2.5665       0.992
  10.0   0.0417   0.0    -    50.0  1.0 | vel_plane      0.25717       0.26092       1.015
  10.0   0.0417   0.0    -    50.0  3.0 | pos_range       377.38        377.48       1.000
  10.0   0.0417   0.0    -    50.0  3.0 | pos_inplane       13.222        8.8128       0.667
  10.0   0.0417   0.0    -    50.0  3.0 | pos_plane       8.7538        8.8128       1.007
  10.0   0.0417   0.0    -    50.0  3.0 | vel_range     0.070588      0.074944       1.062
  10.0   0.0417   0.0    -    50.0  3.0 | vel_inplane      0.41391       0.40924       0.989
  10.0   0.0417   0.0    -    50.0  3.0 | vel_plane     0.040583      0.042683       1.052
  10.0   0.0417   1.0  nor     5.0  1.0 | pos_range       65.806        65.876       1.001
  10.0   0.0417   1.0  nor     5.0  1.0 | pos_inplane       3.7003        3.0336       0.820
  10.0   0.0417   1.0  nor     5.0  1.0 | pos_plane       3.6811        3.0336       0.824
  10.0   0.0417   1.0  nor     5.0  1.0 | vel_range     0.054624      0.053854       0.986
  10.0   0.0417   1.0  nor     5.0  1.0 | vel_inplane     0.010563     0.0089105       0.844
  10.0   0.0417   1.0  nor     5.0  1.0 | vel_plane     0.050279      0.046752       0.930
  10.0   0.0417   1.0  nor     5.0  3.0 | pos_range       49.623        49.709       1.002
  10.0   0.0417   1.0  nor     5.0  3.0 | pos_inplane       3.6362        2.9169       0.802
  10.0   0.0417   1.0  nor     5.0  3.0 | pos_plane       2.8347        2.9169       1.029
  10.0   0.0417   1.0  nor     5.0  3.0 | vel_range      0.04099      0.040659       0.992
  10.0   0.0417   1.0  nor     5.0  3.0 | vel_inplane    0.0086742     0.0070123       0.808
  10.0   0.0417   1.0  nor     5.0  3.0 | vel_plane     0.034212      0.035312       1.032
  10.0   0.0417   1.0  nor    50.0  1.0 | pos_range       1222.4        1222.4       1.000
  10.0   0.0417   1.0  nor    50.0  1.0 | pos_inplane       15.452        10.626       0.688
  10.0   0.0417   1.0  nor    50.0  1.0 | pos_plane       16.718        10.626       0.636
  10.0   0.0417   1.0  nor    50.0  1.0 | vel_range      0.23177       0.24096       1.040
  10.0   0.0417   1.0  nor    50.0  1.0 | vel_inplane       1.3362        1.3252       0.992
  10.0   0.0417   1.0  nor    50.0  1.0 | vel_plane       0.1431        0.1351       0.944
  10.0   0.0417   1.0  nor    50.0  3.0 | pos_range       349.23        349.34       1.000
  10.0   0.0417   1.0  nor    50.0  3.0 | pos_inplane       13.058        8.8123       0.675
  10.0   0.0417   1.0  nor    50.0  3.0 | pos_plane       8.9087        8.8123       0.989
  10.0   0.0417   1.0  nor    50.0  3.0 | vel_range     0.065347      0.069452       1.063
  10.0   0.0417   1.0  nor    50.0  3.0 | vel_inplane      0.38288       0.37873       0.989
  10.0   0.0417   1.0  nor    50.0  3.0 | vel_plane     0.035091      0.039673       1.131
  10.0   0.0417   1.0  pro     5.0  1.0 | pos_range       163.97           164       1.000
  10.0   0.0417   1.0  pro     5.0  1.0 | pos_inplane       4.7813        3.0755       0.643
  10.0   0.0417   1.0  pro     5.0  1.0 | pos_plane       3.1042        3.0755       0.991
  10.0   0.0417   1.0  pro     5.0  1.0 | vel_range      0.10471       0.13397       1.279
  10.0   0.0417   1.0  pro     5.0  1.0 | vel_inplane    0.0081366      0.020841       2.561
  10.0   0.0417   1.0  pro     5.0  1.0 | vel_plane       0.1052       0.11624       1.105
  10.0   0.0417   1.0  pro     5.0  3.0 | pos_range       36.142        36.262       1.003
  10.0   0.0417   1.0  pro     5.0  3.0 | pos_inplane       3.6923        2.9493       0.799
  10.0   0.0417   1.0  pro     5.0  3.0 | pos_plane       2.8264        2.9493       1.044
  10.0   0.0417   1.0  pro     5.0  3.0 | vel_range     0.030051        0.0297       0.988
  10.0   0.0417   1.0  pro     5.0  3.0 | vel_inplane    0.0066385     0.0055881       0.842
  10.0   0.0417   1.0  pro     5.0  3.0 | vel_plane     0.025303      0.025818       1.020
  10.0   0.0417   1.0  pro    50.0  1.0 | pos_range       2622.8        2622.8       1.000
  10.0   0.0417   1.0  pro    50.0  1.0 | pos_inplane       23.164         10.92       0.471
  10.0   0.0417   1.0  pro    50.0  1.0 | pos_plane       10.841         10.92       1.007
  10.0   0.0417   1.0  pro    50.0  1.0 | vel_range       0.4807       0.51655       1.075
  10.0   0.0417   1.0  pro    50.0  1.0 | vel_inplane       2.7748        2.8433       1.025
  10.0   0.0417   1.0  pro    50.0  1.0 | vel_plane      0.28077       0.28902       1.029
  10.0   0.0417   1.0  pro    50.0  3.0 | pos_range       344.17        344.29       1.000
  10.0   0.0417   1.0  pro    50.0  3.0 | pos_inplane       12.984        9.1287       0.703
  10.0   0.0417   1.0  pro    50.0  3.0 | pos_plane       9.0716        9.1287       1.006
  10.0   0.0417   1.0  pro    50.0  3.0 | vel_range     0.070277      0.068516       0.975
  10.0   0.0417   1.0  pro    50.0  3.0 | vel_inplane       0.3755       0.37325       0.994
  10.0   0.0417   1.0  pro    50.0  3.0 | vel_plane     0.037462      0.039221       1.047
  10.0   0.2500   0.0    -     5.0  1.0 | pos_range       262.83        262.86       1.000
  10.0   0.2500   0.0    -     5.0  1.0 | pos_inplane       4.3558        3.9316       0.903
  10.0   0.2500   0.0    -     5.0  1.0 | pos_plane       4.4577        3.9316       0.882
  10.0   0.2500   0.0    -     5.0  1.0 | vel_range      0.21429        0.2132       0.995
  10.0   0.2500   0.0    -     5.0  1.0 | vel_inplane     0.036598       0.03144       0.859
  10.0   0.2500   0.0    -     5.0  1.0 | vel_plane       1.1249        1.1167       0.993
  10.0   0.2500   0.0    -     5.0  3.0 | pos_range       59.363        59.479       1.002
  10.0   0.2500   0.0    -     5.0  3.0 | pos_inplane       4.0184        3.7018       0.921
  10.0   0.2500   0.0    -     5.0  3.0 | pos_plane       3.7991        3.7018       0.974
  10.0   0.2500   0.0    -     5.0  3.0 | vel_range     0.048482      0.048318       0.997
  10.0   0.2500   0.0    -     5.0  3.0 | vel_inplane    0.0097294     0.0081421       0.837
  10.0   0.2500   0.0    -     5.0  3.0 | vel_plane      0.25363       0.25226       0.995
  10.0   0.2500   0.0    -    50.0  1.0 | pos_range       1502.7        1502.7       1.000
  10.0   0.2500   0.0    -    50.0  1.0 | pos_inplane       16.933        11.056       0.653
  10.0   0.2500   0.0    -    50.0  1.0 | pos_plane       11.209        11.056       0.986
  10.0   0.2500   0.0    -    50.0  1.0 | vel_range      0.27812       0.29403       1.057
  10.0   0.2500   0.0    -    50.0  1.0 | vel_inplane        1.642        1.6288       0.992
  10.0   0.2500   0.0    -    50.0  1.0 | vel_plane       0.9793       0.99209       1.013
  10.0   0.2500   0.0    -    50.0  3.0 | pos_range       319.04        319.17       1.000
  10.0   0.2500   0.0    -    50.0  3.0 | pos_inplane       11.451        9.0853       0.793
  10.0   0.2500   0.0    -    50.0  3.0 | pos_plane       9.1924        9.0853       0.988
  10.0   0.2500   0.0    -    50.0  3.0 | vel_range     0.059204      0.063181       1.067
  10.0   0.2500   0.0    -    50.0  3.0 | vel_inplane      0.34847       0.34596       0.993
  10.0   0.2500   0.0    -    50.0  3.0 | vel_plane      0.20463       0.21086       1.030
  10.0   0.2500   1.0  nor     5.0  1.0 | pos_range       68.613        68.726       1.002
  10.0   0.2500   1.0  nor     5.0  1.0 | pos_inplane       4.1834        3.9379       0.941
  10.0   0.2500   1.0  nor     5.0  1.0 | pos_plane       5.0125        3.9379       0.786
  10.0   0.2500   1.0  nor     5.0  1.0 | vel_range     0.056106      0.055816       0.995
  10.0   0.2500   1.0  nor     5.0  1.0 | vel_inplane     0.011422     0.0092262       0.808
  10.0   0.2500   1.0  nor     5.0  1.0 | vel_plane      0.29947       0.29156       0.974
  10.0   0.2500   1.0  nor     5.0  3.0 | pos_range       56.115        56.236       1.002
  10.0   0.2500   1.0  nor     5.0  3.0 | pos_inplane       4.0123        3.7001       0.922
  10.0   0.2500   1.0  nor     5.0  3.0 | pos_plane       3.7282        3.7001       0.992
  10.0   0.2500   1.0  nor     5.0  3.0 | vel_range     0.044939      0.045694       1.017
  10.0   0.2500   1.0  nor     5.0  3.0 | vel_inplane    0.0088826     0.0078111       0.879
  10.0   0.2500   1.0  nor     5.0  3.0 | vel_plane      0.23617       0.23846       1.010
  10.0   0.2500   1.0  nor    50.0  1.0 | pos_range       961.19        961.25       1.000
  10.0   0.2500   1.0  nor    50.0  1.0 | pos_inplane        15.33        11.063       0.722
  10.0   0.2500   1.0  nor    50.0  1.0 | pos_plane       15.658        11.063       0.707
  10.0   0.2500   1.0  nor    50.0  1.0 | vel_range      0.17789       0.18832       1.059
  10.0   0.2500   1.0  nor    50.0  1.0 | vel_inplane       1.0509        1.0419       0.991
  10.0   0.2500   1.0  nor    50.0  1.0 | vel_plane      0.63574       0.63467       0.998
  10.0   0.2500   1.0  nor    50.0  3.0 | pos_range        298.2        298.34       1.000
  10.0   0.2500   1.0  nor    50.0  3.0 | pos_inplane       11.402         9.082       0.797
  10.0   0.2500   1.0  nor    50.0  3.0 | pos_plane       9.1815         9.082       0.989
  10.0   0.2500   1.0  nor    50.0  3.0 | vel_range     0.055266      0.059162       1.071
  10.0   0.2500   1.0  nor    50.0  3.0 | vel_inplane      0.32517       0.32339       0.995
  10.0   0.2500   1.0  nor    50.0  3.0 | vel_plane      0.18964       0.19712       1.039
  10.0   0.2500   1.0  pro     5.0  1.0 | pos_range       114.33         114.4       1.001
  10.0   0.2500   1.0  pro     5.0  1.0 | pos_inplane       4.4282        4.0099       0.906
  10.0   0.2500   1.0  pro     5.0  1.0 | pos_plane       4.5291        4.0099       0.885
  10.0   0.2500   1.0  pro     5.0  1.0 | vel_range     0.071755      0.092829       1.294
  10.0   0.2500   1.0  pro     5.0  1.0 | vel_inplane    0.0079221      0.014255       1.799
  10.0   0.2500   1.0  pro     5.0  1.0 | vel_plane      0.44379        0.4858       1.095
  10.0   0.2500   1.0  pro     5.0  3.0 | pos_range       22.897        23.204       1.013
  10.0   0.2500   1.0  pro     5.0  3.0 | pos_inplane       4.1581        3.7631       0.905
  10.0   0.2500   1.0  pro     5.0  3.0 | pos_plane       3.8085        3.7631       0.988
  10.0   0.2500   1.0  pro     5.0  3.0 | vel_range     0.017313      0.019032       1.099
  10.0   0.2500   1.0  pro     5.0  3.0 | vel_inplane     0.005464     0.0049758       0.911
  10.0   0.2500   1.0  pro     5.0  3.0 | vel_plane     0.090444      0.097376       1.077
  10.0   0.2500   1.0  pro    50.0  1.0 | pos_range       1599.2        1599.2       1.000
  10.0   0.2500   1.0  pro    50.0  1.0 | pos_inplane       17.782        11.362       0.639
  10.0   0.2500   1.0  pro    50.0  1.0 | pos_plane        11.59        11.362       0.980
  10.0   0.2500   1.0  pro    50.0  1.0 | vel_range      0.28618        0.3129       1.093
  10.0   0.2500   1.0  pro    50.0  1.0 | vel_inplane       1.6913        1.7335       1.025
  10.0   0.2500   1.0  pro    50.0  1.0 | vel_plane       1.0266        1.0558       1.029
  10.0   0.2500   1.0  pro    50.0  3.0 | pos_range       220.89        221.09       1.001
  10.0   0.2500   1.0  pro    50.0  3.0 | pos_inplane       12.957        9.4201       0.727
  10.0   0.2500   1.0  pro    50.0  3.0 | pos_plane       9.5353        9.4201       0.988
  10.0   0.2500   1.0  pro    50.0  3.0 | vel_range      0.04617      0.044429       0.962
  10.0   0.2500   1.0  pro    50.0  3.0 | vel_inplane      0.23863       0.23966       1.004
  10.0   0.2500   1.0  pro    50.0  3.0 | vel_plane      0.14511        0.1462       1.007
  10.0   1.0000   0.0    -     5.0  1.0 | pos_range       90.251        90.487       1.003
  10.0   1.0000   0.0    -     5.0  1.0 | pos_inplane       5.9952        6.5237       1.088
  10.0   1.0000   0.0    -     5.0  1.0 | pos_plane       6.5441        6.5237       0.997
  10.0   1.0000   0.0    -     5.0  1.0 | vel_range     0.058486      0.065567       1.121
  10.0   1.0000   0.0    -     5.0  1.0 | vel_inplane      0.01566     0.0073069       0.467
  10.0   1.0000   0.0    -     5.0  1.0 | vel_plane       1.5513        1.5338       0.989
  10.0   1.0000   0.0    -     5.0  3.0 | pos_range       37.017         37.48       1.013
  10.0   1.0000   0.0    -     5.0  3.0 | pos_inplane       5.4458        5.8774       1.079
  10.0   1.0000   0.0    -     5.0  3.0 | pos_plane       5.9906        5.8774       0.981
  10.0   1.0000   0.0    -     5.0  3.0 | vel_range     0.024079      0.027511       1.143
  10.0   1.0000   0.0    -     5.0  3.0 | vel_inplane    0.0078839     0.0065292       0.828
  10.0   1.0000   0.0    -     5.0  3.0 | vel_plane      0.62501       0.62912       1.007
  10.0   1.0000   0.0    -    50.0  1.0 | pos_range       735.55         735.7       1.000
  10.0   1.0000   0.0    -    50.0  1.0 | pos_inplane       18.226        14.688       0.806
  10.0   1.0000   0.0    -    50.0  1.0 | pos_plane       16.286        14.688       0.902
  10.0   1.0000   0.0    -    50.0  1.0 | vel_range      0.10239       0.12906       1.260
  10.0   1.0000   0.0    -    50.0  1.0 | vel_inplane       0.8045       0.79562       0.989
  10.0   1.0000   0.0    -    50.0  1.0 | vel_plane       1.9092        1.9423       1.017
  10.0   1.0000   0.0    -    50.0  3.0 | pos_range       239.79        240.06       1.001
  10.0   1.0000   0.0    -    50.0  3.0 | pos_inplane       9.5172        11.368       1.194
  10.0   1.0000   0.0    -    50.0  3.0 | pos_plane       12.642        11.368       0.899
  10.0   1.0000   0.0    -    50.0  3.0 | vel_range     0.035414        0.0436       1.231
  10.0   1.0000   0.0    -    50.0  3.0 | vel_inplane       0.2609       0.25962       0.995
  10.0   1.0000   0.0    -    50.0  3.0 | vel_plane      0.62491       0.63331       1.013
  10.0   1.0000   1.0  nor     5.0  1.0 | pos_range       59.452        59.809       1.006
  10.0   1.0000   1.0  nor     5.0  1.0 | pos_inplane         5.92        6.5289       1.103
  10.0   1.0000   1.0  nor     5.0  1.0 | pos_plane       6.9761        6.5289       0.936
  10.0   1.0000   1.0  nor     5.0  1.0 | vel_range     0.038817      0.043534       1.122
  10.0   1.0000   1.0  nor     5.0  1.0 | vel_inplane     0.012138     0.0072701       0.599
  10.0   1.0000   1.0  nor     5.0  1.0 | vel_plane       1.0357        1.0104       0.976
  10.0   1.0000   1.0  nor     5.0  3.0 | pos_range       40.495        40.919       1.010
  10.0   1.0000   1.0  nor     5.0  3.0 | pos_inplane       5.4473         5.874       1.078
  10.0   1.0000   1.0  nor     5.0  3.0 | pos_plane       5.8402         5.874       1.006
  10.0   1.0000   1.0  nor     5.0  3.0 | vel_range     0.026091      0.029956       1.148
  10.0   1.0000   1.0  nor     5.0  3.0 | vel_inplane    0.0081049     0.0065283       0.805
  10.0   1.0000   1.0  nor     5.0  3.0 | vel_plane      0.68068       0.68823       1.011
  10.0   1.0000   1.0  nor    50.0  1.0 | pos_range       619.44        619.61       1.000
  10.0   1.0000   1.0  nor    50.0  1.0 | pos_inplane       17.665        14.702       0.832
  10.0   1.0000   1.0  nor    50.0  1.0 | pos_plane       19.038        14.702       0.772
  10.0   1.0000   1.0  nor    50.0  1.0 | vel_range     0.086234       0.10905       1.265
  10.0   1.0000   1.0  nor    50.0  1.0 | vel_inplane      0.67836       0.67008       0.988
  10.0   1.0000   1.0  nor    50.0  1.0 | vel_plane       1.6206        1.6358       1.009
  10.0   1.0000   1.0  nor    50.0  3.0 | pos_range       242.85        243.11       1.001
  10.0   1.0000   1.0  nor    50.0  3.0 | pos_inplane       9.5194        11.359       1.193
  10.0   1.0000   1.0  nor    50.0  3.0 | pos_plane       12.181        11.359       0.932
  10.0   1.0000   1.0  nor    50.0  3.0 | vel_range     0.035768      0.044106       1.233
  10.0   1.0000   1.0  nor    50.0  3.0 | vel_inplane       0.2639       0.26292       0.996
  10.0   1.0000   1.0  nor    50.0  3.0 | vel_plane       0.6306       0.64138       1.017
  10.0   1.0000   1.0  pro     5.0  1.0 | pos_range       94.323        94.556       1.002
  10.0   1.0000   1.0  pro     5.0  1.0 | pos_inplane       5.8669         6.629       1.130
  10.0   1.0000   1.0  pro     5.0  1.0 | pos_plane       6.2064         6.629       1.068
  10.0   1.0000   1.0  pro     5.0  1.0 | vel_range     0.043932      0.068502       1.559
  10.0   1.0000   1.0  pro     5.0  1.0 | vel_inplane    0.0099462     0.0074293       0.747
  10.0   1.0000   1.0  pro     5.0  1.0 | vel_plane       1.4975         1.603       1.070
  10.0   1.0000   1.0  pro     5.0  3.0 | pos_range       18.895        19.827       1.049
  10.0   1.0000   1.0  pro     5.0  3.0 | pos_inplane       5.7354        6.0078       1.048
  10.0   1.0000   1.0  pro     5.0  3.0 | pos_plane       5.6736        6.0078       1.059
  10.0   1.0000   1.0  pro     5.0  3.0 | vel_range     0.011495      0.015182       1.321
  10.0   1.0000   1.0  pro     5.0  3.0 | vel_inplane    0.0061563     0.0066633       1.082
  10.0   1.0000   1.0  pro     5.0  3.0 | vel_plane      0.26527       0.32119       1.211
  10.0   1.0000   1.0  pro    50.0  1.0 | pos_range       768.21        768.35       1.000
  10.0   1.0000   1.0  pro    50.0  1.0 | pos_inplane       17.045        15.028       0.882
  10.0   1.0000   1.0  pro    50.0  1.0 | pos_plane        16.15        15.028       0.931
  10.0   1.0000   1.0  pro    50.0  1.0 | vel_range      0.10209       0.13475       1.320
  10.0   1.0000   1.0  pro    50.0  1.0 | vel_inplane      0.81393       0.83093       1.021
  10.0   1.0000   1.0  pro    50.0  1.0 | vel_plane       1.9675        2.0286       1.031
  10.0   1.0000   1.0  pro    50.0  3.0 | pos_range          150        150.46       1.003
  10.0   1.0000   1.0  pro    50.0  3.0 | pos_inplane       13.421        11.817       0.880
  10.0   1.0000   1.0  pro    50.0  3.0 | pos_plane       13.023        11.817       0.907
  10.0   1.0000   1.0  pro    50.0  3.0 | vel_range     0.028559      0.029211       1.023
  10.0   1.0000   1.0  pro    50.0  3.0 | vel_inplane      0.15973       0.16274       1.019
  10.0   1.0000   1.0  pro    50.0  3.0 | vel_plane      0.41741       0.39629       0.949
  50.0   0.0000   0.0    -     5.0  1.0 | pos_range       416.17        416.33       1.000
  50.0   0.0000   0.0    -     5.0  1.0 | pos_inplane       13.632        11.541       0.847
  50.0   0.0000   0.0    -     5.0  1.0 | pos_plane       11.012        11.541       1.048
  50.0   0.0000   0.0    -     5.0  1.0 | vel_range       0.1517       0.11256       0.742
  50.0   0.0000   0.0    -     5.0  1.0 | vel_inplane      0.20821       0.21166       1.017
  50.0   0.0000   0.0    -     5.0  1.0 | vel_plane     0.016862      0.012793       0.759
  50.0   0.0000   0.0    -     5.0  3.0 | pos_range       54.295        55.449       1.021
  50.0   0.0000   0.0    -     5.0  3.0 | pos_inplane       12.919        11.257       0.871
  50.0   0.0000   0.0    -     5.0  3.0 | pos_plane       10.718        11.257       1.050
  50.0   0.0000   0.0    -     5.0  3.0 | vel_range     0.035348      0.019198       0.543
  50.0   0.0000   0.0    -     5.0  3.0 | vel_inplane     0.032893      0.030257       0.920
  50.0   0.0000   0.0    -     5.0  3.0 | vel_plane     0.016154      0.012479       0.773
  50.0   0.0000   0.0    -    50.0  1.0 | pos_range       654.19        654.49       1.000
  50.0   0.0000   0.0    -    50.0  1.0 | pos_inplane       28.497        19.693       0.691
  50.0   0.0000   0.0    -    50.0  1.0 | pos_plane       18.865        19.693       1.044
  50.0   0.0000   0.0    -    50.0  1.0 | vel_range      0.49862       0.47886       0.960
  50.0   0.0000   0.0    -    50.0  1.0 | vel_inplane      0.47683       0.43629       0.915
  50.0   0.0000   0.0    -    50.0  1.0 | vel_plane     0.025411       0.02183       0.859
  50.0   0.0000   0.0    -    50.0  3.0 | pos_range       108.04        109.63       1.015
  50.0   0.0000   0.0    -    50.0  3.0 | pos_inplane       25.104        18.589       0.740
  50.0   0.0000   0.0    -    50.0  3.0 | pos_plane        17.83        18.589       1.043
  50.0   0.0000   0.0    -    50.0  3.0 | vel_range     0.087013      0.081644       0.938
  50.0   0.0000   0.0    -    50.0  3.0 | vel_inplane     0.090644      0.074855       0.826
  50.0   0.0000   0.0    -    50.0  3.0 | vel_plane     0.023535      0.020606       0.876
  50.0   0.0000   1.0  nor     5.0  1.0 | pos_range       386.71        386.88       1.000
  50.0   0.0000   1.0  nor     5.0  1.0 | pos_inplane       13.553        11.541       0.852
  50.0   0.0000   1.0  nor     5.0  1.0 | pos_plane       11.398        11.541       1.013
  50.0   0.0000   1.0  nor     5.0  1.0 | vel_range      0.14126        0.1047       0.741
  50.0   0.0000   1.0  nor     5.0  1.0 | vel_inplane      0.19365       0.19673       1.016
  50.0   0.0000   1.0  nor     5.0  1.0 | vel_plane     0.017495      0.012793       0.731
  50.0   0.0000   1.0  nor     5.0  3.0 | pos_range       54.261        55.416       1.021
  50.0   0.0000   1.0  nor     5.0  3.0 | pos_inplane       12.919        11.257       0.871
  50.0   0.0000   1.0  nor     5.0  3.0 | pos_plane       10.718        11.257       1.050
  50.0   0.0000   1.0  nor     5.0  3.0 | vel_range     0.035339      0.019191       0.543
  50.0   0.0000   1.0  nor     5.0  3.0 | vel_inplane      0.03288      0.030241       0.920
  50.0   0.0000   1.0  nor     5.0  3.0 | vel_plane     0.016156      0.012479       0.772
  50.0   0.0000   1.0  nor    50.0  1.0 | pos_range       640.11        640.41       1.000
  50.0   0.0000   1.0  nor    50.0  1.0 | pos_inplane       28.367        19.693       0.694
  50.0   0.0000   1.0  nor    50.0  1.0 | pos_plane       19.207        19.693       1.025
  50.0   0.0000   1.0  nor    50.0  1.0 | vel_range      0.48789       0.46857       0.960
  50.0   0.0000   1.0  nor    50.0  1.0 | vel_inplane      0.46659       0.42692       0.915
  50.0   0.0000   1.0  nor    50.0  1.0 | vel_plane     0.025787       0.02183       0.847
  50.0   0.0000   1.0  nor    50.0  3.0 | pos_range          108        109.59       1.015
  50.0   0.0000   1.0  nor    50.0  3.0 | pos_inplane       25.104        18.589       0.740
  50.0   0.0000   1.0  nor    50.0  3.0 | pos_plane       17.831        18.589       1.043
  50.0   0.0000   1.0  nor    50.0  3.0 | vel_range     0.086984      0.081616       0.938
  50.0   0.0000   1.0  nor    50.0  3.0 | vel_inplane     0.090617      0.074829       0.826
  50.0   0.0000   1.0  nor    50.0  3.0 | vel_plane     0.023538      0.020606       0.875
  50.0   0.0000   1.0  pro     5.0  1.0 | pos_range       423.26        423.42       1.000
  50.0   0.0000   1.0  pro     5.0  1.0 | pos_inplane       13.513        11.572       0.856
  50.0   0.0000   1.0  pro     5.0  1.0 | pos_plane       11.048        11.572       1.047
  50.0   0.0000   1.0  pro     5.0  1.0 | vel_range      0.12866       0.11446       0.890
  50.0   0.0000   1.0  pro     5.0  1.0 | vel_inplane      0.21111       0.21526       1.020
  50.0   0.0000   1.0  pro     5.0  1.0 | vel_plane      0.01694      0.012827       0.757
  50.0   0.0000   1.0  pro     5.0  3.0 | pos_range       56.232        57.351       1.020
  50.0   0.0000   1.0  pro     5.0  3.0 | pos_inplane       12.916        11.277       0.873
  50.0   0.0000   1.0  pro     5.0  3.0 | pos_plane       10.741        11.277       1.050
  50.0   0.0000   1.0  pro     5.0  3.0 | vel_range     0.035647      0.019611       0.550
  50.0   0.0000   1.0  pro     5.0  3.0 | vel_inplane     0.034058      0.031164       0.915
  50.0   0.0000   1.0  pro     5.0  3.0 | vel_plane     0.016205      0.012501       0.771
  50.0   0.0000   1.0  pro    50.0  1.0 | pos_range       701.14        701.42       1.000
  50.0   0.0000   1.0  pro    50.0  1.0 | pos_inplane       27.523         19.78       0.719
  50.0   0.0000   1.0  pro    50.0  1.0 | pos_plane       18.956         19.78       1.044
  50.0   0.0000   1.0  pro    50.0  1.0 | vel_range      0.52015       0.51316       0.987
  50.0   0.0000   1.0  pro    50.0  1.0 | vel_inplane      0.49455       0.46753       0.945
  50.0   0.0000   1.0  pro    50.0  1.0 | vel_plane     0.025573      0.021927       0.857
  50.0   0.0000   1.0  pro    50.0  3.0 | pos_range       111.26        112.81       1.014
  50.0   0.0000   1.0  pro    50.0  3.0 | pos_inplane       25.082        18.658       0.744
  50.0   0.0000   1.0  pro    50.0  3.0 | pos_plane       17.899        18.658       1.042
  50.0   0.0000   1.0  pro    50.0  3.0 | vel_range     0.089708      0.083944       0.936
  50.0   0.0000   1.0  pro    50.0  3.0 | vel_inplane     0.092309       0.07694       0.834
  50.0   0.0000   1.0  pro    50.0  3.0 | vel_plane     0.023653      0.020683       0.874
  50.0   0.0075   0.0    -     5.0  1.0 | pos_range       416.12        416.28       1.000
  50.0   0.0075   0.0    -     5.0  1.0 | pos_inplane       13.632        11.541       0.847
  50.0   0.0075   0.0    -     5.0  1.0 | pos_plane       11.013        11.541       1.048
  50.0   0.0075   0.0    -     5.0  1.0 | vel_range      0.15168       0.11255       0.742
  50.0   0.0075   0.0    -     5.0  1.0 | vel_inplane      0.20819       0.21164       1.017
  50.0   0.0075   0.0    -     5.0  1.0 | vel_plane     0.022188      0.018688       0.842
  50.0   0.0075   0.0    -     5.0  3.0 | pos_range       54.294        55.449       1.021
  50.0   0.0075   0.0    -     5.0  3.0 | pos_inplane       12.919        11.258       0.871
  50.0   0.0075   0.0    -     5.0  3.0 | pos_plane       10.718        11.258       1.050
  50.0   0.0075   0.0    -     5.0  3.0 | vel_range     0.035346      0.019198       0.543
  50.0   0.0075   0.0    -     5.0  3.0 | vel_inplane     0.032893      0.030256       0.920
  50.0   0.0075   0.0    -     5.0  3.0 | vel_plane     0.016263      0.012605       0.775
  50.0   0.0075   0.0    -    50.0  1.0 | pos_range       654.15        654.44       1.000
  50.0   0.0075   0.0    -    50.0  1.0 | pos_inplane       28.496        19.693       0.691
  50.0   0.0075   0.0    -    50.0  1.0 | pos_plane       18.866        19.693       1.044
  50.0   0.0075   0.0    -    50.0  1.0 | vel_range      0.49858       0.47883       0.960
  50.0   0.0075   0.0    -    50.0  1.0 | vel_inplane       0.4768       0.43626       0.915
  50.0   0.0075   0.0    -    50.0  1.0 | vel_plane     0.027869      0.024546       0.881
  50.0   0.0075   0.0    -    50.0  3.0 | pos_range       108.04        109.62       1.015
  50.0   0.0075   0.0    -    50.0  3.0 | pos_inplane       25.104        18.589       0.740
  50.0   0.0075   0.0    -    50.0  3.0 | pos_plane        17.83        18.589       1.043
  50.0   0.0075   0.0    -    50.0  3.0 | vel_range      0.08701      0.081642       0.938
  50.0   0.0075   0.0    -    50.0  3.0 | vel_inplane     0.090641      0.074853       0.826
  50.0   0.0075   0.0    -    50.0  3.0 | vel_plane     0.023604       0.02069       0.877
  50.0   0.0075   1.0  nor     5.0  1.0 | pos_range       385.65        385.83       1.000
  50.0   0.0075   1.0  nor     5.0  1.0 | pos_inplane       13.551        11.542       0.852
  50.0   0.0075   1.0  nor     5.0  1.0 | pos_plane       11.431        11.542       1.010
  50.0   0.0075   1.0  nor     5.0  1.0 | vel_range      0.14089       0.10442       0.741
  50.0   0.0075   1.0  nor     5.0  1.0 | vel_inplane      0.19313        0.1962       1.016
  50.0   0.0075   1.0  nor     5.0  1.0 | vel_plane     0.024673      0.017974       0.729
  50.0   0.0075   1.0  nor     5.0  3.0 | pos_range       54.254         55.41       1.021
  50.0   0.0075   1.0  nor     5.0  3.0 | pos_inplane       12.919        11.258       0.871
  50.0   0.0075   1.0  nor     5.0  3.0 | pos_plane       10.719        11.258       1.050
  50.0   0.0075   1.0  nor     5.0  3.0 | vel_range     0.035331       0.01919       0.543
  50.0   0.0075   1.0  nor     5.0  3.0 | vel_inplane     0.032877      0.030238       0.920
  50.0   0.0075   1.0  nor     5.0  3.0 | vel_plane     0.016236      0.012605       0.776
  50.0   0.0075   1.0  nor    50.0  1.0 | pos_range        639.4        639.71       1.000
  50.0   0.0075   1.0  nor    50.0  1.0 | pos_inplane        28.36        19.693       0.694
  50.0   0.0075   1.0  nor    50.0  1.0 | pos_plane       19.223        19.693       1.024
  50.0   0.0075   1.0  nor    50.0  1.0 | vel_range      0.48735       0.46806       0.960
  50.0   0.0075   1.0  nor    50.0  1.0 | vel_inplane      0.46607       0.42645       0.915
  50.0   0.0075   1.0  nor    50.0  1.0 | vel_plane     0.029799      0.024431       0.820
  50.0   0.0075   1.0  nor    50.0  3.0 | pos_range       107.99        109.57       1.015
  50.0   0.0075   1.0  nor    50.0  3.0 | pos_inplane       25.103        18.589       0.741
  50.0   0.0075   1.0  nor    50.0  3.0 | pos_plane       17.831        18.589       1.043
  50.0   0.0075   1.0  nor    50.0  3.0 | vel_range     0.086969      0.081606       0.938
  50.0   0.0075   1.0  nor    50.0  3.0 | vel_inplane     0.090603       0.07482       0.826
  50.0   0.0075   1.0  nor    50.0  3.0 | vel_plane     0.023578       0.02069       0.877
  50.0   0.0075   1.0  pro     5.0  1.0 | pos_range       423.22        423.37       1.000
  50.0   0.0075   1.0  pro     5.0  1.0 | pos_inplane       13.513        11.572       0.856
  50.0   0.0075   1.0  pro     5.0  1.0 | pos_plane       11.049        11.572       1.047
  50.0   0.0075   1.0  pro     5.0  1.0 | vel_range      0.12865       0.11445       0.890
  50.0   0.0075   1.0  pro     5.0  1.0 | vel_inplane      0.21109       0.21523       1.020
  50.0   0.0075   1.0  pro     5.0  1.0 | vel_plane       0.0221      0.018882       0.854
  50.0   0.0075   1.0  pro     5.0  3.0 | pos_range       56.231         57.35       1.020
  50.0   0.0075   1.0  pro     5.0  3.0 | pos_inplane       12.916        11.278       0.873
  50.0   0.0075   1.0  pro     5.0  3.0 | pos_plane       10.741        11.278       1.050
  50.0   0.0075   1.0  pro     5.0  3.0 | vel_range     0.035645      0.019611       0.550
  50.0   0.0075   1.0  pro     5.0  3.0 | vel_inplane     0.034058      0.031164       0.915
  50.0   0.0075   1.0  pro     5.0  3.0 | vel_plane     0.016321      0.012636       0.774
  50.0   0.0075   1.0  pro    50.0  1.0 | pos_range       701.09        701.37       1.000
  50.0   0.0075   1.0  pro    50.0  1.0 | pos_inplane       27.523        19.781       0.719
  50.0   0.0075   1.0  pro    50.0  1.0 | pos_plane       18.956        19.781       1.043
  50.0   0.0075   1.0  pro    50.0  1.0 | vel_range      0.52011       0.51312       0.987
  50.0   0.0075   1.0  pro    50.0  1.0 | vel_inplane      0.49451       0.46749       0.945
  50.0   0.0075   1.0  pro    50.0  1.0 | vel_plane     0.028293      0.025009       0.884
  50.0   0.0075   1.0  pro    50.0  3.0 | pos_range       111.26        112.81       1.014
  50.0   0.0075   1.0  pro    50.0  3.0 | pos_inplane       25.082        18.658       0.744
  50.0   0.0075   1.0  pro    50.0  3.0 | pos_plane       17.899        18.658       1.042
  50.0   0.0075   1.0  pro    50.0  3.0 | vel_range     0.089704      0.083941       0.936
  50.0   0.0075   1.0  pro    50.0  3.0 | vel_inplane     0.092306      0.076938       0.834
  50.0   0.0075   1.0  pro    50.0  3.0 | vel_plane     0.023726      0.020771       0.875
  50.0   0.0417   0.0    -     5.0  1.0 | pos_range       414.75        414.92       1.000
  50.0   0.0417   0.0    -     5.0  1.0 | pos_inplane       13.636        11.554       0.847
  50.0   0.0417   0.0    -     5.0  1.0 | pos_plane       11.064        11.554       1.044
  50.0   0.0417   0.0    -     5.0  1.0 | vel_range      0.15113       0.11218       0.742
  50.0   0.0417   0.0    -     5.0  1.0 | vel_inplane       0.2075       0.21097       1.017
  50.0   0.0417   0.0    -     5.0  1.0 | vel_plane     0.081429      0.076338       0.937
  50.0   0.0417   0.0    -     5.0  3.0 | pos_range        54.27        55.428       1.021
  50.0   0.0417   0.0    -     5.0  3.0 | pos_inplane       12.924         11.27       0.872
  50.0   0.0417   0.0    -     5.0  3.0 | pos_plane       10.741         11.27       1.049
  50.0   0.0417   0.0    -     5.0  3.0 | vel_range     0.035295      0.019202       0.544
  50.0   0.0417   0.0    -     5.0  3.0 | vel_inplane     0.032872      0.030254       0.920
  50.0   0.0417   0.0    -     5.0  3.0 | vel_plane     0.019239      0.015907       0.827
  50.0   0.0417   0.0    -    50.0  1.0 | pos_range       652.82        653.11       1.000
  50.0   0.0417   0.0    -    50.0  1.0 | pos_inplane        28.49          19.7       0.691
  50.0   0.0417   0.0    -    50.0  1.0 | pos_plane       18.885          19.7       1.043
  50.0   0.0417   0.0    -    50.0  1.0 | vel_range      0.49748       0.47784       0.961
  50.0   0.0417   0.0    -    50.0  1.0 | vel_inplane      0.47582       0.43536       0.915
  50.0   0.0417   0.0    -    50.0  1.0 | vel_plane     0.068212      0.065806       0.965
  50.0   0.0417   0.0    -    50.0  3.0 | pos_range       107.97        109.56       1.015
  50.0   0.0417   0.0    -    50.0  3.0 | pos_inplane       25.104        18.596       0.741
  50.0   0.0417   0.0    -    50.0  3.0 | pos_plane       17.842        18.596       1.042
  50.0   0.0417   0.0    -    50.0  3.0 | vel_range     0.086916      0.081592       0.939
  50.0   0.0417   0.0    -    50.0  3.0 | vel_inplane     0.090574      0.074809       0.826
  50.0   0.0417   0.0    -    50.0  3.0 | vel_plane     0.025588      0.023029       0.900
  50.0   0.0417   1.0  nor     5.0  1.0 | pos_range       380.11        380.29       1.000
  50.0   0.0417   1.0  nor     5.0  1.0 | pos_inplane       13.545        11.555       0.853
  50.0   0.0417   1.0  nor     5.0  1.0 | pos_plane       11.609        11.555       0.995
  50.0   0.0417   1.0  nor     5.0  1.0 | vel_range      0.13888       0.10294       0.741
  50.0   0.0417   1.0  nor     5.0  1.0 | vel_inplane      0.19039       0.19342       1.016
  50.0   0.0417   1.0  nor     5.0  1.0 | vel_plane     0.079388       0.07015       0.884
  50.0   0.0417   1.0  nor     5.0  3.0 | pos_range       54.206        55.366       1.021
  50.0   0.0417   1.0  nor     5.0  3.0 | pos_inplane       12.924         11.27       0.872
  50.0   0.0417   1.0  nor     5.0  3.0 | pos_plane        10.74         11.27       1.049
  50.0   0.0417   1.0  nor     5.0  3.0 | vel_range     0.035253      0.019189       0.544
  50.0   0.0417   1.0  nor     5.0  3.0 | vel_inplane     0.032843      0.030225       0.920
  50.0   0.0417   1.0  nor     5.0  3.0 | vel_plane     0.019092        0.0159       0.833
  50.0   0.0417   1.0  nor    50.0  1.0 | pos_range        635.2        635.51       1.000
  50.0   0.0417   1.0  nor    50.0  1.0 | pos_inplane       28.326        19.701       0.696
  50.0   0.0417   1.0  nor    50.0  1.0 | pos_plane       19.308        19.701       1.020
  50.0   0.0417   1.0  nor    50.0  1.0 | vel_range      0.48406       0.46497       0.961
  50.0   0.0417   1.0  nor    50.0  1.0 | vel_inplane      0.46302       0.42365       0.915
  50.0   0.0417   1.0  nor    50.0  1.0 | vel_plane     0.070669      0.064228       0.909
  50.0   0.0417   1.0  nor    50.0  3.0 | pos_range       107.86        109.45       1.015
  50.0   0.0417   1.0  nor    50.0  3.0 | pos_inplane       25.102        18.596       0.741
  50.0   0.0417   1.0  nor    50.0  3.0 | pos_plane       17.842        18.596       1.042
  50.0   0.0417   1.0  nor    50.0  3.0 | vel_range     0.086818      0.081518       0.939
  50.0   0.0417   1.0  nor    50.0  3.0 | vel_inplane     0.090485      0.074742       0.826
  50.0   0.0417   1.0  nor    50.0  3.0 | vel_plane     0.025437      0.023024       0.905
  50.0   0.0417   1.0  pro     5.0  1.0 | pos_range        421.9        422.06       1.000
  50.0   0.0417   1.0  pro     5.0  1.0 | pos_inplane       13.518        11.585       0.857
  50.0   0.0417   1.0  pro     5.0  1.0 | pos_plane       11.087        11.585       1.045
  50.0   0.0417   1.0  pro     5.0  1.0 | vel_range      0.12821       0.11409       0.890
  50.0   0.0417   1.0  pro     5.0  1.0 | vel_inplane      0.21042        0.2146       1.020
  50.0   0.0417   1.0  pro     5.0  1.0 | vel_plane     0.080228      0.077622       0.968
  50.0   0.0417   1.0  pro     5.0  3.0 | pos_range       56.198        57.321       1.020
  50.0   0.0417   1.0  pro     5.0  3.0 | pos_inplane       12.922         11.29       0.874
  50.0   0.0417   1.0  pro     5.0  3.0 | pos_plane       10.764         11.29       1.049
  50.0   0.0417   1.0  pro     5.0  3.0 | vel_range      0.03559      0.019613       0.551
  50.0   0.0417   1.0  pro     5.0  3.0 | vel_inplane     0.034033      0.031157       0.916
  50.0   0.0417   1.0  pro     5.0  3.0 | vel_plane     0.019439      0.016143       0.830
  50.0   0.0417   1.0  pro    50.0  1.0 | pos_range       699.57        699.85       1.000
  50.0   0.0417   1.0  pro    50.0  1.0 | pos_inplane        27.52        19.788       0.719
  50.0   0.0417   1.0  pro    50.0  1.0 | pos_plane       18.974        19.788       1.043
  50.0   0.0417   1.0  pro    50.0  1.0 | vel_range       0.5189       0.51199       0.987
  50.0   0.0417   1.0  pro    50.0  1.0 | vel_inplane      0.49343       0.46647       0.945
  50.0   0.0417   1.0  pro    50.0  1.0 | vel_plane     0.071655      0.070045       0.978
  50.0   0.0417   1.0  pro    50.0  3.0 | pos_range       111.17        112.73       1.014
  50.0   0.0417   1.0  pro    50.0  3.0 | pos_inplane       25.081        18.665       0.744
  50.0   0.0417   1.0  pro    50.0  3.0 | pos_plane       17.911        18.665       1.042
  50.0   0.0417   1.0  pro    50.0  3.0 | vel_range     0.089595       0.08388       0.936
  50.0   0.0417   1.0  pro    50.0  3.0 | vel_inplane     0.092225      0.076883       0.834
  50.0   0.0417   1.0  pro    50.0  3.0 | vel_plane     0.025808      0.023234       0.900
  50.0   0.2500   0.0    -     5.0  1.0 | pos_range       376.29        376.49       1.001
  50.0   0.2500   0.0    -     5.0  1.0 | pos_inplane       13.791         11.99       0.869
  50.0   0.2500   0.0    -     5.0  1.0 | pos_plane       12.489         11.99       0.960
  50.0   0.2500   0.0    -     5.0  1.0 | vel_range      0.13572       0.10184       0.750
  50.0   0.2500   0.0    -     5.0  1.0 | vel_inplane      0.18793       0.19237       1.024
  50.0   0.2500   0.0    -     5.0  1.0 | vel_plane      0.43279       0.40961       0.946
  50.0   0.2500   0.0    -     5.0  3.0 | pos_range       53.556        54.814       1.023
  50.0   0.2500   0.0    -     5.0  3.0 | pos_inplane        13.11        11.673       0.890
  50.0   0.2500   0.0    -     5.0  3.0 | pos_plane       11.445        11.673       1.020
  50.0   0.2500   0.0    -     5.0  3.0 | vel_range     0.033836      0.019338       0.572
  50.0   0.2500   0.0    -     5.0  3.0 | vel_inplane     0.032268      0.030224       0.937
  50.0   0.2500   0.0    -     5.0  3.0 | vel_plane     0.063392      0.059687       0.942
  50.0   0.2500   0.0    -    50.0  1.0 | pos_range       612.91        613.24       1.001
  50.0   0.2500   0.0    -    50.0  1.0 | pos_inplane       28.331        19.958       0.704
  50.0   0.2500   0.0    -    50.0  1.0 | pos_plane       19.529        19.958       1.022
  50.0   0.2500   0.0    -    50.0  1.0 | vel_range      0.46434       0.44807       0.965
  50.0   0.2500   0.0    -    50.0  1.0 | vel_inplane      0.44663       0.40846       0.915
  50.0   0.2500   0.0    -    50.0  1.0 | vel_plane      0.35707       0.35016       0.981
  50.0   0.2500   0.0    -    50.0  3.0 | pos_range       105.86        107.51       1.016
  50.0   0.2500   0.0    -    50.0  3.0 | pos_inplane       25.108        18.813       0.749
  50.0   0.2500   0.0    -    50.0  3.0 | pos_plane       18.233        18.813       1.032
  50.0   0.2500   0.0    -    50.0  3.0 | vel_range     0.084011      0.080056       0.953
  50.0   0.2500   0.0    -    50.0  3.0 | vel_inplane     0.088499      0.073463       0.830
  50.0   0.2500   0.0    -    50.0  3.0 | vel_plane     0.063504      0.063857       1.006
  50.0   0.2500   1.0  nor     5.0  1.0 | pos_range       331.58         331.8       1.001
  50.0   0.2500   1.0  nor     5.0  1.0 | pos_inplane       13.674        11.992       0.877
  50.0   0.2500   1.0  nor     5.0  1.0 | pos_plane         13.3        11.992       0.902
  50.0   0.2500   1.0  nor     5.0  1.0 | vel_range      0.12023      0.089959       0.748
  50.0   0.2500   1.0  nor     5.0  1.0 | vel_inplane      0.16593       0.16963       1.022
  50.0   0.2500   1.0  nor     5.0  1.0 | vel_plane      0.38547         0.361       0.937
  50.0   0.2500   1.0  nor     5.0  3.0 | pos_range       53.404        54.665       1.024
  50.0   0.2500   1.0  nor     5.0  3.0 | pos_inplane        13.11        11.673       0.890
  50.0   0.2500   1.0  nor     5.0  3.0 | pos_plane       11.437        11.673       1.021
  50.0   0.2500   1.0  nor     5.0  3.0 | vel_range      0.03367      0.019307       0.573
  50.0   0.2500   1.0  nor     5.0  3.0 | vel_inplane      0.03219      0.030154       0.937
  50.0   0.2500   1.0  nor     5.0  3.0 | vel_plane     0.062853      0.059526       0.947
  50.0   0.2500   1.0  nor    50.0  1.0 | pos_range       584.14        584.49       1.001
  50.0   0.2500   1.0  nor    50.0  1.0 | pos_inplane       28.062         19.96       0.711
  50.0   0.2500   1.0  nor    50.0  1.0 | pos_plane       20.235         19.96       0.986
  50.0   0.2500   1.0  nor    50.0  1.0 | vel_range      0.44251       0.42709       0.965
  50.0   0.2500   1.0  nor    50.0  1.0 | vel_inplane      0.42575       0.38934       0.914
  50.0   0.2500   1.0  nor    50.0  1.0 | vel_plane      0.34444       0.33379       0.969
  50.0   0.2500   1.0  nor    50.0  3.0 | pos_range       105.51        107.17       1.016
  50.0   0.2500   1.0  nor    50.0  3.0 | pos_inplane       25.102        18.813       0.749
  50.0   0.2500   1.0  nor    50.0  3.0 | pos_plane       18.227        18.813       1.032
  50.0   0.2500   1.0  nor    50.0  3.0 | vel_range     0.083648      0.079811       0.954
  50.0   0.2500   1.0  nor    50.0  3.0 | vel_inplane      0.08817      0.073241       0.831
  50.0   0.2500   1.0  nor    50.0  3.0 | vel_plane     0.062949       0.06367       1.011
  50.0   0.2500   1.0  pro     5.0  1.0 | pos_range       383.97        384.16       1.000
  50.0   0.2500   1.0  pro     5.0  1.0 | pos_inplane       13.703        12.024       0.877
  50.0   0.2500   1.0  pro     5.0  1.0 | pos_plane        12.21        12.024       0.985
  50.0   0.2500   1.0  pro     5.0  1.0 | vel_range      0.11573       0.10389       0.898
  50.0   0.2500   1.0  pro     5.0  1.0 | vel_inplane       0.1911       0.19628       1.027
  50.0   0.2500   1.0  pro     5.0  1.0 | vel_plane      0.42766       0.41796       0.977
  50.0   0.2500   1.0  pro     5.0  3.0 | pos_range        55.25        56.474       1.022
  50.0   0.2500   1.0  pro     5.0  3.0 | pos_inplane       13.106        11.696       0.892
  50.0   0.2500   1.0  pro     5.0  3.0 | pos_plane       11.469        11.696       1.020
  50.0   0.2500   1.0  pro     5.0  3.0 | vel_range     0.033977      0.019694       0.580
  50.0   0.2500   1.0  pro     5.0  3.0 | vel_inplane     0.033311      0.031017       0.931
  50.0   0.2500   1.0  pro     5.0  3.0 | vel_plane     0.064688      0.061492       0.951
  50.0   0.2500   1.0  pro    50.0  1.0 | pos_range       653.85        654.15       1.000
  50.0   0.2500   1.0  pro    50.0  1.0 | pos_inplane       27.452        20.048       0.730
  50.0   0.2500   1.0  pro    50.0  1.0 | pos_plane       19.583        20.048       1.024
  50.0   0.2500   1.0  pro    50.0  1.0 | vel_range      0.48217       0.47793       0.991
  50.0   0.2500   1.0  pro    50.0  1.0 | vel_inplane      0.46106       0.43566       0.945
  50.0   0.2500   1.0  pro    50.0  1.0 | vel_plane      0.37576       0.37346       0.994
  50.0   0.2500   1.0  pro    50.0  3.0 | pos_range       108.56        110.19       1.015
  50.0   0.2500   1.0  pro    50.0  3.0 | pos_inplane       25.086        18.885       0.753
  50.0   0.2500   1.0  pro    50.0  3.0 | pos_plane       18.303        18.885       1.032
  50.0   0.2500   1.0  pro    50.0  3.0 | vel_range     0.086224      0.081983       0.951
  50.0   0.2500   1.0  pro    50.0  3.0 | vel_inplane     0.089736      0.075212       0.838
  50.0   0.2500   1.0  pro    50.0  3.0 | vel_plane     0.064833      0.065341       1.008
  50.0   1.0000   0.0    -     5.0  1.0 | pos_range       231.27         231.8       1.002
  50.0   1.0000   0.0    -     5.0  1.0 | pos_inplane       15.851        15.598       0.984
  50.0   1.0000   0.0    -     5.0  1.0 | pos_plane       18.488        15.598       0.844
  50.0   1.0000   0.0    -     5.0  1.0 | vel_range     0.081597      0.063112       0.773
  50.0   1.0000   0.0    -     5.0  1.0 | vel_inplane      0.11448       0.12725       1.112
  50.0   1.0000   0.0    -     5.0  1.0 | vel_plane       1.0609        1.0066       0.949
  50.0   1.0000   0.0    -     5.0  3.0 | pos_range       49.729        51.925       1.044
  50.0   1.0000   0.0    -     5.0  3.0 | pos_inplane       15.073        14.941       0.991
  50.0   1.0000   0.0    -     5.0  3.0 | pos_plane       15.504        14.941       0.964
  50.0   1.0000   0.0    -     5.0  3.0 | vel_range     0.028621      0.021087       0.737
  50.0   1.0000   0.0    -     5.0  3.0 | vel_inplane     0.029604      0.031767       1.073
  50.0   1.0000   0.0    -     5.0  3.0 | vel_plane      0.22167       0.21704       0.979
  50.0   1.0000   0.0    -    50.0  1.0 | pos_range       433.47        434.07       1.001
  50.0   1.0000   0.0    -    50.0  1.0 | pos_inplane       28.816        22.864       0.793
  50.0   1.0000   0.0    -    50.0  1.0 | pos_plane       25.192        22.864       0.908
  50.0   1.0000   0.0    -    50.0  1.0 | vel_range      0.30937       0.31061       1.004
  50.0   1.0000   0.0    -    50.0  1.0 | vel_inplane       0.3169       0.28544       0.901
  50.0   1.0000   0.0    -    50.0  1.0 | vel_plane       1.0046       0.98888       0.984
  50.0   1.0000   0.0    -    50.0  3.0 | pos_range       96.042        98.361       1.024
  50.0   1.0000   0.0    -    50.0  3.0 | pos_inplane       25.587        21.229       0.830
  50.0   1.0000   0.0    -    50.0  3.0 | pos_plane       21.824        21.229       0.973
  50.0   1.0000   0.0    -    50.0  3.0 | vel_range     0.069355      0.072515       1.046
  50.0   1.0000   0.0    -    50.0  3.0 | vel_inplane     0.078787      0.067246       0.854
  50.0   1.0000   0.0    -    50.0  3.0 | vel_plane      0.21324       0.22029       1.033
  50.0   1.0000   1.0  nor     5.0  1.0 | pos_range       207.81        208.39       1.003
  50.0   1.0000   1.0  nor     5.0  1.0 | pos_inplane       15.767        15.603       0.990
  50.0   1.0000   1.0  nor     5.0  1.0 | pos_plane       18.924        15.603       0.825
  50.0   1.0000   1.0  nor     5.0  1.0 | vel_range     0.074349      0.057215       0.770
  50.0   1.0000   1.0  nor     5.0  1.0 | vel_inplane      0.10298       0.11459       1.113
  50.0   1.0000   1.0  nor     5.0  1.0 | vel_plane      0.95745       0.90447       0.945
  50.0   1.0000   1.0  nor     5.0  3.0 | pos_range       49.782        51.976       1.044
  50.0   1.0000   1.0  nor     5.0  3.0 | pos_inplane       15.073         14.94       0.991
  50.0   1.0000   1.0  nor     5.0  3.0 | pos_plane       15.476         14.94       0.965
  50.0   1.0000   1.0  nor     5.0  3.0 | vel_range     0.028486      0.021094       0.741
  50.0   1.0000   1.0  nor     5.0  3.0 | vel_inplane      0.02963      0.031791       1.073
  50.0   1.0000   1.0  nor     5.0  3.0 | vel_plane      0.22105       0.21727       0.983
  50.0   1.0000   1.0  nor    50.0  1.0 | pos_range        408.8        409.44       1.002
  50.0   1.0000   1.0  nor    50.0  1.0 | pos_inplane       28.597        22.871       0.800
  50.0   1.0000   1.0  nor    50.0  1.0 | pos_plane       25.981        22.871       0.880
  50.0   1.0000   1.0  nor    50.0  1.0 | vel_range      0.29166       0.29305       1.005
  50.0   1.0000   1.0  nor    50.0  1.0 | vel_inplane      0.29923       0.26933       0.900
  50.0   1.0000   1.0  nor    50.0  1.0 | vel_plane      0.95112       0.93264       0.981
  50.0   1.0000   1.0  nor    50.0  3.0 | pos_range       95.885        98.207       1.024
  50.0   1.0000   1.0  nor    50.0  3.0 | pos_inplane       25.585        21.227       0.830
  50.0   1.0000   1.0  nor    50.0  3.0 | pos_plane       21.792        21.227       0.974
  50.0   1.0000   1.0  nor    50.0  3.0 | vel_range     0.069109      0.072408       1.048
  50.0   1.0000   1.0  nor    50.0  3.0 | vel_inplane      0.07853      0.067149       0.855
  50.0   1.0000   1.0  nor    50.0  3.0 | vel_plane      0.21235       0.21993       1.036
  50.0   1.0000   1.0  pro     5.0  1.0 | pos_range       235.19        235.71       1.002
  50.0   1.0000   1.0  pro     5.0  1.0 | pos_inplane       15.848        15.662       0.988
  50.0   1.0000   1.0  pro     5.0  1.0 | pos_plane       17.899        15.662       0.875
  50.0   1.0000   1.0  pro     5.0  1.0 | vel_range     0.070328       0.06412       0.912
  50.0   1.0000   1.0  pro     5.0  1.0 | vel_inplane      0.11547       0.12938       1.120
  50.0   1.0000   1.0  pro     5.0  1.0 | vel_plane       1.0489        1.0236       0.976
  50.0   1.0000   1.0  pro     5.0  3.0 | pos_range       50.658        52.828       1.043
  50.0   1.0000   1.0  pro     5.0  3.0 | pos_inplane       15.063        14.986       0.995
  50.0   1.0000   1.0  pro     5.0  3.0 | pos_plane       15.499        14.986       0.967
  50.0   1.0000   1.0  pro     5.0  3.0 | vel_range     0.028105      0.021277       0.757
  50.0   1.0000   1.0  pro     5.0  3.0 | vel_inplane     0.030418      0.032226       1.059
  50.0   1.0000   1.0  pro     5.0  3.0 | vel_plane      0.22065       0.22107       1.002
  50.0   1.0000   1.0  pro    50.0  1.0 | pos_range        449.5        450.09       1.001
  50.0   1.0000   1.0  pro    50.0  1.0 | pos_inplane       28.316        22.982       0.812
  50.0   1.0000   1.0  pro    50.0  1.0 | pos_plane       25.037        22.982       0.918
  50.0   1.0000   1.0  pro    50.0  1.0 | vel_range      0.31192       0.32203       1.032
  50.0   1.0000   1.0  pro    50.0  1.0 | vel_inplane      0.31812       0.29593       0.930
  50.0   1.0000   1.0  pro    50.0  1.0 | vel_plane       1.0278        1.0254       0.998
  50.0   1.0000   1.0  pro    50.0  3.0 | pos_range         96.5        98.829       1.024
  50.0   1.0000   1.0  pro    50.0  3.0 | pos_inplane        25.58        21.326       0.834
  50.0   1.0000   1.0  pro    50.0  3.0 | pos_plane       21.899        21.326       0.974
  50.0   1.0000   1.0  pro    50.0  3.0 | vel_range     0.069531      0.072859       1.048
  50.0   1.0000   1.0  pro    50.0  3.0 | vel_inplane     0.077915      0.067565       0.867
  50.0   1.0000   1.0  pro    50.0  3.0 | vel_plane       0.2132       0.22134       1.038

=== rank-1 scale model vs exact CRLB, per component ===
   component     n      p05   median      p95  within 1.5x
   pos_range   300    1.000    1.000    1.023      100.00%
 pos_inplane   300    0.448    0.793    1.279       73.33%
   pos_plane   300    0.535    0.987    1.054       89.33%
   vel_range   300    0.499    1.004    1.531       80.00%
 vel_inplane   300    0.826    0.999    1.335       98.00%
   vel_plane   300    0.736    1.002    1.168       95.67%

wrote /Users/pete/space_training/web_data/results/n3d_rank1_scale_model.csv (1800 rows)
