Gym has been unmaintained since 2022 and does not support NumPy 2.0 amongst other critical functionality.
Please upgrade to Gymnasium, the maintained drop-in replacement of Gym, or contact the authors of your software and request that they upgrade.
See the migration guide at https://gymnasium.farama.org/introduction/migration_guide/ for additional information.
W0413 19:00:49.820000 46740 site-packages/torch/distributed/elastic/multiprocessing/redirects.py:29] NOTE: Redirects are currently not supported in Windows or MacOs.
Gym has been unmaintained since 2022 and does not support NumPy 2.0 amongst other critical functionality.
Please upgrade to Gymnasium, the maintained drop-in replacement of Gym, or contact the authors of your software and request that they upgrade.
See the migration guide at https://gymnasium.farama.org/introduction/migration_guide/ for additional information.
Gym has been unmaintained since 2022 and does not support NumPy 2.0 amongst other critical functionality.
Please upgrade to Gymnasium, the maintained drop-in replacement of Gym, or contact the authors of your software and request that they upgrade.
See the migration guide at https://gymnasium.farama.org/introduction/migration_guide/ for additional information.
W0413 19:00:51.841000 46747 site-packages/torch/distributed/elastic/multiprocessing/redirects.py:29] NOTE: Redirects are currently not supported in Windows or MacOs.
W0413 19:00:51.848000 46746 site-packages/torch/distributed/elastic/multiprocessing/redirects.py:29] NOTE: Redirects are currently not supported in Windows or MacOs.
[0;0H╭──────────────────────────────────────────────────────────────────────────────╮
│  PufferLib 3.0 🐡             CPU: 0.0%  GPU: 0.0%  DRAM: 14.2%  VRAM: 0.0%  │
│                                                                              │
│  Summary          Value    Evaluate      0s   0%    Losses            Value  │
│  Env       puffer_orbi…      Forwa…      0s   0%                             │
│  Params          136.5K      Env         0s   0%                             │
│  Steps                0      Copy        0s   0%                             │
│  SPS                  0      Misc        0s   0%                             │
│  Epoch                0    Train         0s   0%                             │
│  Uptime              0s      Forwa…      0s   0%                             │
│  Remaini…   A hair past      Learn       0s   0%                             │
│               a freckle      Copy        0s   0%                             │
│                              Misc        0s   0%                             │
│                                                                              │
│  User Stats                    Value    User Stats                    Value  │
╰──────────────────────────────────────────────────────────────────────────────╯

[0;0H╭──────────────────────────────────────────────────────────────────────────────╮
│  PufferLib 3.0          🐡      CPU:     GPU: 0.0%  DRAM: 23.6%  VRAM: 0.0%  │
│                                234.8%                                        │
│                                                                              │
│  Summary          Value    Evaluate      0s   0%    Losses            Value  │
│  Env       puffer_orbi…      Forwa…      0s   0%    policy_loss      -0.010  │
│  Params          136.5K      Env         0s   0%    value_loss        0.048  │
│  Steps           131.1K      Copy        0s   0%    entropy           1.943  │
│  SPS              25.2K      Misc        0s   0%    old_approx_kl     0.002  │
│  Epoch                1    Train         0s   0%    approx_kl         0.002  │
│  Uptime              5s      Forwa…      0s   0%    clipfrac          0.003  │
│  Remaini…       19m 44s      Learn       0s   0%    importance        1.000  │
│                              Copy        0s   0%    explained_var…    0.078  │
│                              Misc        0s   0%                             │
│                                                                              │
│  User Stats                    Value    User Stats                    Value  │
╰──────────────────────────────────────────────────────────────────────────────╯

[0;0H╭──────────────────────────────────────────────────────────────────────────────╮
│  PufferLib 3.0         🐡       CPU:     GPU: 0.0%  DRAM: 24.0%  VRAM: 0.0%  │
│                                248.8%                                        │
│                                                                              │
│  Summary          Value    Evaluate      0s   0%    Losses            Value  │
│  Env       puffer_orbi…      Forwa…      0s   0%    policy_loss      -0.010  │
│  Params          136.5K      Env         0s   0%    value_loss        0.029  │
│  Steps           262.1K      Copy        0s   0%    entropy           1.919  │
│  SPS             101.3K      Misc        0s   0%    old_approx_kl     0.006  │
│  Epoch                2    Train         0s   0%    approx_kl         0.006  │
│  Uptime              6s      Forwa…      0s   0%    clipfrac          0.098  │
│  Remaini…        4m 53s      Learn       0s   0%    importance        1.000  │
│                              Copy        0s   0%    explained_var…    0.038  │
│                              Misc        0s   0%                             │
│                                                                              │
│  User Stats                    Value    User Stats                    Value  │
╰──────────────────────────────────────────────────────────────────────────────╯

[0;0H╭──────────────────────────────────────────────────────────────────────────────╮
│  PufferLib 3.0        🐡        CPU:     GPU: 0.0%  DRAM: 24.4%  VRAM: 0.0%  │
│                                265.5%                                        │
│                                                                              │
│  Summary          Value    Evaluate      0s   0%    Losses            Value  │
│  Env       puffer_orbi…      Forwa…      0s   0%    policy_loss      -0.004  │
│  Params          136.5K      Env         0s   0%    value_loss        0.018  │
│  Steps           393.2K      Copy        0s   0%    entropy           1.873  │
│  SPS              98.8K      Misc        0s   0%    old_approx_kl     0.008  │
│  Epoch                3    Train         0s   0%    approx_kl         0.007  │
│  Uptime              7s      Forwa…      0s   0%    clipfrac          0.112  │
│  Remaini…        4m 59s      Learn       0s   0%    importance        0.999  │
│                              Copy        0s   0%    explained_var…    0.098  │
│                              Misc        0s   0%                             │
│                                                                              │
│  User Stats                    Value    User Stats                    Value  │
│  perf                          0.024    episode_return               -9.581  │
│  episode_length               25.755    fuel_used                     0.150  │
│  n                          4527.500                                         │
╰──────────────────────────────────────────────────────────────────────────────╯

[0;0H╭──────────────────────────────────────────────────────────────────────────────╮
│  PufferLib 3.0       🐡         CPU:     GPU: 0.0%  DRAM: 24.8%  VRAM: 0.0%  │
│                                289.5%                                        │
│                                                                              │
│  Summary          Value    Evaluate      0s   0%    Losses            Value  │
│  Env       puffer_orbi…      Forwa…      0s   0%    policy_loss       0.011  │
│  Params          136.5K      Env         0s   0%    value_loss        0.016  │
│  Steps           524.3K      Copy        0s   0%    entropy           1.805  │
│  SPS              94.6K      Misc        0s   0%    old_approx_kl     0.007  │
│  Epoch                4    Train         0s   0%    approx_kl         0.008  │
│  Uptime              9s      Forwa…      0s   0%    clipfrac          0.107  │
│  Remaini…        5m 11s      Learn       0s   0%    importance        1.000  │
│                              Copy        0s   0%    explained_var…    0.210  │
│                              Misc        0s   0%                             │
│                                                                              │
│  User Stats                    Value    User Stats                    Value  │
│  perf                          0.024    episode_return               -9.581  │
│  episode_length               25.755    fuel_used                     0.150  │
│  n                          4527.500                                         │
╰──────────────────────────────────────────────────────────────────────────────╯

[0;0H╭──────────────────────────────────────────────────────────────────────────────╮
│  PufferLib 3.0      🐡          CPU:     GPU: 0.0%  DRAM: 25.0%  VRAM: 0.0%  │
│                                300.3%                                        │
│                                                                              │
│  Summary          Value    Evaluate      1s   0%    Losses            Value  │
│  Env       puffer_orbi…      Forwa…      1s   0%    policy_loss       0.019  │
│  Params          136.5K      Env         0s   0%    value_loss        0.016  │
│  Steps           655.4K      Copy        0s   0%    entropy           1.741  │
│  SPS              95.5K      Misc        0s   0%    old_approx_kl     0.007  │
│  Epoch                5    Train         5s   0%    approx_kl         0.007  │
│  Uptime             10s      Forwa…      2s   0%    clipfrac          0.085  │
│  Remaini…         5m 7s      Learn       2s   0%    importance        1.000  │
│                              Copy        0s   0%    explained_var…    0.371  │
│                              Misc        0s   0%                             │
│                                                                              │
│  User Stats                    Value    User Stats                    Value  │
│  perf                          0.028    episode_return               -9.495  │
│  episode_length               33.329    fuel_used                     0.150  │
│  n                          3783.500                                         │
╰──────────────────────────────────────────────────────────────────────────────╯

[0;0H╭──────────────────────────────────────────────────────────────────────────────╮
│  PufferLib 3.0     🐡           CPU:     GPU: 0.0%  DRAM: 25.1%  VRAM: 0.0%  │
│                                311.2%                                        │
│                                                                              │
│  Summary          Value    Evaluate      1s  24%    Losses            Value  │
│  Env       puffer_orbi…      Forwa…      1s  22%    policy_loss       0.023  │
│  Params          136.5K      Env         0s   0%    value_loss        0.016  │
│  Steps           786.4K      Copy        0s   1%    entropy           1.645  │
│  SPS             100.7K      Misc        0s   0%    old_approx_kl     0.007  │
│  Epoch                6    Train         5s  75%    approx_kl         0.006  │
│  Uptime             11s      Forwa…      2s  32%    clipfrac          0.096  │
│  Remaini…        4m 50s      Learn       2s  40%    importance        1.000  │
│                              Copy        0s   0%    explained_var…    0.522  │
│                              Misc        0s   1%                             │
│                                                                              │
│  User Stats                    Value    User Stats                    Value  │
│  perf                          0.028    episode_return               -9.495  │
│  episode_length               33.329    fuel_used                     0.150  │
│  n                          3783.500                                         │
╰──────────────────────────────────────────────────────────────────────────────╯

[0;0H╭──────────────────────────────────────────────────────────────────────────────╮
│  PufferLib 3.0    🐡            CPU:     GPU: 0.0%  DRAM: 25.2%  VRAM: 0.0%  │
│                                321.3%                                        │
│                                                                              │
│  Summary          Value    Evaluate      1s  24%    Losses            Value  │
│  Env       puffer_orbi…      Forwa…      1s  22%    policy_loss       0.034  │
│  Params          136.5K      Env         0s   0%    value_loss        0.025  │
│  Steps           917.5K      Copy        0s   1%    entropy           1.576  │
│  SPS              96.4K      Misc        0s   0%    old_approx_kl     0.005  │
│  Epoch                7    Train         5s  75%    approx_kl         0.005  │
│  Uptime             13s      Forwa…      2s  32%    clipfrac          0.064  │
│  Remaini…         5m 1s      Learn       2s  40%    importance        1.000  │
│                              Copy        0s   0%    explained_var…    0.479  │
│                              Misc        0s   1%                             │
│                                                                              │
│  User Stats                    Value    User Stats                    Value  │
│  perf                          0.048    episode_return               -9.142  │
│  episode_length               43.485    fuel_used                     0.149  │
│  n                          2852.500                                         │
╰──────────────────────────────────────────────────────────────────────────────╯

[0;0H╭──────────────────────────────────────────────────────────────────────────────╮
│  PufferLib 3.0   🐡             CPU:     GPU: 0.0%  DRAM: 25.2%  VRAM: 0.0%  │
│                                325.9%                                        │
│                                                                              │
│  Summary          Value    Evaluate      1s  24%    Losses            Value  │
│  Env       puffer_orbi…      Forwa…      1s  22%    policy_loss       0.038  │
│  Params          136.5K      Env         0s   0%    value_loss        0.028  │
│  Steps             1.0M      Copy        0s   1%    entropy           1.490  │
│  SPS              98.2K      Misc        0s   0%    old_approx_kl     0.004  │
│  Epoch                8    Train         5s  75%    approx_kl         0.005  │
│  Uptime             14s      Forwa…      2s  32%    clipfrac          0.052  │
│  Remaini…        4m 54s      Learn       2s  40%    importance        1.000  │
│                              Copy        0s   0%    explained_var…    0.522  │
│                              Misc        0s   1%                             │
│                                                                              │
│  User Stats                    Value    User Stats                    Value  │
│  perf                          0.048    episode_return               -9.142  │
│  episode_length               43.485    fuel_used                     0.149  │
│  n                          2852.500                                         │
╰──────────────────────────────────────────────────────────────────────────────╯

[0;0H╭──────────────────────────────────────────────────────────────────────────────╮
│  PufferLib 3.0  🐡              CPU:     GPU: 0.0%  DRAM: 25.3%  VRAM: 0.0%  │
│                                330.9%                                        │
│                                                                              │
│  Summary          Value    Evaluate      1s  24%    Losses            Value  │
│  Env       puffer_orbi…      Forwa…      1s  22%    policy_loss       0.038  │
│  Params          136.5K      Env         0s   0%    value_loss        0.027  │
│  Steps             1.2M      Copy        0s   1%    entropy           1.362  │
│  SPS             107.6K      Misc        0s   0%    old_approx_kl     0.006  │
│  Epoch                9    Train         5s  75%    approx_kl         0.006  │
│  Uptime             15s      Forwa…      2s  32%    clipfrac          0.068  │
│  Remaini…        4m 27s      Learn       2s  40%    importance        0.999  │
│                              Copy        0s   0%    explained_var…    0.593  │
│                              Misc        0s   1%                             │
│                                                                              │
│  User Stats                    Value    User Stats                    Value  │
│  perf                          0.094    episode_return               -8.362  │
│  episode_length               53.895    fuel_used                     0.149  │
│  n                          2337.500                                         │
╰──────────────────────────────────────────────────────────────────────────────╯

[0;0H╭──────────────────────────────────────────────────────────────────────────────╮
│  PufferLib 3.0 🐡               CPU:     GPU: 0.0%  DRAM: 25.3%  VRAM: 0.0%  │
│                                335.6%                                        │
│                                                                              │
│  Summary          Value    Evaluate      3s  24%    Losses            Value  │
│  Env       puffer_orbi…      Forwa…      3s  22%    policy_loss       0.042  │
│  Params          136.5K      Env         0s   0%    value_loss        0.030  │
│  Steps             1.3M      Copy        0s   1%    entropy           1.240  │
│  SPS              99.9K      Misc        0s   0%    old_approx_kl     0.005  │
│  Epoch               10    Train         9s  75%    approx_kl         0.005  │
│  Uptime             17s      Forwa…      4s  32%    clipfrac          0.066  │
│  Remaini…        4m 47s      Learn       5s  40%    importance        1.000  │
│                              Copy        0s   0%    explained_var…    0.633  │
│                              Misc        0s   1%                             │
│                                                                              │
│  User Stats                    Value    User Stats                    Value  │
│  perf                          0.094    episode_return               -8.362  │
│  episode_length               53.895    fuel_used                     0.149  │
│  n                          2337.500                                         │
╰──────────────────────────────────────────────────────────────────────────────╯

[0;0H╭──────────────────────────────────────────────────────────────────────────────╮
│  PufferLib 3.0          🐡      CPU:     GPU: 0.0%  DRAM: 25.3%  VRAM: 0.0%  │
│                                339.7%                                        │
│                                                                              │
│  Summary          Value    Evaluate      3s  26%    Losses            Value  │
│  Env       puffer_orbi…      Forwa…      3s  24%    policy_loss       0.039  │
│  Params          136.5K      Env         0s   0%    value_loss        0.026  │
│  Steps             1.4M      Copy        0s   1%    entropy           1.130  │
│  SPS             100.5K      Misc        0s   0%    old_approx_kl     0.005  │
│  Epoch               11    Train         9s  73%    approx_kl         0.005  │
│  Uptime             18s      Forwa…      4s  31%    clipfrac          0.061  │
│  Remaini…        4m 44s      Learn       5s  39%    importance        1.000  │
│                              Copy        0s   0%    explained_var…    0.730  │
│                              Misc        0s   1%                             │
│                                                                              │
│  User Stats                    Value    User Stats                    Value  │
│  perf                          0.142    episode_return               -7.553  │
│  episode_length               66.636    fuel_used                     0.149  │
│  n                          1794.500                                         │
╰──────────────────────────────────────────────────────────────────────────────╯

[0;0H╭──────────────────────────────────────────────────────────────────────────────╮
│  PufferLib 3.0         🐡       CPU:     GPU: 0.0%  DRAM: 26.6%  VRAM: 0.0%  │
│                                360.3%                                        │
│                                                                              │
│  Summary          Value    Evaluate      3s  26%    Losses            Value  │
│  Env       puffer_orbi…      Forwa…      3s  24%    policy_loss       0.036  │
│  Params          136.5K      Env         0s   0%    value_loss        0.025  │
│  Steps             1.6M      Copy        0s   1%    entropy           1.030  │
│  SPS              94.4K      Misc        0s   0%    old_approx_kl     0.005  │
│  Epoch               12    Train         9s  73%    approx_kl         0.005  │
│  Uptime             19s      Forwa…      4s  31%    clipfrac          0.063  │
│  Remaini…         5m 1s      Learn       5s  39%    importance        1.000  │
│                              Copy        0s   0%    explained_var…    0.794  │
│                              Misc        0s   1%                             │
│                                                                              │
│  User Stats                    Value    User Stats                    Value  │
│  perf                          0.142    episode_return               -7.553  │
│  episode_length               66.636    fuel_used                     0.149  │
│  n                          1794.500                                         │
╰──────────────────────────────────────────────────────────────────────────────╯

[0;0H╭──────────────────────────────────────────────────────────────────────────────╮
│  PufferLib 3.0        🐡        CPU:     GPU: 0.0%  DRAM: 26.4%  VRAM: 0.0%  │
│                                384.7%                                        │
│                                                                              │
│  Summary          Value    Evaluate      3s  26%    Losses            Value  │
│  Env       puffer_orbi…      Forwa…      3s  24%    policy_loss       0.021  │
│  Params          136.5K      Env         0s   0%    value_loss        0.021  │
│  Steps             1.7M      Copy        0s   1%    entropy           0.948  │
│  SPS              93.4K      Misc        0s   0%    old_approx_kl     0.006  │
│  Epoch               13    Train         9s  73%    approx_kl         0.006  │
│  Uptime             21s      Forwa…      4s  31%    clipfrac          0.081  │
│  Remaini…         5m 2s      Learn       5s  39%    importance        1.000  │
│                              Copy        0s   0%    explained_var…    0.853  │
│                              Misc        0s   1%                             │
│                                                                              │
│  User Stats                    Value    User Stats                    Value  │
│  perf                          0.239    episode_return               -5.900  │
│  episode_length               85.136    fuel_used                     0.148  │
│  n                          1372.000                                         │
╰──────────────────────────────────────────────────────────────────────────────╯

[0;0H╭──────────────────────────────────────────────────────────────────────────────╮
│  PufferLib 3.0       🐡         CPU:     GPU: 0.0%  DRAM: 26.3%  VRAM: 0.0%  │
│                                380.4%                                        │
│                                                                              │
│  Summary          Value    Evaluate      3s  26%    Losses            Value  │
│  Env       puffer_orbi…      Forwa…      3s  24%    policy_loss       0.012  │
│  Params          136.5K      Env         0s   0%    value_loss        0.016  │
│  Steps             1.8M      Copy        0s   1%    entropy           0.882  │
│  SPS              92.7K      Misc        0s   0%    old_approx_kl     0.007  │
│  Epoch               14    Train         9s  73%    approx_kl         0.006  │
│  Uptime             22s      Forwa…      4s  31%    clipfrac          0.083  │
│  Remaini…         5m 3s      Learn       5s  39%    importance        1.000  │
│                              Copy        0s   0%    explained_var…    0.877  │
│                              Misc        0s   1%                             │
│                                                                              │
│  User Stats                    Value    User Stats                    Value  │
│  perf                          0.239    episode_return               -5.900  │
│  episode_length               85.136    fuel_used                     0.148  │
│  n                          1372.000                                         │
╰──────────────────────────────────────────────────────────────────────────────╯

[0;0H╭──────────────────────────────────────────────────────────────────────────────╮
│  PufferLib 3.0      🐡          CPU:     GPU: 0.0%  DRAM: 26.3%  VRAM: 0.0%  │
│                                383.8%                                        │
│                                                                              │
│  Summary          Value    Evaluate      5s  26%    Losses            Value  │
│  Env       puffer_orbi…      Forwa…      4s  24%    policy_loss      -0.009  │
│  Params          136.5K      Env         0s   0%    value_loss        0.010  │
│  Steps             2.0M      Copy        0s   1%    entropy           0.784  │
│  SPS              95.5K      Misc        0s   0%    old_approx_kl     0.009  │
│  Epoch               15    Train        15s  73%    approx_kl         0.008  │
│  Uptime             24s      Forwa…      6s  31%    clipfrac          0.099  │
│  Remaini…        4m 53s      Learn       8s  39%    importance        1.000  │
│                              Copy        0s   0%    explained_var…    0.893  │
│                              Misc        0s   1%                             │
│                                                                              │
│  User Stats                    Value    User Stats                    Value  │
│  perf                          0.333    episode_return               -4.305  │
│  episode_length              104.377    fuel_used                     0.147  │
│  n                          1061.000                                         │
╰──────────────────────────────────────────────────────────────────────────────╯

[0;0H╭──────────────────────────────────────────────────────────────────────────────╮
│  PufferLib 3.0     🐡           CPU:     GPU: 0.0%  DRAM: 26.3%  VRAM: 0.0%  │
│                                397.0%                                        │
│                                                                              │
│  Summary          Value    Evaluate      5s  25%    Losses            Value  │
│  Env       puffer_orbi…      Forwa…      4s  22%    policy_loss      -0.012  │
│  Params          136.5K      Env         0s   0%    value_loss        0.008  │
│  Steps             2.1M      Copy        0s   1%    entropy           0.650  │
│  SPS              95.0K      Misc        0s   0%    old_approx_kl     0.010  │
│  Epoch               16    Train        15s  74%    approx_kl         0.009  │
│  Uptime             25s      Forwa…      6s  31%    clipfrac          0.107  │
│  Remaini…        4m 53s      Learn       8s  40%    importance        1.000  │
│                              Copy        0s   0%    explained_var…    0.890  │
│                              Misc        0s   1%                             │
│                                                                              │
│  User Stats                    Value    User Stats                    Value  │
│  perf                          0.333    episode_return               -4.305  │
│  episode_length              104.377    fuel_used                     0.147  │
│  n                          1061.000                                         │
╰──────────────────────────────────────────────────────────────────────────────╯

[0;0H╭──────────────────────────────────────────────────────────────────────────────╮
│  PufferLib 3.0    🐡            CPU:     GPU: 0.0%  DRAM: 26.2%  VRAM: 0.0%  │
│                                399.1%                                        │
│                                                                              │
│  Summary          Value    Evaluate      5s  25%    Losses            Value  │
│  Env       puffer_orbi…      Forwa…      4s  22%    policy_loss      -0.014  │
│  Params          136.5K      Env         0s   0%    value_loss        0.008  │
│  Steps             2.2M      Copy        0s   1%    entropy           0.581  │
│  SPS             100.2K      Misc        0s   0%    old_approx_kl     0.009  │
│  Epoch               17    Train        15s  74%    approx_kl         0.009  │
│  Uptime             26s      Forwa…      6s  31%    clipfrac          0.096  │
│  Remaini…        4m 37s      Learn       8s  40%    importance        1.000  │
│                              Copy        0s   0%    explained_var…    0.869  │
│                              Misc        0s   1%                             │
│                                                                              │
│  User Stats                    Value    User Stats                    Value  │
│  perf                          0.223    episode_return               -6.109  │
│  episode_length              134.967    fuel_used                     0.147  │
│  n                           707.000                                         │
╰──────────────────────────────────────────────────────────────────────────────╯

[0;0H╭──────────────────────────────────────────────────────────────────────────────╮
│  PufferLib 3.0   🐡             CPU:     GPU: 0.0%  DRAM: 26.2%  VRAM: 0.0%  │
│                                398.5%                                        │
│                                                                              │
│  Summary          Value    Evaluate      5s  25%    Losses            Value  │
│  Env       puffer_orbi…      Forwa…      4s  22%    policy_loss      -0.017  │
│  Params          136.5K      Env         0s   0%    value_loss        0.007  │
│  Steps             2.4M      Copy        0s   1%    entropy           0.512  │
│  SPS              96.1K      Misc        0s   0%    old_approx_kl     0.009  │
│  Epoch               18    Train        15s  74%    approx_kl         0.009  │
│  Uptime             28s      Forwa…      6s  31%    clipfrac          0.091  │
│  Remaini…        4m 47s      Learn       8s  40%    importance        1.000  │
│                              Copy        0s   0%    explained_var…    0.859  │
│                              Misc        0s   1%                             │
│                                                                              │
│  User Stats                    Value    User Stats                    Value  │
│  perf                          0.223    episode_return               -6.109  │
│  episode_length              134.967    fuel_used                     0.147  │
│  n                           707.000                                         │
╰──────────────────────────────────────────────────────────────────────────────╯

[0;0H╭──────────────────────────────────────────────────────────────────────────────╮
│  PufferLib 3.0  🐡              CPU:     GPU: 0.0%  DRAM: 26.2%  VRAM: 0.0%  │
│                                398.4%                                        │
│                                                                              │
│  Summary          Value    Evaluate      5s  25%    Losses            Value  │
│  Env       puffer_orbi…      Forwa…      4s  22%    policy_loss      -0.013  │
│  Params          136.5K      Env         0s   0%    value_loss        0.008  │
│  Steps             2.5M      Copy        0s   1%    entropy           0.454  │
│  SPS              94.5K      Misc        0s   0%    old_approx_kl     0.011  │
│  Epoch               19    Train        15s  74%    approx_kl         0.011  │
│  Uptime             29s      Forwa…      6s  31%    clipfrac          0.088  │
│  Remaini…        4m 51s      Learn       8s  40%    importance        1.000  │
│                              Copy        0s   0%    explained_var…    0.825  │
│                              Misc        0s   1%                             │
│                                                                              │
│  User Stats                    Value    User Stats                    Value  │
│  perf                          0.231    episode_return               -5.937  │
│  episode_length              159.312    fuel_used                     0.147  │
│  n                           517.000                                         │
╰──────────────────────────────────────────────────────────────────────────────╯

[0;0H╭──────────────────────────────────────────────────────────────────────────────╮
│  PufferLib 3.0 🐡               CPU:     GPU: 0.0%  DRAM: 26.2%  VRAM: 0.0%  │
│                                396.6%                                        │
│                                                                              │
│  Summary          Value    Evaluate      6s  25%    Losses            Value  │
│  Env       puffer_orbi…      Forwa…      6s  22%    policy_loss       0.008  │
│  Params          136.5K      Env         0s   0%    value_loss        0.007  │
│  Steps             2.6M      Copy        0s   1%    entropy           0.345  │
│  SPS              91.7K      Misc        0s   0%    old_approx_kl     0.007  │
│  Epoch               20    Train        20s  74%    approx_kl         0.007  │
│  Uptime             30s      Forwa…      8s  31%    clipfrac          0.057  │
│  Remaini…        4m 58s      Learn      11s  40%    importance        1.000  │
│                              Copy        0s   0%    explained_var…    0.859  │
│                              Misc        0s   1%                             │
│                                                                              │
│  User Stats                    Value    User Stats                    Value  │
│  perf                          0.231    episode_return               -5.937  │
│  episode_length              159.312    fuel_used                     0.147  │
│  n                           517.000                                         │
╰──────────────────────────────────────────────────────────────────────────────╯

[0;0H╭──────────────────────────────────────────────────────────────────────────────╮
│  PufferLib 3.0          🐡      CPU:     GPU: 0.0%  DRAM: 26.3%  VRAM: 0.0%  │
│                                398.0%                                        │
│                                                                              │
│  Summary          Value    Evaluate      6s  24%    Losses            Value  │
│  Env       puffer_orbi…      Forwa…      6s  21%    policy_loss       0.015  │
│  Params          136.5K      Env         0s   0%    value_loss        0.007  │
│  Steps             2.8M      Copy        0s   1%    entropy           0.261  │
│  SPS              93.2K      Misc        0s   0%    old_approx_kl     0.007  │
│  Epoch               21    Train        20s  75%    approx_kl         0.008  │
│  Uptime             32s      Forwa…      8s  31%    clipfrac          0.048  │
│  Remaini…        4m 52s      Learn      11s  41%    importance        1.001  │
│                              Copy        0s   0%    explained_var…    0.830  │
│                              Misc        0s   1%                             │
│                                                                              │
│  User Stats                    Value    User Stats                    Value  │
│  perf                          0.356    episode_return               -3.830  │
│  episode_length              156.318    fuel_used                     0.146  │
│  n                           363.000                                         │
╰──────────────────────────────────────────────────────────────────────────────╯

[0;0H╭──────────────────────────────────────────────────────────────────────────────╮
│  PufferLib 3.0         🐡       CPU:     GPU: 0.0%  DRAM: 26.3%  VRAM: 0.0%  │
│                                397.9%                                        │
│                                                                              │
│  Summary          Value    Evaluate      6s  24%    Losses            Value  │
│  Env       puffer_orbi…      Forwa…      6s  21%    policy_loss       0.018  │
│  Params          136.5K      Env         0s   0%    value_loss        0.006  │
│  Steps             2.9M      Copy        0s   1%    entropy           0.210  │
│  SPS              96.1K      Misc        0s   0%    old_approx_kl     0.005  │
│  Epoch               22    Train        20s  75%    approx_kl         0.005  │
│  Uptime             33s      Forwa…      8s  31%    clipfrac          0.036  │
│  Remaini…        4m 42s      Learn      11s  41%    importance        1.000  │
│                              Copy        0s   0%    explained_var…    0.867  │
│                              Misc        0s   1%                             │
│                                                                              │
│  User Stats                    Value    User Stats                    Value  │
│  perf                          0.356    episode_return               -3.830  │
│  episode_length              156.318    fuel_used                     0.146  │
│  n                           363.000                                         │
╰──────────────────────────────────────────────────────────────────────────────╯

[0;0H╭──────────────────────────────────────────────────────────────────────────────╮
│  PufferLib 3.0        🐡        CPU:     GPU: 0.0%  DRAM: 26.4%  VRAM: 0.0%  │
│                                396.0%                                        │
│                                                                              │
│  Summary          Value    Evaluate      6s  24%    Losses            Value  │
│  Env       puffer_orbi…      Forwa…      6s  21%    policy_loss       0.019  │
│  Params          136.5K      Env         0s   0%    value_loss        0.008  │
│  Steps             3.0M      Copy        0s   1%    entropy           0.266  │
│  SPS              94.5K      Misc        0s   0%    old_approx_kl     0.010  │
│  Epoch               23    Train        20s  75%    approx_kl         0.011  │
│  Uptime             35s      Forwa…      8s  31%    clipfrac          0.055  │
│  Remaini…        4m 45s      Learn      11s  41%    importance        1.001  │
│                              Copy        0s   0%    explained_var…    0.883  │
│                              Misc        0s   1%                             │
│                                                                              │
│  User Stats                    Value    User Stats                    Value  │
│  perf                          0.693    episode_return                1.730  │
│  episode_length              126.632    fuel_used                     0.143  │
│  n                           185.500                                         │
╰──────────────────────────────────────────────────────────────────────────────╯

[0;0H╭──────────────────────────────────────────────────────────────────────────────╮
│  PufferLib 3.0       🐡         CPU:     GPU: 0.0%  DRAM: 26.5%  VRAM: 0.0%  │
│                                396.1%                                        │
│                                                                              │
│  Summary          Value    Evaluate      6s  24%    Losses            Value  │
│  Env       puffer_orbi…      Forwa…      6s  21%    policy_loss       0.014  │
│  Params          136.5K      Env         0s   0%    value_loss        0.007  │
│  Steps             3.1M      Copy        0s   1%    entropy           0.236  │
│  SPS              96.0K      Misc        0s   0%    old_approx_kl     0.007  │
│  Epoch               24    Train        20s  75%    approx_kl         0.008  │
│  Uptime             36s      Forwa…      8s  31%    clipfrac          0.049  │
│  Remaini…        4m 39s      Learn      11s  41%    importance        1.001  │
│                              Copy        0s   0%    explained_var…    0.902  │
│                              Misc        0s   1%                             │
│                                                                              │
│  User Stats                    Value    User Stats                    Value  │
│  perf                          0.693    episode_return                1.730  │
│  episode_length              126.632    fuel_used                     0.143  │
│  n                           185.500                                         │
╰──────────────────────────────────────────────────────────────────────────────╯

[0;0H╭──────────────────────────────────────────────────────────────────────────────╮
│  PufferLib 3.0      🐡          CPU:     GPU: 0.0%  DRAM: 26.6%  VRAM: 0.0%  │
│                                395.9%                                        │
│                                                                              │
│  Summary          Value    Evaluate      8s  24%    Losses            Value  │
│  Env       puffer_orbi…      Forwa…      7s  21%    policy_loss       0.017  │
│  Params          136.5K      Env         0s   0%    value_loss        0.007  │
│  Steps             3.3M      Copy        0s   1%    entropy           0.241  │
│  SPS              93.0K      Misc        0s   0%    old_approx_kl     0.007  │
│  Epoch               25    Train        25s  75%    approx_kl         0.007  │
│  Uptime             37s      Forwa…     10s  31%    clipfrac          0.049  │
│  Remaini…        4m 47s      Learn      14s  41%    importance        0.999  │
│                              Copy        0s   0%    explained_var…    0.916  │
│                              Misc        0s   1%                             │
│                                                                              │
│  User Stats                    Value    User Stats                    Value  │
│  perf                          0.793    episode_return                3.269  │
│  episode_length              126.468    fuel_used                     0.143  │
│  n                           240.500                                         │
╰──────────────────────────────────────────────────────────────────────────────╯

[0;0H╭──────────────────────────────────────────────────────────────────────────────╮
│  PufferLib 3.0     🐡           CPU:     GPU: 0.0%  DRAM: 26.8%  VRAM: 0.0%  │
│                                392.6%                                        │
│                                                                              │
│  Summary          Value    Evaluate      8s  24%    Losses            Value  │
│  Env       puffer_orbi…      Forwa…      7s  22%    policy_loss       0.004  │
│  Params          136.5K      Env         0s   0%    value_loss        0.007  │
│  Steps             3.4M      Copy        0s   1%    entropy           0.241  │
│  SPS              95.0K      Misc        0s   0%    old_approx_kl     0.009  │
│  Epoch               26    Train        25s  75%    approx_kl         0.009  │
│  Uptime             39s      Forwa…     10s  31%    clipfrac          0.050  │
│  Remaini…        4m 39s      Learn      14s  41%    importance        1.000  │
│                              Copy        0s   0%    explained_var…    0.923  │
│                              Misc        0s   1%                             │
│                                                                              │
│  User Stats                    Value    User Stats                    Value  │
│  perf                          0.793    episode_return                3.269  │
│  episode_length              126.468    fuel_used                     0.143  │
│  n                           240.500                                         │
╰──────────────────────────────────────────────────────────────────────────────╯

[0;0H╭──────────────────────────────────────────────────────────────────────────────╮
│  PufferLib 3.0    🐡            CPU:     GPU: 0.0%  DRAM: 26.8%  VRAM: 0.0%  │
│                                394.5%                                        │
│                                                                              │
│  Summary          Value    Evaluate      8s  24%    Losses            Value  │
│  Env       puffer_orbi…      Forwa…      7s  22%    policy_loss      -0.011  │
│  Params          136.5K      Env         0s   0%    value_loss        0.005  │
│  Steps             3.5M      Copy        0s   1%    entropy           0.244  │
│  SPS              92.3K      Misc        0s   0%    old_approx_kl     0.010  │
│  Epoch               27    Train        25s  75%    approx_kl         0.009  │
│  Uptime             40s      Forwa…     10s  31%    clipfrac          0.061  │
│  Remaini…        4m 46s      Learn      14s  41%    importance        1.000  │
│                              Copy        0s   0%    explained_var…    0.929  │
│                              Misc        0s   1%                             │
│                                                                              │
│  User Stats                    Value    User Stats                    Value  │
│  perf                          0.834    episode_return                4.124  │
│  episode_length              136.096    fuel_used                     0.142  │
│  n                           280.000                                         │
╰──────────────────────────────────────────────────────────────────────────────╯

[0;0H╭──────────────────────────────────────────────────────────────────────────────╮
│  PufferLib 3.0   🐡             CPU:     GPU: 0.0%  DRAM: 26.9%  VRAM: 0.0%  │
│                                391.4%                                        │
│                                                                              │
│  Summary          Value    Evaluate      8s  24%    Losses            Value  │
│  Env       puffer_orbi…      Forwa…      7s  22%    policy_loss      -0.014  │
│  Params          136.5K      Env         0s   0%    value_loss        0.006  │
│  Steps             3.7M      Copy        0s   1%    entropy           0.183  │
│  SPS              87.6K      Misc        0s   0%    old_approx_kl     0.014  │
│  Epoch               28    Train        25s  75%    approx_kl         0.016  │
│  Uptime             42s      Forwa…     10s  31%    clipfrac          0.048  │
│  Remaini…         5m 0s      Learn      14s  41%    importance        1.002  │
│                              Copy        0s   0%    explained_var…    0.907  │
│                              Misc        0s   1%                             │
│                                                                              │
│  User Stats                    Value    User Stats                    Value  │
│  perf                          0.834    episode_return                4.124  │
│  episode_length              136.096    fuel_used                     0.142  │
│  n                           280.000                                         │
╰──────────────────────────────────────────────────────────────────────────────╯

[0;0H╭──────────────────────────────────────────────────────────────────────────────╮
│  PufferLib 3.0  🐡              CPU:     GPU: 0.0%  DRAM: 27.0%  VRAM: 0.0%  │
│                                393.4%                                        │
│                                                                              │
│  Summary          Value    Evaluate      8s  24%    Losses            Value  │
│  Env       puffer_orbi…      Forwa…      7s  22%    policy_loss       0.004  │
│  Params          136.5K      Env         0s   0%    value_loss        0.004  │
│  Steps             3.8M      Copy        0s   1%    entropy           0.156  │
│  SPS              93.8K      Misc        0s   0%    old_approx_kl     0.007  │
│  Epoch               29    Train        25s  75%    approx_kl         0.006  │
│  Uptime             43s      Forwa…     10s  31%    clipfrac          0.037  │
│  Remaini…        4m 39s      Learn      14s  41%    importance        1.000  │
│                              Copy        0s   0%    explained_var…    0.907  │
│                              Misc        0s   1%                             │
│                                                                              │
│  User Stats                    Value    User Stats                    Value  │
│  perf                          0.806    episode_return                3.867  │
│  episode_length              134.431    fuel_used                     0.141  │
│  n                           224.000                                         │
╰──────────────────────────────────────────────────────────────────────────────╯

[0;0H╭──────────────────────────────────────────────────────────────────────────────╮
│  PufferLib 3.0 🐡               CPU:     GPU: 0.0%  DRAM: 27.0%  VRAM: 0.0%  │
│                                394.4%                                        │
│                                                                              │
│  Summary          Value    Evaluate     10s  24%    Losses            Value  │
│  Env       puffer_orbi…      Forwa…      9s  22%    policy_loss       0.020  │
│  Params          136.5K      Env         0s   0%    value_loss        0.003  │
│  Steps             3.9M      Copy        0s   1%    entropy           0.127  │
│  SPS              96.0K      Misc        0s   0%    old_approx_kl     0.003  │
│  Epoch               30    Train        30s  75%    approx_kl         0.004  │
│  Uptime             45s      Forwa…     13s  31%    clipfrac          0.028  │
│  Remaini…        4m 31s      Learn      16s  41%    importance        1.001  │
│                              Copy        0s   0%    explained_var…    0.927  │
│                              Misc        0s   1%                             │
│                                                                              │
│  User Stats                    Value    User Stats                    Value  │
│  perf                          0.806    episode_return                3.867  │
│  episode_length              134.431    fuel_used                     0.141  │
│  n                           224.000                                         │
╰──────────────────────────────────────────────────────────────────────────────╯

[0;0H╭──────────────────────────────────────────────────────────────────────────────╮
│  PufferLib 3.0          🐡      CPU:     GPU: 0.0%  DRAM: 27.1%  VRAM: 0.0%  │
│                                391.0%                                        │
│                                                                              │
│  Summary          Value    Evaluate     10s  24%    Losses            Value  │
│  Env       puffer_orbi…      Forwa…      9s  22%    policy_loss       0.026  │
│  Params          136.5K      Env         0s   0%    value_loss        0.003  │
│  Steps             4.1M      Copy        0s   1%    entropy           0.104  │
│  SPS              95.5K      Misc        0s   0%    old_approx_kl     0.004  │
│  Epoch               31    Train        30s  75%    approx_kl         0.004  │
│  Uptime             46s      Forwa…     13s  31%    clipfrac          0.021  │
│  Remaini…        4m 31s      Learn      16s  41%    importance        1.000  │
│                              Copy        0s   0%    explained_var…    0.938  │
│                              Misc        0s   1%                             │
│                                                                              │
│  User Stats                    Value    User Stats                    Value  │
│  perf                          0.898    episode_return                5.745  │
│  episode_length              111.499    fuel_used                     0.139  │
│  n                           118.000                                         │
╰──────────────────────────────────────────────────────────────────────────────╯

[0;0H╭──────────────────────────────────────────────────────────────────────────────╮
│  PufferLib 3.0         🐡       CPU:     GPU: 0.0%  DRAM: 27.2%  VRAM: 0.0%  │
│                                393.3%                                        │
│                                                                              │
│  Summary          Value    Evaluate     10s  24%    Losses            Value  │
│  Env       puffer_orbi…      Forwa…      9s  22%    policy_loss       0.026  │
│  Params          136.5K      Env         0s   0%    value_loss        0.005  │
│  Steps             4.2M      Copy        0s   1%    entropy           0.109  │
│  SPS              94.4K      Misc        0s   0%    old_approx_kl     0.004  │
│  Epoch               32    Train        30s  75%    approx_kl         0.003  │
│  Uptime             47s      Forwa…     13s  31%    clipfrac          0.023  │
│  Remaini…        4m 33s      Learn      16s  41%    importance        1.000  │
│                              Copy        0s   0%    explained_var…    0.912  │
│                              Misc        0s   1%                             │
│                                                                              │
│  User Stats                    Value    User Stats                    Value  │
│  perf                          0.898    episode_return                5.745  │
│  episode_length              111.499    fuel_used                     0.139  │
│  n                           118.000                                         │
╰──────────────────────────────────────────────────────────────────────────────╯

[0;0H╭──────────────────────────────────────────────────────────────────────────────╮
│  PufferLib 3.0        🐡        CPU:     GPU: 0.0%  DRAM: 27.2%  VRAM: 0.0%  │
│                                392.1%                                        │
│                                                                              │
│  Summary          Value    Evaluate     10s  24%    Losses            Value  │
│  Env       puffer_orbi…      Forwa…      9s  22%    policy_loss       0.017  │
│  Params          136.5K      Env         0s   0%    value_loss        0.004  │
│  Steps             4.3M      Copy        0s   1%    entropy           0.102  │
│  SPS              93.8K      Misc        0s   0%    old_approx_kl     0.013  │
│  Epoch               33    Train        30s  75%    approx_kl         0.013  │
│  Uptime             49s      Forwa…     13s  31%    clipfrac          0.035  │
│  Remaini…        4m 33s      Learn      16s  41%    importance        1.000  │
│                              Copy        0s   0%    explained_var…    0.965  │
│                              Misc        0s   1%                             │
│                                                                              │
│  User Stats                    Value    User Stats                    Value  │
│  perf                          0.928    episode_return                5.843  │
│  episode_length              124.093    fuel_used                     0.141  │
│  n                           135.500                                         │
╰──────────────────────────────────────────────────────────────────────────────╯

[0;0H╭──────────────────────────────────────────────────────────────────────────────╮
│  PufferLib 3.0       🐡         CPU:     GPU: 0.0%  DRAM: 27.3%  VRAM: 0.0%  │
│                                391.1%                                        │
│                                                                              │
│  Summary          Value    Evaluate     10s  24%    Losses            Value  │
│  Env       puffer_orbi…      Forwa…      9s  22%    policy_loss       0.015  │
│  Params          136.5K      Env         0s   0%    value_loss        0.002  │
│  Steps             4.5M      Copy        0s   1%    entropy           0.098  │
│  SPS             101.6K      Misc        0s   0%    old_approx_kl     0.003  │
│  Epoch               34    Train        30s  75%    approx_kl         0.004  │
│  Uptime             50s      Forwa…     13s  31%    clipfrac          0.029  │
│  Remaini…        4m 11s      Learn      16s  41%    importance        1.001  │
│                              Copy        0s   0%    explained_var…    0.970  │
│                              Misc        0s   1%                             │
│                                                                              │
│  User Stats                    Value    User Stats                    Value  │
│  perf                          0.928    episode_return                5.843  │
│  episode_length              124.093    fuel_used                     0.141  │
│  n                           135.500                                         │
╰──────────────────────────────────────────────────────────────────────────────╯

[0;0H╭──────────────────────────────────────────────────────────────────────────────╮
│  PufferLib 3.0      🐡          CPU:     GPU: 0.0%  DRAM: 27.3%  VRAM: 0.0%  │
│                                391.8%                                        │
│                                                                              │
│  Summary          Value    Evaluate     12s  24%    Losses            Value  │
│  Env       puffer_orbi…      Forwa…     10s  22%    policy_loss       0.006  │
│  Params          136.5K      Env         0s   0%    value_loss        0.002  │
│  Steps             4.6M      Copy        0s   1%    entropy           0.097  │
│  SPS              94.0K      Misc        0s   0%    old_approx_kl     0.004  │
│  Epoch               35    Train        36s  75%    approx_kl         0.004  │
│  Uptime             51s      Forwa…     15s  31%    clipfrac          0.028  │
│  Remaini…        4m 30s      Learn      19s  41%    importance        1.000  │
│                              Copy        0s   0%    explained_var…    0.974  │
│                              Misc        0s   1%                             │
│                                                                              │
│  User Stats                    Value    User Stats                    Value  │
│  perf                          0.966    episode_return                6.708  │
│  episode_length              104.936    fuel_used                     0.139  │
│  n                           196.500                                         │
╰──────────────────────────────────────────────────────────────────────────────╯

[0;0H╭──────────────────────────────────────────────────────────────────────────────╮
│  PufferLib 3.0     🐡           CPU:     GPU: 0.0%  DRAM: 27.4%  VRAM: 0.0%  │
│                                388.0%                                        │
│                                                                              │
│  Summary          Value    Evaluate     12s  26%    Losses            Value  │
│  Env       puffer_orbi…      Forwa…     10s  23%    policy_loss       0.003  │
│  Params          136.5K      Env         0s   0%    value_loss        0.002  │
│  Steps             4.7M      Copy        0s   1%    entropy           0.083  │
│  SPS              94.1K      Misc        0s   0%    old_approx_kl     0.003  │
│  Epoch               36    Train        36s  73%    approx_kl         0.004  │
│  Uptime             53s      Forwa…     15s  32%    clipfrac          0.022  │
│  Remaini…        4m 28s      Learn      19s  38%    importance        1.001  │
│                              Copy        0s   0%    explained_var…    0.969  │
│                              Misc        0s   1%                             │
│                                                                              │
│  User Stats                    Value    User Stats                    Value  │
│  perf                          0.966    episode_return                6.708  │
│  episode_length              104.936    fuel_used                     0.139  │
│  n                           196.500                                         │
╰──────────────────────────────────────────────────────────────────────────────╯

[0;0H╭──────────────────────────────────────────────────────────────────────────────╮
│  PufferLib 3.0    🐡            CPU:     GPU: 0.0%  DRAM: 27.4%  VRAM: 0.0%  │
│                                391.1%                                        │
│                                                                              │
│  Summary          Value    Evaluate     12s  26%    Losses            Value  │
│  Env       puffer_orbi…      Forwa…     10s  23%    policy_loss       0.001  │
│  Params          136.5K      Env         0s   0%    value_loss        0.003  │
│  Steps             4.8M      Copy        0s   1%    entropy           0.072  │
│  SPS              95.9K      Misc        0s   0%    old_approx_kl     0.005  │
│  Epoch               37    Train        36s  73%    approx_kl         0.006  │
│  Uptime             54s      Forwa…     15s  32%    clipfrac          0.021  │
│  Remaini…        4m 22s      Learn      19s  38%    importance        1.001  │
│                              Copy        0s   0%    explained_var…    0.959  │
│                              Misc        0s   1%                             │
│                                                                              │
│  User Stats                    Value    User Stats                    Value  │
│  perf                          0.987    episode_return                7.353  │
│  episode_length               76.256    fuel_used                     0.138  │
│  n                           152.500                                         │
╰──────────────────────────────────────────────────────────────────────────────╯

[0;0H╭──────────────────────────────────────────────────────────────────────────────╮
│  PufferLib 3.0   🐡             CPU:     GPU: 0.0%  DRAM: 27.4%  VRAM: 0.0%  │
│                                392.6%                                        │
│                                                                              │
│  Summary          Value    Evaluate     12s  26%    Losses            Value  │
│  Env       puffer_orbi…      Forwa…     10s  23%    policy_loss       0.007  │
│  Params          136.5K      Env         0s   0%    value_loss        0.004  │
│  Steps             5.0M      Copy        0s   1%    entropy           0.079  │
│  SPS              92.0K      Misc        0s   0%    old_approx_kl     0.007  │
│  Epoch               38    Train        36s  73%    approx_kl         0.007  │
│  Uptime             56s      Forwa…     15s  32%    clipfrac          0.026  │
│  Remaini…        4m 31s      Learn      19s  38%    importance        1.001  │
│                              Copy        0s   0%    explained_var…    0.937  │
│                              Misc        0s   1%                             │
│                                                                              │
│  User Stats                    Value    User Stats                    Value  │
│  perf                          0.987    episode_return                7.353  │
│  episode_length               76.256    fuel_used                     0.138  │
│  n                           152.500                                         │
╰──────────────────────────────────────────────────────────────────────────────╯

[0;0H╭──────────────────────────────────────────────────────────────────────────────╮
│  PufferLib 3.0  🐡              CPU:     GPU: 0.0%  DRAM: 27.4%  VRAM: 0.0%  │
│                                391.3%                                        │
│                                                                              │
│  Summary          Value    Evaluate     12s  26%    Losses            Value  │
│  Env       puffer_orbi…      Forwa…     10s  23%    policy_loss       0.008  │
│  Params          136.5K      Env         0s   0%    value_loss        0.006  │
│  Steps             5.1M      Copy        0s   1%    entropy           0.093  │
│  SPS              90.2K      Misc        0s   0%    old_approx_kl     0.006  │
│  Epoch               39    Train        36s  73%    approx_kl         0.006  │
│  Uptime             57s      Forwa…     15s  32%    clipfrac          0.025  │
│  Remaini…        4m 35s      Learn      19s  38%    importance        1.000  │
│                              Copy        0s   0%    explained_var…    0.926  │
│                              Misc        0s   1%                             │
│                                                                              │
│  User Stats                    Value    User Stats                    Value  │
│  perf                          0.970    episode_return                6.726  │
│  episode_length               94.814    fuel_used                     0.139  │
│  n                           146.000                                         │
╰──────────────────────────────────────────────────────────────────────────────╯

[0;0H╭──────────────────────────────────────────────────────────────────────────────╮
│  PufferLib 3.0 🐡               CPU:     GPU: 0.0%  DRAM: 27.4%  VRAM: 0.0%  │
│                                393.1%                                        │
│                                                                              │
│  Summary          Value    Evaluate     13s  26%    Losses            Value  │
│  Env       puffer_orbi…      Forwa…     12s  23%    policy_loss       0.011  │
│  Params          136.5K      Env         0s   0%    value_loss        0.003  │
│  Steps             5.2M      Copy        1s   1%    entropy           0.089  │
│  SPS              93.4K      Misc        0s   0%    old_approx_kl     0.008  │
│  Epoch               40    Train        41s  73%    approx_kl         0.007  │
│  Uptime             58s      Forwa…     17s  32%    clipfrac          0.032  │
│  Remaini…        4m 25s      Learn      22s  38%    importance        1.000  │
│                              Copy        0s   0%    explained_var…    0.966  │
│                              Misc        0s   1%                             │
│                                                                              │
│  User Stats                    Value    User Stats                    Value  │
│  perf                          0.970    episode_return                6.726  │
│  episode_length               94.814    fuel_used                     0.139  │
│  n                           146.000                                         │
╰──────────────────────────────────────────────────────────────────────────────╯

[0;0H╭──────────────────────────────────────────────────────────────────────────────╮
│  PufferLib 3.0          🐡      CPU:     GPU: 0.0%  DRAM: 27.4%  VRAM: 0.0%  │
│                                390.4%                                        │
│                                                                              │
│  Summary          Value    Evaluate     13s  25%    Losses            Value  │
│  Env       puffer_orbi…      Forwa…     12s  22%    policy_loss      -0.000  │
│  Params          136.5K      Env         0s   0%    value_loss        0.002  │
│  Steps             5.4M      Copy        1s   2%    entropy           0.094  │
│  SPS              94.1K      Misc        0s   0%    old_approx_kl     0.005  │
│  Epoch               41    Train        41s  74%    approx_kl         0.004  │
│  Uptime           1m 0s      Forwa…     17s  29%    clipfrac          0.027  │
│  Remaini…        4m 21s      Learn      22s  42%    importance        0.999  │
│                              Copy        0s   0%    explained_var…    0.970  │
│                              Misc        0s   1%                             │
│                                                                              │
│  User Stats                    Value    User Stats                    Value  │
│  perf                          0.911    episode_return                5.526  │
│  episode_length              159.374    fuel_used                     0.141  │
│  n                           224.000                                         │
╰──────────────────────────────────────────────────────────────────────────────╯

[0;0H╭──────────────────────────────────────────────────────────────────────────────╮
│  PufferLib 3.0         🐡       CPU:     GPU: 0.0%  DRAM: 27.4%  VRAM: 0.0%  │
│                                389.9%                                        │
│                                                                              │
│  Summary          Value    Evaluate     13s  25%    Losses            Value  │
│  Env       puffer_orbi…      Forwa…     12s  22%    policy_loss      -0.005  │
│  Params          136.5K      Env         0s   0%    value_loss        0.003  │
│  Steps             5.5M      Copy        1s   2%    entropy           0.097  │
│  SPS              91.9K      Misc        0s   0%    old_approx_kl     0.004  │
│  Epoch               42    Train        41s  74%    approx_kl         0.004  │
│  Uptime           1m 1s      Forwa…     17s  29%    clipfrac          0.025  │
│  Remaini…        4m 26s      Learn      22s  42%    importance        1.000  │
│                              Copy        0s   0%    explained_var…    0.970  │
│                              Misc        0s   1%                             │
│                                                                              │
│  User Stats                    Value    User Stats                    Value  │
│  perf                          0.911    episode_return                5.526  │
│  episode_length              159.374    fuel_used                     0.141  │
│  n                           224.000                                         │
╰──────────────────────────────────────────────────────────────────────────────╯

[0;0H╭──────────────────────────────────────────────────────────────────────────────╮
│  PufferLib 3.0        🐡        CPU:     GPU: 0.0%  DRAM: 27.4%  VRAM: 0.0%  │
│                                394.4%                                        │
│                                                                              │
│  Summary          Value    Evaluate     13s  25%    Losses            Value  │
│  Env       puffer_orbi…      Forwa…     12s  22%    policy_loss       0.027  │
│  Params          136.5K      Env         0s   0%    value_loss        0.002  │
│  Steps             5.6M      Copy        1s   2%    entropy           0.076  │
│  SPS              99.9K      Misc        0s   0%    old_approx_kl     0.008  │
│  Epoch               43    Train        41s  74%    approx_kl         0.009  │
│  Uptime           1m 3s      Forwa…     17s  29%    clipfrac          0.023  │
│  Remaini…         4m 3s      Learn      22s  42%    importance        1.001  │
│                              Copy        0s   0%    explained_var…    0.976  │
│                              Misc        0s   1%                             │
│                                                                              │
│  User Stats                    Value    User Stats                    Value  │
│  perf                          0.978    episode_return                6.936  │
│  episode_length               65.943    fuel_used                     0.139  │
│  n                           178.000                                         │
╰──────────────────────────────────────────────────────────────────────────────╯

[0;0H╭──────────────────────────────────────────────────────────────────────────────╮
│  PufferLib 3.0       🐡         CPU:     GPU: 0.0%  DRAM: 27.4%  VRAM: 0.0%  │
│                                393.9%                                        │
│                                                                              │
│  Summary          Value    Evaluate     13s  25%    Losses            Value  │
│  Env       puffer_orbi…      Forwa…     12s  22%    policy_loss      -0.021  │
│  Params          136.5K      Env         0s   0%    value_loss        0.004  │
│  Steps             5.8M      Copy        1s   2%    entropy           0.081  │
│  SPS             100.5K      Misc        0s   0%    old_approx_kl     0.003  │
│  Epoch               44    Train        41s  74%    approx_kl         0.003  │
│  Uptime           1m 4s      Forwa…     17s  29%    clipfrac          0.017  │
│  Remaini…         4m 1s      Learn      22s  42%    importance        1.000  │
│                              Copy        0s   0%    explained_var…    0.965  │
│                              Misc        0s   1%                             │
│                                                                              │
│  User Stats                    Value    User Stats                    Value  │
│  perf                          0.978    episode_return                6.936  │
│  episode_length               65.943    fuel_used                     0.139  │
│  n                           178.000                                         │
╰──────────────────────────────────────────────────────────────────────────────╯

[0;0H╭──────────────────────────────────────────────────────────────────────────────╮
│  PufferLib 3.0      🐡          CPU:     GPU: 0.0%  DRAM: 27.4%  VRAM: 0.0%  │
│                                395.8%                                        │
│                                                                              │
│  Summary          Value    Evaluate     15s  25%    Losses            Value  │
│  Env       puffer_orbi…      Forwa…     14s  22%    policy_loss      -0.066  │
│  Params          136.5K      Env         0s   0%    value_loss        0.009  │
│  Steps             5.9M      Copy        1s   2%    entropy           0.095  │
│  SPS              99.6K      Misc        0s   0%    old_approx_kl     0.003  │
│  Epoch               45    Train        46s  74%    approx_kl         0.003  │
│  Uptime           1m 5s      Forwa…     19s  29%    clipfrac          0.019  │
│  Remaini…         4m 1s      Learn      24s  42%    importance        1.000  │
│                              Copy        0s   0%    explained_var…    0.947  │
│                              Misc        0s   1%                             │
│                                                                              │
│  User Stats                    Value    User Stats                    Value  │
│  perf                          0.910    episode_return                5.796  │
│  episode_length              214.012    fuel_used                     0.140  │
│  n                           220.500                                         │
╰──────────────────────────────────────────────────────────────────────────────╯

[0;0H╭──────────────────────────────────────────────────────────────────────────────╮
│  PufferLib 3.0     🐡           CPU:     GPU: 0.0%  DRAM: 27.4%  VRAM: 0.0%  │
│                                397.3%                                        │
│                                                                              │
│  Summary          Value    Evaluate     15s  26%    Losses            Value  │
│  Env       puffer_orbi…      Forwa…     14s  23%    policy_loss      -0.064  │
│  Params          136.5K      Env         0s   0%    value_loss        0.008  │
│  Steps             6.0M      Copy        1s   1%    entropy           0.104  │
│  SPS             101.7K      Misc        0s   0%    old_approx_kl     0.003  │
│  Epoch               46    Train        46s  73%    approx_kl         0.003  │
│  Uptime           1m 7s      Forwa…     19s  33%    clipfrac          0.021  │
│  Remaini…        3m 55s      Learn      24s  37%    importance        1.000  │
│                              Copy        0s   0%    explained_var…    0.961  │
│                              Misc        0s   1%                             │
│                                                                              │
│  User Stats                    Value    User Stats                    Value  │
│  perf                          0.910    episode_return                5.796  │
│  episode_length              214.012    fuel_used                     0.140  │
│  n                           220.500                                         │
╰──────────────────────────────────────────────────────────────────────────────╯

[0;0H╭──────────────────────────────────────────────────────────────────────────────╮
│  PufferLib 3.0    🐡            CPU:     GPU: 0.0%  DRAM: 27.4%  VRAM: 0.0%  │
│                                395.9%                                        │
│                                                                              │
│  Summary          Value    Evaluate     15s  26%    Losses            Value  │
│  Env       puffer_orbi…      Forwa…     14s  23%    policy_loss      -0.058  │
│  Params          136.5K      Env         0s   0%    value_loss        0.009  │
│  Steps             6.2M      Copy        1s   1%    entropy           0.126  │
│  SPS              98.3K      Misc        0s   0%    old_approx_kl     0.006  │
│  Epoch               47    Train        46s  73%    approx_kl         0.006  │
│  Uptime           1m 8s      Forwa…     19s  33%    clipfrac          0.032  │
│  Remaini…         4m 2s      Learn      24s  37%    importance        1.000  │
│                              Copy        0s   0%    explained_var…    0.962  │
│                              Misc        0s   1%                             │
│                                                                              │
│  User Stats                    Value    User Stats                    Value  │
│  perf                          0.625    episode_return                0.940  │
│  episode_length              782.011    fuel_used                     0.141  │
│  n                           580.000                                         │
╰──────────────────────────────────────────────────────────────────────────────╯

[0;0H╭──────────────────────────────────────────────────────────────────────────────╮
│  PufferLib 3.0   🐡             CPU:     GPU: 0.0%  DRAM: 27.3%  VRAM: 0.0%  │
│                                397.9%                                        │
│                                                                              │
│  Summary          Value    Evaluate     15s  26%    Losses            Value  │
│  Env       puffer_orbi…      Forwa…     14s  23%    policy_loss      -0.051  │
│  Params          136.5K      Env         0s   0%    value_loss        0.008  │
│  Steps             6.3M      Copy        1s   1%    entropy           0.140  │
│  SPS              95.5K      Misc        0s   0%    old_approx_kl     0.004  │
│  Epoch               48    Train        46s  73%    approx_kl         0.005  │
│  Uptime           1m 9s      Forwa…     19s  33%    clipfrac          0.035  │
│  Remaini…         4m 8s      Learn      24s  37%    importance        1.001  │
│                              Copy        0s   0%    explained_var…    0.963  │
│                              Misc        0s   1%                             │
│                                                                              │
│  User Stats                    Value    User Stats                    Value  │
│  perf                          0.625    episode_return                0.940  │
│  episode_length              782.011    fuel_used                     0.141  │
│  n                           580.000                                         │
╰──────────────────────────────────────────────────────────────────────────────╯

[0;0H╭──────────────────────────────────────────────────────────────────────────────╮
│  PufferLib 3.0  🐡              CPU:     GPU: 0.0%  DRAM: 27.3%  VRAM: 0.0%  │
│                                400.5%                                        │
│                                                                              │
│  Summary          Value    Evaluate     15s  26%    Losses            Value  │
│  Env       puffer_orbi…      Forwa…     14s  23%    policy_loss      -0.034  │
│  Params          136.5K      Env         0s   0%    value_loss        0.006  │
│  Steps             6.4M      Copy        1s   1%    entropy           0.160  │
│  SPS              95.3K      Misc        0s   0%    old_approx_kl     0.008  │
│  Epoch               49    Train        46s  73%    approx_kl         0.008  │
│  Uptime          1m 11s      Forwa…     19s  33%    clipfrac          0.041  │
│  Remaini…         4m 7s      Learn      24s  37%    importance        1.000  │
│                              Copy        0s   0%    explained_var…    0.964  │
│                              Misc        0s   1%                             │
│                                                                              │
│  User Stats                    Value    User Stats                    Value  │
│  perf                          0.743    episode_return                2.990  │
│  episode_length              542.209    fuel_used                     0.140  │
│  n                          1199.500                                         │
╰──────────────────────────────────────────────────────────────────────────────╯

[0;0H╭──────────────────────────────────────────────────────────────────────────────╮
│  PufferLib 3.0 🐡               CPU:     GPU: 0.0%  DRAM: 27.2%  VRAM: 0.0%  │
│                                397.4%                                        │
│                                                                              │
│  Summary          Value    Evaluate     17s  26%    Losses            Value  │
│  Env       puffer_orbi…      Forwa…     15s  23%    policy_loss      -0.032  │
│  Params          136.5K      Env         0s   0%    value_loss        0.007  │
│  Steps             6.6M      Copy        1s   1%    entropy           0.170  │
│  SPS              99.1K      Misc        0s   0%    old_approx_kl     0.009  │
│  Epoch               50    Train        51s  73%    approx_kl         0.009  │
│  Uptime          1m 12s      Forwa…     21s  33%    clipfrac          0.048  │
│  Remaini…        3m 56s      Learn      27s  37%    importance        0.999  │
│                              Copy        0s   0%    explained_var…    0.956  │
│                              Misc        1s   1%                             │
│                                                                              │
│  User Stats                    Value    User Stats                    Value  │
│  perf                          0.743    episode_return                2.990  │
│  episode_length              542.209    fuel_used                     0.140  │
│  n                          1199.500                                         │
╰──────────────────────────────────────────────────────────────────────────────╯

[0;0H╭──────────────────────────────────────────────────────────────────────────────╮
│  PufferLib 3.0          🐡      CPU:     GPU: 0.0%  DRAM: 27.1%  VRAM: 0.0%  │
│                                401.6%                                        │
│                                                                              │
│  Summary          Value    Evaluate     17s  23%    Losses            Value  │
│  Env       puffer_orbi…      Forwa…     15s  21%    policy_loss      -0.017  │
│  Params          136.5K      Env         0s   0%    value_loss        0.005  │
│  Steps             6.7M      Copy        1s   1%    entropy           0.162  │
│  SPS              94.8K      Misc        0s   0%    old_approx_kl     0.010  │
│  Epoch               51    Train        51s  76%    approx_kl         0.009  │
│  Uptime          1m 13s      Forwa…     21s  33%    clipfrac          0.048  │
│  Remaini…         4m 5s      Learn      27s  40%    importance        0.999  │
│                              Copy        0s   0%    explained_var…    0.960  │
│                              Misc        1s   1%                             │
│                                                                              │
│  User Stats                    Value    User Stats                    Value  │
│  perf                          0.869    episode_return                5.173  │
│  episode_length              302.984    fuel_used                     0.139  │
│  n                          1551.500                                         │
╰──────────────────────────────────────────────────────────────────────────────╯

[0;0H╭──────────────────────────────────────────────────────────────────────────────╮
│  PufferLib 3.0         🐡       CPU:     GPU: 0.0%  DRAM: 27.1%  VRAM: 0.0%  │
│                                400.7%                                        │
│                                                                              │
│  Summary          Value    Evaluate     17s  23%    Losses            Value  │
│  Env       puffer_orbi…      Forwa…     15s  21%    policy_loss       0.001  │
│  Params          136.5K      Env         0s   0%    value_loss        0.005  │
│  Steps             6.8M      Copy        1s   1%    entropy           0.169  │
│  SPS              98.0K      Misc        0s   0%    old_approx_kl     0.018  │
│  Epoch               52    Train        51s  76%    approx_kl         0.018  │
│  Uptime          1m 15s      Forwa…     21s  33%    clipfrac          0.055  │
│  Remaini…        3m 56s      Learn      27s  40%    importance        1.000  │
│                              Copy        0s   0%    explained_var…    0.966  │
│                              Misc        1s   1%                             │
│                                                                              │
│  User Stats                    Value    User Stats                    Value  │
│  perf                          0.869    episode_return                5.173  │
│  episode_length              302.984    fuel_used                     0.139  │
│  n                          1551.500                                         │
╰──────────────────────────────────────────────────────────────────────────────╯

[0;0H╭──────────────────────────────────────────────────────────────────────────────╮
│  PufferLib 3.0        🐡        CPU:     GPU: 0.0%  DRAM: 27.0%  VRAM: 0.0%  │
│                                399.2%                                        │
│                                                                              │
│  Summary          Value    Evaluate     17s  23%    Losses            Value  │
│  Env       puffer_orbi…      Forwa…     15s  21%    policy_loss       0.005  │
│  Params          136.5K      Env         0s   0%    value_loss        0.004  │
│  Steps             6.9M      Copy        1s   1%    entropy           0.159  │
│  SPS              94.5K      Misc        0s   0%    old_approx_kl     0.009  │
│  Epoch               53    Train        51s  76%    approx_kl         0.009  │
│  Uptime          1m 16s      Forwa…     21s  33%    clipfrac          0.043  │
│  Remaini…         4m 3s      Learn      27s  40%    importance        1.000  │
│                              Copy        0s   0%    explained_var…    0.972  │
│                              Misc        1s   1%                             │
│                                                                              │
│  User Stats                    Value    User Stats                    Value  │
│  perf                          0.975    episode_return                6.947  │
│  episode_length              100.984    fuel_used                     0.139  │
│  n                          1658.000                                         │
╰──────────────────────────────────────────────────────────────────────────────╯

[0;0H╭──────────────────────────────────────────────────────────────────────────────╮
│  PufferLib 3.0       🐡         CPU:     GPU: 0.0%  DRAM: 27.0%  VRAM: 0.0%  │
│                                398.9%                                        │
│                                                                              │
│  Summary          Value    Evaluate     17s  23%    Losses            Value  │
│  Env       puffer_orbi…      Forwa…     15s  21%    policy_loss      -0.002  │
│  Params          136.5K      Env         0s   0%    value_loss        0.004  │
│  Steps             7.1M      Copy        1s   1%    entropy           0.151  │
│  SPS              92.2K      Misc        0s   0%    old_approx_kl     0.006  │
│  Epoch               54    Train        51s  76%    approx_kl         0.006  │
│  Uptime          1m 18s      Forwa…     21s  33%    clipfrac          0.042  │
│  Remaini…         4m 8s      Learn      27s  40%    importance        1.000  │
│                              Copy        0s   0%    explained_var…    0.977  │
│                              Misc        1s   1%                             │
│                                                                              │
│  User Stats                    Value    User Stats                    Value  │
│  perf                          0.975    episode_return                6.947  │
│  episode_length              100.984    fuel_used                     0.139  │
│  n                          1658.000                                         │
╰──────────────────────────────────────────────────────────────────────────────╯

[0;0H╭──────────────────────────────────────────────────────────────────────────────╮
│  PufferLib 3.0      🐡          CPU:     GPU: 0.0%  DRAM: 26.8%  VRAM: 0.0%  │
│                                397.7%                                        │
│                                                                              │
│  Summary          Value    Evaluate     19s  23%    Losses            Value  │
│  Env       puffer_orbi…      Forwa…     17s  21%    policy_loss      -0.007  │
│  Params          136.5K      Env         0s   0%    value_loss        0.005  │
│  Steps             7.2M      Copy        1s   1%    entropy           0.147  │
│  SPS              92.9K      Misc        0s   0%    old_approx_kl     0.007  │
│  Epoch               55    Train        56s  76%    approx_kl         0.006  │
│  Uptime          1m 19s      Forwa…     24s  33%    clipfrac          0.040  │
│  Remaini…         4m 5s      Learn      30s  40%    importance        1.000  │
│                              Copy        0s   0%    explained_var…    0.970  │
│                              Misc        1s   1%                             │
│                                                                              │
│  User Stats                    Value    User Stats                    Value  │
│  perf                          0.985    episode_return                6.983  │
│  episode_length               74.306    fuel_used                     0.139  │
│  n                          1775.000                                         │
╰──────────────────────────────────────────────────────────────────────────────╯

[0;0H╭──────────────────────────────────────────────────────────────────────────────╮
│  PufferLib 3.0     🐡           CPU:     GPU: 0.0%  DRAM: 26.8%  VRAM: 0.0%  │
│                                401.2%                                        │
│                                                                              │
│  Summary          Value    Evaluate     19s  25%    Losses            Value  │
│  Env       puffer_orbi…      Forwa…     17s  22%    policy_loss      -0.018  │
│  Params          136.5K      Env         0s   0%    value_loss        0.006  │
│  Steps             7.3M      Copy        1s   2%    entropy           0.149  │
│  SPS              92.8K      Misc        0s   0%    old_approx_kl     0.008  │
│  Epoch               56    Train        56s  74%    approx_kl         0.008  │
│  Uptime          1m 20s      Forwa…     24s  30%    clipfrac          0.046  │
│  Remaini…         4m 4s      Learn      30s  41%    importance        1.000  │
│                              Copy        0s   0%    explained_var…    0.967  │
│                              Misc        1s   1%                             │
│                                                                              │
│  User Stats                    Value    User Stats                    Value  │
│  perf                          0.985    episode_return                6.983  │
│  episode_length               74.306    fuel_used                     0.139  │
│  n                          1775.000                                         │
╰──────────────────────────────────────────────────────────────────────────────╯

[0;0H╭──────────────────────────────────────────────────────────────────────────────╮
│  PufferLib 3.0    🐡            CPU:     GPU: 0.0%  DRAM: 26.7%  VRAM: 0.0%  │
│                                401.8%                                        │
│                                                                              │
│  Summary          Value    Evaluate     19s  25%    Losses            Value  │
│  Env       puffer_orbi…      Forwa…     17s  22%    policy_loss      -0.022  │
│  Params          136.5K      Env         0s   0%    value_loss        0.004  │
│  Steps             7.5M      Copy        1s   2%    entropy           0.146  │
│  SPS              91.2K      Misc        0s   0%    old_approx_kl     0.009  │
│  Epoch               57    Train        56s  74%    approx_kl         0.008  │
│  Uptime          1m 22s      Forwa…     24s  30%    clipfrac          0.048  │
│  Remaini…         4m 6s      Learn      30s  41%    importance        0.999  │
│                              Copy        0s   0%    explained_var…    0.974  │
│                              Misc        1s   1%                             │
│                                                                              │
│  User Stats                    Value    User Stats                    Value  │
│  perf                          0.978    episode_return                6.822  │
│  episode_length               87.090    fuel_used                     0.140  │
│  n                          1976.000                                         │
╰──────────────────────────────────────────────────────────────────────────────╯

[0;0H╭──────────────────────────────────────────────────────────────────────────────╮
│  PufferLib 3.0   🐡             CPU:     GPU: 0.0%  DRAM: 26.6%  VRAM: 0.0%  │
│                                401.1%                                        │
│                                                                              │
│  Summary          Value    Evaluate     19s  25%    Losses            Value  │
│  Env       puffer_orbi…      Forwa…     17s  22%    policy_loss      -0.027  │
│  Params          136.5K      Env         0s   0%    value_loss        0.005  │
│  Steps             7.6M      Copy        1s   2%    entropy           0.164  │
│  SPS              91.5K      Misc        0s   0%    old_approx_kl     0.006  │
│  Epoch               58    Train        56s  74%    approx_kl         0.005  │
│  Uptime          1m 23s      Forwa…     24s  30%    clipfrac          0.044  │
│  Remaini…         4m 4s      Learn      30s  41%    importance        0.999  │
│                              Copy        0s   0%    explained_var…    0.973  │
│                              Misc        1s   1%                             │
│                                                                              │
│  User Stats                    Value    User Stats                    Value  │
│  perf                          0.978    episode_return                6.822  │
│  episode_length               87.090    fuel_used                     0.140  │
│  n                          1976.000                                         │
╰──────────────────────────────────────────────────────────────────────────────╯

[0;0H╭──────────────────────────────────────────────────────────────────────────────╮
│  PufferLib 3.0  🐡              CPU:     GPU: 0.0%  DRAM: 26.5%  VRAM: 0.0%  │
│                                402.3%                                        │
│                                                                              │
│  Summary          Value    Evaluate     19s  25%    Losses            Value  │
│  Env       puffer_orbi…      Forwa…     17s  22%    policy_loss      -0.018  │
│  Params          136.5K      Env         0s   0%    value_loss        0.004  │
│  Steps             7.7M      Copy        1s   2%    entropy           0.169  │
│  SPS              95.8K      Misc        0s   0%    old_approx_kl     0.008  │
│  Epoch               59    Train        56s  74%    approx_kl         0.008  │
│  Uptime          1m 25s      Forwa…     24s  30%    clipfrac          0.049  │
│  Remaini…        3m 52s      Learn      30s  41%    importance        1.000  │
│                              Copy        0s   0%    explained_var…    0.971  │
│                              Misc        1s   1%                             │
│                                                                              │
│  User Stats                    Value    User Stats                    Value  │
│  perf                          0.975    episode_return                6.895  │
│  episode_length               95.785    fuel_used                     0.139  │
│  n                          2135.500                                         │
╰──────────────────────────────────────────────────────────────────────────────╯

[0;0H╭──────────────────────────────────────────────────────────────────────────────╮
│  PufferLib 3.0 🐡               CPU:     GPU: 0.0%  DRAM: 26.3%  VRAM: 0.0%  │
│                                402.2%                                        │
│                                                                              │
│  Summary          Value    Evaluate     20s  25%    Losses            Value  │
│  Env       puffer_orbi…      Forwa…     18s  22%    policy_loss      -0.004  │
│  Params          136.5K      Env         0s   0%    value_loss        0.002  │
│  Steps             7.9M      Copy        1s   2%    entropy           0.191  │
│  SPS              98.1K      Misc        0s   0%    old_approx_kl     0.009  │
│  Epoch               60    Train      1m 1s  74%    approx_kl         0.009  │
│  Uptime          1m 26s      Forwa…     26s  30%    clipfrac          0.060  │
│  Remaini…        3m 45s      Learn      33s  41%    importance        1.000  │
│                              Copy        0s   0%    explained_var…    0.976  │
│                              Misc        1s   1%                             │
│                                                                              │
│  User Stats                    Value    User Stats                    Value  │
│  perf                          0.975    episode_return                6.895  │
│  episode_length               95.785    fuel_used                     0.139  │
│  n                          2135.500                                         │
╰──────────────────────────────────────────────────────────────────────────────╯

[0;0H╭──────────────────────────────────────────────────────────────────────────────╮
│  PufferLib 3.0          🐡      CPU:     GPU: 0.0%  DRAM: 26.3%  VRAM: 0.0%  │
│                                402.8%                                        │
│                                                                              │
│  Summary          Value    Evaluate     20s  25%    Losses            Value  │
│  Env       puffer_orbi…      Forwa…     18s  23%    policy_loss      -0.005  │
│  Params          136.5K      Env         0s   0%    value_loss        0.002  │
│  Steps             8.0M      Copy        1s   1%    entropy           0.177  │
│  SPS             104.7K      Misc        0s   0%    old_approx_kl     0.008  │
│  Epoch               61    Train      1m 1s  74%    approx_kl         0.008  │
│  Uptime          1m 27s      Forwa…     26s  31%    clipfrac          0.058  │
│  Remaini…        3m 30s      Learn      33s  40%    importance        1.000  │
│                              Copy        0s   0%    explained_var…    0.980  │
│                              Misc        1s   1%                             │
│                                                                              │
│  User Stats                    Value    User Stats                    Value  │
│  perf                          0.988    episode_return                7.131  │
│  episode_length               69.210    fuel_used                     0.139  │
│  n                          2325.500                                         │
╰──────────────────────────────────────────────────────────────────────────────╯

[0;0H╭──────────────────────────────────────────────────────────────────────────────╮
│  PufferLib 3.0         🐡       CPU:     GPU: 0.0%  DRAM: 26.2%  VRAM: 0.0%  │
│                                403.3%                                        │
│                                                                              │
│  Summary          Value    Evaluate     20s  25%    Losses            Value  │
│  Env       puffer_orbi…      Forwa…     18s  23%    policy_loss      -0.014  │
│  Params          136.5K      Env         0s   0%    value_loss        0.002  │
│  Steps             8.1M      Copy        1s   1%    entropy           0.188  │
│  SPS              92.8K      Misc        0s   0%    old_approx_kl     0.009  │
│  Epoch               62    Train      1m 1s  74%    approx_kl         0.008  │
│  Uptime          1m 29s      Forwa…     26s  31%    clipfrac          0.058  │
│  Remaini…        3m 55s      Learn      33s  40%    importance        0.999  │
│                              Copy        0s   0%    explained_var…    0.981  │
│                              Misc        1s   1%                             │
│                                                                              │
│  User Stats                    Value    User Stats                    Value  │
│  perf                          0.988    episode_return                7.131  │
│  episode_length               69.210    fuel_used                     0.139  │
│  n                          2325.500                                         │
╰──────────────────────────────────────────────────────────────────────────────╯

[0;0H╭──────────────────────────────────────────────────────────────────────────────╮
│  PufferLib 3.0        🐡        CPU:     GPU: 0.0%  DRAM: 26.1%  VRAM: 0.0%  │
│                                401.2%                                        │
│                                                                              │
│  Summary          Value    Evaluate     20s  25%    Losses            Value  │
│  Env       puffer_orbi…      Forwa…     18s  23%    policy_loss      -0.025  │
│  Params          136.5K      Env         0s   0%    value_loss        0.003  │
│  Steps             8.3M      Copy        1s   1%    entropy           0.197  │
│  SPS              96.5K      Misc        0s   0%    old_approx_kl     0.010  │
│  Epoch               63    Train      1m 1s  74%    approx_kl         0.011  │
│  Uptime          1m 30s      Forwa…     26s  31%    clipfrac          0.064  │
│  Remaini…        3m 45s      Learn      33s  40%    importance        1.001  │
│                              Copy        0s   0%    explained_var…    0.976  │
│                              Misc        1s   1%                             │
│                                                                              │
│  User Stats                    Value    User Stats                    Value  │
│  perf                          0.996    episode_return                7.196  │
│  episode_length               55.038    fuel_used                     0.139  │
│  n                          2351.500                                         │
╰──────────────────────────────────────────────────────────────────────────────╯

[0;0H╭──────────────────────────────────────────────────────────────────────────────╮
│  PufferLib 3.0       🐡         CPU:     GPU: 0.0%  DRAM: 26.1%  VRAM: 0.0%  │
│                                403.1%                                        │
│                                                                              │
│  Summary          Value    Evaluate     20s  25%    Losses            Value  │
│  Env       puffer_orbi…      Forwa…     18s  23%    policy_loss      -0.020  │
│  Params          136.5K      Env         0s   0%    value_loss        0.002  │
│  Steps             8.4M      Copy        1s   1%    entropy           0.191  │
│  SPS              93.0K      Misc        0s   0%    old_approx_kl     0.008  │
│  Epoch               64    Train      1m 1s  74%    approx_kl         0.008  │
│  Uptime          1m 31s      Forwa…     26s  31%    clipfrac          0.061  │
│  Remaini…        3m 52s      Learn      33s  40%    importance        1.000  │
│                              Copy        0s   0%    explained_var…    0.979  │
│                              Misc        1s   1%                             │
│                                                                              │
│  User Stats                    Value    User Stats                    Value  │
│  perf                          0.996    episode_return                7.196  │
│  episode_length               55.038    fuel_used                     0.139  │
│  n                          2351.500                                         │
╰──────────────────────────────────────────────────────────────────────────────╯

[0;0H╭──────────────────────────────────────────────────────────────────────────────╮
│  PufferLib 3.0      🐡          CPU:     GPU: 0.0%  DRAM: 26.0%  VRAM: 0.0%  │
│                                404.3%                                        │
│                                                                              │
│  Summary          Value    Evaluate     22s  25%    Losses            Value  │
│  Env       puffer_orbi…      Forwa…     20s  23%    policy_loss      -0.004  │
│  Params          136.5K      Env         0s   0%    value_loss        0.002  │
│  Steps             8.5M      Copy        1s   1%    entropy           0.192  │
│  SPS              89.8K      Misc        0s   0%    old_approx_kl     0.009  │
│  Epoch               65    Train      1m 6s  74%    approx_kl         0.009  │
│  Uptime          1m 33s      Forwa…     28s  31%    clipfrac          0.063  │
│  Remaini…        3m 59s      Learn      36s  40%    importance        1.000  │
│                              Copy        0s   0%    explained_var…    0.983  │
│                              Misc        1s   1%                             │
│                                                                              │
│  User Stats                    Value    User Stats                    Value  │
│  perf                          0.996    episode_return                7.250  │
│  episode_length               51.972    fuel_used                     0.139  │
│  n                          2461.500                                         │
╰──────────────────────────────────────────────────────────────────────────────╯

[0;0H╭──────────────────────────────────────────────────────────────────────────────╮
│  PufferLib 3.0     🐡           CPU:     GPU: 0.0%  DRAM: 26.0%  VRAM: 0.0%  │
│                                402.9%                                        │
│                                                                              │
│  Summary          Value    Evaluate     22s  26%    Losses            Value  │
│  Env       puffer_orbi…      Forwa…     20s  24%    policy_loss      -0.015  │
│  Params          136.5K      Env         0s   0%    value_loss        0.002  │
│  Steps             8.7M      Copy        1s   1%    entropy           0.193  │
│  SPS              92.3K      Misc        0s   0%    old_approx_kl     0.010  │
│  Epoch               66    Train      1m 6s  73%    approx_kl         0.009  │
│  Uptime          1m 34s      Forwa…     28s  30%    clipfrac          0.061  │
│  Remaini…        3m 51s      Learn      36s  41%    importance        0.999  │
│                              Copy        0s   0%    explained_var…    0.982  │
│                              Misc        1s   1%                             │
│                                                                              │
│  User Stats                    Value    User Stats                    Value  │
│  perf                          0.996    episode_return                7.250  │
│  episode_length               51.972    fuel_used                     0.139  │
│  n                          2461.500                                         │
╰──────────────────────────────────────────────────────────────────────────────╯

[0;0H╭──────────────────────────────────────────────────────────────────────────────╮
│  PufferLib 3.0    🐡            CPU:     GPU: 0.0%  DRAM: 26.0%  VRAM: 0.0%  │
│                                405.1%                                        │
│                                                                              │
│  Summary          Value    Evaluate     22s  26%    Losses            Value  │
│  Env       puffer_orbi…      Forwa…     20s  24%    policy_loss      -0.001  │
│  Params          136.5K      Env         0s   0%    value_loss        0.002  │
│  Steps             8.8M      Copy        1s   1%    entropy           0.190  │
│  SPS              92.9K      Misc        0s   0%    old_approx_kl     0.007  │
│  Epoch               67    Train      1m 6s  73%    approx_kl         0.007  │
│  Uptime          1m 36s      Forwa…     28s  30%    clipfrac          0.056  │
│  Remaini…        3m 48s      Learn      36s  41%    importance        1.000  │
│                              Copy        0s   0%    explained_var…    0.983  │
│                              Misc        1s   1%                             │
│                                                                              │
│  User Stats                    Value    User Stats                    Value  │
│  perf                          0.997    episode_return                7.268  │
│  episode_length               46.225    fuel_used                     0.139  │
│  n                          2511.000                                         │
╰──────────────────────────────────────────────────────────────────────────────╯

[0;0H╭──────────────────────────────────────────────────────────────────────────────╮
│  PufferLib 3.0   🐡             CPU:     GPU: 0.0%  DRAM: 26.0%  VRAM: 0.0%  │
│                                405.3%                                        │
│                                                                              │
│  Summary          Value    Evaluate     22s  26%    Losses            Value  │
│  Env       puffer_orbi…      Forwa…     20s  24%    policy_loss      -0.033  │
│  Params          136.5K      Env         0s   0%    value_loss        0.004  │
│  Steps             8.9M      Copy        1s   1%    entropy           0.194  │
│  SPS              94.0K      Misc        0s   0%    old_approx_kl     0.010  │
│  Epoch               68    Train      1m 6s  73%    approx_kl         0.010  │
│  Uptime          1m 37s      Forwa…     28s  30%    clipfrac          0.058  │
│  Remaini…        3m 44s      Learn      36s  41%    importance        1.000  │
│                              Copy        0s   0%    explained_var…    0.978  │
│                              Misc        1s   1%                             │
│                                                                              │
│  User Stats                    Value    User Stats                    Value  │
│  perf                          0.997    episode_return                7.268  │
│  episode_length               46.225    fuel_used                     0.139  │
│  n                          2511.000                                         │
╰──────────────────────────────────────────────────────────────────────────────╯

[0;0H╭──────────────────────────────────────────────────────────────────────────────╮
│  PufferLib 3.0  🐡              CPU:     GPU: 0.0%  DRAM: 26.0%  VRAM: 0.0%  │
│                                406.5%                                        │
│                                                                              │
│  Summary          Value    Evaluate     22s  26%    Losses            Value  │
│  Env       puffer_orbi…      Forwa…     20s  24%    policy_loss      -0.033  │
│  Params          136.5K      Env         0s   0%    value_loss        0.004  │
│  Steps             9.0M      Copy        1s   1%    entropy           0.189  │
│  SPS              94.4K      Misc        0s   0%    old_approx_kl     0.009  │
│  Epoch               69    Train      1m 6s  73%    approx_kl         0.009  │
│  Uptime          1m 39s      Forwa…     28s  30%    clipfrac          0.063  │
│  Remaini…        3m 41s      Learn      36s  41%    importance        0.999  │
│                              Copy        0s   0%    explained_var…    0.978  │
│                              Misc        1s   1%                             │
│                                                                              │
│  User Stats                    Value    User Stats                    Value  │
│  perf                          0.995    episode_return                7.205  │
│  episode_length               44.896    fuel_used                     0.139  │
│  n                          2592.000                                         │
╰──────────────────────────────────────────────────────────────────────────────╯

[0;0H╭──────────────────────────────────────────────────────────────────────────────╮
│  PufferLib 3.0 🐡               CPU:     GPU: 0.0%  DRAM: 26.0%  VRAM: 0.0%  │
│                                405.9%                                        │
│                                                                              │
│  Summary          Value    Evaluate     24s  26%    Losses            Value  │
│  Env       puffer_orbi…      Forwa…     21s  24%    policy_loss      -0.021  │
│  Params          136.5K      Env         0s   0%    value_loss        0.004  │
│  Steps             9.2M      Copy        1s   1%    entropy           0.182  │
│  SPS              93.4K      Misc        0s   0%    old_approx_kl     0.010  │
│  Epoch               70    Train     1m 12s  73%    approx_kl         0.009  │
│  Uptime          1m 40s      Forwa…     30s  30%    clipfrac          0.060  │
│  Remaini…        3m 43s      Learn      39s  41%    importance        0.999  │
│                              Copy        0s   0%    explained_var…    0.979  │
│                              Misc        1s   1%                             │
│                                                                              │
│  User Stats                    Value    User Stats                    Value  │
│  perf                          0.995    episode_return                7.205  │
│  episode_length               44.896    fuel_used                     0.139  │
│  n                          2592.000                                         │
╰──────────────────────────────────────────────────────────────────────────────╯

[0;0H╭──────────────────────────────────────────────────────────────────────────────╮
│  PufferLib 3.0          🐡      CPU:     GPU: 0.0%  DRAM: 26.0%  VRAM: 0.0%  │
│                                406.0%                                        │
│                                                                              │
│  Summary          Value    Evaluate     24s  24%    Losses            Value  │
│  Env       puffer_orbi…      Forwa…     21s  21%    policy_loss      -0.020  │
│  Params          136.5K      Env         0s   0%    value_loss        0.002  │
│  Steps             9.3M      Copy        1s   1%    entropy           0.184  │
│  SPS              93.2K      Misc        0s   0%    old_approx_kl     0.008  │
│  Epoch               71    Train     1m 12s  75%    approx_kl         0.009  │
│  Uptime          1m 41s      Forwa…     30s  32%    clipfrac          0.062  │
│  Remaini…        3m 41s      Learn      39s  41%    importance        1.000  │
│                              Copy        0s   0%    explained_var…    0.983  │
│                              Misc        1s   1%                             │
│                                                                              │
│  User Stats                    Value    User Stats                    Value  │
│  perf                          0.992    episode_return                7.140  │
│  episode_length               49.635    fuel_used                     0.139  │
│  n                          2597.000                                         │
╰──────────────────────────────────────────────────────────────────────────────╯

[0;0H╭──────────────────────────────────────────────────────────────────────────────╮
│  PufferLib 3.0         🐡       CPU:     GPU: 0.0%  DRAM: 26.0%  VRAM: 0.0%  │
│                                404.9%                                        │
│                                                                              │
│  Summary          Value    Evaluate     24s  24%    Losses            Value  │
│  Env       puffer_orbi…      Forwa…     21s  21%    policy_loss      -0.017  │
│  Params          136.5K      Env         0s   0%    value_loss        0.002  │
│  Steps             9.4M      Copy        1s   1%    entropy           0.193  │
│  SPS              89.3K      Misc        0s   0%    old_approx_kl     0.009  │
│  Epoch               72    Train     1m 12s  75%    approx_kl         0.009  │
│  Uptime          1m 43s      Forwa…     30s  32%    clipfrac          0.065  │
│  Remaini…        3m 50s      Learn      39s  41%    importance        1.000  │
│                              Copy        0s   0%    explained_var…    0.987  │
│                              Misc        1s   1%                             │
│                                                                              │
│  User Stats                    Value    User Stats                    Value  │
│  perf                          0.992    episode_return                7.140  │
│  episode_length               49.635    fuel_used                     0.139  │
│  n                          2597.000                                         │
╰──────────────────────────────────────────────────────────────────────────────╯

[0;0H╭──────────────────────────────────────────────────────────────────────────────╮
│  PufferLib 3.0        🐡        CPU:     GPU: 0.0%  DRAM: 26.0%  VRAM: 0.0%  │
│                                402.9%                                        │
│                                                                              │
│  Summary          Value    Evaluate     24s  24%    Losses            Value  │
│  Env       puffer_orbi…      Forwa…     21s  21%    policy_loss      -0.043  │
│  Params          136.5K      Env         0s   0%    value_loss        0.002  │
│  Steps             9.6M      Copy        1s   1%    entropy           0.194  │
│  SPS             100.9K      Misc        0s   0%    old_approx_kl     0.011  │
│  Epoch               73    Train     1m 12s  75%    approx_kl         0.011  │
│  Uptime          1m 44s      Forwa…     30s  32%    clipfrac          0.071  │
│  Remaini…        3m 22s      Learn      39s  41%    importance        1.000  │
│                              Copy        0s   0%    explained_var…    0.984  │
│                              Misc        1s   1%                             │
│                                                                              │
│  User Stats                    Value    User Stats                    Value  │
│  perf                          0.996    episode_return                7.376  │
│  episode_length               47.834    fuel_used                     0.138  │
│  n                          2601.500                                         │
╰──────────────────────────────────────────────────────────────────────────────╯

[0;0H╭──────────────────────────────────────────────────────────────────────────────╮
│  PufferLib 3.0       🐡         CPU:     GPU: 0.0%  DRAM: 26.0%  VRAM: 0.0%  │
│                                405.5%                                        │
│                                                                              │
│  Summary          Value    Evaluate     24s  24%    Losses            Value  │
│  Env       puffer_orbi…      Forwa…     21s  21%    policy_loss      -0.016  │
│  Params          136.5K      Env         0s   0%    value_loss        0.002  │
│  Steps             9.7M      Copy        1s   1%    entropy           0.184  │
│  SPS              91.1K      Misc        0s   0%    old_approx_kl     0.014  │
│  Epoch               74    Train     1m 12s  75%    approx_kl         0.015  │
│  Uptime          1m 46s      Forwa…     30s  32%    clipfrac          0.079  │
│  Remaini…        3m 42s      Learn      39s  41%    importance        1.001  │
│                              Copy        0s   0%    explained_var…    0.984  │
│                              Misc        1s   1%                             │
│                                                                              │
│  User Stats                    Value    User Stats                    Value  │
│  perf                          0.996    episode_return                7.376  │
│  episode_length               47.834    fuel_used                     0.138  │
│  n                          2601.500                                         │
╰──────────────────────────────────────────────────────────────────────────────╯

[0;0H╭──────────────────────────────────────────────────────────────────────────────╮
│  PufferLib 3.0      🐡          CPU:     GPU: 0.0%  DRAM: 26.1%  VRAM: 0.0%  │
│                                403.2%                                        │
│                                                                              │
│  Summary          Value    Evaluate     26s  24%    Losses            Value  │
│  Env       puffer_orbi…      Forwa…     23s  21%    policy_loss      -0.025  │
│  Params          136.5K      Env         0s   0%    value_loss        0.002  │
│  Steps             9.8M      Copy        1s   1%    entropy           0.177  │
│  SPS              94.4K      Misc        0s   0%    old_approx_kl     0.011  │
│  Epoch               75    Train     1m 17s  75%    approx_kl         0.010  │
│  Uptime          1m 47s      Forwa…     32s  32%    clipfrac          0.070  │
│  Remaini…        3m 33s      Learn      42s  41%    importance        0.999  │
│                              Copy        0s   0%    explained_var…    0.982  │
│                              Misc        1s   1%                             │
│                                                                              │
│  User Stats                    Value    User Stats                    Value  │
│  perf                          0.999    episode_return                7.513  │
│  episode_length               43.046    fuel_used                     0.138  │
│  n                          2585.000                                         │
╰──────────────────────────────────────────────────────────────────────────────╯

[0;0H╭──────────────────────────────────────────────────────────────────────────────╮
│  PufferLib 3.0     🐡           CPU:     GPU: 0.0%  DRAM: 26.1%  VRAM: 0.0%  │
│                                403.6%                                        │
│                                                                              │
│  Summary          Value    Evaluate     26s  24%    Losses            Value  │
│  Env       puffer_orbi…      Forwa…     23s  21%    policy_loss      -0.034  │
│  Params          136.5K      Env         0s   0%    value_loss        0.003  │
│  Steps            10.0M      Copy        1s   1%    entropy           0.178  │
│  SPS              93.1K      Misc        0s   0%    old_approx_kl     0.011  │
│  Epoch               76    Train     1m 17s  75%    approx_kl         0.010  │
│  Uptime          1m 48s      Forwa…     32s  31%    clipfrac          0.068  │
│  Remaini…        3m 35s      Learn      42s  41%    importance        0.999  │
│                              Copy        0s   0%    explained_var…    0.978  │
│                              Misc        1s   1%                             │
│                                                                              │
│  User Stats                    Value    User Stats                    Value  │
│  perf                          0.999    episode_return                7.513  │
│  episode_length               43.046    fuel_used                     0.138  │
│  n                          2585.000                                         │
╰──────────────────────────────────────────────────────────────────────────────╯

[0;0H╭──────────────────────────────────────────────────────────────────────────────╮
│  PufferLib 3.0    🐡            CPU:     GPU: 0.0%  DRAM: 26.1%  VRAM: 0.0%  │
│                                403.9%                                        │
│                                                                              │
│  Summary          Value    Evaluate     26s  24%    Losses            Value  │
│  Env       puffer_orbi…      Forwa…     23s  21%    policy_loss      -0.035  │
│  Params          136.5K      Env         0s   0%    value_loss        0.004  │
│  Steps            10.1M      Copy        1s   1%    entropy           0.165  │
│  SPS              91.4K      Misc        0s   0%    old_approx_kl     0.011  │
│  Epoch               77    Train     1m 17s  75%    approx_kl         0.011  │
│  Uptime          1m 50s      Forwa…     32s  31%    clipfrac          0.063  │
│  Remaini…        3m 37s      Learn      42s  41%    importance        1.000  │
│                              Copy        0s   0%    explained_var…    0.971  │
│                              Misc        1s   1%                             │
│                                                                              │
│  User Stats                    Value    User Stats                    Value  │
│  perf                          0.998    episode_return                7.480  │
│  episode_length               44.328    fuel_used                     0.138  │
│  n                          2505.000                                         │
╰──────────────────────────────────────────────────────────────────────────────╯

[0;0H╭──────────────────────────────────────────────────────────────────────────────╮
│  PufferLib 3.0   🐡             CPU:     GPU: 0.0%  DRAM: 26.1%  VRAM: 0.0%  │
│                                407.6%                                        │
│                                                                              │
│  Summary          Value    Evaluate     26s  24%    Losses            Value  │
│  Env       puffer_orbi…      Forwa…     23s  21%    policy_loss      -0.026  │
│  Params          136.5K      Env         0s   0%    value_loss        0.003  │
│  Steps            10.2M      Copy        1s   1%    entropy           0.156  │
│  SPS              92.0K      Misc        0s   0%    old_approx_kl     0.010  │
│  Epoch               78    Train     1m 17s  75%    approx_kl         0.009  │
│  Uptime          1m 51s      Forwa…     32s  31%    clipfrac          0.060  │
│  Remaini…        3m 34s      Learn      42s  41%    importance        0.999  │
│                              Copy        0s   0%    explained_var…    0.976  │
│                              Misc        1s   1%                             │
│                                                                              │
│  User Stats                    Value    User Stats                    Value  │
│  perf                          0.998    episode_return                7.480  │
│  episode_length               44.328    fuel_used                     0.138  │
│  n                          2505.000                                         │
╰──────────────────────────────────────────────────────────────────────────────╯

[0;0H╭──────────────────────────────────────────────────────────────────────────────╮
│  PufferLib 3.0  🐡              CPU:     GPU: 0.0%  DRAM: 26.1%  VRAM: 0.0%  │
│                                409.7%                                        │
│                                                                              │
│  Summary          Value    Evaluate     26s  24%    Losses            Value  │
│  Env       puffer_orbi…      Forwa…     23s  21%    policy_loss      -0.025  │
│  Params          136.5K      Env         0s   0%    value_loss        0.003  │
│  Steps            10.4M      Copy        1s   1%    entropy           0.140  │
│  SPS              90.8K      Misc        0s   0%    old_approx_kl     0.010  │
│  Epoch               79    Train     1m 17s  75%    approx_kl         0.010  │
│  Uptime          1m 53s      Forwa…     32s  31%    clipfrac          0.056  │
│  Remaini…        3m 36s      Learn      42s  41%    importance        1.000  │
│                              Copy        0s   0%    explained_var…    0.981  │
│                              Misc        1s   1%                             │
│                                                                              │
│  User Stats                    Value    User Stats                    Value  │
│  perf                          0.992    episode_return                7.240  │
│  episode_length               57.594    fuel_used                     0.139  │
│  n                          2498.500                                         │
╰──────────────────────────────────────────────────────────────────────────────╯

[0;0H╭──────────────────────────────────────────────────────────────────────────────╮
│  PufferLib 3.0 🐡               CPU:     GPU: 0.0%  DRAM: 26.2%  VRAM: 0.0%  │
│                                413.9%                                        │
│                                                                              │
│  Summary          Value    Evaluate     27s  24%    Losses            Value  │
│  Env       puffer_orbi…      Forwa…     24s  21%    policy_loss      -0.031  │
│  Params          136.5K      Env         0s   0%    value_loss        0.003  │
│  Steps            10.5M      Copy        2s   1%    entropy           0.133  │
│  SPS              93.9K      Misc        0s   0%    old_approx_kl     0.007  │
│  Epoch               80    Train     1m 22s  75%    approx_kl         0.007  │
│  Uptime          1m 54s      Forwa…     35s  31%    clipfrac          0.049  │
│  Remaini…        3m 27s      Learn      45s  41%    importance        1.000  │
│                              Copy        0s   0%    explained_var…    0.981  │
│                              Misc        1s   1%                             │
│                                                                              │
│  User Stats                    Value    User Stats                    Value  │
│  perf                          0.992    episode_return                7.240  │
│  episode_length               57.594    fuel_used                     0.139  │
│  n                          2498.500                                         │
╰──────────────────────────────────────────────────────────────────────────────╯

[0;0H╭──────────────────────────────────────────────────────────────────────────────╮
│  PufferLib 3.0          🐡      CPU:     GPU: 0.0%  DRAM: 26.2%  VRAM: 0.0%  │
│                                416.6%                                        │
│                                                                              │
│  Summary          Value    Evaluate     27s  23%    Losses            Value  │
│  Env       puffer_orbi…      Forwa…     24s  21%    policy_loss      -0.028  │
│  Params          136.5K      Env         0s   0%    value_loss        0.003  │
│  Steps            10.6M      Copy        2s   1%    entropy           0.143  │
│  SPS              94.6K      Misc        0s   0%    old_approx_kl     0.007  │
│  Epoch               81    Train     1m 22s  76%    approx_kl         0.008  │
│  Uptime          1m 55s      Forwa…     35s  31%    clipfrac          0.051  │
│  Remaini…        3m 24s      Learn      45s  41%    importance        1.001  │
│                              Copy        0s   0%    explained_var…    0.979  │
│                              Misc        1s   1%                             │
│                                                                              │
│  User Stats                    Value    User Stats                    Value  │
│  perf                          0.987    episode_return                7.153  │
│  episode_length               65.567    fuel_used                     0.139  │
│  n                          2584.500                                         │
╰──────────────────────────────────────────────────────────────────────────────╯

[0;0H╭──────────────────────────────────────────────────────────────────────────────╮
│  PufferLib 3.0         🐡       CPU:     GPU: 0.0%  DRAM: 26.2%  VRAM: 0.0%  │
│                                420.6%                                        │
│                                                                              │
│  Summary          Value    Evaluate     27s  23%    Losses            Value  │
│  Env       puffer_orbi…      Forwa…     24s  21%    policy_loss       0.006  │
│  Params          136.5K      Env         0s   0%    value_loss        0.003  │
│  Steps            10.7M      Copy        2s   1%    entropy           0.146  │
│  SPS              94.5K      Misc        0s   0%    old_approx_kl     0.010  │
│  Epoch               82    Train     1m 22s  76%    approx_kl         0.009  │
│  Uptime          1m 57s      Forwa…     35s  31%    clipfrac          0.055  │
│  Remaini…        3m 23s      Learn      45s  41%    importance        0.999  │
│                              Copy        0s   0%    explained_var…    0.979  │
│                              Misc        1s   1%                             │
│                                                                              │
│  User Stats                    Value    User Stats                    Value  │
│  perf                          0.987    episode_return                7.153  │
│  episode_length               65.567    fuel_used                     0.139  │
│  n                          2584.500                                         │
╰──────────────────────────────────────────────────────────────────────────────╯

[0;0H╭──────────────────────────────────────────────────────────────────────────────╮
│  PufferLib 3.0        🐡        CPU:     GPU: 0.0%  DRAM: 26.3%  VRAM: 0.0%  │
│                                423.4%                                        │
│                                                                              │
│  Summary          Value    Evaluate     27s  23%    Losses            Value  │
│  Env       puffer_orbi…      Forwa…     24s  21%    policy_loss      -0.016  │
│  Params          136.5K      Env         0s   0%    value_loss        0.006  │
│  Steps            10.9M      Copy        2s   1%    entropy           0.152  │
│  SPS              91.7K      Misc        0s   0%    old_approx_kl     0.012  │
│  Epoch               83    Train     1m 22s  76%    approx_kl         0.010  │
│  Uptime          1m 58s      Forwa…     35s  31%    clipfrac          0.058  │
│  Remaini…        3m 28s      Learn      45s  41%    importance        0.998  │
│                              Copy        0s   0%    explained_var…    0.955  │
│                              Misc        1s   1%                             │
│                                                                              │
│  User Stats                    Value    User Stats                    Value  │
│  perf                          0.992    episode_return                7.129  │
│  episode_length               59.456    fuel_used                     0.139  │
│  n                          2772.500                                         │
╰──────────────────────────────────────────────────────────────────────────────╯

[0;0H╭──────────────────────────────────────────────────────────────────────────────╮
│  PufferLib 3.0       🐡         CPU:     GPU: 0.0%  DRAM: 26.3%  VRAM: 0.0%  │
│                                426.9%                                        │
│                                                                              │
│  Summary          Value    Evaluate     27s  23%    Losses            Value  │
│  Env       puffer_orbi…      Forwa…     24s  21%    policy_loss      -0.017  │
│  Params          136.5K      Env         0s   0%    value_loss        0.004  │
│  Steps            11.0M      Copy        2s   1%    entropy           0.158  │
│  SPS              93.4K      Misc        0s   0%    old_approx_kl     0.009  │
│  Epoch               84    Train     1m 22s  76%    approx_kl         0.009  │
│  Uptime           2m 0s      Forwa…     35s  31%    clipfrac          0.054  │
│  Remaini…        3m 23s      Learn      45s  41%    importance        1.000  │
│                              Copy        0s   0%    explained_var…    0.954  │
│                              Misc        1s   1%                             │
│                                                                              │
│  User Stats                    Value    User Stats                    Value  │
│  perf                          0.992    episode_return                7.129  │
│  episode_length               59.456    fuel_used                     0.139  │
│  n                          2772.500                                         │
╰──────────────────────────────────────────────────────────────────────────────╯

[0;0H╭──────────────────────────────────────────────────────────────────────────────╮
│  PufferLib 3.0      🐡          CPU:     GPU: 0.0%  DRAM: 26.3%  VRAM: 0.0%  │
│                                424.6%                                        │
│                                                                              │
│  Summary          Value    Evaluate     29s  23%    Losses            Value  │
│  Env       puffer_orbi…      Forwa…     26s  21%    policy_loss      -0.007  │
│  Params          136.5K      Env         0s   0%    value_loss        0.003  │
│  Steps            11.1M      Copy        2s   1%    entropy           0.154  │
│  SPS             111.8K      Misc        0s   0%    old_approx_kl     0.010  │
│  Epoch               85    Train     1m 27s  76%    approx_kl         0.010  │
│  Uptime           2m 1s      Forwa…     37s  31%    clipfrac          0.051  │
│  Remaini…        2m 48s      Learn      47s  41%    importance        1.000  │
│                              Copy        0s   0%    explained_var…    0.966  │
│                              Misc        1s   1%                             │
│                                                                              │
│  User Stats                    Value    User Stats                    Value  │
│  perf                          0.989    episode_return                6.936  │
│  episode_length               61.991    fuel_used                     0.140  │
│  n                          2962.000                                         │
╰──────────────────────────────────────────────────────────────────────────────╯

[0;0H╭──────────────────────────────────────────────────────────────────────────────╮
│  PufferLib 3.0     🐡           CPU:     GPU: 0.0%  DRAM: 26.2%  VRAM: 0.0%  │
│                                416.1%                                        │
│                                                                              │
│  Summary          Value    Evaluate     29s  25%    Losses            Value  │
│  Env       puffer_orbi…      Forwa…     26s  22%    policy_loss      -0.014  │
│  Params          136.5K      Env         0s   0%    value_loss        0.002  │
│  Steps            11.3M      Copy        2s   1%    entropy           0.163  │
│  SPS             125.9K      Misc        0s   0%    old_approx_kl     0.010  │
│  Epoch               86    Train     1m 27s  74%    approx_kl         0.010  │
│  Uptime           2m 2s      Forwa…     37s  32%    clipfrac          0.055  │
│  Remaini…        2m 28s      Learn      47s  39%    importance        1.000  │
│                              Copy        0s   0%    explained_var…    0.978  │
│                              Misc        1s   1%                             │
│                                                                              │
│  User Stats                    Value    User Stats                    Value  │
│  perf                          0.989    episode_return                6.936  │
│  episode_length               61.991    fuel_used                     0.140  │
│  n                          2962.000                                         │
╰──────────────────────────────────────────────────────────────────────────────╯

[0;0H╭──────────────────────────────────────────────────────────────────────────────╮
│  PufferLib 3.0    🐡            CPU:     GPU: 0.0%  DRAM: 26.1%  VRAM: 0.0%  │
│                                408.9%                                        │
│                                                                              │
│  Summary          Value    Evaluate     29s  25%    Losses            Value  │
│  Env       puffer_orbi…      Forwa…     26s  22%    policy_loss      -0.006  │
│  Params          136.5K      Env         0s   0%    value_loss        0.002  │
│  Steps            11.4M      Copy        2s   1%    entropy           0.163  │
│  SPS             119.1K      Misc        0s   0%    old_approx_kl     0.033  │
│  Epoch               87    Train     1m 27s  74%    approx_kl         0.034  │
│  Uptime           2m 3s      Forwa…     37s  32%    clipfrac          0.072  │
│  Remaini…        2m 36s      Learn      47s  39%    importance        1.001  │
│                              Copy        0s   0%    explained_var…    0.981  │
│                              Misc        1s   1%                             │
│                                                                              │
│  User Stats                    Value    User Stats                    Value  │
│  perf                          0.996    episode_return                7.055  │
│  episode_length               43.772    fuel_used                     0.140  │
│  n                          3146.000                                         │
╰──────────────────────────────────────────────────────────────────────────────╯

[0;0H╭──────────────────────────────────────────────────────────────────────────────╮
│  PufferLib 3.0   🐡             CPU:     GPU: 0.0%  DRAM: 26.0%  VRAM: 0.0%  │
│                                397.9%                                        │
│                                                                              │
│  Summary          Value    Evaluate     29s  25%    Losses            Value  │
│  Env       puffer_orbi…      Forwa…     26s  22%    policy_loss      -0.023  │
│  Params          136.5K      Env         0s   0%    value_loss        0.002  │
│  Steps            11.5M      Copy        2s   1%    entropy           0.179  │
│  SPS             113.1K      Misc        0s   0%    old_approx_kl     0.011  │
│  Epoch               88    Train     1m 27s  74%    approx_kl         0.011  │
│  Uptime           2m 4s      Forwa…     37s  32%    clipfrac          0.070  │
│  Remaini…        2m 43s      Learn      47s  39%    importance        1.000  │
│                              Copy        0s   0%    explained_var…    0.977  │
│                              Misc        1s   1%                             │
│                                                                              │
│  User Stats                    Value    User Stats                    Value  │
│  perf                          0.996    episode_return                7.055  │
│  episode_length               43.772    fuel_used                     0.140  │
│  n                          3146.000                                         │
╰──────────────────────────────────────────────────────────────────────────────╯

[0;0H╭──────────────────────────────────────────────────────────────────────────────╮
│  PufferLib 3.0  🐡              CPU:     GPU: 0.0%  DRAM: 25.9%  VRAM: 0.0%  │
│                                390.8%                                        │
│                                                                              │
│  Summary          Value    Evaluate     29s  25%    Losses            Value  │
│  Env       puffer_orbi…      Forwa…     26s  22%    policy_loss      -0.036  │
│  Params          136.5K      Env         0s   0%    value_loss        0.002  │
│  Steps            11.7M      Copy        2s   1%    entropy           0.179  │
│  SPS             110.8K      Misc        0s   0%    old_approx_kl     0.016  │
│  Epoch               89    Train     1m 27s  74%    approx_kl         0.014  │
│  Uptime           2m 5s      Forwa…     37s  32%    clipfrac          0.069  │
│  Remaini…        2m 45s      Learn      47s  39%    importance        0.998  │
│                              Copy        0s   0%    explained_var…    0.974  │
│                              Misc        1s   1%                             │
│                                                                              │
│  User Stats                    Value    User Stats                    Value  │
│  perf                          0.999    episode_return                7.068  │
│  episode_length               39.773    fuel_used                     0.140  │
│  n                          3176.500                                         │
╰──────────────────────────────────────────────────────────────────────────────╯

[0;0H╭──────────────────────────────────────────────────────────────────────────────╮
│  PufferLib 3.0 🐡               CPU:     GPU: 0.0%  DRAM: 25.8%  VRAM: 0.0%  │
│                                385.6%                                        │
│                                                                              │
│  Summary          Value    Evaluate     30s  25%    Losses            Value  │
│  Env       puffer_orbi…      Forwa…     27s  22%    policy_loss      -0.052  │
│  Params          136.5K      Env         0s   0%    value_loss        0.004  │
│  Steps            11.8M      Copy        2s   1%    entropy           0.165  │
│  SPS             109.4K      Misc        0s   0%    old_approx_kl     0.014  │
│  Epoch               90    Train     1m 31s  74%    approx_kl         0.011  │
│  Uptime           2m 7s      Forwa…     38s  32%    clipfrac          0.062  │
│  Remaini…        2m 46s      Learn      49s  39%    importance        0.998  │
│                              Copy        0s   0%    explained_var…    0.951  │
│                              Misc        1s   1%                             │
│                                                                              │
│  User Stats                    Value    User Stats                    Value  │
│  perf                          0.999    episode_return                7.068  │
│  episode_length               39.773    fuel_used                     0.140  │
│  n                          3176.500                                         │
╰──────────────────────────────────────────────────────────────────────────────╯

[0;0H╭──────────────────────────────────────────────────────────────────────────────╮
│  PufferLib 3.0          🐡      CPU:     GPU: 0.0%  DRAM: 25.7%  VRAM: 0.0%  │
│                                379.7%                                        │
│                                                                              │
│  Summary          Value    Evaluate     30s  24%    Losses            Value  │
│  Env       puffer_orbi…      Forwa…     27s  21%    policy_loss      -0.020  │
│  Params          136.5K      Env         0s   0%    value_loss        0.004  │
│  Steps            11.9M      Copy        2s   2%    entropy           0.192  │
│  SPS             107.3K      Misc        0s   0%    old_approx_kl     0.009  │
│  Epoch               91    Train     1m 31s  75%    approx_kl         0.009  │
│  Uptime           2m 8s      Forwa…     38s  30%    clipfrac          0.062  │
│  Remaini…        2m 48s      Learn      49s  42%    importance        1.000  │
│                              Copy        0s   0%    explained_var…    0.946  │
│                              Misc        1s   1%                             │
│                                                                              │
│  User Stats                    Value    User Stats                    Value  │
│  perf                          0.997    episode_return                7.013  │
│  episode_length               41.770    fuel_used                     0.140  │
│  n                          3112.000                                         │
╰──────────────────────────────────────────────────────────────────────────────╯

[0;0H╭──────────────────────────────────────────────────────────────────────────────╮
│  PufferLib 3.0         🐡       CPU:     GPU: 0.0%  DRAM: 25.6%  VRAM: 0.0%  │
│                                361.3%                                        │
│                                                                              │
│  Summary          Value    Evaluate     30s  24%    Losses            Value  │
│  Env       puffer_orbi…      Forwa…     27s  21%    policy_loss      -0.014  │
│  Params          136.5K      Env         0s   0%    value_loss        0.002  │
│  Steps            12.1M      Copy        2s   2%    entropy           0.199  │
│  SPS             101.8K      Misc        0s   0%    old_approx_kl     0.013  │
│  Epoch               92    Train     1m 31s  75%    approx_kl         0.012  │
│  Uptime           2m 9s      Forwa…     38s  30%    clipfrac          0.078  │
│  Remaini…        2m 56s      Learn      49s  42%    importance        1.000  │
│                              Copy        0s   0%    explained_var…    0.969  │
│                              Misc        1s   1%                             │
│                                                                              │
│  User Stats                    Value    User Stats                    Value  │
│  perf                          0.997    episode_return                7.013  │
│  episode_length               41.770    fuel_used                     0.140  │
│  n                          3112.000                                         │
╰──────────────────────────────────────────────────────────────────────────────╯

[0;0H╭──────────────────────────────────────────────────────────────────────────────╮
│  PufferLib 3.0        🐡        CPU:     GPU: 0.0%  DRAM: 25.6%  VRAM: 0.0%  │
│                                353.3%                                        │
│                                                                              │
│  Summary          Value    Evaluate     30s  24%    Losses            Value  │
│  Env       puffer_orbi…      Forwa…     27s  21%    policy_loss      -0.034  │
│  Params          136.5K      Env         0s   0%    value_loss        0.002  │
│  Steps            12.2M      Copy        2s   2%    entropy           0.198  │
│  SPS             107.4K      Misc        0s   0%    old_approx_kl     0.010  │
│  Epoch               93    Train     1m 31s  75%    approx_kl         0.010  │
│  Uptime          2m 10s      Forwa…     38s  30%    clipfrac          0.074  │
│  Remaini…        2m 45s      Learn      49s  42%    importance        1.000  │
│                              Copy        0s   0%    explained_var…    0.975  │
│                              Misc        1s   1%                             │
│                                                                              │
│  User Stats                    Value    User Stats                    Value  │
│  perf                          0.992    episode_return                6.908  │
│  episode_length               48.334    fuel_used                     0.140  │
│  n                          3266.500                                         │
╰──────────────────────────────────────────────────────────────────────────────╯

[0;0H╭──────────────────────────────────────────────────────────────────────────────╮
│  PufferLib 3.0       🐡         CPU:     GPU: 0.0%  DRAM: 25.6%  VRAM: 0.0%  │
│                                342.4%                                        │
│                                                                              │
│  Summary          Value    Evaluate     30s  24%    Losses            Value  │
│  Env       puffer_orbi…      Forwa…     27s  21%    policy_loss      -0.020  │
│  Params          136.5K      Env         0s   0%    value_loss        0.001  │
│  Steps            12.3M      Copy        2s   2%    entropy           0.207  │
│  SPS             109.9K      Misc        0s   0%    old_approx_kl     0.011  │
│  Epoch               94    Train     1m 31s  75%    approx_kl         0.010  │
│  Uptime          2m 12s      Forwa…     38s  30%    clipfrac          0.070  │
│  Remaini…        2m 40s      Learn      49s  42%    importance        0.999  │
│                              Copy        0s   0%    explained_var…    0.977  │
│                              Misc        1s   1%                             │
│                                                                              │
│  User Stats                    Value    User Stats                    Value  │
│  perf                          0.992    episode_return                6.908  │
│  episode_length               48.334    fuel_used                     0.140  │
│  n                          3266.500                                         │
╰──────────────────────────────────────────────────────────────────────────────╯

[0;0H╭──────────────────────────────────────────────────────────────────────────────╮
│  PufferLib 3.0      🐡          CPU:     GPU: 0.0%  DRAM: 25.5%  VRAM: 0.0%  │
│                                332.6%                                        │
│                                                                              │
│  Summary          Value    Evaluate     32s  24%    Losses            Value  │
│  Env       puffer_orbi…      Forwa…     28s  21%    policy_loss      -0.017  │
│  Params          136.5K      Env         0s   0%    value_loss        0.001  │
│  Steps            12.5M      Copy        2s   2%    entropy           0.207  │
│  SPS             106.6K      Misc        0s   0%    old_approx_kl     0.010  │
│  Epoch               95    Train     1m 36s  75%    approx_kl         0.010  │
│  Uptime          2m 13s      Forwa…     40s  30%    clipfrac          0.075  │
│  Remaini…        2m 44s      Learn      52s  42%    importance        1.000  │
│                              Copy        0s   0%    explained_var…    0.978  │
│                              Misc        1s   1%                             │
│                                                                              │
│  User Stats                    Value    User Stats                    Value  │
│  perf                          0.996    episode_return                6.996  │
│  episode_length               43.100    fuel_used                     0.140  │
│  n                          3494.000                                         │
╰──────────────────────────────────────────────────────────────────────────────╯

[0;0H╭──────────────────────────────────────────────────────────────────────────────╮
│  PufferLib 3.0     🐡           CPU:     GPU: 0.0%  DRAM: 25.5%  VRAM: 0.0%  │
│                                323.5%                                        │
│                                                                              │
│  Summary          Value    Evaluate     32s  23%    Losses            Value  │
│  Env       puffer_orbi…      Forwa…     28s  20%    policy_loss      -0.020  │
│  Params          136.5K      Env         0s   0%    value_loss        0.001  │
│  Steps            12.6M      Copy        2s   1%    entropy           0.199  │
│  SPS             105.1K      Misc        0s   0%    old_approx_kl     0.009  │
│  Epoch               96    Train     1m 36s  76%    approx_kl         0.009  │
│  Uptime          2m 14s      Forwa…     40s  30%    clipfrac          0.066  │
│  Remaini…        2m 45s      Learn      52s  43%    importance        1.000  │
│                              Copy        0s   0%    explained_var…    0.978  │
│                              Misc        1s   1%                             │
│                                                                              │
│  User Stats                    Value    User Stats                    Value  │
│  perf                          0.996    episode_return                6.996  │
│  episode_length               43.100    fuel_used                     0.140  │
│  n                          3494.000                                         │
╰──────────────────────────────────────────────────────────────────────────────╯

[0;0H╭──────────────────────────────────────────────────────────────────────────────╮
│  PufferLib 3.0    🐡            CPU:     GPU: 0.0%  DRAM: 25.3%  VRAM: 0.0%  │
│                                308.3%                                        │
│                                                                              │
│  Summary          Value    Evaluate     32s  23%    Losses            Value  │
│  Env       puffer_orbi…      Forwa…     28s  20%    policy_loss      -0.018  │
│  Params          136.5K      Env         0s   0%    value_loss        0.002  │
│  Steps            12.7M      Copy        2s   1%    entropy           0.194  │
│  SPS             105.8K      Misc        0s   0%    old_approx_kl     0.008  │
│  Epoch               97    Train     1m 36s  76%    approx_kl         0.008  │
│  Uptime          2m 15s      Forwa…     40s  30%    clipfrac          0.060  │
│  Remaini…        2m 43s      Learn      52s  43%    importance        1.000  │
│                              Copy        0s   0%    explained_var…    0.971  │
│                              Misc        1s   1%                             │
│                                                                              │
│  User Stats                    Value    User Stats                    Value  │
│  perf                          1.000    episode_return                7.030  │
│  episode_length               35.826    fuel_used                     0.140  │
│  n                          3595.000                                         │
╰──────────────────────────────────────────────────────────────────────────────╯

[0;0H╭──────────────────────────────────────────────────────────────────────────────╮
│  PufferLib 3.0   🐡             CPU:     GPU: 0.0%  DRAM: 25.3%  VRAM: 0.0%  │
│                                298.5%                                        │
│                                                                              │
│  Summary          Value    Evaluate     32s  23%    Losses            Value  │
│  Env       puffer_orbi…      Forwa…     28s  20%    policy_loss      -0.010  │
│  Params          136.5K      Env         0s   0%    value_loss        0.001  │
│  Steps            12.8M      Copy        2s   1%    entropy           0.190  │
│  SPS             111.0K      Misc        0s   0%    old_approx_kl     0.008  │
│  Epoch               98    Train     1m 36s  76%    approx_kl         0.008  │
│  Uptime          2m 16s      Forwa…     40s  30%    clipfrac          0.061  │
│  Remaini…        2m 34s      Learn      52s  43%    importance        1.000  │
│                              Copy        0s   0%    explained_var…    0.971  │
│                              Misc        1s   1%                             │
│                                                                              │
│  User Stats                    Value    User Stats                    Value  │
│  perf                          1.000    episode_return                7.030  │
│  episode_length               35.826    fuel_used                     0.140  │
│  n                          3595.000                                         │
╰──────────────────────────────────────────────────────────────────────────────╯

[0;0H╭──────────────────────────────────────────────────────────────────────────────╮
│  PufferLib 3.0  🐡              CPU:     GPU: 0.0%  DRAM: 25.2%  VRAM: 0.0%  │
│                                291.2%                                        │
│                                                                              │
│  Summary          Value    Evaluate     32s  23%    Losses            Value  │
│  Env       puffer_orbi…      Forwa…     28s  20%    policy_loss      -0.017  │
│  Params          136.5K      Env         0s   0%    value_loss        0.002  │
│  Steps            13.0M      Copy        2s   1%    entropy           0.188  │
│  SPS             105.9K      Misc        0s   0%    old_approx_kl     0.008  │
│  Epoch               99    Train     1m 36s  76%    approx_kl         0.008  │
│  Uptime          2m 18s      Forwa…     40s  30%    clipfrac          0.057  │
│  Remaini…        2m 40s      Learn      52s  43%    importance        1.000  │
│                              Copy        0s   0%    explained_var…    0.966  │
│                              Misc        1s   1%                             │
│                                                                              │
│  User Stats                    Value    User Stats                    Value  │
│  perf                          0.998    episode_return                6.908  │
│  episode_length               36.849    fuel_used                     0.140  │
│  n                          3601.500                                         │
╰──────────────────────────────────────────────────────────────────────────────╯

[0;0H╭──────────────────────────────────────────────────────────────────────────────╮
│  PufferLib 3.0 🐡               CPU:     GPU: 0.0%  DRAM: 25.1%  VRAM: 0.0%  │
│                                282.9%                                        │
│                                                                              │
│  Summary          Value    Evaluate     33s  23%    Losses            Value  │
│  Env       puffer_orbi…      Forwa…     30s  20%    policy_loss      -0.005  │
│  Params          136.5K      Env         0s   0%    value_loss        0.001  │
│  Steps            13.1M      Copy        2s   1%    entropy           0.188  │
│  SPS             104.1K      Misc        0s   0%    old_approx_kl     0.008  │
│  Epoch              100    Train     1m 40s  76%    approx_kl         0.008  │
│  Uptime          2m 19s      Forwa…     42s  30%    clipfrac          0.054  │
│  Remaini…        2m 42s      Learn      55s  43%    importance        0.999  │
│                              Copy        0s   0%    explained_var…    0.971  │
│                              Misc        2s   1%                             │
│                                                                              │
│  User Stats                    Value    User Stats                    Value  │
│  perf                          0.998    episode_return                6.908  │
│  episode_length               36.849    fuel_used                     0.140  │
│  n                          3601.500                                         │
╰──────────────────────────────────────────────────────────────────────────────╯

[0;0H╭──────────────────────────────────────────────────────────────────────────────╮
│  PufferLib 3.0          🐡      CPU:     GPU: 0.0%  DRAM: 25.0%  VRAM: 0.0%  │
│                                272.1%                                        │
│                                                                              │
│  Summary          Value    Evaluate     33s  25%    Losses            Value  │
│  Env       puffer_orbi…      Forwa…     30s  22%    policy_loss      -0.017  │
│  Params          136.5K      Env         0s   0%    value_loss        0.001  │
│  Steps            13.2M      Copy        2s   2%    entropy           0.179  │
│  SPS             109.0K      Misc        0s   0%    old_approx_kl     0.008  │
│  Epoch              101    Train     1m 40s  74%    approx_kl         0.007  │
│  Uptime          2m 20s      Forwa…     42s  29%    clipfrac          0.055  │
│  Remaini…        2m 33s      Learn      55s  42%    importance        0.999  │
│                              Copy        0s   0%    explained_var…    0.972  │
│                              Misc        2s   1%                             │
│                                                                              │
│  User Stats                    Value    User Stats                    Value  │
│  perf                          0.999    episode_return                6.870  │
│  episode_length               37.231    fuel_used                     0.141  │
│  n                          3571.000                                         │
╰──────────────────────────────────────────────────────────────────────────────╯

[0;0H╭──────────────────────────────────────────────────────────────────────────────╮
│  PufferLib 3.0         🐡       CPU:     GPU: 0.0%  DRAM: 25.0%  VRAM: 0.0%  │
│                                273.8%                                        │
│                                                                              │
│  Summary          Value    Evaluate     33s  25%    Losses            Value  │
│  Env       puffer_orbi…      Forwa…     30s  22%    policy_loss      -0.038  │
│  Params          136.5K      Env         0s   0%    value_loss        0.002  │
│  Steps            13.4M      Copy        2s   2%    entropy           0.184  │
│  SPS             108.2K      Misc        0s   0%    old_approx_kl     0.008  │
│  Epoch              102    Train     1m 40s  74%    approx_kl         0.008  │
│  Uptime          2m 21s      Forwa…     42s  29%    clipfrac          0.060  │
│  Remaini…        2m 33s      Learn      55s  42%    importance        1.000  │
│                              Copy        0s   0%    explained_var…    0.968  │
│                              Misc        2s   1%                             │
│                                                                              │
│  User Stats                    Value    User Stats                    Value  │
│  perf                          0.999    episode_return                6.870  │
│  episode_length               37.231    fuel_used                     0.141  │
│  n                          3571.000                                         │
╰──────────────────────────────────────────────────────────────────────────────╯

[0;0H╭──────────────────────────────────────────────────────────────────────────────╮
│  PufferLib 3.0        🐡        CPU:     GPU: 0.0%  DRAM: 25.0%  VRAM: 0.0%  │
│                                278.8%                                        │
│                                                                              │
│  Summary          Value    Evaluate     33s  25%    Losses            Value  │
│  Env       puffer_orbi…      Forwa…     30s  22%    policy_loss      -0.009  │
│  Params          136.5K      Env         0s   0%    value_loss        0.001  │
│  Steps            13.5M      Copy        2s   2%    entropy           0.190  │
│  SPS             104.0K      Misc        0s   0%    old_approx_kl     0.008  │
│  Epoch              103    Train     1m 40s  74%    approx_kl         0.008  │
│  Uptime          2m 23s      Forwa…     42s  29%    clipfrac          0.064  │
│  Remaini…        2m 38s      Learn      55s  42%    importance        1.000  │
│                              Copy        0s   0%    explained_var…    0.970  │
│                              Misc        2s   1%                             │
│                                                                              │
│  User Stats                    Value    User Stats                    Value  │
│  perf                          0.998    episode_return                6.776  │
│  episode_length               37.273    fuel_used                     0.141  │
│  n                          3573.500                                         │
╰──────────────────────────────────────────────────────────────────────────────╯

[0;0H╭──────────────────────────────────────────────────────────────────────────────╮
│  PufferLib 3.0       🐡         CPU:     GPU: 0.0%  DRAM: 25.0%  VRAM: 0.0%  │
│                                278.2%                                        │
│                                                                              │
│  Summary          Value    Evaluate     33s  25%    Losses            Value  │
│  Env       puffer_orbi…      Forwa…     30s  22%    policy_loss      -0.024  │
│  Params          136.5K      Env         0s   0%    value_loss        0.001  │
│  Steps            13.6M      Copy        2s   2%    entropy           0.184  │
│  SPS             103.4K      Misc        0s   0%    old_approx_kl     0.010  │
│  Epoch              104    Train     1m 40s  74%    approx_kl         0.009  │
│  Uptime          2m 24s      Forwa…     42s  29%    clipfrac          0.065  │
│  Remaini…        2m 38s      Learn      55s  42%    importance        0.999  │
│                              Copy        0s   0%    explained_var…    0.974  │
│                              Misc        2s   1%                             │
│                                                                              │
│  User Stats                    Value    User Stats                    Value  │
│  perf                          0.998    episode_return                6.776  │
│  episode_length               37.273    fuel_used                     0.141  │
│  n                          3573.500                                         │
╰──────────────────────────────────────────────────────────────────────────────╯

[0;0H╭──────────────────────────────────────────────────────────────────────────────╮
│  PufferLib 3.0      🐡          CPU:     GPU: 0.0%  DRAM: 25.1%  VRAM: 0.0%  │
│                                282.7%                                        │
│                                                                              │
│  Summary          Value    Evaluate     35s  25%    Losses            Value  │
│  Env       puffer_orbi…      Forwa…     31s  22%    policy_loss      -0.008  │
│  Params          136.5K      Env         0s   0%    value_loss        0.001  │
│  Steps            13.8M      Copy        2s   2%    entropy           0.188  │
│  SPS             103.3K      Misc        0s   0%    old_approx_kl     0.007  │
│  Epoch              105    Train     1m 45s  74%    approx_kl         0.007  │
│  Uptime          2m 25s      Forwa…     44s  29%    clipfrac          0.057  │
│  Remaini…        2m 37s      Learn      57s  42%    importance        1.000  │
│                              Copy        1s   0%    explained_var…    0.976  │
│                              Misc        2s   1%                             │
│                                                                              │
│  User Stats                    Value    User Stats                    Value  │
│  perf                          0.999    episode_return                6.803  │
│  episode_length               37.556    fuel_used                     0.141  │
│  n                          3618.500                                         │
╰──────────────────────────────────────────────────────────────────────────────╯

[0;0H╭──────────────────────────────────────────────────────────────────────────────╮
│  PufferLib 3.0     🐡           CPU:     GPU: 0.0%  DRAM: 25.2%  VRAM: 0.0%  │
│                                291.4%                                        │
│                                                                              │
│  Summary          Value    Evaluate     35s  23%    Losses            Value  │
│  Env       puffer_orbi…      Forwa…     31s  20%    policy_loss      -0.016  │
│  Params          136.5K      Env         0s   0%    value_loss        0.001  │
│  Steps            13.9M      Copy        2s   2%    entropy           0.191  │
│  SPS              97.6K      Misc        0s   0%    old_approx_kl     0.009  │
│  Epoch              106    Train     1m 45s  76%    approx_kl         0.009  │
│  Uptime          2m 27s      Forwa…     44s  32%    clipfrac          0.061  │
│  Remaini…        2m 44s      Learn      57s  41%    importance        1.000  │
│                              Copy        1s   0%    explained_var…    0.977  │
│                              Misc        2s   1%                             │
│                                                                              │
│  User Stats                    Value    User Stats                    Value  │
│  perf                          0.999    episode_return                6.803  │
│  episode_length               37.556    fuel_used                     0.141  │
│  n                          3618.500                                         │
╰──────────────────────────────────────────────────────────────────────────────╯

[0;0H╭──────────────────────────────────────────────────────────────────────────────╮
│  PufferLib 3.0    🐡            CPU:     GPU: 0.0%  DRAM: 25.3%  VRAM: 0.0%  │
│                                300.2%                                        │
│                                                                              │
│  Summary          Value    Evaluate     35s  23%    Losses            Value  │
│  Env       puffer_orbi…      Forwa…     31s  20%    policy_loss       0.000  │
│  Params          136.5K      Env         0s   0%    value_loss        0.001  │
│  Steps            14.0M      Copy        2s   2%    entropy           0.180  │
│  SPS              99.7K      Misc        0s   0%    old_approx_kl     0.008  │
│  Epoch              107    Train     1m 45s  76%    approx_kl         0.008  │
│  Uptime          2m 28s      Forwa…     44s  32%    clipfrac          0.063  │
│  Remaini…        2m 40s      Learn      57s  41%    importance        1.000  │
│                              Copy        1s   0%    explained_var…    0.976  │
│                              Misc        2s   1%                             │
│                                                                              │
│  User Stats                    Value    User Stats                    Value  │
│  perf                          0.999    episode_return                6.810  │
│  episode_length               35.773    fuel_used                     0.141  │
│  n                          3740.500                                         │
╰──────────────────────────────────────────────────────────────────────────────╯

[0;0H╭──────────────────────────────────────────────────────────────────────────────╮
│  PufferLib 3.0   🐡             CPU:     GPU: 0.0%  DRAM: 25.4%  VRAM: 0.0%  │
│                                304.4%                                        │
│                                                                              │
│  Summary          Value    Evaluate     35s  23%    Losses            Value  │
│  Env       puffer_orbi…      Forwa…     31s  20%    policy_loss      -0.027  │
│  Params          136.5K      Env         0s   0%    value_loss        0.001  │
│  Steps            14.2M      Copy        2s   2%    entropy           0.177  │
│  SPS             109.5K      Misc        0s   0%    old_approx_kl     0.008  │
│  Epoch              108    Train     1m 45s  76%    approx_kl         0.009  │
│  Uptime          2m 29s      Forwa…     44s  32%    clipfrac          0.062  │
│  Remaini…        2m 24s      Learn      57s  41%    importance        1.000  │
│                              Copy        1s   0%    explained_var…    0.972  │
│                              Misc        2s   1%                             │
│                                                                              │
│  User Stats                    Value    User Stats                    Value  │
│  perf                          0.999    episode_return                6.810  │
│  episode_length               35.773    fuel_used                     0.141  │
│  n                          3740.500                                         │
╰──────────────────────────────────────────────────────────────────────────────╯

[0;0H╭──────────────────────────────────────────────────────────────────────────────╮
│  PufferLib 3.0  🐡              CPU:     GPU: 0.0%  DRAM: 25.5%  VRAM: 0.0%  │
│                                308.1%                                        │
│                                                                              │
│  Summary          Value    Evaluate     35s  23%    Losses            Value  │
│  Env       puffer_orbi…      Forwa…     31s  20%    policy_loss      -0.024  │
│  Params          136.5K      Env         0s   0%    value_loss        0.001  │
│  Steps            14.3M      Copy        2s   2%    entropy           0.175  │
│  SPS             104.6K      Misc        0s   0%    old_approx_kl     0.008  │
│  Epoch              109    Train     1m 45s  76%    approx_kl         0.008  │
│  Uptime          2m 30s      Forwa…     44s  32%    clipfrac          0.058  │
│  Remaini…        2m 30s      Learn      57s  41%    importance        1.000  │
│                              Copy        1s   0%    explained_var…    0.972  │
│                              Misc        2s   1%                             │
│                                                                              │
│  User Stats                    Value    User Stats                    Value  │
│  perf                          0.999    episode_return                6.783  │
│  episode_length               35.352    fuel_used                     0.141  │
│  n                          3851.500                                         │
╰──────────────────────────────────────────────────────────────────────────────╯

[0;0H╭──────────────────────────────────────────────────────────────────────────────╮
│  PufferLib 3.0 🐡               CPU:     GPU: 0.0%  DRAM: 25.5%  VRAM: 0.0%  │
│                                310.2%                                        │
│                                                                              │
│  Summary          Value    Evaluate     36s  23%    Losses            Value  │
│  Env       puffer_orbi…      Forwa…     33s  20%    policy_loss      -0.034  │
│  Params          136.5K      Env         0s   0%    value_loss        0.001  │
│  Steps            14.4M      Copy        2s   2%    entropy           0.169  │
│  SPS             104.4K      Misc        0s   0%    old_approx_kl     0.011  │
│  Epoch              110    Train     1m 50s  76%    approx_kl         0.010  │
│  Uptime          2m 32s      Forwa…     46s  32%    clipfrac          0.060  │
│  Remaini…        2m 29s      Learn    1m 0s  41%    importance        0.999  │
│                              Copy        1s   0%    explained_var…    0.967  │
│                              Misc        2s   1%                             │
│                                                                              │
│  User Stats                    Value    User Stats                    Value  │
│  perf                          0.999    episode_return                6.783  │
│  episode_length               35.352    fuel_used                     0.141  │
│  n                          3851.500                                         │
╰──────────────────────────────────────────────────────────────────────────────╯

[0;0H╭──────────────────────────────────────────────────────────────────────────────╮
│  PufferLib 3.0          🐡      CPU:     GPU: 0.0%  DRAM: 25.6%  VRAM: 0.0%  │
│                                310.4%                                        │
│                                                                              │
│  Summary          Value    Evaluate     36s  26%    Losses            Value  │
│  Env       puffer_orbi…      Forwa…     33s  23%    policy_loss      -0.028  │
│  Params          136.5K      Env         0s   0%    value_loss        0.002  │
│  Steps            14.5M      Copy        2s   2%    entropy           0.168  │
│  SPS             106.6K      Misc        0s   0%    old_approx_kl     0.008  │
│  Epoch              111    Train     1m 50s  73%    approx_kl         0.008  │
│  Uptime          2m 33s      Forwa…     46s  29%    clipfrac          0.056  │
│  Remaini…        2m 24s      Learn    1m 0s  41%    importance        1.000  │
│                              Copy        1s   0%    explained_var…    0.952  │
│                              Misc        2s   1%                             │
│                                                                              │
│  User Stats                    Value    User Stats                    Value  │
│  perf                          1.000    episode_return                6.790  │
│  episode_length               33.216    fuel_used                     0.141  │
│  n                          3879.000                                         │
╰──────────────────────────────────────────────────────────────────────────────╯

[0;0H╭──────────────────────────────────────────────────────────────────────────────╮
│  PufferLib 3.0         🐡       CPU:     GPU: 0.0%  DRAM: 25.7%  VRAM: 0.0%  │
│                                315.0%                                        │
│                                                                              │
│  Summary          Value    Evaluate     36s  26%    Losses            Value  │
│  Env       puffer_orbi…      Forwa…     33s  23%    policy_loss      -0.019  │
│  Params          136.5K      Env         0s   0%    value_loss        0.002  │
│  Steps            14.7M      Copy        2s   2%    entropy           0.167  │
│  SPS             105.2K      Misc        0s   0%    old_approx_kl     0.011  │
│  Epoch              112    Train     1m 50s  73%    approx_kl         0.011  │
│  Uptime          2m 34s      Forwa…     46s  29%    clipfrac          0.063  │
│  Remaini…        2m 25s      Learn    1m 0s  41%    importance        1.000  │
│                              Copy        1s   0%    explained_var…    0.950  │
│                              Misc        2s   1%                             │
│                                                                              │
│  User Stats                    Value    User Stats                    Value  │
│  perf                          1.000    episode_return                6.790  │
│  episode_length               33.216    fuel_used                     0.141  │
│  n                          3879.000                                         │
╰──────────────────────────────────────────────────────────────────────────────╯

[0;0H╭──────────────────────────────────────────────────────────────────────────────╮
│  PufferLib 3.0        🐡        CPU:     GPU: 0.0%  DRAM: 25.8%  VRAM: 0.0%  │
│                                313.4%                                        │
│                                                                              │
│  Summary          Value    Evaluate     36s  26%    Losses            Value  │
│  Env       puffer_orbi…      Forwa…     33s  23%    policy_loss      -0.022  │
│  Params          136.5K      Env         0s   0%    value_loss        0.001  │
│  Steps            14.8M      Copy        2s   2%    entropy           0.167  │
│  SPS             102.4K      Misc        0s   0%    old_approx_kl     0.009  │
│  Epoch              113    Train     1m 50s  73%    approx_kl         0.009  │
│  Uptime          2m 35s      Forwa…     46s  29%    clipfrac          0.057  │
│  Remaini…        2m 28s      Learn    1m 0s  41%    importance        1.000  │
│                              Copy        1s   0%    explained_var…    0.969  │
│                              Misc        2s   1%                             │
│                                                                              │
│  User Stats                    Value    User Stats                    Value  │
│  perf                          0.998    episode_return                6.810  │
│  episode_length               33.129    fuel_used                     0.141  │
│  n                          3991.000                                         │
╰──────────────────────────────────────────────────────────────────────────────╯

[0;0H╭──────────────────────────────────────────────────────────────────────────────╮
│  PufferLib 3.0       🐡         CPU:     GPU: 0.0%  DRAM: 25.9%  VRAM: 0.0%  │
│                                313.2%                                        │
│                                                                              │
│  Summary          Value    Evaluate     36s  26%    Losses            Value  │
│  Env       puffer_orbi…      Forwa…     33s  23%    policy_loss      -0.031  │
│  Params          136.5K      Env         0s   0%    value_loss        0.001  │
│  Steps            14.9M      Copy        2s   2%    entropy           0.167  │
│  SPS             105.5K      Misc        0s   0%    old_approx_kl     0.007  │
│  Epoch              114    Train     1m 50s  73%    approx_kl         0.007  │
│  Uptime          2m 37s      Forwa…     46s  29%    clipfrac          0.051  │
│  Remaini…        2m 22s      Learn    1m 0s  41%    importance        1.000  │
│                              Copy        1s   0%    explained_var…    0.963  │
│                              Misc        2s   1%                             │
│                                                                              │
│  User Stats                    Value    User Stats                    Value  │
│  perf                          0.998    episode_return                6.810  │
│  episode_length               33.129    fuel_used                     0.141  │
│  n                          3991.000                                         │
╰──────────────────────────────────────────────────────────────────────────────╯

[0;0H╭──────────────────────────────────────────────────────────────────────────────╮
│  PufferLib 3.0      🐡          CPU:     GPU: 0.0%  DRAM: 25.9%  VRAM: 0.0%  │
│                                309.9%                                        │
│                                                                              │
│  Summary          Value    Evaluate     38s  26%    Losses            Value  │
│  Env       puffer_orbi…      Forwa…     34s  23%    policy_loss      -0.025  │
│  Params          136.5K      Env         0s   0%    value_loss        0.002  │
│  Steps            15.1M      Copy        3s   2%    entropy           0.171  │
│  SPS             108.5K      Misc        0s   0%    old_approx_kl     0.010  │
│  Epoch              115    Train     1m 54s  73%    approx_kl         0.009  │
│  Uptime          2m 38s      Forwa…     48s  29%    clipfrac          0.052  │
│  Remaini…        2m 17s      Learn    1m 3s  41%    importance        0.999  │
│                              Copy        1s   0%    explained_var…    0.963  │
│                              Misc        2s   1%                             │
│                                                                              │
│  User Stats                    Value    User Stats                    Value  │
│  perf                          0.999    episode_return                6.806  │
│  episode_length               32.485    fuel_used                     0.141  │
│  n                          4014.000                                         │
╰──────────────────────────────────────────────────────────────────────────────╯

[0;0H╭──────────────────────────────────────────────────────────────────────────────╮
│  PufferLib 3.0     🐡           CPU:     GPU: 0.0%  DRAM: 25.9%  VRAM: 0.0%  │
│                                307.8%                                        │
│                                                                              │
│  Summary          Value    Evaluate     38s  24%    Losses            Value  │
│  Env       puffer_orbi…      Forwa…     34s  21%    policy_loss      -0.023  │
│  Params          136.5K      Env         0s   0%    value_loss        0.001  │
│  Steps            15.2M      Copy        3s   2%    entropy           0.171  │
│  SPS             103.8K      Misc        0s   0%    old_approx_kl     0.006  │
│  Epoch              116    Train     1m 54s  75%    approx_kl         0.006  │
│  Uptime          2m 39s      Forwa…     48s  30%    clipfrac          0.046  │
│  Remaini…        2m 22s      Learn    1m 3s  42%    importance        1.000  │
│                              Copy        1s   0%    explained_var…    0.969  │
│                              Misc        2s   1%                             │
│                                                                              │
│  User Stats                    Value    User Stats                    Value  │
│  perf                          0.999    episode_return                6.806  │
│  episode_length               32.485    fuel_used                     0.141  │
│  n                          4014.000                                         │
╰──────────────────────────────────────────────────────────────────────────────╯

[0;0H╭──────────────────────────────────────────────────────────────────────────────╮
│  PufferLib 3.0    🐡            CPU:     GPU: 0.0%  DRAM: 26.1%  VRAM: 0.0%  │
│                                304.4%                                        │
│                                                                              │
│  Summary          Value    Evaluate     38s  24%    Losses            Value  │
│  Env       puffer_orbi…      Forwa…     34s  21%    policy_loss      -0.013  │
│  Params          136.5K      Env         0s   0%    value_loss        0.001  │
│  Steps            15.3M      Copy        3s   2%    entropy           0.172  │
│  SPS             102.9K      Misc        0s   0%    old_approx_kl     0.006  │
│  Epoch              117    Train     1m 54s  75%    approx_kl         0.007  │
│  Uptime          2m 40s      Forwa…     48s  30%    clipfrac          0.048  │
│  Remaini…        2m 22s      Learn    1m 3s  42%    importance        1.000  │
│                              Copy        1s   0%    explained_var…    0.972  │
│                              Misc        2s   1%                             │
│                                                                              │
│  User Stats                    Value    User Stats                    Value  │
│  perf                          0.999    episode_return                6.849  │
│  episode_length               32.167    fuel_used                     0.141  │
│  n                          4073.500                                         │
╰──────────────────────────────────────────────────────────────────────────────╯

[0;0H╭──────────────────────────────────────────────────────────────────────────────╮
│  PufferLib 3.0   🐡             CPU:     GPU: 0.0%  DRAM: 26.1%  VRAM: 0.0%  │
│                                301.2%                                        │
│                                                                              │
│  Summary          Value    Evaluate     38s  24%    Losses            Value  │
│  Env       puffer_orbi…      Forwa…     34s  21%    policy_loss      -0.033  │
│  Params          136.5K      Env         0s   0%    value_loss        0.001  │
│  Steps            15.5M      Copy        3s   2%    entropy           0.165  │
│  SPS             106.3K      Misc        0s   0%    old_approx_kl     0.007  │
│  Epoch              118    Train     1m 54s  75%    approx_kl         0.007  │
│  Uptime          2m 42s      Forwa…     48s  30%    clipfrac          0.050  │
│  Remaini…        2m 16s      Learn    1m 3s  42%    importance        1.001  │
│                              Copy        1s   0%    explained_var…    0.970  │
│                              Misc        2s   1%                             │
│                                                                              │
│  User Stats                    Value    User Stats                    Value  │
│  perf                          0.999    episode_return                6.849  │
│  episode_length               32.167    fuel_used                     0.141  │
│  n                          4073.500                                         │
╰──────────────────────────────────────────────────────────────────────────────╯

[0;0H╭──────────────────────────────────────────────────────────────────────────────╮
│  PufferLib 3.0  🐡              CPU:     GPU: 0.0%  DRAM: 26.2%  VRAM: 0.0%  │
│                                293.9%                                        │
│                                                                              │
│  Summary          Value    Evaluate     38s  24%    Losses            Value  │
│  Env       puffer_orbi…      Forwa…     34s  21%    policy_loss      -0.013  │
│  Params          136.5K      Env         0s   0%    value_loss        0.001  │
│  Steps            15.6M      Copy        3s   2%    entropy           0.169  │
│  SPS             108.7K      Misc        0s   0%    old_approx_kl     0.007  │
│  Epoch              119    Train     1m 54s  75%    approx_kl         0.007  │
│  Uptime          2m 43s      Forwa…     48s  30%    clipfrac          0.048  │
│  Remaini…        2m 12s      Learn    1m 3s  42%    importance        1.000  │
│                              Copy        1s   0%    explained_var…    0.976  │
│                              Misc        2s   1%                             │
│                                                                              │
│  User Stats                    Value    User Stats                    Value  │
│  perf                          0.999    episode_return                6.769  │
│  episode_length               33.128    fuel_used                     0.141  │
│  n                          4038.500                                         │
╰──────────────────────────────────────────────────────────────────────────────╯

[0;0H╭──────────────────────────────────────────────────────────────────────────────╮
│  PufferLib 3.0 🐡               CPU:     GPU: 0.0%  DRAM: 26.3%  VRAM: 0.0%  │
│                                294.4%                                        │
│                                                                              │
│  Summary          Value    Evaluate     39s  24%    Losses            Value  │
│  Env       puffer_orbi…      Forwa…     35s  21%    policy_loss      -0.042  │
│  Params          136.5K      Env         0s   0%    value_loss        0.001  │
│  Steps            15.7M      Copy        3s   2%    entropy           0.165  │
│  SPS             102.1K      Misc        0s   0%    old_approx_kl     0.008  │
│  Epoch              120    Train     1m 59s  75%    approx_kl         0.007  │
│  Uptime          2m 44s      Forwa…     50s  30%    clipfrac          0.051  │
│  Remaini…        2m 19s      Learn    1m 5s  42%    importance        0.999  │
│                              Copy        1s   0%    explained_var…    0.971  │
│                              Misc        2s   1%                             │
│                                                                              │
│  User Stats                    Value    User Stats                    Value  │
│  perf                          0.999    episode_return                6.769  │
│  episode_length               33.128    fuel_used                     0.141  │
│  n                          4038.500                                         │
╰──────────────────────────────────────────────────────────────────────────────╯

[0;0H╭──────────────────────────────────────────────────────────────────────────────╮
│  PufferLib 3.0          🐡      CPU:     GPU: 0.0%  DRAM: 26.3%  VRAM: 0.0%  │
│                                286.9%                                        │
│                                                                              │
│  Summary          Value    Evaluate     39s  25%    Losses            Value  │
│  Env       puffer_orbi…      Forwa…     35s  21%    policy_loss      -0.021  │
│  Params          136.5K      Env         0s   0%    value_loss        0.001  │
│  Steps            15.9M      Copy        3s   2%    entropy           0.170  │
│  SPS             103.5K      Misc        0s   0%    old_approx_kl     0.006  │
│  Epoch              121    Train     1m 59s  74%    approx_kl         0.006  │
│  Uptime          2m 45s      Forwa…     50s  29%    clipfrac          0.043  │
│  Remaini…        2m 16s      Learn    1m 5s  42%    importance        1.000  │
│                              Copy        1s   0%    explained_var…    0.978  │
│                              Misc        2s   1%                             │
│                                                                              │
│  User Stats                    Value    User Stats                    Value  │
│  perf                          0.999    episode_return                6.715  │
│  episode_length               33.370    fuel_used                     0.141  │
│  n                          4063.000                                         │
╰──────────────────────────────────────────────────────────────────────────────╯

[0;0H╭──────────────────────────────────────────────────────────────────────────────╮
│  PufferLib 3.0         🐡       CPU:     GPU: 0.0%  DRAM: 26.4%  VRAM: 0.0%  │
│                                277.2%                                        │
│                                                                              │
│  Summary          Value    Evaluate     39s  25%    Losses            Value  │
│  Env       puffer_orbi…      Forwa…     35s  21%    policy_loss      -0.001  │
│  Params          136.5K      Env         0s   0%    value_loss        0.001  │
│  Steps            16.0M      Copy        3s   2%    entropy           0.173  │
│  SPS             108.7K      Misc        0s   0%    old_approx_kl     0.006  │
│  Epoch              122    Train     1m 59s  74%    approx_kl         0.007  │
│  Uptime          2m 47s      Forwa…     50s  29%    clipfrac          0.052  │
│  Remaini…         2m 8s      Learn    1m 5s  42%    importance        1.000  │
│                              Copy        1s   0%    explained_var…    0.982  │
│                              Misc        2s   1%                             │
│                                                                              │
│  User Stats                    Value    User Stats                    Value  │
│  perf                          0.999    episode_return                6.715  │
│  episode_length               33.370    fuel_used                     0.141  │
│  n                          4063.000                                         │
╰──────────────────────────────────────────────────────────────────────────────╯

[0;0H╭──────────────────────────────────────────────────────────────────────────────╮
│  PufferLib 3.0        🐡        CPU:     GPU: 0.0%  DRAM: 26.4%  VRAM: 0.0%  │
│                                267.5%                                        │
│                                                                              │
│  Summary          Value    Evaluate     39s  25%    Losses            Value  │
│  Env       puffer_orbi…      Forwa…     35s  21%    policy_loss      -0.002  │
│  Params          136.5K      Env         0s   0%    value_loss        0.001  │
│  Steps            16.1M      Copy        3s   2%    entropy           0.175  │
│  SPS             107.0K      Misc        0s   0%    old_approx_kl     0.007  │
│  Epoch              123    Train     1m 59s  74%    approx_kl         0.006  │
│  Uptime          2m 48s      Forwa…     50s  29%    clipfrac          0.052  │
│  Remaini…         2m 9s      Learn    1m 5s  42%    importance        1.000  │
│                              Copy        1s   0%    explained_var…    0.985  │
│                              Misc        2s   1%                             │
│                                                                              │
│  User Stats                    Value    User Stats                    Value  │
│  perf                          0.999    episode_return                6.739  │
│  episode_length               32.033    fuel_used                     0.141  │
│  n                          4057.500                                         │
╰──────────────────────────────────────────────────────────────────────────────╯

[0;0H╭──────────────────────────────────────────────────────────────────────────────╮
│  PufferLib 3.0       🐡         CPU:     GPU: 0.0%  DRAM: 26.3%  VRAM: 0.0%  │
│                                262.1%                                        │
│                                                                              │
│  Summary          Value    Evaluate     39s  25%    Losses            Value  │
│  Env       puffer_orbi…      Forwa…     35s  21%    policy_loss      -0.020  │
│  Params          136.5K      Env         0s   0%    value_loss        0.001  │
│  Steps            16.3M      Copy        3s   2%    entropy           0.177  │
│  SPS             103.1K      Misc        0s   0%    old_approx_kl     0.007  │
│  Epoch              124    Train     1m 59s  74%    approx_kl         0.007  │
│  Uptime          2m 49s      Forwa…     50s  29%    clipfrac          0.052  │
│  Remaini…        2m 13s      Learn    1m 5s  42%    importance        1.000  │
│                              Copy        1s   0%    explained_var…    0.980  │
│                              Misc        2s   1%                             │
│                                                                              │
│  User Stats                    Value    User Stats                    Value  │
│  perf                          0.999    episode_return                6.739  │
│  episode_length               32.033    fuel_used                     0.141  │
│  n                          4057.500                                         │
╰──────────────────────────────────────────────────────────────────────────────╯

[0;0H╭──────────────────────────────────────────────────────────────────────────────╮
│  PufferLib 3.0      🐡          CPU:     GPU: 0.0%  DRAM: 26.2%  VRAM: 0.0%  │
│                                257.5%                                        │
│                                                                              │
│  Summary          Value    Evaluate     41s  25%    Losses            Value  │
│  Env       puffer_orbi…      Forwa…     37s  21%    policy_loss      -0.016  │
│  Params          136.5K      Env         0s   0%    value_loss        0.001  │
│  Steps            16.4M      Copy        3s   2%    entropy           0.171  │
│  SPS             103.7K      Misc        0s   0%    old_approx_kl     0.005  │
│  Epoch              125    Train      2m 4s  74%    approx_kl         0.005  │
│  Uptime          2m 50s      Forwa…     52s  29%    clipfrac          0.045  │
│  Remaini…        2m 11s      Learn    1m 8s  42%    importance        1.000  │
│                              Copy        1s   0%    explained_var…    0.977  │
│                              Misc        2s   1%                             │
│                                                                              │
│  User Stats                    Value    User Stats                    Value  │
│  perf                          1.000    episode_return                6.761  │
│  episode_length               31.085    fuel_used                     0.141  │
│  n                          4102.000                                         │
╰──────────────────────────────────────────────────────────────────────────────╯

[0;0H╭──────────────────────────────────────────────────────────────────────────────╮
│  PufferLib 3.0     🐡           CPU:     GPU: 0.0%  DRAM: 26.1%  VRAM: 0.0%  │
│                                255.0%                                        │
│                                                                              │
│  Summary          Value    Evaluate     41s  25%    Losses            Value  │
│  Env       puffer_orbi…      Forwa…     37s  22%    policy_loss      -0.012  │
│  Params          136.5K      Env         0s   0%    value_loss        0.001  │
│  Steps            16.5M      Copy        3s   2%    entropy           0.168  │
│  SPS             109.2K      Misc        0s   0%    old_approx_kl     0.007  │
│  Epoch              126    Train      2m 4s  74%    approx_kl         0.007  │
│  Uptime          2m 52s      Forwa…     52s  30%    clipfrac          0.047  │
│  Remaini…         2m 3s      Learn    1m 8s  41%    importance        1.000  │
│                              Copy        1s   0%    explained_var…    0.976  │
│                              Misc        2s   1%                             │
│                                                                              │
│  User Stats                    Value    User Stats                    Value  │
│  perf                          1.000    episode_return                6.761  │
│  episode_length               31.085    fuel_used                     0.141  │
│  n                          4102.000                                         │
╰──────────────────────────────────────────────────────────────────────────────╯

[0;0H╭──────────────────────────────────────────────────────────────────────────────╮
│  PufferLib 3.0    🐡            CPU:     GPU: 0.0%  DRAM: 26.1%  VRAM: 0.0%  │
│                                253.3%                                        │
│                                                                              │
│  Summary          Value    Evaluate     41s  25%    Losses            Value  │
│  Env       puffer_orbi…      Forwa…     37s  22%    policy_loss      -0.011  │
│  Params          136.5K      Env         0s   0%    value_loss        0.001  │
│  Steps            16.6M      Copy        3s   2%    entropy           0.170  │
│  SPS             107.0K      Misc        0s   0%    old_approx_kl     0.007  │
│  Epoch              127    Train      2m 4s  74%    approx_kl         0.006  │
│  Uptime          2m 53s      Forwa…     52s  30%    clipfrac          0.048  │
│  Remaini…         2m 4s      Learn    1m 8s  41%    importance        1.000  │
│                              Copy        1s   0%    explained_var…    0.980  │
│                              Misc        2s   1%                             │
│                                                                              │
│  User Stats                    Value    User Stats                    Value  │
│  perf                          0.999    episode_return                6.703  │
│  episode_length               31.439    fuel_used                     0.142  │
│  n                          4132.500                                         │
╰──────────────────────────────────────────────────────────────────────────────╯

[0;0H╭──────────────────────────────────────────────────────────────────────────────╮
│  PufferLib 3.0   🐡             CPU:     GPU: 0.0%  DRAM: 26.1%  VRAM: 0.0%  │
│                                247.6%                                        │
│                                                                              │
│  Summary          Value    Evaluate     41s  25%    Losses            Value  │
│  Env       puffer_orbi…      Forwa…     37s  22%    policy_loss      -0.041  │
│  Params          136.5K      Env         0s   0%    value_loss        0.001  │
│  Steps            16.8M      Copy        3s   2%    entropy           0.168  │
│  SPS             104.2K      Misc        0s   0%    old_approx_kl     0.005  │
│  Epoch              128    Train      2m 4s  74%    approx_kl         0.006  │
│  Uptime          2m 54s      Forwa…     52s  30%    clipfrac          0.046  │
│  Remaini…         2m 6s      Learn    1m 8s  41%    importance        1.001  │
│                              Copy        1s   0%    explained_var…    0.978  │
│                              Misc        2s   1%                             │
│                                                                              │
│  User Stats                    Value    User Stats                    Value  │
│  perf                          0.999    episode_return                6.703  │
│  episode_length               31.439    fuel_used                     0.142  │
│  n                          4132.500                                         │
╰──────────────────────────────────────────────────────────────────────────────╯

[0;0H╭──────────────────────────────────────────────────────────────────────────────╮
│  PufferLib 3.0  🐡              CPU:     GPU: 0.0%  DRAM: 26.0%  VRAM: 0.0%  │
│                                246.9%                                        │
│                                                                              │
│  Summary          Value    Evaluate     41s  25%    Losses            Value  │
│  Env       puffer_orbi…      Forwa…     37s  22%    policy_loss      -0.029  │
│  Params          136.5K      Env         0s   0%    value_loss        0.001  │
│  Steps            16.9M      Copy        3s   2%    entropy           0.165  │
│  SPS             106.4K      Misc        0s   0%    old_approx_kl     0.006  │
│  Epoch              129    Train      2m 4s  74%    approx_kl         0.006  │
│  Uptime          2m 55s      Forwa…     52s  30%    clipfrac          0.048  │
│  Remaini…         2m 3s      Learn    1m 8s  41%    importance        1.000  │
│                              Copy        1s   0%    explained_var…    0.972  │
│                              Misc        2s   1%                             │
│                                                                              │
│  User Stats                    Value    User Stats                    Value  │
│  perf                          0.999    episode_return                6.720  │
│  episode_length               31.323    fuel_used                     0.142  │
│  n                          4188.000                                         │
╰──────────────────────────────────────────────────────────────────────────────╯

[0;0H╭──────────────────────────────────────────────────────────────────────────────╮
│  PufferLib 3.0 🐡               CPU:     GPU: 0.0%  DRAM: 26.0%  VRAM: 0.0%  │
│                                245.1%                                        │
│                                                                              │
│  Summary          Value    Evaluate     43s  25%    Losses            Value  │
│  Env       puffer_orbi…      Forwa…     38s  22%    policy_loss      -0.002  │
│  Params          136.5K      Env         0s   0%    value_loss        0.001  │
│  Steps            17.0M      Copy        3s   2%    entropy           0.169  │
│  SPS             107.7K      Misc        0s   0%    old_approx_kl     0.005  │
│  Epoch              130    Train      2m 9s  74%    approx_kl         0.005  │
│  Uptime          2m 57s      Forwa…     54s  30%    clipfrac          0.043  │
│  Remaini…         2m 0s      Learn   1m 11s  41%    importance        1.000  │
│                              Copy        1s   0%    explained_var…    0.977  │
│                              Misc        2s   1%                             │
│                                                                              │
│  User Stats                    Value    User Stats                    Value  │
│  perf                          0.999    episode_return                6.720  │
│  episode_length               31.323    fuel_used                     0.142  │
│  n                          4188.000                                         │
╰──────────────────────────────────────────────────────────────────────────────╯

[0;0H╭──────────────────────────────────────────────────────────────────────────────╮
│  PufferLib 3.0          🐡      CPU:     GPU: 0.0%  DRAM: 26.0%  VRAM: 0.0%  │
│                                246.0%                                        │
│                                                                              │
│  Summary          Value    Evaluate     43s  24%    Losses            Value  │
│  Env       puffer_orbi…      Forwa…     38s  21%    policy_loss      -0.027  │
│  Params          136.5K      Env         0s   0%    value_loss        0.001  │
│  Steps            17.2M      Copy        3s   2%    entropy           0.168  │
│  SPS             104.6K      Misc        0s   0%    old_approx_kl     0.008  │
│  Epoch              131    Train      2m 9s  75%    approx_kl         0.008  │
│  Uptime          2m 58s      Forwa…     54s  30%    clipfrac          0.053  │
│  Remaini…         2m 2s      Learn   1m 11s  42%    importance        1.000  │
│                              Copy        1s   0%    explained_var…    0.978  │
│                              Misc        2s   1%                             │
│                                                                              │
│  User Stats                    Value    User Stats                    Value  │
│  perf                          0.999    episode_return                6.727  │
│  episode_length               30.766    fuel_used                     0.141  │
│  n                          4184.500                                         │
╰──────────────────────────────────────────────────────────────────────────────╯

[0;0H╭──────────────────────────────────────────────────────────────────────────────╮
│  PufferLib 3.0         🐡       CPU:     GPU: 0.0%  DRAM: 26.0%  VRAM: 0.0%  │
│                                245.2%                                        │
│                                                                              │
│  Summary          Value    Evaluate     43s  24%    Losses            Value  │
│  Env       puffer_orbi…      Forwa…     38s  21%    policy_loss      -0.029  │
│  Params          136.5K      Env         0s   0%    value_loss        0.001  │
│  Steps            17.3M      Copy        3s   2%    entropy           0.161  │
│  SPS             103.8K      Misc        0s   0%    old_approx_kl     0.006  │
│  Epoch              132    Train      2m 9s  75%    approx_kl         0.007  │
│  Uptime          2m 59s      Forwa…     54s  30%    clipfrac          0.046  │
│  Remaini…         2m 2s      Learn   1m 11s  42%    importance        1.001  │
│                              Copy        1s   0%    explained_var…    0.972  │
│                              Misc        2s   1%                             │
│                                                                              │
│  User Stats                    Value    User Stats                    Value  │
│  perf                          0.999    episode_return                6.727  │
│  episode_length               30.766    fuel_used                     0.141  │
│  n                          4184.500                                         │
╰──────────────────────────────────────────────────────────────────────────────╯

[0;0H╭──────────────────────────────────────────────────────────────────────────────╮
│  PufferLib 3.0        🐡        CPU:     GPU: 0.0%  DRAM: 25.9%  VRAM: 0.0%  │
│                                245.7%                                        │
│                                                                              │
│  Summary          Value    Evaluate     43s  24%    Losses            Value  │
│  Env       puffer_orbi…      Forwa…     38s  21%    policy_loss      -0.032  │
│  Params          136.5K      Env         0s   0%    value_loss        0.001  │
│  Steps            17.4M      Copy        3s   2%    entropy           0.165  │
│  SPS             108.6K      Misc        0s   0%    old_approx_kl     0.006  │
│  Epoch              133    Train      2m 9s  75%    approx_kl         0.006  │
│  Uptime           3m 0s      Forwa…     54s  30%    clipfrac          0.046  │
│  Remaini…        1m 55s      Learn   1m 11s  42%    importance        1.001  │
│                              Copy        1s   0%    explained_var…    0.974  │
│                              Misc        2s   1%                             │
│                                                                              │
│  User Stats                    Value    User Stats                    Value  │
│  perf                          0.999    episode_return                6.691  │
│  episode_length               30.745    fuel_used                     0.142  │
│  n                          4204.000                                         │
╰──────────────────────────────────────────────────────────────────────────────╯

[0;0H╭──────────────────────────────────────────────────────────────────────────────╮
│  PufferLib 3.0       🐡         CPU:     GPU: 0.0%  DRAM: 25.9%  VRAM: 0.0%  │
│                                244.0%                                        │
│                                                                              │
│  Summary          Value    Evaluate     43s  24%    Losses            Value  │
│  Env       puffer_orbi…      Forwa…     38s  21%    policy_loss      -0.013  │
│  Params          136.5K      Env         0s   0%    value_loss        0.001  │
│  Steps            17.6M      Copy        3s   2%    entropy           0.164  │
│  SPS             105.9K      Misc        0s   0%    old_approx_kl     0.006  │
│  Epoch              134    Train      2m 9s  75%    approx_kl         0.006  │
│  Uptime           3m 2s      Forwa…     54s  30%    clipfrac          0.044  │
│  Remaini…        1m 57s      Learn   1m 11s  42%    importance        0.999  │
│                              Copy        1s   0%    explained_var…    0.976  │
│                              Misc        2s   1%                             │
│                                                                              │
│  User Stats                    Value    User Stats                    Value  │
│  perf                          0.999    episode_return                6.691  │
│  episode_length               30.745    fuel_used                     0.142  │
│  n                          4204.000                                         │
╰──────────────────────────────────────────────────────────────────────────────╯

[0;0H╭──────────────────────────────────────────────────────────────────────────────╮
│  PufferLib 3.0      🐡          CPU:     GPU: 0.0%  DRAM: 25.9%  VRAM: 0.0%  │
│                                245.2%                                        │
│                                                                              │
│  Summary          Value    Evaluate     44s  24%    Losses            Value  │
│  Env       puffer_orbi…      Forwa…     39s  21%    policy_loss      -0.030  │
│  Params          136.5K      Env         1s   0%    value_loss        0.001  │
│  Steps            17.7M      Copy        3s   2%    entropy           0.164  │
│  SPS             103.4K      Misc        0s   0%    old_approx_kl     0.006  │
│  Epoch              135    Train     2m 13s  75%    approx_kl         0.006  │
│  Uptime           3m 3s      Forwa…     55s  30%    clipfrac          0.044  │
│  Remaini…        1m 59s      Learn   1m 13s  42%    importance        0.999  │
│                              Copy        1s   0%    explained_var…    0.964  │
│                              Misc        2s   1%                             │
│                                                                              │
│  User Stats                    Value    User Stats                    Value  │
│  perf                          0.999    episode_return                6.703  │
│  episode_length               30.308    fuel_used                     0.142  │
│  n                          4224.000                                         │
╰──────────────────────────────────────────────────────────────────────────────╯

[0;0H╭──────────────────────────────────────────────────────────────────────────────╮
│  PufferLib 3.0     🐡           CPU:     GPU: 0.0%  DRAM: 25.9%  VRAM: 0.0%  │
│                                242.0%                                        │
│                                                                              │
│  Summary          Value    Evaluate     44s  26%    Losses            Value  │
│  Env       puffer_orbi…      Forwa…     39s  22%    policy_loss      -0.009  │
│  Params          136.5K      Env         1s   0%    value_loss        0.001  │
│  Steps            17.8M      Copy        3s   2%    entropy           0.160  │
│  SPS             104.0K      Misc        0s   0%    old_approx_kl     0.005  │
│  Epoch              136    Train     2m 13s  73%    approx_kl         0.005  │
│  Uptime           3m 4s      Forwa…     55s  29%    clipfrac          0.041  │
│  Remaini…        1m 57s      Learn   1m 13s  42%    importance        1.000  │
│                              Copy        1s   0%    explained_var…    0.976  │
│                              Misc        2s   1%                             │
│                                                                              │
│  User Stats                    Value    User Stats                    Value  │
│  perf                          0.999    episode_return                6.703  │
│  episode_length               30.308    fuel_used                     0.142  │
│  n                          4224.000                                         │
╰──────────────────────────────────────────────────────────────────────────────╯

[0;0H╭──────────────────────────────────────────────────────────────────────────────╮
│  PufferLib 3.0    🐡            CPU:     GPU: 0.0%  DRAM: 25.9%  VRAM: 0.0%  │
│                                244.6%                                        │
│                                                                              │
│  Summary          Value    Evaluate     44s  26%    Losses            Value  │
│  Env       puffer_orbi…      Forwa…     39s  22%    policy_loss      -0.018  │
│  Params          136.5K      Env         1s   0%    value_loss        0.001  │
│  Steps            18.0M      Copy        3s   2%    entropy           0.152  │
│  SPS             108.6K      Misc        0s   0%    old_approx_kl     0.005  │
│  Epoch              137    Train     2m 13s  73%    approx_kl         0.005  │
│  Uptime           3m 5s      Forwa…     55s  29%    clipfrac          0.042  │
│  Remaini…        1m 50s      Learn   1m 13s  42%    importance        1.000  │
│                              Copy        1s   0%    explained_var…    0.981  │
│                              Misc        2s   1%                             │
│                                                                              │
│  User Stats                    Value    User Stats                    Value  │
│  perf                          0.999    episode_return                6.673  │
│  episode_length               30.667    fuel_used                     0.142  │
│  n                          4254.500                                         │
╰──────────────────────────────────────────────────────────────────────────────╯

[0;0H╭──────────────────────────────────────────────────────────────────────────────╮
│  PufferLib 3.0   🐡             CPU:     GPU: 0.0%  DRAM: 25.9%  VRAM: 0.0%  │
│                                245.2%                                        │
│                                                                              │
│  Summary          Value    Evaluate     44s  26%    Losses            Value  │
│  Env       puffer_orbi…      Forwa…     39s  22%    policy_loss      -0.006  │
│  Params          136.5K      Env         1s   0%    value_loss        0.000  │
│  Steps            18.1M      Copy        3s   2%    entropy           0.142  │
│  SPS             105.6K      Misc        0s   0%    old_approx_kl     0.004  │
│  Epoch              138    Train     2m 13s  73%    approx_kl         0.004  │
│  Uptime           3m 7s      Forwa…     55s  29%    clipfrac          0.036  │
│  Remaini…        1m 52s      Learn   1m 13s  42%    importance        1.000  │
│                              Copy        1s   0%    explained_var…    0.983  │
│                              Misc        2s   1%                             │
│                                                                              │
│  User Stats                    Value    User Stats                    Value  │
│  perf                          0.999    episode_return                6.673  │
│  episode_length               30.667    fuel_used                     0.142  │
│  n                          4254.500                                         │
╰──────────────────────────────────────────────────────────────────────────────╯

[0;0H╭──────────────────────────────────────────────────────────────────────────────╮
│  PufferLib 3.0  🐡              CPU:     GPU: 0.0%  DRAM: 25.9%  VRAM: 0.0%  │
│                                246.5%                                        │
│                                                                              │
│  Summary          Value    Evaluate     44s  26%    Losses            Value  │
│  Env       puffer_orbi…      Forwa…     39s  22%    policy_loss      -0.001  │
│  Params          136.5K      Env         1s   0%    value_loss        0.001  │
│  Steps            18.2M      Copy        3s   2%    entropy           0.146  │
│  SPS             102.3K      Misc        0s   0%    old_approx_kl     0.005  │
│  Epoch              139    Train     2m 13s  73%    approx_kl         0.004  │
│  Uptime           3m 8s      Forwa…     55s  29%    clipfrac          0.036  │
│  Remaini…        1m 55s      Learn   1m 13s  42%    importance        1.000  │
│                              Copy        1s   0%    explained_var…    0.979  │
│                              Misc        2s   1%                             │
│                                                                              │
│  User Stats                    Value    User Stats                    Value  │
│  perf                          1.000    episode_return                6.678  │
│  episode_length               30.745    fuel_used                     0.142  │
│  n                          4234.500                                         │
╰──────────────────────────────────────────────────────────────────────────────╯

[0;0H╭──────────────────────────────────────────────────────────────────────────────╮
│  PufferLib 3.0 🐡               CPU:     GPU: 0.0%  DRAM: 25.9%  VRAM: 0.0%  │
│                                247.6%                                        │
│                                                                              │
│  Summary          Value    Evaluate     46s  26%    Losses            Value  │
│  Env       puffer_orbi…      Forwa…     41s  22%    policy_loss      -0.038  │
│  Params          136.5K      Env         1s   0%    value_loss        0.001  │
│  Steps            18.4M      Copy        3s   2%    entropy           0.143  │
│  SPS             105.5K      Misc        0s   0%    old_approx_kl     0.006  │
│  Epoch              140    Train     2m 18s  73%    approx_kl         0.005  │
│  Uptime           3m 9s      Forwa…     57s  29%    clipfrac          0.036  │
│  Remaini…        1m 50s      Learn   1m 16s  42%    importance        0.999  │
│                              Copy        1s   0%    explained_var…    0.974  │
│                              Misc        2s   1%                             │
│                                                                              │
│  User Stats                    Value    User Stats                    Value  │
│  perf                          1.000    episode_return                6.678  │
│  episode_length               30.745    fuel_used                     0.142  │
│  n                          4234.500                                         │
╰──────────────────────────────────────────────────────────────────────────────╯

[0;0H╭──────────────────────────────────────────────────────────────────────────────╮
│  PufferLib 3.0          🐡      CPU:     GPU: 0.0%  DRAM: 26.0%  VRAM: 0.0%  │
│                                247.5%                                        │
│                                                                              │
│  Summary          Value    Evaluate     46s  25%    Losses            Value  │
│  Env       puffer_orbi…      Forwa…     41s  22%    policy_loss      -0.011  │
│  Params          136.5K      Env         1s   0%    value_loss        0.001  │
│  Steps            18.5M      Copy        3s   2%    entropy           0.140  │
│  SPS             108.8K      Misc        0s   0%    old_approx_kl     0.006  │
│  Epoch              141    Train     2m 18s  74%    approx_kl         0.006  │
│  Uptime          3m 10s      Forwa…     57s  30%    clipfrac          0.040  │
│  Remaini…        1m 45s      Learn   1m 16s  41%    importance        1.000  │
│                              Copy        1s   0%    explained_var…    0.977  │
│                              Misc        2s   1%                             │
│                                                                              │
│  User Stats                    Value    User Stats                    Value  │
│  perf                          0.999    episode_return                6.643  │
│  episode_length               30.756    fuel_used                     0.142  │
│  n                          4229.500                                         │
╰──────────────────────────────────────────────────────────────────────────────╯

[0;0H╭──────────────────────────────────────────────────────────────────────────────╮
│  PufferLib 3.0         🐡       CPU:     GPU: 0.0%  DRAM: 26.1%  VRAM: 0.0%  │
│                                246.7%                                        │
│                                                                              │
│  Summary          Value    Evaluate     46s  25%    Losses            Value  │
│  Env       puffer_orbi…      Forwa…     41s  22%    policy_loss      -0.029  │
│  Params          136.5K      Env         1s   0%    value_loss        0.001  │
│  Steps            18.6M      Copy        3s   2%    entropy           0.131  │
│  SPS             105.3K      Misc        0s   0%    old_approx_kl     0.005  │
│  Epoch              142    Train     2m 18s  74%    approx_kl         0.005  │
│  Uptime          3m 12s      Forwa…     57s  30%    clipfrac          0.035  │
│  Remaini…        1m 48s      Learn   1m 16s  41%    importance        1.000  │
│                              Copy        1s   0%    explained_var…    0.981  │
│                              Misc        2s   1%                             │
│                                                                              │
│  User Stats                    Value    User Stats                    Value  │
│  perf                          0.999    episode_return                6.643  │
│  episode_length               30.756    fuel_used                     0.142  │
│  n                          4229.500                                         │
╰──────────────────────────────────────────────────────────────────────────────╯

[0;0H╭──────────────────────────────────────────────────────────────────────────────╮
│  PufferLib 3.0        🐡        CPU:     GPU: 0.0%  DRAM: 26.2%  VRAM: 0.0%  │
│                                247.6%                                        │
│                                                                              │
│  Summary          Value    Evaluate     46s  25%    Losses            Value  │
│  Env       puffer_orbi…      Forwa…     41s  22%    policy_loss      -0.017  │
│  Params          136.5K      Env         1s   0%    value_loss        0.001  │
│  Steps            18.7M      Copy        3s   2%    entropy           0.127  │
│  SPS             102.3K      Misc        0s   0%    old_approx_kl     0.004  │
│  Epoch              143    Train     2m 18s  74%    approx_kl         0.004  │
│  Uptime          3m 13s      Forwa…     57s  30%    clipfrac          0.032  │
│  Remaini…        1m 50s      Learn   1m 16s  41%    importance        1.000  │
│                              Copy        1s   0%    explained_var…    0.984  │
│                              Misc        2s   1%                             │
│                                                                              │
│  User Stats                    Value    User Stats                    Value  │
│  perf                          0.999    episode_return                6.637  │
│  episode_length               31.044    fuel_used                     0.142  │
│  n                          4218.000                                         │
╰──────────────────────────────────────────────────────────────────────────────╯

[0;0H╭──────────────────────────────────────────────────────────────────────────────╮
│  PufferLib 3.0       🐡         CPU:     GPU: 0.0%  DRAM: 26.2%  VRAM: 0.0%  │
│                                246.3%                                        │
│                                                                              │
│  Summary          Value    Evaluate     46s  25%    Losses            Value  │
│  Env       puffer_orbi…      Forwa…     41s  22%    policy_loss      -0.034  │
│  Params          136.5K      Env         1s   0%    value_loss        0.001  │
│  Steps            18.9M      Copy        3s   2%    entropy           0.127  │
│  SPS             108.5K      Misc        0s   0%    old_approx_kl     0.004  │
│  Epoch              144    Train     2m 18s  74%    approx_kl         0.004  │
│  Uptime          3m 14s      Forwa…     57s  30%    clipfrac          0.034  │
│  Remaini…        1m 42s      Learn   1m 16s  41%    importance        1.000  │
│                              Copy        1s   0%    explained_var…    0.982  │
│                              Misc        2s   1%                             │
│                                                                              │
│  User Stats                    Value    User Stats                    Value  │
│  perf                          0.999    episode_return                6.637  │
│  episode_length               31.044    fuel_used                     0.142  │
│  n                          4218.000                                         │
╰──────────────────────────────────────────────────────────────────────────────╯

[0;0H╭──────────────────────────────────────────────────────────────────────────────╮
│  PufferLib 3.0      🐡          CPU:     GPU: 0.0%  DRAM: 26.2%  VRAM: 0.0%  │
│                                247.7%                                        │
│                                                                              │
│  Summary          Value    Evaluate     47s  25%    Losses            Value  │
│  Env       puffer_orbi…      Forwa…     42s  22%    policy_loss      -0.016  │
│  Params          136.5K      Env         1s   0%    value_loss        0.001  │
│  Steps            19.0M      Copy        3s   2%    entropy           0.126  │
│  SPS             106.0K      Misc        0s   0%    old_approx_kl     0.005  │
│  Epoch              145    Train     2m 22s  74%    approx_kl         0.004  │
│  Uptime          3m 15s      Forwa…     59s  30%    clipfrac          0.032  │
│  Remaini…        1m 43s      Learn   1m 19s  41%    importance        0.999  │
│                              Copy        1s   0%    explained_var…    0.985  │
│                              Misc        2s   1%                             │
│                                                                              │
│  User Stats                    Value    User Stats                    Value  │
│  perf                          0.999    episode_return                6.629  │
│  episode_length               31.186    fuel_used                     0.142  │
│  n                          4220.000                                         │
╰──────────────────────────────────────────────────────────────────────────────╯

[0;0H╭──────────────────────────────────────────────────────────────────────────────╮
│  PufferLib 3.0     🐡           CPU:     GPU: 0.0%  DRAM: 26.2%  VRAM: 0.0%  │
│                                248.2%                                        │
│                                                                              │
│  Summary          Value    Evaluate     47s  24%    Losses            Value  │
│  Env       puffer_orbi…      Forwa…     42s  21%    policy_loss      -0.042  │
│  Params          136.5K      Env         1s   0%    value_loss        0.001  │
│  Steps            19.1M      Copy        3s   2%    entropy           0.123  │
│  SPS             100.3K      Misc        0s   0%    old_approx_kl     0.004  │
│  Epoch              146    Train     2m 22s  75%    approx_kl         0.004  │
│  Uptime          3m 17s      Forwa…     59s  30%    clipfrac          0.030  │
│  Remaini…        1m 48s      Learn   1m 19s  43%    importance        1.000  │
│                              Copy        1s   0%    explained_var…    0.982  │
│                              Misc        2s   1%                             │
│                                                                              │
│  User Stats                    Value    User Stats                    Value  │
│  perf                          0.999    episode_return                6.629  │
│  episode_length               31.186    fuel_used                     0.142  │
│  n                          4220.000                                         │
╰──────────────────────────────────────────────────────────────────────────────╯

[0;0H╭──────────────────────────────────────────────────────────────────────────────╮
│  PufferLib 3.0    🐡            CPU:     GPU: 0.0%  DRAM: 26.2%  VRAM: 0.0%  │
│                                248.0%                                        │
│                                                                              │
│  Summary          Value    Evaluate     47s  24%    Losses            Value  │
│  Env       puffer_orbi…      Forwa…     42s  21%    policy_loss      -0.003  │
│  Params          136.5K      Env         1s   0%    value_loss        0.000  │
│  Steps            19.3M      Copy        3s   2%    entropy           0.120  │
│  SPS             105.9K      Misc        0s   0%    old_approx_kl     0.004  │
│  Epoch              147    Train     2m 22s  75%    approx_kl         0.004  │
│  Uptime          3m 18s      Forwa…     59s  30%    clipfrac          0.031  │
│  Remaini…        1m 41s      Learn   1m 19s  43%    importance        1.000  │
│                              Copy        1s   0%    explained_var…    0.987  │
│                              Misc        2s   1%                             │
│                                                                              │
│  User Stats                    Value    User Stats                    Value  │
│  perf                          0.999    episode_return                6.667  │
│  episode_length               31.971    fuel_used                     0.142  │
│  n                          4207.500                                         │
╰──────────────────────────────────────────────────────────────────────────────╯

[0;0H╭──────────────────────────────────────────────────────────────────────────────╮
│  PufferLib 3.0   🐡             CPU:     GPU: 0.0%  DRAM: 26.2%  VRAM: 0.0%  │
│                                248.8%                                        │
│                                                                              │
│  Summary          Value    Evaluate     47s  24%    Losses            Value  │
│  Env       puffer_orbi…      Forwa…     42s  21%    policy_loss      -0.042  │
│  Params          136.5K      Env         1s   0%    value_loss        0.001  │
│  Steps            19.4M      Copy        3s   2%    entropy           0.116  │
│  SPS             108.2K      Misc        0s   0%    old_approx_kl     0.005  │
│  Epoch              148    Train     2m 22s  75%    approx_kl         0.005  │
│  Uptime          3m 19s      Forwa…     59s  30%    clipfrac          0.033  │
│  Remaini…        1m 37s      Learn   1m 19s  43%    importance        1.000  │
│                              Copy        1s   0%    explained_var…    0.982  │
│                              Misc        2s   1%                             │
│                                                                              │
│  User Stats                    Value    User Stats                    Value  │
│  perf                          0.999    episode_return                6.667  │
│  episode_length               31.971    fuel_used                     0.142  │
│  n                          4207.500                                         │
╰──────────────────────────────────────────────────────────────────────────────╯

[0;0H╭──────────────────────────────────────────────────────────────────────────────╮
│  PufferLib 3.0  🐡              CPU:     GPU: 0.0%  DRAM: 26.1%  VRAM: 0.0%  │
│                                247.8%                                        │
│                                                                              │
│  Summary          Value    Evaluate     47s  24%    Losses            Value  │
│  Env       puffer_orbi…      Forwa…     42s  21%    policy_loss      -0.018  │
│  Params          136.5K      Env         1s   0%    value_loss        0.001  │
│  Steps            19.5M      Copy        3s   2%    entropy           0.116  │
│  SPS             106.0K      Misc        0s   0%    old_approx_kl     0.004  │
│  Epoch              149    Train     2m 22s  75%    approx_kl         0.004  │
│  Uptime          3m 20s      Forwa…     59s  30%    clipfrac          0.032  │
│  Remaini…        1m 38s      Learn   1m 19s  43%    importance        1.000  │
│                              Copy        1s   0%    explained_var…    0.986  │
│                              Misc        2s   1%                             │
│                                                                              │
│  User Stats                    Value    User Stats                    Value  │
│  perf                          0.999    episode_return                6.689  │
│  episode_length               31.181    fuel_used                     0.142  │
│  n                          4259.500                                         │
╰──────────────────────────────────────────────────────────────────────────────╯

[0;0H╭──────────────────────────────────────────────────────────────────────────────╮
│  PufferLib 3.0 🐡               CPU:     GPU: 0.0%  DRAM: 26.1%  VRAM: 0.0%  │
│                                246.1%                                        │
│                                                                              │
│  Summary          Value    Evaluate     49s  24%    Losses            Value  │
│  Env       puffer_orbi…      Forwa…     44s  21%    policy_loss      -0.027  │
│  Params          136.5K      Env         1s   0%    value_loss        0.001  │
│  Steps            19.7M      Copy        4s   2%    entropy           0.114  │
│  SPS             100.1K      Misc        0s   0%    old_approx_kl     0.004  │
│  Epoch              150    Train     2m 27s  75%    approx_kl         0.004  │
│  Uptime          3m 22s      Forwa…   1m 1s  30%    clipfrac          0.031  │
│  Remaini…        1m 43s      Learn   1m 21s  43%    importance        1.000  │
│                              Copy        1s   0%    explained_var…    0.985  │
│                              Misc        3s   1%                             │
│                                                                              │
│  User Stats                    Value    User Stats                    Value  │
│  perf                          0.999    episode_return                6.689  │
│  episode_length               31.181    fuel_used                     0.142  │
│  n                          4259.500                                         │
╰──────────────────────────────────────────────────────────────────────────────╯

[0;0H╭──────────────────────────────────────────────────────────────────────────────╮
│  PufferLib 3.0          🐡      CPU:     GPU: 0.0%  DRAM: 26.1%  VRAM: 0.0%  │
│                                245.4%                                        │
│                                                                              │
│  Summary          Value    Evaluate     49s  26%    Losses            Value  │
│  Env       puffer_orbi…      Forwa…     44s  23%    policy_loss      -0.024  │
│  Params          136.5K      Env         1s   0%    value_loss        0.001  │
│  Steps            19.8M      Copy        4s   2%    entropy           0.115  │
│  SPS             108.3K      Misc        0s   0%    old_approx_kl     0.003  │
│  Epoch              151    Train     2m 27s  73%    approx_kl         0.003  │
│  Uptime          3m 23s      Forwa…   1m 1s  28%    clipfrac          0.027  │
│  Remaini…        1m 34s      Learn   1m 21s  42%    importance        1.000  │
│                              Copy        1s   0%    explained_var…    0.984  │
│                              Misc        3s   1%                             │
│                                                                              │
│  User Stats                    Value    User Stats                    Value  │
│  perf                          0.999    episode_return                6.741  │
│  episode_length               30.607    fuel_used                     0.141  │
│  n                          4347.500                                         │
╰──────────────────────────────────────────────────────────────────────────────╯

[0;0H╭──────────────────────────────────────────────────────────────────────────────╮
│  PufferLib 3.0         🐡       CPU:     GPU: 0.0%  DRAM: 26.0%  VRAM: 0.0%  │
│                                245.8%                                        │
│                                                                              │
│  Summary          Value    Evaluate     49s  26%    Losses            Value  │
│  Env       puffer_orbi…      Forwa…     44s  23%    policy_loss       0.011  │
│  Params          136.5K      Env         1s   0%    value_loss        0.000  │
│  Steps            19.9M      Copy        4s   2%    entropy           0.112  │
│  SPS             109.9K      Misc        0s   0%    old_approx_kl     0.003  │
│  Epoch              152    Train     2m 27s  73%    approx_kl         0.003  │
│  Uptime          3m 24s      Forwa…   1m 1s  28%    clipfrac          0.029  │
│  Remaini…        1m 31s      Learn   1m 21s  42%    importance        1.000  │
│                              Copy        1s   0%    explained_var…    0.987  │
│                              Misc        3s   1%                             │
│                                                                              │
│  User Stats                    Value    User Stats                    Value  │
│  perf                          0.999    episode_return                6.741  │
│  episode_length               30.607    fuel_used                     0.141  │
│  n                          4347.500                                         │
╰──────────────────────────────────────────────────────────────────────────────╯

[0;0H╭──────────────────────────────────────────────────────────────────────────────╮
│  PufferLib 3.0        🐡        CPU:     GPU: 0.0%  DRAM: 26.0%  VRAM: 0.0%  │
│                                245.9%                                        │
│                                                                              │
│  Summary          Value    Evaluate     49s  26%    Losses            Value  │
│  Env       puffer_orbi…      Forwa…     44s  23%    policy_loss      -0.022  │
│  Params          136.5K      Env         1s   0%    value_loss        0.001  │
│  Steps            20.1M      Copy        4s   2%    entropy           0.111  │
│  SPS             103.9K      Misc        0s   0%    old_approx_kl     0.003  │
│  Epoch              153    Train     2m 27s  73%    approx_kl         0.004  │
│  Uptime          3m 25s      Forwa…   1m 1s  28%    clipfrac          0.025  │
│  Remaini…        1m 35s      Learn   1m 21s  42%    importance        1.000  │
│                              Copy        1s   0%    explained_var…    0.984  │
│                              Misc        3s   1%                             │
│                                                                              │
│  User Stats                    Value    User Stats                    Value  │
│  perf                          0.999    episode_return                6.742  │
│  episode_length               30.606    fuel_used                     0.141  │
│  n                          4339.000                                         │
╰──────────────────────────────────────────────────────────────────────────────╯

[0;0H╭──────────────────────────────────────────────────────────────────────────────╮
│  PufferLib 3.0       🐡         CPU:     GPU: 0.0%  DRAM: 25.9%  VRAM: 0.0%  │
│                                245.2%                                        │
│                                                                              │
│  Summary          Value    Evaluate     49s  26%    Losses            Value  │
│  Env       puffer_orbi…      Forwa…     44s  23%    policy_loss      -0.010  │
│  Params          136.5K      Env         1s   0%    value_loss        0.001  │
│  Steps            20.2M      Copy        4s   2%    entropy           0.113  │
│  SPS             103.8K      Misc        0s   0%    old_approx_kl     0.004  │
│  Epoch              154    Train     2m 27s  73%    approx_kl         0.004  │
│  Uptime          3m 27s      Forwa…   1m 1s  28%    clipfrac          0.028  │
│  Remaini…        1m 34s      Learn   1m 21s  42%    importance        1.000  │
│                              Copy        1s   0%    explained_var…    0.981  │
│                              Misc        3s   1%                             │
│                                                                              │
│  User Stats                    Value    User Stats                    Value  │
│  perf                          0.999    episode_return                6.742  │
│  episode_length               30.606    fuel_used                     0.141  │
│  n                          4339.000                                         │
╰──────────────────────────────────────────────────────────────────────────────╯

[0;0H╭──────────────────────────────────────────────────────────────────────────────╮
│  PufferLib 3.0      🐡          CPU:     GPU: 0.0%  DRAM: 25.9%  VRAM: 0.0%  │
│                                244.5%                                        │
│                                                                              │
│  Summary          Value    Evaluate     51s  26%    Losses            Value  │
│  Env       puffer_orbi…      Forwa…     45s  23%    policy_loss      -0.035  │
│  Params          136.5K      Env         1s   0%    value_loss        0.001  │
│  Steps            20.3M      Copy        4s   2%    entropy           0.114  │
│  SPS             108.3K      Misc        0s   0%    old_approx_kl     0.005  │
│  Epoch              155    Train     2m 32s  73%    approx_kl         0.004  │
│  Uptime          3m 28s      Forwa…   1m 3s  28%    clipfrac          0.030  │
│  Remaini…        1m 29s      Learn   1m 24s  42%    importance        1.000  │
│                              Copy        1s   0%    explained_var…    0.980  │
│                              Misc        3s   1%                             │
│                                                                              │
│  User Stats                    Value    User Stats                    Value  │
│  perf                          1.000    episode_return                6.743  │
│  episode_length               29.757    fuel_used                     0.141  │
│  n                          4322.500                                         │
╰──────────────────────────────────────────────────────────────────────────────╯

[0;0H╭──────────────────────────────────────────────────────────────────────────────╮
│  PufferLib 3.0     🐡           CPU:     GPU: 0.0%  DRAM: 25.8%  VRAM: 0.0%  │
│                                245.0%                                        │
│                                                                              │
│  Summary          Value    Evaluate     51s  24%    Losses            Value  │
│  Env       puffer_orbi…      Forwa…     45s  21%    policy_loss      -0.038  │
│  Params          136.5K      Env         1s   0%    value_loss        0.002  │
│  Steps            20.4M      Copy        4s   2%    entropy           0.113  │
│  SPS             105.0K      Misc        0s   0%    old_approx_kl     0.005  │
│  Epoch              156    Train     2m 32s  75%    approx_kl         0.004  │
│  Uptime          3m 29s      Forwa…   1m 3s  30%    clipfrac          0.029  │
│  Remaini…        1m 30s      Learn   1m 24s  42%    importance        1.000  │
│                              Copy        1s   0%    explained_var…    0.971  │
│                              Misc        3s   1%                             │
│                                                                              │
│  User Stats                    Value    User Stats                    Value  │
│  perf                          1.000    episode_return                6.743  │
│  episode_length               29.757    fuel_used                     0.141  │
│  n                          4322.500                                         │
╰──────────────────────────────────────────────────────────────────────────────╯

[0;0H╭──────────────────────────────────────────────────────────────────────────────╮
│  PufferLib 3.0    🐡            CPU:     GPU: 0.0%  DRAM: 25.7%  VRAM: 0.0%  │
│                                244.1%                                        │
│                                                                              │
│  Summary          Value    Evaluate     51s  24%    Losses            Value  │
│  Env       puffer_orbi…      Forwa…     45s  21%    policy_loss      -0.021  │
│  Params          136.5K      Env         1s   0%    value_loss        0.001  │
│  Steps            20.6M      Copy        4s   2%    entropy           0.111  │
│  SPS             104.6K      Misc        0s   0%    old_approx_kl     0.003  │
│  Epoch              157    Train     2m 32s  75%    approx_kl         0.003  │
│  Uptime          3m 30s      Forwa…   1m 3s  30%    clipfrac          0.030  │
│  Remaini…        1m 30s      Learn   1m 24s  42%    importance        1.000  │
│                              Copy        1s   0%    explained_var…    0.979  │
│                              Misc        3s   1%                             │
│                                                                              │
│  User Stats                    Value    User Stats                    Value  │
│  perf                          0.999    episode_return                6.765  │
│  episode_length               30.135    fuel_used                     0.141  │
│  n                          4354.000                                         │
╰──────────────────────────────────────────────────────────────────────────────╯

[0;0H╭──────────────────────────────────────────────────────────────────────────────╮
│  PufferLib 3.0   🐡             CPU:     GPU: 0.0%  DRAM: 25.5%  VRAM: 0.0%  │
│                                243.4%                                        │
│                                                                              │
│  Summary          Value    Evaluate     51s  24%    Losses            Value  │
│  Env       puffer_orbi…      Forwa…     45s  21%    policy_loss      -0.029  │
│  Params          136.5K      Env         1s   0%    value_loss        0.001  │
│  Steps            20.7M      Copy        4s   2%    entropy           0.112  │
│  SPS             104.9K      Misc        0s   0%    old_approx_kl     0.003  │
│  Epoch              158    Train     2m 32s  75%    approx_kl         0.003  │
│  Uptime          3m 32s      Forwa…   1m 3s  30%    clipfrac          0.021  │
│  Remaini…        1m 28s      Learn   1m 24s  42%    importance        1.000  │
│                              Copy        1s   0%    explained_var…    0.981  │
│                              Misc        3s   1%                             │
│                                                                              │
│  User Stats                    Value    User Stats                    Value  │
│  perf                          0.999    episode_return                6.765  │
│  episode_length               30.135    fuel_used                     0.141  │
│  n                          4354.000                                         │
╰──────────────────────────────────────────────────────────────────────────────╯

[0;0H╭──────────────────────────────────────────────────────────────────────────────╮
│  PufferLib 3.0  🐡              CPU:     GPU: 0.0%  DRAM: 25.4%  VRAM: 0.0%  │
│                                242.7%                                        │
│                                                                              │
│  Summary          Value    Evaluate     51s  24%    Losses            Value  │
│  Env       puffer_orbi…      Forwa…     45s  21%    policy_loss      -0.032  │
│  Params          136.5K      Env         1s   0%    value_loss        0.001  │
│  Steps            20.8M      Copy        4s   2%    entropy           0.107  │
│  SPS             110.1K      Misc        0s   0%    old_approx_kl     0.004  │
│  Epoch              159    Train     2m 32s  75%    approx_kl         0.004  │
│  Uptime          3m 33s      Forwa…   1m 3s  30%    clipfrac          0.026  │
│  Remaini…        1m 23s      Learn   1m 24s  42%    importance        1.000  │
│                              Copy        1s   0%    explained_var…    0.980  │
│                              Misc        3s   1%                             │
│                                                                              │
│  User Stats                    Value    User Stats                    Value  │
│  perf                          1.000    episode_return                6.792  │
│  episode_length               29.244    fuel_used                     0.141  │
│  n                          4342.500                                         │
╰──────────────────────────────────────────────────────────────────────────────╯

[0;0H╭──────────────────────────────────────────────────────────────────────────────╮
│  PufferLib 3.0 🐡               CPU:     GPU: 0.0%  DRAM: 25.3%  VRAM: 0.0%  │
│                                244.3%                                        │
│                                                                              │
│  Summary          Value    Evaluate     52s  24%    Losses            Value  │
│  Env       puffer_orbi…      Forwa…     46s  21%    policy_loss      -0.008  │
│  Params          136.5K      Env         1s   0%    value_loss        0.000  │
│  Steps            21.0M      Copy        4s   2%    entropy           0.111  │
│  SPS             103.5K      Misc        0s   0%    old_approx_kl     0.004  │
│  Epoch              160    Train     2m 37s  75%    approx_kl         0.005  │
│  Uptime          3m 34s      Forwa…   1m 5s  30%    clipfrac          0.029  │
│  Remaini…        1m 27s      Learn   1m 27s  42%    importance        1.001  │
│                              Copy        1s   0%    explained_var…    0.987  │
│                              Misc        3s   1%                             │
│                                                                              │
│  User Stats                    Value    User Stats                    Value  │
│  perf                          1.000    episode_return                6.792  │
│  episode_length               29.244    fuel_used                     0.141  │
│  n                          4342.500                                         │
╰──────────────────────────────────────────────────────────────────────────────╯

[0;0H╭──────────────────────────────────────────────────────────────────────────────╮
│  PufferLib 3.0          🐡      CPU:     GPU: 0.0%  DRAM: 25.2%  VRAM: 0.0%  │
│                                241.4%                                        │
│                                                                              │
│  Summary          Value    Evaluate     52s  24%    Losses            Value  │
│  Env       puffer_orbi…      Forwa…     46s  21%    policy_loss      -0.020  │
│  Params          136.5K      Env         1s   0%    value_loss        0.001  │
│  Steps            21.1M      Copy        4s   2%    entropy           0.109  │
│  SPS             103.4K      Misc        0s   0%    old_approx_kl     0.004  │
│  Epoch              161    Train     2m 37s  75%    approx_kl         0.004  │
│  Uptime          3m 35s      Forwa…   1m 5s  29%    clipfrac          0.026  │
│  Remaini…        1m 26s      Learn   1m 27s  43%    importance        1.000  │
│                              Copy        1s   0%    explained_var…    0.984  │
│                              Misc        3s   1%                             │
│                                                                              │
│  User Stats                    Value    User Stats                    Value  │
│  perf                          0.999    episode_return                6.819  │
│  episode_length               29.449    fuel_used                     0.141  │
│  n                          4381.000                                         │
╰──────────────────────────────────────────────────────────────────────────────╯

[0;0H╭──────────────────────────────────────────────────────────────────────────────╮
│  PufferLib 3.0         🐡       CPU:     GPU: 0.0%  DRAM: 25.2%  VRAM: 0.0%  │
│                                243.3%                                        │
│                                                                              │
│  Summary          Value    Evaluate     52s  24%    Losses            Value  │
│  Env       puffer_orbi…      Forwa…     46s  21%    policy_loss      -0.015  │
│  Params          136.5K      Env         1s   0%    value_loss        0.001  │
│  Steps            21.2M      Copy        4s   2%    entropy           0.109  │
│  SPS             106.7K      Misc        0s   0%    old_approx_kl     0.003  │
│  Epoch              162    Train     2m 37s  75%    approx_kl         0.003  │
│  Uptime          3m 36s      Forwa…   1m 5s  29%    clipfrac          0.025  │
│  Remaini…        1m 22s      Learn   1m 27s  43%    importance        1.000  │
│                              Copy        1s   0%    explained_var…    0.985  │
│                              Misc        3s   1%                             │
│                                                                              │
│  User Stats                    Value    User Stats                    Value  │
│  perf                          0.999    episode_return                6.819  │
│  episode_length               29.449    fuel_used                     0.141  │
│  n                          4381.000                                         │
╰──────────────────────────────────────────────────────────────────────────────╯

[0;0H╭──────────────────────────────────────────────────────────────────────────────╮
│  PufferLib 3.0        🐡        CPU:     GPU: 0.0%  DRAM: 25.2%  VRAM: 0.0%  │
│                                242.8%                                        │
│                                                                              │
│  Summary          Value    Evaluate     52s  24%    Losses            Value  │
│  Env       puffer_orbi…      Forwa…     46s  21%    policy_loss      -0.016  │
│  Params          136.5K      Env         1s   0%    value_loss        0.000  │
│  Steps            21.4M      Copy        4s   2%    entropy           0.111  │
│  SPS             107.0K      Misc        0s   0%    old_approx_kl     0.003  │
│  Epoch              163    Train     2m 37s  75%    approx_kl         0.003  │
│  Uptime          3m 38s      Forwa…   1m 5s  29%    clipfrac          0.029  │
│  Remaini…        1m 20s      Learn   1m 27s  43%    importance        1.000  │
│                              Copy        1s   0%    explained_var…    0.989  │
│                              Misc        3s   1%                             │
│                                                                              │
│  User Stats                    Value    User Stats                    Value  │
│  perf                          0.999    episode_return                6.808  │
│  episode_length               29.736    fuel_used                     0.141  │
│  n                          4341.000                                         │
╰──────────────────────────────────────────────────────────────────────────────╯

[0;0H╭──────────────────────────────────────────────────────────────────────────────╮
│  PufferLib 3.0       🐡         CPU:     GPU: 0.0%  DRAM: 25.1%  VRAM: 0.0%  │
│                                243.8%                                        │
│                                                                              │
│  Summary          Value    Evaluate     52s  24%    Losses            Value  │
│  Env       puffer_orbi…      Forwa…     46s  21%    policy_loss      -0.034  │
│  Params          136.5K      Env         1s   0%    value_loss        0.001  │
│  Steps            21.5M      Copy        4s   2%    entropy           0.109  │
│  SPS             101.9K      Misc        0s   0%    old_approx_kl     0.003  │
│  Epoch              164    Train     2m 37s  75%    approx_kl         0.003  │
│  Uptime          3m 39s      Forwa…   1m 5s  29%    clipfrac          0.024  │
│  Remaini…        1m 23s      Learn   1m 27s  43%    importance        1.000  │
│                              Copy        1s   0%    explained_var…    0.987  │
│                              Misc        3s   1%                             │
│                                                                              │
│  User Stats                    Value    User Stats                    Value  │
│  perf                          0.999    episode_return                6.808  │
│  episode_length               29.736    fuel_used                     0.141  │
│  n                          4341.000                                         │
╰──────────────────────────────────────────────────────────────────────────────╯

[0;0H╭──────────────────────────────────────────────────────────────────────────────╮
│  PufferLib 3.0      🐡          CPU:     GPU: 0.0%  DRAM: 25.2%  VRAM: 0.0%  │
│                                244.0%                                        │
│                                                                              │
│  Summary          Value    Evaluate     54s  24%    Losses            Value  │
│  Env       puffer_orbi…      Forwa…     48s  21%    policy_loss      -0.018  │
│  Params          136.5K      Env         1s   0%    value_loss        0.000  │
│  Steps            21.6M      Copy        4s   2%    entropy           0.105  │
│  SPS             104.7K      Misc        0s   0%    old_approx_kl     0.004  │
│  Epoch              165    Train     2m 41s  75%    approx_kl         0.003  │
│  Uptime          3m 40s      Forwa…   1m 7s  29%    clipfrac          0.022  │
│  Remaini…        1m 19s      Learn   1m 29s  43%    importance        1.000  │
│                              Copy        1s   0%    explained_var…    0.988  │
│                              Misc        3s   1%                             │
│                                                                              │
│  User Stats                    Value    User Stats                    Value  │
│  perf                          1.000    episode_return                6.778  │
│  episode_length               29.737    fuel_used                     0.141  │
│  n                          4316.000                                         │
╰──────────────────────────────────────────────────────────────────────────────╯

[0;0H╭──────────────────────────────────────────────────────────────────────────────╮
│  PufferLib 3.0     🐡           CPU:     GPU: 0.0%  DRAM: 25.1%  VRAM: 0.0%  │
│                                245.2%                                        │
│                                                                              │
│  Summary          Value    Evaluate     54s  26%    Losses            Value  │
│  Env       puffer_orbi…      Forwa…     48s  22%    policy_loss      -0.041  │
│  Params          136.5K      Env         1s   0%    value_loss        0.001  │
│  Steps            21.8M      Copy        4s   2%    entropy           0.106  │
│  SPS             108.0K      Misc        0s   0%    old_approx_kl     0.002  │
│  Epoch              166    Train     2m 41s  73%    approx_kl         0.002  │
│  Uptime          3m 41s      Forwa…   1m 7s  29%    clipfrac          0.023  │
│  Remaini…        1m 16s      Learn   1m 29s  41%    importance        1.000  │
│                              Copy        1s   0%    explained_var…    0.983  │
│                              Misc        3s   1%                             │
│                                                                              │
│  User Stats                    Value    User Stats                    Value  │
│  perf                          1.000    episode_return                6.778  │
│  episode_length               29.737    fuel_used                     0.141  │
│  n                          4316.000                                         │
╰──────────────────────────────────────────────────────────────────────────────╯

[0;0H╭──────────────────────────────────────────────────────────────────────────────╮
│  PufferLib 3.0    🐡            CPU:     GPU: 0.0%  DRAM: 25.1%  VRAM: 0.0%  │
│                                244.0%                                        │
│                                                                              │
│  Summary          Value    Evaluate     54s  26%    Losses            Value  │
│  Env       puffer_orbi…      Forwa…     48s  22%    policy_loss      -0.039  │
│  Params          136.5K      Env         1s   0%    value_loss        0.001  │
│  Steps            21.9M      Copy        4s   2%    entropy           0.101  │
│  SPS             105.9K      Misc        0s   0%    old_approx_kl     0.003  │
│  Epoch              167    Train     2m 41s  73%    approx_kl         0.003  │
│  Uptime          3m 43s      Forwa…   1m 7s  29%    clipfrac          0.026  │
│  Remaini…        1m 16s      Learn   1m 29s  41%    importance        1.000  │
│                              Copy        1s   0%    explained_var…    0.983  │
│                              Misc        3s   1%                             │
│                                                                              │
│  User Stats                    Value    User Stats                    Value  │
│  perf                          0.999    episode_return                6.784  │
│  episode_length               30.354    fuel_used                     0.141  │
│  n                          4299.000                                         │
╰──────────────────────────────────────────────────────────────────────────────╯

[0;0H╭──────────────────────────────────────────────────────────────────────────────╮
│  PufferLib 3.0   🐡             CPU:     GPU: 0.0%  DRAM: 25.1%  VRAM: 0.0%  │
│                                244.5%                                        │
│                                                                              │
│  Summary          Value    Evaluate     54s  26%    Losses            Value  │
│  Env       puffer_orbi…      Forwa…     48s  22%    policy_loss      -0.033  │
│  Params          136.5K      Env         1s   0%    value_loss        0.002  │
│  Steps            22.0M      Copy        4s   2%    entropy           0.102  │
│  SPS             102.0K      Misc        0s   0%    old_approx_kl     0.003  │
│  Epoch              168    Train     2m 41s  73%    approx_kl         0.003  │
│  Uptime          3m 44s      Forwa…   1m 7s  29%    clipfrac          0.024  │
│  Remaini…        1m 18s      Learn   1m 29s  41%    importance        1.000  │
│                              Copy        1s   0%    explained_var…    0.983  │
│                              Misc        3s   1%                             │
│                                                                              │
│  User Stats                    Value    User Stats                    Value  │
│  perf                          0.999    episode_return                6.784  │
│  episode_length               30.354    fuel_used                     0.141  │
│  n                          4299.000                                         │
╰──────────────────────────────────────────────────────────────────────────────╯

[0;0H╭──────────────────────────────────────────────────────────────────────────────╮
│  PufferLib 3.0  🐡              CPU:     GPU: 0.0%  DRAM: 25.1%  VRAM: 0.0%  │
│                                240.8%                                        │
│                                                                              │
│  Summary          Value    Evaluate     54s  26%    Losses            Value  │
│  Env       puffer_orbi…      Forwa…     48s  22%    policy_loss      -0.027  │
│  Params          136.5K      Env         1s   0%    value_loss        0.001  │
│  Steps            22.2M      Copy        4s   2%    entropy           0.105  │
│  SPS             103.9K      Misc        0s   0%    old_approx_kl     0.003  │
│  Epoch              169    Train     2m 41s  73%    approx_kl         0.003  │
│  Uptime          3m 45s      Forwa…   1m 7s  29%    clipfrac          0.023  │
│  Remaini…        1m 15s      Learn   1m 29s  41%    importance        1.000  │
│                              Copy        1s   0%    explained_var…    0.982  │
│                              Misc        3s   1%                             │
│                                                                              │
│  User Stats                    Value    User Stats                    Value  │
│  perf                          0.999    episode_return                6.795  │
│  episode_length               29.776    fuel_used                     0.141  │
│  n                          4362.000                                         │
╰──────────────────────────────────────────────────────────────────────────────╯

[0;0H╭──────────────────────────────────────────────────────────────────────────────╮
│  PufferLib 3.0 🐡               CPU:     GPU: 0.0%  DRAM: 25.0%  VRAM: 0.0%  │
│                                245.1%                                        │
│                                                                              │
│  Summary          Value    Evaluate     55s  26%    Losses            Value  │
│  Env       puffer_orbi…      Forwa…     49s  22%    policy_loss      -0.056  │
│  Params          136.5K      Env         1s   0%    value_loss        0.002  │
│  Steps            22.3M      Copy        4s   2%    entropy           0.106  │
│  SPS             109.3K      Misc        0s   0%    old_approx_kl     0.004  │
│  Epoch              170    Train     2m 46s  73%    approx_kl         0.003  │
│  Uptime          3m 46s      Forwa…   1m 8s  29%    clipfrac          0.023  │
│  Remaini…        1m 10s      Learn   1m 32s  41%    importance        0.999  │
│                              Copy        1s   0%    explained_var…    0.977  │
│                              Misc        3s   1%                             │
│                                                                              │
│  User Stats                    Value    User Stats                    Value  │
│  perf                          0.999    episode_return                6.795  │
│  episode_length               29.776    fuel_used                     0.141  │
│  n                          4362.000                                         │
╰──────────────────────────────────────────────────────────────────────────────╯

[0;0H╭──────────────────────────────────────────────────────────────────────────────╮
│  PufferLib 3.0          🐡      CPU:     GPU: 0.0%  DRAM: 25.0%  VRAM: 0.0%  │
│                                244.5%                                        │
│                                                                              │
│  Summary          Value    Evaluate     55s  23%    Losses            Value  │
│  Env       puffer_orbi…      Forwa…     49s  20%    policy_loss      -0.024  │
│  Params          136.5K      Env         1s   0%    value_loss        0.001  │
│  Steps            22.4M      Copy        4s   2%    entropy           0.105  │
│  SPS             103.1K      Misc        0s   0%    old_approx_kl     0.002  │
│  Epoch              171    Train     2m 46s  76%    approx_kl         0.002  │
│  Uptime          3m 48s      Forwa…   1m 8s  31%    clipfrac          0.021  │
│  Remaini…        1m 13s      Learn   1m 32s  42%    importance        1.000  │
│                              Copy        1s   0%    explained_var…    0.984  │
│                              Misc        3s   1%                             │
│                                                                              │
│  User Stats                    Value    User Stats                    Value  │
│  perf                          0.999    episode_return                6.811  │
│  episode_length               30.007    fuel_used                     0.141  │
│  n                          4316.500                                         │
╰──────────────────────────────────────────────────────────────────────────────╯

[0;0H╭──────────────────────────────────────────────────────────────────────────────╮
│  PufferLib 3.0         🐡       CPU:     GPU: 0.0%  DRAM: 25.0%  VRAM: 0.0%  │
│                                244.8%                                        │
│                                                                              │
│  Summary          Value    Evaluate     55s  23%    Losses            Value  │
│  Env       puffer_orbi…      Forwa…     49s  20%    policy_loss      -0.040  │
│  Params          136.5K      Env         1s   0%    value_loss        0.001  │
│  Steps            22.5M      Copy        4s   2%    entropy           0.098  │
│  SPS             104.9K      Misc        0s   0%    old_approx_kl     0.002  │
│  Epoch              172    Train     2m 46s  76%    approx_kl         0.002  │
│  Uptime          3m 49s      Forwa…   1m 8s  31%    clipfrac          0.018  │
│  Remaini…        1m 11s      Learn   1m 32s  42%    importance        1.000  │
│                              Copy        1s   0%    explained_var…    0.986  │
│                              Misc        3s   1%                             │
│                                                                              │
│  User Stats                    Value    User Stats                    Value  │
│  perf                          0.999    episode_return                6.811  │
│  episode_length               30.007    fuel_used                     0.141  │
│  n                          4316.500                                         │
╰──────────────────────────────────────────────────────────────────────────────╯

[0;0H╭──────────────────────────────────────────────────────────────────────────────╮
│  PufferLib 3.0        🐡        CPU:     GPU: 0.0%  DRAM: 25.0%  VRAM: 0.0%  │
│                                245.2%                                        │
│                                                                              │
│  Summary          Value    Evaluate     55s  23%    Losses            Value  │
│  Env       puffer_orbi…      Forwa…     49s  20%    policy_loss      -0.014  │
│  Params          136.5K      Env         1s   0%    value_loss        0.001  │
│  Steps            22.7M      Copy        4s   2%    entropy           0.099  │
│  SPS             109.6K      Misc        0s   0%    old_approx_kl     0.002  │
│  Epoch              173    Train     2m 46s  76%    approx_kl         0.002  │
│  Uptime          3m 50s      Forwa…   1m 8s  31%    clipfrac          0.019  │
│  Remaini…         1m 6s      Learn   1m 32s  42%    importance        1.000  │
│                              Copy        1s   0%    explained_var…    0.989  │
│                              Misc        3s   1%                             │
│                                                                              │
│  User Stats                    Value    User Stats                    Value  │
│  perf                          0.999    episode_return                6.791  │
│  episode_length               31.395    fuel_used                     0.141  │
│  n                          4283.500                                         │
╰──────────────────────────────────────────────────────────────────────────────╯

[0;0H╭──────────────────────────────────────────────────────────────────────────────╮
│  PufferLib 3.0       🐡         CPU:     GPU: 0.0%  DRAM: 25.0%  VRAM: 0.0%  │
│                                245.2%                                        │
│                                                                              │
│  Summary          Value    Evaluate     55s  23%    Losses            Value  │
│  Env       puffer_orbi…      Forwa…     49s  20%    policy_loss      -0.016  │
│  Params          136.5K      Env         1s   0%    value_loss        0.000  │
│  Steps            22.8M      Copy        4s   2%    entropy           0.097  │
│  SPS             107.3K      Misc        0s   0%    old_approx_kl     0.002  │
│  Epoch              174    Train     2m 46s  76%    approx_kl         0.002  │
│  Uptime          3m 51s      Forwa…   1m 8s  31%    clipfrac          0.016  │
│  Remaini…         1m 7s      Learn   1m 32s  42%    importance        1.000  │
│                              Copy        1s   0%    explained_var…    0.991  │
│                              Misc        3s   1%                             │
│                                                                              │
│  User Stats                    Value    User Stats                    Value  │
│  perf                          0.999    episode_return                6.791  │
│  episode_length               31.395    fuel_used                     0.141  │
│  n                          4283.500                                         │
╰──────────────────────────────────────────────────────────────────────────────╯

[0;0H╭──────────────────────────────────────────────────────────────────────────────╮
│  PufferLib 3.0      🐡          CPU:     GPU: 0.0%  DRAM: 25.1%  VRAM: 0.0%  │
│                                245.0%                                        │
│                                                                              │
│  Summary          Value    Evaluate     57s  23%    Losses            Value  │
│  Env       puffer_orbi…      Forwa…     50s  20%    policy_loss       0.002  │
│  Params          136.5K      Env         1s   0%    value_loss        0.000  │
│  Steps            22.9M      Copy        4s   2%    entropy           0.093  │
│  SPS             103.1K      Misc        0s   0%    old_approx_kl     0.002  │
│  Epoch              175    Train     2m 51s  76%    approx_kl         0.002  │
│  Uptime          3m 53s      Forwa…  1m 10s  31%    clipfrac          0.019  │
│  Remaini…         1m 8s      Learn   1m 34s  42%    importance        1.000  │
│                              Copy        1s   0%    explained_var…    0.990  │
│                              Misc        3s   1%                             │
│                                                                              │
│  User Stats                    Value    User Stats                    Value  │
│  perf                          0.999    episode_return                6.806  │
│  episode_length               30.332    fuel_used                     0.141  │
│  n                          4357.500                                         │
╰──────────────────────────────────────────────────────────────────────────────╯

[0;0H╭──────────────────────────────────────────────────────────────────────────────╮
│  PufferLib 3.0     🐡           CPU:     GPU: 0.0%  DRAM: 25.1%  VRAM: 0.0%  │
│                                245.1%                                        │
│                                                                              │
│  Summary          Value    Evaluate     57s  25%    Losses            Value  │
│  Env       puffer_orbi…      Forwa…     50s  22%    policy_loss      -0.027  │
│  Params          136.5K      Env         1s   0%    value_loss        0.001  │
│  Steps            23.1M      Copy        4s   2%    entropy           0.096  │
│  SPS             106.7K      Misc        0s   0%    old_approx_kl     0.001  │
│  Epoch              176    Train     2m 51s  74%    approx_kl         0.001  │
│  Uptime          3m 54s      Forwa…  1m 10s  29%    clipfrac          0.015  │
│  Remaini…         1m 4s      Learn   1m 34s  42%    importance        1.000  │
│                              Copy        1s   0%    explained_var…    0.987  │
│                              Misc        3s   1%                             │
│                                                                              │
│  User Stats                    Value    User Stats                    Value  │
│  perf                          0.999    episode_return                6.806  │
│  episode_length               30.332    fuel_used                     0.141  │
│  n                          4357.500                                         │
╰──────────────────────────────────────────────────────────────────────────────╯

[0;0H╭──────────────────────────────────────────────────────────────────────────────╮
│  PufferLib 3.0    🐡            CPU:     GPU: 0.0%  DRAM: 25.1%  VRAM: 0.0%  │
│                                243.9%                                        │
│                                                                              │
│  Summary          Value    Evaluate     57s  25%    Losses            Value  │
│  Env       puffer_orbi…      Forwa…     50s  22%    policy_loss      -0.022  │
│  Params          136.5K      Env         1s   0%    value_loss        0.001  │
│  Steps            23.2M      Copy        4s   2%    entropy           0.097  │
│  SPS             108.8K      Misc        0s   0%    old_approx_kl     0.002  │
│  Epoch              177    Train     2m 51s  74%    approx_kl         0.002  │
│  Uptime          3m 55s      Forwa…  1m 10s  29%    clipfrac          0.016  │
│  Remaini…         1m 2s      Learn   1m 34s  42%    importance        1.000  │
│                              Copy        1s   0%    explained_var…    0.989  │
│                              Misc        3s   1%                             │
│                                                                              │
│  User Stats                    Value    User Stats                    Value  │
│  perf                          0.999    episode_return                6.827  │
│  episode_length               30.174    fuel_used                     0.141  │
│  n                          4318.000                                         │
╰──────────────────────────────────────────────────────────────────────────────╯

[0;0H╭──────────────────────────────────────────────────────────────────────────────╮
│  PufferLib 3.0   🐡             CPU:     GPU: 0.0%  DRAM: 25.1%  VRAM: 0.0%  │
│                                244.8%                                        │
│                                                                              │
│  Summary          Value    Evaluate     57s  25%    Losses            Value  │
│  Env       puffer_orbi…      Forwa…     50s  22%    policy_loss      -0.016  │
│  Params          136.5K      Env         1s   0%    value_loss        0.001  │
│  Steps            23.3M      Copy        4s   2%    entropy           0.097  │
│  SPS             105.1K      Misc        0s   0%    old_approx_kl     0.002  │
│  Epoch              178    Train     2m 51s  74%    approx_kl         0.002  │
│  Uptime          3m 56s      Forwa…  1m 10s  29%    clipfrac          0.017  │
│  Remaini…         1m 3s      Learn   1m 34s  42%    importance        1.000  │
│                              Copy        1s   0%    explained_var…    0.989  │
│                              Misc        3s   1%                             │
│                                                                              │
│  User Stats                    Value    User Stats                    Value  │
│  perf                          0.999    episode_return                6.827  │
│  episode_length               30.174    fuel_used                     0.141  │
│  n                          4318.000                                         │
╰──────────────────────────────────────────────────────────────────────────────╯

[0;0H╭──────────────────────────────────────────────────────────────────────────────╮
│  PufferLib 3.0  🐡              CPU:     GPU: 0.0%  DRAM: 25.1%  VRAM: 0.0%  │
│                                246.4%                                        │
│                                                                              │
│  Summary          Value    Evaluate     57s  25%    Losses            Value  │
│  Env       puffer_orbi…      Forwa…     50s  22%    policy_loss      -0.013  │
│  Params          136.5K      Env         1s   0%    value_loss        0.001  │
│  Steps            23.5M      Copy        4s   2%    entropy           0.098  │
│  SPS             102.5K      Misc        0s   0%    old_approx_kl     0.002  │
│  Epoch              179    Train     2m 51s  74%    approx_kl         0.002  │
│  Uptime          3m 58s      Forwa…  1m 10s  29%    clipfrac          0.016  │
│  Remaini…         1m 3s      Learn   1m 34s  42%    importance        1.000  │
│                              Copy        1s   0%    explained_var…    0.986  │
│                              Misc        3s   1%                             │
│                                                                              │
│  User Stats                    Value    User Stats                    Value  │
│  perf                          0.999    episode_return                6.835  │
│  episode_length               30.376    fuel_used                     0.141  │
│  n                          4356.000                                         │
╰──────────────────────────────────────────────────────────────────────────────╯

[0;0H╭──────────────────────────────────────────────────────────────────────────────╮
│  PufferLib 3.0 🐡               CPU:     GPU: 0.0%  DRAM: 25.2%  VRAM: 0.0%  │
│                                247.8%                                        │
│                                                                              │
│  Summary          Value    Evaluate     58s  25%    Losses            Value  │
│  Env       puffer_orbi…      Forwa…     52s  22%    policy_loss       0.006  │
│  Params          136.5K      Env         1s   0%    value_loss        0.000  │
│  Steps            23.6M      Copy        4s   2%    entropy           0.101  │
│  SPS             109.6K      Misc        0s   0%    old_approx_kl     0.002  │
│  Epoch              180    Train     2m 55s  74%    approx_kl         0.002  │
│  Uptime          3m 59s      Forwa…  1m 12s  29%    clipfrac          0.015  │
│  Remaini…           58s      Learn   1m 37s  42%    importance        1.000  │
│                              Copy        1s   0%    explained_var…    0.988  │
│                              Misc        3s   1%                             │
│                                                                              │
│  User Stats                    Value    User Stats                    Value  │
│  perf                          0.999    episode_return                6.835  │
│  episode_length               30.376    fuel_used                     0.141  │
│  n                          4356.000                                         │
╰──────────────────────────────────────────────────────────────────────────────╯

[0;0H╭──────────────────────────────────────────────────────────────────────────────╮
│  PufferLib 3.0          🐡      CPU:     GPU: 0.0%  DRAM: 25.2%  VRAM: 0.0%  │
│                                249.6%                                        │
│                                                                              │
│  Summary          Value    Evaluate     58s  24%    Losses            Value  │
│  Env       puffer_orbi…      Forwa…     52s  21%    policy_loss      -0.012  │
│  Params          136.5K      Env         1s   0%    value_loss        0.001  │
│  Steps            23.7M      Copy        4s   2%    entropy           0.099  │
│  SPS             108.1K      Misc        0s   0%    old_approx_kl     0.002  │
│  Epoch              181    Train     2m 55s  75%    approx_kl         0.001  │
│  Uptime           4m 0s      Forwa…  1m 12s  30%    clipfrac          0.013  │
│  Remaini…           58s      Learn   1m 37s  42%    importance        1.000  │
│                              Copy        1s   0%    explained_var…    0.989  │
│                              Misc        3s   1%                             │
│                                                                              │
│  User Stats                    Value    User Stats                    Value  │
│  perf                          1.000    episode_return                6.856  │
│  episode_length               29.584    fuel_used                     0.141  │
│  n                          4363.500                                         │
╰──────────────────────────────────────────────────────────────────────────────╯

[0;0H╭──────────────────────────────────────────────────────────────────────────────╮
│  PufferLib 3.0         🐡       CPU:     GPU: 0.0%  DRAM: 25.2%  VRAM: 0.0%  │
│                                250.0%                                        │
│                                                                              │
│  Summary          Value    Evaluate     58s  24%    Losses            Value  │
│  Env       puffer_orbi…      Forwa…     52s  21%    policy_loss      -0.002  │
│  Params          136.5K      Env         1s   0%    value_loss        0.000  │
│  Steps            23.9M      Copy        4s   2%    entropy           0.097  │
│  SPS             104.1K      Misc        0s   0%    old_approx_kl     0.001  │
│  Epoch              182    Train     2m 55s  75%    approx_kl         0.001  │
│  Uptime           4m 1s      Forwa…  1m 12s  30%    clipfrac          0.009  │
│  Remaini…           59s      Learn   1m 37s  42%    importance        1.000  │
│                              Copy        1s   0%    explained_var…    0.990  │
│                              Misc        3s   1%                             │
│                                                                              │
│  User Stats                    Value    User Stats                    Value  │
│  perf                          1.000    episode_return                6.856  │
│  episode_length               29.584    fuel_used                     0.141  │
│  n                          4363.500                                         │
╰──────────────────────────────────────────────────────────────────────────────╯

[0;0H╭──────────────────────────────────────────────────────────────────────────────╮
│  PufferLib 3.0        🐡        CPU:     GPU: 0.0%  DRAM: 25.2%  VRAM: 0.0%  │
│                                250.9%                                        │
│                                                                              │
│  Summary          Value    Evaluate     58s  24%    Losses            Value  │
│  Env       puffer_orbi…      Forwa…     52s  21%    policy_loss       0.006  │
│  Params          136.5K      Env         1s   0%    value_loss        0.000  │
│  Steps            24.0M      Copy        4s   2%    entropy           0.100  │
│  SPS             104.3K      Misc        0s   0%    old_approx_kl     0.001  │
│  Epoch              183    Train     2m 55s  75%    approx_kl         0.001  │
│  Uptime           4m 3s      Forwa…  1m 12s  30%    clipfrac          0.011  │
│  Remaini…           57s      Learn   1m 37s  42%    importance        1.000  │
│                              Copy        1s   0%    explained_var…    0.989  │
│                              Misc        3s   1%                             │
│                                                                              │
│  User Stats                    Value    User Stats                    Value  │
│  perf                          1.000    episode_return                6.832  │
│  episode_length               29.806    fuel_used                     0.141  │
│  n                          4324.000                                         │
╰──────────────────────────────────────────────────────────────────────────────╯

[0;0H╭──────────────────────────────────────────────────────────────────────────────╮
│  PufferLib 3.0       🐡         CPU:     GPU: 0.0%  DRAM: 25.3%  VRAM: 0.0%  │
│                                252.1%                                        │
│                                                                              │
│  Summary          Value    Evaluate     58s  24%    Losses            Value  │
│  Env       puffer_orbi…      Forwa…     52s  21%    policy_loss      -0.036  │
│  Params          136.5K      Env         1s   0%    value_loss        0.001  │
│  Steps            24.1M      Copy        4s   2%    entropy           0.099  │
│  SPS             108.2K      Misc        0s   0%    old_approx_kl     0.001  │
│  Epoch              184    Train     2m 55s  75%    approx_kl         0.001  │
│  Uptime           4m 4s      Forwa…  1m 12s  30%    clipfrac          0.013  │
│  Remaini…           54s      Learn   1m 37s  42%    importance        1.000  │
│                              Copy        1s   0%    explained_var…    0.986  │
│                              Misc        3s   1%                             │
│                                                                              │
│  User Stats                    Value    User Stats                    Value  │
│  perf                          1.000    episode_return                6.832  │
│  episode_length               29.806    fuel_used                     0.141  │
│  n                          4324.000                                         │
╰──────────────────────────────────────────────────────────────────────────────╯

[0;0H╭──────────────────────────────────────────────────────────────────────────────╮
│  PufferLib 3.0      🐡          CPU:     GPU: 0.0%  DRAM: 25.4%  VRAM: 0.0%  │
│                                252.8%                                        │
│                                                                              │
│  Summary          Value    Evaluate   1m 0s  24%    Losses            Value  │
│  Env       puffer_orbi…      Forwa…     53s  21%    policy_loss      -0.021  │
│  Params          136.5K      Env         1s   0%    value_loss        0.001  │
│  Steps            24.2M      Copy        5s   2%    entropy           0.098  │
│  SPS             107.0K      Misc        0s   0%    old_approx_kl     0.002  │
│  Epoch              185    Train      3m 0s  75%    approx_kl         0.001  │
│  Uptime           4m 5s      Forwa…  1m 14s  30%    clipfrac          0.013  │
│  Remaini…           53s      Learn   1m 40s  42%    importance        1.000  │
│                              Copy        1s   0%    explained_var…    0.986  │
│                              Misc        3s   1%                             │
│                                                                              │
│  User Stats                    Value    User Stats                    Value  │
│  perf                          1.000    episode_return                6.843  │
│  episode_length               29.766    fuel_used                     0.141  │
│  n                          4386.000                                         │
╰──────────────────────────────────────────────────────────────────────────────╯

[0;0H╭──────────────────────────────────────────────────────────────────────────────╮
│  PufferLib 3.0     🐡           CPU:     GPU: 0.0%  DRAM: 25.4%  VRAM: 0.0%  │
│                                252.5%                                        │
│                                                                              │
│  Summary          Value    Evaluate   1m 0s  23%    Losses            Value  │
│  Env       puffer_orbi…      Forwa…     53s  20%    policy_loss      -0.033  │
│  Params          136.5K      Env         1s   0%    value_loss        0.001  │
│  Steps            24.4M      Copy        5s   2%    entropy           0.097  │
│  SPS             102.9K      Misc        0s   0%    old_approx_kl     0.002  │
│  Epoch              186    Train      3m 0s  76%    approx_kl         0.001  │
│  Uptime           4m 6s      Forwa…  1m 14s  30%    clipfrac          0.013  │
│  Remaini…           54s      Learn   1m 40s  43%    importance        0.999  │
│                              Copy        1s   0%    explained_var…    0.981  │
│                              Misc        3s   1%                             │
│                                                                              │
│  User Stats                    Value    User Stats                    Value  │
│  perf                          1.000    episode_return                6.843  │
│  episode_length               29.766    fuel_used                     0.141  │
│  n                          4386.000                                         │
╰──────────────────────────────────────────────────────────────────────────────╯

[0;0H╭──────────────────────────────────────────────────────────────────────────────╮
│  PufferLib 3.0    🐡            CPU:     GPU: 0.0%  DRAM: 25.5%  VRAM: 0.0%  │
│                                255.6%                                        │
│                                                                              │
│  Summary          Value    Evaluate   1m 0s  23%    Losses            Value  │
│  Env       puffer_orbi…      Forwa…     53s  20%    policy_loss      -0.032  │
│  Params          136.5K      Env         1s   0%    value_loss        0.001  │
│  Steps            24.5M      Copy        5s   2%    entropy           0.095  │
│  SPS             105.3K      Misc        0s   0%    old_approx_kl     0.002  │
│  Epoch              187    Train      3m 0s  76%    approx_kl         0.001  │
│  Uptime           4m 8s      Forwa…  1m 14s  30%    clipfrac          0.017  │
│  Remaini…           52s      Learn   1m 40s  43%    importance        1.000  │
│                              Copy        1s   0%    explained_var…    0.981  │
│                              Misc        3s   1%                             │
│                                                                              │
│  User Stats                    Value    User Stats                    Value  │
│  perf                          0.999    episode_return                6.849  │
│  episode_length               29.783    fuel_used                     0.141  │
│  n                          4381.000                                         │
╰──────────────────────────────────────────────────────────────────────────────╯

[0;0H╭──────────────────────────────────────────────────────────────────────────────╮
│  PufferLib 3.0   🐡             CPU:     GPU: 0.0%  DRAM: 25.6%  VRAM: 0.0%  │
│                                257.6%                                        │
│                                                                              │
│  Summary          Value    Evaluate   1m 0s  23%    Losses            Value  │
│  Env       puffer_orbi…      Forwa…     53s  20%    policy_loss       0.001  │
│  Params          136.5K      Env         1s   0%    value_loss        0.000  │
│  Steps            24.6M      Copy        5s   2%    entropy           0.095  │
│  SPS             104.4K      Misc        0s   0%    old_approx_kl     0.001  │
│  Epoch              188    Train      3m 0s  76%    approx_kl         0.001  │
│  Uptime           4m 9s      Forwa…  1m 14s  30%    clipfrac          0.011  │
│  Remaini…           51s      Learn   1m 40s  43%    importance        1.000  │
│                              Copy        1s   0%    explained_var…    0.985  │
│                              Misc        3s   1%                             │
│                                                                              │
│  User Stats                    Value    User Stats                    Value  │
│  perf                          0.999    episode_return                6.849  │
│  episode_length               29.783    fuel_used                     0.141  │
│  n                          4381.000                                         │
╰──────────────────────────────────────────────────────────────────────────────╯

[0;0H╭──────────────────────────────────────────────────────────────────────────────╮
│  PufferLib 3.0  🐡              CPU:     GPU: 0.0%  DRAM: 25.7%  VRAM: 0.0%  │
│                                258.9%                                        │
│                                                                              │
│  Summary          Value    Evaluate   1m 0s  23%    Losses            Value  │
│  Env       puffer_orbi…      Forwa…     53s  20%    policy_loss      -0.049  │
│  Params          136.5K      Env         1s   0%    value_loss        0.001  │
│  Steps            24.8M      Copy        5s   2%    entropy           0.096  │
│  SPS             105.3K      Misc        0s   0%    old_approx_kl     0.001  │
│  Epoch              189    Train      3m 0s  76%    approx_kl         0.001  │
│  Uptime          4m 10s      Forwa…  1m 14s  30%    clipfrac          0.009  │
│  Remaini…           49s      Learn   1m 40s  43%    importance        1.000  │
│                              Copy        1s   0%    explained_var…    0.982  │
│                              Misc        3s   1%                             │
│                                                                              │
│  User Stats                    Value    User Stats                    Value  │
│  perf                          0.999    episode_return                6.856  │
│  episode_length               31.132    fuel_used                     0.141  │
│  n                          4450.000                                         │
╰──────────────────────────────────────────────────────────────────────────────╯

[0;0H╭──────────────────────────────────────────────────────────────────────────────╮
│  PufferLib 3.0 🐡               CPU:     GPU: 0.0%  DRAM: 25.8%  VRAM: 0.0%  │
│                                259.6%                                        │
│                                                                              │
│  Summary          Value    Evaluate   1m 1s  23%    Losses            Value  │
│  Env       puffer_orbi…      Forwa…     54s  20%    policy_loss       0.005  │
│  Params          136.5K      Env         1s   0%    value_loss        0.000  │
│  Steps            24.9M      Copy        5s   2%    entropy           0.095  │
│  SPS             103.3K      Misc        0s   0%    old_approx_kl     0.001  │
│  Epoch              190    Train      3m 4s  76%    approx_kl         0.001  │
│  Uptime          4m 11s      Forwa…  1m 16s  30%    clipfrac          0.008  │
│  Remaini…           49s      Learn   1m 42s  43%    importance        1.000  │
│                              Copy        1s   0%    explained_var…    0.986  │
│                              Misc        3s   1%                             │
│                                                                              │
│  User Stats                    Value    User Stats                    Value  │
│  perf                          0.999    episode_return                6.856  │
│  episode_length               31.132    fuel_used                     0.141  │
│  n                          4450.000                                         │
╰──────────────────────────────────────────────────────────────────────────────╯

[0;0H╭──────────────────────────────────────────────────────────────────────────────╮
│  PufferLib 3.0          🐡      CPU:     GPU: 0.0%  DRAM: 25.8%  VRAM: 0.0%  │
│                                258.7%                                        │
│                                                                              │
│  Summary          Value    Evaluate   1m 1s  25%    Losses            Value  │
│  Env       puffer_orbi…      Forwa…     54s  23%    policy_loss      -0.006  │
│  Params          136.5K      Env         1s   0%    value_loss        0.000  │
│  Steps            25.0M      Copy        5s   2%    entropy           0.096  │
│  SPS             109.1K      Misc        0s   0%    old_approx_kl     0.001  │
│  Epoch              191    Train      3m 4s  74%    approx_kl         0.001  │
│  Uptime          4m 13s      Forwa…  1m 16s  29%    clipfrac          0.010  │
│  Remaini…           45s      Learn   1m 42s  42%    importance        1.000  │
│                              Copy        1s   0%    explained_var…    0.986  │
│                              Misc        3s   1%                             │
│                                                                              │
│  User Stats                    Value    User Stats                    Value  │
│  perf                          0.999    episode_return                6.840  │
│  episode_length               30.654    fuel_used                     0.141  │
│  n                          4450.000                                         │
╰──────────────────────────────────────────────────────────────────────────────╯

[0;0H╭──────────────────────────────────────────────────────────────────────────────╮
│  PufferLib 3.0         🐡       CPU:     GPU: 0.0%  DRAM: 26.0%  VRAM: 0.0%  │
│                                256.5%                                        │
│                                                                              │
│  Summary          Value    Evaluate   1m 1s  25%    Losses            Value  │
│  Env       puffer_orbi…      Forwa…     54s  23%    policy_loss      -0.020  │
│  Params          136.5K      Env         1s   0%    value_loss        0.000  │
│  Steps            25.2M      Copy        5s   2%    entropy           0.096  │
│  SPS             108.8K      Misc        0s   0%    old_approx_kl     0.001  │
│  Epoch              192    Train      3m 4s  74%    approx_kl         0.001  │
│  Uptime          4m 14s      Forwa…  1m 16s  29%    clipfrac          0.008  │
│  Remaini…           44s      Learn   1m 42s  42%    importance        1.000  │
│                              Copy        1s   0%    explained_var…    0.986  │
│                              Misc        3s   1%                             │
│                                                                              │
│  User Stats                    Value    User Stats                    Value  │
│  perf                          0.999    episode_return                6.840  │
│  episode_length               30.654    fuel_used                     0.141  │
│  n                          4450.000                                         │
╰──────────────────────────────────────────────────────────────────────────────╯

[0;0H╭──────────────────────────────────────────────────────────────────────────────╮
│  PufferLib 3.0        🐡        CPU:     GPU: 0.0%  DRAM: 26.0%  VRAM: 0.0%  │
│                                258.0%                                        │
│                                                                              │
│  Summary          Value    Evaluate   1m 1s  25%    Losses            Value  │
│  Env       puffer_orbi…      Forwa…     54s  23%    policy_loss      -0.041  │
│  Params          136.5K      Env         1s   0%    value_loss        0.001  │
│  Steps            25.3M      Copy        5s   2%    entropy           0.094  │
│  SPS             104.1K      Misc        0s   0%    old_approx_kl     0.001  │
│  Epoch              193    Train      3m 4s  74%    approx_kl         0.001  │
│  Uptime          4m 15s      Forwa…  1m 16s  29%    clipfrac          0.008  │
│  Remaini…           45s      Learn   1m 42s  42%    importance        1.000  │
│                              Copy        1s   0%    explained_var…    0.985  │
│                              Misc        3s   1%                             │
│                                                                              │
│  User Stats                    Value    User Stats                    Value  │
│  perf                          1.000    episode_return                6.893  │
│  episode_length               29.464    fuel_used                     0.141  │
│  n                          4450.000                                         │
╰──────────────────────────────────────────────────────────────────────────────╯

[0;0H╭──────────────────────────────────────────────────────────────────────────────╮
│  PufferLib 3.0       🐡         CPU:     GPU: 0.0%  DRAM: 26.0%  VRAM: 0.0%  │
│                                257.4%                                        │
│                                                                              │
│  Summary          Value    Evaluate   1m 1s  25%    Losses            Value  │
│  Env       puffer_orbi…      Forwa…     54s  23%    policy_loss      -0.033  │
│  Params          136.5K      Env         1s   0%    value_loss        0.001  │
│  Steps            25.4M      Copy        5s   2%    entropy           0.096  │
│  SPS             104.8K      Misc        0s   0%    old_approx_kl     0.001  │
│  Epoch              194    Train      3m 4s  74%    approx_kl         0.001  │
│  Uptime          4m 16s      Forwa…  1m 16s  29%    clipfrac          0.009  │
│  Remaini…           43s      Learn   1m 42s  42%    importance        1.000  │
│                              Copy        1s   0%    explained_var…    0.985  │
│                              Misc        3s   1%                             │
│                                                                              │
│  User Stats                    Value    User Stats                    Value  │
│  perf                          1.000    episode_return                6.893  │
│  episode_length               29.464    fuel_used                     0.141  │
│  n                          4450.000                                         │
╰──────────────────────────────────────────────────────────────────────────────╯

[0;0H╭──────────────────────────────────────────────────────────────────────────────╮
│  PufferLib 3.0      🐡          CPU:     GPU: 0.0%  DRAM: 26.0%  VRAM: 0.0%  │
│                                257.2%                                        │
│                                                                              │
│  Summary          Value    Evaluate   1m 3s  25%    Losses            Value  │
│  Env       puffer_orbi…      Forwa…     56s  23%    policy_loss      -0.022  │
│  Params          136.5K      Env         1s   0%    value_loss        0.001  │
│  Steps            25.6M      Copy        5s   2%    entropy           0.098  │
│  SPS             108.9K      Misc        0s   0%    old_approx_kl     0.001  │
│  Epoch              195    Train      3m 9s  74%    approx_kl         0.001  │
│  Uptime          4m 18s      Forwa…  1m 18s  29%    clipfrac          0.011  │
│  Remaini…           40s      Learn   1m 45s  42%    importance        1.000  │
│                              Copy        1s   0%    explained_var…    0.983  │
│                              Misc        3s   1%                             │
│                                                                              │
│  User Stats                    Value    User Stats                    Value  │
│  perf                          1.000    episode_return                6.892  │
│  episode_length               29.277    fuel_used                     0.141  │
│  n                          4467.500                                         │
╰──────────────────────────────────────────────────────────────────────────────╯

[0;0H╭──────────────────────────────────────────────────────────────────────────────╮
│  PufferLib 3.0     🐡           CPU:     GPU: 0.0%  DRAM: 26.0%  VRAM: 0.0%  │
│                                257.6%                                        │
│                                                                              │
│  Summary          Value    Evaluate   1m 3s  24%    Losses            Value  │
│  Env       puffer_orbi…      Forwa…     56s  21%    policy_loss      -0.024  │
│  Params          136.5K      Env         1s   0%    value_loss        0.001  │
│  Steps            25.7M      Copy        5s   1%    entropy           0.093  │
│  SPS             108.0K      Misc        0s   0%    old_approx_kl     0.001  │
│  Epoch              196    Train      3m 9s  75%    approx_kl         0.001  │
│  Uptime          4m 19s      Forwa…  1m 18s  30%    clipfrac          0.007  │
│  Remaini…           39s      Learn   1m 45s  43%    importance        1.000  │
│                              Copy        1s   0%    explained_var…    0.982  │
│                              Misc        3s   1%                             │
│                                                                              │
│  User Stats                    Value    User Stats                    Value  │
│  perf                          1.000    episode_return                6.892  │
│  episode_length               29.277    fuel_used                     0.141  │
│  n                          4467.500                                         │
╰──────────────────────────────────────────────────────────────────────────────╯

[0;0H╭──────────────────────────────────────────────────────────────────────────────╮
│  PufferLib 3.0    🐡            CPU:     GPU: 0.0%  DRAM: 26.0%  VRAM: 0.0%  │
│                                259.2%                                        │
│                                                                              │
│  Summary          Value    Evaluate   1m 3s  24%    Losses            Value  │
│  Env       puffer_orbi…      Forwa…     56s  21%    policy_loss      -0.032  │
│  Params          136.5K      Env         1s   0%    value_loss        0.001  │
│  Steps            25.8M      Copy        5s   1%    entropy           0.094  │
│  SPS             105.4K      Misc        0s   0%    old_approx_kl     0.000  │
│  Epoch              197    Train      3m 9s  75%    approx_kl         0.001  │
│  Uptime          4m 20s      Forwa…  1m 18s  30%    clipfrac          0.007  │
│  Remaini…           39s      Learn   1m 45s  43%    importance        1.000  │
│                              Copy        1s   0%    explained_var…    0.982  │
│                              Misc        3s   1%                             │
│                                                                              │
│  User Stats                    Value    User Stats                    Value  │
│  perf                          1.000    episode_return                6.902  │
│  episode_length               29.674    fuel_used                     0.141  │
│  n                          4471.500                                         │
╰──────────────────────────────────────────────────────────────────────────────╯

[0;0H╭──────────────────────────────────────────────────────────────────────────────╮
│  PufferLib 3.0   🐡             CPU:     GPU: 0.0%  DRAM: 26.0%  VRAM: 0.0%  │
│                                259.4%                                        │
│                                                                              │
│  Summary          Value    Evaluate   1m 3s  24%    Losses            Value  │
│  Env       puffer_orbi…      Forwa…     56s  21%    policy_loss      -0.021  │
│  Params          136.5K      Env         1s   0%    value_loss        0.001  │
│  Steps            26.0M      Copy        5s   1%    entropy           0.094  │
│  SPS             104.5K      Misc        0s   0%    old_approx_kl     0.001  │
│  Epoch              198    Train      3m 9s  75%    approx_kl         0.001  │
│  Uptime          4m 21s      Forwa…  1m 18s  30%    clipfrac          0.006  │
│  Remaini…           38s      Learn   1m 45s  43%    importance        1.000  │
│                              Copy        1s   0%    explained_var…    0.983  │
│                              Misc        3s   1%                             │
│                                                                              │
│  User Stats                    Value    User Stats                    Value  │
│  perf                          1.000    episode_return                6.902  │
│  episode_length               29.674    fuel_used                     0.141  │
│  n                          4471.500                                         │
╰──────────────────────────────────────────────────────────────────────────────╯

[0;0H╭──────────────────────────────────────────────────────────────────────────────╮
│  PufferLib 3.0  🐡              CPU:     GPU: 0.0%  DRAM: 26.0%  VRAM: 0.0%  │
│                                258.1%                                        │
│                                                                              │
│  Summary          Value    Evaluate   1m 3s  24%    Losses            Value  │
│  Env       puffer_orbi…      Forwa…     56s  21%    policy_loss      -0.028  │
│  Params          136.5K      Env         1s   0%    value_loss        0.001  │
│  Steps            26.1M      Copy        5s   1%    entropy           0.093  │
│  SPS             106.4K      Misc        0s   0%    old_approx_kl     0.001  │
│  Epoch              199    Train      3m 9s  75%    approx_kl         0.001  │
│  Uptime          4m 23s      Forwa…  1m 18s  30%    clipfrac          0.007  │
│  Remaini…           36s      Learn   1m 45s  43%    importance        1.000  │
│                              Copy        1s   0%    explained_var…    0.984  │
│                              Misc        3s   1%                             │
│                                                                              │
│  User Stats                    Value    User Stats                    Value  │
│  perf                          0.999    episode_return                6.883  │
│  episode_length               31.199    fuel_used                     0.141  │
│  n                          4474.500                                         │
╰──────────────────────────────────────────────────────────────────────────────╯

[0;0H╭──────────────────────────────────────────────────────────────────────────────╮
│  PufferLib 3.0 🐡               CPU:     GPU: 0.0%  DRAM: 26.0%  VRAM: 0.0%  │
│                                256.9%                                        │
│                                                                              │
│  Summary          Value    Evaluate   1m 4s  24%    Losses            Value  │
│  Env       puffer_orbi…      Forwa…     57s  21%    policy_loss      -0.039  │
│  Params          136.5K      Env         1s   0%    value_loss        0.001  │
│  Steps            26.2M      Copy        5s   1%    entropy           0.091  │
│  SPS             108.9K      Misc        0s   0%    old_approx_kl     0.001  │
│  Epoch              200    Train     3m 14s  75%    approx_kl         0.001  │
│  Uptime          4m 24s      Forwa…  1m 20s  30%    clipfrac          0.007  │
│  Remaini…           34s      Learn   1m 48s  43%    importance        1.000  │
│                              Copy        1s   0%    explained_var…    0.983  │
│                              Misc        4s   1%                             │
│                                                                              │
│  User Stats                    Value    User Stats                    Value  │
│  perf                          0.999    episode_return                6.883  │
│  episode_length               31.199    fuel_used                     0.141  │
│  n                          4474.500                                         │
╰──────────────────────────────────────────────────────────────────────────────╯

[0;0H╭──────────────────────────────────────────────────────────────────────────────╮
│  PufferLib 3.0          🐡      CPU:     GPU: 0.0%  DRAM: 26.0%  VRAM: 0.0%  │
│                                254.3%                                        │
│                                                                              │
│  Summary          Value    Evaluate   1m 4s  24%    Losses            Value  │
│  Env       puffer_orbi…      Forwa…     57s  21%    policy_loss      -0.025  │
│  Params          136.5K      Env         1s   0%    value_loss        0.001  │
│  Steps            26.3M      Copy        5s   2%    entropy           0.092  │
│  SPS             103.7K      Misc        0s   0%    old_approx_kl     0.000  │
│  Epoch              201    Train     3m 14s  75%    approx_kl         0.000  │
│  Uptime          4m 25s      Forwa…  1m 20s  30%    clipfrac          0.004  │
│  Remaini…           35s      Learn   1m 48s  42%    importance        1.000  │
│                              Copy        1s   0%    explained_var…    0.981  │
│                              Misc        4s   1%                             │
│                                                                              │
│  User Stats                    Value    User Stats                    Value  │
│  perf                          1.000    episode_return                6.923  │
│  episode_length               29.420    fuel_used                     0.141  │
│  n                          4456.500                                         │
╰──────────────────────────────────────────────────────────────────────────────╯

[0;0H╭──────────────────────────────────────────────────────────────────────────────╮
│  PufferLib 3.0         🐡       CPU:     GPU: 0.0%  DRAM: 25.9%  VRAM: 0.0%  │
│                                252.6%                                        │
│                                                                              │
│  Summary          Value    Evaluate   1m 4s  24%    Losses            Value  │
│  Env       puffer_orbi…      Forwa…     57s  21%    policy_loss      -0.036  │
│  Params          136.5K      Env         1s   0%    value_loss        0.001  │
│  Steps            26.5M      Copy        5s   2%    entropy           0.091  │
│  SPS             104.4K      Misc        0s   0%    old_approx_kl     0.001  │
│  Epoch              202    Train     3m 14s  75%    approx_kl         0.001  │
│  Uptime          4m 26s      Forwa…  1m 20s  30%    clipfrac          0.006  │
│  Remaini…           33s      Learn   1m 48s  42%    importance        1.000  │
│                              Copy        1s   0%    explained_var…    0.983  │
│                              Misc        4s   1%                             │
│                                                                              │
│  User Stats                    Value    User Stats                    Value  │
│  perf                          1.000    episode_return                6.923  │
│  episode_length               29.420    fuel_used                     0.141  │
│  n                          4456.500                                         │
╰──────────────────────────────────────────────────────────────────────────────╯

[0;0H╭──────────────────────────────────────────────────────────────────────────────╮
│  PufferLib 3.0        🐡        CPU:     GPU: 0.0%  DRAM: 25.9%  VRAM: 0.0%  │
│                                250.5%                                        │
│                                                                              │
│  Summary          Value    Evaluate   1m 4s  24%    Losses            Value  │
│  Env       puffer_orbi…      Forwa…     57s  21%    policy_loss      -0.006  │
│  Params          136.5K      Env         1s   0%    value_loss        0.000  │
│  Steps            26.6M      Copy        5s   2%    entropy           0.092  │
│  SPS             110.5K      Misc        0s   0%    old_approx_kl     0.000  │
│  Epoch              203    Train     3m 14s  75%    approx_kl         0.000  │
│  Uptime          4m 27s      Forwa…  1m 20s  30%    clipfrac          0.004  │
│  Remaini…           30s      Learn   1m 48s  42%    importance        1.000  │
│                              Copy        1s   0%    explained_var…    0.982  │
│                              Misc        4s   1%                             │
│                                                                              │
│  User Stats                    Value    User Stats                    Value  │
│  perf                          0.999    episode_return                6.904  │
│  episode_length               29.651    fuel_used                     0.141  │
│  n                          4508.000                                         │
╰──────────────────────────────────────────────────────────────────────────────╯

[0;0H╭──────────────────────────────────────────────────────────────────────────────╮
│  PufferLib 3.0       🐡         CPU:     GPU: 0.0%  DRAM: 25.8%  VRAM: 0.0%  │
│                                250.9%                                        │
│                                                                              │
│  Summary          Value    Evaluate   1m 4s  24%    Losses            Value  │
│  Env       puffer_orbi…      Forwa…     57s  21%    policy_loss      -0.005  │
│  Params          136.5K      Env         1s   0%    value_loss        0.001  │
│  Steps            26.7M      Copy        5s   2%    entropy           0.092  │
│  SPS             106.0K      Misc        0s   0%    old_approx_kl     0.000  │
│  Epoch              204    Train     3m 14s  75%    approx_kl         0.000  │
│  Uptime          4m 29s      Forwa…  1m 20s  30%    clipfrac          0.004  │
│  Remaini…           30s      Learn   1m 48s  42%    importance        1.000  │
│                              Copy        1s   0%    explained_var…    0.978  │
│                              Misc        4s   1%                             │
│                                                                              │
│  User Stats                    Value    User Stats                    Value  │
│  perf                          0.999    episode_return                6.904  │
│  episode_length               29.651    fuel_used                     0.141  │
│  n                          4508.000                                         │
╰──────────────────────────────────────────────────────────────────────────────╯

[0;0H╭──────────────────────────────────────────────────────────────────────────────╮
│  PufferLib 3.0      🐡          CPU:     GPU: 0.0%  DRAM: 25.7%  VRAM: 0.0%  │
│                                247.8%                                        │
│                                                                              │
│  Summary          Value    Evaluate   1m 6s  24%    Losses            Value  │
│  Env       puffer_orbi…      Forwa…     59s  21%    policy_loss      -0.003  │
│  Params          136.5K      Env         1s   0%    value_loss        0.000  │
│  Steps            26.9M      Copy        5s   2%    entropy           0.090  │
│  SPS             106.5K      Misc        0s   0%    old_approx_kl     0.000  │
│  Epoch              205    Train     3m 18s  75%    approx_kl         0.000  │
│  Uptime          4m 30s      Forwa…  1m 21s  30%    clipfrac          0.004  │
│  Remaini…           29s      Learn   1m 50s  42%    importance        1.000  │
│                              Copy        1s   0%    explained_var…    0.984  │
│                              Misc        4s   1%                             │
│                                                                              │
│  User Stats                    Value    User Stats                    Value  │
│  perf                          1.000    episode_return                6.935  │
│  episode_length               29.719    fuel_used                     0.141  │
│  n                          4480.500                                         │
╰──────────────────────────────────────────────────────────────────────────────╯

[0;0H╭──────────────────────────────────────────────────────────────────────────────╮
│  PufferLib 3.0     🐡           CPU:     GPU: 0.0%  DRAM: 25.6%  VRAM: 0.0%  │
│                                251.7%                                        │
│                                                                              │
│  Summary          Value    Evaluate   1m 6s  26%    Losses            Value  │
│  Env       puffer_orbi…      Forwa…     59s  23%    policy_loss      -0.007  │
│  Params          136.5K      Env         1s   0%    value_loss        0.000  │
│  Steps            27.0M      Copy        5s   2%    entropy           0.092  │
│  SPS             109.4K      Misc        0s   0%    old_approx_kl     0.000  │
│  Epoch              206    Train     3m 18s  73%    approx_kl         0.000  │
│  Uptime          4m 31s      Forwa…  1m 21s  29%    clipfrac          0.005  │
│  Remaini…           27s      Learn   1m 50s  41%    importance        1.000  │
│                              Copy        1s   0%    explained_var…    0.984  │
│                              Misc        4s   1%                             │
│                                                                              │
│  User Stats                    Value    User Stats                    Value  │
│  perf                          1.000    episode_return                6.935  │
│  episode_length               29.719    fuel_used                     0.141  │
│  n                          4480.500                                         │
╰──────────────────────────────────────────────────────────────────────────────╯

[0;0H╭──────────────────────────────────────────────────────────────────────────────╮
│  PufferLib 3.0    🐡            CPU:     GPU: 0.0%  DRAM: 25.6%  VRAM: 0.0%  │
│                                252.7%                                        │
│                                                                              │
│  Summary          Value    Evaluate   1m 6s  26%    Losses            Value  │
│  Env       puffer_orbi…      Forwa…     59s  23%    policy_loss      -0.023  │
│  Params          136.5K      Env         1s   0%    value_loss        0.001  │
│  Steps            27.1M      Copy        5s   2%    entropy           0.092  │
│  SPS             108.2K      Misc        0s   0%    old_approx_kl     0.000  │
│  Epoch              207    Train     3m 18s  73%    approx_kl         0.000  │
│  Uptime          4m 32s      Forwa…  1m 21s  29%    clipfrac          0.003  │
│  Remaini…           26s      Learn   1m 50s  41%    importance        1.000  │
│                              Copy        1s   0%    explained_var…    0.979  │
│                              Misc        4s   1%                             │
│                                                                              │
│  User Stats                    Value    User Stats                    Value  │
│  perf                          1.000    episode_return                6.918  │
│  episode_length               28.843    fuel_used                     0.141  │
│  n                          4491.500                                         │
╰──────────────────────────────────────────────────────────────────────────────╯

[0;0H╭──────────────────────────────────────────────────────────────────────────────╮
│  PufferLib 3.0   🐡             CPU:     GPU: 0.0%  DRAM: 25.5%  VRAM: 0.0%  │
│                                252.7%                                        │
│                                                                              │
│  Summary          Value    Evaluate   1m 6s  26%    Losses            Value  │
│  Env       puffer_orbi…      Forwa…     59s  23%    policy_loss      -0.010  │
│  Params          136.5K      Env         1s   0%    value_loss        0.000  │
│  Steps            27.3M      Copy        5s   2%    entropy           0.091  │
│  SPS             103.1K      Misc        0s   0%    old_approx_kl     0.000  │
│  Epoch              208    Train     3m 18s  73%    approx_kl         0.000  │
│  Uptime          4m 34s      Forwa…  1m 21s  29%    clipfrac          0.004  │
│  Remaini…           26s      Learn   1m 50s  41%    importance        1.000  │
│                              Copy        1s   0%    explained_var…    0.983  │
│                              Misc        4s   1%                             │
│                                                                              │
│  User Stats                    Value    User Stats                    Value  │
│  perf                          1.000    episode_return                6.918  │
│  episode_length               28.843    fuel_used                     0.141  │
│  n                          4491.500                                         │
╰──────────────────────────────────────────────────────────────────────────────╯

[0;0H╭──────────────────────────────────────────────────────────────────────────────╮
│  PufferLib 3.0  🐡              CPU:     GPU: 0.0%  DRAM: 25.4%  VRAM: 0.0%  │
│                                251.1%                                        │
│                                                                              │
│  Summary          Value    Evaluate   1m 6s  26%    Losses            Value  │
│  Env       puffer_orbi…      Forwa…     59s  23%    policy_loss      -0.024  │
│  Params          136.5K      Env         1s   0%    value_loss        0.001  │
│  Steps            27.4M      Copy        5s   2%    entropy           0.094  │
│  SPS             103.9K      Misc        0s   0%    old_approx_kl     0.000  │
│  Epoch              209    Train     3m 18s  73%    approx_kl         0.000  │
│  Uptime          4m 35s      Forwa…  1m 21s  29%    clipfrac          0.004  │
│  Remaini…           25s      Learn   1m 50s  41%    importance        1.000  │
│                              Copy        1s   0%    explained_var…    0.982  │
│                              Misc        4s   1%                             │
│                                                                              │
│  User Stats                    Value    User Stats                    Value  │
│  perf                          1.000    episode_return                6.932  │
│  episode_length               29.285    fuel_used                     0.141  │
│  n                          4495.500                                         │
╰──────────────────────────────────────────────────────────────────────────────╯

[0;0H╭──────────────────────────────────────────────────────────────────────────────╮
│  PufferLib 3.0 🐡               CPU:     GPU: 0.0%  DRAM: 25.4%  VRAM: 0.0%  │
│                                250.4%                                        │
│                                                                              │
│  Summary          Value    Evaluate   1m 7s  26%    Losses            Value  │
│  Env       puffer_orbi…      Forwa…   1m 0s  23%    policy_loss      -0.008  │
│  Params          136.5K      Env         1s   0%    value_loss        0.000  │
│  Steps            27.5M      Copy        5s   2%    entropy           0.091  │
│  SPS             108.6K      Misc        0s   0%    old_approx_kl     0.000  │
│  Epoch              210    Train     3m 23s  73%    approx_kl         0.000  │
│  Uptime          4m 36s      Forwa…  1m 23s  29%    clipfrac          0.003  │
│  Remaini…           22s      Learn   1m 53s  41%    importance        1.000  │
│                              Copy        1s   0%    explained_var…    0.984  │
│                              Misc        4s   1%                             │
│                                                                              │
│  User Stats                    Value    User Stats                    Value  │
│  perf                          1.000    episode_return                6.932  │
│  episode_length               29.285    fuel_used                     0.141  │
│  n                          4495.500                                         │
╰──────────────────────────────────────────────────────────────────────────────╯

[0;0H╭──────────────────────────────────────────────────────────────────────────────╮
│  PufferLib 3.0          🐡      CPU:     GPU: 0.0%  DRAM: 25.4%  VRAM: 0.0%  │
│                                251.4%                                        │
│                                                                              │
│  Summary          Value    Evaluate   1m 7s  24%    Losses            Value  │
│  Env       puffer_orbi…      Forwa…   1m 0s  20%    policy_loss       0.007  │
│  Params          136.5K      Env         1s   0%    value_loss        0.000  │
│  Steps            27.7M      Copy        5s   2%    entropy           0.091  │
│  SPS             104.0K      Misc        0s   0%    old_approx_kl     0.000  │
│  Epoch              211    Train     3m 23s  75%    approx_kl         0.000  │
│  Uptime          4m 37s      Forwa…  1m 23s  31%    clipfrac          0.002  │
│  Remaini…           22s      Learn   1m 53s  42%    importance        1.000  │
│                              Copy        1s   0%    explained_var…    0.986  │
│                              Misc        4s   1%                             │
│                                                                              │
│  User Stats                    Value    User Stats                    Value  │
│  perf                          1.000    episode_return                6.941  │
│  episode_length               28.685    fuel_used                     0.141  │
│  n                          4533.500                                         │
╰──────────────────────────────────────────────────────────────────────────────╯

[0;0H╭──────────────────────────────────────────────────────────────────────────────╮
│  PufferLib 3.0         🐡       CPU:     GPU: 0.0%  DRAM: 25.4%  VRAM: 0.0%  │
│                                249.7%                                        │
│                                                                              │
│  Summary          Value    Evaluate   1m 7s  24%    Losses            Value  │
│  Env       puffer_orbi…      Forwa…   1m 0s  20%    policy_loss      -0.006  │
│  Params          136.5K      Env         1s   0%    value_loss        0.000  │
│  Steps            27.8M      Copy        5s   2%    entropy           0.093  │
│  SPS             105.6K      Misc        0s   0%    old_approx_kl     0.000  │
│  Epoch              212    Train     3m 23s  75%    approx_kl         0.000  │
│  Uptime          4m 39s      Forwa…  1m 23s  31%    clipfrac          0.004  │
│  Remaini…           20s      Learn   1m 53s  42%    importance        1.000  │
│                              Copy        1s   0%    explained_var…    0.982  │
│                              Misc        4s   1%                             │
│                                                                              │
│  User Stats                    Value    User Stats                    Value  │
│  perf                          1.000    episode_return                6.941  │
│  episode_length               28.685    fuel_used                     0.141  │
│  n                          4533.500                                         │
╰──────────────────────────────────────────────────────────────────────────────╯

[0;0H╭──────────────────────────────────────────────────────────────────────────────╮
│  PufferLib 3.0        🐡        CPU:     GPU: 0.0%  DRAM: 25.4%  VRAM: 0.0%  │
│                                249.4%                                        │
│                                                                              │
│  Summary          Value    Evaluate   1m 7s  24%    Losses            Value  │
│  Env       puffer_orbi…      Forwa…   1m 0s  20%    policy_loss      -0.050  │
│  Params          136.5K      Env         1s   0%    value_loss        0.001  │
│  Steps            27.9M      Copy        5s   2%    entropy           0.092  │
│  SPS             108.2K      Misc        0s   0%    old_approx_kl     0.000  │
│  Epoch              213    Train     3m 23s  75%    approx_kl         0.000  │
│  Uptime          4m 40s      Forwa…  1m 23s  31%    clipfrac          0.001  │
│  Remaini…           19s      Learn   1m 53s  42%    importance        1.000  │
│                              Copy        1s   0%    explained_var…    0.977  │
│                              Misc        4s   1%                             │
│                                                                              │
│  User Stats                    Value    User Stats                    Value  │
│  perf                          1.000    episode_return                6.918  │
│  episode_length               29.028    fuel_used                     0.141  │
│  n                          4488.500                                         │
╰──────────────────────────────────────────────────────────────────────────────╯

[0;0H╭──────────────────────────────────────────────────────────────────────────────╮
│  PufferLib 3.0       🐡         CPU:     GPU: 0.0%  DRAM: 25.4%  VRAM: 0.0%  │
│                                247.0%                                        │
│                                                                              │
│  Summary          Value    Evaluate   1m 7s  24%    Losses            Value  │
│  Env       puffer_orbi…      Forwa…   1m 0s  20%    policy_loss      -0.018  │
│  Params          136.5K      Env         1s   0%    value_loss        0.001  │
│  Steps            28.0M      Copy        5s   2%    entropy           0.092  │
│  SPS             105.4K      Misc        0s   0%    old_approx_kl     0.000  │
│  Epoch              214    Train     3m 23s  75%    approx_kl         0.000  │
│  Uptime          4m 41s      Forwa…  1m 23s  31%    clipfrac          0.002  │
│  Remaini…           18s      Learn   1m 53s  42%    importance        1.000  │
│                              Copy        1s   0%    explained_var…    0.983  │
│                              Misc        4s   1%                             │
│                                                                              │
│  User Stats                    Value    User Stats                    Value  │
│  perf                          1.000    episode_return                6.918  │
│  episode_length               29.028    fuel_used                     0.141  │
│  n                          4488.500                                         │
╰──────────────────────────────────────────────────────────────────────────────╯

[0;0H╭──────────────────────────────────────────────────────────────────────────────╮
│  PufferLib 3.0      🐡          CPU:     GPU: 0.0%  DRAM: 25.3%  VRAM: 0.0%  │
│                                248.8%                                        │
│                                                                              │
│  Summary          Value    Evaluate   1m 9s  24%    Losses            Value  │
│  Env       puffer_orbi…      Forwa…   1m 1s  20%    policy_loss      -0.020  │
│  Params          136.5K      Env         1s   0%    value_loss        0.001  │
│  Steps            28.2M      Copy        5s   2%    entropy           0.093  │
│  SPS             103.3K      Misc        0s   0%    old_approx_kl     0.000  │
│  Epoch              215    Train     3m 27s  75%    approx_kl         0.000  │
│  Uptime          4m 42s      Forwa…  1m 25s  31%    clipfrac          0.000  │
│  Remaini…           17s      Learn   1m 55s  42%    importance        1.000  │
│                              Copy        1s   0%    explained_var…    0.979  │
│                              Misc        4s   1%                             │
│                                                                              │
│  User Stats                    Value    User Stats                    Value  │
│  perf                          1.000    episode_return                6.917  │
│  episode_length               28.960    fuel_used                     0.141  │
│  n                          4487.000                                         │
╰──────────────────────────────────────────────────────────────────────────────╯

[0;0H╭──────────────────────────────────────────────────────────────────────────────╮
│  PufferLib 3.0     🐡           CPU:     GPU: 0.0%  DRAM: 25.3%  VRAM: 0.0%  │
│                                248.8%                                        │
│                                                                              │
│  Summary          Value    Evaluate   1m 9s  26%    Losses            Value  │
│  Env       puffer_orbi…      Forwa…   1m 1s  23%    policy_loss      -0.033  │
│  Params          136.5K      Env         1s   0%    value_loss        0.001  │
│  Steps            28.3M      Copy        5s   2%    entropy           0.090  │
│  SPS             104.4K      Misc        0s   0%    old_approx_kl     0.000  │
│  Epoch              216    Train     3m 27s  73%    approx_kl         0.000  │
│  Uptime          4m 44s      Forwa…  1m 25s  29%    clipfrac          0.001  │
│  Remaini…           16s      Learn   1m 55s  41%    importance        1.000  │
│                              Copy        1s   0%    explained_var…    0.984  │
│                              Misc        4s   1%                             │
│                                                                              │
│  User Stats                    Value    User Stats                    Value  │
│  perf                          1.000    episode_return                6.917  │
│  episode_length               28.960    fuel_used                     0.141  │
│  n                          4487.000                                         │
╰──────────────────────────────────────────────────────────────────────────────╯

[0;0H╭──────────────────────────────────────────────────────────────────────────────╮
│  PufferLib 3.0    🐡            CPU:     GPU: 0.0%  DRAM: 25.3%  VRAM: 0.0%  │
│                                249.6%                                        │
│                                                                              │
│  Summary          Value    Evaluate   1m 9s  26%    Losses            Value  │
│  Env       puffer_orbi…      Forwa…   1m 1s  23%    policy_loss      -0.018  │
│  Params          136.5K      Env         1s   0%    value_loss        0.000  │
│  Steps            28.4M      Copy        5s   2%    entropy           0.091  │
│  SPS             108.4K      Misc        0s   0%    old_approx_kl     0.000  │
│  Epoch              217    Train     3m 27s  73%    approx_kl         0.000  │
│  Uptime          4m 45s      Forwa…  1m 25s  29%    clipfrac          0.000  │
│  Remaini…           14s      Learn   1m 55s  41%    importance        1.000  │
│                              Copy        1s   0%    explained_var…    0.985  │
│                              Misc        4s   1%                             │
│                                                                              │
│  User Stats                    Value    User Stats                    Value  │
│  perf                          1.000    episode_return                6.904  │
│  episode_length               29.234    fuel_used                     0.141  │
│  n                          4443.000                                         │
╰──────────────────────────────────────────────────────────────────────────────╯

[0;0H╭──────────────────────────────────────────────────────────────────────────────╮
│  PufferLib 3.0   🐡             CPU:     GPU: 0.0%  DRAM: 25.3%  VRAM: 0.0%  │
│                                246.1%                                        │
│                                                                              │
│  Summary          Value    Evaluate   1m 9s  26%    Losses            Value  │
│  Env       puffer_orbi…      Forwa…   1m 1s  23%    policy_loss      -0.002  │
│  Params          136.5K      Env         1s   0%    value_loss        0.000  │
│  Steps            28.6M      Copy        5s   2%    entropy           0.092  │
│  SPS             107.0K      Misc        0s   0%    old_approx_kl     0.000  │
│  Epoch              218    Train     3m 27s  73%    approx_kl         0.000  │
│  Uptime          4m 46s      Forwa…  1m 25s  29%    clipfrac          0.001  │
│  Remaini…           13s      Learn   1m 55s  41%    importance        1.000  │
│                              Copy        1s   0%    explained_var…    0.986  │
│                              Misc        4s   1%                             │
│                                                                              │
│  User Stats                    Value    User Stats                    Value  │
│  perf                          1.000    episode_return                6.904  │
│  episode_length               29.234    fuel_used                     0.141  │
│  n                          4443.000                                         │
╰──────────────────────────────────────────────────────────────────────────────╯

[0;0H╭──────────────────────────────────────────────────────────────────────────────╮
│  PufferLib 3.0  🐡              CPU:     GPU: 0.0%  DRAM: 25.3%  VRAM: 0.0%  │
│                                249.3%                                        │
│                                                                              │
│  Summary          Value    Evaluate   1m 9s  26%    Losses            Value  │
│  Env       puffer_orbi…      Forwa…   1m 1s  23%    policy_loss      -0.035  │
│  Params          136.5K      Env         1s   0%    value_loss        0.001  │
│  Steps            28.7M      Copy        5s   2%    entropy           0.093  │
│  SPS             105.1K      Misc        0s   0%    old_approx_kl     0.000  │
│  Epoch              219    Train     3m 27s  73%    approx_kl         0.000  │
│  Uptime          4m 47s      Forwa…  1m 25s  29%    clipfrac          0.000  │
│  Remaini…           12s      Learn   1m 55s  41%    importance        1.000  │
│                              Copy        1s   0%    explained_var…    0.981  │
│                              Misc        4s   1%                             │
│                                                                              │
│  User Stats                    Value    User Stats                    Value  │
│  perf                          1.000    episode_return                6.921  │
│  episode_length               29.259    fuel_used                     0.141  │
│  n                          4481.500                                         │
╰──────────────────────────────────────────────────────────────────────────────╯

[0;0H╭──────────────────────────────────────────────────────────────────────────────╮
│  PufferLib 3.0 🐡               CPU:     GPU: 0.0%  DRAM: 25.3%  VRAM: 0.0%  │
│                                248.0%                                        │
│                                                                              │
│  Summary          Value    Evaluate  1m 11s  26%    Losses            Value  │
│  Env       puffer_orbi…      Forwa…   1m 3s  23%    policy_loss      -0.024  │
│  Params          136.5K      Env         1s   0%    value_loss        0.001  │
│  Steps            28.8M      Copy        6s   2%    entropy           0.094  │
│  SPS             104.0K      Misc        0s   0%    old_approx_kl     0.000  │
│  Epoch              220    Train     3m 32s  73%    approx_kl         0.000  │
│  Uptime          4m 49s      Forwa…  1m 27s  29%    clipfrac          0.000  │
│  Remaini…           11s      Learn   1m 58s  41%    importance        1.000  │
│                              Copy        1s   0%    explained_var…    0.983  │
│                              Misc        4s   1%                             │
│                                                                              │
│  User Stats                    Value    User Stats                    Value  │
│  perf                          1.000    episode_return                6.921  │
│  episode_length               29.259    fuel_used                     0.141  │
│  n                          4481.500                                         │
╰──────────────────────────────────────────────────────────────────────────────╯

[0;0H╭──────────────────────────────────────────────────────────────────────────────╮
│  PufferLib 3.0          🐡      CPU:     GPU: 0.0%  DRAM: 25.4%  VRAM: 0.0%  │
│                                249.2%                                        │
│                                                                              │
│  Summary          Value    Evaluate  1m 11s  26%    Losses            Value  │
│  Env       puffer_orbi…      Forwa…   1m 3s  23%    policy_loss      -0.012  │
│  Params          136.5K      Env         1s   0%    value_loss        0.000  │
│  Steps            29.0M      Copy        6s   1%    entropy           0.093  │
│  SPS             110.1K      Misc        0s   0%    old_approx_kl     0.000  │
│  Epoch              221    Train     3m 32s  73%    approx_kl         0.000  │
│  Uptime          4m 50s      Forwa…  1m 27s  29%    clipfrac          0.000  │
│  Remaini…            9s      Learn   1m 58s  41%    importance        1.000  │
│                              Copy        1s   0%    explained_var…    0.985  │
│                              Misc        4s   1%                             │
│                                                                              │
│  User Stats                    Value    User Stats                    Value  │
│  perf                          1.000    episode_return                6.935  │
│  episode_length               28.910    fuel_used                     0.141  │
│  n                          4492.000                                         │
╰──────────────────────────────────────────────────────────────────────────────╯

[0;0H╭──────────────────────────────────────────────────────────────────────────────╮
│  PufferLib 3.0         🐡       CPU:     GPU: 0.0%  DRAM: 25.4%  VRAM: 0.0%  │
│                                244.0%                                        │
│                                                                              │
│  Summary          Value    Evaluate  1m 11s  26%    Losses            Value  │
│  Env       puffer_orbi…      Forwa…   1m 3s  23%    policy_loss      -0.022  │
│  Params          136.5K      Env         1s   0%    value_loss        0.001  │
│  Steps            29.1M      Copy        6s   1%    entropy           0.091  │
│  SPS             107.6K      Misc        0s   0%    old_approx_kl     0.000  │
│  Epoch              222    Train     3m 32s  73%    approx_kl         0.000  │
│  Uptime          4m 51s      Forwa…  1m 27s  29%    clipfrac          0.000  │
│  Remaini…            8s      Learn   1m 58s  41%    importance        1.000  │
│                              Copy        1s   0%    explained_var…    0.983  │
│                              Misc        4s   1%                             │
│                                                                              │
│  User Stats                    Value    User Stats                    Value  │
│  perf                          1.000    episode_return                6.935  │
│  episode_length               28.910    fuel_used                     0.141  │
│  n                          4492.000                                         │
╰──────────────────────────────────────────────────────────────────────────────╯

[0;0H╭──────────────────────────────────────────────────────────────────────────────╮
│  PufferLib 3.0        🐡        CPU:     GPU: 0.0%  DRAM: 25.4%  VRAM: 0.0%  │
│                                244.9%                                        │
│                                                                              │
│  Summary          Value    Evaluate  1m 11s  26%    Losses            Value  │
│  Env       puffer_orbi…      Forwa…   1m 3s  23%    policy_loss      -0.007  │
│  Params          136.5K      Env         1s   0%    value_loss        0.000  │
│  Steps            29.2M      Copy        6s   1%    entropy           0.093  │
│  SPS             102.5K      Misc        0s   0%    old_approx_kl     0.000  │
│  Epoch              223    Train     3m 32s  73%    approx_kl         0.000  │
│  Uptime          4m 52s      Forwa…  1m 27s  29%    clipfrac          0.000  │
│  Remaini…            7s      Learn   1m 58s  41%    importance        1.000  │
│                              Copy        1s   0%    explained_var…    0.985  │
│                              Misc        4s   1%                             │
│                                                                              │
│  User Stats                    Value    User Stats                    Value  │
│  perf                          1.000    episode_return                6.912  │
│  episode_length               29.251    fuel_used                     0.141  │
│  n                          4465.500                                         │
╰──────────────────────────────────────────────────────────────────────────────╯

[0;0H╭──────────────────────────────────────────────────────────────────────────────╮
│  PufferLib 3.0       🐡         CPU:     GPU: 0.0%  DRAM: 25.4%  VRAM: 0.0%  │
│                                246.2%                                        │
│                                                                              │
│  Summary          Value    Evaluate  1m 11s  26%    Losses            Value  │
│  Env       puffer_orbi…      Forwa…   1m 3s  23%    policy_loss      -0.008  │
│  Params          136.5K      Env         1s   0%    value_loss        0.000  │
│  Steps            29.4M      Copy        6s   1%    entropy           0.093  │
│  SPS             107.8K      Misc        0s   0%    old_approx_kl     0.000  │
│  Epoch              224    Train     3m 32s  73%    approx_kl         0.000  │
│  Uptime          4m 53s      Forwa…  1m 27s  29%    clipfrac          0.000  │
│  Remaini…            5s      Learn   1m 58s  41%    importance        1.000  │
│                              Copy        1s   0%    explained_var…    0.983  │
│                              Misc        4s   1%                             │
│                                                                              │
│  User Stats                    Value    User Stats                    Value  │
│  perf                          1.000    episode_return                6.912  │
│  episode_length               29.251    fuel_used                     0.141  │
│  n                          4465.500                                         │
╰──────────────────────────────────────────────────────────────────────────────╯

[0;0H╭──────────────────────────────────────────────────────────────────────────────╮
│  PufferLib 3.0      🐡          CPU:     GPU: 0.0%  DRAM: 25.4%  VRAM: 0.0%  │
│                                246.0%                                        │
│                                                                              │
│  Summary          Value    Evaluate  1m 12s  26%    Losses            Value  │
│  Env       puffer_orbi…      Forwa…   1m 4s  23%    policy_loss       0.002  │
│  Params          136.5K      Env         1s   0%    value_loss        0.000  │
│  Steps            29.5M      Copy        6s   1%    entropy           0.090  │
│  SPS             111.9K      Misc        0s   0%    old_approx_kl    -0.000  │
│  Epoch              225    Train     3m 36s  73%    approx_kl         0.000  │
│  Uptime          4m 55s      Forwa…  1m 29s  29%    clipfrac          0.000  │
│  Remaini…            4s      Learn    2m 0s  41%    importance        1.000  │
│                              Copy        2s   0%    explained_var…    0.989  │
│                              Misc        4s   1%                             │
│                                                                              │
│  User Stats                    Value    User Stats                    Value  │
│  perf                          1.000    episode_return                6.924  │
│  episode_length               29.209    fuel_used                     0.141  │
│  n                          4496.500                                         │
╰──────────────────────────────────────────────────────────────────────────────╯

[0;0H╭──────────────────────────────────────────────────────────────────────────────╮
│  PufferLib 3.0     🐡           CPU:     GPU: 0.0%  DRAM: 25.4%  VRAM: 0.0%  │
│                                242.9%                                        │
│                                                                              │
│  Summary          Value    Evaluate  1m 12s  24%    Losses            Value  │
│  Env       puffer_orbi…      Forwa…   1m 4s  21%    policy_loss      -0.001  │
│  Params          136.5K      Env         1s   0%    value_loss        0.000  │
│  Steps            29.6M      Copy        6s   2%    entropy           0.092  │
│  SPS             105.1K      Misc        0s   0%    old_approx_kl     0.000  │
│  Epoch              226    Train     3m 36s  75%    approx_kl         0.000  │
│  Uptime          4m 56s      Forwa…  1m 29s  31%    clipfrac          0.000  │
│  Remaini…            3s      Learn    2m 0s  41%    importance        1.000  │
│                              Copy        2s   0%    explained_var…    0.985  │
│                              Misc        4s   1%                             │
│                                                                              │
│  User Stats                    Value    User Stats                    Value  │
│  perf                          1.000    episode_return                6.924  │
│  episode_length               29.209    fuel_used                     0.141  │
│  n                          4496.500                                         │
╰──────────────────────────────────────────────────────────────────────────────╯

[0;0H╭──────────────────────────────────────────────────────────────────────────────╮
│  PufferLib 3.0    🐡            CPU:     GPU: 0.0%  DRAM: 25.4%  VRAM: 0.0%  │
│                                244.8%                                        │
│                                                                              │
│  Summary          Value    Evaluate  1m 12s  24%    Losses            Value  │
│  Env       puffer_orbi…      Forwa…   1m 4s  21%    policy_loss       0.003  │
│  Params          136.5K      Env         1s   0%    value_loss        0.000  │
│  Steps            29.8M      Copy        6s   2%    entropy           0.091  │
│  SPS             101.8K      Misc        0s   0%    old_approx_kl     0.000  │
│  Epoch              227    Train     3m 36s  75%    approx_kl         0.000  │
│  Uptime          4m 57s      Forwa…  1m 29s  31%    clipfrac          0.000  │
│  Remaini…            2s      Learn    2m 0s  41%    importance        1.000  │
│                              Copy        2s   0%    explained_var…    0.984  │
│                              Misc        4s   1%                             │
│                                                                              │
│  User Stats                    Value    User Stats                    Value  │
│  perf                          1.000    episode_return                6.919  │
│  episode_length               29.563    fuel_used                     0.141  │
│  n                          4480.000                                         │
╰──────────────────────────────────────────────────────────────────────────────╯

[0;0H╭──────────────────────────────────────────────────────────────────────────────╮
│  PufferLib 3.0   🐡             CPU:     GPU: 0.0%  DRAM: 25.4%  VRAM: 0.0%  │
│                                243.5%                                        │
│                                                                              │
│  Summary          Value    Evaluate  1m 12s  24%    Losses            Value  │
│  Env       puffer_orbi…      Forwa…   1m 4s  21%    policy_loss      -0.019  │
│  Params          136.5K      Env         1s   0%    value_loss        0.000  │
│  Steps            29.9M      Copy        6s   2%    entropy           0.092  │
│  SPS             110.3K      Misc        0s   0%    old_approx_kl     0.000  │
│  Epoch              228    Train     3m 36s  75%    approx_kl         0.000  │
│  Uptime          4m 58s      Forwa…  1m 29s  31%    clipfrac          0.000  │
│  Remaini…            1s      Learn    2m 0s  41%    importance        1.000  │
│                              Copy        2s   0%    explained_var…    0.984  │
│                              Misc        4s   1%                             │
│                                                                              │
│  User Stats                    Value    User Stats                    Value  │
│  perf                          1.000    episode_return                6.919  │
│  episode_length               29.563    fuel_used                     0.141  │
│  n                          4480.000                                         │
╰──────────────────────────────────────────────────────────────────────────────╯

[0;0H╭──────────────────────────────────────────────────────────────────────────────╮
│  PufferLib 3.0  🐡              CPU:     GPU: 0.0%  DRAM: 25.4%  VRAM: 0.0%  │
│                                245.7%                                        │
│                                                                              │
│  Summary          Value    Evaluate  1m 12s  24%    Losses            Value  │
│  Env       puffer_orbi…      Forwa…   1m 4s  21%    policy_loss      -0.015  │
│  Params          136.5K      Env         1s   0%    value_loss        0.000  │
│  Steps            30.0M      Copy        6s   2%    entropy           0.092  │
│  SPS             106.9K      Misc        0s   0%    old_approx_kl     0.000  │
│  Epoch              229    Train     3m 36s  75%    approx_kl         0.000  │
│  Uptime           5m 0s      Forwa…  1m 29s  31%    clipfrac          0.000  │
│  Remaini…            0s      Learn    2m 0s  41%    importance        1.000  │
│                              Copy        2s   0%    explained_var…    0.985  │
│                              Misc        4s   1%                             │
│                                                                              │
│  User Stats                    Value    User Stats                    Value  │
│  perf                          1.000    episode_return                6.933  │
│  episode_length               29.037    fuel_used                     0.141  │
│  n                          4503.000                                         │
╰──────────────────────────────────────────────────────────────────────────────╯

[0;0H╭──────────────────────────────────────────────────────────────────────────────╮
│  PufferLib 3.0 🐡               CPU:     GPU: 0.0%  DRAM: 25.6%  VRAM: 0.0%  │
│                                264.4%                                        │
│                                                                              │
│  Summary          Value    Evaluate   2m 2s  24%    Losses            Value  │
│  Env       puffer_orbi…      Forwa…  1m 49s  21%    policy_loss      -0.015  │
│  Params          136.5K      Env         1s   0%    value_loss        0.000  │
│  Steps            34.3M      Copy       10s   2%    entropy           0.092  │
│  SPS             431.3K      Misc        0s   0%    old_approx_kl     0.000  │
│  Epoch              229    Train     3m 36s  75%    approx_kl         0.000  │
│  Uptime          5m 10s      Forwa…  1m 29s  31%    clipfrac          0.000  │
│  Remaini…            0s      Learn    2m 0s  41%    importance        1.000  │
│                              Copy        2s   0%    explained_var…    0.985  │
│                              Misc        4s   1%                             │
│                                                                              │
│  User Stats                    Value    User Stats                    Value  │
│  perf                          1.000    episode_return                6.923  │
│  episode_length               29.180    fuel_used                     0.141  │
│  n                          4509.094                                         │
╰──────────────────────────────────────────────────────────────────────────────╯

