Gym has been unmaintained since 2022 and does not support NumPy 2.0 amongst other critical functionality.
Please upgrade to Gymnasium, the maintained drop-in replacement of Gym, or contact the authors of your software and request that they upgrade.
See the migration guide at https://gymnasium.farama.org/introduction/migration_guide/ for additional information.
W0414 23:12:32.846000 53434 site-packages/torch/distributed/elastic/multiprocessing/redirects.py:29] NOTE: Redirects are currently not supported in Windows or MacOs.
Gym has been unmaintained since 2022 and does not support NumPy 2.0 amongst other critical functionality.
Please upgrade to Gymnasium, the maintained drop-in replacement of Gym, or contact the authors of your software and request that they upgrade.
See the migration guide at https://gymnasium.farama.org/introduction/migration_guide/ for additional information.
Gym has been unmaintained since 2022 and does not support NumPy 2.0 amongst other critical functionality.
Please upgrade to Gymnasium, the maintained drop-in replacement of Gym, or contact the authors of your software and request that they upgrade.
See the migration guide at https://gymnasium.farama.org/introduction/migration_guide/ for additional information.
W0414 23:12:34.853000 53442 site-packages/torch/distributed/elastic/multiprocessing/redirects.py:29] NOTE: Redirects are currently not supported in Windows or MacOs.
W0414 23:12:34.882000 53443 site-packages/torch/distributed/elastic/multiprocessing/redirects.py:29] NOTE: Redirects are currently not supported in Windows or MacOs.
[0;0H╭──────────────────────────────────────────────────────────────────────────────╮
│  PufferLib 3.0 🐡             CPU: 0.0%  GPU: 0.0%  DRAM: 11.7%  VRAM: 0.0%  │
│                                                                              │
│  Summary          Value    Evaluate      0s   0%    Losses            Value  │
│  Env       puffer_orbi…      Forwa…      0s   0%                             │
│  Params          136.5K      Env         0s   0%                             │
│  Steps                0      Copy        0s   0%                             │
│  SPS                  0      Misc        0s   0%                             │
│  Epoch                0    Train         0s   0%                             │
│  Uptime              0s      Forwa…      0s   0%                             │
│  Remaini…   A hair past      Learn       0s   0%                             │
│               a freckle      Copy        0s   0%                             │
│                              Misc        0s   0%                             │
│                                                                              │
│  User Stats                    Value    User Stats                    Value  │
╰──────────────────────────────────────────────────────────────────────────────╯

[0;0H╭──────────────────────────────────────────────────────────────────────────────╮
│  PufferLib 3.0          🐡      CPU:     GPU: 0.0%  DRAM: 18.6%  VRAM: 0.0%  │
│                                121.0%                                        │
│                                                                              │
│  Summary          Value    Evaluate      0s   0%    Losses            Value  │
│  Env       puffer_orbi…      Forwa…      0s   0%    policy_loss       0.001  │
│  Params          136.5K      Env         0s   0%    value_loss        0.034  │
│  Steps           131.1K      Copy        0s   0%    entropy           1.943  │
│  SPS              32.8K      Misc        0s   0%    old_approx_kl     0.001  │
│  Epoch                1    Train         0s   0%    approx_kl         0.001  │
│  Uptime              3s      Forwa…      0s   0%    clipfrac          0.001  │
│  Remaini…        7m 33s      Learn       0s   0%    importance        1.000  │
│                              Copy        0s   0%    explained_var…    0.067  │
│                              Misc        0s   0%                             │
│                                                                              │
│  User Stats                    Value    User Stats                    Value  │
╰──────────────────────────────────────────────────────────────────────────────╯

[0;0H╭──────────────────────────────────────────────────────────────────────────────╮
│  PufferLib 3.0         🐡       CPU:     GPU: 0.0%  DRAM: 19.9%  VRAM: 0.0%  │
│                                147.1%                                        │
│                                                                              │
│  Summary          Value    Evaluate      0s   0%    Losses            Value  │
│  Env       puffer_orbi…      Forwa…      0s   0%    policy_loss      -0.007  │
│  Params          136.5K      Env         0s   0%    value_loss        0.035  │
│  Steps           262.1K      Copy        0s   0%    entropy           1.924  │
│  SPS             117.2K      Misc        0s   0%    old_approx_kl     0.004  │
│  Epoch                2    Train         0s   0%    approx_kl         0.003  │
│  Uptime              5s      Forwa…      0s   0%    clipfrac          0.037  │
│  Remaini…         2m 5s      Learn       0s   0%    importance        1.000  │
│                              Copy        0s   0%    explained_var…    0.097  │
│                              Misc        0s   0%                             │
│                                                                              │
│  User Stats                    Value    User Stats                    Value  │
╰──────────────────────────────────────────────────────────────────────────────╯

[0;0H╭──────────────────────────────────────────────────────────────────────────────╮
│  PufferLib 3.0        🐡        CPU:     GPU: 0.0%  DRAM: 20.3%  VRAM: 0.0%  │
│                                160.1%                                        │
│                                                                              │
│  Summary          Value    Evaluate      0s   0%    Losses            Value  │
│  Env       puffer_orbi…      Forwa…      0s   0%    policy_loss       0.008  │
│  Params          136.5K      Env         0s   0%    value_loss        0.023  │
│  Steps           393.2K      Copy        0s   0%    entropy           1.890  │
│  SPS             116.8K      Misc        0s   0%    old_approx_kl     0.005  │
│  Epoch                3    Train         0s   0%    approx_kl         0.005  │
│  Uptime              6s      Forwa…      0s   0%    clipfrac          0.066  │
│  Remaini…         2m 5s      Learn       0s   0%    importance        1.000  │
│                              Copy        0s   0%    explained_var…    0.104  │
│                              Misc        0s   0%                             │
│                                                                              │
│  User Stats                    Value    User Stats                    Value  │
│  perf                          0.071    episode_return               -8.696  │
│  episode_length               37.505    fuel_used                     0.149  │
│  n                          3105.500                                         │
╰──────────────────────────────────────────────────────────────────────────────╯

[0;0H╭──────────────────────────────────────────────────────────────────────────────╮
│  PufferLib 3.0       🐡         CPU:     GPU: 0.0%  DRAM: 20.6%  VRAM: 0.0%  │
│                                171.0%                                        │
│                                                                              │
│  Summary          Value    Evaluate      0s   0%    Losses            Value  │
│  Env       puffer_orbi…      Forwa…      0s   0%    policy_loss       0.010  │
│  Params          136.5K      Env         0s   0%    value_loss        0.021  │
│  Steps           524.3K      Copy        0s   0%    entropy           1.838  │
│  SPS             114.4K      Misc        0s   0%    old_approx_kl     0.007  │
│  Epoch                4    Train         0s   0%    approx_kl         0.006  │
│  Uptime              7s      Forwa…      0s   0%    clipfrac          0.070  │
│  Remaini…         2m 6s      Learn       0s   0%    importance        1.000  │
│                              Copy        0s   0%    explained_var…    0.197  │
│                              Misc        0s   0%                             │
│                                                                              │
│  User Stats                    Value    User Stats                    Value  │
│  perf                          0.071    episode_return               -8.696  │
│  episode_length               37.505    fuel_used                     0.149  │
│  n                          3105.500                                         │
╰──────────────────────────────────────────────────────────────────────────────╯

[0;0H╭──────────────────────────────────────────────────────────────────────────────╮
│  PufferLib 3.0      🐡          CPU:     GPU: 0.0%  DRAM: 20.8%  VRAM: 0.0%  │
│                                182.0%                                        │
│                                                                              │
│  Summary          Value    Evaluate      1s   0%    Losses            Value  │
│  Env       puffer_orbi…      Forwa…      1s   0%    policy_loss       0.022  │
│  Params          136.5K      Env         0s   0%    value_loss        0.021  │
│  Steps           655.4K      Copy        0s   0%    entropy           1.788  │
│  SPS             110.4K      Misc        0s   0%    old_approx_kl     0.005  │
│  Epoch                5    Train         4s   0%    approx_kl         0.005  │
│  Uptime              8s      Forwa…      1s   0%    clipfrac          0.059  │
│  Remaini…         2m 9s      Learn       2s   0%    importance        0.999  │
│                              Copy        0s   0%    explained_var…    0.335  │
│                              Misc        0s   0%                             │
│                                                                              │
│  User Stats                    Value    User Stats                    Value  │
│  perf                          0.074    episode_return               -8.680  │
│  episode_length               43.304    fuel_used                     0.149  │
│  n                          2783.500                                         │
╰──────────────────────────────────────────────────────────────────────────────╯

[0;0H╭──────────────────────────────────────────────────────────────────────────────╮
│  PufferLib 3.0     🐡           CPU:     GPU: 0.0%  DRAM: 21.0%  VRAM: 0.0%  │
│                                185.5%                                        │
│                                                                              │
│  Summary          Value    Evaluate      1s  26%    Losses            Value  │
│  Env       puffer_orbi…      Forwa…      1s  23%    policy_loss       0.025  │
│  Params          136.5K      Env         0s   0%    value_loss        0.021  │
│  Steps           786.4K      Copy        0s   1%    entropy           1.722  │
│  SPS             116.6K      Misc        0s   0%    old_approx_kl     0.006  │
│  Epoch                6    Train         4s  73%    approx_kl         0.007  │
│  Uptime              9s      Forwa…      1s  30%    clipfrac          0.087  │
│  Remaini…         2m 1s      Learn       2s  40%    importance        1.000  │
│                              Copy        0s   0%    explained_var…    0.479  │
│                              Misc        0s   1%                             │
│                                                                              │
│  User Stats                    Value    User Stats                    Value  │
│  perf                          0.074    episode_return               -8.680  │
│  episode_length               43.304    fuel_used                     0.149  │
│  n                          2783.500                                         │
╰──────────────────────────────────────────────────────────────────────────────╯

[0;0H╭──────────────────────────────────────────────────────────────────────────────╮
│  PufferLib 3.0    🐡            CPU:     GPU: 0.0%  DRAM: 21.2%  VRAM: 0.0%  │
│                                189.0%                                        │
│                                                                              │
│  Summary          Value    Evaluate      1s  26%    Losses            Value  │
│  Env       puffer_orbi…      Forwa…      1s  23%    policy_loss       0.022  │
│  Params          136.5K      Env         0s   0%    value_loss        0.020  │
│  Steps           917.5K      Copy        0s   1%    entropy           1.708  │
│  SPS             119.2K      Misc        0s   0%    old_approx_kl     0.006  │
│  Epoch                7    Train         4s  73%    approx_kl         0.006  │
│  Uptime             10s      Forwa…      1s  30%    clipfrac          0.072  │
│  Remaini…        1m 58s      Learn       2s  40%    importance        1.000  │
│                              Copy        0s   0%    explained_var…    0.571  │
│                              Misc        0s   1%                             │
│                                                                              │
│  User Stats                    Value    User Stats                    Value  │
│  perf                          0.084    episode_return               -8.520  │
│  episode_length               49.825    fuel_used                     0.149  │
│  n                          2605.500                                         │
╰──────────────────────────────────────────────────────────────────────────────╯

[0;0H╭──────────────────────────────────────────────────────────────────────────────╮
│  PufferLib 3.0   🐡             CPU:     GPU: 0.0%  DRAM: 21.4%  VRAM: 0.0%  │
│                                192.3%                                        │
│                                                                              │
│  Summary          Value    Evaluate      1s  26%    Losses            Value  │
│  Env       puffer_orbi…      Forwa…      1s  23%    policy_loss       0.018  │
│  Params          136.5K      Env         0s   0%    value_loss        0.019  │
│  Steps             1.0M      Copy        0s   1%    entropy           1.620  │
│  SPS             115.7K      Misc        0s   0%    old_approx_kl     0.008  │
│  Epoch                8    Train         4s  73%    approx_kl         0.007  │
│  Uptime             11s      Forwa…      1s  30%    clipfrac          0.107  │
│  Remaini…         2m 0s      Learn       2s  40%    importance        0.999  │
│                              Copy        0s   0%    explained_var…    0.609  │
│                              Misc        0s   1%                             │
│                                                                              │
│  User Stats                    Value    User Stats                    Value  │
│  perf                          0.084    episode_return               -8.520  │
│  episode_length               49.825    fuel_used                     0.149  │
│  n                          2605.500                                         │
╰──────────────────────────────────────────────────────────────────────────────╯

[0;0H╭──────────────────────────────────────────────────────────────────────────────╮
│  PufferLib 3.0  🐡              CPU:     GPU: 0.0%  DRAM: 21.6%  VRAM: 0.0%  │
│                                198.6%                                        │
│                                                                              │
│  Summary          Value    Evaluate      1s  26%    Losses            Value  │
│  Env       puffer_orbi…      Forwa…      1s  23%    policy_loss       0.029  │
│  Params          136.5K      Env         0s   0%    value_loss        0.024  │
│  Steps             1.2M      Copy        0s   1%    entropy           1.585  │
│  SPS             114.5K      Misc        0s   0%    old_approx_kl     0.006  │
│  Epoch                9    Train         4s  73%    approx_kl         0.006  │
│  Uptime             13s      Forwa…      1s  30%    clipfrac          0.064  │
│  Remaini…         2m 0s      Learn       2s  40%    importance        1.000  │
│                              Copy        0s   0%    explained_var…    0.557  │
│                              Misc        0s   1%                             │
│                                                                              │
│  User Stats                    Value    User Stats                    Value  │
│  perf                          0.094    episode_return               -8.359  │
│  episode_length               55.149    fuel_used                     0.149  │
│  n                          2299.000                                         │
╰──────────────────────────────────────────────────────────────────────────────╯

[0;0H╭──────────────────────────────────────────────────────────────────────────────╮
│  PufferLib 3.0 🐡               CPU:     GPU: 0.0%  DRAM: 21.7%  VRAM: 0.0%  │
│                                200.3%                                        │
│                                                                              │
│  Summary          Value    Evaluate      3s  26%    Losses            Value  │
│  Env       puffer_orbi…      Forwa…      2s  23%    policy_loss       0.023  │
│  Params          136.5K      Env         0s   0%    value_loss        0.024  │
│  Steps             1.3M      Copy        0s   1%    entropy           1.487  │
│  SPS             113.5K      Misc        0s   0%    old_approx_kl     0.010  │
│  Epoch               10    Train         8s  73%    approx_kl         0.009  │
│  Uptime             14s      Forwa…      3s  30%    clipfrac          0.133  │
│  Remaini…         2m 0s      Learn       4s  40%    importance        0.999  │
│                              Copy        0s   0%    explained_var…    0.615  │
│                              Misc        0s   1%                             │
│                                                                              │
│  User Stats                    Value    User Stats                    Value  │
│  perf                          0.094    episode_return               -8.359  │
│  episode_length               55.149    fuel_used                     0.149  │
│  n                          2299.000                                         │
╰──────────────────────────────────────────────────────────────────────────────╯

[0;0H╭──────────────────────────────────────────────────────────────────────────────╮
│  PufferLib 3.0          🐡      CPU:     GPU: 0.0%  DRAM: 21.8%  VRAM: 0.0%  │
│                                203.7%                                        │
│                                                                              │
│  Summary          Value    Evaluate      3s  25%    Losses            Value  │
│  Env       puffer_orbi…      Forwa…      2s  22%    policy_loss       0.025  │
│  Params          136.5K      Env         0s   0%    value_loss        0.025  │
│  Steps             1.4M      Copy        0s   1%    entropy           1.440  │
│  SPS             115.4K      Misc        0s   0%    old_approx_kl     0.010  │
│  Epoch               11    Train         8s  74%    approx_kl         0.009  │
│  Uptime             15s      Forwa…      3s  30%    clipfrac          0.130  │
│  Remaini…        1m 57s      Learn       4s  41%    importance        0.999  │
│                              Copy        0s   0%    explained_var…    0.653  │
│                              Misc        0s   1%                             │
│                                                                              │
│  User Stats                    Value    User Stats                    Value  │
│  perf                          0.139    episode_return               -7.604  │
│  episode_length               59.675    fuel_used                     0.149  │
│  n                          2151.000                                         │
╰──────────────────────────────────────────────────────────────────────────────╯

[0;0H╭──────────────────────────────────────────────────────────────────────────────╮
│  PufferLib 3.0         🐡       CPU:     GPU: 0.0%  DRAM: 21.9%  VRAM: 0.0%  │
│                                204.3%                                        │
│                                                                              │
│  Summary          Value    Evaluate      3s  25%    Losses            Value  │
│  Env       puffer_orbi…      Forwa…      2s  22%    policy_loss       0.017  │
│  Params          136.5K      Env         0s   0%    value_loss        0.022  │
│  Steps             1.6M      Copy        0s   1%    entropy           1.343  │
│  SPS             116.3K      Misc        0s   0%    old_approx_kl     0.010  │
│  Epoch               12    Train         8s  74%    approx_kl         0.010  │
│  Uptime             16s      Forwa…      3s  30%    clipfrac          0.139  │
│  Remaini…        1m 55s      Learn       4s  41%    importance        1.000  │
│                              Copy        0s   0%    explained_var…    0.715  │
│                              Misc        0s   1%                             │
│                                                                              │
│  User Stats                    Value    User Stats                    Value  │
│  perf                          0.139    episode_return               -7.604  │
│  episode_length               59.675    fuel_used                     0.149  │
│  n                          2151.000                                         │
╰──────────────────────────────────────────────────────────────────────────────╯

[0;0H╭──────────────────────────────────────────────────────────────────────────────╮
│  PufferLib 3.0        🐡        CPU:     GPU: 0.0%  DRAM: 21.9%  VRAM: 0.0%  │
│                                204.7%                                        │
│                                                                              │
│  Summary          Value    Evaluate      3s  25%    Losses            Value  │
│  Env       puffer_orbi…      Forwa…      2s  22%    policy_loss       0.010  │
│  Params          136.5K      Env         0s   0%    value_loss        0.020  │
│  Steps             1.7M      Copy        0s   1%    entropy           1.272  │
│  SPS             113.3K      Misc        0s   0%    old_approx_kl     0.010  │
│  Epoch               13    Train         8s  74%    approx_kl         0.010  │
│  Uptime             17s      Forwa…      3s  30%    clipfrac          0.128  │
│  Remaini…        1m 57s      Learn       4s  41%    importance        0.999  │
│                              Copy        0s   0%    explained_var…    0.801  │
│                              Misc        0s   1%                             │
│                                                                              │
│  User Stats                    Value    User Stats                    Value  │
│  perf                          0.195    episode_return               -6.689  │
│  episode_length               65.144    fuel_used                     0.148  │
│  n                          1916.500                                         │
╰──────────────────────────────────────────────────────────────────────────────╯

[0;0H╭──────────────────────────────────────────────────────────────────────────────╮
│  PufferLib 3.0       🐡         CPU:     GPU: 0.0%  DRAM: 22.0%  VRAM: 0.0%  │
│                                208.2%                                        │
│                                                                              │
│  Summary          Value    Evaluate      3s  25%    Losses            Value  │
│  Env       puffer_orbi…      Forwa…      2s  22%    policy_loss       0.006  │
│  Params          136.5K      Env         0s   0%    value_loss        0.018  │
│  Steps             1.8M      Copy        0s   1%    entropy           1.221  │
│  SPS             106.3K      Misc        0s   0%    old_approx_kl     0.008  │
│  Epoch               14    Train         8s  74%    approx_kl         0.007  │
│  Uptime             18s      Forwa…      3s  30%    clipfrac          0.084  │
│  Remaini…         2m 3s      Learn       4s  41%    importance        0.999  │
│                              Copy        0s   0%    explained_var…    0.843  │
│                              Misc        0s   1%                             │
│                                                                              │
│  User Stats                    Value    User Stats                    Value  │
│  perf                          0.195    episode_return               -6.689  │
│  episode_length               65.144    fuel_used                     0.148  │
│  n                          1916.500                                         │
╰──────────────────────────────────────────────────────────────────────────────╯

[0;0H╭──────────────────────────────────────────────────────────────────────────────╮
│  PufferLib 3.0      🐡          CPU:     GPU: 0.0%  DRAM: 23.1%  VRAM: 0.0%  │
│                                239.3%                                        │
│                                                                              │
│  Summary          Value    Evaluate      4s  25%    Losses            Value  │
│  Env       puffer_orbi…      Forwa…      4s  22%    policy_loss       0.003  │
│  Params          136.5K      Env         0s   0%    value_loss        0.017  │
│  Steps             2.0M      Copy        0s   1%    entropy           1.153  │
│  SPS             105.4K      Misc        0s   0%    old_approx_kl     0.009  │
│  Epoch               15    Train        13s  74%    approx_kl         0.008  │
│  Uptime             20s      Forwa…      5s  30%    clipfrac          0.102  │
│  Remaini…         2m 3s      Learn       7s  41%    importance        0.999  │
│                              Copy        0s   0%    explained_var…    0.870  │
│                              Misc        0s   1%                             │
│                                                                              │
│  User Stats                    Value    User Stats                    Value  │
│  perf                          0.224    episode_return               -6.172  │
│  episode_length               73.896    fuel_used                     0.148  │
│  n                          1686.000                                         │
╰──────────────────────────────────────────────────────────────────────────────╯

[0;0H╭──────────────────────────────────────────────────────────────────────────────╮
│  PufferLib 3.0     🐡           CPU:     GPU: 0.0%  DRAM: 23.1%  VRAM: 0.0%  │
│                                241.4%                                        │
│                                                                              │
│  Summary          Value    Evaluate      4s  24%    Losses            Value  │
│  Env       puffer_orbi…      Forwa…      4s  22%    policy_loss       0.008  │
│  Params          136.5K      Env         0s   0%    value_loss        0.017  │
│  Steps             2.1M      Copy        0s   1%    entropy           1.103  │
│  SPS             105.3K      Misc        0s   0%    old_approx_kl     0.009  │
│  Epoch               16    Train        13s  75%    approx_kl         0.008  │
│  Uptime             21s      Forwa…      5s  31%    clipfrac          0.115  │
│  Remaini…         2m 2s      Learn       7s  41%    importance        0.999  │
│                              Copy        0s   0%    explained_var…    0.873  │
│                              Misc        0s   1%                             │
│                                                                              │
│  User Stats                    Value    User Stats                    Value  │
│  perf                          0.224    episode_return               -6.172  │
│  episode_length               73.896    fuel_used                     0.148  │
│  n                          1686.000                                         │
╰──────────────────────────────────────────────────────────────────────────────╯

[0;0H╭──────────────────────────────────────────────────────────────────────────────╮
│  PufferLib 3.0    🐡            CPU:     GPU: 0.0%  DRAM: 23.1%  VRAM: 0.0%  │
│                                242.2%                                        │
│                                                                              │
│  Summary          Value    Evaluate      4s  24%    Losses            Value  │
│  Env       puffer_orbi…      Forwa…      4s  22%    policy_loss       0.014  │
│  Params          136.5K      Env         0s   0%    value_loss        0.017  │
│  Steps             2.2M      Copy        0s   1%    entropy           1.037  │
│  SPS             112.6K      Misc        0s   0%    old_approx_kl     0.010  │
│  Epoch               17    Train        13s  75%    approx_kl         0.009  │
│  Uptime             22s      Forwa…      5s  31%    clipfrac          0.131  │
│  Remaini…        1m 53s      Learn       7s  41%    importance        0.999  │
│                              Copy        0s   0%    explained_var…    0.888  │
│                              Misc        0s   1%                             │
│                                                                              │
│  User Stats                    Value    User Stats                    Value  │
│  perf                          0.236    episode_return               -5.967  │
│  episode_length               84.037    fuel_used                     0.148  │
│  n                          1452.000                                         │
╰──────────────────────────────────────────────────────────────────────────────╯

[0;0H╭──────────────────────────────────────────────────────────────────────────────╮
│  PufferLib 3.0   🐡             CPU:     GPU: 0.0%  DRAM: 23.1%  VRAM: 0.0%  │
│                                250.6%                                        │
│                                                                              │
│  Summary          Value    Evaluate      4s  24%    Losses            Value  │
│  Env       puffer_orbi…      Forwa…      4s  22%    policy_loss       0.013  │
│  Params          136.5K      Env         0s   0%    value_loss        0.015  │
│  Steps             2.4M      Copy        0s   1%    entropy           0.984  │
│  SPS             112.5K      Misc        0s   0%    old_approx_kl     0.011  │
│  Epoch               18    Train        13s  75%    approx_kl         0.010  │
│  Uptime             23s      Forwa…      5s  31%    clipfrac          0.137  │
│  Remaini…        1m 52s      Learn       7s  41%    importance        1.000  │
│                              Copy        0s   0%    explained_var…    0.908  │
│                              Misc        0s   1%                             │
│                                                                              │
│  User Stats                    Value    User Stats                    Value  │
│  perf                          0.236    episode_return               -5.967  │
│  episode_length               84.037    fuel_used                     0.148  │
│  n                          1452.000                                         │
╰──────────────────────────────────────────────────────────────────────────────╯

[0;0H╭──────────────────────────────────────────────────────────────────────────────╮
│  PufferLib 3.0  🐡              CPU:     GPU: 0.0%  DRAM: 23.1%  VRAM: 0.0%  │
│                                253.8%                                        │
│                                                                              │
│  Summary          Value    Evaluate      4s  24%    Losses            Value  │
│  Env       puffer_orbi…      Forwa…      4s  22%    policy_loss       0.011  │
│  Params          136.5K      Env         0s   0%    value_loss        0.016  │
│  Steps             2.5M      Copy        0s   1%    entropy           0.948  │
│  SPS             109.8K      Misc        0s   0%    old_approx_kl     0.011  │
│  Epoch               19    Train        13s  75%    approx_kl         0.011  │
│  Uptime             24s      Forwa…      5s  31%    clipfrac          0.142  │
│  Remaini…        1m 53s      Learn       7s  41%    importance        1.000  │
│                              Copy        0s   0%    explained_var…    0.916  │
│                              Misc        0s   1%                             │
│                                                                              │
│  User Stats                    Value    User Stats                    Value  │
│  perf                          0.334    episode_return               -4.302  │
│  episode_length               93.007    fuel_used                     0.147  │
│  n                          1288.000                                         │
╰──────────────────────────────────────────────────────────────────────────────╯

[0;0H╭──────────────────────────────────────────────────────────────────────────────╮
│  PufferLib 3.0 🐡               CPU:     GPU: 0.0%  DRAM: 23.0%  VRAM: 0.0%  │
│                                252.0%                                        │
│                                                                              │
│  Summary          Value    Evaluate      6s  24%    Losses            Value  │
│  Env       puffer_orbi…      Forwa…      5s  22%    policy_loss       0.000  │
│  Params          136.5K      Env         0s   0%    value_loss        0.016  │
│  Steps             2.6M      Copy        0s   1%    entropy           0.931  │
│  SPS             107.5K      Misc        0s   0%    old_approx_kl     0.012  │
│  Epoch               20    Train        17s  75%    approx_kl         0.012  │
│  Uptime             26s      Forwa…      7s  31%    clipfrac          0.155  │
│  Remaini…        1m 55s      Learn       9s  41%    importance        1.000  │
│                              Copy        0s   0%    explained_var…    0.922  │
│                              Misc        0s   1%                             │
│                                                                              │
│  User Stats                    Value    User Stats                    Value  │
│  perf                          0.334    episode_return               -4.302  │
│  episode_length               93.007    fuel_used                     0.147  │
│  n                          1288.000                                         │
╰──────────────────────────────────────────────────────────────────────────────╯

[0;0H╭──────────────────────────────────────────────────────────────────────────────╮
│  PufferLib 3.0          🐡      CPU:     GPU: 0.0%  DRAM: 23.0%  VRAM: 0.0%  │
│                                252.1%                                        │
│                                                                              │
│  Summary          Value    Evaluate      6s  26%    Losses            Value  │
│  Env       puffer_orbi…      Forwa…      5s  23%    policy_loss      -0.001  │
│  Params          136.5K      Env         0s   0%    value_loss        0.018  │
│  Steps             2.8M      Copy        0s   2%    entropy           0.979  │
│  SPS             112.9K      Misc        0s   0%    old_approx_kl     0.014  │
│  Epoch               21    Train        17s  73%    approx_kl         0.014  │
│  Uptime             27s      Forwa…      7s  30%    clipfrac          0.164  │
│  Remaini…        1m 48s      Learn       9s  41%    importance        1.000  │
│                              Copy        0s   0%    explained_var…    0.912  │
│                              Misc        0s   1%                             │
│                                                                              │
│  User Stats                    Value    User Stats                    Value  │
│  perf                          0.412    episode_return               -2.886  │
│  episode_length               97.821    fuel_used                     0.146  │
│  n                          1336.000                                         │
╰──────────────────────────────────────────────────────────────────────────────╯

[0;0H╭──────────────────────────────────────────────────────────────────────────────╮
│  PufferLib 3.0         🐡       CPU:     GPU: 0.0%  DRAM: 23.0%  VRAM: 0.0%  │
│                                251.5%                                        │
│                                                                              │
│  Summary          Value    Evaluate      6s  26%    Losses            Value  │
│  Env       puffer_orbi…      Forwa…      5s  23%    policy_loss       0.000  │
│  Params          136.5K      Env         0s   0%    value_loss        0.021  │
│  Steps             2.9M      Copy        0s   2%    entropy           0.979  │
│  SPS             110.6K      Misc        0s   0%    old_approx_kl     0.015  │
│  Epoch               22    Train        17s  73%    approx_kl         0.014  │
│  Uptime             28s      Forwa…      7s  30%    clipfrac          0.162  │
│  Remaini…        1m 49s      Learn       9s  41%    importance        1.000  │
│                              Copy        0s   0%    explained_var…    0.900  │
│                              Misc        0s   1%                             │
│                                                                              │
│  User Stats                    Value    User Stats                    Value  │
│  perf                          0.412    episode_return               -2.886  │
│  episode_length               97.821    fuel_used                     0.146  │
│  n                          1336.000                                         │
╰──────────────────────────────────────────────────────────────────────────────╯

[0;0H╭──────────────────────────────────────────────────────────────────────────────╮
│  PufferLib 3.0        🐡        CPU:     GPU: 0.0%  DRAM: 22.9%  VRAM: 0.0%  │
│                                253.7%                                        │
│                                                                              │
│  Summary          Value    Evaluate      6s  26%    Losses            Value  │
│  Env       puffer_orbi…      Forwa…      5s  23%    policy_loss      -0.006  │
│  Params          136.5K      Env         0s   0%    value_loss        0.023  │
│  Steps             3.0M      Copy        0s   2%    entropy           0.977  │
│  SPS             107.4K      Misc        0s   0%    old_approx_kl     0.013  │
│  Epoch               23    Train        17s  73%    approx_kl         0.013  │
│  Uptime             29s      Forwa…      7s  30%    clipfrac          0.149  │
│  Remaini…        1m 51s      Learn       9s  41%    importance        1.000  │
│                              Copy        0s   0%    explained_var…    0.894  │
│                              Misc        0s   1%                             │
│                                                                              │
│  User Stats                    Value    User Stats                    Value  │
│  perf                          0.515    episode_return               -1.089  │
│  episode_length               83.935    fuel_used                     0.144  │
│  n                          1733.500                                         │
╰──────────────────────────────────────────────────────────────────────────────╯

[0;0H╭──────────────────────────────────────────────────────────────────────────────╮
│  PufferLib 3.0       🐡         CPU:     GPU: 0.0%  DRAM: 22.9%  VRAM: 0.0%  │
│                                256.0%                                        │
│                                                                              │
│  Summary          Value    Evaluate      6s  26%    Losses            Value  │
│  Env       puffer_orbi…      Forwa…      5s  23%    policy_loss       0.000  │
│  Params          136.5K      Env         0s   0%    value_loss        0.023  │
│  Steps             3.1M      Copy        0s   2%    entropy           0.904  │
│  SPS             109.7K      Misc        0s   0%    old_approx_kl     0.014  │
│  Epoch               24    Train        17s  73%    approx_kl         0.014  │
│  Uptime             30s      Forwa…      7s  30%    clipfrac          0.162  │
│  Remaini…        1m 48s      Learn       9s  41%    importance        1.000  │
│                              Copy        0s   0%    explained_var…    0.913  │
│                              Misc        0s   1%                             │
│                                                                              │
│  User Stats                    Value    User Stats                    Value  │
│  perf                          0.515    episode_return               -1.089  │
│  episode_length               83.935    fuel_used                     0.144  │
│  n                          1733.500                                         │
╰──────────────────────────────────────────────────────────────────────────────╯

[0;0H╭──────────────────────────────────────────────────────────────────────────────╮
│  PufferLib 3.0      🐡          CPU:     GPU: 0.0%  DRAM: 22.7%  VRAM: 0.0%  │
│                                255.3%                                        │
│                                                                              │
│  Summary          Value    Evaluate      7s  26%    Losses            Value  │
│  Env       puffer_orbi…      Forwa…      6s  23%    policy_loss      -0.007  │
│  Params          136.5K      Env         0s   0%    value_loss        0.023  │
│  Steps             3.3M      Copy        0s   2%    entropy           0.823  │
│  SPS             111.1K      Misc        0s   0%    old_approx_kl     0.014  │
│  Epoch               25    Train        22s  73%    approx_kl         0.013  │
│  Uptime             32s      Forwa…      9s  30%    clipfrac          0.156  │
│  Remaini…        1m 45s      Learn      12s  41%    importance        0.999  │
│                              Copy        0s   0%    explained_var…    0.926  │
│                              Misc        0s   1%                             │
│                                                                              │
│  User Stats                    Value    User Stats                    Value  │
│  perf                          0.634    episode_return                1.043  │
│  episode_length               69.713    fuel_used                     0.143  │
│  n                          1952.500                                         │
╰──────────────────────────────────────────────────────────────────────────────╯

[0;0H╭──────────────────────────────────────────────────────────────────────────────╮
│  PufferLib 3.0     🐡           CPU:     GPU: 0.0%  DRAM: 22.7%  VRAM: 0.0%  │
│                                257.9%                                        │
│                                                                              │
│  Summary          Value    Evaluate      7s  26%    Losses            Value  │
│  Env       puffer_orbi…      Forwa…      6s  23%    policy_loss      -0.010  │
│  Params          136.5K      Env         0s   1%    value_loss        0.022  │
│  Steps             3.4M      Copy        0s   2%    entropy           0.821  │
│  SPS             109.2K      Misc        0s   0%    old_approx_kl     0.015  │
│  Epoch               26    Train        22s  73%    approx_kl         0.015  │
│  Uptime             33s      Forwa…      9s  30%    clipfrac          0.164  │
│  Remaini…        1m 46s      Learn      12s  40%    importance        1.000  │
│                              Copy        0s   0%    explained_var…    0.914  │
│                              Misc        0s   1%                             │
│                                                                              │
│  User Stats                    Value    User Stats                    Value  │
│  perf                          0.634    episode_return                1.043  │
│  episode_length               69.713    fuel_used                     0.143  │
│  n                          1952.500                                         │
╰──────────────────────────────────────────────────────────────────────────────╯

[0;0H╭──────────────────────────────────────────────────────────────────────────────╮
│  PufferLib 3.0    🐡            CPU:     GPU: 0.0%  DRAM: 22.6%  VRAM: 0.0%  │
│                                262.5%                                        │
│                                                                              │
│  Summary          Value    Evaluate      7s  26%    Losses            Value  │
│  Env       puffer_orbi…      Forwa…      6s  23%    policy_loss      -0.012  │
│  Params          136.5K      Env         0s   1%    value_loss        0.021  │
│  Steps             3.5M      Copy        0s   2%    entropy           0.799  │
│  SPS             108.4K      Misc        0s   0%    old_approx_kl     0.013  │
│  Epoch               27    Train        22s  73%    approx_kl         0.013  │
│  Uptime             34s      Forwa…      9s  30%    clipfrac          0.142  │
│  Remaini…        1m 45s      Learn      12s  40%    importance        1.000  │
│                              Copy        0s   0%    explained_var…    0.893  │
│                              Misc        0s   1%                             │
│                                                                              │
│  User Stats                    Value    User Stats                    Value  │
│  perf                          0.653    episode_return                1.494  │
│  episode_length               71.771    fuel_used                     0.142  │
│  n                          1839.500                                         │
╰──────────────────────────────────────────────────────────────────────────────╯

[0;0H╭──────────────────────────────────────────────────────────────────────────────╮
│  PufferLib 3.0   🐡             CPU:     GPU: 0.0%  DRAM: 22.6%  VRAM: 0.0%  │
│                                259.9%                                        │
│                                                                              │
│  Summary          Value    Evaluate      7s  26%    Losses            Value  │
│  Env       puffer_orbi…      Forwa…      6s  23%    policy_loss      -0.011  │
│  Params          136.5K      Env         0s   1%    value_loss        0.021  │
│  Steps             3.7M      Copy        0s   2%    entropy           0.759  │
│  SPS             112.0K      Misc        0s   0%    old_approx_kl     0.012  │
│  Epoch               28    Train        22s  73%    approx_kl         0.011  │
│  Uptime             35s      Forwa…      9s  30%    clipfrac          0.110  │
│  Remaini…        1m 41s      Learn      12s  40%    importance        0.999  │
│                              Copy        0s   0%    explained_var…    0.869  │
│                              Misc        0s   1%                             │
│                                                                              │
│  User Stats                    Value    User Stats                    Value  │
│  perf                          0.653    episode_return                1.494  │
│  episode_length               71.771    fuel_used                     0.142  │
│  n                          1839.500                                         │
╰──────────────────────────────────────────────────────────────────────────────╯

[0;0H╭──────────────────────────────────────────────────────────────────────────────╮
│  PufferLib 3.0  🐡              CPU:     GPU: 0.0%  DRAM: 22.5%  VRAM: 0.0%  │
│                                261.3%                                        │
│                                                                              │
│  Summary          Value    Evaluate      7s  26%    Losses            Value  │
│  Env       puffer_orbi…      Forwa…      6s  23%    policy_loss      -0.024  │
│  Params          136.5K      Env         0s   1%    value_loss        0.018  │
│  Steps             3.8M      Copy        0s   2%    entropy           0.728  │
│  SPS             111.3K      Misc        0s   0%    old_approx_kl     0.012  │
│  Epoch               29    Train        22s  73%    approx_kl         0.012  │
│  Uptime             36s      Forwa…      9s  30%    clipfrac          0.112  │
│  Remaini…        1m 40s      Learn      12s  40%    importance        1.000  │
│                              Copy        0s   0%    explained_var…    0.857  │
│                              Misc        0s   1%                             │
│                                                                              │
│  User Stats                    Value    User Stats                    Value  │
│  perf                          0.763    episode_return                3.336  │
│  episode_length               67.824    fuel_used                     0.141  │
│  n                          2009.000                                         │
╰──────────────────────────────────────────────────────────────────────────────╯

[0;0H╭──────────────────────────────────────────────────────────────────────────────╮
│  PufferLib 3.0 🐡               CPU:     GPU: 0.0%  DRAM: 22.4%  VRAM: 0.0%  │
│                                261.3%                                        │
│                                                                              │
│  Summary          Value    Evaluate      9s  26%    Losses            Value  │
│  Env       puffer_orbi…      Forwa…      8s  23%    policy_loss      -0.035  │
│  Params          136.5K      Env         0s   1%    value_loss        0.020  │
│  Steps             3.9M      Copy        0s   2%    entropy           0.725  │
│  SPS             109.6K      Misc        0s   0%    old_approx_kl     0.011  │
│  Epoch               30    Train        26s  73%    approx_kl         0.010  │
│  Uptime             38s      Forwa…     11s  30%    clipfrac          0.102  │
│  Remaini…        1m 41s      Learn      14s  40%    importance        0.999  │
│                              Copy        0s   0%    explained_var…    0.872  │
│                              Misc        0s   1%                             │
│                                                                              │
│  User Stats                    Value    User Stats                    Value  │
│  perf                          0.763    episode_return                3.336  │
│  episode_length               67.824    fuel_used                     0.141  │
│  n                          2009.000                                         │
╰──────────────────────────────────────────────────────────────────────────────╯

[0;0H╭──────────────────────────────────────────────────────────────────────────────╮
│  PufferLib 3.0          🐡      CPU:     GPU: 0.0%  DRAM: 22.3%  VRAM: 0.0%  │
│                                257.7%                                        │
│                                                                              │
│  Summary          Value    Evaluate      9s  24%    Losses            Value  │
│  Env       puffer_orbi…      Forwa…      8s  22%    policy_loss      -0.045  │
│  Params          136.5K      Env         0s   0%    value_loss        0.019  │
│  Steps             4.1M      Copy        0s   1%    entropy           0.675  │
│  SPS             107.7K      Misc        0s   0%    old_approx_kl     0.011  │
│  Epoch               31    Train        26s  75%    approx_kl         0.011  │
│  Uptime             39s      Forwa…     11s  31%    clipfrac          0.107  │
│  Remaini…        1m 41s      Learn      14s  41%    importance        1.000  │
│                              Copy        0s   0%    explained_var…    0.885  │
│                              Misc        0s   1%                             │
│                                                                              │
│  User Stats                    Value    User Stats                    Value  │
│  perf                          0.865    episode_return                5.146  │
│  episode_length               62.696    fuel_used                     0.140  │
│  n                          2109.500                                         │
╰──────────────────────────────────────────────────────────────────────────────╯

[0;0H╭──────────────────────────────────────────────────────────────────────────────╮
│  PufferLib 3.0         🐡       CPU:     GPU: 0.0%  DRAM: 22.2%  VRAM: 0.0%  │
│                                254.3%                                        │
│                                                                              │
│  Summary          Value    Evaluate      9s  24%    Losses            Value  │
│  Env       puffer_orbi…      Forwa…      8s  22%    policy_loss      -0.038  │
│  Params          136.5K      Env         0s   0%    value_loss        0.018  │
│  Steps             4.2M      Copy        0s   1%    entropy           0.671  │
│  SPS             110.7K      Misc        0s   0%    old_approx_kl     0.011  │
│  Epoch               32    Train        26s  75%    approx_kl         0.011  │
│  Uptime             40s      Forwa…     11s  31%    clipfrac          0.108  │
│  Remaini…        1m 37s      Learn      14s  41%    importance        1.000  │
│                              Copy        0s   0%    explained_var…    0.905  │
│                              Misc        0s   1%                             │
│                                                                              │
│  User Stats                    Value    User Stats                    Value  │
│  perf                          0.865    episode_return                5.146  │
│  episode_length               62.696    fuel_used                     0.140  │
│  n                          2109.500                                         │
╰──────────────────────────────────────────────────────────────────────────────╯

[0;0H╭──────────────────────────────────────────────────────────────────────────────╮
│  PufferLib 3.0        🐡        CPU:     GPU: 0.0%  DRAM: 22.2%  VRAM: 0.0%  │
│                                251.1%                                        │
│                                                                              │
│  Summary          Value    Evaluate      9s  24%    Losses            Value  │
│  Env       puffer_orbi…      Forwa…      8s  22%    policy_loss      -0.036  │
│  Params          136.5K      Env         0s   0%    value_loss        0.017  │
│  Steps             4.3M      Copy        0s   1%    entropy           0.634  │
│  SPS             109.5K      Misc        0s   0%    old_approx_kl     0.011  │
│  Epoch               33    Train        26s  75%    approx_kl         0.011  │
│  Uptime             41s      Forwa…     11s  31%    clipfrac          0.111  │
│  Remaini…        1m 37s      Learn      14s  41%    importance        1.000  │
│                              Copy        0s   0%    explained_var…    0.901  │
│                              Misc        0s   1%                             │
│                                                                              │
│  User Stats                    Value    User Stats                    Value  │
│  perf                          0.865    episode_return                5.191  │
│  episode_length               63.252    fuel_used                     0.139  │
│  n                          2065.000                                         │
╰──────────────────────────────────────────────────────────────────────────────╯

[0;0H╭──────────────────────────────────────────────────────────────────────────────╮
│  PufferLib 3.0       🐡         CPU:     GPU: 0.0%  DRAM: 22.1%  VRAM: 0.0%  │
│                                249.7%                                        │
│                                                                              │
│  Summary          Value    Evaluate      9s  24%    Losses            Value  │
│  Env       puffer_orbi…      Forwa…      8s  22%    policy_loss      -0.030  │
│  Params          136.5K      Env         0s   0%    value_loss        0.015  │
│  Steps             4.5M      Copy        0s   1%    entropy           0.610  │
│  SPS             109.7K      Misc        0s   0%    old_approx_kl     0.009  │
│  Epoch               34    Train        26s  75%    approx_kl         0.010  │
│  Uptime             42s      Forwa…     11s  31%    clipfrac          0.105  │
│  Remaini…        1m 36s      Learn      14s  41%    importance        1.001  │
│                              Copy        0s   0%    explained_var…    0.913  │
│                              Misc        0s   1%                             │
│                                                                              │
│  User Stats                    Value    User Stats                    Value  │
│  perf                          0.865    episode_return                5.191  │
│  episode_length               63.252    fuel_used                     0.139  │
│  n                          2065.000                                         │
╰──────────────────────────────────────────────────────────────────────────────╯

[0;0H╭──────────────────────────────────────────────────────────────────────────────╮
│  PufferLib 3.0      🐡          CPU:     GPU: 0.0%  DRAM: 22.0%  VRAM: 0.0%  │
│                                246.5%                                        │
│                                                                              │
│  Summary          Value    Evaluate     10s  24%    Losses            Value  │
│  Env       puffer_orbi…      Forwa…      9s  22%    policy_loss      -0.029  │
│  Params          136.5K      Env         0s   0%    value_loss        0.013  │
│  Steps             4.6M      Copy        0s   1%    entropy           0.586  │
│  SPS             111.6K      Misc        0s   0%    old_approx_kl     0.010  │
│  Epoch               35    Train        31s  75%    approx_kl         0.009  │
│  Uptime             44s      Forwa…     12s  31%    clipfrac          0.098  │
│  Remaini…        1m 33s      Learn      17s  41%    importance        0.999  │
│                              Copy        0s   0%    explained_var…    0.923  │
│                              Misc        0s   1%                             │
│                                                                              │
│  User Stats                    Value    User Stats                    Value  │
│  perf                          0.883    episode_return                5.525  │
│  episode_length               62.216    fuel_used                     0.139  │
│  n                          2119.500                                         │
╰──────────────────────────────────────────────────────────────────────────────╯

[0;0H╭──────────────────────────────────────────────────────────────────────────────╮
│  PufferLib 3.0     🐡           CPU:     GPU: 0.0%  DRAM: 21.9%  VRAM: 0.0%  │
│                                246.8%                                        │
│                                                                              │
│  Summary          Value    Evaluate     10s  25%    Losses            Value  │
│  Env       puffer_orbi…      Forwa…      9s  22%    policy_loss      -0.035  │
│  Params          136.5K      Env         0s   0%    value_loss        0.013  │
│  Steps             4.7M      Copy        0s   2%    entropy           0.566  │
│  SPS             112.3K      Misc        0s   0%    old_approx_kl     0.009  │
│  Epoch               36    Train        31s  74%    approx_kl         0.009  │
│  Uptime             45s      Forwa…     12s  31%    clipfrac          0.095  │
│  Remaini…        1m 31s      Learn      17s  41%    importance        1.000  │
│                              Copy        0s   0%    explained_var…    0.904  │
│                              Misc        0s   1%                             │
│                                                                              │
│  User Stats                    Value    User Stats                    Value  │
│  perf                          0.883    episode_return                5.525  │
│  episode_length               62.216    fuel_used                     0.139  │
│  n                          2119.500                                         │
╰──────────────────────────────────────────────────────────────────────────────╯

[0;0H╭──────────────────────────────────────────────────────────────────────────────╮
│  PufferLib 3.0    🐡            CPU:     GPU: 0.0%  DRAM: 21.9%  VRAM: 0.0%  │
│                                247.1%                                        │
│                                                                              │
│  Summary          Value    Evaluate     10s  25%    Losses            Value  │
│  Env       puffer_orbi…      Forwa…      9s  22%    policy_loss       0.007  │
│  Params          136.5K      Env         0s   0%    value_loss        0.009  │
│  Steps             4.8M      Copy        0s   2%    entropy           0.554  │
│  SPS             106.4K      Misc        0s   0%    old_approx_kl     0.010  │
│  Epoch               37    Train        31s  74%    approx_kl         0.009  │
│  Uptime             46s      Forwa…     12s  31%    clipfrac          0.095  │
│  Remaini…        1m 35s      Learn      17s  41%    importance        0.999  │
│                              Copy        0s   0%    explained_var…    0.889  │
│                              Misc        0s   1%                             │
│                                                                              │
│  User Stats                    Value    User Stats                    Value  │
│  perf                          0.916    episode_return                6.055  │
│  episode_length               63.650    fuel_used                     0.139  │
│  n                          2085.000                                         │
╰──────────────────────────────────────────────────────────────────────────────╯

[0;0H╭──────────────────────────────────────────────────────────────────────────────╮
│  PufferLib 3.0   🐡             CPU:     GPU: 0.0%  DRAM: 21.8%  VRAM: 0.0%  │
│                                245.1%                                        │
│                                                                              │
│  Summary          Value    Evaluate     10s  25%    Losses            Value  │
│  Env       puffer_orbi…      Forwa…      9s  22%    policy_loss       0.016  │
│  Params          136.5K      Env         0s   0%    value_loss        0.005  │
│  Steps             5.0M      Copy        0s   2%    entropy           0.571  │
│  SPS             110.1K      Misc        0s   0%    old_approx_kl     0.012  │
│  Epoch               38    Train        31s  74%    approx_kl         0.012  │
│  Uptime             47s      Forwa…     12s  31%    clipfrac          0.117  │
│  Remaini…        1m 30s      Learn      17s  41%    importance        1.000  │
│                              Copy        0s   0%    explained_var…    0.881  │
│                              Misc        0s   1%                             │
│                                                                              │
│  User Stats                    Value    User Stats                    Value  │
│  perf                          0.916    episode_return                6.055  │
│  episode_length               63.650    fuel_used                     0.139  │
│  n                          2085.000                                         │
╰──────────────────────────────────────────────────────────────────────────────╯

[0;0H╭──────────────────────────────────────────────────────────────────────────────╮
│  PufferLib 3.0  🐡              CPU:     GPU: 0.0%  DRAM: 21.7%  VRAM: 0.0%  │
│                                241.8%                                        │
│                                                                              │
│  Summary          Value    Evaluate     10s  25%    Losses            Value  │
│  Env       puffer_orbi…      Forwa…      9s  22%    policy_loss      -0.006  │
│  Params          136.5K      Env         0s   0%    value_loss        0.003  │
│  Steps             5.1M      Copy        0s   2%    entropy           0.602  │
│  SPS             111.1K      Misc        0s   0%    old_approx_kl     0.015  │
│  Epoch               39    Train        31s  74%    approx_kl         0.015  │
│  Uptime             48s      Forwa…     12s  31%    clipfrac          0.140  │
│  Remaini…        1m 29s      Learn      17s  41%    importance        0.999  │
│                              Copy        0s   0%    explained_var…    0.848  │
│                              Misc        0s   1%                             │
│                                                                              │
│  User Stats                    Value    User Stats                    Value  │
│  perf                          0.974    episode_return                7.117  │
│  episode_length               59.292    fuel_used                     0.138  │
│  n                          2280.500                                         │
╰──────────────────────────────────────────────────────────────────────────────╯

[0;0H╭──────────────────────────────────────────────────────────────────────────────╮
│  PufferLib 3.0 🐡               CPU:     GPU: 0.0%  DRAM: 21.7%  VRAM: 0.0%  │
│                                241.4%                                        │
│                                                                              │
│  Summary          Value    Evaluate     12s  25%    Losses            Value  │
│  Env       puffer_orbi…      Forwa…     10s  22%    policy_loss      -0.008  │
│  Params          136.5K      Env         0s   0%    value_loss        0.003  │
│  Steps             5.2M      Copy        0s   2%    entropy           0.629  │
│  SPS             112.3K      Misc        0s   0%    old_approx_kl     0.013  │
│  Epoch               40    Train        35s  74%    approx_kl         0.013  │
│  Uptime             50s      Forwa…     14s  31%    clipfrac          0.130  │
│  Remaini…        1m 26s      Learn      19s  41%    importance        1.000  │
│                              Copy        0s   0%    explained_var…    0.844  │
│                              Misc        0s   1%                             │
│                                                                              │
│  User Stats                    Value    User Stats                    Value  │
│  perf                          0.974    episode_return                7.117  │
│  episode_length               59.292    fuel_used                     0.138  │
│  n                          2280.500                                         │
╰──────────────────────────────────────────────────────────────────────────────╯

[0;0H╭──────────────────────────────────────────────────────────────────────────────╮
│  PufferLib 3.0          🐡      CPU:     GPU: 0.0%  DRAM: 21.6%  VRAM: 0.0%  │
│                                237.0%                                        │
│                                                                              │
│  Summary          Value    Evaluate     12s  25%    Losses            Value  │
│  Env       puffer_orbi…      Forwa…     10s  23%    policy_loss      -0.023  │
│  Params          136.5K      Env         0s   0%    value_loss        0.004  │
│  Steps             5.4M      Copy        0s   1%    entropy           0.635  │
│  SPS             109.6K      Misc        0s   0%    old_approx_kl     0.012  │
│  Epoch               41    Train        35s  74%    approx_kl         0.012  │
│  Uptime             51s      Forwa…     14s  31%    clipfrac          0.118  │
│  Remaini…        1m 27s      Learn      19s  41%    importance        1.000  │
│                              Copy        0s   0%    explained_var…    0.818  │
│                              Misc        0s   1%                             │
│                                                                              │
│  User Stats                    Value    User Stats                    Value  │
│  perf                          0.994    episode_return                7.497  │
│  episode_length               52.494    fuel_used                     0.138  │
│  n                          2582.000                                         │
╰──────────────────────────────────────────────────────────────────────────────╯

[0;0H╭──────────────────────────────────────────────────────────────────────────────╮
│  PufferLib 3.0         🐡       CPU:     GPU: 0.0%  DRAM: 21.6%  VRAM: 0.0%  │
│                                238.0%                                        │
│                                                                              │
│  Summary          Value    Evaluate     12s  25%    Losses            Value  │
│  Env       puffer_orbi…      Forwa…     10s  23%    policy_loss      -0.008  │
│  Params          136.5K      Env         0s   0%    value_loss        0.004  │
│  Steps             5.5M      Copy        0s   1%    entropy           0.637  │
│  SPS             109.4K      Misc        0s   0%    old_approx_kl     0.012  │
│  Epoch               42    Train        35s  74%    approx_kl         0.012  │
│  Uptime             52s      Forwa…     14s  31%    clipfrac          0.115  │
│  Remaini…        1m 26s      Learn      19s  41%    importance        1.000  │
│                              Copy        0s   0%    explained_var…    0.769  │
│                              Misc        0s   1%                             │
│                                                                              │
│  User Stats                    Value    User Stats                    Value  │
│  perf                          0.994    episode_return                7.497  │
│  episode_length               52.494    fuel_used                     0.138  │
│  n                          2582.000                                         │
╰──────────────────────────────────────────────────────────────────────────────╯

[0;0H╭──────────────────────────────────────────────────────────────────────────────╮
│  PufferLib 3.0        🐡        CPU:     GPU: 0.0%  DRAM: 21.6%  VRAM: 0.0%  │
│                                238.0%                                        │
│                                                                              │
│  Summary          Value    Evaluate     12s  25%    Losses            Value  │
│  Env       puffer_orbi…      Forwa…     10s  23%    policy_loss      -0.023  │
│  Params          136.5K      Env         0s   0%    value_loss        0.003  │
│  Steps             5.6M      Copy        0s   1%    entropy           0.695  │
│  SPS             107.7K      Misc        0s   0%    old_approx_kl     0.013  │
│  Epoch               43    Train        35s  74%    approx_kl         0.012  │
│  Uptime             53s      Forwa…     14s  31%    clipfrac          0.119  │
│  Remaini…        1m 26s      Learn      19s  41%    importance        0.999  │
│                              Copy        0s   0%    explained_var…    0.786  │
│                              Misc        0s   1%                             │
│                                                                              │
│  User Stats                    Value    User Stats                    Value  │
│  perf                          0.994    episode_return                7.414  │
│  episode_length               48.029    fuel_used                     0.138  │
│  n                          2799.000                                         │
╰──────────────────────────────────────────────────────────────────────────────╯

[0;0H╭──────────────────────────────────────────────────────────────────────────────╮
│  PufferLib 3.0       🐡         CPU:     GPU: 0.0%  DRAM: 21.6%  VRAM: 0.0%  │
│                                233.6%                                        │
│                                                                              │
│  Summary          Value    Evaluate     12s  25%    Losses            Value  │
│  Env       puffer_orbi…      Forwa…     10s  23%    policy_loss      -0.013  │
│  Params          136.5K      Env         0s   0%    value_loss        0.002  │
│  Steps             5.8M      Copy        0s   1%    entropy           0.684  │
│  SPS             110.9K      Misc        0s   0%    old_approx_kl     0.008  │
│  Epoch               44    Train        35s  74%    approx_kl         0.008  │
│  Uptime             54s      Forwa…     14s  31%    clipfrac          0.097  │
│  Remaini…        1m 23s      Learn      19s  41%    importance        1.000  │
│                              Copy        0s   0%    explained_var…    0.740  │
│                              Misc        0s   1%                             │
│                                                                              │
│  User Stats                    Value    User Stats                    Value  │
│  perf                          0.994    episode_return                7.414  │
│  episode_length               48.029    fuel_used                     0.138  │
│  n                          2799.000                                         │
╰──────────────────────────────────────────────────────────────────────────────╯

[0;0H╭──────────────────────────────────────────────────────────────────────────────╮
│  PufferLib 3.0      🐡          CPU:     GPU: 0.0%  DRAM: 21.5%  VRAM: 0.0%  │
│                                236.3%                                        │
│                                                                              │
│  Summary          Value    Evaluate     13s  25%    Losses            Value  │
│  Env       puffer_orbi…      Forwa…     12s  23%    policy_loss      -0.016  │
│  Params          136.5K      Env         0s   0%    value_loss        0.002  │
│  Steps             5.9M      Copy        1s   1%    entropy           0.694  │
│  SPS             107.8K      Misc        0s   0%    old_approx_kl     0.011  │
│  Epoch               45    Train        39s  74%    approx_kl         0.011  │
│  Uptime             56s      Forwa…     16s  31%    clipfrac          0.117  │
│  Remaini…        1m 24s      Learn      22s  41%    importance        1.000  │
│                              Copy        0s   0%    explained_var…    0.786  │
│                              Misc        0s   1%                             │
│                                                                              │
│  User Stats                    Value    User Stats                    Value  │
│  perf                          0.996    episode_return                7.246  │
│  episode_length               44.147    fuel_used                     0.139  │
│  n                          2997.000                                         │
╰──────────────────────────────────────────────────────────────────────────────╯

[0;0H╭──────────────────────────────────────────────────────────────────────────────╮
│  PufferLib 3.0     🐡           CPU:     GPU: 0.0%  DRAM: 21.6%  VRAM: 0.0%  │
│                                236.1%                                        │
│                                                                              │
│  Summary          Value    Evaluate     13s  24%    Losses            Value  │
│  Env       puffer_orbi…      Forwa…     12s  22%    policy_loss      -0.010  │
│  Params          136.5K      Env         0s   0%    value_loss        0.001  │
│  Steps             6.0M      Copy        1s   1%    entropy           0.690  │
│  SPS             107.2K      Misc        0s   0%    old_approx_kl     0.010  │
│  Epoch               46    Train        39s  75%    approx_kl         0.010  │
│  Uptime             57s      Forwa…     16s  30%    clipfrac          0.119  │
│  Remaini…        1m 23s      Learn      22s  42%    importance        1.000  │
│                              Copy        0s   0%    explained_var…    0.809  │
│                              Misc        0s   1%                             │
│                                                                              │
│  User Stats                    Value    User Stats                    Value  │
│  perf                          0.996    episode_return                7.246  │
│  episode_length               44.147    fuel_used                     0.139  │
│  n                          2997.000                                         │
╰──────────────────────────────────────────────────────────────────────────────╯

[0;0H╭──────────────────────────────────────────────────────────────────────────────╮
│  PufferLib 3.0    🐡            CPU:     GPU: 0.0%  DRAM: 21.6%  VRAM: 0.0%  │
│                                237.1%                                        │
│                                                                              │
│  Summary          Value    Evaluate     13s  24%    Losses            Value  │
│  Env       puffer_orbi…      Forwa…     12s  22%    policy_loss      -0.004  │
│  Params          136.5K      Env         0s   0%    value_loss        0.001  │
│  Steps             6.2M      Copy        1s   1%    entropy           0.696  │
│  SPS             112.5K      Misc        0s   0%    old_approx_kl     0.010  │
│  Epoch               47    Train        39s  75%    approx_kl         0.011  │
│  Uptime             58s      Forwa…     16s  30%    clipfrac          0.128  │
│  Remaini…        1m 18s      Learn      22s  42%    importance        1.000  │
│                              Copy        0s   0%    explained_var…    0.830  │
│                              Misc        0s   1%                             │
│                                                                              │
│  User Stats                    Value    User Stats                    Value  │
│  perf                          0.998    episode_return                7.205  │
│  episode_length               42.925    fuel_used                     0.139  │
│  n                          3079.000                                         │
╰──────────────────────────────────────────────────────────────────────────────╯

[0;0H╭──────────────────────────────────────────────────────────────────────────────╮
│  PufferLib 3.0   🐡             CPU:     GPU: 0.0%  DRAM: 21.6%  VRAM: 0.0%  │
│                                235.2%                                        │
│                                                                              │
│  Summary          Value    Evaluate     13s  24%    Losses            Value  │
│  Env       puffer_orbi…      Forwa…     12s  22%    policy_loss      -0.015  │
│  Params          136.5K      Env         0s   0%    value_loss        0.001  │
│  Steps             6.3M      Copy        1s   1%    entropy           0.689  │
│  SPS             108.1K      Misc        0s   0%    old_approx_kl     0.009  │
│  Epoch               48    Train        39s  75%    approx_kl         0.010  │
│  Uptime             59s      Forwa…     16s  30%    clipfrac          0.119  │
│  Remaini…        1m 20s      Learn      22s  42%    importance        1.001  │
│                              Copy        0s   0%    explained_var…    0.823  │
│                              Misc        0s   1%                             │
│                                                                              │
│  User Stats                    Value    User Stats                    Value  │
│  perf                          0.998    episode_return                7.205  │
│  episode_length               42.925    fuel_used                     0.139  │
│  n                          3079.000                                         │
╰──────────────────────────────────────────────────────────────────────────────╯

[0;0H╭──────────────────────────────────────────────────────────────────────────────╮
│  PufferLib 3.0  🐡              CPU:     GPU: 0.0%  DRAM: 21.7%  VRAM: 0.0%  │
│                                234.4%                                        │
│                                                                              │
│  Summary          Value    Evaluate     13s  24%    Losses            Value  │
│  Env       puffer_orbi…      Forwa…     12s  22%    policy_loss      -0.018  │
│  Params          136.5K      Env         0s   0%    value_loss        0.001  │
│  Steps             6.4M      Copy        1s   1%    entropy           0.669  │
│  SPS             107.7K      Misc        0s   0%    old_approx_kl     0.009  │
│  Epoch               49    Train        39s  75%    approx_kl         0.008  │
│  Uptime           1m 0s      Forwa…     16s  30%    clipfrac          0.098  │
│  Remaini…        1m 19s      Learn      22s  42%    importance        0.999  │
│                              Copy        0s   0%    explained_var…    0.817  │
│                              Misc        0s   1%                             │
│                                                                              │
│  User Stats                    Value    User Stats                    Value  │
│  perf                          0.999    episode_return                7.194  │
│  episode_length               41.690    fuel_used                     0.139  │
│  n                          3165.000                                         │
╰──────────────────────────────────────────────────────────────────────────────╯

[0;0H╭──────────────────────────────────────────────────────────────────────────────╮
│  PufferLib 3.0 🐡               CPU:     GPU: 0.0%  DRAM: 21.6%  VRAM: 0.0%  │
│                                235.4%                                        │
│                                                                              │
│  Summary          Value    Evaluate     15s  24%    Losses            Value  │
│  Env       puffer_orbi…      Forwa…     13s  22%    policy_loss      -0.026  │
│  Params          136.5K      Env         0s   0%    value_loss        0.001  │
│  Steps             6.6M      Copy        1s   1%    entropy           0.649  │
│  SPS             111.2K      Misc        0s   0%    old_approx_kl     0.009  │
│  Epoch               50    Train        44s  75%    approx_kl         0.009  │
│  Uptime           1m 2s      Forwa…     18s  30%    clipfrac          0.104  │
│  Remaini…        1m 15s      Learn      24s  42%    importance        1.000  │
│                              Copy        0s   0%    explained_var…    0.836  │
│                              Misc        0s   1%                             │
│                                                                              │
│  User Stats                    Value    User Stats                    Value  │
│  perf                          0.999    episode_return                7.194  │
│  episode_length               41.690    fuel_used                     0.139  │
│  n                          3165.000                                         │
╰──────────────────────────────────────────────────────────────────────────────╯

[0;0H╭──────────────────────────────────────────────────────────────────────────────╮
│  PufferLib 3.0          🐡      CPU:     GPU: 0.0%  DRAM: 21.7%  VRAM: 0.0%  │
│                                235.2%                                        │
│                                                                              │
│  Summary          Value    Evaluate     15s  26%    Losses            Value  │
│  Env       puffer_orbi…      Forwa…     13s  23%    policy_loss      -0.020  │
│  Params          136.5K      Env         0s   0%    value_loss        0.001  │
│  Steps             6.7M      Copy        1s   2%    entropy           0.628  │
│  SPS             111.7K      Misc        0s   0%    old_approx_kl     0.010  │
│  Epoch               51    Train        44s  73%    approx_kl         0.010  │
│  Uptime           1m 3s      Forwa…     18s  30%    clipfrac          0.116  │
│  Remaini…        1m 14s      Learn      24s  41%    importance        1.000  │
│                              Copy        0s   0%    explained_var…    0.857  │
│                              Misc        0s   1%                             │
│                                                                              │
│  User Stats                    Value    User Stats                    Value  │
│  perf                          0.999    episode_return                7.133  │
│  episode_length               40.806    fuel_used                     0.140  │
│  n                          3191.500                                         │
╰──────────────────────────────────────────────────────────────────────────────╯

[0;0H╭──────────────────────────────────────────────────────────────────────────────╮
│  PufferLib 3.0         🐡       CPU:     GPU: 0.0%  DRAM: 21.8%  VRAM: 0.0%  │
│                                234.0%                                        │
│                                                                              │
│  Summary          Value    Evaluate     15s  26%    Losses            Value  │
│  Env       puffer_orbi…      Forwa…     13s  23%    policy_loss      -0.010  │
│  Params          136.5K      Env         0s   0%    value_loss        0.001  │
│  Steps             6.8M      Copy        1s   2%    entropy           0.616  │
│  SPS             109.5K      Misc        0s   0%    old_approx_kl     0.009  │
│  Epoch               52    Train        44s  73%    approx_kl         0.010  │
│  Uptime           1m 4s      Forwa…     18s  30%    clipfrac          0.117  │
│  Remaini…        1m 14s      Learn      24s  41%    importance        1.001  │
│                              Copy        0s   0%    explained_var…    0.890  │
│                              Misc        0s   1%                             │
│                                                                              │
│  User Stats                    Value    User Stats                    Value  │
│  perf                          0.999    episode_return                7.133  │
│  episode_length               40.806    fuel_used                     0.140  │
│  n                          3191.500                                         │
╰──────────────────────────────────────────────────────────────────────────────╯

[0;0H╭──────────────────────────────────────────────────────────────────────────────╮
│  PufferLib 3.0        🐡        CPU:     GPU: 0.0%  DRAM: 21.8%  VRAM: 0.0%  │
│                                235.6%                                        │
│                                                                              │
│  Summary          Value    Evaluate     15s  26%    Losses            Value  │
│  Env       puffer_orbi…      Forwa…     13s  23%    policy_loss       0.004  │
│  Params          136.5K      Env         0s   0%    value_loss        0.001  │
│  Steps             6.9M      Copy        1s   2%    entropy           0.609  │
│  SPS             109.5K      Misc        0s   0%    old_approx_kl     0.008  │
│  Epoch               53    Train        44s  73%    approx_kl         0.009  │
│  Uptime           1m 5s      Forwa…     18s  30%    clipfrac          0.104  │
│  Remaini…        1m 13s      Learn      24s  41%    importance        1.001  │
│                              Copy        0s   0%    explained_var…    0.859  │
│                              Misc        0s   1%                             │
│                                                                              │
│  User Stats                    Value    User Stats                    Value  │
│  perf                          0.999    episode_return                7.142  │
│  episode_length               40.184    fuel_used                     0.140  │
│  n                          3293.500                                         │
╰──────────────────────────────────────────────────────────────────────────────╯

[0;0H╭──────────────────────────────────────────────────────────────────────────────╮
│  PufferLib 3.0       🐡         CPU:     GPU: 0.0%  DRAM: 21.8%  VRAM: 0.0%  │
│                                233.2%                                        │
│                                                                              │
│  Summary          Value    Evaluate     15s  26%    Losses            Value  │
│  Env       puffer_orbi…      Forwa…     13s  23%    policy_loss      -0.008  │
│  Params          136.5K      Env         0s   0%    value_loss        0.001  │
│  Steps             7.1M      Copy        1s   2%    entropy           0.622  │
│  SPS             112.2K      Misc        0s   0%    old_approx_kl     0.010  │
│  Epoch               54    Train        44s  73%    approx_kl         0.009  │
│  Uptime           1m 6s      Forwa…     18s  30%    clipfrac          0.111  │
│  Remaini…        1m 10s      Learn      24s  41%    importance        0.999  │
│                              Copy        0s   0%    explained_var…    0.835  │
│                              Misc        0s   1%                             │
│                                                                              │
│  User Stats                    Value    User Stats                    Value  │
│  perf                          0.999    episode_return                7.142  │
│  episode_length               40.184    fuel_used                     0.140  │
│  n                          3293.500                                         │
╰──────────────────────────────────────────────────────────────────────────────╯

[0;0H╭──────────────────────────────────────────────────────────────────────────────╮
│  PufferLib 3.0      🐡          CPU:     GPU: 0.0%  DRAM: 21.9%  VRAM: 0.0%  │
│                                232.9%                                        │
│                                                                              │
│  Summary          Value    Evaluate     16s  26%    Losses            Value  │
│  Env       puffer_orbi…      Forwa…     14s  23%    policy_loss      -0.011  │
│  Params          136.5K      Env         0s   0%    value_loss        0.001  │
│  Steps             7.2M      Copy        1s   2%    entropy           0.608  │
│  SPS             110.2K      Misc        0s   0%    old_approx_kl     0.009  │
│  Epoch               55    Train        48s  73%    approx_kl         0.009  │
│  Uptime           1m 8s      Forwa…     20s  30%    clipfrac          0.106  │
│  Remaini…        1m 10s      Learn      26s  41%    importance        1.000  │
│                              Copy        0s   0%    explained_var…    0.864  │
│                              Misc        1s   1%                             │
│                                                                              │
│  User Stats                    Value    User Stats                    Value  │
│  perf                          1.000    episode_return                7.141  │
│  episode_length               39.118    fuel_used                     0.140  │
│  n                          3365.500                                         │
╰──────────────────────────────────────────────────────────────────────────────╯

[0;0H╭──────────────────────────────────────────────────────────────────────────────╮
│  PufferLib 3.0     🐡           CPU:     GPU: 0.0%  DRAM: 21.9%  VRAM: 0.0%  │
│                                235.6%                                        │
│                                                                              │
│  Summary          Value    Evaluate     16s  26%    Losses            Value  │
│  Env       puffer_orbi…      Forwa…     14s  23%    policy_loss       0.000  │
│  Params          136.5K      Env         0s   0%    value_loss        0.000  │
│  Steps             7.3M      Copy        1s   2%    entropy           0.600  │
│  SPS             106.5K      Misc        0s   0%    old_approx_kl     0.010  │
│  Epoch               56    Train        48s  73%    approx_kl         0.010  │
│  Uptime           1m 9s      Forwa…     20s  30%    clipfrac          0.111  │
│  Remaini…        1m 11s      Learn      26s  40%    importance        1.000  │
│                              Copy        0s   0%    explained_var…    0.869  │
│                              Misc        1s   1%                             │
│                                                                              │
│  User Stats                    Value    User Stats                    Value  │
│  perf                          1.000    episode_return                7.141  │
│  episode_length               39.118    fuel_used                     0.140  │
│  n                          3365.500                                         │
╰──────────────────────────────────────────────────────────────────────────────╯

[0;0H╭──────────────────────────────────────────────────────────────────────────────╮
│  PufferLib 3.0    🐡            CPU:     GPU: 0.0%  DRAM: 22.0%  VRAM: 0.0%  │
│                                236.7%                                        │
│                                                                              │
│  Summary          Value    Evaluate     16s  26%    Losses            Value  │
│  Env       puffer_orbi…      Forwa…     14s  23%    policy_loss      -0.010  │
│  Params          136.5K      Env         0s   0%    value_loss        0.001  │
│  Steps             7.5M      Copy        1s   2%    entropy           0.597  │
│  SPS             109.2K      Misc        0s   0%    old_approx_kl     0.010  │
│  Epoch               57    Train        48s  73%    approx_kl         0.010  │
│  Uptime          1m 10s      Forwa…     20s  30%    clipfrac          0.118  │
│  Remaini…         1m 8s      Learn      26s  40%    importance        1.000  │
│                              Copy        0s   0%    explained_var…    0.859  │
│                              Misc        1s   1%                             │
│                                                                              │
│  User Stats                    Value    User Stats                    Value  │
│  perf                          1.000    episode_return                7.113  │
│  episode_length               37.994    fuel_used                     0.140  │
│  n                          3470.000                                         │
╰──────────────────────────────────────────────────────────────────────────────╯

[0;0H╭──────────────────────────────────────────────────────────────────────────────╮
│  PufferLib 3.0   🐡             CPU:     GPU: 0.0%  DRAM: 22.0%  VRAM: 0.0%  │
│                                237.1%                                        │
│                                                                              │
│  Summary          Value    Evaluate     16s  26%    Losses            Value  │
│  Env       puffer_orbi…      Forwa…     14s  23%    policy_loss      -0.016  │
│  Params          136.5K      Env         0s   0%    value_loss        0.000  │
│  Steps             7.6M      Copy        1s   2%    entropy           0.589  │
│  SPS             108.8K      Misc        0s   0%    old_approx_kl     0.008  │
│  Epoch               58    Train        48s  73%    approx_kl         0.008  │
│  Uptime          1m 11s      Forwa…     20s  30%    clipfrac          0.097  │
│  Remaini…         1m 7s      Learn      26s  40%    importance        1.000  │
│                              Copy        0s   0%    explained_var…    0.848  │
│                              Misc        1s   1%                             │
│                                                                              │
│  User Stats                    Value    User Stats                    Value  │
│  perf                          1.000    episode_return                7.113  │
│  episode_length               37.994    fuel_used                     0.140  │
│  n                          3470.000                                         │
╰──────────────────────────────────────────────────────────────────────────────╯

[0;0H╭──────────────────────────────────────────────────────────────────────────────╮
│  PufferLib 3.0  🐡              CPU:     GPU: 0.0%  DRAM: 22.0%  VRAM: 0.0%  │
│                                237.3%                                        │
│                                                                              │
│  Summary          Value    Evaluate     16s  26%    Losses            Value  │
│  Env       puffer_orbi…      Forwa…     14s  23%    policy_loss      -0.029  │
│  Params          136.5K      Env         0s   0%    value_loss        0.001  │
│  Steps             7.7M      Copy        1s   2%    entropy           0.569  │
│  SPS             105.4K      Misc        0s   0%    old_approx_kl     0.009  │
│  Epoch               59    Train        48s  73%    approx_kl         0.009  │
│  Uptime          1m 13s      Forwa…     20s  30%    clipfrac          0.094  │
│  Remaini…         1m 8s      Learn      26s  40%    importance        0.999  │
│                              Copy        0s   0%    explained_var…    0.808  │
│                              Misc        1s   1%                             │
│                                                                              │
│  User Stats                    Value    User Stats                    Value  │
│  perf                          1.000    episode_return                7.051  │
│  episode_length               37.305    fuel_used                     0.140  │
│  n                          3492.000                                         │
╰──────────────────────────────────────────────────────────────────────────────╯

[0;0H╭──────────────────────────────────────────────────────────────────────────────╮
│  PufferLib 3.0 🐡               CPU:     GPU: 0.0%  DRAM: 22.0%  VRAM: 0.0%  │
│                                235.0%                                        │
│                                                                              │
│  Summary          Value    Evaluate     18s  26%    Losses            Value  │
│  Env       puffer_orbi…      Forwa…     16s  23%    policy_loss      -0.026  │
│  Params          136.5K      Env         0s   0%    value_loss        0.001  │
│  Steps             7.9M      Copy        1s   2%    entropy           0.558  │
│  SPS             107.5K      Misc        0s   0%    old_approx_kl     0.010  │
│  Epoch               60    Train        53s  73%    approx_kl         0.010  │
│  Uptime          1m 14s      Forwa…     22s  30%    clipfrac          0.108  │
│  Remaini…         1m 6s      Learn      29s  40%    importance        0.999  │
│                              Copy        0s   0%    explained_var…    0.813  │
│                              Misc        1s   1%                             │
│                                                                              │
│  User Stats                    Value    User Stats                    Value  │
│  perf                          1.000    episode_return                7.051  │
│  episode_length               37.305    fuel_used                     0.140  │
│  n                          3492.000                                         │
╰──────────────────────────────────────────────────────────────────────────────╯

[0;0H╭──────────────────────────────────────────────────────────────────────────────╮
│  PufferLib 3.0          🐡      CPU:     GPU: 0.0%  DRAM: 22.1%  VRAM: 0.0%  │
│                                232.6%                                        │
│                                                                              │
│  Summary          Value    Evaluate     18s  26%    Losses            Value  │
│  Env       puffer_orbi…      Forwa…     16s  22%    policy_loss      -0.001  │
│  Params          136.5K      Env         0s   0%    value_loss        0.000  │
│  Steps             8.0M      Copy        1s   2%    entropy           0.551  │
│  SPS             109.1K      Misc        0s   0%    old_approx_kl     0.010  │
│  Epoch               61    Train        53s  73%    approx_kl         0.009  │
│  Uptime          1m 15s      Forwa…     22s  30%    clipfrac          0.097  │
│  Remaini…         1m 4s      Learn      29s  41%    importance        0.999  │
│                              Copy        0s   0%    explained_var…    0.854  │
│                              Misc        1s   1%                             │
│                                                                              │
│  User Stats                    Value    User Stats                    Value  │
│  perf                          0.999    episode_return                6.927  │
│  episode_length               38.168    fuel_used                     0.141  │
│  n                          3439.500                                         │
╰──────────────────────────────────────────────────────────────────────────────╯

[0;0H╭──────────────────────────────────────────────────────────────────────────────╮
│  PufferLib 3.0         🐡       CPU:     GPU: 0.0%  DRAM: 22.1%  VRAM: 0.0%  │
│                                236.2%                                        │
│                                                                              │
│  Summary          Value    Evaluate     18s  26%    Losses            Value  │
│  Env       puffer_orbi…      Forwa…     16s  22%    policy_loss      -0.024  │
│  Params          136.5K      Env         0s   0%    value_loss        0.001  │
│  Steps             8.1M      Copy        1s   2%    entropy           0.534  │
│  SPS             109.6K      Misc        0s   0%    old_approx_kl     0.008  │
│  Epoch               62    Train        53s  73%    approx_kl         0.008  │
│  Uptime          1m 16s      Forwa…     22s  30%    clipfrac          0.084  │
│  Remaini…         1m 2s      Learn      29s  41%    importance        1.000  │
│                              Copy        0s   0%    explained_var…    0.849  │
│                              Misc        1s   1%                             │
│                                                                              │
│  User Stats                    Value    User Stats                    Value  │
│  perf                          0.999    episode_return                6.927  │
│  episode_length               38.168    fuel_used                     0.141  │
│  n                          3439.500                                         │
╰──────────────────────────────────────────────────────────────────────────────╯

[0;0H╭──────────────────────────────────────────────────────────────────────────────╮
│  PufferLib 3.0        🐡        CPU:     GPU: 0.0%  DRAM: 22.2%  VRAM: 0.0%  │
│                                237.6%                                        │
│                                                                              │
│  Summary          Value    Evaluate     18s  26%    Losses            Value  │
│  Env       puffer_orbi…      Forwa…     16s  22%    policy_loss      -0.005  │
│  Params          136.5K      Env         0s   0%    value_loss        0.000  │
│  Steps             8.3M      Copy        1s   2%    entropy           0.526  │
│  SPS             107.3K      Misc        0s   0%    old_approx_kl     0.008  │
│  Epoch               63    Train        53s  73%    approx_kl         0.007  │
│  Uptime          1m 17s      Forwa…     22s  30%    clipfrac          0.085  │
│  Remaini…         1m 2s      Learn      29s  41%    importance        0.999  │
│                              Copy        0s   0%    explained_var…    0.873  │
│                              Misc        1s   1%                             │
│                                                                              │
│  User Stats                    Value    User Stats                    Value  │
│  perf                          1.000    episode_return                6.937  │
│  episode_length               36.670    fuel_used                     0.141  │
│  n                          3576.000                                         │
╰──────────────────────────────────────────────────────────────────────────────╯

[0;0H╭──────────────────────────────────────────────────────────────────────────────╮
│  PufferLib 3.0       🐡         CPU:     GPU: 0.0%  DRAM: 22.2%  VRAM: 0.0%  │
│                                238.1%                                        │
│                                                                              │
│  Summary          Value    Evaluate     18s  26%    Losses            Value  │
│  Env       puffer_orbi…      Forwa…     16s  22%    policy_loss      -0.009  │
│  Params          136.5K      Env         0s   0%    value_loss        0.000  │
│  Steps             8.4M      Copy        1s   2%    entropy           0.520  │
│  SPS             106.8K      Misc        0s   0%    old_approx_kl     0.007  │
│  Epoch               64    Train        53s  73%    approx_kl         0.007  │
│  Uptime          1m 19s      Forwa…     22s  30%    clipfrac          0.076  │
│  Remaini…         1m 1s      Learn      29s  41%    importance        1.000  │
│                              Copy        0s   0%    explained_var…    0.864  │
│                              Misc        1s   1%                             │
│                                                                              │
│  User Stats                    Value    User Stats                    Value  │
│  perf                          1.000    episode_return                6.937  │
│  episode_length               36.670    fuel_used                     0.141  │
│  n                          3576.000                                         │
╰──────────────────────────────────────────────────────────────────────────────╯

[0;0H╭──────────────────────────────────────────────────────────────────────────────╮
│  PufferLib 3.0      🐡          CPU:     GPU: 0.0%  DRAM: 22.3%  VRAM: 0.0%  │
│                                237.8%                                        │
│                                                                              │
│  Summary          Value    Evaluate     20s  26%    Losses            Value  │
│  Env       puffer_orbi…      Forwa…     17s  22%    policy_loss      -0.033  │
│  Params          136.5K      Env         0s   0%    value_loss        0.001  │
│  Steps             8.5M      Copy        1s   2%    entropy           0.511  │
│  SPS             107.3K      Misc        0s   0%    old_approx_kl     0.007  │
│  Epoch               65    Train        57s  73%    approx_kl         0.007  │
│  Uptime          1m 20s      Forwa…     23s  30%    clipfrac          0.081  │
│  Remaini…         1m 0s      Learn      31s  41%    importance        1.000  │
│                              Copy        0s   0%    explained_var…    0.853  │
│                              Misc        1s   1%                             │
│                                                                              │
│  User Stats                    Value    User Stats                    Value  │
│  perf                          1.000    episode_return                7.015  │
│  episode_length               35.360    fuel_used                     0.140  │
│  n                          3734.000                                         │
╰──────────────────────────────────────────────────────────────────────────────╯

[0;0H╭──────────────────────────────────────────────────────────────────────────────╮
│  PufferLib 3.0     🐡           CPU:     GPU: 0.0%  DRAM: 22.4%  VRAM: 0.0%  │
│                                236.6%                                        │
│                                                                              │
│  Summary          Value    Evaluate     20s  27%    Losses            Value  │
│  Env       puffer_orbi…      Forwa…     17s  24%    policy_loss      -0.017  │
│  Params          136.5K      Env         0s   1%    value_loss        0.001  │
│  Steps             8.7M      Copy        1s   2%    entropy           0.496  │
│  SPS             109.3K      Misc        0s   0%    old_approx_kl     0.007  │
│  Epoch               66    Train        57s  72%    approx_kl         0.007  │
│  Uptime          1m 21s      Forwa…     23s  29%    clipfrac          0.077  │
│  Remaini…           58s      Learn      31s  40%    importance        1.000  │
│                              Copy        0s   0%    explained_var…    0.850  │
│                              Misc        1s   1%                             │
│                                                                              │
│  User Stats                    Value    User Stats                    Value  │
│  perf                          1.000    episode_return                7.015  │
│  episode_length               35.360    fuel_used                     0.140  │
│  n                          3734.000                                         │
╰──────────────────────────────────────────────────────────────────────────────╯

[0;0H╭──────────────────────────────────────────────────────────────────────────────╮
│  PufferLib 3.0    🐡            CPU:     GPU: 0.0%  DRAM: 22.4%  VRAM: 0.0%  │
│                                238.1%                                        │
│                                                                              │
│  Summary          Value    Evaluate     20s  27%    Losses            Value  │
│  Env       puffer_orbi…      Forwa…     17s  24%    policy_loss      -0.016  │
│  Params          136.5K      Env         0s   1%    value_loss        0.001  │
│  Steps             8.8M      Copy        1s   2%    entropy           0.499  │
│  SPS             108.4K      Misc        0s   0%    old_approx_kl     0.007  │
│  Epoch               67    Train        57s  72%    approx_kl         0.007  │
│  Uptime          1m 22s      Forwa…     23s  29%    clipfrac          0.074  │
│  Remaini…           57s      Learn      31s  40%    importance        0.999  │
│                              Copy        0s   0%    explained_var…    0.849  │
│                              Misc        1s   1%                             │
│                                                                              │
│  User Stats                    Value    User Stats                    Value  │
│  perf                          0.999    episode_return                7.034  │
│  episode_length               34.226    fuel_used                     0.140  │
│  n                          3857.500                                         │
╰──────────────────────────────────────────────────────────────────────────────╯

[0;0H╭──────────────────────────────────────────────────────────────────────────────╮
│  PufferLib 3.0   🐡             CPU:     GPU: 0.0%  DRAM: 22.4%  VRAM: 0.0%  │
│                                237.2%                                        │
│                                                                              │
│  Summary          Value    Evaluate     20s  27%    Losses            Value  │
│  Env       puffer_orbi…      Forwa…     17s  24%    policy_loss      -0.010  │
│  Params          136.5K      Env         0s   1%    value_loss        0.000  │
│  Steps             8.9M      Copy        1s   2%    entropy           0.485  │
│  SPS             106.4K      Misc        0s   0%    old_approx_kl     0.008  │
│  Epoch               68    Train        57s  72%    approx_kl         0.007  │
│  Uptime          1m 24s      Forwa…     23s  29%    clipfrac          0.077  │
│  Remaini…           57s      Learn      31s  40%    importance        1.000  │
│                              Copy        0s   0%    explained_var…    0.882  │
│                              Misc        1s   1%                             │
│                                                                              │
│  User Stats                    Value    User Stats                    Value  │
│  perf                          0.999    episode_return                7.034  │
│  episode_length               34.226    fuel_used                     0.140  │
│  n                          3857.500                                         │
╰──────────────────────────────────────────────────────────────────────────────╯

[0;0H╭──────────────────────────────────────────────────────────────────────────────╮
│  PufferLib 3.0  🐡              CPU:     GPU: 0.0%  DRAM: 22.4%  VRAM: 0.0%  │
│                                240.9%                                        │
│                                                                              │
│  Summary          Value    Evaluate     20s  27%    Losses            Value  │
│  Env       puffer_orbi…      Forwa…     17s  24%    policy_loss      -0.016  │
│  Params          136.5K      Env         0s   1%    value_loss        0.001  │
│  Steps             9.0M      Copy        1s   2%    entropy           0.463  │
│  SPS             108.1K      Misc        0s   0%    old_approx_kl     0.008  │
│  Epoch               69    Train        57s  72%    approx_kl         0.007  │
│  Uptime          1m 25s      Forwa…     23s  29%    clipfrac          0.077  │
│  Remaini…           55s      Learn      31s  40%    importance        0.999  │
│                              Copy        0s   0%    explained_var…    0.874  │
│                              Misc        1s   1%                             │
│                                                                              │
│  User Stats                    Value    User Stats                    Value  │
│  perf                          1.000    episode_return                7.081  │
│  episode_length               33.452    fuel_used                     0.140  │
│  n                          3937.500                                         │
╰──────────────────────────────────────────────────────────────────────────────╯

[0;0H╭──────────────────────────────────────────────────────────────────────────────╮
│  PufferLib 3.0 🐡               CPU:     GPU: 0.0%  DRAM: 22.4%  VRAM: 0.0%  │
│                                242.1%                                        │
│                                                                              │
│  Summary          Value    Evaluate     21s  27%    Losses            Value  │
│  Env       puffer_orbi…      Forwa…     19s  24%    policy_loss      -0.021  │
│  Params          136.5K      Env         0s   1%    value_loss        0.000  │
│  Steps             9.2M      Copy        1s   2%    entropy           0.458  │
│  SPS             109.0K      Misc        0s   0%    old_approx_kl     0.007  │
│  Epoch               70    Train      1m 2s  72%    approx_kl         0.006  │
│  Uptime          1m 26s      Forwa…     25s  29%    clipfrac          0.074  │
│  Remaini…           53s      Learn      34s  40%    importance        1.000  │
│                              Copy        0s   0%    explained_var…    0.900  │
│                              Misc        1s   1%                             │
│                                                                              │
│  User Stats                    Value    User Stats                    Value  │
│  perf                          1.000    episode_return                7.081  │
│  episode_length               33.452    fuel_used                     0.140  │
│  n                          3937.500                                         │
╰──────────────────────────────────────────────────────────────────────────────╯

[0;0H╭──────────────────────────────────────────────────────────────────────────────╮
│  PufferLib 3.0          🐡      CPU:     GPU: 0.0%  DRAM: 22.4%  VRAM: 0.0%  │
│                                243.0%                                        │
│                                                                              │
│  Summary          Value    Evaluate     21s  25%    Losses            Value  │
│  Env       puffer_orbi…      Forwa…     19s  23%    policy_loss      -0.021  │
│  Params          136.5K      Env         0s   1%    value_loss        0.001  │
│  Steps             9.3M      Copy        1s   1%    entropy           0.443  │
│  SPS             106.8K      Misc        0s   0%    old_approx_kl     0.007  │
│  Epoch               71    Train      1m 2s  74%    approx_kl         0.006  │
│  Uptime          1m 27s      Forwa…     25s  30%    clipfrac          0.073  │
│  Remaini…           53s      Learn      34s  41%    importance        0.999  │
│                              Copy        0s   0%    explained_var…    0.868  │
│                              Misc        1s   1%                             │
│                                                                              │
│  User Stats                    Value    User Stats                    Value  │
│  perf                          0.999    episode_return                7.086  │
│  episode_length               33.123    fuel_used                     0.140  │
│  n                          3945.000                                         │
╰──────────────────────────────────────────────────────────────────────────────╯

[0;0H╭──────────────────────────────────────────────────────────────────────────────╮
│  PufferLib 3.0         🐡       CPU:     GPU: 0.0%  DRAM: 22.5%  VRAM: 0.0%  │
│                                246.1%                                        │
│                                                                              │
│  Summary          Value    Evaluate     21s  25%    Losses            Value  │
│  Env       puffer_orbi…      Forwa…     19s  23%    policy_loss      -0.010  │
│  Params          136.5K      Env         0s   1%    value_loss        0.001  │
│  Steps             9.4M      Copy        1s   1%    entropy           0.435  │
│  SPS              98.6K      Misc        0s   0%    old_approx_kl     0.005  │
│  Epoch               72    Train      1m 2s  74%    approx_kl         0.005  │
│  Uptime          1m 28s      Forwa…     25s  30%    clipfrac          0.061  │
│  Remaini…           56s      Learn      34s  41%    importance        1.000  │
│                              Copy        0s   0%    explained_var…    0.891  │
│                              Misc        1s   1%                             │
│                                                                              │
│  User Stats                    Value    User Stats                    Value  │
│  perf                          0.999    episode_return                7.086  │
│  episode_length               33.123    fuel_used                     0.140  │
│  n                          3945.000                                         │
╰──────────────────────────────────────────────────────────────────────────────╯

[0;0H╭──────────────────────────────────────────────────────────────────────────────╮
│  PufferLib 3.0        🐡        CPU:     GPU: 0.0%  DRAM: 22.4%  VRAM: 0.0%  │
│                                247.1%                                        │
│                                                                              │
│  Summary          Value    Evaluate     21s  25%    Losses            Value  │
│  Env       puffer_orbi…      Forwa…     19s  23%    policy_loss      -0.036  │
│  Params          136.5K      Env         0s   1%    value_loss        0.001  │
│  Steps             9.6M      Copy        1s   1%    entropy           0.438  │
│  SPS             107.4K      Misc        0s   0%    old_approx_kl     0.007  │
│  Epoch               73    Train      1m 2s  74%    approx_kl         0.006  │
│  Uptime          1m 30s      Forwa…     25s  30%    clipfrac          0.071  │
│  Remaini…           50s      Learn      34s  41%    importance        1.000  │
│                              Copy        0s   0%    explained_var…    0.862  │
│                              Misc        1s   1%                             │
│                                                                              │
│  User Stats                    Value    User Stats                    Value  │
│  perf                          0.999    episode_return                7.041  │
│  episode_length               32.813    fuel_used                     0.140  │
│  n                          4021.500                                         │
╰──────────────────────────────────────────────────────────────────────────────╯

[0;0H╭──────────────────────────────────────────────────────────────────────────────╮
│  PufferLib 3.0       🐡         CPU:     GPU: 0.0%  DRAM: 22.3%  VRAM: 0.0%  │
│                                252.0%                                        │
│                                                                              │
│  Summary          Value    Evaluate     21s  25%    Losses            Value  │
│  Env       puffer_orbi…      Forwa…     19s  23%    policy_loss      -0.007  │
│  Params          136.5K      Env         0s   1%    value_loss        0.001  │
│  Steps             9.7M      Copy        1s   1%    entropy           0.431  │
│  SPS             111.0K      Misc        0s   0%    old_approx_kl     0.007  │
│  Epoch               74    Train      1m 2s  74%    approx_kl         0.007  │
│  Uptime          1m 31s      Forwa…     25s  30%    clipfrac          0.067  │
│  Remaini…           47s      Learn      34s  41%    importance        1.000  │
│                              Copy        0s   0%    explained_var…    0.868  │
│                              Misc        1s   1%                             │
│                                                                              │
│  User Stats                    Value    User Stats                    Value  │
│  perf                          0.999    episode_return                7.041  │
│  episode_length               32.813    fuel_used                     0.140  │
│  n                          4021.500                                         │
╰──────────────────────────────────────────────────────────────────────────────╯

[0;0H╭──────────────────────────────────────────────────────────────────────────────╮
│  PufferLib 3.0      🐡          CPU:     GPU: 0.0%  DRAM: 22.3%  VRAM: 0.0%  │
│                                251.0%                                        │
│                                                                              │
│  Summary          Value    Evaluate     23s  25%    Losses            Value  │
│  Env       puffer_orbi…      Forwa…     20s  23%    policy_loss       0.008  │
│  Params          136.5K      Env         0s   1%    value_loss        0.001  │
│  Steps             9.8M      Copy        1s   1%    entropy           0.431  │
│  SPS             109.3K      Misc        0s   0%    old_approx_kl     0.007  │
│  Epoch               75    Train      1m 6s  74%    approx_kl         0.006  │
│  Uptime          1m 32s      Forwa…     27s  30%    clipfrac          0.069  │
│  Remaini…           47s      Learn      36s  41%    importance        1.000  │
│                              Copy        0s   0%    explained_var…    0.880  │
│                              Misc        1s   1%                             │
│                                                                              │
│  User Stats                    Value    User Stats                    Value  │
│  perf                          0.999    episode_return                7.015  │
│  episode_length               32.356    fuel_used                     0.140  │
│  n                          4052.500                                         │
╰──────────────────────────────────────────────────────────────────────────────╯

[0;0H╭──────────────────────────────────────────────────────────────────────────────╮
│  PufferLib 3.0     🐡           CPU:     GPU: 0.0%  DRAM: 22.3%  VRAM: 0.0%  │
│                                250.5%                                        │
│                                                                              │
│  Summary          Value    Evaluate     23s  25%    Losses            Value  │
│  Env       puffer_orbi…      Forwa…     20s  22%    policy_loss      -0.012  │
│  Params          136.5K      Env         0s   0%    value_loss        0.001  │
│  Steps            10.0M      Copy        1s   2%    entropy           0.429  │
│  SPS             110.8K      Misc        0s   0%    old_approx_kl     0.006  │
│  Epoch               76    Train      1m 6s  74%    approx_kl         0.005  │
│  Uptime          1m 33s      Forwa…     27s  30%    clipfrac          0.065  │
│  Remaini…           45s      Learn      36s  41%    importance        1.000  │
│                              Copy        0s   0%    explained_var…    0.882  │
│                              Misc        1s   1%                             │
│                                                                              │
│  User Stats                    Value    User Stats                    Value  │
│  perf                          0.999    episode_return                7.015  │
│  episode_length               32.356    fuel_used                     0.140  │
│  n                          4052.500                                         │
╰──────────────────────────────────────────────────────────────────────────────╯

[0;0H╭──────────────────────────────────────────────────────────────────────────────╮
│  PufferLib 3.0    🐡            CPU:     GPU: 0.0%  DRAM: 22.3%  VRAM: 0.0%  │
│                                252.1%                                        │
│                                                                              │
│  Summary          Value    Evaluate     23s  25%    Losses            Value  │
│  Env       puffer_orbi…      Forwa…     20s  22%    policy_loss      -0.016  │
│  Params          136.5K      Env         0s   0%    value_loss        0.001  │
│  Steps            10.1M      Copy        1s   2%    entropy           0.427  │
│  SPS             113.0K      Misc        0s   0%    old_approx_kl     0.005  │
│  Epoch               77    Train      1m 6s  74%    approx_kl         0.005  │
│  Uptime          1m 34s      Forwa…     27s  30%    clipfrac          0.060  │
│  Remaini…           43s      Learn      36s  41%    importance        1.001  │
│                              Copy        0s   0%    explained_var…    0.883  │
│                              Misc        1s   1%                             │
│                                                                              │
│  User Stats                    Value    User Stats                    Value  │
│  perf                          1.000    episode_return                7.029  │
│  episode_length               31.840    fuel_used                     0.140  │
│  n                          4126.500                                         │
╰──────────────────────────────────────────────────────────────────────────────╯

[0;0H╭──────────────────────────────────────────────────────────────────────────────╮
│  PufferLib 3.0   🐡             CPU:     GPU: 0.0%  DRAM: 22.2%  VRAM: 0.0%  │
│                                254.2%                                        │
│                                                                              │
│  Summary          Value    Evaluate     23s  25%    Losses            Value  │
│  Env       puffer_orbi…      Forwa…     20s  22%    policy_loss       0.010  │
│  Params          136.5K      Env         0s   0%    value_loss        0.000  │
│  Steps            10.2M      Copy        1s   2%    entropy           0.431  │
│  SPS             109.1K      Misc        0s   0%    old_approx_kl     0.006  │
│  Epoch               78    Train      1m 6s  74%    approx_kl         0.006  │
│  Uptime          1m 36s      Forwa…     27s  30%    clipfrac          0.061  │
│  Remaini…           43s      Learn      36s  41%    importance        1.000  │
│                              Copy        0s   0%    explained_var…    0.877  │
│                              Misc        1s   1%                             │
│                                                                              │
│  User Stats                    Value    User Stats                    Value  │
│  perf                          1.000    episode_return                7.029  │
│  episode_length               31.840    fuel_used                     0.140  │
│  n                          4126.500                                         │
╰──────────────────────────────────────────────────────────────────────────────╯

[0;0H╭──────────────────────────────────────────────────────────────────────────────╮
│  PufferLib 3.0  🐡              CPU:     GPU: 0.0%  DRAM: 22.1%  VRAM: 0.0%  │
│                                252.2%                                        │
│                                                                              │
│  Summary          Value    Evaluate     23s  25%    Losses            Value  │
│  Env       puffer_orbi…      Forwa…     20s  22%    policy_loss       0.000  │
│  Params          136.5K      Env         0s   0%    value_loss        0.000  │
│  Steps            10.4M      Copy        1s   2%    entropy           0.438  │
│  SPS             111.0K      Misc        0s   0%    old_approx_kl     0.005  │
│  Epoch               79    Train      1m 6s  74%    approx_kl         0.005  │
│  Uptime          1m 37s      Forwa…     27s  30%    clipfrac          0.064  │
│  Remaini…           41s      Learn      36s  41%    importance        1.000  │
│                              Copy        0s   0%    explained_var…    0.883  │
│                              Misc        1s   1%                             │
│                                                                              │
│  User Stats                    Value    User Stats                    Value  │
│  perf                          1.000    episode_return                7.016  │
│  episode_length               31.560    fuel_used                     0.140  │
│  n                          4161.500                                         │
╰──────────────────────────────────────────────────────────────────────────────╯

[0;0H╭──────────────────────────────────────────────────────────────────────────────╮
│  PufferLib 3.0 🐡               CPU:     GPU: 0.0%  DRAM: 21.8%  VRAM: 0.0%  │
│                                254.6%                                        │
│                                                                              │
│  Summary          Value    Evaluate     24s  25%    Losses            Value  │
│  Env       puffer_orbi…      Forwa…     21s  22%    policy_loss      -0.003  │
│  Params          136.5K      Env         0s   0%    value_loss        0.000  │
│  Steps            10.5M      Copy        1s   2%    entropy           0.445  │
│  SPS             113.0K      Misc        0s   0%    old_approx_kl     0.005  │
│  Epoch               80    Train     1m 10s  74%    approx_kl         0.005  │
│  Uptime          1m 38s      Forwa…     29s  30%    clipfrac          0.066  │
│  Remaini…           39s      Learn      39s  41%    importance        1.000  │
│                              Copy        0s   0%    explained_var…    0.894  │
│                              Misc        1s   1%                             │
│                                                                              │
│  User Stats                    Value    User Stats                    Value  │
│  perf                          1.000    episode_return                7.016  │
│  episode_length               31.560    fuel_used                     0.140  │
│  n                          4161.500                                         │
╰──────────────────────────────────────────────────────────────────────────────╯

[0;0H╭──────────────────────────────────────────────────────────────────────────────╮
│  PufferLib 3.0          🐡      CPU:     GPU: 0.0%  DRAM: 21.6%  VRAM: 0.0%  │
│                                260.2%                                        │
│                                                                              │
│  Summary          Value    Evaluate     24s  25%    Losses            Value  │
│  Env       puffer_orbi…      Forwa…     21s  22%    policy_loss       0.002  │
│  Params          136.5K      Env         0s   0%    value_loss        0.000  │
│  Steps            10.6M      Copy        1s   1%    entropy           0.441  │
│  SPS             108.7K      Misc        0s   0%    old_approx_kl     0.004  │
│  Epoch               81    Train     1m 10s  74%    approx_kl         0.004  │
│  Uptime          1m 39s      Forwa…     29s  30%    clipfrac          0.053  │
│  Remaini…           40s      Learn      39s  41%    importance        1.000  │
│                              Copy        0s   0%    explained_var…    0.885  │
│                              Misc        1s   1%                             │
│                                                                              │
│  User Stats                    Value    User Stats                    Value  │
│  perf                          1.000    episode_return                7.019  │
│  episode_length               31.307    fuel_used                     0.140  │
│  n                          4194.000                                         │
╰──────────────────────────────────────────────────────────────────────────────╯

[0;0H╭──────────────────────────────────────────────────────────────────────────────╮
│  PufferLib 3.0         🐡       CPU:     GPU: 0.0%  DRAM: 21.6%  VRAM: 0.0%  │
│                                268.5%                                        │
│                                                                              │
│  Summary          Value    Evaluate     24s  25%    Losses            Value  │
│  Env       puffer_orbi…      Forwa…     21s  22%    policy_loss      -0.008  │
│  Params          136.5K      Env         0s   0%    value_loss        0.000  │
│  Steps            10.7M      Copy        1s   1%    entropy           0.444  │
│  SPS             101.4K      Misc        0s   0%    old_approx_kl     0.005  │
│  Epoch               82    Train     1m 10s  74%    approx_kl         0.005  │
│  Uptime          1m 41s      Forwa…     29s  30%    clipfrac          0.059  │
│  Remaini…           41s      Learn      39s  41%    importance        1.000  │
│                              Copy        0s   0%    explained_var…    0.867  │
│                              Misc        1s   1%                             │
│                                                                              │
│  User Stats                    Value    User Stats                    Value  │
│  perf                          1.000    episode_return                7.019  │
│  episode_length               31.307    fuel_used                     0.140  │
│  n                          4194.000                                         │
╰──────────────────────────────────────────────────────────────────────────────╯

[0;0H╭──────────────────────────────────────────────────────────────────────────────╮
│  PufferLib 3.0        🐡        CPU:     GPU: 0.0%  DRAM: 21.5%  VRAM: 0.0%  │
│                                273.7%                                        │
│                                                                              │
│  Summary          Value    Evaluate     24s  25%    Losses            Value  │
│  Env       puffer_orbi…      Forwa…     21s  22%    policy_loss       0.000  │
│  Params          136.5K      Env         0s   0%    value_loss        0.000  │
│  Steps            10.9M      Copy        1s   1%    entropy           0.440  │
│  SPS             103.8K      Misc        0s   0%    old_approx_kl     0.004  │
│  Epoch               83    Train     1m 10s  74%    approx_kl         0.004  │
│  Uptime          1m 42s      Forwa…     29s  30%    clipfrac          0.046  │
│  Remaini…           39s      Learn      39s  41%    importance        1.000  │
│                              Copy        0s   0%    explained_var…    0.888  │
│                              Misc        1s   1%                             │
│                                                                              │
│  User Stats                    Value    User Stats                    Value  │
│  perf                          1.000    episode_return                6.958  │
│  episode_length               31.265    fuel_used                     0.140  │
│  n                          4174.000                                         │
╰──────────────────────────────────────────────────────────────────────────────╯

[0;0H╭──────────────────────────────────────────────────────────────────────────────╮
│  PufferLib 3.0       🐡         CPU:     GPU: 0.0%  DRAM: 21.3%  VRAM: 0.0%  │
│                                277.5%                                        │
│                                                                              │
│  Summary          Value    Evaluate     24s  25%    Losses            Value  │
│  Env       puffer_orbi…      Forwa…     21s  22%    policy_loss      -0.001  │
│  Params          136.5K      Env         0s   0%    value_loss        0.000  │
│  Steps            11.0M      Copy        1s   1%    entropy           0.437  │
│  SPS             106.9K      Misc        0s   0%    old_approx_kl     0.004  │
│  Epoch               84    Train     1m 10s  74%    approx_kl         0.004  │
│  Uptime          1m 43s      Forwa…     29s  30%    clipfrac          0.046  │
│  Remaini…           37s      Learn      39s  41%    importance        1.000  │
│                              Copy        0s   0%    explained_var…    0.887  │
│                              Misc        1s   1%                             │
│                                                                              │
│  User Stats                    Value    User Stats                    Value  │
│  perf                          1.000    episode_return                6.958  │
│  episode_length               31.265    fuel_used                     0.140  │
│  n                          4174.000                                         │
╰──────────────────────────────────────────────────────────────────────────────╯

[0;0H╭──────────────────────────────────────────────────────────────────────────────╮
│  PufferLib 3.0      🐡          CPU:     GPU: 0.0%  DRAM: 21.2%  VRAM: 0.0%  │
│                                275.7%                                        │
│                                                                              │
│  Summary          Value    Evaluate     26s  25%    Losses            Value  │
│  Env       puffer_orbi…      Forwa…     23s  22%    policy_loss      -0.016  │
│  Params          136.5K      Env         0s   0%    value_loss        0.000  │
│  Steps            11.1M      Copy        2s   1%    entropy           0.442  │
│  SPS             105.3K      Misc        0s   0%    old_approx_kl     0.003  │
│  Epoch               85    Train     1m 15s  74%    approx_kl         0.004  │
│  Uptime          1m 44s      Forwa…     31s  30%    clipfrac          0.043  │
│  Remaini…           36s      Learn      41s  41%    importance        1.000  │
│                              Copy        0s   0%    explained_var…    0.861  │
│                              Misc        1s   1%                             │
│                                                                              │
│  User Stats                    Value    User Stats                    Value  │
│  perf                          1.000    episode_return                6.931  │
│  episode_length               31.271    fuel_used                     0.141  │
│  n                          4204.000                                         │
╰──────────────────────────────────────────────────────────────────────────────╯

[0;0H╭──────────────────────────────────────────────────────────────────────────────╮
│  PufferLib 3.0     🐡           CPU:     GPU: 0.0%  DRAM: 21.1%  VRAM: 0.0%  │
│                                277.4%                                        │
│                                                                              │
│  Summary          Value    Evaluate     26s  25%    Losses            Value  │
│  Env       puffer_orbi…      Forwa…     23s  22%    policy_loss      -0.023  │
│  Params          136.5K      Env         0s   0%    value_loss        0.001  │
│  Steps            11.3M      Copy        2s   2%    entropy           0.441  │
│  SPS             104.3K      Misc        0s   0%    old_approx_kl     0.004  │
│  Epoch               86    Train     1m 15s  74%    approx_kl         0.003  │
│  Uptime          1m 46s      Forwa…     31s  30%    clipfrac          0.042  │
│  Remaini…           35s      Learn      41s  41%    importance        1.000  │
│                              Copy        0s   0%    explained_var…    0.862  │
│                              Misc        1s   1%                             │
│                                                                              │
│  User Stats                    Value    User Stats                    Value  │
│  perf                          1.000    episode_return                6.931  │
│  episode_length               31.271    fuel_used                     0.141  │
│  n                          4204.000                                         │
╰──────────────────────────────────────────────────────────────────────────────╯

[0;0H╭──────────────────────────────────────────────────────────────────────────────╮
│  PufferLib 3.0    🐡            CPU:     GPU: 0.0%  DRAM: 21.0%  VRAM: 0.0%  │
│                                277.0%                                        │
│                                                                              │
│  Summary          Value    Evaluate     26s  25%    Losses            Value  │
│  Env       puffer_orbi…      Forwa…     23s  22%    policy_loss      -0.014  │
│  Params          136.5K      Env         0s   0%    value_loss        0.000  │
│  Steps            11.4M      Copy        2s   2%    entropy           0.437  │
│  SPS             106.3K      Misc        0s   0%    old_approx_kl     0.004  │
│  Epoch               87    Train     1m 15s  74%    approx_kl         0.004  │
│  Uptime          1m 47s      Forwa…     31s  30%    clipfrac          0.043  │
│  Remaini…           33s      Learn      41s  41%    importance        1.000  │
│                              Copy        0s   0%    explained_var…    0.869  │
│                              Misc        1s   1%                             │
│                                                                              │
│  User Stats                    Value    User Stats                    Value  │
│  perf                          1.000    episode_return                6.894  │
│  episode_length               31.280    fuel_used                     0.141  │
│  n                          4182.500                                         │
╰──────────────────────────────────────────────────────────────────────────────╯

[0;0H╭──────────────────────────────────────────────────────────────────────────────╮
│  PufferLib 3.0   🐡             CPU:     GPU: 0.0%  DRAM: 20.7%  VRAM: 0.0%  │
│                                275.5%                                        │
│                                                                              │
│  Summary          Value    Evaluate     26s  25%    Losses            Value  │
│  Env       puffer_orbi…      Forwa…     23s  22%    policy_loss      -0.011  │
│  Params          136.5K      Env         0s   0%    value_loss        0.000  │
│  Steps            11.5M      Copy        2s   2%    entropy           0.440  │
│  SPS             105.7K      Misc        0s   0%    old_approx_kl     0.003  │
│  Epoch               88    Train     1m 15s  74%    approx_kl         0.003  │
│  Uptime          1m 48s      Forwa…     31s  30%    clipfrac          0.034  │
│  Remaini…           32s      Learn      41s  41%    importance        1.000  │
│                              Copy        0s   0%    explained_var…    0.890  │
│                              Misc        1s   1%                             │
│                                                                              │
│  User Stats                    Value    User Stats                    Value  │
│  perf                          1.000    episode_return                6.894  │
│  episode_length               31.280    fuel_used                     0.141  │
│  n                          4182.500                                         │
╰──────────────────────────────────────────────────────────────────────────────╯

[0;0H╭──────────────────────────────────────────────────────────────────────────────╮
│  PufferLib 3.0  🐡              CPU:     GPU: 0.0%  DRAM: 20.7%  VRAM: 0.0%  │
│                                273.9%                                        │
│                                                                              │
│  Summary          Value    Evaluate     26s  25%    Losses            Value  │
│  Env       puffer_orbi…      Forwa…     23s  22%    policy_loss      -0.022  │
│  Params          136.5K      Env         0s   0%    value_loss        0.001  │
│  Steps            11.7M      Copy        2s   2%    entropy           0.435  │
│  SPS             104.0K      Misc        0s   0%    old_approx_kl     0.003  │
│  Epoch               89    Train     1m 15s  74%    approx_kl         0.003  │
│  Uptime          1m 49s      Forwa…     31s  30%    clipfrac          0.032  │
│  Remaini…           32s      Learn      41s  41%    importance        1.000  │
│                              Copy        0s   0%    explained_var…    0.903  │
│                              Misc        1s   1%                             │
│                                                                              │
│  User Stats                    Value    User Stats                    Value  │
│  perf                          1.000    episode_return                6.879  │
│  episode_length               31.326    fuel_used                     0.141  │
│  n                          4193.000                                         │
╰──────────────────────────────────────────────────────────────────────────────╯

[0;0H╭──────────────────────────────────────────────────────────────────────────────╮
│  PufferLib 3.0 🐡               CPU:     GPU: 0.0%  DRAM: 20.6%  VRAM: 0.0%  │
│                                272.5%                                        │
│                                                                              │
│  Summary          Value    Evaluate     27s  25%    Losses            Value  │
│  Env       puffer_orbi…      Forwa…     24s  22%    policy_loss      -0.006  │
│  Params          136.5K      Env         0s   0%    value_loss        0.000  │
│  Steps            11.8M      Copy        2s   2%    entropy           0.427  │
│  SPS             104.7K      Misc        0s   0%    old_approx_kl     0.003  │
│  Epoch               90    Train     1m 20s  74%    approx_kl         0.003  │
│  Uptime          1m 51s      Forwa…     33s  30%    clipfrac          0.034  │
│  Remaini…           30s      Learn      44s  41%    importance        1.000  │
│                              Copy        0s   0%    explained_var…    0.880  │
│                              Misc        1s   1%                             │
│                                                                              │
│  User Stats                    Value    User Stats                    Value  │
│  perf                          1.000    episode_return                6.879  │
│  episode_length               31.326    fuel_used                     0.141  │
│  n                          4193.000                                         │
╰──────────────────────────────────────────────────────────────────────────────╯

[0;0H╭──────────────────────────────────────────────────────────────────────────────╮
│  PufferLib 3.0          🐡      CPU:     GPU: 0.0%  DRAM: 20.4%  VRAM: 0.0%  │
│                                274.5%                                        │
│                                                                              │
│  Summary          Value    Evaluate     27s  25%    Losses            Value  │
│  Env       puffer_orbi…      Forwa…     24s  23%    policy_loss      -0.009  │
│  Params          136.5K      Env         0s   0%    value_loss        0.000  │
│  Steps            11.9M      Copy        2s   2%    entropy           0.429  │
│  SPS             104.6K      Misc        0s   0%    old_approx_kl     0.002  │
│  Epoch               91    Train     1m 20s  74%    approx_kl         0.002  │
│  Uptime          1m 52s      Forwa…     33s  30%    clipfrac          0.029  │
│  Remaini…           29s      Learn      44s  41%    importance        1.000  │
│                              Copy        0s   0%    explained_var…    0.872  │
│                              Misc        1s   1%                             │
│                                                                              │
│  User Stats                    Value    User Stats                    Value  │
│  perf                          1.000    episode_return                6.904  │
│  episode_length               30.916    fuel_used                     0.141  │
│  n                          4234.500                                         │
╰──────────────────────────────────────────────────────────────────────────────╯

[0;0H╭──────────────────────────────────────────────────────────────────────────────╮
│  PufferLib 3.0         🐡       CPU:     GPU: 0.0%  DRAM: 20.2%  VRAM: 0.0%  │
│                                276.1%                                        │
│                                                                              │
│  Summary          Value    Evaluate     27s  25%    Losses            Value  │
│  Env       puffer_orbi…      Forwa…     24s  23%    policy_loss      -0.001  │
│  Params          136.5K      Env         0s   0%    value_loss        0.001  │
│  Steps            12.1M      Copy        2s   2%    entropy           0.432  │
│  SPS             104.1K      Misc        0s   0%    old_approx_kl     0.003  │
│  Epoch               92    Train     1m 20s  74%    approx_kl         0.003  │
│  Uptime          1m 53s      Forwa…     33s  30%    clipfrac          0.033  │
│  Remaini…           28s      Learn      44s  41%    importance        0.999  │
│                              Copy        0s   0%    explained_var…    0.871  │
│                              Misc        1s   1%                             │
│                                                                              │
│  User Stats                    Value    User Stats                    Value  │
│  perf                          1.000    episode_return                6.904  │
│  episode_length               30.916    fuel_used                     0.141  │
│  n                          4234.500                                         │
╰──────────────────────────────────────────────────────────────────────────────╯

[0;0H╭──────────────────────────────────────────────────────────────────────────────╮
│  PufferLib 3.0        🐡        CPU:     GPU: 0.0%  DRAM: 20.1%  VRAM: 0.0%  │
│                                276.9%                                        │
│                                                                              │
│  Summary          Value    Evaluate     27s  25%    Losses            Value  │
│  Env       puffer_orbi…      Forwa…     24s  23%    policy_loss      -0.007  │
│  Params          136.5K      Env         0s   0%    value_loss        0.000  │
│  Steps            12.2M      Copy        2s   2%    entropy           0.434  │
│  SPS             104.5K      Misc        0s   0%    old_approx_kl     0.002  │
│  Epoch               93    Train     1m 20s  74%    approx_kl         0.002  │
│  Uptime          1m 54s      Forwa…     33s  30%    clipfrac          0.032  │
│  Remaini…           26s      Learn      44s  41%    importance        1.000  │
│                              Copy        0s   0%    explained_var…    0.861  │
│                              Misc        1s   1%                             │
│                                                                              │
│  User Stats                    Value    User Stats                    Value  │
│  perf                          1.000    episode_return                6.905  │
│  episode_length               30.993    fuel_used                     0.141  │
│  n                          4242.500                                         │
╰──────────────────────────────────────────────────────────────────────────────╯

[0;0H╭──────────────────────────────────────────────────────────────────────────────╮
│  PufferLib 3.0       🐡         CPU:     GPU: 0.0%  DRAM: 20.0%  VRAM: 0.0%  │
│                                276.4%                                        │
│                                                                              │
│  Summary          Value    Evaluate     27s  25%    Losses            Value  │
│  Env       puffer_orbi…      Forwa…     24s  23%    policy_loss      -0.038  │
│  Params          136.5K      Env         0s   0%    value_loss        0.001  │
│  Steps            12.3M      Copy        2s   2%    entropy           0.437  │
│  SPS             104.5K      Misc        0s   0%    old_approx_kl     0.002  │
│  Epoch               94    Train     1m 20s  74%    approx_kl         0.002  │
│  Uptime          1m 56s      Forwa…     33s  30%    clipfrac          0.023  │
│  Remaini…           25s      Learn      44s  41%    importance        1.000  │
│                              Copy        0s   0%    explained_var…    0.796  │
│                              Misc        1s   1%                             │
│                                                                              │
│  User Stats                    Value    User Stats                    Value  │
│  perf                          1.000    episode_return                6.905  │
│  episode_length               30.993    fuel_used                     0.141  │
│  n                          4242.500                                         │
╰──────────────────────────────────────────────────────────────────────────────╯

[0;0H╭──────────────────────────────────────────────────────────────────────────────╮
│  PufferLib 3.0      🐡          CPU:     GPU: 0.0%  DRAM: 20.0%  VRAM: 0.0%  │
│                                276.4%                                        │
│                                                                              │
│  Summary          Value    Evaluate     29s  25%    Losses            Value  │
│  Env       puffer_orbi…      Forwa…     26s  23%    policy_loss      -0.014  │
│  Params          136.5K      Env         0s   0%    value_loss        0.000  │
│  Steps            12.5M      Copy        2s   2%    entropy           0.439  │
│  SPS             104.5K      Misc        0s   0%    old_approx_kl     0.002  │
│  Epoch               95    Train     1m 24s  74%    approx_kl         0.002  │
│  Uptime          1m 57s      Forwa…     35s  30%    clipfrac          0.025  │
│  Remaini…           24s      Learn      47s  41%    importance        1.000  │
│                              Copy        0s   0%    explained_var…    0.830  │
│                              Misc        1s   1%                             │
│                                                                              │
│  User Stats                    Value    User Stats                    Value  │
│  perf                          0.999    episode_return                6.828  │
│  episode_length               31.319    fuel_used                     0.141  │
│  n                          4159.500                                         │
╰──────────────────────────────────────────────────────────────────────────────╯

[0;0H╭──────────────────────────────────────────────────────────────────────────────╮
│  PufferLib 3.0     🐡           CPU:     GPU: 0.0%  DRAM: 19.9%  VRAM: 0.0%  │
│                                274.5%                                        │
│                                                                              │
│  Summary          Value    Evaluate     29s  25%    Losses            Value  │
│  Env       puffer_orbi…      Forwa…     26s  22%    policy_loss      -0.034  │
│  Params          136.5K      Env         0s   0%    value_loss        0.001  │
│  Steps            12.6M      Copy        2s   2%    entropy           0.448  │
│  SPS             105.0K      Misc        0s   0%    old_approx_kl     0.002  │
│  Epoch               96    Train     1m 24s  74%    approx_kl         0.002  │
│  Uptime          1m 58s      Forwa…     35s  30%    clipfrac          0.018  │
│  Remaini…           23s      Learn      47s  41%    importance        1.000  │
│                              Copy        0s   0%    explained_var…    0.835  │
│                              Misc        1s   1%                             │
│                                                                              │
│  User Stats                    Value    User Stats                    Value  │
│  perf                          0.999    episode_return                6.828  │
│  episode_length               31.319    fuel_used                     0.141  │
│  n                          4159.500                                         │
╰──────────────────────────────────────────────────────────────────────────────╯

[0;0H╭──────────────────────────────────────────────────────────────────────────────╮
│  PufferLib 3.0    🐡            CPU:     GPU: 0.0%  DRAM: 19.9%  VRAM: 0.0%  │
│                                271.6%                                        │
│                                                                              │
│  Summary          Value    Evaluate     29s  25%    Losses            Value  │
│  Env       puffer_orbi…      Forwa…     26s  22%    policy_loss      -0.022  │
│  Params          136.5K      Env         0s   0%    value_loss        0.001  │
│  Steps            12.7M      Copy        2s   2%    entropy           0.449  │
│  SPS             105.9K      Misc        0s   0%    old_approx_kl     0.001  │
│  Epoch               97    Train     1m 24s  74%    approx_kl         0.001  │
│  Uptime          1m 59s      Forwa…     35s  30%    clipfrac          0.011  │
│  Remaini…           21s      Learn      47s  41%    importance        1.000  │
│                              Copy        0s   0%    explained_var…    0.843  │
│                              Misc        1s   1%                             │
│                                                                              │
│  User Stats                    Value    User Stats                    Value  │
│  perf                          1.000    episode_return                6.865  │
│  episode_length               31.132    fuel_used                     0.141  │
│  n                          4212.500                                         │
╰──────────────────────────────────────────────────────────────────────────────╯

[0;0H╭──────────────────────────────────────────────────────────────────────────────╮
│  PufferLib 3.0   🐡             CPU:     GPU: 0.0%  DRAM: 19.8%  VRAM: 0.0%  │
│                                267.5%                                        │
│                                                                              │
│  Summary          Value    Evaluate     29s  25%    Losses            Value  │
│  Env       puffer_orbi…      Forwa…     26s  22%    policy_loss      -0.022  │
│  Params          136.5K      Env         0s   0%    value_loss        0.001  │
│  Steps            12.8M      Copy        2s   2%    entropy           0.450  │
│  SPS             104.0K      Misc        0s   0%    old_approx_kl     0.001  │
│  Epoch               98    Train     1m 24s  74%    approx_kl         0.001  │
│  Uptime           2m 1s      Forwa…     35s  30%    clipfrac          0.013  │
│  Remaini…           20s      Learn      47s  41%    importance        1.000  │
│                              Copy        0s   0%    explained_var…    0.853  │
│                              Misc        1s   1%                             │
│                                                                              │
│  User Stats                    Value    User Stats                    Value  │
│  perf                          1.000    episode_return                6.865  │
│  episode_length               31.132    fuel_used                     0.141  │
│  n                          4212.500                                         │
╰──────────────────────────────────────────────────────────────────────────────╯

[0;0H╭──────────────────────────────────────────────────────────────────────────────╮
│  PufferLib 3.0  🐡              CPU:     GPU: 0.0%  DRAM: 19.7%  VRAM: 0.0%  │
│                                263.0%                                        │
│                                                                              │
│  Summary          Value    Evaluate     29s  25%    Losses            Value  │
│  Env       puffer_orbi…      Forwa…     26s  22%    policy_loss      -0.037  │
│  Params          136.5K      Env         0s   0%    value_loss        0.001  │
│  Steps            13.0M      Copy        2s   2%    entropy           0.451  │
│  SPS             103.3K      Misc        0s   0%    old_approx_kl     0.002  │
│  Epoch               99    Train     1m 24s  74%    approx_kl         0.001  │
│  Uptime           2m 2s      Forwa…     35s  30%    clipfrac          0.015  │
│  Remaini…           19s      Learn      47s  41%    importance        1.000  │
│                              Copy        0s   0%    explained_var…    0.830  │
│                              Misc        1s   1%                             │
│                                                                              │
│  User Stats                    Value    User Stats                    Value  │
│  perf                          0.999    episode_return                6.860  │
│  episode_length               31.129    fuel_used                     0.141  │
│  n                          4248.000                                         │
╰──────────────────────────────────────────────────────────────────────────────╯

[0;0H╭──────────────────────────────────────────────────────────────────────────────╮
│  PufferLib 3.0 🐡               CPU:     GPU: 0.0%  DRAM: 19.5%  VRAM: 0.0%  │
│                                261.5%                                        │
│                                                                              │
│  Summary          Value    Evaluate     31s  25%    Losses            Value  │
│  Env       puffer_orbi…      Forwa…     27s  22%    policy_loss      -0.034  │
│  Params          136.5K      Env         0s   0%    value_loss        0.001  │
│  Steps            13.1M      Copy        2s   2%    entropy           0.452  │
│  SPS             103.4K      Misc        0s   0%    old_approx_kl     0.001  │
│  Epoch              100    Train     1m 29s  74%    approx_kl         0.001  │
│  Uptime           2m 3s      Forwa…     36s  30%    clipfrac          0.012  │
│  Remaini…           18s      Learn      49s  41%    importance        1.000  │
│                              Copy        0s   0%    explained_var…    0.853  │
│                              Misc        1s   1%                             │
│                                                                              │
│  User Stats                    Value    User Stats                    Value  │
│  perf                          0.999    episode_return                6.860  │
│  episode_length               31.129    fuel_used                     0.141  │
│  n                          4248.000                                         │
╰──────────────────────────────────────────────────────────────────────────────╯

[0;0H╭──────────────────────────────────────────────────────────────────────────────╮
│  PufferLib 3.0          🐡      CPU:     GPU: 0.0%  DRAM: 19.5%  VRAM: 0.0%  │
│                                261.4%                                        │
│                                                                              │
│  Summary          Value    Evaluate     31s  25%    Losses            Value  │
│  Env       puffer_orbi…      Forwa…     27s  23%    policy_loss      -0.019  │
│  Params          136.5K      Env         0s   0%    value_loss        0.001  │
│  Steps            13.2M      Copy        2s   2%    entropy           0.450  │
│  SPS             105.4K      Misc        0s   0%    old_approx_kl     0.001  │
│  Epoch              101    Train     1m 29s  74%    approx_kl         0.001  │
│  Uptime           2m 4s      Forwa…     36s  30%    clipfrac          0.010  │
│  Remaini…           16s      Learn      49s  41%    importance        1.000  │
│                              Copy        0s   0%    explained_var…    0.816  │
│                              Misc        1s   1%                             │
│                                                                              │
│  User Stats                    Value    User Stats                    Value  │
│  perf                          0.999    episode_return                6.878  │
│  episode_length               31.158    fuel_used                     0.141  │
│  n                          4183.500                                         │
╰──────────────────────────────────────────────────────────────────────────────╯

[0;0H╭──────────────────────────────────────────────────────────────────────────────╮
│  PufferLib 3.0         🐡       CPU:     GPU: 0.0%  DRAM: 19.4%  VRAM: 0.0%  │
│                                260.3%                                        │
│                                                                              │
│  Summary          Value    Evaluate     31s  25%    Losses            Value  │
│  Env       puffer_orbi…      Forwa…     27s  23%    policy_loss      -0.017  │
│  Params          136.5K      Env         0s   0%    value_loss        0.000  │
│  Steps            13.4M      Copy        2s   2%    entropy           0.448  │
│  SPS             105.0K      Misc        0s   0%    old_approx_kl     0.001  │
│  Epoch              102    Train     1m 29s  74%    approx_kl         0.001  │
│  Uptime           2m 6s      Forwa…     36s  30%    clipfrac          0.012  │
│  Remaini…           15s      Learn      49s  41%    importance        1.000  │
│                              Copy        0s   0%    explained_var…    0.862  │
│                              Misc        1s   1%                             │
│                                                                              │
│  User Stats                    Value    User Stats                    Value  │
│  perf                          0.999    episode_return                6.878  │
│  episode_length               31.158    fuel_used                     0.141  │
│  n                          4183.500                                         │
╰──────────────────────────────────────────────────────────────────────────────╯

[0;0H╭──────────────────────────────────────────────────────────────────────────────╮
│  PufferLib 3.0        🐡        CPU:     GPU: 0.0%  DRAM: 19.4%  VRAM: 0.0%  │
│                                260.5%                                        │
│                                                                              │
│  Summary          Value    Evaluate     31s  25%    Losses            Value  │
│  Env       puffer_orbi…      Forwa…     27s  23%    policy_loss      -0.020  │
│  Params          136.5K      Env         0s   0%    value_loss        0.001  │
│  Steps            13.5M      Copy        2s   2%    entropy           0.452  │
│  SPS             103.1K      Misc        0s   0%    old_approx_kl     0.001  │
│  Epoch              103    Train     1m 29s  74%    approx_kl         0.001  │
│  Uptime           2m 7s      Forwa…     36s  30%    clipfrac          0.010  │
│  Remaini…           14s      Learn      49s  41%    importance        1.000  │
│                              Copy        0s   0%    explained_var…    0.877  │
│                              Misc        1s   1%                             │
│                                                                              │
│  User Stats                    Value    User Stats                    Value  │
│  perf                          1.000    episode_return                6.881  │
│  episode_length               31.242    fuel_used                     0.141  │
│  n                          4194.000                                         │
╰──────────────────────────────────────────────────────────────────────────────╯

[0;0H╭──────────────────────────────────────────────────────────────────────────────╮
│  PufferLib 3.0       🐡         CPU:     GPU: 0.0%  DRAM: 19.4%  VRAM: 0.0%  │
│                                260.0%                                        │
│                                                                              │
│  Summary          Value    Evaluate     31s  25%    Losses            Value  │
│  Env       puffer_orbi…      Forwa…     27s  23%    policy_loss      -0.028  │
│  Params          136.5K      Env         0s   0%    value_loss        0.001  │
│  Steps            13.6M      Copy        2s   2%    entropy           0.454  │
│  SPS             103.3K      Misc        0s   0%    old_approx_kl     0.001  │
│  Epoch              104    Train     1m 29s  74%    approx_kl         0.001  │
│  Uptime           2m 8s      Forwa…     36s  30%    clipfrac          0.004  │
│  Remaini…           13s      Learn      49s  41%    importance        1.000  │
│                              Copy        0s   0%    explained_var…    0.843  │
│                              Misc        1s   1%                             │
│                                                                              │
│  User Stats                    Value    User Stats                    Value  │
│  perf                          1.000    episode_return                6.881  │
│  episode_length               31.242    fuel_used                     0.141  │
│  n                          4194.000                                         │
╰──────────────────────────────────────────────────────────────────────────────╯

[0;0H╭──────────────────────────────────────────────────────────────────────────────╮
│  PufferLib 3.0      🐡          CPU:     GPU: 0.0%  DRAM: 19.3%  VRAM: 0.0%  │
│                                261.3%                                        │
│                                                                              │
│  Summary          Value    Evaluate     32s  25%    Losses            Value  │
│  Env       puffer_orbi…      Forwa…     29s  23%    policy_loss      -0.021  │
│  Params          136.5K      Env         0s   0%    value_loss        0.001  │
│  Steps            13.8M      Copy        2s   2%    entropy           0.450  │
│  SPS             105.7K      Misc        0s   0%    old_approx_kl     0.001  │
│  Epoch              105    Train     1m 34s  74%    approx_kl         0.001  │
│  Uptime           2m 9s      Forwa…     38s  30%    clipfrac          0.008  │
│  Remaini…           11s      Learn      52s  41%    importance        1.000  │
│                              Copy        0s   0%    explained_var…    0.841  │
│                              Misc        1s   1%                             │
│                                                                              │
│  User Stats                    Value    User Stats                    Value  │
│  perf                          1.000    episode_return                6.886  │
│  episode_length               30.990    fuel_used                     0.141  │
│  n                          4247.000                                         │
╰──────────────────────────────────────────────────────────────────────────────╯

[0;0H╭──────────────────────────────────────────────────────────────────────────────╮
│  PufferLib 3.0     🐡           CPU:     GPU: 0.0%  DRAM: 19.4%  VRAM: 0.0%  │
│                                260.4%                                        │
│                                                                              │
│  Summary          Value    Evaluate     32s  25%    Losses            Value  │
│  Env       puffer_orbi…      Forwa…     29s  22%    policy_loss      -0.009  │
│  Params          136.5K      Env         0s   0%    value_loss        0.000  │
│  Steps            13.9M      Copy        2s   2%    entropy           0.453  │
│  SPS             103.1K      Misc        0s   0%    old_approx_kl     0.000  │
│  Epoch              106    Train     1m 34s  74%    approx_kl         0.001  │
│  Uptime          2m 11s      Forwa…     38s  30%    clipfrac          0.005  │
│  Remaini…           10s      Learn      52s  41%    importance        1.000  │
│                              Copy        0s   0%    explained_var…    0.860  │
│                              Misc        1s   1%                             │
│                                                                              │
│  User Stats                    Value    User Stats                    Value  │
│  perf                          1.000    episode_return                6.886  │
│  episode_length               30.990    fuel_used                     0.141  │
│  n                          4247.000                                         │
╰──────────────────────────────────────────────────────────────────────────────╯

[0;0H╭──────────────────────────────────────────────────────────────────────────────╮
│  PufferLib 3.0    🐡            CPU:     GPU: 0.0%  DRAM: 19.4%  VRAM: 0.0%  │
│                                260.0%                                        │
│                                                                              │
│  Summary          Value    Evaluate     32s  25%    Losses            Value  │
│  Env       puffer_orbi…      Forwa…     29s  22%    policy_loss      -0.039  │
│  Params          136.5K      Env         0s   0%    value_loss        0.002  │
│  Steps            14.0M      Copy        2s   2%    entropy           0.451  │
│  SPS             101.3K      Misc        0s   0%    old_approx_kl     0.000  │
│  Epoch              107    Train     1m 34s  74%    approx_kl         0.000  │
│  Uptime          2m 12s      Forwa…     38s  30%    clipfrac          0.002  │
│  Remaini…            9s      Learn      52s  41%    importance        1.000  │
│                              Copy        0s   0%    explained_var…    0.803  │
│                              Misc        1s   1%                             │
│                                                                              │
│  User Stats                    Value    User Stats                    Value  │
│  perf                          1.000    episode_return                6.854  │
│  episode_length               31.120    fuel_used                     0.141  │
│  n                          4199.500                                         │
╰──────────────────────────────────────────────────────────────────────────────╯

[0;0H╭──────────────────────────────────────────────────────────────────────────────╮
│  PufferLib 3.0   🐡             CPU:     GPU: 0.0%  DRAM: 19.4%  VRAM: 0.0%  │
│                                261.2%                                        │
│                                                                              │
│  Summary          Value    Evaluate     32s  25%    Losses            Value  │
│  Env       puffer_orbi…      Forwa…     29s  22%    policy_loss      -0.007  │
│  Params          136.5K      Env         0s   0%    value_loss        0.000  │
│  Steps            14.2M      Copy        2s   2%    entropy           0.450  │
│  SPS             102.0K      Misc        0s   0%    old_approx_kl     0.000  │
│  Epoch              108    Train     1m 34s  74%    approx_kl         0.000  │
│  Uptime          2m 13s      Forwa…     38s  30%    clipfrac          0.003  │
│  Remaini…            8s      Learn      52s  41%    importance        1.000  │
│                              Copy        0s   0%    explained_var…    0.851  │
│                              Misc        1s   1%                             │
│                                                                              │
│  User Stats                    Value    User Stats                    Value  │
│  perf                          1.000    episode_return                6.854  │
│  episode_length               31.120    fuel_used                     0.141  │
│  n                          4199.500                                         │
╰──────────────────────────────────────────────────────────────────────────────╯

[0;0H╭──────────────────────────────────────────────────────────────────────────────╮
│  PufferLib 3.0  🐡              CPU:     GPU: 0.0%  DRAM: 19.4%  VRAM: 0.0%  │
│                                261.1%                                        │
│                                                                              │
│  Summary          Value    Evaluate     32s  25%    Losses            Value  │
│  Env       puffer_orbi…      Forwa…     29s  22%    policy_loss      -0.034  │
│  Params          136.5K      Env         0s   0%    value_loss        0.001  │
│  Steps            14.3M      Copy        2s   2%    entropy           0.462  │
│  SPS             104.2K      Misc        0s   0%    old_approx_kl     0.000  │
│  Epoch              109    Train     1m 34s  74%    approx_kl         0.000  │
│  Uptime          2m 15s      Forwa…     38s  30%    clipfrac          0.001  │
│  Remaini…            6s      Learn      52s  41%    importance        1.000  │
│                              Copy        0s   0%    explained_var…    0.809  │
│                              Misc        1s   1%                             │
│                                                                              │
│  User Stats                    Value    User Stats                    Value  │
│  perf                          1.000    episode_return                6.852  │
│  episode_length               30.997    fuel_used                     0.141  │
│  n                          4212.500                                         │
╰──────────────────────────────────────────────────────────────────────────────╯

[0;0H╭──────────────────────────────────────────────────────────────────────────────╮
│  PufferLib 3.0 🐡               CPU:     GPU: 0.0%  DRAM: 19.4%  VRAM: 0.0%  │
│                                259.9%                                        │
│                                                                              │
│  Summary          Value    Evaluate     34s  25%    Losses            Value  │
│  Env       puffer_orbi…      Forwa…     30s  22%    policy_loss      -0.029  │
│  Params          136.5K      Env         0s   0%    value_loss        0.001  │
│  Steps            14.4M      Copy        2s   2%    entropy           0.460  │
│  SPS             102.9K      Misc        0s   0%    old_approx_kl     0.000  │
│  Epoch              110    Train     1m 38s  74%    approx_kl         0.000  │
│  Uptime          2m 16s      Forwa…     40s  30%    clipfrac          0.000  │
│  Remaini…            5s      Learn      55s  41%    importance        1.000  │
│                              Copy        0s   0%    explained_var…    0.838  │
│                              Misc        2s   1%                             │
│                                                                              │
│  User Stats                    Value    User Stats                    Value  │
│  perf                          1.000    episode_return                6.852  │
│  episode_length               30.997    fuel_used                     0.141  │
│  n                          4212.500                                         │
╰──────────────────────────────────────────────────────────────────────────────╯

[0;0H╭──────────────────────────────────────────────────────────────────────────────╮
│  PufferLib 3.0          🐡      CPU:     GPU: 0.0%  DRAM: 19.4%  VRAM: 0.0%  │
│                                259.0%                                        │
│                                                                              │
│  Summary          Value    Evaluate     34s  25%    Losses            Value  │
│  Env       puffer_orbi…      Forwa…     30s  22%    policy_loss      -0.032  │
│  Params          136.5K      Env         0s   0%    value_loss        0.001  │
│  Steps            14.5M      Copy        2s   2%    entropy           0.462  │
│  SPS             102.2K      Misc        0s   0%    old_approx_kl     0.000  │
│  Epoch              111    Train     1m 38s  74%    approx_kl         0.000  │
│  Uptime          2m 17s      Forwa…     40s  29%    clipfrac          0.000  │
│  Remaini…            4s      Learn      55s  42%    importance        1.000  │
│                              Copy        0s   0%    explained_var…    0.813  │
│                              Misc        2s   1%                             │
│                                                                              │
│  User Stats                    Value    User Stats                    Value  │
│  perf                          1.000    episode_return                6.808  │
│  episode_length               31.238    fuel_used                     0.141  │
│  n                          4185.500                                         │
╰──────────────────────────────────────────────────────────────────────────────╯

[0;0H╭──────────────────────────────────────────────────────────────────────────────╮
│  PufferLib 3.0         🐡       CPU:     GPU: 0.0%  DRAM: 19.5%  VRAM: 0.0%  │
│                                259.0%                                        │
│                                                                              │
│  Summary          Value    Evaluate     34s  25%    Losses            Value  │
│  Env       puffer_orbi…      Forwa…     30s  22%    policy_loss      -0.034  │
│  Params          136.5K      Env         0s   0%    value_loss        0.001  │
│  Steps            14.7M      Copy        2s   2%    entropy           0.456  │
│  SPS             105.6K      Misc        0s   0%    old_approx_kl     0.000  │
│  Epoch              112    Train     1m 38s  74%    approx_kl         0.000  │
│  Uptime          2m 18s      Forwa…     40s  29%    clipfrac          0.000  │
│  Remaini…            3s      Learn      55s  42%    importance        1.000  │
│                              Copy        0s   0%    explained_var…    0.813  │
│                              Misc        2s   1%                             │
│                                                                              │
│  User Stats                    Value    User Stats                    Value  │
│  perf                          1.000    episode_return                6.808  │
│  episode_length               31.238    fuel_used                     0.141  │
│  n                          4185.500                                         │
╰──────────────────────────────────────────────────────────────────────────────╯

[0;0H╭──────────────────────────────────────────────────────────────────────────────╮
│  PufferLib 3.0        🐡        CPU:     GPU: 0.0%  DRAM: 19.5%  VRAM: 0.0%  │
│                                258.4%                                        │
│                                                                              │
│  Summary          Value    Evaluate     34s  25%    Losses            Value  │
│  Env       puffer_orbi…      Forwa…     30s  22%    policy_loss       0.005  │
│  Params          136.5K      Env         0s   0%    value_loss        0.000  │
│  Steps            14.8M      Copy        2s   2%    entropy           0.461  │
│  SPS             106.2K      Misc        0s   0%    old_approx_kl     0.000  │
│  Epoch              113    Train     1m 38s  74%    approx_kl         0.000  │
│  Uptime          2m 20s      Forwa…     40s  29%    clipfrac          0.000  │
│  Remaini…            1s      Learn      55s  42%    importance        1.000  │
│                              Copy        0s   0%    explained_var…    0.832  │
│                              Misc        2s   1%                             │
│                                                                              │
│  User Stats                    Value    User Stats                    Value  │
│  perf                          1.000    episode_return                6.790  │
│  episode_length               31.365    fuel_used                     0.141  │
│  n                          4192.000                                         │
╰──────────────────────────────────────────────────────────────────────────────╯

[0;0H╭──────────────────────────────────────────────────────────────────────────────╮
│  PufferLib 3.0       🐡         CPU:     GPU: 0.0%  DRAM: 19.5%  VRAM: 0.0%  │
│                                255.3%                                        │
│                                                                              │
│  Summary          Value    Evaluate     34s  25%    Losses            Value  │
│  Env       puffer_orbi…      Forwa…     30s  22%    policy_loss      -0.045  │
│  Params          136.5K      Env         0s   0%    value_loss        0.001  │
│  Steps            14.9M      Copy        2s   2%    entropy           0.456  │
│  SPS             101.8K      Misc        0s   0%    old_approx_kl     0.000  │
│  Epoch              114    Train     1m 38s  74%    approx_kl         0.000  │
│  Uptime          2m 21s      Forwa…     40s  29%    clipfrac          0.000  │
│  Remaini…            0s      Learn      55s  42%    importance        1.000  │
│                              Copy        0s   0%    explained_var…    0.782  │
│                              Misc        2s   1%                             │
│                                                                              │
│  User Stats                    Value    User Stats                    Value  │
│  perf                          1.000    episode_return                6.790  │
│  episode_length               31.365    fuel_used                     0.141  │
│  n                          4192.000                                         │
╰──────────────────────────────────────────────────────────────────────────────╯

[0;0H╭──────────────────────────────────────────────────────────────────────────────╮
│  PufferLib 3.0      🐡          CPU:     GPU: 0.0%  DRAM: 19.5%  VRAM: 0.0%  │
│                                257.3%                                        │
│                                                                              │
│  Summary          Value    Evaluate     35s  25%    Losses            Value  │
│  Env       puffer_orbi…      Forwa…     31s  22%    policy_loss      -0.061  │
│  Params          136.5K      Env         0s   0%    value_loss        0.003  │
│  Steps            15.1M      Copy        2s   2%    entropy           0.459  │
│  SPS             104.2K      Misc        0s   0%    old_approx_kl    -0.000  │
│  Epoch              115    Train     1m 43s  74%    approx_kl         0.000  │
│  Uptime          2m 22s      Forwa…     42s  29%    clipfrac          0.000  │
│  Remaini…            0s      Learn      57s  42%    importance        1.000  │
│                              Copy        0s   0%    explained_var…    0.724  │
│                              Misc        2s   1%                             │
│                                                                              │
│  User Stats                    Value    User Stats                    Value  │
│  perf                          1.000    episode_return                6.805  │
│  episode_length               31.312    fuel_used                     0.141  │
│  n                          4184.500                                         │
╰──────────────────────────────────────────────────────────────────────────────╯

[0;0H╭──────────────────────────────────────────────────────────────────────────────╮
│  PufferLib 3.0     🐡           CPU:     GPU: 0.0%  DRAM: 20.2%  VRAM: 0.0%  │
│                                281.0%                                        │
│                                                                              │
│  Summary          Value    Evaluate     35s  26%    Losses            Value  │
│  Env       puffer_orbi…      Forwa…     31s  22%    policy_loss      -0.061  │
│  Params          136.5K      Env         0s   0%    value_loss        0.003  │
│  Steps            19.4M      Copy        2s   2%    entropy           0.459  │
│  SPS             414.3K      Misc        0s   0%    old_approx_kl    -0.000  │
│  Epoch              115    Train     1m 43s  73%    approx_kl         0.000  │
│  Uptime          2m 33s      Forwa…     42s  29%    clipfrac          0.000  │
│  Remaini…            0s      Learn      57s  41%    importance        1.000  │
│                              Copy        0s   0%    explained_var…    0.724  │
│                              Misc        2s   1%                             │
│                                                                              │
│  User Stats                    Value    User Stats                    Value  │
│  perf                          0.999    episode_return                6.790  │
│  episode_length               31.443    fuel_used                     0.141  │
│  n                          4169.188                                         │
╰──────────────────────────────────────────────────────────────────────────────╯

