cls,nav_seed,component,block,z,rho
TB5-3D,20260815,range,pos,-0.9880699335030809,635474.7387624938
TB5-3D,20260815,range,vel,1.8159793935725543,635474.7387624938
TB5-3D,20260815,range,pos,-1.1532607264512085,709985.916646211
TB5-3D,20260815,range,vel,-0.6938341020328508,709985.916646211
TB5-3D,20260815,range,pos,1.0995144632766847,1256105.6883813727
TB5-3D,20260815,range,vel,-1.2859049498757043,1256105.6883813727
TB5-3D,20260815,range,pos,-0.6652704316930553,559070.8233695411
TB5-3D,20260815,range,vel,1.0474271472296377,559070.8233695411
TB5-3D,20260815,range,pos,-0.7956147284870894,242626.09240159125
TB5-3D,20260815,range,vel,0.6869949115065882,242626.09240159125
TB5-3D,20260815,range,pos,1.508206598727757,710644.9352138697
TB5-3D,20260815,range,vel,-1.5900880129615726,710644.9352138697
TB5-3D,20260815,range,pos,-0.47720667748338946,613311.9267096759
TB5-3D,20260815,range,vel,0.7494387435596761,613311.9267096759
TB5-3D,20260815,range,pos,-0.6167113031412691,117127.48379002069
TB5-3D,20260815,range,vel,0.23027036504199008,117127.48379002069
TB5-3D,20260815,inplane,pos,0.6339952049084836,635474.7387624938
TB5-3D,20260815,inplane,vel,-0.638725295192217,635474.7387624938
TB5-3D,20260815,inplane,pos,-1.9070276649691813,709985.916646211
TB5-3D,20260815,inplane,vel,-0.7355451518552929,709985.916646211
TB5-3D,20260815,inplane,pos,0.058393064073573746,1256105.6883813727
TB5-3D,20260815,inplane,vel,0.7674373739607262,1256105.6883813727
TB5-3D,20260815,inplane,pos,0.11587689889738678,559070.8233695411
TB5-3D,20260815,inplane,vel,-0.6662787720270016,559070.8233695411
TB5-3D,20260815,inplane,pos,-0.26084463903075106,242626.09240159125
TB5-3D,20260815,inplane,vel,0.04646216831524455,242626.09240159125
TB5-3D,20260815,inplane,pos,0.022893780068435714,710644.9352138697
TB5-3D,20260815,inplane,vel,0.7093799327560694,710644.9352138697
TB5-3D,20260815,inplane,pos,0.3228361115878746,613311.9267096759
TB5-3D,20260815,inplane,vel,-0.24821741634734018,613311.9267096759
TB5-3D,20260815,inplane,pos,0.111726585353635,117127.48379002069
TB5-3D,20260815,inplane,vel,-0.7851384146594955,117127.48379002069
TB5-3D,20260815,plane,pos,-2.24034340051349,635474.7387624938
TB5-3D,20260815,plane,vel,-0.02319574858624977,635474.7387624938
TB5-3D,20260815,plane,pos,-0.16875324759371607,709985.916646211
TB5-3D,20260815,plane,vel,-0.5674568848116419,709985.916646211
TB5-3D,20260815,plane,pos,-0.4916035315856683,1256105.6883813727
TB5-3D,20260815,plane,vel,-1.397926517548745,1256105.6883813727
TB5-3D,20260815,plane,pos,-0.7427757681705727,559070.8233695411
TB5-3D,20260815,plane,vel,-2.136823264785597,559070.8233695411
TB5-3D,20260815,plane,pos,2.4378466916731982,242626.09240159125
TB5-3D,20260815,plane,vel,1.1113121624252589,242626.09240159125
TB5-3D,20260815,plane,pos,-0.35661615389743945,710644.9352138697
TB5-3D,20260815,plane,vel,0.688479756950828,710644.9352138697
TB5-3D,20260815,plane,pos,-1.4487118286615177,613311.9267096759
TB5-3D,20260815,plane,vel,0.9814084144772431,613311.9267096759
TB5-3D,20260815,plane,pos,-0.43859621858403064,117127.48379002069
TB5-3D,20260815,plane,vel,0.2404948204580576,117127.48379002069
TB5-3D,20260815,range,pos,1.7133431920697824,42835.42771793018
TB5-3D,20260815,range,vel,0.566906229656921,42835.42771793018
TB5-3D,20260815,range,pos,0.27724982780387897,67650.03650360115
TB5-3D,20260815,range,vel,0.9184043912346446,67650.03650360115
TB5-3D,20260815,range,pos,-0.8529377479581223,22893.32911929047
TB5-3D,20260815,range,vel,-0.667860348661453,22893.32911929047
TB5-3D,20260815,range,pos,1.4697889992356248,76251.6939364985
TB5-3D,20260815,range,vel,-0.9067470824707052,76251.6939364985
TB5-3D,20260815,range,pos,-0.4158720878897499,26916.10348454437
TB5-3D,20260815,range,vel,0.018907351330006573,26916.10348454437
TB5-3D,20260815,range,pos,-0.6150938374725524,79412.2586074793
TB5-3D,20260815,range,vel,0.17721439931703847,79412.2586074793
TB5-3D,20260815,range,pos,-1.470240092079781,86705.58192301694
TB5-3D,20260815,range,vel,-0.7150901500671318,86705.58192301694
TB5-3D,20260815,range,pos,1.0669031362124324,59162.84530708435
TB5-3D,20260815,range,vel,-0.9774911801044812,59162.84530708435
TB5-3D,20260815,inplane,pos,0.4015259316739867,42835.42771793018
TB5-3D,20260815,inplane,vel,1.5485037871141063,42835.42771793018
TB5-3D,20260815,inplane,pos,-2.087520261719789,67650.03650360115
TB5-3D,20260815,inplane,vel,-2.6513292823908947,67650.03650360115
TB5-3D,20260815,inplane,pos,-0.0038154775823220437,22893.32911929047
TB5-3D,20260815,inplane,vel,-0.41764560088109864,22893.32911929047
TB5-3D,20260815,inplane,pos,1.7431293765210802,76251.6939364985
TB5-3D,20260815,inplane,vel,1.75051666664058,76251.6939364985
TB5-3D,20260815,inplane,pos,-0.7125401752469565,26916.10348454437
TB5-3D,20260815,inplane,vel,-0.4619817936934826,26916.10348454437
TB5-3D,20260815,inplane,pos,0.44272220695369785,79412.2586074793
TB5-3D,20260815,inplane,vel,-0.587508494681288,79412.2586074793
TB5-3D,20260815,inplane,pos,-1.724262685390958,86705.58192301694
TB5-3D,20260815,inplane,vel,-1.5430169098368578,86705.58192301694
TB5-3D,20260815,inplane,pos,0.3307200775004839,59162.84530708435
TB5-3D,20260815,inplane,vel,1.007285890140208,59162.84530708435
TB5-3D,20260815,plane,pos,0.8297287224593773,42835.42771793018
TB5-3D,20260815,plane,vel,-1.140675935531645,42835.42771793018
TB5-3D,20260815,plane,pos,2.723927990988268,67650.03650360115
TB5-3D,20260815,plane,vel,1.4885211121554505,67650.03650360115
TB5-3D,20260815,plane,pos,-0.042456481891400145,22893.32911929047
TB5-3D,20260815,plane,vel,-1.8639105475739473,22893.32911929047
TB5-3D,20260815,plane,pos,0.22757669928424962,76251.6939364985
TB5-3D,20260815,plane,vel,1.229090406445545,76251.6939364985
TB5-3D,20260815,plane,pos,0.09681932686596088,26916.10348454437
TB5-3D,20260815,plane,vel,1.1551818980397357,26916.10348454437
TB5-3D,20260815,plane,pos,-0.45204338689768125,79412.2586074793
TB5-3D,20260815,plane,vel,-1.0908227452916324,79412.2586074793
TB5-3D,20260815,plane,pos,-0.9059471904191515,86705.58192301694
TB5-3D,20260815,plane,vel,1.0696401574028134,86705.58192301694
TB5-3D,20260815,plane,pos,0.6388178286016515,59162.84530708435
TB5-3D,20260815,plane,vel,0.01351152054936711,59162.84530708435
TB5-3D,20260815,range,pos,0.10493813319143036,11163.718627696986
TB5-3D,20260815,range,vel,-1.285040790534298,11163.718627696986
TB5-3D,20260815,range,pos,1.1363362503962067,23420.832614152205
TB5-3D,20260815,range,vel,-0.6114807897285005,23420.832614152205
TB5-3D,20260815,range,pos,0.29469205821497724,6822.90253362421
TB5-3D,20260815,range,vel,0.23041281750554357,6822.90253362421
TB5-3D,20260815,range,pos,2.38154671326071,4744.341522732704
TB5-3D,20260815,range,vel,2.304586003478189,4744.341522732704
TB5-3D,20260815,range,pos,-1.262161613660422,3652.664199435774
TB5-3D,20260815,range,vel,0.37894725187587913,3652.664199435774
TB5-3D,20260815,range,pos,2.1390054067988142,14236236.502343243
TB5-3D,20260815,range,vel,1.5098834377996735,14236236.502343243
TB5-3D,20260815,range,pos,-0.19156954741969304,51621.71177385692
TB5-3D,20260815,range,vel,-0.2182187098116925,51621.71177385692
TB5-3D,20260815,range,pos,-0.13604927713100678,9832.36477497061
TB5-3D,20260815,range,vel,0.22177089417988557,9832.36477497061
TB5-3D,20260815,inplane,pos,-1.1193979067437396,11163.718627696986
TB5-3D,20260815,inplane,vel,0.013669960660300521,11163.718627696986
TB5-3D,20260815,inplane,pos,1.3035531352646987,23420.832614152205
TB5-3D,20260815,inplane,vel,1.1128362975952635,23420.832614152205
TB5-3D,20260815,inplane,pos,-1.3510551431246065,6822.90253362421
TB5-3D,20260815,inplane,vel,0.07972757933660483,6822.90253362421
TB5-3D,20260815,inplane,pos,-1.6629582461594423,4744.341522732704
TB5-3D,20260815,inplane,vel,0.24565277998298443,4744.341522732704
TB5-3D,20260815,inplane,pos,1.585465030662447,3652.664199435774
TB5-3D,20260815,inplane,vel,-0.851245114369722,3652.664199435774
TB5-3D,20260815,inplane,pos,-1.725817687136913,14236236.502343243
TB5-3D,20260815,inplane,vel,-2.2883133970831984,14236236.502343243
TB5-3D,20260815,inplane,pos,-0.5003517932336087,51621.71177385692
TB5-3D,20260815,inplane,vel,-0.2268337607829093,51621.71177385692
TB5-3D,20260815,inplane,pos,0.3459728031034214,9832.36477497061
TB5-3D,20260815,inplane,vel,-0.008067021023958157,9832.36477497061
TB5-3D,20260815,plane,pos,-0.8411572241939325,11163.718627696986
TB5-3D,20260815,plane,vel,0.6339957390538651,11163.718627696986
TB5-3D,20260815,plane,pos,0.08301574290068499,23420.832614152205
TB5-3D,20260815,plane,vel,0.4904650858445789,23420.832614152205
TB5-3D,20260815,plane,pos,-0.9192774331075578,6822.90253362421
TB5-3D,20260815,plane,vel,-1.6172512827763668,6822.90253362421
TB5-3D,20260815,plane,pos,1.5323092861844652,4744.341522732704
TB5-3D,20260815,plane,vel,0.9757255595109305,4744.341522732704
TB5-3D,20260815,plane,pos,1.6263388122887306,3652.664199435774
TB5-3D,20260815,plane,vel,1.9561570205218397,3652.664199435774
TB5-3D,20260815,plane,pos,-0.6968434326360008,14236236.502343243
TB5-3D,20260815,plane,vel,-1.5938975945570835,14236236.502343243
TB5-3D,20260815,plane,pos,1.584490944573012,51621.71177385692
TB5-3D,20260815,plane,vel,0.5405920202770114,51621.71177385692
TB5-3D,20260815,plane,pos,-1.1407380537683116,9832.36477497061
TB5-3D,20260815,plane,vel,1.007755677138291,9832.36477497061
TB5-3D,20260815,range,pos,1.4951089705611815,4925946.3090964295
TB5-3D,20260815,range,vel,-0.6477413619736786,4925946.3090964295
TB5-3D,20260815,range,pos,-0.9105528394921554,14199914.761335572
TB5-3D,20260815,range,vel,-0.6387292747580298,14199914.761335572
TB5-3D,20260815,range,pos,-0.1920052183908134,9600.992007665505
TB5-3D,20260815,range,vel,0.6819691531290766,9600.992007665505
TB5-3D,20260815,range,pos,-0.3457859123461127,240458.8825483304
TB5-3D,20260815,range,vel,-0.45972410211673603,240458.8825483304
TB5-3D,20260815,range,pos,-0.010045464612574908,475147.9733992772
TB5-3D,20260815,range,vel,-0.13134854025762702,475147.9733992772
TB5-3D,20260815,range,pos,0.6389344795783227,2547.020015197998
TB5-3D,20260815,range,vel,0.5772216896067404,2547.020015197998
TB5-3D,20260815,range,pos,-0.5681403852871554,2687.568882159616
TB5-3D,20260815,range,vel,-0.6198496913283166,2687.568882159616
TB5-3D,20260815,inplane,pos,1.0526148586776096,4925946.3090964295
TB5-3D,20260815,inplane,vel,1.0307085341589552,4925946.3090964295
TB5-3D,20260815,inplane,pos,0.1985110464117504,14199914.761335572
TB5-3D,20260815,inplane,vel,0.6909713949445009,14199914.761335572
TB5-3D,20260815,inplane,pos,1.0298343765487683,9600.992007665505
TB5-3D,20260815,inplane,vel,-0.18690586359916705,9600.992007665505
TB5-3D,20260815,inplane,pos,-0.2026462894745511,240458.8825483304
TB5-3D,20260815,inplane,vel,0.37482278576994926,240458.8825483304
TB5-3D,20260815,inplane,pos,-0.46985925330839107,475147.9733992772
TB5-3D,20260815,inplane,vel,-0.2721474393745882,475147.9733992772
TB5-3D,20260815,inplane,pos,1.6527031451827625,2547.020015197998
TB5-3D,20260815,inplane,vel,1.197800086291722,2547.020015197998
TB5-3D,20260815,inplane,pos,-0.14413585234222995,2687.568882159616
TB5-3D,20260815,inplane,vel,0.551629341449027,2687.568882159616
TB5-3D,20260815,plane,pos,-0.015195689153849334,4925946.3090964295
TB5-3D,20260815,plane,vel,0.13727745154850984,4925946.3090964295
TB5-3D,20260815,plane,pos,0.8829888793131772,14199914.761335572
TB5-3D,20260815,plane,vel,0.6722075685124692,14199914.761335572
TB5-3D,20260815,plane,pos,-0.12045187550196193,9600.992007665505
TB5-3D,20260815,plane,vel,-0.5637489975475672,9600.992007665505
TB5-3D,20260815,plane,pos,-1.9933421890933298,240458.8825483304
TB5-3D,20260815,plane,vel,-0.615800348854921,240458.8825483304
TB5-3D,20260815,plane,pos,0.2509475091945585,475147.9733992772
TB5-3D,20260815,plane,vel,-1.0773024533079485,475147.9733992772
TB5-3D,20260815,plane,pos,0.5750933848069169,2547.020015197998
TB5-3D,20260815,plane,vel,0.7320126007851528,2547.020015197998
TB5-3D,20260815,plane,pos,0.13533296552557217,2687.568882159616
TB5-3D,20260815,plane,vel,-0.37502994566615117,2687.568882159616
TB5-3D,20260815,range,pos,0.2714773847400469,154565.42192485448
TB5-3D,20260815,range,vel,-0.3735479920620003,154565.42192485448
TB5-3D,20260815,range,pos,-0.2963633849827447,731383.5201097552
TB5-3D,20260815,range,vel,1.861733727269072,731383.5201097552
TB5-3D,20260815,range,pos,-0.11025320096843068,847725.5750539254
TB5-3D,20260815,range,vel,-0.506476438906454,847725.5750539254
TB5-3D,20260815,range,pos,-0.415007146305375,7196.578967316825
TB5-3D,20260815,range,vel,-0.7519191479363538,7196.578967316825
TB5-3D,20260815,range,pos,0.14566505741783956,211607.54585785966
TB5-3D,20260815,range,vel,0.3540199656566537,211607.54585785966
TB5-3D,20260815,range,pos,2.2321786673999515,84839.28713570598
TB5-3D,20260815,range,vel,-2.0398961585101656,84839.28713570598
TB5-3D,20260815,range,pos,-0.8312208657129349,380975.44838411006
TB5-3D,20260815,range,vel,-0.30106956369385635,380975.44838411006
TB5-3D,20260815,range,pos,-0.16906326405432426,160339.12563419229
TB5-3D,20260815,range,vel,-0.13949457258230483,160339.12563419229
TB5-3D,20260815,inplane,pos,0.14851366322075085,154565.42192485448
TB5-3D,20260815,inplane,vel,0.4004503959495277,154565.42192485448
TB5-3D,20260815,inplane,pos,1.5399223842177447,731383.5201097552
TB5-3D,20260815,inplane,vel,0.0448947624405016,731383.5201097552
TB5-3D,20260815,inplane,pos,-0.40774271837073645,847725.5750539254
TB5-3D,20260815,inplane,vel,-0.1762121887414465,847725.5750539254
TB5-3D,20260815,inplane,pos,-0.18916150322565953,7196.578967316825
TB5-3D,20260815,inplane,vel,-0.3520554788248434,7196.578967316825
TB5-3D,20260815,inplane,pos,0.8944453432136041,211607.54585785966
TB5-3D,20260815,inplane,vel,0.31742590878435306,211607.54585785966
TB5-3D,20260815,inplane,pos,-0.2546198588439179,84839.28713570598
TB5-3D,20260815,inplane,vel,1.5544399850369823,84839.28713570598
TB5-3D,20260815,inplane,pos,-0.5860149949120029,380975.44838411006
TB5-3D,20260815,inplane,vel,-0.8035019175010446,380975.44838411006
TB5-3D,20260815,inplane,pos,-1.7184726058898625,160339.12563419229
TB5-3D,20260815,inplane,vel,-0.7257773693741925,160339.12563419229
TB5-3D,20260815,plane,pos,-0.19728380699578815,154565.42192485448
TB5-3D,20260815,plane,vel,1.3245113720568173,154565.42192485448
TB5-3D,20260815,plane,pos,0.16552814441402772,731383.5201097552
TB5-3D,20260815,plane,vel,-1.1566906933280778,731383.5201097552
TB5-3D,20260815,plane,pos,0.9480733866511163,847725.5750539254
TB5-3D,20260815,plane,vel,1.0449239295140056,847725.5750539254
TB5-3D,20260815,plane,pos,-0.810939329474699,7196.578967316825
TB5-3D,20260815,plane,vel,-0.22878241920657066,7196.578967316825
TB5-3D,20260815,plane,pos,0.5067708870412219,211607.54585785966
TB5-3D,20260815,plane,vel,1.3271408132685072,211607.54585785966
TB5-3D,20260815,plane,pos,-2.007678928813902,84839.28713570598
TB5-3D,20260815,plane,vel,-0.8362460723943203,84839.28713570598
TB5-3D,20260815,plane,pos,1.8890392578451436,380975.44838411006
TB5-3D,20260815,plane,vel,0.03303133544074687,380975.44838411006
TB5-3D,20260815,plane,pos,1.5263629631755136,160339.12563419229
TB5-3D,20260815,plane,vel,-0.10765729709194186,160339.12563419229
TB5-3D,20260815,range,pos,0.3017366370762281,23991.9668544817
TB5-3D,20260815,range,vel,-0.7242663740430919,23991.9668544817
TB5-3D,20260815,range,pos,0.8351614246334342,32882.778713519605
TB5-3D,20260815,range,vel,0.4230740824482285,32882.778713519605
TB5-3D,20260815,range,pos,-0.9621191217893456,22151.145915125206
TB5-3D,20260815,range,vel,-0.548061930237185,22151.145915125206
TB5-3D,20260815,range,pos,-0.1106941969753158,2245.460162876452
TB5-3D,20260815,range,vel,0.954771548427188,2245.460162876452
TB5-3D,20260815,range,pos,0.42935801230881404,199680.04930973097
TB5-3D,20260815,range,vel,-0.8122448480884009,199680.04930973097
TB5-3D,20260815,range,pos,-0.28967239481657586,39758.653312493065
TB5-3D,20260815,range,vel,-0.32895837513172527,39758.653312493065
TB5-3D,20260815,range,pos,-0.7486565473770475,19995.26482823694
TB5-3D,20260815,range,vel,-0.2551642087428823,19995.26482823694
TB5-3D,20260815,range,pos,-0.21081799095742376,64820.524894514776
TB5-3D,20260815,range,vel,-0.14403454484501274,64820.524894514776
TB5-3D,20260815,inplane,pos,-0.43737656158705124,23991.9668544817
TB5-3D,20260815,inplane,vel,0.5019845826904329,23991.9668544817
TB5-3D,20260815,inplane,pos,-0.645956463276051,32882.778713519605
TB5-3D,20260815,inplane,vel,-0.7296347894299483,32882.778713519605
TB5-3D,20260815,inplane,pos,0.05898125363730945,22151.145915125206
TB5-3D,20260815,inplane,vel,-0.5676959972028659,22151.145915125206
TB5-3D,20260815,inplane,pos,-0.995283540828842,2245.460162876452
TB5-3D,20260815,inplane,vel,-1.2562409144248232,2245.460162876452
TB5-3D,20260815,inplane,pos,-0.11311346980294303,199680.04930973097
TB5-3D,20260815,inplane,vel,0.6771865704615917,199680.04930973097
TB5-3D,20260815,inplane,pos,-0.2366158992595603,39758.653312493065
TB5-3D,20260815,inplane,vel,-0.4224729045127183,39758.653312493065
TB5-3D,20260815,inplane,pos,0.1279428635763966,19995.26482823694
TB5-3D,20260815,inplane,vel,0.5051935272131803,19995.26482823694
TB5-3D,20260815,inplane,pos,-0.2513869572451249,64820.524894514776
TB5-3D,20260815,inplane,vel,-0.1468614199990778,64820.524894514776
TB5-3D,20260815,plane,pos,-0.8456120960194222,23991.9668544817
TB5-3D,20260815,plane,vel,-0.6931217477740675,23991.9668544817
TB5-3D,20260815,plane,pos,-0.23795596455073972,32882.778713519605
TB5-3D,20260815,plane,vel,-0.2865867857341586,32882.778713519605
TB5-3D,20260815,plane,pos,-1.7628857882358782,22151.145915125206
TB5-3D,20260815,plane,vel,-1.0208063358535524,22151.145915125206
TB5-3D,20260815,plane,pos,-1.0811781620817473,2245.460162876452
TB5-3D,20260815,plane,vel,-0.2953826349561101,2245.460162876452
TB5-3D,20260815,plane,pos,-0.5191937000318442,199680.04930973097
TB5-3D,20260815,plane,vel,1.5973873603517355,199680.04930973097
TB5-3D,20260815,plane,pos,-0.20235561656494475,39758.653312493065
TB5-3D,20260815,plane,vel,-0.4339186926733,39758.653312493065
TB5-3D,20260815,plane,pos,-1.4339826283322905,19995.26482823694
TB5-3D,20260815,plane,vel,-0.34082888516692394,19995.26482823694
TB5-3D,20260815,plane,pos,-0.002785491215569979,64820.524894514776
TB5-3D,20260815,plane,vel,2.377739592931026,64820.524894514776
TB5-3D,20260822,range,pos,0.7454265029596291,215666.11101390715
TB5-3D,20260822,range,vel,0.5119963102593688,215666.11101390715
TB5-3D,20260822,range,pos,-0.8077714039224653,4109827.3719932693
TB5-3D,20260822,range,vel,-1.5059762853933845,4109827.3719932693
TB5-3D,20260822,range,pos,1.057777536473884,509827.7844135347
TB5-3D,20260822,range,vel,-0.5537835346324633,509827.7844135347
TB5-3D,20260822,range,pos,0.8497522475575464,663497.0338871303
TB5-3D,20260822,range,vel,-0.24191914409627685,663497.0338871303
TB5-3D,20260822,range,pos,-0.5719854141440692,635442.6004924279
TB5-3D,20260822,range,vel,-1.2929117834489576,635442.6004924279
TB5-3D,20260822,range,pos,-0.5375898139269136,503693.24367911246
TB5-3D,20260822,range,vel,-0.41939303426441854,503693.24367911246
TB5-3D,20260822,range,pos,1.063032106610552,130737.21032262252
TB5-3D,20260822,range,vel,0.2505382849822391,130737.21032262252
TB5-3D,20260822,range,pos,-0.397506848795388,205938.07460525888
TB5-3D,20260822,range,vel,-0.5223180019844482,205938.07460525888
TB5-3D,20260822,inplane,pos,-0.886545920459383,215666.11101390715
TB5-3D,20260822,inplane,vel,0.6252971825111718,215666.11101390715
TB5-3D,20260822,inplane,pos,-0.2893682308053925,4109827.3719932693
TB5-3D,20260822,inplane,vel,-0.7928673094264922,4109827.3719932693
TB5-3D,20260822,inplane,pos,1.2625030395777908,509827.7844135347
TB5-3D,20260822,inplane,vel,1.2574241132272936,509827.7844135347
TB5-3D,20260822,inplane,pos,0.3248169812953153,663497.0338871303
TB5-3D,20260822,inplane,vel,0.3564731752913472,663497.0338871303
TB5-3D,20260822,inplane,pos,-1.7390000492968718,635442.6004924279
TB5-3D,20260822,inplane,vel,-1.1057558757631338,635442.6004924279
TB5-3D,20260822,inplane,pos,-1.3054694077921847,503693.24367911246
TB5-3D,20260822,inplane,vel,-0.8382012605467289,503693.24367911246
TB5-3D,20260822,inplane,pos,-2.0117515123787744,130737.21032262252
TB5-3D,20260822,inplane,vel,-1.3492771316676293,130737.21032262252
TB5-3D,20260822,inplane,pos,-0.6917978482860844,205938.07460525888
TB5-3D,20260822,inplane,vel,-0.21985576645240165,205938.07460525888
TB5-3D,20260822,plane,pos,2.674432878205543,215666.11101390715
TB5-3D,20260822,plane,vel,-0.6386992383467569,215666.11101390715
TB5-3D,20260822,plane,pos,0.8847400220892542,4109827.3719932693
TB5-3D,20260822,plane,vel,0.3828678979564197,4109827.3719932693
TB5-3D,20260822,plane,pos,-1.3784070520437908,509827.7844135347
TB5-3D,20260822,plane,vel,-0.5540583238435786,509827.7844135347
TB5-3D,20260822,plane,pos,-0.4851520415842219,663497.0338871303
TB5-3D,20260822,plane,vel,0.7728109880350394,663497.0338871303
TB5-3D,20260822,plane,pos,-0.5190610614323842,635442.6004924279
TB5-3D,20260822,plane,vel,1.3215504901286763,635442.6004924279
TB5-3D,20260822,plane,pos,0.5070620849905889,503693.24367911246
TB5-3D,20260822,plane,vel,0.11916778092263394,503693.24367911246
TB5-3D,20260822,plane,pos,-0.5219380771985038,130737.21032262252
TB5-3D,20260822,plane,vel,-1.280544428702623,130737.21032262252
TB5-3D,20260822,plane,pos,-0.3651052938754507,205938.07460525888
TB5-3D,20260822,plane,vel,-0.27476374742377746,205938.07460525888
TB5-3D,20260822,range,pos,0.8690661618906942,536587.9234717007
TB5-3D,20260822,range,vel,-0.09015903046023471,536587.9234717007
TB5-3D,20260822,range,pos,-0.687014686772736,60126.70347192446
TB5-3D,20260822,range,vel,0.8867630719093488,60126.70347192446
TB5-3D,20260822,range,pos,1.654030992742407,98904.88999113408
TB5-3D,20260822,range,vel,-2.0421541368343235,98904.88999113408
TB5-3D,20260822,range,pos,0.5072584625465144,125015.11698669085
TB5-3D,20260822,range,vel,0.39311227746555416,125015.11698669085
TB5-3D,20260822,range,pos,-1.2452309506094632,9302.369601261162
TB5-3D,20260822,range,vel,0.7811388136073151,9302.369601261162
TB5-3D,20260822,range,pos,-0.8906411544631893,73637.46705049882
TB5-3D,20260822,range,vel,-1.2009687487141543,73637.46705049882
TB5-3D,20260822,range,pos,0.10707735323178702,125800.74306106467
TB5-3D,20260822,range,vel,-0.9273728542166686,125800.74306106467
TB5-3D,20260822,range,pos,1.9644078756866301,28992.113829955597
TB5-3D,20260822,range,vel,0.35555330017247755,28992.113829955597
TB5-3D,20260822,inplane,pos,0.6514164235891815,536587.9234717007
TB5-3D,20260822,inplane,vel,0.7972474417189485,536587.9234717007
TB5-3D,20260822,inplane,pos,0.2721676613999482,60126.70347192446
TB5-3D,20260822,inplane,vel,0.3228803559690167,60126.70347192446
TB5-3D,20260822,inplane,pos,-1.507018643527089,98904.88999113408
TB5-3D,20260822,inplane,vel,1.553630355354079,98904.88999113408
TB5-3D,20260822,inplane,pos,0.7855154940725243,125015.11698669085
TB5-3D,20260822,inplane,vel,0.4365178154623854,125015.11698669085
TB5-3D,20260822,inplane,pos,0.5085125770530114,9302.369601261162
TB5-3D,20260822,inplane,vel,-0.19122052778176757,9302.369601261162
TB5-3D,20260822,inplane,pos,-1.2773358946110622,73637.46705049882
TB5-3D,20260822,inplane,vel,-1.214275513745797,73637.46705049882
TB5-3D,20260822,inplane,pos,-1.0485410508552246,125800.74306106467
TB5-3D,20260822,inplane,vel,-0.2768088986050662,125800.74306106467
TB5-3D,20260822,inplane,pos,-1.5764253804730937,28992.113829955597
TB5-3D,20260822,inplane,vel,-1.9284761434194082,28992.113829955597
TB5-3D,20260822,plane,pos,1.4847292909343515,536587.9234717007
TB5-3D,20260822,plane,vel,-0.8321764002117914,536587.9234717007
TB5-3D,20260822,plane,pos,-0.33806123422039314,60126.70347192446
TB5-3D,20260822,plane,vel,-0.2570040797515127,60126.70347192446
TB5-3D,20260822,plane,pos,-2.047070459661814,98904.88999113408
TB5-3D,20260822,plane,vel,-2.5823454236544032,98904.88999113408
TB5-3D,20260822,plane,pos,-1.6408985567783414,125015.11698669085
TB5-3D,20260822,plane,vel,0.05280553372073271,125015.11698669085
TB5-3D,20260822,plane,pos,-0.2515098966551132,9302.369601261162
TB5-3D,20260822,plane,vel,-2.246435202219562,9302.369601261162
TB5-3D,20260822,plane,pos,0.0918708562787707,73637.46705049882
TB5-3D,20260822,plane,vel,1.4501490595680873,73637.46705049882
TB5-3D,20260822,plane,pos,0.8160899948942086,125800.74306106467
TB5-3D,20260822,plane,vel,-0.17088859756974417,125800.74306106467
TB5-3D,20260822,plane,pos,1.256232495867496,28992.113829955597
TB5-3D,20260822,plane,vel,0.8383379708403207,28992.113829955597
TB5-3D,20260822,range,pos,1.4787095202308844,35843.03348871983
TB5-3D,20260822,range,vel,1.2732311688897613,35843.03348871983
TB5-3D,20260822,range,pos,0.30712621132915685,20600.210787971733
TB5-3D,20260822,range,vel,-0.38397357117723463,20600.210787971733
TB5-3D,20260822,range,pos,-0.5446187115922493,15636.873624335096
TB5-3D,20260822,range,vel,-0.34122210313747414,15636.873624335096
TB5-3D,20260822,range,pos,-0.32055361962695567,19052.947102139355
TB5-3D,20260822,range,vel,-0.32087031495417767,19052.947102139355
TB5-3D,20260822,range,pos,-0.5334151765397386,12843.462682881565
TB5-3D,20260822,range,vel,-0.05828270397384637,12843.462682881565
TB5-3D,20260822,range,pos,0.18365478494472603,16616.355152202508
TB5-3D,20260822,range,vel,-0.7943484622365907,16616.355152202508
TB5-3D,20260822,range,pos,1.3476820327509482,30107.85737186086
TB5-3D,20260822,range,vel,-1.4589421452412572,30107.85737186086
TB5-3D,20260822,range,pos,-1.5999183150875265,3710.8814700876096
TB5-3D,20260822,range,vel,-0.37629308883245,3710.8814700876096
TB5-3D,20260822,inplane,pos,-0.8243716428173676,35843.03348871983
TB5-3D,20260822,inplane,vel,1.0291249013099435,35843.03348871983
TB5-3D,20260822,inplane,pos,-0.2636074150442396,20600.210787971733
TB5-3D,20260822,inplane,vel,0.2041237737014386,20600.210787971733
TB5-3D,20260822,inplane,pos,-0.5293051362104823,15636.873624335096
TB5-3D,20260822,inplane,vel,-0.6016677713258505,15636.873624335096
TB5-3D,20260822,inplane,pos,-0.09161828039794782,19052.947102139355
TB5-3D,20260822,inplane,vel,-0.22610109141064622,19052.947102139355
TB5-3D,20260822,inplane,pos,-0.5993476774851825,12843.462682881565
TB5-3D,20260822,inplane,vel,-0.5169044412019336,12843.462682881565
TB5-3D,20260822,inplane,pos,-0.3245830381242769,16616.355152202508
TB5-3D,20260822,inplane,vel,0.3069559000655147,16616.355152202508
TB5-3D,20260822,inplane,pos,-0.20600328097915332,30107.85737186086
TB5-3D,20260822,inplane,vel,0.7055910933228462,30107.85737186086
TB5-3D,20260822,inplane,pos,1.3633942830299826,3710.8814700876096
TB5-3D,20260822,inplane,vel,-1.4754237213276307,3710.8814700876096
TB5-3D,20260822,plane,pos,-0.6011164190539359,35843.03348871983
TB5-3D,20260822,plane,vel,-0.05969553438403791,35843.03348871983
TB5-3D,20260822,plane,pos,0.7516180847260054,20600.210787971733
TB5-3D,20260822,plane,vel,-0.423944459881553,20600.210787971733
TB5-3D,20260822,plane,pos,1.422000092638878,15636.873624335096
TB5-3D,20260822,plane,vel,0.3720219387251929,15636.873624335096
TB5-3D,20260822,plane,pos,0.9550206055376026,19052.947102139355
TB5-3D,20260822,plane,vel,-0.9775715140817635,19052.947102139355
TB5-3D,20260822,plane,pos,-1.9831016064098015,12843.462682881565
TB5-3D,20260822,plane,vel,1.8698828525899844,12843.462682881565
TB5-3D,20260822,plane,pos,-2.5403042036597396,16616.355152202508
TB5-3D,20260822,plane,vel,-0.3910863465025741,16616.355152202508
TB5-3D,20260822,plane,pos,-0.6869668992187206,30107.85737186086
TB5-3D,20260822,plane,vel,0.3183208248209833,30107.85737186086
TB5-3D,20260822,plane,pos,2.0456204485326372,3710.8814700876096
TB5-3D,20260822,plane,vel,0.9647387255675193,3710.8814700876096
TB5-3D,20260822,range,pos,-0.0285506142298331,3955290.7712702686
TB5-3D,20260822,range,vel,-0.9036135887923951,3955290.7712702686
TB5-3D,20260822,range,pos,0.18504966676966497,4911.437222078131
TB5-3D,20260822,range,vel,0.30121470042502074,4911.437222078131
TB5-3D,20260822,range,pos,1.3866579935593228,13154.572269662816
TB5-3D,20260822,range,vel,-1.4725309197585563,13154.572269662816
TB5-3D,20260822,range,pos,-1.7769782678601624,3116.9035136722896
TB5-3D,20260822,range,vel,-2.0655722290021767,3116.9035136722896
TB5-3D,20260822,range,pos,-0.5396153196791021,137733.91302187822
TB5-3D,20260822,range,vel,0.522951897886583,137733.91302187822
TB5-3D,20260822,inplane,pos,-0.9479848335341667,3955290.7712702686
TB5-3D,20260822,inplane,vel,0.0797308796913522,3955290.7712702686
TB5-3D,20260822,inplane,pos,0.1506436494994637,4911.437222078131
TB5-3D,20260822,inplane,vel,-0.0027600866091760713,4911.437222078131
TB5-3D,20260822,inplane,pos,0.9533476785479563,13154.572269662816
TB5-3D,20260822,inplane,vel,1.4384082163885359,13154.572269662816
TB5-3D,20260822,inplane,pos,-0.6379379984707673,3116.9035136722896
TB5-3D,20260822,inplane,vel,-1.1131933858885874,3116.9035136722896
TB5-3D,20260822,inplane,pos,0.17974497464318664,137733.91302187822
TB5-3D,20260822,inplane,vel,0.34309323572472505,137733.91302187822
TB5-3D,20260822,plane,pos,1.4619277455543696,3955290.7712702686
TB5-3D,20260822,plane,vel,-0.6057346790373563,3955290.7712702686
TB5-3D,20260822,plane,pos,-0.5090778787262117,4911.437222078131
TB5-3D,20260822,plane,vel,0.13803513021501843,4911.437222078131
TB5-3D,20260822,plane,pos,1.3488419378204604,13154.572269662816
TB5-3D,20260822,plane,vel,0.3905380640324644,13154.572269662816
TB5-3D,20260822,plane,pos,0.21950516395362235,3116.9035136722896
TB5-3D,20260822,plane,vel,0.5581195746078852,3116.9035136722896
TB5-3D,20260822,plane,pos,0.03416187625115335,137733.91302187822
TB5-3D,20260822,plane,vel,0.05673596503736776,137733.91302187822
TB5-3D,20260822,range,pos,0.2634569664180682,48123.94321318534
TB5-3D,20260822,range,vel,0.2505650235875873,48123.94321318534
TB5-3D,20260822,range,pos,-1.3083883298513563,155239.87037460427
TB5-3D,20260822,range,vel,1.4916194837959087,155239.87037460427
TB5-3D,20260822,range,pos,-0.6859552954170395,708975.8773854829
TB5-3D,20260822,range,vel,0.7913271557756616,708975.8773854829
TB5-3D,20260822,range,pos,-1.459587851112668,9637871.251143849
TB5-3D,20260822,range,vel,0.6219665435133614,9637871.251143849
TB5-3D,20260822,range,pos,0.04628716383186503,347750.47588475316
TB5-3D,20260822,range,vel,0.1330719647487561,347750.47588475316
TB5-3D,20260822,range,pos,0.3291851540268058,12101952.192315413
TB5-3D,20260822,range,vel,0.24799075857896505,12101952.192315413
TB5-3D,20260822,range,pos,-0.13828042299436463,170896.66875919513
TB5-3D,20260822,range,vel,0.21854361649293677,170896.66875919513
TB5-3D,20260822,range,pos,-0.5292721490157566,482449.4515008726
TB5-3D,20260822,range,vel,0.09146228416780029,482449.4515008726
TB5-3D,20260822,inplane,pos,0.019598885504915915,48123.94321318534
TB5-3D,20260822,inplane,vel,-0.55430157412932,48123.94321318534
TB5-3D,20260822,inplane,pos,-0.540013961628947,155239.87037460427
TB5-3D,20260822,inplane,vel,-1.2507837869344687,155239.87037460427
TB5-3D,20260822,inplane,pos,-0.2188952665130029,708975.8773854829
TB5-3D,20260822,inplane,vel,-1.2706276532906573,708975.8773854829
TB5-3D,20260822,inplane,pos,0.14904634700950664,9637871.251143849
TB5-3D,20260822,inplane,vel,0.4726266713009303,9637871.251143849
TB5-3D,20260822,inplane,pos,-0.13251777841696574,347750.47588475316
TB5-3D,20260822,inplane,vel,0.3163736343252763,347750.47588475316
TB5-3D,20260822,inplane,pos,-1.3219533772649756,12101952.192315413
TB5-3D,20260822,inplane,vel,0.8596188672967183,12101952.192315413
TB5-3D,20260822,inplane,pos,0.42911017632219106,170896.66875919513
TB5-3D,20260822,inplane,vel,-0.1326289260883454,170896.66875919513
TB5-3D,20260822,inplane,pos,0.2603026258275138,482449.4515008726
TB5-3D,20260822,inplane,vel,-0.7669272472884728,482449.4515008726
TB5-3D,20260822,plane,pos,0.29647630317016005,48123.94321318534
TB5-3D,20260822,plane,vel,1.504603814519613,48123.94321318534
TB5-3D,20260822,plane,pos,0.04535626692954892,155239.87037460427
TB5-3D,20260822,plane,vel,0.4908283027470901,155239.87037460427
TB5-3D,20260822,plane,pos,-0.584244319483601,708975.8773854829
TB5-3D,20260822,plane,vel,0.7103130039303442,708975.8773854829
TB5-3D,20260822,plane,pos,-1.9134704436533456,9637871.251143849
TB5-3D,20260822,plane,vel,-0.9291363942746654,9637871.251143849
TB5-3D,20260822,plane,pos,-0.8954051078578108,347750.47588475316
TB5-3D,20260822,plane,vel,-2.036226635105459,347750.47588475316
TB5-3D,20260822,plane,pos,0.007555445166817946,12101952.192315413
TB5-3D,20260822,plane,vel,-1.1342434980281066,12101952.192315413
TB5-3D,20260822,plane,pos,-0.4378524179157983,170896.66875919513
TB5-3D,20260822,plane,vel,0.8702075822687046,170896.66875919513
TB5-3D,20260822,plane,pos,-0.3847744191011975,482449.4515008726
TB5-3D,20260822,plane,vel,1.0542729157397526,482449.4515008726
TB5-3D,20260822,range,pos,-0.7176818702757671,50195.58940903224
TB5-3D,20260822,range,vel,0.6082939460029907,50195.58940903224
TB5-3D,20260822,range,pos,0.07432135209712327,46991.038811839164
TB5-3D,20260822,range,vel,0.20114910362435862,46991.038811839164
TB5-3D,20260822,range,pos,0.41373344456607,31453.2902711542
TB5-3D,20260822,range,vel,0.46336757819679397,31453.2902711542
TB5-3D,20260822,range,pos,1.3676171875914316,215205.43643171474
TB5-3D,20260822,range,vel,-1.5694252115705003,215205.43643171474
TB5-3D,20260822,range,pos,0.4948329986449882,117185.39112674347
TB5-3D,20260822,range,vel,-0.6533232794726309,117185.39112674347
TB5-3D,20260822,range,pos,0.9032352131419978,182499.6903839155
TB5-3D,20260822,range,vel,0.6226009991755683,182499.6903839155
TB5-3D,20260822,range,pos,-0.735569150325904,12255.58489581358
TB5-3D,20260822,range,vel,-0.4749286119672294,12255.58489581358
TB5-3D,20260822,range,pos,0.27013090191538497,65547.21156923183
TB5-3D,20260822,range,vel,0.13720482709132187,65547.21156923183
TB5-3D,20260822,inplane,pos,0.08001456194126634,50195.58940903224
TB5-3D,20260822,inplane,vel,0.05581440557298921,50195.58940903224
TB5-3D,20260822,inplane,pos,0.28947649481808996,46991.038811839164
TB5-3D,20260822,inplane,vel,0.07947476651516316,46991.038811839164
TB5-3D,20260822,inplane,pos,0.7286747839819799,31453.2902711542
TB5-3D,20260822,inplane,vel,0.5462146761712428,31453.2902711542
TB5-3D,20260822,inplane,pos,-0.08179897377634504,215205.43643171474
TB5-3D,20260822,inplane,vel,1.0504387953894527,215205.43643171474
TB5-3D,20260822,inplane,pos,0.15447650631554208,117185.39112674347
TB5-3D,20260822,inplane,vel,0.5558885306897517,117185.39112674347
TB5-3D,20260822,inplane,pos,-0.7965240143667808,182499.6903839155
TB5-3D,20260822,inplane,vel,0.637171659538286,182499.6903839155
TB5-3D,20260822,inplane,pos,-1.247009602361761,12255.58489581358
TB5-3D,20260822,inplane,vel,-1.030798950763538,12255.58489581358
TB5-3D,20260822,inplane,pos,0.18407385865327114,65547.21156923183
TB5-3D,20260822,inplane,vel,0.2595761620966702,65547.21156923183
TB5-3D,20260822,plane,pos,0.2136386762892856,50195.58940903224
TB5-3D,20260822,plane,vel,1.4646272350938117,50195.58940903224
TB5-3D,20260822,plane,pos,-1.0973311740587028,46991.038811839164
TB5-3D,20260822,plane,vel,-0.37086861888104294,46991.038811839164
TB5-3D,20260822,plane,pos,0.4617384476778069,31453.2902711542
TB5-3D,20260822,plane,vel,-0.669840808680315,31453.2902711542
TB5-3D,20260822,plane,pos,0.5172629914173342,215205.43643171474
TB5-3D,20260822,plane,vel,-0.10692200121000951,215205.43643171474
TB5-3D,20260822,plane,pos,-0.5396932782079298,117185.39112674347
TB5-3D,20260822,plane,vel,-1.2731613676566034,117185.39112674347
TB5-3D,20260822,plane,pos,-0.18499072260722624,182499.6903839155
TB5-3D,20260822,plane,vel,0.585409368770485,182499.6903839155
TB5-3D,20260822,plane,pos,2.15217987551968,12255.58489581358
TB5-3D,20260822,plane,vel,0.9466078658652421,12255.58489581358
TB5-3D,20260822,plane,pos,-1.1311151654431164,65547.21156923183
TB5-3D,20260822,plane,vel,-0.75193291961255,65547.21156923183
TB5-3D,20260829,range,pos,-0.41071714911237084,478762.49631460087
TB5-3D,20260829,range,vel,-0.6719880114380223,478762.49631460087
TB5-3D,20260829,range,pos,-1.004124762114767,733350.1157597264
TB5-3D,20260829,range,vel,-0.4105967755784581,733350.1157597264
TB5-3D,20260829,range,pos,-0.21292764909119447,1070633.3649563023
TB5-3D,20260829,range,vel,-0.5015183266804998,1070633.3649563023
TB5-3D,20260829,range,pos,-2.0747266457278863,421524.2976378091
TB5-3D,20260829,range,vel,0.19372625156646503,421524.2976378091
TB5-3D,20260829,range,pos,0.6235443148520752,111891.90980892698
TB5-3D,20260829,range,vel,-0.6894177934234942,111891.90980892698
TB5-3D,20260829,range,pos,0.38126743906239935,763773.8466123814
TB5-3D,20260829,range,vel,-0.509257018519378,763773.8466123814
TB5-3D,20260829,range,pos,0.5741611517753525,695200.7333990493
TB5-3D,20260829,range,vel,-3.410016656678326,695200.7333990493
TB5-3D,20260829,range,pos,-0.2144595212014908,479665.50954085885
TB5-3D,20260829,range,vel,-1.230191671796858,479665.50954085885
TB5-3D,20260829,inplane,pos,-1.990097494135194,478762.49631460087
TB5-3D,20260829,inplane,vel,-0.5917153222195981,478762.49631460087
TB5-3D,20260829,inplane,pos,-1.6679059387156379,733350.1157597264
TB5-3D,20260829,inplane,vel,-0.7792831073018365,733350.1157597264
TB5-3D,20260829,inplane,pos,-1.0543981899812147,1070633.3649563023
TB5-3D,20260829,inplane,vel,-0.4108913951918066,1070633.3649563023
TB5-3D,20260829,inplane,pos,-1.1602765619176854,421524.2976378091
TB5-3D,20260829,inplane,vel,-1.8288189742787049,421524.2976378091
TB5-3D,20260829,inplane,pos,-0.25472749007017875,111891.90980892698
TB5-3D,20260829,inplane,vel,0.07000062246996465,111891.90980892698
TB5-3D,20260829,inplane,pos,-0.04879154473509527,763773.8466123814
TB5-3D,20260829,inplane,vel,0.23106039045651364,763773.8466123814
TB5-3D,20260829,inplane,pos,-1.8163058900587372,695200.7333990493
TB5-3D,20260829,inplane,vel,0.1495388076621902,695200.7333990493
TB5-3D,20260829,inplane,pos,-1.1366609760843487,479665.50954085885
TB5-3D,20260829,inplane,vel,-0.24122133552687436,479665.50954085885
TB5-3D,20260829,plane,pos,0.5672283906824402,478762.49631460087
TB5-3D,20260829,plane,vel,1.7225900481158558,478762.49631460087
TB5-3D,20260829,plane,pos,-0.059104599204695234,733350.1157597264
TB5-3D,20260829,plane,vel,0.9001964415478781,733350.1157597264
TB5-3D,20260829,plane,pos,-1.5345373291577162,1070633.3649563023
TB5-3D,20260829,plane,vel,-0.29887850692086526,1070633.3649563023
TB5-3D,20260829,plane,pos,-1.396905167275971,421524.2976378091
TB5-3D,20260829,plane,vel,-0.5507668211284238,421524.2976378091
TB5-3D,20260829,plane,pos,-0.7489136059315965,111891.90980892698
TB5-3D,20260829,plane,vel,-0.528307047691939,111891.90980892698
TB5-3D,20260829,plane,pos,0.8658937206412478,763773.8466123814
TB5-3D,20260829,plane,vel,-0.7224064478566138,763773.8466123814
TB5-3D,20260829,plane,pos,0.5952262706993495,695200.7333990493
TB5-3D,20260829,plane,vel,-0.5644394472957398,695200.7333990493
TB5-3D,20260829,plane,pos,-0.31536424013400643,479665.50954085885
TB5-3D,20260829,plane,vel,-0.046428327921623797,479665.50954085885
TB5-3D,20260829,range,pos,0.9591449249397043,27233.845159770775
TB5-3D,20260829,range,vel,1.162291953579476,27233.845159770775
TB5-3D,20260829,range,pos,0.7444541996243671,57230.7349076127
TB5-3D,20260829,range,vel,-0.659783917490745,57230.7349076127
TB5-3D,20260829,range,pos,0.44761862214985493,50285.70453416833
TB5-3D,20260829,range,vel,0.11435425703026875,50285.70453416833
TB5-3D,20260829,range,pos,-1.3841426486031694,120625.84994720109
TB5-3D,20260829,range,vel,0.3879532620996711,120625.84994720109
TB5-3D,20260829,range,pos,0.09612475522048426,167539.73252262975
TB5-3D,20260829,range,vel,-0.46582624060084177,167539.73252262975
TB5-3D,20260829,range,pos,0.6143099944839386,30323.632841177157
TB5-3D,20260829,range,vel,-1.6616832036347762,30323.632841177157
TB5-3D,20260829,range,pos,-0.5495828987529653,116496.30161581567
TB5-3D,20260829,range,vel,0.5526789099955204,116496.30161581567
TB5-3D,20260829,range,pos,-0.4544531105446291,110946.83034218305
TB5-3D,20260829,range,vel,-0.7588341552453447,110946.83034218305
TB5-3D,20260829,inplane,pos,1.0872056917338389,27233.845159770775
TB5-3D,20260829,inplane,vel,0.16062422047525635,27233.845159770775
TB5-3D,20260829,inplane,pos,0.6834677312880892,57230.7349076127
TB5-3D,20260829,inplane,vel,0.8685510402479684,57230.7349076127
TB5-3D,20260829,inplane,pos,-1.2141722358832963,50285.70453416833
TB5-3D,20260829,inplane,vel,-0.06015932150764707,50285.70453416833
TB5-3D,20260829,inplane,pos,-0.9980959152596346,120625.84994720109
TB5-3D,20260829,inplane,vel,-1.3476064172406645,120625.84994720109
TB5-3D,20260829,inplane,pos,-1.1032065959292974,167539.73252262975
TB5-3D,20260829,inplane,vel,0.10841318490216574,167539.73252262975
TB5-3D,20260829,inplane,pos,0.8425689066081709,30323.632841177157
TB5-3D,20260829,inplane,vel,1.0289354759607943,30323.632841177157
TB5-3D,20260829,inplane,pos,0.5535564750748541,116496.30161581567
TB5-3D,20260829,inplane,vel,0.34547263650204146,116496.30161581567
TB5-3D,20260829,inplane,pos,-1.122670638989427,110946.83034218305
TB5-3D,20260829,inplane,vel,-1.2337203469763094,110946.83034218305
TB5-3D,20260829,plane,pos,-0.7331733319477965,27233.845159770775
TB5-3D,20260829,plane,vel,-1.059090485387291,27233.845159770775
TB5-3D,20260829,plane,pos,-2.683310615898688,57230.7349076127
TB5-3D,20260829,plane,vel,-0.5925379846184853,57230.7349076127
TB5-3D,20260829,plane,pos,-0.9948518525499015,50285.70453416833
TB5-3D,20260829,plane,vel,0.017520824995766494,50285.70453416833
TB5-3D,20260829,plane,pos,0.17784071651611014,120625.84994720109
TB5-3D,20260829,plane,vel,0.4612107606275383,120625.84994720109
TB5-3D,20260829,plane,pos,0.4563700613368274,167539.73252262975
TB5-3D,20260829,plane,vel,0.8401472482580858,167539.73252262975
TB5-3D,20260829,plane,pos,0.6279403089112884,30323.632841177157
TB5-3D,20260829,plane,vel,-0.6124483118046785,30323.632841177157
TB5-3D,20260829,plane,pos,-1.3770519977597528,116496.30161581567
TB5-3D,20260829,plane,vel,-0.10646743693637126,116496.30161581567
TB5-3D,20260829,plane,pos,0.5966991181673243,110946.83034218305
TB5-3D,20260829,plane,vel,0.1821975695838808,110946.83034218305
TB5-3D,20260829,range,pos,0.7015603793268238,14239122.254708817
TB5-3D,20260829,range,vel,0.5866394367115507,14239122.254708817
TB5-3D,20260829,range,pos,-0.21204099623568182,9202.73860392634
TB5-3D,20260829,range,vel,-0.3189071267806193,9202.73860392634
TB5-3D,20260829,range,pos,-0.3098526939101376,4138.153008792896
TB5-3D,20260829,range,vel,-0.2598596793423122,4138.153008792896
TB5-3D,20260829,range,pos,-2.447599166510987,4196.934488927861
TB5-3D,20260829,range,vel,1.0418011525939401,4196.934488927861
TB5-3D,20260829,range,pos,-0.8089006822211638,21306.425845013353
TB5-3D,20260829,range,vel,-0.40965379852133543,21306.425845013353
TB5-3D,20260829,range,pos,-0.18477322308818814,8427.200773272434
TB5-3D,20260829,range,vel,0.0745477630287344,8427.200773272434
TB5-3D,20260829,range,pos,0.8893821337080614,16296.55714263018
TB5-3D,20260829,range,vel,-0.12947199121905448,16296.55714263018
TB5-3D,20260829,range,pos,-1.860131448066459,20175.840433513593
TB5-3D,20260829,range,vel,1.1705170608271949,20175.840433513593
TB5-3D,20260829,inplane,pos,-0.4856952608290965,14239122.254708817
TB5-3D,20260829,inplane,vel,-0.7933342955579156,14239122.254708817
TB5-3D,20260829,inplane,pos,-0.8040361711399584,9202.73860392634
TB5-3D,20260829,inplane,vel,-0.07921990148153989,9202.73860392634
TB5-3D,20260829,inplane,pos,0.5761133573424007,4138.153008792896
TB5-3D,20260829,inplane,vel,-0.6245065352587458,4138.153008792896
TB5-3D,20260829,inplane,pos,1.6532786596661209,4196.934488927861
TB5-3D,20260829,inplane,vel,2.099243625034254,4196.934488927861
TB5-3D,20260829,inplane,pos,-2.8561733688876707,21306.425845013353
TB5-3D,20260829,inplane,vel,-0.787158228030831,21306.425845013353
TB5-3D,20260829,inplane,pos,-0.01197685986888217,8427.200773272434
TB5-3D,20260829,inplane,vel,0.02438671708998781,8427.200773272434
TB5-3D,20260829,inplane,pos,1.759125268374967,16296.55714263018
TB5-3D,20260829,inplane,vel,1.1594653923076637,16296.55714263018
TB5-3D,20260829,inplane,pos,-0.99992259074685,20175.840433513593
TB5-3D,20260829,inplane,vel,-1.1001844083925651,20175.840433513593
TB5-3D,20260829,plane,pos,-0.7877384315145799,14239122.254708817
TB5-3D,20260829,plane,vel,-0.5742277276771829,14239122.254708817
TB5-3D,20260829,plane,pos,-2.1089484664952516,9202.73860392634
TB5-3D,20260829,plane,vel,1.4481517265290598,9202.73860392634
TB5-3D,20260829,plane,pos,0.09037838975992202,4138.153008792896
TB5-3D,20260829,plane,vel,1.0849647240252225,4138.153008792896
TB5-3D,20260829,plane,pos,-0.027592247896253544,4196.934488927861
TB5-3D,20260829,plane,vel,-1.1675251734765972,4196.934488927861
TB5-3D,20260829,plane,pos,0.5502875487044413,21306.425845013353
TB5-3D,20260829,plane,vel,-0.943331008128463,21306.425845013353
TB5-3D,20260829,plane,pos,1.1833360294028077,8427.200773272434
TB5-3D,20260829,plane,vel,0.20762740550186032,8427.200773272434
TB5-3D,20260829,plane,pos,-0.40315302372977785,16296.55714263018
TB5-3D,20260829,plane,vel,1.2514995356038348,16296.55714263018
TB5-3D,20260829,plane,pos,-1.4399969938909416,20175.840433513593
TB5-3D,20260829,plane,vel,-1.1983249286361581,20175.840433513593
TB5-3D,20260829,range,pos,0.4207308759008707,315941.4764953162
TB5-3D,20260829,range,vel,-0.5256887414295999,315941.4764953162
TB5-3D,20260829,range,pos,-0.3111799905751066,3614864.1272922065
TB5-3D,20260829,range,vel,0.019695884639673564,3614864.1272922065
TB5-3D,20260829,range,pos,1.43089461484928,3137707.142971744
TB5-3D,20260829,range,vel,0.8563167513803788,3137707.142971744
TB5-3D,20260829,range,pos,-1.523679471197915,6648510.843756909
TB5-3D,20260829,range,vel,2.2118504595440496,6648510.843756909
TB5-3D,20260829,range,pos,-0.8489197068955482,1638.229572540902
TB5-3D,20260829,range,vel,0.1132262033006119,1638.229572540902
TB5-3D,20260829,range,pos,0.1562887920013489,1076656.7327144824
TB5-3D,20260829,range,vel,0.2356973663293724,1076656.7327144824
TB5-3D,20260829,range,pos,0.8647094669421853,9798.355884543744
TB5-3D,20260829,range,vel,1.1854521747417337,9798.355884543744
TB5-3D,20260829,inplane,pos,-0.2712723318190645,315941.4764953162
TB5-3D,20260829,inplane,vel,-0.020810942375115285,315941.4764953162
TB5-3D,20260829,inplane,pos,-0.3496516355100986,3614864.1272922065
TB5-3D,20260829,inplane,vel,-0.1372810499706051,3614864.1272922065
TB5-3D,20260829,inplane,pos,-0.39247186197822326,3137707.142971744
TB5-3D,20260829,inplane,vel,1.2312923796535251,3137707.142971744
TB5-3D,20260829,inplane,pos,-0.9869352380606224,6648510.843756909
TB5-3D,20260829,inplane,vel,-1.817646848887131,6648510.843756909
TB5-3D,20260829,inplane,pos,-0.048874653585416636,1638.229572540902
TB5-3D,20260829,inplane,vel,1.2606076851991077,1638.229572540902
TB5-3D,20260829,inplane,pos,0.27239865680175196,1076656.7327144824
TB5-3D,20260829,inplane,vel,-0.014664340792743907,1076656.7327144824
TB5-3D,20260829,inplane,pos,0.6660165279452067,9798.355884543744
TB5-3D,20260829,inplane,vel,0.9580009211435226,9798.355884543744
TB5-3D,20260829,plane,pos,-0.969361062061947,315941.4764953162
TB5-3D,20260829,plane,vel,0.15097297727075484,315941.4764953162
TB5-3D,20260829,plane,pos,2.0620081366784753,3614864.1272922065
TB5-3D,20260829,plane,vel,0.8133475122672329,3614864.1272922065
TB5-3D,20260829,plane,pos,-0.1586250273947886,3137707.142971744
TB5-3D,20260829,plane,vel,0.6376091145097948,3137707.142971744
TB5-3D,20260829,plane,pos,1.3854527303013522,6648510.843756909
TB5-3D,20260829,plane,vel,-1.3046472851662265,6648510.843756909
TB5-3D,20260829,plane,pos,-1.9203333325063965,1638.229572540902
TB5-3D,20260829,plane,vel,-1.2362625926303392,1638.229572540902
TB5-3D,20260829,plane,pos,0.3508984911870022,1076656.7327144824
TB5-3D,20260829,plane,vel,0.5603633806182844,1076656.7327144824
TB5-3D,20260829,plane,pos,0.8009027731590469,9798.355884543744
TB5-3D,20260829,plane,vel,0.15180731975774092,9798.355884543744
TB5-3D,20260829,range,pos,0.5644609451148221,15185.753484486826
TB5-3D,20260829,range,vel,-0.9121872794224828,15185.753484486826
TB5-3D,20260829,range,pos,-0.5076956066167116,227548.44110559896
TB5-3D,20260829,range,vel,0.7733721732010735,227548.44110559896
TB5-3D,20260829,range,pos,0.18427583316647878,59975.77453957455
TB5-3D,20260829,range,vel,-0.2968122587606609,59975.77453957455
TB5-3D,20260829,range,pos,-1.2025858360720836,55543.24939294332
TB5-3D,20260829,range,vel,-1.7883853694810103,55543.24939294332
TB5-3D,20260829,range,pos,-0.3645455031010751,597031.457040906
TB5-3D,20260829,range,vel,-0.5437067199058842,597031.457040906
TB5-3D,20260829,range,pos,-1.5310520603781286,216451.42269029855
TB5-3D,20260829,range,vel,0.9642885105775068,216451.42269029855
TB5-3D,20260829,range,pos,0.8453189555659233,668319.4058269779
TB5-3D,20260829,range,vel,-0.30495428676620684,668319.4058269779
TB5-3D,20260829,range,pos,-1.5406759120564613,11054885.020540826
TB5-3D,20260829,range,vel,-1.5957855192239645,11054885.020540826
TB5-3D,20260829,inplane,pos,-1.0387165500536186,15185.753484486826
TB5-3D,20260829,inplane,vel,-0.01685767391393561,15185.753484486826
TB5-3D,20260829,inplane,pos,0.38213578664141346,227548.44110559896
TB5-3D,20260829,inplane,vel,-0.027343884210205432,227548.44110559896
TB5-3D,20260829,inplane,pos,-0.19853342889124484,59975.77453957455
TB5-3D,20260829,inplane,vel,-0.03324216742824004,59975.77453957455
TB5-3D,20260829,inplane,pos,1.462674709511387,55543.24939294332
TB5-3D,20260829,inplane,vel,0.788086347807976,55543.24939294332
TB5-3D,20260829,inplane,pos,-0.6300897345896378,597031.457040906
TB5-3D,20260829,inplane,vel,-0.4175357018924508,597031.457040906
TB5-3D,20260829,inplane,pos,-0.7627126560462808,216451.42269029855
TB5-3D,20260829,inplane,vel,-1.3421118140261763,216451.42269029855
TB5-3D,20260829,inplane,pos,-0.25186841856513714,668319.4058269779
TB5-3D,20260829,inplane,vel,0.45237138259007664,668319.4058269779
TB5-3D,20260829,inplane,pos,1.337559511025512,11054885.020540826
TB5-3D,20260829,inplane,vel,-1.6762293611240535,11054885.020540826
TB5-3D,20260829,plane,pos,-0.43712070808139314,15185.753484486826
TB5-3D,20260829,plane,vel,-0.2710893410802923,15185.753484486826
TB5-3D,20260829,plane,pos,-1.0320508676698805,227548.44110559896
TB5-3D,20260829,plane,vel,0.9891870577203655,227548.44110559896
TB5-3D,20260829,plane,pos,-0.9116621793063554,59975.77453957455
TB5-3D,20260829,plane,vel,-0.047434503929326494,59975.77453957455
TB5-3D,20260829,plane,pos,1.7358302576821125,55543.24939294332
TB5-3D,20260829,plane,vel,2.2783646017689874,55543.24939294332
TB5-3D,20260829,plane,pos,0.49747877109763355,597031.457040906
TB5-3D,20260829,plane,vel,-0.05318035352828378,597031.457040906
TB5-3D,20260829,plane,pos,0.4924192815934735,216451.42269029855
TB5-3D,20260829,plane,vel,-0.043641350824682255,216451.42269029855
TB5-3D,20260829,plane,pos,1.6974438940900516,668319.4058269779
TB5-3D,20260829,plane,vel,-0.1796133405147305,668319.4058269779
TB5-3D,20260829,plane,pos,0.1694399770005279,11054885.020540826
TB5-3D,20260829,plane,vel,0.6199645531088349,11054885.020540826
TB5-3D,20260829,range,pos,-1.3388181575725608,17188.86021671113
TB5-3D,20260829,range,vel,0.5059933636123387,17188.86021671113
TB5-3D,20260829,range,pos,1.6686808797221768,25034.152862535317
TB5-3D,20260829,range,vel,-0.689292579646092,25034.152862535317
TB5-3D,20260829,range,pos,-0.20279095615684203,44115.44764896821
TB5-3D,20260829,range,vel,0.47036171896769285,44115.44764896821
TB5-3D,20260829,range,pos,1.0848634879349977,27734.035597493887
TB5-3D,20260829,range,vel,1.1225914933375762,27734.035597493887
TB5-3D,20260829,range,pos,-1.6259019343441774,41721.8120900646
TB5-3D,20260829,range,vel,1.4575249211689238,41721.8120900646
TB5-3D,20260829,range,pos,-0.5983912280844935,5304.977213314793
TB5-3D,20260829,range,vel,-0.6626855668357552,5304.977213314793
TB5-3D,20260829,range,pos,0.3684911837238201,355693.5260994658
TB5-3D,20260829,range,vel,-0.5130386895256547,355693.5260994658
TB5-3D,20260829,range,pos,-0.4239473585607705,658233.2550614137
TB5-3D,20260829,range,vel,-0.0863822393181123,658233.2550614137
TB5-3D,20260829,inplane,pos,-1.0958274484443697,17188.86021671113
TB5-3D,20260829,inplane,vel,-1.2710651279395289,17188.86021671113
TB5-3D,20260829,inplane,pos,-0.906428944536829,25034.152862535317
TB5-3D,20260829,inplane,vel,1.5514445718213978,25034.152862535317
TB5-3D,20260829,inplane,pos,0.25339134551615095,44115.44764896821
TB5-3D,20260829,inplane,vel,-0.17650156199710879,44115.44764896821
TB5-3D,20260829,inplane,pos,-0.05755528509189874,27734.035597493887
TB5-3D,20260829,inplane,vel,1.0379999867505127,27734.035597493887
TB5-3D,20260829,inplane,pos,-0.598635724097126,41721.8120900646
TB5-3D,20260829,inplane,vel,-0.5232921269255673,41721.8120900646
TB5-3D,20260829,inplane,pos,-0.06633540696954535,5304.977213314793
TB5-3D,20260829,inplane,vel,-0.39832844837839987,5304.977213314793
TB5-3D,20260829,inplane,pos,-0.7100466383777982,355693.5260994658
TB5-3D,20260829,inplane,vel,0.3147012141411401,355693.5260994658
TB5-3D,20260829,inplane,pos,-0.5422083861639636,658233.2550614137
TB5-3D,20260829,inplane,vel,-0.500975016698668,658233.2550614137
TB5-3D,20260829,plane,pos,0.232994095674864,17188.86021671113
TB5-3D,20260829,plane,vel,1.833935903876098,17188.86021671113
TB5-3D,20260829,plane,pos,0.6211782385277955,25034.152862535317
TB5-3D,20260829,plane,vel,0.17470917143216602,25034.152862535317
TB5-3D,20260829,plane,pos,-0.9299261194613203,44115.44764896821
TB5-3D,20260829,plane,vel,-0.04867328124373718,44115.44764896821
TB5-3D,20260829,plane,pos,0.8150276061143402,27734.035597493887
TB5-3D,20260829,plane,vel,0.8800073778231342,27734.035597493887
TB5-3D,20260829,plane,pos,0.5924810533229904,41721.8120900646
TB5-3D,20260829,plane,vel,0.09921802170243718,41721.8120900646
TB5-3D,20260829,plane,pos,-1.045439573084879,5304.977213314793
TB5-3D,20260829,plane,vel,-0.06217296951267114,5304.977213314793
TB5-3D,20260829,plane,pos,-0.3065817793786632,355693.5260994658
TB5-3D,20260829,plane,vel,-0.4335667590464969,355693.5260994658
TB5-3D,20260829,plane,pos,-0.29104952385136024,658233.2550614137
TB5-3D,20260829,plane,vel,-0.9965051054875752,658233.2550614137
TB5-3D,20260836,range,pos,-0.6263510958634944,381541.6869918898
TB5-3D,20260836,range,vel,-1.0502376862951053,381541.6869918898
TB5-3D,20260836,range,pos,1.2509674509270345,765127.9480234353
TB5-3D,20260836,range,vel,-1.1391193776468864,765127.9480234353
TB5-3D,20260836,range,pos,-0.7037503473317355,1556130.7408743196
TB5-3D,20260836,range,vel,1.6490522539078283,1556130.7408743196
TB5-3D,20260836,range,pos,0.1768476926461137,667256.4747767207
TB5-3D,20260836,range,vel,-0.34874398223505304,667256.4747767207
TB5-3D,20260836,range,pos,0.40506027025200764,160582.07282075676
TB5-3D,20260836,range,vel,-1.330734503821691,160582.07282075676
TB5-3D,20260836,range,pos,-0.40572721731088957,928618.6683628273
TB5-3D,20260836,range,vel,-0.7370697793868735,928618.6683628273
TB5-3D,20260836,range,pos,0.18555560113991576,4021725.2231754153
TB5-3D,20260836,range,vel,1.4525245577727584,4021725.2231754153
TB5-3D,20260836,range,pos,0.21142626743523008,1013340.8527260413
TB5-3D,20260836,range,vel,-1.089140397173736,1013340.8527260413
TB5-3D,20260836,inplane,pos,-1.0040344580080853,381541.6869918898
TB5-3D,20260836,inplane,vel,-0.8026179680724623,381541.6869918898
TB5-3D,20260836,inplane,pos,0.30377107863967057,765127.9480234353
TB5-3D,20260836,inplane,vel,0.9390332035912229,765127.9480234353
TB5-3D,20260836,inplane,pos,0.9668229852646012,1556130.7408743196
TB5-3D,20260836,inplane,vel,-0.25991850794810684,1556130.7408743196
TB5-3D,20260836,inplane,pos,0.039573993061010906,667256.4747767207
TB5-3D,20260836,inplane,vel,0.3883483580893264,667256.4747767207
TB5-3D,20260836,inplane,pos,-0.3074782763324686,160582.07282075676
TB5-3D,20260836,inplane,vel,0.7184863149590343,160582.07282075676
TB5-3D,20260836,inplane,pos,-1.6650393982683152,928618.6683628273
TB5-3D,20260836,inplane,vel,-1.1473557324417543,928618.6683628273
TB5-3D,20260836,inplane,pos,1.9453527529004209,4021725.2231754153
TB5-3D,20260836,inplane,vel,0.5444051331068332,4021725.2231754153
TB5-3D,20260836,inplane,pos,-1.4130128707535405,1013340.8527260413
TB5-3D,20260836,inplane,vel,-0.4696983371252464,1013340.8527260413
TB5-3D,20260836,plane,pos,0.9344807126818798,381541.6869918898
TB5-3D,20260836,plane,vel,1.1638956132263905,381541.6869918898
TB5-3D,20260836,plane,pos,2.16387524192263,765127.9480234353
TB5-3D,20260836,plane,vel,-0.17340263057400582,765127.9480234353
TB5-3D,20260836,plane,pos,0.5991201120533717,1556130.7408743196
TB5-3D,20260836,plane,vel,-0.5786839879985655,1556130.7408743196
TB5-3D,20260836,plane,pos,-0.943791542963399,667256.4747767207
TB5-3D,20260836,plane,vel,0.3524911076674946,667256.4747767207
TB5-3D,20260836,plane,pos,0.866279388804866,160582.07282075676
TB5-3D,20260836,plane,vel,0.894048763697502,160582.07282075676
TB5-3D,20260836,plane,pos,-0.08487587615623794,928618.6683628273
TB5-3D,20260836,plane,vel,0.7248380433294289,928618.6683628273
TB5-3D,20260836,plane,pos,-0.9837518582245444,4021725.2231754153
TB5-3D,20260836,plane,vel,-2.2208250279321646,4021725.2231754153
TB5-3D,20260836,plane,pos,-0.07890937617914746,1013340.8527260413
TB5-3D,20260836,plane,vel,1.3103612081504707,1013340.8527260413
TB5-3D,20260836,range,pos,-0.7028333578020632,60457.51205900755
TB5-3D,20260836,range,vel,0.7918900303769878,60457.51205900755
TB5-3D,20260836,range,pos,-0.8324933840462344,53764.11145860586
TB5-3D,20260836,range,vel,0.6478680352445321,53764.11145860586
TB5-3D,20260836,range,pos,0.21585251454143017,22283.032149485047
TB5-3D,20260836,range,vel,0.3273271981860975,22283.032149485047
TB5-3D,20260836,range,pos,0.43784665587764815,139923.4303911709
TB5-3D,20260836,range,vel,-0.4656732659373938,139923.4303911709
TB5-3D,20260836,range,pos,-1.1063231149941466,202628.57930531868
TB5-3D,20260836,range,vel,1.3459585833392091,202628.57930531868
TB5-3D,20260836,range,pos,-0.17773150097538967,65933.8962487227
TB5-3D,20260836,range,vel,0.8825931608880772,65933.8962487227
TB5-3D,20260836,range,pos,-1.0525693899290132,113180.96491624297
TB5-3D,20260836,range,vel,1.5333360348998162,113180.96491624297
TB5-3D,20260836,range,pos,1.4957015050003972,68988.04149789916
TB5-3D,20260836,range,vel,1.0893548801198836,68988.04149789916
TB5-3D,20260836,inplane,pos,-0.21619379414117457,60457.51205900755
TB5-3D,20260836,inplane,vel,-0.4594203741673144,60457.51205900755
TB5-3D,20260836,inplane,pos,0.19172882624658685,53764.11145860586
TB5-3D,20260836,inplane,vel,-0.9839766393021665,53764.11145860586
TB5-3D,20260836,inplane,pos,0.34403599474962604,22283.032149485047
TB5-3D,20260836,inplane,vel,0.11174278945187888,22283.032149485047
TB5-3D,20260836,inplane,pos,-0.17251574614371099,139923.4303911709
TB5-3D,20260836,inplane,vel,0.45934246572369836,139923.4303911709
TB5-3D,20260836,inplane,pos,-0.18978400245068403,202628.57930531868
TB5-3D,20260836,inplane,vel,-1.5683851566410913,202628.57930531868
TB5-3D,20260836,inplane,pos,1.2815920727620507,65933.8962487227
TB5-3D,20260836,inplane,vel,0.27411909555449393,65933.8962487227
TB5-3D,20260836,inplane,pos,-0.3485462132847623,113180.96491624297
TB5-3D,20260836,inplane,vel,-1.642772180262814,113180.96491624297
TB5-3D,20260836,inplane,pos,0.14993581703744097,68988.04149789916
TB5-3D,20260836,inplane,vel,1.36984904160224,68988.04149789916
TB5-3D,20260836,plane,pos,0.8648873481480613,60457.51205900755
TB5-3D,20260836,plane,vel,0.549084365006754,60457.51205900755
TB5-3D,20260836,plane,pos,1.2390646922863084,53764.11145860586
TB5-3D,20260836,plane,vel,-0.5900204202399837,53764.11145860586
TB5-3D,20260836,plane,pos,-0.7550030060910224,22283.032149485047
TB5-3D,20260836,plane,vel,-0.20424007564219288,22283.032149485047
TB5-3D,20260836,plane,pos,-0.7828123135148102,139923.4303911709
TB5-3D,20260836,plane,vel,0.0747960966934852,139923.4303911709
TB5-3D,20260836,plane,pos,-0.14111607050240654,202628.57930531868
TB5-3D,20260836,plane,vel,-0.04386289313764864,202628.57930531868
TB5-3D,20260836,plane,pos,-1.2370023693002037,65933.8962487227
TB5-3D,20260836,plane,vel,-1.2855758000973636,65933.8962487227
TB5-3D,20260836,plane,pos,0.01911417892710569,113180.96491624297
TB5-3D,20260836,plane,vel,0.2518911703119513,113180.96491624297
TB5-3D,20260836,plane,pos,0.16199698035975912,68988.04149789916
TB5-3D,20260836,plane,vel,-0.20943361779045136,68988.04149789916
TB5-3D,20260836,range,pos,0.757645810994093,2177.7745983294517
TB5-3D,20260836,range,vel,0.3447133664487258,2177.7745983294517
TB5-3D,20260836,range,pos,1.223986282757161,14082.635767079537
TB5-3D,20260836,range,vel,0.6213740564257018,14082.635767079537
TB5-3D,20260836,range,pos,0.9083539483303467,16835.454109168164
TB5-3D,20260836,range,vel,-0.933581103701827,16835.454109168164
TB5-3D,20260836,range,pos,1.424630212062215,7134.785665243877
TB5-3D,20260836,range,vel,1.1197140091194466,7134.785665243877
TB5-3D,20260836,range,pos,-0.48984449235935634,9277.558101978208
TB5-3D,20260836,range,vel,-0.9504589765740272,9277.558101978208
TB5-3D,20260836,range,pos,-0.21946070960551636,17577.858526583685
TB5-3D,20260836,range,vel,0.17305057184956926,17577.858526583685
TB5-3D,20260836,range,pos,-1.4023412469261087,49546.440362466616
TB5-3D,20260836,range,vel,-0.4404674679293937,49546.440362466616
TB5-3D,20260836,range,pos,1.5783467694121989,8992.83888929336
TB5-3D,20260836,range,vel,-1.3714431488229402,8992.83888929336
TB5-3D,20260836,inplane,pos,-0.5054995307695358,2177.7745983294517
TB5-3D,20260836,inplane,vel,-1.0680158148619507,2177.7745983294517
TB5-3D,20260836,inplane,pos,0.8584407167684716,14082.635767079537
TB5-3D,20260836,inplane,vel,0.8292130906505581,14082.635767079537
TB5-3D,20260836,inplane,pos,-0.5531627796803318,16835.454109168164
TB5-3D,20260836,inplane,vel,0.874503361006734,16835.454109168164
TB5-3D,20260836,inplane,pos,-2.2063501169816644,7134.785665243877
TB5-3D,20260836,inplane,vel,-0.6781922065410352,7134.785665243877
TB5-3D,20260836,inplane,pos,-1.1827608830680714,9277.558101978208
TB5-3D,20260836,inplane,vel,-0.2655441248743677,9277.558101978208
TB5-3D,20260836,inplane,pos,-0.38453462404464367,17577.858526583685
TB5-3D,20260836,inplane,vel,-0.3956204741169854,17577.858526583685
TB5-3D,20260836,inplane,pos,-0.04228407250633186,49546.440362466616
TB5-3D,20260836,inplane,vel,-1.0535802010523247,49546.440362466616
TB5-3D,20260836,inplane,pos,1.8220542280118,8992.83888929336
TB5-3D,20260836,inplane,vel,2.2390915916176426,8992.83888929336
TB5-3D,20260836,plane,pos,1.7516991825082413,2177.7745983294517
TB5-3D,20260836,plane,vel,-0.5168916010697597,2177.7745983294517
TB5-3D,20260836,plane,pos,-0.1035205762170024,14082.635767079537
TB5-3D,20260836,plane,vel,-0.4026223809004087,14082.635767079537
TB5-3D,20260836,plane,pos,0.41897046742622085,16835.454109168164
TB5-3D,20260836,plane,vel,-0.7472269302407729,16835.454109168164
TB5-3D,20260836,plane,pos,0.10497894589913478,7134.785665243877
TB5-3D,20260836,plane,vel,0.20747374671579655,7134.785665243877
TB5-3D,20260836,plane,pos,-0.5017439761412582,9277.558101978208
TB5-3D,20260836,plane,vel,-1.0625043024509726,9277.558101978208
TB5-3D,20260836,plane,pos,-0.04533680689531773,17577.858526583685
TB5-3D,20260836,plane,vel,0.619328290418223,17577.858526583685
TB5-3D,20260836,plane,pos,-0.14621137545981344,49546.440362466616
TB5-3D,20260836,plane,vel,-1.2320084495471257,49546.440362466616
TB5-3D,20260836,plane,pos,0.6209424708004805,8992.83888929336
TB5-3D,20260836,plane,vel,1.0067692457099553,8992.83888929336
TB5-3D,20260836,range,pos,2.4518831426905527,200563.74190887433
TB5-3D,20260836,range,vel,-1.908630865843782,200563.74190887433
TB5-3D,20260836,range,pos,-0.8285832753596881,662609.834550772
TB5-3D,20260836,range,vel,0.20162558953922724,662609.834550772
TB5-3D,20260836,range,pos,2.07192754914704,1947.1884324919415
TB5-3D,20260836,range,vel,0.005807387875988858,1947.1884324919415
TB5-3D,20260836,range,pos,0.5359187930866243,2358.214891481637
TB5-3D,20260836,range,vel,0.6416553746162776,2358.214891481637
TB5-3D,20260836,range,pos,0.9284921579812193,4556.996874824558
TB5-3D,20260836,range,vel,0.28323358888503897,4556.996874824558
TB5-3D,20260836,range,pos,0.188022077160543,1585359.6967236134
TB5-3D,20260836,range,vel,-0.3655680173754546,1585359.6967236134
TB5-3D,20260836,range,pos,-1.3562451973423324,5853.797114709636
TB5-3D,20260836,range,vel,1.5031467606013222,5853.797114709636
TB5-3D,20260836,inplane,pos,1.6748964081134272,200563.74190887433
TB5-3D,20260836,inplane,vel,2.2598930247717837,200563.74190887433
TB5-3D,20260836,inplane,pos,-0.8599077107847408,662609.834550772
TB5-3D,20260836,inplane,vel,-0.34357099355433945,662609.834550772
TB5-3D,20260836,inplane,pos,-0.2736681083789346,1947.1884324919415
TB5-3D,20260836,inplane,vel,2.0727847324991817,1947.1884324919415
TB5-3D,20260836,inplane,pos,-0.14470161011061283,2358.214891481637
TB5-3D,20260836,inplane,vel,0.550441020720148,2358.214891481637
TB5-3D,20260836,inplane,pos,-0.5872140533852179,4556.996874824558
TB5-3D,20260836,inplane,vel,0.7630987957091988,4556.996874824558
TB5-3D,20260836,inplane,pos,-1.443918637702228,1585359.6967236134
TB5-3D,20260836,inplane,vel,0.1330111940885316,1585359.6967236134
TB5-3D,20260836,inplane,pos,-0.5354000251612844,5853.797114709636
TB5-3D,20260836,inplane,vel,-0.9061778520685155,5853.797114709636
TB5-3D,20260836,plane,pos,-0.32045087589381166,200563.74190887433
TB5-3D,20260836,plane,vel,-1.3073539189394625,200563.74190887433
TB5-3D,20260836,plane,pos,2.0237889743248587,662609.834550772
TB5-3D,20260836,plane,vel,2.0910012397614754,662609.834550772
TB5-3D,20260836,plane,pos,-0.6456365334302366,1947.1884324919415
TB5-3D,20260836,plane,vel,-0.20359970352081838,1947.1884324919415
TB5-3D,20260836,plane,pos,-0.5893456215073489,2358.214891481637
TB5-3D,20260836,plane,vel,-0.4459218639771987,2358.214891481637
TB5-3D,20260836,plane,pos,1.0759791566159491,4556.996874824558
TB5-3D,20260836,plane,vel,-0.25990645357755265,4556.996874824558
TB5-3D,20260836,plane,pos,0.76801779489638,1585359.6967236134
TB5-3D,20260836,plane,vel,0.29767414755794225,1585359.6967236134
TB5-3D,20260836,plane,pos,-0.19951359517920655,5853.797114709636
TB5-3D,20260836,plane,vel,-0.32755566501013644,5853.797114709636
TB5-3D,20260836,range,pos,-0.07139618008600397,67908.14246228596
TB5-3D,20260836,range,vel,-0.8027212112204601,67908.14246228596
TB5-3D,20260836,range,pos,0.443734971904287,173454.9859684975
TB5-3D,20260836,range,vel,-0.19579843492474794,173454.9859684975
TB5-3D,20260836,range,pos,0.28633399681896615,10631485.273139058
TB5-3D,20260836,range,vel,-1.497903902416371,10631485.273139058
TB5-3D,20260836,range,pos,-0.021242513183208075,694237.3597174142
TB5-3D,20260836,range,vel,2.031594629907492,694237.3597174142
TB5-3D,20260836,range,pos,1.0828260709036295,13190123.736539459
TB5-3D,20260836,range,vel,1.2460313404395642,13190123.736539459
TB5-3D,20260836,range,pos,-1.2497389568392745,10748521.23656047
TB5-3D,20260836,range,vel,-1.0219912043127357,10748521.23656047
TB5-3D,20260836,range,pos,-1.2020355078813614,346202.5662524293
TB5-3D,20260836,range,vel,-0.7566466369379581,346202.5662524293
TB5-3D,20260836,range,pos,-0.24618210253531184,10467.79533887554
TB5-3D,20260836,range,vel,0.11110921557509458,10467.79533887554
TB5-3D,20260836,inplane,pos,-0.5981741594482746,67908.14246228596
TB5-3D,20260836,inplane,vel,-0.31616230667324335,67908.14246228596
TB5-3D,20260836,inplane,pos,0.4531153988594992,173454.9859684975
TB5-3D,20260836,inplane,vel,0.46791415908363443,173454.9859684975
TB5-3D,20260836,inplane,pos,0.8976130605888094,10631485.273139058
TB5-3D,20260836,inplane,vel,0.8971960526293872,10631485.273139058
TB5-3D,20260836,inplane,pos,1.9263996408782424,694237.3597174142
TB5-3D,20260836,inplane,vel,0.15376056043156805,694237.3597174142
TB5-3D,20260836,inplane,pos,-1.6797348420071403,13190123.736539459
TB5-3D,20260836,inplane,vel,1.3875868787462806,13190123.736539459
TB5-3D,20260836,inplane,pos,1.1998433669666602,10748521.23656047
TB5-3D,20260836,inplane,vel,-0.897097932166581,10748521.23656047
TB5-3D,20260836,inplane,pos,0.031093110877053024,346202.5662524293
TB5-3D,20260836,inplane,vel,-1.0341791766983361,346202.5662524293
TB5-3D,20260836,inplane,pos,-0.13169282741483615,10467.79533887554
TB5-3D,20260836,inplane,vel,-0.15462819327934557,10467.79533887554
TB5-3D,20260836,plane,pos,-0.11202462502110555,67908.14246228596
TB5-3D,20260836,plane,vel,1.371473423578804,67908.14246228596
TB5-3D,20260836,plane,pos,-0.36222758048246445,173454.9859684975
TB5-3D,20260836,plane,vel,-0.13769487242538833,173454.9859684975
TB5-3D,20260836,plane,pos,-0.486879609131359,10631485.273139058
TB5-3D,20260836,plane,vel,0.816111388346319,10631485.273139058
TB5-3D,20260836,plane,pos,-0.0553186021095526,694237.3597174142
TB5-3D,20260836,plane,vel,0.8408727677862499,694237.3597174142
TB5-3D,20260836,plane,pos,1.5600421729865743,13190123.736539459
TB5-3D,20260836,plane,vel,1.240913916142964,13190123.736539459
TB5-3D,20260836,plane,pos,0.8397740858365145,10748521.23656047
TB5-3D,20260836,plane,vel,-1.0678636343383472,10748521.23656047
TB5-3D,20260836,plane,pos,-0.24435634681937413,346202.5662524293
TB5-3D,20260836,plane,vel,-1.5104879707485594,346202.5662524293
TB5-3D,20260836,plane,pos,-0.6647789777694759,10467.79533887554
TB5-3D,20260836,plane,vel,0.44903859075868596,10467.79533887554
TB5-3D,20260836,range,pos,-0.1865009371524424,9395.199196853644
TB5-3D,20260836,range,vel,-0.18497989730153816,9395.199196853644
TB5-3D,20260836,range,pos,0.6881968197951087,31376.38357268679
TB5-3D,20260836,range,vel,-0.8257711195208429,31376.38357268679
TB5-3D,20260836,range,pos,0.5541775874826537,61807.36310238786
TB5-3D,20260836,range,vel,-0.7156608118428919,61807.36310238786
TB5-3D,20260836,range,pos,-1.041281306323529,3238.367129168758
TB5-3D,20260836,range,vel,-0.23506006010279695,3238.367129168758
TB5-3D,20260836,range,pos,-1.214206910395711,195053.48649551842
TB5-3D,20260836,range,vel,1.4159606819823596,195053.48649551842
TB5-3D,20260836,range,pos,-0.9190146737186268,298919.31821033865
TB5-3D,20260836,range,vel,1.0028930055618792,298919.31821033865
TB5-3D,20260836,range,pos,0.5793773371519358,69522.92612736484
TB5-3D,20260836,range,vel,-0.8348417069260771,69522.92612736484
TB5-3D,20260836,range,pos,-0.5565501652347224,9903.865891851146
TB5-3D,20260836,range,vel,-0.8504182337430378,9903.865891851146
TB5-3D,20260836,inplane,pos,-0.123880070001834,9395.199196853644
TB5-3D,20260836,inplane,vel,-0.24206708762538193,9395.199196853644
TB5-3D,20260836,inplane,pos,-0.4377616196964321,31376.38357268679
TB5-3D,20260836,inplane,vel,0.6165274972221737,31376.38357268679
TB5-3D,20260836,inplane,pos,1.6957108113969255,61807.36310238786
TB5-3D,20260836,inplane,vel,1.633592066416036,61807.36310238786
TB5-3D,20260836,inplane,pos,1.2076468893433492,3238.367129168758
TB5-3D,20260836,inplane,vel,1.23591285898014,3238.367129168758
TB5-3D,20260836,inplane,pos,1.4719998154846679,195053.48649551842
TB5-3D,20260836,inplane,vel,-0.7950011914167541,195053.48649551842
TB5-3D,20260836,inplane,pos,-0.3515925945586768,298919.31821033865
TB5-3D,20260836,inplane,vel,-0.8985124049624704,298919.31821033865
TB5-3D,20260836,inplane,pos,-0.8303007507456855,69522.92612736484
TB5-3D,20260836,inplane,vel,0.33741328296810796,69522.92612736484
TB5-3D,20260836,inplane,pos,-0.3330956814544581,9903.865891851146
TB5-3D,20260836,inplane,vel,-0.5689304350079504,9903.865891851146
TB5-3D,20260836,plane,pos,-1.9350261091383896,9395.199196853644
TB5-3D,20260836,plane,vel,-0.8882677080484408,9395.199196853644
TB5-3D,20260836,plane,pos,-0.1223943129046816,31376.38357268679
TB5-3D,20260836,plane,vel,-0.17157158504045789,31376.38357268679
TB5-3D,20260836,plane,pos,0.5100965104683923,61807.36310238786
TB5-3D,20260836,plane,vel,-0.27055269052582526,61807.36310238786
TB5-3D,20260836,plane,pos,0.12136210634387333,3238.367129168758
TB5-3D,20260836,plane,vel,0.46380972285370814,3238.367129168758
TB5-3D,20260836,plane,pos,-0.13112609736343503,195053.48649551842
TB5-3D,20260836,plane,vel,0.5642148973561512,195053.48649551842
TB5-3D,20260836,plane,pos,0.45579010946207305,298919.31821033865
TB5-3D,20260836,plane,vel,0.9607546699221422,298919.31821033865
TB5-3D,20260836,plane,pos,0.014427614275757623,69522.92612736484
TB5-3D,20260836,plane,vel,1.1339121247492725,69522.92612736484
TB5-3D,20260836,plane,pos,-0.7171767322245496,9903.865891851146
TB5-3D,20260836,plane,vel,0.3452088012099246,9903.865891851146
TB5-3D,20260843,range,pos,0.04679008838841206,226639.1431311719
TB5-3D,20260843,range,vel,0.5192312310680774,226639.1431311719
TB5-3D,20260843,range,pos,-0.2649342625882905,817540.1455524927
TB5-3D,20260843,range,vel,0.49380861791791286,817540.1455524927
TB5-3D,20260843,range,pos,-1.4758547519532232,1018445.1336288004
TB5-3D,20260843,range,vel,0.5322872606029359,1018445.1336288004
TB5-3D,20260843,range,pos,-0.40096978194112526,226127.2400362646
TB5-3D,20260843,range,vel,-0.005509388788640082,226127.2400362646
TB5-3D,20260843,range,pos,-0.28211176783071645,1590235.0739382638
TB5-3D,20260843,range,vel,0.5623219972935848,1590235.0739382638
TB5-3D,20260843,range,pos,-0.9076635960862999,299539.6271391899
TB5-3D,20260843,range,vel,-0.0056401992341404555,299539.6271391899
TB5-3D,20260843,range,pos,-0.5309461188604635,531027.0621489905
TB5-3D,20260843,range,vel,-1.3466868656576443,531027.0621489905
TB5-3D,20260843,range,pos,0.9183682773577571,441938.96106241836
TB5-3D,20260843,range,vel,-1.1519822538685596,441938.96106241836
TB5-3D,20260843,inplane,pos,0.9829693753890442,226639.1431311719
TB5-3D,20260843,inplane,vel,0.22677120805318998,226639.1431311719
TB5-3D,20260843,inplane,pos,0.33043929643458564,817540.1455524927
TB5-3D,20260843,inplane,vel,0.01775304919521517,817540.1455524927
TB5-3D,20260843,inplane,pos,-1.0900625659694232,1018445.1336288004
TB5-3D,20260843,inplane,vel,-1.7217191059797832,1018445.1336288004
TB5-3D,20260843,inplane,pos,-0.8536239640007112,226127.2400362646
TB5-3D,20260843,inplane,vel,-0.636119956200108,226127.2400362646
TB5-3D,20260843,inplane,pos,0.09449304736661143,1590235.0739382638
TB5-3D,20260843,inplane,vel,-0.37793405822437204,1590235.0739382638
TB5-3D,20260843,inplane,pos,-1.0941501529672741,299539.6271391899
TB5-3D,20260843,inplane,vel,-1.2194765314124119,299539.6271391899
TB5-3D,20260843,inplane,pos,-1.611556264699027,531027.0621489905
TB5-3D,20260843,inplane,vel,-0.439348294946842,531027.0621489905
TB5-3D,20260843,inplane,pos,-0.018854915963216833,441938.96106241836
TB5-3D,20260843,inplane,vel,0.7958065403922625,441938.96106241836
TB5-3D,20260843,plane,pos,-1.3683169373455533,226639.1431311719
TB5-3D,20260843,plane,vel,0.9966043580481383,226639.1431311719
TB5-3D,20260843,plane,pos,0.4437729597286075,817540.1455524927
TB5-3D,20260843,plane,vel,-0.7156783655890818,817540.1455524927
TB5-3D,20260843,plane,pos,0.08852825038218634,1018445.1336288004
TB5-3D,20260843,plane,vel,1.7557208481662134,1018445.1336288004
TB5-3D,20260843,plane,pos,0.5803903847496183,226127.2400362646
TB5-3D,20260843,plane,vel,0.7365596324883092,226127.2400362646
TB5-3D,20260843,plane,pos,0.46203288844018625,1590235.0739382638
TB5-3D,20260843,plane,vel,0.4296007958607309,1590235.0739382638
TB5-3D,20260843,plane,pos,1.1336595213036902,299539.6271391899
TB5-3D,20260843,plane,vel,-0.620111014970863,299539.6271391899
TB5-3D,20260843,plane,pos,-0.5124453404653723,531027.0621489905
TB5-3D,20260843,plane,vel,0.17830065382573237,531027.0621489905
TB5-3D,20260843,plane,pos,-0.9922274370711728,441938.96106241836
TB5-3D,20260843,plane,vel,-0.33429805616316904,441938.96106241836
TB5-3D,20260843,range,pos,1.1519896383260486,37428.17090530817
TB5-3D,20260843,range,vel,-1.6774255568077547,37428.17090530817
TB5-3D,20260843,range,pos,-0.05335282629624896,132512.02316480887
TB5-3D,20260843,range,vel,0.8275127097539909,132512.02316480887
TB5-3D,20260843,range,pos,1.124537410193028,127776.09670081656
TB5-3D,20260843,range,vel,-0.419779983143234,127776.09670081656
TB5-3D,20260843,range,pos,1.4775857258050638,11298.184888295591
TB5-3D,20260843,range,vel,-1.1818032569317172,11298.184888295591
TB5-3D,20260843,range,pos,1.131750877532391,130994.17739633225
TB5-3D,20260843,range,vel,-0.5040206438789615,130994.17739633225
TB5-3D,20260843,range,pos,-1.1465187483438564,142757.98357600605
TB5-3D,20260843,range,vel,1.334374662982446,142757.98357600605
TB5-3D,20260843,range,pos,-0.4322961329530044,10928.385577012601
TB5-3D,20260843,range,vel,-2.276090334976245,10928.385577012601
TB5-3D,20260843,range,pos,-1.365412934223926,166670.88479081748
TB5-3D,20260843,range,vel,-0.7175856259733125,166670.88479081748
TB5-3D,20260843,inplane,pos,0.024574749217929175,37428.17090530817
TB5-3D,20260843,inplane,vel,1.0908438920511632,37428.17090530817
TB5-3D,20260843,inplane,pos,0.32106832787601947,132512.02316480887
TB5-3D,20260843,inplane,vel,-0.45593510295091266,132512.02316480887
TB5-3D,20260843,inplane,pos,0.17077756957663956,127776.09670081656
TB5-3D,20260843,inplane,vel,0.14694770202393287,127776.09670081656
TB5-3D,20260843,inplane,pos,0.5970662360051002,11298.184888295591
TB5-3D,20260843,inplane,vel,-1.2928770039862985,11298.184888295591
TB5-3D,20260843,inplane,pos,1.1588534642119088,130994.17739633225
TB5-3D,20260843,inplane,vel,1.4912020419800474,130994.17739633225
TB5-3D,20260843,inplane,pos,0.18638558053180387,142757.98357600605
TB5-3D,20260843,inplane,vel,-1.3132986706353664,142757.98357600605
TB5-3D,20260843,inplane,pos,-0.62400562345954,10928.385577012601
TB5-3D,20260843,inplane,vel,0.6091337566897175,10928.385577012601
TB5-3D,20260843,inplane,pos,0.0006691683815912586,166670.88479081748
TB5-3D,20260843,inplane,vel,-1.3324544086287122,166670.88479081748
TB5-3D,20260843,plane,pos,0.7736624233636111,37428.17090530817
TB5-3D,20260843,plane,vel,-1.782498320808377,37428.17090530817
TB5-3D,20260843,plane,pos,-0.2136008970996592,132512.02316480887
TB5-3D,20260843,plane,vel,0.8662631391098988,132512.02316480887
TB5-3D,20260843,plane,pos,-1.1158083068004734,127776.09670081656
TB5-3D,20260843,plane,vel,-2.0019440789505913,127776.09670081656
TB5-3D,20260843,plane,pos,-0.3623260076672301,11298.184888295591
TB5-3D,20260843,plane,vel,0.49441521016011053,11298.184888295591
TB5-3D,20260843,plane,pos,-1.955568884916337,130994.17739633225
TB5-3D,20260843,plane,vel,-0.4394882123892791,130994.17739633225
TB5-3D,20260843,plane,pos,0.7864061654695094,142757.98357600605
TB5-3D,20260843,plane,vel,1.2264256780655445,142757.98357600605
TB5-3D,20260843,plane,pos,0.7480013301608442,10928.385577012601
TB5-3D,20260843,plane,vel,1.9211540618036005,10928.385577012601
TB5-3D,20260843,plane,pos,0.5423137042950115,166670.88479081748
TB5-3D,20260843,plane,vel,0.06232327645789183,166670.88479081748
TB5-3D,20260843,range,pos,-1.1032882850201948,3144.74954836841
TB5-3D,20260843,range,vel,0.9329309259699691,3144.74954836841
TB5-3D,20260843,range,pos,-0.5899978082261802,31353.425531714347
TB5-3D,20260843,range,vel,1.0321781298647597,31353.425531714347
TB5-3D,20260843,range,pos,-1.2170134221194115,10737.197569509088
TB5-3D,20260843,range,vel,0.44430292660080545,10737.197569509088
TB5-3D,20260843,range,pos,0.23801307739503313,2961497.153254328
TB5-3D,20260843,range,vel,0.9075218910764659,2961497.153254328
TB5-3D,20260843,range,pos,-0.4184149168634476,11344.817881497076
TB5-3D,20260843,range,vel,-0.4491096666610924,11344.817881497076
TB5-3D,20260843,range,pos,-1.3079327154791653,2059.348722990921
TB5-3D,20260843,range,vel,-1.2364741951162308,2059.348722990921
TB5-3D,20260843,range,pos,0.8764943267264389,5427.438963838389
TB5-3D,20260843,range,vel,0.951644569384949,5427.438963838389
TB5-3D,20260843,range,pos,0.9758501608088551,49972.36232367255
TB5-3D,20260843,range,vel,-0.6579205335720671,49972.36232367255
TB5-3D,20260843,inplane,pos,1.4851705805631361,3144.74954836841
TB5-3D,20260843,inplane,vel,-1.2089134873914118,3144.74954836841
TB5-3D,20260843,inplane,pos,0.793145299014925,31353.425531714347
TB5-3D,20260843,inplane,vel,-0.5457171960677983,31353.425531714347
TB5-3D,20260843,inplane,pos,1.0509525154135033,10737.197569509088
TB5-3D,20260843,inplane,vel,-0.8373139404489399,10737.197569509088
TB5-3D,20260843,inplane,pos,0.7619828161783073,2961497.153254328
TB5-3D,20260843,inplane,vel,0.08476492000664673,2961497.153254328
TB5-3D,20260843,inplane,pos,-0.22951296921119355,11344.817881497076
TB5-3D,20260843,inplane,vel,-0.4207315103506451,11344.817881497076
TB5-3D,20260843,inplane,pos,-1.1298328942689193,2059.348722990921
TB5-3D,20260843,inplane,vel,-0.1318786035560025,2059.348722990921
TB5-3D,20260843,inplane,pos,0.09342232220533872,5427.438963838389
TB5-3D,20260843,inplane,vel,1.23944334045795,5427.438963838389
TB5-3D,20260843,inplane,pos,0.20603468019266985,49972.36232367255
TB5-3D,20260843,inplane,vel,0.8773308976553599,49972.36232367255
TB5-3D,20260843,plane,pos,-0.7086734434037951,3144.74954836841
TB5-3D,20260843,plane,vel,1.196900835917606,3144.74954836841
TB5-3D,20260843,plane,pos,0.02062560531069507,31353.425531714347
TB5-3D,20260843,plane,vel,0.4246633939438117,31353.425531714347
TB5-3D,20260843,plane,pos,-0.1975223800449747,10737.197569509088
TB5-3D,20260843,plane,vel,-1.4513921372030405,10737.197569509088
TB5-3D,20260843,plane,pos,0.7915582951423326,2961497.153254328
TB5-3D,20260843,plane,vel,1.114220341773413,2961497.153254328
TB5-3D,20260843,plane,pos,0.7395429924956457,11344.817881497076
TB5-3D,20260843,plane,vel,0.7207191746664883,11344.817881497076
TB5-3D,20260843,plane,pos,0.7273682340364934,2059.348722990921
TB5-3D,20260843,plane,vel,0.4145419214583823,2059.348722990921
TB5-3D,20260843,plane,pos,-0.5113879433806711,5427.438963838389
TB5-3D,20260843,plane,vel,-0.7320006391941906,5427.438963838389
TB5-3D,20260843,plane,pos,0.8346672307095867,49972.36232367255
TB5-3D,20260843,plane,vel,2.1283769949473212,49972.36232367255
TB5-3D,20260843,range,pos,-1.113290803401404,4064.736135249651
TB5-3D,20260843,range,vel,0.9014318918017052,4064.736135249651
TB5-3D,20260843,range,pos,0.9348600640055174,1246.8327949621555
TB5-3D,20260843,range,vel,-0.11104505431730138,1246.8327949621555
TB5-3D,20260843,range,pos,-0.611200894750131,767.3231556016187
TB5-3D,20260843,range,vel,-0.9773083194410417,767.3231556016187
TB5-3D,20260843,range,pos,0.3558420433540124,193590.38783561575
TB5-3D,20260843,range,vel,-0.41013707229297125,193590.38783561575
TB5-3D,20260843,range,pos,-1.1416186397253831,7307.705917170991
TB5-3D,20260843,range,vel,1.0320850397920538,7307.705917170991
TB5-3D,20260843,range,pos,-0.3785611281562999,4918.000952401741
TB5-3D,20260843,range,vel,0.8144596782860701,4918.000952401741
TB5-3D,20260843,range,pos,1.4872547333031285,4934918.254806237
TB5-3D,20260843,range,vel,1.4284281800392473,4934918.254806237
TB5-3D,20260843,inplane,pos,-1.0477333782729426,4064.736135249651
TB5-3D,20260843,inplane,vel,-1.0459664267250373,4064.736135249651
TB5-3D,20260843,inplane,pos,-0.8530341445717086,1246.8327949621555
TB5-3D,20260843,inplane,vel,-0.3609876399555624,1246.8327949621555
TB5-3D,20260843,inplane,pos,-1.1621854492452055,767.3231556016187
TB5-3D,20260843,inplane,vel,-0.7656835303529982,767.3231556016187
TB5-3D,20260843,inplane,pos,-0.504843816670158,193590.38783561575
TB5-3D,20260843,inplane,vel,0.24542906719674257,193590.38783561575
TB5-3D,20260843,inplane,pos,-1.0461845729277457,7307.705917170991
TB5-3D,20260843,inplane,vel,-1.1101145679649298,7307.705917170991
TB5-3D,20260843,inplane,pos,0.317755753808618,4918.000952401741
TB5-3D,20260843,inplane,vel,-0.18900664274010298,4918.000952401741
TB5-3D,20260843,inplane,pos,-1.1617063372133678,4934918.254806237
TB5-3D,20260843,inplane,vel,1.4683419998397067,4934918.254806237
TB5-3D,20260843,plane,pos,1.1583204204112663,4064.736135249651
TB5-3D,20260843,plane,vel,-1.5185476727758576,4064.736135249651
TB5-3D,20260843,plane,pos,1.247144044176179,1246.8327949621555
TB5-3D,20260843,plane,vel,0.21512489694904596,1246.8327949621555
TB5-3D,20260843,plane,pos,1.5997644511253362,767.3231556016187
TB5-3D,20260843,plane,vel,2.718759381048139,767.3231556016187
TB5-3D,20260843,plane,pos,2.0182804815166824,193590.38783561575
TB5-3D,20260843,plane,vel,1.7428997770312975,193590.38783561575
TB5-3D,20260843,plane,pos,0.04393059338922696,7307.705917170991
TB5-3D,20260843,plane,vel,0.45405043354169133,7307.705917170991
TB5-3D,20260843,plane,pos,-1.3223652688385945,4918.000952401741
TB5-3D,20260843,plane,vel,0.555081672668538,4918.000952401741
TB5-3D,20260843,plane,pos,-0.0856727583548005,4934918.254806237
TB5-3D,20260843,plane,vel,-0.9770704943593287,4934918.254806237
TB5-3D,20260843,range,pos,0.16165672563407907,11954954.753897097
TB5-3D,20260843,range,vel,0.43158699552312596,11954954.753897097
TB5-3D,20260843,range,pos,0.14328227038265226,5417385.898271738
TB5-3D,20260843,range,vel,0.14766928070698143,5417385.898271738
TB5-3D,20260843,range,pos,0.31837437882513736,9761411.502838263
TB5-3D,20260843,range,vel,0.41506174549633595,9761411.502838263
TB5-3D,20260843,range,pos,0.1980365704208297,147540.7072830504
TB5-3D,20260843,range,vel,-0.9609413246188129,147540.7072830504
TB5-3D,20260843,range,pos,1.5138516420390278,9697026.369620282
TB5-3D,20260843,range,vel,1.473383255536044,9697026.369620282
TB5-3D,20260843,range,pos,1.832960878987339,365410.9118584583
TB5-3D,20260843,range,vel,-0.49277166815162426,365410.9118584583
TB5-3D,20260843,range,pos,-1.871913697390665,250392.65215812044
TB5-3D,20260843,range,vel,1.305849112398961,250392.65215812044
TB5-3D,20260843,range,pos,0.42319128180715504,769613.8317699357
TB5-3D,20260843,range,vel,-0.14636581982045138,769613.8317699357
TB5-3D,20260843,inplane,pos,-0.13685308500520066,11954954.753897097
TB5-3D,20260843,inplane,vel,-0.37049293369535696,11954954.753897097
TB5-3D,20260843,inplane,pos,0.13334508402402567,5417385.898271738
TB5-3D,20260843,inplane,vel,0.07635186747861564,5417385.898271738
TB5-3D,20260843,inplane,pos,-0.9649087094523984,9761411.502838263
TB5-3D,20260843,inplane,vel,-0.8672671641712906,9761411.502838263
TB5-3D,20260843,inplane,pos,-0.7347588068361898,147540.7072830504
TB5-3D,20260843,inplane,vel,-0.031292152936261405,147540.7072830504
TB5-3D,20260843,inplane,pos,-1.7939735058224364,9697026.369620282
TB5-3D,20260843,inplane,vel,1.7976368496636645,9697026.369620282
TB5-3D,20260843,inplane,pos,1.5110309706454403,365410.9118584583
TB5-3D,20260843,inplane,vel,1.9446363310183352,365410.9118584583
TB5-3D,20260843,inplane,pos,-2.322452744598788,250392.65215812044
TB5-3D,20260843,inplane,vel,-2.201505090851032,250392.65215812044
TB5-3D,20260843,inplane,pos,0.7058997325964527,769613.8317699357
TB5-3D,20260843,inplane,vel,0.7519332649255464,769613.8317699357
TB5-3D,20260843,plane,pos,0.6885560714513417,11954954.753897097
TB5-3D,20260843,plane,vel,0.5955400921020046,11954954.753897097
TB5-3D,20260843,plane,pos,-0.7735482491255458,5417385.898271738
TB5-3D,20260843,plane,vel,1.2248184531183215,5417385.898271738
TB5-3D,20260843,plane,pos,-1.9568492767988832,9761411.502838263
TB5-3D,20260843,plane,vel,-0.9489435425110139,9761411.502838263
TB5-3D,20260843,plane,pos,-0.04325949347790362,147540.7072830504
TB5-3D,20260843,plane,vel,-2.2545630757148225,147540.7072830504
TB5-3D,20260843,plane,pos,0.2915889284173349,9697026.369620282
TB5-3D,20260843,plane,vel,0.5342386770600198,9697026.369620282
TB5-3D,20260843,plane,pos,-0.8352636457436955,365410.9118584583
TB5-3D,20260843,plane,vel,0.2760286177654278,365410.9118584583
TB5-3D,20260843,plane,pos,1.0042384884083244,250392.65215812044
TB5-3D,20260843,plane,vel,-1.1769037984498218,250392.65215812044
TB5-3D,20260843,plane,pos,0.7490259009289192,769613.8317699357
TB5-3D,20260843,plane,vel,-0.02061042868961098,769613.8317699357
TB5-3D,20260843,range,pos,-0.5649413354414388,463991.15413470636
TB5-3D,20260843,range,vel,0.042475770722271586,463991.15413470636
TB5-3D,20260843,range,pos,-0.09932757772597126,172592.37562644322
TB5-3D,20260843,range,vel,-0.12856736793977486,172592.37562644322
TB5-3D,20260843,range,pos,-1.0001121680500553,412582.37343442277
TB5-3D,20260843,range,vel,0.22728101368369508,412582.37343442277
TB5-3D,20260843,range,pos,1.399120962685886,6782.766013031105
TB5-3D,20260843,range,vel,-1.411468298397613,6782.766013031105
TB5-3D,20260843,range,pos,0.6512981567148974,280561.9546890829
TB5-3D,20260843,range,vel,-1.1315715582389907,280561.9546890829
TB5-3D,20260843,range,pos,0.7894095155712456,178719.04898954704
TB5-3D,20260843,range,vel,1.2059295326036814,178719.04898954704
TB5-3D,20260843,range,pos,-0.5644308652491475,5973.07674226123
TB5-3D,20260843,range,vel,-1.2957474044254127,5973.07674226123
TB5-3D,20260843,range,pos,-0.3155746706513735,182511.14145042817
TB5-3D,20260843,range,vel,-0.062172506348618956,182511.14145042817
TB5-3D,20260843,inplane,pos,-0.5955563087642213,463991.15413470636
TB5-3D,20260843,inplane,vel,-0.3590982369592025,463991.15413470636
TB5-3D,20260843,inplane,pos,0.08334582635129306,172592.37562644322
TB5-3D,20260843,inplane,vel,-0.20596186345917608,172592.37562644322
TB5-3D,20260843,inplane,pos,-0.9110580509079708,412582.37343442277
TB5-3D,20260843,inplane,vel,-1.3104396509083795,412582.37343442277
TB5-3D,20260843,inplane,pos,0.5827686214207157,6782.766013031105
TB5-3D,20260843,inplane,vel,-0.6227041759843338,6782.766013031105
TB5-3D,20260843,inplane,pos,-0.8528165048766533,280561.9546890829
TB5-3D,20260843,inplane,vel,0.7037723109730347,280561.9546890829
TB5-3D,20260843,inplane,pos,1.1369318219553863,178719.04898954704
TB5-3D,20260843,inplane,vel,0.9779186909368243,178719.04898954704
TB5-3D,20260843,inplane,pos,-1.0856846503631739,5973.07674226123
TB5-3D,20260843,inplane,vel,-0.37106197135626817,5973.07674226123
TB5-3D,20260843,inplane,pos,0.09755930596654258,182511.14145042817
TB5-3D,20260843,inplane,vel,0.39586088697205907,182511.14145042817
TB5-3D,20260843,plane,pos,0.7852722588243904,463991.15413470636
TB5-3D,20260843,plane,vel,-0.2888695377760643,463991.15413470636
TB5-3D,20260843,plane,pos,0.9423865965525209,172592.37562644322
TB5-3D,20260843,plane,vel,1.4749353870379178,172592.37562644322
TB5-3D,20260843,plane,pos,0.32189959257252415,412582.37343442277
TB5-3D,20260843,plane,vel,2.8690609301304595,412582.37343442277
TB5-3D,20260843,plane,pos,2.05238392496521,6782.766013031105
TB5-3D,20260843,plane,vel,0.42847881852884284,6782.766013031105
TB5-3D,20260843,plane,pos,-0.28131236402929266,280561.9546890829
TB5-3D,20260843,plane,vel,-0.7037922477812861,280561.9546890829
TB5-3D,20260843,plane,pos,-1.0819293224713427,178719.04898954704
TB5-3D,20260843,plane,vel,-1.1001490041989659,178719.04898954704
TB5-3D,20260843,plane,pos,-0.05120751404701913,5973.07674226123
TB5-3D,20260843,plane,vel,-0.4091696720908852,5973.07674226123
TB5-3D,20260843,plane,pos,-0.23762792427795534,182511.14145042817
TB5-3D,20260843,plane,vel,-0.6037694676124055,182511.14145042817
TB5-3D,20260850,range,pos,-0.8990833320815504,538230.5811116626
TB5-3D,20260850,range,vel,0.43726143773991616,538230.5811116626
TB5-3D,20260850,range,pos,1.4360531130109757,117861.76904368516
TB5-3D,20260850,range,vel,0.022144796946861358,117861.76904368516
TB5-3D,20260850,range,pos,-0.47128452403959015,578946.8411255124
TB5-3D,20260850,range,vel,-0.4749046466759678,578946.8411255124
TB5-3D,20260850,range,pos,-0.8261130885516422,46623.26687075556
TB5-3D,20260850,range,vel,-1.2706429590984583,46623.26687075556
TB5-3D,20260850,range,pos,0.5106353918700475,232332.39742403023
TB5-3D,20260850,range,vel,-0.6192432812508112,232332.39742403023
TB5-3D,20260850,range,pos,-1.678707303697419,439226.57570402947
TB5-3D,20260850,range,vel,-1.1570593917716399,439226.57570402947
TB5-3D,20260850,range,pos,1.4203075301068007,508510.77522300207
TB5-3D,20260850,range,vel,-0.3602798937195124,508510.77522300207
TB5-3D,20260850,range,pos,-0.7947219562328103,322884.697070562
TB5-3D,20260850,range,vel,0.7529144006490014,322884.697070562
TB5-3D,20260850,inplane,pos,-0.8405223550162186,538230.5811116626
TB5-3D,20260850,inplane,vel,-0.6657982076583638,538230.5811116626
TB5-3D,20260850,inplane,pos,-0.9854243329382761,117861.76904368516
TB5-3D,20260850,inplane,vel,-1.2553941372481625,117861.76904368516
TB5-3D,20260850,inplane,pos,-0.3233321968146761,578946.8411255124
TB5-3D,20260850,inplane,vel,-0.5229940992833844,578946.8411255124
TB5-3D,20260850,inplane,pos,-1.3392221272358662,46623.26687075556
TB5-3D,20260850,inplane,vel,-0.6996146720822214,46623.26687075556
TB5-3D,20260850,inplane,pos,-0.658933120831909,232332.39742403023
TB5-3D,20260850,inplane,vel,-0.07064288025636613,232332.39742403023
TB5-3D,20260850,inplane,pos,-0.2344159864807767,439226.57570402947
TB5-3D,20260850,inplane,vel,-1.5723033147097465,439226.57570402947
TB5-3D,20260850,inplane,pos,0.8305791822012779,508510.77522300207
TB5-3D,20260850,inplane,vel,1.1163253892984961,508510.77522300207
TB5-3D,20260850,inplane,pos,0.10194636602982834,322884.697070562
TB5-3D,20260850,inplane,vel,-0.8002350678657769,322884.697070562
TB5-3D,20260850,plane,pos,-0.08480648005997712,538230.5811116626
TB5-3D,20260850,plane,vel,-0.5923247884072066,538230.5811116626
TB5-3D,20260850,plane,pos,0.6399332297214769,117861.76904368516
TB5-3D,20260850,plane,vel,0.49004142448146243,117861.76904368516
TB5-3D,20260850,plane,pos,0.4948408126271792,578946.8411255124
TB5-3D,20260850,plane,vel,-2.0605383208345236,578946.8411255124
TB5-3D,20260850,plane,pos,0.8144423008149929,46623.26687075556
TB5-3D,20260850,plane,vel,-1.1675057726540534,46623.26687075556
TB5-3D,20260850,plane,pos,0.06803100266573024,232332.39742403023
TB5-3D,20260850,plane,vel,0.2581271333299454,232332.39742403023
TB5-3D,20260850,plane,pos,-1.4503413529933546,439226.57570402947
TB5-3D,20260850,plane,vel,0.45092060055754685,439226.57570402947
TB5-3D,20260850,plane,pos,0.061489572332681514,508510.77522300207
TB5-3D,20260850,plane,vel,-0.8040763990009906,508510.77522300207
TB5-3D,20260850,plane,pos,-0.18797633598985636,322884.697070562
TB5-3D,20260850,plane,vel,1.6550481936794008,322884.697070562
TB5-3D,20260850,range,pos,-0.1519943481873734,30402.17700968299
TB5-3D,20260850,range,vel,-1.3503603898336953,30402.17700968299
TB5-3D,20260850,range,pos,0.04819556498608208,88800.71986331737
TB5-3D,20260850,range,vel,-0.42819231407112346,88800.71986331737
TB5-3D,20260850,range,pos,0.4827999609579385,203692.05274151714
TB5-3D,20260850,range,vel,0.011942339295048789,203692.05274151714
TB5-3D,20260850,range,pos,0.4742292605791244,78580.55602516433
TB5-3D,20260850,range,vel,-0.19480884200964602,78580.55602516433
TB5-3D,20260850,range,pos,-0.3572378658809113,21722.830313692564
TB5-3D,20260850,range,vel,0.5317848814520926,21722.830313692564
TB5-3D,20260850,range,pos,-1.1554232963052096,76277.58433946938
TB5-3D,20260850,range,vel,0.7432572992813048,76277.58433946938
TB5-3D,20260850,range,pos,-0.961881427346841,37174.252856413645
TB5-3D,20260850,range,vel,-0.9571641610416329,37174.252856413645
TB5-3D,20260850,range,pos,-0.07336683207246562,12521.417849055606
TB5-3D,20260850,range,vel,-0.037782676965558336,12521.417849055606
TB5-3D,20260850,inplane,pos,-1.0086979500198683,30402.17700968299
TB5-3D,20260850,inplane,vel,-0.06837771439087556,30402.17700968299
TB5-3D,20260850,inplane,pos,-0.6366685637529799,88800.71986331737
TB5-3D,20260850,inplane,vel,-0.08768452152855061,88800.71986331737
TB5-3D,20260850,inplane,pos,0.41055275792774465,203692.05274151714
TB5-3D,20260850,inplane,vel,0.4315451075895238,203692.05274151714
TB5-3D,20260850,inplane,pos,0.3397729333396227,78580.55602516433
TB5-3D,20260850,inplane,vel,0.19058076627087617,78580.55602516433
TB5-3D,20260850,inplane,pos,-1.9587521813398239,21722.830313692564
TB5-3D,20260850,inplane,vel,-1.5044041651724758,21722.830313692564
TB5-3D,20260850,inplane,pos,-0.5432466160191163,76277.58433946938
TB5-3D,20260850,inplane,vel,-0.49106851307108496,76277.58433946938
TB5-3D,20260850,inplane,pos,-0.5503457208394729,37174.252856413645
TB5-3D,20260850,inplane,vel,-1.2955935786185235,37174.252856413645
TB5-3D,20260850,inplane,pos,0.4408297606209691,12521.417849055606
TB5-3D,20260850,inplane,vel,0.618927278590458,12521.417849055606
TB5-3D,20260850,plane,pos,0.1957836450093416,30402.17700968299
TB5-3D,20260850,plane,vel,0.008802892526522419,30402.17700968299
TB5-3D,20260850,plane,pos,-1.2633512756001972,88800.71986331737
TB5-3D,20260850,plane,vel,0.793628809534795,88800.71986331737
TB5-3D,20260850,plane,pos,0.5016485086604654,203692.05274151714
TB5-3D,20260850,plane,vel,0.5948594062720064,203692.05274151714
TB5-3D,20260850,plane,pos,-0.06856154373223561,78580.55602516433
TB5-3D,20260850,plane,vel,0.44295647230996327,78580.55602516433
TB5-3D,20260850,plane,pos,-1.658468083176675,21722.830313692564
TB5-3D,20260850,plane,vel,-0.7645554857758508,21722.830313692564
TB5-3D,20260850,plane,pos,-1.5759822561539947,76277.58433946938
TB5-3D,20260850,plane,vel,-0.3390185732629443,76277.58433946938
TB5-3D,20260850,plane,pos,1.051191848944327,37174.252856413645
TB5-3D,20260850,plane,vel,-1.2746529110844191,37174.252856413645
TB5-3D,20260850,plane,pos,-0.9787285854852532,12521.417849055606
TB5-3D,20260850,plane,vel,0.37200310653105684,12521.417849055606
TB5-3D,20260850,range,pos,-1.0310337413764192,3171.0009112935827
TB5-3D,20260850,range,vel,-0.7377844647108645,3171.0009112935827
TB5-3D,20260850,range,pos,-0.7950155535768569,26483.44488516336
TB5-3D,20260850,range,vel,1.224596765751529,26483.44488516336
TB5-3D,20260850,range,pos,0.11414252231285796,22086.386536290614
TB5-3D,20260850,range,vel,-0.15556864251116606,22086.386536290614
TB5-3D,20260850,range,pos,0.3318345203369232,2705.100334877947
TB5-3D,20260850,range,vel,0.4527423939150498,2705.100334877947
TB5-3D,20260850,range,pos,0.19082597158236003,12801.218528105146
TB5-3D,20260850,range,vel,0.30725466464986195,12801.218528105146
TB5-3D,20260850,range,pos,-0.9007262666514431,11869.80599539886
TB5-3D,20260850,range,vel,-0.25529998775251334,11869.80599539886
TB5-3D,20260850,range,pos,-1.8158686077588058,37846.12045684072
TB5-3D,20260850,range,vel,2.146165377646407,37846.12045684072
TB5-3D,20260850,range,pos,-1.066922654410792,8128.5277548309
TB5-3D,20260850,range,vel,0.9846108533614298,8128.5277548309
TB5-3D,20260850,inplane,pos,0.3550073129601632,3171.0009112935827
TB5-3D,20260850,inplane,vel,0.6692977430867946,3171.0009112935827
TB5-3D,20260850,inplane,pos,1.5388148258110557,26483.44488516336
TB5-3D,20260850,inplane,vel,-0.8155663115542418,26483.44488516336
TB5-3D,20260850,inplane,pos,0.1267703381458715,22086.386536290614
TB5-3D,20260850,inplane,vel,0.12957573664494057,22086.386536290614
TB5-3D,20260850,inplane,pos,0.4923370080723132,2705.100334877947
TB5-3D,20260850,inplane,vel,0.4644887376636948,2705.100334877947
TB5-3D,20260850,inplane,pos,0.7442599544671571,12801.218528105146
TB5-3D,20260850,inplane,vel,0.4687974223683892,12801.218528105146
TB5-3D,20260850,inplane,pos,-0.4917722571573363,11869.80599539886
TB5-3D,20260850,inplane,vel,-0.942031256538446,11869.80599539886
TB5-3D,20260850,inplane,pos,-0.9738798911151714,37846.12045684072
TB5-3D,20260850,inplane,vel,-1.8465748161195459,37846.12045684072
TB5-3D,20260850,inplane,pos,-0.7514189787851111,8128.5277548309
TB5-3D,20260850,inplane,vel,-1.0039702683692517,8128.5277548309
TB5-3D,20260850,plane,pos,0.9766054285940808,3171.0009112935827
TB5-3D,20260850,plane,vel,0.15038264096549311,3171.0009112935827
TB5-3D,20260850,plane,pos,-0.09449567362439881,26483.44488516336
TB5-3D,20260850,plane,vel,1.92705439870297,26483.44488516336
TB5-3D,20260850,plane,pos,0.5997628693906936,22086.386536290614
TB5-3D,20260850,plane,vel,1.2451828925704156,22086.386536290614
TB5-3D,20260850,plane,pos,-0.28567447240105803,2705.100334877947
TB5-3D,20260850,plane,vel,-0.17002293704780994,2705.100334877947
TB5-3D,20260850,plane,pos,-0.07087345349799463,12801.218528105146
TB5-3D,20260850,plane,vel,0.6083647972371944,12801.218528105146
TB5-3D,20260850,plane,pos,0.15309683723172032,11869.80599539886
TB5-3D,20260850,plane,vel,-0.3993945418303152,11869.80599539886
TB5-3D,20260850,plane,pos,1.2396169165056452,37846.12045684072
TB5-3D,20260850,plane,vel,-0.028889628918366793,37846.12045684072
TB5-3D,20260850,plane,pos,-0.565153880374654,8128.5277548309
TB5-3D,20260850,plane,vel,-2.3623040747090904,8128.5277548309
TB5-3D,20260850,range,pos,0.05751906343514725,11418.354202680468
TB5-3D,20260850,range,vel,-0.0008375836520449469,11418.354202680468
TB5-3D,20260850,range,pos,1.0730477819549304,1342765.8446220167
TB5-3D,20260850,range,vel,-0.7853911953353678,1342765.8446220167
TB5-3D,20260850,range,pos,0.6323706178635878,7314.146723281907
TB5-3D,20260850,range,vel,0.3039667015802162,7314.146723281907
TB5-3D,20260850,range,pos,1.1953526943124329,13241075.995595599
TB5-3D,20260850,range,vel,0.9638263254919507,13241075.995595599
TB5-3D,20260850,range,pos,0.13837792495585144,8002484.706701161
TB5-3D,20260850,range,vel,0.1821878278622496,8002484.706701161
TB5-3D,20260850,range,pos,-0.09348362537640244,6090.1427403733505
TB5-3D,20260850,range,vel,-0.057194292434281625,6090.1427403733505
TB5-3D,20260850,range,pos,0.26111293072993336,3812453.119684235
TB5-3D,20260850,range,vel,-0.24509203298410512,3812453.119684235
TB5-3D,20260850,inplane,pos,0.08564638893904136,11418.354202680468
TB5-3D,20260850,inplane,vel,0.11684105445118943,11418.354202680468
TB5-3D,20260850,inplane,pos,-0.5986418698640824,1342765.8446220167
TB5-3D,20260850,inplane,vel,0.8482247432710673,1342765.8446220167
TB5-3D,20260850,inplane,pos,-0.4205827673391454,7314.146723281907
TB5-3D,20260850,inplane,vel,0.6134142694595188,7314.146723281907
TB5-3D,20260850,inplane,pos,-0.5801845384070327,13241075.995595599
TB5-3D,20260850,inplane,vel,-1.7079762255407416,13241075.995595599
TB5-3D,20260850,inplane,pos,0.3635982959767021,8002484.706701161
TB5-3D,20260850,inplane,vel,-0.0793363688328731,8002484.706701161
TB5-3D,20260850,inplane,pos,-0.41505089382057486,6090.1427403733505
TB5-3D,20260850,inplane,vel,-0.0784918611969215,6090.1427403733505
TB5-3D,20260850,inplane,pos,-0.7125894136509743,3812453.119684235
TB5-3D,20260850,inplane,vel,0.047860237603013965,3812453.119684235
TB5-3D,20260850,plane,pos,-0.5813520168079963,11418.354202680468
TB5-3D,20260850,plane,vel,1.0598622335347474,11418.354202680468
TB5-3D,20260850,plane,pos,-0.07036975686222126,1342765.8446220167
TB5-3D,20260850,plane,vel,-0.5860871628348562,1342765.8446220167
TB5-3D,20260850,plane,pos,0.958710539760595,7314.146723281907
TB5-3D,20260850,plane,vel,-0.28280518192991083,7314.146723281907
TB5-3D,20260850,plane,pos,-0.5316004304147836,13241075.995595599
TB5-3D,20260850,plane,vel,0.19244903246044773,13241075.995595599
TB5-3D,20260850,plane,pos,-0.2355660124330216,8002484.706701161
TB5-3D,20260850,plane,vel,0.06991408704953167,8002484.706701161
TB5-3D,20260850,plane,pos,0.932333983744585,6090.1427403733505
TB5-3D,20260850,plane,vel,0.5369939380121362,6090.1427403733505
TB5-3D,20260850,plane,pos,-0.3392888695436663,3812453.119684235
TB5-3D,20260850,plane,vel,2.02623405290883,3812453.119684235
TB5-3D,20260850,range,pos,0.8349563112570155,5397.458405467312
TB5-3D,20260850,range,vel,0.7318111694000966,5397.458405467312
TB5-3D,20260850,range,pos,-2.0267499879186506,88870.78704502319
TB5-3D,20260850,range,vel,-0.5313979331071051,88870.78704502319
TB5-3D,20260850,range,pos,0.2075757337792504,1255.4246305968868
TB5-3D,20260850,range,vel,-0.547431970374249,1255.4246305968868
TB5-3D,20260850,range,pos,0.32039554548351495,676902.1944019821
TB5-3D,20260850,range,vel,-0.9658772090904291,676902.1944019821
TB5-3D,20260850,range,pos,1.070625298435312,66745.28624640746
TB5-3D,20260850,range,vel,-0.5037316915567707,66745.28624640746
TB5-3D,20260850,range,pos,-1.78569334392086,813335.798000363
TB5-3D,20260850,range,vel,1.5732833584426238,813335.798000363
TB5-3D,20260850,range,pos,0.15707984430057179,171458.13961306552
TB5-3D,20260850,range,vel,-0.004574013473219122,171458.13961306552
TB5-3D,20260850,inplane,pos,-0.718972046685261,5397.458405467312
TB5-3D,20260850,inplane,vel,0.7250695787103187,5397.458405467312
TB5-3D,20260850,inplane,pos,-2.0927767756603353,88870.78704502319
TB5-3D,20260850,inplane,vel,-2.2389573115477384,88870.78704502319
TB5-3D,20260850,inplane,pos,0.794291620302401,1255.4246305968868
TB5-3D,20260850,inplane,vel,-1.2077712869140977,1255.4246305968868
TB5-3D,20260850,inplane,pos,-1.033551920970436,676902.1944019821
TB5-3D,20260850,inplane,vel,0.00046923974853305735,676902.1944019821
TB5-3D,20260850,inplane,pos,0.6064046792451974,66745.28624640746
TB5-3D,20260850,inplane,vel,-0.05345664069115076,66745.28624640746
TB5-3D,20260850,inplane,pos,0.6603689160110492,813335.798000363
TB5-3D,20260850,inplane,vel,-1.1882202853330162,813335.798000363
TB5-3D,20260850,inplane,pos,-0.5001352093233071,171458.13961306552
TB5-3D,20260850,inplane,vel,0.044236784683591594,171458.13961306552
TB5-3D,20260850,plane,pos,-0.017835222325314773,5397.458405467312
TB5-3D,20260850,plane,vel,0.1341567499719367,5397.458405467312
TB5-3D,20260850,plane,pos,0.22206860421734767,88870.78704502319
TB5-3D,20260850,plane,vel,0.7456783207575196,88870.78704502319
TB5-3D,20260850,plane,pos,1.1025262339969875,1255.4246305968868
TB5-3D,20260850,plane,vel,0.2445741329759445,1255.4246305968868
TB5-3D,20260850,plane,pos,0.3299948912090053,676902.1944019821
TB5-3D,20260850,plane,vel,0.14305562127043,676902.1944019821
TB5-3D,20260850,plane,pos,-0.633016354159363,66745.28624640746
TB5-3D,20260850,plane,vel,0.6647012508657192,66745.28624640746
TB5-3D,20260850,plane,pos,-0.8696333945729904,813335.798000363
TB5-3D,20260850,plane,vel,-0.09928237130538706,813335.798000363
TB5-3D,20260850,plane,pos,-0.2587782232059782,171458.13961306552
TB5-3D,20260850,plane,vel,0.72063747874958,171458.13961306552
TB5-3D,20260850,range,pos,-0.4626130944023526,7259.488605855477
TB5-3D,20260850,range,vel,0.4737811459231808,7259.488605855477
TB5-3D,20260850,range,pos,-1.1496188617508944,33778.03969495677
TB5-3D,20260850,range,vel,-0.8789750226824734,33778.03969495677
TB5-3D,20260850,range,pos,-2.396027259447279,1269007.562055957
TB5-3D,20260850,range,vel,2.5467937449075237,1269007.562055957
TB5-3D,20260850,range,pos,0.4963100868505598,54023.99853449167
TB5-3D,20260850,range,vel,-0.7354771390298602,54023.99853449167
TB5-3D,20260850,range,pos,-0.9068139497151081,57999.78318152256
TB5-3D,20260850,range,vel,-0.3589518812329376,57999.78318152256
TB5-3D,20260850,range,pos,0.7805625152950066,909254.8803875733
TB5-3D,20260850,range,vel,-1.0674253029152359,909254.8803875733
TB5-3D,20260850,range,pos,0.04692626107533325,96945.77521710284
TB5-3D,20260850,range,vel,0.15646368265422908,96945.77521710284
TB5-3D,20260850,inplane,pos,0.19744806546195803,7259.488605855477
TB5-3D,20260850,inplane,vel,-0.44248381907571904,7259.488605855477
TB5-3D,20260850,inplane,pos,-0.8544188690110106,33778.03969495677
TB5-3D,20260850,inplane,vel,-1.4884623473356067,33778.03969495677
TB5-3D,20260850,inplane,pos,-0.5177374722850604,1269007.562055957
TB5-3D,20260850,inplane,vel,-2.622253923945237,1269007.562055957
TB5-3D,20260850,inplane,pos,2.4117594378953524,54023.99853449167
TB5-3D,20260850,inplane,vel,2.581875414236015,54023.99853449167
TB5-3D,20260850,inplane,pos,0.26801538213600695,57999.78318152256
TB5-3D,20260850,inplane,vel,-1.0999721398734943,57999.78318152256
TB5-3D,20260850,inplane,pos,0.10678482593096858,909254.8803875733
TB5-3D,20260850,inplane,vel,0.548312505055578,909254.8803875733
TB5-3D,20260850,inplane,pos,0.30193644769623135,96945.77521710284
TB5-3D,20260850,inplane,vel,0.09412094165788122,96945.77521710284
TB5-3D,20260850,plane,pos,-0.4056821074019503,7259.488605855477
TB5-3D,20260850,plane,vel,0.3493940374149824,7259.488605855477
TB5-3D,20260850,plane,pos,2.156642732440739,33778.03969495677
TB5-3D,20260850,plane,vel,0.8816070463772071,33778.03969495677
TB5-3D,20260850,plane,pos,1.0494046450570247,1269007.562055957
TB5-3D,20260850,plane,vel,1.0612273584962517,1269007.562055957
TB5-3D,20260850,plane,pos,-0.1173491003577399,54023.99853449167
TB5-3D,20260850,plane,vel,-0.6773623910151585,54023.99853449167
TB5-3D,20260850,plane,pos,0.1462692966083789,57999.78318152256
TB5-3D,20260850,plane,vel,-1.0567125755907931,57999.78318152256
TB5-3D,20260850,plane,pos,-0.9177457656876243,909254.8803875733
TB5-3D,20260850,plane,vel,-0.7052200441732014,909254.8803875733
TB5-3D,20260850,plane,pos,0.4957919938231512,96945.77521710284
TB5-3D,20260850,plane,vel,0.5806867091856343,96945.77521710284
TB5-3D,20260857,range,pos,0.7472904986286315,91944.81897238098
TB5-3D,20260857,range,vel,0.7992187466159678,91944.81897238098
TB5-3D,20260857,range,pos,-0.9127103587698027,4286162.7691935
TB5-3D,20260857,range,vel,1.060613896605354,4286162.7691935
TB5-3D,20260857,range,pos,-0.4078021012677052,914472.4993722902
TB5-3D,20260857,range,vel,0.21204780170841298,914472.4993722902
TB5-3D,20260857,range,pos,-0.005797519417738518,985354.4050592303
TB5-3D,20260857,range,vel,-1.1281800007501446,985354.4050592303
TB5-3D,20260857,range,pos,0.20617836678467907,401626.7720049108
TB5-3D,20260857,range,vel,-1.5423148726034317,401626.7720049108
TB5-3D,20260857,range,pos,2.0136863674284484,275094.48639603425
TB5-3D,20260857,range,vel,-2.71749372072236,275094.48639603425
TB5-3D,20260857,range,pos,-1.3768736685793699,167297.07335138967
TB5-3D,20260857,range,vel,1.207844090850435,167297.07335138967
TB5-3D,20260857,range,pos,0.3770527312396968,2846982.547910851
TB5-3D,20260857,range,vel,0.1890169724844735,2846982.547910851
TB5-3D,20260857,inplane,pos,-0.6284274526139048,91944.81897238098
TB5-3D,20260857,inplane,vel,1.1734047158886234,91944.81897238098
TB5-3D,20260857,inplane,pos,-0.13755262443789779,4286162.7691935
TB5-3D,20260857,inplane,vel,-0.5112798541885841,4286162.7691935
TB5-3D,20260857,inplane,pos,-0.1315987142899859,914472.4993722902
TB5-3D,20260857,inplane,vel,-0.16120143137465198,914472.4993722902
TB5-3D,20260857,inplane,pos,-1.4484764638378984,985354.4050592303
TB5-3D,20260857,inplane,vel,-0.4615015287303307,985354.4050592303
TB5-3D,20260857,inplane,pos,3.004783884832515,401626.7720049108
TB5-3D,20260857,inplane,vel,3.5518829120942192,401626.7720049108
TB5-3D,20260857,inplane,pos,-1.8415201843633073,275094.48639603425
TB5-3D,20260857,inplane,vel,1.62344199327496,275094.48639603425
TB5-3D,20260857,inplane,pos,-1.086368072428122,167297.07335138967
TB5-3D,20260857,inplane,vel,-0.18448787823205526,167297.07335138967
TB5-3D,20260857,inplane,pos,-0.22458459203643868,2846982.547910851
TB5-3D,20260857,inplane,vel,0.25506304827169907,2846982.547910851
TB5-3D,20260857,plane,pos,0.11456873807353185,91944.81897238098
TB5-3D,20260857,plane,vel,-0.08607068283187562,91944.81897238098
TB5-3D,20260857,plane,pos,0.14774050828603214,4286162.7691935
TB5-3D,20260857,plane,vel,1.1623376994238315,4286162.7691935
TB5-3D,20260857,plane,pos,-0.24696200659409137,914472.4993722902
TB5-3D,20260857,plane,vel,-0.8086200217111237,914472.4993722902
TB5-3D,20260857,plane,pos,-0.5990302979443018,985354.4050592303
TB5-3D,20260857,plane,vel,1.8669298227723499,985354.4050592303
TB5-3D,20260857,plane,pos,-0.13926810592694192,401626.7720049108
TB5-3D,20260857,plane,vel,0.39368942643236177,401626.7720049108
TB5-3D,20260857,plane,pos,-1.2547313697718325,275094.48639603425
TB5-3D,20260857,plane,vel,-0.030193455127353674,275094.48639603425
TB5-3D,20260857,plane,pos,0.5387872785197426,167297.07335138967
TB5-3D,20260857,plane,vel,0.1817800362268068,167297.07335138967
TB5-3D,20260857,plane,pos,1.076839773476688,2846982.547910851
TB5-3D,20260857,plane,vel,0.9799927327656609,2846982.547910851
TB5-3D,20260857,range,pos,0.5993739877739712,15373.274390021379
TB5-3D,20260857,range,vel,-0.6126198995120965,15373.274390021379
TB5-3D,20260857,range,pos,-1.2602673171639451,44961.310230662464
TB5-3D,20260857,range,vel,1.2289367216388989,44961.310230662464
TB5-3D,20260857,range,pos,0.1963341335271191,86710.81150201736
TB5-3D,20260857,range,vel,0.6212213292925197,86710.81150201736
TB5-3D,20260857,range,pos,-2.5740428349694024,119133.31988321536
TB5-3D,20260857,range,vel,1.9327042724457482,119133.31988321536
TB5-3D,20260857,range,pos,-3.1119359504669175,76041.25416481173
TB5-3D,20260857,range,vel,-3.083811204572442,76041.25416481173
TB5-3D,20260857,range,pos,-0.10816222677254017,12357.093614527817
TB5-3D,20260857,range,vel,0.017721472445671384,12357.093614527817
TB5-3D,20260857,range,pos,-1.0798349566043417,167343.34507615937
TB5-3D,20260857,range,vel,1.1628461980028035,167343.34507615937
TB5-3D,20260857,range,pos,-2.2334947639824563,133878.68794724924
TB5-3D,20260857,range,vel,2.564159655371545,133878.68794724924
TB5-3D,20260857,inplane,pos,-0.3719727400432961,15373.274390021379
TB5-3D,20260857,inplane,vel,0.523245725267701,15373.274390021379
TB5-3D,20260857,inplane,pos,0.24709637452047156,44961.310230662464
TB5-3D,20260857,inplane,vel,-0.6074823294455988,44961.310230662464
TB5-3D,20260857,inplane,pos,0.5931239832939227,86710.81150201736
TB5-3D,20260857,inplane,vel,-0.0862150393412448,86710.81150201736
TB5-3D,20260857,inplane,pos,-2.312195155209756,119133.31988321536
TB5-3D,20260857,inplane,vel,-2.600044742740935,119133.31988321536
TB5-3D,20260857,inplane,pos,-2.185911377781111,76041.25416481173
TB5-3D,20260857,inplane,vel,3.0648541616984804,76041.25416481173
TB5-3D,20260857,inplane,pos,0.47680628266908365,12357.093614527817
TB5-3D,20260857,inplane,vel,-0.42780393107833287,12357.093614527817
TB5-3D,20260857,inplane,pos,0.7967508837583381,167343.34507615937
TB5-3D,20260857,inplane,vel,-0.13075126482456248,167343.34507615937
TB5-3D,20260857,inplane,pos,1.334781029004971,133878.68794724924
TB5-3D,20260857,inplane,vel,-2.185586400474578,133878.68794724924
TB5-3D,20260857,plane,pos,0.5035471421249916,15373.274390021379
TB5-3D,20260857,plane,vel,-0.1157761151296944,15373.274390021379
TB5-3D,20260857,plane,pos,-2.067584911610036,44961.310230662464
TB5-3D,20260857,plane,vel,0.4014721202232732,44961.310230662464
TB5-3D,20260857,plane,pos,-0.3693896303222482,86710.81150201736
TB5-3D,20260857,plane,vel,0.08234302728419553,86710.81150201736
TB5-3D,20260857,plane,pos,0.24774984147566737,119133.31988321536
TB5-3D,20260857,plane,vel,1.428352282770071,119133.31988321536
TB5-3D,20260857,plane,pos,-0.42937188578282576,76041.25416481173
TB5-3D,20260857,plane,vel,-2.608658251885144,76041.25416481173
TB5-3D,20260857,plane,pos,-0.5381183680710224,12357.093614527817
TB5-3D,20260857,plane,vel,-0.3584159940355606,12357.093614527817
TB5-3D,20260857,plane,pos,0.4707551537388735,167343.34507615937
TB5-3D,20260857,plane,vel,0.41891478731526566,167343.34507615937
TB5-3D,20260857,plane,pos,-1.5505972197104736,133878.68794724924
TB5-3D,20260857,plane,vel,1.033739173600784,133878.68794724924
TB5-3D,20260857,range,pos,-1.7760522170502644,3909.2215553673595
TB5-3D,20260857,range,vel,0.26251645168186705,3909.2215553673595
TB5-3D,20260857,range,pos,0.6892699517372533,28541.682156633018
TB5-3D,20260857,range,vel,-0.015826974783747637,28541.682156633018
TB5-3D,20260857,range,pos,0.021800633323989713,63659.60341770702
TB5-3D,20260857,range,vel,-0.5343825349713645,63659.60341770702
TB5-3D,20260857,range,pos,-0.17480899932671962,21412.03924083907
TB5-3D,20260857,range,vel,-0.0018775928809679572,21412.03924083907
TB5-3D,20260857,range,pos,0.16163559453598864,106672.6825229054
TB5-3D,20260857,range,vel,-0.5371857083629431,106672.6825229054
TB5-3D,20260857,range,pos,-0.2907668448011566,10084.035010069938
TB5-3D,20260857,range,vel,-0.30407523713905127,10084.035010069938
TB5-3D,20260857,range,pos,0.45574299554325304,67274.53593216508
TB5-3D,20260857,range,vel,0.47632732775017195,67274.53593216508
TB5-3D,20260857,range,pos,-0.1959674677322428,34702.73532609658
TB5-3D,20260857,range,vel,-0.33843315941966706,34702.73532609658
TB5-3D,20260857,inplane,pos,-1.3419755196920589,3909.2215553673595
TB5-3D,20260857,inplane,vel,-1.8731932396309894,3909.2215553673595
TB5-3D,20260857,inplane,pos,0.7452548363867132,28541.682156633018
TB5-3D,20260857,inplane,vel,0.7142117186395565,28541.682156633018
TB5-3D,20260857,inplane,pos,-0.592588070090085,63659.60341770702
TB5-3D,20260857,inplane,vel,0.21651952088927617,63659.60341770702
TB5-3D,20260857,inplane,pos,-0.30527949855298386,21412.03924083907
TB5-3D,20260857,inplane,vel,-0.6868496707017921,21412.03924083907
TB5-3D,20260857,inplane,pos,-1.0620102505195037,106672.6825229054
TB5-3D,20260857,inplane,vel,0.16342307405950648,106672.6825229054
TB5-3D,20260857,inplane,pos,-0.31648509184035944,10084.035010069938
TB5-3D,20260857,inplane,vel,-0.25563965601483957,10084.035010069938
TB5-3D,20260857,inplane,pos,0.19921636090555822,67274.53593216508
TB5-3D,20260857,inplane,vel,0.509487245519231,67274.53593216508
TB5-3D,20260857,inplane,pos,-1.1497312313319707,34702.73532609658
TB5-3D,20260857,inplane,vel,-0.5520032587176045,34702.73532609658
TB5-3D,20260857,plane,pos,-0.26708705399515825,3909.2215553673595
TB5-3D,20260857,plane,vel,-0.34453691304575174,3909.2215553673595
TB5-3D,20260857,plane,pos,1.8892912297689077,28541.682156633018
TB5-3D,20260857,plane,vel,2.2840474426161057,28541.682156633018
TB5-3D,20260857,plane,pos,0.7536281597455571,63659.60341770702
TB5-3D,20260857,plane,vel,0.21476719570474667,63659.60341770702
TB5-3D,20260857,plane,pos,-0.5142208229894906,21412.03924083907
TB5-3D,20260857,plane,vel,0.276966044278236,21412.03924083907
TB5-3D,20260857,plane,pos,-0.39174804749866765,106672.6825229054
TB5-3D,20260857,plane,vel,0.11310135895385594,106672.6825229054
TB5-3D,20260857,plane,pos,-0.8773992682017089,10084.035010069938
TB5-3D,20260857,plane,vel,0.838757029014803,10084.035010069938
TB5-3D,20260857,plane,pos,1.4038523485967604,67274.53593216508
TB5-3D,20260857,plane,vel,-0.27581889497716566,67274.53593216508
TB5-3D,20260857,plane,pos,0.5019134521639984,34702.73532609658
TB5-3D,20260857,plane,vel,-0.21576471479189882,34702.73532609658
TB5-3D,20260857,range,pos,-1.6312205747850335,341435.5726693474
TB5-3D,20260857,range,vel,-1.5306111149689974,341435.5726693474
TB5-3D,20260857,range,pos,1.7935700150599212,3133.3532446563563
TB5-3D,20260857,range,vel,1.8075668261686113,3133.3532446563563
TB5-3D,20260857,range,pos,-0.6462128190773783,3233.9595101909877
TB5-3D,20260857,range,vel,-0.41225049784960915,3233.9595101909877
TB5-3D,20260857,range,pos,0.45280857236795613,7134.445834843543
TB5-3D,20260857,range,vel,0.4472572129111892,7134.445834843543
TB5-3D,20260857,range,pos,0.1974938095308584,28961.520110492398
TB5-3D,20260857,range,vel,0.10575212162122889,28961.520110492398
TB5-3D,20260857,range,pos,0.6013504661650588,790006.6581860177
TB5-3D,20260857,range,vel,0.2377819315799713,790006.6581860177
TB5-3D,20260857,range,pos,0.8530820804100865,6698.201806294294
TB5-3D,20260857,range,vel,-0.6086681640722903,6698.201806294294
TB5-3D,20260857,range,pos,-1.1608454018447942,3486.0019320769456
TB5-3D,20260857,range,vel,1.1191556292036193,3486.0019320769456
TB5-3D,20260857,inplane,pos,0.713108451901143,341435.5726693474
TB5-3D,20260857,inplane,vel,-1.7290038626833562,341435.5726693474
TB5-3D,20260857,inplane,pos,-0.16402682516460657,3133.3532446563563
TB5-3D,20260857,inplane,vel,1.6957089319205345,3133.3532446563563
TB5-3D,20260857,inplane,pos,0.25474713965938256,3233.9595101909877
TB5-3D,20260857,inplane,vel,-0.3441306551764031,3233.9595101909877
TB5-3D,20260857,inplane,pos,1.2376441235015745,7134.445834843543
TB5-3D,20260857,inplane,vel,0.4823482271199017,7134.445834843543
TB5-3D,20260857,inplane,pos,-0.061531085380706486,28961.520110492398
TB5-3D,20260857,inplane,vel,-0.227348488400866,28961.520110492398
TB5-3D,20260857,inplane,pos,0.6596120504119934,790006.6581860177
TB5-3D,20260857,inplane,vel,0.8031761652461878,790006.6581860177
TB5-3D,20260857,inplane,pos,1.3755734017873056,6698.201806294294
TB5-3D,20260857,inplane,vel,1.178438154776249,6698.201806294294
TB5-3D,20260857,inplane,pos,-0.24342179876533582,3486.0019320769456
TB5-3D,20260857,inplane,vel,-0.7618108401660655,3486.0019320769456
TB5-3D,20260857,plane,pos,-1.010568047923311,341435.5726693474
TB5-3D,20260857,plane,vel,-1.7658689320296235,341435.5726693474
TB5-3D,20260857,plane,pos,-0.41799193038970045,3133.3532446563563
TB5-3D,20260857,plane,vel,0.5430366105277247,3133.3532446563563
TB5-3D,20260857,plane,pos,-1.4558565231021277,3233.9595101909877
TB5-3D,20260857,plane,vel,-0.34818912880340946,3233.9595101909877
TB5-3D,20260857,plane,pos,0.5082862223605441,7134.445834843543
TB5-3D,20260857,plane,vel,-0.17495574117861573,7134.445834843543
TB5-3D,20260857,plane,pos,-0.430512425277582,28961.520110492398
TB5-3D,20260857,plane,vel,-0.4043537969876183,28961.520110492398
TB5-3D,20260857,plane,pos,0.9306916572501079,790006.6581860177
TB5-3D,20260857,plane,vel,0.037868618027459056,790006.6581860177
TB5-3D,20260857,plane,pos,-0.3707720687542646,6698.201806294294
TB5-3D,20260857,plane,vel,0.9616615734802831,6698.201806294294
TB5-3D,20260857,plane,pos,-1.0492198574101983,3486.0019320769456
TB5-3D,20260857,plane,vel,-2.371490707882711,3486.0019320769456
TB5-3D,20260857,range,pos,-0.6713879245889585,170969.91341035685
TB5-3D,20260857,range,vel,-0.5049080566518682,170969.91341035685
TB5-3D,20260857,range,pos,-0.5897413019311707,5858.851198826513
TB5-3D,20260857,range,vel,0.8517282495827139,5858.851198826513
TB5-3D,20260857,range,pos,1.5389752838726554,12558042.959684666
TB5-3D,20260857,range,vel,1.2962027761871395,12558042.959684666
TB5-3D,20260857,range,pos,1.3411677146502718,1976.529569420247
TB5-3D,20260857,range,vel,-0.48594438015017016,1976.529569420247
TB5-3D,20260857,range,pos,-1.796796701183871,4362.993258220092
TB5-3D,20260857,range,vel,1.5375553656554928,4362.993258220092
TB5-3D,20260857,range,pos,0.14116009888461462,222218.73867233243
TB5-3D,20260857,range,vel,-0.7568044985623833,222218.73867233243
TB5-3D,20260857,range,pos,0.866300345985464,3729.4051814723193
TB5-3D,20260857,range,vel,1.1514594654834658,3729.4051814723193
TB5-3D,20260857,inplane,pos,-0.7944722508427678,170969.91341035685
TB5-3D,20260857,inplane,vel,-0.7470714365247073,170969.91341035685
TB5-3D,20260857,inplane,pos,-0.5110533508829626,5858.851198826513
TB5-3D,20260857,inplane,vel,-1.0526440935819337,5858.851198826513
TB5-3D,20260857,inplane,pos,-2.3693245965828744,12558042.959684666
TB5-3D,20260857,inplane,vel,-2.1142514682652256,12558042.959684666
TB5-3D,20260857,inplane,pos,1.573318921337872,1976.529569420247
TB5-3D,20260857,inplane,vel,1.619115998947675,1976.529569420247
TB5-3D,20260857,inplane,pos,0.3498202799742336,4362.993258220092
TB5-3D,20260857,inplane,vel,0.41809460147460414,4362.993258220092
TB5-3D,20260857,inplane,pos,-0.8234619451685978,222218.73867233243
TB5-3D,20260857,inplane,vel,0.16529018087470104,222218.73867233243
TB5-3D,20260857,inplane,pos,0.7257332722540311,3729.4051814723193
TB5-3D,20260857,inplane,vel,0.7148262398473003,3729.4051814723193
TB5-3D,20260857,plane,pos,1.2918792454031478,170969.91341035685
TB5-3D,20260857,plane,vel,0.08112306156401608,170969.91341035685
TB5-3D,20260857,plane,pos,1.119582894486449,5858.851198826513
TB5-3D,20260857,plane,vel,0.1497789856299909,5858.851198826513
TB5-3D,20260857,plane,pos,-0.7646141947714165,12558042.959684666
TB5-3D,20260857,plane,vel,-0.2954795004065802,12558042.959684666
TB5-3D,20260857,plane,pos,-2.358420175735774,1976.529569420247
TB5-3D,20260857,plane,vel,0.7726890567308139,1976.529569420247
TB5-3D,20260857,plane,pos,0.8553550863016848,4362.993258220092
TB5-3D,20260857,plane,vel,0.3355259454494523,4362.993258220092
TB5-3D,20260857,plane,pos,1.0965329742297727,222218.73867233243
TB5-3D,20260857,plane,vel,1.3515059263473763,222218.73867233243
TB5-3D,20260857,plane,pos,0.7576448872613064,3729.4051814723193
TB5-3D,20260857,plane,vel,0.0592233333381482,3729.4051814723193
TB5-3D,20260857,range,pos,-0.8305624225675622,13362.512739445354
TB5-3D,20260857,range,vel,-0.5096850486534313,13362.512739445354
TB5-3D,20260857,range,pos,0.19940406156255697,2527.8530661126324
TB5-3D,20260857,range,vel,-0.37787922465531504,2527.8530661126324
TB5-3D,20260857,range,pos,-2.0438245461958955,910255.8432064862
TB5-3D,20260857,range,vel,1.018235227558242,910255.8432064862
TB5-3D,20260857,range,pos,0.6610148022255738,3474.17949417954
TB5-3D,20260857,range,vel,1.0475152126164267,3474.17949417954
TB5-3D,20260857,range,pos,-0.6254062915616886,2212046.2335457182
TB5-3D,20260857,range,vel,0.8713504168553454,2212046.2335457182
TB5-3D,20260857,range,pos,-0.1196848777522974,67600.96626666798
TB5-3D,20260857,range,vel,-1.106357645409782,67600.96626666798
TB5-3D,20260857,range,pos,0.9856239512418669,1934809.1327097467
TB5-3D,20260857,range,vel,0.6126496954750571,1934809.1327097467
TB5-3D,20260857,range,pos,-0.18851008051715246,691260.2954526894
TB5-3D,20260857,range,vel,-0.2743705407944905,691260.2954526894
TB5-3D,20260857,inplane,pos,0.8048770941431362,13362.512739445354
TB5-3D,20260857,inplane,vel,-0.7364837880508295,13362.512739445354
TB5-3D,20260857,inplane,pos,0.387333779427766,2527.8530661126324
TB5-3D,20260857,inplane,vel,0.5661733222108596,2527.8530661126324
TB5-3D,20260857,inplane,pos,-2.008099071845648,910255.8432064862
TB5-3D,20260857,inplane,vel,-2.2993879674220024,910255.8432064862
TB5-3D,20260857,inplane,pos,0.893820001598741,3474.17949417954
TB5-3D,20260857,inplane,vel,0.651926898092984,3474.17949417954
TB5-3D,20260857,inplane,pos,-0.0004862883712648664,2212046.2335457182
TB5-3D,20260857,inplane,vel,-0.5640663238647237,2212046.2335457182
TB5-3D,20260857,inplane,pos,-1.4013750228519917,67600.96626666798
TB5-3D,20260857,inplane,vel,-0.20363911225180656,67600.96626666798
TB5-3D,20260857,inplane,pos,1.6720087815547084,1934809.1327097467
TB5-3D,20260857,inplane,vel,0.978818072567049,1934809.1327097467
TB5-3D,20260857,inplane,pos,-0.438363200018891,691260.2954526894
TB5-3D,20260857,inplane,vel,-0.16111999498536578,691260.2954526894
TB5-3D,20260857,plane,pos,0.27173099971365067,13362.512739445354
TB5-3D,20260857,plane,vel,0.022840849888930946,13362.512739445354
TB5-3D,20260857,plane,pos,0.3175019114432191,2527.8530661126324
TB5-3D,20260857,plane,vel,-0.1458742674027477,2527.8530661126324
TB5-3D,20260857,plane,pos,-0.21862067031335797,910255.8432064862
TB5-3D,20260857,plane,vel,0.26452125843535285,910255.8432064862
TB5-3D,20260857,plane,pos,-0.22566103117466588,3474.17949417954
TB5-3D,20260857,plane,vel,1.6005685051272531,3474.17949417954
TB5-3D,20260857,plane,pos,1.1689307712064079,2212046.2335457182
TB5-3D,20260857,plane,vel,-1.1034990599029755,2212046.2335457182
TB5-3D,20260857,plane,pos,0.29961021674888,67600.96626666798
TB5-3D,20260857,plane,vel,0.35260963543362966,67600.96626666798
TB5-3D,20260857,plane,pos,0.16696213279821967,1934809.1327097467
TB5-3D,20260857,plane,vel,-0.00686723288403923,1934809.1327097467
TB5-3D,20260857,plane,pos,-0.17756103516851465,691260.2954526894
TB5-3D,20260857,plane,vel,-0.7951672303509941,691260.2954526894
TB5-3D,20260864,range,pos,-1.195875992221414,1267631.4343434728
TB5-3D,20260864,range,vel,-0.10281740249158156,1267631.4343434728
TB5-3D,20260864,range,pos,0.31473110955013606,2552857.275288201
TB5-3D,20260864,range,vel,-0.6233102129800571,2552857.275288201
TB5-3D,20260864,range,pos,-0.9055910449736335,1507261.0168136328
TB5-3D,20260864,range,vel,0.667436611040083,1507261.0168136328
TB5-3D,20260864,range,pos,-1.8663795815638702,288091.5730304875
TB5-3D,20260864,range,vel,-2.4968428241066767,288091.5730304875
TB5-3D,20260864,range,pos,-2.8092431477862743,309827.2244180801
TB5-3D,20260864,range,vel,0.49188844041766777,309827.2244180801
TB5-3D,20260864,range,pos,-2.151922874692003,158745.30053621237
TB5-3D,20260864,range,vel,1.574564165782332,158745.30053621237
TB5-3D,20260864,range,pos,-0.8663754524934908,8185465.958934534
TB5-3D,20260864,range,vel,0.5856690734868626,8185465.958934534
TB5-3D,20260864,range,pos,-1.276776135235369,754433.2921149101
TB5-3D,20260864,range,vel,2.125190457495279,754433.2921149101
TB5-3D,20260864,inplane,pos,2.7600904243982485,1267631.4343434728
TB5-3D,20260864,inplane,vel,-1.2391986241270025,1267631.4343434728
TB5-3D,20260864,inplane,pos,-0.34041551468218656,2552857.275288201
TB5-3D,20260864,inplane,vel,0.041758135160439386,2552857.275288201
TB5-3D,20260864,inplane,pos,-0.8527450161891187,1507261.0168136328
TB5-3D,20260864,inplane,vel,-1.1161372608899458,1507261.0168136328
TB5-3D,20260864,inplane,pos,-0.5194319911339491,288091.5730304875
TB5-3D,20260864,inplane,vel,-2.700071725299561,288091.5730304875
TB5-3D,20260864,inplane,pos,0.17261104026785595,309827.2244180801
TB5-3D,20260864,inplane,vel,-1.3000928765526922,309827.2244180801
TB5-3D,20260864,inplane,pos,-0.867085138503442,158745.30053621237
TB5-3D,20260864,inplane,vel,-0.20269810439640396,158745.30053621237
TB5-3D,20260864,inplane,pos,-0.7660543312475945,8185465.958934534
TB5-3D,20260864,inplane,vel,-0.5785759731509424,8185465.958934534
TB5-3D,20260864,inplane,pos,0.8412407743891743,754433.2921149101
TB5-3D,20260864,inplane,vel,-0.6715823161760506,754433.2921149101
TB5-3D,20260864,plane,pos,0.07528835463535108,1267631.4343434728
TB5-3D,20260864,plane,vel,-1.599506312379785,1267631.4343434728
TB5-3D,20260864,plane,pos,0.7235201272615602,2552857.275288201
TB5-3D,20260864,plane,vel,-0.7368033643597284,2552857.275288201
TB5-3D,20260864,plane,pos,0.9777837527268071,1507261.0168136328
TB5-3D,20260864,plane,vel,-0.4644544680973177,1507261.0168136328
TB5-3D,20260864,plane,pos,1.1295958934114698,288091.5730304875
TB5-3D,20260864,plane,vel,-0.26515308886155,288091.5730304875
TB5-3D,20260864,plane,pos,-0.5470777817258554,309827.2244180801
TB5-3D,20260864,plane,vel,0.5867700538439854,309827.2244180801
TB5-3D,20260864,plane,pos,0.08583473294301577,158745.30053621237
TB5-3D,20260864,plane,vel,-2.2597901442303248,158745.30053621237
TB5-3D,20260864,plane,pos,-0.08671870009443894,8185465.958934534
TB5-3D,20260864,plane,vel,-0.8380689298592954,8185465.958934534
TB5-3D,20260864,plane,pos,-1.5730235567110769,754433.2921149101
TB5-3D,20260864,plane,vel,-0.022912001114539695,754433.2921149101
TB5-3D,20260864,range,pos,2.210118356078219,171604.06840563088
TB5-3D,20260864,range,vel,1.6447318066008882,171604.06840563088
TB5-3D,20260864,range,pos,-1.304737130837514,130934.62041757641
TB5-3D,20260864,range,vel,0.5141984546907598,130934.62041757641
TB5-3D,20260864,range,pos,-0.501913355060705,542110.5422283369
TB5-3D,20260864,range,vel,0.5407858644169409,542110.5422283369
TB5-3D,20260864,range,pos,-0.6779596259225422,176141.35109674695
TB5-3D,20260864,range,vel,-0.08009501130961956,176141.35109674695
TB5-3D,20260864,range,pos,-0.6449865052397705,48797.18509392677
TB5-3D,20260864,range,vel,0.17233916390516985,48797.18509392677
TB5-3D,20260864,range,pos,-0.8409369177592869,124723.57586930996
TB5-3D,20260864,range,vel,-0.9320617541046086,124723.57586930996
TB5-3D,20260864,range,pos,0.043700550109018695,165245.30178255605
TB5-3D,20260864,range,vel,-0.39445745577884356,165245.30178255605
TB5-3D,20260864,range,pos,2.343239284415939,58678.92607766302
TB5-3D,20260864,range,vel,-0.8797642908494173,58678.92607766302
TB5-3D,20260864,inplane,pos,0.4600113448917352,171604.06840563088
TB5-3D,20260864,inplane,vel,2.182133366954112,171604.06840563088
TB5-3D,20260864,inplane,pos,-1.765711669567428,130934.62041757641
TB5-3D,20260864,inplane,vel,-1.164256438337903,130934.62041757641
TB5-3D,20260864,inplane,pos,-0.15767588968581234,542110.5422283369
TB5-3D,20260864,inplane,vel,-0.5165016322023979,542110.5422283369
TB5-3D,20260864,inplane,pos,-1.3009254054174726,176141.35109674695
TB5-3D,20260864,inplane,vel,-1.8180892473286514,176141.35109674695
TB5-3D,20260864,inplane,pos,-2.7622249899700235,48797.18509392677
TB5-3D,20260864,inplane,vel,-2.06120502259035,48797.18509392677
TB5-3D,20260864,inplane,pos,-1.0278877741487722,124723.57586930996
TB5-3D,20260864,inplane,vel,-0.8946412468304469,124723.57586930996
TB5-3D,20260864,inplane,pos,-0.08340076195075767,165245.30178255605
TB5-3D,20260864,inplane,vel,0.4168367459572976,165245.30178255605
TB5-3D,20260864,inplane,pos,-1.5309802900720537,58678.92607766302
TB5-3D,20260864,inplane,vel,2.206092763767867,58678.92607766302
TB5-3D,20260864,plane,pos,-0.9314590410938786,171604.06840563088
TB5-3D,20260864,plane,vel,0.570846520892856,171604.06840563088
TB5-3D,20260864,plane,pos,-0.02461646481783181,130934.62041757641
TB5-3D,20260864,plane,vel,-1.7204733183458802,130934.62041757641
TB5-3D,20260864,plane,pos,-0.29842099645241227,542110.5422283369
TB5-3D,20260864,plane,vel,-0.5714931142963667,542110.5422283369
TB5-3D,20260864,plane,pos,-0.4114274362391288,176141.35109674695
TB5-3D,20260864,plane,vel,-1.3020178106008495,176141.35109674695
TB5-3D,20260864,plane,pos,0.00483657521570708,48797.18509392677
TB5-3D,20260864,plane,vel,-0.4646956887114881,48797.18509392677
TB5-3D,20260864,plane,pos,-0.6911187541528638,124723.57586930996
TB5-3D,20260864,plane,vel,-0.0920141159162837,124723.57586930996
TB5-3D,20260864,plane,pos,1.5569015373860566,165245.30178255605
TB5-3D,20260864,plane,vel,0.3469327427308616,165245.30178255605
TB5-3D,20260864,plane,pos,-0.1606403661378335,58678.92607766302
TB5-3D,20260864,plane,vel,0.5442785585852474,58678.92607766302
TB5-3D,20260864,range,pos,0.9444885566947415,152195.63402649388
TB5-3D,20260864,range,vel,-1.3757651932405264,152195.63402649388
TB5-3D,20260864,range,pos,-1.9625697258482537,36849.1515700351
TB5-3D,20260864,range,vel,1.6415515161150969,36849.1515700351
TB5-3D,20260864,range,pos,-0.03243346912603974,162071.8023534158
TB5-3D,20260864,range,vel,0.5603131099921591,162071.8023534158
TB5-3D,20260864,range,pos,-0.9188144237034183,90438.13687245459
TB5-3D,20260864,range,vel,0.777171512329552,90438.13687245459
TB5-3D,20260864,range,pos,0.6548292718221268,28433.671919351167
TB5-3D,20260864,range,vel,-0.13378183678557243,28433.671919351167
TB5-3D,20260864,range,pos,-0.6747197412704067,23564.43863983293
TB5-3D,20260864,range,vel,1.6823060592297516,23564.43863983293
TB5-3D,20260864,range,pos,-0.3372598389857244,20326.75773364026
TB5-3D,20260864,range,vel,1.1131142178004456,20326.75773364026
TB5-3D,20260864,inplane,pos,-2.0164428913741412,152195.63402649388
TB5-3D,20260864,inplane,vel,0.8075901007784382,152195.63402649388
TB5-3D,20260864,inplane,pos,-0.6903747751079894,36849.1515700351
TB5-3D,20260864,inplane,vel,-2.0444150293541363,36849.1515700351
TB5-3D,20260864,inplane,pos,0.6646721661392115,162071.8023534158
TB5-3D,20260864,inplane,vel,-0.10494077486258585,162071.8023534158
TB5-3D,20260864,inplane,pos,-0.29029275625220774,90438.13687245459
TB5-3D,20260864,inplane,vel,-0.9234251547705502,90438.13687245459
TB5-3D,20260864,inplane,pos,0.10598698109018621,28433.671919351167
TB5-3D,20260864,inplane,vel,0.870220573799515,28433.671919351167
TB5-3D,20260864,inplane,pos,0.665937044992598,23564.43863983293
TB5-3D,20260864,inplane,vel,-0.4949784829026433,23564.43863983293
TB5-3D,20260864,inplane,pos,-0.2474395744914803,20326.75773364026
TB5-3D,20260864,inplane,vel,-1.028906807166498,20326.75773364026
TB5-3D,20260864,plane,pos,1.0202568264338676,152195.63402649388
TB5-3D,20260864,plane,vel,-1.3474131252964938,152195.63402649388
TB5-3D,20260864,plane,pos,-1.01015860226176,36849.1515700351
TB5-3D,20260864,plane,vel,-3.0585879411409302,36849.1515700351
TB5-3D,20260864,plane,pos,-0.014059062866569053,162071.8023534158
TB5-3D,20260864,plane,vel,0.5239068069649397,162071.8023534158
TB5-3D,20260864,plane,pos,-0.0009247562742780388,90438.13687245459
TB5-3D,20260864,plane,vel,0.2821130408314554,90438.13687245459
TB5-3D,20260864,plane,pos,1.5151982984160146,28433.671919351167
TB5-3D,20260864,plane,vel,0.2715516107545263,28433.671919351167
TB5-3D,20260864,plane,pos,0.3528482143315713,23564.43863983293
TB5-3D,20260864,plane,vel,-0.24654616552603034,23564.43863983293
TB5-3D,20260864,plane,pos,-1.2232369694600882,20326.75773364026
TB5-3D,20260864,plane,vel,-1.8180615296758924,20326.75773364026
TB5-3D,20260864,range,pos,1.56830414984477,18140.29942087003
TB5-3D,20260864,range,vel,-0.7022660230125457,18140.29942087003
TB5-3D,20260864,range,pos,-0.8100352343764613,670.7723285092844
TB5-3D,20260864,range,vel,1.7459560288708296,670.7723285092844
TB5-3D,20260864,range,pos,1.564082674749743,26103.150488227526
TB5-3D,20260864,range,vel,-1.6791386887371342,26103.150488227526
TB5-3D,20260864,range,pos,-0.022846122279204132,451296.0424557381
TB5-3D,20260864,range,vel,0.08262272305063577,451296.0424557381
TB5-3D,20260864,range,pos,-2.2226997243803313,1494249.5914486581
TB5-3D,20260864,range,vel,2.1896125175829124,1494249.5914486581
TB5-3D,20260864,range,pos,1.045098413508685,8594.151320793995
TB5-3D,20260864,range,vel,-1.627571330441171,8594.151320793995
TB5-3D,20260864,range,pos,-0.48301370079022116,6744356.340449132
TB5-3D,20260864,range,vel,-0.7178205087820478,6744356.340449132
TB5-3D,20260864,range,pos,-0.9009789584891155,10064.913748755704
TB5-3D,20260864,range,vel,-0.6201818716468731,10064.913748755704
TB5-3D,20260864,inplane,pos,-0.1449478865398497,18140.29942087003
TB5-3D,20260864,inplane,vel,-0.6790030507572328,18140.29942087003
TB5-3D,20260864,inplane,pos,0.1385100718631211,670.7723285092844
TB5-3D,20260864,inplane,vel,-0.5077260306333266,670.7723285092844
TB5-3D,20260864,inplane,pos,0.6037416804783867,26103.150488227526
TB5-3D,20260864,inplane,vel,1.900332007711692,26103.150488227526
TB5-3D,20260864,inplane,pos,0.14599660881390075,451296.0424557381
TB5-3D,20260864,inplane,vel,0.017868557881812602,451296.0424557381
TB5-3D,20260864,inplane,pos,-1.2669307364928502,1494249.5914486581
TB5-3D,20260864,inplane,vel,-1.8808243229924395,1494249.5914486581
TB5-3D,20260864,inplane,pos,-1.7593877435855492,8594.151320793995
TB5-3D,20260864,inplane,vel,1.0916873084393737,8594.151320793995
TB5-3D,20260864,inplane,pos,0.026247825788280697,6744356.340449132
TB5-3D,20260864,inplane,vel,-0.3474177242634207,6744356.340449132
TB5-3D,20260864,inplane,pos,0.9586507163928618,10064.913748755704
TB5-3D,20260864,inplane,vel,-0.7771238283024483,10064.913748755704
TB5-3D,20260864,plane,pos,1.168936255983185,18140.29942087003
TB5-3D,20260864,plane,vel,0.8100649379998247,18140.29942087003
TB5-3D,20260864,plane,pos,0.26310637224995786,670.7723285092844
TB5-3D,20260864,plane,vel,-0.43859445628950766,670.7723285092844
TB5-3D,20260864,plane,pos,-2.0062090593168613,26103.150488227526
TB5-3D,20260864,plane,vel,-0.19096490205006936,26103.150488227526
TB5-3D,20260864,plane,pos,0.03046766338605058,451296.0424557381
TB5-3D,20260864,plane,vel,-0.17191473640518937,451296.0424557381
TB5-3D,20260864,plane,pos,1.0522220353627854,1494249.5914486581
TB5-3D,20260864,plane,vel,0.9611954677048818,1494249.5914486581
TB5-3D,20260864,plane,pos,-1.3226469639601608,8594.151320793995
TB5-3D,20260864,plane,vel,0.12054543937702392,8594.151320793995
TB5-3D,20260864,plane,pos,-1.5680311276310352,6744356.340449132
TB5-3D,20260864,plane,vel,-0.3396868241684017,6744356.340449132
TB5-3D,20260864,plane,pos,-0.43915844455862474,10064.913748755704
TB5-3D,20260864,plane,vel,0.39024952173247773,10064.913748755704
TB5-3D,20260864,range,pos,-1.8314045940461772,8704.058485727173
TB5-3D,20260864,range,vel,0.7639558729552091,8704.058485727173
TB5-3D,20260864,range,pos,-0.36351306727267196,3017.977248781014
TB5-3D,20260864,range,vel,1.5430070668060978,3017.977248781014
TB5-3D,20260864,range,pos,-0.574762633707428,3625.44511607407
TB5-3D,20260864,range,vel,0.7437004941000491,3625.44511607407
TB5-3D,20260864,range,pos,-0.13441566384060985,203096.42070472665
TB5-3D,20260864,range,vel,-0.49532885449009323,203096.42070472665
TB5-3D,20260864,range,pos,0.005237432132135942,300612.1223171263
TB5-3D,20260864,range,vel,-0.024259440854044616,300612.1223171263
TB5-3D,20260864,range,pos,0.6028803011401072,1360.77484268933
TB5-3D,20260864,range,vel,-0.48013962970172,1360.77484268933
TB5-3D,20260864,range,pos,-1.299490015185883,138659.79315661485
TB5-3D,20260864,range,vel,-1.3063916258541144,138659.79315661485
TB5-3D,20260864,inplane,pos,-0.7881954515857763,8704.058485727173
TB5-3D,20260864,inplane,vel,-1.8833847231083205,8704.058485727173
TB5-3D,20260864,inplane,pos,1.5478675726885698,3017.977248781014
TB5-3D,20260864,inplane,vel,-0.08594186826377774,3017.977248781014
TB5-3D,20260864,inplane,pos,0.6011643131762175,3625.44511607407
TB5-3D,20260864,inplane,vel,-0.6715527567219227,3625.44511607407
TB5-3D,20260864,inplane,pos,-0.92967293122906,203096.42070472665
TB5-3D,20260864,inplane,vel,-0.2851216677329034,203096.42070472665
TB5-3D,20260864,inplane,pos,0.273594150766055,300612.1223171263
TB5-3D,20260864,inplane,vel,0.3080752396630246,300612.1223171263
TB5-3D,20260864,inplane,pos,0.8855878867036671,1360.77484268933
TB5-3D,20260864,inplane,vel,0.8767368022760957,1360.77484268933
TB5-3D,20260864,inplane,pos,-0.16708358994483352,138659.79315661485
TB5-3D,20260864,inplane,vel,-1.2374567806051744,138659.79315661485
TB5-3D,20260864,plane,pos,-0.41863764266923154,8704.058485727173
TB5-3D,20260864,plane,vel,-1.410007967557256,8704.058485727173
TB5-3D,20260864,plane,pos,-2.482635759627138,3017.977248781014
TB5-3D,20260864,plane,vel,-2.1135544725936617,3017.977248781014
TB5-3D,20260864,plane,pos,-0.7279573967803075,3625.44511607407
TB5-3D,20260864,plane,vel,0.19662632371806488,3625.44511607407
TB5-3D,20260864,plane,pos,0.25464724629390534,203096.42070472665
TB5-3D,20260864,plane,vel,-0.4375164404930809,203096.42070472665
TB5-3D,20260864,plane,pos,1.3098494899331314,300612.1223171263
TB5-3D,20260864,plane,vel,1.151915522568785,300612.1223171263
TB5-3D,20260864,plane,pos,1.2589992103578107,1360.77484268933
TB5-3D,20260864,plane,vel,0.6874945612230358,1360.77484268933
TB5-3D,20260864,plane,pos,0.29968877022149076,138659.79315661485
TB5-3D,20260864,plane,vel,1.9389893510071432,138659.79315661485
TB5-3D,20260864,range,pos,-0.7866840714472239,3611923.565926226
TB5-3D,20260864,range,vel,-0.33337688094525464,3611923.565926226
TB5-3D,20260864,range,pos,0.1640504256174082,158976.9349411571
TB5-3D,20260864,range,vel,-1.3298567706178437,158976.9349411571
TB5-3D,20260864,range,pos,1.3818055729991325,10791.252683940145
TB5-3D,20260864,range,vel,0.7717018925539046,10791.252683940145
TB5-3D,20260864,range,pos,-0.26131152490496007,149644.21349253078
TB5-3D,20260864,range,vel,-0.5419412158145767,149644.21349253078
TB5-3D,20260864,range,pos,0.5405990577164622,39734.942375505874
TB5-3D,20260864,range,vel,-0.9974017314047172,39734.942375505874
TB5-3D,20260864,range,pos,-0.41053626198734355,671711.5425359512
TB5-3D,20260864,range,vel,0.3889585805598968,671711.5425359512
TB5-3D,20260864,range,pos,-1.9232549928308742,96221.16222304026
TB5-3D,20260864,range,vel,-0.6689892341241556,96221.16222304026
TB5-3D,20260864,range,pos,0.3382321084964713,125724.77994304332
TB5-3D,20260864,range,vel,-0.5286112120662194,125724.77994304332
TB5-3D,20260864,inplane,pos,-1.3062332337235192,3611923.565926226
TB5-3D,20260864,inplane,vel,-0.7187172898048553,3611923.565926226
TB5-3D,20260864,inplane,pos,0.9993329627227988,158976.9349411571
TB5-3D,20260864,inplane,vel,1.2450177125700204,158976.9349411571
TB5-3D,20260864,inplane,pos,1.669858993305236,10791.252683940145
TB5-3D,20260864,inplane,vel,1.3839541087326523,10791.252683940145
TB5-3D,20260864,inplane,pos,-0.6660613137651347,149644.21349253078
TB5-3D,20260864,inplane,vel,-0.38634835130956974,149644.21349253078
TB5-3D,20260864,inplane,pos,-0.9553895209093461,39734.942375505874
TB5-3D,20260864,inplane,vel,0.18520091271198774,39734.942375505874
TB5-3D,20260864,inplane,pos,-0.1311647760671072,671711.5425359512
TB5-3D,20260864,inplane,vel,-0.2056432911603885,671711.5425359512
TB5-3D,20260864,inplane,pos,-2.0077713411368387,96221.16222304026
TB5-3D,20260864,inplane,vel,-1.794769043913207,96221.16222304026
TB5-3D,20260864,inplane,pos,0.545968452417918,125724.77994304332
TB5-3D,20260864,inplane,vel,0.22884184321226145,125724.77994304332
TB5-3D,20260864,plane,pos,-0.043387033768490874,3611923.565926226
TB5-3D,20260864,plane,vel,0.6939115771240494,3611923.565926226
TB5-3D,20260864,plane,pos,-0.1853866074276043,158976.9349411571
TB5-3D,20260864,plane,vel,0.37115176987530496,158976.9349411571
TB5-3D,20260864,plane,pos,-1.5283568563963523,10791.252683940145
TB5-3D,20260864,plane,vel,-0.3121427591758339,10791.252683940145
TB5-3D,20260864,plane,pos,-0.9847463921977657,149644.21349253078
TB5-3D,20260864,plane,vel,-1.754176406342171,149644.21349253078
TB5-3D,20260864,plane,pos,1.3107503865078702,39734.942375505874
TB5-3D,20260864,plane,vel,0.7405599746400963,39734.942375505874
TB5-3D,20260864,plane,pos,0.1410915634804104,671711.5425359512
TB5-3D,20260864,plane,vel,-0.9026836548864001,671711.5425359512
TB5-3D,20260864,plane,pos,1.401405031231535,96221.16222304026
TB5-3D,20260864,plane,vel,0.9655532918901572,96221.16222304026
TB5-3D,20260864,plane,pos,1.437114143431881,125724.77994304332
TB5-3D,20260864,plane,vel,0.13675058978443153,125724.77994304332
TB5-3D,20260871,range,pos,0.08201889774001263,4272986.888170083
TB5-3D,20260871,range,vel,-0.27345142609997497,4272986.888170083
TB5-3D,20260871,range,pos,0.7319259445822968,907341.1151705435
TB5-3D,20260871,range,vel,0.7233802384653888,907341.1151705435
TB5-3D,20260871,range,pos,0.7450282532864745,89629.3668597991
TB5-3D,20260871,range,vel,2.5410500723183738,89629.3668597991
TB5-3D,20260871,range,pos,0.41433474213786453,79330.35607683072
TB5-3D,20260871,range,vel,-0.7403579259443833,79330.35607683072
TB5-3D,20260871,range,pos,-0.9762758670019231,1124214.5653230383
TB5-3D,20260871,range,vel,1.7657741315240782,1124214.5653230383
TB5-3D,20260871,range,pos,0.9251270024999585,273484.14418378123
TB5-3D,20260871,range,vel,0.7672578454191706,273484.14418378123
TB5-3D,20260871,range,pos,1.0708893142524827,3221016.9804321188
TB5-3D,20260871,range,vel,0.8579226037934187,3221016.9804321188
TB5-3D,20260871,range,pos,1.0667025752181611,881775.4586662771
TB5-3D,20260871,range,vel,0.9148218129224814,881775.4586662771
TB5-3D,20260871,inplane,pos,-0.4160900478318426,4272986.888170083
TB5-3D,20260871,inplane,vel,-0.1074470353351189,4272986.888170083
TB5-3D,20260871,inplane,pos,0.8827139532910246,907341.1151705435
TB5-3D,20260871,inplane,vel,0.8403019781442757,907341.1151705435
TB5-3D,20260871,inplane,pos,-0.5865230708640987,89629.3668597991
TB5-3D,20260871,inplane,vel,-0.5061021669899497,89629.3668597991
TB5-3D,20260871,inplane,pos,0.09809840907116499,79330.35607683072
TB5-3D,20260871,inplane,vel,0.48862933316228596,79330.35607683072
TB5-3D,20260871,inplane,pos,0.8234721618354038,1124214.5653230383
TB5-3D,20260871,inplane,vel,-0.41033220035459056,1124214.5653230383
TB5-3D,20260871,inplane,pos,-0.27180189592544735,273484.14418378123
TB5-3D,20260871,inplane,vel,0.9933818781889288,273484.14418378123
TB5-3D,20260871,inplane,pos,-1.0045794942192625,3221016.9804321188
TB5-3D,20260871,inplane,vel,1.3157383803365308,3221016.9804321188
TB5-3D,20260871,inplane,pos,2.0143799161125906,881775.4586662771
TB5-3D,20260871,inplane,vel,1.004614338149459,881775.4586662771
TB5-3D,20260871,plane,pos,-2.0741475930771416,4272986.888170083
TB5-3D,20260871,plane,vel,-0.19479125068374192,4272986.888170083
TB5-3D,20260871,plane,pos,-1.1673304439041419,907341.1151705435
TB5-3D,20260871,plane,vel,-0.9495030556880821,907341.1151705435
TB5-3D,20260871,plane,pos,0.9705863536089286,89629.3668597991
TB5-3D,20260871,plane,vel,0.10315387114005098,89629.3668597991
TB5-3D,20260871,plane,pos,0.007168303567808274,79330.35607683072
TB5-3D,20260871,plane,vel,-0.42792498972035503,79330.35607683072
TB5-3D,20260871,plane,pos,1.9170117903971506,1124214.5653230383
TB5-3D,20260871,plane,vel,0.15457308448647933,1124214.5653230383
TB5-3D,20260871,plane,pos,-0.877584467979166,273484.14418378123
TB5-3D,20260871,plane,vel,-1.3159450301953497,273484.14418378123
TB5-3D,20260871,plane,pos,1.9852935632817286,3221016.9804321188
TB5-3D,20260871,plane,vel,0.3195579117408114,3221016.9804321188
TB5-3D,20260871,plane,pos,0.5187671756381962,881775.4586662771
TB5-3D,20260871,plane,vel,-0.5887419094931274,881775.4586662771
TB5-3D,20260871,range,pos,-2.3473024815860937,53178.34597941868
TB5-3D,20260871,range,vel,2.2397405230855436,53178.34597941868
TB5-3D,20260871,range,pos,0.23214816148675496,274286.16059577686
TB5-3D,20260871,range,vel,-0.06555044132997102,274286.16059577686
TB5-3D,20260871,range,pos,0.9423988176444446,103648.97454631672
TB5-3D,20260871,range,vel,-0.8613465050274751,103648.97454631672
TB5-3D,20260871,range,pos,-1.2623758375679313,9049.747991070388
TB5-3D,20260871,range,vel,0.3711319640262315,9049.747991070388
TB5-3D,20260871,range,pos,1.02671350254867,80969.19820708931
TB5-3D,20260871,range,vel,-0.46292833329490535,80969.19820708931
TB5-3D,20260871,range,pos,-1.4164673468138567,187810.91493633846
TB5-3D,20260871,range,vel,-0.9353481166495146,187810.91493633846
TB5-3D,20260871,range,pos,0.0674564472495455,148549.0376410465
TB5-3D,20260871,range,vel,-1.5486545157812732,148549.0376410465
TB5-3D,20260871,range,pos,0.08548496895089372,80959.70623989202
TB5-3D,20260871,range,vel,0.6232188401987098,80959.70623989202
TB5-3D,20260871,inplane,pos,-0.6013893313480082,53178.34597941868
TB5-3D,20260871,inplane,vel,-2.3832793690498493,53178.34597941868
TB5-3D,20260871,inplane,pos,-0.006407895065769395,274286.16059577686
TB5-3D,20260871,inplane,vel,-0.08635652254429202,274286.16059577686
TB5-3D,20260871,inplane,pos,-0.7977845991815401,103648.97454631672
TB5-3D,20260871,inplane,vel,0.9286729020869163,103648.97454631672
TB5-3D,20260871,inplane,pos,0.7035049568642578,9049.747991070388
TB5-3D,20260871,inplane,vel,0.8102324721691235,9049.747991070388
TB5-3D,20260871,inplane,pos,0.431880708122092,80969.19820708931
TB5-3D,20260871,inplane,vel,0.49863407869411347,80969.19820708931
TB5-3D,20260871,inplane,pos,0.4457598386835366,187810.91493633846
TB5-3D,20260871,inplane,vel,-1.3533991001819,187810.91493633846
TB5-3D,20260871,inplane,pos,-1.129842087373073,148549.0376410465
TB5-3D,20260871,inplane,vel,-0.16302373433535344,148549.0376410465
TB5-3D,20260871,inplane,pos,0.750476109202943,80959.70623989202
TB5-3D,20260871,inplane,vel,0.2539860178706416,80959.70623989202
TB5-3D,20260871,plane,pos,0.11618596620503903,53178.34597941868
TB5-3D,20260871,plane,vel,0.6777911069979325,53178.34597941868
TB5-3D,20260871,plane,pos,-0.772032250573922,274286.16059577686
TB5-3D,20260871,plane,vel,-0.4770036230658863,274286.16059577686
TB5-3D,20260871,plane,pos,-1.0825092103774807,103648.97454631672
TB5-3D,20260871,plane,vel,0.5567453288309877,103648.97454631672
TB5-3D,20260871,plane,pos,-2.09455038147132,9049.747991070388
TB5-3D,20260871,plane,vel,-0.591198878627826,9049.747991070388
TB5-3D,20260871,plane,pos,0.5727719874427504,80969.19820708931
TB5-3D,20260871,plane,vel,1.2949703434598996,80969.19820708931
TB5-3D,20260871,plane,pos,1.4166097362347874,187810.91493633846
TB5-3D,20260871,plane,vel,-0.11027732689484608,187810.91493633846
TB5-3D,20260871,plane,pos,1.0060647089406614,148549.0376410465
TB5-3D,20260871,plane,vel,0.30631793895886694,148549.0376410465
TB5-3D,20260871,plane,pos,0.9156746024574557,80959.70623989202
TB5-3D,20260871,plane,vel,0.33698809094934845,80959.70623989202
TB5-3D,20260871,range,pos,-0.7043340881725009,20079.59578907632
TB5-3D,20260871,range,vel,-0.6174144532140533,20079.59578907632
TB5-3D,20260871,range,pos,0.4808844631072123,52732.54065871645
TB5-3D,20260871,range,vel,-0.36300286300355494,52732.54065871645
TB5-3D,20260871,range,pos,0.39712980152110183,2490.0154328402627
TB5-3D,20260871,range,vel,-0.3073744566512316,2490.0154328402627
TB5-3D,20260871,range,pos,-1.8761801243720102,8062.427999279494
TB5-3D,20260871,range,vel,1.4553498398556233,8062.427999279494
TB5-3D,20260871,range,pos,-1.9913488299259468,11205.662558083217
TB5-3D,20260871,range,vel,-1.9283690133530438,11205.662558083217
TB5-3D,20260871,range,pos,-1.5162320218487766,12451.36640530689
TB5-3D,20260871,range,vel,0.8369964780926442,12451.36640530689
TB5-3D,20260871,range,pos,1.8191039282873027,3324.2355860995267
TB5-3D,20260871,range,vel,-1.2530638509178678,3324.2355860995267
TB5-3D,20260871,range,pos,-0.5907879857410588,10465.23640478975
TB5-3D,20260871,range,vel,-0.760876117713906,10465.23640478975
TB5-3D,20260871,inplane,pos,0.6047536804384395,20079.59578907632
TB5-3D,20260871,inplane,vel,-0.7104238007252334,20079.59578907632
TB5-3D,20260871,inplane,pos,-0.705345265159611,52732.54065871645
TB5-3D,20260871,inplane,vel,-0.6218750545397534,52732.54065871645
TB5-3D,20260871,inplane,pos,-1.6556395202034606,2490.0154328402627
TB5-3D,20260871,inplane,vel,-1.8912266201512584,2490.0154328402627
TB5-3D,20260871,inplane,pos,-1.7116745739790482,8062.427999279494
TB5-3D,20260871,inplane,vel,-1.672727561599362,8062.427999279494
TB5-3D,20260871,inplane,pos,0.7843165922822637,11205.662558083217
TB5-3D,20260871,inplane,vel,-1.6797997935449396,11205.662558083217
TB5-3D,20260871,inplane,pos,-0.5920261927326431,12451.36640530689
TB5-3D,20260871,inplane,vel,0.5114969268439405,12451.36640530689
TB5-3D,20260871,inplane,pos,-0.2829504638447183,3324.2355860995267
TB5-3D,20260871,inplane,vel,-1.8791010056305593,3324.2355860995267
TB5-3D,20260871,inplane,pos,-1.1003526039704201,10465.23640478975
TB5-3D,20260871,inplane,vel,-0.9401860011352922,10465.23640478975
TB5-3D,20260871,plane,pos,-0.12671759988755352,20079.59578907632
TB5-3D,20260871,plane,vel,1.3380766007195883,20079.59578907632
TB5-3D,20260871,plane,pos,-1.0440461043194955,52732.54065871645
TB5-3D,20260871,plane,vel,-0.3432456150603862,52732.54065871645
TB5-3D,20260871,plane,pos,-1.6514787450849882,2490.0154328402627
TB5-3D,20260871,plane,vel,-0.5187654123351856,2490.0154328402627
TB5-3D,20260871,plane,pos,-1.3120969057211607,8062.427999279494
TB5-3D,20260871,plane,vel,-0.6507169375542512,8062.427999279494
TB5-3D,20260871,plane,pos,-0.42473278225039496,11205.662558083217
TB5-3D,20260871,plane,vel,1.5734703478034537,11205.662558083217
TB5-3D,20260871,plane,pos,-0.8211442803641493,12451.36640530689
TB5-3D,20260871,plane,vel,0.6347920150174339,12451.36640530689
TB5-3D,20260871,plane,pos,-1.2307954630274047,3324.2355860995267
TB5-3D,20260871,plane,vel,1.2540403722887887,3324.2355860995267
TB5-3D,20260871,plane,pos,-0.4247787932282489,10465.23640478975
TB5-3D,20260871,plane,vel,0.9147336980455668,10465.23640478975
TB5-3D,20260871,range,pos,-0.6035576802218329,3411.234229174997
TB5-3D,20260871,range,vel,0.7446529292473315,3411.234229174997
TB5-3D,20260871,range,pos,-0.7007242716198159,1135470.8245184761
TB5-3D,20260871,range,vel,-0.11538113625965155,1135470.8245184761
TB5-3D,20260871,range,pos,0.41373947589896987,1181.6577818638077
TB5-3D,20260871,range,vel,-0.25433446365794676,1181.6577818638077
TB5-3D,20260871,range,pos,1.3592757262135777,798.7305383718343
TB5-3D,20260871,range,vel,1.001809207128345,798.7305383718343
TB5-3D,20260871,range,pos,-1.4561617800937057,1149904.1826881117
TB5-3D,20260871,range,vel,1.675253635165374,1149904.1826881117
TB5-3D,20260871,range,pos,1.0953665399508659,9446.966579530017
TB5-3D,20260871,range,vel,-1.8232616233724728,9446.966579530017
TB5-3D,20260871,inplane,pos,1.05782751435093,3411.234229174997
TB5-3D,20260871,inplane,vel,-0.0964727000405499,3411.234229174997
TB5-3D,20260871,inplane,pos,-1.1394734654927243,1135470.8245184761
TB5-3D,20260871,inplane,vel,-1.1220257973273196,1135470.8245184761
TB5-3D,20260871,inplane,pos,-0.7637317050708613,1181.6577818638077
TB5-3D,20260871,inplane,vel,-0.671259425838153,1181.6577818638077
TB5-3D,20260871,inplane,pos,-0.3508081046886521,798.7305383718343
TB5-3D,20260871,inplane,vel,-1.30530377701727,798.7305383718343
TB5-3D,20260871,inplane,pos,-0.4320457286155351,1149904.1826881117
TB5-3D,20260871,inplane,vel,-1.150289781142107,1149904.1826881117
TB5-3D,20260871,inplane,pos,-0.2885830365422718,9446.966579530017
TB5-3D,20260871,inplane,vel,1.0849717715278455,9446.966579530017
TB5-3D,20260871,plane,pos,1.1501526339808967,3411.234229174997
TB5-3D,20260871,plane,vel,-0.1950577071029841,3411.234229174997
TB5-3D,20260871,plane,pos,1.8470060776490376,1135470.8245184761
TB5-3D,20260871,plane,vel,-1.3628132268091042,1135470.8245184761
TB5-3D,20260871,plane,pos,0.2102860702784777,1181.6577818638077
TB5-3D,20260871,plane,vel,-0.4191184849146898,1181.6577818638077
TB5-3D,20260871,plane,pos,-0.25253377689681233,798.7305383718343
TB5-3D,20260871,plane,vel,-0.06856267861603597,798.7305383718343
TB5-3D,20260871,plane,pos,0.9224198777741445,1149904.1826881117
TB5-3D,20260871,plane,vel,-0.04705648773842958,1149904.1826881117
TB5-3D,20260871,plane,pos,1.2570293335810687,9446.966579530017
TB5-3D,20260871,plane,vel,0.50311382945386,9446.966579530017
TB5-3D,20260871,range,pos,-0.45257137723477436,338183.5648373097
TB5-3D,20260871,range,vel,-0.20546598114072473,338183.5648373097
TB5-3D,20260871,range,pos,-1.21502087214827,213507.20118950141
TB5-3D,20260871,range,vel,0.8596664977429563,213507.20118950141
TB5-3D,20260871,range,pos,-0.05684101694063196,1147032.6781371485
TB5-3D,20260871,range,vel,-0.4432896683363387,1147032.6781371485
TB5-3D,20260871,range,pos,-1.1700964571237382,550106.9635021602
TB5-3D,20260871,range,vel,-1.518963210639294,550106.9635021602
TB5-3D,20260871,range,pos,0.42674339325447563,488818.0500518889
TB5-3D,20260871,range,vel,-0.07991717215578852,488818.0500518889
TB5-3D,20260871,range,pos,-1.3406381924432984,111521.65967201264
TB5-3D,20260871,range,vel,0.9790030847762107,111521.65967201264
TB5-3D,20260871,range,pos,-0.6184630862724804,5249.55198696265
TB5-3D,20260871,range,vel,-0.760631156918076,5249.55198696265
TB5-3D,20260871,inplane,pos,-0.5088018617914504,338183.5648373097
TB5-3D,20260871,inplane,vel,0.3078936818034287,338183.5648373097
TB5-3D,20260871,inplane,pos,-0.3739439967126886,213507.20118950141
TB5-3D,20260871,inplane,vel,-0.6180128227784242,213507.20118950141
TB5-3D,20260871,inplane,pos,-0.6569535763291139,1147032.6781371485
TB5-3D,20260871,inplane,vel,-0.3673888256124555,1147032.6781371485
TB5-3D,20260871,inplane,pos,-1.5843600489364498,550106.9635021602
TB5-3D,20260871,inplane,vel,-1.000829271881546,550106.9635021602
TB5-3D,20260871,inplane,pos,0.26598872570605564,488818.0500518889
TB5-3D,20260871,inplane,vel,0.15810797080550504,488818.0500518889
TB5-3D,20260871,inplane,pos,-1.331110130736869,111521.65967201264
TB5-3D,20260871,inplane,vel,-1.1666010512536231,111521.65967201264
TB5-3D,20260871,inplane,pos,-0.8832575982093122,5249.55198696265
TB5-3D,20260871,inplane,vel,-0.5929513313063244,5249.55198696265
TB5-3D,20260871,plane,pos,-1.3489708438383075,338183.5648373097
TB5-3D,20260871,plane,vel,0.7402512305427196,338183.5648373097
TB5-3D,20260871,plane,pos,0.6912661699009668,213507.20118950141
TB5-3D,20260871,plane,vel,-0.5480444570158945,213507.20118950141
TB5-3D,20260871,plane,pos,1.6400810197720244,1147032.6781371485
TB5-3D,20260871,plane,vel,2.2132943568544485,1147032.6781371485
TB5-3D,20260871,plane,pos,-0.7811647689963958,550106.9635021602
TB5-3D,20260871,plane,vel,0.3234172053488861,550106.9635021602
TB5-3D,20260871,plane,pos,-0.6531901306710779,488818.0500518889
TB5-3D,20260871,plane,vel,0.43780087613215257,488818.0500518889
TB5-3D,20260871,plane,pos,0.20078328092064704,111521.65967201264
TB5-3D,20260871,plane,vel,-2.3104322082191233,111521.65967201264
TB5-3D,20260871,plane,pos,0.23676127946668,5249.55198696265
TB5-3D,20260871,plane,vel,1.0253950501572837,5249.55198696265
TB5-3D,20260871,range,pos,0.5008422837709022,58705.31913915725
TB5-3D,20260871,range,vel,-0.10280722613388592,58705.31913915725
TB5-3D,20260871,range,pos,0.9675610231759983,897434.0009592426
TB5-3D,20260871,range,vel,-0.011284987398864018,897434.0009592426
TB5-3D,20260871,range,pos,-0.15459968106451102,42740.76646128157
TB5-3D,20260871,range,vel,-0.22675920129826863,42740.76646128157
TB5-3D,20260871,range,pos,-0.2652540173682045,257173.17533524393
TB5-3D,20260871,range,vel,0.9289857183364331,257173.17533524393
TB5-3D,20260871,range,pos,-0.2340435234783908,109234.58039193532
TB5-3D,20260871,range,vel,-0.09288067108900552,109234.58039193532
TB5-3D,20260871,range,pos,-0.0023703543616080854,46624.465366426484
TB5-3D,20260871,range,vel,0.11887613261257769,46624.465366426484
TB5-3D,20260871,range,pos,-1.2960738045767464,13904.527645129105
TB5-3D,20260871,range,vel,1.1676897877694372,13904.527645129105
TB5-3D,20260871,inplane,pos,0.4893795306619071,58705.31913915725
TB5-3D,20260871,inplane,vel,0.36163548220021596,58705.31913915725
TB5-3D,20260871,inplane,pos,0.7289935097433374,897434.0009592426
TB5-3D,20260871,inplane,vel,0.7515097455451809,897434.0009592426
TB5-3D,20260871,inplane,pos,0.33255311843780927,42740.76646128157
TB5-3D,20260871,inplane,vel,0.3055512892471117,42740.76646128157
TB5-3D,20260871,inplane,pos,0.18780672506811003,257173.17533524393
TB5-3D,20260871,inplane,vel,-0.8172186562031529,257173.17533524393
TB5-3D,20260871,inplane,pos,0.022122918377073877,109234.58039193532
TB5-3D,20260871,inplane,vel,-0.23965881003761805,109234.58039193532
TB5-3D,20260871,inplane,pos,0.25111095747137424,46624.465366426484
TB5-3D,20260871,inplane,vel,0.29029637523036184,46624.465366426484
TB5-3D,20260871,inplane,pos,0.9467538369164893,13904.527645129105
TB5-3D,20260871,inplane,vel,-1.1809108197253917,13904.527645129105
TB5-3D,20260871,plane,pos,-0.33018202391275703,58705.31913915725
TB5-3D,20260871,plane,vel,0.055629913518899655,58705.31913915725
TB5-3D,20260871,plane,pos,0.7749391912572879,897434.0009592426
TB5-3D,20260871,plane,vel,0.06877610204816527,897434.0009592426
TB5-3D,20260871,plane,pos,-1.5482021460407307,42740.76646128157
TB5-3D,20260871,plane,vel,0.6046521851621762,42740.76646128157
TB5-3D,20260871,plane,pos,-1.236833279061859,257173.17533524393
TB5-3D,20260871,plane,vel,-0.5185191414398089,257173.17533524393
TB5-3D,20260871,plane,pos,-0.4335044470400525,109234.58039193532
TB5-3D,20260871,plane,vel,0.21113665194953193,109234.58039193532
TB5-3D,20260871,plane,pos,-1.0162551617793758,46624.465366426484
TB5-3D,20260871,plane,vel,0.1378010870800663,46624.465366426484
TB5-3D,20260871,plane,pos,0.6246853256289021,13904.527645129105
TB5-3D,20260871,plane,vel,-1.202141821294712,13904.527645129105
TB5-3D,20260878,range,pos,1.3466074171344917,748406.0984003184
TB5-3D,20260878,range,vel,-1.1860511524505128,748406.0984003184
TB5-3D,20260878,range,pos,-1.1016768568044155,525375.6973649872
TB5-3D,20260878,range,vel,0.5395719575039002,525375.6973649872
TB5-3D,20260878,range,pos,-0.22633536062221693,1392491.5044463344
TB5-3D,20260878,range,vel,-0.4129037740155578,1392491.5044463344
TB5-3D,20260878,range,pos,0.768036530940781,100063.14971658656
TB5-3D,20260878,range,vel,2.157281123298425,100063.14971658656
TB5-3D,20260878,range,pos,-0.013548753335173152,803850.022599521
TB5-3D,20260878,range,vel,1.6800002591849847,803850.022599521
TB5-3D,20260878,range,pos,-0.9236036386568564,3589344.851570641
TB5-3D,20260878,range,vel,1.070105652728033,3589344.851570641
TB5-3D,20260878,range,pos,-0.7510732781686941,347400.41383613955
TB5-3D,20260878,range,vel,-0.7184422444267543,347400.41383613955
TB5-3D,20260878,range,pos,-0.5321804045967,158237.38285524823
TB5-3D,20260878,range,vel,-0.09574852732810732,158237.38285524823
TB5-3D,20260878,inplane,pos,0.554276664039724,748406.0984003184
TB5-3D,20260878,inplane,vel,0.8071024587996282,748406.0984003184
TB5-3D,20260878,inplane,pos,-0.4013300138700936,525375.6973649872
TB5-3D,20260878,inplane,vel,-1.0798632382916042,525375.6973649872
TB5-3D,20260878,inplane,pos,-0.5337101519434576,1392491.5044463344
TB5-3D,20260878,inplane,vel,-0.07750109574495981,1392491.5044463344
TB5-3D,20260878,inplane,pos,-1.4218876424340838,100063.14971658656
TB5-3D,20260878,inplane,vel,-0.050453462921619806,100063.14971658656
TB5-3D,20260878,inplane,pos,1.5862547734999997,803850.022599521
TB5-3D,20260878,inplane,vel,0.04942484533807738,803850.022599521
TB5-3D,20260878,inplane,pos,-0.4152282374308299,3589344.851570641
TB5-3D,20260878,inplane,vel,-0.83077491995017,3589344.851570641
TB5-3D,20260878,inplane,pos,-0.6009560575093319,347400.41383613955
TB5-3D,20260878,inplane,vel,-0.48225682236895817,347400.41383613955
TB5-3D,20260878,inplane,pos,-0.4573054520089136,158237.38285524823
TB5-3D,20260878,inplane,vel,0.6369117672420493,158237.38285524823
TB5-3D,20260878,plane,pos,-0.8663168680378974,748406.0984003184
TB5-3D,20260878,plane,vel,-0.44674713351307926,748406.0984003184
TB5-3D,20260878,plane,pos,-0.6819406467475461,525375.6973649872
TB5-3D,20260878,plane,vel,-0.9201005229720003,525375.6973649872
TB5-3D,20260878,plane,pos,-0.0038294405566206497,1392491.5044463344
TB5-3D,20260878,plane,vel,0.6092019268650422,1392491.5044463344
TB5-3D,20260878,plane,pos,0.060326768506245514,100063.14971658656
TB5-3D,20260878,plane,vel,-1.8450545345716312,100063.14971658656
TB5-3D,20260878,plane,pos,-0.8192317908866538,803850.022599521
TB5-3D,20260878,plane,vel,0.8100167886598495,803850.022599521
TB5-3D,20260878,plane,pos,-0.7223845653579478,3589344.851570641
TB5-3D,20260878,plane,vel,-0.7479071629440233,3589344.851570641
TB5-3D,20260878,plane,pos,0.6587095829594134,347400.41383613955
TB5-3D,20260878,plane,vel,-0.26842734213368047,347400.41383613955
TB5-3D,20260878,plane,pos,-2.086213266098288,158237.38285524823
TB5-3D,20260878,plane,vel,-0.9536306832162829,158237.38285524823
TB5-3D,20260878,range,pos,-0.42851404668280985,101495.35127536124
TB5-3D,20260878,range,vel,-0.5815779916108414,101495.35127536124
TB5-3D,20260878,range,pos,-0.6168416079136455,31952.195399600478
TB5-3D,20260878,range,vel,-0.38623302376022983,31952.195399600478
TB5-3D,20260878,range,pos,1.2156008460547911,110292.66868871669
TB5-3D,20260878,range,vel,1.1305105448656783,110292.66868871669
TB5-3D,20260878,range,pos,-0.32109146552647155,22409.131951863747
TB5-3D,20260878,range,vel,0.5324846755571103,22409.131951863747
TB5-3D,20260878,range,pos,-0.738913252746494,49821.13888277348
TB5-3D,20260878,range,vel,0.5793678537023585,49821.13888277348
TB5-3D,20260878,range,pos,-0.8297533867926927,533782.1184609281
TB5-3D,20260878,range,vel,-0.028090871078651818,533782.1184609281
TB5-3D,20260878,range,pos,0.019707904197249857,315677.510072973
TB5-3D,20260878,range,vel,0.36059936295836,315677.510072973
TB5-3D,20260878,range,pos,0.6034267554335129,90846.50526908043
TB5-3D,20260878,range,vel,-0.6051661260482704,90846.50526908043
TB5-3D,20260878,inplane,pos,-0.5481476161932648,101495.35127536124
TB5-3D,20260878,inplane,vel,0.31462748668237384,101495.35127536124
TB5-3D,20260878,inplane,pos,1.8919067325075891,31952.195399600478
TB5-3D,20260878,inplane,vel,0.6535935914970301,31952.195399600478
TB5-3D,20260878,inplane,pos,0.04938244568883998,110292.66868871669
TB5-3D,20260878,inplane,vel,1.136350411155734,110292.66868871669
TB5-3D,20260878,inplane,pos,0.829632923866604,22409.131951863747
TB5-3D,20260878,inplane,vel,-0.5206116270168138,22409.131951863747
TB5-3D,20260878,inplane,pos,-0.13702999587037548,49821.13888277348
TB5-3D,20260878,inplane,vel,-0.9415334693459176,49821.13888277348
TB5-3D,20260878,inplane,pos,1.0038519254896383,533782.1184609281
TB5-3D,20260878,inplane,vel,-0.7335489673677169,533782.1184609281
TB5-3D,20260878,inplane,pos,0.5289602548093577,315677.510072973
TB5-3D,20260878,inplane,vel,0.014094088079206623,315677.510072973
TB5-3D,20260878,inplane,pos,0.27377992389990985,90846.50526908043
TB5-3D,20260878,inplane,vel,0.6165571371202685,90846.50526908043
TB5-3D,20260878,plane,pos,0.3301336575869524,101495.35127536124
TB5-3D,20260878,plane,vel,-0.2157807047808393,101495.35127536124
TB5-3D,20260878,plane,pos,0.16940283227829425,31952.195399600478
TB5-3D,20260878,plane,vel,0.40514596613904097,31952.195399600478
TB5-3D,20260878,plane,pos,-1.2824687097281888,110292.66868871669
TB5-3D,20260878,plane,vel,-0.771507960567808,110292.66868871669
TB5-3D,20260878,plane,pos,0.19618275829270038,22409.131951863747
TB5-3D,20260878,plane,vel,0.8351325132348557,22409.131951863747
TB5-3D,20260878,plane,pos,0.46842885060955086,49821.13888277348
TB5-3D,20260878,plane,vel,-0.4008847248272141,49821.13888277348
TB5-3D,20260878,plane,pos,0.003199577386976339,533782.1184609281
TB5-3D,20260878,plane,vel,0.7226070514998851,533782.1184609281
TB5-3D,20260878,plane,pos,-1.0297411599185804,315677.510072973
TB5-3D,20260878,plane,vel,-0.1794942309520759,315677.510072973
TB5-3D,20260878,plane,pos,-1.747464523306746,90846.50526908043
TB5-3D,20260878,plane,vel,-2.577303559720453,90846.50526908043
TB5-3D,20260878,range,pos,0.6140886693896507,66575.62913823084
TB5-3D,20260878,range,vel,-1.4681186910749826,66575.62913823084
TB5-3D,20260878,range,pos,1.1091240223738752,43650.040581464775
TB5-3D,20260878,range,vel,-0.811397361948814,43650.040581464775
TB5-3D,20260878,range,pos,0.48311355684679336,7057.323516506679
TB5-3D,20260878,range,vel,0.05937589006459962,7057.323516506679
TB5-3D,20260878,range,pos,-1.1991398455936801,2272.7434376296314
TB5-3D,20260878,range,vel,-1.5576641085054734,2272.7434376296314
TB5-3D,20260878,range,pos,-0.7806201831190446,11542.079515824224
TB5-3D,20260878,range,vel,0.760675184282577,11542.079515824224
TB5-3D,20260878,range,pos,1.3599822324932935,346073.50811055966
TB5-3D,20260878,range,vel,-0.7461172367519457,346073.50811055966
TB5-3D,20260878,range,pos,0.34595821752227884,8145.797141099662
TB5-3D,20260878,range,vel,-0.10202652985080783,8145.797141099662
TB5-3D,20260878,range,pos,-0.11674571433617298,7007.949765884636
TB5-3D,20260878,range,vel,-0.0009512528125562487,7007.949765884636
TB5-3D,20260878,inplane,pos,-0.9509396479516875,66575.62913823084
TB5-3D,20260878,inplane,vel,0.5243705215305778,66575.62913823084
TB5-3D,20260878,inplane,pos,-0.23105555807645148,43650.040581464775
TB5-3D,20260878,inplane,vel,0.8853684859581766,43650.040581464775
TB5-3D,20260878,inplane,pos,-0.5626998578126035,7057.323516506679
TB5-3D,20260878,inplane,vel,-0.7399379626130859,7057.323516506679
TB5-3D,20260878,inplane,pos,-1.1289592378689508,2272.7434376296314
TB5-3D,20260878,inplane,vel,-0.8576871300646098,2272.7434376296314
TB5-3D,20260878,inplane,pos,-0.3861382359232839,11542.079515824224
TB5-3D,20260878,inplane,vel,-0.7476318116431591,11542.079515824224
TB5-3D,20260878,inplane,pos,0.37035132679386734,346073.50811055966
TB5-3D,20260878,inplane,vel,1.3440050401899062,346073.50811055966
TB5-3D,20260878,inplane,pos,-0.20973008625042236,8145.797141099662
TB5-3D,20260878,inplane,vel,-0.3880096079336225,8145.797141099662
TB5-3D,20260878,inplane,pos,0.2459852817399756,7007.949765884636
TB5-3D,20260878,inplane,vel,0.22067933572250722,7007.949765884636
TB5-3D,20260878,plane,pos,0.3846550769501467,66575.62913823084
TB5-3D,20260878,plane,vel,0.17513413474914405,66575.62913823084
TB5-3D,20260878,plane,pos,0.4539614192467632,43650.040581464775
TB5-3D,20260878,plane,vel,0.18761572109217026,43650.040581464775
TB5-3D,20260878,plane,pos,3.0348740236517835,7057.323516506679
TB5-3D,20260878,plane,vel,0.040519071726554556,7057.323516506679
TB5-3D,20260878,plane,pos,-0.0177213653999593,2272.7434376296314
TB5-3D,20260878,plane,vel,1.3412490869505833,2272.7434376296314
TB5-3D,20260878,plane,pos,1.190554493357597,11542.079515824224
TB5-3D,20260878,plane,vel,-0.6102448236206179,11542.079515824224
TB5-3D,20260878,plane,pos,0.506922007392587,346073.50811055966
TB5-3D,20260878,plane,vel,-0.3857254238008716,346073.50811055966
TB5-3D,20260878,plane,pos,-0.03262242302356276,8145.797141099662
TB5-3D,20260878,plane,vel,0.8735353803913206,8145.797141099662
TB5-3D,20260878,plane,pos,-0.8338527077287626,7007.949765884636
TB5-3D,20260878,plane,vel,-1.1328092396962128,7007.949765884636
TB5-3D,20260878,range,pos,-0.5359209509690133,2138.5806065135575
TB5-3D,20260878,range,vel,0.7260682984689816,2138.5806065135575
TB5-3D,20260878,range,pos,-1.5633681424154278,822.112669353952
TB5-3D,20260878,range,vel,-0.3713015307931063,822.112669353952
TB5-3D,20260878,range,pos,-0.5926534020641061,4926673.868088623
TB5-3D,20260878,range,vel,0.7180080675183753,4926673.868088623
TB5-3D,20260878,range,pos,0.023651108057525537,3005.105557276219
TB5-3D,20260878,range,vel,0.6469917178216339,3005.105557276219
TB5-3D,20260878,range,pos,-0.3410801024164032,2289358.5575536657
TB5-3D,20260878,range,vel,0.2625944545796173,2289358.5575536657
TB5-3D,20260878,range,pos,1.34474286905593,179257.8005444372
TB5-3D,20260878,range,vel,-1.924602157739926,179257.8005444372
TB5-3D,20260878,range,pos,0.1029941194410452,7394.927898599755
TB5-3D,20260878,range,vel,-0.013709040572983902,7394.927898599755
TB5-3D,20260878,range,pos,-0.5401114713494086,10005648.87626542
TB5-3D,20260878,range,vel,-0.21297480122846751,10005648.87626542
TB5-3D,20260878,inplane,pos,-0.5335781555552828,2138.5806065135575
TB5-3D,20260878,inplane,vel,-0.6051975696373497,2138.5806065135575
TB5-3D,20260878,inplane,pos,-1.896552641948579,822.112669353952
TB5-3D,20260878,inplane,vel,-1.067514022431461,822.112669353952
TB5-3D,20260878,inplane,pos,1.4307427196675184,4926673.868088623
TB5-3D,20260878,inplane,vel,-0.10982430738400419,4926673.868088623
TB5-3D,20260878,inplane,pos,1.9086044934014381,3005.105557276219
TB5-3D,20260878,inplane,vel,-0.5420898763745206,3005.105557276219
TB5-3D,20260878,inplane,pos,-0.7304788770021118,2289358.5575536657
TB5-3D,20260878,inplane,vel,-0.30509200597987923,2289358.5575536657
TB5-3D,20260878,inplane,pos,-0.010176148810284755,179257.8005444372
TB5-3D,20260878,inplane,vel,1.399886485704149,179257.8005444372
TB5-3D,20260878,inplane,pos,0.08716738753994584,7394.927898599755
TB5-3D,20260878,inplane,vel,0.09880290456396341,7394.927898599755
TB5-3D,20260878,inplane,pos,0.05510508977978031,10005648.87626542
TB5-3D,20260878,inplane,vel,0.10773018326238702,10005648.87626542
TB5-3D,20260878,plane,pos,-0.16495344960147268,2138.5806065135575
TB5-3D,20260878,plane,vel,0.682014163936898,2138.5806065135575
TB5-3D,20260878,plane,pos,0.3428117765435056,822.112669353952
TB5-3D,20260878,plane,vel,-0.25266504583680677,822.112669353952
TB5-3D,20260878,plane,pos,-1.835691823863927,4926673.868088623
TB5-3D,20260878,plane,vel,-2.2030847274832355,4926673.868088623
TB5-3D,20260878,plane,pos,-0.8131490208738779,3005.105557276219
TB5-3D,20260878,plane,vel,0.32330493289168916,3005.105557276219
TB5-3D,20260878,plane,pos,-0.15487661773225755,2289358.5575536657
TB5-3D,20260878,plane,vel,-0.01556482052121579,2289358.5575536657
TB5-3D,20260878,plane,pos,0.9399223298448874,179257.8005444372
TB5-3D,20260878,plane,vel,-0.1287147010934855,179257.8005444372
TB5-3D,20260878,plane,pos,-1.1946001705721292,7394.927898599755
TB5-3D,20260878,plane,vel,1.1638741851074448,7394.927898599755
TB5-3D,20260878,plane,pos,0.37452457884915563,10005648.87626542
TB5-3D,20260878,plane,vel,-1.007696601036067,10005648.87626542
TB5-3D,20260878,range,pos,-0.18594756850414107,8037.698236599758
TB5-3D,20260878,range,vel,-0.14516693839630065,8037.698236599758
TB5-3D,20260878,range,pos,-0.05921118468293642,5377.3783685225235
TB5-3D,20260878,range,vel,0.8129273081155404,5377.3783685225235
TB5-3D,20260878,range,pos,0.8806082550112088,602343.5513079016
TB5-3D,20260878,range,vel,0.7581506490457418,602343.5513079016
TB5-3D,20260878,range,pos,1.1384460866743136,4664.40899691899
TB5-3D,20260878,range,vel,-0.27150071730093694,4664.40899691899
TB5-3D,20260878,range,pos,-1.3680011802475325,448427.5045302847
TB5-3D,20260878,range,vel,-0.003459765381881925,448427.5045302847
TB5-3D,20260878,range,pos,-0.295621763513545,10841.981059151532
TB5-3D,20260878,range,vel,0.27794812459017804,10841.981059151532
TB5-3D,20260878,range,pos,0.30455986538050506,718674.906944536
TB5-3D,20260878,range,vel,0.17477880700183607,718674.906944536
TB5-3D,20260878,range,pos,-0.4511798581411361,316317.16074327123
TB5-3D,20260878,range,vel,-0.5447074418873935,316317.16074327123
TB5-3D,20260878,inplane,pos,0.1143610857930865,8037.698236599758
TB5-3D,20260878,inplane,vel,-0.09564202405076085,8037.698236599758
TB5-3D,20260878,inplane,pos,0.31963737421905436,5377.3783685225235
TB5-3D,20260878,inplane,vel,-0.4235031851195958,5377.3783685225235
TB5-3D,20260878,inplane,pos,1.3762458437362188,602343.5513079016
TB5-3D,20260878,inplane,vel,0.843458232813328,602343.5513079016
TB5-3D,20260878,inplane,pos,0.5390222049997065,4664.40899691899
TB5-3D,20260878,inplane,vel,1.0523279754276598,4664.40899691899
TB5-3D,20260878,inplane,pos,-0.888391326034001,448427.5045302847
TB5-3D,20260878,inplane,vel,-1.1977706892730642,448427.5045302847
TB5-3D,20260878,inplane,pos,0.915552496866132,10841.981059151532
TB5-3D,20260878,inplane,vel,-0.1587240448835429,10841.981059151532
TB5-3D,20260878,inplane,pos,0.5751336864473496,718674.906944536
TB5-3D,20260878,inplane,vel,0.21080803462520817,718674.906944536
TB5-3D,20260878,inplane,pos,-0.5496584768435048,316317.16074327123
TB5-3D,20260878,inplane,vel,-0.8921582583017104,316317.16074327123
TB5-3D,20260878,plane,pos,2.083331882810364,8037.698236599758
TB5-3D,20260878,plane,vel,0.5536633209859145,8037.698236599758
TB5-3D,20260878,plane,pos,-0.5758302850400977,5377.3783685225235
TB5-3D,20260878,plane,vel,-0.6713377956138549,5377.3783685225235
TB5-3D,20260878,plane,pos,0.874859956695047,602343.5513079016
TB5-3D,20260878,plane,vel,1.6096795370302301,602343.5513079016
TB5-3D,20260878,plane,pos,0.21567106470191041,4664.40899691899
TB5-3D,20260878,plane,vel,-0.8703079025459134,4664.40899691899
TB5-3D,20260878,plane,pos,1.4458156965543771,448427.5045302847
TB5-3D,20260878,plane,vel,-0.4106195024990562,448427.5045302847
TB5-3D,20260878,plane,pos,2.469625295757554,10841.981059151532
TB5-3D,20260878,plane,vel,0.9915834655880648,10841.981059151532
TB5-3D,20260878,plane,pos,1.2470112783105076,718674.906944536
TB5-3D,20260878,plane,vel,0.2904469665694204,718674.906944536
TB5-3D,20260878,plane,pos,0.25161523169714545,316317.16074327123
TB5-3D,20260878,plane,vel,1.8395326983482119,316317.16074327123
TB5-3D,20260878,range,pos,-0.9191592243865557,923.5020095301231
TB5-3D,20260878,range,vel,-0.37889270409531034,923.5020095301231
TB5-3D,20260878,range,pos,-0.91874343370322,9125889.480703177
TB5-3D,20260878,range,vel,-0.8165769676417463,9125889.480703177
TB5-3D,20260878,range,pos,-1.4110806607670423,19330.143545609095
TB5-3D,20260878,range,vel,-0.3530166748397231,19330.143545609095
TB5-3D,20260878,range,pos,1.153994162257306,1012530.5655382882
TB5-3D,20260878,range,vel,-1.0639246607066668,1012530.5655382882
TB5-3D,20260878,range,pos,-0.4766057188507686,36694.64540286523
TB5-3D,20260878,range,vel,0.4147358683472269,36694.64540286523
TB5-3D,20260878,range,pos,1.8504431844823448,42221.73039583162
TB5-3D,20260878,range,vel,-1.990340050435318,42221.73039583162
TB5-3D,20260878,range,pos,-1.3981365372433725,29061.265283738823
TB5-3D,20260878,range,vel,-0.4219864818350452,29061.265283738823
TB5-3D,20260878,inplane,pos,-0.20350556525221844,923.5020095301231
TB5-3D,20260878,inplane,vel,0.8192171452843907,923.5020095301231
TB5-3D,20260878,inplane,pos,1.3760360874493458,9125889.480703177
TB5-3D,20260878,inplane,vel,-0.7698668394723076,9125889.480703177
TB5-3D,20260878,inplane,pos,-1.2957740585582578,19330.143545609095
TB5-3D,20260878,inplane,vel,-1.3093727071134855,19330.143545609095
TB5-3D,20260878,inplane,pos,0.8304750303218702,1012530.5655382882
TB5-3D,20260878,inplane,vel,1.4772270765472866,1012530.5655382882
TB5-3D,20260878,inplane,pos,0.8127955759661577,36694.64540286523
TB5-3D,20260878,inplane,vel,0.433768802148009,36694.64540286523
TB5-3D,20260878,inplane,pos,-0.5466490215050187,42221.73039583162
TB5-3D,20260878,inplane,vel,0.3034226196653905,42221.73039583162
TB5-3D,20260878,inplane,pos,-2.79476971922593,29061.265283738823
TB5-3D,20260878,inplane,vel,-1.929983070810344,29061.265283738823
TB5-3D,20260878,plane,pos,-0.6483330800297561,923.5020095301231
TB5-3D,20260878,plane,vel,0.17982150140731445,923.5020095301231
TB5-3D,20260878,plane,pos,-0.3921387221914486,9125889.480703177
TB5-3D,20260878,plane,vel,1.1053251723845032,9125889.480703177
TB5-3D,20260878,plane,pos,-0.10088121307834763,19330.143545609095
TB5-3D,20260878,plane,vel,-0.1526726639629192,19330.143545609095
TB5-3D,20260878,plane,pos,-0.10962155312904247,1012530.5655382882
TB5-3D,20260878,plane,vel,0.5234677654935012,1012530.5655382882
TB5-3D,20260878,plane,pos,1.9167423382631728,36694.64540286523
TB5-3D,20260878,plane,vel,2.858107100924869,36694.64540286523
TB5-3D,20260878,plane,pos,1.190193904364602,42221.73039583162
TB5-3D,20260878,plane,vel,0.3471140246834627,42221.73039583162
TB5-3D,20260878,plane,pos,0.20427413263465916,29061.265283738823
TB5-3D,20260878,plane,vel,0.7748695715711488,29061.265283738823
TB5-3D,20260885,range,pos,1.6612624312299602,1045751.1269851186
TB5-3D,20260885,range,vel,-2.512769344894526,1045751.1269851186
TB5-3D,20260885,range,pos,-0.9411335521253719,203351.46197473427
TB5-3D,20260885,range,vel,-0.9616977108342262,203351.46197473427
TB5-3D,20260885,range,pos,-2.8138942167591003,739814.6176048998
TB5-3D,20260885,range,vel,-0.5738215777733209,739814.6176048998
TB5-3D,20260885,range,pos,-2.5298093825877004,1069909.3620423884
TB5-3D,20260885,range,vel,0.36462513529401397,1069909.3620423884
TB5-3D,20260885,range,pos,-45.65159244074691,383114.3458766371
TB5-3D,20260885,range,vel,-39.70047157853534,383114.3458766371
TB5-3D,20260885,range,pos,0.13401040334280745,467162.6988511769
TB5-3D,20260885,range,vel,-0.007395800058314508,467162.6988511769
TB5-3D,20260885,range,pos,-1.0689387994145938,2356973.0739181372
TB5-3D,20260885,range,vel,0.729388268761494,2356973.0739181372
TB5-3D,20260885,range,pos,1.0390444035488855,808241.8206721363
TB5-3D,20260885,range,vel,-1.0221631743962027,808241.8206721363
TB5-3D,20260885,inplane,pos,-1.3547745972186602,1045751.1269851186
TB5-3D,20260885,inplane,vel,0.4037421342010269,1045751.1269851186
TB5-3D,20260885,inplane,pos,1.678820587871745,203351.46197473427
TB5-3D,20260885,inplane,vel,1.8173532265138528,203351.46197473427
TB5-3D,20260885,inplane,pos,-1.2058960977948234,739814.6176048998
TB5-3D,20260885,inplane,vel,-2.487965775912688,739814.6176048998
TB5-3D,20260885,inplane,pos,-2.181533170036288,1069909.3620423884
TB5-3D,20260885,inplane,vel,-2.789224897030226,1069909.3620423884
TB5-3D,20260885,inplane,pos,1.7591624318765415,383114.3458766371
TB5-3D,20260885,inplane,vel,-60.599100306059334,383114.3458766371
TB5-3D,20260885,inplane,pos,-0.19254274269606766,467162.6988511769
TB5-3D,20260885,inplane,vel,-0.3525825756093846,467162.6988511769
TB5-3D,20260885,inplane,pos,-0.23495095572435915,2356973.0739181372
TB5-3D,20260885,inplane,vel,-0.7879590823108508,2356973.0739181372
TB5-3D,20260885,inplane,pos,0.7482040546570942,808241.8206721363
TB5-3D,20260885,inplane,vel,1.2427516947127657,808241.8206721363
TB5-3D,20260885,plane,pos,-1.8050995257883147,1045751.1269851186
TB5-3D,20260885,plane,vel,-0.017367561895408716,1045751.1269851186
TB5-3D,20260885,plane,pos,0.8666623609356945,203351.46197473427
TB5-3D,20260885,plane,vel,1.27686092349463,203351.46197473427
TB5-3D,20260885,plane,pos,0.898987889308032,739814.6176048998
TB5-3D,20260885,plane,vel,0.08257684213689752,739814.6176048998
TB5-3D,20260885,plane,pos,-1.0631930826800173,1069909.3620423884
TB5-3D,20260885,plane,vel,-0.06448816913854638,1069909.3620423884
TB5-3D,20260885,plane,pos,-0.014326272397011614,383114.3458766371
TB5-3D,20260885,plane,vel,-0.1732372033162093,383114.3458766371
TB5-3D,20260885,plane,pos,-0.6104488583179318,467162.6988511769
TB5-3D,20260885,plane,vel,-1.0773456506195396,467162.6988511769
TB5-3D,20260885,plane,pos,0.10926312407024898,2356973.0739181372
TB5-3D,20260885,plane,vel,0.577715673636997,2356973.0739181372
TB5-3D,20260885,plane,pos,-1.4281865744499855,808241.8206721363
TB5-3D,20260885,plane,vel,0.882865200211863,808241.8206721363
TB5-3D,20260885,range,pos,-0.41001710418207377,101068.38885246297
TB5-3D,20260885,range,vel,0.56481219695375,101068.38885246297
TB5-3D,20260885,range,pos,-2.274465443593683,37649.05026531048
TB5-3D,20260885,range,vel,2.2345643077419908,37649.05026531048
TB5-3D,20260885,range,pos,-1.2264847552818667,54153.80730343165
TB5-3D,20260885,range,vel,0.5305011780264917,54153.80730343165
TB5-3D,20260885,range,pos,-1.7532620617651116,148675.73020928254
TB5-3D,20260885,range,vel,1.474056917801528,148675.73020928254
TB5-3D,20260885,range,pos,-26.641163861750048,38673.88199321307
TB5-3D,20260885,range,vel,12.156589534271669,38673.88199321307
TB5-3D,20260885,range,pos,-0.7614889392178765,104800.2229995282
TB5-3D,20260885,range,vel,1.38838322066637,104800.2229995282
TB5-3D,20260885,range,pos,-0.5840844698089737,88101.11559978858
TB5-3D,20260885,range,vel,0.9112386517239397,88101.11559978858
TB5-3D,20260885,range,pos,-0.13516025525668632,60878.64743266529
TB5-3D,20260885,range,vel,-0.034010286220804445,60878.64743266529
TB5-3D,20260885,inplane,pos,-0.4290434361117581,101068.38885246297
TB5-3D,20260885,inplane,vel,-0.45764526151833046,101068.38885246297
TB5-3D,20260885,inplane,pos,0.07635669545764322,37649.05026531048
TB5-3D,20260885,inplane,vel,2.2382943064913308,37649.05026531048
TB5-3D,20260885,inplane,pos,-0.907440641819545,54153.80730343165
TB5-3D,20260885,inplane,vel,-0.4841791636460055,54153.80730343165
TB5-3D,20260885,inplane,pos,-1.187661459629924,148675.73020928254
TB5-3D,20260885,inplane,vel,-1.9336767415840521,148675.73020928254
TB5-3D,20260885,inplane,pos,15.815378359765724,38673.88199321307
TB5-3D,20260885,inplane,vel,-9.297319467289425,38673.88199321307
TB5-3D,20260885,inplane,pos,0.24980015386728893,104800.2229995282
TB5-3D,20260885,inplane,vel,-0.5614827176339289,104800.2229995282
TB5-3D,20260885,inplane,pos,-2.4225591968361373,88101.11559978858
TB5-3D,20260885,inplane,vel,-1.343264089260444,88101.11559978858
TB5-3D,20260885,inplane,pos,0.42907531982255104,60878.64743266529
TB5-3D,20260885,inplane,vel,0.719064010854572,60878.64743266529
TB5-3D,20260885,plane,pos,0.22102027355468973,101068.38885246297
TB5-3D,20260885,plane,vel,-0.4238703479395368,101068.38885246297
TB5-3D,20260885,plane,pos,-0.22077133579840152,37649.05026531048
TB5-3D,20260885,plane,vel,0.6776774141641765,37649.05026531048
TB5-3D,20260885,plane,pos,1.172764952856185,54153.80730343165
TB5-3D,20260885,plane,vel,-0.13189247330458595,54153.80730343165
TB5-3D,20260885,plane,pos,-1.2721834652220128,148675.73020928254
TB5-3D,20260885,plane,vel,-1.1632327139151681,148675.73020928254
TB5-3D,20260885,plane,pos,1.6654270732457799,38673.88199321307
TB5-3D,20260885,plane,vel,-2.701485717072756,38673.88199321307
TB5-3D,20260885,plane,pos,-2.1395208078405608,104800.2229995282
TB5-3D,20260885,plane,vel,-0.29448670966815393,104800.2229995282
TB5-3D,20260885,plane,pos,-1.0293300279838502,88101.11559978858
TB5-3D,20260885,plane,vel,-0.9671272490804602,88101.11559978858
TB5-3D,20260885,plane,pos,-0.03125529168680718,60878.64743266529
TB5-3D,20260885,plane,vel,-0.6795351150081818,60878.64743266529
TB5-3D,20260885,range,pos,-1.013727806793236,19630.377793814223
TB5-3D,20260885,range,vel,1.1507434639717442,19630.377793814223
TB5-3D,20260885,range,pos,0.9739705885511272,5781.79857915361
TB5-3D,20260885,range,vel,-0.5560832538787944,5781.79857915361
TB5-3D,20260885,range,pos,-1.0452792831138413,12925.091199332659
TB5-3D,20260885,range,vel,0.8441317074824004,12925.091199332659
TB5-3D,20260885,range,pos,-1.1012239259613104,34785.92804112707
TB5-3D,20260885,range,vel,-0.32219629963253904,34785.92804112707
TB5-3D,20260885,range,pos,-139.54070272048696,525.2552792482907
TB5-3D,20260885,range,vel,57.31431282310817,525.2552792482907
TB5-3D,20260885,range,pos,0.12530063752306778,7410.321826523561
TB5-3D,20260885,range,vel,-0.4498622616126034,7410.321826523561
TB5-3D,20260885,range,pos,1.7097434123392674,4895.516711947221
TB5-3D,20260885,range,vel,-1.555553232313124,4895.516711947221
TB5-3D,20260885,range,pos,-0.5842912136921135,30837.7943791119
TB5-3D,20260885,range,vel,-0.12835570455836914,30837.7943791119
TB5-3D,20260885,inplane,pos,-0.23904267750689084,19630.377793814223
TB5-3D,20260885,inplane,vel,-0.9097381309366913,19630.377793814223
TB5-3D,20260885,inplane,pos,0.3591433531843118,5781.79857915361
TB5-3D,20260885,inplane,vel,0.9646633890047653,5781.79857915361
TB5-3D,20260885,inplane,pos,-1.962269008051696,12925.091199332659
TB5-3D,20260885,inplane,vel,-1.7569488685467847,12925.091199332659
TB5-3D,20260885,inplane,pos,-1.6604103602086124,34785.92804112707
TB5-3D,20260885,inplane,vel,-1.2252093037697271,34785.92804112707
TB5-3D,20260885,inplane,pos,201.54628638435136,525.2552792482907
TB5-3D,20260885,inplane,vel,-12.491312882308103,525.2552792482907
TB5-3D,20260885,inplane,pos,-1.063520406315541,7410.321826523561
TB5-3D,20260885,inplane,vel,-0.05052063564435795,7410.321826523561
TB5-3D,20260885,inplane,pos,-0.26129811444934326,4895.516711947221
TB5-3D,20260885,inplane,vel,1.7092616933183067,4895.516711947221
TB5-3D,20260885,inplane,pos,-0.5288794128574664,30837.7943791119
TB5-3D,20260885,inplane,vel,-0.6390497818578807,30837.7943791119
TB5-3D,20260885,plane,pos,0.25257356459643293,19630.377793814223
TB5-3D,20260885,plane,vel,1.46110790480782,19630.377793814223
TB5-3D,20260885,plane,pos,0.23557957046011407,5781.79857915361
TB5-3D,20260885,plane,vel,1.047640773159317,5781.79857915361
TB5-3D,20260885,plane,pos,0.07786774878171714,12925.091199332659
TB5-3D,20260885,plane,vel,0.8241096885218298,12925.091199332659
TB5-3D,20260885,plane,pos,0.037247122984240856,34785.92804112707
TB5-3D,20260885,plane,vel,2.2680621639102587,34785.92804112707
TB5-3D,20260885,plane,pos,-50.90173759703837,525.2552792482907
TB5-3D,20260885,plane,vel,30.788716701903095,525.2552792482907
TB5-3D,20260885,plane,pos,0.6427180082932595,7410.321826523561
TB5-3D,20260885,plane,vel,-0.3426664145715904,7410.321826523561
TB5-3D,20260885,plane,pos,-0.15808851670327592,4895.516711947221
TB5-3D,20260885,plane,vel,0.48755411532644266,4895.516711947221
TB5-3D,20260885,plane,pos,1.124103568737934,30837.7943791119
TB5-3D,20260885,plane,vel,0.7754171762724701,30837.7943791119
TB5-3D,20260885,range,pos,-0.5616026820640437,11024.112739142549
TB5-3D,20260885,range,vel,-0.5642130745017091,11024.112739142549
TB5-3D,20260885,range,pos,0.9014875695730402,824899.3000742061
TB5-3D,20260885,range,vel,0.4689291292176549,824899.3000742061
TB5-3D,20260885,range,pos,-0.40433081098886337,9939.202540564398
TB5-3D,20260885,range,vel,-0.4652359376149575,9939.202540564398
TB5-3D,20260885,range,pos,1.2067587903052028,9147.281295183651
TB5-3D,20260885,range,vel,1.8625690261420282,9147.281295183651
TB5-3D,20260885,range,pos,389.1376002516226,7041.884855031923
TB5-3D,20260885,range,vel,398.3457179699027,7041.884855031923
TB5-3D,20260885,range,pos,-0.7378076184679753,7405.290807669427
TB5-3D,20260885,range,vel,-0.16336435924114154,7405.290807669427
TB5-3D,20260885,inplane,pos,-1.0370529848018404,11024.112739142549
TB5-3D,20260885,inplane,vel,-0.566427060945006,11024.112739142549
TB5-3D,20260885,inplane,pos,1.2419638123070487,824899.3000742061
TB5-3D,20260885,inplane,vel,1.5492063757828247,824899.3000742061
TB5-3D,20260885,inplane,pos,-0.6632426956237107,9939.202540564398
TB5-3D,20260885,inplane,vel,-0.2819689815609885,9939.202540564398
TB5-3D,20260885,inplane,pos,2.3443917997080432,9147.281295183651
TB5-3D,20260885,inplane,vel,1.3393001795294255,9147.281295183651
TB5-3D,20260885,inplane,pos,-11.389908958913365,7041.884855031923
TB5-3D,20260885,inplane,vel,345.1337064759095,7041.884855031923
TB5-3D,20260885,inplane,pos,-0.10840847764750701,7405.290807669427
TB5-3D,20260885,inplane,vel,-0.7668698054209457,7405.290807669427
TB5-3D,20260885,plane,pos,0.5603182805582131,11024.112739142549
TB5-3D,20260885,plane,vel,-0.5769986471213832,11024.112739142549
TB5-3D,20260885,plane,pos,0.46055188349786147,824899.3000742061
TB5-3D,20260885,plane,vel,0.3063221127232945,824899.3000742061
TB5-3D,20260885,plane,pos,0.45298745057854223,9939.202540564398
TB5-3D,20260885,plane,vel,0.6864184801272112,9939.202540564398
TB5-3D,20260885,plane,pos,0.14511197498644038,9147.281295183651
TB5-3D,20260885,plane,vel,0.6300579981554563,9147.281295183651
TB5-3D,20260885,plane,pos,88.40199817172888,7041.884855031923
TB5-3D,20260885,plane,vel,-63.591820061636376,7041.884855031923
TB5-3D,20260885,plane,pos,0.26086662938541005,7405.290807669427
TB5-3D,20260885,plane,vel,-0.3658389484312098,7405.290807669427
TB5-3D,20260885,range,pos,-0.24190179915399862,4016.804916986117
TB5-3D,20260885,range,vel,0.5850706157243553,4016.804916986117
TB5-3D,20260885,range,pos,-0.6641884962445531,170209.95523282778
TB5-3D,20260885,range,vel,-0.07602523159167991,170209.95523282778
TB5-3D,20260885,range,pos,-0.6369176599125475,2642.0136662405207
TB5-3D,20260885,range,vel,-0.5304515899156941,2642.0136662405207
TB5-3D,20260885,range,pos,1.4290574842180719,1421.3886540570093
TB5-3D,20260885,range,vel,0.5981438621210343,1421.3886540570093
TB5-3D,20260885,range,pos,-112.64284439413358,9684.457762465712
TB5-3D,20260885,range,vel,-42.022564291343016,9684.457762465712
TB5-3D,20260885,range,pos,-0.15453673864975082,1642311.041605745
TB5-3D,20260885,range,vel,-0.4251489668987437,1642311.041605745
TB5-3D,20260885,range,pos,-0.6065324397076836,5625.202587140892
TB5-3D,20260885,range,vel,0.7576794868434016,5625.202587140892
TB5-3D,20260885,range,pos,0.5969393058183246,982290.023050268
TB5-3D,20260885,range,vel,-0.331839366994673,982290.023050268
TB5-3D,20260885,inplane,pos,1.0467960781916388,4016.804916986117
TB5-3D,20260885,inplane,vel,-0.2006269094855187,4016.804916986117
TB5-3D,20260885,inplane,pos,0.04385544070035983,170209.95523282778
TB5-3D,20260885,inplane,vel,0.5329412883356065,170209.95523282778
TB5-3D,20260885,inplane,pos,0.07539649357234916,2642.0136662405207
TB5-3D,20260885,inplane,vel,-0.6192811940742734,2642.0136662405207
TB5-3D,20260885,inplane,pos,-0.6703923289442172,1421.3886540570093
TB5-3D,20260885,inplane,vel,-0.4410294053457602,1421.3886540570093
TB5-3D,20260885,inplane,pos,-34.85577069388332,9684.457762465712
TB5-3D,20260885,inplane,vel,-208.26293186454137,9684.457762465712
TB5-3D,20260885,inplane,pos,-0.2452064777629618,1642311.041605745
TB5-3D,20260885,inplane,vel,0.3846242490030455,1642311.041605745
TB5-3D,20260885,inplane,pos,-0.3984150619927648,5625.202587140892
TB5-3D,20260885,inplane,vel,-0.544651491346127,5625.202587140892
TB5-3D,20260885,inplane,pos,0.24166497045324006,982290.023050268
TB5-3D,20260885,inplane,vel,0.533216946493074,982290.023050268
TB5-3D,20260885,plane,pos,0.5812077799594906,4016.804916986117
TB5-3D,20260885,plane,vel,0.24268688934949004,4016.804916986117
TB5-3D,20260885,plane,pos,-0.03545286644902889,170209.95523282778
TB5-3D,20260885,plane,vel,-0.2968939137576803,170209.95523282778
TB5-3D,20260885,plane,pos,-1.263806606900462,2642.0136662405207
TB5-3D,20260885,plane,vel,0.48460310489733927,2642.0136662405207
TB5-3D,20260885,plane,pos,-0.5852663241342467,1421.3886540570093
TB5-3D,20260885,plane,vel,2.307784106025349,1421.3886540570093
TB5-3D,20260885,plane,pos,25.84150693731055,9684.457762465712
TB5-3D,20260885,plane,vel,47.0365475630958,9684.457762465712
TB5-3D,20260885,plane,pos,1.0412789619667906,1642311.041605745
TB5-3D,20260885,plane,vel,0.23588699457513324,1642311.041605745
TB5-3D,20260885,plane,pos,-0.8823826452691461,5625.202587140892
TB5-3D,20260885,plane,vel,1.4041413981078161,5625.202587140892
TB5-3D,20260885,plane,pos,-0.2814423650813193,982290.023050268
TB5-3D,20260885,plane,vel,1.2536583330405136,982290.023050268
TB5-3D,20260885,range,pos,-1.1394384148562549,10453090.47881786
TB5-3D,20260885,range,vel,-0.49749908822957756,10453090.47881786
TB5-3D,20260885,range,pos,-0.38145409111608136,36251.659188044694
TB5-3D,20260885,range,vel,0.6767448298467849,36251.659188044694
TB5-3D,20260885,range,pos,-1.1448169986663326,5840782.3813717365
TB5-3D,20260885,range,vel,0.7420020147846297,5840782.3813717365
TB5-3D,20260885,range,pos,-0.4419380895015324,1450384.0671791336
TB5-3D,20260885,range,vel,1.0085857597315782,1450384.0671791336
TB5-3D,20260885,range,pos,122.46954738414149,1927.1034055218295
TB5-3D,20260885,range,vel,-312.9825833400174,1927.1034055218295
TB5-3D,20260885,range,pos,-0.5153102000313661,111846.1020086955
TB5-3D,20260885,range,vel,0.0023361711594360973,111846.1020086955
TB5-3D,20260885,range,pos,0.9008820504878159,5005.186447078374
TB5-3D,20260885,range,vel,0.6416739708904311,5005.186447078374
TB5-3D,20260885,range,pos,0.7267493158612164,49863.31559901479
TB5-3D,20260885,range,vel,-0.8686878180085269,49863.31559901479
TB5-3D,20260885,inplane,pos,1.664859853661648,10453090.47881786
TB5-3D,20260885,inplane,vel,1.4696782134914026,10453090.47881786
TB5-3D,20260885,inplane,pos,0.817447708874209,36251.659188044694
TB5-3D,20260885,inplane,vel,0.20294720147083864,36251.659188044694
TB5-3D,20260885,inplane,pos,1.5231275211580886,5840782.3813717365
TB5-3D,20260885,inplane,vel,1.299373357864051,5840782.3813717365
TB5-3D,20260885,inplane,pos,0.42168411098977415,1450384.0671791336
TB5-3D,20260885,inplane,vel,-0.7134682160932933,1450384.0671791336
TB5-3D,20260885,inplane,pos,330.5654329709279,1927.1034055218295
TB5-3D,20260885,inplane,vel,-496.1041110492641,1927.1034055218295
TB5-3D,20260885,inplane,pos,-0.44914013332537817,111846.1020086955
TB5-3D,20260885,inplane,vel,0.09644032072414412,111846.1020086955
TB5-3D,20260885,inplane,pos,-0.5431257674073174,5005.186447078374
TB5-3D,20260885,inplane,vel,-0.13463931981655722,5005.186447078374
TB5-3D,20260885,inplane,pos,-0.549386326447351,49863.31559901479
TB5-3D,20260885,inplane,vel,0.3396136717639818,49863.31559901479
TB5-3D,20260885,plane,pos,-0.11605361499854866,10453090.47881786
TB5-3D,20260885,plane,vel,0.8239917409857448,10453090.47881786
TB5-3D,20260885,plane,pos,0.794299988178718,36251.659188044694
TB5-3D,20260885,plane,vel,-0.0938358066014243,36251.659188044694
TB5-3D,20260885,plane,pos,-1.2772738337005385,5840782.3813717365
TB5-3D,20260885,plane,vel,-1.6521971041732644,5840782.3813717365
TB5-3D,20260885,plane,pos,-0.6326438280699682,1450384.0671791336
TB5-3D,20260885,plane,vel,-0.7507642103566721,1450384.0671791336
TB5-3D,20260885,plane,pos,33.79757636321395,1927.1034055218295
TB5-3D,20260885,plane,vel,-260.3636579348903,1927.1034055218295
TB5-3D,20260885,plane,pos,0.22187933082435257,111846.1020086955
TB5-3D,20260885,plane,vel,-0.7746332227887112,111846.1020086955
TB5-3D,20260885,plane,pos,0.599676548571724,5005.186447078374
TB5-3D,20260885,plane,vel,1.9206901546335622,5005.186447078374
TB5-3D,20260885,plane,pos,0.5340192530406136,49863.31559901479
TB5-3D,20260885,plane,vel,0.5790394817363074,49863.31559901479
TB5-3D,20260892,range,pos,0.387983043607613,745367.5147860517
TB5-3D,20260892,range,vel,-0.7657897036493695,745367.5147860517
TB5-3D,20260892,range,pos,0.6969821976390648,402926.5114051505
TB5-3D,20260892,range,vel,-1.0640476236653207,402926.5114051505
TB5-3D,20260892,range,pos,-0.46153607413758285,7656571.468444426
TB5-3D,20260892,range,vel,-0.3257870291056915,7656571.468444426
TB5-3D,20260892,range,pos,0.05527815112690092,1605477.9102373896
TB5-3D,20260892,range,vel,-0.32885296609659204,1605477.9102373896
TB5-3D,20260892,range,pos,2.0354034008719966,1361692.3322328196
TB5-3D,20260892,range,vel,-1.7948024843877455,1361692.3322328196
TB5-3D,20260892,range,pos,0.5686184827720657,943912.2521849606
TB5-3D,20260892,range,vel,-0.9669855464267079,943912.2521849606
TB5-3D,20260892,range,pos,-0.0165557343097001,2037244.8838178453
TB5-3D,20260892,range,vel,0.3225196951019711,2037244.8838178453
TB5-3D,20260892,range,pos,-0.22729244390590425,693588.8388470517
TB5-3D,20260892,range,vel,-0.6251534290972146,693588.8388470517
TB5-3D,20260892,inplane,pos,-0.28017021828605165,745367.5147860517
TB5-3D,20260892,inplane,vel,0.43807989714913353,745367.5147860517
TB5-3D,20260892,inplane,pos,-0.9177548993145607,402926.5114051505
TB5-3D,20260892,inplane,vel,0.6368663646749222,402926.5114051505
TB5-3D,20260892,inplane,pos,0.6591054812041256,7656571.468444426
TB5-3D,20260892,inplane,vel,-0.35119651912592714,7656571.468444426
TB5-3D,20260892,inplane,pos,-0.5615532904017267,1605477.9102373896
TB5-3D,20260892,inplane,vel,-0.3852881534967286,1605477.9102373896
TB5-3D,20260892,inplane,pos,1.2341253475388965,1361692.3322328196
TB5-3D,20260892,inplane,vel,2.1129576186675854,1361692.3322328196
TB5-3D,20260892,inplane,pos,-0.4761604261250032,943912.2521849606
TB5-3D,20260892,inplane,vel,0.245843835193332,943912.2521849606
TB5-3D,20260892,inplane,pos,0.028929856617508708,2037244.8838178453
TB5-3D,20260892,inplane,vel,-0.4025677744454705,2037244.8838178453
TB5-3D,20260892,inplane,pos,-1.0568956929787792,693588.8388470517
TB5-3D,20260892,inplane,vel,-0.5923969717884667,693588.8388470517
TB5-3D,20260892,plane,pos,0.9717830172604377,745367.5147860517
TB5-3D,20260892,plane,vel,-0.4628352688510287,745367.5147860517
TB5-3D,20260892,plane,pos,-1.289125224746517,402926.5114051505
TB5-3D,20260892,plane,vel,0.18169348660504667,402926.5114051505
TB5-3D,20260892,plane,pos,-1.9032992808216265,7656571.468444426
TB5-3D,20260892,plane,vel,0.744333851597022,7656571.468444426
TB5-3D,20260892,plane,pos,0.12746782193919667,1605477.9102373896
TB5-3D,20260892,plane,vel,0.0909747739404729,1605477.9102373896
TB5-3D,20260892,plane,pos,1.2001681592958082,1361692.3322328196
TB5-3D,20260892,plane,vel,-0.2608004748595987,1361692.3322328196
TB5-3D,20260892,plane,pos,0.8070778457505491,943912.2521849606
TB5-3D,20260892,plane,vel,-0.195506165317205,943912.2521849606
TB5-3D,20260892,plane,pos,2.2977638526680355,2037244.8838178453
TB5-3D,20260892,plane,vel,-0.1661022994186422,2037244.8838178453
TB5-3D,20260892,plane,pos,0.29782168047133417,693588.8388470517
TB5-3D,20260892,plane,vel,-0.8044325006430908,693588.8388470517
TB5-3D,20260892,range,pos,0.8953878359629096,53847.174113391186
TB5-3D,20260892,range,vel,0.8399408201387584,53847.174113391186
TB5-3D,20260892,range,pos,-1.7087064789253548,39883.731840614484
TB5-3D,20260892,range,vel,-1.687516583439846,39883.731840614484
TB5-3D,20260892,range,pos,-0.5887229232906159,177825.6595046533
TB5-3D,20260892,range,vel,-0.8492571461334167,177825.6595046533
TB5-3D,20260892,range,pos,-0.050814948051187796,97533.70041590741
TB5-3D,20260892,range,vel,-0.4895195786472051,97533.70041590741
TB5-3D,20260892,range,pos,-0.3799132554477063,160082.59066541283
TB5-3D,20260892,range,vel,0.09862552456881331,160082.59066541283
TB5-3D,20260892,range,pos,-1.2649320379963152,84211.56522761862
TB5-3D,20260892,range,vel,0.7959985409072533,84211.56522761862
TB5-3D,20260892,range,pos,1.82226958119961,74739.66140953891
TB5-3D,20260892,range,vel,-2.4210547903212474,74739.66140953891
TB5-3D,20260892,range,pos,-0.5514949870108571,45116.420926379426
TB5-3D,20260892,range,vel,0.08484603012989128,45116.420926379426
TB5-3D,20260892,inplane,pos,-0.09440203444850204,53847.174113391186
TB5-3D,20260892,inplane,vel,0.887916381757567,53847.174113391186
TB5-3D,20260892,inplane,pos,-1.509726153639187,39883.731840614484
TB5-3D,20260892,inplane,vel,-1.6278147135878183,39883.731840614484
TB5-3D,20260892,inplane,pos,-0.808626769196244,177825.6595046533
TB5-3D,20260892,inplane,vel,-0.21564285501679345,177825.6595046533
TB5-3D,20260892,inplane,pos,-0.3262903101036133,97533.70041590741
TB5-3D,20260892,inplane,vel,0.41806953566685534,97533.70041590741
TB5-3D,20260892,inplane,pos,-1.1001513717428242,160082.59066541283
TB5-3D,20260892,inplane,vel,-0.34346283344446976,160082.59066541283
TB5-3D,20260892,inplane,pos,-0.9751399853428083,84211.56522761862
TB5-3D,20260892,inplane,vel,-1.172175228895882,84211.56522761862
TB5-3D,20260892,inplane,pos,-0.49848185877893336,74739.66140953891
TB5-3D,20260892,inplane,vel,0.7034152364832529,74739.66140953891
TB5-3D,20260892,inplane,pos,0.9640409990402776,45116.420926379426
TB5-3D,20260892,inplane,vel,-0.3744914877023876,45116.420926379426
TB5-3D,20260892,plane,pos,1.7126154382735745,53847.174113391186
TB5-3D,20260892,plane,vel,-0.33237154782018136,53847.174113391186
TB5-3D,20260892,plane,pos,1.1027559533681706,39883.731840614484
TB5-3D,20260892,plane,vel,-0.031788939301970645,39883.731840614484
TB5-3D,20260892,plane,pos,-0.06483093673792065,177825.6595046533
TB5-3D,20260892,plane,vel,-0.27946066462990377,177825.6595046533
TB5-3D,20260892,plane,pos,1.450821575643173,97533.70041590741
TB5-3D,20260892,plane,vel,0.4273900627152431,97533.70041590741
TB5-3D,20260892,plane,pos,-0.8530360070407097,160082.59066541283
TB5-3D,20260892,plane,vel,1.0357440832368765,160082.59066541283
TB5-3D,20260892,plane,pos,1.0847040506150212,84211.56522761862
TB5-3D,20260892,plane,vel,-0.6144677285563952,84211.56522761862
TB5-3D,20260892,plane,pos,-1.1587061883877359,74739.66140953891
TB5-3D,20260892,plane,vel,-0.21720252148071878,74739.66140953891
TB5-3D,20260892,plane,pos,0.44204475648928393,45116.420926379426
TB5-3D,20260892,plane,vel,-0.6760775431311532,45116.420926379426
TB5-3D,20260892,range,pos,-1.9601931158511463,30836.272433382033
TB5-3D,20260892,range,vel,1.742945995555926,30836.272433382033
TB5-3D,20260892,range,pos,-1.046360742654082,4389.691375727296
TB5-3D,20260892,range,vel,0.5379037761665559,4389.691375727296
TB5-3D,20260892,range,pos,-0.26539405487667866,13121.836149121356
TB5-3D,20260892,range,vel,0.970876053787571,13121.836149121356
TB5-3D,20260892,range,pos,-0.2518505208506307,23792.009110891933
TB5-3D,20260892,range,vel,0.30529124289302184,23792.009110891933
TB5-3D,20260892,range,pos,1.279683892999591,20475.17150168743
TB5-3D,20260892,range,vel,-0.9650925926430786,20475.17150168743
TB5-3D,20260892,range,pos,-0.3655768494490212,8032.650273924448
TB5-3D,20260892,range,vel,0.1366820708303673,8032.650273924448
TB5-3D,20260892,range,pos,-0.2947764717921226,11023.893767555914
TB5-3D,20260892,range,vel,1.205319605576307,11023.893767555914
TB5-3D,20260892,range,pos,-2.1598024461588854,1420.809649075216
TB5-3D,20260892,range,vel,-2.728947253602632,1420.809649075216
TB5-3D,20260892,inplane,pos,-0.6834890474795365,30836.272433382033
TB5-3D,20260892,inplane,vel,-1.975128383195852,30836.272433382033
TB5-3D,20260892,inplane,pos,-0.6475649636693942,4389.691375727296
TB5-3D,20260892,inplane,vel,-0.5164037700316655,4389.691375727296
TB5-3D,20260892,inplane,pos,1.2570487622151305,13121.836149121356
TB5-3D,20260892,inplane,vel,0.8418619746101564,13121.836149121356
TB5-3D,20260892,inplane,pos,0.06361402754440774,23792.009110891933
TB5-3D,20260892,inplane,vel,-0.15894719465922771,23792.009110891933
TB5-3D,20260892,inplane,pos,-1.067667871725054,20475.17150168743
TB5-3D,20260892,inplane,vel,-0.7535524718059826,20475.17150168743
TB5-3D,20260892,inplane,pos,0.22573875061230167,8032.650273924448
TB5-3D,20260892,inplane,vel,-0.182858774556783,8032.650273924448
TB5-3D,20260892,inplane,pos,1.2349620097686196,11023.893767555914
TB5-3D,20260892,inplane,vel,0.22384611376628197,11023.893767555914
TB5-3D,20260892,inplane,pos,-0.8130832743957773,1420.809649075216
TB5-3D,20260892,inplane,vel,-1.7118626700682427,1420.809649075216
TB5-3D,20260892,plane,pos,0.7789504125134803,30836.272433382033
TB5-3D,20260892,plane,vel,-0.7442577864399404,30836.272433382033
TB5-3D,20260892,plane,pos,0.14369016382680497,4389.691375727296
TB5-3D,20260892,plane,vel,1.2016129993292473,4389.691375727296
TB5-3D,20260892,plane,pos,-0.6049459117040544,13121.836149121356
TB5-3D,20260892,plane,vel,0.37925224361681603,13121.836149121356
TB5-3D,20260892,plane,pos,-0.2510396384907092,23792.009110891933
TB5-3D,20260892,plane,vel,0.24288682179671905,23792.009110891933
TB5-3D,20260892,plane,pos,-0.03816585889968501,20475.17150168743
TB5-3D,20260892,plane,vel,-1.1618055936487532,20475.17150168743
TB5-3D,20260892,plane,pos,1.489601046985301,8032.650273924448
TB5-3D,20260892,plane,vel,-0.5561787057338171,8032.650273924448
TB5-3D,20260892,plane,pos,-0.24155606900034945,11023.893767555914
TB5-3D,20260892,plane,vel,0.8147224834977717,11023.893767555914
TB5-3D,20260892,plane,pos,0.2589098660190485,1420.809649075216
TB5-3D,20260892,plane,vel,-0.09399135697711743,1420.809649075216
TB5-3D,20260892,range,pos,1.1508351579583944,3974.4101676505825
TB5-3D,20260892,range,vel,0.11383305412322059,3974.4101676505825
TB5-3D,20260892,range,pos,-0.9820384586196501,10456.053715696913
TB5-3D,20260892,range,vel,0.07025425209727519,10456.053715696913
TB5-3D,20260892,range,pos,-0.048949014981591286,10997.572670916701
TB5-3D,20260892,range,vel,-0.05606475342443654,10997.572670916701
TB5-3D,20260892,range,pos,-0.2564725069081209,11885541.241263581
TB5-3D,20260892,range,vel,-0.22104709674775544,11885541.241263581
TB5-3D,20260892,range,pos,2.604741687425394,7977.8285006359165
TB5-3D,20260892,range,vel,2.1034721178149636,7977.8285006359165
TB5-3D,20260892,range,pos,-0.04363905153421542,6513.39123222769
TB5-3D,20260892,range,vel,0.133279951761207,6513.39123222769
TB5-3D,20260892,range,pos,0.47943970527223023,9922.833311152548
TB5-3D,20260892,range,vel,-0.3350885187321622,9922.833311152548
TB5-3D,20260892,range,pos,0.6446668511005409,949913.6424690143
TB5-3D,20260892,range,vel,0.6905690400450206,949913.6424690143
TB5-3D,20260892,inplane,pos,-0.32369942581204264,3974.4101676505825
TB5-3D,20260892,inplane,vel,-0.9266802188327047,3974.4101676505825
TB5-3D,20260892,inplane,pos,-0.01002561072633368,10456.053715696913
TB5-3D,20260892,inplane,vel,-0.794465234853934,10456.053715696913
TB5-3D,20260892,inplane,pos,-0.11957356623828723,10997.572670916701
TB5-3D,20260892,inplane,vel,-0.044051790496519395,10997.572670916701
TB5-3D,20260892,inplane,pos,0.23677709392510157,11885541.241263581
TB5-3D,20260892,inplane,vel,-0.05080025777867785,11885541.241263581
TB5-3D,20260892,inplane,pos,-0.8875453343139886,7977.8285006359165
TB5-3D,20260892,inplane,vel,2.683642022885772,7977.8285006359165
TB5-3D,20260892,inplane,pos,0.3088372354895401,6513.39123222769
TB5-3D,20260892,inplane,vel,0.06727780380471961,6513.39123222769
TB5-3D,20260892,inplane,pos,0.9141253051812456,9922.833311152548
TB5-3D,20260892,inplane,vel,0.6309941307240439,9922.833311152548
TB5-3D,20260892,inplane,pos,0.5769742503141292,949913.6424690143
TB5-3D,20260892,inplane,vel,0.640086283657099,949913.6424690143
TB5-3D,20260892,plane,pos,0.7269475449434712,3974.4101676505825
TB5-3D,20260892,plane,vel,2.0863023059006776,3974.4101676505825
TB5-3D,20260892,plane,pos,-0.5217137580349026,10456.053715696913
TB5-3D,20260892,plane,vel,1.035433145230466,10456.053715696913
TB5-3D,20260892,plane,pos,-0.16666732702483777,10997.572670916701
TB5-3D,20260892,plane,vel,0.43109147693968985,10997.572670916701
TB5-3D,20260892,plane,pos,-0.17683267113045234,11885541.241263581
TB5-3D,20260892,plane,vel,-0.46224107401384,11885541.241263581
TB5-3D,20260892,plane,pos,-0.7465456706535395,7977.8285006359165
TB5-3D,20260892,plane,vel,0.12211554631144263,7977.8285006359165
TB5-3D,20260892,plane,pos,-1.9248670814184095,6513.39123222769
TB5-3D,20260892,plane,vel,0.9490706585302129,6513.39123222769
TB5-3D,20260892,plane,pos,0.7717400200595759,9922.833311152548
TB5-3D,20260892,plane,vel,-0.4142389067569985,9922.833311152548
TB5-3D,20260892,plane,pos,-0.8408851892412686,949913.6424690143
TB5-3D,20260892,plane,vel,0.2623380078499673,949913.6424690143
TB5-3D,20260892,range,pos,-1.2817700126567777,13229350.945400404
TB5-3D,20260892,range,vel,-0.994726177508395,13229350.945400404
TB5-3D,20260892,range,pos,0.13939741051343207,1575467.0388134604
TB5-3D,20260892,range,vel,-0.29207488056417874,1575467.0388134604
TB5-3D,20260892,range,pos,0.8784706198864163,8984679.792206597
TB5-3D,20260892,range,vel,0.9190918430519641,8984679.792206597
TB5-3D,20260892,range,pos,-1.3920505039973485,225621.07217697467
TB5-3D,20260892,range,vel,2.454352725239103,225621.07217697467
TB5-3D,20260892,range,pos,0.06675014118951857,2079632.2122165503
TB5-3D,20260892,range,vel,1.1669169161791204,2079632.2122165503
TB5-3D,20260892,range,pos,0.14959496114437665,2104182.3557130713
TB5-3D,20260892,range,vel,-0.13198870292823794,2104182.3557130713
TB5-3D,20260892,range,pos,-1.1745441422074077,4692.387015391056
TB5-3D,20260892,range,vel,-0.6955888999549726,4692.387015391056
TB5-3D,20260892,range,pos,0.1881762573194055,135779.01134880248
TB5-3D,20260892,range,vel,0.4751412093472339,135779.01134880248
TB5-3D,20260892,inplane,pos,0.6943133908405853,13229350.945400404
TB5-3D,20260892,inplane,vel,2.2267155751896865,13229350.945400404
TB5-3D,20260892,inplane,pos,0.5444901727032799,1575467.0388134604
TB5-3D,20260892,inplane,vel,0.5301483121700761,1575467.0388134604
TB5-3D,20260892,inplane,pos,-0.1940653249030344,8984679.792206597
TB5-3D,20260892,inplane,vel,0.24396680301273838,8984679.792206597
TB5-3D,20260892,inplane,pos,-0.49620130983072325,225621.07217697467
TB5-3D,20260892,inplane,vel,-2.6155862546201396,225621.07217697467
TB5-3D,20260892,inplane,pos,1.5022365779256448,2079632.2122165503
TB5-3D,20260892,inplane,vel,0.5016826423649096,2079632.2122165503
TB5-3D,20260892,inplane,pos,0.006724774221334504,2104182.3557130713
TB5-3D,20260892,inplane,vel,0.1425599388756222,2104182.3557130713
TB5-3D,20260892,inplane,pos,1.4779194728464768,4692.387015391056
TB5-3D,20260892,inplane,vel,-1.1913038464145904,4692.387015391056
TB5-3D,20260892,inplane,pos,1.2857195566610649,135779.01134880248
TB5-3D,20260892,inplane,vel,0.43202243229572407,135779.01134880248
TB5-3D,20260892,plane,pos,0.5598101424183239,13229350.945400404
TB5-3D,20260892,plane,vel,0.1653385508163908,13229350.945400404
TB5-3D,20260892,plane,pos,-0.2179410923880025,1575467.0388134604
TB5-3D,20260892,plane,vel,0.9346610661512504,1575467.0388134604
TB5-3D,20260892,plane,pos,2.153426296502674,8984679.792206597
TB5-3D,20260892,plane,vel,1.5855419406369973,8984679.792206597
TB5-3D,20260892,plane,pos,-1.5137950062750694,225621.07217697467
TB5-3D,20260892,plane,vel,-1.3168260842181294,225621.07217697467
TB5-3D,20260892,plane,pos,-0.5306732237277968,2079632.2122165503
TB5-3D,20260892,plane,vel,0.291010029993395,2079632.2122165503
TB5-3D,20260892,plane,pos,-1.4977519054486845,2104182.3557130713
TB5-3D,20260892,plane,vel,-0.5046718257206925,2104182.3557130713
TB5-3D,20260892,plane,pos,0.6524236900155511,4692.387015391056
TB5-3D,20260892,plane,vel,-0.7823415135983821,4692.387015391056
TB5-3D,20260892,plane,pos,-1.7290272682013628,135779.01134880248
TB5-3D,20260892,plane,vel,0.05948061362750837,135779.01134880248
TB5-3D,20260892,range,pos,-1.7859436396721227,423615.78735844925
TB5-3D,20260892,range,vel,0.5160405502619929,423615.78735844925
TB5-3D,20260892,range,pos,-1.254827569464664,214890.10125633262
TB5-3D,20260892,range,vel,1.3576514731341118,214890.10125633262
TB5-3D,20260892,range,pos,2.9337274551477606,106878.53059763159
TB5-3D,20260892,range,vel,-2.3407418553294246,106878.53059763159
TB5-3D,20260892,range,pos,-1.04326085247498,78785.90169853183
TB5-3D,20260892,range,vel,0.27319118382320773,78785.90169853183
TB5-3D,20260892,range,pos,1.4799358642753906,176785.44395239858
TB5-3D,20260892,range,vel,-1.3229398128890404,176785.44395239858
TB5-3D,20260892,range,pos,-1.1160157547542342,266727.6841179455
TB5-3D,20260892,range,vel,1.017815187972714,266727.6841179455
TB5-3D,20260892,range,pos,-1.0807942920699938,1942.4783695468502
TB5-3D,20260892,range,vel,-0.4054787680951935,1942.4783695468502
TB5-3D,20260892,inplane,pos,-1.7501133420670125,423615.78735844925
TB5-3D,20260892,inplane,vel,-1.821106036356156,423615.78735844925
TB5-3D,20260892,inplane,pos,1.2245648488286145,214890.10125633262
TB5-3D,20260892,inplane,vel,-0.4337502559088702,214890.10125633262
TB5-3D,20260892,inplane,pos,-0.8448532295896604,106878.53059763159
TB5-3D,20260892,inplane,vel,-0.9447913831946461,106878.53059763159
TB5-3D,20260892,inplane,pos,-0.035326731273327076,78785.90169853183
TB5-3D,20260892,inplane,vel,-1.0233896312396669,78785.90169853183
TB5-3D,20260892,inplane,pos,1.4760672401051789,176785.44395239858
TB5-3D,20260892,inplane,vel,2.219623180424257,176785.44395239858
TB5-3D,20260892,inplane,pos,0.18541956619659586,266727.6841179455
TB5-3D,20260892,inplane,vel,-0.9699130451361255,266727.6841179455
TB5-3D,20260892,inplane,pos,-1.2048309935692556,1942.4783695468502
TB5-3D,20260892,inplane,vel,-0.5744977557330115,1942.4783695468502
TB5-3D,20260892,plane,pos,0.11050626170967115,423615.78735844925
TB5-3D,20260892,plane,vel,0.8250291048384668,423615.78735844925
TB5-3D,20260892,plane,pos,1.2951751573392671,214890.10125633262
TB5-3D,20260892,plane,vel,0.9308285082861675,214890.10125633262
TB5-3D,20260892,plane,pos,0.4093382484543594,106878.53059763159
TB5-3D,20260892,plane,vel,-1.868198551253895,106878.53059763159
TB5-3D,20260892,plane,pos,1.3945102865810002,78785.90169853183
TB5-3D,20260892,plane,vel,-1.317316405097865,78785.90169853183
TB5-3D,20260892,plane,pos,-0.8223993746827807,176785.44395239858
TB5-3D,20260892,plane,vel,0.3028108706848983,176785.44395239858
TB5-3D,20260892,plane,pos,-0.3253468950051565,266727.6841179455
TB5-3D,20260892,plane,vel,-0.8162715670214011,266727.6841179455
TB5-3D,20260892,plane,pos,-1.9033060474329766,1942.4783695468502
TB5-3D,20260892,plane,vel,-0.7073294784075305,1942.4783695468502
TB5-3D,20260899,range,pos,0.023638401656862925,1735486.004341324
TB5-3D,20260899,range,vel,-0.5951066485790212,1735486.004341324
TB5-3D,20260899,range,pos,-0.4651915467721903,256031.41593715394
TB5-3D,20260899,range,vel,-0.3537896467997383,256031.41593715394
TB5-3D,20260899,range,pos,-0.0739302246861548,260644.28565795464
TB5-3D,20260899,range,vel,0.3439878273705321,260644.28565795464
TB5-3D,20260899,range,pos,-0.7726849450378185,373585.0874758369
TB5-3D,20260899,range,vel,-0.7406640814918077,373585.0874758369
TB5-3D,20260899,range,pos,-1.3195752311309628,345470.7891863618
TB5-3D,20260899,range,vel,-0.5783654934430676,345470.7891863618
TB5-3D,20260899,range,pos,-0.3035584637737066,4608478.166644781
TB5-3D,20260899,range,vel,-1.1468958627376589,4608478.166644781
TB5-3D,20260899,range,pos,-0.8228426126719329,594756.4638731835
TB5-3D,20260899,range,vel,0.48053461279411663,594756.4638731835
TB5-3D,20260899,range,pos,0.17785614647404951,1309943.2470497459
TB5-3D,20260899,range,vel,-0.7501114161990533,1309943.2470497459
TB5-3D,20260899,inplane,pos,-0.30085439418592735,1735486.004341324
TB5-3D,20260899,inplane,vel,0.3750308159618443,1735486.004341324
TB5-3D,20260899,inplane,pos,0.5267876644106133,256031.41593715394
TB5-3D,20260899,inplane,vel,-0.4177695307041435,256031.41593715394
TB5-3D,20260899,inplane,pos,0.8096726545808471,260644.28565795464
TB5-3D,20260899,inplane,vel,0.8434777466908416,260644.28565795464
TB5-3D,20260899,inplane,pos,-1.195189862459734,373585.0874758369
TB5-3D,20260899,inplane,vel,-1.1494499033496686,373585.0874758369
TB5-3D,20260899,inplane,pos,-1.8299410962965474,345470.7891863618
TB5-3D,20260899,inplane,vel,-1.3637174640173624,345470.7891863618
TB5-3D,20260899,inplane,pos,-0.8083601283300286,4608478.166644781
TB5-3D,20260899,inplane,vel,-0.22683540843465258,4608478.166644781
TB5-3D,20260899,inplane,pos,-0.07732749392510646,594756.4638731835
TB5-3D,20260899,inplane,vel,-0.8105693407236261,594756.4638731835
TB5-3D,20260899,inplane,pos,-0.8495495702127344,1309943.2470497459
TB5-3D,20260899,inplane,vel,-0.3449345169733553,1309943.2470497459
TB5-3D,20260899,plane,pos,0.3888787459710397,1735486.004341324
TB5-3D,20260899,plane,vel,0.6555021179621853,1735486.004341324
TB5-3D,20260899,plane,pos,-0.11900518146719763,256031.41593715394
TB5-3D,20260899,plane,vel,-0.15081987695546825,256031.41593715394
TB5-3D,20260899,plane,pos,-0.4919598092307516,260644.28565795464
TB5-3D,20260899,plane,vel,-0.05664059095218646,260644.28565795464
TB5-3D,20260899,plane,pos,-1.016888265612506,373585.0874758369
TB5-3D,20260899,plane,vel,-0.877062678945086,373585.0874758369
TB5-3D,20260899,plane,pos,-0.3732154020012233,345470.7891863618
TB5-3D,20260899,plane,vel,-0.8654321153872541,345470.7891863618
TB5-3D,20260899,plane,pos,-0.7985303009475534,4608478.166644781
TB5-3D,20260899,plane,vel,-0.9807701402972746,4608478.166644781
TB5-3D,20260899,plane,pos,-0.13208060074351327,594756.4638731835
TB5-3D,20260899,plane,vel,-0.4037224273290984,594756.4638731835
TB5-3D,20260899,plane,pos,-0.6970169013501857,1309943.2470497459
TB5-3D,20260899,plane,vel,-0.8727974333216033,1309943.2470497459
TB5-3D,20260899,range,pos,0.16903744949033248,87180.70607088602
TB5-3D,20260899,range,vel,-1.2638663294704426,87180.70607088602
TB5-3D,20260899,range,pos,-0.460044670239227,132414.03596298644
TB5-3D,20260899,range,vel,-1.4532457166904946,132414.03596298644
TB5-3D,20260899,range,pos,-0.3312666881002651,132951.10735212918
TB5-3D,20260899,range,vel,-0.002675144109021253,132951.10735212918
TB5-3D,20260899,range,pos,0.4870555918884238,49763.926628842266
TB5-3D,20260899,range,vel,-0.6326551950105839,49763.926628842266
TB5-3D,20260899,range,pos,0.9513368848379903,80002.34923650994
TB5-3D,20260899,range,vel,-0.995487324354614,80002.34923650994
TB5-3D,20260899,range,pos,0.21439494744605828,348858.59348591784
TB5-3D,20260899,range,vel,0.006162277145821886,348858.59348591784
TB5-3D,20260899,range,pos,-1.605261739957515,105049.23278970682
TB5-3D,20260899,range,vel,0.22098408863159263,105049.23278970682
TB5-3D,20260899,range,pos,1.0304682399569944,193251.85798186413
TB5-3D,20260899,range,vel,-0.19971937179312063,193251.85798186413
TB5-3D,20260899,inplane,pos,-1.171945588840742,87180.70607088602
TB5-3D,20260899,inplane,vel,-0.2414709709978439,87180.70607088602
TB5-3D,20260899,inplane,pos,-1.451019547616136,132414.03596298644
TB5-3D,20260899,inplane,vel,-0.8984903896771759,132414.03596298644
TB5-3D,20260899,inplane,pos,0.331750956821844,132951.10735212918
TB5-3D,20260899,inplane,vel,-0.1708335910864644,132951.10735212918
TB5-3D,20260899,inplane,pos,-1.4217215699679557,49763.926628842266
TB5-3D,20260899,inplane,vel,-0.44052498860985434,49763.926628842266
TB5-3D,20260899,inplane,pos,0.7824043135250375,80002.34923650994
TB5-3D,20260899,inplane,vel,1.2708284923306978,80002.34923650994
TB5-3D,20260899,inplane,pos,0.25210100776313343,348858.59348591784
TB5-3D,20260899,inplane,vel,0.3903044397209543,348858.59348591784
TB5-3D,20260899,inplane,pos,-1.1048213376326,105049.23278970682
TB5-3D,20260899,inplane,vel,-2.0413182372907976,105049.23278970682
TB5-3D,20260899,inplane,pos,0.9053065264573403,193251.85798186413
TB5-3D,20260899,inplane,vel,0.8606473890295789,193251.85798186413
TB5-3D,20260899,plane,pos,-0.4546886639738541,87180.70607088602
TB5-3D,20260899,plane,vel,-0.9224903456335326,87180.70607088602
TB5-3D,20260899,plane,pos,-1.1713547763916015,132414.03596298644
TB5-3D,20260899,plane,vel,-1.5125944894242986,132414.03596298644
TB5-3D,20260899,plane,pos,-0.36680084851189204,132951.10735212918
TB5-3D,20260899,plane,vel,-0.5361789346148045,132951.10735212918
TB5-3D,20260899,plane,pos,-0.44690534906295065,49763.926628842266
TB5-3D,20260899,plane,vel,0.7055675495026693,49763.926628842266
TB5-3D,20260899,plane,pos,-0.7218770878538807,80002.34923650994
TB5-3D,20260899,plane,vel,1.1323845250745863,80002.34923650994
TB5-3D,20260899,plane,pos,1.0735753431882824,348858.59348591784
TB5-3D,20260899,plane,vel,0.16848825892618471,348858.59348591784
TB5-3D,20260899,plane,pos,0.13380895486622882,105049.23278970682
TB5-3D,20260899,plane,vel,0.6727246890578552,105049.23278970682
TB5-3D,20260899,plane,pos,2.711857915551209,193251.85798186413
TB5-3D,20260899,plane,vel,-0.8096438229658633,193251.85798186413
TB5-3D,20260899,range,pos,-0.8748876204241465,8087.504257794974
TB5-3D,20260899,range,vel,-0.836557702880813,8087.504257794974
TB5-3D,20260899,range,pos,-0.7897956964688708,54354.97455588005
TB5-3D,20260899,range,vel,-0.23366256828219328,54354.97455588005
TB5-3D,20260899,range,pos,-0.7947188160698213,61630.98058817162
TB5-3D,20260899,range,vel,-1.1931800494473284,61630.98058817162
TB5-3D,20260899,range,pos,-0.07780974125514334,20394.705093718312
TB5-3D,20260899,range,vel,0.6007245752060193,20394.705093718312
TB5-3D,20260899,range,pos,0.0946605009987924,13175.201530021182
TB5-3D,20260899,range,vel,-0.4325257201146072,13175.201530021182
TB5-3D,20260899,range,pos,0.36902358063888746,107553.11707353337
TB5-3D,20260899,range,vel,-0.9781558465396569,107553.11707353337
TB5-3D,20260899,range,pos,0.6555401856511466,15610.762901751172
TB5-3D,20260899,range,vel,0.782128154222467,15610.762901751172
TB5-3D,20260899,range,pos,1.632885781671636,9105.638778001688
TB5-3D,20260899,range,vel,0.9562352043643958,9105.638778001688
TB5-3D,20260899,inplane,pos,0.2594140918341584,8087.504257794974
TB5-3D,20260899,inplane,vel,0.3233586106122658,8087.504257794974
TB5-3D,20260899,inplane,pos,-1.082078295801606,54354.97455588005
TB5-3D,20260899,inplane,vel,-0.9256279848764807,54354.97455588005
TB5-3D,20260899,inplane,pos,-1.1213912954040572,61630.98058817162
TB5-3D,20260899,inplane,vel,-0.7870149871638621,61630.98058817162
TB5-3D,20260899,inplane,pos,0.6399029181799248,20394.705093718312
TB5-3D,20260899,inplane,vel,0.03141038043809299,20394.705093718312
TB5-3D,20260899,inplane,pos,-0.27134955270827116,13175.201530021182
TB5-3D,20260899,inplane,vel,0.029300670816234223,13175.201530021182
TB5-3D,20260899,inplane,pos,-0.3122951799449464,107553.11707353337
TB5-3D,20260899,inplane,vel,0.4403045222160709,107553.11707353337
TB5-3D,20260899,inplane,pos,1.86323307951295,15610.762901751172
TB5-3D,20260899,inplane,vel,1.36752081844177,15610.762901751172
TB5-3D,20260899,inplane,pos,1.1289335342521327,9105.638778001688
TB5-3D,20260899,inplane,vel,1.6602238318665474,9105.638778001688
TB5-3D,20260899,plane,pos,0.6341801019121243,8087.504257794974
TB5-3D,20260899,plane,vel,-0.37404183383874273,8087.504257794974
TB5-3D,20260899,plane,pos,-0.8024505148695766,54354.97455588005
TB5-3D,20260899,plane,vel,-1.048501046665658,54354.97455588005
TB5-3D,20260899,plane,pos,0.35216600624806016,61630.98058817162
TB5-3D,20260899,plane,vel,0.4345914835264476,61630.98058817162
TB5-3D,20260899,plane,pos,-1.3524692210633553,20394.705093718312
TB5-3D,20260899,plane,vel,-1.2641614437253141,20394.705093718312
TB5-3D,20260899,plane,pos,0.5807900637444287,13175.201530021182
TB5-3D,20260899,plane,vel,1.463276094354538,13175.201530021182
TB5-3D,20260899,plane,pos,1.2681153630792517,107553.11707353337
TB5-3D,20260899,plane,vel,-0.7888489945088606,107553.11707353337
TB5-3D,20260899,plane,pos,-0.21620630489800802,15610.762901751172
TB5-3D,20260899,plane,vel,0.8722216651571602,15610.762901751172
TB5-3D,20260899,plane,pos,0.7725837279837781,9105.638778001688
TB5-3D,20260899,plane,vel,-0.7799970661925204,9105.638778001688
TB5-3D,20260899,range,pos,0.26648765789966605,5912.110759964295
TB5-3D,20260899,range,vel,-0.31306163415304095,5912.110759964295
TB5-3D,20260899,range,pos,0.42723062593078676,1186363.8278089259
TB5-3D,20260899,range,vel,0.15108510511044,1186363.8278089259
TB5-3D,20260899,range,pos,0.6859157484142995,3373.010355428124
TB5-3D,20260899,range,vel,0.7357214582626586,3373.010355428124
TB5-3D,20260899,range,pos,1.14387345446808,1391441.476754171
TB5-3D,20260899,range,vel,-0.7398184218838907,1391441.476754171
TB5-3D,20260899,range,pos,-0.7418482156004774,9147.094066467698
TB5-3D,20260899,range,vel,-0.6421145400013444,9147.094066467698
TB5-3D,20260899,range,pos,-2.071961364457071,6943.536697483918
TB5-3D,20260899,range,vel,1.8729976100844892,6943.536697483918
TB5-3D,20260899,range,pos,-0.30985579893128395,2363.2206541678847
TB5-3D,20260899,range,vel,0.4952435954400494,2363.2206541678847
TB5-3D,20260899,inplane,pos,0.23152735504706295,5912.110759964295
TB5-3D,20260899,inplane,vel,0.31682081210907,5912.110759964295
TB5-3D,20260899,inplane,pos,0.44176365514122146,1186363.8278089259
TB5-3D,20260899,inplane,vel,0.5233250212786733,1186363.8278089259
TB5-3D,20260899,inplane,pos,-0.22267676852544938,3373.010355428124
TB5-3D,20260899,inplane,vel,0.009959088486579535,3373.010355428124
TB5-3D,20260899,inplane,pos,-0.9496334695785635,1391441.476754171
TB5-3D,20260899,inplane,vel,1.036061630736914,1391441.476754171
TB5-3D,20260899,inplane,pos,1.1432015583749013,9147.094066467698
TB5-3D,20260899,inplane,vel,-0.8508711991666998,9147.094066467698
TB5-3D,20260899,inplane,pos,-1.2788258827664527,6943.536697483918
TB5-3D,20260899,inplane,vel,-0.8324526971042477,6943.536697483918
TB5-3D,20260899,inplane,pos,0.03496483906474091,2363.2206541678847
TB5-3D,20260899,inplane,vel,-0.018380759915211497,2363.2206541678847
TB5-3D,20260899,plane,pos,0.6520498632075127,5912.110759964295
TB5-3D,20260899,plane,vel,-0.30321451588242515,5912.110759964295
TB5-3D,20260899,plane,pos,-0.16864969807386884,1186363.8278089259
TB5-3D,20260899,plane,vel,1.0811587206112356,1186363.8278089259
TB5-3D,20260899,plane,pos,-1.9641878401514155,3373.010355428124
TB5-3D,20260899,plane,vel,-0.21589981742124245,3373.010355428124
TB5-3D,20260899,plane,pos,0.6053329355056349,1391441.476754171
TB5-3D,20260899,plane,vel,1.1330074474171687,1391441.476754171
TB5-3D,20260899,plane,pos,1.06396716339017,9147.094066467698
TB5-3D,20260899,plane,vel,-0.36465594405375673,9147.094066467698
TB5-3D,20260899,plane,pos,0.1568789001118771,6943.536697483918
TB5-3D,20260899,plane,vel,-0.6601338753450501,6943.536697483918
TB5-3D,20260899,plane,pos,-0.15922287507277272,2363.2206541678847
TB5-3D,20260899,plane,vel,1.6949908171484165,2363.2206541678847
TB5-3D,20260899,range,pos,0.35505355240520686,2602.227371222066
TB5-3D,20260899,range,vel,-0.12310382768599337,2602.227371222066
TB5-3D,20260899,range,pos,-0.5197915089090127,325528.52309355146
TB5-3D,20260899,range,vel,-0.6066949144856195,325528.52309355146
TB5-3D,20260899,range,pos,1.283836772522706,1037410.330697358
TB5-3D,20260899,range,vel,1.217904254483793,1037410.330697358
TB5-3D,20260899,range,pos,-0.17391028280592627,12060613.63521828
TB5-3D,20260899,range,vel,0.5803315001187619,12060613.63521828
TB5-3D,20260899,range,pos,1.259528801079432,102695.91970939575
TB5-3D,20260899,range,vel,-0.7897477424640695,102695.91970939575
TB5-3D,20260899,range,pos,-0.3621581330662629,895.8491959928083
TB5-3D,20260899,range,vel,0.8379589559860765,895.8491959928083
TB5-3D,20260899,range,pos,0.14350217387731393,1682795.4836043913
TB5-3D,20260899,range,vel,0.8711473937084501,1682795.4836043913
TB5-3D,20260899,range,pos,0.917021312132418,596133.9538391125
TB5-3D,20260899,range,vel,0.2564219898078971,596133.9538391125
TB5-3D,20260899,inplane,pos,0.0015376168464702616,2602.227371222066
TB5-3D,20260899,inplane,vel,-0.03150949641952729,2602.227371222066
TB5-3D,20260899,inplane,pos,-1.2357576930363996,325528.52309355146
TB5-3D,20260899,inplane,vel,-0.6442340125543323,325528.52309355146
TB5-3D,20260899,inplane,pos,-0.9971956157242519,1037410.330697358
TB5-3D,20260899,inplane,vel,1.3905320702959585,1037410.330697358
TB5-3D,20260899,inplane,pos,-0.7945615536637974,12060613.63521828
TB5-3D,20260899,inplane,vel,1.596010124299804,12060613.63521828
TB5-3D,20260899,inplane,pos,1.5257366654983386,102695.91970939575
TB5-3D,20260899,inplane,vel,2.310554772003312,102695.91970939575
TB5-3D,20260899,inplane,pos,-0.14141555660919816,895.8491959928083
TB5-3D,20260899,inplane,vel,-0.5307751758742618,895.8491959928083
TB5-3D,20260899,inplane,pos,0.9655348869933972,1682795.4836043913
TB5-3D,20260899,inplane,vel,0.18125976916337566,1682795.4836043913
TB5-3D,20260899,inplane,pos,-1.289452025742118,596133.9538391125
TB5-3D,20260899,inplane,vel,0.9654894926611166,596133.9538391125
TB5-3D,20260899,plane,pos,-0.20286475049091324,2602.227371222066
TB5-3D,20260899,plane,vel,-1.6927546397488893,2602.227371222066
TB5-3D,20260899,plane,pos,-1.069059608217701,325528.52309355146
TB5-3D,20260899,plane,vel,-0.31506853768100357,325528.52309355146
TB5-3D,20260899,plane,pos,1.146766755977413,1037410.330697358
TB5-3D,20260899,plane,vel,0.8907058421196413,1037410.330697358
TB5-3D,20260899,plane,pos,-0.7724808714698697,12060613.63521828
TB5-3D,20260899,plane,vel,-0.5712885564945231,12060613.63521828
TB5-3D,20260899,plane,pos,1.8690355848699842,102695.91970939575
TB5-3D,20260899,plane,vel,1.5608781058882502,102695.91970939575
TB5-3D,20260899,plane,pos,0.8722061185020322,895.8491959928083
TB5-3D,20260899,plane,vel,-1.6551530129297793,895.8491959928083
TB5-3D,20260899,plane,pos,0.1659033157194981,1682795.4836043913
TB5-3D,20260899,plane,vel,0.11173328901764616,1682795.4836043913
TB5-3D,20260899,plane,pos,-0.42960579106193436,596133.9538391125
TB5-3D,20260899,plane,vel,-1.614420372276834,596133.9538391125
TB5-3D,20260899,range,pos,-1.0437235622549323,4760.465629075866
TB5-3D,20260899,range,vel,1.2960369758175858,4760.465629075866
TB5-3D,20260899,range,pos,-0.978654201535857,11773.873238644557
TB5-3D,20260899,range,vel,1.765235674241247,11773.873238644557
TB5-3D,20260899,range,pos,1.1646556096687637,111712.23782928532
TB5-3D,20260899,range,vel,1.268497503062658,111712.23782928532
TB5-3D,20260899,range,pos,0.6304207280085763,323812.1640444024
TB5-3D,20260899,range,vel,0.40390342893798725,323812.1640444024
TB5-3D,20260899,range,pos,0.7180267019774534,14059.497237639853
TB5-3D,20260899,range,vel,-0.9093476749165904,14059.497237639853
TB5-3D,20260899,range,pos,-0.5213046164574217,12778.053074628728
TB5-3D,20260899,range,vel,-0.17897416153042903,12778.053074628728
TB5-3D,20260899,range,pos,-0.127483408145961,383576.8791612176
TB5-3D,20260899,range,vel,0.888710299207286,383576.8791612176
TB5-3D,20260899,range,pos,-1.8212946215675816,46194.70680842659
TB5-3D,20260899,range,vel,1.546000805606411,46194.70680842659
TB5-3D,20260899,inplane,pos,-0.17339761752825006,4760.465629075866
TB5-3D,20260899,inplane,vel,-0.810988972778129,4760.465629075866
TB5-3D,20260899,inplane,pos,0.4122039108199479,11773.873238644557
TB5-3D,20260899,inplane,vel,-1.254492723677921,11773.873238644557
TB5-3D,20260899,inplane,pos,1.1862134716737247,111712.23782928532
TB5-3D,20260899,inplane,vel,1.716978576553508,111712.23782928532
TB5-3D,20260899,inplane,pos,0.25901114033021494,323812.1640444024
TB5-3D,20260899,inplane,vel,0.4819624403127614,323812.1640444024
TB5-3D,20260899,inplane,pos,-0.20377103083592596,14059.497237639853
TB5-3D,20260899,inplane,vel,0.6704701665575447,14059.497237639853
TB5-3D,20260899,inplane,pos,-0.4793271703409519,12778.053074628728
TB5-3D,20260899,inplane,vel,-0.6305057418509153,12778.053074628728
TB5-3D,20260899,inplane,pos,0.44950180949161306,383576.8791612176
TB5-3D,20260899,inplane,vel,-0.4225875229440861,383576.8791612176
TB5-3D,20260899,inplane,pos,-0.8582004129556186,46194.70680842659
TB5-3D,20260899,inplane,vel,1.7868386451328764,46194.70680842659
TB5-3D,20260899,plane,pos,0.9019876460491302,4760.465629075866
TB5-3D,20260899,plane,vel,-0.4275601235789805,4760.465629075866
TB5-3D,20260899,plane,pos,0.21841206252364295,11773.873238644557
TB5-3D,20260899,plane,vel,0.5494395568280829,11773.873238644557
TB5-3D,20260899,plane,pos,-1.2493103916879857,111712.23782928532
TB5-3D,20260899,plane,vel,-1.2557344633057825,111712.23782928532
TB5-3D,20260899,plane,pos,0.45276126768558755,323812.1640444024
TB5-3D,20260899,plane,vel,0.7843047540963006,323812.1640444024
TB5-3D,20260899,plane,pos,-0.11478935682932313,14059.497237639853
TB5-3D,20260899,plane,vel,-0.9288487886862212,14059.497237639853
TB5-3D,20260899,plane,pos,1.8668435314264291,12778.053074628728
TB5-3D,20260899,plane,vel,-0.010820773899493994,12778.053074628728
TB5-3D,20260899,plane,pos,0.9674723640673228,383576.8791612176
TB5-3D,20260899,plane,vel,1.977027241187763,383576.8791612176
TB5-3D,20260899,plane,pos,0.16336091522212648,46194.70680842659
TB5-3D,20260899,plane,vel,-0.048430366863249585,46194.70680842659
TB5-3D,20260906,range,pos,1.5335349753762466,530748.3633706558
TB5-3D,20260906,range,vel,1.6355136787608238,530748.3633706558
TB5-3D,20260906,range,pos,-0.7971508418110614,404569.6411229531
TB5-3D,20260906,range,vel,0.7497441606167469,404569.6411229531
TB5-3D,20260906,range,pos,1.5003549557241556,2147171.8613971635
TB5-3D,20260906,range,vel,-0.03357880120413937,2147171.8613971635
TB5-3D,20260906,range,pos,-1.7004966690950503,3307907.320144524
TB5-3D,20260906,range,vel,1.0409741421427268,3307907.320144524
TB5-3D,20260906,range,pos,0.016880872691335876,186540.09821180862
TB5-3D,20260906,range,vel,-0.335850875983224,186540.09821180862
TB5-3D,20260906,range,pos,-1.0687390347657004,1008756.3623369503
TB5-3D,20260906,range,vel,0.3629174630201958,1008756.3623369503
TB5-3D,20260906,range,pos,1.237978450752925,848244.4290427408
TB5-3D,20260906,range,vel,1.1889241430441078,848244.4290427408
TB5-3D,20260906,range,pos,0.4381953564529823,262277.0632918194
TB5-3D,20260906,range,vel,0.19235739479369013,262277.0632918194
TB5-3D,20260906,inplane,pos,0.2998009047280373,530748.3633706558
TB5-3D,20260906,inplane,vel,1.3194154649246708,530748.3633706558
TB5-3D,20260906,inplane,pos,-0.14012774080678908,404569.6411229531
TB5-3D,20260906,inplane,vel,-0.8441379384502343,404569.6411229531
TB5-3D,20260906,inplane,pos,2.1757217080826834,2147171.8613971635
TB5-3D,20260906,inplane,vel,1.9420517018649268,2147171.8613971635
TB5-3D,20260906,inplane,pos,-0.9494074882903445,3307907.320144524
TB5-3D,20260906,inplane,vel,-1.1063324530343324,3307907.320144524
TB5-3D,20260906,inplane,pos,-0.18938661353636566,186540.09821180862
TB5-3D,20260906,inplane,vel,0.028360241768269696,186540.09821180862
TB5-3D,20260906,inplane,pos,-0.76855783886778,1008756.3623369503
TB5-3D,20260906,inplane,vel,-0.9990556542404313,1008756.3623369503
TB5-3D,20260906,inplane,pos,1.059030058937157,848244.4290427408
TB5-3D,20260906,inplane,vel,1.283410289039474,848244.4290427408
TB5-3D,20260906,inplane,pos,-0.17198705748370782,262277.0632918194
TB5-3D,20260906,inplane,vel,0.5649669520427617,262277.0632918194
TB5-3D,20260906,plane,pos,0.579357350946768,530748.3633706558
TB5-3D,20260906,plane,vel,-0.8741107726396872,530748.3633706558
TB5-3D,20260906,plane,pos,-0.4718019496597168,404569.6411229531
TB5-3D,20260906,plane,vel,1.538319452322199,404569.6411229531
TB5-3D,20260906,plane,pos,-1.1276447784679147,2147171.8613971635
TB5-3D,20260906,plane,vel,-0.5742347586473019,2147171.8613971635
TB5-3D,20260906,plane,pos,1.109517329260326,3307907.320144524
TB5-3D,20260906,plane,vel,0.10742456532795747,3307907.320144524
TB5-3D,20260906,plane,pos,0.43984158087491737,186540.09821180862
TB5-3D,20260906,plane,vel,0.5385249810057838,186540.09821180862
TB5-3D,20260906,plane,pos,-0.772582994081641,1008756.3623369503
TB5-3D,20260906,plane,vel,0.045676186287748645,1008756.3623369503
TB5-3D,20260906,plane,pos,-0.484904895442858,848244.4290427408
TB5-3D,20260906,plane,vel,-0.10844738248948406,848244.4290427408
TB5-3D,20260906,plane,pos,-0.7976550603734356,262277.0632918194
TB5-3D,20260906,plane,vel,-1.508405313907703,262277.0632918194
TB5-3D,20260906,range,pos,-0.318368256383351,320502.3139721737
TB5-3D,20260906,range,vel,1.253909240446183,320502.3139721737
TB5-3D,20260906,range,pos,-0.28514980394275335,139354.19353343564
TB5-3D,20260906,range,vel,0.2670208071987557,139354.19353343564
TB5-3D,20260906,range,pos,0.27481967511788546,108041.17051236327
TB5-3D,20260906,range,vel,-0.11669495487679504,108041.17051236327
TB5-3D,20260906,range,pos,-0.04380054154450044,31999.90133234164
TB5-3D,20260906,range,vel,0.318124499537408,31999.90133234164
TB5-3D,20260906,range,pos,-1.5277764001384027,104470.4817820022
TB5-3D,20260906,range,vel,2.1311140527476202,104470.4817820022
TB5-3D,20260906,range,pos,-0.9593766589293823,90820.30818189472
TB5-3D,20260906,range,vel,0.29250550716662327,90820.30818189472
TB5-3D,20260906,range,pos,1.0339598217549804,58892.35531117504
TB5-3D,20260906,range,vel,0.33664238411721986,58892.35531117504
TB5-3D,20260906,range,pos,0.8764674644590502,68597.86514966082
TB5-3D,20260906,range,vel,0.47732637802173744,68597.86514966082
TB5-3D,20260906,inplane,pos,0.6814413604943049,320502.3139721737
TB5-3D,20260906,inplane,vel,-0.3333280474081813,320502.3139721737
TB5-3D,20260906,inplane,pos,0.12046052145258809,139354.19353343564
TB5-3D,20260906,inplane,vel,-0.6391363342231086,139354.19353343564
TB5-3D,20260906,inplane,pos,0.09500008602455837,108041.17051236327
TB5-3D,20260906,inplane,vel,0.1505263193965204,108041.17051236327
TB5-3D,20260906,inplane,pos,0.1272551953276374,31999.90133234164
TB5-3D,20260906,inplane,vel,-0.45338637869503595,31999.90133234164
TB5-3D,20260906,inplane,pos,1.629219452723334,104470.4817820022
TB5-3D,20260906,inplane,vel,-1.2751388613022607,104470.4817820022
TB5-3D,20260906,inplane,pos,-2.0036957739115846,90820.30818189472
TB5-3D,20260906,inplane,vel,-1.9052159990427981,90820.30818189472
TB5-3D,20260906,inplane,pos,0.34097871849830647,58892.35531117504
TB5-3D,20260906,inplane,vel,0.9666201697796991,58892.35531117504
TB5-3D,20260906,inplane,pos,1.3841237504034805,68597.86514966082
TB5-3D,20260906,inplane,vel,0.8810800820297235,68597.86514966082
TB5-3D,20260906,plane,pos,-0.2565989226475503,320502.3139721737
TB5-3D,20260906,plane,vel,-0.39942537021161284,320502.3139721737
TB5-3D,20260906,plane,pos,0.07251217611442676,139354.19353343564
TB5-3D,20260906,plane,vel,-0.017837772747262136,139354.19353343564
TB5-3D,20260906,plane,pos,-0.8836462680165608,108041.17051236327
TB5-3D,20260906,plane,vel,0.3457057485884531,108041.17051236327
TB5-3D,20260906,plane,pos,0.5637009543710797,31999.90133234164
TB5-3D,20260906,plane,vel,-0.32149344165689314,31999.90133234164
TB5-3D,20260906,plane,pos,0.3120189273457417,104470.4817820022
TB5-3D,20260906,plane,vel,0.4578132110729286,104470.4817820022
TB5-3D,20260906,plane,pos,-0.1035087277890456,90820.30818189472
TB5-3D,20260906,plane,vel,-0.9110498511784495,90820.30818189472
TB5-3D,20260906,plane,pos,-0.12284179560125526,58892.35531117504
TB5-3D,20260906,plane,vel,-0.8184481269036463,58892.35531117504
TB5-3D,20260906,plane,pos,-0.1661424120606587,68597.86514966082
TB5-3D,20260906,plane,vel,-0.20226743528870053,68597.86514966082
TB5-3D,20260906,range,pos,-0.12168769425018701,15492.633825538436
TB5-3D,20260906,range,vel,-0.17519849772731674,15492.633825538436
TB5-3D,20260906,range,pos,-0.02980954487631124,29600.93010598407
TB5-3D,20260906,range,vel,2.1216623051685652,29600.93010598407
TB5-3D,20260906,range,pos,-0.743882789006499,6086.058854268364
TB5-3D,20260906,range,vel,1.6065752018669381,6086.058854268364
TB5-3D,20260906,range,pos,0.1882564552311146,30409.94670538494
TB5-3D,20260906,range,vel,0.38763852605951293,30409.94670538494
TB5-3D,20260906,range,pos,0.3675022206293299,28800.497825633327
TB5-3D,20260906,range,vel,-0.23898401238840933,28800.497825633327
TB5-3D,20260906,range,pos,-0.7039507917856441,12077.107183880955
TB5-3D,20260906,range,vel,-0.8977363840404137,12077.107183880955
TB5-3D,20260906,range,pos,0.012078631585653487,7574602.898265607
TB5-3D,20260906,range,vel,-0.7200304273606002,7574602.898265607
TB5-3D,20260906,range,pos,1.7940062751975674,4152.069478927973
TB5-3D,20260906,range,vel,-2.082802396779015,4152.069478927973
TB5-3D,20260906,inplane,pos,-0.6228628175761627,15492.633825538436
TB5-3D,20260906,inplane,vel,-0.28443257941658817,15492.633825538436
TB5-3D,20260906,inplane,pos,2.151211503633026,29600.93010598407
TB5-3D,20260906,inplane,vel,0.45208053879531584,29600.93010598407
TB5-3D,20260906,inplane,pos,0.7527556275753705,6086.058854268364
TB5-3D,20260906,inplane,vel,-0.2281969797560551,6086.058854268364
TB5-3D,20260906,inplane,pos,0.8596558894906434,30409.94670538494
TB5-3D,20260906,inplane,vel,0.09065144187416718,30409.94670538494
TB5-3D,20260906,inplane,pos,0.2324798014684667,28800.497825633327
TB5-3D,20260906,inplane,vel,0.1970842749882808,28800.497825633327
TB5-3D,20260906,inplane,pos,-1.3451117833398776,12077.107183880955
TB5-3D,20260906,inplane,vel,-0.870983741287227,12077.107183880955
TB5-3D,20260906,inplane,pos,-0.6512922311154095,7574602.898265607
TB5-3D,20260906,inplane,vel,-0.056732237019383014,7574602.898265607
TB5-3D,20260906,inplane,pos,-0.01797948083954808,4152.069478927973
TB5-3D,20260906,inplane,vel,-0.990809756937443,4152.069478927973
TB5-3D,20260906,plane,pos,-1.6856024967736642,15492.633825538436
TB5-3D,20260906,plane,vel,0.3353055463073175,15492.633825538436
TB5-3D,20260906,plane,pos,-1.5071087454139742,29600.93010598407
TB5-3D,20260906,plane,vel,0.5304918494444433,29600.93010598407
TB5-3D,20260906,plane,pos,1.1161174895548267,6086.058854268364
TB5-3D,20260906,plane,vel,-1.3238597901032727,6086.058854268364
TB5-3D,20260906,plane,pos,-0.11037004198947985,30409.94670538494
TB5-3D,20260906,plane,vel,0.21947228504187158,30409.94670538494
TB5-3D,20260906,plane,pos,1.3400979607374424,28800.497825633327
TB5-3D,20260906,plane,vel,0.0013297020057850709,28800.497825633327
TB5-3D,20260906,plane,pos,0.14212823302429264,12077.107183880955
TB5-3D,20260906,plane,vel,0.4953855686700212,12077.107183880955
TB5-3D,20260906,plane,pos,0.8081121143214729,7574602.898265607
TB5-3D,20260906,plane,vel,0.4785705052151521,7574602.898265607
TB5-3D,20260906,plane,pos,-1.6559737843421,4152.069478927973
TB5-3D,20260906,plane,vel,1.0562265086405613,4152.069478927973
TB5-3D,20260906,range,pos,-0.08852844797463673,3777.4858671811235
TB5-3D,20260906,range,vel,-0.07105311971865548,3777.4858671811235
TB5-3D,20260906,range,pos,-1.8712380275722373,3748.37726426249
TB5-3D,20260906,range,vel,-2.0876490376089714,3748.37726426249
TB5-3D,20260906,range,pos,-0.47197055841482516,7242.83808479034
TB5-3D,20260906,range,vel,0.07778068476552255,7242.83808479034
TB5-3D,20260906,range,pos,1.166067303977297,8106.0363562239445
TB5-3D,20260906,range,vel,0.810866632740997,8106.0363562239445
TB5-3D,20260906,range,pos,0.762940390438326,146955.89629358024
TB5-3D,20260906,range,vel,-1.5084778829007615,146955.89629358024
TB5-3D,20260906,range,pos,-0.6520717087581859,2710634.9979242254
TB5-3D,20260906,range,vel,1.1311427360715567,2710634.9979242254
TB5-3D,20260906,inplane,pos,-0.054291089468156216,3777.4858671811235
TB5-3D,20260906,inplane,vel,0.08493675461998054,3777.4858671811235
TB5-3D,20260906,inplane,pos,-1.1141081345734964,3748.37726426249
TB5-3D,20260906,inplane,vel,-1.9790825343959355,3748.37726426249
TB5-3D,20260906,inplane,pos,-1.1164638825169488,7242.83808479034
TB5-3D,20260906,inplane,vel,-0.7724049081095288,7242.83808479034
TB5-3D,20260906,inplane,pos,1.2342971614837082,8106.0363562239445
TB5-3D,20260906,inplane,vel,1.253540503624669,8106.0363562239445
TB5-3D,20260906,inplane,pos,-0.5680931907744561,146955.89629358024
TB5-3D,20260906,inplane,vel,0.06426549745081046,146955.89629358024
TB5-3D,20260906,inplane,pos,0.057975025617145924,2710634.9979242254
TB5-3D,20260906,inplane,vel,-0.5962970133254343,2710634.9979242254
TB5-3D,20260906,plane,pos,-0.02595566803011284,3777.4858671811235
TB5-3D,20260906,plane,vel,-0.8288862092783237,3777.4858671811235
TB5-3D,20260906,plane,pos,-0.10038378353665403,3748.37726426249
TB5-3D,20260906,plane,vel,2.4048932886756975,3748.37726426249
TB5-3D,20260906,plane,pos,0.9885127567689737,7242.83808479034
TB5-3D,20260906,plane,vel,-0.4907639737129228,7242.83808479034
TB5-3D,20260906,plane,pos,-1.8519622197503032,8106.0363562239445
TB5-3D,20260906,plane,vel,-0.8713214641124245,8106.0363562239445
TB5-3D,20260906,plane,pos,1.022546424314962,146955.89629358024
TB5-3D,20260906,plane,vel,-0.9581976533427279,146955.89629358024
TB5-3D,20260906,plane,pos,0.7964086249398848,2710634.9979242254
TB5-3D,20260906,plane,vel,-0.10652767880904032,2710634.9979242254
TB5-3D,20260906,range,pos,-0.9190183218148685,1470899.2814549308
TB5-3D,20260906,range,vel,-0.4792047190292521,1470899.2814549308
TB5-3D,20260906,range,pos,2.0574163289384737,317547.9061396346
TB5-3D,20260906,range,vel,-1.0315151866015357,317547.9061396346
TB5-3D,20260906,range,pos,0.7748184256100941,341394.7068113224
TB5-3D,20260906,range,vel,1.0032496339996686,341394.7068113224
TB5-3D,20260906,range,pos,1.3844662083398491,374939.2332337382
TB5-3D,20260906,range,vel,-0.9455620191523962,374939.2332337382
TB5-3D,20260906,range,pos,0.4987982894104975,3443.8683519347483
TB5-3D,20260906,range,vel,-0.26705882107756734,3443.8683519347483
TB5-3D,20260906,range,pos,1.351550971506623,9331431.75931266
TB5-3D,20260906,range,vel,0.7923600857235693,9331431.75931266
TB5-3D,20260906,range,pos,-1.1074252598330263,66834.3988913612
TB5-3D,20260906,range,vel,0.606873754833701,66834.3988913612
TB5-3D,20260906,range,pos,0.707497091589532,60577.38924730927
TB5-3D,20260906,range,vel,-0.24576021666536738,60577.38924730927
TB5-3D,20260906,inplane,pos,-1.4380417358073747,1470899.2814549308
TB5-3D,20260906,inplane,vel,-0.9271788282750006,1470899.2814549308
TB5-3D,20260906,inplane,pos,0.061991137901301174,317547.9061396346
TB5-3D,20260906,inplane,vel,1.198496139243102,317547.9061396346
TB5-3D,20260906,inplane,pos,0.6337863934088674,341394.7068113224
TB5-3D,20260906,inplane,vel,0.9263263064138306,341394.7068113224
TB5-3D,20260906,inplane,pos,1.0172531316895523,374939.2332337382
TB5-3D,20260906,inplane,vel,1.5232629430799018,374939.2332337382
TB5-3D,20260906,inplane,pos,0.34519501029081967,3443.8683519347483
TB5-3D,20260906,inplane,vel,-0.8616223883153964,3443.8683519347483
TB5-3D,20260906,inplane,pos,-0.7481957345044618,9331431.75931266
TB5-3D,20260906,inplane,vel,-1.1528848775557232,9331431.75931266
TB5-3D,20260906,inplane,pos,-0.11976101762271521,66834.3988913612
TB5-3D,20260906,inplane,vel,0.14268083401743387,66834.3988913612
TB5-3D,20260906,inplane,pos,-1.1048190843234953,60577.38924730927
TB5-3D,20260906,inplane,vel,-0.7596100508113883,60577.38924730927
TB5-3D,20260906,plane,pos,-0.008289615716979294,1470899.2814549308
TB5-3D,20260906,plane,vel,-1.0720215951003729,1470899.2814549308
TB5-3D,20260906,plane,pos,0.005587920592690889,317547.9061396346
TB5-3D,20260906,plane,vel,-0.22941631481401464,317547.9061396346
TB5-3D,20260906,plane,pos,0.543214395230536,341394.7068113224
TB5-3D,20260906,plane,vel,0.8186538584010415,341394.7068113224
TB5-3D,20260906,plane,pos,0.7866251139271413,374939.2332337382
TB5-3D,20260906,plane,vel,-0.27233175639985124,374939.2332337382
TB5-3D,20260906,plane,pos,-0.29251990699934877,3443.8683519347483
TB5-3D,20260906,plane,vel,0.5331401352699308,3443.8683519347483
TB5-3D,20260906,plane,pos,-1.0172963426061674,9331431.75931266
TB5-3D,20260906,plane,vel,-2.227252594583638,9331431.75931266
TB5-3D,20260906,plane,pos,1.1601721785552348,66834.3988913612
TB5-3D,20260906,plane,vel,0.16820612912207372,66834.3988913612
TB5-3D,20260906,plane,pos,0.17221023314046258,60577.38924730927
TB5-3D,20260906,plane,vel,-0.5914817038502123,60577.38924730927
TB5-3D,20260906,range,pos,0.35987307771581145,63392.03922842587
TB5-3D,20260906,range,vel,-0.8688398037238922,63392.03922842587
TB5-3D,20260906,range,pos,1.6445318732704208,87081.92388292924
TB5-3D,20260906,range,vel,1.8146078227541032,87081.92388292924
TB5-3D,20260906,range,pos,-0.6670455329585921,14953.477460522952
TB5-3D,20260906,range,vel,-0.7926009226588272,14953.477460522952
TB5-3D,20260906,range,pos,2.7421544630794963,96113.96714927956
TB5-3D,20260906,range,vel,-2.3786527479846367,96113.96714927956
TB5-3D,20260906,range,pos,0.4464838786653946,1389058.5393137303
TB5-3D,20260906,range,vel,0.16847021543052507,1389058.5393137303
TB5-3D,20260906,range,pos,-0.6305882097178926,937361.3917597363
TB5-3D,20260906,range,vel,0.3169920995543754,937361.3917597363
TB5-3D,20260906,range,pos,1.1056729823466978,18239.93977134978
TB5-3D,20260906,range,vel,-0.4985369988158299,18239.93977134978
TB5-3D,20260906,range,pos,-0.6452560377520438,21398.82381011369
TB5-3D,20260906,range,vel,-0.22799266588464837,21398.82381011369
TB5-3D,20260906,inplane,pos,2.0750416734165085,63392.03922842587
TB5-3D,20260906,inplane,vel,2.0697279636044668,63392.03922842587
TB5-3D,20260906,inplane,pos,1.3633572681538701,87081.92388292924
TB5-3D,20260906,inplane,vel,1.502263282102045,87081.92388292924
TB5-3D,20260906,inplane,pos,-0.6778770576431259,14953.477460522952
TB5-3D,20260906,inplane,vel,-1.0142266028399372,14953.477460522952
TB5-3D,20260906,inplane,pos,0.9953186822320481,96113.96714927956
TB5-3D,20260906,inplane,vel,2.555596709002195,96113.96714927956
TB5-3D,20260906,inplane,pos,0.8355527660578494,1389058.5393137303
TB5-3D,20260906,inplane,vel,0.3628373737565663,1389058.5393137303
TB5-3D,20260906,inplane,pos,-0.1162428451341263,937361.3917597363
TB5-3D,20260906,inplane,vel,0.13970406925979698,937361.3917597363
TB5-3D,20260906,inplane,pos,1.0542190793066981,18239.93977134978
TB5-3D,20260906,inplane,vel,0.4370421430607841,18239.93977134978
TB5-3D,20260906,inplane,pos,-0.5279556280884237,21398.82381011369
TB5-3D,20260906,inplane,vel,-0.645699286911599,21398.82381011369
TB5-3D,20260906,plane,pos,-2.4510630903527963,63392.03922842587
TB5-3D,20260906,plane,vel,-0.5322019758467795,63392.03922842587
TB5-3D,20260906,plane,pos,-0.22102422576807876,87081.92388292924
TB5-3D,20260906,plane,vel,0.25472580425211516,87081.92388292924
TB5-3D,20260906,plane,pos,0.9453960143204951,14953.477460522952
TB5-3D,20260906,plane,vel,0.8985834609876021,14953.477460522952
TB5-3D,20260906,plane,pos,-1.0785162235668873,96113.96714927956
TB5-3D,20260906,plane,vel,1.8673625472957112,96113.96714927956
TB5-3D,20260906,plane,pos,-1.1602913285035792,1389058.5393137303
TB5-3D,20260906,plane,vel,-0.141991956553228,1389058.5393137303
TB5-3D,20260906,plane,pos,-0.40779097344669074,937361.3917597363
TB5-3D,20260906,plane,vel,0.2010921248675881,937361.3917597363
TB5-3D,20260906,plane,pos,-2.6856932598263588,18239.93977134978
TB5-3D,20260906,plane,vel,-0.7791280711878129,18239.93977134978
TB5-3D,20260906,plane,pos,0.09059389341254412,21398.82381011369
TB5-3D,20260906,plane,vel,1.5909316820065085,21398.82381011369
TB5-3D,20260913,range,pos,-0.6562022274389498,422484.44636413286
TB5-3D,20260913,range,vel,1.2260896825776832,422484.44636413286
TB5-3D,20260913,range,pos,-2.594998683095696,619283.4101509685
TB5-3D,20260913,range,vel,2.655861176525322,619283.4101509685
TB5-3D,20260913,range,pos,0.17410997115535926,991630.0826723241
TB5-3D,20260913,range,vel,0.693463003211382,991630.0826723241
TB5-3D,20260913,range,pos,0.24335629380813498,215639.7813581506
TB5-3D,20260913,range,vel,0.03527420350268683,215639.7813581506
TB5-3D,20260913,range,pos,-0.06952702709040344,2489856.8899935903
TB5-3D,20260913,range,vel,-0.6482663108873118,2489856.8899935903
TB5-3D,20260913,range,pos,0.8349381051301364,1397937.562128252
TB5-3D,20260913,range,vel,-2.134889132021746,1397937.562128252
TB5-3D,20260913,range,pos,1.196450261203861,1252521.802956333
TB5-3D,20260913,range,vel,-0.7939786490001415,1252521.802956333
TB5-3D,20260913,range,pos,-0.6320694483700562,469881.19412042893
TB5-3D,20260913,range,vel,0.6571469775687749,469881.19412042893
TB5-3D,20260913,inplane,pos,0.8117567010912902,422484.44636413286
TB5-3D,20260913,inplane,vel,-0.7208543773219804,422484.44636413286
TB5-3D,20260913,inplane,pos,-0.08559424743871814,619283.4101509685
TB5-3D,20260913,inplane,vel,-2.5557913441725097,619283.4101509685
TB5-3D,20260913,inplane,pos,0.6379411549036478,991630.0826723241
TB5-3D,20260913,inplane,vel,0.07129433631966323,991630.0826723241
TB5-3D,20260913,inplane,pos,0.3015952697922741,215639.7813581506
TB5-3D,20260913,inplane,vel,-0.4339030499497655,215639.7813581506
TB5-3D,20260913,inplane,pos,-0.7452424054848212,2489856.8899935903
TB5-3D,20260913,inplane,vel,0.032227444827572095,2489856.8899935903
TB5-3D,20260913,inplane,pos,-1.2698068096602784,1397937.562128252
TB5-3D,20260913,inplane,vel,0.39444205752958145,1397937.562128252
TB5-3D,20260913,inplane,pos,0.37193044495431204,1252521.802956333
TB5-3D,20260913,inplane,vel,0.8522511150183186,1252521.802956333
TB5-3D,20260913,inplane,pos,-0.0790486386094107,469881.19412042893
TB5-3D,20260913,inplane,vel,-0.7350266697571137,469881.19412042893
TB5-3D,20260913,plane,pos,-1.0050586040090477,422484.44636413286
TB5-3D,20260913,plane,vel,-0.9815439090016719,422484.44636413286
TB5-3D,20260913,plane,pos,-0.9578135907550134,619283.4101509685
TB5-3D,20260913,plane,vel,-1.8715512663376408,619283.4101509685
TB5-3D,20260913,plane,pos,-0.7054896053653884,991630.0826723241
TB5-3D,20260913,plane,vel,-1.00512517263236,991630.0826723241
TB5-3D,20260913,plane,pos,0.3078902819190503,215639.7813581506
TB5-3D,20260913,plane,vel,-0.9391238362028048,215639.7813581506
TB5-3D,20260913,plane,pos,1.0026896249802628,2489856.8899935903
TB5-3D,20260913,plane,vel,0.17500395181906006,2489856.8899935903
TB5-3D,20260913,plane,pos,0.4913132840818318,1397937.562128252
TB5-3D,20260913,plane,vel,-1.1234213340436454,1397937.562128252
TB5-3D,20260913,plane,pos,1.1427764009485888,1252521.802956333
TB5-3D,20260913,plane,vel,0.7011268560512569,1252521.802956333
TB5-3D,20260913,plane,pos,0.44005770532586974,469881.19412042893
TB5-3D,20260913,plane,vel,1.2816542477138633,469881.19412042893
TB5-3D,20260913,range,pos,0.4735490471535084,164600.6379022207
TB5-3D,20260913,range,vel,-0.9813584949589381,164600.6379022207
TB5-3D,20260913,range,pos,0.06305046742405872,137965.8279820792
TB5-3D,20260913,range,vel,-1.193204320403884,137965.8279820792
TB5-3D,20260913,range,pos,0.1383756433937361,329805.3762970879
TB5-3D,20260913,range,vel,0.48105309470730684,329805.3762970879
TB5-3D,20260913,range,pos,-2.122872145238665,69093.61751484999
TB5-3D,20260913,range,vel,2.115018072056396,69093.61751484999
TB5-3D,20260913,range,pos,-0.41936677138356554,200184.03798020098
TB5-3D,20260913,range,vel,1.2283498593746138,200184.03798020098
TB5-3D,20260913,range,pos,-0.24164207775294413,153915.00998940092
TB5-3D,20260913,range,vel,0.8554034850159803,153915.00998940092
TB5-3D,20260913,range,pos,1.548797864865668,167630.4969991329
TB5-3D,20260913,range,vel,-0.8412359377339029,167630.4969991329
TB5-3D,20260913,range,pos,-0.43965596629839243,134305.83995477547
TB5-3D,20260913,range,vel,1.0491943498992184,134305.83995477547
TB5-3D,20260913,inplane,pos,-0.17956170356226697,164600.6379022207
TB5-3D,20260913,inplane,vel,0.4843999756059789,164600.6379022207
TB5-3D,20260913,inplane,pos,-1.0926952071194214,137965.8279820792
TB5-3D,20260913,inplane,vel,-0.17658636918079829,137965.8279820792
TB5-3D,20260913,inplane,pos,0.6241328365846065,329805.3762970879
TB5-3D,20260913,inplane,vel,0.1255606292035109,329805.3762970879
TB5-3D,20260913,inplane,pos,0.20819576770742002,69093.61751484999
TB5-3D,20260913,inplane,vel,-1.2390091110882657,69093.61751484999
TB5-3D,20260913,inplane,pos,1.4745448502887892,200184.03798020098
TB5-3D,20260913,inplane,vel,-0.3295270065926515,200184.03798020098
TB5-3D,20260913,inplane,pos,0.7210607551477248,153915.00998940092
TB5-3D,20260913,inplane,vel,0.22214882038518924,153915.00998940092
TB5-3D,20260913,inplane,pos,0.9287864460403543,167630.4969991329
TB5-3D,20260913,inplane,vel,1.546817605274173,167630.4969991329
TB5-3D,20260913,inplane,pos,0.33039766319224667,134305.83995477547
TB5-3D,20260913,inplane,vel,-0.6344168349538772,134305.83995477547
TB5-3D,20260913,plane,pos,0.053803113082317486,164600.6379022207
TB5-3D,20260913,plane,vel,0.5466982383122534,164600.6379022207
TB5-3D,20260913,plane,pos,-0.24050182129557138,137965.8279820792
TB5-3D,20260913,plane,vel,0.6939988963141108,137965.8279820792
TB5-3D,20260913,plane,pos,-0.1528993267552158,329805.3762970879
TB5-3D,20260913,plane,vel,-0.6817843558770547,329805.3762970879
TB5-3D,20260913,plane,pos,-0.8222777076328174,69093.61751484999
TB5-3D,20260913,plane,vel,-1.0959487096727936,69093.61751484999
TB5-3D,20260913,plane,pos,0.08843343885035854,200184.03798020098
TB5-3D,20260913,plane,vel,-0.16148300893098114,200184.03798020098
TB5-3D,20260913,plane,pos,0.512925481445638,153915.00998940092
TB5-3D,20260913,plane,vel,0.004958627473333558,153915.00998940092
TB5-3D,20260913,plane,pos,-2.1263782581565023,167630.4969991329
TB5-3D,20260913,plane,vel,-0.8717754515992296,167630.4969991329
TB5-3D,20260913,plane,pos,0.21918783139793924,134305.83995477547
TB5-3D,20260913,plane,vel,1.7953250653026107,134305.83995477547
TB5-3D,20260913,range,pos,0.693199780638657,12651.732831350713
TB5-3D,20260913,range,vel,-0.9707003723365492,12651.732831350713
TB5-3D,20260913,range,pos,-1.5533618858733385,53952.77567597831
TB5-3D,20260913,range,vel,0.941310478019124,53952.77567597831
TB5-3D,20260913,range,pos,-1.3526101195158726,26453.278908564633
TB5-3D,20260913,range,vel,0.4641834439172832,26453.278908564633
TB5-3D,20260913,range,pos,1.2330348522615018,46021.71340874385
TB5-3D,20260913,range,vel,0.16208748079607496,46021.71340874385
TB5-3D,20260913,range,pos,1.7996020161181008,18831.12195547737
TB5-3D,20260913,range,vel,1.6592982003214007,18831.12195547737
TB5-3D,20260913,range,pos,0.8768564884572356,26596.824435535913
TB5-3D,20260913,range,vel,-1.51775728948741,26596.824435535913
TB5-3D,20260913,range,pos,0.7245914689540498,9419.344006107465
TB5-3D,20260913,range,vel,0.3029248771580311,9419.344006107465
TB5-3D,20260913,range,pos,0.6433538162595606,13085.324479210582
TB5-3D,20260913,range,vel,-0.7985286884292653,13085.324479210582
TB5-3D,20260913,inplane,pos,-0.03370484647356463,12651.732831350713
TB5-3D,20260913,inplane,vel,0.5568264166049388,12651.732831350713
TB5-3D,20260913,inplane,pos,-1.2450294323685143,53952.77567597831
TB5-3D,20260913,inplane,vel,-1.4570289221037322,53952.77567597831
TB5-3D,20260913,inplane,pos,-0.4721099270717352,26453.278908564633
TB5-3D,20260913,inplane,vel,-1.1862987300894294,26453.278908564633
TB5-3D,20260913,inplane,pos,-0.9807437162998925,46021.71340874385
TB5-3D,20260913,inplane,vel,0.9850627351916877,46021.71340874385
TB5-3D,20260913,inplane,pos,0.9587443228838446,18831.12195547737
TB5-3D,20260913,inplane,vel,1.6629044503053485,18831.12195547737
TB5-3D,20260913,inplane,pos,-0.4129198542942704,26596.824435535913
TB5-3D,20260913,inplane,vel,0.7561870352138702,26596.824435535913
TB5-3D,20260913,inplane,pos,0.10581568798203725,9419.344006107465
TB5-3D,20260913,inplane,vel,-0.49021559246397317,9419.344006107465
TB5-3D,20260913,inplane,pos,0.1488828605587086,13085.324479210582
TB5-3D,20260913,inplane,vel,0.692999570512924,13085.324479210582
TB5-3D,20260913,plane,pos,-0.5245920517475536,12651.732831350713
TB5-3D,20260913,plane,vel,-0.5360625431651437,12651.732831350713
TB5-3D,20260913,plane,pos,1.518414016511117,53952.77567597831
TB5-3D,20260913,plane,vel,-0.6794357994197947,53952.77567597831
TB5-3D,20260913,plane,pos,-1.772104864592787,26453.278908564633
TB5-3D,20260913,plane,vel,-1.382965039238529,26453.278908564633
TB5-3D,20260913,plane,pos,1.460550574052018,46021.71340874385
TB5-3D,20260913,plane,vel,-1.4097606421630187,46021.71340874385
TB5-3D,20260913,plane,pos,0.7711339023570681,18831.12195547737
TB5-3D,20260913,plane,vel,0.876871917734219,18831.12195547737
TB5-3D,20260913,plane,pos,-0.7518802718407034,26596.824435535913
TB5-3D,20260913,plane,vel,0.5189467787881749,26596.824435535913
TB5-3D,20260913,plane,pos,0.8754205634119296,9419.344006107465
TB5-3D,20260913,plane,vel,0.649373604768874,9419.344006107465
TB5-3D,20260913,plane,pos,-0.5846959806443112,13085.324479210582
TB5-3D,20260913,plane,vel,0.8830345999677359,13085.324479210582
TB5-3D,20260913,range,pos,-0.006934495385131687,8527835.05309863
TB5-3D,20260913,range,vel,1.061843756325734,8527835.05309863
TB5-3D,20260913,range,pos,0.19177876400711336,6151.642400750538
TB5-3D,20260913,range,vel,0.12745050621227355,6151.642400750538
TB5-3D,20260913,range,pos,-0.21468606438797636,7710944.341591438
TB5-3D,20260913,range,vel,0.42609855802180197,7710944.341591438
TB5-3D,20260913,range,pos,0.8836207569148009,11624.921685471054
TB5-3D,20260913,range,vel,-0.5875123112496122,11624.921685471054
TB5-3D,20260913,range,pos,-0.35769214708985847,2613.705528380529
TB5-3D,20260913,range,vel,-0.38821269071711567,2613.705528380529
TB5-3D,20260913,range,pos,-1.6374886526708068,8780891.764244838
TB5-3D,20260913,range,vel,-1.6952383522217522,8780891.764244838
TB5-3D,20260913,range,pos,-1.2938540374991476,8027.907864837295
TB5-3D,20260913,range,vel,-0.0924201092484582,8027.907864837295
TB5-3D,20260913,range,pos,-0.25251686559520636,5643001.267579082
TB5-3D,20260913,range,vel,-0.5968568110607282,5643001.267579082
TB5-3D,20260913,inplane,pos,0.1848240161051638,8527835.05309863
TB5-3D,20260913,inplane,vel,-0.15086799559351646,8527835.05309863
TB5-3D,20260913,inplane,pos,-0.2438089022713012,6151.642400750538
TB5-3D,20260913,inplane,vel,0.16051702288860825,6151.642400750538
TB5-3D,20260913,inplane,pos,1.530836158652056,7710944.341591438
TB5-3D,20260913,inplane,vel,-0.9406525420145083,7710944.341591438
TB5-3D,20260913,inplane,pos,0.8772745416945917,11624.921685471054
TB5-3D,20260913,inplane,vel,1.0032820940835825,11624.921685471054
TB5-3D,20260913,inplane,pos,-0.00039242979377587806,2613.705528380529
TB5-3D,20260913,inplane,vel,-0.8086631504397942,2613.705528380529
TB5-3D,20260913,inplane,pos,1.5438117439300088,8780891.764244838
TB5-3D,20260913,inplane,vel,-1.7678555515591647,8780891.764244838
TB5-3D,20260913,inplane,pos,-1.3178862643206466,8027.907864837295
TB5-3D,20260913,inplane,vel,-1.306970188662013,8027.907864837295
TB5-3D,20260913,inplane,pos,-0.3322821949622531,5643001.267579082
TB5-3D,20260913,inplane,vel,-0.10555322300946463,5643001.267579082
TB5-3D,20260913,plane,pos,-0.35191846570637414,8527835.05309863
TB5-3D,20260913,plane,vel,-0.6948011912082236,8527835.05309863
TB5-3D,20260913,plane,pos,0.06229399873532326,6151.642400750538
TB5-3D,20260913,plane,vel,0.9395233531481462,6151.642400750538
TB5-3D,20260913,plane,pos,0.1646514577339958,7710944.341591438
TB5-3D,20260913,plane,vel,-2.63182335880955,7710944.341591438
TB5-3D,20260913,plane,pos,-0.44848692142756613,11624.921685471054
TB5-3D,20260913,plane,vel,1.072747947327059,11624.921685471054
TB5-3D,20260913,plane,pos,0.3052061639413242,2613.705528380529
TB5-3D,20260913,plane,vel,0.39554364977181267,2613.705528380529
TB5-3D,20260913,plane,pos,0.8750304637963274,8780891.764244838
TB5-3D,20260913,plane,vel,-0.15901996279713784,8780891.764244838
TB5-3D,20260913,plane,pos,-0.9710478359723862,8027.907864837295
TB5-3D,20260913,plane,vel,0.24695506992137806,8027.907864837295
TB5-3D,20260913,plane,pos,-1.4145772060737039,5643001.267579082
TB5-3D,20260913,plane,vel,-0.9039538341692321,5643001.267579082
TB5-3D,20260913,range,pos,-0.36665346978463154,153433.1368438458
TB5-3D,20260913,range,vel,0.4680191901864885,153433.1368438458
TB5-3D,20260913,range,pos,0.17031010553882103,1390553.415554617
TB5-3D,20260913,range,vel,1.30573614194676,1390553.415554617
TB5-3D,20260913,range,pos,0.7583540314141229,270568.3914191186
TB5-3D,20260913,range,vel,-1.298009873324488,270568.3914191186
TB5-3D,20260913,range,pos,0.31798851198872136,13839369.041093739
TB5-3D,20260913,range,vel,0.31233653073833556,13839369.041093739
TB5-3D,20260913,range,pos,-0.23845017091323176,10065918.674137888
TB5-3D,20260913,range,vel,-0.4038180214763148,10065918.674137888
TB5-3D,20260913,range,pos,-0.654008746828696,151751.1635755413
TB5-3D,20260913,range,vel,0.7656145436462852,151751.1635755413
TB5-3D,20260913,range,pos,1.201574668372579,679857.47207569
TB5-3D,20260913,range,vel,0.6992102815281276,679857.47207569
TB5-3D,20260913,range,pos,-0.957285170844699,253754.7614003614
TB5-3D,20260913,range,vel,-1.0104688384960157,253754.7614003614
TB5-3D,20260913,inplane,pos,-2.012498992420244,153433.1368438458
TB5-3D,20260913,inplane,vel,-2.0262111281705946,153433.1368438458
TB5-3D,20260913,inplane,pos,1.3766599692478734,1390553.415554617
TB5-3D,20260913,inplane,vel,0.13813956424048598,1390553.415554617
TB5-3D,20260913,inplane,pos,-1.2644491788816437,270568.3914191186
TB5-3D,20260913,inplane,vel,0.19553221505215904,270568.3914191186
TB5-3D,20260913,inplane,pos,-1.2260594987820148,13839369.041093739
TB5-3D,20260913,inplane,vel,-0.6187766703428579,13839369.041093739
TB5-3D,20260913,inplane,pos,-0.011488591437426754,10065918.674137888
TB5-3D,20260913,inplane,vel,-0.3812784149859673,10065918.674137888
TB5-3D,20260913,inplane,pos,-0.24417089559361127,151751.1635755413
TB5-3D,20260913,inplane,vel,-0.5688365559079616,151751.1635755413
TB5-3D,20260913,inplane,pos,-1.7779777081491484,679857.47207569
TB5-3D,20260913,inplane,vel,1.097303198621634,679857.47207569
TB5-3D,20260913,inplane,pos,-0.8554339186968622,253754.7614003614
TB5-3D,20260913,inplane,vel,-0.886656291493597,253754.7614003614
TB5-3D,20260913,plane,pos,0.041498402110752834,153433.1368438458
TB5-3D,20260913,plane,vel,-0.7612238730404856,153433.1368438458
TB5-3D,20260913,plane,pos,0.8845876140291667,1390553.415554617
TB5-3D,20260913,plane,vel,0.07497743663412998,1390553.415554617
TB5-3D,20260913,plane,pos,0.17393549037517297,270568.3914191186
TB5-3D,20260913,plane,vel,1.1378376070920946,270568.3914191186
TB5-3D,20260913,plane,pos,0.6150269139964832,13839369.041093739
TB5-3D,20260913,plane,vel,0.6394956159632981,13839369.041093739
TB5-3D,20260913,plane,pos,-1.7484245387892448,10065918.674137888
TB5-3D,20260913,plane,vel,-1.1519368949011166,10065918.674137888
TB5-3D,20260913,plane,pos,0.5711507483617808,151751.1635755413
TB5-3D,20260913,plane,vel,1.092396104358884,151751.1635755413
TB5-3D,20260913,plane,pos,0.4068160844924676,679857.47207569
TB5-3D,20260913,plane,vel,-0.4286407574670977,679857.47207569
TB5-3D,20260913,plane,pos,-0.2868463719788325,253754.7614003614
TB5-3D,20260913,plane,vel,-0.10389278331878161,253754.7614003614
TB5-3D,20260913,range,pos,-0.6447940248192682,10214.588453996725
TB5-3D,20260913,range,vel,0.841932685810725,10214.588453996725
TB5-3D,20260913,range,pos,0.5894360874236452,93206.08898648291
TB5-3D,20260913,range,vel,0.5679232943670014,93206.08898648291
TB5-3D,20260913,range,pos,0.1712030612134408,33113.598520269195
TB5-3D,20260913,range,vel,-0.8155037121849588,33113.598520269195
TB5-3D,20260913,range,pos,0.9216668584327923,48179.543506684546
TB5-3D,20260913,range,vel,1.025675731542107,48179.543506684546
TB5-3D,20260913,range,pos,1.456752329034731,304257.44236207264
TB5-3D,20260913,range,vel,0.33147220568143143,304257.44236207264
TB5-3D,20260913,range,pos,-0.87474579937098,177644.68519300118
TB5-3D,20260913,range,vel,0.02465597440885463,177644.68519300118
TB5-3D,20260913,range,pos,-1.8970937193809705,1105557.8911506336
TB5-3D,20260913,range,vel,1.99978151529904,1105557.8911506336
TB5-3D,20260913,range,pos,2.207932031686969,10774.629480461808
TB5-3D,20260913,range,vel,-1.570451566316582,10774.629480461808
TB5-3D,20260913,inplane,pos,1.156345077273617,10214.588453996725
TB5-3D,20260913,inplane,vel,-0.14560752305184166,10214.588453996725
TB5-3D,20260913,inplane,pos,-0.44923720417714785,93206.08898648291
TB5-3D,20260913,inplane,vel,0.9158665496450744,93206.08898648291
TB5-3D,20260913,inplane,pos,-1.1518460778311788,33113.598520269195
TB5-3D,20260913,inplane,vel,-0.010374882853411645,33113.598520269195
TB5-3D,20260913,inplane,pos,-0.9202731245523075,48179.543506684546
TB5-3D,20260913,inplane,vel,-0.9640673255254152,48179.543506684546
TB5-3D,20260913,inplane,pos,1.5957603285220585,304257.44236207264
TB5-3D,20260913,inplane,vel,1.612931735276707,304257.44236207264
TB5-3D,20260913,inplane,pos,-0.7025999475910176,177644.68519300118
TB5-3D,20260913,inplane,vel,-0.8348526166662606,177644.68519300118
TB5-3D,20260913,inplane,pos,-0.20442178764793428,1105557.8911506336
TB5-3D,20260913,inplane,vel,-1.8387042802487665,1105557.8911506336
TB5-3D,20260913,inplane,pos,3.047124528643495,10774.629480461808
TB5-3D,20260913,inplane,vel,2.4205994968592996,10774.629480461808
TB5-3D,20260913,plane,pos,0.9551038097895229,10214.588453996725
TB5-3D,20260913,plane,vel,-0.004624166058865176,10214.588453996725
TB5-3D,20260913,plane,pos,-0.4949147573324922,93206.08898648291
TB5-3D,20260913,plane,vel,-1.0617625374020483,93206.08898648291
TB5-3D,20260913,plane,pos,-0.3139145317631098,33113.598520269195
TB5-3D,20260913,plane,vel,-0.10046911846080515,33113.598520269195
TB5-3D,20260913,plane,pos,0.18223312248815313,48179.543506684546
TB5-3D,20260913,plane,vel,-0.3976256067426229,48179.543506684546
TB5-3D,20260913,plane,pos,-0.4078128724467089,304257.44236207264
TB5-3D,20260913,plane,vel,-0.708803033115926,304257.44236207264
TB5-3D,20260913,plane,pos,2.7497205726817495,177644.68519300118
TB5-3D,20260913,plane,vel,0.4774922460487875,177644.68519300118
TB5-3D,20260913,plane,pos,0.5998817303238863,1105557.8911506336
TB5-3D,20260913,plane,vel,-1.0562969465436505,1105557.8911506336
TB5-3D,20260913,plane,pos,1.883797719661728,10774.629480461808
TB5-3D,20260913,plane,vel,-0.26000256956512235,10774.629480461808
TB5-3D,20260920,range,pos,-0.008464317116055185,1258040.6356248558
TB5-3D,20260920,range,vel,-2.1637461706007715,1258040.6356248558
TB5-3D,20260920,range,pos,-1.2981396559036333,482019.896449385
TB5-3D,20260920,range,vel,-0.14099041247028218,482019.896449385
TB5-3D,20260920,range,pos,-0.13207073091797625,774126.0466801623
TB5-3D,20260920,range,vel,-0.26642852569629105,774126.0466801623
TB5-3D,20260920,range,pos,0.6670095560194911,136238.6626117443
TB5-3D,20260920,range,vel,-0.9226640162999403,136238.6626117443
TB5-3D,20260920,range,pos,0.1804563798717466,568610.5260142944
TB5-3D,20260920,range,vel,1.1081200028669291,568610.5260142944
TB5-3D,20260920,range,pos,-0.46650350619636594,777030.5789283529
TB5-3D,20260920,range,vel,-0.12764607351360072,777030.5789283529
TB5-3D,20260920,range,pos,-1.341104808105577,64585.82229904798
TB5-3D,20260920,range,vel,0.910706373512276,64585.82229904798
TB5-3D,20260920,range,pos,0.9361218278687069,430913.672842595
TB5-3D,20260920,range,vel,-0.3752532923682189,430913.672842595
TB5-3D,20260920,inplane,pos,-1.815246131212718,1258040.6356248558
TB5-3D,20260920,inplane,vel,-0.3489473868899023,1258040.6356248558
TB5-3D,20260920,inplane,pos,0.4247982674393993,482019.896449385
TB5-3D,20260920,inplane,vel,-1.1075836781079964,482019.896449385
TB5-3D,20260920,inplane,pos,-0.4244843885699859,774126.0466801623
TB5-3D,20260920,inplane,vel,-0.2800865380672563,774126.0466801623
TB5-3D,20260920,inplane,pos,0.946527649521985,136238.6626117443
TB5-3D,20260920,inplane,vel,0.6062571613937636,136238.6626117443
TB5-3D,20260920,inplane,pos,0.8980817181315123,568610.5260142944
TB5-3D,20260920,inplane,vel,-0.1611785477844253,568610.5260142944
TB5-3D,20260920,inplane,pos,-1.2487558896122857,777030.5789283529
TB5-3D,20260920,inplane,vel,-0.9203575102353942,777030.5789283529
TB5-3D,20260920,inplane,pos,1.914807348493725,64585.82229904798
TB5-3D,20260920,inplane,vel,0.829492330669569,64585.82229904798
TB5-3D,20260920,inplane,pos,0.18023491158997432,430913.672842595
TB5-3D,20260920,inplane,vel,-0.2737148035428911,430913.672842595
TB5-3D,20260920,plane,pos,0.4339942626927885,1258040.6356248558
TB5-3D,20260920,plane,vel,0.018064087577908863,1258040.6356248558
TB5-3D,20260920,plane,pos,-2.24263612946568,482019.896449385
TB5-3D,20260920,plane,vel,-0.22492269414526941,482019.896449385
TB5-3D,20260920,plane,pos,1.9686089485124898,774126.0466801623
TB5-3D,20260920,plane,vel,-0.40074624941752013,774126.0466801623
TB5-3D,20260920,plane,pos,-2.1191454359276407,136238.6626117443
TB5-3D,20260920,plane,vel,-0.26402582986567846,136238.6626117443
TB5-3D,20260920,plane,pos,-0.4109947056864781,568610.5260142944
TB5-3D,20260920,plane,vel,-0.43423296557466323,568610.5260142944
TB5-3D,20260920,plane,pos,0.3866173428228486,777030.5789283529
TB5-3D,20260920,plane,vel,-0.2810161595256899,777030.5789283529
TB5-3D,20260920,plane,pos,-1.7824957576415874,64585.82229904798
TB5-3D,20260920,plane,vel,1.1618967724857978,64585.82229904798
TB5-3D,20260920,plane,pos,-0.2556712062823482,430913.672842595
TB5-3D,20260920,plane,vel,0.23183035696093415,430913.672842595
TB5-3D,20260920,range,pos,-0.48202194879145155,61973.02756838939
TB5-3D,20260920,range,vel,1.2136103823505802,61973.02756838939
TB5-3D,20260920,range,pos,-0.256571788601978,207135.9020426685
TB5-3D,20260920,range,vel,0.2412310343705348,207135.9020426685
TB5-3D,20260920,range,pos,-2.0299783229353277,76070.67874571131
TB5-3D,20260920,range,vel,-1.8996010633758873,76070.67874571131
TB5-3D,20260920,range,pos,-1.874805378752613,15423.11915097097
TB5-3D,20260920,range,vel,-2.257207172295461,15423.11915097097
TB5-3D,20260920,range,pos,-0.07890816683900229,24601.494612531813
TB5-3D,20260920,range,vel,-1.3646529679929673,24601.494612531813
TB5-3D,20260920,range,pos,0.2714221319536982,63823.74646107054
TB5-3D,20260920,range,vel,0.4618747729400549,63823.74646107054
TB5-3D,20260920,range,pos,0.6618879466034271,30880.87598430932
TB5-3D,20260920,range,vel,0.6630141114724767,30880.87598430932
TB5-3D,20260920,range,pos,2.075910428586579,61040.63942867323
TB5-3D,20260920,range,vel,-0.521532424544015,61040.63942867323
TB5-3D,20260920,inplane,pos,1.7872510595806745,61973.02756838939
TB5-3D,20260920,inplane,vel,0.18293423740486545,61973.02756838939
TB5-3D,20260920,inplane,pos,0.2108196302386608,207135.9020426685
TB5-3D,20260920,inplane,vel,-0.005041599617893563,207135.9020426685
TB5-3D,20260920,inplane,pos,1.8186120325532646,76070.67874571131
TB5-3D,20260920,inplane,vel,-1.8290147416285123,76070.67874571131
TB5-3D,20260920,inplane,pos,-1.5789058675339265,15423.11915097097
TB5-3D,20260920,inplane,vel,-2.2568603762366584,15423.11915097097
TB5-3D,20260920,inplane,pos,2.007716801483416,24601.494612531813
TB5-3D,20260920,inplane,vel,1.8553937618137606,24601.494612531813
TB5-3D,20260920,inplane,pos,0.04955162027426444,63823.74646107054
TB5-3D,20260920,inplane,vel,0.26809618829532933,63823.74646107054
TB5-3D,20260920,inplane,pos,0.4662012597335942,30880.87598430932
TB5-3D,20260920,inplane,vel,0.5377061866313504,30880.87598430932
TB5-3D,20260920,inplane,pos,2.226314128954449,61040.63942867323
TB5-3D,20260920,inplane,vel,1.1466489339646195,61040.63942867323
TB5-3D,20260920,plane,pos,-0.5394479507690918,61973.02756838939
TB5-3D,20260920,plane,vel,-0.838945658203603,61973.02756838939
TB5-3D,20260920,plane,pos,-1.6970163099928681,207135.9020426685
TB5-3D,20260920,plane,vel,0.23275796829641482,207135.9020426685
TB5-3D,20260920,plane,pos,-0.6821701258831675,76070.67874571131
TB5-3D,20260920,plane,vel,-1.7445106325354773,76070.67874571131
TB5-3D,20260920,plane,pos,0.9719567935204275,15423.11915097097
TB5-3D,20260920,plane,vel,0.03190910939830738,15423.11915097097
TB5-3D,20260920,plane,pos,-0.3862161228013664,24601.494612531813
TB5-3D,20260920,plane,vel,-0.10214445681274871,24601.494612531813
TB5-3D,20260920,plane,pos,-0.7845173367523051,63823.74646107054
TB5-3D,20260920,plane,vel,-0.08812485857667272,63823.74646107054
TB5-3D,20260920,plane,pos,0.9462940080689672,30880.87598430932
TB5-3D,20260920,plane,vel,0.4621338086667684,30880.87598430932
TB5-3D,20260920,plane,pos,-0.10074031535553253,61040.63942867323
TB5-3D,20260920,plane,vel,2.448271440478484,61040.63942867323
TB5-3D,20260920,range,pos,-0.8668672640923608,8995.446201620121
TB5-3D,20260920,range,vel,0.2900693472476453,8995.446201620121
TB5-3D,20260920,range,pos,1.3759046188265829,6177.272217018984
TB5-3D,20260920,range,vel,-1.1423957757164072,6177.272217018984
TB5-3D,20260920,range,pos,1.0831718056674255,11857.608273212683
TB5-3D,20260920,range,vel,0.19516075128415722,11857.608273212683
TB5-3D,20260920,range,pos,-0.6392544130013039,6678.23393896397
TB5-3D,20260920,range,vel,0.07722207150218223,6678.23393896397
TB5-3D,20260920,range,pos,0.49747712467300603,5784.7175641109225
TB5-3D,20260920,range,vel,-0.5716391750233911,5784.7175641109225
TB5-3D,20260920,range,pos,-0.5753556041367266,3225.401935211086
TB5-3D,20260920,range,vel,-0.2396681125747323,3225.401935211086
TB5-3D,20260920,range,pos,0.8295520631148355,3447.5464169734564
TB5-3D,20260920,range,vel,-0.8793721486778117,3447.5464169734564
TB5-3D,20260920,range,pos,-1.7166630714675002,7155.854045388217
TB5-3D,20260920,range,vel,-0.17291662084368106,7155.854045388217
TB5-3D,20260920,inplane,pos,-1.0349872476358795,8995.446201620121
TB5-3D,20260920,inplane,vel,-0.8136802201444523,8995.446201620121
TB5-3D,20260920,inplane,pos,-0.46403236534460796,6177.272217018984
TB5-3D,20260920,inplane,vel,1.309042493224696,6177.272217018984
TB5-3D,20260920,inplane,pos,0.15114975040479622,11857.608273212683
TB5-3D,20260920,inplane,vel,1.089099345829626,11857.608273212683
TB5-3D,20260920,inplane,pos,-1.185650107797569,6678.23393896397
TB5-3D,20260920,inplane,vel,-0.8192033465409146,6678.23393896397
TB5-3D,20260920,inplane,pos,-0.04606051426371926,5784.7175641109225
TB5-3D,20260920,inplane,vel,-0.5831870018085913,5784.7175641109225
TB5-3D,20260920,inplane,pos,-0.7435729743791974,3225.401935211086
TB5-3D,20260920,inplane,vel,-0.6133011537403433,3225.401935211086
TB5-3D,20260920,inplane,pos,1.1427997347093093,3447.5464169734564
TB5-3D,20260920,inplane,vel,1.1081360749787652,3447.5464169734564
TB5-3D,20260920,inplane,pos,-0.23976318824776804,7155.854045388217
TB5-3D,20260920,inplane,vel,-1.4875780131157161,7155.854045388217
TB5-3D,20260920,plane,pos,0.021611445141659896,8995.446201620121
TB5-3D,20260920,plane,vel,0.6106833848035794,8995.446201620121
TB5-3D,20260920,plane,pos,0.7740948763507275,6177.272217018984
TB5-3D,20260920,plane,vel,-1.1405817831793503,6177.272217018984
TB5-3D,20260920,plane,pos,1.7952568370603768,11857.608273212683
TB5-3D,20260920,plane,vel,-0.22324699611109106,11857.608273212683
TB5-3D,20260920,plane,pos,-0.927752150466115,6678.23393896397
TB5-3D,20260920,plane,vel,1.0162444243436144,6678.23393896397
TB5-3D,20260920,plane,pos,0.8102092211172521,5784.7175641109225
TB5-3D,20260920,plane,vel,0.5867655514487559,5784.7175641109225
TB5-3D,20260920,plane,pos,0.9720372980161659,3225.401935211086
TB5-3D,20260920,plane,vel,1.1071466072014997,3225.401935211086
TB5-3D,20260920,plane,pos,-0.26194142921899666,3447.5464169734564
TB5-3D,20260920,plane,vel,-0.48988861466142347,3447.5464169734564
TB5-3D,20260920,plane,pos,-2.135799492757304,7155.854045388217
TB5-3D,20260920,plane,vel,0.7820701583953025,7155.854045388217
TB5-3D,20260920,range,pos,0.274945096284436,3549.754457535571
TB5-3D,20260920,range,vel,0.5677836230565323,3549.754457535571
TB5-3D,20260920,range,pos,0.07994162945347447,6105.627172999955
TB5-3D,20260920,range,vel,0.19463624967758486,6105.627172999955
TB5-3D,20260920,range,pos,1.2192677240241663,1280819.3575659876
TB5-3D,20260920,range,vel,-1.1265348959570203,1280819.3575659876
TB5-3D,20260920,range,pos,-0.7312867117434263,669617.600313285
TB5-3D,20260920,range,vel,-0.6524428298852049,669617.600313285
TB5-3D,20260920,range,pos,1.7089721586614843,2270.948655467362
TB5-3D,20260920,range,vel,-1.2524571440659389,2270.948655467362
TB5-3D,20260920,range,pos,-1.253849315803298,2087.7189023173078
TB5-3D,20260920,range,vel,1.5881510128993928,2087.7189023173078
TB5-3D,20260920,range,pos,1.0091551471737914,4744.103718107785
TB5-3D,20260920,range,vel,-0.25221990613090817,4744.103718107785
TB5-3D,20260920,range,pos,-1.023715390138939,2355486.7085176604
TB5-3D,20260920,range,vel,0.7442871668552857,2355486.7085176604
TB5-3D,20260920,inplane,pos,0.47930617952884935,3549.754457535571
TB5-3D,20260920,inplane,vel,-0.2833381478565513,3549.754457535571
TB5-3D,20260920,inplane,pos,0.21920543469285877,6105.627172999955
TB5-3D,20260920,inplane,vel,0.06514676669660936,6105.627172999955
TB5-3D,20260920,inplane,pos,0.8716499696787952,1280819.3575659876
TB5-3D,20260920,inplane,vel,1.2398060827016544,1280819.3575659876
TB5-3D,20260920,inplane,pos,-0.28722197558939955,669617.600313285
TB5-3D,20260920,inplane,vel,-0.6789202304581402,669617.600313285
TB5-3D,20260920,inplane,pos,1.0820227370199826,2270.948655467362
TB5-3D,20260920,inplane,vel,0.14728749395068116,2270.948655467362
TB5-3D,20260920,inplane,pos,-0.10117279591739152,2087.7189023173078
TB5-3D,20260920,inplane,vel,-0.9207201951789599,2087.7189023173078
TB5-3D,20260920,inplane,pos,0.029003612037654343,4744.103718107785
TB5-3D,20260920,inplane,vel,0.8727352281530856,4744.103718107785
TB5-3D,20260920,inplane,pos,-0.7863974800670854,2355486.7085176604
TB5-3D,20260920,inplane,vel,-1.0462532449111934,2355486.7085176604
TB5-3D,20260920,plane,pos,-0.37918619518267743,3549.754457535571
TB5-3D,20260920,plane,vel,0.9568115001641773,3549.754457535571
TB5-3D,20260920,plane,pos,-0.33392726216666996,6105.627172999955
TB5-3D,20260920,plane,vel,0.2730329580979966,6105.627172999955
TB5-3D,20260920,plane,pos,-0.7838192678005068,1280819.3575659876
TB5-3D,20260920,plane,vel,1.0822403370866938,1280819.3575659876
TB5-3D,20260920,plane,pos,-0.7388883642636987,669617.600313285
TB5-3D,20260920,plane,vel,0.10881070229322927,669617.600313285
TB5-3D,20260920,plane,pos,-0.5677899663302838,2270.948655467362
TB5-3D,20260920,plane,vel,0.128976570305936,2270.948655467362
TB5-3D,20260920,plane,pos,1.672828447176663,2087.7189023173078
TB5-3D,20260920,plane,vel,-0.5924310327674104,2087.7189023173078
TB5-3D,20260920,plane,pos,0.08276331951346523,4744.103718107785
TB5-3D,20260920,plane,vel,1.1295415813313272,4744.103718107785
TB5-3D,20260920,plane,pos,-1.833210745150063,2355486.7085176604
TB5-3D,20260920,plane,vel,-1.3378234541041736,2355486.7085176604
TB5-3D,20260920,range,pos,0.3397367855714762,2477555.3455494004
TB5-3D,20260920,range,vel,0.3204176280422963,2477555.3455494004
TB5-3D,20260920,range,pos,-0.2685679059497561,550834.3391789364
TB5-3D,20260920,range,vel,-0.9703588504980845,550834.3391789364
TB5-3D,20260920,range,pos,0.08804955938687675,557051.049330288
TB5-3D,20260920,range,vel,-0.1488561939529928,557051.049330288
TB5-3D,20260920,range,pos,0.090976715610364,171365.33106377086
TB5-3D,20260920,range,vel,-0.9945958414716132,171365.33106377086
TB5-3D,20260920,range,pos,2.4033470821215093,5655004.179878059
TB5-3D,20260920,range,vel,-3.0333142654480145,5655004.179878059
TB5-3D,20260920,range,pos,-0.5983161432647814,2109721.543925947
TB5-3D,20260920,range,vel,-0.10389772469941487,2109721.543925947
TB5-3D,20260920,range,pos,-0.8254319330806521,2927.5036326208465
TB5-3D,20260920,range,vel,-0.4995628187309655,2927.5036326208465
TB5-3D,20260920,range,pos,1.3606504594547837,154601.72475617577
TB5-3D,20260920,range,vel,-2.3638098287927383,154601.72475617577
TB5-3D,20260920,inplane,pos,0.1658253488678521,2477555.3455494004
TB5-3D,20260920,inplane,vel,-0.031462287671409274,2477555.3455494004
TB5-3D,20260920,inplane,pos,-0.847633341707364,550834.3391789364
TB5-3D,20260920,inplane,vel,-0.3209945329380414,550834.3391789364
TB5-3D,20260920,inplane,pos,0.3351898791166701,557051.049330288
TB5-3D,20260920,inplane,vel,0.5117821338903744,557051.049330288
TB5-3D,20260920,inplane,pos,-0.811534090954444,171365.33106377086
TB5-3D,20260920,inplane,vel,-0.34762356936471756,171365.33106377086
TB5-3D,20260920,inplane,pos,-1.5327726627342464,5655004.179878059
TB5-3D,20260920,inplane,vel,-0.6112281536327506,5655004.179878059
TB5-3D,20260920,inplane,pos,-0.7845874540303961,2109721.543925947
TB5-3D,20260920,inplane,vel,-0.625343625111019,2109721.543925947
TB5-3D,20260920,inplane,pos,-0.9842924262206202,2927.5036326208465
TB5-3D,20260920,inplane,vel,-0.6565152528121198,2927.5036326208465
TB5-3D,20260920,inplane,pos,-0.8309496924378476,154601.72475617577
TB5-3D,20260920,inplane,vel,0.9197043447447167,154601.72475617577
TB5-3D,20260920,plane,pos,2.178229291306349,2477555.3455494004
TB5-3D,20260920,plane,vel,0.15803378867768347,2477555.3455494004
TB5-3D,20260920,plane,pos,-0.6869519725599448,550834.3391789364
TB5-3D,20260920,plane,vel,1.5087821879505765,550834.3391789364
TB5-3D,20260920,plane,pos,0.062324161537779615,557051.049330288
TB5-3D,20260920,plane,vel,0.24192564496743368,557051.049330288
TB5-3D,20260920,plane,pos,-0.28156709907659644,171365.33106377086
TB5-3D,20260920,plane,vel,0.7141331488874643,171365.33106377086
TB5-3D,20260920,plane,pos,2.861594925790282,5655004.179878059
TB5-3D,20260920,plane,vel,1.3066523229217708,5655004.179878059
TB5-3D,20260920,plane,pos,-0.04022150105175953,2109721.543925947
TB5-3D,20260920,plane,vel,0.0687620651438127,2109721.543925947
TB5-3D,20260920,plane,pos,-0.8782165953551311,2927.5036326208465
TB5-3D,20260920,plane,vel,-0.271960307485244,2927.5036326208465
TB5-3D,20260920,plane,pos,-0.34233663823721927,154601.72475617577
TB5-3D,20260920,plane,vel,0.40818882279908464,154601.72475617577
TB5-3D,20260920,range,pos,-1.4668228898233195,226177.12660925143
TB5-3D,20260920,range,vel,1.672102486333573,226177.12660925143
TB5-3D,20260920,range,pos,-1.1891696550334918,5400.620208997072
TB5-3D,20260920,range,vel,0.09835320647920488,5400.620208997072
TB5-3D,20260920,range,pos,0.7850539154903802,52729.735653163094
TB5-3D,20260920,range,vel,0.7642366465002239,52729.735653163094
TB5-3D,20260920,range,pos,-0.4864970195812899,16403.564475449068
TB5-3D,20260920,range,vel,0.26527378607965957,16403.564475449068
TB5-3D,20260920,range,pos,0.03476301428019361,104265.47924736422
TB5-3D,20260920,range,vel,-0.2595988866577649,104265.47924736422
TB5-3D,20260920,range,pos,-1.2229543427194771,286517.11626808293
TB5-3D,20260920,range,vel,1.4109062319536432,286517.11626808293
TB5-3D,20260920,range,pos,0.4821759609372703,9201896.886682266
TB5-3D,20260920,range,vel,0.6952527638446195,9201896.886682266
TB5-3D,20260920,range,pos,1.07489038244378,16868.07316167086
TB5-3D,20260920,range,vel,0.9201020727806417,16868.07316167086
TB5-3D,20260920,inplane,pos,0.1435297623195631,226177.12660925143
TB5-3D,20260920,inplane,vel,-1.9139054483020592,226177.12660925143
TB5-3D,20260920,inplane,pos,0.5562426600373512,5400.620208997072
TB5-3D,20260920,inplane,vel,-1.330244986996782,5400.620208997072
TB5-3D,20260920,inplane,pos,1.0460005510951405,52729.735653163094
TB5-3D,20260920,inplane,vel,0.8456562772508712,52729.735653163094
TB5-3D,20260920,inplane,pos,-1.278377911844791,16403.564475449068
TB5-3D,20260920,inplane,vel,-1.085728946785369,16403.564475449068
TB5-3D,20260920,inplane,pos,-0.566003663949886,104265.47924736422
TB5-3D,20260920,inplane,vel,0.005236078257705341,104265.47924736422
TB5-3D,20260920,inplane,pos,0.4303728256649796,286517.11626808293
TB5-3D,20260920,inplane,vel,-0.5638111898505899,286517.11626808293
TB5-3D,20260920,inplane,pos,0.23397783048730791,9201896.886682266
TB5-3D,20260920,inplane,vel,0.0916437008686521,9201896.886682266
TB5-3D,20260920,inplane,pos,1.004410257714054,16868.07316167086
TB5-3D,20260920,inplane,vel,1.101092286353019,16868.07316167086
TB5-3D,20260920,plane,pos,-0.4558342712571412,226177.12660925143
TB5-3D,20260920,plane,vel,-0.4129275022052372,226177.12660925143
TB5-3D,20260920,plane,pos,-0.7223614009615559,5400.620208997072
TB5-3D,20260920,plane,vel,1.0941454998683948,5400.620208997072
TB5-3D,20260920,plane,pos,1.064836574599638,52729.735653163094
TB5-3D,20260920,plane,vel,-0.3650403783808813,52729.735653163094
TB5-3D,20260920,plane,pos,0.7480561944786013,16403.564475449068
TB5-3D,20260920,plane,vel,0.7986650004180271,16403.564475449068
TB5-3D,20260920,plane,pos,1.1587114343318545,104265.47924736422
TB5-3D,20260920,plane,vel,-0.036603613239292614,104265.47924736422
TB5-3D,20260920,plane,pos,-0.3157139204835858,286517.11626808293
TB5-3D,20260920,plane,vel,0.5828739339299464,286517.11626808293
TB5-3D,20260920,plane,pos,-0.24419523320048034,9201896.886682266
TB5-3D,20260920,plane,vel,-0.3534599897566814,9201896.886682266
TB5-3D,20260920,plane,pos,0.9169714854829303,16868.07316167086
TB5-3D,20260920,plane,vel,-1.080907169081408,16868.07316167086
TB5-3D,20260927,range,pos,0.006736500242376877,861968.9544897415
TB5-3D,20260927,range,vel,-0.20656076599003959,861968.9544897415
TB5-3D,20260927,range,pos,-0.42756621684995716,286283.51181739126
TB5-3D,20260927,range,vel,1.0810725215392396,286283.51181739126
TB5-3D,20260927,range,pos,-1.8085231658015606,271687.04702447954
TB5-3D,20260927,range,vel,1.4292707778897389,271687.04702447954
TB5-3D,20260927,range,pos,-0.8317309295493198,1029921.0956326051
TB5-3D,20260927,range,vel,0.3565027591813872,1029921.0956326051
TB5-3D,20260927,range,pos,1.6742758756959912,585061.3078697082
TB5-3D,20260927,range,vel,-2.31513533662617,585061.3078697082
TB5-3D,20260927,range,pos,-0.07757276295245678,1178684.620666245
TB5-3D,20260927,range,vel,0.6070177136688568,1178684.620666245
TB5-3D,20260927,range,pos,-0.05184589354869064,528204.5387252881
TB5-3D,20260927,range,vel,0.47922191785323054,528204.5387252881
TB5-3D,20260927,range,pos,0.1909465689598674,1129429.454666537
TB5-3D,20260927,range,vel,-0.2590793449116686,1129429.454666537
TB5-3D,20260927,inplane,pos,-0.5567451057668624,861968.9544897415
TB5-3D,20260927,inplane,vel,-0.12825346801764628,861968.9544897415
TB5-3D,20260927,inplane,pos,0.7235605429412761,286283.51181739126
TB5-3D,20260927,inplane,vel,-0.2919421573107618,286283.51181739126
TB5-3D,20260927,inplane,pos,-0.8436292328449277,271687.04702447954
TB5-3D,20260927,inplane,vel,-1.7544646034204443,271687.04702447954
TB5-3D,20260927,inplane,pos,-0.26296921188758726,1029921.0956326051
TB5-3D,20260927,inplane,vel,-1.0310104792826118,1029921.0956326051
TB5-3D,20260927,inplane,pos,-0.43950686330608224,585061.3078697082
TB5-3D,20260927,inplane,vel,0.8384733969301188,585061.3078697082
TB5-3D,20260927,inplane,pos,0.4318124220491014,1178684.620666245
TB5-3D,20260927,inplane,vel,0.049678280083710696,1178684.620666245
TB5-3D,20260927,inplane,pos,1.6834059770477736,528204.5387252881
TB5-3D,20260927,inplane,vel,0.5736125375666979,528204.5387252881
TB5-3D,20260927,inplane,pos,0.1072492090453569,1129429.454666537
TB5-3D,20260927,inplane,vel,0.46612918814677007,1129429.454666537
TB5-3D,20260927,plane,pos,2.0768338741498464,861968.9544897415
TB5-3D,20260927,plane,vel,2.137759692391907,861968.9544897415
TB5-3D,20260927,plane,pos,-1.8835704661106414,286283.51181739126
TB5-3D,20260927,plane,vel,-1.6894705959160423,286283.51181739126
TB5-3D,20260927,plane,pos,0.2955290686938596,271687.04702447954
TB5-3D,20260927,plane,vel,-0.5311811734250087,271687.04702447954
TB5-3D,20260927,plane,pos,2.1332431039303135,1029921.0956326051
TB5-3D,20260927,plane,vel,1.146916059778224,1029921.0956326051
TB5-3D,20260927,plane,pos,-0.36531353256713683,585061.3078697082
TB5-3D,20260927,plane,vel,0.17905095813616143,585061.3078697082
TB5-3D,20260927,plane,pos,-0.4463370868809906,1178684.620666245
TB5-3D,20260927,plane,vel,0.9804841538693805,1178684.620666245
TB5-3D,20260927,plane,pos,0.6915413421878288,528204.5387252881
TB5-3D,20260927,plane,vel,-0.21246485039667315,528204.5387252881
TB5-3D,20260927,plane,pos,0.8966524281767976,1129429.454666537
TB5-3D,20260927,plane,vel,1.275264900649632,1129429.454666537
TB5-3D,20260927,range,pos,0.7183381262099304,13062.354012256925
TB5-3D,20260927,range,vel,0.9581473440344682,13062.354012256925
TB5-3D,20260927,range,pos,0.7036519940213227,124277.17452013832
TB5-3D,20260927,range,vel,-0.8187851664403342,124277.17452013832
TB5-3D,20260927,range,pos,-0.8706578000728595,112494.77212036548
TB5-3D,20260927,range,vel,0.6128482429158245,112494.77212036548
TB5-3D,20260927,range,pos,0.6889950823821581,24127.870848983108
TB5-3D,20260927,range,vel,-1.1540986168560743,24127.870848983108
TB5-3D,20260927,range,pos,1.3175557937935336,52923.464896995196
TB5-3D,20260927,range,vel,-0.6039261241848979,52923.464896995196
TB5-3D,20260927,range,pos,-0.5578137398126333,55677.612315427075
TB5-3D,20260927,range,vel,-0.5063370309073572,55677.612315427075
TB5-3D,20260927,range,pos,-2.527066511622724,59271.09179965589
TB5-3D,20260927,range,vel,1.6810547907834452,59271.09179965589
TB5-3D,20260927,range,pos,1.2306106088398743,54932.060637248425
TB5-3D,20260927,range,vel,0.7878020946571135,54932.060637248425
TB5-3D,20260927,inplane,pos,0.11314648077482077,13062.354012256925
TB5-3D,20260927,inplane,vel,0.790208974244698,13062.354012256925
TB5-3D,20260927,inplane,pos,0.4680477020725818,124277.17452013832
TB5-3D,20260927,inplane,vel,0.8220956547668994,124277.17452013832
TB5-3D,20260927,inplane,pos,-1.057031295649455,112494.77212036548
TB5-3D,20260927,inplane,vel,-1.0072087088525228,112494.77212036548
TB5-3D,20260927,inplane,pos,-0.7392299074014173,24127.870848983108
TB5-3D,20260927,inplane,vel,0.31512427287864314,24127.870848983108
TB5-3D,20260927,inplane,pos,1.1033706414372046,52923.464896995196
TB5-3D,20260927,inplane,vel,1.5387033128505976,52923.464896995196
TB5-3D,20260927,inplane,pos,-0.8168391644367174,55677.612315427075
TB5-3D,20260927,inplane,vel,0.45090428363754137,55677.612315427075
TB5-3D,20260927,inplane,pos,0.39579631806052257,59271.09179965589
TB5-3D,20260927,inplane,vel,0.7622651549391048,59271.09179965589
TB5-3D,20260927,inplane,pos,-1.323110880404047,54932.060637248425
TB5-3D,20260927,inplane,vel,0.3793528969468233,54932.060637248425
TB5-3D,20260927,plane,pos,-0.6233774372999751,13062.354012256925
TB5-3D,20260927,plane,vel,-1.464884115321996,13062.354012256925
TB5-3D,20260927,plane,pos,-1.1850071146533268,124277.17452013832
TB5-3D,20260927,plane,vel,0.7954196920953268,124277.17452013832
TB5-3D,20260927,plane,pos,-0.6318088849725856,112494.77212036548
TB5-3D,20260927,plane,vel,1.875075231638519,112494.77212036548
TB5-3D,20260927,plane,pos,0.367449668978753,24127.870848983108
TB5-3D,20260927,plane,vel,0.20622973089220498,24127.870848983108
TB5-3D,20260927,plane,pos,-0.756102798079342,52923.464896995196
TB5-3D,20260927,plane,vel,0.7034087947190927,52923.464896995196
TB5-3D,20260927,plane,pos,0.406620314992041,55677.612315427075
TB5-3D,20260927,plane,vel,-0.18319484706945294,55677.612315427075
TB5-3D,20260927,plane,pos,-0.655395042180567,59271.09179965589
TB5-3D,20260927,plane,vel,-1.239630789659703,59271.09179965589
TB5-3D,20260927,plane,pos,0.3467048124643264,54932.060637248425
TB5-3D,20260927,plane,vel,0.9768553097785644,54932.060637248425
TB5-3D,20260927,range,pos,-1.464473453328108,12034.880870274148
TB5-3D,20260927,range,vel,0.19737053207821958,12034.880870274148
TB5-3D,20260927,range,pos,-0.3748167819472264,15333.871951350242
TB5-3D,20260927,range,vel,-0.33534652438971263,15333.871951350242
TB5-3D,20260927,range,pos,0.4205195537194768,1239.5567148488744
TB5-3D,20260927,range,vel,1.3180926247131826,1239.5567148488744
TB5-3D,20260927,range,pos,-0.27197208410217993,13950293.952302493
TB5-3D,20260927,range,vel,0.12223309099505869,13950293.952302493
TB5-3D,20260927,range,pos,-0.9028344381234561,5039.886761850072
TB5-3D,20260927,range,vel,-1.353700162388821,5039.886761850072
TB5-3D,20260927,range,pos,1.302778839235448,21907.893309597737
TB5-3D,20260927,range,vel,-1.3133698715924247,21907.893309597737
TB5-3D,20260927,range,pos,-1.1476939188636355,33831.43219738149
TB5-3D,20260927,range,vel,1.805899934434578,33831.43219738149
TB5-3D,20260927,range,pos,0.48103510075288197,13658038.393259237
TB5-3D,20260927,range,vel,0.3500728227336236,13658038.393259237
TB5-3D,20260927,inplane,pos,-1.8279682664167693,12034.880870274148
TB5-3D,20260927,inplane,vel,-1.623475992546875,12034.880870274148
TB5-3D,20260927,inplane,pos,0.2026700912085958,15333.871951350242
TB5-3D,20260927,inplane,vel,-0.19751443904245958,15333.871951350242
TB5-3D,20260927,inplane,pos,0.6341676206992918,1239.5567148488744
TB5-3D,20260927,inplane,vel,0.16213140296826017,1239.5567148488744
TB5-3D,20260927,inplane,pos,-0.4832650514986548,13950293.952302493
TB5-3D,20260927,inplane,vel,0.17423191304037805,13950293.952302493
TB5-3D,20260927,inplane,pos,-0.8814539057661004,5039.886761850072
TB5-3D,20260927,inplane,vel,-0.7061160574151242,5039.886761850072
TB5-3D,20260927,inplane,pos,0.5268246080812435,21907.893309597737
TB5-3D,20260927,inplane,vel,1.1740116648786383,21907.893309597737
TB5-3D,20260927,inplane,pos,0.942941023741579,33831.43219738149
TB5-3D,20260927,inplane,vel,-1.2564394813861168,33831.43219738149
TB5-3D,20260927,inplane,pos,-1.39285644059418,13658038.393259237
TB5-3D,20260927,inplane,vel,-0.9810618255405323,13658038.393259237
TB5-3D,20260927,plane,pos,-0.5683051385027182,12034.880870274148
TB5-3D,20260927,plane,vel,1.1265381466001039,12034.880870274148
TB5-3D,20260927,plane,pos,-0.7606318602940723,15333.871951350242
TB5-3D,20260927,plane,vel,0.2270202594569472,15333.871951350242
TB5-3D,20260927,plane,pos,1.1038974595684605,1239.5567148488744
TB5-3D,20260927,plane,vel,1.4140936785500475,1239.5567148488744
TB5-3D,20260927,plane,pos,0.9344450091341376,13950293.952302493
TB5-3D,20260927,plane,vel,1.2675916085310188,13950293.952302493
TB5-3D,20260927,plane,pos,-0.30169603849355586,5039.886761850072
TB5-3D,20260927,plane,vel,0.4024654514577046,5039.886761850072
TB5-3D,20260927,plane,pos,-0.5625894237316342,21907.893309597737
TB5-3D,20260927,plane,vel,-0.011518455772339382,21907.893309597737
TB5-3D,20260927,plane,pos,-1.2900312330302435,33831.43219738149
TB5-3D,20260927,plane,vel,0.2704237647568599,33831.43219738149
TB5-3D,20260927,plane,pos,0.3033747205562628,13658038.393259237
TB5-3D,20260927,plane,vel,-0.22243389429505786,13658038.393259237
TB5-3D,20260927,range,pos,-0.0018598605372427961,15189.910366945693
TB5-3D,20260927,range,vel,1.2100321765358804,15189.910366945693
TB5-3D,20260927,range,pos,1.1411770890055184,2856.805196250475
TB5-3D,20260927,range,vel,0.9232203136902508,2856.805196250475
TB5-3D,20260927,range,pos,-0.7045571968062416,7983.650070457438
TB5-3D,20260927,range,vel,0.5804415865794637,7983.650070457438
TB5-3D,20260927,range,pos,0.7819681988966763,30983.057396585686
TB5-3D,20260927,range,vel,0.7888196130709286,30983.057396585686
TB5-3D,20260927,range,pos,-0.4779379390738987,9307.521842549544
TB5-3D,20260927,range,vel,-0.0560287648012006,9307.521842549544
TB5-3D,20260927,range,pos,-0.30474651698951705,4111.1587309549
TB5-3D,20260927,range,vel,0.6171182740821669,4111.1587309549
TB5-3D,20260927,range,pos,-0.7888860244558383,5806.610170427038
TB5-3D,20260927,range,vel,-1.0407804531550324,5806.610170427038
TB5-3D,20260927,range,pos,0.0594370991673833,122683.77190876681
TB5-3D,20260927,range,vel,0.23892407090236262,122683.77190876681
TB5-3D,20260927,inplane,pos,0.655129612214378,15189.910366945693
TB5-3D,20260927,inplane,vel,-0.03946136591464982,15189.910366945693
TB5-3D,20260927,inplane,pos,-0.3245256796274797,2856.805196250475
TB5-3D,20260927,inplane,vel,1.2015193810915255,2856.805196250475
TB5-3D,20260927,inplane,pos,-0.837428744354642,7983.650070457438
TB5-3D,20260927,inplane,vel,-0.7496914290032742,7983.650070457438
TB5-3D,20260927,inplane,pos,-0.8805842078608548,30983.057396585686
TB5-3D,20260927,inplane,vel,1.1673490964792685,30983.057396585686
TB5-3D,20260927,inplane,pos,-0.9612750166811838,9307.521842549544
TB5-3D,20260927,inplane,vel,-0.5563795269880497,9307.521842549544
TB5-3D,20260927,inplane,pos,-0.17014140268652883,4111.1587309549
TB5-3D,20260927,inplane,vel,-0.6010942483118171,4111.1587309549
TB5-3D,20260927,inplane,pos,-0.8901596028572654,5806.610170427038
TB5-3D,20260927,inplane,vel,-0.7248482246927491,5806.610170427038
TB5-3D,20260927,inplane,pos,0.3922232032096568,122683.77190876681
TB5-3D,20260927,inplane,vel,0.5910444386258475,122683.77190876681
TB5-3D,20260927,plane,pos,-0.8720756338754481,15189.910366945693
TB5-3D,20260927,plane,vel,0.5373529730286468,15189.910366945693
TB5-3D,20260927,plane,pos,-1.260191806377683,2856.805196250475
TB5-3D,20260927,plane,vel,-1.091013633212828,2856.805196250475
TB5-3D,20260927,plane,pos,0.05990826831786893,7983.650070457438
TB5-3D,20260927,plane,vel,-1.035833869505204,7983.650070457438
TB5-3D,20260927,plane,pos,-0.7300976763103719,30983.057396585686
TB5-3D,20260927,plane,vel,-0.29533588957646123,30983.057396585686
TB5-3D,20260927,plane,pos,0.3281349592376267,9307.521842549544
TB5-3D,20260927,plane,vel,-0.8363127957307762,9307.521842549544
TB5-3D,20260927,plane,pos,-0.5016045513845524,4111.1587309549
TB5-3D,20260927,plane,vel,-0.39054311694003147,4111.1587309549
TB5-3D,20260927,plane,pos,0.5284769745053215,5806.610170427038
TB5-3D,20260927,plane,vel,-0.04117617031306265,5806.610170427038
TB5-3D,20260927,plane,pos,-1.0070127373718245,122683.77190876681
TB5-3D,20260927,plane,vel,0.45078968846428547,122683.77190876681
TB5-3D,20260927,range,pos,1.0402284343701984,1719.6211273218662
TB5-3D,20260927,range,vel,-0.88553157474628,1719.6211273218662
TB5-3D,20260927,range,pos,0.521215869146172,7132560.379070828
TB5-3D,20260927,range,vel,0.530239811178504,7132560.379070828
TB5-3D,20260927,range,pos,-0.333668354447547,1984268.8553656167
TB5-3D,20260927,range,vel,1.3055878272764476,1984268.8553656167
TB5-3D,20260927,range,pos,0.45552041271284877,63457.58074167849
TB5-3D,20260927,range,vel,0.43596804466058925,63457.58074167849
TB5-3D,20260927,range,pos,-0.2998242685148946,10591.887429688983
TB5-3D,20260927,range,vel,-0.10667401704347994,10591.887429688983
TB5-3D,20260927,range,pos,-0.5286225909752447,14608684.068177257
TB5-3D,20260927,range,vel,-0.3591222432131455,14608684.068177257
TB5-3D,20260927,range,pos,-0.06337310616462033,63184.642549513876
TB5-3D,20260927,range,vel,-0.754385300819588,63184.642549513876
TB5-3D,20260927,inplane,pos,0.45016925233223615,1719.6211273218662
TB5-3D,20260927,inplane,vel,0.29999656503409766,1719.6211273218662
TB5-3D,20260927,inplane,pos,-0.037858640257382704,7132560.379070828
TB5-3D,20260927,inplane,vel,0.456212127964234,7132560.379070828
TB5-3D,20260927,inplane,pos,0.6801660133553838,1984268.8553656167
TB5-3D,20260927,inplane,vel,-0.24640287836601615,1984268.8553656167
TB5-3D,20260927,inplane,pos,0.20317673764776015,63457.58074167849
TB5-3D,20260927,inplane,vel,0.4694862868484513,63457.58074167849
TB5-3D,20260927,inplane,pos,0.6465932945564864,10591.887429688983
TB5-3D,20260927,inplane,vel,-0.3676457872138228,10591.887429688983
TB5-3D,20260927,inplane,pos,0.18141723340314211,14608684.068177257
TB5-3D,20260927,inplane,vel,0.4335958397960068,14608684.068177257
TB5-3D,20260927,inplane,pos,-0.8059906418252138,63184.642549513876
TB5-3D,20260927,inplane,vel,-0.0631186215790812,63184.642549513876
TB5-3D,20260927,plane,pos,1.3212891451498434,1719.6211273218662
TB5-3D,20260927,plane,vel,1.735257593656716,1719.6211273218662
TB5-3D,20260927,plane,pos,-0.08055256318616698,7132560.379070828
TB5-3D,20260927,plane,vel,-0.5343981470887395,7132560.379070828
TB5-3D,20260927,plane,pos,-0.9370439754531811,1984268.8553656167
TB5-3D,20260927,plane,vel,0.5185272138705829,1984268.8553656167
TB5-3D,20260927,plane,pos,-0.44077469485882775,63457.58074167849
TB5-3D,20260927,plane,vel,0.7781612635136489,63457.58074167849
TB5-3D,20260927,plane,pos,0.2616303302539448,10591.887429688983
TB5-3D,20260927,plane,vel,0.7593136516631126,10591.887429688983
TB5-3D,20260927,plane,pos,-0.8634554837881157,14608684.068177257
TB5-3D,20260927,plane,vel,-0.6452040493814516,14608684.068177257
TB5-3D,20260927,plane,pos,1.6111606293330627,63184.642549513876
TB5-3D,20260927,plane,vel,1.5345536334974266,63184.642549513876
TB5-3D,20260927,range,pos,-0.8478664372732297,1124933.6197989506
TB5-3D,20260927,range,vel,0.4087838451129027,1124933.6197989506
TB5-3D,20260927,range,pos,1.108092302201762,5696268.516264909
TB5-3D,20260927,range,vel,1.1722321992297213,5696268.516264909
TB5-3D,20260927,range,pos,1.6827038210745793,54905.45777783095
TB5-3D,20260927,range,vel,0.3678243382477448,54905.45777783095
TB5-3D,20260927,range,pos,1.6428338472891382,4650.150042061175
TB5-3D,20260927,range,vel,0.8140124578150668,4650.150042061175
TB5-3D,20260927,range,pos,0.7991418779646556,12140.133534122195
TB5-3D,20260927,range,vel,0.8624615970556756,12140.133534122195
TB5-3D,20260927,range,pos,1.0578916216331293,494968.93913280405
TB5-3D,20260927,range,vel,1.0728860511953797,494968.93913280405
TB5-3D,20260927,range,pos,1.7558617861070491,2932919.1991969342
TB5-3D,20260927,range,vel,1.0740071021518276,2932919.1991969342
TB5-3D,20260927,range,pos,0.2830846543151133,62514.64446014422
TB5-3D,20260927,range,vel,0.6377267757437572,62514.64446014422
TB5-3D,20260927,inplane,pos,-0.8695993432712839,1124933.6197989506
TB5-3D,20260927,inplane,vel,-0.7757331326692394,1124933.6197989506
TB5-3D,20260927,inplane,pos,-0.5947308885291032,5696268.516264909
TB5-3D,20260927,inplane,vel,0.9440995785998761,5696268.516264909
TB5-3D,20260927,inplane,pos,-0.49709763485115754,54905.45777783095
TB5-3D,20260927,inplane,vel,-1.0954134081259561,54905.45777783095
TB5-3D,20260927,inplane,pos,-2.1444945343255863,4650.150042061175
TB5-3D,20260927,inplane,vel,-0.9642524410772387,4650.150042061175
TB5-3D,20260927,inplane,pos,0.7795231382013145,12140.133534122195
TB5-3D,20260927,inplane,vel,0.7587783996203673,12140.133534122195
TB5-3D,20260927,inplane,pos,1.341310697423769,494968.93913280405
TB5-3D,20260927,inplane,vel,0.6324484965275335,494968.93913280405
TB5-3D,20260927,inplane,pos,-0.9814093770232706,2932919.1991969342
TB5-3D,20260927,inplane,vel,1.731303198362404,2932919.1991969342
TB5-3D,20260927,inplane,pos,0.5276444956655744,62514.64446014422
TB5-3D,20260927,inplane,vel,0.1490399469251179,62514.64446014422
TB5-3D,20260927,plane,pos,-1.5011010262873332,1124933.6197989506
TB5-3D,20260927,plane,vel,0.19957950495845372,1124933.6197989506
TB5-3D,20260927,plane,pos,0.3598758990223641,5696268.516264909
TB5-3D,20260927,plane,vel,2.281670042076659,5696268.516264909
TB5-3D,20260927,plane,pos,-1.4727139320135985,54905.45777783095
TB5-3D,20260927,plane,vel,0.6564660674103354,54905.45777783095
TB5-3D,20260927,plane,pos,-0.021201397643494907,4650.150042061175
TB5-3D,20260927,plane,vel,1.0987789039202773,4650.150042061175
TB5-3D,20260927,plane,pos,0.3097238229584899,12140.133534122195
TB5-3D,20260927,plane,vel,-1.2446849322082927,12140.133534122195
TB5-3D,20260927,plane,pos,0.11309693935206665,494968.93913280405
TB5-3D,20260927,plane,vel,0.5566524574022363,494968.93913280405
TB5-3D,20260927,plane,pos,0.04825033757288281,2932919.1991969342
TB5-3D,20260927,plane,vel,0.893809809489714,2932919.1991969342
TB5-3D,20260927,plane,pos,-1.0974325328493604,62514.64446014422
TB5-3D,20260927,plane,vel,1.4778965703522715,62514.64446014422
TB5-3D,20260934,range,pos,0.6592888831869491,392561.70798991015
TB5-3D,20260934,range,vel,-0.21906997848439677,392561.70798991015
TB5-3D,20260934,range,pos,0.0040469205250698624,4837720.688422048
TB5-3D,20260934,range,vel,0.6331009800700473,4837720.688422048
TB5-3D,20260934,range,pos,1.2397873068050531,1072576.6062878303
TB5-3D,20260934,range,vel,-1.006654728780715,1072576.6062878303
TB5-3D,20260934,range,pos,-2.4365757405792112,522621.83696886123
TB5-3D,20260934,range,vel,-2.7478375828930965,522621.83696886123
TB5-3D,20260934,range,pos,-0.5516850556894132,117895.45816408345
TB5-3D,20260934,range,vel,0.02786666083650071,117895.45816408345
TB5-3D,20260934,range,pos,-1.2632062270160445,1015948.8314920107
TB5-3D,20260934,range,vel,0.6056833787592215,1015948.8314920107
TB5-3D,20260934,range,pos,0.45105034716180253,42597.37069123957
TB5-3D,20260934,range,vel,-0.2572058103214562,42597.37069123957
TB5-3D,20260934,range,pos,0.8699414152000178,714081.7159652606
TB5-3D,20260934,range,vel,-0.3970206028103002,714081.7159652606
TB5-3D,20260934,inplane,pos,1.0913594401712963,392561.70798991015
TB5-3D,20260934,inplane,vel,1.2879970678899715,392561.70798991015
TB5-3D,20260934,inplane,pos,0.6087525130291698,4837720.688422048
TB5-3D,20260934,inplane,vel,0.12037873951295437,4837720.688422048
TB5-3D,20260934,inplane,pos,0.15370650337930747,1072576.6062878303
TB5-3D,20260934,inplane,vel,1.231398648641255,1072576.6062878303
TB5-3D,20260934,inplane,pos,-2.2759958113873053,522621.83696886123
TB5-3D,20260934,inplane,vel,-2.3216460010565942,522621.83696886123
TB5-3D,20260934,inplane,pos,2.2396437662843174,117895.45816408345
TB5-3D,20260934,inplane,vel,-0.3283498518088251,117895.45816408345
TB5-3D,20260934,inplane,pos,-0.7868772196696147,1015948.8314920107
TB5-3D,20260934,inplane,vel,-1.47497016638265,1015948.8314920107
TB5-3D,20260934,inplane,pos,1.2137152026629143,42597.37069123957
TB5-3D,20260934,inplane,vel,0.09515716821503534,42597.37069123957
TB5-3D,20260934,inplane,pos,0.9752545119650196,714081.7159652606
TB5-3D,20260934,inplane,vel,1.0347141468971384,714081.7159652606
TB5-3D,20260934,plane,pos,-0.5233564275775682,392561.70798991015
TB5-3D,20260934,plane,vel,0.9431455398999229,392561.70798991015
TB5-3D,20260934,plane,pos,-0.00028441498929153425,4837720.688422048
TB5-3D,20260934,plane,vel,-0.5679600412419368,4837720.688422048
TB5-3D,20260934,plane,pos,0.474942586809856,1072576.6062878303
TB5-3D,20260934,plane,vel,2.414961153015537,1072576.6062878303
TB5-3D,20260934,plane,pos,-0.2700371195821194,522621.83696886123
TB5-3D,20260934,plane,vel,2.106054793652541,522621.83696886123
TB5-3D,20260934,plane,pos,-0.06985044515174553,117895.45816408345
TB5-3D,20260934,plane,vel,-1.1268484572173088,117895.45816408345
TB5-3D,20260934,plane,pos,-0.42051289616572063,1015948.8314920107
TB5-3D,20260934,plane,vel,2.0383884078523473,1015948.8314920107
TB5-3D,20260934,plane,pos,0.07968447762786038,42597.37069123957
TB5-3D,20260934,plane,vel,0.3739800985882339,42597.37069123957
TB5-3D,20260934,plane,pos,1.4124922979974288,714081.7159652606
TB5-3D,20260934,plane,vel,0.6793673277647139,714081.7159652606
TB5-3D,20260934,range,pos,1.9026104972958027,55065.88536240269
TB5-3D,20260934,range,vel,-1.5920474771428774,55065.88536240269
TB5-3D,20260934,range,pos,-1.1296947435792717,37194.01017969104
TB5-3D,20260934,range,vel,-0.8754252689088577,37194.01017969104
TB5-3D,20260934,range,pos,-0.38370581056018244,165009.61497810084
TB5-3D,20260934,range,vel,-0.5939869485190385,165009.61497810084
TB5-3D,20260934,range,pos,-1.1187549688042566,11012.403593403526
TB5-3D,20260934,range,vel,-1.3582478391204702,11012.403593403526
TB5-3D,20260934,range,pos,-0.2326433607584831,191087.34792174917
TB5-3D,20260934,range,vel,-2.0098827693127372,191087.34792174917
TB5-3D,20260934,range,pos,1.1697459545999345,120785.83203284258
TB5-3D,20260934,range,vel,0.1735932480952123,120785.83203284258
TB5-3D,20260934,range,pos,0.4477454829472848,130098.4044812929
TB5-3D,20260934,range,vel,-1.4485869556632718,130098.4044812929
TB5-3D,20260934,range,pos,-0.41151971569686424,76543.99108403738
TB5-3D,20260934,range,vel,0.5530701964843207,76543.99108403738
TB5-3D,20260934,inplane,pos,-0.10480287388778584,55065.88536240269
TB5-3D,20260934,inplane,vel,1.7939123957561787,55065.88536240269
TB5-3D,20260934,inplane,pos,-0.2404656680714589,37194.01017969104
TB5-3D,20260934,inplane,vel,-0.9128417328522112,37194.01017969104
TB5-3D,20260934,inplane,pos,-0.573821535255894,165009.61497810084
TB5-3D,20260934,inplane,vel,0.04781128136420521,165009.61497810084
TB5-3D,20260934,inplane,pos,-0.6301990767310984,11012.403593403526
TB5-3D,20260934,inplane,vel,-0.6249407917784308,11012.403593403526
TB5-3D,20260934,inplane,pos,-1.4331609680273327,191087.34792174917
TB5-3D,20260934,inplane,vel,-0.3047435362941404,191087.34792174917
TB5-3D,20260934,inplane,pos,0.6268152533572597,120785.83203284258
TB5-3D,20260934,inplane,vel,0.6208695764042315,120785.83203284258
TB5-3D,20260934,inplane,pos,-2.042024377320165,130098.4044812929
TB5-3D,20260934,inplane,vel,0.3042290406902753,130098.4044812929
TB5-3D,20260934,inplane,pos,-0.43709742972907917,76543.99108403738
TB5-3D,20260934,inplane,vel,-1.17163770058071,76543.99108403738
TB5-3D,20260934,plane,pos,-0.5598262232264606,55065.88536240269
TB5-3D,20260934,plane,vel,0.9480151475458889,55065.88536240269
TB5-3D,20260934,plane,pos,1.1034865378208825,37194.01017969104
TB5-3D,20260934,plane,vel,1.5217846298906585,37194.01017969104
TB5-3D,20260934,plane,pos,0.6113463772294139,165009.61497810084
TB5-3D,20260934,plane,vel,0.4908584645870996,165009.61497810084
TB5-3D,20260934,plane,pos,-1.743359164085693,11012.403593403526
TB5-3D,20260934,plane,vel,-0.9222163971411885,11012.403593403526
TB5-3D,20260934,plane,pos,1.6444680433701675,191087.34792174917
TB5-3D,20260934,plane,vel,1.112561883970199,191087.34792174917
TB5-3D,20260934,plane,pos,-0.0975359490828713,120785.83203284258
TB5-3D,20260934,plane,vel,0.6194612912221312,120785.83203284258
TB5-3D,20260934,plane,pos,-0.12558004179214655,130098.4044812929
TB5-3D,20260934,plane,vel,-0.6892330939101585,130098.4044812929
TB5-3D,20260934,plane,pos,-0.5284339106070344,76543.99108403738
TB5-3D,20260934,plane,vel,-1.5903959442202313,76543.99108403738
TB5-3D,20260934,range,pos,0.2450824320040298,6594.3403558061045
TB5-3D,20260934,range,vel,0.5928113252280207,6594.3403558061045
TB5-3D,20260934,range,pos,-1.170549615109882,3230.4943996184056
TB5-3D,20260934,range,vel,1.3145432361609046,3230.4943996184056
TB5-3D,20260934,range,pos,-1.1180719999569166,4962.698033852851
TB5-3D,20260934,range,vel,-0.9541190819662125,4962.698033852851
TB5-3D,20260934,range,pos,-1.5097696133159177,7460.322054981075
TB5-3D,20260934,range,vel,0.21796355822523017,7460.322054981075
TB5-3D,20260934,range,pos,1.4987344313528572,5726.570093411993
TB5-3D,20260934,range,vel,-1.384078782632334,5726.570093411993
TB5-3D,20260934,range,pos,0.5575744653490381,6419.348078608705
TB5-3D,20260934,range,vel,-0.6067458466239724,6419.348078608705
TB5-3D,20260934,range,pos,-0.5253705340093844,14500.343016537374
TB5-3D,20260934,range,vel,-0.6126629378382754,14500.343016537374
TB5-3D,20260934,range,pos,0.19768872922307995,19529.69412813239
TB5-3D,20260934,range,vel,-0.20988627976957838,19529.69412813239
TB5-3D,20260934,inplane,pos,0.7607816822655927,6594.3403558061045
TB5-3D,20260934,inplane,vel,0.5060559806846101,6594.3403558061045
TB5-3D,20260934,inplane,pos,-0.47304924090189154,3230.4943996184056
TB5-3D,20260934,inplane,vel,-1.1608756334921566,3230.4943996184056
TB5-3D,20260934,inplane,pos,-0.26429221784549545,4962.698033852851
TB5-3D,20260934,inplane,vel,-0.4226392403013642,4962.698033852851
TB5-3D,20260934,inplane,pos,-1.5116293681335267,7460.322054981075
TB5-3D,20260934,inplane,vel,-1.5259776449085223,7460.322054981075
TB5-3D,20260934,inplane,pos,-0.2520437431666444,5726.570093411993
TB5-3D,20260934,inplane,vel,1.1365710710261876,5726.570093411993
TB5-3D,20260934,inplane,pos,0.22049184664579627,6419.348078608705
TB5-3D,20260934,inplane,vel,0.35697402317205457,6419.348078608705
TB5-3D,20260934,inplane,pos,-0.34833695582881585,14500.343016537374
TB5-3D,20260934,inplane,vel,-0.5661909365535582,14500.343016537374
TB5-3D,20260934,inplane,pos,-0.29100542747543034,19529.69412813239
TB5-3D,20260934,inplane,vel,0.21271476645624865,19529.69412813239
TB5-3D,20260934,plane,pos,1.4755470931657149,6594.3403558061045
TB5-3D,20260934,plane,vel,0.6015800132781194,6594.3403558061045
TB5-3D,20260934,plane,pos,0.9444875476762977,3230.4943996184056
TB5-3D,20260934,plane,vel,0.755677885292056,3230.4943996184056
TB5-3D,20260934,plane,pos,-0.6147652752928857,4962.698033852851
TB5-3D,20260934,plane,vel,-0.560274209519714,4962.698033852851
TB5-3D,20260934,plane,pos,0.2180698307334369,7460.322054981075
TB5-3D,20260934,plane,vel,-1.0348599359906019,7460.322054981075
TB5-3D,20260934,plane,pos,-0.5686444095122688,5726.570093411993
TB5-3D,20260934,plane,vel,1.001363892354098,5726.570093411993
TB5-3D,20260934,plane,pos,-1.0439742492590804,6419.348078608705
TB5-3D,20260934,plane,vel,-0.5791210922804505,6419.348078608705
TB5-3D,20260934,plane,pos,-0.46691506063961163,14500.343016537374
TB5-3D,20260934,plane,vel,-0.8066927000270053,14500.343016537374
TB5-3D,20260934,plane,pos,0.3494934222251406,19529.69412813239
TB5-3D,20260934,plane,vel,0.2652639383258981,19529.69412813239
TB5-3D,20260934,range,pos,-0.1115034273874379,13238204.877490962
TB5-3D,20260934,range,vel,-0.23193526334879264,13238204.877490962
TB5-3D,20260934,range,pos,0.3798977078545148,9746.345261334327
TB5-3D,20260934,range,vel,0.8566783664086008,9746.345261334327
TB5-3D,20260934,range,pos,-0.5381027869804119,13715.417339498586
TB5-3D,20260934,range,vel,0.27598849076508636,13715.417339498586
TB5-3D,20260934,range,pos,-0.9338581766326353,7672.0343563967635
TB5-3D,20260934,range,vel,0.39792801194287264,7672.0343563967635
TB5-3D,20260934,range,pos,0.2147674399581282,2701.502194650626
TB5-3D,20260934,range,vel,0.39076997060681207,2701.502194650626
TB5-3D,20260934,inplane,pos,0.7060517919622429,13238204.877490962
TB5-3D,20260934,inplane,vel,0.39677790669200297,13238204.877490962
TB5-3D,20260934,inplane,pos,0.9837806737511952,9746.345261334327
TB5-3D,20260934,inplane,vel,0.026717258014265766,9746.345261334327
TB5-3D,20260934,inplane,pos,0.7736049040529756,13715.417339498586
TB5-3D,20260934,inplane,vel,-0.5762629030400792,13715.417339498586
TB5-3D,20260934,inplane,pos,0.08532466397155537,7672.0343563967635
TB5-3D,20260934,inplane,vel,-1.1131987137965664,7672.0343563967635
TB5-3D,20260934,inplane,pos,0.39634083329320985,2701.502194650626
TB5-3D,20260934,inplane,vel,-0.13076507191415127,2701.502194650626
TB5-3D,20260934,plane,pos,0.34555258889394475,13238204.877490962
TB5-3D,20260934,plane,vel,0.40776862287988547,13238204.877490962
TB5-3D,20260934,plane,pos,-0.5008761434557449,9746.345261334327
TB5-3D,20260934,plane,vel,0.29614113737897385,9746.345261334327
TB5-3D,20260934,plane,pos,0.12053297467073418,13715.417339498586
TB5-3D,20260934,plane,vel,0.24897735333803828,13715.417339498586
TB5-3D,20260934,plane,pos,0.6378223352225071,7672.0343563967635
TB5-3D,20260934,plane,vel,-2.7300096019490163,7672.0343563967635
TB5-3D,20260934,plane,pos,0.17516657809764602,2701.502194650626
TB5-3D,20260934,plane,vel,0.8948555331766588,2701.502194650626
TB5-3D,20260934,range,pos,-1.2918769780724157,1008601.4251785255
TB5-3D,20260934,range,vel,0.7915355104879563,1008601.4251785255
TB5-3D,20260934,range,pos,-0.04508281114864602,473570.41262979753
TB5-3D,20260934,range,vel,-0.05262629426663095,473570.41262979753
TB5-3D,20260934,range,pos,-0.6832674964327926,1576424.3896136798
TB5-3D,20260934,range,vel,1.3954924956861443,1576424.3896136798
TB5-3D,20260934,range,pos,-0.49005881068370827,452972.52234193205
TB5-3D,20260934,range,vel,-0.05868141900426789,452972.52234193205
TB5-3D,20260934,range,pos,0.2681513749549865,5210997.1241929075
TB5-3D,20260934,range,vel,-0.387639013294646,5210997.1241929075
TB5-3D,20260934,range,pos,-1.2858355974346538,2294194.421183339
TB5-3D,20260934,range,vel,0.044958572204381195,2294194.421183339
TB5-3D,20260934,range,pos,-0.034800575791596115,6328201.156186949
TB5-3D,20260934,range,vel,0.009549525705239393,6328201.156186949
TB5-3D,20260934,range,pos,1.0443183016124142,725924.8382556508
TB5-3D,20260934,range,vel,-0.702807819849865,725924.8382556508
TB5-3D,20260934,inplane,pos,-0.9647544385729196,1008601.4251785255
TB5-3D,20260934,inplane,vel,-0.8254736229605024,1008601.4251785255
TB5-3D,20260934,inplane,pos,-0.5325247693363393,473570.41262979753
TB5-3D,20260934,inplane,vel,-0.4108418953126346,473570.41262979753
TB5-3D,20260934,inplane,pos,0.6330755557827118,1576424.3896136798
TB5-3D,20260934,inplane,vel,-0.33075481439781523,1576424.3896136798
TB5-3D,20260934,inplane,pos,0.04909479342566848,452972.52234193205
TB5-3D,20260934,inplane,vel,-0.5525518906164854,452972.52234193205
TB5-3D,20260934,inplane,pos,0.438940873239973,5210997.1241929075
TB5-3D,20260934,inplane,vel,0.8108982559643136,5210997.1241929075
TB5-3D,20260934,inplane,pos,-0.1363300975355876,2294194.421183339
TB5-3D,20260934,inplane,vel,-1.4971738224337885,2294194.421183339
TB5-3D,20260934,inplane,pos,0.20580449594977396,6328201.156186949
TB5-3D,20260934,inplane,vel,0.0016917422999856492,6328201.156186949
TB5-3D,20260934,inplane,pos,0.9668234432814286,725924.8382556508
TB5-3D,20260934,inplane,vel,1.1266806684020378,725924.8382556508
TB5-3D,20260934,plane,pos,1.3294290013949235,1008601.4251785255
TB5-3D,20260934,plane,vel,0.0028268660453554806,1008601.4251785255
TB5-3D,20260934,plane,pos,-0.042426891050750426,473570.41262979753
TB5-3D,20260934,plane,vel,1.7572676189994785,473570.41262979753
TB5-3D,20260934,plane,pos,2.4010168380519774,1576424.3896136798
TB5-3D,20260934,plane,vel,-1.3152539634288523,1576424.3896136798
TB5-3D,20260934,plane,pos,-0.2732409801392793,452972.52234193205
TB5-3D,20260934,plane,vel,1.5369402151256326,452972.52234193205
TB5-3D,20260934,plane,pos,0.24033747743896033,5210997.1241929075
TB5-3D,20260934,plane,vel,0.23068423367169275,5210997.1241929075
TB5-3D,20260934,plane,pos,1.572460959413395,2294194.421183339
TB5-3D,20260934,plane,vel,0.8495119909792965,2294194.421183339
TB5-3D,20260934,plane,pos,-0.9699889309108682,6328201.156186949
TB5-3D,20260934,plane,vel,-0.07048073567154277,6328201.156186949
TB5-3D,20260934,plane,pos,-0.11799387281654906,725924.8382556508
TB5-3D,20260934,plane,vel,0.6522248370060336,725924.8382556508
TB5-3D,20260934,range,pos,-1.6034772968668263,57517.91779877452
TB5-3D,20260934,range,vel,-0.843753791790177,57517.91779877452
TB5-3D,20260934,range,pos,-0.09355428543345622,39451.81119192611
TB5-3D,20260934,range,vel,0.5460388173843967,39451.81119192611
TB5-3D,20260934,range,pos,0.41677965690060687,13782.919507513374
TB5-3D,20260934,range,vel,1.6002126477778074,13782.919507513374
TB5-3D,20260934,range,pos,-1.1006330051275135,135608.83318021856
TB5-3D,20260934,range,vel,-1.311675842807548,135608.83318021856
TB5-3D,20260934,range,pos,0.6036908218660072,877526.1837171616
TB5-3D,20260934,range,vel,-0.8707248967142713,877526.1837171616
TB5-3D,20260934,range,pos,0.23442131526342883,132611.500076606
TB5-3D,20260934,range,vel,0.2262296000085114,132611.500076606
TB5-3D,20260934,range,pos,-2.7041359199294916,274232.89833322284
TB5-3D,20260934,range,vel,-0.1412094532493418,274232.89833322284
TB5-3D,20260934,range,pos,0.3750520114617099,212936.16220246512
TB5-3D,20260934,range,vel,-0.888937735680995,212936.16220246512
TB5-3D,20260934,inplane,pos,0.7343043490080347,57517.91779877452
TB5-3D,20260934,inplane,vel,-2.0607889798405026,57517.91779877452
TB5-3D,20260934,inplane,pos,-0.4176364285287556,39451.81119192611
TB5-3D,20260934,inplane,vel,0.5103784678321345,39451.81119192611
TB5-3D,20260934,inplane,pos,-0.49264020793238245,13782.919507513374
TB5-3D,20260934,inplane,vel,-1.4022355272135472,13782.919507513374
TB5-3D,20260934,inplane,pos,-0.8420396162511107,135608.83318021856
TB5-3D,20260934,inplane,vel,-1.1039723487650694,135608.83318021856
TB5-3D,20260934,inplane,pos,-0.47804138113046946,877526.1837171616
TB5-3D,20260934,inplane,vel,0.28193624735006506,877526.1837171616
TB5-3D,20260934,inplane,pos,-0.21541279064785393,132611.500076606
TB5-3D,20260934,inplane,vel,0.20483923987288083,132611.500076606
TB5-3D,20260934,inplane,pos,0.6009551707394427,274232.89833322284
TB5-3D,20260934,inplane,vel,-2.5409900527376723,274232.89833322284
TB5-3D,20260934,inplane,pos,-0.8501966098735662,212936.16220246512
TB5-3D,20260934,inplane,vel,-0.10816056266586918,212936.16220246512
TB5-3D,20260934,plane,pos,0.8254907949350322,57517.91779877452
TB5-3D,20260934,plane,vel,0.17333459226719428,57517.91779877452
TB5-3D,20260934,plane,pos,-1.6401334282653834,39451.81119192611
TB5-3D,20260934,plane,vel,-1.094339412750277,39451.81119192611
TB5-3D,20260934,plane,pos,-0.39247810249075304,13782.919507513374
TB5-3D,20260934,plane,vel,-0.9036083404499965,13782.919507513374
TB5-3D,20260934,plane,pos,-0.42192509592640803,135608.83318021856
TB5-3D,20260934,plane,vel,0.12320328056834837,135608.83318021856
TB5-3D,20260934,plane,pos,0.10777663683904598,877526.1837171616
TB5-3D,20260934,plane,vel,0.7201099558985964,877526.1837171616
TB5-3D,20260934,plane,pos,-1.263115839822992,132611.500076606
TB5-3D,20260934,plane,vel,-0.4594353204323483,132611.500076606
TB5-3D,20260934,plane,pos,-0.35677238090673713,274232.89833322284
TB5-3D,20260934,plane,vel,-2.049181716185803,274232.89833322284
TB5-3D,20260934,plane,pos,-0.5527956906956024,212936.16220246512
TB5-3D,20260934,plane,vel,-1.821917407964773,212936.16220246512
TB5-3D,20260941,range,pos,-1.500214322131383,665738.9021000775
TB5-3D,20260941,range,vel,1.0489085275868306,665738.9021000775
TB5-3D,20260941,range,pos,-4.360316512649322,785127.0404050556
TB5-3D,20260941,range,vel,4.075142999326619,785127.0404050556
TB5-3D,20260941,range,pos,0.5993765903914288,507177.61502917216
TB5-3D,20260941,range,vel,-0.07885833577124551,507177.61502917216
TB5-3D,20260941,range,pos,1.6919360429972228,1222644.3724468236
TB5-3D,20260941,range,vel,-0.801317308735909,1222644.3724468236
TB5-3D,20260941,range,pos,-0.3336217213305407,805936.777772883
TB5-3D,20260941,range,vel,-0.6407336536640369,805936.777772883
TB5-3D,20260941,range,pos,0.561275072641194,135161.8736333352
TB5-3D,20260941,range,vel,0.45512683037858176,135161.8736333352
TB5-3D,20260941,range,pos,0.7866352669794722,536126.480544203
TB5-3D,20260941,range,vel,-0.9909472200047378,536126.480544203
TB5-3D,20260941,range,pos,0.15624529030991519,1451936.3879195538
TB5-3D,20260941,range,vel,0.4015666949600278,1451936.3879195538
TB5-3D,20260941,inplane,pos,0.11135138135271724,665738.9021000775
TB5-3D,20260941,inplane,vel,-1.4866640984858954,665738.9021000775
TB5-3D,20260941,inplane,pos,-4.444657360688386,785127.0404050556
TB5-3D,20260941,inplane,vel,-4.543175954848855,785127.0404050556
TB5-3D,20260941,inplane,pos,-0.9305354395339938,507177.61502917216
TB5-3D,20260941,inplane,vel,0.3638210525381461,507177.61502917216
TB5-3D,20260941,inplane,pos,-1.731653006299754,1222644.3724468236
TB5-3D,20260941,inplane,vel,1.5991766672061067,1222644.3724468236
TB5-3D,20260941,inplane,pos,-1.7513953391019106,805936.777772883
TB5-3D,20260941,inplane,vel,-1.249304650128427,805936.777772883
TB5-3D,20260941,inplane,pos,-0.09350563355820464,135161.8736333352
TB5-3D,20260941,inplane,vel,0.5463518510862934,135161.8736333352
TB5-3D,20260941,inplane,pos,0.022640438432844634,536126.480544203
TB5-3D,20260941,inplane,vel,0.5235697434618368,536126.480544203
TB5-3D,20260941,inplane,pos,0.49169729578748367,1451936.3879195538
TB5-3D,20260941,inplane,vel,0.1957348907796203,1451936.3879195538
TB5-3D,20260941,plane,pos,-1.3038578185835952,665738.9021000775
TB5-3D,20260941,plane,vel,-0.7598626842274867,665738.9021000775
TB5-3D,20260941,plane,pos,2.2393505279046804,785127.0404050556
TB5-3D,20260941,plane,vel,-1.2938208533939992,785127.0404050556
TB5-3D,20260941,plane,pos,-0.4630090177944863,507177.61502917216
TB5-3D,20260941,plane,vel,-0.14627334035961856,507177.61502917216
TB5-3D,20260941,plane,pos,0.2104639130264516,1222644.3724468236
TB5-3D,20260941,plane,vel,-1.4802662877323358,1222644.3724468236
TB5-3D,20260941,plane,pos,1.7252716341692758,805936.777772883
TB5-3D,20260941,plane,vel,-0.15368550079320414,805936.777772883
TB5-3D,20260941,plane,pos,-2.134582665529231,135161.8736333352
TB5-3D,20260941,plane,vel,-1.0739749669445895,135161.8736333352
TB5-3D,20260941,plane,pos,0.27749031732995344,536126.480544203
TB5-3D,20260941,plane,vel,-1.7118844082139657,536126.480544203
TB5-3D,20260941,plane,pos,0.23870044951668634,1451936.3879195538
TB5-3D,20260941,plane,vel,0.3309789296398598,1451936.3879195538
TB5-3D,20260941,range,pos,-1.3977275990318867,36561.25945214037
TB5-3D,20260941,range,vel,-1.2943745621293716,36561.25945214037
TB5-3D,20260941,range,pos,-0.5189839624518133,160535.6422436388
TB5-3D,20260941,range,vel,0.7927189578852544,160535.6422436388
TB5-3D,20260941,range,pos,0.37690763711474295,162477.4860150097
TB5-3D,20260941,range,vel,-0.9027578235511463,162477.4860150097
TB5-3D,20260941,range,pos,-0.9293862681065681,65066.00461339749
TB5-3D,20260941,range,vel,0.36354710859668626,65066.00461339749
TB5-3D,20260941,range,pos,0.07158241703037352,21659.94482661411
TB5-3D,20260941,range,vel,-0.08447760675063544,21659.94482661411
TB5-3D,20260941,range,pos,-2.700664814226185,24858.665985164153
TB5-3D,20260941,range,vel,-2.6675549123750772,24858.665985164153
TB5-3D,20260941,range,pos,0.06261448329612047,95931.58390827692
TB5-3D,20260941,range,vel,-0.48182342494389474,95931.58390827692
TB5-3D,20260941,range,pos,1.1142435167538878,66436.21594184649
TB5-3D,20260941,range,vel,1.2117944551162028,66436.21594184649
TB5-3D,20260941,inplane,pos,0.35119505671880646,36561.25945214037
TB5-3D,20260941,inplane,vel,-1.1926094488024492,36561.25945214037
TB5-3D,20260941,inplane,pos,-0.04829345237894401,160535.6422436388
TB5-3D,20260941,inplane,vel,-0.5339881541506527,160535.6422436388
TB5-3D,20260941,inplane,pos,-0.9482007634652724,162477.4860150097
TB5-3D,20260941,inplane,vel,-0.4439283484861975,162477.4860150097
TB5-3D,20260941,inplane,pos,-1.2396104838817328,65066.00461339749
TB5-3D,20260941,inplane,vel,-1.198125384912627,65066.00461339749
TB5-3D,20260941,inplane,pos,-0.5023810011072145,21659.94482661411
TB5-3D,20260941,inplane,vel,-0.24822535354368602,21659.94482661411
TB5-3D,20260941,inplane,pos,-2.6942763970532178,24858.665985164153
TB5-3D,20260941,inplane,vel,-2.8316423955927257,24858.665985164153
TB5-3D,20260941,inplane,pos,0.12435252337385325,95931.58390827692
TB5-3D,20260941,inplane,vel,0.5083807001950464,95931.58390827692
TB5-3D,20260941,inplane,pos,1.1173315208432182,66436.21594184649
TB5-3D,20260941,inplane,vel,1.07590120062421,66436.21594184649
TB5-3D,20260941,plane,pos,0.28110200258573015,36561.25945214037
TB5-3D,20260941,plane,vel,1.2235221958699734,36561.25945214037
TB5-3D,20260941,plane,pos,0.6913727495018929,160535.6422436388
TB5-3D,20260941,plane,vel,0.9483379135255156,160535.6422436388
TB5-3D,20260941,plane,pos,-0.18967742130395157,162477.4860150097
TB5-3D,20260941,plane,vel,0.3127578491595277,162477.4860150097
TB5-3D,20260941,plane,pos,0.6146346552983092,65066.00461339749
TB5-3D,20260941,plane,vel,-0.7018282669327065,65066.00461339749
TB5-3D,20260941,plane,pos,-0.048059253499769916,21659.94482661411
TB5-3D,20260941,plane,vel,0.21403366275985167,21659.94482661411
TB5-3D,20260941,plane,pos,0.5922896698379505,24858.665985164153
TB5-3D,20260941,plane,vel,2.224355287924575,24858.665985164153
TB5-3D,20260941,plane,pos,-1.6100357728308126,95931.58390827692
TB5-3D,20260941,plane,vel,-0.46432722219826095,95931.58390827692
TB5-3D,20260941,plane,pos,-0.9016998566794477,66436.21594184649
TB5-3D,20260941,plane,vel,-0.526745179018854,66436.21594184649
TB5-3D,20260941,range,pos,1.3914434378485352,19056.47711507067
TB5-3D,20260941,range,vel,-2.6087870205312544,19056.47711507067
TB5-3D,20260941,range,pos,0.39037675775239034,9528.507515843688
TB5-3D,20260941,range,vel,0.10448708739269835,9528.507515843688
TB5-3D,20260941,range,pos,0.2229959701330151,22293.480209248024
TB5-3D,20260941,range,vel,-0.8209325866947039,22293.480209248024
TB5-3D,20260941,range,pos,-1.1645541461707927,17969.20480195938
TB5-3D,20260941,range,vel,0.6986728594706776,17969.20480195938
TB5-3D,20260941,range,pos,1.3085092878684645,7024.213305564601
TB5-3D,20260941,range,vel,0.30122992565256146,7024.213305564601
TB5-3D,20260941,range,pos,-0.0629146410254441,13386451.909206599
TB5-3D,20260941,range,vel,0.17226956112166475,13386451.909206599
TB5-3D,20260941,range,pos,-0.9224904514675205,11640.897605892758
TB5-3D,20260941,range,vel,0.49821124777930775,11640.897605892758
TB5-3D,20260941,range,pos,1.2206327968689543,4441.193050213739
TB5-3D,20260941,range,vel,1.3028145236799062,4441.193050213739
TB5-3D,20260941,inplane,pos,-1.3362628707555253,19056.47711507067
TB5-3D,20260941,inplane,vel,1.3460471353815906,19056.47711507067
TB5-3D,20260941,inplane,pos,0.9139999578172133,9528.507515843688
TB5-3D,20260941,inplane,vel,0.6906847177732637,9528.507515843688
TB5-3D,20260941,inplane,pos,-1.035691511640784,22293.480209248024
TB5-3D,20260941,inplane,vel,0.12824656848563357,22293.480209248024
TB5-3D,20260941,inplane,pos,-1.8125068805206899,17969.20480195938
TB5-3D,20260941,inplane,vel,-1.6166110562288425,17969.20480195938
TB5-3D,20260941,inplane,pos,-1.5334412511601425,7024.213305564601
TB5-3D,20260941,inplane,vel,0.28006381195637253,7024.213305564601
TB5-3D,20260941,inplane,pos,-0.25088670107123584,13386451.909206599
TB5-3D,20260941,inplane,vel,0.035593109191839604,13386451.909206599
TB5-3D,20260941,inplane,pos,-0.7649097359605761,11640.897605892758
TB5-3D,20260941,inplane,vel,-0.6846072074930314,11640.897605892758
TB5-3D,20260941,inplane,pos,0.7857418294940313,4441.193050213739
TB5-3D,20260941,inplane,vel,-1.1171476499907935,4441.193050213739
TB5-3D,20260941,plane,pos,-0.6757443655711687,19056.47711507067
TB5-3D,20260941,plane,vel,-0.22984641433547226,19056.47711507067
TB5-3D,20260941,plane,pos,-2.270974361008032,9528.507515843688
TB5-3D,20260941,plane,vel,-0.9664424786561029,9528.507515843688
TB5-3D,20260941,plane,pos,-0.29417597831929665,22293.480209248024
TB5-3D,20260941,plane,vel,0.5175511351583988,22293.480209248024
TB5-3D,20260941,plane,pos,-0.3277897483494661,17969.20480195938
TB5-3D,20260941,plane,vel,-1.5362431039106879,17969.20480195938
TB5-3D,20260941,plane,pos,0.053829990753495524,7024.213305564601
TB5-3D,20260941,plane,vel,-0.853692195334762,7024.213305564601
TB5-3D,20260941,plane,pos,-0.5533685120705134,13386451.909206599
TB5-3D,20260941,plane,vel,0.22197204167834006,13386451.909206599
TB5-3D,20260941,plane,pos,1.6317354238391966,11640.897605892758
TB5-3D,20260941,plane,vel,2.2000920772722172,11640.897605892758
TB5-3D,20260941,plane,pos,0.19065219156697383,4441.193050213739
TB5-3D,20260941,plane,vel,-0.22059034366475921,4441.193050213739
TB5-3D,20260941,range,pos,0.6319760673043072,21115.808805632674
TB5-3D,20260941,range,vel,-0.724681157181338,21115.808805632674
TB5-3D,20260941,range,pos,-0.17971944097513168,330839.30004019866
TB5-3D,20260941,range,vel,-0.24612841786740872,330839.30004019866
TB5-3D,20260941,range,pos,0.6441508775696626,3040.882261657402
TB5-3D,20260941,range,vel,1.3942808278574543,3040.882261657402
TB5-3D,20260941,range,pos,0.7677395135086377,2741.298413726162
TB5-3D,20260941,range,vel,0.9068652999452965,2741.298413726162
TB5-3D,20260941,range,pos,-0.6713552343924787,558076.893704578
TB5-3D,20260941,range,vel,0.25644381927708915,558076.893704578
TB5-3D,20260941,range,pos,1.0531577467408728,4084559.4598828796
TB5-3D,20260941,range,vel,-1.4442412212860196,4084559.4598828796
TB5-3D,20260941,range,pos,-0.5098014016210112,2653.7546207213827
TB5-3D,20260941,range,vel,0.6590475445413907,2653.7546207213827
TB5-3D,20260941,inplane,pos,-0.5852718857094416,21115.808805632674
TB5-3D,20260941,inplane,vel,0.6375419071584258,21115.808805632674
TB5-3D,20260941,inplane,pos,-0.3823559566555197,330839.30004019866
TB5-3D,20260941,inplane,vel,-0.2331287559104128,330839.30004019866
TB5-3D,20260941,inplane,pos,0.942035846465224,3040.882261657402
TB5-3D,20260941,inplane,vel,1.2521398646796307,3040.882261657402
TB5-3D,20260941,inplane,pos,1.0612859724945323,2741.298413726162
TB5-3D,20260941,inplane,vel,0.8531223138627856,2741.298413726162
TB5-3D,20260941,inplane,pos,-0.6663789478039266,558076.893704578
TB5-3D,20260941,inplane,vel,-1.0355525865725919,558076.893704578
TB5-3D,20260941,inplane,pos,0.49228661858752076,4084559.4598828796
TB5-3D,20260941,inplane,vel,1.5388258860422737,4084559.4598828796
TB5-3D,20260941,inplane,pos,-0.5758064667343503,2653.7546207213827
TB5-3D,20260941,inplane,vel,-0.6862441407785936,2653.7546207213827
TB5-3D,20260941,plane,pos,0.12173732020056426,21115.808805632674
TB5-3D,20260941,plane,vel,-0.7785050685955234,21115.808805632674
TB5-3D,20260941,plane,pos,0.9366297516574823,330839.30004019866
TB5-3D,20260941,plane,vel,1.3444672532932025,330839.30004019866
TB5-3D,20260941,plane,pos,1.1318682645063822,3040.882261657402
TB5-3D,20260941,plane,vel,-0.6077501943806589,3040.882261657402
TB5-3D,20260941,plane,pos,1.2172895919082736,2741.298413726162
TB5-3D,20260941,plane,vel,0.18628552476522756,2741.298413726162
TB5-3D,20260941,plane,pos,1.3225584034859283,558076.893704578
TB5-3D,20260941,plane,vel,-1.816639854328163,558076.893704578
TB5-3D,20260941,plane,pos,1.0748975014163875,4084559.4598828796
TB5-3D,20260941,plane,vel,-0.2812741318429235,4084559.4598828796
TB5-3D,20260941,plane,pos,-1.1739097793684081,2653.7546207213827
TB5-3D,20260941,plane,vel,-1.6694871616188653,2653.7546207213827
TB5-3D,20260941,range,pos,0.2465806561990456,863.899509133167
TB5-3D,20260941,range,vel,-0.2162837873107505,863.899509133167
TB5-3D,20260941,range,pos,-1.3510222804965288,209839.3140158951
TB5-3D,20260941,range,vel,1.8227388840024148,209839.3140158951
TB5-3D,20260941,range,pos,-0.2653276369865289,2844392.884209238
TB5-3D,20260941,range,vel,-0.24301870441168874,2844392.884209238
TB5-3D,20260941,range,pos,-0.18193200599182197,6517.265548089623
TB5-3D,20260941,range,vel,-0.36477442652508585,6517.265548089623
TB5-3D,20260941,range,pos,1.1623607804055114,114036.9654816645
TB5-3D,20260941,range,vel,1.0047043580328292,114036.9654816645
TB5-3D,20260941,range,pos,0.14182665060122696,84850.8653977184
TB5-3D,20260941,range,vel,-0.44578691899074174,84850.8653977184
TB5-3D,20260941,range,pos,0.5576320706394161,425243.2985851625
TB5-3D,20260941,range,vel,-0.5335913874893516,425243.2985851625
TB5-3D,20260941,range,pos,0.15481392727886714,916.5971297671769
TB5-3D,20260941,range,vel,0.044207405032319486,916.5971297671769
TB5-3D,20260941,inplane,pos,-0.3197509831937016,863.899509133167
TB5-3D,20260941,inplane,vel,-0.32233633210293394,863.899509133167
TB5-3D,20260941,inplane,pos,-0.2410095332532911,209839.3140158951
TB5-3D,20260941,inplane,vel,-1.2145140781984907,209839.3140158951
TB5-3D,20260941,inplane,pos,-1.1600545820256665,2844392.884209238
TB5-3D,20260941,inplane,vel,-1.1501545770818993,2844392.884209238
TB5-3D,20260941,inplane,pos,0.49538114048455206,6517.265548089623
TB5-3D,20260941,inplane,vel,-0.77905870446717,6517.265548089623
TB5-3D,20260941,inplane,pos,0.6681149706669762,114036.9654816645
TB5-3D,20260941,inplane,vel,1.232889998288068,114036.9654816645
TB5-3D,20260941,inplane,pos,0.2841023543193235,84850.8653977184
TB5-3D,20260941,inplane,vel,0.6042684938092617,84850.8653977184
TB5-3D,20260941,inplane,pos,0.4049877031183047,425243.2985851625
TB5-3D,20260941,inplane,vel,0.5599624721781513,425243.2985851625
TB5-3D,20260941,inplane,pos,-0.06443668645982405,916.5971297671769
TB5-3D,20260941,inplane,vel,-0.1829357718954263,916.5971297671769
TB5-3D,20260941,plane,pos,0.8607331599068588,863.899509133167
TB5-3D,20260941,plane,vel,0.2554168072753207,863.899509133167
TB5-3D,20260941,plane,pos,1.7422345922430167,209839.3140158951
TB5-3D,20260941,plane,vel,-0.8615931468930412,209839.3140158951
TB5-3D,20260941,plane,pos,-0.5861769124732694,2844392.884209238
TB5-3D,20260941,plane,vel,0.4958769748201543,2844392.884209238
TB5-3D,20260941,plane,pos,-0.1322694802826182,6517.265548089623
TB5-3D,20260941,plane,vel,0.44968560361452004,6517.265548089623
TB5-3D,20260941,plane,pos,0.9549729796053007,114036.9654816645
TB5-3D,20260941,plane,vel,0.6612428182640264,114036.9654816645
TB5-3D,20260941,plane,pos,-2.2140094848989462,84850.8653977184
TB5-3D,20260941,plane,vel,-0.12585987333961415,84850.8653977184
TB5-3D,20260941,plane,pos,0.008816267973498618,425243.2985851625
TB5-3D,20260941,plane,vel,-0.5137481639498052,425243.2985851625
TB5-3D,20260941,plane,pos,0.103445859027187,916.5971297671769
TB5-3D,20260941,plane,vel,0.9792100593016365,916.5971297671769
TB5-3D,20260941,range,pos,-0.5600987990846966,422339.5355155117
TB5-3D,20260941,range,vel,0.23227480595272806,422339.5355155117
TB5-3D,20260941,range,pos,0.25816963201242016,29810.4694931716
TB5-3D,20260941,range,vel,-0.6600853437271167,29810.4694931716
TB5-3D,20260941,range,pos,0.010372429751862521,80630.04143929465
TB5-3D,20260941,range,vel,0.09549475316687658,80630.04143929465
TB5-3D,20260941,range,pos,-1.5098073906827028,85867.89620102225
TB5-3D,20260941,range,vel,0.306304355033698,85867.89620102225
TB5-3D,20260941,range,pos,-1.592176574050154,1752482.8290909026
TB5-3D,20260941,range,vel,0.07399055179274446,1752482.8290909026
TB5-3D,20260941,range,pos,0.6673377795690782,160789.3093432645
TB5-3D,20260941,range,vel,-0.9921503463718614,160789.3093432645
TB5-3D,20260941,range,pos,-0.7586424737675506,13339140.765629796
TB5-3D,20260941,range,vel,-0.37066087553734584,13339140.765629796
TB5-3D,20260941,inplane,pos,0.08918879545540934,422339.5355155117
TB5-3D,20260941,inplane,vel,-0.7131442831791674,422339.5355155117
TB5-3D,20260941,inplane,pos,-1.029702944230777,29810.4694931716
TB5-3D,20260941,inplane,vel,0.35039931726322837,29810.4694931716
TB5-3D,20260941,inplane,pos,-0.3880225250488662,80630.04143929465
TB5-3D,20260941,inplane,vel,-0.18055646374561723,80630.04143929465
TB5-3D,20260941,inplane,pos,-0.9206330864956983,85867.89620102225
TB5-3D,20260941,inplane,vel,-1.3003843963303714,85867.89620102225
TB5-3D,20260941,inplane,pos,1.225376125412431,1752482.8290909026
TB5-3D,20260941,inplane,vel,-1.5187552099585753,1752482.8290909026
TB5-3D,20260941,inplane,pos,-0.3890099050787621,160789.3093432645
TB5-3D,20260941,inplane,vel,0.8332480068672972,160789.3093432645
TB5-3D,20260941,inplane,pos,0.4508851933750095,13339140.765629796
TB5-3D,20260941,inplane,vel,0.3668548503720563,13339140.765629796
TB5-3D,20260941,plane,pos,-0.8593175458225104,422339.5355155117
TB5-3D,20260941,plane,vel,-0.8270112664162469,422339.5355155117
TB5-3D,20260941,plane,pos,-0.13423408024361702,29810.4694931716
TB5-3D,20260941,plane,vel,-0.18393190711630725,29810.4694931716
TB5-3D,20260941,plane,pos,1.5179593530087008,80630.04143929465
TB5-3D,20260941,plane,vel,-0.06798120708942995,80630.04143929465
TB5-3D,20260941,plane,pos,-1.0988820602745935,85867.89620102225
TB5-3D,20260941,plane,vel,-0.17630544842100523,85867.89620102225
TB5-3D,20260941,plane,pos,-2.851654358561587,1752482.8290909026
TB5-3D,20260941,plane,vel,-0.4463173877424185,1752482.8290909026
TB5-3D,20260941,plane,pos,0.05639454709404366,160789.3093432645
TB5-3D,20260941,plane,vel,-1.1953127746985335,160789.3093432645
TB5-3D,20260941,plane,pos,-1.248208007675549,13339140.765629796
TB5-3D,20260941,plane,vel,0.4066378407728445,13339140.765629796
TB5-3D,20260948,range,pos,-0.01455831690993441,954261.4502281148
TB5-3D,20260948,range,vel,1.3820457011869731,954261.4502281148
TB5-3D,20260948,range,pos,1.718349585332889,974853.9194512059
TB5-3D,20260948,range,vel,0.36571835055814883,974853.9194512059
TB5-3D,20260948,range,pos,0.12398767667375643,1256264.007984834
TB5-3D,20260948,range,vel,0.3292155953352095,1256264.007984834
TB5-3D,20260948,range,pos,-0.13723395943837682,660265.1363920803
TB5-3D,20260948,range,vel,0.025956839880046247,660265.1363920803
TB5-3D,20260948,range,pos,-1.7594589717254803,2144952.2506198864
TB5-3D,20260948,range,vel,0.6562682563958602,2144952.2506198864
TB5-3D,20260948,range,pos,-1.5280513966151583,1280786.3464025198
TB5-3D,20260948,range,vel,0.6149979162391419,1280786.3464025198
TB5-3D,20260948,range,pos,0.01904577255434216,880318.3106112792
TB5-3D,20260948,range,vel,0.3640868335426564,880318.3106112792
TB5-3D,20260948,range,pos,0.5643695928415028,505813.2184175042
TB5-3D,20260948,range,vel,-1.2534034394005766,505813.2184175042
TB5-3D,20260948,inplane,pos,1.1205782317309687,954261.4502281148
TB5-3D,20260948,inplane,vel,0.17251207918078537,954261.4502281148
TB5-3D,20260948,inplane,pos,1.8317118033217408,974853.9194512059
TB5-3D,20260948,inplane,vel,1.6024225879522391,974853.9194512059
TB5-3D,20260948,inplane,pos,0.4559212536574655,1256264.007984834
TB5-3D,20260948,inplane,vel,0.3471585552755134,1256264.007984834
TB5-3D,20260948,inplane,pos,-0.06166325426133495,660265.1363920803
TB5-3D,20260948,inplane,vel,-0.023750212850748267,660265.1363920803
TB5-3D,20260948,inplane,pos,-1.4123771986344884,2144952.2506198864
TB5-3D,20260948,inplane,vel,-1.2638063749154087,2144952.2506198864
TB5-3D,20260948,inplane,pos,-0.8667937080707195,1280786.3464025198
TB5-3D,20260948,inplane,vel,-1.051933771322306,1280786.3464025198
TB5-3D,20260948,inplane,pos,0.7712878365108713,880318.3106112792
TB5-3D,20260948,inplane,vel,0.5238416877439468,880318.3106112792
TB5-3D,20260948,inplane,pos,-1.5617789720302901,505813.2184175042
TB5-3D,20260948,inplane,vel,0.5876844457572422,505813.2184175042
TB5-3D,20260948,plane,pos,-1.4640980967220478,954261.4502281148
TB5-3D,20260948,plane,vel,-0.402259504946705,954261.4502281148
TB5-3D,20260948,plane,pos,-0.7464881026549921,974853.9194512059
TB5-3D,20260948,plane,vel,0.6393313193515983,974853.9194512059
TB5-3D,20260948,plane,pos,-0.5050048021983461,1256264.007984834
TB5-3D,20260948,plane,vel,-0.6591719137735975,1256264.007984834
TB5-3D,20260948,plane,pos,0.5064004153905045,660265.1363920803
TB5-3D,20260948,plane,vel,-0.5634948247043828,660265.1363920803
TB5-3D,20260948,plane,pos,-0.34666695317985086,2144952.2506198864
TB5-3D,20260948,plane,vel,-1.9217752924179918,2144952.2506198864
TB5-3D,20260948,plane,pos,0.05789220227236174,1280786.3464025198
TB5-3D,20260948,plane,vel,-0.4668014193647187,1280786.3464025198
TB5-3D,20260948,plane,pos,-2.1356639139172717,880318.3106112792
TB5-3D,20260948,plane,vel,1.4571221306548037,880318.3106112792
TB5-3D,20260948,plane,pos,0.40186224687152283,505813.2184175042
TB5-3D,20260948,plane,vel,0.6339260769467165,505813.2184175042
TB5-3D,20260948,range,pos,-0.5195207683892139,37428.84817953661
TB5-3D,20260948,range,vel,-0.23048552514625473,37428.84817953661
TB5-3D,20260948,range,pos,-1.2202773323984257,97314.54413280988
TB5-3D,20260948,range,vel,1.0552879878418726,97314.54413280988
TB5-3D,20260948,range,pos,-1.0802671872687224,84256.7521928919
TB5-3D,20260948,range,vel,-0.927492143475593,84256.7521928919
TB5-3D,20260948,range,pos,1.0292376205408262,16681.939969522937
TB5-3D,20260948,range,vel,0.9134392588030932,16681.939969522937
TB5-3D,20260948,range,pos,-0.3516277713019882,90028.7010800933
TB5-3D,20260948,range,vel,-0.11530522563568513,90028.7010800933
TB5-3D,20260948,range,pos,-1.2430425391417916,36017.04685113337
TB5-3D,20260948,range,vel,0.7304793770827427,36017.04685113337
TB5-3D,20260948,range,pos,1.8300588399270787,36312.937008733985
TB5-3D,20260948,range,vel,-0.5052033571397571,36312.937008733985
TB5-3D,20260948,range,pos,-1.447236072004403,7978.031275080411
TB5-3D,20260948,range,vel,0.9840722850860804,7978.031275080411
TB5-3D,20260948,inplane,pos,-1.4106700522353302,37428.84817953661
TB5-3D,20260948,inplane,vel,-1.0493501815149906,37428.84817953661
TB5-3D,20260948,inplane,pos,-0.09514908815859137,97314.54413280988
TB5-3D,20260948,inplane,vel,-1.1670797983382926,97314.54413280988
TB5-3D,20260948,inplane,pos,0.6469110483551654,84256.7521928919
TB5-3D,20260948,inplane,vel,-1.0430588961550578,84256.7521928919
TB5-3D,20260948,inplane,pos,-0.11754280558274219,16681.939969522937
TB5-3D,20260948,inplane,vel,-0.636108286372075,16681.939969522937
TB5-3D,20260948,inplane,pos,0.6789303967779248,90028.7010800933
TB5-3D,20260948,inplane,vel,0.18429616908833157,90028.7010800933
TB5-3D,20260948,inplane,pos,-0.08373620028466686,36017.04685113337
TB5-3D,20260948,inplane,vel,-0.10348864892412474,36017.04685113337
TB5-3D,20260948,inplane,pos,-0.005344724438685437,36312.937008733985
TB5-3D,20260948,inplane,vel,-1.3810740550926497,36312.937008733985
TB5-3D,20260948,inplane,pos,-1.1753638545912235,7978.031275080411
TB5-3D,20260948,inplane,vel,0.036951497199842635,7978.031275080411
TB5-3D,20260948,plane,pos,-0.5164540103376661,37428.84817953661
TB5-3D,20260948,plane,vel,-0.6450687776014186,37428.84817953661
TB5-3D,20260948,plane,pos,-0.3851422853688777,97314.54413280988
TB5-3D,20260948,plane,vel,1.4797478256665426,97314.54413280988
TB5-3D,20260948,plane,pos,0.6335035185558985,84256.7521928919
TB5-3D,20260948,plane,vel,0.43911992964169233,84256.7521928919
TB5-3D,20260948,plane,pos,-0.2615031353830641,16681.939969522937
TB5-3D,20260948,plane,vel,-0.12324158901547264,16681.939969522937
TB5-3D,20260948,plane,pos,-0.5494095652155726,90028.7010800933
TB5-3D,20260948,plane,vel,0.5152417268002633,90028.7010800933
TB5-3D,20260948,plane,pos,0.52981211208754,36017.04685113337
TB5-3D,20260948,plane,vel,0.03080594451287299,36017.04685113337
TB5-3D,20260948,plane,pos,0.672998135464871,36312.937008733985
TB5-3D,20260948,plane,vel,0.8520470950871519,36312.937008733985
TB5-3D,20260948,plane,pos,-0.8422367946489376,7978.031275080411
TB5-3D,20260948,plane,vel,0.392159133348274,7978.031275080411
TB5-3D,20260948,range,pos,-0.7345872326793025,23124.217724047416
TB5-3D,20260948,range,vel,-0.030689599068422974,23124.217724047416
TB5-3D,20260948,range,pos,0.1491879402531043,20336.425067089727
TB5-3D,20260948,range,vel,-0.10222840627915565,20336.425067089727
TB5-3D,20260948,range,pos,-0.2582418613441236,99.16659567722839
TB5-3D,20260948,range,vel,-0.5832705768939206,99.16659567722839
TB5-3D,20260948,range,pos,0.4532511289485508,48694.16619159803
TB5-3D,20260948,range,vel,-0.5077821007752168,48694.16619159803
TB5-3D,20260948,range,pos,1.2271306191370157,21008.09836912434
TB5-3D,20260948,range,vel,0.20278721330044072,21008.09836912434
TB5-3D,20260948,range,pos,-2.23192513455966,3430.5262797507025
TB5-3D,20260948,range,vel,-2.196504926462943,3430.5262797507025
TB5-3D,20260948,range,pos,-0.7981475108874643,4583.232996319041
TB5-3D,20260948,range,vel,0.880557590249007,4583.232996319041
TB5-3D,20260948,range,pos,0.8194053749240146,17671.258721385326
TB5-3D,20260948,range,vel,-0.8975854125149891,17671.258721385326
TB5-3D,20260948,inplane,pos,-1.5359113206747987,23124.217724047416
TB5-3D,20260948,inplane,vel,-0.9439309121669371,23124.217724047416
TB5-3D,20260948,inplane,pos,-0.8482628955635416,20336.425067089727
TB5-3D,20260948,inplane,vel,0.044647529699015094,20336.425067089727
TB5-3D,20260948,inplane,pos,1.2460299576898697,99.16659567722839
TB5-3D,20260948,inplane,vel,-1.4239897864019486,99.16659567722839
TB5-3D,20260948,inplane,pos,0.09740851976684238,48694.16619159803
TB5-3D,20260948,inplane,vel,0.361248425858704,48694.16619159803
TB5-3D,20260948,inplane,pos,3.0172992612064062,21008.09836912434
TB5-3D,20260948,inplane,vel,1.8866062989262282,21008.09836912434
TB5-3D,20260948,inplane,pos,-1.3213913415660197,3430.5262797507025
TB5-3D,20260948,inplane,vel,-1.7522615260036298,3430.5262797507025
TB5-3D,20260948,inplane,pos,0.6317585345443704,4583.232996319041
TB5-3D,20260948,inplane,vel,-0.7692355905019058,4583.232996319041
TB5-3D,20260948,inplane,pos,0.41751870372601085,17671.258721385326
TB5-3D,20260948,inplane,vel,0.9133388752928313,17671.258721385326
TB5-3D,20260948,plane,pos,0.22797994135562433,23124.217724047416
TB5-3D,20260948,plane,vel,1.067572284992013,23124.217724047416
TB5-3D,20260948,plane,pos,-0.3112215565690022,20336.425067089727
TB5-3D,20260948,plane,vel,1.0733214737477448,20336.425067089727
TB5-3D,20260948,plane,pos,-0.434980315390501,99.16659567722839
TB5-3D,20260948,plane,vel,-0.7472854690028088,99.16659567722839
TB5-3D,20260948,plane,pos,1.0661403242401941,48694.16619159803
TB5-3D,20260948,plane,vel,-0.9589826744566843,48694.16619159803
TB5-3D,20260948,plane,pos,0.46398629807632014,21008.09836912434
TB5-3D,20260948,plane,vel,0.6154874428433604,21008.09836912434
TB5-3D,20260948,plane,pos,-0.31076139721475066,3430.5262797507025
TB5-3D,20260948,plane,vel,0.12156429943427993,3430.5262797507025
TB5-3D,20260948,plane,pos,0.6554725639561497,4583.232996319041
TB5-3D,20260948,plane,vel,-0.38657630043170654,4583.232996319041
TB5-3D,20260948,plane,pos,-0.1899281559965203,17671.258721385326
TB5-3D,20260948,plane,vel,0.3820835149268471,17671.258721385326
TB5-3D,20260948,range,pos,0.5429829433729513,2125.1793584845536
TB5-3D,20260948,range,vel,0.7452432419322882,2125.1793584845536
TB5-3D,20260948,range,pos,1.6975503741399165,11795.29970172795
TB5-3D,20260948,range,vel,1.6466544943620438,11795.29970172795
TB5-3D,20260948,range,pos,0.5181477187749491,19682.282583840617
TB5-3D,20260948,range,vel,0.2744879585564127,19682.282583840617
TB5-3D,20260948,range,pos,0.530850849871437,575549.3245294468
TB5-3D,20260948,range,vel,-0.4655439388952332,575549.3245294468
TB5-3D,20260948,range,pos,1.3575654895279257,4263227.78075553
TB5-3D,20260948,range,vel,-0.7171886988106384,4263227.78075553
TB5-3D,20260948,range,pos,0.9247924400262568,6785.933487301993
TB5-3D,20260948,range,vel,-0.5275386685813919,6785.933487301993
TB5-3D,20260948,range,pos,0.6946927902752291,10855.706104622474
TB5-3D,20260948,range,vel,1.017900378250613,10855.706104622474
TB5-3D,20260948,inplane,pos,0.8732941469964921,2125.1793584845536
TB5-3D,20260948,inplane,vel,0.5378886598095655,2125.1793584845536
TB5-3D,20260948,inplane,pos,1.999964475445734,11795.29970172795
TB5-3D,20260948,inplane,vel,1.7945909962021425,11795.29970172795
TB5-3D,20260948,inplane,pos,0.43218248360407,19682.282583840617
TB5-3D,20260948,inplane,vel,0.782980665908664,19682.282583840617
TB5-3D,20260948,inplane,pos,0.19440997338790877,575549.3245294468
TB5-3D,20260948,inplane,vel,0.2793517669815404,575549.3245294468
TB5-3D,20260948,inplane,pos,1.822630683480462,4263227.78075553
TB5-3D,20260948,inplane,vel,1.2612805733080352,4263227.78075553
TB5-3D,20260948,inplane,pos,0.9175185122669455,6785.933487301993
TB5-3D,20260948,inplane,vel,0.7731405642971841,6785.933487301993
TB5-3D,20260948,inplane,pos,1.0396900885746634,10855.706104622474
TB5-3D,20260948,inplane,vel,0.8596680888094779,10855.706104622474
TB5-3D,20260948,plane,pos,-0.47125030342861896,2125.1793584845536
TB5-3D,20260948,plane,vel,1.329452010394319,2125.1793584845536
TB5-3D,20260948,plane,pos,1.4021820055519212,11795.29970172795
TB5-3D,20260948,plane,vel,3.337946525456195,11795.29970172795
TB5-3D,20260948,plane,pos,-0.6758210139832698,19682.282583840617
TB5-3D,20260948,plane,vel,-0.755494295895515,19682.282583840617
TB5-3D,20260948,plane,pos,-0.3322356420018054,575549.3245294468
TB5-3D,20260948,plane,vel,0.40774836228982553,575549.3245294468
TB5-3D,20260948,plane,pos,-1.9136108408572357,4263227.78075553
TB5-3D,20260948,plane,vel,2.1535326455969375,4263227.78075553
TB5-3D,20260948,plane,pos,0.44592173890169995,6785.933487301993
TB5-3D,20260948,plane,vel,0.7461112183850177,6785.933487301993
TB5-3D,20260948,plane,pos,-0.9045174533275416,10855.706104622474
TB5-3D,20260948,plane,vel,-1.8775912135615471,10855.706104622474
TB5-3D,20260948,range,pos,1.5989995879841346,485717.6470642979
TB5-3D,20260948,range,vel,-1.0790461666296196,485717.6470642979
TB5-3D,20260948,range,pos,-0.5672721468979024,13421944.27145639
TB5-3D,20260948,range,vel,-0.5498004931998068,13421944.27145639
TB5-3D,20260948,range,pos,-0.029217535079514818,1553167.640055934
TB5-3D,20260948,range,vel,-1.6484805323203764,1553167.640055934
TB5-3D,20260948,range,pos,0.5681538043916404,5837.680711741012
TB5-3D,20260948,range,vel,0.7495492720411124,5837.680711741012
TB5-3D,20260948,range,pos,1.3246447225063687,263654.91476062016
TB5-3D,20260948,range,vel,0.16626245112441085,263654.91476062016
TB5-3D,20260948,range,pos,0.19710853216374796,495870.74598519714
TB5-3D,20260948,range,vel,-0.17116723612025275,495870.74598519714
TB5-3D,20260948,range,pos,0.16756747116218615,5747.935089170723
TB5-3D,20260948,range,vel,-0.5078926755268124,5747.935089170723
TB5-3D,20260948,range,pos,0.7655698380662805,4663.326793398576
TB5-3D,20260948,range,vel,1.4637481328054245,4663.326793398576
TB5-3D,20260948,inplane,pos,0.9859732773426364,485717.6470642979
TB5-3D,20260948,inplane,vel,1.441880609209369,485717.6470642979
TB5-3D,20260948,inplane,pos,1.6890989589695848,13421944.27145639
TB5-3D,20260948,inplane,vel,0.5349751179135261,13421944.27145639
TB5-3D,20260948,inplane,pos,-1.4481061595664841,1553167.640055934
TB5-3D,20260948,inplane,vel,-0.113607416474589,1553167.640055934
TB5-3D,20260948,inplane,pos,0.5121557209983982,5837.680711741012
TB5-3D,20260948,inplane,vel,0.4175914233823726,5837.680711741012
TB5-3D,20260948,inplane,pos,0.22561231071853802,263654.91476062016
TB5-3D,20260948,inplane,vel,0.7348295428878937,263654.91476062016
TB5-3D,20260948,inplane,pos,-0.07746123122761629,495870.74598519714
TB5-3D,20260948,inplane,vel,0.19220618625453406,495870.74598519714
TB5-3D,20260948,inplane,pos,-0.3447114568385634,5747.935089170723
TB5-3D,20260948,inplane,vel,-0.0433846398724891,5747.935089170723
TB5-3D,20260948,inplane,pos,1.6060552436646243,4663.326793398576
TB5-3D,20260948,inplane,vel,0.885785027173242,4663.326793398576
TB5-3D,20260948,plane,pos,-0.3611494652656609,485717.6470642979
TB5-3D,20260948,plane,vel,0.09800179967777618,485717.6470642979
TB5-3D,20260948,plane,pos,0.23860192020435833,13421944.27145639
TB5-3D,20260948,plane,vel,0.24827449942957025,13421944.27145639
TB5-3D,20260948,plane,pos,-0.40333372690041147,1553167.640055934
TB5-3D,20260948,plane,vel,-0.507745585031281,1553167.640055934
TB5-3D,20260948,plane,pos,-0.7524389079872832,5837.680711741012
TB5-3D,20260948,plane,vel,-1.1708094286723663,5837.680711741012
TB5-3D,20260948,plane,pos,0.058752506185825476,263654.91476062016
TB5-3D,20260948,plane,vel,-0.3666888261977056,263654.91476062016
TB5-3D,20260948,plane,pos,-0.09101464523924381,495870.74598519714
TB5-3D,20260948,plane,vel,2.532445257738371,495870.74598519714
TB5-3D,20260948,plane,pos,0.47807728276857375,5747.935089170723
TB5-3D,20260948,plane,vel,0.5553576652498464,5747.935089170723
TB5-3D,20260948,plane,pos,0.20241963721623918,4663.326793398576
TB5-3D,20260948,plane,vel,-1.2178667864838246,4663.326793398576
TB5-3D,20260948,range,pos,-0.5109532743888222,244546.34121559164
TB5-3D,20260948,range,vel,1.1495352808215602,244546.34121559164
TB5-3D,20260948,range,pos,-2.3983556922859495,187004.46804420586
TB5-3D,20260948,range,vel,3.0569005838755787,187004.46804420586
TB5-3D,20260948,range,pos,0.9484734413305427,62783.67461576691
TB5-3D,20260948,range,vel,-1.0088808359262098,62783.67461576691
TB5-3D,20260948,range,pos,0.557679071489857,235640.07895486063
TB5-3D,20260948,range,vel,0.9370066864667542,235640.07895486063
TB5-3D,20260948,range,pos,-0.33128131469260325,117768.2922310526
TB5-3D,20260948,range,vel,-0.08895737555267974,117768.2922310526
TB5-3D,20260948,range,pos,0.17476126945027448,10665.745880484474
TB5-3D,20260948,range,vel,0.2670898334662177,10665.745880484474
TB5-3D,20260948,range,pos,-0.4454724940829209,7389.897771758928
TB5-3D,20260948,range,vel,-0.6198039029909236,7389.897771758928
TB5-3D,20260948,range,pos,-0.9556606307647951,5415.863556905368
TB5-3D,20260948,range,vel,0.9587425190694958,5415.863556905368
TB5-3D,20260948,inplane,pos,1.1021502313983775,244546.34121559164
TB5-3D,20260948,inplane,vel,-0.26586939771074014,244546.34121559164
TB5-3D,20260948,inplane,pos,-1.1193546413286117,187004.46804420586
TB5-3D,20260948,inplane,vel,0.44171241518865806,187004.46804420586
TB5-3D,20260948,inplane,pos,-1.3321528079272607,62783.67461576691
TB5-3D,20260948,inplane,vel,0.12090704826180919,62783.67461576691
TB5-3D,20260948,inplane,pos,0.05801962322342296,235640.07895486063
TB5-3D,20260948,inplane,vel,0.24454820548756598,235640.07895486063
TB5-3D,20260948,inplane,pos,-1.0203725967595434,117768.2922310526
TB5-3D,20260948,inplane,vel,-0.3131980380087005,117768.2922310526
TB5-3D,20260948,inplane,pos,-0.14306237298642394,10665.745880484474
TB5-3D,20260948,inplane,vel,-0.27743057769421875,10665.745880484474
TB5-3D,20260948,inplane,pos,-0.01494890286855469,7389.897771758928
TB5-3D,20260948,inplane,vel,-0.581422766049604,7389.897771758928
TB5-3D,20260948,inplane,pos,-0.5629246202055551,5415.863556905368
TB5-3D,20260948,inplane,vel,-0.73086681263211,5415.863556905368
TB5-3D,20260948,plane,pos,0.10551106119570702,244546.34121559164
TB5-3D,20260948,plane,vel,-0.37846338828661813,244546.34121559164
TB5-3D,20260948,plane,pos,1.2892253447933721,187004.46804420586
TB5-3D,20260948,plane,vel,-0.5858716138016086,187004.46804420586
TB5-3D,20260948,plane,pos,1.0006920527313892,62783.67461576691
TB5-3D,20260948,plane,vel,-0.6973456886715687,62783.67461576691
TB5-3D,20260948,plane,pos,0.8603474001320982,235640.07895486063
TB5-3D,20260948,plane,vel,0.3424057048779116,235640.07895486063
TB5-3D,20260948,plane,pos,0.03941374745979785,117768.2922310526
TB5-3D,20260948,plane,vel,1.5211836353552,117768.2922310526
TB5-3D,20260948,plane,pos,-0.7388090749141282,10665.745880484474
TB5-3D,20260948,plane,vel,-0.19642820662214222,10665.745880484474
TB5-3D,20260948,plane,pos,-0.3732039090864175,7389.897771758928
TB5-3D,20260948,plane,vel,0.5901278116943213,7389.897771758928
TB5-3D,20260948,plane,pos,0.15383759799413926,5415.863556905368
TB5-3D,20260948,plane,vel,-0.7004503120696801,5415.863556905368
TB5-3D,20260955,range,pos,1.0873848379149058,507536.78154374746
TB5-3D,20260955,range,vel,-1.42216644691867,507536.78154374746
TB5-3D,20260955,range,pos,-0.80855138038061,495792.24634107226
TB5-3D,20260955,range,vel,-0.724038931331772,495792.24634107226
TB5-3D,20260955,range,pos,-1.2016319599330816,1860855.7121891896
TB5-3D,20260955,range,vel,0.7944083978301146,1860855.7121891896
TB5-3D,20260955,range,pos,0.6126092493197189,1734300.0678759576
TB5-3D,20260955,range,vel,-1.5698814042835014,1734300.0678759576
TB5-3D,20260955,range,pos,1.0919982427089092,300384.2198134742
TB5-3D,20260955,range,vel,1.165780733303441,300384.2198134742
TB5-3D,20260955,range,pos,-0.46661079416697054,347311.74405666225
TB5-3D,20260955,range,vel,-0.1498784170314543,347311.74405666225
TB5-3D,20260955,range,pos,-1.5939570693506342,775364.2322384855
TB5-3D,20260955,range,vel,2.2720172827859964,775364.2322384855
TB5-3D,20260955,range,pos,1.6676446652268277,70798.95405383072
TB5-3D,20260955,range,vel,0.27479191933464847,70798.95405383072
TB5-3D,20260955,inplane,pos,-1.2373020338144218,507536.78154374746
TB5-3D,20260955,inplane,vel,0.7546450310102228,507536.78154374746
TB5-3D,20260955,inplane,pos,-0.008367553326407807,495792.24634107226
TB5-3D,20260955,inplane,vel,-0.7665970774446434,495792.24634107226
TB5-3D,20260955,inplane,pos,0.7814254241812337,1860855.7121891896
TB5-3D,20260955,inplane,vel,-1.1147531141861151,1860855.7121891896
TB5-3D,20260955,inplane,pos,-1.0771529599110479,1734300.0678759576
TB5-3D,20260955,inplane,vel,-0.022007453825120944,1734300.0678759576
TB5-3D,20260955,inplane,pos,0.43979455915110344,300384.2198134742
TB5-3D,20260955,inplane,vel,1.1619693900146393,300384.2198134742
TB5-3D,20260955,inplane,pos,-0.194113356596763,347311.74405666225
TB5-3D,20260955,inplane,vel,-0.42909960420204635,347311.74405666225
TB5-3D,20260955,inplane,pos,0.4980806783235613,775364.2322384855
TB5-3D,20260955,inplane,vel,-1.1556626987411545,775364.2322384855
TB5-3D,20260955,inplane,pos,-0.7448703216697092,70798.95405383072
TB5-3D,20260955,inplane,vel,-1.3656056409266855,70798.95405383072
TB5-3D,20260955,plane,pos,-0.8943571347698203,507536.78154374746
TB5-3D,20260955,plane,vel,-1.3018361854374632,507536.78154374746
TB5-3D,20260955,plane,pos,-0.18047367774566925,495792.24634107226
TB5-3D,20260955,plane,vel,-1.6758791831417057,495792.24634107226
TB5-3D,20260955,plane,pos,2.384393316990135,1860855.7121891896
TB5-3D,20260955,plane,vel,0.4590870890469668,1860855.7121891896
TB5-3D,20260955,plane,pos,-0.6377261540790927,1734300.0678759576
TB5-3D,20260955,plane,vel,0.3035287513713139,1734300.0678759576
TB5-3D,20260955,plane,pos,1.3397915761153005,300384.2198134742
TB5-3D,20260955,plane,vel,1.9624277044504697,300384.2198134742
TB5-3D,20260955,plane,pos,-2.2015609929340343,347311.74405666225
TB5-3D,20260955,plane,vel,0.45650911639715436,347311.74405666225
TB5-3D,20260955,plane,pos,1.2326000580736343,775364.2322384855
TB5-3D,20260955,plane,vel,-0.7844234559866409,775364.2322384855
TB5-3D,20260955,plane,pos,-0.5619709220960077,70798.95405383072
TB5-3D,20260955,plane,vel,0.3787848814016374,70798.95405383072
TB5-3D,20260955,range,pos,-0.2367126693321703,89947.86533216813
TB5-3D,20260955,range,vel,0.4782384235546548,89947.86533216813
TB5-3D,20260955,range,pos,-0.6788059608451978,137983.049778935
TB5-3D,20260955,range,vel,0.09099868379596668,137983.049778935
TB5-3D,20260955,range,pos,-1.5776644115428968,166970.40628360776
TB5-3D,20260955,range,vel,1.3946783335798387,166970.40628360776
TB5-3D,20260955,range,pos,-0.15474402896082456,7595.908912967427
TB5-3D,20260955,range,vel,0.1389904716874704,7595.908912967427
TB5-3D,20260955,range,pos,-0.2851968474941024,111013.6786427013
TB5-3D,20260955,range,vel,1.784979655633089,111013.6786427013
TB5-3D,20260955,range,pos,-2.256706695217454,28979.833089328746
TB5-3D,20260955,range,vel,-2.1465192786411995,28979.833089328746
TB5-3D,20260955,range,pos,2.013592186292676,26575.84728132742
TB5-3D,20260955,range,vel,1.927290859963363,26575.84728132742
TB5-3D,20260955,range,pos,0.8603342702471539,90561.89469992048
TB5-3D,20260955,range,vel,-0.14883969680437312,90561.89469992048
TB5-3D,20260955,inplane,pos,0.25878928945483687,89947.86533216813
TB5-3D,20260955,inplane,vel,-0.3371820701653906,89947.86533216813
TB5-3D,20260955,inplane,pos,0.3027794612443382,137983.049778935
TB5-3D,20260955,inplane,vel,-0.5803212128010236,137983.049778935
TB5-3D,20260955,inplane,pos,0.7464414602032373,166970.40628360776
TB5-3D,20260955,inplane,vel,-1.5530997731759209,166970.40628360776
TB5-3D,20260955,inplane,pos,0.838276180000064,7595.908912967427
TB5-3D,20260955,inplane,vel,1.5150063939073453,7595.908912967427
TB5-3D,20260955,inplane,pos,0.7118570072958847,111013.6786427013
TB5-3D,20260955,inplane,vel,-0.4056456957685861,111013.6786427013
TB5-3D,20260955,inplane,pos,1.272308471620291,28979.833089328746
TB5-3D,20260955,inplane,vel,-2.1200400940540254,28979.833089328746
TB5-3D,20260955,inplane,pos,-1.2552052906705646,26575.84728132742
TB5-3D,20260955,inplane,vel,-1.8272612753211208,26575.84728132742
TB5-3D,20260955,inplane,pos,0.21892785803770046,90561.89469992048
TB5-3D,20260955,inplane,vel,0.49420877856840423,90561.89469992048
TB5-3D,20260955,plane,pos,2.4253690579853378,89947.86533216813
TB5-3D,20260955,plane,vel,-0.9424491616294832,89947.86533216813
TB5-3D,20260955,plane,pos,0.8001589288517579,137983.049778935
TB5-3D,20260955,plane,vel,0.21145520876796373,137983.049778935
TB5-3D,20260955,plane,pos,-0.9201499916689955,166970.40628360776
TB5-3D,20260955,plane,vel,0.9274901399120852,166970.40628360776
TB5-3D,20260955,plane,pos,0.9774538131390861,7595.908912967427
TB5-3D,20260955,plane,vel,0.660445917493013,7595.908912967427
TB5-3D,20260955,plane,pos,0.3078211070915953,111013.6786427013
TB5-3D,20260955,plane,vel,1.4141640869494283,111013.6786427013
TB5-3D,20260955,plane,pos,0.7062505577098531,28979.833089328746
TB5-3D,20260955,plane,vel,0.2589312416004144,28979.833089328746
TB5-3D,20260955,plane,pos,-0.23920140502588372,26575.84728132742
TB5-3D,20260955,plane,vel,1.2740905755623402,26575.84728132742
TB5-3D,20260955,plane,pos,-1.4420999407646604,90561.89469992048
TB5-3D,20260955,plane,vel,-1.1603786334774497,90561.89469992048
TB5-3D,20260955,range,pos,0.22385708774512905,11151.084525113014
TB5-3D,20260955,range,vel,-0.08543070341572381,11151.084525113014
TB5-3D,20260955,range,pos,1.2916025014448793,17121.901975153076
TB5-3D,20260955,range,vel,-0.6367885105249567,17121.901975153076
TB5-3D,20260955,range,pos,-1.4169434703694175,71921.79112683736
TB5-3D,20260955,range,vel,2.704539351392093,71921.79112683736
TB5-3D,20260955,range,pos,-1.0999685753158503,25572.541490225132
TB5-3D,20260955,range,vel,-0.4780990716538239,25572.541490225132
TB5-3D,20260955,range,pos,-1.1194140607657732,39862.296285617966
TB5-3D,20260955,range,vel,0.8469196184553761,39862.296285617966
TB5-3D,20260955,range,pos,-0.3522627238699395,27743.55242754501
TB5-3D,20260955,range,vel,0.3670961776725166,27743.55242754501
TB5-3D,20260955,range,pos,1.5207388853673498,12410.64998350958
TB5-3D,20260955,range,vel,-1.740646125758014,12410.64998350958
TB5-3D,20260955,range,pos,0.6792136339387043,4278.958124376443
TB5-3D,20260955,range,vel,0.08465179521340292,4278.958124376443
TB5-3D,20260955,inplane,pos,0.3658901641853628,11151.084525113014
TB5-3D,20260955,inplane,vel,0.2442765545714512,11151.084525113014
TB5-3D,20260955,inplane,pos,-0.7118695868920455,17121.901975153076
TB5-3D,20260955,inplane,vel,-1.2007913845453122,17121.901975153076
TB5-3D,20260955,inplane,pos,1.1043145746866865,71921.79112683736
TB5-3D,20260955,inplane,vel,-1.0593443456562854,71921.79112683736
TB5-3D,20260955,inplane,pos,-0.6172749606243838,25572.541490225132
TB5-3D,20260955,inplane,vel,-1.1647971030177278,25572.541490225132
TB5-3D,20260955,inplane,pos,-0.5354528719727137,39862.296285617966
TB5-3D,20260955,inplane,vel,-1.520417188509347,39862.296285617966
TB5-3D,20260955,inplane,pos,-0.05303161615504522,27743.55242754501
TB5-3D,20260955,inplane,vel,-0.2553484998936627,27743.55242754501
TB5-3D,20260955,inplane,pos,0.8764231911403201,12410.64998350958
TB5-3D,20260955,inplane,vel,1.6903199270448013,12410.64998350958
TB5-3D,20260955,inplane,pos,0.14473767728359702,4278.958124376443
TB5-3D,20260955,inplane,vel,0.6100059292530519,4278.958124376443
TB5-3D,20260955,plane,pos,-0.2566369694235894,11151.084525113014
TB5-3D,20260955,plane,vel,-0.6824394197905416,11151.084525113014
TB5-3D,20260955,plane,pos,-1.0605680255019663,17121.901975153076
TB5-3D,20260955,plane,vel,-0.14536586821950134,17121.901975153076
TB5-3D,20260955,plane,pos,-1.256430002222783,71921.79112683736
TB5-3D,20260955,plane,vel,1.1741100406059233,71921.79112683736
TB5-3D,20260955,plane,pos,-0.4513514059351234,25572.541490225132
TB5-3D,20260955,plane,vel,0.5333264854869856,25572.541490225132
TB5-3D,20260955,plane,pos,0.26577183069307947,39862.296285617966
TB5-3D,20260955,plane,vel,0.7621337710719526,39862.296285617966
TB5-3D,20260955,plane,pos,-0.4761791872307988,27743.55242754501
TB5-3D,20260955,plane,vel,-0.5142604826910839,27743.55242754501
TB5-3D,20260955,plane,pos,0.4167758683598017,12410.64998350958
TB5-3D,20260955,plane,vel,0.09221875368835374,12410.64998350958
TB5-3D,20260955,plane,pos,-0.16438709343277882,4278.958124376443
TB5-3D,20260955,plane,vel,-1.043192777530592,4278.958124376443
TB5-3D,20260955,range,pos,0.4992806547222237,13487398.03465819
TB5-3D,20260955,range,vel,0.31051981684395213,13487398.03465819
TB5-3D,20260955,range,pos,0.6000359311191319,7763.308736868763
TB5-3D,20260955,range,vel,0.6734948318538231,7763.308736868763
TB5-3D,20260955,range,pos,-0.04074792757651412,4210.322101121933
TB5-3D,20260955,range,vel,-0.8413073011573503,4210.322101121933
TB5-3D,20260955,range,pos,-2.204610786026945,6917.756232218333
TB5-3D,20260955,range,vel,-0.1080048332369122,6917.756232218333
TB5-3D,20260955,range,pos,-1.0952465886759757,140695.6669634915
TB5-3D,20260955,range,vel,-1.160592754857777,140695.6669634915
TB5-3D,20260955,range,pos,-0.48701318044308356,10837209.203317825
TB5-3D,20260955,range,vel,-0.43150124621498853,10837209.203317825
TB5-3D,20260955,inplane,pos,-0.8922964029567984,13487398.03465819
TB5-3D,20260955,inplane,vel,-0.9639590065522392,13487398.03465819
TB5-3D,20260955,inplane,pos,0.2774488655361066,7763.308736868763
TB5-3D,20260955,inplane,vel,0.5408173368255265,7763.308736868763
TB5-3D,20260955,inplane,pos,-1.235875490217017,4210.322101121933
TB5-3D,20260955,inplane,vel,-0.08863181040277548,4210.322101121933
TB5-3D,20260955,inplane,pos,-2.283225687978473,6917.756232218333
TB5-3D,20260955,inplane,vel,-2.512003200129382,6917.756232218333
TB5-3D,20260955,inplane,pos,0.006769040979779646,140695.6669634915
TB5-3D,20260955,inplane,vel,1.218250637822133,140695.6669634915
TB5-3D,20260955,inplane,pos,1.3114382015783896,10837209.203317825
TB5-3D,20260955,inplane,vel,-0.35695371361731054,10837209.203317825
TB5-3D,20260955,plane,pos,1.6894149723860887,13487398.03465819
TB5-3D,20260955,plane,vel,0.9392746031715777,13487398.03465819
TB5-3D,20260955,plane,pos,-2.0451007009364153,7763.308736868763
TB5-3D,20260955,plane,vel,-0.3835871182828949,7763.308736868763
TB5-3D,20260955,plane,pos,0.23049574604622974,4210.322101121933
TB5-3D,20260955,plane,vel,-1.1673310384688274,4210.322101121933
TB5-3D,20260955,plane,pos,-0.742957564754508,6917.756232218333
TB5-3D,20260955,plane,vel,0.2729655862889258,6917.756232218333
TB5-3D,20260955,plane,pos,2.2308694380633787,140695.6669634915
TB5-3D,20260955,plane,vel,1.6574328025187,140695.6669634915
TB5-3D,20260955,plane,pos,0.9536388600143957,10837209.203317825
TB5-3D,20260955,plane,vel,0.7668934928208877,10837209.203317825
TB5-3D,20260955,range,pos,-0.35710849302113495,8865368.874187184
TB5-3D,20260955,range,vel,0.22724212146932032,8865368.874187184
TB5-3D,20260955,range,pos,0.4279628307772613,101576.30589683744
TB5-3D,20260955,range,vel,0.3636385105561376,101576.30589683744
TB5-3D,20260955,range,pos,-0.9349423657042936,598587.1816300665
TB5-3D,20260955,range,vel,-1.43502708398389,598587.1816300665
TB5-3D,20260955,range,pos,0.6730837845336858,8809.967406792477
TB5-3D,20260955,range,vel,0.6538373837215893,8809.967406792477
TB5-3D,20260955,range,pos,0.4914408763360307,3410.754240142774
TB5-3D,20260955,range,vel,0.4715351021069847,3410.754240142774
TB5-3D,20260955,range,pos,-1.100602811381965,2113.2031524762447
TB5-3D,20260955,range,vel,-0.8626305527209228,2113.2031524762447
TB5-3D,20260955,range,pos,-1.2986386754284662,196836.0254656845
TB5-3D,20260955,range,vel,1.1753752171097924,196836.0254656845
TB5-3D,20260955,range,pos,-0.3872157542498546,411262.87918847305
TB5-3D,20260955,range,vel,-0.004979395331849665,411262.87918847305
TB5-3D,20260955,inplane,pos,0.05177971008752463,8865368.874187184
TB5-3D,20260955,inplane,vel,0.17662449126980267,8865368.874187184
TB5-3D,20260955,inplane,pos,0.9275863853041524,101576.30589683744
TB5-3D,20260955,inplane,vel,-0.5174483665064249,101576.30589683744
TB5-3D,20260955,inplane,pos,-1.1626031691434549,598587.1816300665
TB5-3D,20260955,inplane,vel,-0.846996830019495,598587.1816300665
TB5-3D,20260955,inplane,pos,0.07210012745987449,8809.967406792477
TB5-3D,20260955,inplane,vel,0.692298054979304,8809.967406792477
TB5-3D,20260955,inplane,pos,-0.8700758805903067,3410.754240142774
TB5-3D,20260955,inplane,vel,0.6622787058324212,3410.754240142774
TB5-3D,20260955,inplane,pos,1.0841619230199884,2113.2031524762447
TB5-3D,20260955,inplane,vel,1.7312392791017115,2113.2031524762447
TB5-3D,20260955,inplane,pos,0.49689757036611026,196836.0254656845
TB5-3D,20260955,inplane,vel,-1.0690238249685289,196836.0254656845
TB5-3D,20260955,inplane,pos,-0.8416068127638096,411262.87918847305
TB5-3D,20260955,inplane,vel,-0.14755688589452978,411262.87918847305
TB5-3D,20260955,plane,pos,0.18520865352014712,8865368.874187184
TB5-3D,20260955,plane,vel,0.2384054829840544,8865368.874187184
TB5-3D,20260955,plane,pos,-1.6519504962216724,101576.30589683744
TB5-3D,20260955,plane,vel,-1.001602479763332,101576.30589683744
TB5-3D,20260955,plane,pos,0.9460992522068473,598587.1816300665
TB5-3D,20260955,plane,vel,0.2582483267561444,598587.1816300665
TB5-3D,20260955,plane,pos,-0.33541051245033976,8809.967406792477
TB5-3D,20260955,plane,vel,0.06892493229189559,8809.967406792477
TB5-3D,20260955,plane,pos,0.8612261155513483,3410.754240142774
TB5-3D,20260955,plane,vel,-0.9687947588745222,3410.754240142774
TB5-3D,20260955,plane,pos,-0.10471139000959434,2113.2031524762447
TB5-3D,20260955,plane,vel,0.6362222403222259,2113.2031524762447
TB5-3D,20260955,plane,pos,0.07188126000509006,196836.0254656845
TB5-3D,20260955,plane,vel,-0.14550154339525853,196836.0254656845
TB5-3D,20260955,plane,pos,-1.2496595419382601,411262.87918847305
TB5-3D,20260955,plane,vel,0.9817381966035487,411262.87918847305
TB5-3D,20260955,range,pos,0.33213637795081824,95878.22128580874
TB5-3D,20260955,range,vel,0.6086061576788262,95878.22128580874
TB5-3D,20260955,range,pos,1.3354525096334007,30370.708004734704
TB5-3D,20260955,range,vel,1.6113153238867537,30370.708004734704
TB5-3D,20260955,range,pos,0.5944649338347238,44250.18905368945
TB5-3D,20260955,range,vel,0.9444405718060185,44250.18905368945
TB5-3D,20260955,range,pos,-0.5242841045854818,3132.7790528961186
TB5-3D,20260955,range,vel,0.4987392873552293,3132.7790528961186
TB5-3D,20260955,range,pos,-1.0279103472442725,3345.689761566747
TB5-3D,20260955,range,vel,1.0371322868595914,3345.689761566747
TB5-3D,20260955,range,pos,-0.12900394772640822,2714.3400590072106
TB5-3D,20260955,range,vel,0.21893507804785994,2714.3400590072106
TB5-3D,20260955,range,pos,1.0558598186481212,77334.62431885258
TB5-3D,20260955,range,vel,-1.5683288598407181,77334.62431885258
TB5-3D,20260955,range,pos,0.13281509061629243,133671.2441978486
TB5-3D,20260955,range,vel,-0.8359092863772858,133671.2441978486
TB5-3D,20260955,inplane,pos,1.871445951417293,95878.22128580874
TB5-3D,20260955,inplane,vel,1.2162321917468017,95878.22128580874
TB5-3D,20260955,inplane,pos,1.342766201408302,30370.708004734704
TB5-3D,20260955,inplane,vel,1.3272113451976026,30370.708004734704
TB5-3D,20260955,inplane,pos,-0.7403058905441302,44250.18905368945
TB5-3D,20260955,inplane,vel,-0.09650766778613594,44250.18905368945
TB5-3D,20260955,inplane,pos,-0.5017224177887837,3132.7790528961186
TB5-3D,20260955,inplane,vel,-0.4474888413216911,3132.7790528961186
TB5-3D,20260955,inplane,pos,-1.032248295592866,3345.689761566747
TB5-3D,20260955,inplane,vel,-1.0351643268599158,3345.689761566747
TB5-3D,20260955,inplane,pos,-0.19213417316367057,2714.3400590072106
TB5-3D,20260955,inplane,vel,-0.5224035489434842,2714.3400590072106
TB5-3D,20260955,inplane,pos,-0.13677060110633976,77334.62431885258
TB5-3D,20260955,inplane,vel,1.0834125871908407,77334.62431885258
TB5-3D,20260955,inplane,pos,-1.6052047707222807,133671.2441978486
TB5-3D,20260955,inplane,vel,-0.34836301805072506,133671.2441978486
TB5-3D,20260955,plane,pos,-0.031131263370499963,95878.22128580874
TB5-3D,20260955,plane,vel,-1.532455504503157,95878.22128580874
TB5-3D,20260955,plane,pos,0.4517760926907354,30370.708004734704
TB5-3D,20260955,plane,vel,1.0363451161409967,30370.708004734704
TB5-3D,20260955,plane,pos,0.6237441203398137,44250.18905368945
TB5-3D,20260955,plane,vel,0.9874370652401949,44250.18905368945
TB5-3D,20260955,plane,pos,-0.3236734396032497,3132.7790528961186
TB5-3D,20260955,plane,vel,-0.025289610958137688,3132.7790528961186
TB5-3D,20260955,plane,pos,0.5839274139459841,3345.689761566747
TB5-3D,20260955,plane,vel,-0.5744419640671629,3345.689761566747
TB5-3D,20260955,plane,pos,0.5199996830343311,2714.3400590072106
TB5-3D,20260955,plane,vel,0.049525881220653704,2714.3400590072106
TB5-3D,20260955,plane,pos,-0.03090831103187428,77334.62431885258
TB5-3D,20260955,plane,vel,-0.45955751798266614,77334.62431885258
TB5-3D,20260955,plane,pos,0.39278316559450294,133671.2441978486
TB5-3D,20260955,plane,vel,-1.6444152182990253,133671.2441978486
TB5-3D,20260962,range,pos,0.06304992430935373,897165.1419084076
TB5-3D,20260962,range,vel,-0.3952331729138035,897165.1419084076
TB5-3D,20260962,range,pos,1.6080298048902693,6302780.4498393545
TB5-3D,20260962,range,vel,-1.3423422143978425,6302780.4498393545
TB5-3D,20260962,range,pos,-0.0004647606587583433,207969.2754724576
TB5-3D,20260962,range,vel,0.5160318673930689,207969.2754724576
TB5-3D,20260962,range,pos,-1.0927993008027026,5410282.836623067
TB5-3D,20260962,range,vel,-0.5994978039174111,5410282.836623067
TB5-3D,20260962,range,pos,-0.4475921319441845,138172.7953840595
TB5-3D,20260962,range,vel,0.03166886649812128,138172.7953840595
TB5-3D,20260962,range,pos,0.048586164562213555,2464875.430317279
TB5-3D,20260962,range,vel,-0.24091043499598494,2464875.430317279
TB5-3D,20260962,range,pos,-0.7239694749180352,323170.96885905595
TB5-3D,20260962,range,vel,0.7449046060400704,323170.96885905595
TB5-3D,20260962,range,pos,-0.5992944167337315,497329.3328072687
TB5-3D,20260962,range,vel,1.048834501785639,497329.3328072687
TB5-3D,20260962,inplane,pos,-0.1495131538494109,897165.1419084076
TB5-3D,20260962,inplane,vel,0.3742440472808609,897165.1419084076
TB5-3D,20260962,inplane,pos,1.6068841666115192,6302780.4498393545
TB5-3D,20260962,inplane,vel,1.8556906488363216,6302780.4498393545
TB5-3D,20260962,inplane,pos,-0.20726795995305422,207969.2754724576
TB5-3D,20260962,inplane,vel,1.6825460091774147,207969.2754724576
TB5-3D,20260962,inplane,pos,-2.3258327994996892,5410282.836623067
TB5-3D,20260962,inplane,vel,-1.944854499849853,5410282.836623067
TB5-3D,20260962,inplane,pos,1.5177263460406971,138172.7953840595
TB5-3D,20260962,inplane,vel,0.3395721374262501,138172.7953840595
TB5-3D,20260962,inplane,pos,-0.0010542619303280324,2464875.430317279
TB5-3D,20260962,inplane,vel,0.3229154950351831,2464875.430317279
TB5-3D,20260962,inplane,pos,-1.1456135818758022,323170.96885905595
TB5-3D,20260962,inplane,vel,-1.444205923067279,323170.96885905595
TB5-3D,20260962,inplane,pos,0.1157437098338203,497329.3328072687
TB5-3D,20260962,inplane,vel,-0.8067442595480945,497329.3328072687
TB5-3D,20260962,plane,pos,1.0188568172092327,897165.1419084076
TB5-3D,20260962,plane,vel,0.02066027323028014,897165.1419084076
TB5-3D,20260962,plane,pos,0.15745478020900835,6302780.4498393545
TB5-3D,20260962,plane,vel,-0.26602077560270343,6302780.4498393545
TB5-3D,20260962,plane,pos,-0.6540853161298499,207969.2754724576
TB5-3D,20260962,plane,vel,0.3828313346624485,207969.2754724576
TB5-3D,20260962,plane,pos,2.1143649134117632,5410282.836623067
TB5-3D,20260962,plane,vel,-0.8561981426140951,5410282.836623067
TB5-3D,20260962,plane,pos,0.4908432314959801,138172.7953840595
TB5-3D,20260962,plane,vel,-0.10563134845533545,138172.7953840595
TB5-3D,20260962,plane,pos,-0.6782686533813284,2464875.430317279
TB5-3D,20260962,plane,vel,0.36476337674732207,2464875.430317279
TB5-3D,20260962,plane,pos,-2.2449614190710903,323170.96885905595
TB5-3D,20260962,plane,vel,-1.5829091753449565,323170.96885905595
TB5-3D,20260962,plane,pos,-0.9014129203913229,497329.3328072687
TB5-3D,20260962,plane,vel,0.9108947255465135,497329.3328072687
TB5-3D,20260962,range,pos,-0.11314962858575396,62584.39480952074
TB5-3D,20260962,range,vel,-0.7691207670595492,62584.39480952074
TB5-3D,20260962,range,pos,-0.8186617084775583,695175.6379005564
TB5-3D,20260962,range,vel,0.7258590984253395,695175.6379005564
TB5-3D,20260962,range,pos,-0.4183333285564815,9163.256849762509
TB5-3D,20260962,range,vel,-0.07945814292344724,9163.256849762509
TB5-3D,20260962,range,pos,0.7136468974286467,177491.31842830844
TB5-3D,20260962,range,vel,1.4329659178174605,177491.31842830844
TB5-3D,20260962,range,pos,1.3811804539919172,101792.75794267823
TB5-3D,20260962,range,vel,0.47503198544441094,101792.75794267823
TB5-3D,20260962,range,pos,1.1045282648188004,14609.527234945928
TB5-3D,20260962,range,vel,0.9363540191947548,14609.527234945928
TB5-3D,20260962,range,pos,0.8579947984955597,86373.05708454506
TB5-3D,20260962,range,vel,-0.9493384342843691,86373.05708454506
TB5-3D,20260962,range,pos,0.8109582621514824,78475.96560448017
TB5-3D,20260962,range,vel,-0.4042479253972123,78475.96560448017
TB5-3D,20260962,inplane,pos,-1.4165904031865093,62584.39480952074
TB5-3D,20260962,inplane,vel,-0.47617660701288755,62584.39480952074
TB5-3D,20260962,inplane,pos,-0.902064476658808,695175.6379005564
TB5-3D,20260962,inplane,vel,-0.952084932422138,695175.6379005564
TB5-3D,20260962,inplane,pos,1.0943423579196287,9163.256849762509
TB5-3D,20260962,inplane,vel,-0.35600688777974654,9163.256849762509
TB5-3D,20260962,inplane,pos,-0.9590489683487533,177491.31842830844
TB5-3D,20260962,inplane,vel,-0.45751310677146784,177491.31842830844
TB5-3D,20260962,inplane,pos,1.7312723696319048,101792.75794267823
TB5-3D,20260962,inplane,vel,0.7112384686922301,101792.75794267823
TB5-3D,20260962,inplane,pos,0.8823125529288157,14609.527234945928
TB5-3D,20260962,inplane,vel,0.7645096511358712,14609.527234945928
TB5-3D,20260962,inplane,pos,0.5328107088165801,86373.05708454506
TB5-3D,20260962,inplane,vel,0.9623085745864041,86373.05708454506
TB5-3D,20260962,inplane,pos,-0.13191444894849336,78475.96560448017
TB5-3D,20260962,inplane,vel,-0.15241113269107737,78475.96560448017
TB5-3D,20260962,plane,pos,-0.20787876642289574,62584.39480952074
TB5-3D,20260962,plane,vel,-0.9505005308219996,62584.39480952074
TB5-3D,20260962,plane,pos,0.8549667090316242,695175.6379005564
TB5-3D,20260962,plane,vel,-0.7412869544762178,695175.6379005564
TB5-3D,20260962,plane,pos,-0.34751591155597983,9163.256849762509
TB5-3D,20260962,plane,vel,-1.3775834393902293,9163.256849762509
TB5-3D,20260962,plane,pos,1.1711224421056015,177491.31842830844
TB5-3D,20260962,plane,vel,-0.8702138452105349,177491.31842830844
TB5-3D,20260962,plane,pos,-0.7925739826556923,101792.75794267823
TB5-3D,20260962,plane,vel,1.3387459737712968,101792.75794267823
TB5-3D,20260962,plane,pos,-0.22871863945967924,14609.527234945928
TB5-3D,20260962,plane,vel,0.15724998463354325,14609.527234945928
TB5-3D,20260962,plane,pos,-0.3373234005725434,86373.05708454506
TB5-3D,20260962,plane,vel,0.37177677733358644,86373.05708454506
TB5-3D,20260962,plane,pos,0.8052114641837482,78475.96560448017
TB5-3D,20260962,plane,vel,-0.1703461815442894,78475.96560448017
TB5-3D,20260962,range,pos,-1.1400695945499415,20440.261319974743
TB5-3D,20260962,range,vel,1.0782581244805116,20440.261319974743
TB5-3D,20260962,range,pos,0.06910439245778267,57696.504986148844
TB5-3D,20260962,range,vel,0.36642796196135474,57696.504986148844
TB5-3D,20260962,range,pos,1.3035696334461007,3360.07889772055
TB5-3D,20260962,range,vel,-0.5202574479368799,3360.07889772055
TB5-3D,20260962,range,pos,0.047337931905100765,116489.9087823421
TB5-3D,20260962,range,vel,-0.0713809610730045,116489.9087823421
TB5-3D,20260962,range,pos,0.6859618782612742,38431.50574063107
TB5-3D,20260962,range,vel,-0.438329211132335,38431.50574063107
TB5-3D,20260962,range,pos,0.15167936234231344,18599.259506992592
TB5-3D,20260962,range,vel,-0.02025950749175985,18599.259506992592
TB5-3D,20260962,range,pos,-0.40697457894258293,7784.301217700666
TB5-3D,20260962,range,vel,-0.44764259864762385,7784.301217700666
TB5-3D,20260962,range,pos,1.5970681651280143,11962.219265843305
TB5-3D,20260962,range,vel,-1.3615454279357118,11962.219265843305
TB5-3D,20260962,inplane,pos,-0.1271213703545873,20440.261319974743
TB5-3D,20260962,inplane,vel,-1.1173819169224397,20440.261319974743
TB5-3D,20260962,inplane,pos,0.18065159722075388,57696.504986148844
TB5-3D,20260962,inplane,vel,-0.18665463500039436,57696.504986148844
TB5-3D,20260962,inplane,pos,-0.48914298625043234,3360.07889772055
TB5-3D,20260962,inplane,vel,-1.1763203797055921,3360.07889772055
TB5-3D,20260962,inplane,pos,-0.024186807996894634,116489.9087823421
TB5-3D,20260962,inplane,vel,-0.17260344508322398,116489.9087823421
TB5-3D,20260962,inplane,pos,-0.09155195677135322,38431.50574063107
TB5-3D,20260962,inplane,vel,0.7343325311620585,38431.50574063107
TB5-3D,20260962,inplane,pos,0.10098267253558996,18599.259506992592
TB5-3D,20260962,inplane,vel,0.2735135737603496,18599.259506992592
TB5-3D,20260962,inplane,pos,-0.5584532687433313,7784.301217700666
TB5-3D,20260962,inplane,vel,-0.5662323760891699,7784.301217700666
TB5-3D,20260962,inplane,pos,0.37587157105858104,11962.219265843305
TB5-3D,20260962,inplane,vel,0.7759932892355389,11962.219265843305
TB5-3D,20260962,plane,pos,-0.9288552437657229,20440.261319974743
TB5-3D,20260962,plane,vel,-0.06411007825554711,20440.261319974743
TB5-3D,20260962,plane,pos,0.7246092484218036,57696.504986148844
TB5-3D,20260962,plane,vel,0.41109485368938736,57696.504986148844
TB5-3D,20260962,plane,pos,0.8940273209476679,3360.07889772055
TB5-3D,20260962,plane,vel,-0.7148022641056181,3360.07889772055
TB5-3D,20260962,plane,pos,-2.034574935140316,116489.9087823421
TB5-3D,20260962,plane,vel,0.38571007756990416,116489.9087823421
TB5-3D,20260962,plane,pos,-0.28453291710290696,38431.50574063107
TB5-3D,20260962,plane,vel,0.15583611361115254,38431.50574063107
TB5-3D,20260962,plane,pos,-0.6623063029855429,18599.259506992592
TB5-3D,20260962,plane,vel,0.45587150279003835,18599.259506992592
TB5-3D,20260962,plane,pos,0.11387807073987208,7784.301217700666
TB5-3D,20260962,plane,vel,0.7688474738283281,7784.301217700666
TB5-3D,20260962,plane,pos,1.82318816357185,11962.219265843305
TB5-3D,20260962,plane,vel,1.0841184623758247,11962.219265843305
TB5-3D,20260962,range,pos,1.3614187976603387,2976.9160303769804
TB5-3D,20260962,range,vel,-1.3641642927334683,2976.9160303769804
TB5-3D,20260962,range,pos,-0.726235915854665,24488.68543083482
TB5-3D,20260962,range,vel,-1.090314906308173,24488.68543083482
TB5-3D,20260962,range,pos,0.3982354616507019,3009810.544980611
TB5-3D,20260962,range,vel,-0.3156317083935606,3009810.544980611
TB5-3D,20260962,range,pos,-1.1146717093187941,190163.27654516743
TB5-3D,20260962,range,vel,0.5717724183654895,190163.27654516743
TB5-3D,20260962,range,pos,0.2619966762232538,702822.124205126
TB5-3D,20260962,range,vel,-0.38504958431346,702822.124205126
TB5-3D,20260962,range,pos,0.29984152345217047,695921.5733463635
TB5-3D,20260962,range,vel,-0.24833204192641622,695921.5733463635
TB5-3D,20260962,range,pos,0.7360544397890505,2623.3062733670176
TB5-3D,20260962,range,vel,0.4336184186774254,2623.3062733670176
TB5-3D,20260962,inplane,pos,1.2365227773395557,2976.9160303769804
TB5-3D,20260962,inplane,vel,1.3210520613387557,2976.9160303769804
TB5-3D,20260962,inplane,pos,-0.9494260835331664,24488.68543083482
TB5-3D,20260962,inplane,vel,-1.3469267470922026,24488.68543083482
TB5-3D,20260962,inplane,pos,-0.8605709334923618,3009810.544980611
TB5-3D,20260962,inplane,vel,0.5865385733754577,3009810.544980611
TB5-3D,20260962,inplane,pos,-0.7189165411064095,190163.27654516743
TB5-3D,20260962,inplane,vel,-1.2537913760904706,190163.27654516743
TB5-3D,20260962,inplane,pos,-0.1321177865536433,702822.124205126
TB5-3D,20260962,inplane,vel,0.5894074315162103,702822.124205126
TB5-3D,20260962,inplane,pos,0.17159930000876977,695921.5733463635
TB5-3D,20260962,inplane,vel,0.28475124511445177,695921.5733463635
TB5-3D,20260962,inplane,pos,-0.6823678334831818,2623.3062733670176
TB5-3D,20260962,inplane,vel,0.6677610713353299,2623.3062733670176
TB5-3D,20260962,plane,pos,-0.011133065767854528,2976.9160303769804
TB5-3D,20260962,plane,vel,0.9985907363976132,2976.9160303769804
TB5-3D,20260962,plane,pos,2.1276748292328502,24488.68543083482
TB5-3D,20260962,plane,vel,0.35061972622197285,24488.68543083482
TB5-3D,20260962,plane,pos,-0.6339089884157774,3009810.544980611
TB5-3D,20260962,plane,vel,-0.5402964380584179,3009810.544980611
TB5-3D,20260962,plane,pos,1.630458142207308,190163.27654516743
TB5-3D,20260962,plane,vel,0.8018851611544331,190163.27654516743
TB5-3D,20260962,plane,pos,-0.3372371124789161,702822.124205126
TB5-3D,20260962,plane,vel,-1.4494440200902456,702822.124205126
TB5-3D,20260962,plane,pos,0.04149085018105881,695921.5733463635
TB5-3D,20260962,plane,vel,-0.9249883763861241,695921.5733463635
TB5-3D,20260962,plane,pos,0.41807897153331536,2623.3062733670176
TB5-3D,20260962,plane,vel,-0.4234916625084461,2623.3062733670176
TB5-3D,20260962,range,pos,-1.211351305701522,12600054.64504786
TB5-3D,20260962,range,vel,-0.8906277589956424,12600054.64504786
TB5-3D,20260962,range,pos,0.4519400511880565,5043.5221029914255
TB5-3D,20260962,range,vel,-0.39454063913090054,5043.5221029914255
TB5-3D,20260962,range,pos,0.7692104968273319,391489.104795232
TB5-3D,20260962,range,vel,-0.20781587712672994,391489.104795232
TB5-3D,20260962,range,pos,-1.6053865759235713,129925.83931154126
TB5-3D,20260962,range,vel,1.5154620920069868,129925.83931154126
TB5-3D,20260962,range,pos,1.1088584014306637,43599.834882869865
TB5-3D,20260962,range,vel,1.3017746952006704,43599.834882869865
TB5-3D,20260962,range,pos,-1.0390463695190137,3336398.304308639
TB5-3D,20260962,range,vel,-1.0586480276074224,3336398.304308639
TB5-3D,20260962,range,pos,0.7665243906556642,158876.33962417944
TB5-3D,20260962,range,vel,-1.0164766584121772,158876.33962417944
TB5-3D,20260962,range,pos,0.9488693889514407,4935.867163612282
TB5-3D,20260962,range,vel,-0.7736422015939055,4935.867163612282
TB5-3D,20260962,inplane,pos,0.4153884806106333,12600054.64504786
TB5-3D,20260962,inplane,vel,0.2857698518870088,12600054.64504786
TB5-3D,20260962,inplane,pos,0.05066537131782243,5043.5221029914255
TB5-3D,20260962,inplane,vel,0.23828696864420953,5043.5221029914255
TB5-3D,20260962,inplane,pos,0.7086937201740654,391489.104795232
TB5-3D,20260962,inplane,vel,0.8214357887640309,391489.104795232
TB5-3D,20260962,inplane,pos,0.15175797351079798,129925.83931154126
TB5-3D,20260962,inplane,vel,-1.59448568250412,129925.83931154126
TB5-3D,20260962,inplane,pos,2.9719970566924205,43599.834882869865
TB5-3D,20260962,inplane,vel,1.1868457481393855,43599.834882869865
TB5-3D,20260962,inplane,pos,0.5276061818040809,3336398.304308639
TB5-3D,20260962,inplane,vel,-1.0256490824669107,3336398.304308639
TB5-3D,20260962,inplane,pos,0.32523291472410626,158876.33962417944
TB5-3D,20260962,inplane,vel,0.7569138628898375,158876.33962417944
TB5-3D,20260962,inplane,pos,0.9388333054326198,4935.867163612282
TB5-3D,20260962,inplane,vel,1.0097514462866202,4935.867163612282
TB5-3D,20260962,plane,pos,-0.9395248652031344,12600054.64504786
TB5-3D,20260962,plane,vel,-0.9260557090130952,12600054.64504786
TB5-3D,20260962,plane,pos,0.5323925895234398,5043.5221029914255
TB5-3D,20260962,plane,vel,-0.6701753813980357,5043.5221029914255
TB5-3D,20260962,plane,pos,0.35343394616967716,391489.104795232
TB5-3D,20260962,plane,vel,-0.2857099390645147,391489.104795232
TB5-3D,20260962,plane,pos,1.0811968385983397,129925.83931154126
TB5-3D,20260962,plane,vel,1.4492754798369263,129925.83931154126
TB5-3D,20260962,plane,pos,0.24823835705337838,43599.834882869865
TB5-3D,20260962,plane,vel,0.8169284898157698,43599.834882869865
TB5-3D,20260962,plane,pos,0.610574535769668,3336398.304308639
TB5-3D,20260962,plane,vel,-0.9787120817312199,3336398.304308639
TB5-3D,20260962,plane,pos,0.39641447740359437,158876.33962417944
TB5-3D,20260962,plane,vel,0.14704708934676977,158876.33962417944
TB5-3D,20260962,plane,pos,-0.013504235057956547,4935.867163612282
TB5-3D,20260962,plane,vel,-0.611318506812433,4935.867163612282
TB5-3D,20260962,range,pos,-2.0271786009663364,237965.87141344693
TB5-3D,20260962,range,vel,1.4830008595866617,237965.87141344693
TB5-3D,20260962,range,pos,0.3089647892124281,35827.7292816042
TB5-3D,20260962,range,vel,1.2396122872184334,35827.7292816042
TB5-3D,20260962,range,pos,-0.5277026416283066,10468.526822584294
TB5-3D,20260962,range,vel,0.29481178917490525,10468.526822584294
TB5-3D,20260962,range,pos,-1.3897274861783364,15471.014577778336
TB5-3D,20260962,range,vel,0.8149253814234945,15471.014577778336
TB5-3D,20260962,range,pos,1.0145299571916597,310544.39227405447
TB5-3D,20260962,range,vel,-0.6502300731463386,310544.39227405447
TB5-3D,20260962,range,pos,0.362286185194649,3821.0681456030075
TB5-3D,20260962,range,vel,0.33835740654865193,3821.0681456030075
TB5-3D,20260962,range,pos,0.7372261916452937,4100.932974119458
TB5-3D,20260962,range,vel,0.6331402321838905,4100.932974119458
TB5-3D,20260962,inplane,pos,-0.18123535098774987,237965.87141344693
TB5-3D,20260962,inplane,vel,-2.0905518471650297,237965.87141344693
TB5-3D,20260962,inplane,pos,1.3926702416846248,35827.7292816042
TB5-3D,20260962,inplane,vel,0.4132429995939826,35827.7292816042
TB5-3D,20260962,inplane,pos,0.990249077223631,10468.526822584294
TB5-3D,20260962,inplane,vel,0.7416367340671515,10468.526822584294
TB5-3D,20260962,inplane,pos,-1.0020396068763524,15471.014577778336
TB5-3D,20260962,inplane,vel,-1.4812360895915815,15471.014577778336
TB5-3D,20260962,inplane,pos,-0.7703651942005388,310544.39227405447
TB5-3D,20260962,inplane,vel,0.8542651976338486,310544.39227405447
TB5-3D,20260962,inplane,pos,0.5815714877148919,3821.0681456030075
TB5-3D,20260962,inplane,vel,0.15254359909822993,3821.0681456030075
TB5-3D,20260962,inplane,pos,-0.6521191865007379,4100.932974119458
TB5-3D,20260962,inplane,vel,0.7182269438102231,4100.932974119458
TB5-3D,20260962,plane,pos,0.1047390194889976,237965.87141344693
TB5-3D,20260962,plane,vel,-1.2250255216605357,237965.87141344693
TB5-3D,20260962,plane,pos,-0.4517653336284634,35827.7292816042
TB5-3D,20260962,plane,vel,-1.0597155752708214,35827.7292816042
TB5-3D,20260962,plane,pos,0.28168351918900364,10468.526822584294
TB5-3D,20260962,plane,vel,-1.0258271182685779,10468.526822584294
TB5-3D,20260962,plane,pos,-0.03672457073023506,15471.014577778336
TB5-3D,20260962,plane,vel,0.9384915991850323,15471.014577778336
TB5-3D,20260962,plane,pos,1.0646887999005334,310544.39227405447
TB5-3D,20260962,plane,vel,0.016348548094739887,310544.39227405447
TB5-3D,20260962,plane,pos,1.0003417462053714,3821.0681456030075
TB5-3D,20260962,plane,vel,1.0563524570963945,3821.0681456030075
TB5-3D,20260962,plane,pos,-0.14150930415341134,4100.932974119458
TB5-3D,20260962,plane,vel,-0.793448448239898,4100.932974119458
TB5-3D,20260969,range,pos,-0.5246089143028813,318057.2011747151
TB5-3D,20260969,range,vel,0.5573531749106837,318057.2011747151
TB5-3D,20260969,range,pos,-0.7142032460666283,7931829.543325749
TB5-3D,20260969,range,vel,-1.442518565668553,7931829.543325749
TB5-3D,20260969,range,pos,-0.26026355741853524,552107.2233231689
TB5-3D,20260969,range,vel,-0.42972070774258814,552107.2233231689
TB5-3D,20260969,range,pos,0.10770466274626396,305741.8326575244
TB5-3D,20260969,range,vel,0.017728957680493394,305741.8326575244
TB5-3D,20260969,range,pos,0.00545096943967132,464641.61491531786
TB5-3D,20260969,range,vel,-1.0645660112014483,464641.61491531786
TB5-3D,20260969,range,pos,-2.3605285887032776,3976924.461908321
TB5-3D,20260969,range,vel,-0.3157374290617108,3976924.461908321
TB5-3D,20260969,range,pos,-0.35270118246670096,88535.6930033911
TB5-3D,20260969,range,vel,-0.6159453119008287,88535.6930033911
TB5-3D,20260969,range,pos,1.4625614896284158,487433.57216528745
TB5-3D,20260969,range,vel,-0.8843838887106351,487433.57216528745
TB5-3D,20260969,inplane,pos,0.5801894596845798,318057.2011747151
TB5-3D,20260969,inplane,vel,0.24335817274639174,318057.2011747151
TB5-3D,20260969,inplane,pos,-0.2735612666157637,7931829.543325749
TB5-3D,20260969,inplane,vel,-0.8173713683847806,7931829.543325749
TB5-3D,20260969,inplane,pos,-1.2103485311260305,552107.2233231689
TB5-3D,20260969,inplane,vel,-0.5351149891235146,552107.2233231689
TB5-3D,20260969,inplane,pos,0.3726368801223612,305741.8326575244
TB5-3D,20260969,inplane,vel,0.16967334962965058,305741.8326575244
TB5-3D,20260969,inplane,pos,-1.6565188138900016,464641.61491531786
TB5-3D,20260969,inplane,vel,-0.3685958083015412,464641.61491531786
TB5-3D,20260969,inplane,pos,3.3066324091373116,3976924.461908321
TB5-3D,20260969,inplane,vel,-2.4921362818272983,3976924.461908321
TB5-3D,20260969,inplane,pos,-1.0465319105738566,88535.6930033911
TB5-3D,20260969,inplane,vel,-0.8049058146766913,88535.6930033911
TB5-3D,20260969,inplane,pos,0.2509850322312055,487433.57216528745
TB5-3D,20260969,inplane,vel,0.1373032878606945,487433.57216528745
TB5-3D,20260969,plane,pos,0.6058632285479554,318057.2011747151
TB5-3D,20260969,plane,vel,-0.26605727162231635,318057.2011747151
TB5-3D,20260969,plane,pos,0.43051238742867554,7931829.543325749
TB5-3D,20260969,plane,vel,-0.6705659749921155,7931829.543325749
TB5-3D,20260969,plane,pos,-1.2726708283782673,552107.2233231689
TB5-3D,20260969,plane,vel,0.20559848237231343,552107.2233231689
TB5-3D,20260969,plane,pos,-1.0713998857319478,305741.8326575244
TB5-3D,20260969,plane,vel,-0.5672272437171377,305741.8326575244
TB5-3D,20260969,plane,pos,0.6120533755510317,464641.61491531786
TB5-3D,20260969,plane,vel,-0.09214618396019685,464641.61491531786
TB5-3D,20260969,plane,pos,-0.4920869940478005,3976924.461908321
TB5-3D,20260969,plane,vel,1.144855385841936,3976924.461908321
TB5-3D,20260969,plane,pos,-0.7402222510761018,88535.6930033911
TB5-3D,20260969,plane,vel,-0.7237309309032437,88535.6930033911
TB5-3D,20260969,plane,pos,0.28682142417313955,487433.57216528745
TB5-3D,20260969,plane,vel,0.7977469194363883,487433.57216528745
TB5-3D,20260969,range,pos,0.7282329279852608,217718.87564449207
TB5-3D,20260969,range,vel,0.6281434984171713,217718.87564449207
TB5-3D,20260969,range,pos,0.11987225455622706,149378.74791716173
TB5-3D,20260969,range,vel,0.2322657510128322,149378.74791716173
TB5-3D,20260969,range,pos,-2.1038701834862326,51483.22550822982
TB5-3D,20260969,range,vel,-2.3973253773872574,51483.22550822982
TB5-3D,20260969,range,pos,0.17143791725361998,65471.17057115479
TB5-3D,20260969,range,vel,-0.11635256441954983,65471.17057115479
TB5-3D,20260969,range,pos,0.16481067511550843,62842.670903979735
TB5-3D,20260969,range,vel,-0.30963205919501097,62842.670903979735
TB5-3D,20260969,range,pos,0.5822586427407033,220549.88986950694
TB5-3D,20260969,range,vel,-1.3279494517405335,220549.88986950694
TB5-3D,20260969,range,pos,-1.3053465755852072,78118.53326651524
TB5-3D,20260969,range,vel,0.7844270158112577,78118.53326651524
TB5-3D,20260969,range,pos,-1.3404514252434427,77678.74855176147
TB5-3D,20260969,range,vel,1.4633114661104312,77678.74855176147
TB5-3D,20260969,inplane,pos,0.5750164076101257,217718.87564449207
TB5-3D,20260969,inplane,vel,0.5724030934149764,217718.87564449207
TB5-3D,20260969,inplane,pos,0.6241931664557008,149378.74791716173
TB5-3D,20260969,inplane,vel,0.17913330266615812,149378.74791716173
TB5-3D,20260969,inplane,pos,-2.2061236777042774,51483.22550822982
TB5-3D,20260969,inplane,vel,-2.269145630407408,51483.22550822982
TB5-3D,20260969,inplane,pos,-0.28219848996447633,65471.17057115479
TB5-3D,20260969,inplane,vel,-0.22505200013138008,65471.17057115479
TB5-3D,20260969,inplane,pos,-0.09102764748590665,62842.670903979735
TB5-3D,20260969,inplane,vel,0.016821655736410115,62842.670903979735
TB5-3D,20260969,inplane,pos,-1.1393098058278652,220549.88986950694
TB5-3D,20260969,inplane,vel,0.45288062423377584,220549.88986950694
TB5-3D,20260969,inplane,pos,-0.6214183264002134,78118.53326651524
TB5-3D,20260969,inplane,vel,-1.045240588179747,78118.53326651524
TB5-3D,20260969,inplane,pos,0.2933871390880243,77678.74855176147
TB5-3D,20260969,inplane,vel,-1.4002441946093702,77678.74855176147
TB5-3D,20260969,plane,pos,-0.9980093344702384,217718.87564449207
TB5-3D,20260969,plane,vel,0.7186475196298127,217718.87564449207
TB5-3D,20260969,plane,pos,-1.1296196122861828,149378.74791716173
TB5-3D,20260969,plane,vel,-1.223849400758949,149378.74791716173
TB5-3D,20260969,plane,pos,-0.6947154949866492,51483.22550822982
TB5-3D,20260969,plane,vel,-1.441005315462921,51483.22550822982
TB5-3D,20260969,plane,pos,0.770076557212627,65471.17057115479
TB5-3D,20260969,plane,vel,0.2404681968776768,65471.17057115479
TB5-3D,20260969,plane,pos,0.40961611039275037,62842.670903979735
TB5-3D,20260969,plane,vel,-0.8580375554027063,62842.670903979735
TB5-3D,20260969,plane,pos,1.1240195412938838,220549.88986950694
TB5-3D,20260969,plane,vel,1.06981400105184,220549.88986950694
TB5-3D,20260969,plane,pos,0.7700391377326773,78118.53326651524
TB5-3D,20260969,plane,vel,-0.04061087804419562,78118.53326651524
TB5-3D,20260969,plane,pos,0.6252138521515549,77678.74855176147
TB5-3D,20260969,plane,vel,1.519279145786662,77678.74855176147
TB5-3D,20260969,range,pos,-0.0178460690482761,84430.01410848269
TB5-3D,20260969,range,vel,-0.18326228429027253,84430.01410848269
TB5-3D,20260969,range,pos,-0.638989581877607,40026.46158630943
TB5-3D,20260969,range,vel,0.5995535913692323,40026.46158630943
TB5-3D,20260969,range,pos,1.912641731516322,9127.509671622689
TB5-3D,20260969,range,vel,1.6464654703152373,9127.509671622689
TB5-3D,20260969,range,pos,-1.1353429296508193,18722.39505691799
TB5-3D,20260969,range,vel,-0.05141156979160547,18722.39505691799
TB5-3D,20260969,range,pos,0.3076408637016307,4334.861094612348
TB5-3D,20260969,range,vel,-0.5745618657991393,4334.861094612348
TB5-3D,20260969,range,pos,-0.0014248556881826912,202054.79895710023
TB5-3D,20260969,range,vel,0.43938108960339,202054.79895710023
TB5-3D,20260969,range,pos,0.4902875336730562,13260.28184849588
TB5-3D,20260969,range,vel,-0.004627000900727271,13260.28184849588
TB5-3D,20260969,range,pos,-1.2195385071698448,17888.714249890247
TB5-3D,20260969,range,vel,-0.20387767371372037,17888.714249890247
TB5-3D,20260969,inplane,pos,-0.3429685443803866,84430.01410848269
TB5-3D,20260969,inplane,vel,-0.12772417926457635,84430.01410848269
TB5-3D,20260969,inplane,pos,-0.22883578476136573,40026.46158630943
TB5-3D,20260969,inplane,vel,-0.474536657973279,40026.46158630943
TB5-3D,20260969,inplane,pos,-1.2217260782439423,9127.509671622689
TB5-3D,20260969,inplane,vel,-1.2739532068065347,9127.509671622689
TB5-3D,20260969,inplane,pos,0.881562670475614,18722.39505691799
TB5-3D,20260969,inplane,vel,-1.133195244284758,18722.39505691799
TB5-3D,20260969,inplane,pos,0.8370808714618818,4334.861094612348
TB5-3D,20260969,inplane,vel,0.7965222329831063,4334.861094612348
TB5-3D,20260969,inplane,pos,0.34960763516496646,202054.79895710023
TB5-3D,20260969,inplane,vel,-0.04741481359950728,202054.79895710023
TB5-3D,20260969,inplane,pos,-0.13774786583606316,13260.28184849588
TB5-3D,20260969,inplane,vel,0.341565652584152,13260.28184849588
TB5-3D,20260969,inplane,pos,-2.0929032176308033,17888.714249890247
TB5-3D,20260969,inplane,vel,-1.377385222013664,17888.714249890247
TB5-3D,20260969,plane,pos,0.9816053980021185,84430.01410848269
TB5-3D,20260969,plane,vel,0.7972270426332058,84430.01410848269
TB5-3D,20260969,plane,pos,-1.3011569516386927,40026.46158630943
TB5-3D,20260969,plane,vel,-1.8996241574253057,40026.46158630943
TB5-3D,20260969,plane,pos,0.3517551220173746,9127.509671622689
TB5-3D,20260969,plane,vel,-0.6403513453321826,9127.509671622689
TB5-3D,20260969,plane,pos,-0.20098023020410744,18722.39505691799
TB5-3D,20260969,plane,vel,0.13424741439194046,18722.39505691799
TB5-3D,20260969,plane,pos,-0.06628543348877544,4334.861094612348
TB5-3D,20260969,plane,vel,-1.037422894213816,4334.861094612348
TB5-3D,20260969,plane,pos,-0.5975930544746486,202054.79895710023
TB5-3D,20260969,plane,vel,0.8674430589093937,202054.79895710023
TB5-3D,20260969,plane,pos,2.16073592850517,13260.28184849588
TB5-3D,20260969,plane,vel,0.9090190337640612,13260.28184849588
TB5-3D,20260969,plane,pos,0.6022000085987969,17888.714249890247
TB5-3D,20260969,plane,vel,-0.4154875389553154,17888.714249890247
TB5-3D,20260969,range,pos,-0.47958528554406976,9250.470863291266
TB5-3D,20260969,range,vel,-0.38621370575219816,9250.470863291266
TB5-3D,20260969,range,pos,0.020705447343488333,1358.4470202126438
TB5-3D,20260969,range,vel,0.3684327720604617,1358.4470202126438
TB5-3D,20260969,range,pos,0.015376383967275963,5515878.258975011
TB5-3D,20260969,range,vel,0.0417372552464678,5515878.258975011
TB5-3D,20260969,range,pos,0.8536483102727304,13206782.472212236
TB5-3D,20260969,range,vel,0.6464024019479533,13206782.472212236
TB5-3D,20260969,range,pos,-1.9680546992865702,23806.42674459073
TB5-3D,20260969,range,vel,-1.590321010004312,23806.42674459073
TB5-3D,20260969,range,pos,-0.3166275199049357,12522540.033223134
TB5-3D,20260969,range,vel,-0.3722148154243806,12522540.033223134
TB5-3D,20260969,range,pos,1.2517830831622927,2587997.4669960407
TB5-3D,20260969,range,vel,1.0616716924340672,2587997.4669960407
TB5-3D,20260969,inplane,pos,-1.0878542505802296,9250.470863291266
TB5-3D,20260969,inplane,vel,-0.6003439899617984,9250.470863291266
TB5-3D,20260969,inplane,pos,-0.08320653381642032,1358.4470202126438
TB5-3D,20260969,inplane,vel,-0.04036281624344026,1358.4470202126438
TB5-3D,20260969,inplane,pos,0.4772357937533958,5515878.258975011
TB5-3D,20260969,inplane,vel,0.012269376294734607,5515878.258975011
TB5-3D,20260969,inplane,pos,-0.28778474967685547,13206782.472212236
TB5-3D,20260969,inplane,vel,-0.6812160231853408,13206782.472212236
TB5-3D,20260969,inplane,pos,0.36480382939331,23806.42674459073
TB5-3D,20260969,inplane,vel,-1.9368556687929575,23806.42674459073
TB5-3D,20260969,inplane,pos,0.9024939752672438,12522540.033223134
TB5-3D,20260969,inplane,vel,-0.5710940194528987,12522540.033223134
TB5-3D,20260969,inplane,pos,1.5044530916668544,2587997.4669960407
TB5-3D,20260969,inplane,vel,1.9919144964730067,2587997.4669960407
TB5-3D,20260969,plane,pos,1.0644961267549617,9250.470863291266
TB5-3D,20260969,plane,vel,-1.5880095338819573,9250.470863291266
TB5-3D,20260969,plane,pos,0.3516478127229223,1358.4470202126438
TB5-3D,20260969,plane,vel,-0.9439368282269752,1358.4470202126438
TB5-3D,20260969,plane,pos,-0.9427647723193607,5515878.258975011
TB5-3D,20260969,plane,vel,-1.157177956847369,5515878.258975011
TB5-3D,20260969,plane,pos,1.1005591862689124,13206782.472212236
TB5-3D,20260969,plane,vel,-0.05024312657538,13206782.472212236
TB5-3D,20260969,plane,pos,0.18289565190387458,23806.42674459073
TB5-3D,20260969,plane,vel,0.1197701015468627,23806.42674459073
TB5-3D,20260969,plane,pos,-0.16520145663699456,12522540.033223134
TB5-3D,20260969,plane,vel,-0.3030831153419339,12522540.033223134
TB5-3D,20260969,plane,pos,-0.04581740733517268,2587997.4669960407
TB5-3D,20260969,plane,vel,-0.16787966298883408,2587997.4669960407
TB5-3D,20260969,range,pos,2.3420078545896286,957738.5380559458
TB5-3D,20260969,range,vel,-1.1054301555484523,957738.5380559458
TB5-3D,20260969,range,pos,0.992299504734929,154115.60098016632
TB5-3D,20260969,range,vel,-0.7076938854726329,154115.60098016632
TB5-3D,20260969,range,pos,-0.5901494133095078,295629.31357688253
TB5-3D,20260969,range,vel,-1.0665153961371263,295629.31357688253
TB5-3D,20260969,range,pos,-1.1714883143650574,51299.18261668044
TB5-3D,20260969,range,vel,1.5561501297235667,51299.18261668044
TB5-3D,20260969,range,pos,-0.02292832567824581,133783.0060012532
TB5-3D,20260969,range,vel,-1.8047327731392202,133783.0060012532
TB5-3D,20260969,range,pos,0.3964303110303777,4386.068515348834
TB5-3D,20260969,range,vel,0.6580518895699072,4386.068515348834
TB5-3D,20260969,range,pos,-0.40249127653896144,375653.080901802
TB5-3D,20260969,range,vel,0.35993157569292167,375653.080901802
TB5-3D,20260969,range,pos,0.6073005680685015,221238.84421976696
TB5-3D,20260969,range,vel,1.0032881543003276,221238.84421976696
TB5-3D,20260969,inplane,pos,-0.770532041507752,957738.5380559458
TB5-3D,20260969,inplane,vel,2.192039313794791,957738.5380559458
TB5-3D,20260969,inplane,pos,0.157905564018119,154115.60098016632
TB5-3D,20260969,inplane,vel,0.3241545394447542,154115.60098016632
TB5-3D,20260969,inplane,pos,-1.4841683346395986,295629.31357688253
TB5-3D,20260969,inplane,vel,-1.0599629914132531,295629.31357688253
TB5-3D,20260969,inplane,pos,1.7602119588431135,51299.18261668044
TB5-3D,20260969,inplane,vel,-0.6955419970497825,51299.18261668044
TB5-3D,20260969,inplane,pos,-2.0282107829742144,133783.0060012532
TB5-3D,20260969,inplane,vel,-0.6390262005032277,133783.0060012532
TB5-3D,20260969,inplane,pos,1.2974627781625547,4386.068515348834
TB5-3D,20260969,inplane,vel,0.348486732747817,4386.068515348834
TB5-3D,20260969,inplane,pos,0.37002835058596695,375653.080901802
TB5-3D,20260969,inplane,vel,-0.08136117027109033,375653.080901802
TB5-3D,20260969,inplane,pos,1.026130166545605,221238.84421976696
TB5-3D,20260969,inplane,vel,0.7339255781837241,221238.84421976696
TB5-3D,20260969,plane,pos,0.4270446542833406,957738.5380559458
TB5-3D,20260969,plane,vel,0.7615165443595237,957738.5380559458
TB5-3D,20260969,plane,pos,-0.12231073651302084,154115.60098016632
TB5-3D,20260969,plane,vel,-0.23583932844269306,154115.60098016632
TB5-3D,20260969,plane,pos,1.090252897557569,295629.31357688253
TB5-3D,20260969,plane,vel,0.10439557187329643,295629.31357688253
TB5-3D,20260969,plane,pos,0.926517028101435,51299.18261668044
TB5-3D,20260969,plane,vel,-1.0376873514455194,51299.18261668044
TB5-3D,20260969,plane,pos,-1.5418013162868518,133783.0060012532
TB5-3D,20260969,plane,vel,-0.7869701421438495,133783.0060012532
TB5-3D,20260969,plane,pos,0.5678909227595982,4386.068515348834
TB5-3D,20260969,plane,vel,1.1779181148790572,4386.068515348834
TB5-3D,20260969,plane,pos,-0.13787377472485934,375653.080901802
TB5-3D,20260969,plane,vel,0.006922437762218687,375653.080901802
TB5-3D,20260969,plane,pos,-1.6340019534658081,221238.84421976696
TB5-3D,20260969,plane,vel,-0.32093590137721795,221238.84421976696
TB5-3D,20260969,range,pos,-0.728198091397368,101904.1668035537
TB5-3D,20260969,range,vel,-0.6642652216346808,101904.1668035537
TB5-3D,20260969,range,pos,0.21413566540678045,95981.97906127233
TB5-3D,20260969,range,vel,0.428802663153547,95981.97906127233
TB5-3D,20260969,range,pos,0.8274276497485685,125102.68210235046
TB5-3D,20260969,range,vel,-0.54388372684254,125102.68210235046
TB5-3D,20260969,range,pos,0.5159058469435466,8334.945019432074
TB5-3D,20260969,range,vel,-0.36507565129343506,8334.945019432074
TB5-3D,20260969,range,pos,-0.22726593126923747,15209.522644369501
TB5-3D,20260969,range,vel,-0.572831944121802,15209.522644369501
TB5-3D,20260969,range,pos,0.49785468865091237,6446.968647956961
TB5-3D,20260969,range,vel,0.39321602400636246,6446.968647956961
TB5-3D,20260969,range,pos,0.279929746268961,15758.376063400463
TB5-3D,20260969,range,vel,0.2500660271867536,15758.376063400463
TB5-3D,20260969,inplane,pos,-0.5857785563932252,101904.1668035537
TB5-3D,20260969,inplane,vel,-0.8058960542991592,101904.1668035537
TB5-3D,20260969,inplane,pos,1.620419880884151,95981.97906127233
TB5-3D,20260969,inplane,vel,0.2902175290867351,95981.97906127233
TB5-3D,20260969,inplane,pos,-0.5724674793005169,125102.68210235046
TB5-3D,20260969,inplane,vel,0.3773477714203876,125102.68210235046
TB5-3D,20260969,inplane,pos,-0.835003914606533,8334.945019432074
TB5-3D,20260969,inplane,vel,0.15049925412365608,8334.945019432074
TB5-3D,20260969,inplane,pos,-1.560697943372855,15209.522644369501
TB5-3D,20260969,inplane,vel,-0.8465401410973745,15209.522644369501
TB5-3D,20260969,inplane,pos,-0.8074655830974545,6446.968647956961
TB5-3D,20260969,inplane,vel,-0.5972585196700708,6446.968647956961
TB5-3D,20260969,inplane,pos,0.7360142316904704,15758.376063400463
TB5-3D,20260969,inplane,vel,0.44046079834587254,15758.376063400463
TB5-3D,20260969,plane,pos,-1.265390131944153,101904.1668035537
TB5-3D,20260969,plane,vel,0.3411391334390987,101904.1668035537
TB5-3D,20260969,plane,pos,0.2102999151415244,95981.97906127233
TB5-3D,20260969,plane,vel,0.6255024062488194,95981.97906127233
TB5-3D,20260969,plane,pos,-1.5002119319399776,125102.68210235046
TB5-3D,20260969,plane,vel,1.3254507290157973,125102.68210235046
TB5-3D,20260969,plane,pos,-0.9069966121664134,8334.945019432074
TB5-3D,20260969,plane,vel,-0.974809668942989,8334.945019432074
TB5-3D,20260969,plane,pos,0.5513993378373241,15209.522644369501
TB5-3D,20260969,plane,vel,-0.3327392527030119,15209.522644369501
TB5-3D,20260969,plane,pos,-1.4017466825029075,6446.968647956961
TB5-3D,20260969,plane,vel,-0.1987062444257255,6446.968647956961
TB5-3D,20260969,plane,pos,-0.8968381816011324,15758.376063400463
TB5-3D,20260969,plane,vel,-0.3286657195590532,15758.376063400463
TB5-3D,20260976,range,pos,-0.7955971709554875,2879023.4635122973
TB5-3D,20260976,range,vel,1.1381645519077104,2879023.4635122973
TB5-3D,20260976,range,pos,-0.06808112286306683,293631.9811972381
TB5-3D,20260976,range,vel,0.0898233435272437,293631.9811972381
TB5-3D,20260976,range,pos,-0.9134915139466819,377167.1684828913
TB5-3D,20260976,range,vel,-2.327343934709498,377167.1684828913
TB5-3D,20260976,range,pos,-1.1793497507160589,706955.0873085327
TB5-3D,20260976,range,vel,0.4461633199336347,706955.0873085327
TB5-3D,20260976,range,pos,0.2760216697983809,1503566.8047757887
TB5-3D,20260976,range,vel,0.9134574290080933,1503566.8047757887
TB5-3D,20260976,range,pos,0.307761769615159,807849.6985997538
TB5-3D,20260976,range,vel,-0.5671533968895992,807849.6985997538
TB5-3D,20260976,range,pos,0.17141293851619707,1240175.3643690443
TB5-3D,20260976,range,vel,1.0957111561295472,1240175.3643690443
TB5-3D,20260976,range,pos,-0.5762282107900351,180851.1736231629
TB5-3D,20260976,range,vel,-0.061057294251171644,180851.1736231629
TB5-3D,20260976,inplane,pos,-0.5019067593323762,2879023.4635122973
TB5-3D,20260976,inplane,vel,-1.175506129220096,2879023.4635122973
TB5-3D,20260976,inplane,pos,-0.4402383202312104,293631.9811972381
TB5-3D,20260976,inplane,vel,-0.2706117728525478,293631.9811972381
TB5-3D,20260976,inplane,pos,-2.3350112018825326,377167.1684828913
TB5-3D,20260976,inplane,vel,-1.2261201212111765,377167.1684828913
TB5-3D,20260976,inplane,pos,-0.7556828699658282,706955.0873085327
TB5-3D,20260976,inplane,vel,-0.7103924520223984,706955.0873085327
TB5-3D,20260976,inplane,pos,1.2102630299180994,1503566.8047757887
TB5-3D,20260976,inplane,vel,0.6803386540837301,1503566.8047757887
TB5-3D,20260976,inplane,pos,0.013783712599873347,807849.6985997538
TB5-3D,20260976,inplane,vel,0.38125012650045625,807849.6985997538
TB5-3D,20260976,inplane,pos,1.0446351744072933,1240175.3643690443
TB5-3D,20260976,inplane,vel,0.20688194209665212,1240175.3643690443
TB5-3D,20260976,inplane,pos,0.24941123217417718,180851.1736231629
TB5-3D,20260976,inplane,vel,-0.36665991288154937,180851.1736231629
TB5-3D,20260976,plane,pos,-0.3822558146878707,2879023.4635122973
TB5-3D,20260976,plane,vel,-1.3929660084614195,2879023.4635122973
TB5-3D,20260976,plane,pos,2.255362654217525,293631.9811972381
TB5-3D,20260976,plane,vel,-0.306984343359756,293631.9811972381
TB5-3D,20260976,plane,pos,-0.9852609870812675,377167.1684828913
TB5-3D,20260976,plane,vel,-1.0190857962901492,377167.1684828913
TB5-3D,20260976,plane,pos,0.5326387366831212,706955.0873085327
TB5-3D,20260976,plane,vel,-1.5411003378716304,706955.0873085327
TB5-3D,20260976,plane,pos,1.4557741229145909,1503566.8047757887
TB5-3D,20260976,plane,vel,-0.665696083785535,1503566.8047757887
TB5-3D,20260976,plane,pos,-0.7070193404338232,807849.6985997538
TB5-3D,20260976,plane,vel,-0.4808719400636178,807849.6985997538
TB5-3D,20260976,plane,pos,-1.1002820372571216,1240175.3643690443
TB5-3D,20260976,plane,vel,2.389479317917854,1240175.3643690443
TB5-3D,20260976,plane,pos,1.0774279871202004,180851.1736231629
TB5-3D,20260976,plane,vel,0.9463990164013819,180851.1736231629
TB5-3D,20260976,range,pos,0.6129917935794652,10971.740965998524
TB5-3D,20260976,range,vel,1.2587963083563363,10971.740965998524
TB5-3D,20260976,range,pos,0.15004926975021712,30378.49171163064
TB5-3D,20260976,range,vel,-1.0565377929898045,30378.49171163064
TB5-3D,20260976,range,pos,-1.1840576927382211,139331.23057994494
TB5-3D,20260976,range,vel,-1.4123210270703392,139331.23057994494
TB5-3D,20260976,range,pos,-0.8356412900002191,29198.42748382889
TB5-3D,20260976,range,vel,-0.684822284298384,29198.42748382889
TB5-3D,20260976,range,pos,-0.7012750359884655,55002.30401429601
TB5-3D,20260976,range,vel,0.24481777772416463,55002.30401429601
TB5-3D,20260976,range,pos,1.5740739594063076,25007.90553788587
TB5-3D,20260976,range,vel,-1.1062135223513818,25007.90553788587
TB5-3D,20260976,range,pos,-0.49108720574066017,138560.17159998033
TB5-3D,20260976,range,vel,0.3205921842558028,138560.17159998033
TB5-3D,20260976,range,pos,-1.2799617400580245,94772.48812256519
TB5-3D,20260976,range,vel,-1.6604700796479537,94772.48812256519
TB5-3D,20260976,inplane,pos,-0.1304909516460565,10971.740965998524
TB5-3D,20260976,inplane,vel,-1.1764925507196238,10971.740965998524
TB5-3D,20260976,inplane,pos,-0.22285180665742388,30378.49171163064
TB5-3D,20260976,inplane,vel,0.5704980712571399,30378.49171163064
TB5-3D,20260976,inplane,pos,-1.2249321825564143,139331.23057994494
TB5-3D,20260976,inplane,vel,-0.998252757557508,139331.23057994494
TB5-3D,20260976,inplane,pos,0.1303073175396816,29198.42748382889
TB5-3D,20260976,inplane,vel,1.0641100727473132,29198.42748382889
TB5-3D,20260976,inplane,pos,-1.0593818782680027,55002.30401429601
TB5-3D,20260976,inplane,vel,-0.8125973588623024,55002.30401429601
TB5-3D,20260976,inplane,pos,0.2199593405885543,25007.90553788587
TB5-3D,20260976,inplane,vel,1.017676152825777,25007.90553788587
TB5-3D,20260976,inplane,pos,0.6527362894368574,138560.17159998033
TB5-3D,20260976,inplane,vel,-0.007877636576709472,138560.17159998033
TB5-3D,20260976,inplane,pos,-2.179977414180315,94772.48812256519
TB5-3D,20260976,inplane,vel,-1.4404332273459646,94772.48812256519
TB5-3D,20260976,plane,pos,-0.3406854928488491,10971.740965998524
TB5-3D,20260976,plane,vel,0.5023008396408708,10971.740965998524
TB5-3D,20260976,plane,pos,-1.8597820594737704,30378.49171163064
TB5-3D,20260976,plane,vel,-0.5193459926641328,30378.49171163064
TB5-3D,20260976,plane,pos,-1.3172205261157448,139331.23057994494
TB5-3D,20260976,plane,vel,1.120340011261385,139331.23057994494
TB5-3D,20260976,plane,pos,0.49912881590420666,29198.42748382889
TB5-3D,20260976,plane,vel,2.1588108306126177,29198.42748382889
TB5-3D,20260976,plane,pos,0.3800748888542541,55002.30401429601
TB5-3D,20260976,plane,vel,-0.6144115647108579,55002.30401429601
TB5-3D,20260976,plane,pos,-0.3667949520664338,25007.90553788587
TB5-3D,20260976,plane,vel,0.3359592994742801,25007.90553788587
TB5-3D,20260976,plane,pos,-0.3574862146199468,138560.17159998033
TB5-3D,20260976,plane,vel,-0.4840600311098639,138560.17159998033
TB5-3D,20260976,plane,pos,-1.329146545543404,94772.48812256519
TB5-3D,20260976,plane,vel,0.40022084358003845,94772.48812256519
TB5-3D,20260976,range,pos,-0.05952064154276907,7418.621565228875
TB5-3D,20260976,range,vel,-0.14129313309800684,7418.621565228875
TB5-3D,20260976,range,pos,-1.439603470471751,2872.5043936668812
TB5-3D,20260976,range,vel,-0.26426131622341376,2872.5043936668812
TB5-3D,20260976,range,pos,0.7842755465837307,37561.40756311724
TB5-3D,20260976,range,vel,-0.19298662816779605,37561.40756311724
TB5-3D,20260976,range,pos,0.033084872581750246,8628.667749154232
TB5-3D,20260976,range,vel,0.023679757062573265,8628.667749154232
TB5-3D,20260976,range,pos,-0.7405039239391108,17860.139051956645
TB5-3D,20260976,range,vel,1.9670783156935456,17860.139051956645
TB5-3D,20260976,range,pos,0.20507688566314752,25264.105998897787
TB5-3D,20260976,range,vel,1.1550614583884504,25264.105998897787
TB5-3D,20260976,range,pos,0.19214444907636416,40834.223785223614
TB5-3D,20260976,range,vel,-1.264746172961979,40834.223785223614
TB5-3D,20260976,range,pos,0.48258372361181123,2935.1151491261876
TB5-3D,20260976,range,vel,0.7383897160445029,2935.1151491261876
TB5-3D,20260976,inplane,pos,-1.1694041440183711,7418.621565228875
TB5-3D,20260976,inplane,vel,-0.6570443105608265,7418.621565228875
TB5-3D,20260976,inplane,pos,-0.5467890307445838,2872.5043936668812
TB5-3D,20260976,inplane,vel,1.1367797088834688,2872.5043936668812
TB5-3D,20260976,inplane,pos,1.2915034289447733,37561.40756311724
TB5-3D,20260976,inplane,vel,1.0089913157991577,37561.40756311724
TB5-3D,20260976,inplane,pos,0.22306314319050866,8628.667749154232
TB5-3D,20260976,inplane,vel,0.061567825632207925,8628.667749154232
TB5-3D,20260976,inplane,pos,0.885548587192844,17860.139051956645
TB5-3D,20260976,inplane,vel,-0.39000152773900393,17860.139051956645
TB5-3D,20260976,inplane,pos,0.8012606460792907,25264.105998897787
TB5-3D,20260976,inplane,vel,0.2804464301698437,25264.105998897787
TB5-3D,20260976,inplane,pos,-1.1682968774017262,40834.223785223614
TB5-3D,20260976,inplane,vel,0.4508284492748815,40834.223785223614
TB5-3D,20260976,inplane,pos,-0.10253998980009786,2935.1151491261876
TB5-3D,20260976,inplane,vel,0.4195567547492043,2935.1151491261876
TB5-3D,20260976,plane,pos,-2.4487550267460234,7418.621565228875
TB5-3D,20260976,plane,vel,0.25793644022724593,7418.621565228875
TB5-3D,20260976,plane,pos,-0.6940522565150731,2872.5043936668812
TB5-3D,20260976,plane,vel,0.19225001305171052,2872.5043936668812
TB5-3D,20260976,plane,pos,1.9545993280955605,37561.40756311724
TB5-3D,20260976,plane,vel,1.803383898337596,37561.40756311724
TB5-3D,20260976,plane,pos,1.3496460460583757,8628.667749154232
TB5-3D,20260976,plane,vel,1.3694021912056105,8628.667749154232
TB5-3D,20260976,plane,pos,0.8432746477459739,17860.139051956645
TB5-3D,20260976,plane,vel,-0.42926933325570277,17860.139051956645
TB5-3D,20260976,plane,pos,1.6901118293674058,25264.105998897787
TB5-3D,20260976,plane,vel,0.7177043681756942,25264.105998897787
TB5-3D,20260976,plane,pos,1.4112562427662516,40834.223785223614
TB5-3D,20260976,plane,vel,-0.933153458979072,40834.223785223614
TB5-3D,20260976,plane,pos,1.73843552925813,2935.1151491261876
TB5-3D,20260976,plane,vel,2.5209957152224427,2935.1151491261876
TB5-3D,20260976,range,pos,0.3939273626824655,9779571.962130541
TB5-3D,20260976,range,vel,0.47068287539885945,9779571.962130541
TB5-3D,20260976,range,pos,-1.0270821097541496,347194.84751904616
TB5-3D,20260976,range,vel,0.779882502552319,347194.84751904616
TB5-3D,20260976,range,pos,-0.7427281558640051,2068.7114308668315
TB5-3D,20260976,range,vel,0.718827370882203,2068.7114308668315
TB5-3D,20260976,range,pos,0.7384391242338241,6580.150698778901
TB5-3D,20260976,range,vel,0.37270112188285337,6580.150698778901
TB5-3D,20260976,range,pos,-0.5237859726883342,1997703.125512076
TB5-3D,20260976,range,vel,1.0203159263225574,1997703.125512076
TB5-3D,20260976,range,pos,1.0904396572341455,5728.944565702287
TB5-3D,20260976,range,vel,0.0575127023979565,5728.944565702287
TB5-3D,20260976,range,pos,0.8788027618756716,10930.801958415841
TB5-3D,20260976,range,vel,-2.292343014523377,10930.801958415841
TB5-3D,20260976,range,pos,-0.39129164859172516,14364.908584263665
TB5-3D,20260976,range,vel,-1.4603627118121665,14364.908584263665
TB5-3D,20260976,inplane,pos,-0.5389306662324956,9779571.962130541
TB5-3D,20260976,inplane,vel,0.6470443123918784,9779571.962130541
TB5-3D,20260976,inplane,pos,1.6030907667966996,347194.84751904616
TB5-3D,20260976,inplane,vel,1.2830901254419733,347194.84751904616
TB5-3D,20260976,inplane,pos,0.06489972572141267,2068.7114308668315
TB5-3D,20260976,inplane,vel,-0.7888430492852188,2068.7114308668315
TB5-3D,20260976,inplane,pos,0.7663725286457428,6580.150698778901
TB5-3D,20260976,inplane,vel,1.0154068716653795,6580.150698778901
TB5-3D,20260976,inplane,pos,0.45540855548735637,1997703.125512076
TB5-3D,20260976,inplane,vel,-0.20788379554679234,1997703.125512076
TB5-3D,20260976,inplane,pos,-1.6101935876054083,5728.944565702287
TB5-3D,20260976,inplane,vel,1.1631580696428487,5728.944565702287
TB5-3D,20260976,inplane,pos,-1.5052362562559556,10930.801958415841
TB5-3D,20260976,inplane,vel,0.21868609321564075,10930.801958415841
TB5-3D,20260976,inplane,pos,-1.3852859116450957,14364.908584263665
TB5-3D,20260976,inplane,vel,-0.3947082480354653,14364.908584263665
TB5-3D,20260976,plane,pos,-0.17433570419866767,9779571.962130541
TB5-3D,20260976,plane,vel,-0.29027575180509496,9779571.962130541
TB5-3D,20260976,plane,pos,1.2519010594173425,347194.84751904616
TB5-3D,20260976,plane,vel,2.4812273074646303,347194.84751904616
TB5-3D,20260976,plane,pos,1.139492378109464,2068.7114308668315
TB5-3D,20260976,plane,vel,-0.34597201128111277,2068.7114308668315
TB5-3D,20260976,plane,pos,1.520573210544869,6580.150698778901
TB5-3D,20260976,plane,vel,0.016809888546392527,6580.150698778901
TB5-3D,20260976,plane,pos,0.25421057806382186,1997703.125512076
TB5-3D,20260976,plane,vel,-0.8960532752144924,1997703.125512076
TB5-3D,20260976,plane,pos,-0.3184446422377245,5728.944565702287
TB5-3D,20260976,plane,vel,1.961516471204621,5728.944565702287
TB5-3D,20260976,plane,pos,-0.4637889133932144,10930.801958415841
TB5-3D,20260976,plane,vel,-1.8515185398822762,10930.801958415841
TB5-3D,20260976,plane,pos,-1.0511794418510212,14364.908584263665
TB5-3D,20260976,plane,vel,1.5751766787934114,14364.908584263665
TB5-3D,20260976,range,pos,-0.6555367491847449,78799.47296732466
TB5-3D,20260976,range,vel,0.31571671790220884,78799.47296732466
TB5-3D,20260976,range,pos,2.292547896174028,130183.19428539569
TB5-3D,20260976,range,vel,-1.0040831735207336,130183.19428539569
TB5-3D,20260976,range,pos,-1.0114698908733568,5019.958287732782
TB5-3D,20260976,range,vel,0.8764386765202471,5019.958287732782
TB5-3D,20260976,range,pos,-1.5040145673525862,1853916.4476381799
TB5-3D,20260976,range,vel,0.2734279257616358,1853916.4476381799
TB5-3D,20260976,range,pos,-1.0442940630845927,12172.053875800582
TB5-3D,20260976,range,vel,-0.7894204311240469,12172.053875800582
TB5-3D,20260976,range,pos,-0.4026255324733747,2826.5255519786297
TB5-3D,20260976,range,vel,0.24818452489451132,2826.5255519786297
TB5-3D,20260976,range,pos,-0.09326779088962343,9663.690870523938
TB5-3D,20260976,range,vel,0.41594419900295243,9663.690870523938
TB5-3D,20260976,range,pos,1.156381196651955,9665.94400353987
TB5-3D,20260976,range,vel,1.2693599342091126,9665.94400353987
TB5-3D,20260976,inplane,pos,-0.42774097799424926,78799.47296732466
TB5-3D,20260976,inplane,vel,-0.6395399225053977,78799.47296732466
TB5-3D,20260976,inplane,pos,1.8809614379705444,130183.19428539569
TB5-3D,20260976,inplane,vel,2.405047997310165,130183.19428539569
TB5-3D,20260976,inplane,pos,-0.6696226638176177,5019.958287732782
TB5-3D,20260976,inplane,vel,-0.7045603577549827,5019.958287732782
TB5-3D,20260976,inplane,pos,-1.5756524358479669,1853916.4476381799
TB5-3D,20260976,inplane,vel,-1.0697814919360205,1853916.4476381799
TB5-3D,20260976,inplane,pos,0.34224952026936306,12172.053875800582
TB5-3D,20260976,inplane,vel,-0.6787317100978285,12172.053875800582
TB5-3D,20260976,inplane,pos,-0.44133061850383914,2826.5255519786297
TB5-3D,20260976,inplane,vel,-0.32174028929269355,2826.5255519786297
TB5-3D,20260976,inplane,pos,0.45497937337327227,9663.690870523938
TB5-3D,20260976,inplane,vel,-0.1460023458314232,9663.690870523938
TB5-3D,20260976,inplane,pos,1.547110471031553,9665.94400353987
TB5-3D,20260976,inplane,vel,1.3380245304408334,9665.94400353987
TB5-3D,20260976,plane,pos,0.9420496499164321,78799.47296732466
TB5-3D,20260976,plane,vel,-1.2245611576303617,78799.47296732466
TB5-3D,20260976,plane,pos,2.6543421914415997,130183.19428539569
TB5-3D,20260976,plane,vel,0.013378548571501302,130183.19428539569
TB5-3D,20260976,plane,pos,0.04243674833934967,5019.958287732782
TB5-3D,20260976,plane,vel,-0.6583893990029955,5019.958287732782
TB5-3D,20260976,plane,pos,0.9535087138496495,1853916.4476381799
TB5-3D,20260976,plane,vel,-0.7251728668687253,1853916.4476381799
TB5-3D,20260976,plane,pos,-2.4836849056730403,12172.053875800582
TB5-3D,20260976,plane,vel,-3.085413594407108,12172.053875800582
TB5-3D,20260976,plane,pos,0.012790212398678643,2826.5255519786297
TB5-3D,20260976,plane,vel,0.20964050917681984,2826.5255519786297
TB5-3D,20260976,plane,pos,0.2884370789987627,9663.690870523938
TB5-3D,20260976,plane,vel,-2.3620535167184036,9663.690870523938
TB5-3D,20260976,plane,pos,-0.3593018493083216,9665.94400353987
TB5-3D,20260976,plane,vel,0.53402047347099,9665.94400353987
TB5-3D,20260976,range,pos,0.24303150487803815,34710.806264672625
TB5-3D,20260976,range,vel,0.05909694753481458,34710.806264672625
TB5-3D,20260976,range,pos,-0.1769062467672694,10033.658549840015
TB5-3D,20260976,range,vel,-0.05148018858532839,10033.658549840015
TB5-3D,20260976,range,pos,-0.3697297023045866,1242667.2791769905
TB5-3D,20260976,range,vel,0.22967395457658032,1242667.2791769905
TB5-3D,20260976,range,pos,-0.1968930209213,242327.6066899749
TB5-3D,20260976,range,vel,0.8097719050671233,242327.6066899749
TB5-3D,20260976,range,pos,-1.037030687788349,15273.340695731913
TB5-3D,20260976,range,vel,1.3566185955243788,15273.340695731913
TB5-3D,20260976,range,pos,-0.12009071076457116,5381.160746743951
TB5-3D,20260976,range,vel,-0.44992381716277824,5381.160746743951
TB5-3D,20260976,range,pos,0.03449598788654668,12092001.204309454
TB5-3D,20260976,range,vel,0.39889168960316407,12092001.204309454
TB5-3D,20260976,range,pos,-1.3004671410612068,249750.87413945745
TB5-3D,20260976,range,vel,-0.5778707476610437,249750.87413945745
TB5-3D,20260976,inplane,pos,0.6905901466962402,34710.806264672625
TB5-3D,20260976,inplane,vel,0.2600012793909073,34710.806264672625
TB5-3D,20260976,inplane,pos,0.44210365639217075,10033.658549840015
TB5-3D,20260976,inplane,vel,0.6715006425234802,10033.658549840015
TB5-3D,20260976,inplane,pos,0.6880841329516055,1242667.2791769905
TB5-3D,20260976,inplane,vel,0.1882261601020879,1242667.2791769905
TB5-3D,20260976,inplane,pos,0.34711421833105455,242327.6066899749
TB5-3D,20260976,inplane,vel,-0.49856200941359846,242327.6066899749
TB5-3D,20260976,inplane,pos,1.0063477338398654,15273.340695731913
TB5-3D,20260976,inplane,vel,-0.9823684871657318,15273.340695731913
TB5-3D,20260976,inplane,pos,-0.883815670542556,5381.160746743951
TB5-3D,20260976,inplane,vel,-0.03964032115793003,5381.160746743951
TB5-3D,20260976,inplane,pos,0.16343010143621758,12092001.204309454
TB5-3D,20260976,inplane,vel,-0.01971685431426837,12092001.204309454
TB5-3D,20260976,inplane,pos,0.9286826685490762,249750.87413945745
TB5-3D,20260976,inplane,vel,1.871406807193444,249750.87413945745
TB5-3D,20260976,plane,pos,0.7438181894546886,34710.806264672625
TB5-3D,20260976,plane,vel,-2.140553776049237,34710.806264672625
TB5-3D,20260976,plane,pos,-0.3735827903696072,10033.658549840015
TB5-3D,20260976,plane,vel,0.7063291154782819,10033.658549840015
TB5-3D,20260976,plane,pos,0.3848155358396517,1242667.2791769905
TB5-3D,20260976,plane,vel,-0.7785641078067549,1242667.2791769905
TB5-3D,20260976,plane,pos,1.0339095007602401,242327.6066899749
TB5-3D,20260976,plane,vel,-0.6431284409669644,242327.6066899749
TB5-3D,20260976,plane,pos,-1.54210748429663,15273.340695731913
TB5-3D,20260976,plane,vel,-0.5387547762374268,15273.340695731913
TB5-3D,20260976,plane,pos,0.4922131782880228,5381.160746743951
TB5-3D,20260976,plane,vel,-0.41768085543540545,5381.160746743951
TB5-3D,20260976,plane,pos,-1.5455822262914822,12092001.204309454
TB5-3D,20260976,plane,vel,-0.2076816304811107,12092001.204309454
TB5-3D,20260976,plane,pos,0.8375961964697931,249750.87413945745
TB5-3D,20260976,plane,vel,1.246202249513979,249750.87413945745
