cls,nav_seed,component,block,z,rho
E3-ecc,20260815,range,pos,1.4594111889563595,1376403.721306393
E3-ecc,20260815,range,vel,0.2367023315144034,1376403.721306393
E3-ecc,20260815,range,pos,-0.8971797763351813,337491.6108708506
E3-ecc,20260815,range,vel,0.6572683173990495,337491.6108708506
E3-ecc,20260815,range,pos,-1.0349698394580675,987657.1436506076
E3-ecc,20260815,range,vel,0.021570163097432694,987657.1436506076
E3-ecc,20260815,range,pos,2.4329482936145657,66933.12841705774
E3-ecc,20260815,range,vel,-1.0415842603240817,66933.12841705774
E3-ecc,20260815,range,pos,1.7463864136078087,1676264.1445155798
E3-ecc,20260815,range,vel,-0.964818411424538,1676264.1445155798
E3-ecc,20260815,range,pos,-0.4391704307601099,2377172.7978204223
E3-ecc,20260815,range,vel,-1.02971571696554,2377172.7978204223
E3-ecc,20260815,range,pos,0.850208897984234,170594.0581655548
E3-ecc,20260815,range,vel,0.5130142562416925,170594.0581655548
E3-ecc,20260815,range,pos,-1.335013281627249,77312.69130176166
E3-ecc,20260815,range,vel,1.3072397127492827,77312.69130176166
E3-ecc,20260815,inplane,pos,2.292157256358493,1376403.721306393
E3-ecc,20260815,inplane,vel,1.9124741314417206,1376403.721306393
E3-ecc,20260815,inplane,pos,0.33994445914594845,337491.6108708506
E3-ecc,20260815,inplane,vel,-0.09554899796789947,337491.6108708506
E3-ecc,20260815,inplane,pos,-4.446340772323795,987657.1436506076
E3-ecc,20260815,inplane,vel,-2.522426414371083,987657.1436506076
E3-ecc,20260815,inplane,pos,-0.10420971215961675,66933.12841705774
E3-ecc,20260815,inplane,vel,1.6490149130861431,66933.12841705774
E3-ecc,20260815,inplane,pos,1.3659628220666127,1676264.1445155798
E3-ecc,20260815,inplane,vel,1.6530663113805786,1676264.1445155798
E3-ecc,20260815,inplane,pos,-1.6410757054938876,2377172.7978204223
E3-ecc,20260815,inplane,vel,-0.5318053420959867,2377172.7978204223
E3-ecc,20260815,inplane,pos,0.5890666089274985,170594.0581655548
E3-ecc,20260815,inplane,vel,1.2034780706737784,170594.0581655548
E3-ecc,20260815,inplane,pos,-0.3621338472794576,77312.69130176166
E3-ecc,20260815,inplane,vel,-1.4905830195136516,77312.69130176166
E3-ecc,20260815,plane,pos,-0.4385622789768061,1376403.721306393
E3-ecc,20260815,plane,vel,0.36363496611417734,1376403.721306393
E3-ecc,20260815,plane,pos,-0.5546705003057361,337491.6108708506
E3-ecc,20260815,plane,vel,1.4966386653973214,337491.6108708506
E3-ecc,20260815,plane,pos,-1.543743266429202,987657.1436506076
E3-ecc,20260815,plane,vel,-1.4031866672791657,987657.1436506076
E3-ecc,20260815,plane,pos,1.8379219421006863,66933.12841705774
E3-ecc,20260815,plane,vel,-1.8803687375679607,66933.12841705774
E3-ecc,20260815,plane,pos,0.7661108835696914,1676264.1445155798
E3-ecc,20260815,plane,vel,2.2453005816112266,1676264.1445155798
E3-ecc,20260815,plane,pos,-0.5319650950343138,2377172.7978204223
E3-ecc,20260815,plane,vel,-0.4496745749797146,2377172.7978204223
E3-ecc,20260815,plane,pos,-1.8138877553504513,170594.0581655548
E3-ecc,20260815,plane,vel,-1.6644140616093432,170594.0581655548
E3-ecc,20260815,plane,pos,-1.3841807438494222,77312.69130176166
E3-ecc,20260815,plane,vel,1.0354895838116553,77312.69130176166
E3-ecc,20260815,range,pos,0.15596460134612683,134250.5128448466
E3-ecc,20260815,range,vel,0.23642802993290213,134250.5128448466
E3-ecc,20260815,range,pos,0.843080328495619,217893.44909852263
E3-ecc,20260815,range,vel,-1.90264168526388,217893.44909852263
E3-ecc,20260815,range,pos,1.817553892362391,6762140.323194665
E3-ecc,20260815,range,vel,1.6862456137711772,6762140.323194665
E3-ecc,20260815,range,pos,-0.035836361747510564,4158976.580563835
E3-ecc,20260815,range,vel,0.0875206063132649,4158976.580563835
E3-ecc,20260815,range,pos,-0.32966013414993206,272774.14663419884
E3-ecc,20260815,range,vel,-1.6384855679765475,272774.14663419884
E3-ecc,20260815,range,pos,1.6070633078697447,342966.01207345957
E3-ecc,20260815,range,vel,-2.2789929650461374,342966.01207345957
E3-ecc,20260815,range,pos,0.8089592516374874,2733096.2087535798
E3-ecc,20260815,range,vel,0.5576778444716751,2733096.2087535798
E3-ecc,20260815,inplane,pos,-0.15090196163939287,134250.5128448466
E3-ecc,20260815,inplane,vel,0.0619247684320087,134250.5128448466
E3-ecc,20260815,inplane,pos,-1.0914228905757002,217893.44909852263
E3-ecc,20260815,inplane,vel,0.822278263945011,217893.44909852263
E3-ecc,20260815,inplane,pos,-1.0287309532907842,6762140.323194665
E3-ecc,20260815,inplane,vel,1.9249951421135123,6762140.323194665
E3-ecc,20260815,inplane,pos,-0.028438693457526237,4158976.580563835
E3-ecc,20260815,inplane,vel,-0.11182647229034029,4158976.580563835
E3-ecc,20260815,inplane,pos,-1.3943848502928344,272774.14663419884
E3-ecc,20260815,inplane,vel,-0.588715962994683,272774.14663419884
E3-ecc,20260815,inplane,pos,-2.230454651652843,342966.01207345957
E3-ecc,20260815,inplane,vel,1.3035860587925436,342966.01207345957
E3-ecc,20260815,inplane,pos,-0.5725690923663855,2733096.2087535798
E3-ecc,20260815,inplane,vel,0.752823700987508,2733096.2087535798
E3-ecc,20260815,plane,pos,0.5896856901708213,134250.5128448466
E3-ecc,20260815,plane,vel,0.6229002011962174,134250.5128448466
E3-ecc,20260815,plane,pos,-1.1688461118139113,217893.44909852263
E3-ecc,20260815,plane,vel,-0.1745236919442383,217893.44909852263
E3-ecc,20260815,plane,pos,-0.030276662094003884,6762140.323194665
E3-ecc,20260815,plane,vel,0.3605887340619446,6762140.323194665
E3-ecc,20260815,plane,pos,0.36447184496475227,4158976.580563835
E3-ecc,20260815,plane,vel,-0.29038751370554683,4158976.580563835
E3-ecc,20260815,plane,pos,-0.9649609713099521,272774.14663419884
E3-ecc,20260815,plane,vel,0.4065479737733078,272774.14663419884
E3-ecc,20260815,plane,pos,0.7308249489057377,342966.01207345957
E3-ecc,20260815,plane,vel,0.7112941836609183,342966.01207345957
E3-ecc,20260815,plane,pos,0.8496231491494567,2733096.2087535798
E3-ecc,20260815,plane,vel,-1.3020976433696472,2733096.2087535798
E3-ecc,20260815,range,pos,-1.7009659574428808,58241.586348766046
E3-ecc,20260815,range,vel,-0.9936577045889275,58241.586348766046
E3-ecc,20260815,range,pos,-1.030699726121933,452067.5323909479
E3-ecc,20260815,range,vel,1.7040179018000214,452067.5323909479
E3-ecc,20260815,range,pos,0.6438503915360299,554108.241410419
E3-ecc,20260815,range,vel,-1.2934775537327108,554108.241410419
E3-ecc,20260815,range,pos,-22.20673045530548,262505.5866528508
E3-ecc,20260815,range,vel,-17.543025412502733,262505.5866528508
E3-ecc,20260815,range,pos,-0.22219605231246245,287141.89795757027
E3-ecc,20260815,range,vel,0.039418227180705076,287141.89795757027
E3-ecc,20260815,range,pos,5.651477964661998,4031946.8836531052
E3-ecc,20260815,range,vel,-0.31512433859653993,4031946.8836531052
E3-ecc,20260815,range,pos,-0.1658049949335851,144489.73886988487
E3-ecc,20260815,range,vel,0.5020157304409595,144489.73886988487
E3-ecc,20260815,inplane,pos,-0.3256550808299602,58241.586348766046
E3-ecc,20260815,inplane,vel,-0.4319854791820165,58241.586348766046
E3-ecc,20260815,inplane,pos,-0.9018677226557834,452067.5323909479
E3-ecc,20260815,inplane,vel,-0.07351691774695225,452067.5323909479
E3-ecc,20260815,inplane,pos,-0.8451085306780293,554108.241410419
E3-ecc,20260815,inplane,vel,0.40173584193527256,554108.241410419
E3-ecc,20260815,inplane,pos,8.967136244641608,262505.5866528508
E3-ecc,20260815,inplane,vel,-8.540780661196223,262505.5866528508
E3-ecc,20260815,inplane,pos,1.584769505983038,287141.89795757027
E3-ecc,20260815,inplane,vel,1.0629948954840702,287141.89795757027
E3-ecc,20260815,inplane,pos,9.824552451091517,4031946.8836531052
E3-ecc,20260815,inplane,vel,5.82897540593824,4031946.8836531052
E3-ecc,20260815,inplane,pos,0.9900432627446785,144489.73886988487
E3-ecc,20260815,inplane,vel,1.3882281106557988,144489.73886988487
E3-ecc,20260815,plane,pos,-0.6984317771303702,58241.586348766046
E3-ecc,20260815,plane,vel,-1.5697784696538715,58241.586348766046
E3-ecc,20260815,plane,pos,1.866372290828545,452067.5323909479
E3-ecc,20260815,plane,vel,-0.6816304788790892,452067.5323909479
E3-ecc,20260815,plane,pos,0.6150095620263826,554108.241410419
E3-ecc,20260815,plane,vel,-2.3735043195158143,554108.241410419
E3-ecc,20260815,plane,pos,-0.6567372272195874,262505.5866528508
E3-ecc,20260815,plane,vel,-27.332564450984492,262505.5866528508
E3-ecc,20260815,plane,pos,-0.9363068378721177,287141.89795757027
E3-ecc,20260815,plane,vel,-0.703383426730835,287141.89795757027
E3-ecc,20260815,plane,pos,-0.23003622220538622,4031946.8836531052
E3-ecc,20260815,plane,vel,0.44698778073364914,4031946.8836531052
E3-ecc,20260815,plane,pos,-0.40904540330870776,144489.73886988487
E3-ecc,20260815,plane,vel,-0.5009554325736898,144489.73886988487
E3-ecc,20260815,range,pos,0.46395670066526423,766017.1238297448
E3-ecc,20260815,range,vel,-0.42403967555336886,766017.1238297448
E3-ecc,20260815,range,pos,0.005709213777216559,55211.86843022922
E3-ecc,20260815,range,vel,-0.05155614750913542,55211.86843022922
E3-ecc,20260815,range,pos,-1.0132502317237622,15055090.524649672
E3-ecc,20260815,range,vel,-0.97419131148623,15055090.524649672
E3-ecc,20260815,range,pos,18.25961422794628,52523.58595098756
E3-ecc,20260815,range,vel,15.075342607479193,52523.58595098756
E3-ecc,20260815,range,pos,-0.4121132349659997,244169.16539812135
E3-ecc,20260815,range,vel,0.6172778416081711,244169.16539812135
E3-ecc,20260815,range,pos,-0.6318907956776759,84328.14320993553
E3-ecc,20260815,range,vel,1.790811055441644,84328.14320993553
E3-ecc,20260815,range,pos,-1.3566191105709988,322746.6162854464
E3-ecc,20260815,range,vel,-1.4741487793736299,322746.6162854464
E3-ecc,20260815,range,pos,0.2387396621587704,4261279.66721756
E3-ecc,20260815,range,vel,0.6402063238345207,4261279.66721756
E3-ecc,20260815,inplane,pos,0.3321584238549824,766017.1238297448
E3-ecc,20260815,inplane,vel,0.44850642186014333,766017.1238297448
E3-ecc,20260815,inplane,pos,-0.4825492660095216,55211.86843022922
E3-ecc,20260815,inplane,vel,0.07276960508194809,55211.86843022922
E3-ecc,20260815,inplane,pos,0.9668063283163255,15055090.524649672
E3-ecc,20260815,inplane,vel,-1.056768905455508,15055090.524649672
E3-ecc,20260815,inplane,pos,-26.273358705851834,52523.58595098756
E3-ecc,20260815,inplane,vel,21.590868951740507,52523.58595098756
E3-ecc,20260815,inplane,pos,0.22318364656662956,244169.16539812135
E3-ecc,20260815,inplane,vel,0.21256420036106344,244169.16539812135
E3-ecc,20260815,inplane,pos,-0.9356342554262268,84328.14320993553
E3-ecc,20260815,inplane,vel,0.2669619260323738,84328.14320993553
E3-ecc,20260815,inplane,pos,-1.542145478142274,322746.6162854464
E3-ecc,20260815,inplane,vel,-1.5052676184043443,322746.6162854464
E3-ecc,20260815,inplane,pos,0.7160146300959583,4261279.66721756
E3-ecc,20260815,inplane,vel,0.3805888679545959,4261279.66721756
E3-ecc,20260815,plane,pos,1.5843396304929014,766017.1238297448
E3-ecc,20260815,plane,vel,-0.2637299510214204,766017.1238297448
E3-ecc,20260815,plane,pos,0.5005911981932601,55211.86843022922
E3-ecc,20260815,plane,vel,-0.44279835162786557,55211.86843022922
E3-ecc,20260815,plane,pos,-0.7885678360442021,15055090.524649672
E3-ecc,20260815,plane,vel,-0.4214369572291879,15055090.524649672
E3-ecc,20260815,plane,pos,7.902408578090416,52523.58595098756
E3-ecc,20260815,plane,vel,-21.883423158000106,52523.58595098756
E3-ecc,20260815,plane,pos,-1.8027338136692597,244169.16539812135
E3-ecc,20260815,plane,vel,0.5364885151529041,244169.16539812135
E3-ecc,20260815,plane,pos,0.24891848527779167,84328.14320993553
E3-ecc,20260815,plane,vel,-0.5454941730605597,84328.14320993553
E3-ecc,20260815,plane,pos,0.5122591546191979,322746.6162854464
E3-ecc,20260815,plane,vel,0.7495550352530628,322746.6162854464
E3-ecc,20260815,plane,pos,-0.7655845978014595,4261279.66721756
E3-ecc,20260815,plane,vel,0.2170474432763458,4261279.66721756
E3-ecc,20260815,range,pos,-1.9493782157452828,20710913.32207611
E3-ecc,20260815,range,vel,1.5705942105813413,20710913.32207611
E3-ecc,20260815,range,pos,1.392254722489522,17828753.22077382
E3-ecc,20260815,range,vel,-1.3830195666295568,17828753.22077382
E3-ecc,20260815,range,pos,-1.0041280122816911,402415.36960230913
E3-ecc,20260815,range,vel,1.1675912001965059,402415.36960230913
E3-ecc,20260815,range,pos,0.008902497596727217,172982.0687019361
E3-ecc,20260815,range,vel,-0.330133507985768,172982.0687019361
E3-ecc,20260815,range,pos,1.39582926940355,17518361.087587263
E3-ecc,20260815,range,vel,1.2142017209658473,17518361.087587263
E3-ecc,20260815,range,pos,0.242984054166129,81656.22138562475
E3-ecc,20260815,range,vel,-0.5350910036350031,81656.22138562475
E3-ecc,20260815,range,pos,0.5912571761351173,76884.73543261393
E3-ecc,20260815,range,vel,-0.5291038161267292,76884.73543261393
E3-ecc,20260815,range,pos,-0.07582301333475372,1199439.8889427083
E3-ecc,20260815,range,vel,0.570862620272442,1199439.8889427083
E3-ecc,20260815,inplane,pos,-1.7082598738984116,20710913.32207611
E3-ecc,20260815,inplane,vel,-1.1100689717781425,20710913.32207611
E3-ecc,20260815,inplane,pos,1.2856506144957485,17828753.22077382
E3-ecc,20260815,inplane,vel,1.026554524957766,17828753.22077382
E3-ecc,20260815,inplane,pos,0.24613801192144372,402415.36960230913
E3-ecc,20260815,inplane,vel,0.015890330514049308,402415.36960230913
E3-ecc,20260815,inplane,pos,-0.337899665292857,172982.0687019361
E3-ecc,20260815,inplane,vel,0.04404478315611636,172982.0687019361
E3-ecc,20260815,inplane,pos,-1.5982879276108646,17518361.087587263
E3-ecc,20260815,inplane,vel,-1.6598080364201322,17518361.087587263
E3-ecc,20260815,inplane,pos,0.26497601293774514,81656.22138562475
E3-ecc,20260815,inplane,vel,0.8278301912309696,81656.22138562475
E3-ecc,20260815,inplane,pos,0.30797419186328195,76884.73543261393
E3-ecc,20260815,inplane,vel,0.6093102979089684,76884.73543261393
E3-ecc,20260815,inplane,pos,0.6903725329961108,1199439.8889427083
E3-ecc,20260815,inplane,vel,-0.13184142702942986,1199439.8889427083
E3-ecc,20260815,plane,pos,-0.48948012994788453,20710913.32207611
E3-ecc,20260815,plane,vel,-1.2869419864808547,20710913.32207611
E3-ecc,20260815,plane,pos,-1.2929965372649528,17828753.22077382
E3-ecc,20260815,plane,vel,0.9602382332340975,17828753.22077382
E3-ecc,20260815,plane,pos,0.4183859746047882,402415.36960230913
E3-ecc,20260815,plane,vel,1.773137351867449,402415.36960230913
E3-ecc,20260815,plane,pos,0.6465110957171427,172982.0687019361
E3-ecc,20260815,plane,vel,1.4200838400183269,172982.0687019361
E3-ecc,20260815,plane,pos,1.9338967065880337,17518361.087587263
E3-ecc,20260815,plane,vel,2.5315932828246415,17518361.087587263
E3-ecc,20260815,plane,pos,0.6507564883182975,81656.22138562475
E3-ecc,20260815,plane,vel,-0.3610385514020037,81656.22138562475
E3-ecc,20260815,plane,pos,-0.4249118888782074,76884.73543261393
E3-ecc,20260815,plane,vel,0.06226874324769304,76884.73543261393
E3-ecc,20260815,plane,pos,-0.9318254332837267,1199439.8889427083
E3-ecc,20260815,plane,vel,1.2006364552185504,1199439.8889427083
E3-ecc,20260815,range,pos,0.7956006009423372,128769.153458596
E3-ecc,20260815,range,vel,0.8677820031537933,128769.153458596
E3-ecc,20260815,range,pos,-0.5561360789107036,814778.4507536564
E3-ecc,20260815,range,vel,-0.4017505098034883,814778.4507536564
E3-ecc,20260815,range,pos,0.14935168408374194,104932.95035368846
E3-ecc,20260815,range,vel,-0.8795322428236018,104932.95035368846
E3-ecc,20260815,range,pos,0.5476304699489558,2335528.385883
E3-ecc,20260815,range,vel,0.36169007047547097,2335528.385883
E3-ecc,20260815,range,pos,0.2626126157143086,165584.97515085727
E3-ecc,20260815,range,vel,0.0835367273427284,165584.97515085727
E3-ecc,20260815,range,pos,-1275.2063994298621,4624659.077736188
E3-ecc,20260815,range,vel,1342.4527928318628,4624659.077736188
E3-ecc,20260815,range,pos,0.9549687145693668,3391998.4517389685
E3-ecc,20260815,range,vel,1.0477455680385699,3391998.4517389685
E3-ecc,20260815,range,pos,-0.009004829562803246,21874160.616812434
E3-ecc,20260815,range,vel,-0.5987255484540885,21874160.616812434
E3-ecc,20260815,inplane,pos,0.6717870840190041,128769.153458596
E3-ecc,20260815,inplane,vel,0.4971197677720888,128769.153458596
E3-ecc,20260815,inplane,pos,-0.07658599463502007,814778.4507536564
E3-ecc,20260815,inplane,vel,-0.455960383606957,814778.4507536564
E3-ecc,20260815,inplane,pos,-0.9753236949054912,104932.95035368846
E3-ecc,20260815,inplane,vel,-0.2211096149513013,104932.95035368846
E3-ecc,20260815,inplane,pos,-0.14878669643783787,2335528.385883
E3-ecc,20260815,inplane,vel,0.49335301852230623,2335528.385883
E3-ecc,20260815,inplane,pos,0.44905902557794114,165584.97515085727
E3-ecc,20260815,inplane,vel,-0.14416564682174166,165584.97515085727
E3-ecc,20260815,inplane,pos,-15.973261658362144,4624659.077736188
E3-ecc,20260815,inplane,vel,-1486.755128731363,4624659.077736188
E3-ecc,20260815,inplane,pos,-0.3587279309398583,3391998.4517389685
E3-ecc,20260815,inplane,vel,0.9343049324466858,3391998.4517389685
E3-ecc,20260815,inplane,pos,-0.008310733079172065,21874160.616812434
E3-ecc,20260815,inplane,vel,0.0917832452974341,21874160.616812434
E3-ecc,20260815,plane,pos,1.9428258609883098,128769.153458596
E3-ecc,20260815,plane,vel,2.496352558275272,128769.153458596
E3-ecc,20260815,plane,pos,-0.46475052213816737,814778.4507536564
E3-ecc,20260815,plane,vel,-1.8598243631653197,814778.4507536564
E3-ecc,20260815,plane,pos,-1.409766827931794,104932.95035368846
E3-ecc,20260815,plane,vel,-0.346669801799915,104932.95035368846
E3-ecc,20260815,plane,pos,-0.9395601939515988,2335528.385883
E3-ecc,20260815,plane,vel,0.12051252057661865,2335528.385883
E3-ecc,20260815,plane,pos,-0.41375871665284575,165584.97515085727
E3-ecc,20260815,plane,vel,-0.41573983716061536,165584.97515085727
E3-ecc,20260815,plane,pos,-2.6688930564579643,4624659.077736188
E3-ecc,20260815,plane,vel,95.34739800521373,4624659.077736188
E3-ecc,20260815,plane,pos,-0.2957760732943093,3391998.4517389685
E3-ecc,20260815,plane,vel,-1.5194833906083136,3391998.4517389685
E3-ecc,20260815,plane,pos,-1.3064353979810204,21874160.616812434
E3-ecc,20260815,plane,vel,-0.7063528175086042,21874160.616812434
E3-ecc,20260822,range,pos,-2.5309196819565756,643792.0814390923
E3-ecc,20260822,range,vel,2.1438705366811277,643792.0814390923
E3-ecc,20260822,range,pos,-2.6625554229289183,137007.04708892442
E3-ecc,20260822,range,vel,-2.595520772736169,137007.04708892442
E3-ecc,20260822,range,pos,-0.7953427888186347,51692.15233205625
E3-ecc,20260822,range,vel,-0.43461956473886654,51692.15233205625
E3-ecc,20260822,range,pos,1.8549715956236938,1652269.1714178878
E3-ecc,20260822,range,vel,-1.5615732430500304,1652269.1714178878
E3-ecc,20260822,range,pos,0.34414862656771017,199587.33696697853
E3-ecc,20260822,range,vel,0.1438283296288334,199587.33696697853
E3-ecc,20260822,range,pos,-1.451443802620599,1963837.4049818802
E3-ecc,20260822,range,vel,-2.076635009517263,1963837.4049818802
E3-ecc,20260822,range,pos,0.8808437777194991,129943.28140789927
E3-ecc,20260822,range,vel,-0.9439228886381138,129943.28140789927
E3-ecc,20260822,range,pos,-0.990370786343587,144555.27393507716
E3-ecc,20260822,range,vel,-1.2847127282202777,144555.27393507716
E3-ecc,20260822,inplane,pos,-2.441995532026413,643792.0814390923
E3-ecc,20260822,inplane,vel,-2.652092464562903,643792.0814390923
E3-ecc,20260822,inplane,pos,-1.5265004953929349,137007.04708892442
E3-ecc,20260822,inplane,vel,-2.4246632290773356,137007.04708892442
E3-ecc,20260822,inplane,pos,-1.281628664356007,51692.15233205625
E3-ecc,20260822,inplane,vel,0.7879395581422322,51692.15233205625
E3-ecc,20260822,inplane,pos,0.07763386314571157,1652269.1714178878
E3-ecc,20260822,inplane,vel,1.2078086021212002,1652269.1714178878
E3-ecc,20260822,inplane,pos,0.07350186626241828,199587.33696697853
E3-ecc,20260822,inplane,vel,0.1273935024908542,199587.33696697853
E3-ecc,20260822,inplane,pos,-2.4176823652754833,1963837.4049818802
E3-ecc,20260822,inplane,vel,-1.530807155794998,1963837.4049818802
E3-ecc,20260822,inplane,pos,0.8456411680894911,129943.28140789927
E3-ecc,20260822,inplane,vel,1.3647142346742809,129943.28140789927
E3-ecc,20260822,inplane,pos,-0.16001834721871872,144555.27393507716
E3-ecc,20260822,inplane,vel,1.1201841918008761,144555.27393507716
E3-ecc,20260822,plane,pos,0.7353967082888174,643792.0814390923
E3-ecc,20260822,plane,vel,1.48797384436489,643792.0814390923
E3-ecc,20260822,plane,pos,-0.683856561060599,137007.04708892442
E3-ecc,20260822,plane,vel,-2.0091997031283677,137007.04708892442
E3-ecc,20260822,plane,pos,-0.19931431101547684,51692.15233205625
E3-ecc,20260822,plane,vel,0.3045093013559203,51692.15233205625
E3-ecc,20260822,plane,pos,-0.3770060203426504,1652269.1714178878
E3-ecc,20260822,plane,vel,0.7725795672853196,1652269.1714178878
E3-ecc,20260822,plane,pos,-0.8433814266239724,199587.33696697853
E3-ecc,20260822,plane,vel,-0.4350793718773896,199587.33696697853
E3-ecc,20260822,plane,pos,0.20965508456914514,1963837.4049818802
E3-ecc,20260822,plane,vel,0.8970574691911533,1963837.4049818802
E3-ecc,20260822,plane,pos,0.9060387713755857,129943.28140789927
E3-ecc,20260822,plane,vel,-0.6274815737017493,129943.28140789927
E3-ecc,20260822,plane,pos,-0.9708701537219194,144555.27393507716
E3-ecc,20260822,plane,vel,-0.2482448068078306,144555.27393507716
E3-ecc,20260822,range,pos,0.19435348785215037,5022744.407228856
E3-ecc,20260822,range,vel,-0.25415676480227295,5022744.407228856
E3-ecc,20260822,range,pos,0.1955365862508745,8294361.094277765
E3-ecc,20260822,range,vel,-0.799902227410624,8294361.094277765
E3-ecc,20260822,range,pos,6098.91075136553,6723034.403543842
E3-ecc,20260822,range,vel,26056.994650833523,6723034.403543842
E3-ecc,20260822,range,pos,-0.25299473387979393,79689.49981090587
E3-ecc,20260822,range,vel,-0.12497035698988121,79689.49981090587
E3-ecc,20260822,range,pos,0.6153667869725487,194118.40851321016
E3-ecc,20260822,range,vel,0.5858296634789063,194118.40851321016
E3-ecc,20260822,range,pos,-1.5531894065786243,59038.783367911186
E3-ecc,20260822,range,vel,-0.24427198199512,59038.783367911186
E3-ecc,20260822,range,pos,0.20140151715758106,3922070.0114203496
E3-ecc,20260822,range,vel,-0.37470513721233156,3922070.0114203496
E3-ecc,20260822,range,pos,1.3197830749813384,178859.93621062537
E3-ecc,20260822,range,vel,1.3820935889480703,178859.93621062537
E3-ecc,20260822,inplane,pos,-0.9326023790730156,5022744.407228856
E3-ecc,20260822,inplane,vel,0.14216808109508242,5022744.407228856
E3-ecc,20260822,inplane,pos,-0.6573155744928214,8294361.094277765
E3-ecc,20260822,inplane,vel,-0.18654514883289242,8294361.094277765
E3-ecc,20260822,inplane,pos,-6732.40519779647,6723034.403543842
E3-ecc,20260822,inplane,vel,225.21150018398467,6723034.403543842
E3-ecc,20260822,inplane,pos,0.03798768984937356,79689.49981090587
E3-ecc,20260822,inplane,vel,-0.3734268101951994,79689.49981090587
E3-ecc,20260822,inplane,pos,0.31990058686000955,194118.40851321016
E3-ecc,20260822,inplane,vel,0.4409738810888788,194118.40851321016
E3-ecc,20260822,inplane,pos,2.7930590897291387,59038.783367911186
E3-ecc,20260822,inplane,vel,-1.1820690234163769,59038.783367911186
E3-ecc,20260822,inplane,pos,1.0351745401870438,3922070.0114203496
E3-ecc,20260822,inplane,vel,0.2834673636748202,3922070.0114203496
E3-ecc,20260822,inplane,pos,1.301411698579522,178859.93621062537
E3-ecc,20260822,inplane,vel,1.167852943537298,178859.93621062537
E3-ecc,20260822,plane,pos,1.4677896593031765,5022744.407228856
E3-ecc,20260822,plane,vel,-0.3098686242901486,5022744.407228856
E3-ecc,20260822,plane,pos,-0.03413658726700142,8294361.094277765
E3-ecc,20260822,plane,vel,0.885507834964125,8294361.094277765
E3-ecc,20260822,plane,pos,906.5602242838278,6723034.403543842
E3-ecc,20260822,plane,vel,3751.421272033633,6723034.403543842
E3-ecc,20260822,plane,pos,-0.7370137699151199,79689.49981090587
E3-ecc,20260822,plane,vel,-0.2653082671836008,79689.49981090587
E3-ecc,20260822,plane,pos,-0.561529670106838,194118.40851321016
E3-ecc,20260822,plane,vel,-0.2707088634624367,194118.40851321016
E3-ecc,20260822,plane,pos,1.146792123641153,59038.783367911186
E3-ecc,20260822,plane,vel,-1.3886625630327867,59038.783367911186
E3-ecc,20260822,plane,pos,-1.4363652742617214,3922070.0114203496
E3-ecc,20260822,plane,vel,0.0252815817847056,3922070.0114203496
E3-ecc,20260822,plane,pos,-0.0593111835980704,178859.93621062537
E3-ecc,20260822,plane,vel,-1.3782234288117416,178859.93621062537
E3-ecc,20260822,range,pos,-0.17813636219638837,350611.4891534233
E3-ecc,20260822,range,vel,-0.4420839029490783,350611.4891534233
E3-ecc,20260822,range,pos,-0.04836391535238264,666798.3996407852
E3-ecc,20260822,range,vel,0.04400776037916249,666798.3996407852
E3-ecc,20260822,range,pos,-267086.6699560585,11588838.300989827
E3-ecc,20260822,range,vel,-10620.353592738482,11588838.300989827
E3-ecc,20260822,range,pos,0.43903432530426184,21302974.150744
E3-ecc,20260822,range,vel,-0.2153281076689633,21302974.150744
E3-ecc,20260822,range,pos,-1.3581146524202437,6355131.641849942
E3-ecc,20260822,range,vel,-1.7747847417649976,6355131.641849942
E3-ecc,20260822,range,pos,-0.7411766164457149,22387458.774376336
E3-ecc,20260822,range,vel,-0.9153304773194777,22387458.774376336
E3-ecc,20260822,range,pos,1.6827437046467337,575059.623697931
E3-ecc,20260822,range,vel,-2.0105823021490736,575059.623697931
E3-ecc,20260822,range,pos,0.8945998519098178,7206424.775845058
E3-ecc,20260822,range,vel,-1.2692270476859602,7206424.775845058
E3-ecc,20260822,inplane,pos,-0.40231975855567415,350611.4891534233
E3-ecc,20260822,inplane,vel,-0.3353564579509397,350611.4891534233
E3-ecc,20260822,inplane,pos,-0.059163882830007494,666798.3996407852
E3-ecc,20260822,inplane,vel,0.3313554671893216,666798.3996407852
E3-ecc,20260822,inplane,pos,-360.85098334445104,11588838.300989827
E3-ecc,20260822,inplane,vel,-266540.3569192557,11588838.300989827
E3-ecc,20260822,inplane,pos,-0.034653591496289195,21302974.150744
E3-ecc,20260822,inplane,vel,-0.42703030915510226,21302974.150744
E3-ecc,20260822,inplane,pos,0.5156698926303313,6355131.641849942
E3-ecc,20260822,inplane,vel,-1.9571818536266588,6355131.641849942
E3-ecc,20260822,inplane,pos,1.0608436634308267,22387458.774376336
E3-ecc,20260822,inplane,vel,-1.266372538195391,22387458.774376336
E3-ecc,20260822,inplane,pos,-0.3571839412273172,575059.623697931
E3-ecc,20260822,inplane,vel,1.327453180229841,575059.623697931
E3-ecc,20260822,inplane,pos,-1.699008217954533,7206424.775845058
E3-ecc,20260822,inplane,vel,0.817471872725003,7206424.775845058
E3-ecc,20260822,plane,pos,-1.0706609048194757,350611.4891534233
E3-ecc,20260822,plane,vel,-1.2865553607563405,350611.4891534233
E3-ecc,20260822,plane,pos,-0.04443732893304399,666798.3996407852
E3-ecc,20260822,plane,vel,-0.6396121863841392,666798.3996407852
E3-ecc,20260822,plane,pos,-41.10657356770596,11588838.300989827
E3-ecc,20260822,plane,vel,4719.549386532569,11588838.300989827
E3-ecc,20260822,plane,pos,0.4010708719435461,21302974.150744
E3-ecc,20260822,plane,vel,1.5148867346734534,21302974.150744
E3-ecc,20260822,plane,pos,0.642943561043939,6355131.641849942
E3-ecc,20260822,plane,vel,-0.07793333488414483,6355131.641849942
E3-ecc,20260822,plane,pos,2.070723944512584,22387458.774376336
E3-ecc,20260822,plane,vel,-1.8739804313607529,22387458.774376336
E3-ecc,20260822,plane,pos,-0.5312847268306203,575059.623697931
E3-ecc,20260822,plane,vel,-0.8140084763575012,575059.623697931
E3-ecc,20260822,plane,pos,-0.33409972873417215,7206424.775845058
E3-ecc,20260822,plane,vel,-1.8276893468211883,7206424.775845058
E3-ecc,20260822,range,pos,-0.6685302072509345,20180170.829980005
E3-ecc,20260822,range,vel,-0.31127373303752265,20180170.829980005
E3-ecc,20260822,range,pos,-0.05803717922012292,60346.809849743666
E3-ecc,20260822,range,vel,-0.34618611114167713,60346.809849743666
E3-ecc,20260822,range,pos,1.3598968822337785,17531067.01588741
E3-ecc,20260822,range,vel,1.3677330215266796,17531067.01588741
E3-ecc,20260822,range,pos,0.08364505151089122,714728.3349055648
E3-ecc,20260822,range,vel,-0.30825976292875806,714728.3349055648
E3-ecc,20260822,range,pos,-0.47471639687758266,1017381.7140565114
E3-ecc,20260822,range,vel,1.2528750239712774,1017381.7140565114
E3-ecc,20260822,range,pos,-1.0218179568146275,773625.442463119
E3-ecc,20260822,range,vel,-0.7595581132367941,773625.442463119
E3-ecc,20260822,range,pos,0.219868461828818,127537.26008506709
E3-ecc,20260822,range,vel,-0.15976875572765917,127537.26008506709
E3-ecc,20260822,range,pos,0.13116093155364497,253718.09156593925
E3-ecc,20260822,range,vel,0.0025569384068434686,253718.09156593925
E3-ecc,20260822,inplane,pos,-0.8976820355679618,20180170.829980005
E3-ecc,20260822,inplane,vel,-0.6989748871964426,20180170.829980005
E3-ecc,20260822,inplane,pos,0.6588507151010821,60346.809849743666
E3-ecc,20260822,inplane,vel,0.006887841803027049,60346.809849743666
E3-ecc,20260822,inplane,pos,-1.1262635308086892,17531067.01588741
E3-ecc,20260822,inplane,vel,1.1639629019419695,17531067.01588741
E3-ecc,20260822,inplane,pos,-0.44010495473232497,714728.3349055648
E3-ecc,20260822,inplane,vel,-0.42990478919512437,714728.3349055648
E3-ecc,20260822,inplane,pos,0.9574892437738067,1017381.7140565114
E3-ecc,20260822,inplane,vel,-0.4243329796903678,1017381.7140565114
E3-ecc,20260822,inplane,pos,-0.5807219725349051,773625.442463119
E3-ecc,20260822,inplane,vel,-1.0309409632946038,773625.442463119
E3-ecc,20260822,inplane,pos,0.2968971849515916,127537.26008506709
E3-ecc,20260822,inplane,vel,0.2441231619597924,127537.26008506709
E3-ecc,20260822,inplane,pos,-0.2258336692453798,253718.09156593925
E3-ecc,20260822,inplane,vel,-0.2052125072419141,253718.09156593925
E3-ecc,20260822,plane,pos,0.248015725527454,20180170.829980005
E3-ecc,20260822,plane,vel,-0.49520169942028475,20180170.829980005
E3-ecc,20260822,plane,pos,0.8880007526885186,60346.809849743666
E3-ecc,20260822,plane,vel,1.164845565303216,60346.809849743666
E3-ecc,20260822,plane,pos,-2.066808571400073,17531067.01588741
E3-ecc,20260822,plane,vel,-1.6783783508494334,17531067.01588741
E3-ecc,20260822,plane,pos,1.1372706369177386,714728.3349055648
E3-ecc,20260822,plane,vel,0.608851217247443,714728.3349055648
E3-ecc,20260822,plane,pos,-1.0002795422469644,1017381.7140565114
E3-ecc,20260822,plane,vel,1.3371104827831732,1017381.7140565114
E3-ecc,20260822,plane,pos,-1.3433152440562408,773625.442463119
E3-ecc,20260822,plane,vel,-1.0731603700362982,773625.442463119
E3-ecc,20260822,plane,pos,-0.25564415430268717,127537.26008506709
E3-ecc,20260822,plane,vel,-0.1575799150426458,127537.26008506709
E3-ecc,20260822,plane,pos,-0.8085034272766946,253718.09156593925
E3-ecc,20260822,plane,vel,0.6065783899448001,253718.09156593925
E3-ecc,20260822,range,pos,0.7492265368954368,1855779.0779182173
E3-ecc,20260822,range,vel,-0.5306497314489832,1855779.0779182173
E3-ecc,20260822,range,pos,0.6004518324355396,6965700.1233249195
E3-ecc,20260822,range,vel,0.6978189911331212,6965700.1233249195
E3-ecc,20260822,range,pos,1.3013057147287557,292923.6957479896
E3-ecc,20260822,range,vel,-1.6510522598934876,292923.6957479896
E3-ecc,20260822,range,pos,0.0071724985814452585,154489.84237740096
E3-ecc,20260822,range,vel,0.6222196421795182,154489.84237740096
E3-ecc,20260822,range,pos,1.0664394449361745,83180.23967609697
E3-ecc,20260822,range,vel,0.5963361971656219,83180.23967609697
E3-ecc,20260822,range,pos,-2.8961219106999376,23976459.664330687
E3-ecc,20260822,range,vel,-2.5159243360348995,23976459.664330687
E3-ecc,20260822,inplane,pos,0.5738829732613439,1855779.0779182173
E3-ecc,20260822,inplane,vel,0.4138446507814076,1855779.0779182173
E3-ecc,20260822,inplane,pos,-0.45805545576170936,6965700.1233249195
E3-ecc,20260822,inplane,vel,0.34969907971490355,6965700.1233249195
E3-ecc,20260822,inplane,pos,-1.1456667427917568,292923.6957479896
E3-ecc,20260822,inplane,vel,0.9859339685463846,292923.6957479896
E3-ecc,20260822,inplane,pos,0.35234672299413194,154489.84237740096
E3-ecc,20260822,inplane,vel,-0.18632606520787937,154489.84237740096
E3-ecc,20260822,inplane,pos,-1.081918576408313,83180.23967609697
E3-ecc,20260822,inplane,vel,0.7659829914390118,83180.23967609697
E3-ecc,20260822,inplane,pos,1.7113013940402981,23976459.664330687
E3-ecc,20260822,inplane,vel,-0.8528215234242081,23976459.664330687
E3-ecc,20260822,plane,pos,1.0432259982818222,1855779.0779182173
E3-ecc,20260822,plane,vel,-0.05599680186596451,1855779.0779182173
E3-ecc,20260822,plane,pos,-1.843372982817557,6965700.1233249195
E3-ecc,20260822,plane,vel,-1.1273874333058518,6965700.1233249195
E3-ecc,20260822,plane,pos,-0.26854515045673805,292923.6957479896
E3-ecc,20260822,plane,vel,-0.43234464927494515,292923.6957479896
E3-ecc,20260822,plane,pos,-0.3681073592054803,154489.84237740096
E3-ecc,20260822,plane,vel,-0.8672789167161827,154489.84237740096
E3-ecc,20260822,plane,pos,0.1862215865359655,83180.23967609697
E3-ecc,20260822,plane,vel,0.5342752269243402,83180.23967609697
E3-ecc,20260822,plane,pos,0.2929254488843782,23976459.664330687
E3-ecc,20260822,plane,vel,0.2852070883905788,23976459.664330687
E3-ecc,20260822,range,pos,0.6211329927652556,569351.1246556023
E3-ecc,20260822,range,vel,-1.8104728725300148,569351.1246556023
E3-ecc,20260822,range,pos,0.7638466366297256,391066.6448779346
E3-ecc,20260822,range,vel,1.2593993105053387,391066.6448779346
E3-ecc,20260822,range,pos,-2.0425985483726232,16843789.059380624
E3-ecc,20260822,range,vel,-1.8854453616941487,16843789.059380624
E3-ecc,20260822,range,pos,-4.072272438422591,15743950.051676586
E3-ecc,20260822,range,vel,-4.5804348270376805,15743950.051676586
E3-ecc,20260822,range,pos,0.6070558584783776,79713.23696851515
E3-ecc,20260822,range,vel,-1.150673021348013,79713.23696851515
E3-ecc,20260822,range,pos,-0.8540631692507533,708897.2793120531
E3-ecc,20260822,range,vel,-1.0681282382032575,708897.2793120531
E3-ecc,20260822,range,pos,1.0214439178920973,510367.6785606313
E3-ecc,20260822,range,vel,-1.1250771079825044,510367.6785606313
E3-ecc,20260822,range,pos,2.4055830665986297,541695.8555119585
E3-ecc,20260822,range,vel,-2.0830484036686268,541695.8555119585
E3-ecc,20260822,inplane,pos,-1.7712488997153573,569351.1246556023
E3-ecc,20260822,inplane,vel,-0.2495920579292783,569351.1246556023
E3-ecc,20260822,inplane,pos,1.0341863247020988,391066.6448779346
E3-ecc,20260822,inplane,vel,1.2499847366735088,391066.6448779346
E3-ecc,20260822,inplane,pos,2.1706989516376645,16843789.059380624
E3-ecc,20260822,inplane,vel,-2.14676514573056,16843789.059380624
E3-ecc,20260822,inplane,pos,2.205590799750958,15743950.051676586
E3-ecc,20260822,inplane,vel,-3.6177228568158313,15743950.051676586
E3-ecc,20260822,inplane,pos,0.5383762175783077,79713.23696851515
E3-ecc,20260822,inplane,vel,0.05124680737077199,79713.23696851515
E3-ecc,20260822,inplane,pos,0.3569288636624258,708897.2793120531
E3-ecc,20260822,inplane,vel,-0.7087661394503317,708897.2793120531
E3-ecc,20260822,inplane,pos,0.3109201838451613,510367.6785606313
E3-ecc,20260822,inplane,vel,0.941218137948754,510367.6785606313
E3-ecc,20260822,inplane,pos,0.8861248888588614,541695.8555119585
E3-ecc,20260822,inplane,vel,2.4496180586169904,541695.8555119585
E3-ecc,20260822,plane,pos,0.502618873725827,569351.1246556023
E3-ecc,20260822,plane,vel,1.0046968412122195,569351.1246556023
E3-ecc,20260822,plane,pos,0.3621853038708883,391066.6448779346
E3-ecc,20260822,plane,vel,0.48745186010963665,391066.6448779346
E3-ecc,20260822,plane,pos,-1.5487494784933833,16843789.059380624
E3-ecc,20260822,plane,vel,-0.4217119532933696,16843789.059380624
E3-ecc,20260822,plane,pos,0.9132400219684936,15743950.051676586
E3-ecc,20260822,plane,vel,0.015494614794400926,15743950.051676586
E3-ecc,20260822,plane,pos,0.32187910782498297,79713.23696851515
E3-ecc,20260822,plane,vel,-0.35386540197158495,79713.23696851515
E3-ecc,20260822,plane,pos,-1.3421512530672695,708897.2793120531
E3-ecc,20260822,plane,vel,1.2408598328146991,708897.2793120531
E3-ecc,20260822,plane,pos,-2.129866587854253,510367.6785606313
E3-ecc,20260822,plane,vel,-1.558012324726371,510367.6785606313
E3-ecc,20260822,plane,pos,-1.0302624757048642,541695.8555119585
E3-ecc,20260822,plane,vel,1.1862528771718903,541695.8555119585
E3-ecc,20260829,range,pos,-1.235797525622081,466593.7754489986
E3-ecc,20260829,range,vel,0.3032040575544452,466593.7754489986
E3-ecc,20260829,range,pos,4.637657799668189,994179.4599777589
E3-ecc,20260829,range,vel,-1.1408556761709796,994179.4599777589
E3-ecc,20260829,range,pos,-0.381219829778366,427331.3496374715
E3-ecc,20260829,range,vel,0.5528680188135433,427331.3496374715
E3-ecc,20260829,range,pos,-0.41992314930276275,292965.1659098072
E3-ecc,20260829,range,vel,-0.4989164564302868,292965.1659098072
E3-ecc,20260829,range,pos,0.9582570220869578,2066353.101887868
E3-ecc,20260829,range,vel,1.0686298948128239,2066353.101887868
E3-ecc,20260829,range,pos,0.2687427072637055,878397.8472585218
E3-ecc,20260829,range,vel,-0.48095157889540946,878397.8472585218
E3-ecc,20260829,range,pos,0.6709866155066551,490980.59127130674
E3-ecc,20260829,range,vel,-0.3053399473261979,490980.59127130674
E3-ecc,20260829,range,pos,0.7389690489936718,594080.3983363502
E3-ecc,20260829,range,vel,-0.6652271913038506,594080.3983363502
E3-ecc,20260829,inplane,pos,1.1021794580899535,466593.7754489986
E3-ecc,20260829,inplane,vel,2.9074511360768707,466593.7754489986
E3-ecc,20260829,inplane,pos,1.283172492071999,994179.4599777589
E3-ecc,20260829,inplane,vel,4.225921825069363,994179.4599777589
E3-ecc,20260829,inplane,pos,0.3468216332876746,427331.3496374715
E3-ecc,20260829,inplane,vel,0.09947078996007569,427331.3496374715
E3-ecc,20260829,inplane,pos,-0.06356298951258017,292965.1659098072
E3-ecc,20260829,inplane,vel,0.13245042526675913,292965.1659098072
E3-ecc,20260829,inplane,pos,1.1306323512794987,2066353.101887868
E3-ecc,20260829,inplane,vel,1.1486095532264768,2066353.101887868
E3-ecc,20260829,inplane,pos,2.011755141358842,878397.8472585218
E3-ecc,20260829,inplane,vel,1.1423339787496825,878397.8472585218
E3-ecc,20260829,inplane,pos,0.5698744153652988,490980.59127130674
E3-ecc,20260829,inplane,vel,0.31047897546969816,490980.59127130674
E3-ecc,20260829,inplane,pos,1.1868914898951097,594080.3983363502
E3-ecc,20260829,inplane,vel,-0.8585484524198868,594080.3983363502
E3-ecc,20260829,plane,pos,2.9327007555535975,466593.7754489986
E3-ecc,20260829,plane,vel,0.879761953898015,466593.7754489986
E3-ecc,20260829,plane,pos,-1.9316905960135735,994179.4599777589
E3-ecc,20260829,plane,vel,1.033905274334115,994179.4599777589
E3-ecc,20260829,plane,pos,-0.029897429593195933,427331.3496374715
E3-ecc,20260829,plane,vel,0.7083760761303074,427331.3496374715
E3-ecc,20260829,plane,pos,0.6940669593288413,292965.1659098072
E3-ecc,20260829,plane,vel,0.18408586748556044,292965.1659098072
E3-ecc,20260829,plane,pos,0.34502356602147094,2066353.101887868
E3-ecc,20260829,plane,vel,-0.8386429380029182,2066353.101887868
E3-ecc,20260829,plane,pos,0.07397752630601578,878397.8472585218
E3-ecc,20260829,plane,vel,1.7757943292464855,878397.8472585218
E3-ecc,20260829,plane,pos,0.2946210859331207,490980.59127130674
E3-ecc,20260829,plane,vel,-1.1011432704415804,490980.59127130674
E3-ecc,20260829,plane,pos,-0.8372887258422586,594080.3983363502
E3-ecc,20260829,plane,vel,-0.95236412191234,594080.3983363502
E3-ecc,20260829,range,pos,-0.5871006023519307,104724.83789862125
E3-ecc,20260829,range,vel,0.6518586311361467,104724.83789862125
E3-ecc,20260829,range,pos,0.4775124507984934,190864.19131345494
E3-ecc,20260829,range,vel,0.11340707167702092,190864.19131345494
E3-ecc,20260829,range,pos,-0.16554532343106146,3285750.646409931
E3-ecc,20260829,range,vel,0.28738495898938426,3285750.646409931
E3-ecc,20260829,range,pos,0.5373173780734994,135824.24752627805
E3-ecc,20260829,range,vel,-0.6187813959510305,135824.24752627805
E3-ecc,20260829,range,pos,0.0897980207119884,252562.75053261992
E3-ecc,20260829,range,vel,-0.9074835713637012,252562.75053261992
E3-ecc,20260829,range,pos,-1.7615827870302763,122150.62198176744
E3-ecc,20260829,range,vel,-1.677325404231422,122150.62198176744
E3-ecc,20260829,range,pos,1.3082733351799274,23167470.277854033
E3-ecc,20260829,range,vel,-1.7791211785870882,23167470.277854033
E3-ecc,20260829,range,pos,-0.5856347354420574,484729.64217584295
E3-ecc,20260829,range,vel,0.27289884014128235,484729.64217584295
E3-ecc,20260829,inplane,pos,2.000158770471358,104724.83789862125
E3-ecc,20260829,inplane,vel,0.6438783968596896,104724.83789862125
E3-ecc,20260829,inplane,pos,0.00489320994331005,190864.19131345494
E3-ecc,20260829,inplane,vel,0.5231344972238662,190864.19131345494
E3-ecc,20260829,inplane,pos,-0.12445780676595776,3285750.646409931
E3-ecc,20260829,inplane,vel,-0.17198458037800946,3285750.646409931
E3-ecc,20260829,inplane,pos,0.26523400421812043,135824.24752627805
E3-ecc,20260829,inplane,vel,0.6844387284263663,135824.24752627805
E3-ecc,20260829,inplane,pos,-0.599735575327989,252562.75053261992
E3-ecc,20260829,inplane,vel,-0.277350096082906,252562.75053261992
E3-ecc,20260829,inplane,pos,-1.5031197995200356,122150.62198176744
E3-ecc,20260829,inplane,vel,0.1506600239788001,122150.62198176744
E3-ecc,20260829,inplane,pos,1.6058595929008492,23167470.277854033
E3-ecc,20260829,inplane,vel,1.3433692964753503,23167470.277854033
E3-ecc,20260829,inplane,pos,-1.1494173801374223,484729.64217584295
E3-ecc,20260829,inplane,vel,-0.8363923767351146,484729.64217584295
E3-ecc,20260829,plane,pos,0.24178752948159687,104724.83789862125
E3-ecc,20260829,plane,vel,1.634823938550323,104724.83789862125
E3-ecc,20260829,plane,pos,-0.7334075334250847,190864.19131345494
E3-ecc,20260829,plane,vel,0.14181984949342993,190864.19131345494
E3-ecc,20260829,plane,pos,-1.5278853295467987,3285750.646409931
E3-ecc,20260829,plane,vel,-1.1204151836217822,3285750.646409931
E3-ecc,20260829,plane,pos,0.16981226356749796,135824.24752627805
E3-ecc,20260829,plane,vel,-0.7497290405495037,135824.24752627805
E3-ecc,20260829,plane,pos,-1.1113911521696813,252562.75053261992
E3-ecc,20260829,plane,vel,-1.805255336779432,252562.75053261992
E3-ecc,20260829,plane,pos,-2.4201388409010574,122150.62198176744
E3-ecc,20260829,plane,vel,2.026027222255395,122150.62198176744
E3-ecc,20260829,plane,pos,-1.5950493823694274,23167470.277854033
E3-ecc,20260829,plane,vel,0.2976074022435715,23167470.277854033
E3-ecc,20260829,plane,pos,0.17646039567604013,484729.64217584295
E3-ecc,20260829,plane,vel,-0.24854387425904806,484729.64217584295
E3-ecc,20260829,range,pos,0.2650718259781932,2470551.957793549
E3-ecc,20260829,range,vel,-0.4975653709532894,2470551.957793549
E3-ecc,20260829,range,pos,0.22019887139063066,16338902.7024123
E3-ecc,20260829,range,vel,0.7516299012806373,16338902.7024123
E3-ecc,20260829,range,pos,-0.7337330057563258,211135.49031020718
E3-ecc,20260829,range,vel,-0.8084646981736859,211135.49031020718
E3-ecc,20260829,range,pos,-0.14460058960841296,2035335.470726464
E3-ecc,20260829,range,vel,-0.18211448990466733,2035335.470726464
E3-ecc,20260829,range,pos,0.33243625372490165,2528270.897632076
E3-ecc,20260829,range,vel,-1.062847155768736,2528270.897632076
E3-ecc,20260829,range,pos,-0.9875153084291807,1946603.0422165412
E3-ecc,20260829,range,vel,1.0087437378436723,1946603.0422165412
E3-ecc,20260829,range,pos,1.2519115263928815,664902.5270030765
E3-ecc,20260829,range,vel,0.9669346124494992,664902.5270030765
E3-ecc,20260829,inplane,pos,-0.1630595485518485,2470551.957793549
E3-ecc,20260829,inplane,vel,0.09264503759082665,2470551.957793549
E3-ecc,20260829,inplane,pos,0.6560370961180011,16338902.7024123
E3-ecc,20260829,inplane,vel,-0.3982444346044198,16338902.7024123
E3-ecc,20260829,inplane,pos,-0.176324694151744,211135.49031020718
E3-ecc,20260829,inplane,vel,-0.42991688951988144,211135.49031020718
E3-ecc,20260829,inplane,pos,-0.8006229579100207,2035335.470726464
E3-ecc,20260829,inplane,vel,-0.5828901966019059,2035335.470726464
E3-ecc,20260829,inplane,pos,-0.2519844532246918,2528270.897632076
E3-ecc,20260829,inplane,vel,0.2800022097966936,2528270.897632076
E3-ecc,20260829,inplane,pos,-0.5761264355439983,1946603.0422165412
E3-ecc,20260829,inplane,vel,-0.8298223176848528,1946603.0422165412
E3-ecc,20260829,inplane,pos,1.8170165593229162,664902.5270030765
E3-ecc,20260829,inplane,vel,1.6639086615096343,664902.5270030765
E3-ecc,20260829,plane,pos,1.0410086895561892,2470551.957793549
E3-ecc,20260829,plane,vel,-0.44635652732762526,2470551.957793549
E3-ecc,20260829,plane,pos,-0.08447127049347299,16338902.7024123
E3-ecc,20260829,plane,vel,1.2546072381063886,16338902.7024123
E3-ecc,20260829,plane,pos,0.19683903487737808,211135.49031020718
E3-ecc,20260829,plane,vel,-0.11226727293393561,211135.49031020718
E3-ecc,20260829,plane,pos,-0.2729009994931894,2035335.470726464
E3-ecc,20260829,plane,vel,-0.2990407067234847,2035335.470726464
E3-ecc,20260829,plane,pos,0.2625361027320376,2528270.897632076
E3-ecc,20260829,plane,vel,-0.873579364197597,2528270.897632076
E3-ecc,20260829,plane,pos,0.9104351062658136,1946603.0422165412
E3-ecc,20260829,plane,vel,0.49046940141849155,1946603.0422165412
E3-ecc,20260829,plane,pos,-2.9055008363473505,664902.5270030765
E3-ecc,20260829,plane,vel,0.5127752567458715,664902.5270030765
E3-ecc,20260829,range,pos,0.06851731060706301,223560.47590208557
E3-ecc,20260829,range,vel,-1.0426784216108698,223560.47590208557
E3-ecc,20260829,range,pos,-0.2749099311022539,70979.28192253807
E3-ecc,20260829,range,vel,-0.1599931895935713,70979.28192253807
E3-ecc,20260829,range,pos,0.07841432779033433,2637970.8738822546
E3-ecc,20260829,range,vel,1.814542362086381,2637970.8738822546
E3-ecc,20260829,range,pos,-0.09420408328566926,285994.85852913046
E3-ecc,20260829,range,vel,-0.10093174773975165,285994.85852913046
E3-ecc,20260829,range,pos,-0.21304704964624124,262065.63936242947
E3-ecc,20260829,range,vel,0.8385223991378092,262065.63936242947
E3-ecc,20260829,range,pos,-1.4737796468301996,60095.552890428735
E3-ecc,20260829,range,vel,1.3123485301858633,60095.552890428735
E3-ecc,20260829,range,pos,1.1728334397145808,9833459.807452409
E3-ecc,20260829,range,vel,-0.5286164729363648,9833459.807452409
E3-ecc,20260829,inplane,pos,0.053712080920771704,223560.47590208557
E3-ecc,20260829,inplane,vel,0.0907608051298434,223560.47590208557
E3-ecc,20260829,inplane,pos,1.2824455603666345,70979.28192253807
E3-ecc,20260829,inplane,vel,0.19879322223606047,70979.28192253807
E3-ecc,20260829,inplane,pos,-0.05733532045991389,2637970.8738822546
E3-ecc,20260829,inplane,vel,0.06022741547279112,2637970.8738822546
E3-ecc,20260829,inplane,pos,-0.21435908607787937,285994.85852913046
E3-ecc,20260829,inplane,vel,-0.06348470863848985,285994.85852913046
E3-ecc,20260829,inplane,pos,-1.5728618481088796,262065.63936242947
E3-ecc,20260829,inplane,vel,0.5385961505851292,262065.63936242947
E3-ecc,20260829,inplane,pos,-0.22127669356865287,60095.552890428735
E3-ecc,20260829,inplane,vel,-1.1052875889183786,60095.552890428735
E3-ecc,20260829,inplane,pos,1.5965936296646759,9833459.807452409
E3-ecc,20260829,inplane,vel,1.2943705791132682,9833459.807452409
E3-ecc,20260829,plane,pos,2.341635067115001,223560.47590208557
E3-ecc,20260829,plane,vel,-0.015300306911777322,223560.47590208557
E3-ecc,20260829,plane,pos,-0.868518820541805,70979.28192253807
E3-ecc,20260829,plane,vel,-1.0708686662868787,70979.28192253807
E3-ecc,20260829,plane,pos,0.09031517204310564,2637970.8738822546
E3-ecc,20260829,plane,vel,0.280071151586831,2637970.8738822546
E3-ecc,20260829,plane,pos,0.5350777876038266,285994.85852913046
E3-ecc,20260829,plane,vel,0.49507828895163575,285994.85852913046
E3-ecc,20260829,plane,pos,-0.23246406393131486,262065.63936242947
E3-ecc,20260829,plane,vel,-0.2257749071423059,262065.63936242947
E3-ecc,20260829,plane,pos,-2.406115444183647,60095.552890428735
E3-ecc,20260829,plane,vel,1.3583894473306295,60095.552890428735
E3-ecc,20260829,plane,pos,0.6396332034199468,9833459.807452409
E3-ecc,20260829,plane,vel,-0.027913034926300918,9833459.807452409
E3-ecc,20260829,range,pos,0.6270450327772672,276346.569012655
E3-ecc,20260829,range,vel,0.250139858552818,276346.569012655
E3-ecc,20260829,range,pos,-0.3627240569154137,85958.59888105051
E3-ecc,20260829,range,vel,0.8702420040777455,85958.59888105051
E3-ecc,20260829,range,pos,0.8794622080232762,7072014.873442934
E3-ecc,20260829,range,vel,-1.9980219434370743,7072014.873442934
E3-ecc,20260829,range,pos,1.2618552181315354,759913.3808957069
E3-ecc,20260829,range,vel,-1.2070675365575072,759913.3808957069
E3-ecc,20260829,range,pos,0.6208803676321586,2517031.9806011315
E3-ecc,20260829,range,vel,-0.3935363747827667,2517031.9806011315
E3-ecc,20260829,range,pos,-0.5858188320105633,20610998.538099714
E3-ecc,20260829,range,vel,-0.48233532876554386,20610998.538099714
E3-ecc,20260829,range,pos,-0.6327071812161839,1848066.104011049
E3-ecc,20260829,range,vel,1.464289270182463,1848066.104011049
E3-ecc,20260829,range,pos,1.3681648051461675,230541.51574571285
E3-ecc,20260829,range,vel,-1.5918795706551627,230541.51574571285
E3-ecc,20260829,inplane,pos,0.530933811174699,276346.569012655
E3-ecc,20260829,inplane,vel,0.7737403570689372,276346.569012655
E3-ecc,20260829,inplane,pos,0.43333286430917206,85958.59888105051
E3-ecc,20260829,inplane,vel,-0.2034860941311302,85958.59888105051
E3-ecc,20260829,inplane,pos,-2.180483553323388,7072014.873442934
E3-ecc,20260829,inplane,vel,0.46401728952780535,7072014.873442934
E3-ecc,20260829,inplane,pos,1.32530367856243,759913.3808957069
E3-ecc,20260829,inplane,vel,1.283240071384163,759913.3808957069
E3-ecc,20260829,inplane,pos,0.4322529491187756,2517031.9806011315
E3-ecc,20260829,inplane,vel,0.3938407757528011,2517031.9806011315
E3-ecc,20260829,inplane,pos,0.5050147680905165,20610998.538099714
E3-ecc,20260829,inplane,vel,0.07951327102808359,20610998.538099714
E3-ecc,20260829,inplane,pos,1.2781000675053449,1848066.104011049
E3-ecc,20260829,inplane,vel,-0.7038082513682296,1848066.104011049
E3-ecc,20260829,inplane,pos,0.1067697532372986,230541.51574571285
E3-ecc,20260829,inplane,vel,1.2842484609220832,230541.51574571285
E3-ecc,20260829,plane,pos,0.5500419964277026,276346.569012655
E3-ecc,20260829,plane,vel,0.6742046602002638,276346.569012655
E3-ecc,20260829,plane,pos,-0.758681221556633,85958.59888105051
E3-ecc,20260829,plane,vel,1.0084936142340508,85958.59888105051
E3-ecc,20260829,plane,pos,-1.2517306745023533,7072014.873442934
E3-ecc,20260829,plane,vel,0.8055894914032982,7072014.873442934
E3-ecc,20260829,plane,pos,1.4980998676540458,759913.3808957069
E3-ecc,20260829,plane,vel,1.3428777219926806,759913.3808957069
E3-ecc,20260829,plane,pos,0.8319643908802068,2517031.9806011315
E3-ecc,20260829,plane,vel,0.8887437460792353,2517031.9806011315
E3-ecc,20260829,plane,pos,-1.4272928370077778,20610998.538099714
E3-ecc,20260829,plane,vel,-0.6104663242631491,20610998.538099714
E3-ecc,20260829,plane,pos,-0.971174012617363,1848066.104011049
E3-ecc,20260829,plane,vel,-1.4537957081721837,1848066.104011049
E3-ecc,20260829,plane,pos,0.014038783251726373,230541.51574571285
E3-ecc,20260829,plane,vel,1.9396501554014771,230541.51574571285
E3-ecc,20260829,range,pos,0.008028161250116371,10315012.15383662
E3-ecc,20260829,range,vel,0.021425632068157712,10315012.15383662
E3-ecc,20260829,range,pos,-0.3635757872418139,117584.91316914196
E3-ecc,20260829,range,vel,0.27909260272355046,117584.91316914196
E3-ecc,20260829,range,pos,0.07529981837017805,823282.5148488255
E3-ecc,20260829,range,vel,0.8486922868825892,823282.5148488255
E3-ecc,20260829,range,pos,-0.33139722467346516,57424.984818859746
E3-ecc,20260829,range,vel,-0.4078990666352328,57424.984818859746
E3-ecc,20260829,range,pos,1.927024698756891,384456.389264154
E3-ecc,20260829,range,vel,0.7709791022325299,384456.389264154
E3-ecc,20260829,range,pos,-2.7101520263150194,1146453.818576737
E3-ecc,20260829,range,vel,0.705120678908025,1146453.818576737
E3-ecc,20260829,range,pos,0.5529366742962818,99248.1407387674
E3-ecc,20260829,range,vel,0.03642461810423379,99248.1407387674
E3-ecc,20260829,range,pos,-2.069759399532185,4234863.247470125
E3-ecc,20260829,range,vel,-1.7741897792594832,4234863.247470125
E3-ecc,20260829,inplane,pos,0.7014264067074951,10315012.15383662
E3-ecc,20260829,inplane,vel,0.009409335093134416,10315012.15383662
E3-ecc,20260829,inplane,pos,0.7264578692068313,117584.91316914196
E3-ecc,20260829,inplane,vel,1.4132248138367784,117584.91316914196
E3-ecc,20260829,inplane,pos,1.856619067293401,823282.5148488255
E3-ecc,20260829,inplane,vel,-0.34315401113333094,823282.5148488255
E3-ecc,20260829,inplane,pos,-0.2873258131040548,57424.984818859746
E3-ecc,20260829,inplane,vel,-0.6445977622969055,57424.984818859746
E3-ecc,20260829,inplane,pos,0.617213362754927,384456.389264154
E3-ecc,20260829,inplane,vel,1.6959199140482588,384456.389264154
E3-ecc,20260829,inplane,pos,-0.032956861638455584,1146453.818576737
E3-ecc,20260829,inplane,vel,-2.716272586411487,1146453.818576737
E3-ecc,20260829,inplane,pos,1.968042866875847,99248.1407387674
E3-ecc,20260829,inplane,vel,1.2089941753848579,99248.1407387674
E3-ecc,20260829,inplane,pos,1.1409982004339456,4234863.247470125
E3-ecc,20260829,inplane,vel,-2.148471080756833,4234863.247470125
E3-ecc,20260829,plane,pos,-0.9317353699716635,10315012.15383662
E3-ecc,20260829,plane,vel,-1.3704507658143574,10315012.15383662
E3-ecc,20260829,plane,pos,-0.045077843475300326,117584.91316914196
E3-ecc,20260829,plane,vel,1.352388563612575,117584.91316914196
E3-ecc,20260829,plane,pos,1.682637062305038,823282.5148488255
E3-ecc,20260829,plane,vel,1.2648521792598368,823282.5148488255
E3-ecc,20260829,plane,pos,-0.6183295836470853,57424.984818859746
E3-ecc,20260829,plane,vel,-0.0012882450367530996,57424.984818859746
E3-ecc,20260829,plane,pos,-1.6974903477285006,384456.389264154
E3-ecc,20260829,plane,vel,0.5774821406619595,384456.389264154
E3-ecc,20260829,plane,pos,0.1432977926907316,1146453.818576737
E3-ecc,20260829,plane,vel,0.9865501463450606,1146453.818576737
E3-ecc,20260829,plane,pos,-0.23968951492668378,99248.1407387674
E3-ecc,20260829,plane,vel,-0.6352362163723915,99248.1407387674
E3-ecc,20260829,plane,pos,-0.11980334894457417,4234863.247470125
E3-ecc,20260829,plane,vel,0.468065113826821,4234863.247470125
E3-ecc,20260836,range,pos,0.2984734894962289,327114.204159652
E3-ecc,20260836,range,vel,-0.5024084438843988,327114.204159652
E3-ecc,20260836,range,pos,0.8146998264653472,249102.8575846147
E3-ecc,20260836,range,vel,0.3026559342387509,249102.8575846147
E3-ecc,20260836,range,pos,-0.2135895013241177,934109.3736782252
E3-ecc,20260836,range,vel,0.4246224243271429,934109.3736782252
E3-ecc,20260836,range,pos,-2.4143369428677848,269398.7594726376
E3-ecc,20260836,range,vel,1.888413044260679,269398.7594726376
E3-ecc,20260836,range,pos,-0.3012714015359047,709030.5044002249
E3-ecc,20260836,range,vel,-0.06286747234745635,709030.5044002249
E3-ecc,20260836,range,pos,0.5771066200245346,73890.35354253229
E3-ecc,20260836,range,vel,0.7164821312704652,73890.35354253229
E3-ecc,20260836,range,pos,-1.6100106790998476,1068603.052693688
E3-ecc,20260836,range,vel,2.0878818010757434,1068603.052693688
E3-ecc,20260836,range,pos,-94.47148354115275,818389.1978762627
E3-ecc,20260836,range,vel,135.64865134552556,818389.1978762627
E3-ecc,20260836,inplane,pos,1.0934231235718443,327114.204159652
E3-ecc,20260836,inplane,vel,0.9791216570880875,327114.204159652
E3-ecc,20260836,inplane,pos,-0.9713635023211998,249102.8575846147
E3-ecc,20260836,inplane,vel,-0.21862463024473394,249102.8575846147
E3-ecc,20260836,inplane,pos,-0.1349190568146763,934109.3736782252
E3-ecc,20260836,inplane,vel,-0.3885037347563206,934109.3736782252
E3-ecc,20260836,inplane,pos,-0.5769591721194964,269398.7594726376
E3-ecc,20260836,inplane,vel,-1.1490116891659554,269398.7594726376
E3-ecc,20260836,inplane,pos,-1.3225722430139928,709030.5044002249
E3-ecc,20260836,inplane,vel,-0.8591991429760102,709030.5044002249
E3-ecc,20260836,inplane,pos,0.40173903888929213,73890.35354253229
E3-ecc,20260836,inplane,vel,0.887060461451972,73890.35354253229
E3-ecc,20260836,inplane,pos,-0.451680628343794,1068603.052693688
E3-ecc,20260836,inplane,vel,-1.4424989714715857,1068603.052693688
E3-ecc,20260836,inplane,pos,232.83367673435467,818389.1978762627
E3-ecc,20260836,inplane,vel,-24.770615548527765,818389.1978762627
E3-ecc,20260836,plane,pos,-0.8966414716450541,327114.204159652
E3-ecc,20260836,plane,vel,-0.6253552372142681,327114.204159652
E3-ecc,20260836,plane,pos,-0.5247129677009726,249102.8575846147
E3-ecc,20260836,plane,vel,-0.7970871600889726,249102.8575846147
E3-ecc,20260836,plane,pos,-1.3104003939541533,934109.3736782252
E3-ecc,20260836,plane,vel,-0.15430594136130252,934109.3736782252
E3-ecc,20260836,plane,pos,1.0219120469010683,269398.7594726376
E3-ecc,20260836,plane,vel,0.5535288156129919,269398.7594726376
E3-ecc,20260836,plane,pos,-1.066818684036294,709030.5044002249
E3-ecc,20260836,plane,vel,-0.501033890059041,709030.5044002249
E3-ecc,20260836,plane,pos,0.57192645892614,73890.35354253229
E3-ecc,20260836,plane,vel,0.5998189105277577,73890.35354253229
E3-ecc,20260836,plane,pos,1.2742324459800476,1068603.052693688
E3-ecc,20260836,plane,vel,-1.059012960896761,1068603.052693688
E3-ecc,20260836,plane,pos,49.073449206013365,818389.1978762627
E3-ecc,20260836,plane,vel,-118.60196719947173,818389.1978762627
E3-ecc,20260836,range,pos,-1.518586468324028,72388.0654869977
E3-ecc,20260836,range,vel,-1.3652404277744614,72388.0654869977
E3-ecc,20260836,range,pos,1.1795652554028597,4858429.893008596
E3-ecc,20260836,range,vel,1.1081421261011406,4858429.893008596
E3-ecc,20260836,range,pos,142.37539107360965,5364484.778948921
E3-ecc,20260836,range,vel,154.48983598583357,5364484.778948921
E3-ecc,20260836,range,pos,-1.0640279233470804,13632420.77055716
E3-ecc,20260836,range,vel,-1.1534676713876848,13632420.77055716
E3-ecc,20260836,range,pos,1.3692372906489223,42550.23945910272
E3-ecc,20260836,range,vel,1.1862450742693604,42550.23945910272
E3-ecc,20260836,range,pos,-1.30241722726601,14120845.195544364
E3-ecc,20260836,range,vel,0.008875257912477924,14120845.195544364
E3-ecc,20260836,range,pos,0.36977141714200185,53239.809849860176
E3-ecc,20260836,range,vel,-0.26501025082463575,53239.809849860176
E3-ecc,20260836,range,pos,-1370.3193741047412,150162.7746500209
E3-ecc,20260836,range,vel,1591.818436372176,150162.7746500209
E3-ecc,20260836,inplane,pos,-0.6156987927013511,72388.0654869977
E3-ecc,20260836,inplane,vel,-1.5354027300716313,72388.0654869977
E3-ecc,20260836,inplane,pos,-0.6961376064611899,4858429.893008596
E3-ecc,20260836,inplane,vel,1.2214905970781471,4858429.893008596
E3-ecc,20260836,inplane,pos,-22.227836685170573,5364484.778948921
E3-ecc,20260836,inplane,vel,155.50790937526426,5364484.778948921
E3-ecc,20260836,inplane,pos,0.6982317968017865,13632420.77055716
E3-ecc,20260836,inplane,vel,-0.8823151236583132,13632420.77055716
E3-ecc,20260836,inplane,pos,0.8910344548952466,42550.23945910272
E3-ecc,20260836,inplane,vel,1.186735904932219,42550.23945910272
E3-ecc,20260836,inplane,pos,1.0760142844862626,14120845.195544364
E3-ecc,20260836,inplane,vel,0.9184291803815486,14120845.195544364
E3-ecc,20260836,inplane,pos,1.7617032836160627,53239.809849860176
E3-ecc,20260836,inplane,vel,0.32604727701739783,53239.809849860176
E3-ecc,20260836,inplane,pos,1367.8104203377347,150162.7746500209
E3-ecc,20260836,inplane,vel,22.369160466535426,150162.7746500209
E3-ecc,20260836,plane,pos,0.347434142499944,72388.0654869977
E3-ecc,20260836,plane,vel,-0.5454668690517926,72388.0654869977
E3-ecc,20260836,plane,pos,-0.16443766117048225,4858429.893008596
E3-ecc,20260836,plane,vel,-0.11689657555473323,4858429.893008596
E3-ecc,20260836,plane,pos,1.1457791229605971,5364484.778948921
E3-ecc,20260836,plane,vel,-7.179479851362431,5364484.778948921
E3-ecc,20260836,plane,pos,2.940257690625635,13632420.77055716
E3-ecc,20260836,plane,vel,1.4531496801791104,13632420.77055716
E3-ecc,20260836,plane,pos,-1.6722981618557633,42550.23945910272
E3-ecc,20260836,plane,vel,1.2461530433778143,42550.23945910272
E3-ecc,20260836,plane,pos,-0.43463054856842165,14120845.195544364
E3-ecc,20260836,plane,vel,1.2114877258057766,14120845.195544364
E3-ecc,20260836,plane,pos,1.5691980799256664,53239.809849860176
E3-ecc,20260836,plane,vel,1.04903198496169,53239.809849860176
E3-ecc,20260836,plane,pos,-595.4793186184046,150162.7746500209
E3-ecc,20260836,plane,vel,464.0351864243309,150162.7746500209
E3-ecc,20260836,range,pos,-0.10176584842336373,780679.7209622805
E3-ecc,20260836,range,vel,-0.2745276197303495,780679.7209622805
E3-ecc,20260836,range,pos,-0.8192724590376574,167546.73398728497
E3-ecc,20260836,range,vel,0.27978051957168926,167546.73398728497
E3-ecc,20260836,range,pos,-3360.0733841646984,1243016.2120076877
E3-ecc,20260836,range,vel,161.54753512282358,1243016.2120076877
E3-ecc,20260836,range,pos,-1.0855131147399275,352532.82130772446
E3-ecc,20260836,range,vel,-1.1944342183243268,352532.82130772446
E3-ecc,20260836,range,pos,-0.015349273988447532,3781038.9637170983
E3-ecc,20260836,range,vel,0.3828957873359369,3781038.9637170983
E3-ecc,20260836,range,pos,-0.16772498048218434,172781.2232394224
E3-ecc,20260836,range,vel,0.398259614396892,172781.2232394224
E3-ecc,20260836,range,pos,-0.4740841400946201,23080655.13549352
E3-ecc,20260836,range,vel,-0.4550902771172403,23080655.13549352
E3-ecc,20260836,range,pos,-4255.272410043732,225955.51606153388
E3-ecc,20260836,range,vel,-15832.70476838638,225955.51606153388
E3-ecc,20260836,inplane,pos,-0.1364038780839897,780679.7209622805
E3-ecc,20260836,inplane,vel,-0.13846533200271557,780679.7209622805
E3-ecc,20260836,inplane,pos,-0.17403751008855023,167546.73398728497
E3-ecc,20260836,inplane,vel,0.2156909633643372,167546.73398728497
E3-ecc,20260836,inplane,pos,-247.1467236890181,1243016.2120076877
E3-ecc,20260836,inplane,vel,-3279.492470479262,1243016.2120076877
E3-ecc,20260836,inplane,pos,-0.34542061837523125,352532.82130772446
E3-ecc,20260836,inplane,vel,-1.1068558024976305,352532.82130772446
E3-ecc,20260836,inplane,pos,0.24691731278472592,3781038.9637170983
E3-ecc,20260836,inplane,vel,-0.30724497886569463,3781038.9637170983
E3-ecc,20260836,inplane,pos,-0.3660524218380593,172781.2232394224
E3-ecc,20260836,inplane,vel,-1.0162462138465735,172781.2232394224
E3-ecc,20260836,inplane,pos,1.0472073659948253,23080655.13549352
E3-ecc,20260836,inplane,vel,-0.3114012378250615,23080655.13549352
E3-ecc,20260836,inplane,pos,82.13009583526222,225955.51606153388
E3-ecc,20260836,inplane,vel,-1092.813792672792,225955.51606153388
E3-ecc,20260836,plane,pos,-0.4686118529270774,780679.7209622805
E3-ecc,20260836,plane,vel,1.1271631077373665,780679.7209622805
E3-ecc,20260836,plane,pos,0.6843115366010407,167546.73398728497
E3-ecc,20260836,plane,vel,0.9708906951941123,167546.73398728497
E3-ecc,20260836,plane,pos,-349.85110147150203,1243016.2120076877
E3-ecc,20260836,plane,vel,2732.044129283553,1243016.2120076877
E3-ecc,20260836,plane,pos,-1.486918270275774,352532.82130772446
E3-ecc,20260836,plane,vel,-0.9435086344420833,352532.82130772446
E3-ecc,20260836,plane,pos,0.7212900202075594,3781038.9637170983
E3-ecc,20260836,plane,vel,1.1173283390708204,3781038.9637170983
E3-ecc,20260836,plane,pos,0.19451575202437982,172781.2232394224
E3-ecc,20260836,plane,vel,0.04570092250364226,172781.2232394224
E3-ecc,20260836,plane,pos,0.210189121457091,23080655.13549352
E3-ecc,20260836,plane,vel,0.4565386645301575,23080655.13549352
E3-ecc,20260836,plane,pos,-1457.73185786542,225955.51606153388
E3-ecc,20260836,plane,vel,3250.7358746179216,225955.51606153388
E3-ecc,20260836,range,pos,0.1270701372601294,13035474.617393086
E3-ecc,20260836,range,vel,0.14020161928774022,13035474.617393086
E3-ecc,20260836,range,pos,-0.6338095210880759,50146.48502654147
E3-ecc,20260836,range,vel,0.33565724692626503,50146.48502654147
E3-ecc,20260836,range,pos,-1063.2188537360535,370398.5927488642
E3-ecc,20260836,range,vel,-523.7638561558184,370398.5927488642
E3-ecc,20260836,range,pos,-0.23305930733525365,10908189.31238056
E3-ecc,20260836,range,vel,0.5608044527732683,10908189.31238056
E3-ecc,20260836,range,pos,0.5893530848792027,147784.64847076448
E3-ecc,20260836,range,vel,-1.1673829684664279,147784.64847076448
E3-ecc,20260836,range,pos,0.6895183306029735,5259857.104274166
E3-ecc,20260836,range,vel,-0.8997430591100041,5259857.104274166
E3-ecc,20260836,range,pos,1.1708466400297175,724276.1845342128
E3-ecc,20260836,range,vel,-1.0632927876987548,724276.1845342128
E3-ecc,20260836,range,pos,-17996.97383503371,163438.12677450955
E3-ecc,20260836,range,vel,-1637.3942819651413,163438.12677450955
E3-ecc,20260836,inplane,pos,-0.606491545721229,13035474.617393086
E3-ecc,20260836,inplane,vel,0.5527151731285366,13035474.617393086
E3-ecc,20260836,inplane,pos,-0.4253366561950583,50146.48502654147
E3-ecc,20260836,inplane,vel,-0.40081149343606165,50146.48502654147
E3-ecc,20260836,inplane,pos,-535.4383479415212,370398.5927488642
E3-ecc,20260836,inplane,vel,-948.619017012314,370398.5927488642
E3-ecc,20260836,inplane,pos,-0.5473104968838436,10908189.31238056
E3-ecc,20260836,inplane,vel,-0.6943040151480866,10908189.31238056
E3-ecc,20260836,inplane,pos,-0.6025143184654252,147784.64847076448
E3-ecc,20260836,inplane,vel,-0.20108921621395148,147784.64847076448
E3-ecc,20260836,inplane,pos,-1.7328065171274134,5259857.104274166
E3-ecc,20260836,inplane,vel,0.4547106093706344,5259857.104274166
E3-ecc,20260836,inplane,pos,0.5879946540891947,724276.1845342128
E3-ecc,20260836,inplane,vel,1.0551511094848636,724276.1845342128
E3-ecc,20260836,inplane,pos,2125.754740262426,163438.12677450955
E3-ecc,20260836,inplane,vel,102118.32586389109,163438.12677450955
E3-ecc,20260836,plane,pos,-0.7408639312453161,13035474.617393086
E3-ecc,20260836,plane,vel,0.26064755436784964,13035474.617393086
E3-ecc,20260836,plane,pos,-0.7162146059876584,50146.48502654147
E3-ecc,20260836,plane,vel,-0.5445092268487403,50146.48502654147
E3-ecc,20260836,plane,pos,341.78086497374017,370398.5927488642
E3-ecc,20260836,plane,vel,951.0784372466323,370398.5927488642
E3-ecc,20260836,plane,pos,1.7495824608432113,10908189.31238056
E3-ecc,20260836,plane,vel,-0.1462109605438199,10908189.31238056
E3-ecc,20260836,plane,pos,-0.35476355230685863,147784.64847076448
E3-ecc,20260836,plane,vel,1.7119035852750664,147784.64847076448
E3-ecc,20260836,plane,pos,-0.6238170370844321,5259857.104274166
E3-ecc,20260836,plane,vel,-0.8248148867378606,5259857.104274166
E3-ecc,20260836,plane,pos,-0.31547611079338334,724276.1845342128
E3-ecc,20260836,plane,vel,-0.16975471904823872,724276.1845342128
E3-ecc,20260836,plane,pos,-15415.875681607245,163438.12677450955
E3-ecc,20260836,plane,vel,30843.563162729854,163438.12677450955
E3-ecc,20260836,range,pos,1.455824188085381,408999.2898198162
E3-ecc,20260836,range,vel,-1.4923210980256543,408999.2898198162
E3-ecc,20260836,range,pos,-1.5130553251919732,1199853.4722799012
E3-ecc,20260836,range,vel,1.7003296248778494,1199853.4722799012
E3-ecc,20260836,range,pos,-5151.273906080841,200077.9283271995
E3-ecc,20260836,range,vel,398.1261206463402,200077.9283271995
E3-ecc,20260836,range,pos,1.0645903292813124,620095.1169962721
E3-ecc,20260836,range,vel,-1.3805970296851384,620095.1169962721
E3-ecc,20260836,range,pos,-2.2469529098695347,6374217.2955003
E3-ecc,20260836,range,vel,-2.092343224077759,6374217.2955003
E3-ecc,20260836,range,pos,-0.4874295304741826,1013154.1078697453
E3-ecc,20260836,range,vel,-0.39334773627350794,1013154.1078697453
E3-ecc,20260836,range,pos,-0.734525863620549,138000.2155752345
E3-ecc,20260836,range,vel,-0.10814646052152203,138000.2155752345
E3-ecc,20260836,range,pos,-6436.317800485568,234588.71565752127
E3-ecc,20260836,range,vel,-3704.8427771701045,234588.71565752127
E3-ecc,20260836,inplane,pos,1.274762175815588,408999.2898198162
E3-ecc,20260836,inplane,vel,1.4480027665196877,408999.2898198162
E3-ecc,20260836,inplane,pos,-0.560886320358361,1199853.4722799012
E3-ecc,20260836,inplane,vel,-0.9196410682229474,1199853.4722799012
E3-ecc,20260836,inplane,pos,395.38001092317,200077.9283271995
E3-ecc,20260836,inplane,vel,372.1698410327281,200077.9283271995
E3-ecc,20260836,inplane,pos,-0.5353647164448224,620095.1169962721
E3-ecc,20260836,inplane,vel,0.6149016195729704,620095.1169962721
E3-ecc,20260836,inplane,pos,1.3118875985346676,6374217.2955003
E3-ecc,20260836,inplane,vel,-2.076603919943607,6374217.2955003
E3-ecc,20260836,inplane,pos,-0.16438207199098778,1013154.1078697453
E3-ecc,20260836,inplane,vel,-0.4576818553082327,1013154.1078697453
E3-ecc,20260836,inplane,pos,-1.1118798922381186,138000.2155752345
E3-ecc,20260836,inplane,vel,-0.9415564329890009,138000.2155752345
E3-ecc,20260836,inplane,pos,-666.2000233982557,234588.71565752127
E3-ecc,20260836,inplane,vel,-2500.2673677805656,234588.71565752127
E3-ecc,20260836,plane,pos,-1.9821346929718873,408999.2898198162
E3-ecc,20260836,plane,vel,-0.17464443506119748,408999.2898198162
E3-ecc,20260836,plane,pos,0.900539781336697,1199853.4722799012
E3-ecc,20260836,plane,vel,-0.47046769011421713,1199853.4722799012
E3-ecc,20260836,plane,pos,-852.9208253207466,200077.9283271995
E3-ecc,20260836,plane,vel,3257.4566600938833,200077.9283271995
E3-ecc,20260836,plane,pos,-1.4979763249421059,620095.1169962721
E3-ecc,20260836,plane,vel,-1.3920434439706793,620095.1169962721
E3-ecc,20260836,plane,pos,1.0311099542942164,6374217.2955003
E3-ecc,20260836,plane,vel,-0.6513910813083059,6374217.2955003
E3-ecc,20260836,plane,pos,-0.7149421546041319,1013154.1078697453
E3-ecc,20260836,plane,vel,-1.0077378495514746,1013154.1078697453
E3-ecc,20260836,plane,pos,1.2467193322719263,138000.2155752345
E3-ecc,20260836,plane,vel,1.5065698660157434,138000.2155752345
E3-ecc,20260836,plane,pos,-2068.674977184236,234588.71565752127
E3-ecc,20260836,plane,vel,6069.374809546664,234588.71565752127
E3-ecc,20260836,range,pos,1.207724718331719,211906.83850655437
E3-ecc,20260836,range,vel,1.1432267619015657,211906.83850655437
E3-ecc,20260836,range,pos,-0.45240181167134935,209406.15429074923
E3-ecc,20260836,range,vel,-0.41228104680833844,209406.15429074923
E3-ecc,20260836,range,pos,-4214.912643785578,281135.5819202345
E3-ecc,20260836,range,vel,5656.038236135325,281135.5819202345
E3-ecc,20260836,range,pos,-1.3559325412525176,59429.1832635353
E3-ecc,20260836,range,vel,-1.2590407760450764,59429.1832635353
E3-ecc,20260836,range,pos,-1.3543408903518812,330746.6126577012
E3-ecc,20260836,range,vel,2.3187472650539007,330746.6126577012
E3-ecc,20260836,range,pos,-0.8630919670163028,18906.05738269919
E3-ecc,20260836,range,vel,0.12556473009732913,18906.05738269919
E3-ecc,20260836,range,pos,-1.9595266473364874,5594029.940764404
E3-ecc,20260836,range,vel,1.7484825978034162,5594029.940764404
E3-ecc,20260836,range,pos,-20240.809987283978,295269.53669895587
E3-ecc,20260836,range,vel,-4958.042451382147,295269.53669895587
E3-ecc,20260836,inplane,pos,-0.46941360103262686,211906.83850655437
E3-ecc,20260836,inplane,vel,1.4072800114576067,211906.83850655437
E3-ecc,20260836,inplane,pos,0.5173125877936022,209406.15429074923
E3-ecc,20260836,inplane,vel,-0.7560748603434782,209406.15429074923
E3-ecc,20260836,inplane,pos,-426.4370571767868,281135.5819202345
E3-ecc,20260836,inplane,vel,-4983.927673122337,281135.5819202345
E3-ecc,20260836,inplane,pos,-0.8825604358327545,59429.1832635353
E3-ecc,20260836,inplane,vel,-1.6555612227838945,59429.1832635353
E3-ecc,20260836,inplane,pos,-1.2136033506667245,330746.6126577012
E3-ecc,20260836,inplane,vel,0.009041895934136367,330746.6126577012
E3-ecc,20260836,inplane,pos,0.21786220566558165,18906.05738269919
E3-ecc,20260836,inplane,vel,-0.9623922245423587,18906.05738269919
E3-ecc,20260836,inplane,pos,-1.6713805211156323,5594029.940764404
E3-ecc,20260836,inplane,vel,-1.764034870453934,5594029.940764404
E3-ecc,20260836,inplane,pos,715.5161659077862,295269.53669895587
E3-ecc,20260836,inplane,vel,-5412.4687101406125,295269.53669895587
E3-ecc,20260836,plane,pos,-0.11406347207021962,211906.83850655437
E3-ecc,20260836,plane,vel,-1.0284705684998519,211906.83850655437
E3-ecc,20260836,plane,pos,0.8488360857372457,209406.15429074923
E3-ecc,20260836,plane,vel,-0.15821803565065476,209406.15429074923
E3-ecc,20260836,plane,pos,-1812.4443434978964,281135.5819202345
E3-ecc,20260836,plane,vel,4938.603178980484,281135.5819202345
E3-ecc,20260836,plane,pos,3.191969167161397,59429.1832635353
E3-ecc,20260836,plane,vel,1.369516265071465,59429.1832635353
E3-ecc,20260836,plane,pos,0.694041561063761,330746.6126577012
E3-ecc,20260836,plane,vel,-0.4801112909336068,330746.6126577012
E3-ecc,20260836,plane,pos,0.8991290272667277,18906.05738269919
E3-ecc,20260836,plane,vel,1.2296504883449555,18906.05738269919
E3-ecc,20260836,plane,pos,0.932710647469218,5594029.940764404
E3-ecc,20260836,plane,vel,0.9363515549421214,5594029.940764404
E3-ecc,20260836,plane,pos,1851.6618204904717,295269.53669895587
E3-ecc,20260836,plane,vel,-13780.197515802069,295269.53669895587
E3-ecc,20260843,range,pos,-0.9504614989148235,739044.43449177
E3-ecc,20260843,range,vel,1.1649361906552764,739044.43449177
E3-ecc,20260843,range,pos,2.242027346918822,227973.51479971255
E3-ecc,20260843,range,vel,1.8169349072354641,227973.51479971255
E3-ecc,20260843,range,pos,-2.3178676634094626,548841.6452327806
E3-ecc,20260843,range,vel,-2.7123308338851984,548841.6452327806
E3-ecc,20260843,range,pos,-1.8955365766941845,2324949.3860795307
E3-ecc,20260843,range,vel,0.9680038049641436,2324949.3860795307
E3-ecc,20260843,range,pos,0.549077198127651,1828203.4318084174
E3-ecc,20260843,range,vel,0.3819361735652294,1828203.4318084174
E3-ecc,20260843,range,pos,-0.4029458315920207,429699.8870438306
E3-ecc,20260843,range,vel,0.7342755622519292,429699.8870438306
E3-ecc,20260843,range,pos,-0.6332933401117882,203737.7941780709
E3-ecc,20260843,range,vel,0.4616524700654614,203737.7941780709
E3-ecc,20260843,range,pos,0.19776400356127907,1294455.5291740359
E3-ecc,20260843,range,vel,0.3247715503011096,1294455.5291740359
E3-ecc,20260843,inplane,pos,-0.1678777792318391,739044.43449177
E3-ecc,20260843,inplane,vel,-0.7223015534535053,739044.43449177
E3-ecc,20260843,inplane,pos,0.03471076598600829,227973.51479971255
E3-ecc,20260843,inplane,vel,1.5459691494007264,227973.51479971255
E3-ecc,20260843,inplane,pos,-2.4030659775232115,548841.6452327806
E3-ecc,20260843,inplane,vel,-2.664077642004616,548841.6452327806
E3-ecc,20260843,inplane,pos,-0.6978466393637361,2324949.3860795307
E3-ecc,20260843,inplane,vel,-1.6743494142009174,2324949.3860795307
E3-ecc,20260843,inplane,pos,-0.7012350641361528,1828203.4318084174
E3-ecc,20260843,inplane,vel,0.7874047787317797,1828203.4318084174
E3-ecc,20260843,inplane,pos,0.877297462892806,429699.8870438306
E3-ecc,20260843,inplane,vel,-0.3207175983652689,429699.8870438306
E3-ecc,20260843,inplane,pos,-0.6456901973054818,203737.7941780709
E3-ecc,20260843,inplane,vel,-0.6712558436347545,203737.7941780709
E3-ecc,20260843,inplane,pos,0.8881654567826015,1294455.5291740359
E3-ecc,20260843,inplane,vel,0.31159501371355114,1294455.5291740359
E3-ecc,20260843,plane,pos,0.7327236514377977,739044.43449177
E3-ecc,20260843,plane,vel,-1.79012153414648,739044.43449177
E3-ecc,20260843,plane,pos,1.5923258199812749,227973.51479971255
E3-ecc,20260843,plane,vel,0.7679069984431609,227973.51479971255
E3-ecc,20260843,plane,pos,0.8053563226469383,548841.6452327806
E3-ecc,20260843,plane,vel,1.3782795424555883,548841.6452327806
E3-ecc,20260843,plane,pos,0.40959953064048993,2324949.3860795307
E3-ecc,20260843,plane,vel,-0.523725812911148,2324949.3860795307
E3-ecc,20260843,plane,pos,-0.7702224177593432,1828203.4318084174
E3-ecc,20260843,plane,vel,-0.8198760626351012,1828203.4318084174
E3-ecc,20260843,plane,pos,0.8107114191097383,429699.8870438306
E3-ecc,20260843,plane,vel,1.359781963949414,429699.8870438306
E3-ecc,20260843,plane,pos,0.6449792219472322,203737.7941780709
E3-ecc,20260843,plane,vel,-1.1812701715943306,203737.7941780709
E3-ecc,20260843,plane,pos,0.5607517427038622,1294455.5291740359
E3-ecc,20260843,plane,vel,1.030661555271829,1294455.5291740359
E3-ecc,20260843,range,pos,-0.7240059789981335,18243208.93704897
E3-ecc,20260843,range,vel,1.0408771172846523,18243208.93704897
E3-ecc,20260843,range,pos,1.0694315726930257,88868.88699291575
E3-ecc,20260843,range,vel,-1.58355130888605,88868.88699291575
E3-ecc,20260843,range,pos,-0.5119766918854378,27051110.401577532
E3-ecc,20260843,range,vel,-0.5613791240690046,27051110.401577532
E3-ecc,20260843,range,pos,-0.5570682600128767,142221.0235843758
E3-ecc,20260843,range,vel,-0.9178813587078871,142221.0235843758
E3-ecc,20260843,range,pos,0.5705628413308715,146862.24672349598
E3-ecc,20260843,range,vel,-0.9322485447277838,146862.24672349598
E3-ecc,20260843,range,pos,-0.09273314735506256,10275213.671666669
E3-ecc,20260843,range,vel,-0.3480203640594317,10275213.671666669
E3-ecc,20260843,range,pos,3701.4127534019412,18127553.5668717
E3-ecc,20260843,range,vel,3694.261019735372,18127553.5668717
E3-ecc,20260843,range,pos,1.0369442477500987,38548.06094576221
E3-ecc,20260843,range,vel,0.39172586622114275,38548.06094576221
E3-ecc,20260843,inplane,pos,-1.2424932287144816,18243208.93704897
E3-ecc,20260843,inplane,vel,-0.8055171238833424,18243208.93704897
E3-ecc,20260843,inplane,pos,-0.1121312562597292,88868.88699291575
E3-ecc,20260843,inplane,vel,-0.06615083624312511,88868.88699291575
E3-ecc,20260843,inplane,pos,0.32454485616155787,27051110.401577532
E3-ecc,20260843,inplane,vel,-0.4208239003158282,27051110.401577532
E3-ecc,20260843,inplane,pos,-0.9496344001609889,142221.0235843758
E3-ecc,20260843,inplane,vel,-0.5624080478171417,142221.0235843758
E3-ecc,20260843,inplane,pos,-1.5996276435194554,146862.24672349598
E3-ecc,20260843,inplane,vel,0.5891867552962691,146862.24672349598
E3-ecc,20260843,inplane,pos,-0.486721002486627,10275213.671666669
E3-ecc,20260843,inplane,vel,0.25568542083231105,10275213.671666669
E3-ecc,20260843,inplane,pos,-1557.9305126169147,18127553.5668717
E3-ecc,20260843,inplane,vel,3268.0694908575106,18127553.5668717
E3-ecc,20260843,inplane,pos,-0.5418359712874844,38548.06094576221
E3-ecc,20260843,inplane,vel,0.31674287969339315,38548.06094576221
E3-ecc,20260843,plane,pos,0.13374154766913413,18243208.93704897
E3-ecc,20260843,plane,vel,0.11956501684458648,18243208.93704897
E3-ecc,20260843,plane,pos,0.1797425937012355,88868.88699291575
E3-ecc,20260843,plane,vel,-0.7660736348202989,88868.88699291575
E3-ecc,20260843,plane,pos,0.031412528792222824,27051110.401577532
E3-ecc,20260843,plane,vel,-0.18991517918038825,27051110.401577532
E3-ecc,20260843,plane,pos,0.008252328347961002,142221.0235843758
E3-ecc,20260843,plane,vel,1.8032592364204858,142221.0235843758
E3-ecc,20260843,plane,pos,1.9910597848044282,146862.24672349598
E3-ecc,20260843,plane,vel,-0.587548110019822,146862.24672349598
E3-ecc,20260843,plane,pos,-0.8309674682176471,10275213.671666669
E3-ecc,20260843,plane,vel,-1.6122399666130762,10275213.671666669
E3-ecc,20260843,plane,pos,-30.690911610850403,18127553.5668717
E3-ecc,20260843,plane,vel,-37.062202218590116,18127553.5668717
E3-ecc,20260843,plane,pos,-1.1647939713723243,38548.06094576221
E3-ecc,20260843,plane,vel,0.7508759225438212,38548.06094576221
E3-ecc,20260843,range,pos,1.110599804088447,244725.43613577375
E3-ecc,20260843,range,vel,-0.5738699648843035,244725.43613577375
E3-ecc,20260843,range,pos,0.0016954274745054222,25771282.2436999
E3-ecc,20260843,range,vel,0.02965162217557482,25771282.2436999
E3-ecc,20260843,range,pos,-0.14762947532427526,3606360.560657561
E3-ecc,20260843,range,vel,-0.3622992050627569,3606360.560657561
E3-ecc,20260843,range,pos,1.356470605799671,15229334.847419282
E3-ecc,20260843,range,vel,-0.6174168440594984,15229334.847419282
E3-ecc,20260843,range,pos,-0.37892405777390364,2781654.0881375056
E3-ecc,20260843,range,vel,-0.6560521884648175,2781654.0881375056
E3-ecc,20260843,range,pos,-1.4090258629225891,1128503.2965721427
E3-ecc,20260843,range,vel,-0.4443893792342484,1128503.2965721427
E3-ecc,20260843,range,pos,271.2445809791878,712560.3875367013
E3-ecc,20260843,range,vel,2610.006420960027,712560.3875367013
E3-ecc,20260843,range,pos,0.5139013812574441,558537.1099610477
E3-ecc,20260843,range,vel,-0.23415612057394525,558537.1099610477
E3-ecc,20260843,inplane,pos,-0.7821746624594205,244725.43613577375
E3-ecc,20260843,inplane,vel,-0.23078193730135,244725.43613577375
E3-ecc,20260843,inplane,pos,0.03401245322144144,25771282.2436999
E3-ecc,20260843,inplane,vel,-0.22061819826306256,25771282.2436999
E3-ecc,20260843,inplane,pos,-0.958484550803756,3606360.560657561
E3-ecc,20260843,inplane,vel,-0.48748732541079415,3606360.560657561
E3-ecc,20260843,inplane,pos,1.8669243728890894,15229334.847419282
E3-ecc,20260843,inplane,vel,1.5610267002840836,15229334.847419282
E3-ecc,20260843,inplane,pos,-0.8617176030097178,2781654.0881375056
E3-ecc,20260843,inplane,vel,-0.6423375949552769,2781654.0881375056
E3-ecc,20260843,inplane,pos,-1.3363240028718846,1128503.2965721427
E3-ecc,20260843,inplane,vel,-1.4095636784724663,1128503.2965721427
E3-ecc,20260843,inplane,pos,813.084638987012,712560.3875367013
E3-ecc,20260843,inplane,vel,-1403.620504206761,712560.3875367013
E3-ecc,20260843,inplane,pos,0.1111461735398803,558537.1099610477
E3-ecc,20260843,inplane,vel,0.3948013167138416,558537.1099610477
E3-ecc,20260843,plane,pos,-0.2366117587727757,244725.43613577375
E3-ecc,20260843,plane,vel,-0.7730304196225817,244725.43613577375
E3-ecc,20260843,plane,pos,0.10847131795516325,25771282.2436999
E3-ecc,20260843,plane,vel,1.426681411072229,25771282.2436999
E3-ecc,20260843,plane,pos,-0.23985279399818638,3606360.560657561
E3-ecc,20260843,plane,vel,-1.2713890291353183,3606360.560657561
E3-ecc,20260843,plane,pos,-0.4420186881045579,15229334.847419282
E3-ecc,20260843,plane,vel,-0.10918280102457417,15229334.847419282
E3-ecc,20260843,plane,pos,-0.5358683772893064,2781654.0881375056
E3-ecc,20260843,plane,vel,0.010383743008998967,2781654.0881375056
E3-ecc,20260843,plane,pos,1.1378861858395446,1128503.2965721427
E3-ecc,20260843,plane,vel,1.27553604961708,1128503.2965721427
E3-ecc,20260843,plane,pos,1037.777843706434,712560.3875367013
E3-ecc,20260843,plane,vel,23.142770888482712,712560.3875367013
E3-ecc,20260843,plane,pos,-0.4620681027140999,558537.1099610477
E3-ecc,20260843,plane,vel,1.4360051312254143,558537.1099610477
E3-ecc,20260843,range,pos,-0.25526239578549864,5192083.887429239
E3-ecc,20260843,range,vel,0.23240186357294781,5192083.887429239
E3-ecc,20260843,range,pos,-1.6207464481583234,1000706.9345156414
E3-ecc,20260843,range,vel,-0.6373560125436407,1000706.9345156414
E3-ecc,20260843,range,pos,-0.4410788190252264,685939.7042705659
E3-ecc,20260843,range,vel,0.5783142304320025,685939.7042705659
E3-ecc,20260843,range,pos,-0.08934839685063492,472628.8069698655
E3-ecc,20260843,range,vel,0.9379655149512128,472628.8069698655
E3-ecc,20260843,range,pos,0.8262216645454237,125931.33755287825
E3-ecc,20260843,range,vel,0.20465103495851264,125931.33755287825
E3-ecc,20260843,range,pos,-1.0912398189593704,134498.65415779108
E3-ecc,20260843,range,vel,1.0877587123891148,134498.65415779108
E3-ecc,20260843,range,pos,-91476.22966202845,785853.5701466484
E3-ecc,20260843,range,vel,-84487.60428976349,785853.5701466484
E3-ecc,20260843,range,pos,0.101443127601761,124112.95704695232
E3-ecc,20260843,range,vel,-0.7163305827457128,124112.95704695232
E3-ecc,20260843,inplane,pos,-2.4220853047478625,5192083.887429239
E3-ecc,20260843,inplane,vel,-0.34977153920811915,5192083.887429239
E3-ecc,20260843,inplane,pos,-0.30212221368540815,1000706.9345156414
E3-ecc,20260843,inplane,vel,-1.2328694485005982,1000706.9345156414
E3-ecc,20260843,inplane,pos,0.690267935525183,685939.7042705659
E3-ecc,20260843,inplane,vel,0.7932192077029847,685939.7042705659
E3-ecc,20260843,inplane,pos,0.9939616190208785,472628.8069698655
E3-ecc,20260843,inplane,vel,-0.008262515448095099,472628.8069698655
E3-ecc,20260843,inplane,pos,0.5863074807722414,125931.33755287825
E3-ecc,20260843,inplane,vel,1.3210722496881349,125931.33755287825
E3-ecc,20260843,inplane,pos,-0.22823872161195932,134498.65415779108
E3-ecc,20260843,inplane,vel,-0.8236886441639876,134498.65415779108
E3-ecc,20260843,inplane,pos,-1738.504172113509,785853.5701466484
E3-ecc,20260843,inplane,vel,-44156.84474672804,785853.5701466484
E3-ecc,20260843,inplane,pos,-1.3236915573764583,124112.95704695232
E3-ecc,20260843,inplane,vel,-0.060274930920376814,124112.95704695232
E3-ecc,20260843,plane,pos,-0.005510926877990655,5192083.887429239
E3-ecc,20260843,plane,vel,0.8051955635011011,5192083.887429239
E3-ecc,20260843,plane,pos,0.9096277990613009,1000706.9345156414
E3-ecc,20260843,plane,vel,-0.8365606087122734,1000706.9345156414
E3-ecc,20260843,plane,pos,-1.6283382740799768,685939.7042705659
E3-ecc,20260843,plane,vel,0.44745294236049,685939.7042705659
E3-ecc,20260843,plane,pos,-0.24080672559905292,472628.8069698655
E3-ecc,20260843,plane,vel,0.884686020887145,472628.8069698655
E3-ecc,20260843,plane,pos,0.8505912645188948,125931.33755287825
E3-ecc,20260843,plane,vel,-0.25011558629292613,125931.33755287825
E3-ecc,20260843,plane,pos,-0.195065951304706,134498.65415779108
E3-ecc,20260843,plane,vel,0.26185976943632017,134498.65415779108
E3-ecc,20260843,plane,pos,-144.3176289339698,785853.5701466484
E3-ecc,20260843,plane,vel,-492.25526673487303,785853.5701466484
E3-ecc,20260843,plane,pos,0.5280120239925618,124112.95704695232
E3-ecc,20260843,plane,vel,0.9854915194284111,124112.95704695232
E3-ecc,20260843,range,pos,0.08555054251781401,188559.13782291382
E3-ecc,20260843,range,vel,0.38986692824635577,188559.13782291382
E3-ecc,20260843,range,pos,0.43875005887563734,70641.80839752042
E3-ecc,20260843,range,vel,-0.2753561083256367,70641.80839752042
E3-ecc,20260843,range,pos,-0.6098227816925603,181416.47904548718
E3-ecc,20260843,range,vel,1.49541581028669,181416.47904548718
E3-ecc,20260843,range,pos,0.5179577000035881,100597.44971725298
E3-ecc,20260843,range,vel,-0.7629647094668551,100597.44971725298
E3-ecc,20260843,range,pos,-0.07614121603278605,52974.57046029547
E3-ecc,20260843,range,vel,-0.253132569504689,52974.57046029547
E3-ecc,20260843,range,pos,0.8139200059683899,2125139.1100923894
E3-ecc,20260843,range,vel,-0.5030059155340647,2125139.1100923894
E3-ecc,20260843,range,pos,-3.24588355930682,1945108.8545436892
E3-ecc,20260843,range,vel,1.856936081338961,1945108.8545436892
E3-ecc,20260843,range,pos,0.4996388651835368,7143370.845234395
E3-ecc,20260843,range,vel,0.16795428639715826,7143370.845234395
E3-ecc,20260843,inplane,pos,0.3844165987177669,188559.13782291382
E3-ecc,20260843,inplane,vel,0.02169915781907743,188559.13782291382
E3-ecc,20260843,inplane,pos,-2.659459613767328,70641.80839752042
E3-ecc,20260843,inplane,vel,-0.4577684351948516,70641.80839752042
E3-ecc,20260843,inplane,pos,2.0056954514924916,181416.47904548718
E3-ecc,20260843,inplane,vel,0.6567701280586017,181416.47904548718
E3-ecc,20260843,inplane,pos,-0.049968069758491156,100597.44971725298
E3-ecc,20260843,inplane,vel,0.06455229167824288,100597.44971725298
E3-ecc,20260843,inplane,pos,0.1310309267450527,52974.57046029547
E3-ecc,20260843,inplane,vel,-0.03825899778082993,52974.57046029547
E3-ecc,20260843,inplane,pos,-0.1656356254311388,2125139.1100923894
E3-ecc,20260843,inplane,vel,1.1913867144040033,2125139.1100923894
E3-ecc,20260843,inplane,pos,1.1594067956583953,1945108.8545436892
E3-ecc,20260843,inplane,vel,-3.1750415054748897,1945108.8545436892
E3-ecc,20260843,inplane,pos,0.9257819952897633,7143370.845234395
E3-ecc,20260843,inplane,vel,0.4212298472299367,7143370.845234395
E3-ecc,20260843,plane,pos,0.22761702187294366,188559.13782291382
E3-ecc,20260843,plane,vel,1.2474437347368854,188559.13782291382
E3-ecc,20260843,plane,pos,-1.1571657787034118,70641.80839752042
E3-ecc,20260843,plane,vel,0.766963176483319,70641.80839752042
E3-ecc,20260843,plane,pos,-0.9168396881725381,181416.47904548718
E3-ecc,20260843,plane,vel,-0.6888046927863981,181416.47904548718
E3-ecc,20260843,plane,pos,1.391197007861793,100597.44971725298
E3-ecc,20260843,plane,vel,-1.2172764627621773,100597.44971725298
E3-ecc,20260843,plane,pos,0.34146949397336296,52974.57046029547
E3-ecc,20260843,plane,vel,-0.16678018560930183,52974.57046029547
E3-ecc,20260843,plane,pos,-0.263824267402118,2125139.1100923894
E3-ecc,20260843,plane,vel,0.04912386000864299,2125139.1100923894
E3-ecc,20260843,plane,pos,0.017679281548317223,1945108.8545436892
E3-ecc,20260843,plane,vel,-3.180380494527028,1945108.8545436892
E3-ecc,20260843,plane,pos,-1.2145239996134647,7143370.845234395
E3-ecc,20260843,plane,vel,0.8181191595372084,7143370.845234395
E3-ecc,20260843,range,pos,1.0495876020207706,18188431.912992515
E3-ecc,20260843,range,vel,-0.9566669111471672,18188431.912992515
E3-ecc,20260843,range,pos,-0.4838302873626434,19764827.439867053
E3-ecc,20260843,range,vel,-0.0852729801191067,19764827.439867053
E3-ecc,20260843,range,pos,0.2637727990117775,28389153.781308655
E3-ecc,20260843,range,vel,0.3387724103468229,28389153.781308655
E3-ecc,20260843,range,pos,0.2233026499202494,71086.0548735198
E3-ecc,20260843,range,vel,0.6060561857809436,71086.0548735198
E3-ecc,20260843,range,pos,-0.1320500746294228,2144757.255379554
E3-ecc,20260843,range,vel,0.7662038299485391,2144757.255379554
E3-ecc,20260843,range,pos,-1.7185308302199247,239896.68039741472
E3-ecc,20260843,range,vel,-2.231155778519859,239896.68039741472
E3-ecc,20260843,range,pos,-240.48958265576647,326813.5277580345
E3-ecc,20260843,range,vel,-29.224225575342516,326813.5277580345
E3-ecc,20260843,range,pos,1.1438359185603553,204221.92530957138
E3-ecc,20260843,range,vel,-0.6984254144835114,204221.92530957138
E3-ecc,20260843,inplane,pos,0.6643513500156845,18188431.912992515
E3-ecc,20260843,inplane,vel,0.3947250073077723,18188431.912992515
E3-ecc,20260843,inplane,pos,0.19799734170945626,19764827.439867053
E3-ecc,20260843,inplane,vel,0.3816347356836861,19764827.439867053
E3-ecc,20260843,inplane,pos,-0.37642991547570653,28389153.781308655
E3-ecc,20260843,inplane,vel,0.17687033766776725,28389153.781308655
E3-ecc,20260843,inplane,pos,-1.4714783701851792,71086.0548735198
E3-ecc,20260843,inplane,vel,1.1686634383599248,71086.0548735198
E3-ecc,20260843,inplane,pos,0.37275492980043345,2144757.255379554
E3-ecc,20260843,inplane,vel,-0.9345950343302126,2144757.255379554
E3-ecc,20260843,inplane,pos,-2.461499298632348,239896.68039741472
E3-ecc,20260843,inplane,vel,-1.986739482728712,239896.68039741472
E3-ecc,20260843,inplane,pos,43.848915474737446,326813.5277580345
E3-ecc,20260843,inplane,vel,-168.5651150578217,326813.5277580345
E3-ecc,20260843,inplane,pos,-0.5751374447362809,204221.92530957138
E3-ecc,20260843,inplane,vel,-1.1431198328310765,204221.92530957138
E3-ecc,20260843,plane,pos,-0.6880524559095944,18188431.912992515
E3-ecc,20260843,plane,vel,1.4884511756890506,18188431.912992515
E3-ecc,20260843,plane,pos,-2.1123710268302807,19764827.439867053
E3-ecc,20260843,plane,vel,-0.6849970960886339,19764827.439867053
E3-ecc,20260843,plane,pos,-0.04983541973287008,28389153.781308655
E3-ecc,20260843,plane,vel,-0.7981193996028282,28389153.781308655
E3-ecc,20260843,plane,pos,0.8498914294909375,71086.0548735198
E3-ecc,20260843,plane,vel,-1.0069556764862873,71086.0548735198
E3-ecc,20260843,plane,pos,0.6814619968516482,2144757.255379554
E3-ecc,20260843,plane,vel,0.28238878963309844,2144757.255379554
E3-ecc,20260843,plane,pos,0.24049437570923207,239896.68039741472
E3-ecc,20260843,plane,vel,1.5682143839953766,239896.68039741472
E3-ecc,20260843,plane,pos,-8.444302577370044,326813.5277580345
E3-ecc,20260843,plane,vel,17.473565075525784,326813.5277580345
E3-ecc,20260843,plane,pos,-0.14056951087131714,204221.92530957138
E3-ecc,20260843,plane,vel,1.2916641674843852,204221.92530957138
E3-ecc,20260850,range,pos,0.6562542326462144,618990.9311763365
E3-ecc,20260850,range,vel,-0.32190473089734034,618990.9311763365
E3-ecc,20260850,range,pos,2.100420972333651,601152.6475396896
E3-ecc,20260850,range,vel,1.4350833156473637,601152.6475396896
E3-ecc,20260850,range,pos,0.3776325620979828,295456.3771768015
E3-ecc,20260850,range,vel,0.8653563169210015,295456.3771768015
E3-ecc,20260850,range,pos,0.3879185376840106,244438.08498562148
E3-ecc,20260850,range,vel,0.3404169835852006,244438.08498562148
E3-ecc,20260850,range,pos,-0.7481765264772146,233626.38969395944
E3-ecc,20260850,range,vel,-1.0307578351613342,233626.38969395944
E3-ecc,20260850,range,pos,-0.3042148916663862,1437992.8865854766
E3-ecc,20260850,range,vel,0.2368853406639217,1437992.8865854766
E3-ecc,20260850,range,pos,-0.4695130457921386,88426.98555117554
E3-ecc,20260850,range,vel,0.9314999657048569,88426.98555117554
E3-ecc,20260850,range,pos,1.2083428869963835,137370.92192205845
E3-ecc,20260850,range,vel,1.5890492049273413,137370.92192205845
E3-ecc,20260850,inplane,pos,0.9583741029619087,618990.9311763365
E3-ecc,20260850,inplane,vel,0.5349256219974595,618990.9311763365
E3-ecc,20260850,inplane,pos,1.4489250455656564,601152.6475396896
E3-ecc,20260850,inplane,vel,1.9577205188722298,601152.6475396896
E3-ecc,20260850,inplane,pos,0.684407014621713,295456.3771768015
E3-ecc,20260850,inplane,vel,-0.7863047428965472,295456.3771768015
E3-ecc,20260850,inplane,pos,0.21664994723669065,244438.08498562148
E3-ecc,20260850,inplane,vel,0.5401357684602766,244438.08498562148
E3-ecc,20260850,inplane,pos,-1.1871217154289604,233626.38969395944
E3-ecc,20260850,inplane,vel,-0.7606499448775363,233626.38969395944
E3-ecc,20260850,inplane,pos,-0.7097963774475468,1437992.8865854766
E3-ecc,20260850,inplane,vel,-0.7103470838406065,1437992.8865854766
E3-ecc,20260850,inplane,pos,1.5998745643978576,88426.98555117554
E3-ecc,20260850,inplane,vel,1.6594940714747004,88426.98555117554
E3-ecc,20260850,inplane,pos,-0.28153949554420993,137370.92192205845
E3-ecc,20260850,inplane,vel,-1.3530115222171242,137370.92192205845
E3-ecc,20260850,plane,pos,-0.5306987693675237,618990.9311763365
E3-ecc,20260850,plane,vel,2.5828992263362487,618990.9311763365
E3-ecc,20260850,plane,pos,-0.6016081816434212,601152.6475396896
E3-ecc,20260850,plane,vel,-1.2995370755081477,601152.6475396896
E3-ecc,20260850,plane,pos,0.5648622310465877,295456.3771768015
E3-ecc,20260850,plane,vel,0.40353427667298836,295456.3771768015
E3-ecc,20260850,plane,pos,-0.24988486501200763,244438.08498562148
E3-ecc,20260850,plane,vel,-0.8780825499736463,244438.08498562148
E3-ecc,20260850,plane,pos,1.0567483847614254,233626.38969395944
E3-ecc,20260850,plane,vel,0.35087113288025196,233626.38969395944
E3-ecc,20260850,plane,pos,-0.032352087942172536,1437992.8865854766
E3-ecc,20260850,plane,vel,-0.4330547759992343,1437992.8865854766
E3-ecc,20260850,plane,pos,-0.5862974747959669,88426.98555117554
E3-ecc,20260850,plane,vel,0.3714898091933162,88426.98555117554
E3-ecc,20260850,plane,pos,-0.6963243989618321,137370.92192205845
E3-ecc,20260850,plane,vel,-0.20554926520034514,137370.92192205845
E3-ecc,20260850,range,pos,0.04414265643187239,16815196.260597385
E3-ecc,20260850,range,vel,0.8926103892287519,16815196.260597385
E3-ecc,20260850,range,pos,0.4984618076626406,106579.53496208753
E3-ecc,20260850,range,vel,0.7436721954386323,106579.53496208753
E3-ecc,20260850,range,pos,-0.15402803014818348,10209418.806147844
E3-ecc,20260850,range,vel,-0.3557031365073641,10209418.806147844
E3-ecc,20260850,range,pos,1.4512795886502854,148699.47204905006
E3-ecc,20260850,range,vel,1.5731029077691019,148699.47204905006
E3-ecc,20260850,range,pos,-0.07621210345891091,3691936.030619596
E3-ecc,20260850,range,vel,-0.5976364969394593,3691936.030619596
E3-ecc,20260850,range,pos,2.2497900372479784,94593.82994425343
E3-ecc,20260850,range,vel,2.176656238618167,94593.82994425343
E3-ecc,20260850,range,pos,0.152928546678237,1616020.298665981
E3-ecc,20260850,range,vel,0.5176888050404977,1616020.298665981
E3-ecc,20260850,range,pos,0.4049269949539794,76443.91040667504
E3-ecc,20260850,range,vel,-0.922364562733415,76443.91040667504
E3-ecc,20260850,inplane,pos,0.23125117073963417,16815196.260597385
E3-ecc,20260850,inplane,vel,-0.43832452448051445,16815196.260597385
E3-ecc,20260850,inplane,pos,2.324155390681486,106579.53496208753
E3-ecc,20260850,inplane,vel,-0.9914571464703338,106579.53496208753
E3-ecc,20260850,inplane,pos,0.19889854922941763,10209418.806147844
E3-ecc,20260850,inplane,vel,-0.4782535693200302,10209418.806147844
E3-ecc,20260850,inplane,pos,0.9417784790082161,148699.47204905006
E3-ecc,20260850,inplane,vel,1.5303583001841115,148699.47204905006
E3-ecc,20260850,inplane,pos,-0.5876731039692056,3691936.030619596
E3-ecc,20260850,inplane,vel,0.056864327034765495,3691936.030619596
E3-ecc,20260850,inplane,pos,1.7856864972847832,94593.82994425343
E3-ecc,20260850,inplane,vel,1.9567349361790023,94593.82994425343
E3-ecc,20260850,inplane,pos,0.7335469315230281,1616020.298665981
E3-ecc,20260850,inplane,vel,0.21509355083389056,1616020.298665981
E3-ecc,20260850,inplane,pos,-1.3977939492910436,76443.91040667504
E3-ecc,20260850,inplane,vel,-0.2556494189976421,76443.91040667504
E3-ecc,20260850,plane,pos,0.8029302876148734,16815196.260597385
E3-ecc,20260850,plane,vel,1.3486356940491921,16815196.260597385
E3-ecc,20260850,plane,pos,0.6092681021914637,106579.53496208753
E3-ecc,20260850,plane,vel,-1.0456683190245504,106579.53496208753
E3-ecc,20260850,plane,pos,-1.593920756371903,10209418.806147844
E3-ecc,20260850,plane,vel,1.4413764132332427,10209418.806147844
E3-ecc,20260850,plane,pos,1.370615394157968,148699.47204905006
E3-ecc,20260850,plane,vel,-0.19984857414102042,148699.47204905006
E3-ecc,20260850,plane,pos,-1.6532999103033303,3691936.030619596
E3-ecc,20260850,plane,vel,-1.8263646280000194,3691936.030619596
E3-ecc,20260850,plane,pos,0.7795235553021943,94593.82994425343
E3-ecc,20260850,plane,vel,0.9694034484297045,94593.82994425343
E3-ecc,20260850,plane,pos,-1.8475397870920447,1616020.298665981
E3-ecc,20260850,plane,vel,-0.8032747946895747,1616020.298665981
E3-ecc,20260850,plane,pos,-0.23739646917821597,76443.91040667504
E3-ecc,20260850,plane,vel,0.2368419087623097,76443.91040667504
E3-ecc,20260850,range,pos,1.8678189525081383,50002.99501491738
E3-ecc,20260850,range,vel,2.1511054355660444,50002.99501491738
E3-ecc,20260850,range,pos,-0.3095069529838501,4205190.9746461995
E3-ecc,20260850,range,vel,0.05633251103250999,4205190.9746461995
E3-ecc,20260850,range,pos,-1.3427580892478541,101485.21229058868
E3-ecc,20260850,range,vel,-1.0139442708919806,101485.21229058868
E3-ecc,20260850,range,pos,-0.8671857371326026,1738035.7543777183
E3-ecc,20260850,range,vel,-0.07967680413471138,1738035.7543777183
E3-ecc,20260850,range,pos,0.6966865095919141,159802.75208710207
E3-ecc,20260850,range,vel,0.8482614635937136,159802.75208710207
E3-ecc,20260850,range,pos,0.8146151540645256,24522079.473787647
E3-ecc,20260850,range,vel,0.33088114357771864,24522079.473787647
E3-ecc,20260850,range,pos,1.0503722404352764,4370522.581064491
E3-ecc,20260850,range,vel,-1.3468317525846147,4370522.581064491
E3-ecc,20260850,range,pos,647.9433410656696,6401407.292381147
E3-ecc,20260850,range,vel,633.4357582896007,6401407.292381147
E3-ecc,20260850,inplane,pos,2.211328515807921,50002.99501491738
E3-ecc,20260850,inplane,vel,2.065894744873943,50002.99501491738
E3-ecc,20260850,inplane,pos,-0.053832000775558365,4205190.9746461995
E3-ecc,20260850,inplane,vel,-0.32581673198584926,4205190.9746461995
E3-ecc,20260850,inplane,pos,0.14307787061893437,101485.21229058868
E3-ecc,20260850,inplane,vel,-1.2616588855561157,101485.21229058868
E3-ecc,20260850,inplane,pos,-1.4461588199925048,1738035.7543777183
E3-ecc,20260850,inplane,vel,-1.0341972156666266,1738035.7543777183
E3-ecc,20260850,inplane,pos,-0.29853880611567024,159802.75208710207
E3-ecc,20260850,inplane,vel,-0.5412406961236094,159802.75208710207
E3-ecc,20260850,inplane,pos,-0.7201813641676164,24522079.473787647
E3-ecc,20260850,inplane,vel,-0.9442300235053408,24522079.473787647
E3-ecc,20260850,inplane,pos,-0.14276153957571827,4370522.581064491
E3-ecc,20260850,inplane,vel,0.7331195355855281,4370522.581064491
E3-ecc,20260850,inplane,pos,-377.8857317915652,6401407.292381147
E3-ecc,20260850,inplane,vel,622.4866884033069,6401407.292381147
E3-ecc,20260850,plane,pos,-0.2611018713066046,50002.99501491738
E3-ecc,20260850,plane,vel,-1.2706069929520536,50002.99501491738
E3-ecc,20260850,plane,pos,1.0742780836917145,4205190.9746461995
E3-ecc,20260850,plane,vel,-0.9551225489869927,4205190.9746461995
E3-ecc,20260850,plane,pos,0.112958855628157,101485.21229058868
E3-ecc,20260850,plane,vel,-1.5820117354705943,101485.21229058868
E3-ecc,20260850,plane,pos,-1.5515345675820447,1738035.7543777183
E3-ecc,20260850,plane,vel,-1.718244934342353,1738035.7543777183
E3-ecc,20260850,plane,pos,1.8714189447395417,159802.75208710207
E3-ecc,20260850,plane,vel,0.5534336415032409,159802.75208710207
E3-ecc,20260850,plane,pos,0.8483271123253328,24522079.473787647
E3-ecc,20260850,plane,vel,1.2137805389305878,24522079.473787647
E3-ecc,20260850,plane,pos,-2.1686923509580196,4370522.581064491
E3-ecc,20260850,plane,vel,-1.650006543566105,4370522.581064491
E3-ecc,20260850,plane,pos,-30.57027529105313,6401407.292381147
E3-ecc,20260850,plane,vel,-14.456700748315475,6401407.292381147
E3-ecc,20260850,range,pos,-1.2856720131851955,21764786.468292944
E3-ecc,20260850,range,vel,-1.3487054925719106,21764786.468292944
E3-ecc,20260850,range,pos,-0.4581352930154764,602128.1315555315
E3-ecc,20260850,range,vel,0.44940149001389434,602128.1315555315
E3-ecc,20260850,range,pos,0.2447105057248041,10968984.641938137
E3-ecc,20260850,range,vel,0.24029210906441753,10968984.641938137
E3-ecc,20260850,range,pos,-0.020676719678404756,3751503.268168019
E3-ecc,20260850,range,vel,-0.619272908227918,3751503.268168019
E3-ecc,20260850,range,pos,-0.5695643046455058,120646.32691855513
E3-ecc,20260850,range,vel,-0.10099223589489048,120646.32691855513
E3-ecc,20260850,range,pos,-0.44159282699555125,187168.71206603892
E3-ecc,20260850,range,vel,-1.1188967437739505,187168.71206603892
E3-ecc,20260850,inplane,pos,1.130776746723128,21764786.468292944
E3-ecc,20260850,inplane,vel,-0.40490433617673693,21764786.468292944
E3-ecc,20260850,inplane,pos,-0.33921105698428267,602128.1315555315
E3-ecc,20260850,inplane,vel,-0.3414656588425816,602128.1315555315
E3-ecc,20260850,inplane,pos,-0.09543690685085135,10968984.641938137
E3-ecc,20260850,inplane,vel,0.2659181429291695,10968984.641938137
E3-ecc,20260850,inplane,pos,-0.6237911826000682,3751503.268168019
E3-ecc,20260850,inplane,vel,-0.21872846806058938,3751503.268168019
E3-ecc,20260850,inplane,pos,0.5878840068128188,120646.32691855513
E3-ecc,20260850,inplane,vel,-0.22844997797107638,120646.32691855513
E3-ecc,20260850,inplane,pos,0.6659528091780961,187168.71206603892
E3-ecc,20260850,inplane,vel,0.6063117907619195,187168.71206603892
E3-ecc,20260850,plane,pos,-3.3658686792909163,21764786.468292944
E3-ecc,20260850,plane,vel,-0.44474995367270725,21764786.468292944
E3-ecc,20260850,plane,pos,0.372057461552991,602128.1315555315
E3-ecc,20260850,plane,vel,0.677886651509159,602128.1315555315
E3-ecc,20260850,plane,pos,0.14678243378213218,10968984.641938137
E3-ecc,20260850,plane,vel,-0.03630662233781304,10968984.641938137
E3-ecc,20260850,plane,pos,1.2085881499357325,3751503.268168019
E3-ecc,20260850,plane,vel,-1.3658148447106575,3751503.268168019
E3-ecc,20260850,plane,pos,-0.17937748592450709,120646.32691855513
E3-ecc,20260850,plane,vel,-0.2173445360694402,120646.32691855513
E3-ecc,20260850,plane,pos,-0.8438052873867705,187168.71206603892
E3-ecc,20260850,plane,vel,-0.5526519713477513,187168.71206603892
E3-ecc,20260850,range,pos,0.2546873467929608,199564.86003209985
E3-ecc,20260850,range,vel,0.02939037527631971,199564.86003209985
E3-ecc,20260850,range,pos,0.5318219453554427,104856.28106427926
E3-ecc,20260850,range,vel,-0.06809863710368598,104856.28106427926
E3-ecc,20260850,range,pos,0.35510572604435353,873386.0130742815
E3-ecc,20260850,range,vel,-2.1163154132283792,873386.0130742815
E3-ecc,20260850,range,pos,1.0859273836305583,145066.10284581152
E3-ecc,20260850,range,vel,-1.396269616054897,145066.10284581152
E3-ecc,20260850,range,pos,0.01265803139559925,336461.11102142854
E3-ecc,20260850,range,vel,0.2348790403498627,336461.11102142854
E3-ecc,20260850,range,pos,0.2586529310816504,98806.44437722674
E3-ecc,20260850,range,vel,0.1230290283719162,98806.44437722674
E3-ecc,20260850,range,pos,0.4923752985685705,202490.97731119106
E3-ecc,20260850,range,vel,-1.349825991863775,202490.97731119106
E3-ecc,20260850,range,pos,-8.07954191401421,1973997.191450177
E3-ecc,20260850,range,vel,10.607999520488278,1973997.191450177
E3-ecc,20260850,inplane,pos,-0.018341896638646316,199564.86003209985
E3-ecc,20260850,inplane,vel,0.5172160152209064,199564.86003209985
E3-ecc,20260850,inplane,pos,0.19232478405318928,104856.28106427926
E3-ecc,20260850,inplane,vel,0.42422748070246835,104856.28106427926
E3-ecc,20260850,inplane,pos,-2.405351110334208,873386.0130742815
E3-ecc,20260850,inplane,vel,-0.8978178662362383,873386.0130742815
E3-ecc,20260850,inplane,pos,-1.2117281919342624,145066.10284581152
E3-ecc,20260850,inplane,vel,0.5928439685407436,145066.10284581152
E3-ecc,20260850,inplane,pos,-0.37229527217034636,336461.11102142854
E3-ecc,20260850,inplane,vel,-0.8143883299627267,336461.11102142854
E3-ecc,20260850,inplane,pos,-1.3435127040881925,98806.44437722674
E3-ecc,20260850,inplane,vel,-0.08321939237167036,98806.44437722674
E3-ecc,20260850,inplane,pos,-2.0817809705298105,202490.97731119106
E3-ecc,20260850,inplane,vel,0.4315928082373131,202490.97731119106
E3-ecc,20260850,inplane,pos,11.026004784125616,1973997.191450177
E3-ecc,20260850,inplane,vel,-4.886974683772852,1973997.191450177
E3-ecc,20260850,plane,pos,-0.7869861273617182,199564.86003209985
E3-ecc,20260850,plane,vel,-0.2444790480122309,199564.86003209985
E3-ecc,20260850,plane,pos,0.006536108325215022,104856.28106427926
E3-ecc,20260850,plane,vel,-0.6569968293808688,104856.28106427926
E3-ecc,20260850,plane,pos,-0.05101643809255567,873386.0130742815
E3-ecc,20260850,plane,vel,0.5113716305970609,873386.0130742815
E3-ecc,20260850,plane,pos,0.09242721935984918,145066.10284581152
E3-ecc,20260850,plane,vel,0.9667709613289325,145066.10284581152
E3-ecc,20260850,plane,pos,1.9002755090052514,336461.11102142854
E3-ecc,20260850,plane,vel,0.9724032086699186,336461.11102142854
E3-ecc,20260850,plane,pos,0.016775408367972967,98806.44437722674
E3-ecc,20260850,plane,vel,0.4043172007728,98806.44437722674
E3-ecc,20260850,plane,pos,0.30587969154995315,202490.97731119106
E3-ecc,20260850,plane,vel,0.100410079548964,202490.97731119106
E3-ecc,20260850,plane,pos,1.6844189022691909,1973997.191450177
E3-ecc,20260850,plane,vel,-10.604607265843702,1973997.191450177
E3-ecc,20260850,range,pos,1.5695121817457713,12791396.27742257
E3-ecc,20260850,range,vel,-2.8646908280120154,12791396.27742257
E3-ecc,20260850,range,pos,-0.15516184142864237,3707273.7360635595
E3-ecc,20260850,range,vel,-0.06988704997227976,3707273.7360635595
E3-ecc,20260850,range,pos,0.4677661515314993,72972.55727395297
E3-ecc,20260850,range,vel,0.9378627684222125,72972.55727395297
E3-ecc,20260850,range,pos,1.2022602740025865,717712.8782819788
E3-ecc,20260850,range,vel,1.6456792860233886,717712.8782819788
E3-ecc,20260850,range,pos,-0.9268790302096507,4914474.265234212
E3-ecc,20260850,range,vel,-0.8539183135492605,4914474.265234212
E3-ecc,20260850,range,pos,0.4732943337979485,1352340.9553010033
E3-ecc,20260850,range,vel,1.1399171904043253,1352340.9553010033
E3-ecc,20260850,range,pos,0.053858381365173506,113868.78283622593
E3-ecc,20260850,range,vel,-0.16367297241718765,113868.78283622593
E3-ecc,20260850,range,pos,-0.7696284360536345,1251217.4732704498
E3-ecc,20260850,range,vel,3.789461014439271,1251217.4732704498
E3-ecc,20260850,inplane,pos,0.742927674585447,12791396.27742257
E3-ecc,20260850,inplane,vel,2.702375482510317,12791396.27742257
E3-ecc,20260850,inplane,pos,-0.6403196457800318,3707273.7360635595
E3-ecc,20260850,inplane,vel,-0.4541558340685616,3707273.7360635595
E3-ecc,20260850,inplane,pos,1.5148476165231748,72972.55727395297
E3-ecc,20260850,inplane,vel,0.3235998296973218,72972.55727395297
E3-ecc,20260850,inplane,pos,1.7773029316356104,717712.8782819788
E3-ecc,20260850,inplane,vel,1.1951618877244874,717712.8782819788
E3-ecc,20260850,inplane,pos,1.6045336434870026,4914474.265234212
E3-ecc,20260850,inplane,vel,-0.8437037991931362,4914474.265234212
E3-ecc,20260850,inplane,pos,1.0017177167708873,1352340.9553010033
E3-ecc,20260850,inplane,vel,0.8677203376666212,1352340.9553010033
E3-ecc,20260850,inplane,pos,0.1709561528590991,113868.78283622593
E3-ecc,20260850,inplane,vel,-0.3423991057677633,113868.78283622593
E3-ecc,20260850,inplane,pos,7.768598220175933,1251217.4732704498
E3-ecc,20260850,inplane,vel,0.5012160129010824,1251217.4732704498
E3-ecc,20260850,plane,pos,-0.7592837662201609,12791396.27742257
E3-ecc,20260850,plane,vel,0.5880148060625293,12791396.27742257
E3-ecc,20260850,plane,pos,0.05732094965720936,3707273.7360635595
E3-ecc,20260850,plane,vel,-0.25054622361628004,3707273.7360635595
E3-ecc,20260850,plane,pos,-0.4560265305113219,72972.55727395297
E3-ecc,20260850,plane,vel,-0.27827522030724433,72972.55727395297
E3-ecc,20260850,plane,pos,1.269378915664908,717712.8782819788
E3-ecc,20260850,plane,vel,-0.23990507674071185,717712.8782819788
E3-ecc,20260850,plane,pos,-0.8866001147497621,4914474.265234212
E3-ecc,20260850,plane,vel,0.05805866045499108,4914474.265234212
E3-ecc,20260850,plane,pos,1.0100286769586262,1352340.9553010033
E3-ecc,20260850,plane,vel,2.591131447253558,1352340.9553010033
E3-ecc,20260850,plane,pos,0.11600443473930876,113868.78283622593
E3-ecc,20260850,plane,vel,0.42878355381187355,113868.78283622593
E3-ecc,20260850,plane,pos,-1.5679448819386943,1251217.4732704498
E3-ecc,20260850,plane,vel,-6.684541101044054,1251217.4732704498
E3-ecc,20260857,range,pos,0.9664132418256229,328534.4237812447
E3-ecc,20260857,range,vel,2.1583078387464547,328534.4237812447
E3-ecc,20260857,range,pos,-0.5957601396798788,311012.67104797286
E3-ecc,20260857,range,vel,-0.5587221131110686,311012.67104797286
E3-ecc,20260857,range,pos,-0.8101729605033591,78546.73931041881
E3-ecc,20260857,range,vel,-1.7584463510451862,78546.73931041881
E3-ecc,20260857,range,pos,0.8491504432990433,570458.1808430534
E3-ecc,20260857,range,vel,0.7853069577063968,570458.1808430534
E3-ecc,20260857,range,pos,-0.8034955515365617,107460.93951037132
E3-ecc,20260857,range,vel,-0.6509132812069948,107460.93951037132
E3-ecc,20260857,range,pos,-1.1255128606056217,132592.27839172
E3-ecc,20260857,range,vel,-0.9984993912913085,132592.27839172
E3-ecc,20260857,range,pos,0.25838891156127197,635991.6031073135
E3-ecc,20260857,range,vel,0.1861332401072774,635991.6031073135
E3-ecc,20260857,range,pos,-1.0260751120009477,242649.43828167534
E3-ecc,20260857,range,vel,-0.24129184883295376,242649.43828167534
E3-ecc,20260857,inplane,pos,2.055272910851368,328534.4237812447
E3-ecc,20260857,inplane,vel,1.9217736164832495,328534.4237812447
E3-ecc,20260857,inplane,pos,-0.28993313431885115,311012.67104797286
E3-ecc,20260857,inplane,vel,-0.41663627843090084,311012.67104797286
E3-ecc,20260857,inplane,pos,0.622081104073469,78546.73931041881
E3-ecc,20260857,inplane,vel,0.9077321830051746,78546.73931041881
E3-ecc,20260857,inplane,pos,-0.3928007630956842,570458.1808430534
E3-ecc,20260857,inplane,vel,1.033866711013016,570458.1808430534
E3-ecc,20260857,inplane,pos,0.9962951152145213,107460.93951037132
E3-ecc,20260857,inplane,vel,0.8779174692420227,107460.93951037132
E3-ecc,20260857,inplane,pos,0.32523553128099425,132592.27839172
E3-ecc,20260857,inplane,vel,-2.8852427953434323,132592.27839172
E3-ecc,20260857,inplane,pos,0.005384709739081999,635991.6031073135
E3-ecc,20260857,inplane,vel,0.38765602025967133,635991.6031073135
E3-ecc,20260857,inplane,pos,-0.7029127103008017,242649.43828167534
E3-ecc,20260857,inplane,vel,-1.1761961961904606,242649.43828167534
E3-ecc,20260857,plane,pos,-0.9034459082851621,328534.4237812447
E3-ecc,20260857,plane,vel,0.881322655458724,328534.4237812447
E3-ecc,20260857,plane,pos,0.21485252562331084,311012.67104797286
E3-ecc,20260857,plane,vel,0.02066895334313624,311012.67104797286
E3-ecc,20260857,plane,pos,-0.583194372246629,78546.73931041881
E3-ecc,20260857,plane,vel,-0.7669054754197994,78546.73931041881
E3-ecc,20260857,plane,pos,-1.1364577400966893,570458.1808430534
E3-ecc,20260857,plane,vel,-0.7895082123557758,570458.1808430534
E3-ecc,20260857,plane,pos,1.4326243229228355,107460.93951037132
E3-ecc,20260857,plane,vel,0.3887955398403848,107460.93951037132
E3-ecc,20260857,plane,pos,0.8093608836096626,132592.27839172
E3-ecc,20260857,plane,vel,1.587519914030669,132592.27839172
E3-ecc,20260857,plane,pos,0.21097889813722645,635991.6031073135
E3-ecc,20260857,plane,vel,0.05023232787728016,635991.6031073135
E3-ecc,20260857,plane,pos,-0.8766183083903991,242649.43828167534
E3-ecc,20260857,plane,vel,-0.6337300069403041,242649.43828167534
E3-ecc,20260857,range,pos,-0.4137355199466675,5166402.706185854
E3-ecc,20260857,range,vel,-0.21878332000195105,5166402.706185854
E3-ecc,20260857,range,pos,-1.8105150716943887,127806.94040306486
E3-ecc,20260857,range,vel,1.839702273461241,127806.94040306486
E3-ecc,20260857,range,pos,-0.2359618332338551,19775718.4904419
E3-ecc,20260857,range,vel,-0.0940540087149988,19775718.4904419
E3-ecc,20260857,range,pos,0.035199287876157934,109380.56940209321
E3-ecc,20260857,range,vel,0.16604897278061387,109380.56940209321
E3-ecc,20260857,range,pos,-1.7802720003151842,400449.2246521323
E3-ecc,20260857,range,vel,-1.3095934560915419,400449.2246521323
E3-ecc,20260857,range,pos,-0.947509764687208,101621.428450888
E3-ecc,20260857,range,vel,1.4561419430096558,101621.428450888
E3-ecc,20260857,range,pos,-0.28145975611703117,99223.23161440119
E3-ecc,20260857,range,vel,-0.2697511768383077,99223.23161440119
E3-ecc,20260857,inplane,pos,0.5919574810672389,5166402.706185854
E3-ecc,20260857,inplane,vel,-0.7628545854031621,5166402.706185854
E3-ecc,20260857,inplane,pos,0.8110187921808746,127806.94040306486
E3-ecc,20260857,inplane,vel,0.04845619939686515,127806.94040306486
E3-ecc,20260857,inplane,pos,0.4162417701408348,19775718.4904419
E3-ecc,20260857,inplane,vel,-0.26193339170536056,19775718.4904419
E3-ecc,20260857,inplane,pos,0.8503876939801971,109380.56940209321
E3-ecc,20260857,inplane,vel,0.21165752985030928,109380.56940209321
E3-ecc,20260857,inplane,pos,0.8663596472697733,400449.2246521323
E3-ecc,20260857,inplane,vel,-1.4621677785916565,400449.2246521323
E3-ecc,20260857,inplane,pos,1.3663175970122654,101621.428450888
E3-ecc,20260857,inplane,vel,-0.7368783553031233,101621.428450888
E3-ecc,20260857,inplane,pos,0.05239151822469221,99223.23161440119
E3-ecc,20260857,inplane,vel,0.06825211951334063,99223.23161440119
E3-ecc,20260857,plane,pos,-2.237502001092715,5166402.706185854
E3-ecc,20260857,plane,vel,-1.8578936478778005,5166402.706185854
E3-ecc,20260857,plane,pos,1.7923977512416127,127806.94040306486
E3-ecc,20260857,plane,vel,0.4886806554994472,127806.94040306486
E3-ecc,20260857,plane,pos,-0.7133290017662932,19775718.4904419
E3-ecc,20260857,plane,vel,-0.33578049296017914,19775718.4904419
E3-ecc,20260857,plane,pos,-0.16458979481802857,109380.56940209321
E3-ecc,20260857,plane,vel,0.4768837556463111,109380.56940209321
E3-ecc,20260857,plane,pos,2.0460662294879337,400449.2246521323
E3-ecc,20260857,plane,vel,0.8655885367954662,400449.2246521323
E3-ecc,20260857,plane,pos,-0.12690688114286824,101621.428450888
E3-ecc,20260857,plane,vel,1.1406417234098984,101621.428450888
E3-ecc,20260857,plane,pos,-2.066091470032995,99223.23161440119
E3-ecc,20260857,plane,vel,-0.670137627962576,99223.23161440119
E3-ecc,20260857,range,pos,0.048815895426030105,465862.0915999979
E3-ecc,20260857,range,vel,0.024717624051775113,465862.0915999979
E3-ecc,20260857,range,pos,-1.4652223463887568,742386.0011044472
E3-ecc,20260857,range,vel,-1.3400726057235326,742386.0011044472
E3-ecc,20260857,range,pos,-0.8827391813128554,481502.06983319105
E3-ecc,20260857,range,vel,-1.2013112982429512,481502.06983319105
E3-ecc,20260857,range,pos,0.643477509317554,132554.4195390911
E3-ecc,20260857,range,vel,-0.9693794124973161,132554.4195390911
E3-ecc,20260857,range,pos,-2.2967975243390333,191808.64992544943
E3-ecc,20260857,range,vel,0.8707723961096089,191808.64992544943
E3-ecc,20260857,range,pos,0.7286988531239398,2639867.683986604
E3-ecc,20260857,range,vel,1.6719483025342134,2639867.683986604
E3-ecc,20260857,range,pos,1.705759209425697,8641134.159076273
E3-ecc,20260857,range,vel,2.5069081503813204,8641134.159076273
E3-ecc,20260857,range,pos,-0.03470749045567984,1732964.1633616115
E3-ecc,20260857,range,vel,0.9354734455511433,1732964.1633616115
E3-ecc,20260857,inplane,pos,0.49966571385834696,465862.0915999979
E3-ecc,20260857,inplane,vel,0.24466663504434183,465862.0915999979
E3-ecc,20260857,inplane,pos,-1.231548134698003,742386.0011044472
E3-ecc,20260857,inplane,vel,-0.9406164475751799,742386.0011044472
E3-ecc,20260857,inplane,pos,-1.885875777358165,481502.06983319105
E3-ecc,20260857,inplane,vel,-1.562575556282738,481502.06983319105
E3-ecc,20260857,inplane,pos,-0.793670510662538,132554.4195390911
E3-ecc,20260857,inplane,vel,0.9153226886179027,132554.4195390911
E3-ecc,20260857,inplane,pos,1.026549290885771,191808.64992544943
E3-ecc,20260857,inplane,vel,2.582881599529203,191808.64992544943
E3-ecc,20260857,inplane,pos,2.1726364309663744,2639867.683986604
E3-ecc,20260857,inplane,vel,1.1547627271972545,2639867.683986604
E3-ecc,20260857,inplane,pos,-0.3448230436613644,8641134.159076273
E3-ecc,20260857,inplane,vel,1.5896073482295332,8641134.159076273
E3-ecc,20260857,inplane,pos,0.19045049183962204,1732964.1633616115
E3-ecc,20260857,inplane,vel,-1.0237343451069578,1732964.1633616115
E3-ecc,20260857,plane,pos,0.5393166778593333,465862.0915999979
E3-ecc,20260857,plane,vel,0.3482232289762502,465862.0915999979
E3-ecc,20260857,plane,pos,1.1384548352790946,742386.0011044472
E3-ecc,20260857,plane,vel,1.0537836827746205,742386.0011044472
E3-ecc,20260857,plane,pos,-1.0273247408993427,481502.06983319105
E3-ecc,20260857,plane,vel,0.04358807423948871,481502.06983319105
E3-ecc,20260857,plane,pos,1.013220690649253,132554.4195390911
E3-ecc,20260857,plane,vel,0.8735931360623591,132554.4195390911
E3-ecc,20260857,plane,pos,-2.1213425082313337,191808.64992544943
E3-ecc,20260857,plane,vel,0.38102456302330145,191808.64992544943
E3-ecc,20260857,plane,pos,1.1147139125942782,2639867.683986604
E3-ecc,20260857,plane,vel,2.591388476526378,2639867.683986604
E3-ecc,20260857,plane,pos,1.0776974324923432,8641134.159076273
E3-ecc,20260857,plane,vel,-0.2715307766185729,8641134.159076273
E3-ecc,20260857,plane,pos,0.6505500738685124,1732964.1633616115
E3-ecc,20260857,plane,vel,-0.023178255362064526,1732964.1633616115
E3-ecc,20260857,range,pos,-0.8864493136922875,128183.81924367449
E3-ecc,20260857,range,vel,-0.4503473975551269,128183.81924367449
E3-ecc,20260857,range,pos,0.9383830756637341,94528.78230556179
E3-ecc,20260857,range,vel,-0.12257337581790001,94528.78230556179
E3-ecc,20260857,range,pos,-0.4450589854603643,74404.61131231544
E3-ecc,20260857,range,vel,0.5504940835621112,74404.61131231544
E3-ecc,20260857,range,pos,-1.1529429127705677,10136015.878509149
E3-ecc,20260857,range,vel,0.13323105298292448,10136015.878509149
E3-ecc,20260857,range,pos,-0.3027446437261944,37159.24635369314
E3-ecc,20260857,range,vel,-0.2466082664496554,37159.24635369314
E3-ecc,20260857,range,pos,2.2406320814876524,648871.7196934925
E3-ecc,20260857,range,vel,-1.8685100374038248,648871.7196934925
E3-ecc,20260857,range,pos,-1.550107771052656,173385.40975237283
E3-ecc,20260857,range,vel,-2.3729639163513316,173385.40975237283
E3-ecc,20260857,range,pos,0.6858785105178375,19757765.36666906
E3-ecc,20260857,range,vel,0.46931108457241344,19757765.36666906
E3-ecc,20260857,inplane,pos,-0.9451197647521881,128183.81924367449
E3-ecc,20260857,inplane,vel,-1.11104170041273,128183.81924367449
E3-ecc,20260857,inplane,pos,1.125476210394626,94528.78230556179
E3-ecc,20260857,inplane,vel,1.022997498861178,94528.78230556179
E3-ecc,20260857,inplane,pos,0.005715197132568039,74404.61131231544
E3-ecc,20260857,inplane,vel,0.011129918928522557,74404.61131231544
E3-ecc,20260857,inplane,pos,-1.4109852101843037,10136015.878509149
E3-ecc,20260857,inplane,vel,-0.9873574738435822,10136015.878509149
E3-ecc,20260857,inplane,pos,-0.4419627942918898,37159.24635369314
E3-ecc,20260857,inplane,vel,0.5233080877590728,37159.24635369314
E3-ecc,20260857,inplane,pos,2.2277569467280416,648871.7196934925
E3-ecc,20260857,inplane,vel,2.3202746839373956,648871.7196934925
E3-ecc,20260857,inplane,pos,-2.3239461417771348,173385.40975237283
E3-ecc,20260857,inplane,vel,-1.8684097696867183,173385.40975237283
E3-ecc,20260857,inplane,pos,0.31054732629098536,19757765.36666906
E3-ecc,20260857,inplane,vel,0.6955254768411475,19757765.36666906
E3-ecc,20260857,plane,pos,-0.8790421002303906,128183.81924367449
E3-ecc,20260857,plane,vel,0.6274485418580208,128183.81924367449
E3-ecc,20260857,plane,pos,-0.2847583997941461,94528.78230556179
E3-ecc,20260857,plane,vel,1.9323147590576288,94528.78230556179
E3-ecc,20260857,plane,pos,0.7706059837500063,74404.61131231544
E3-ecc,20260857,plane,vel,-0.825142859824665,74404.61131231544
E3-ecc,20260857,plane,pos,0.17956965361388771,10136015.878509149
E3-ecc,20260857,plane,vel,0.6734109764461875,10136015.878509149
E3-ecc,20260857,plane,pos,-0.6350144753439931,37159.24635369314
E3-ecc,20260857,plane,vel,1.0026985009018412,37159.24635369314
E3-ecc,20260857,plane,pos,0.554527646468601,648871.7196934925
E3-ecc,20260857,plane,vel,0.44727158323462013,648871.7196934925
E3-ecc,20260857,plane,pos,-0.47669903301597866,173385.40975237283
E3-ecc,20260857,plane,vel,0.8389763453606554,173385.40975237283
E3-ecc,20260857,plane,pos,1.8622558140056957,19757765.36666906
E3-ecc,20260857,plane,vel,0.8366842578766266,19757765.36666906
E3-ecc,20260857,range,pos,0.3192898692457514,1336324.7867739885
E3-ecc,20260857,range,vel,-0.6857560900361088,1336324.7867739885
E3-ecc,20260857,range,pos,-1.6296618668741087,401636.56237044756
E3-ecc,20260857,range,vel,-1.4427786517099779,401636.56237044756
E3-ecc,20260857,range,pos,-0.6136998570402177,1318368.7073729413
E3-ecc,20260857,range,vel,0.5521664649415123,1318368.7073729413
E3-ecc,20260857,range,pos,-1.6515321256635842,377477.6325185542
E3-ecc,20260857,range,vel,0.8046920308523113,377477.6325185542
E3-ecc,20260857,range,pos,0.4157131922414442,388367.428621874
E3-ecc,20260857,range,vel,-1.5552402229946802,388367.428621874
E3-ecc,20260857,range,pos,0.9339242790172478,17049105.04537997
E3-ecc,20260857,range,vel,-1.2853377802204864,17049105.04537997
E3-ecc,20260857,range,pos,2.095347265725262,428710.9100185056
E3-ecc,20260857,range,vel,1.9299423823400874,428710.9100185056
E3-ecc,20260857,inplane,pos,-0.1986246369514823,1336324.7867739885
E3-ecc,20260857,inplane,vel,0.5861868155235525,1336324.7867739885
E3-ecc,20260857,inplane,pos,-1.016773179243419,401636.56237044756
E3-ecc,20260857,inplane,vel,-1.579812613753608,401636.56237044756
E3-ecc,20260857,inplane,pos,-0.14486419604382897,1318368.7073729413
E3-ecc,20260857,inplane,vel,0.18863644850882333,1318368.7073729413
E3-ecc,20260857,inplane,pos,-2.0185814218551315,377477.6325185542
E3-ecc,20260857,inplane,vel,-1.9192115801522267,377477.6325185542
E3-ecc,20260857,inplane,pos,-1.4333391060942775,388367.428621874
E3-ecc,20260857,inplane,vel,0.6718539130807941,388367.428621874
E3-ecc,20260857,inplane,pos,0.9014592379500602,17049105.04537997
E3-ecc,20260857,inplane,vel,1.235137754471698,17049105.04537997
E3-ecc,20260857,inplane,pos,1.3911544886516032,428710.9100185056
E3-ecc,20260857,inplane,vel,2.070256369101095,428710.9100185056
E3-ecc,20260857,plane,pos,1.6175871058584204,1336324.7867739885
E3-ecc,20260857,plane,vel,0.5665104682718535,1336324.7867739885
E3-ecc,20260857,plane,pos,0.9274601583492789,401636.56237044756
E3-ecc,20260857,plane,vel,-0.17490664496007086,401636.56237044756
E3-ecc,20260857,plane,pos,-0.3223583930466218,1318368.7073729413
E3-ecc,20260857,plane,vel,0.25247024624046077,1318368.7073729413
E3-ecc,20260857,plane,pos,-0.008664109248758363,377477.6325185542
E3-ecc,20260857,plane,vel,0.146721553182842,377477.6325185542
E3-ecc,20260857,plane,pos,-0.9907359522782603,388367.428621874
E3-ecc,20260857,plane,vel,-0.5537935894008662,388367.428621874
E3-ecc,20260857,plane,pos,-0.9220271454798223,17049105.04537997
E3-ecc,20260857,plane,vel,-1.5043350178962531,17049105.04537997
E3-ecc,20260857,plane,pos,-0.610904602374461,428710.9100185056
E3-ecc,20260857,plane,vel,-0.12667312944146233,428710.9100185056
E3-ecc,20260857,range,pos,-0.13307497388461464,167773.33642133884
E3-ecc,20260857,range,vel,0.07496772194234046,167773.33642133884
E3-ecc,20260857,range,pos,2.2618061756544496,19521262.65381655
E3-ecc,20260857,range,vel,-2.6770311147196995,19521262.65381655
E3-ecc,20260857,range,pos,0.3856495065594115,1449677.8481949563
E3-ecc,20260857,range,vel,-0.4916298629629839,1449677.8481949563
E3-ecc,20260857,range,pos,-0.3064702346016609,50391.2780068805
E3-ecc,20260857,range,vel,-0.4263344446449179,50391.2780068805
E3-ecc,20260857,range,pos,-0.16939649224339481,107507.30886188817
E3-ecc,20260857,range,vel,-0.2145433215394924,107507.30886188817
E3-ecc,20260857,range,pos,-2.051730137315269,695205.8962891584
E3-ecc,20260857,range,vel,1.5902862343330215,695205.8962891584
E3-ecc,20260857,range,pos,0.3895939153394111,520770.18345299625
E3-ecc,20260857,range,vel,0.24007806069579085,520770.18345299625
E3-ecc,20260857,range,pos,0.01475823256507674,207652.4310919074
E3-ecc,20260857,range,vel,-0.546269754832324,207652.4310919074
E3-ecc,20260857,inplane,pos,-0.03423025040178453,167773.33642133884
E3-ecc,20260857,inplane,vel,-0.08329735513595769,167773.33642133884
E3-ecc,20260857,inplane,pos,2.526177909547649,19521262.65381655
E3-ecc,20260857,inplane,vel,2.2825924292048203,19521262.65381655
E3-ecc,20260857,inplane,pos,-0.7406413569523946,1449677.8481949563
E3-ecc,20260857,inplane,vel,0.009450249293719439,1449677.8481949563
E3-ecc,20260857,inplane,pos,0.7571004799121844,50391.2780068805
E3-ecc,20260857,inplane,vel,-0.2538575934493192,50391.2780068805
E3-ecc,20260857,inplane,pos,0.18585621062234114,107507.30886188817
E3-ecc,20260857,inplane,vel,-0.47773166669387923,107507.30886188817
E3-ecc,20260857,inplane,pos,-2.1514079485258533,695205.8962891584
E3-ecc,20260857,inplane,vel,-1.7758531604217918,695205.8962891584
E3-ecc,20260857,inplane,pos,-1.394364843870755,520770.18345299625
E3-ecc,20260857,inplane,vel,1.2386306617375231,520770.18345299625
E3-ecc,20260857,inplane,pos,-0.5092348721803834,207652.4310919074
E3-ecc,20260857,inplane,vel,0.13845636321845772,207652.4310919074
E3-ecc,20260857,plane,pos,0.41687611070441644,167773.33642133884
E3-ecc,20260857,plane,vel,1.175976615545333,167773.33642133884
E3-ecc,20260857,plane,pos,-0.19268986316856745,19521262.65381655
E3-ecc,20260857,plane,vel,-0.04395322850305755,19521262.65381655
E3-ecc,20260857,plane,pos,-0.047181071468129505,1449677.8481949563
E3-ecc,20260857,plane,vel,0.2080903240072212,1449677.8481949563
E3-ecc,20260857,plane,pos,-0.29939284451614157,50391.2780068805
E3-ecc,20260857,plane,vel,-0.023672954713908838,50391.2780068805
E3-ecc,20260857,plane,pos,-0.3885373519463054,107507.30886188817
E3-ecc,20260857,plane,vel,-0.7245255497905708,107507.30886188817
E3-ecc,20260857,plane,pos,0.5404187227976245,695205.8962891584
E3-ecc,20260857,plane,vel,0.8721599025852688,695205.8962891584
E3-ecc,20260857,plane,pos,-0.4202629788692682,520770.18345299625
E3-ecc,20260857,plane,vel,-0.24615114799257612,520770.18345299625
E3-ecc,20260857,plane,pos,-0.36820765593150123,207652.4310919074
E3-ecc,20260857,plane,vel,0.16298570028978546,207652.4310919074
E3-ecc,20260864,range,pos,-0.7421086436943488,1247897.304200849
E3-ecc,20260864,range,vel,0.8885760855875531,1247897.304200849
E3-ecc,20260864,range,pos,-0.28249477038040993,313229.28745630966
E3-ecc,20260864,range,vel,0.050466805344347464,313229.28745630966
E3-ecc,20260864,range,pos,-0.10321890670920782,227852.7738864416
E3-ecc,20260864,range,vel,-0.27788569776125305,227852.7738864416
E3-ecc,20260864,range,pos,-0.02343700759774657,63983.78504828425
E3-ecc,20260864,range,vel,-0.43927408688768366,63983.78504828425
E3-ecc,20260864,range,pos,0.4803778983926379,495700.3470890613
E3-ecc,20260864,range,vel,-0.5631345723902468,495700.3470890613
E3-ecc,20260864,range,pos,-0.6639265313049386,951669.706853081
E3-ecc,20260864,range,vel,1.134289422378965,951669.706853081
E3-ecc,20260864,range,pos,-0.4152007836279036,1349443.660913853
E3-ecc,20260864,range,vel,0.04959400606467851,1349443.660913853
E3-ecc,20260864,range,pos,-0.5162213149639256,189539.05876533967
E3-ecc,20260864,range,vel,0.5392450616426393,189539.05876533967
E3-ecc,20260864,inplane,pos,-0.07833486331522978,1247897.304200849
E3-ecc,20260864,inplane,vel,-0.5622303280045029,1247897.304200849
E3-ecc,20260864,inplane,pos,-0.33382496743071244,313229.28745630966
E3-ecc,20260864,inplane,vel,-0.32802169706467005,313229.28745630966
E3-ecc,20260864,inplane,pos,-0.9353553809295618,227852.7738864416
E3-ecc,20260864,inplane,vel,-0.2434784489539531,227852.7738864416
E3-ecc,20260864,inplane,pos,-1.3847926442448824,63983.78504828425
E3-ecc,20260864,inplane,vel,-0.05684758761189934,63983.78504828425
E3-ecc,20260864,inplane,pos,0.5123465540054869,495700.3470890613
E3-ecc,20260864,inplane,vel,0.8024945630566029,495700.3470890613
E3-ecc,20260864,inplane,pos,0.7399196213156238,951669.706853081
E3-ecc,20260864,inplane,vel,-0.4226213512564239,951669.706853081
E3-ecc,20260864,inplane,pos,0.8704904935686297,1349443.660913853
E3-ecc,20260864,inplane,vel,-0.47703080600590236,1349443.660913853
E3-ecc,20260864,inplane,pos,-0.04583517332649765,189539.05876533967
E3-ecc,20260864,inplane,vel,-0.37991809528136394,189539.05876533967
E3-ecc,20260864,plane,pos,-0.12481586866814935,1247897.304200849
E3-ecc,20260864,plane,vel,0.32098405075356623,1247897.304200849
E3-ecc,20260864,plane,pos,-0.32775179376085123,313229.28745630966
E3-ecc,20260864,plane,vel,0.8283665995469721,313229.28745630966
E3-ecc,20260864,plane,pos,0.6883981412788354,227852.7738864416
E3-ecc,20260864,plane,vel,0.3902149767773988,227852.7738864416
E3-ecc,20260864,plane,pos,0.3559026680767854,63983.78504828425
E3-ecc,20260864,plane,vel,-0.4825017736595594,63983.78504828425
E3-ecc,20260864,plane,pos,-0.6453390340332278,495700.3470890613
E3-ecc,20260864,plane,vel,-0.9870415619699797,495700.3470890613
E3-ecc,20260864,plane,pos,-0.24759696970691716,951669.706853081
E3-ecc,20260864,plane,vel,-0.5956190525530608,951669.706853081
E3-ecc,20260864,plane,pos,-1.1707209964272887,1349443.660913853
E3-ecc,20260864,plane,vel,-0.15379761488720092,1349443.660913853
E3-ecc,20260864,plane,pos,0.12361856560163896,189539.05876533967
E3-ecc,20260864,plane,vel,0.7880465151278766,189539.05876533967
E3-ecc,20260864,range,pos,-1.1438623434202833,94396.05126137914
E3-ecc,20260864,range,vel,0.947623306078114,94396.05126137914
E3-ecc,20260864,range,pos,1.5569927871138942,109236.91751184489
E3-ecc,20260864,range,vel,1.385998364400239,109236.91751184489
E3-ecc,20260864,range,pos,-0.96019774775515,71993.42111848148
E3-ecc,20260864,range,vel,0.7680791622643354,71993.42111848148
E3-ecc,20260864,range,pos,2.19554512357711,2266242.698405426
E3-ecc,20260864,range,vel,0.18771312591328343,2266242.698405426
E3-ecc,20260864,range,pos,1.4697248399527403,150192.1412377933
E3-ecc,20260864,range,vel,1.2933177729658138,150192.1412377933
E3-ecc,20260864,range,pos,0.4630979296914992,192991.7038471586
E3-ecc,20260864,range,vel,0.29627466709639544,192991.7038471586
E3-ecc,20260864,range,pos,0.5136853580626631,5666691.142944547
E3-ecc,20260864,range,vel,-0.7696018045077505,5666691.142944547
E3-ecc,20260864,range,pos,16.34193147105731,13784528.147036422
E3-ecc,20260864,range,vel,16.77964924613881,13784528.147036422
E3-ecc,20260864,inplane,pos,-0.7063956448019689,94396.05126137914
E3-ecc,20260864,inplane,vel,0.031627584227592695,94396.05126137914
E3-ecc,20260864,inplane,pos,-0.9961530730801443,109236.91751184489
E3-ecc,20260864,inplane,vel,-1.2883966917791376,109236.91751184489
E3-ecc,20260864,inplane,pos,0.1577942373006562,71993.42111848148
E3-ecc,20260864,inplane,vel,-0.6199265731907748,71993.42111848148
E3-ecc,20260864,inplane,pos,-0.654300503781612,2266242.698405426
E3-ecc,20260864,inplane,vel,1.9677591998356232,2266242.698405426
E3-ecc,20260864,inplane,pos,1.3289871803202231,150192.1412377933
E3-ecc,20260864,inplane,vel,0.42755248916505645,150192.1412377933
E3-ecc,20260864,inplane,pos,0.3175273030378809,192991.7038471586
E3-ecc,20260864,inplane,vel,0.47826741193144495,192991.7038471586
E3-ecc,20260864,inplane,pos,-0.23236084267814797,5666691.142944547
E3-ecc,20260864,inplane,vel,0.09150133504727795,5666691.142944547
E3-ecc,20260864,inplane,pos,-10.565815840382045,13784528.147036422
E3-ecc,20260864,inplane,vel,10.985877168590317,13784528.147036422
E3-ecc,20260864,plane,pos,-0.8420168152781312,94396.05126137914
E3-ecc,20260864,plane,vel,-0.926456749710456,94396.05126137914
E3-ecc,20260864,plane,pos,0.21526659279336427,109236.91751184489
E3-ecc,20260864,plane,vel,-0.992877932847442,109236.91751184489
E3-ecc,20260864,plane,pos,1.2660740479535166,71993.42111848148
E3-ecc,20260864,plane,vel,-1.039001234955288,71993.42111848148
E3-ecc,20260864,plane,pos,0.6141619210394159,2266242.698405426
E3-ecc,20260864,plane,vel,0.7439005896682911,2266242.698405426
E3-ecc,20260864,plane,pos,-1.0066259533359625,150192.1412377933
E3-ecc,20260864,plane,vel,-0.17287537479230727,150192.1412377933
E3-ecc,20260864,plane,pos,0.38916176997721047,192991.7038471586
E3-ecc,20260864,plane,vel,0.527032030570057,192991.7038471586
E3-ecc,20260864,plane,pos,-0.14236677512759877,5666691.142944547
E3-ecc,20260864,plane,vel,0.4822214768944322,5666691.142944547
E3-ecc,20260864,plane,pos,-1.5413336278148926,13784528.147036422
E3-ecc,20260864,plane,vel,-0.6537356211797773,13784528.147036422
E3-ecc,20260864,range,pos,0.7922659673998328,3166527.2822859134
E3-ecc,20260864,range,vel,0.9989146231189567,3166527.2822859134
E3-ecc,20260864,range,pos,2.2819258072132693,5258484.835692996
E3-ecc,20260864,range,vel,1.6968810666385077,5258484.835692996
E3-ecc,20260864,range,pos,-0.5247844247265715,3402039.280266072
E3-ecc,20260864,range,vel,-0.05314662791809484,3402039.280266072
E3-ecc,20260864,range,pos,-1.0725120904240324,584404.7925089825
E3-ecc,20260864,range,vel,-1.0126374265551314,584404.7925089825
E3-ecc,20260864,range,pos,-0.2702264823385206,3765197.0452331924
E3-ecc,20260864,range,vel,-0.21815319624653248,3765197.0452331924
E3-ecc,20260864,range,pos,-0.5650840047868719,1447302.2435950222
E3-ecc,20260864,range,vel,0.20612501208530254,1447302.2435950222
E3-ecc,20260864,range,pos,1.267141144727813,563865.9400508739
E3-ecc,20260864,range,vel,-1.1661321430409701,563865.9400508739
E3-ecc,20260864,range,pos,0.2591013456132635,194358.72116857613
E3-ecc,20260864,range,vel,0.452897032861018,194358.72116857613
E3-ecc,20260864,inplane,pos,-0.8292139634657916,3166527.2822859134
E3-ecc,20260864,inplane,vel,0.7443033899543592,3166527.2822859134
E3-ecc,20260864,inplane,pos,-2.755921848736065,5258484.835692996
E3-ecc,20260864,inplane,vel,2.2947767720488725,5258484.835692996
E3-ecc,20260864,inplane,pos,0.6759118116854298,3402039.280266072
E3-ecc,20260864,inplane,vel,-0.5466376684271328,3402039.280266072
E3-ecc,20260864,inplane,pos,0.27057346859265147,584404.7925089825
E3-ecc,20260864,inplane,vel,0.7022540039590554,584404.7925089825
E3-ecc,20260864,inplane,pos,1.0876333018267452,3765197.0452331924
E3-ecc,20260864,inplane,vel,-0.2793400213678965,3765197.0452331924
E3-ecc,20260864,inplane,pos,-0.8057071255586359,1447302.2435950222
E3-ecc,20260864,inplane,vel,-0.7284742173107293,1447302.2435950222
E3-ecc,20260864,inplane,pos,1.3780614618939726,563865.9400508739
E3-ecc,20260864,inplane,vel,1.3007480806067857,563865.9400508739
E3-ecc,20260864,inplane,pos,-0.7010793063546503,194358.72116857613
E3-ecc,20260864,inplane,vel,0.5032453618431999,194358.72116857613
E3-ecc,20260864,plane,pos,-0.9208012963417239,3166527.2822859134
E3-ecc,20260864,plane,vel,0.6953019868259405,3166527.2822859134
E3-ecc,20260864,plane,pos,0.011306660625620675,5258484.835692996
E3-ecc,20260864,plane,vel,-1.9251433176583401,5258484.835692996
E3-ecc,20260864,plane,pos,0.4751957053958657,3402039.280266072
E3-ecc,20260864,plane,vel,-0.4000009402571548,3402039.280266072
E3-ecc,20260864,plane,pos,-0.701935500070185,584404.7925089825
E3-ecc,20260864,plane,vel,-0.6013749751788321,584404.7925089825
E3-ecc,20260864,plane,pos,-0.9814847064594678,3765197.0452331924
E3-ecc,20260864,plane,vel,0.7028976516695062,3765197.0452331924
E3-ecc,20260864,plane,pos,1.080709637322678,1447302.2435950222
E3-ecc,20260864,plane,vel,0.1531261523179988,1447302.2435950222
E3-ecc,20260864,plane,pos,-0.12671153365788332,563865.9400508739
E3-ecc,20260864,plane,vel,0.9187430631592616,563865.9400508739
E3-ecc,20260864,plane,pos,-1.5547078537680736,194358.72116857613
E3-ecc,20260864,plane,vel,-0.3482914828652237,194358.72116857613
E3-ecc,20260864,range,pos,4.066526031058071,861124.1363946615
E3-ecc,20260864,range,vel,-8.565362599345905,861124.1363946615
E3-ecc,20260864,range,pos,-0.08892059249630298,397651.0075361443
E3-ecc,20260864,range,vel,0.5885312272750672,397651.0075361443
E3-ecc,20260864,range,pos,1.047317960065678,490832.48439317866
E3-ecc,20260864,range,vel,0.7637010208475997,490832.48439317866
E3-ecc,20260864,range,pos,-1.4945056933331549,18544.40044089638
E3-ecc,20260864,range,vel,0.12493400446362779,18544.40044089638
E3-ecc,20260864,range,pos,1.0914465709108587,176433.4503851017
E3-ecc,20260864,range,vel,1.5452846427331406,176433.4503851017
E3-ecc,20260864,range,pos,-0.7559638215561697,184065.68551010606
E3-ecc,20260864,range,vel,0.2584374329876375,184065.68551010606
E3-ecc,20260864,range,pos,-0.04520529361121421,191944.8715552825
E3-ecc,20260864,range,vel,-0.10895689136412662,191944.8715552825
E3-ecc,20260864,range,pos,-1.0931223240374706,154420.03613695336
E3-ecc,20260864,range,vel,-1.4700327801142985,154420.03613695336
E3-ecc,20260864,inplane,pos,-9.125640950773327,861124.1363946615
E3-ecc,20260864,inplane,vel,1.1382781405601408,861124.1363946615
E3-ecc,20260864,inplane,pos,0.44852699566048143,397651.0075361443
E3-ecc,20260864,inplane,vel,0.13921129105740643,397651.0075361443
E3-ecc,20260864,inplane,pos,-0.8808028535288035,490832.48439317866
E3-ecc,20260864,inplane,vel,0.9453548698437411,490832.48439317866
E3-ecc,20260864,inplane,pos,0.43704775504624827,18544.40044089638
E3-ecc,20260864,inplane,vel,0.5953618395842993,18544.40044089638
E3-ecc,20260864,inplane,pos,1.3639451788029042,176433.4503851017
E3-ecc,20260864,inplane,vel,1.3686885152902017,176433.4503851017
E3-ecc,20260864,inplane,pos,-0.29463722976249845,184065.68551010606
E3-ecc,20260864,inplane,vel,-1.1465158380045255,184065.68551010606
E3-ecc,20260864,inplane,pos,-0.4339810768261558,191944.8715552825
E3-ecc,20260864,inplane,vel,0.23465488237161589,191944.8715552825
E3-ecc,20260864,inplane,pos,-1.6082030709233364,154420.03613695336
E3-ecc,20260864,inplane,vel,-1.268370529929522,154420.03613695336
E3-ecc,20260864,plane,pos,6.255105883749088,861124.1363946615
E3-ecc,20260864,plane,vel,0.664217613081076,861124.1363946615
E3-ecc,20260864,plane,pos,0.2557577994143098,397651.0075361443
E3-ecc,20260864,plane,vel,0.6680730474581599,397651.0075361443
E3-ecc,20260864,plane,pos,1.818048690960026,490832.48439317866
E3-ecc,20260864,plane,vel,-0.07264721799539782,490832.48439317866
E3-ecc,20260864,plane,pos,-0.2696895831994369,18544.40044089638
E3-ecc,20260864,plane,vel,0.3700220551572127,18544.40044089638
E3-ecc,20260864,plane,pos,0.4387031825258492,176433.4503851017
E3-ecc,20260864,plane,vel,-0.7602059377533508,176433.4503851017
E3-ecc,20260864,plane,pos,-0.09048711755553908,184065.68551010606
E3-ecc,20260864,plane,vel,-1.9342063528018614,184065.68551010606
E3-ecc,20260864,plane,pos,0.15102177792175178,191944.8715552825
E3-ecc,20260864,plane,vel,0.3141629726306946,191944.8715552825
E3-ecc,20260864,plane,pos,0.4496965291858459,154420.03613695336
E3-ecc,20260864,plane,vel,-0.041738184598734684,154420.03613695336
E3-ecc,20260864,range,pos,0.4259634228530847,1110053.531367514
E3-ecc,20260864,range,vel,0.0422371846687162,1110053.531367514
E3-ecc,20260864,range,pos,-1.0946640587838032,2553788.8885357194
E3-ecc,20260864,range,vel,1.6335125633483816,2553788.8885357194
E3-ecc,20260864,range,pos,-0.6180812105384663,15040757.54935363
E3-ecc,20260864,range,vel,-0.666403297598621,15040757.54935363
E3-ecc,20260864,range,pos,0.2206581136688986,2624307.735784091
E3-ecc,20260864,range,vel,-0.9399976552398192,2624307.735784091
E3-ecc,20260864,range,pos,-0.5067626698605036,10942522.652471362
E3-ecc,20260864,range,vel,0.6179813161217556,10942522.652471362
E3-ecc,20260864,range,pos,-87800.49398994188,1555393.628791198
E3-ecc,20260864,range,vel,-27202.318290358053,1555393.628791198
E3-ecc,20260864,range,pos,-1.2082940691167752,80630.84670887442
E3-ecc,20260864,range,vel,-0.37585198736955494,80630.84670887442
E3-ecc,20260864,inplane,pos,0.1851297076301072,1110053.531367514
E3-ecc,20260864,inplane,vel,0.32815615046523916,1110053.531367514
E3-ecc,20260864,inplane,pos,-0.05914639362208527,2553788.8885357194
E3-ecc,20260864,inplane,vel,-0.9888786300170582,2553788.8885357194
E3-ecc,20260864,inplane,pos,-0.16156215867864124,15040757.54935363
E3-ecc,20260864,inplane,vel,-0.8323632081041887,15040757.54935363
E3-ecc,20260864,inplane,pos,-0.3193831710109585,2624307.735784091
E3-ecc,20260864,inplane,vel,0.15762039127465682,2624307.735784091
E3-ecc,20260864,inplane,pos,1.554879318584231,10942522.652471362
E3-ecc,20260864,inplane,vel,-0.9011009478262367,10942522.652471362
E3-ecc,20260864,inplane,pos,-295.3685676686613,1555393.628791198
E3-ecc,20260864,inplane,vel,-101237.73235434286,1555393.628791198
E3-ecc,20260864,inplane,pos,1.6633202504761888,80630.84670887442
E3-ecc,20260864,inplane,vel,-1.152015489559189,80630.84670887442
E3-ecc,20260864,plane,pos,1.8098211299918223,1110053.531367514
E3-ecc,20260864,plane,vel,-1.222883139482905,1110053.531367514
E3-ecc,20260864,plane,pos,0.6326412213219258,2553788.8885357194
E3-ecc,20260864,plane,vel,-1.8104851056529296,2553788.8885357194
E3-ecc,20260864,plane,pos,0.20360699317306916,15040757.54935363
E3-ecc,20260864,plane,vel,-1.1245161699883957,15040757.54935363
E3-ecc,20260864,plane,pos,0.0912873248476257,2624307.735784091
E3-ecc,20260864,plane,vel,0.35563120509155666,2624307.735784091
E3-ecc,20260864,plane,pos,0.14944373180560688,10942522.652471362
E3-ecc,20260864,plane,vel,-0.5402853835107333,10942522.652471362
E3-ecc,20260864,plane,pos,-258.41301284528595,1555393.628791198
E3-ecc,20260864,plane,vel,2515.6677269385996,1555393.628791198
E3-ecc,20260864,plane,pos,-0.6064874253601423,80630.84670887442
E3-ecc,20260864,plane,vel,-0.4754213708485013,80630.84670887442
E3-ecc,20260864,range,pos,0.5165488756125977,415646.7789215039
E3-ecc,20260864,range,vel,0.317343238096537,415646.7789215039
E3-ecc,20260864,range,pos,-0.1713793460681025,69668.01117727143
E3-ecc,20260864,range,vel,0.11424124039525144,69668.01117727143
E3-ecc,20260864,range,pos,1.1840216643852493,272395.7626307146
E3-ecc,20260864,range,vel,-0.39675814873759596,272395.7626307146
E3-ecc,20260864,range,pos,-0.2334717067380522,41870.677710609656
E3-ecc,20260864,range,vel,-0.5474975387056289,41870.677710609656
E3-ecc,20260864,range,pos,-0.9008922877457968,706496.2634825492
E3-ecc,20260864,range,vel,-0.5790203348734639,706496.2634825492
E3-ecc,20260864,range,pos,-0.785167374324042,474493.2516965765
E3-ecc,20260864,range,vel,-0.20780761277379922,474493.2516965765
E3-ecc,20260864,range,pos,1.5892564847563655,3131978.496431321
E3-ecc,20260864,range,vel,-1.7921833492225463,3131978.496431321
E3-ecc,20260864,range,pos,-0.46904141054886195,7474528.024368178
E3-ecc,20260864,range,vel,-0.26394241369754695,7474528.024368178
E3-ecc,20260864,inplane,pos,-0.022797855012141047,415646.7789215039
E3-ecc,20260864,inplane,vel,0.6357496159832433,415646.7789215039
E3-ecc,20260864,inplane,pos,-0.6883633130301225,69668.01117727143
E3-ecc,20260864,inplane,vel,-0.013420874497265641,69668.01117727143
E3-ecc,20260864,inplane,pos,1.1402970011905305,272395.7626307146
E3-ecc,20260864,inplane,vel,1.0095398903194306,272395.7626307146
E3-ecc,20260864,inplane,pos,-1.203316806111812,41870.677710609656
E3-ecc,20260864,inplane,vel,-0.3183417610920674,41870.677710609656
E3-ecc,20260864,inplane,pos,-0.6913141793911514,706496.2634825492
E3-ecc,20260864,inplane,vel,-0.6778912071880596,706496.2634825492
E3-ecc,20260864,inplane,pos,-2.123799361260212,474493.2516965765
E3-ecc,20260864,inplane,vel,-0.9956597234095363,474493.2516965765
E3-ecc,20260864,inplane,pos,-1.8958985451941803,3131978.496431321
E3-ecc,20260864,inplane,vel,0.3380791196381029,3131978.496431321
E3-ecc,20260864,inplane,pos,-1.0177090900646297,7474528.024368178
E3-ecc,20260864,inplane,vel,-0.6302130297930991,7474528.024368178
E3-ecc,20260864,plane,pos,0.7154141125908157,415646.7789215039
E3-ecc,20260864,plane,vel,-0.7236534970105233,415646.7789215039
E3-ecc,20260864,plane,pos,-0.8408422329885136,69668.01117727143
E3-ecc,20260864,plane,vel,-0.06179785885448969,69668.01117727143
E3-ecc,20260864,plane,pos,-0.8394080944208107,272395.7626307146
E3-ecc,20260864,plane,vel,-0.6501758778628569,272395.7626307146
E3-ecc,20260864,plane,pos,0.1670800547653416,41870.677710609656
E3-ecc,20260864,plane,vel,0.5693394147852854,41870.677710609656
E3-ecc,20260864,plane,pos,-0.17701048567411956,706496.2634825492
E3-ecc,20260864,plane,vel,-1.2522488274975951,706496.2634825492
E3-ecc,20260864,plane,pos,-0.9434283457474807,474493.2516965765
E3-ecc,20260864,plane,vel,-0.6183502645205519,474493.2516965765
E3-ecc,20260864,plane,pos,0.7084472059513496,3131978.496431321
E3-ecc,20260864,plane,vel,0.0012079783677022141,3131978.496431321
E3-ecc,20260864,plane,pos,2.7635691938504,7474528.024368178
E3-ecc,20260864,plane,vel,0.21543121392207046,7474528.024368178
E3-ecc,20260871,range,pos,-0.46836191094625196,598952.0570486647
E3-ecc,20260871,range,vel,-0.5381961940739175,598952.0570486647
E3-ecc,20260871,range,pos,-1.4214713962409333,267935.154563098
E3-ecc,20260871,range,vel,-1.6863385917694915,267935.154563098
E3-ecc,20260871,range,pos,-5.670118566976455,1302291.8003061742
E3-ecc,20260871,range,vel,-1.4372943982213808,1302291.8003061742
E3-ecc,20260871,range,pos,1.975109566671797,93084.66848117417
E3-ecc,20260871,range,vel,0.43705125716928056,93084.66848117417
E3-ecc,20260871,range,pos,0.4293287331138186,670579.4699521016
E3-ecc,20260871,range,vel,-0.2982230173436975,670579.4699521016
E3-ecc,20260871,range,pos,0.38720458577931094,369708.0006450771
E3-ecc,20260871,range,vel,-1.279358623565849,369708.0006450771
E3-ecc,20260871,range,pos,0.12722403267307927,364737.8042344241
E3-ecc,20260871,range,vel,0.09712576972297575,364737.8042344241
E3-ecc,20260871,range,pos,-0.5006010970914885,206940.60442508134
E3-ecc,20260871,range,vel,1.1249629679043918,206940.60442508134
E3-ecc,20260871,inplane,pos,-0.5306667318411651,598952.0570486647
E3-ecc,20260871,inplane,vel,-0.5157775869568518,598952.0570486647
E3-ecc,20260871,inplane,pos,-1.8765722741214474,267935.154563098
E3-ecc,20260871,inplane,vel,-1.7467040789077648,267935.154563098
E3-ecc,20260871,inplane,pos,-4.744855800673734,1302291.8003061742
E3-ecc,20260871,inplane,vel,-5.809074633780868,1302291.8003061742
E3-ecc,20260871,inplane,pos,3.5767718100685366,93084.66848117417
E3-ecc,20260871,inplane,vel,7.5596443040498755,93084.66848117417
E3-ecc,20260871,inplane,pos,0.9117897791704564,670579.4699521016
E3-ecc,20260871,inplane,vel,0.6080330826046106,670579.4699521016
E3-ecc,20260871,inplane,pos,-1.3914579009638977,369708.0006450771
E3-ecc,20260871,inplane,vel,0.3246724259954178,369708.0006450771
E3-ecc,20260871,inplane,pos,-0.08075079870971451,364737.8042344241
E3-ecc,20260871,inplane,vel,-0.03757917636221684,364737.8042344241
E3-ecc,20260871,inplane,pos,-1.174170560612171,206940.60442508134
E3-ecc,20260871,inplane,vel,-0.5725205411477385,206940.60442508134
E3-ecc,20260871,plane,pos,1.0983804000264301,598952.0570486647
E3-ecc,20260871,plane,vel,0.9053680618525317,598952.0570486647
E3-ecc,20260871,plane,pos,-2.048852903031119,267935.154563098
E3-ecc,20260871,plane,vel,-2.116073590646421,267935.154563098
E3-ecc,20260871,plane,pos,-0.15945077759972037,1302291.8003061742
E3-ecc,20260871,plane,vel,0.2687553310427548,1302291.8003061742
E3-ecc,20260871,plane,pos,1.1604223577568555,93084.66848117417
E3-ecc,20260871,plane,vel,1.9885328219746146,93084.66848117417
E3-ecc,20260871,plane,pos,1.2926060881430899,670579.4699521016
E3-ecc,20260871,plane,vel,0.5813260518696154,670579.4699521016
E3-ecc,20260871,plane,pos,0.48829345384757933,369708.0006450771
E3-ecc,20260871,plane,vel,-1.0478230866747658,369708.0006450771
E3-ecc,20260871,plane,pos,0.3267384091079993,364737.8042344241
E3-ecc,20260871,plane,vel,0.05119831962073651,364737.8042344241
E3-ecc,20260871,plane,pos,-0.3985038503743076,206940.60442508134
E3-ecc,20260871,plane,vel,0.8555460929381313,206940.60442508134
E3-ecc,20260871,range,pos,-0.5016962934911493,74877.83179881652
E3-ecc,20260871,range,vel,1.2336017062994236,74877.83179881652
E3-ecc,20260871,range,pos,0.5192565409859449,97784.62034259009
E3-ecc,20260871,range,vel,-0.6740834538224499,97784.62034259009
E3-ecc,20260871,range,pos,-3.0476735974178855,170185.66548498295
E3-ecc,20260871,range,vel,3.6020501392745032,170185.66548498295
E3-ecc,20260871,range,pos,3.6639642607248573,59436.006024739116
E3-ecc,20260871,range,vel,-4.158629219451672,59436.006024739116
E3-ecc,20260871,range,pos,0.2883332611243289,279892.9063823644
E3-ecc,20260871,range,vel,0.12085379415614377,279892.9063823644
E3-ecc,20260871,range,pos,0.7998792166444068,311542.95669112436
E3-ecc,20260871,range,vel,0.6437185513897499,311542.95669112436
E3-ecc,20260871,range,pos,0.5816899927604021,257580.7589730303
E3-ecc,20260871,range,vel,1.004974946316194,257580.7589730303
E3-ecc,20260871,range,pos,0.08123721264081257,14024798.987142785
E3-ecc,20260871,range,vel,-0.11534632717801517,14024798.987142785
E3-ecc,20260871,inplane,pos,2.3015079515220696,74877.83179881652
E3-ecc,20260871,inplane,vel,0.6859205869960331,74877.83179881652
E3-ecc,20260871,inplane,pos,0.26591527189947856,97784.62034259009
E3-ecc,20260871,inplane,vel,0.09108270845878112,97784.62034259009
E3-ecc,20260871,inplane,pos,-2.3426491896418082,170185.66548498295
E3-ecc,20260871,inplane,vel,-3.1811669314533457,170185.66548498295
E3-ecc,20260871,inplane,pos,3.2648329411814974,59436.006024739116
E3-ecc,20260871,inplane,vel,-2.2192977787875234,59436.006024739116
E3-ecc,20260871,inplane,pos,1.3433445801561443,279892.9063823644
E3-ecc,20260871,inplane,vel,0.38765382567230094,279892.9063823644
E3-ecc,20260871,inplane,pos,0.31515713616138413,311542.95669112436
E3-ecc,20260871,inplane,vel,0.8504845013695628,311542.95669112436
E3-ecc,20260871,inplane,pos,1.0878579203102148,257580.7589730303
E3-ecc,20260871,inplane,vel,0.5977814098884305,257580.7589730303
E3-ecc,20260871,inplane,pos,-0.5385165636912991,14024798.987142785
E3-ecc,20260871,inplane,vel,-0.5601412570779699,14024798.987142785
E3-ecc,20260871,plane,pos,-0.498434165035734,74877.83179881652
E3-ecc,20260871,plane,vel,-0.9219537745316155,74877.83179881652
E3-ecc,20260871,plane,pos,-0.6491401576095261,97784.62034259009
E3-ecc,20260871,plane,vel,0.983872143340524,97784.62034259009
E3-ecc,20260871,plane,pos,0.15944041189020283,170185.66548498295
E3-ecc,20260871,plane,vel,-1.6532828385229872,170185.66548498295
E3-ecc,20260871,plane,pos,2.750383664578809,59436.006024739116
E3-ecc,20260871,plane,vel,-3.569038516593859,59436.006024739116
E3-ecc,20260871,plane,pos,0.5414378029850486,279892.9063823644
E3-ecc,20260871,plane,vel,-0.6353923420950146,279892.9063823644
E3-ecc,20260871,plane,pos,-1.8185223110822852,311542.95669112436
E3-ecc,20260871,plane,vel,-0.3749442669939976,311542.95669112436
E3-ecc,20260871,plane,pos,1.0324933617894612,257580.7589730303
E3-ecc,20260871,plane,vel,-0.8876200160905322,257580.7589730303
E3-ecc,20260871,plane,pos,-0.2842686752262549,14024798.987142785
E3-ecc,20260871,plane,vel,-1.3715732113379087,14024798.987142785
E3-ecc,20260871,range,pos,-0.2400619695994585,3155203.0093058455
E3-ecc,20260871,range,vel,2.0184337175237155,3155203.0093058455
E3-ecc,20260871,range,pos,0.5437246761601561,879246.7813813246
E3-ecc,20260871,range,vel,-0.37247787245252206,879246.7813813246
E3-ecc,20260871,range,pos,0.3904636289691333,2388327.22185232
E3-ecc,20260871,range,vel,0.4684873114442572,2388327.22185232
E3-ecc,20260871,range,pos,-0.29269076858045817,17925147.160772678
E3-ecc,20260871,range,vel,-0.08205164564150148,17925147.160772678
E3-ecc,20260871,range,pos,1.2006555605243898,803334.6321414332
E3-ecc,20260871,range,vel,0.34338669798634536,803334.6321414332
E3-ecc,20260871,range,pos,0.23180933557534827,84609.77321940947
E3-ecc,20260871,range,vel,-0.1783826067234192,84609.77321940947
E3-ecc,20260871,range,pos,0.226110555646925,341539.656450675
E3-ecc,20260871,range,vel,-0.20219278749737873,341539.656450675
E3-ecc,20260871,range,pos,-0.73507677604396,133554.9287685132
E3-ecc,20260871,range,vel,1.2457898077705232,133554.9287685132
E3-ecc,20260871,inplane,pos,1.4099692749245707,3155203.0093058455
E3-ecc,20260871,inplane,vel,-0.2005118329873309,3155203.0093058455
E3-ecc,20260871,inplane,pos,1.714917914546769,879246.7813813246
E3-ecc,20260871,inplane,vel,1.9296463214973325,879246.7813813246
E3-ecc,20260871,inplane,pos,0.19950742695341986,2388327.22185232
E3-ecc,20260871,inplane,vel,0.27195482331954146,2388327.22185232
E3-ecc,20260871,inplane,pos,1.0433769428596278,17925147.160772678
E3-ecc,20260871,inplane,vel,-0.9711031785338482,17925147.160772678
E3-ecc,20260871,inplane,pos,1.2998242292249131,803334.6321414332
E3-ecc,20260871,inplane,vel,1.2223607476340104,803334.6321414332
E3-ecc,20260871,inplane,pos,1.2592124774620237,84609.77321940947
E3-ecc,20260871,inplane,vel,1.2154882880292337,84609.77321940947
E3-ecc,20260871,inplane,pos,0.7189649463035349,341539.656450675
E3-ecc,20260871,inplane,vel,0.9285670915207341,341539.656450675
E3-ecc,20260871,inplane,pos,1.158514321255122,133554.9287685132
E3-ecc,20260871,inplane,vel,-0.05966266860972998,133554.9287685132
E3-ecc,20260871,plane,pos,0.9591875359380594,3155203.0093058455
E3-ecc,20260871,plane,vel,0.29613598647439215,3155203.0093058455
E3-ecc,20260871,plane,pos,-1.1411229483121654,879246.7813813246
E3-ecc,20260871,plane,vel,-0.8855975961607172,879246.7813813246
E3-ecc,20260871,plane,pos,-0.3506608860520099,2388327.22185232
E3-ecc,20260871,plane,vel,1.2986249177817204,2388327.22185232
E3-ecc,20260871,plane,pos,1.2321382167569463,17925147.160772678
E3-ecc,20260871,plane,vel,0.029953371634302808,17925147.160772678
E3-ecc,20260871,plane,pos,0.35656747889217155,803334.6321414332
E3-ecc,20260871,plane,vel,0.0028459368839539884,803334.6321414332
E3-ecc,20260871,plane,pos,1.7627103360153793,84609.77321940947
E3-ecc,20260871,plane,vel,-1.340455989539651,84609.77321940947
E3-ecc,20260871,plane,pos,0.6916441845864592,341539.656450675
E3-ecc,20260871,plane,vel,0.530033876556479,341539.656450675
E3-ecc,20260871,plane,pos,-0.8487522939064933,133554.9287685132
E3-ecc,20260871,plane,vel,0.5258899543021435,133554.9287685132
E3-ecc,20260871,range,pos,1.1117790693719602,91323.50177652511
E3-ecc,20260871,range,vel,0.9876737259401488,91323.50177652511
E3-ecc,20260871,range,pos,0.3133235952629959,208544.968542522
E3-ecc,20260871,range,vel,-1.0924834798762406,208544.968542522
E3-ecc,20260871,range,pos,0.37696296952293923,611945.1825703228
E3-ecc,20260871,range,vel,0.10855467042305698,611945.1825703228
E3-ecc,20260871,range,pos,0.7935138007487889,1008579.63266949
E3-ecc,20260871,range,vel,-1.1579455643281844,1008579.63266949
E3-ecc,20260871,range,pos,-0.4305693118197859,49591.31785897259
E3-ecc,20260871,range,vel,0.3683694713363869,49591.31785897259
E3-ecc,20260871,range,pos,0.9216274761140011,1924576.928170416
E3-ecc,20260871,range,vel,-0.869460446545745,1924576.928170416
E3-ecc,20260871,range,pos,-2.4069553062976325,23747803.195328478
E3-ecc,20260871,range,vel,-2.5537541493034905,23747803.195328478
E3-ecc,20260871,range,pos,-0.3152284132485449,2138435.600951403
E3-ecc,20260871,range,vel,0.073233466420811,2138435.600951403
E3-ecc,20260871,inplane,pos,0.8034387253182456,91323.50177652511
E3-ecc,20260871,inplane,vel,1.2574385141271456,91323.50177652511
E3-ecc,20260871,inplane,pos,0.4167213664155513,208544.968542522
E3-ecc,20260871,inplane,vel,-0.13351033343157184,208544.968542522
E3-ecc,20260871,inplane,pos,-0.8311273491606495,611945.1825703228
E3-ecc,20260871,inplane,vel,0.39591114539592087,611945.1825703228
E3-ecc,20260871,inplane,pos,-0.2277958282069244,1008579.63266949
E3-ecc,20260871,inplane,vel,0.45168886672039177,1008579.63266949
E3-ecc,20260871,inplane,pos,0.10136707847999225,49591.31785897259
E3-ecc,20260871,inplane,vel,0.1658047377466004,49591.31785897259
E3-ecc,20260871,inplane,pos,-0.3922878610705078,1924576.928170416
E3-ecc,20260871,inplane,vel,0.904875972758171,1924576.928170416
E3-ecc,20260871,inplane,pos,4.030842845686981,23747803.195328478
E3-ecc,20260871,inplane,vel,-4.324663798292247,23747803.195328478
E3-ecc,20260871,inplane,pos,-0.7850027021178262,2138435.600951403
E3-ecc,20260871,inplane,vel,-0.36935181569837533,2138435.600951403
E3-ecc,20260871,plane,pos,0.8238148030516768,91323.50177652511
E3-ecc,20260871,plane,vel,0.91799117579702,91323.50177652511
E3-ecc,20260871,plane,pos,-0.5753669689631636,208544.968542522
E3-ecc,20260871,plane,vel,0.5840653763614547,208544.968542522
E3-ecc,20260871,plane,pos,-0.34264477642810104,611945.1825703228
E3-ecc,20260871,plane,vel,-0.4536979431832217,611945.1825703228
E3-ecc,20260871,plane,pos,-0.4076686267212663,1008579.63266949
E3-ecc,20260871,plane,vel,-0.9143517297132392,1008579.63266949
E3-ecc,20260871,plane,pos,-0.010194634390841124,49591.31785897259
E3-ecc,20260871,plane,vel,-0.6896430386075504,49591.31785897259
E3-ecc,20260871,plane,pos,-0.7628116566613558,1924576.928170416
E3-ecc,20260871,plane,vel,-0.25645105533481094,1924576.928170416
E3-ecc,20260871,plane,pos,0.03323059306556233,23747803.195328478
E3-ecc,20260871,plane,vel,0.38371504985895,23747803.195328478
E3-ecc,20260871,plane,pos,0.5026066722537952,2138435.600951403
E3-ecc,20260871,plane,vel,1.028720092493356,2138435.600951403
E3-ecc,20260871,range,pos,1.141059914483907,749797.3293409374
E3-ecc,20260871,range,vel,-0.17999670444203064,749797.3293409374
E3-ecc,20260871,range,pos,0.6842379892726519,9244002.092572035
E3-ecc,20260871,range,vel,0.6878053042374969,9244002.092572035
E3-ecc,20260871,range,pos,-0.5156996433289168,20848462.430364117
E3-ecc,20260871,range,vel,-0.42048788786383545,20848462.430364117
E3-ecc,20260871,range,pos,-0.8359545763769606,117979.76806510989
E3-ecc,20260871,range,vel,0.3766846628207198,117979.76806510989
E3-ecc,20260871,range,pos,1.2090771819326078,8559138.707490714
E3-ecc,20260871,range,vel,-0.8220814226694613,8559138.707490714
E3-ecc,20260871,range,pos,2.179059613395023,255036.96334991246
E3-ecc,20260871,range,vel,-1.6169088879050062,255036.96334991246
E3-ecc,20260871,range,pos,1.47115998200916,498939.5724648573
E3-ecc,20260871,range,vel,-0.08044569558424355,498939.5724648573
E3-ecc,20260871,range,pos,-0.012563597497611344,179518.08595636758
E3-ecc,20260871,range,vel,-0.04595816356833107,179518.08595636758
E3-ecc,20260871,inplane,pos,1.8258161652361626,749797.3293409374
E3-ecc,20260871,inplane,vel,1.6661356809907886,749797.3293409374
E3-ecc,20260871,inplane,pos,-1.0971062771728706,9244002.092572035
E3-ecc,20260871,inplane,vel,0.6667663420565404,9244002.092572035
E3-ecc,20260871,inplane,pos,0.2093420681450525,20848462.430364117
E3-ecc,20260871,inplane,vel,-0.5660923026541287,20848462.430364117
E3-ecc,20260871,inplane,pos,-0.40538735664245873,117979.76806510989
E3-ecc,20260871,inplane,vel,-0.6974602025028744,117979.76806510989
E3-ecc,20260871,inplane,pos,-1.5513738586708374,8559138.707490714
E3-ecc,20260871,inplane,vel,-2.3179971573676834,8559138.707490714
E3-ecc,20260871,inplane,pos,-0.5562224545021723,255036.96334991246
E3-ecc,20260871,inplane,vel,-2.3943319432784453,255036.96334991246
E3-ecc,20260871,inplane,pos,-0.715252822530191,498939.5724648573
E3-ecc,20260871,inplane,vel,0.4485116845442559,498939.5724648573
E3-ecc,20260871,inplane,pos,-0.3736293609354039,179518.08595636758
E3-ecc,20260871,inplane,vel,0.6829837507621184,179518.08595636758
E3-ecc,20260871,plane,pos,-1.496808906309982,749797.3293409374
E3-ecc,20260871,plane,vel,0.43047556191817743,749797.3293409374
E3-ecc,20260871,plane,pos,-0.17777632538008242,9244002.092572035
E3-ecc,20260871,plane,vel,0.5787372717240779,9244002.092572035
E3-ecc,20260871,plane,pos,1.318847161513522,20848462.430364117
E3-ecc,20260871,plane,vel,-0.23666745817258378,20848462.430364117
E3-ecc,20260871,plane,pos,0.01726445827055536,117979.76806510989
E3-ecc,20260871,plane,vel,0.16826084307436964,117979.76806510989
E3-ecc,20260871,plane,pos,0.21706422512511112,8559138.707490714
E3-ecc,20260871,plane,vel,0.2450749663853318,8559138.707490714
E3-ecc,20260871,plane,pos,0.3123693195887426,255036.96334991246
E3-ecc,20260871,plane,vel,-1.8736684860485153,255036.96334991246
E3-ecc,20260871,plane,pos,-1.2680067684211627,498939.5724648573
E3-ecc,20260871,plane,vel,-0.8529117238082652,498939.5724648573
E3-ecc,20260871,plane,pos,0.7975265866803147,179518.08595636758
E3-ecc,20260871,plane,vel,1.1423810798568041,179518.08595636758
E3-ecc,20260871,range,pos,-0.35770463489354254,3443332.4168956196
E3-ecc,20260871,range,vel,-0.3907906295708604,3443332.4168956196
E3-ecc,20260871,range,pos,-0.8531823263626175,952307.9554763286
E3-ecc,20260871,range,vel,0.7849763048099014,952307.9554763286
E3-ecc,20260871,range,pos,-0.670544111071919,2269470.8725975314
E3-ecc,20260871,range,vel,-1.2523396183975346,2269470.8725975314
E3-ecc,20260871,range,pos,-0.7633972307386134,1842449.171225459
E3-ecc,20260871,range,vel,-0.8994023983045728,1842449.171225459
E3-ecc,20260871,range,pos,1.928870971782627,456051.2324657142
E3-ecc,20260871,range,vel,-1.426765745905107,456051.2324657142
E3-ecc,20260871,range,pos,3.424006616742935,72320.08350574739
E3-ecc,20260871,range,vel,-2.8199165444146637,72320.08350574739
E3-ecc,20260871,range,pos,-0.7942624915207445,47877.21981112488
E3-ecc,20260871,range,vel,-1.262248860390465,47877.21981112488
E3-ecc,20260871,range,pos,-0.15377872824351005,19634074.865574427
E3-ecc,20260871,range,vel,1.5959879614763495,19634074.865574427
E3-ecc,20260871,inplane,pos,0.13659150444134263,3443332.4168956196
E3-ecc,20260871,inplane,vel,-0.32775911560812904,3443332.4168956196
E3-ecc,20260871,inplane,pos,-1.1450243664986204,952307.9554763286
E3-ecc,20260871,inplane,vel,-1.0223505935159611,952307.9554763286
E3-ecc,20260871,inplane,pos,-1.7924820952724208,2269470.8725975314
E3-ecc,20260871,inplane,vel,-0.5311303759079162,2269470.8725975314
E3-ecc,20260871,inplane,pos,-0.458183365135892,1842449.171225459
E3-ecc,20260871,inplane,vel,-0.8543765181853984,1842449.171225459
E3-ecc,20260871,inplane,pos,1.61779161202467,456051.2324657142
E3-ecc,20260871,inplane,vel,1.5098253930347338,456051.2324657142
E3-ecc,20260871,inplane,pos,2.8230619128746994,72320.08350574739
E3-ecc,20260871,inplane,vel,3.5380289720238025,72320.08350574739
E3-ecc,20260871,inplane,pos,-3.401138069241518,47877.21981112488
E3-ecc,20260871,inplane,vel,-1.691439748888176,47877.21981112488
E3-ecc,20260871,inplane,pos,-1.5294290351124868,19634074.865574427
E3-ecc,20260871,inplane,vel,-0.9800218153276632,19634074.865574427
E3-ecc,20260871,plane,pos,1.0670121207557353,3443332.4168956196
E3-ecc,20260871,plane,vel,0.3113793546900944,3443332.4168956196
E3-ecc,20260871,plane,pos,-0.48800523525688294,952307.9554763286
E3-ecc,20260871,plane,vel,-0.42218500112208623,952307.9554763286
E3-ecc,20260871,plane,pos,-1.0698564688989507,2269470.8725975314
E3-ecc,20260871,plane,vel,1.1628406359138783,2269470.8725975314
E3-ecc,20260871,plane,pos,-0.8136766780421731,1842449.171225459
E3-ecc,20260871,plane,vel,0.2051520640548945,1842449.171225459
E3-ecc,20260871,plane,pos,1.2948589663072414,456051.2324657142
E3-ecc,20260871,plane,vel,-0.3230938003511999,456051.2324657142
E3-ecc,20260871,plane,pos,3.234587190093765,72320.08350574739
E3-ecc,20260871,plane,vel,-2.4516996105273563,72320.08350574739
E3-ecc,20260871,plane,pos,-1.3476885322764132,47877.21981112488
E3-ecc,20260871,plane,vel,0.009375430934809817,47877.21981112488
E3-ecc,20260871,plane,pos,-2.3608112664326675,19634074.865574427
E3-ecc,20260871,plane,vel,0.12634599577415526,19634074.865574427
E3-ecc,20260878,range,pos,0.04387850418587868,436621.0770908663
E3-ecc,20260878,range,vel,0.21946862128921477,436621.0770908663
E3-ecc,20260878,range,pos,-0.0274737231797426,1093309.2595603298
E3-ecc,20260878,range,vel,-0.815393769933586,1093309.2595603298
E3-ecc,20260878,range,pos,0.48669836410730166,612546.5333583981
E3-ecc,20260878,range,vel,-1.024783644074572,612546.5333583981
E3-ecc,20260878,range,pos,1.2077197786799962,422947.7081055242
E3-ecc,20260878,range,vel,1.3095913832418797,422947.7081055242
E3-ecc,20260878,range,pos,-0.7693658608754127,1599818.7831069608
E3-ecc,20260878,range,vel,1.0025480463628562,1599818.7831069608
E3-ecc,20260878,range,pos,0.8032101130934097,1446374.651162069
E3-ecc,20260878,range,vel,-0.6355890076234483,1446374.651162069
E3-ecc,20260878,range,pos,-0.7457341067611535,483124.69578322564
E3-ecc,20260878,range,vel,-0.7907439815389472,483124.69578322564
E3-ecc,20260878,range,pos,-0.9706560811936153,286392.9009427764
E3-ecc,20260878,range,vel,-1.083508249301044,286392.9009427764
E3-ecc,20260878,inplane,pos,0.07644009674440722,436621.0770908663
E3-ecc,20260878,inplane,vel,-0.27546864571523144,436621.0770908663
E3-ecc,20260878,inplane,pos,-0.937743844194537,1093309.2595603298
E3-ecc,20260878,inplane,vel,-0.23205893582592432,1093309.2595603298
E3-ecc,20260878,inplane,pos,-0.3827042773004636,612546.5333583981
E3-ecc,20260878,inplane,vel,0.34293738683098995,612546.5333583981
E3-ecc,20260878,inplane,pos,-2.6206660158447272,422947.7081055242
E3-ecc,20260878,inplane,vel,0.4044568423946516,422947.7081055242
E3-ecc,20260878,inplane,pos,0.14012893872232263,1599818.7831069608
E3-ecc,20260878,inplane,vel,-0.6024037849759165,1599818.7831069608
E3-ecc,20260878,inplane,pos,0.6657309808664891,1446374.651162069
E3-ecc,20260878,inplane,vel,0.6779585679230241,1446374.651162069
E3-ecc,20260878,inplane,pos,-0.9429316832560171,483124.69578322564
E3-ecc,20260878,inplane,vel,-0.7686126354590779,483124.69578322564
E3-ecc,20260878,inplane,pos,-1.0175343051950412,286392.9009427764
E3-ecc,20260878,inplane,vel,0.34322985723164945,286392.9009427764
E3-ecc,20260878,plane,pos,0.8237628350584145,436621.0770908663
E3-ecc,20260878,plane,vel,0.5834375989767093,436621.0770908663
E3-ecc,20260878,plane,pos,-1.9040318735848614,1093309.2595603298
E3-ecc,20260878,plane,vel,1.8127585311725658,1093309.2595603298
E3-ecc,20260878,plane,pos,0.19659120662696294,612546.5333583981
E3-ecc,20260878,plane,vel,-0.11774736704418047,612546.5333583981
E3-ecc,20260878,plane,pos,-0.4912321053938099,422947.7081055242
E3-ecc,20260878,plane,vel,0.21814729746059142,422947.7081055242
E3-ecc,20260878,plane,pos,1.2107462966731777,1599818.7831069608
E3-ecc,20260878,plane,vel,0.5813925672112847,1599818.7831069608
E3-ecc,20260878,plane,pos,0.805894780947658,1446374.651162069
E3-ecc,20260878,plane,vel,-0.35867837388644247,1446374.651162069
E3-ecc,20260878,plane,pos,-0.08767179351067543,483124.69578322564
E3-ecc,20260878,plane,vel,0.9149317241806472,483124.69578322564
E3-ecc,20260878,plane,pos,-0.44808494299489426,286392.9009427764
E3-ecc,20260878,plane,vel,-1.4538818871552677,286392.9009427764
E3-ecc,20260878,range,pos,-0.17056354841384075,467974.54602848715
E3-ecc,20260878,range,vel,-1.1828535236262974,467974.54602848715
E3-ecc,20260878,range,pos,1.4978104066908853,45053.870596190376
E3-ecc,20260878,range,vel,-0.6570612406770773,45053.870596190376
E3-ecc,20260878,range,pos,-0.9161738179682326,163092.4813121652
E3-ecc,20260878,range,vel,0.9540749006116459,163092.4813121652
E3-ecc,20260878,range,pos,0.9599963609917433,116010.9432147266
E3-ecc,20260878,range,vel,-1.1858536894710134,116010.9432147266
E3-ecc,20260878,range,pos,0.16964783559968935,40698.58761918018
E3-ecc,20260878,range,vel,-0.4792988235636764,40698.58761918018
E3-ecc,20260878,range,pos,1.0628832642931705,53036.16790958323
E3-ecc,20260878,range,vel,-1.0692391820240317,53036.16790958323
E3-ecc,20260878,range,pos,2.202953323417855,2179424.613177293
E3-ecc,20260878,range,vel,-2.291882966448662,2179424.613177293
E3-ecc,20260878,range,pos,-0.10325743070786915,34891.22274872242
E3-ecc,20260878,range,vel,0.06560099002269346,34891.22274872242
E3-ecc,20260878,inplane,pos,-1.472235465958092,467974.54602848715
E3-ecc,20260878,inplane,vel,-1.627398929940132,467974.54602848715
E3-ecc,20260878,inplane,pos,-0.04139326129673207,45053.870596190376
E3-ecc,20260878,inplane,vel,-0.7048623126857172,45053.870596190376
E3-ecc,20260878,inplane,pos,0.3524900533322462,163092.4813121652
E3-ecc,20260878,inplane,vel,-0.8562599179041085,163092.4813121652
E3-ecc,20260878,inplane,pos,-0.3177457928522489,116010.9432147266
E3-ecc,20260878,inplane,vel,0.374844820876322,116010.9432147266
E3-ecc,20260878,inplane,pos,0.42982380550784705,40698.58761918018
E3-ecc,20260878,inplane,vel,-0.46269887585288355,40698.58761918018
E3-ecc,20260878,inplane,pos,0.1997071901271939,53036.16790958323
E3-ecc,20260878,inplane,vel,0.7898143645703325,53036.16790958323
E3-ecc,20260878,inplane,pos,0.8846687156412525,2179424.613177293
E3-ecc,20260878,inplane,vel,2.213670237129176,2179424.613177293
E3-ecc,20260878,inplane,pos,0.315324323591909,34891.22274872242
E3-ecc,20260878,inplane,vel,0.25773824344506935,34891.22274872242
E3-ecc,20260878,plane,pos,0.9878367587160395,467974.54602848715
E3-ecc,20260878,plane,vel,-0.7111107938522432,467974.54602848715
E3-ecc,20260878,plane,pos,0.5087067888162895,45053.870596190376
E3-ecc,20260878,plane,vel,0.1374653496906161,45053.870596190376
E3-ecc,20260878,plane,pos,0.5903818805929925,163092.4813121652
E3-ecc,20260878,plane,vel,0.14987185457105048,163092.4813121652
E3-ecc,20260878,plane,pos,-1.068023439326987,116010.9432147266
E3-ecc,20260878,plane,vel,-0.2241040596036861,116010.9432147266
E3-ecc,20260878,plane,pos,0.16607273793502034,40698.58761918018
E3-ecc,20260878,plane,vel,1.0252672515005246,40698.58761918018
E3-ecc,20260878,plane,pos,-0.1820156670393382,53036.16790958323
E3-ecc,20260878,plane,vel,-0.460980979316504,53036.16790958323
E3-ecc,20260878,plane,pos,0.21228995809612866,2179424.613177293
E3-ecc,20260878,plane,vel,0.1806981077164241,2179424.613177293
E3-ecc,20260878,plane,pos,0.17331652694222519,34891.22274872242
E3-ecc,20260878,plane,vel,-0.20762804644481933,34891.22274872242
E3-ecc,20260878,range,pos,-2.4699927858897266,227815.02797956046
E3-ecc,20260878,range,vel,-2.799776932155149,227815.02797956046
E3-ecc,20260878,range,pos,-0.16406429008241472,820162.1601159129
E3-ecc,20260878,range,vel,-0.1468422837388389,820162.1601159129
E3-ecc,20260878,range,pos,-0.019898120251454685,910117.2762536332
E3-ecc,20260878,range,vel,0.7929508247210417,910117.2762536332
E3-ecc,20260878,range,pos,0.8941594146725615,14996347.198945085
E3-ecc,20260878,range,vel,-0.5193434222756717,14996347.198945085
E3-ecc,20260878,range,pos,0.08625145066448497,370220.3920150365
E3-ecc,20260878,range,vel,0.726379834183352,370220.3920150365
E3-ecc,20260878,range,pos,0.5047912433539395,395123.32675788464
E3-ecc,20260878,range,vel,-0.3411058885838907,395123.32675788464
E3-ecc,20260878,range,pos,-0.09357143683164255,53191.60166478077
E3-ecc,20260878,range,vel,-0.5857162229205853,53191.60166478077
E3-ecc,20260878,range,pos,0.8624974389536767,1231197.9038260423
E3-ecc,20260878,range,vel,0.45140146147239724,1231197.9038260423
E3-ecc,20260878,inplane,pos,-2.74352636379379,227815.02797956046
E3-ecc,20260878,inplane,vel,-2.4947990201643413,227815.02797956046
E3-ecc,20260878,inplane,pos,0.11548448117197366,820162.1601159129
E3-ecc,20260878,inplane,vel,-0.2759392398524323,820162.1601159129
E3-ecc,20260878,inplane,pos,0.6746267884721461,910117.2762536332
E3-ecc,20260878,inplane,vel,-0.13945347326509683,910117.2762536332
E3-ecc,20260878,inplane,pos,-0.3232035861522053,14996347.198945085
E3-ecc,20260878,inplane,vel,-0.8510358485342517,14996347.198945085
E3-ecc,20260878,inplane,pos,1.312108648556064,370220.3920150365
E3-ecc,20260878,inplane,vel,0.9602205614776358,370220.3920150365
E3-ecc,20260878,inplane,pos,0.4817055677597433,395123.32675788464
E3-ecc,20260878,inplane,vel,-0.36702165276518084,395123.32675788464
E3-ecc,20260878,inplane,pos,-0.0940631910847847,53191.60166478077
E3-ecc,20260878,inplane,vel,-0.22691229955590106,53191.60166478077
E3-ecc,20260878,inplane,pos,0.14898958230072032,1231197.9038260423
E3-ecc,20260878,inplane,vel,0.5951171800768135,1231197.9038260423
E3-ecc,20260878,plane,pos,1.1786183962287833,227815.02797956046
E3-ecc,20260878,plane,vel,0.43640994255163607,227815.02797956046
E3-ecc,20260878,plane,pos,-0.21679340857006316,820162.1601159129
E3-ecc,20260878,plane,vel,-1.517816220871337,820162.1601159129
E3-ecc,20260878,plane,pos,0.4751118601818359,910117.2762536332
E3-ecc,20260878,plane,vel,1.0681402044771608,910117.2762536332
E3-ecc,20260878,plane,pos,-1.631001541753661,14996347.198945085
E3-ecc,20260878,plane,vel,-1.4324723909451158,14996347.198945085
E3-ecc,20260878,plane,pos,0.5685958719955225,370220.3920150365
E3-ecc,20260878,plane,vel,0.4416942056885293,370220.3920150365
E3-ecc,20260878,plane,pos,-1.1361137243576738,395123.32675788464
E3-ecc,20260878,plane,vel,0.7447697235943892,395123.32675788464
E3-ecc,20260878,plane,pos,-1.137288448621794,53191.60166478077
E3-ecc,20260878,plane,vel,0.5825460448869431,53191.60166478077
E3-ecc,20260878,plane,pos,1.3041285279902743,1231197.9038260423
E3-ecc,20260878,plane,vel,0.09648181906942363,1231197.9038260423
E3-ecc,20260878,range,pos,-1.1139949309839852,566612.693734424
E3-ecc,20260878,range,vel,0.8094048154710336,566612.693734424
E3-ecc,20260878,range,pos,0.5192452903397924,146655.00047295267
E3-ecc,20260878,range,vel,0.36745512150588705,146655.00047295267
E3-ecc,20260878,range,pos,0.7843016163787604,464527.67604696384
E3-ecc,20260878,range,vel,-0.2732145520751132,464527.67604696384
E3-ecc,20260878,range,pos,-0.09382914046591538,8421624.618590737
E3-ecc,20260878,range,vel,-0.4120454979286942,8421624.618590737
E3-ecc,20260878,range,pos,-0.96229754503869,89636.15273102929
E3-ecc,20260878,range,vel,-1.082765120247854,89636.15273102929
E3-ecc,20260878,range,pos,-2.109043462622635,325870.4527422844
E3-ecc,20260878,range,vel,-2.0848544780403224,325870.4527422844
E3-ecc,20260878,range,pos,-0.8551142416820894,21274494.826570015
E3-ecc,20260878,range,vel,-1.7789843130618215,21274494.826570015
E3-ecc,20260878,range,pos,0.18321611864456408,413183.1148525255
E3-ecc,20260878,range,vel,0.2579810497048996,413183.1148525255
E3-ecc,20260878,inplane,pos,-1.3501486862624446,566612.693734424
E3-ecc,20260878,inplane,vel,-0.7323895382537553,566612.693734424
E3-ecc,20260878,inplane,pos,0.8143460881050322,146655.00047295267
E3-ecc,20260878,inplane,vel,0.7132770535580615,146655.00047295267
E3-ecc,20260878,inplane,pos,1.0525199862387826,464527.67604696384
E3-ecc,20260878,inplane,vel,1.1008190809535783,464527.67604696384
E3-ecc,20260878,inplane,pos,0.5387613058392414,8421624.618590737
E3-ecc,20260878,inplane,vel,0.17287574657730972,8421624.618590737
E3-ecc,20260878,inplane,pos,-0.679624489367425,89636.15273102929
E3-ecc,20260878,inplane,vel,-0.6738709704303087,89636.15273102929
E3-ecc,20260878,inplane,pos,1.3852667519494035,325870.4527422844
E3-ecc,20260878,inplane,vel,-0.5147868625601131,325870.4527422844
E3-ecc,20260878,inplane,pos,1.7416433747350881,21274494.826570015
E3-ecc,20260878,inplane,vel,0.5268660260646979,21274494.826570015
E3-ecc,20260878,inplane,pos,0.019201332284126665,413183.1148525255
E3-ecc,20260878,inplane,vel,0.20196345057690798,413183.1148525255
E3-ecc,20260878,plane,pos,0.19439849342943094,566612.693734424
E3-ecc,20260878,plane,vel,0.858208275981763,566612.693734424
E3-ecc,20260878,plane,pos,-1.3964273684149822,146655.00047295267
E3-ecc,20260878,plane,vel,0.07508076552330652,146655.00047295267
E3-ecc,20260878,plane,pos,-0.38697289279602004,464527.67604696384
E3-ecc,20260878,plane,vel,-0.1076104134380059,464527.67604696384
E3-ecc,20260878,plane,pos,-0.7305009535309155,8421624.618590737
E3-ecc,20260878,plane,vel,0.1883894046153181,8421624.618590737
E3-ecc,20260878,plane,pos,0.7420321982625432,89636.15273102929
E3-ecc,20260878,plane,vel,0.6921916735765122,89636.15273102929
E3-ecc,20260878,plane,pos,0.017828245990125065,325870.4527422844
E3-ecc,20260878,plane,vel,1.0839516567783551,325870.4527422844
E3-ecc,20260878,plane,pos,0.49262320491284206,21274494.826570015
E3-ecc,20260878,plane,vel,0.036406768944810416,21274494.826570015
E3-ecc,20260878,plane,pos,0.47642878201693517,413183.1148525255
E3-ecc,20260878,plane,vel,-1.2455603654808802,413183.1148525255
E3-ecc,20260878,range,pos,-0.6133305512094903,92887.91064873584
E3-ecc,20260878,range,vel,-0.8080822197001092,92887.91064873584
E3-ecc,20260878,range,pos,0.35060443174496336,10610697.12079469
E3-ecc,20260878,range,vel,-0.23436685284176173,10610697.12079469
E3-ecc,20260878,range,pos,-0.9739183409067699,522461.7254061378
E3-ecc,20260878,range,vel,-0.9843480010446535,522461.7254061378
E3-ecc,20260878,range,pos,-0.20176552309981638,823224.2218150849
E3-ecc,20260878,range,vel,-0.1318419452462657,823224.2218150849
E3-ecc,20260878,range,pos,-0.9204363600175864,551865.6757881508
E3-ecc,20260878,range,vel,-1.1788423117135565,551865.6757881508
E3-ecc,20260878,range,pos,-1.0457846533237725,64042.61997942867
E3-ecc,20260878,range,vel,-0.49335089239081503,64042.61997942867
E3-ecc,20260878,inplane,pos,-0.6764884093787994,92887.91064873584
E3-ecc,20260878,inplane,vel,-0.6509486842712925,92887.91064873584
E3-ecc,20260878,inplane,pos,-0.09429888113757869,10610697.12079469
E3-ecc,20260878,inplane,vel,0.3190648639503581,10610697.12079469
E3-ecc,20260878,inplane,pos,1.358228665814693,522461.7254061378
E3-ecc,20260878,inplane,vel,-1.7054682645805668,522461.7254061378
E3-ecc,20260878,inplane,pos,0.14284213412224747,823224.2218150849
E3-ecc,20260878,inplane,vel,-0.12356958570673732,823224.2218150849
E3-ecc,20260878,inplane,pos,-0.5862630261936992,551865.6757881508
E3-ecc,20260878,inplane,vel,-1.1995046858105827,551865.6757881508
E3-ecc,20260878,inplane,pos,-0.6312390538895972,64042.61997942867
E3-ecc,20260878,inplane,vel,-0.9784484282274596,64042.61997942867
E3-ecc,20260878,plane,pos,0.5426576609149575,92887.91064873584
E3-ecc,20260878,plane,vel,-0.05103105513893271,92887.91064873584
E3-ecc,20260878,plane,pos,1.4823301899337913,10610697.12079469
E3-ecc,20260878,plane,vel,0.4069305033262929,10610697.12079469
E3-ecc,20260878,plane,pos,-0.616754209042217,522461.7254061378
E3-ecc,20260878,plane,vel,1.2633542436536527,522461.7254061378
E3-ecc,20260878,plane,pos,-0.9969554072938261,823224.2218150849
E3-ecc,20260878,plane,vel,0.30521298029423677,823224.2218150849
E3-ecc,20260878,plane,pos,-1.0697635597750903,551865.6757881508
E3-ecc,20260878,plane,vel,-1.5708739887502774,551865.6757881508
E3-ecc,20260878,plane,pos,-0.06527231698349684,64042.61997942867
E3-ecc,20260878,plane,vel,-0.9690676273308928,64042.61997942867
E3-ecc,20260878,range,pos,-0.5797185411919525,11370913.987841692
E3-ecc,20260878,range,vel,-0.6461207488863544,11370913.987841692
E3-ecc,20260878,range,pos,0.8241324056747831,708673.8554486411
E3-ecc,20260878,range,vel,-0.6844773912874647,708673.8554486411
E3-ecc,20260878,range,pos,1.7810357479490566,1861543.5612462682
E3-ecc,20260878,range,vel,1.330731406457691,1861543.5612462682
E3-ecc,20260878,range,pos,-0.9011287229515107,106966.80639480823
E3-ecc,20260878,range,vel,1.0907734065988828,106966.80639480823
E3-ecc,20260878,range,pos,0.8607274520598591,160322.30199092024
E3-ecc,20260878,range,vel,0.08711927352924714,160322.30199092024
E3-ecc,20260878,range,pos,-1.3184730023320945,318390.4100235393
E3-ecc,20260878,range,vel,-1.41711644739605,318390.4100235393
E3-ecc,20260878,range,pos,-1.230802852548811,132538.19539032594
E3-ecc,20260878,range,vel,0.41365933636188607,132538.19539032594
E3-ecc,20260878,range,pos,1.773878312945747,25758813.058850512
E3-ecc,20260878,range,vel,-0.850644113918306,25758813.058850512
E3-ecc,20260878,inplane,pos,0.12312588726030269,11370913.987841692
E3-ecc,20260878,inplane,vel,-0.5958890513139279,11370913.987841692
E3-ecc,20260878,inplane,pos,-0.7363173331113745,708673.8554486411
E3-ecc,20260878,inplane,vel,-0.5226746064500439,708673.8554486411
E3-ecc,20260878,inplane,pos,1.9394828047537265,1861543.5612462682
E3-ecc,20260878,inplane,vel,2.4817750932502296,1861543.5612462682
E3-ecc,20260878,inplane,pos,0.17167750941630244,106966.80639480823
E3-ecc,20260878,inplane,vel,-0.7855450133497908,106966.80639480823
E3-ecc,20260878,inplane,pos,-0.7151759434045248,160322.30199092024
E3-ecc,20260878,inplane,vel,-0.9452781364505827,160322.30199092024
E3-ecc,20260878,inplane,pos,-0.6943852734524169,318390.4100235393
E3-ecc,20260878,inplane,vel,-0.9305110607691583,318390.4100235393
E3-ecc,20260878,inplane,pos,-1.6371595125762388,132538.19539032594
E3-ecc,20260878,inplane,vel,-1.5027058442621966,132538.19539032594
E3-ecc,20260878,inplane,pos,0.13425334581959664,25758813.058850512
E3-ecc,20260878,inplane,vel,-1.2538499328328625,25758813.058850512
E3-ecc,20260878,plane,pos,0.2682150898727009,11370913.987841692
E3-ecc,20260878,plane,vel,0.5372964685260748,11370913.987841692
E3-ecc,20260878,plane,pos,-0.5974555569357107,708673.8554486411
E3-ecc,20260878,plane,vel,0.8001211649043933,708673.8554486411
E3-ecc,20260878,plane,pos,0.8533872304143165,1861543.5612462682
E3-ecc,20260878,plane,vel,-0.5213069396522367,1861543.5612462682
E3-ecc,20260878,plane,pos,0.728316952425157,106966.80639480823
E3-ecc,20260878,plane,vel,1.5357351875094036,106966.80639480823
E3-ecc,20260878,plane,pos,1.0872795628615741,160322.30199092024
E3-ecc,20260878,plane,vel,-1.0601596209263517,160322.30199092024
E3-ecc,20260878,plane,pos,-0.4170853049153256,318390.4100235393
E3-ecc,20260878,plane,vel,-0.183070124420421,318390.4100235393
E3-ecc,20260878,plane,pos,-0.2408082841407347,132538.19539032594
E3-ecc,20260878,plane,vel,0.24832604309040293,132538.19539032594
E3-ecc,20260878,plane,pos,-1.6440241451020092,25758813.058850512
E3-ecc,20260878,plane,vel,1.5751451389942013,25758813.058850512
E3-ecc,20260885,range,pos,0.31059622024598776,346931.94900856557
E3-ecc,20260885,range,vel,-0.3398862107557897,346931.94900856557
E3-ecc,20260885,range,pos,0.19459881423313583,1028207.6350957716
E3-ecc,20260885,range,vel,-1.0509755134685943,1028207.6350957716
E3-ecc,20260885,range,pos,0.7429610479001334,641257.6885135558
E3-ecc,20260885,range,vel,-1.209511398659878,641257.6885135558
E3-ecc,20260885,range,pos,0.8296041021046558,313199.9683584691
E3-ecc,20260885,range,vel,-0.708268806903387,313199.9683584691
E3-ecc,20260885,range,pos,0.3537986779586811,233790.59883670113
E3-ecc,20260885,range,vel,0.8832049593625105,233790.59883670113
E3-ecc,20260885,range,pos,-0.6097146540320821,766422.6192953093
E3-ecc,20260885,range,vel,0.67770251436647,766422.6192953093
E3-ecc,20260885,range,pos,-1.2885734968904297,212201.32867638825
E3-ecc,20260885,range,vel,-1.3887170998918177,212201.32867638825
E3-ecc,20260885,range,pos,-0.24285121483224115,776418.320172925
E3-ecc,20260885,range,vel,1.5522443590218773,776418.320172925
E3-ecc,20260885,inplane,pos,-0.8203756038183972,346931.94900856557
E3-ecc,20260885,inplane,vel,-0.0012968498416725544,346931.94900856557
E3-ecc,20260885,inplane,pos,-0.7451617158541317,1028207.6350957716
E3-ecc,20260885,inplane,vel,-0.29369885289146636,1028207.6350957716
E3-ecc,20260885,inplane,pos,-1.3815834008539167,641257.6885135558
E3-ecc,20260885,inplane,vel,0.3839225350563439,641257.6885135558
E3-ecc,20260885,inplane,pos,-0.8456684554246596,313199.9683584691
E3-ecc,20260885,inplane,vel,-1.1242859066883881,313199.9683584691
E3-ecc,20260885,inplane,pos,0.17232859327010602,233790.59883670113
E3-ecc,20260885,inplane,vel,0.6238816827689445,233790.59883670113
E3-ecc,20260885,inplane,pos,0.39571382371645325,766422.6192953093
E3-ecc,20260885,inplane,vel,-0.5498214023559674,766422.6192953093
E3-ecc,20260885,inplane,pos,-0.8974092649344676,212201.32867638825
E3-ecc,20260885,inplane,vel,1.2923112986147893,212201.32867638825
E3-ecc,20260885,inplane,pos,0.8819752784959478,776418.320172925
E3-ecc,20260885,inplane,vel,-0.4157169231179957,776418.320172925
E3-ecc,20260885,plane,pos,0.5370534019748947,346931.94900856557
E3-ecc,20260885,plane,vel,0.28325989762528847,346931.94900856557
E3-ecc,20260885,plane,pos,-1.4613796318711598,1028207.6350957716
E3-ecc,20260885,plane,vel,0.2899758407500434,1028207.6350957716
E3-ecc,20260885,plane,pos,-1.0835620430330264,641257.6885135558
E3-ecc,20260885,plane,vel,-1.0661433668260414,641257.6885135558
E3-ecc,20260885,plane,pos,-1.3353586092475778,313199.9683584691
E3-ecc,20260885,plane,vel,-2.047826939374854,313199.9683584691
E3-ecc,20260885,plane,pos,0.985926401969582,233790.59883670113
E3-ecc,20260885,plane,vel,-0.8261435712575822,233790.59883670113
E3-ecc,20260885,plane,pos,1.8209789199140607,766422.6192953093
E3-ecc,20260885,plane,vel,-0.8113762660179016,766422.6192953093
E3-ecc,20260885,plane,pos,-0.311009982678352,212201.32867638825
E3-ecc,20260885,plane,vel,0.691942965290203,212201.32867638825
E3-ecc,20260885,plane,pos,-0.27067425393909683,776418.320172925
E3-ecc,20260885,plane,vel,1.0569222375088476,776418.320172925
E3-ecc,20260885,range,pos,-0.6015335581310681,1739861.4126508748
E3-ecc,20260885,range,vel,0.6580224118928092,1739861.4126508748
E3-ecc,20260885,range,pos,-1.2670614531308717,212139.3221921238
E3-ecc,20260885,range,vel,-0.45210683055059925,212139.3221921238
E3-ecc,20260885,range,pos,0.33133301476359023,10268527.828209009
E3-ecc,20260885,range,vel,0.009346522167665326,10268527.828209009
E3-ecc,20260885,range,pos,-0.38650862015741255,81792.47620121896
E3-ecc,20260885,range,vel,3.133861559836324,81792.47620121896
E3-ecc,20260885,range,pos,-2.2626767151096887,15931749.962373646
E3-ecc,20260885,range,vel,-2.4366423438033564,15931749.962373646
E3-ecc,20260885,range,pos,-0.08265588943066822,10035035.252158886
E3-ecc,20260885,range,vel,-0.17963316087885808,10035035.252158886
E3-ecc,20260885,range,pos,-0.5264230210804424,107601.65142991586
E3-ecc,20260885,range,vel,-1.0059687545256448,107601.65142991586
E3-ecc,20260885,range,pos,-1.3133835187945262,4374583.693179736
E3-ecc,20260885,range,vel,1.0497764559474598,4374583.693179736
E3-ecc,20260885,inplane,pos,-0.21817937275413815,1739861.4126508748
E3-ecc,20260885,inplane,vel,-0.3303971336891632,1739861.4126508748
E3-ecc,20260885,inplane,pos,0.8696764269961438,212139.3221921238
E3-ecc,20260885,inplane,vel,-1.0469700810455003,212139.3221921238
E3-ecc,20260885,inplane,pos,-0.13959854860603663,10268527.828209009
E3-ecc,20260885,inplane,vel,-0.45406754631385776,10268527.828209009
E3-ecc,20260885,inplane,pos,1.5920403841414161,81792.47620121896
E3-ecc,20260885,inplane,vel,0.2923303063814892,81792.47620121896
E3-ecc,20260885,inplane,pos,1.9924969761572175,15931749.962373646
E3-ecc,20260885,inplane,vel,-2.288073326841475,15931749.962373646
E3-ecc,20260885,inplane,pos,-0.7671660847972825,10035035.252158886
E3-ecc,20260885,inplane,vel,-0.6545851678741235,10035035.252158886
E3-ecc,20260885,inplane,pos,-1.091236447679485,107601.65142991586
E3-ecc,20260885,inplane,vel,-0.9192706106152712,107601.65142991586
E3-ecc,20260885,inplane,pos,-1.3565877958399817,4374583.693179736
E3-ecc,20260885,inplane,vel,-1.7435383538154463,4374583.693179736
E3-ecc,20260885,plane,pos,1.1118872082289382,1739861.4126508748
E3-ecc,20260885,plane,vel,1.3173736751050529,1739861.4126508748
E3-ecc,20260885,plane,pos,0.0008478737858327362,212139.3221921238
E3-ecc,20260885,plane,vel,0.3395133771416538,212139.3221921238
E3-ecc,20260885,plane,pos,1.244059842220628,10268527.828209009
E3-ecc,20260885,plane,vel,1.0239258727475398,10268527.828209009
E3-ecc,20260885,plane,pos,0.03161676928971623,81792.47620121896
E3-ecc,20260885,plane,vel,0.6496762157413286,81792.47620121896
E3-ecc,20260885,plane,pos,1.6155605197507896,15931749.962373646
E3-ecc,20260885,plane,vel,-2.5486251179537587,15931749.962373646
E3-ecc,20260885,plane,pos,-0.12676430880311876,10035035.252158886
E3-ecc,20260885,plane,vel,1.4046604638312554,10035035.252158886
E3-ecc,20260885,plane,pos,-0.47545692293965874,107601.65142991586
E3-ecc,20260885,plane,vel,-0.42301006092771865,107601.65142991586
E3-ecc,20260885,plane,pos,1.223285777108417,4374583.693179736
E3-ecc,20260885,plane,vel,-0.21104324451917802,4374583.693179736
E3-ecc,20260885,range,pos,0.5110988974428167,856648.222091806
E3-ecc,20260885,range,vel,-0.5565408497614611,856648.222091806
E3-ecc,20260885,range,pos,-0.06815501949621425,2588334.1199474717
E3-ecc,20260885,range,vel,-0.7542282769428655,2588334.1199474717
E3-ecc,20260885,range,pos,0.8609410790461727,128970.65191430652
E3-ecc,20260885,range,vel,-0.7213007895495205,128970.65191430652
E3-ecc,20260885,range,pos,-0.845954438953435,2641214.5100924987
E3-ecc,20260885,range,vel,-0.41614433883967705,2641214.5100924987
E3-ecc,20260885,range,pos,-3.9290372410176535,468956.472156187
E3-ecc,20260885,range,vel,0.7653255212125715,468956.472156187
E3-ecc,20260885,range,pos,-0.47519594976774054,143347.24319960864
E3-ecc,20260885,range,vel,0.9302599195764036,143347.24319960864
E3-ecc,20260885,range,pos,-0.6785733089003294,312385.5796167854
E3-ecc,20260885,range,vel,1.7899755565432032,312385.5796167854
E3-ecc,20260885,range,pos,0.8976598086005516,259304.22623937443
E3-ecc,20260885,range,vel,-0.04474522412698876,259304.22623937443
E3-ecc,20260885,inplane,pos,-0.028478595172502792,856648.222091806
E3-ecc,20260885,inplane,vel,0.6295704749237181,856648.222091806
E3-ecc,20260885,inplane,pos,-0.6542480689142304,2588334.1199474717
E3-ecc,20260885,inplane,vel,-0.1896359080575279,2588334.1199474717
E3-ecc,20260885,inplane,pos,-0.5540987592750575,128970.65191430652
E3-ecc,20260885,inplane,vel,0.6418586387163943,128970.65191430652
E3-ecc,20260885,inplane,pos,1.1535930191291004,2641214.5100924987
E3-ecc,20260885,inplane,vel,-0.5850434131997971,2641214.5100924987
E3-ecc,20260885,inplane,pos,-1.5257298961242851,468956.472156187
E3-ecc,20260885,inplane,vel,-3.605344740658395,468956.472156187
E3-ecc,20260885,inplane,pos,0.2644152982766419,143347.24319960864
E3-ecc,20260885,inplane,vel,-0.6415587139999946,143347.24319960864
E3-ecc,20260885,inplane,pos,-1.7898657928168908,312385.5796167854
E3-ecc,20260885,inplane,vel,0.7738917098938793,312385.5796167854
E3-ecc,20260885,inplane,pos,1.3353257323997787,259304.22623937443
E3-ecc,20260885,inplane,vel,1.2764425931587637,259304.22623937443
E3-ecc,20260885,plane,pos,-0.3052209798601791,856648.222091806
E3-ecc,20260885,plane,vel,0.5272587793521097,856648.222091806
E3-ecc,20260885,plane,pos,1.924254438209496,2588334.1199474717
E3-ecc,20260885,plane,vel,1.3260716733015634,2588334.1199474717
E3-ecc,20260885,plane,pos,1.3285496452917225,128970.65191430652
E3-ecc,20260885,plane,vel,0.8097620520766505,128970.65191430652
E3-ecc,20260885,plane,pos,-1.0282713220349717,2641214.5100924987
E3-ecc,20260885,plane,vel,-0.09672140406736725,2641214.5100924987
E3-ecc,20260885,plane,pos,1.231511094399112,468956.472156187
E3-ecc,20260885,plane,vel,2.205019710702416,468956.472156187
E3-ecc,20260885,plane,pos,-1.377663032358166,143347.24319960864
E3-ecc,20260885,plane,vel,-0.45021175710030864,143347.24319960864
E3-ecc,20260885,plane,pos,-0.6780408233741986,312385.5796167854
E3-ecc,20260885,plane,vel,-0.5565144527969096,312385.5796167854
E3-ecc,20260885,plane,pos,2.1537987844124946,259304.22623937443
E3-ecc,20260885,plane,vel,0.07276127623276087,259304.22623937443
E3-ecc,20260885,range,pos,-7.333478273491568,5447518.903139457
E3-ecc,20260885,range,vel,-4.059403896380083,5447518.903139457
E3-ecc,20260885,range,pos,-0.7833734386991068,175116.35530114087
E3-ecc,20260885,range,vel,-0.6251663985648807,175116.35530114087
E3-ecc,20260885,range,pos,1.1901101839044177,673142.5947445597
E3-ecc,20260885,range,vel,2.0387495564215548,673142.5947445597
E3-ecc,20260885,range,pos,0.660880646191066,295873.1085240747
E3-ecc,20260885,range,vel,-0.5431554838146816,295873.1085240747
E3-ecc,20260885,range,pos,-0.24810236117246862,17579787.075216766
E3-ecc,20260885,range,vel,-0.0836598156936185,17579787.075216766
E3-ecc,20260885,range,pos,-0.11544408175391122,25567205.800290264
E3-ecc,20260885,range,vel,-0.39677284826059134,25567205.800290264
E3-ecc,20260885,range,pos,1.4202861643138418,1118891.5211553532
E3-ecc,20260885,range,vel,-1.2446775607771314,1118891.5211553532
E3-ecc,20260885,range,pos,-1166689.3707462493,15127535.825583702
E3-ecc,20260885,range,vel,235708.67378320676,15127535.825583702
E3-ecc,20260885,inplane,pos,0.6945899409517802,5447518.903139457
E3-ecc,20260885,inplane,vel,-7.936389415124481,5447518.903139457
E3-ecc,20260885,inplane,pos,0.5338619122147094,175116.35530114087
E3-ecc,20260885,inplane,vel,-0.7745612571253891,175116.35530114087
E3-ecc,20260885,inplane,pos,2.4298926960550156,673142.5947445597
E3-ecc,20260885,inplane,vel,1.6873507394883,673142.5947445597
E3-ecc,20260885,inplane,pos,0.8686002182606677,295873.1085240747
E3-ecc,20260885,inplane,vel,-1.0963591260865182,295873.1085240747
E3-ecc,20260885,inplane,pos,-0.9138054144832972,17579787.075216766
E3-ecc,20260885,inplane,vel,-0.8679424013261,17579787.075216766
E3-ecc,20260885,inplane,pos,0.6502661979142518,25567205.800290264
E3-ecc,20260885,inplane,vel,-0.5240063863384918,25567205.800290264
E3-ecc,20260885,inplane,pos,0.5740329534920832,1118891.5211553532
E3-ecc,20260885,inplane,vel,1.6386636424240897,1118891.5211553532
E3-ecc,20260885,inplane,pos,-3222.0674836119715,15127535.825583702
E3-ecc,20260885,inplane,vel,-800532.6515569688,15127535.825583702
E3-ecc,20260885,plane,pos,0.04267337292956413,5447518.903139457
E3-ecc,20260885,plane,vel,1.8346324442844333,5447518.903139457
E3-ecc,20260885,plane,pos,0.15411196717168682,175116.35530114087
E3-ecc,20260885,plane,vel,-0.6981512820036913,175116.35530114087
E3-ecc,20260885,plane,pos,-0.45389216458153225,673142.5947445597
E3-ecc,20260885,plane,vel,0.7837702193996613,673142.5947445597
E3-ecc,20260885,plane,pos,-0.3649926277037635,295873.1085240747
E3-ecc,20260885,plane,vel,-1.1791260860066073,295873.1085240747
E3-ecc,20260885,plane,pos,1.7380659825771265,17579787.075216766
E3-ecc,20260885,plane,vel,-0.385725108108195,17579787.075216766
E3-ecc,20260885,plane,pos,0.022525060109854618,25567205.800290264
E3-ecc,20260885,plane,vel,-0.7199306789561711,25567205.800290264
E3-ecc,20260885,plane,pos,-0.7436589034654184,1118891.5211553532
E3-ecc,20260885,plane,vel,0.6611711038597945,1118891.5211553532
E3-ecc,20260885,plane,pos,1306.5728995187715,15127535.825583702
E3-ecc,20260885,plane,vel,-21379.975488501103,15127535.825583702
E3-ecc,20260885,range,pos,2736.6206992583434,17696159.208658773
E3-ecc,20260885,range,vel,3154.1614299085427,17696159.208658773
E3-ecc,20260885,range,pos,-0.28439334302938607,994388.8439477193
E3-ecc,20260885,range,vel,-1.2300267793083945,994388.8439477193
E3-ecc,20260885,range,pos,0.6044758542250153,225353.51692314833
E3-ecc,20260885,range,vel,0.01674978715661456,225353.51692314833
E3-ecc,20260885,range,pos,0.6760945750935471,101036.22492123488
E3-ecc,20260885,range,vel,-0.6497416723358029,101036.22492123488
E3-ecc,20260885,range,pos,1.4366572376701714,9407739.078079684
E3-ecc,20260885,range,vel,-1.9379906292350295,9407739.078079684
E3-ecc,20260885,range,pos,1.1102186481057148,2697135.1855858597
E3-ecc,20260885,range,vel,-0.6396791268464104,2697135.1855858597
E3-ecc,20260885,range,pos,0.5440353296915869,322803.4192478714
E3-ecc,20260885,range,vel,-0.3935798202560254,322803.4192478714
E3-ecc,20260885,range,pos,-394126.054444493,11018172.755490474
E3-ecc,20260885,range,vel,4151.964329243491,11018172.755490474
E3-ecc,20260885,inplane,pos,-2185.835534107759,17696159.208658773
E3-ecc,20260885,inplane,vel,1276.5181211413671,17696159.208658773
E3-ecc,20260885,inplane,pos,0.5068897899186456,994388.8439477193
E3-ecc,20260885,inplane,vel,-0.6135891831346727,994388.8439477193
E3-ecc,20260885,inplane,pos,-0.7870936573379264,225353.51692314833
E3-ecc,20260885,inplane,vel,0.29196421241725345,225353.51692314833
E3-ecc,20260885,inplane,pos,-0.34618925710003035,101036.22492123488
E3-ecc,20260885,inplane,vel,-0.2667335281026341,101036.22492123488
E3-ecc,20260885,inplane,pos,0.6179193642403655,9407739.078079684
E3-ecc,20260885,inplane,vel,1.39216014216217,9407739.078079684
E3-ecc,20260885,inplane,pos,0.5308805369695073,2697135.1855858597
E3-ecc,20260885,inplane,vel,1.0770007261397692,2697135.1855858597
E3-ecc,20260885,inplane,pos,0.22579895663567426,322803.4192478714
E3-ecc,20260885,inplane,vel,-0.4119130312244583,322803.4192478714
E3-ecc,20260885,inplane,pos,-5723.979342965118,11018172.755490474
E3-ecc,20260885,inplane,vel,-108457.85245302912,11018172.755490474
E3-ecc,20260885,plane,pos,4258.428107649817,17696159.208658773
E3-ecc,20260885,plane,vel,2114.0295128369166,17696159.208658773
E3-ecc,20260885,plane,pos,-1.551886148784888,994388.8439477193
E3-ecc,20260885,plane,vel,1.2299586199707329,994388.8439477193
E3-ecc,20260885,plane,pos,0.2068065132393506,225353.51692314833
E3-ecc,20260885,plane,vel,-0.5985207678925557,225353.51692314833
E3-ecc,20260885,plane,pos,-1.4649727575693283,101036.22492123488
E3-ecc,20260885,plane,vel,0.7016385869233489,101036.22492123488
E3-ecc,20260885,plane,pos,-1.1646517034121666,9407739.078079684
E3-ecc,20260885,plane,vel,-0.5784745813112859,9407739.078079684
E3-ecc,20260885,plane,pos,1.2698085514547575,2697135.1855858597
E3-ecc,20260885,plane,vel,-1.2292575876324099,2697135.1855858597
E3-ecc,20260885,plane,pos,-0.39402212112238827,322803.4192478714
E3-ecc,20260885,plane,vel,0.6985047566184708,322803.4192478714
E3-ecc,20260885,plane,pos,-3225.8380299492765,11018172.755490474
E3-ecc,20260885,plane,vel,-3000.5798297681367,11018172.755490474
E3-ecc,20260885,range,pos,-420.91020415920883,26419329.395770613
E3-ecc,20260885,range,vel,130.16943288247577,26419329.395770613
E3-ecc,20260885,range,pos,1.8205842134682049,151183.08135807855
E3-ecc,20260885,range,vel,1.728310248392708,151183.08135807855
E3-ecc,20260885,range,pos,0.24455946169202258,40425.463457801096
E3-ecc,20260885,range,vel,0.42425336092953936,40425.463457801096
E3-ecc,20260885,range,pos,-2.1124146894944857,540454.2751142203
E3-ecc,20260885,range,vel,2.456888715961458,540454.2751142203
E3-ecc,20260885,range,pos,-0.20297430321146728,262435.0432369358
E3-ecc,20260885,range,vel,0.36513509602874455,262435.0432369358
E3-ecc,20260885,range,pos,-1.0530804649107026,235215.14240613132
E3-ecc,20260885,range,vel,-1.1690604096929722,235215.14240613132
E3-ecc,20260885,range,pos,-1.5801973942819332,146275.61646015497
E3-ecc,20260885,range,vel,-1.3955633534007537,146275.61646015497
E3-ecc,20260885,range,pos,1214.0822434547204,6222650.856018038
E3-ecc,20260885,range,vel,-7574.779072302775,6222650.856018038
E3-ecc,20260885,inplane,pos,-223.5705805033803,26419329.395770613
E3-ecc,20260885,inplane,vel,1140.197825834058,26419329.395770613
E3-ecc,20260885,inplane,pos,-0.29678950657907405,151183.08135807855
E3-ecc,20260885,inplane,vel,1.0840300790684185,151183.08135807855
E3-ecc,20260885,inplane,pos,-0.3557920917493124,40425.463457801096
E3-ecc,20260885,inplane,vel,-0.5181538499511306,40425.463457801096
E3-ecc,20260885,inplane,pos,1.4119713169260883,540454.2751142203
E3-ecc,20260885,inplane,vel,-1.769509374751858,540454.2751142203
E3-ecc,20260885,inplane,pos,0.09833201167310623,262435.0432369358
E3-ecc,20260885,inplane,vel,-0.16697208119482487,262435.0432369358
E3-ecc,20260885,inplane,pos,-1.35738976111638,235215.14240613132
E3-ecc,20260885,inplane,vel,-1.1960319373410344,235215.14240613132
E3-ecc,20260885,inplane,pos,-0.0821748594433682,146275.61646015497
E3-ecc,20260885,inplane,vel,-1.2059685982563735,146275.61646015497
E3-ecc,20260885,inplane,pos,-132.9341810887361,6222650.856018038
E3-ecc,20260885,inplane,vel,1092.4207709387908,6222650.856018038
E3-ecc,20260885,plane,pos,-6853.875521744068,26419329.395770613
E3-ecc,20260885,plane,vel,10502.848678719714,26419329.395770613
E3-ecc,20260885,plane,pos,0.8575328012392522,151183.08135807855
E3-ecc,20260885,plane,vel,-1.7765856585120643,151183.08135807855
E3-ecc,20260885,plane,pos,-0.25008456816161284,40425.463457801096
E3-ecc,20260885,plane,vel,0.27742212366076124,40425.463457801096
E3-ecc,20260885,plane,pos,-0.8008479784122671,540454.2751142203
E3-ecc,20260885,plane,vel,-2.4642349832403725,540454.2751142203
E3-ecc,20260885,plane,pos,-1.1307527362485557,262435.0432369358
E3-ecc,20260885,plane,vel,-0.1500975895711433,262435.0432369358
E3-ecc,20260885,plane,pos,-0.5010041435236305,235215.14240613132
E3-ecc,20260885,plane,vel,0.6667496502665038,235215.14240613132
E3-ecc,20260885,plane,pos,-1.6352654891097076,146275.61646015497
E3-ecc,20260885,plane,vel,0.03175126710812825,146275.61646015497
E3-ecc,20260885,plane,pos,427.69472589690116,6222650.856018038
E3-ecc,20260885,plane,vel,-42.96756291255692,6222650.856018038
E3-ecc,20260892,range,pos,1.2588971896869698,559059.0781409191
E3-ecc,20260892,range,vel,2.1272806857230573,559059.0781409191
E3-ecc,20260892,range,pos,1.0190960677878331,235249.00373259626
E3-ecc,20260892,range,vel,-0.8845779532288616,235249.00373259626
E3-ecc,20260892,range,pos,0.9030264476701512,502884.51964138314
E3-ecc,20260892,range,vel,-0.5953646185689931,502884.51964138314
E3-ecc,20260892,range,pos,-0.40418846733896413,703163.2979144884
E3-ecc,20260892,range,vel,0.48503477668329875,703163.2979144884
E3-ecc,20260892,range,pos,1.8347865362973603,208020.56258015728
E3-ecc,20260892,range,vel,0.8859272990690552,208020.56258015728
E3-ecc,20260892,range,pos,2.1896208750043282,316125.44394932606
E3-ecc,20260892,range,vel,-0.4857843499176301,316125.44394932606
E3-ecc,20260892,range,pos,-0.7798593345765058,1594337.335096799
E3-ecc,20260892,range,vel,0.9077294172241935,1594337.335096799
E3-ecc,20260892,range,pos,-0.07286515916925133,133003.98772977895
E3-ecc,20260892,range,vel,-0.35464762426306323,133003.98772977895
E3-ecc,20260892,inplane,pos,2.294173949599481,559059.0781409191
E3-ecc,20260892,inplane,vel,1.8720587620737295,559059.0781409191
E3-ecc,20260892,inplane,pos,-0.5724303176237957,235249.00373259626
E3-ecc,20260892,inplane,vel,0.7369375449692341,235249.00373259626
E3-ecc,20260892,inplane,pos,0.052079553737310935,502884.51964138314
E3-ecc,20260892,inplane,vel,0.7411148498467854,502884.51964138314
E3-ecc,20260892,inplane,pos,0.18433346317845084,703163.2979144884
E3-ecc,20260892,inplane,vel,-0.22032503874387216,703163.2979144884
E3-ecc,20260892,inplane,pos,0.5382050231231844,208020.56258015728
E3-ecc,20260892,inplane,vel,1.5382654679387282,208020.56258015728
E3-ecc,20260892,inplane,pos,2.3575203698014757,316125.44394932606
E3-ecc,20260892,inplane,vel,2.621206280071669,316125.44394932606
E3-ecc,20260892,inplane,pos,0.49377807758782627,1594337.335096799
E3-ecc,20260892,inplane,vel,-0.14394157310191133,1594337.335096799
E3-ecc,20260892,inplane,pos,-0.3953737714627744,133003.98772977895
E3-ecc,20260892,inplane,vel,-0.17043971246799494,133003.98772977895
E3-ecc,20260892,plane,pos,1.126291246767778,559059.0781409191
E3-ecc,20260892,plane,vel,1.6203920451029683,559059.0781409191
E3-ecc,20260892,plane,pos,-0.06663840989335827,235249.00373259626
E3-ecc,20260892,plane,vel,-0.06941708078765696,235249.00373259626
E3-ecc,20260892,plane,pos,-0.6495900197846243,502884.51964138314
E3-ecc,20260892,plane,vel,1.0130533244951674,502884.51964138314
E3-ecc,20260892,plane,pos,0.41860614085331777,703163.2979144884
E3-ecc,20260892,plane,vel,-1.5243275804097682,703163.2979144884
E3-ecc,20260892,plane,pos,1.6916001910329708,208020.56258015728
E3-ecc,20260892,plane,vel,1.3345147539235866,208020.56258015728
E3-ecc,20260892,plane,pos,0.33562638148591173,316125.44394932606
E3-ecc,20260892,plane,vel,0.9516582993253838,316125.44394932606
E3-ecc,20260892,plane,pos,-0.46271715107516254,1594337.335096799
E3-ecc,20260892,plane,vel,-0.3787061500914365,1594337.335096799
E3-ecc,20260892,plane,pos,1.2284630298892119,133003.98772977895
E3-ecc,20260892,plane,vel,1.1715470334896896,133003.98772977895
E3-ecc,20260892,range,pos,-0.02924821187718749,110485.90332458279
E3-ecc,20260892,range,vel,-0.02898421177151909,110485.90332458279
E3-ecc,20260892,range,pos,-0.8004002793804017,1276392.636425866
E3-ecc,20260892,range,vel,0.5224618748843893,1276392.636425866
E3-ecc,20260892,range,pos,-0.28653443289770303,8138183.000644915
E3-ecc,20260892,range,vel,-0.3600844494698114,8138183.000644915
E3-ecc,20260892,range,pos,-1.129793572152294,24836482.27755735
E3-ecc,20260892,range,vel,1.0712396859029498,24836482.27755735
E3-ecc,20260892,range,pos,-5.663057406785385,11321006.18485436
E3-ecc,20260892,range,vel,-5.650044930985365,11321006.18485436
E3-ecc,20260892,range,pos,1.083975067466028,9711507.38148424
E3-ecc,20260892,range,vel,0.36654561383738604,9711507.38148424
E3-ecc,20260892,range,pos,-0.6551894112517532,77799.08660477868
E3-ecc,20260892,range,vel,0.6187748457982487,77799.08660477868
E3-ecc,20260892,range,pos,1.0534555873990132,24170222.146657363
E3-ecc,20260892,range,vel,1.1596050179561943,24170222.146657363
E3-ecc,20260892,inplane,pos,0.1249399220655556,110485.90332458279
E3-ecc,20260892,inplane,vel,0.0442308138587143,110485.90332458279
E3-ecc,20260892,inplane,pos,-1.296182894691921,1276392.636425866
E3-ecc,20260892,inplane,vel,-1.0546727595772012,1276392.636425866
E3-ecc,20260892,inplane,pos,1.0587509678902214,8138183.000644915
E3-ecc,20260892,inplane,vel,0.13885275896574079,8138183.000644915
E3-ecc,20260892,inplane,pos,-0.5120522364741523,24836482.27755735
E3-ecc,20260892,inplane,vel,-0.21915261427797617,24836482.27755735
E3-ecc,20260892,inplane,pos,3.36408454846004,11321006.18485436
E3-ecc,20260892,inplane,vel,-5.964419032208385,11321006.18485436
E3-ecc,20260892,inplane,pos,-0.6210633074063514,9711507.38148424
E3-ecc,20260892,inplane,vel,-0.05626504199794802,9711507.38148424
E3-ecc,20260892,inplane,pos,0.2595803418587676,77799.08660477868
E3-ecc,20260892,inplane,vel,0.3282827616374094,77799.08660477868
E3-ecc,20260892,inplane,pos,-3.116658798927175,24170222.146657363
E3-ecc,20260892,inplane,vel,0.264166322943528,24170222.146657363
E3-ecc,20260892,plane,pos,0.1339356630505977,110485.90332458279
E3-ecc,20260892,plane,vel,0.5955296023979495,110485.90332458279
E3-ecc,20260892,plane,pos,-0.007707762361358004,1276392.636425866
E3-ecc,20260892,plane,vel,0.726924139035241,1276392.636425866
E3-ecc,20260892,plane,pos,-2.182136827669825,8138183.000644915
E3-ecc,20260892,plane,vel,-0.8961591988308806,8138183.000644915
E3-ecc,20260892,plane,pos,-0.6847873997811335,24836482.27755735
E3-ecc,20260892,plane,vel,-0.5558774451646417,24836482.27755735
E3-ecc,20260892,plane,pos,-0.26061256175908276,11321006.18485436
E3-ecc,20260892,plane,vel,-1.3599098966271863,11321006.18485436
E3-ecc,20260892,plane,pos,-0.4948196002855304,9711507.38148424
E3-ecc,20260892,plane,vel,-0.24204084160688627,9711507.38148424
E3-ecc,20260892,plane,pos,-2.182160801756804,77799.08660477868
E3-ecc,20260892,plane,vel,0.6166672772528191,77799.08660477868
E3-ecc,20260892,plane,pos,0.2650518743297812,24170222.146657363
E3-ecc,20260892,plane,vel,0.4099666876340673,24170222.146657363
E3-ecc,20260892,range,pos,-0.17619515687856271,11571740.785052668
E3-ecc,20260892,range,vel,-0.3354804304393081,11571740.785052668
E3-ecc,20260892,range,pos,1.0089463401454242,105629.24150487807
E3-ecc,20260892,range,vel,0.7782391426330224,105629.24150487807
E3-ecc,20260892,range,pos,-0.7692391043930231,485872.3982867062
E3-ecc,20260892,range,vel,0.2262543262721545,485872.3982867062
E3-ecc,20260892,range,pos,0.23409185197236568,8993891.570363449
E3-ecc,20260892,range,vel,2.3261646578227313,8993891.570363449
E3-ecc,20260892,range,pos,1.905125328045998,837385.313009844
E3-ecc,20260892,range,vel,2.265407090306463,837385.313009844
E3-ecc,20260892,range,pos,1.390262759271007,308526.14877600846
E3-ecc,20260892,range,vel,1.6707558351603695,308526.14877600846
E3-ecc,20260892,range,pos,-1.1591820432258833,1243275.1914075352
E3-ecc,20260892,range,vel,0.9629087078137123,1243275.1914075352
E3-ecc,20260892,range,pos,-0.4182080996978427,1763998.14374237
E3-ecc,20260892,range,vel,0.8009597680663383,1763998.14374237
E3-ecc,20260892,inplane,pos,-0.6462061652292788,11571740.785052668
E3-ecc,20260892,inplane,vel,-0.3406504689316902,11571740.785052668
E3-ecc,20260892,inplane,pos,-0.1498542060549732,105629.24150487807
E3-ecc,20260892,inplane,vel,1.098851357713913,105629.24150487807
E3-ecc,20260892,inplane,pos,0.5094338506477972,485872.3982867062
E3-ecc,20260892,inplane,vel,-0.004298955849650996,485872.3982867062
E3-ecc,20260892,inplane,pos,1.6321886513888475,8993891.570363449
E3-ecc,20260892,inplane,vel,0.16103377317833964,8993891.570363449
E3-ecc,20260892,inplane,pos,2.0657756661319073,837385.313009844
E3-ecc,20260892,inplane,vel,2.0634823818096963,837385.313009844
E3-ecc,20260892,inplane,pos,1.7260290607665851,308526.14877600846
E3-ecc,20260892,inplane,vel,1.889344835677785,308526.14877600846
E3-ecc,20260892,inplane,pos,-0.2961425737212265,1243275.1914075352
E3-ecc,20260892,inplane,vel,-0.49710809545282214,1243275.1914075352
E3-ecc,20260892,inplane,pos,0.6630381500993204,1763998.14374237
E3-ecc,20260892,inplane,vel,-0.14398404629588446,1763998.14374237
E3-ecc,20260892,plane,pos,1.3563410235568873,11571740.785052668
E3-ecc,20260892,plane,vel,0.9454447885370141,11571740.785052668
E3-ecc,20260892,plane,pos,0.887987374065372,105629.24150487807
E3-ecc,20260892,plane,vel,-1.448795632745702,105629.24150487807
E3-ecc,20260892,plane,pos,0.7277247406458511,485872.3982867062
E3-ecc,20260892,plane,vel,-0.6952723806124149,485872.3982867062
E3-ecc,20260892,plane,pos,-0.48697203780469894,8993891.570363449
E3-ecc,20260892,plane,vel,0.7240168064351257,8993891.570363449
E3-ecc,20260892,plane,pos,0.614352004918395,837385.313009844
E3-ecc,20260892,plane,vel,1.3220830751841401,837385.313009844
E3-ecc,20260892,plane,pos,2.5152149065815306,308526.14877600846
E3-ecc,20260892,plane,vel,2.02451426278681,308526.14877600846
E3-ecc,20260892,plane,pos,-1.1656848427736286,1243275.1914075352
E3-ecc,20260892,plane,vel,-0.029604507131747032,1243275.1914075352
E3-ecc,20260892,plane,pos,-0.3400397424853304,1763998.14374237
E3-ecc,20260892,plane,vel,1.5494514577453395,1763998.14374237
E3-ecc,20260892,range,pos,-1.2279182288969201,229621.24401124535
E3-ecc,20260892,range,vel,1.4221425187866439,229621.24401124535
E3-ecc,20260892,range,pos,1.9162086195798327,5575820.259269867
E3-ecc,20260892,range,vel,1.4562021113901535,5575820.259269867
E3-ecc,20260892,range,pos,-2.440279603062621,1081470.2901194023
E3-ecc,20260892,range,vel,2.2512221825429624,1081470.2901194023
E3-ecc,20260892,range,pos,-0.5980849334332073,1599360.529759892
E3-ecc,20260892,range,vel,0.22571117306212674,1599360.529759892
E3-ecc,20260892,range,pos,0.37653565888522467,50646.550338162604
E3-ecc,20260892,range,vel,0.44400728494971703,50646.550338162604
E3-ecc,20260892,range,pos,-0.055045442720004424,17380048.083468135
E3-ecc,20260892,range,vel,0.5211378525326059,17380048.083468135
E3-ecc,20260892,range,pos,0.8555256659965536,41300.10361071764
E3-ecc,20260892,range,vel,0.9491451966676278,41300.10361071764
E3-ecc,20260892,range,pos,-0.022254056388705565,319314.5158252163
E3-ecc,20260892,range,vel,-0.3083660537594168,319314.5158252163
E3-ecc,20260892,inplane,pos,1.951015196978681,229621.24401124535
E3-ecc,20260892,inplane,vel,-0.8098264189697478,229621.24401124535
E3-ecc,20260892,inplane,pos,-1.55357755011049,5575820.259269867
E3-ecc,20260892,inplane,vel,1.7176360256291878,5575820.259269867
E3-ecc,20260892,inplane,pos,-0.28899493542181953,1081470.2901194023
E3-ecc,20260892,inplane,vel,-2.3182049971668475,1081470.2901194023
E3-ecc,20260892,inplane,pos,-0.5837522419044276,1599360.529759892
E3-ecc,20260892,inplane,vel,-0.6233883597907139,1599360.529759892
E3-ecc,20260892,inplane,pos,-0.210039731535871,50646.550338162604
E3-ecc,20260892,inplane,vel,0.8088034797764343,50646.550338162604
E3-ecc,20260892,inplane,pos,-0.7712395002953041,17380048.083468135
E3-ecc,20260892,inplane,vel,1.275486827593231,17380048.083468135
E3-ecc,20260892,inplane,pos,-1.0391854381136607,41300.10361071764
E3-ecc,20260892,inplane,vel,0.8406832258829443,41300.10361071764
E3-ecc,20260892,inplane,pos,-0.4331626125579006,319314.5158252163
E3-ecc,20260892,inplane,vel,-0.13972757274782538,319314.5158252163
E3-ecc,20260892,plane,pos,-0.6809264591766491,229621.24401124535
E3-ecc,20260892,plane,vel,-1.8912846828595704,229621.24401124535
E3-ecc,20260892,plane,pos,1.5095640262880359,5575820.259269867
E3-ecc,20260892,plane,vel,0.18361688380990346,5575820.259269867
E3-ecc,20260892,plane,pos,2.3012837493680967,1081470.2901194023
E3-ecc,20260892,plane,vel,-2.1923985199010323,1081470.2901194023
E3-ecc,20260892,plane,pos,-0.08333407044508706,1599360.529759892
E3-ecc,20260892,plane,vel,-0.3207623678399873,1599360.529759892
E3-ecc,20260892,plane,pos,1.173364816057467,50646.550338162604
E3-ecc,20260892,plane,vel,0.8247315442884949,50646.550338162604
E3-ecc,20260892,plane,pos,0.5970676119513667,17380048.083468135
E3-ecc,20260892,plane,vel,-2.162481148935099,17380048.083468135
E3-ecc,20260892,plane,pos,-0.4208382474110627,41300.10361071764
E3-ecc,20260892,plane,vel,-0.18246183643337638,41300.10361071764
E3-ecc,20260892,plane,pos,-0.3537788560773287,319314.5158252163
E3-ecc,20260892,plane,vel,0.07834464107479636,319314.5158252163
E3-ecc,20260892,range,pos,-51.83250058944987,518835.83697802806
E3-ecc,20260892,range,vel,53.421143260645366,518835.83697802806
E3-ecc,20260892,range,pos,-2.2641512979179015,109046.70752906136
E3-ecc,20260892,range,vel,-0.8864307451485688,109046.70752906136
E3-ecc,20260892,range,pos,-0.8772126060176421,540418.3649854758
E3-ecc,20260892,range,vel,-0.9160541335681388,540418.3649854758
E3-ecc,20260892,range,pos,-1.849610621128318,24470564.774476655
E3-ecc,20260892,range,vel,-1.3538242545229824,24470564.774476655
E3-ecc,20260892,range,pos,-0.5975739116435188,366113.55730666174
E3-ecc,20260892,range,vel,-0.37459177900026996,366113.55730666174
E3-ecc,20260892,range,pos,0.5759332774904845,409878.4801543226
E3-ecc,20260892,range,vel,-0.14793301035884132,409878.4801543226
E3-ecc,20260892,range,pos,-1.383632773588751,6618131.571232026
E3-ecc,20260892,range,vel,1.5768797265214674,6618131.571232026
E3-ecc,20260892,range,pos,0.2946254801765303,125352.14378498186
E3-ecc,20260892,range,vel,-0.6579388558022427,125352.14378498186
E3-ecc,20260892,inplane,pos,2.062328889325847,518835.83697802806
E3-ecc,20260892,inplane,vel,-52.332352106649445,518835.83697802806
E3-ecc,20260892,inplane,pos,-0.4191691712487924,109046.70752906136
E3-ecc,20260892,inplane,vel,2.266218501206514,109046.70752906136
E3-ecc,20260892,inplane,pos,-1.1315998048030136,540418.3649854758
E3-ecc,20260892,inplane,vel,-0.9571785104028484,540418.3649854758
E3-ecc,20260892,inplane,pos,1.132254591059415,24470564.774476655
E3-ecc,20260892,inplane,vel,0.4142482679956514,24470564.774476655
E3-ecc,20260892,inplane,pos,-0.09981899729180205,366113.55730666174
E3-ecc,20260892,inplane,vel,-0.5612880557280548,366113.55730666174
E3-ecc,20260892,inplane,pos,0.9598664882775039,409878.4801543226
E3-ecc,20260892,inplane,vel,0.926649374870637,409878.4801543226
E3-ecc,20260892,inplane,pos,-0.5189797225995687,6618131.571232026
E3-ecc,20260892,inplane,vel,-1.2427853762454153,6618131.571232026
E3-ecc,20260892,inplane,pos,-0.6658191348104555,125352.14378498186
E3-ecc,20260892,inplane,vel,0.05705917487646627,125352.14378498186
E3-ecc,20260892,plane,pos,-3.151649791861277,518835.83697802806
E3-ecc,20260892,plane,vel,-41.835211994542334,518835.83697802806
E3-ecc,20260892,plane,pos,0.5151301904293583,109046.70752906136
E3-ecc,20260892,plane,vel,-1.424877672769341,109046.70752906136
E3-ecc,20260892,plane,pos,-0.5778017298511987,540418.3649854758
E3-ecc,20260892,plane,vel,0.4746166245111879,540418.3649854758
E3-ecc,20260892,plane,pos,1.5603007106546152,24470564.774476655
E3-ecc,20260892,plane,vel,-0.039806924497085776,24470564.774476655
E3-ecc,20260892,plane,pos,-0.5693189894458067,366113.55730666174
E3-ecc,20260892,plane,vel,-0.3748634930046129,366113.55730666174
E3-ecc,20260892,plane,pos,-0.6963702509982288,409878.4801543226
E3-ecc,20260892,plane,vel,0.5775234858588361,409878.4801543226
E3-ecc,20260892,plane,pos,-0.9454061082104089,6618131.571232026
E3-ecc,20260892,plane,vel,-1.6448903766575553,6618131.571232026
E3-ecc,20260892,plane,pos,0.4845828833069362,125352.14378498186
E3-ecc,20260892,plane,vel,0.07539658984358873,125352.14378498186
E3-ecc,20260892,range,pos,2.2395532636600612,19405169.894706275
E3-ecc,20260892,range,vel,0.8318353345570535,19405169.894706275
E3-ecc,20260892,range,pos,-0.10295345205115318,58462.13964168708
E3-ecc,20260892,range,vel,1.1877494886362707,58462.13964168708
E3-ecc,20260892,range,pos,1.1788693545242814,145287.07256265546
E3-ecc,20260892,range,vel,1.205631610029161,145287.07256265546
E3-ecc,20260892,range,pos,-0.8017839544647406,160350.21198141726
E3-ecc,20260892,range,vel,-0.9980138361545114,160350.21198141726
E3-ecc,20260892,range,pos,-0.16276604977659104,104336.73189499861
E3-ecc,20260892,range,vel,-0.6305715825989637,104336.73189499861
E3-ecc,20260892,range,pos,1.1879095289905983,3400602.8187677413
E3-ecc,20260892,range,vel,-0.0017902825960942393,3400602.8187677413
E3-ecc,20260892,range,pos,1.6809395243285308,181748.75480325476
E3-ecc,20260892,range,vel,-0.3180583517220811,181748.75480325476
E3-ecc,20260892,range,pos,-0.7279679625162662,1081470.0602481412
E3-ecc,20260892,range,vel,-1.425044251743308,1081470.0602481412
E3-ecc,20260892,inplane,pos,-1.1886523630346457,19405169.894706275
E3-ecc,20260892,inplane,vel,-1.9362737180301206,19405169.894706275
E3-ecc,20260892,inplane,pos,-1.1304179351056642,58462.13964168708
E3-ecc,20260892,inplane,vel,1.0152134048099273,58462.13964168708
E3-ecc,20260892,inplane,pos,0.8817490930412225,145287.07256265546
E3-ecc,20260892,inplane,vel,1.0596854368605764,145287.07256265546
E3-ecc,20260892,inplane,pos,-1.3786929895135314,160350.21198141726
E3-ecc,20260892,inplane,vel,-0.6662910533248747,160350.21198141726
E3-ecc,20260892,inplane,pos,-0.40216664278770553,104336.73189499861
E3-ecc,20260892,inplane,vel,-0.06078248592071201,104336.73189499861
E3-ecc,20260892,inplane,pos,-0.48400925710842935,3400602.8187677413
E3-ecc,20260892,inplane,vel,1.2479640739923339,3400602.8187677413
E3-ecc,20260892,inplane,pos,-0.7127803791885575,181748.75480325476
E3-ecc,20260892,inplane,vel,-1.6877146072920315,181748.75480325476
E3-ecc,20260892,inplane,pos,-2.5283982946301444,1081470.0602481412
E3-ecc,20260892,inplane,vel,0.12793146645965667,1081470.0602481412
E3-ecc,20260892,plane,pos,-1.7025715815104339,19405169.894706275
E3-ecc,20260892,plane,vel,-0.12599155606561216,19405169.894706275
E3-ecc,20260892,plane,pos,1.1174771434049768,58462.13964168708
E3-ecc,20260892,plane,vel,0.28371749380443706,58462.13964168708
E3-ecc,20260892,plane,pos,-0.5862193536363564,145287.07256265546
E3-ecc,20260892,plane,vel,0.01175174596019841,145287.07256265546
E3-ecc,20260892,plane,pos,1.3919333310032622,160350.21198141726
E3-ecc,20260892,plane,vel,1.5283015920569418,160350.21198141726
E3-ecc,20260892,plane,pos,0.21653705673675464,104336.73189499861
E3-ecc,20260892,plane,vel,-1.4167348323192523,104336.73189499861
E3-ecc,20260892,plane,pos,-0.21508351590467295,3400602.8187677413
E3-ecc,20260892,plane,vel,-0.7234557567059217,3400602.8187677413
E3-ecc,20260892,plane,pos,0.34485112548732944,181748.75480325476
E3-ecc,20260892,plane,vel,0.6354967707647198,181748.75480325476
E3-ecc,20260892,plane,pos,0.921726641910213,1081470.0602481412
E3-ecc,20260892,plane,vel,0.6845783972857095,1081470.0602481412
E3-ecc,20260899,range,pos,0.28508592501300756,1702997.2983491085
E3-ecc,20260899,range,vel,-0.5553472427345205,1702997.2983491085
E3-ecc,20260899,range,pos,-0.25953867521592794,497568.83402439475
E3-ecc,20260899,range,vel,-0.9938188914149513,497568.83402439475
E3-ecc,20260899,range,pos,0.2623049812567027,358841.47206237534
E3-ecc,20260899,range,vel,-0.29602078813828336,358841.47206237534
E3-ecc,20260899,range,pos,-1.243973195710949,288584.6082841113
E3-ecc,20260899,range,vel,1.831073335010516,288584.6082841113
E3-ecc,20260899,range,pos,4.813793425302257,319193.4072510331
E3-ecc,20260899,range,vel,-4.876418512309864,319193.4072510331
E3-ecc,20260899,range,pos,-0.27991135664077654,1259547.6813576806
E3-ecc,20260899,range,vel,0.6653995456679516,1259547.6813576806
E3-ecc,20260899,range,pos,-1.7980049777539189,1092353.9135184602
E3-ecc,20260899,range,vel,0.4206895458222916,1092353.9135184602
E3-ecc,20260899,range,pos,0.7174921684540234,1541826.2566653534
E3-ecc,20260899,range,vel,1.5745441122035673,1541826.2566653534
E3-ecc,20260899,inplane,pos,-0.21235675403658266,1702997.2983491085
E3-ecc,20260899,inplane,vel,0.07055205064400673,1702997.2983491085
E3-ecc,20260899,inplane,pos,-0.7472386445213441,497568.83402439475
E3-ecc,20260899,inplane,vel,-0.5037268970477996,497568.83402439475
E3-ecc,20260899,inplane,pos,0.036861205851181494,358841.47206237534
E3-ecc,20260899,inplane,vel,0.20568892764320648,358841.47206237534
E3-ecc,20260899,inplane,pos,0.681198533995302,288584.6082841113
E3-ecc,20260899,inplane,vel,0.21721149808612367,288584.6082841113
E3-ecc,20260899,inplane,pos,10.85988606267889,319193.4072510331
E3-ecc,20260899,inplane,vel,8.713793079882631,319193.4072510331
E3-ecc,20260899,inplane,pos,0.5397459205932386,1259547.6813576806
E3-ecc,20260899,inplane,vel,-0.27172743430402446,1259547.6813576806
E3-ecc,20260899,inplane,pos,-1.5253929463089344,1092353.9135184602
E3-ecc,20260899,inplane,vel,-1.6860240262351778,1092353.9135184602
E3-ecc,20260899,inplane,pos,1.6808618475251937,1541826.2566653534
E3-ecc,20260899,inplane,vel,0.9523125214241821,1541826.2566653534
E3-ecc,20260899,plane,pos,-0.4908157532308699,1702997.2983491085
E3-ecc,20260899,plane,vel,-1.4151467197624032,1702997.2983491085
E3-ecc,20260899,plane,pos,0.6756357125990878,497568.83402439475
E3-ecc,20260899,plane,vel,1.2929098189184998,497568.83402439475
E3-ecc,20260899,plane,pos,-0.5361559799525911,358841.47206237534
E3-ecc,20260899,plane,vel,0.7344812704568673,358841.47206237534
E3-ecc,20260899,plane,pos,0.022745046569593738,288584.6082841113
E3-ecc,20260899,plane,vel,-0.46897890491464256,288584.6082841113
E3-ecc,20260899,plane,pos,-0.7831682645233753,319193.4072510331
E3-ecc,20260899,plane,vel,2.9123459180513738,319193.4072510331
E3-ecc,20260899,plane,pos,0.06224793735923533,1259547.6813576806
E3-ecc,20260899,plane,vel,-0.7289300951178239,1259547.6813576806
E3-ecc,20260899,plane,pos,-0.04220019942834937,1092353.9135184602
E3-ecc,20260899,plane,vel,-1.0810693623862,1092353.9135184602
E3-ecc,20260899,plane,pos,-0.6507686502553142,1541826.2566653534
E3-ecc,20260899,plane,vel,-0.41103189694716386,1541826.2566653534
E3-ecc,20260899,range,pos,0.21868958160497548,89322.0155601907
E3-ecc,20260899,range,vel,0.28891156228141107,89322.0155601907
E3-ecc,20260899,range,pos,0.1891453706927036,76050.30894715655
E3-ecc,20260899,range,vel,-0.3697412547811749,76050.30894715655
E3-ecc,20260899,range,pos,-0.10799070743954411,892477.0725621224
E3-ecc,20260899,range,vel,0.549067905718416,892477.0725621224
E3-ecc,20260899,range,pos,-0.5555903027626791,154643.34354873424
E3-ecc,20260899,range,vel,-0.8413091634958051,154643.34354873424
E3-ecc,20260899,range,pos,29.97426787248007,114972.82377275183
E3-ecc,20260899,range,vel,27.119733806791377,114972.82377275183
E3-ecc,20260899,range,pos,0.8972234558662583,76020.25706243885
E3-ecc,20260899,range,vel,0.6895073326124865,76020.25706243885
E3-ecc,20260899,range,pos,-0.7216157602004662,153907.54594518454
E3-ecc,20260899,range,vel,0.1497997301981479,153907.54594518454
E3-ecc,20260899,range,pos,-0.13121469065481373,59786.18968473358
E3-ecc,20260899,range,vel,-1.4962583289347224,59786.18968473358
E3-ecc,20260899,inplane,pos,-0.9070901571455912,89322.0155601907
E3-ecc,20260899,inplane,vel,-1.2667539927640914,89322.0155601907
E3-ecc,20260899,inplane,pos,-0.046724163151561346,76050.30894715655
E3-ecc,20260899,inplane,vel,-0.016144809290511833,76050.30894715655
E3-ecc,20260899,inplane,pos,0.7755710895623755,892477.0725621224
E3-ecc,20260899,inplane,vel,0.06037217491672323,892477.0725621224
E3-ecc,20260899,inplane,pos,-0.7567402085609449,154643.34354873424
E3-ecc,20260899,inplane,vel,0.6486827432563974,154643.34354873424
E3-ecc,20260899,inplane,pos,-18.4276497743248,114972.82377275183
E3-ecc,20260899,inplane,vel,31.133954382445616,114972.82377275183
E3-ecc,20260899,inplane,pos,-0.7230649750564574,76020.25706243885
E3-ecc,20260899,inplane,vel,1.2281955135215874,76020.25706243885
E3-ecc,20260899,inplane,pos,-0.08340256757151351,153907.54594518454
E3-ecc,20260899,inplane,vel,-0.6119115649036554,153907.54594518454
E3-ecc,20260899,inplane,pos,0.9699278693179155,59786.18968473358
E3-ecc,20260899,inplane,vel,0.1595862866773905,59786.18968473358
E3-ecc,20260899,plane,pos,0.07139341671788375,89322.0155601907
E3-ecc,20260899,plane,vel,1.0536602320126256,89322.0155601907
E3-ecc,20260899,plane,pos,-1.8391384263031674,76050.30894715655
E3-ecc,20260899,plane,vel,-0.795307975406301,76050.30894715655
E3-ecc,20260899,plane,pos,0.5756948047844325,892477.0725621224
E3-ecc,20260899,plane,vel,-0.09930815051661422,892477.0725621224
E3-ecc,20260899,plane,pos,0.9478471572120607,154643.34354873424
E3-ecc,20260899,plane,vel,-0.5717373679580856,154643.34354873424
E3-ecc,20260899,plane,pos,28.878363077221188,114972.82377275183
E3-ecc,20260899,plane,vel,32.8397179533611,114972.82377275183
E3-ecc,20260899,plane,pos,-1.9066960558853259,76020.25706243885
E3-ecc,20260899,plane,vel,-0.39518522085280605,76020.25706243885
E3-ecc,20260899,plane,pos,-1.6134026273466757,153907.54594518454
E3-ecc,20260899,plane,vel,0.6602357306404995,153907.54594518454
E3-ecc,20260899,plane,pos,-0.5976637455969663,59786.18968473358
E3-ecc,20260899,plane,vel,0.8563142355822438,59786.18968473358
E3-ecc,20260899,range,pos,1.0939298351350453,100748.41975164636
E3-ecc,20260899,range,vel,-0.49998612783742263,100748.41975164636
E3-ecc,20260899,range,pos,1.1041082269396392,3923182.3992074216
E3-ecc,20260899,range,vel,-0.48112891149498566,3923182.3992074216
E3-ecc,20260899,range,pos,-1.700492162059082,100925.53835383701
E3-ecc,20260899,range,vel,-1.0469727649049418,100925.53835383701
E3-ecc,20260899,range,pos,0.8938377768604892,20596662.654945407
E3-ecc,20260899,range,vel,-0.5714929610292258,20596662.654945407
E3-ecc,20260899,range,pos,-0.34070444390346505,6933767.373896832
E3-ecc,20260899,range,vel,-0.28981572472074574,6933767.373896832
E3-ecc,20260899,range,pos,0.3423776097991808,369928.65812286676
E3-ecc,20260899,range,vel,0.25591919151040055,369928.65812286676
E3-ecc,20260899,range,pos,-0.7335714427252873,2569418.940201861
E3-ecc,20260899,range,vel,0.5558388555939187,2569418.940201861
E3-ecc,20260899,range,pos,1.3242022645166054,524509.9490647939
E3-ecc,20260899,range,vel,-1.2889037173559657,524509.9490647939
E3-ecc,20260899,inplane,pos,1.0363806953551764,100748.41975164636
E3-ecc,20260899,inplane,vel,1.0893743374131344,100748.41975164636
E3-ecc,20260899,inplane,pos,0.7555247229441965,3923182.3992074216
E3-ecc,20260899,inplane,vel,0.6615138559435262,3923182.3992074216
E3-ecc,20260899,inplane,pos,0.011015816753531554,100925.53835383701
E3-ecc,20260899,inplane,vel,-1.5971408866927232,100925.53835383701
E3-ecc,20260899,inplane,pos,1.3425790806758533,20596662.654945407
E3-ecc,20260899,inplane,vel,1.0804808004694135,20596662.654945407
E3-ecc,20260899,inplane,pos,-1.2273293738334128,6933767.373896832
E3-ecc,20260899,inplane,vel,-0.8998300550737561,6933767.373896832
E3-ecc,20260899,inplane,pos,0.4019498153588536,369928.65812286676
E3-ecc,20260899,inplane,vel,0.4991672542515576,369928.65812286676
E3-ecc,20260899,inplane,pos,-0.051878854818833225,2569418.940201861
E3-ecc,20260899,inplane,vel,-0.6312811625537859,2569418.940201861
E3-ecc,20260899,inplane,pos,0.7050047508042596,524509.9490647939
E3-ecc,20260899,inplane,vel,0.890149235517796,524509.9490647939
E3-ecc,20260899,plane,pos,0.18124271654426682,100748.41975164636
E3-ecc,20260899,plane,vel,0.3674847430977001,100748.41975164636
E3-ecc,20260899,plane,pos,-1.2224369507205834,3923182.3992074216
E3-ecc,20260899,plane,vel,-0.3099749869929015,3923182.3992074216
E3-ecc,20260899,plane,pos,1.3468732938623964,100925.53835383701
E3-ecc,20260899,plane,vel,1.092874260756344,100925.53835383701
E3-ecc,20260899,plane,pos,0.6766318886027303,20596662.654945407
E3-ecc,20260899,plane,vel,-0.49882988906746645,20596662.654945407
E3-ecc,20260899,plane,pos,1.0443891617774306,6933767.373896832
E3-ecc,20260899,plane,vel,-0.31478728553728563,6933767.373896832
E3-ecc,20260899,plane,pos,-0.22894330358826187,369928.65812286676
E3-ecc,20260899,plane,vel,-0.47747763049051145,369928.65812286676
E3-ecc,20260899,plane,pos,2.937984738619539,2569418.940201861
E3-ecc,20260899,plane,vel,1.520284098400948,2569418.940201861
E3-ecc,20260899,plane,pos,0.01001926633701227,524509.9490647939
E3-ecc,20260899,plane,vel,-1.1643737583173306,524509.9490647939
E3-ecc,20260899,range,pos,-0.3713806757071901,1826783.6077108728
E3-ecc,20260899,range,vel,0.5071422977766725,1826783.6077108728
E3-ecc,20260899,range,pos,-1.2246677161823534,45702.23536911094
E3-ecc,20260899,range,vel,-0.38720912903825344,45702.23536911094
E3-ecc,20260899,range,pos,-1.929399484875365,25952776.121119447
E3-ecc,20260899,range,vel,1.0180774953398872,25952776.121119447
E3-ecc,20260899,range,pos,-0.6023216846369535,440240.1944690753
E3-ecc,20260899,range,vel,0.21897036671305858,440240.1944690753
E3-ecc,20260899,range,pos,-2.2366841763739833,105404.50527409327
E3-ecc,20260899,range,vel,1.7186321061569356,105404.50527409327
E3-ecc,20260899,range,pos,-1.4150442377450432,175304.28335844268
E3-ecc,20260899,range,vel,0.9950451709887986,175304.28335844268
E3-ecc,20260899,range,pos,0.006094856487004569,381154.7516226375
E3-ecc,20260899,range,vel,0.43797994578483734,381154.7516226375
E3-ecc,20260899,range,pos,-0.0032378425557873843,421521.14657399565
E3-ecc,20260899,range,vel,-0.6572215723546313,421521.14657399565
E3-ecc,20260899,inplane,pos,-0.3093973710027128,1826783.6077108728
E3-ecc,20260899,inplane,vel,-0.5336535151140668,1826783.6077108728
E3-ecc,20260899,inplane,pos,-0.6699816771282506,45702.23536911094
E3-ecc,20260899,inplane,vel,0.7236281342423949,45702.23536911094
E3-ecc,20260899,inplane,pos,-0.5545481934624903,25952776.121119447
E3-ecc,20260899,inplane,vel,0.8548155563266051,25952776.121119447
E3-ecc,20260899,inplane,pos,-0.2865589439189138,440240.1944690753
E3-ecc,20260899,inplane,vel,-0.5171808601025305,440240.1944690753
E3-ecc,20260899,inplane,pos,-0.998736239018829,105404.50527409327
E3-ecc,20260899,inplane,vel,-2.2160958959782087,105404.50527409327
E3-ecc,20260899,inplane,pos,-0.6648833917539875,175304.28335844268
E3-ecc,20260899,inplane,vel,-1.7444284344658987,175304.28335844268
E3-ecc,20260899,inplane,pos,2.062292872267035,381154.7516226375
E3-ecc,20260899,inplane,vel,0.9450391045882806,381154.7516226375
E3-ecc,20260899,inplane,pos,-1.0862631834175758,421521.14657399565
E3-ecc,20260899,inplane,vel,-0.2426153381314667,421521.14657399565
E3-ecc,20260899,plane,pos,-0.4067463966563473,1826783.6077108728
E3-ecc,20260899,plane,vel,-0.2204593254595045,1826783.6077108728
E3-ecc,20260899,plane,pos,0.6602240093060122,45702.23536911094
E3-ecc,20260899,plane,vel,1.186323193322997,45702.23536911094
E3-ecc,20260899,plane,pos,0.5410829200114704,25952776.121119447
E3-ecc,20260899,plane,vel,0.09767894091694809,25952776.121119447
E3-ecc,20260899,plane,pos,-0.9442573721686438,440240.1944690753
E3-ecc,20260899,plane,vel,-0.5600653650139862,440240.1944690753
E3-ecc,20260899,plane,pos,0.5262121956247013,105404.50527409327
E3-ecc,20260899,plane,vel,1.1975575115414638,105404.50527409327
E3-ecc,20260899,plane,pos,1.9252429693030937,175304.28335844268
E3-ecc,20260899,plane,vel,-0.5135111918730093,175304.28335844268
E3-ecc,20260899,plane,pos,0.602666385165515,381154.7516226375
E3-ecc,20260899,plane,vel,-0.3737596169286144,381154.7516226375
E3-ecc,20260899,plane,pos,-1.2542297681996966,421521.14657399565
E3-ecc,20260899,plane,vel,0.5811343364081624,421521.14657399565
E3-ecc,20260899,range,pos,0.29536913942808746,520486.2748025768
E3-ecc,20260899,range,vel,0.3119453092272131,520486.2748025768
E3-ecc,20260899,range,pos,0.964076240196473,460297.61274707405
E3-ecc,20260899,range,vel,-1.3506797315917338,460297.61274707405
E3-ecc,20260899,range,pos,0.9203258396156521,1113056.6637815982
E3-ecc,20260899,range,vel,1.120661893971506,1113056.6637815982
E3-ecc,20260899,range,pos,-1.6008358414382704,150785.60145394065
E3-ecc,20260899,range,vel,1.4173277136292308,150785.60145394065
E3-ecc,20260899,range,pos,2.973185738679953,924100.9460478883
E3-ecc,20260899,range,vel,2.741883266214222,924100.9460478883
E3-ecc,20260899,range,pos,0.5300454272486173,38283.060570287744
E3-ecc,20260899,range,vel,-0.6378964361350165,38283.060570287744
E3-ecc,20260899,range,pos,-0.5709827556715246,749129.5219529009
E3-ecc,20260899,range,vel,-0.5715382953903051,749129.5219529009
E3-ecc,20260899,range,pos,-1.1878168011205508,12562491.89729905
E3-ecc,20260899,range,vel,0.8412271803399037,12562491.89729905
E3-ecc,20260899,inplane,pos,0.38676648944034,520486.2748025768
E3-ecc,20260899,inplane,vel,0.15874919270314888,520486.2748025768
E3-ecc,20260899,inplane,pos,0.2597435316806572,460297.61274707405
E3-ecc,20260899,inplane,vel,0.995738565844111,460297.61274707405
E3-ecc,20260899,inplane,pos,0.770155049684712,1113056.6637815982
E3-ecc,20260899,inplane,vel,0.9717471728231508,1113056.6637815982
E3-ecc,20260899,inplane,pos,-0.21366354219809672,150785.60145394065
E3-ecc,20260899,inplane,vel,-1.7768377308507695,150785.60145394065
E3-ecc,20260899,inplane,pos,1.901787853542434,924100.9460478883
E3-ecc,20260899,inplane,vel,2.721675613683539,924100.9460478883
E3-ecc,20260899,inplane,pos,1.1927128383383143,38283.060570287744
E3-ecc,20260899,inplane,vel,1.2770092503599992,38283.060570287744
E3-ecc,20260899,inplane,pos,0.14817954019171783,749129.5219529009
E3-ecc,20260899,inplane,vel,0.5980231598022904,749129.5219529009
E3-ecc,20260899,inplane,pos,-1.2659107013250843,12562491.89729905
E3-ecc,20260899,inplane,vel,-1.2310799275279305,12562491.89729905
E3-ecc,20260899,plane,pos,0.1819497652438488,520486.2748025768
E3-ecc,20260899,plane,vel,-0.9072178229941528,520486.2748025768
E3-ecc,20260899,plane,pos,-0.8281958846259476,460297.61274707405
E3-ecc,20260899,plane,vel,0.38484422860098405,460297.61274707405
E3-ecc,20260899,plane,pos,0.8192225278656379,1113056.6637815982
E3-ecc,20260899,plane,vel,2.079732861651939,1113056.6637815982
E3-ecc,20260899,plane,pos,1.689664891672518,150785.60145394065
E3-ecc,20260899,plane,vel,-0.05202337862979471,150785.60145394065
E3-ecc,20260899,plane,pos,1.7319100992369458,924100.9460478883
E3-ecc,20260899,plane,vel,0.46826678760807844,924100.9460478883
E3-ecc,20260899,plane,pos,-1.2791359422764081,38283.060570287744
E3-ecc,20260899,plane,vel,-0.12013286178569128,38283.060570287744
E3-ecc,20260899,plane,pos,0.0005372470770229921,749129.5219529009
E3-ecc,20260899,plane,vel,-0.5638408621310357,749129.5219529009
E3-ecc,20260899,plane,pos,-0.010758742486648482,12562491.89729905
E3-ecc,20260899,plane,vel,-1.6124268930548555,12562491.89729905
E3-ecc,20260899,range,pos,1.2231024822014414,95551.5082420744
E3-ecc,20260899,range,vel,-2.408072282198062,95551.5082420744
E3-ecc,20260899,range,pos,1.3517150352591194,67241.42965887648
E3-ecc,20260899,range,vel,2.8683618723319317,67241.42965887648
E3-ecc,20260899,range,pos,0.6545212851306424,239801.3734452187
E3-ecc,20260899,range,vel,-0.8286217345532172,239801.3734452187
E3-ecc,20260899,range,pos,-1.4596420328585926,4665212.261306944
E3-ecc,20260899,range,vel,1.695474471558922,4665212.261306944
E3-ecc,20260899,range,pos,1.4842015553979617,130157.99080308662
E3-ecc,20260899,range,vel,-1.2224281846651452,130157.99080308662
E3-ecc,20260899,range,pos,-0.1830384602403836,343599.0924003885
E3-ecc,20260899,range,vel,1.5845715578243444,343599.0924003885
E3-ecc,20260899,range,pos,-0.47817072031836916,362980.6489874908
E3-ecc,20260899,range,vel,-0.6549874445253745,362980.6489874908
E3-ecc,20260899,range,pos,-0.29867029427039515,535444.5977845899
E3-ecc,20260899,range,vel,-0.05682118505435353,535444.5977845899
E3-ecc,20260899,inplane,pos,0.7205222175186896,95551.5082420744
E3-ecc,20260899,inplane,vel,0.19090508820706614,95551.5082420744
E3-ecc,20260899,inplane,pos,0.5126313927747695,67241.42965887648
E3-ecc,20260899,inplane,vel,1.3136069840529612,67241.42965887648
E3-ecc,20260899,inplane,pos,0.2716703802549287,239801.3734452187
E3-ecc,20260899,inplane,vel,0.4994427889964923,239801.3734452187
E3-ecc,20260899,inplane,pos,-0.8263817462020444,4665212.261306944
E3-ecc,20260899,inplane,vel,-1.369560161336214,4665212.261306944
E3-ecc,20260899,inplane,pos,-1.4446074568543747,130157.99080308662
E3-ecc,20260899,inplane,vel,-2.2242400814937024,130157.99080308662
E3-ecc,20260899,inplane,pos,1.3389322903947796,343599.0924003885
E3-ecc,20260899,inplane,vel,0.14004686381696074,343599.0924003885
E3-ecc,20260899,inplane,pos,-1.2803839252961313,362980.6489874908
E3-ecc,20260899,inplane,vel,-0.97537427439312,362980.6489874908
E3-ecc,20260899,inplane,pos,-0.9576569795572134,535444.5977845899
E3-ecc,20260899,inplane,vel,-0.58168665897126,535444.5977845899
E3-ecc,20260899,plane,pos,0.0951437857176332,95551.5082420744
E3-ecc,20260899,plane,vel,-0.08255431032685949,95551.5082420744
E3-ecc,20260899,plane,pos,1.6511734758187175,67241.42965887648
E3-ecc,20260899,plane,vel,2.461186330130118,67241.42965887648
E3-ecc,20260899,plane,pos,0.18683844006404185,239801.3734452187
E3-ecc,20260899,plane,vel,-1.894264707847238,239801.3734452187
E3-ecc,20260899,plane,pos,0.09523289642144117,4665212.261306944
E3-ecc,20260899,plane,vel,0.4400714390530396,4665212.261306944
E3-ecc,20260899,plane,pos,-1.127859649985109,130157.99080308662
E3-ecc,20260899,plane,vel,0.32163616873438977,130157.99080308662
E3-ecc,20260899,plane,pos,-0.8206230550505222,343599.0924003885
E3-ecc,20260899,plane,vel,0.14084972697994683,343599.0924003885
E3-ecc,20260899,plane,pos,0.08745386972211434,362980.6489874908
E3-ecc,20260899,plane,vel,0.8911556469239765,362980.6489874908
E3-ecc,20260899,plane,pos,-0.13074216431828867,535444.5977845899
E3-ecc,20260899,plane,vel,-0.18706162149123728,535444.5977845899
E3-ecc,20260906,range,pos,-0.15005311632570248,179311.91119029815
E3-ecc,20260906,range,vel,-0.03976787631142016,179311.91119029815
E3-ecc,20260906,range,pos,0.5750479228114486,858940.2075221438
E3-ecc,20260906,range,vel,-0.5867969310974391,858940.2075221438
E3-ecc,20260906,range,pos,-0.8201141978307661,586278.2964565179
E3-ecc,20260906,range,vel,-0.8291275791682874,586278.2964565179
E3-ecc,20260906,range,pos,0.4776643156480386,389087.37042323424
E3-ecc,20260906,range,vel,-0.44032184828684606,389087.37042323424
E3-ecc,20260906,range,pos,0.9750326885792291,358759.58438798215
E3-ecc,20260906,range,vel,0.7784452729547257,358759.58438798215
E3-ecc,20260906,range,pos,-0.6381390787472242,430793.66833991755
E3-ecc,20260906,range,vel,0.6376505044535871,430793.66833991755
E3-ecc,20260906,range,pos,0.9730422531089168,835705.4626695144
E3-ecc,20260906,range,vel,-0.7456799336997808,835705.4626695144
E3-ecc,20260906,range,pos,0.17632529881667205,91255.09987969187
E3-ecc,20260906,range,vel,0.0314330966589825,91255.09987969187
E3-ecc,20260906,inplane,pos,0.3181680872104142,179311.91119029815
E3-ecc,20260906,inplane,vel,-0.05995372055376047,179311.91119029815
E3-ecc,20260906,inplane,pos,0.3595414967726556,858940.2075221438
E3-ecc,20260906,inplane,vel,0.933586711992456,858940.2075221438
E3-ecc,20260906,inplane,pos,1.5084110253151362,586278.2964565179
E3-ecc,20260906,inplane,vel,-0.06321149274048973,586278.2964565179
E3-ecc,20260906,inplane,pos,0.3487783651112161,389087.37042323424
E3-ecc,20260906,inplane,vel,0.37032178125214105,389087.37042323424
E3-ecc,20260906,inplane,pos,1.6853828778404778,358759.58438798215
E3-ecc,20260906,inplane,vel,1.8111042809741003,358759.58438798215
E3-ecc,20260906,inplane,pos,0.2577956275185607,430793.66833991755
E3-ecc,20260906,inplane,vel,0.5560009448535669,430793.66833991755
E3-ecc,20260906,inplane,pos,0.4776806536091942,835705.4626695144
E3-ecc,20260906,inplane,vel,0.6904645430429999,835705.4626695144
E3-ecc,20260906,inplane,pos,-0.6828537673286722,91255.09987969187
E3-ecc,20260906,inplane,vel,-0.7563993146798105,91255.09987969187
E3-ecc,20260906,plane,pos,-0.0699494071134498,179311.91119029815
E3-ecc,20260906,plane,vel,0.6743767418610276,179311.91119029815
E3-ecc,20260906,plane,pos,0.6818401971379366,858940.2075221438
E3-ecc,20260906,plane,vel,1.2999582390038595,858940.2075221438
E3-ecc,20260906,plane,pos,1.239625156560988,586278.2964565179
E3-ecc,20260906,plane,vel,0.6455854106472528,586278.2964565179
E3-ecc,20260906,plane,pos,0.07874482645931727,389087.37042323424
E3-ecc,20260906,plane,vel,-0.3177983082921162,389087.37042323424
E3-ecc,20260906,plane,pos,-0.15801297311140772,358759.58438798215
E3-ecc,20260906,plane,vel,-0.10961155719055865,358759.58438798215
E3-ecc,20260906,plane,pos,1.279019150127724,430793.66833991755
E3-ecc,20260906,plane,vel,-1.1529544510446998,430793.66833991755
E3-ecc,20260906,plane,pos,-0.43592808965221536,835705.4626695144
E3-ecc,20260906,plane,vel,1.5700311728140435,835705.4626695144
E3-ecc,20260906,plane,pos,-1.167733453338837,91255.09987969187
E3-ecc,20260906,plane,vel,-1.0255412558716632,91255.09987969187
E3-ecc,20260906,range,pos,-0.02609073928294407,19981664.812665604
E3-ecc,20260906,range,vel,-0.2279539512745967,19981664.812665604
E3-ecc,20260906,range,pos,-0.4645559003884478,48632.23592641143
E3-ecc,20260906,range,vel,0.574001955037372,48632.23592641143
E3-ecc,20260906,range,pos,0.6596627574185324,400923.7007969492
E3-ecc,20260906,range,vel,0.08956658763528455,400923.7007969492
E3-ecc,20260906,range,pos,0.19676710080910353,26074751.03278829
E3-ecc,20260906,range,vel,-0.32556191330968837,26074751.03278829
E3-ecc,20260906,range,pos,-0.712455409869922,16452993.498057889
E3-ecc,20260906,range,vel,-0.6611150351359658,16452993.498057889
E3-ecc,20260906,range,pos,-1.3344617911537842,116656.08494202934
E3-ecc,20260906,range,vel,1.4501853637937199,116656.08494202934
E3-ecc,20260906,range,pos,0.1936472417829565,56480.05829551824
E3-ecc,20260906,range,vel,-1.3707793736335627,56480.05829551824
E3-ecc,20260906,range,pos,0.32838428319084545,21986224.615527254
E3-ecc,20260906,range,vel,0.25568686294195375,21986224.615527254
E3-ecc,20260906,inplane,pos,0.5743977301025393,19981664.812665604
E3-ecc,20260906,inplane,vel,0.7364123178945593,19981664.812665604
E3-ecc,20260906,inplane,pos,-0.15618591946556692,48632.23592641143
E3-ecc,20260906,inplane,vel,-0.04014747578392188,48632.23592641143
E3-ecc,20260906,inplane,pos,0.3676285586288169,400923.7007969492
E3-ecc,20260906,inplane,vel,0.560818413206394,400923.7007969492
E3-ecc,20260906,inplane,pos,0.44482664265408267,26074751.03278829
E3-ecc,20260906,inplane,vel,-0.7660562202179917,26074751.03278829
E3-ecc,20260906,inplane,pos,0.8784067308030523,16452993.498057889
E3-ecc,20260906,inplane,vel,-0.8536239220966425,16452993.498057889
E3-ecc,20260906,inplane,pos,0.6776995410488252,116656.08494202934
E3-ecc,20260906,inplane,vel,-0.5519778553024393,116656.08494202934
E3-ecc,20260906,inplane,pos,-0.5982987344604414,56480.05829551824
E3-ecc,20260906,inplane,vel,-0.3504628286791946,56480.05829551824
E3-ecc,20260906,inplane,pos,0.21050321920598478,21986224.615527254
E3-ecc,20260906,inplane,vel,-0.37969052622824717,21986224.615527254
E3-ecc,20260906,plane,pos,-1.3648613064320132,19981664.812665604
E3-ecc,20260906,plane,vel,-0.9768517155827435,19981664.812665604
E3-ecc,20260906,plane,pos,-0.7424840635226269,48632.23592641143
E3-ecc,20260906,plane,vel,-0.8468373440713999,48632.23592641143
E3-ecc,20260906,plane,pos,1.4386331920467765,400923.7007969492
E3-ecc,20260906,plane,vel,1.5918571812537514,400923.7007969492
E3-ecc,20260906,plane,pos,-0.8778208554348697,26074751.03278829
E3-ecc,20260906,plane,vel,0.9999172649912158,26074751.03278829
E3-ecc,20260906,plane,pos,0.7109673962370455,16452993.498057889
E3-ecc,20260906,plane,vel,0.829017967202447,16452993.498057889
E3-ecc,20260906,plane,pos,-0.6283962707718279,116656.08494202934
E3-ecc,20260906,plane,vel,1.0503717917294648,116656.08494202934
E3-ecc,20260906,plane,pos,1.5250590179302077,56480.05829551824
E3-ecc,20260906,plane,vel,0.3949793828027786,56480.05829551824
E3-ecc,20260906,plane,pos,-1.0897252831932904,21986224.615527254
E3-ecc,20260906,plane,vel,2.0402440414642182,21986224.615527254
E3-ecc,20260906,range,pos,1.0521054707525013,1000348.3579604217
E3-ecc,20260906,range,vel,1.8912519720141658,1000348.3579604217
E3-ecc,20260906,range,pos,0.35210957726078723,10843172.891482815
E3-ecc,20260906,range,vel,1.1580231125351717,10843172.891482815
E3-ecc,20260906,range,pos,0.03275222624557082,610876.9326739396
E3-ecc,20260906,range,vel,0.20593027826278687,610876.9326739396
E3-ecc,20260906,range,pos,-0.11736644989125068,1709070.5750290444
E3-ecc,20260906,range,vel,-0.6868584694882074,1709070.5750290444
E3-ecc,20260906,range,pos,-0.7583056274411587,609601.3753626113
E3-ecc,20260906,range,vel,2.6621098746336394,609601.3753626113
E3-ecc,20260906,range,pos,-0.1422803591679366,3711984.0854641623
E3-ecc,20260906,range,vel,-1.077303890001931,3711984.0854641623
E3-ecc,20260906,range,pos,2.09403449393417,26219799.519215733
E3-ecc,20260906,range,vel,-1.3078229764751998,26219799.519215733
E3-ecc,20260906,range,pos,0.22455149185170548,1348148.134308345
E3-ecc,20260906,range,vel,-1.3909212068083823,1348148.134308345
E3-ecc,20260906,inplane,pos,2.0955871225419256,1000348.3579604217
E3-ecc,20260906,inplane,vel,1.2930360666447727,1000348.3579604217
E3-ecc,20260906,inplane,pos,0.8604884943344486,10843172.891482815
E3-ecc,20260906,inplane,vel,-0.11564291161366037,10843172.891482815
E3-ecc,20260906,inplane,pos,0.7369843948005919,610876.9326739396
E3-ecc,20260906,inplane,vel,0.03478281101340278,610876.9326739396
E3-ecc,20260906,inplane,pos,-0.8210493387748534,1709070.5750290444
E3-ecc,20260906,inplane,vel,-0.45336901804382845,1709070.5750290444
E3-ecc,20260906,inplane,pos,0.32119406082363744,609601.3753626113
E3-ecc,20260906,inplane,vel,-0.16574157430023026,609601.3753626113
E3-ecc,20260906,inplane,pos,-1.1323316689518317,3711984.0854641623
E3-ecc,20260906,inplane,vel,0.1506833612804033,3711984.0854641623
E3-ecc,20260906,inplane,pos,1.3441196521194163,26219799.519215733
E3-ecc,20260906,inplane,vel,-0.24901723960406497,26219799.519215733
E3-ecc,20260906,inplane,pos,-1.420781776494914,1348148.134308345
E3-ecc,20260906,inplane,vel,-0.39042880084374115,1348148.134308345
E3-ecc,20260906,plane,pos,-0.3974010661882124,1000348.3579604217
E3-ecc,20260906,plane,vel,0.7466690852816976,1000348.3579604217
E3-ecc,20260906,plane,pos,1.1003930823986445,10843172.891482815
E3-ecc,20260906,plane,vel,-1.2216884607264369,10843172.891482815
E3-ecc,20260906,plane,pos,-1.6242480007985425,610876.9326739396
E3-ecc,20260906,plane,vel,-1.3159431945325213,610876.9326739396
E3-ecc,20260906,plane,pos,-0.49914415860912886,1709070.5750290444
E3-ecc,20260906,plane,vel,-0.9361618132731251,1709070.5750290444
E3-ecc,20260906,plane,pos,-0.40450453272233516,609601.3753626113
E3-ecc,20260906,plane,vel,-0.5915730588682994,609601.3753626113
E3-ecc,20260906,plane,pos,0.9856000977874864,3711984.0854641623
E3-ecc,20260906,plane,vel,-0.1494239217512527,3711984.0854641623
E3-ecc,20260906,plane,pos,-1.0155652397613126,26219799.519215733
E3-ecc,20260906,plane,vel,-1.2289572664435753,26219799.519215733
E3-ecc,20260906,plane,pos,1.0959923243821759,1348148.134308345
E3-ecc,20260906,plane,vel,-0.1370046194369214,1348148.134308345
E3-ecc,20260906,range,pos,-1.824467129128028,53905.212973132606
E3-ecc,20260906,range,vel,0.4179470464306703,53905.212973132606
E3-ecc,20260906,range,pos,1.005814599047616,123605.82941246105
E3-ecc,20260906,range,vel,0.13212891097723833,123605.82941246105
E3-ecc,20260906,range,pos,-0.8097234623262634,92631.45259479198
E3-ecc,20260906,range,vel,-0.8965356374152007,92631.45259479198
E3-ecc,20260906,range,pos,-0.5667150872668207,202778.5747279784
E3-ecc,20260906,range,vel,1.6599653879263534,202778.5747279784
E3-ecc,20260906,range,pos,-0.6126328180360362,476664.1208203028
E3-ecc,20260906,range,vel,0.4580871179135462,476664.1208203028
E3-ecc,20260906,range,pos,-0.2661906614674879,1338965.6487218258
E3-ecc,20260906,range,vel,-1.0730211806321834,1338965.6487218258
E3-ecc,20260906,range,pos,1.0894640931367623,103539.54095656917
E3-ecc,20260906,range,vel,-0.9156155039252157,103539.54095656917
E3-ecc,20260906,inplane,pos,-1.6492510375347276,53905.212973132606
E3-ecc,20260906,inplane,vel,-1.8989971313312581,53905.212973132606
E3-ecc,20260906,inplane,pos,1.234386920161818,123605.82941246105
E3-ecc,20260906,inplane,vel,-1.3836835251597162,123605.82941246105
E3-ecc,20260906,inplane,pos,-2.8712961885452053,92631.45259479198
E3-ecc,20260906,inplane,vel,2.3668972150739367,92631.45259479198
E3-ecc,20260906,inplane,pos,2.111607380064222,202778.5747279784
E3-ecc,20260906,inplane,vel,-0.07194851261911056,202778.5747279784
E3-ecc,20260906,inplane,pos,1.7260461939420304,476664.1208203028
E3-ecc,20260906,inplane,vel,-0.5098766850853855,476664.1208203028
E3-ecc,20260906,inplane,pos,-1.1554726503328143,1338965.6487218258
E3-ecc,20260906,inplane,vel,-0.43204797532550665,1338965.6487218258
E3-ecc,20260906,inplane,pos,-0.21410468214280357,103539.54095656917
E3-ecc,20260906,inplane,vel,-0.9971684540757249,103539.54095656917
E3-ecc,20260906,plane,pos,-0.5758947276134954,53905.212973132606
E3-ecc,20260906,plane,vel,-1.5029899276582641,53905.212973132606
E3-ecc,20260906,plane,pos,-1.516061340169114,123605.82941246105
E3-ecc,20260906,plane,vel,-0.1184399750616373,123605.82941246105
E3-ecc,20260906,plane,pos,-1.4172615086527287,92631.45259479198
E3-ecc,20260906,plane,vel,-1.8029717113116925,92631.45259479198
E3-ecc,20260906,plane,pos,1.0226637389156836,202778.5747279784
E3-ecc,20260906,plane,vel,-0.43138402005805726,202778.5747279784
E3-ecc,20260906,plane,pos,0.8915856324201329,476664.1208203028
E3-ecc,20260906,plane,vel,0.7948570749062225,476664.1208203028
E3-ecc,20260906,plane,pos,-0.9976596917468425,1338965.6487218258
E3-ecc,20260906,plane,vel,0.7248427797559588,1338965.6487218258
E3-ecc,20260906,plane,pos,0.936467870010644,103539.54095656917
E3-ecc,20260906,plane,vel,-1.223145615968988,103539.54095656917
E3-ecc,20260906,range,pos,-0.36559326689565436,743228.5512022561
E3-ecc,20260906,range,vel,0.4589571674357718,743228.5512022561
E3-ecc,20260906,range,pos,-0.4816735024505487,14668583.683274586
E3-ecc,20260906,range,vel,-0.42303059907788815,14668583.683274586
E3-ecc,20260906,range,pos,-0.4346608216988072,207331.15635856724
E3-ecc,20260906,range,vel,-0.3497742066636554,207331.15635856724
E3-ecc,20260906,range,pos,-0.6937305090312063,1546849.6895647484
E3-ecc,20260906,range,vel,-0.9408126473754773,1546849.6895647484
E3-ecc,20260906,range,pos,-35584.02105705565,17132905.338264234
E3-ecc,20260906,range,vel,2358.8346419323275,17132905.338264234
E3-ecc,20260906,range,pos,-1.4594816368429246,32285.96531787981
E3-ecc,20260906,range,vel,0.11629886692511442,32285.96531787981
E3-ecc,20260906,range,pos,-0.041740110371569876,170330.30607674163
E3-ecc,20260906,range,vel,-0.2782552550151992,170330.30607674163
E3-ecc,20260906,range,pos,0.25079487197799477,52712.42797964441
E3-ecc,20260906,range,vel,0.44745529396091954,52712.42797964441
E3-ecc,20260906,inplane,pos,-1.2812945684428385,743228.5512022561
E3-ecc,20260906,inplane,vel,0.09466561662116046,743228.5512022561
E3-ecc,20260906,inplane,pos,0.4089836753420768,14668583.683274586
E3-ecc,20260906,inplane,vel,-0.5014248993499096,14668583.683274586
E3-ecc,20260906,inplane,pos,0.25251528622871344,207331.15635856724
E3-ecc,20260906,inplane,vel,-0.6167354395599103,207331.15635856724
E3-ecc,20260906,inplane,pos,-1.4379300888419715,1546849.6895647484
E3-ecc,20260906,inplane,vel,-1.08528932295474,1546849.6895647484
E3-ecc,20260906,inplane,pos,-2975.9961897750436,17132905.338264234
E3-ecc,20260906,inplane,vel,-17923.242048366814,17132905.338264234
E3-ecc,20260906,inplane,pos,0.9776848044377703,32285.96531787981
E3-ecc,20260906,inplane,vel,-0.131402800776491,32285.96531787981
E3-ecc,20260906,inplane,pos,-0.849174659171614,170330.30607674163
E3-ecc,20260906,inplane,vel,-0.6964212828373999,170330.30607674163
E3-ecc,20260906,inplane,pos,-0.014797356979031303,52712.42797964441
E3-ecc,20260906,inplane,vel,0.1949398324948199,52712.42797964441
E3-ecc,20260906,plane,pos,0.6841209918459518,743228.5512022561
E3-ecc,20260906,plane,vel,0.6377162280745846,743228.5512022561
E3-ecc,20260906,plane,pos,1.2099578679519254,14668583.683274586
E3-ecc,20260906,plane,vel,0.6748064457368211,14668583.683274586
E3-ecc,20260906,plane,pos,-0.43740939237781296,207331.15635856724
E3-ecc,20260906,plane,vel,-0.24843403549494966,207331.15635856724
E3-ecc,20260906,plane,pos,0.9554296188072775,1546849.6895647484
E3-ecc,20260906,plane,vel,0.35168615045553614,1546849.6895647484
E3-ecc,20260906,plane,pos,2707.303467110764,17132905.338264234
E3-ecc,20260906,plane,vel,-4197.143659353442,17132905.338264234
E3-ecc,20260906,plane,pos,0.28919648414741084,32285.96531787981
E3-ecc,20260906,plane,vel,-0.2642484912015186,32285.96531787981
E3-ecc,20260906,plane,pos,-0.20957989219907464,170330.30607674163
E3-ecc,20260906,plane,vel,0.7270839325146018,170330.30607674163
E3-ecc,20260906,plane,pos,0.5893798451954328,52712.42797964441
E3-ecc,20260906,plane,vel,0.056006104460341266,52712.42797964441
E3-ecc,20260906,range,pos,0.6888478895722158,250348.20635012657
E3-ecc,20260906,range,vel,0.7965558763741949,250348.20635012657
E3-ecc,20260906,range,pos,-0.9611708437018562,260777.8775559184
E3-ecc,20260906,range,vel,-0.07338994056390237,260777.8775559184
E3-ecc,20260906,range,pos,1.7191765046197574,154122.23039957532
E3-ecc,20260906,range,vel,-1.5266361932314718,154122.23039957532
E3-ecc,20260906,range,pos,0.8330086120017373,831944.4687203831
E3-ecc,20260906,range,vel,-0.15736954384031213,831944.4687203831
E3-ecc,20260906,range,pos,-0.6549496210331912,24271795.32785663
E3-ecc,20260906,range,vel,-0.49663231620833376,24271795.32785663
E3-ecc,20260906,range,pos,-0.3748654063147004,963866.7863655416
E3-ecc,20260906,range,vel,-0.6492329834985875,963866.7863655416
E3-ecc,20260906,range,pos,2.126344981944453,382159.42030167603
E3-ecc,20260906,range,vel,-1.764376613169857,382159.42030167603
E3-ecc,20260906,inplane,pos,-0.6658060044294143,250348.20635012657
E3-ecc,20260906,inplane,vel,0.23445642387733948,250348.20635012657
E3-ecc,20260906,inplane,pos,1.37432350162373,260777.8775559184
E3-ecc,20260906,inplane,vel,1.5658649192479093,260777.8775559184
E3-ecc,20260906,inplane,pos,1.0123393443815984,154122.23039957532
E3-ecc,20260906,inplane,vel,1.1585789961484596,154122.23039957532
E3-ecc,20260906,inplane,pos,0.8607670546159528,831944.4687203831
E3-ecc,20260906,inplane,vel,0.9350693242415795,831944.4687203831
E3-ecc,20260906,inplane,pos,0.26795737206030407,24271795.32785663
E3-ecc,20260906,inplane,vel,0.058976625016372845,24271795.32785663
E3-ecc,20260906,inplane,pos,-0.8765335374303462,963866.7863655416
E3-ecc,20260906,inplane,vel,-0.31803284214870586,963866.7863655416
E3-ecc,20260906,inplane,pos,0.4391766905819193,382159.42030167603
E3-ecc,20260906,inplane,vel,-0.32887505171082665,382159.42030167603
E3-ecc,20260906,plane,pos,-1.4684525104391866,250348.20635012657
E3-ecc,20260906,plane,vel,-0.0091229826831949,250348.20635012657
E3-ecc,20260906,plane,pos,1.0421842001254327,260777.8775559184
E3-ecc,20260906,plane,vel,1.0438496142897618,260777.8775559184
E3-ecc,20260906,plane,pos,1.5077012524246156,154122.23039957532
E3-ecc,20260906,plane,vel,-1.096607894936215,154122.23039957532
E3-ecc,20260906,plane,pos,-0.7961217593725505,831944.4687203831
E3-ecc,20260906,plane,vel,0.5104979769717576,831944.4687203831
E3-ecc,20260906,plane,pos,-1.007608682972057,24271795.32785663
E3-ecc,20260906,plane,vel,-0.6922980126190695,24271795.32785663
E3-ecc,20260906,plane,pos,0.9425048436175142,963866.7863655416
E3-ecc,20260906,plane,vel,1.0970389969862726,963866.7863655416
E3-ecc,20260906,plane,pos,0.44423542642814146,382159.42030167603
E3-ecc,20260906,plane,vel,0.9994483995327806,382159.42030167603
E3-ecc,20260913,range,pos,0.6106338330715578,886962.5765334974
E3-ecc,20260913,range,vel,0.840120173513033,886962.5765334974
E3-ecc,20260913,range,pos,0.2339968836637487,246997.6598691697
E3-ecc,20260913,range,vel,-0.25733142886005556,246997.6598691697
E3-ecc,20260913,range,pos,0.36266330591653617,422343.45849216747
E3-ecc,20260913,range,vel,0.12248736854639733,422343.45849216747
E3-ecc,20260913,range,pos,-1.0947214604578621,382034.1177890894
E3-ecc,20260913,range,vel,-0.7503067036310129,382034.1177890894
E3-ecc,20260913,range,pos,0.05893821507653444,1095645.149635165
E3-ecc,20260913,range,vel,-0.6072340754842719,1095645.149635165
E3-ecc,20260913,range,pos,-0.01712584828774246,51731.04698530218
E3-ecc,20260913,range,vel,0.010339318959371428,51731.04698530218
E3-ecc,20260913,range,pos,2.041976471149674,161468.57827373856
E3-ecc,20260913,range,vel,0.03640458561501158,161468.57827373856
E3-ecc,20260913,range,pos,0.5361463510079889,380683.2764173323
E3-ecc,20260913,range,vel,-0.17154110292357147,380683.2764173323
E3-ecc,20260913,inplane,pos,0.7757191773022418,886962.5765334974
E3-ecc,20260913,inplane,vel,0.48170852405244374,886962.5765334974
E3-ecc,20260913,inplane,pos,-0.27229296038003875,246997.6598691697
E3-ecc,20260913,inplane,vel,-0.32239913022141115,246997.6598691697
E3-ecc,20260913,inplane,pos,-0.3905728282162554,422343.45849216747
E3-ecc,20260913,inplane,vel,0.449134060873912,422343.45849216747
E3-ecc,20260913,inplane,pos,-0.26384241605957853,382034.1177890894
E3-ecc,20260913,inplane,vel,-0.8483452144895158,382034.1177890894
E3-ecc,20260913,inplane,pos,-0.5541738331681151,1095645.149635165
E3-ecc,20260913,inplane,vel,0.29060321377262754,1095645.149635165
E3-ecc,20260913,inplane,pos,-0.14946606294622697,51731.04698530218
E3-ecc,20260913,inplane,vel,-0.27900231423289196,51731.04698530218
E3-ecc,20260913,inplane,pos,0.27127520021330476,161468.57827373856
E3-ecc,20260913,inplane,vel,0.7274380647885118,161468.57827373856
E3-ecc,20260913,inplane,pos,-0.6088849479887934,380683.2764173323
E3-ecc,20260913,inplane,vel,0.17768610754370281,380683.2764173323
E3-ecc,20260913,plane,pos,0.5349088738496596,886962.5765334974
E3-ecc,20260913,plane,vel,1.0395568877769474,886962.5765334974
E3-ecc,20260913,plane,pos,-1.1611588240377735,246997.6598691697
E3-ecc,20260913,plane,vel,-0.9394074789670358,246997.6598691697
E3-ecc,20260913,plane,pos,-1.0303914139783104,422343.45849216747
E3-ecc,20260913,plane,vel,-2.199029967720593,422343.45849216747
E3-ecc,20260913,plane,pos,-2.2453679758504497,382034.1177890894
E3-ecc,20260913,plane,vel,-1.446824353731633,382034.1177890894
E3-ecc,20260913,plane,pos,-0.00796144693304009,1095645.149635165
E3-ecc,20260913,plane,vel,0.6698464920610554,1095645.149635165
E3-ecc,20260913,plane,pos,-0.3630405099413177,51731.04698530218
E3-ecc,20260913,plane,vel,-0.6208520502546258,51731.04698530218
E3-ecc,20260913,plane,pos,-0.7764168055443399,161468.57827373856
E3-ecc,20260913,plane,vel,-1.0411714594396915,161468.57827373856
E3-ecc,20260913,plane,pos,0.827633350624526,380683.2764173323
E3-ecc,20260913,plane,vel,-0.17771245721521628,380683.2764173323
E3-ecc,20260913,range,pos,0.06144833051315713,78954.30563998291
E3-ecc,20260913,range,vel,-0.26904372497781254,78954.30563998291
E3-ecc,20260913,range,pos,-0.7988834966854038,86995.16707161236
E3-ecc,20260913,range,vel,-0.5587365606770212,86995.16707161236
E3-ecc,20260913,range,pos,0.5127466504636078,60677.774143644834
E3-ecc,20260913,range,vel,-0.6517080776256192,60677.774143644834
E3-ecc,20260913,range,pos,0.17859441684462102,110632.40469672988
E3-ecc,20260913,range,vel,0.22926855063657645,110632.40469672988
E3-ecc,20260913,range,pos,-0.9496271139664118,1866776.6124776022
E3-ecc,20260913,range,vel,-0.99663156228536,1866776.6124776022
E3-ecc,20260913,range,pos,1.3335995707678616,113052.15256166125
E3-ecc,20260913,range,vel,0.16040790481894507,113052.15256166125
E3-ecc,20260913,inplane,pos,-0.23046437717389037,78954.30563998291
E3-ecc,20260913,inplane,vel,-0.043729817688033704,78954.30563998291
E3-ecc,20260913,inplane,pos,-1.1806157744776156,86995.16707161236
E3-ecc,20260913,inplane,vel,-0.3060023481270152,86995.16707161236
E3-ecc,20260913,inplane,pos,-0.15769298740140855,60677.774143644834
E3-ecc,20260913,inplane,vel,-0.05055392388651661,60677.774143644834
E3-ecc,20260913,inplane,pos,0.39505168359431964,110632.40469672988
E3-ecc,20260913,inplane,vel,0.030493187227000115,110632.40469672988
E3-ecc,20260913,inplane,pos,-0.7907234802142094,1866776.6124776022
E3-ecc,20260913,inplane,vel,-1.016397879362232,1866776.6124776022
E3-ecc,20260913,inplane,pos,0.0655706987830784,113052.15256166125
E3-ecc,20260913,inplane,vel,1.3055760446866869,113052.15256166125
E3-ecc,20260913,plane,pos,-0.23481748701730415,78954.30563998291
E3-ecc,20260913,plane,vel,-1.2813705139961087,78954.30563998291
E3-ecc,20260913,plane,pos,-0.12138766468392516,86995.16707161236
E3-ecc,20260913,plane,vel,1.2591510864074624,86995.16707161236
E3-ecc,20260913,plane,pos,0.9269438339586342,60677.774143644834
E3-ecc,20260913,plane,vel,-0.15365466107405418,60677.774143644834
E3-ecc,20260913,plane,pos,-0.632812671253802,110632.40469672988
E3-ecc,20260913,plane,vel,0.4332308898722639,110632.40469672988
E3-ecc,20260913,plane,pos,0.22342107493175098,1866776.6124776022
E3-ecc,20260913,plane,vel,-2.03279139847506,1866776.6124776022
E3-ecc,20260913,plane,pos,0.37796346746667203,113052.15256166125
E3-ecc,20260913,plane,vel,1.4599077174201356,113052.15256166125
E3-ecc,20260913,range,pos,-0.15692299620322306,14556248.18624353
E3-ecc,20260913,range,vel,0.05323788324218739,14556248.18624353
E3-ecc,20260913,range,pos,-0.19643867259772416,465217.1241544906
E3-ecc,20260913,range,vel,-0.6242235899646833,465217.1241544906
E3-ecc,20260913,range,pos,-5.335537791147554,637204.0362830756
E3-ecc,20260913,range,vel,-4.946346740659144,637204.0362830756
E3-ecc,20260913,range,pos,-0.009462028888284787,460049.18847530184
E3-ecc,20260913,range,vel,-0.8067544815856588,460049.18847530184
E3-ecc,20260913,range,pos,-0.37349415692903515,1913613.3014768953
E3-ecc,20260913,range,vel,-0.11369866965528347,1913613.3014768953
E3-ecc,20260913,range,pos,-1.2300972463811342,80291.41455691123
E3-ecc,20260913,range,vel,-1.8183912061399723,80291.41455691123
E3-ecc,20260913,range,pos,1.530238514705413,16631314.047258448
E3-ecc,20260913,range,vel,1.420605682971452,16631314.047258448
E3-ecc,20260913,range,pos,3.2808241892668573,238757.3629493575
E3-ecc,20260913,range,vel,3.221069107634277,238757.3629493575
E3-ecc,20260913,inplane,pos,-0.007083151418196334,14556248.18624353
E3-ecc,20260913,inplane,vel,-0.1326708217109,14556248.18624353
E3-ecc,20260913,inplane,pos,0.5912980458218524,465217.1241544906
E3-ecc,20260913,inplane,vel,0.09776141232478187,465217.1241544906
E3-ecc,20260913,inplane,pos,-2.2872170635704956,637204.0362830756
E3-ecc,20260913,inplane,vel,-3.4702725430786194,637204.0362830756
E3-ecc,20260913,inplane,pos,-0.9725498698588807,460049.18847530184
E3-ecc,20260913,inplane,vel,-0.05805412114183851,460049.18847530184
E3-ecc,20260913,inplane,pos,0.3940612930533942,1913613.3014768953
E3-ecc,20260913,inplane,vel,-0.31100142560304694,1913613.3014768953
E3-ecc,20260913,inplane,pos,0.2579390987801605,80291.41455691123
E3-ecc,20260913,inplane,vel,0.6075554360419414,80291.41455691123
E3-ecc,20260913,inplane,pos,-1.7169508344192013,16631314.047258448
E3-ecc,20260913,inplane,vel,1.6433191730476402,16631314.047258448
E3-ecc,20260913,inplane,pos,1.485855055578514,238757.3629493575
E3-ecc,20260913,inplane,vel,1.289382900058614,238757.3629493575
E3-ecc,20260913,plane,pos,-0.23799929734010952,14556248.18624353
E3-ecc,20260913,plane,vel,0.4239398680871401,14556248.18624353
E3-ecc,20260913,plane,pos,-0.49943109946992015,465217.1241544906
E3-ecc,20260913,plane,vel,0.30713678841927594,465217.1241544906
E3-ecc,20260913,plane,pos,0.4284082202723505,637204.0362830756
E3-ecc,20260913,plane,vel,4.319240668535551,637204.0362830756
E3-ecc,20260913,plane,pos,0.038951216180967,460049.18847530184
E3-ecc,20260913,plane,vel,1.4819302620104422,460049.18847530184
E3-ecc,20260913,plane,pos,-0.48233686356747824,1913613.3014768953
E3-ecc,20260913,plane,vel,0.7135608741762157,1913613.3014768953
E3-ecc,20260913,plane,pos,0.6470322319964572,80291.41455691123
E3-ecc,20260913,plane,vel,-0.19030946105508154,80291.41455691123
E3-ecc,20260913,plane,pos,-0.6675034049174922,16631314.047258448
E3-ecc,20260913,plane,vel,-1.8316302192353875,16631314.047258448
E3-ecc,20260913,plane,pos,1.1582003488081072,238757.3629493575
E3-ecc,20260913,plane,vel,-0.03821786013816005,238757.3629493575
E3-ecc,20260913,range,pos,-1.0180119059237391,203423.53754339798
E3-ecc,20260913,range,vel,-0.7755067741114181,203423.53754339798
E3-ecc,20260913,range,pos,0.927824777735289,77226.37795644281
E3-ecc,20260913,range,vel,1.804162300604775,77226.37795644281
E3-ecc,20260913,range,pos,-1.8989577179916735,198446.6926000311
E3-ecc,20260913,range,vel,0.3278668357765884,198446.6926000311
E3-ecc,20260913,range,pos,0.30697486662173157,16477878.547026984
E3-ecc,20260913,range,vel,0.3042100833826122,16477878.547026984
E3-ecc,20260913,range,pos,-0.5840435675200631,123611.61245175892
E3-ecc,20260913,range,vel,-1.1265812160318065,123611.61245175892
E3-ecc,20260913,range,pos,0.9094277339794483,14613318.777522942
E3-ecc,20260913,range,vel,-1.089781046794869,14613318.777522942
E3-ecc,20260913,range,pos,1.355712614480982,1292748.8212072079
E3-ecc,20260913,range,vel,-0.8151981224281889,1292748.8212072079
E3-ecc,20260913,range,pos,-0.7337024466503466,171049.85699299249
E3-ecc,20260913,range,vel,-1.0384917603718054,171049.85699299249
E3-ecc,20260913,inplane,pos,-0.5579456627518963,203423.53754339798
E3-ecc,20260913,inplane,vel,-0.6199836153227009,203423.53754339798
E3-ecc,20260913,inplane,pos,-0.905019955047383,77226.37795644281
E3-ecc,20260913,inplane,vel,-0.29493766426918755,77226.37795644281
E3-ecc,20260913,inplane,pos,-1.657466295738868,198446.6926000311
E3-ecc,20260913,inplane,vel,-1.790777412108408,198446.6926000311
E3-ecc,20260913,inplane,pos,0.024999749786031714,16477878.547026984
E3-ecc,20260913,inplane,vel,-0.08418742084947063,16477878.547026984
E3-ecc,20260913,inplane,pos,1.594171594879275,123611.61245175892
E3-ecc,20260913,inplane,vel,1.2246367761382666,123611.61245175892
E3-ecc,20260913,inplane,pos,1.0822040920753169,14613318.777522942
E3-ecc,20260913,inplane,vel,1.1439594745018384,14613318.777522942
E3-ecc,20260913,inplane,pos,0.6935973142519177,1292748.8212072079
E3-ecc,20260913,inplane,vel,1.3752671310333358,1292748.8212072079
E3-ecc,20260913,inplane,pos,-0.8298654217818319,171049.85699299249
E3-ecc,20260913,inplane,vel,-0.7929125386039423,171049.85699299249
E3-ecc,20260913,plane,pos,-0.49282777819143403,203423.53754339798
E3-ecc,20260913,plane,vel,-1.264187034905052,203423.53754339798
E3-ecc,20260913,plane,pos,0.4688223636705606,77226.37795644281
E3-ecc,20260913,plane,vel,1.9497608573885339,77226.37795644281
E3-ecc,20260913,plane,pos,0.12965554634906187,198446.6926000311
E3-ecc,20260913,plane,vel,0.1906938895107756,198446.6926000311
E3-ecc,20260913,plane,pos,-0.6882550510611051,16477878.547026984
E3-ecc,20260913,plane,vel,0.2405593361007626,16477878.547026984
E3-ecc,20260913,plane,pos,0.7644514855586312,123611.61245175892
E3-ecc,20260913,plane,vel,-1.24467251878572,123611.61245175892
E3-ecc,20260913,plane,pos,-0.12517000278676513,14613318.777522942
E3-ecc,20260913,plane,vel,-0.6831696652103655,14613318.777522942
E3-ecc,20260913,plane,pos,-0.052208513011364956,1292748.8212072079
E3-ecc,20260913,plane,vel,-1.6901338956465637,1292748.8212072079
E3-ecc,20260913,plane,pos,-0.4032564637600688,171049.85699299249
E3-ecc,20260913,plane,vel,-0.7266051905974645,171049.85699299249
E3-ecc,20260913,range,pos,-1.317191908077543,371332.8174638523
E3-ecc,20260913,range,vel,-1.344674105694931,371332.8174638523
E3-ecc,20260913,range,pos,-5.075654844112792,628446.8774992867
E3-ecc,20260913,range,vel,4.881381429112915,628446.8774992867
E3-ecc,20260913,range,pos,0.2058842448156439,1355091.80674168
E3-ecc,20260913,range,vel,0.07405972486915335,1355091.80674168
E3-ecc,20260913,range,pos,0.8983091046465155,440128.56346768345
E3-ecc,20260913,range,vel,0.7819458181724571,440128.56346768345
E3-ecc,20260913,range,pos,-0.47724886427263385,17386799.163261257
E3-ecc,20260913,range,vel,-0.23133516020343423,17386799.163261257
E3-ecc,20260913,range,pos,0.3752824156633433,1342936.4966109619
E3-ecc,20260913,range,vel,-0.26193010947395495,1342936.4966109619
E3-ecc,20260913,range,pos,0.15696758051338727,211072.55108629033
E3-ecc,20260913,range,vel,-0.30320913666480315,211072.55108629033
E3-ecc,20260913,range,pos,-0.5292010065581113,21062252.48933615
E3-ecc,20260913,range,vel,-0.6933031049511936,21062252.48933615
E3-ecc,20260913,inplane,pos,-1.3182970302620913,371332.8174638523
E3-ecc,20260913,inplane,vel,1.366420834042247,371332.8174638523
E3-ecc,20260913,inplane,pos,2.3769775627551204,628446.8774992867
E3-ecc,20260913,inplane,vel,3.311366618925096,628446.8774992867
E3-ecc,20260913,inplane,pos,0.7246441325810535,1355091.80674168
E3-ecc,20260913,inplane,vel,0.1839766826429732,1355091.80674168
E3-ecc,20260913,inplane,pos,0.47793711343431666,440128.56346768345
E3-ecc,20260913,inplane,vel,0.8203807395185299,440128.56346768345
E3-ecc,20260913,inplane,pos,0.7470801863106139,17386799.163261257
E3-ecc,20260913,inplane,vel,-0.37325171610630525,17386799.163261257
E3-ecc,20260913,inplane,pos,-0.9550343076567651,1342936.4966109619
E3-ecc,20260913,inplane,vel,0.1531967900593211,1342936.4966109619
E3-ecc,20260913,inplane,pos,-0.20729814297579566,211072.55108629033
E3-ecc,20260913,inplane,vel,0.1003746974868199,211072.55108629033
E3-ecc,20260913,inplane,pos,0.8994483674179093,21062252.48933615
E3-ecc,20260913,inplane,vel,1.8983584743116466,21062252.48933615
E3-ecc,20260913,plane,pos,-0.6493179317706197,371332.8174638523
E3-ecc,20260913,plane,vel,-0.6416261911732668,371332.8174638523
E3-ecc,20260913,plane,pos,1.5142703435733436,628446.8774992867
E3-ecc,20260913,plane,vel,-3.735130279943306,628446.8774992867
E3-ecc,20260913,plane,pos,-1.1855653586840234,1355091.80674168
E3-ecc,20260913,plane,vel,1.8401168904903216,1355091.80674168
E3-ecc,20260913,plane,pos,0.2521695877251291,440128.56346768345
E3-ecc,20260913,plane,vel,-0.9583698832741154,440128.56346768345
E3-ecc,20260913,plane,pos,0.5019645106593785,17386799.163261257
E3-ecc,20260913,plane,vel,0.7430159140018971,17386799.163261257
E3-ecc,20260913,plane,pos,0.10581941610815607,1342936.4966109619
E3-ecc,20260913,plane,vel,1.0054017635402965,1342936.4966109619
E3-ecc,20260913,plane,pos,-0.11969769975073377,211072.55108629033
E3-ecc,20260913,plane,vel,-0.5470085652578689,211072.55108629033
E3-ecc,20260913,plane,pos,-1.2080427419721194,21062252.48933615
E3-ecc,20260913,plane,vel,1.8475667874971553,21062252.48933615
E3-ecc,20260913,range,pos,-1.1138843070698334,109916.82064245862
E3-ecc,20260913,range,vel,1.5693698957334425,109916.82064245862
E3-ecc,20260913,range,pos,-1.0785179356970906,99831.1466305018
E3-ecc,20260913,range,vel,-1.9770375680528463,99831.1466305018
E3-ecc,20260913,range,pos,-1.3630389957887001,201743.02159514546
E3-ecc,20260913,range,vel,-2.331573744164808,201743.02159514546
E3-ecc,20260913,range,pos,0.35939493849000587,16540022.040901827
E3-ecc,20260913,range,vel,0.36324611241164695,16540022.040901827
E3-ecc,20260913,range,pos,-1.6288302949923963,4401719.703972019
E3-ecc,20260913,range,vel,0.703481597904469,4401719.703972019
E3-ecc,20260913,range,pos,2.0556677770317893,168879.0018309604
E3-ecc,20260913,range,vel,1.976984982956498,168879.0018309604
E3-ecc,20260913,range,pos,-1.5905908960391537,22751696.0223724
E3-ecc,20260913,range,vel,1.356356525988788,22751696.0223724
E3-ecc,20260913,range,pos,-0.8368897697700555,217765.58737754516
E3-ecc,20260913,range,vel,-0.573394997520622,217765.58737754516
E3-ecc,20260913,inplane,pos,0.5312739801693506,109916.82064245862
E3-ecc,20260913,inplane,vel,-0.6500157974361904,109916.82064245862
E3-ecc,20260913,inplane,pos,-1.922936294384956,99831.1466305018
E3-ecc,20260913,inplane,vel,2.3708592694458686,99831.1466305018
E3-ecc,20260913,inplane,pos,-3.100077383700854,201743.02159514546
E3-ecc,20260913,inplane,vel,-2.066662708694978,201743.02159514546
E3-ecc,20260913,inplane,pos,-0.7488035401858669,16540022.040901827
E3-ecc,20260913,inplane,vel,0.2967684776035889,16540022.040901827
E3-ecc,20260913,inplane,pos,1.9439524117153064,4401719.703972019
E3-ecc,20260913,inplane,vel,-1.3245563538443101,4401719.703972019
E3-ecc,20260913,inplane,pos,2.2613346577058784,168879.0018309604
E3-ecc,20260913,inplane,vel,2.2415146761342193,168879.0018309604
E3-ecc,20260913,inplane,pos,-1.2561478310310974,22751696.0223724
E3-ecc,20260913,inplane,vel,-0.6531954968810546,22751696.0223724
E3-ecc,20260913,inplane,pos,1.998713460137522,217765.58737754516
E3-ecc,20260913,inplane,vel,0.6540766797682586,217765.58737754516
E3-ecc,20260913,plane,pos,-0.4963635784152371,109916.82064245862
E3-ecc,20260913,plane,vel,0.753326750754771,109916.82064245862
E3-ecc,20260913,plane,pos,0.04389932547130751,99831.1466305018
E3-ecc,20260913,plane,vel,0.5510236208000368,99831.1466305018
E3-ecc,20260913,plane,pos,-0.705004366451357,201743.02159514546
E3-ecc,20260913,plane,vel,-2.97028848924107,201743.02159514546
E3-ecc,20260913,plane,pos,-0.31172994071194443,16540022.040901827
E3-ecc,20260913,plane,vel,1.163541791189338,16540022.040901827
E3-ecc,20260913,plane,pos,0.6939810225468753,4401719.703972019
E3-ecc,20260913,plane,vel,0.7612073912715336,4401719.703972019
E3-ecc,20260913,plane,pos,-0.2821397190990868,168879.0018309604
E3-ecc,20260913,plane,vel,-0.517738383266109,168879.0018309604
E3-ecc,20260913,plane,pos,0.9433879561776792,22751696.0223724
E3-ecc,20260913,plane,vel,-0.824461908586321,22751696.0223724
E3-ecc,20260913,plane,pos,-0.3031623426732024,217765.58737754516
E3-ecc,20260913,plane,vel,-1.2011503770869234,217765.58737754516
E3-ecc,20260920,range,pos,-0.7494588598722115,315070.4384120646
E3-ecc,20260920,range,vel,0.13913781027728866,315070.4384120646
E3-ecc,20260920,range,pos,0.40470144697155197,197943.70712248338
E3-ecc,20260920,range,vel,-0.1435768016159079,197943.70712248338
E3-ecc,20260920,range,pos,-0.8938780531709604,1723521.3636111964
E3-ecc,20260920,range,vel,1.2019566719948886,1723521.3636111964
E3-ecc,20260920,range,pos,0.7747858108215666,446652.2623200254
E3-ecc,20260920,range,vel,0.7048168524867927,446652.2623200254
E3-ecc,20260920,range,pos,-0.3820157050545423,951554.4641129245
E3-ecc,20260920,range,vel,0.41025749956085183,951554.4641129245
E3-ecc,20260920,range,pos,1.0627223640764205,1003911.6066397827
E3-ecc,20260920,range,vel,-0.22274218418959207,1003911.6066397827
E3-ecc,20260920,range,pos,-2.449514122302423,1314740.1082928393
E3-ecc,20260920,range,vel,0.7800464132431402,1314740.1082928393
E3-ecc,20260920,range,pos,-0.7806140627163133,228280.32620842988
E3-ecc,20260920,range,vel,-0.7108191770747754,228280.32620842988
E3-ecc,20260920,inplane,pos,-0.8719362049301156,315070.4384120646
E3-ecc,20260920,inplane,vel,-1.1782220392912977,315070.4384120646
E3-ecc,20260920,inplane,pos,1.1092443094620401,197943.70712248338
E3-ecc,20260920,inplane,vel,1.011752543468572,197943.70712248338
E3-ecc,20260920,inplane,pos,-0.5596818499789258,1723521.3636111964
E3-ecc,20260920,inplane,vel,-1.1815618402406338,1723521.3636111964
E3-ecc,20260920,inplane,pos,0.5977621160383987,446652.2623200254
E3-ecc,20260920,inplane,vel,0.765993544693128,446652.2623200254
E3-ecc,20260920,inplane,pos,-0.1692742487642443,951554.4641129245
E3-ecc,20260920,inplane,vel,-0.3439887897475766,951554.4641129245
E3-ecc,20260920,inplane,pos,0.32644224796464355,1003911.6066397827
E3-ecc,20260920,inplane,vel,1.0233699058303996,1003911.6066397827
E3-ecc,20260920,inplane,pos,-1.5237234274332163,1314740.1082928393
E3-ecc,20260920,inplane,vel,-2.5180824349355606,1314740.1082928393
E3-ecc,20260920,inplane,pos,-0.3941346753734772,228280.32620842988
E3-ecc,20260920,inplane,vel,0.5401883889641648,228280.32620842988
E3-ecc,20260920,plane,pos,1.5283891985812559,315070.4384120646
E3-ecc,20260920,plane,vel,-1.3696260166515208,315070.4384120646
E3-ecc,20260920,plane,pos,1.4426791507333743,197943.70712248338
E3-ecc,20260920,plane,vel,-1.1523653394499804,197943.70712248338
E3-ecc,20260920,plane,pos,-0.8097855057420055,1723521.3636111964
E3-ecc,20260920,plane,vel,-0.837722333838309,1723521.3636111964
E3-ecc,20260920,plane,pos,0.6709778893534141,446652.2623200254
E3-ecc,20260920,plane,vel,-0.6185718188370851,446652.2623200254
E3-ecc,20260920,plane,pos,1.2288976226733384,951554.4641129245
E3-ecc,20260920,plane,vel,-2.1624828316320373,951554.4641129245
E3-ecc,20260920,plane,pos,-2.191004409986677,1003911.6066397827
E3-ecc,20260920,plane,vel,1.1958463504579468,1003911.6066397827
E3-ecc,20260920,plane,pos,-0.13795207039318963,1314740.1082928393
E3-ecc,20260920,plane,vel,0.09269263841778573,1314740.1082928393
E3-ecc,20260920,plane,pos,0.10166901612471405,228280.32620842988
E3-ecc,20260920,plane,vel,0.1823287913168137,228280.32620842988
E3-ecc,20260920,range,pos,-0.6767672060212602,123172.42804643167
E3-ecc,20260920,range,vel,-0.6278306650784321,123172.42804643167
E3-ecc,20260920,range,pos,-13.933801829779195,8201220.527773771
E3-ecc,20260920,range,vel,10.756059439295116,8201220.527773771
E3-ecc,20260920,range,pos,-0.8130016000736124,50424.2099352553
E3-ecc,20260920,range,vel,0.8262140281922662,50424.2099352553
E3-ecc,20260920,range,pos,-1.4774017231553687,209883.64005411736
E3-ecc,20260920,range,vel,-2.168947076498445,209883.64005411736
E3-ecc,20260920,range,pos,0.06468694776390037,423257.12730793335
E3-ecc,20260920,range,vel,-0.3601361149649316,423257.12730793335
E3-ecc,20260920,range,pos,1.0094291167320886,4800462.423842972
E3-ecc,20260920,range,vel,-1.0171330044905333,4800462.423842972
E3-ecc,20260920,range,pos,-0.17341597042899046,25974.25988098849
E3-ecc,20260920,range,vel,-0.39455675680839597,25974.25988098849
E3-ecc,20260920,range,pos,-1.4615082570732343,64014.7672684248
E3-ecc,20260920,range,vel,-1.2847935096763117,64014.7672684248
E3-ecc,20260920,inplane,pos,-0.11130317857321295,123172.42804643167
E3-ecc,20260920,inplane,vel,-0.600865434509146,123172.42804643167
E3-ecc,20260920,inplane,pos,-17.452960874947383,8201220.527773771
E3-ecc,20260920,inplane,vel,-13.735135934051357,8201220.527773771
E3-ecc,20260920,inplane,pos,-0.6796127393494926,50424.2099352553
E3-ecc,20260920,inplane,vel,-0.4637248748644285,50424.2099352553
E3-ecc,20260920,inplane,pos,-2.08749604733322,209883.64005411736
E3-ecc,20260920,inplane,vel,-1.4342515554937838,209883.64005411736
E3-ecc,20260920,inplane,pos,-0.289935136937152,423257.12730793335
E3-ecc,20260920,inplane,vel,0.30738921176115147,423257.12730793335
E3-ecc,20260920,inplane,pos,-0.9529063263625005,4800462.423842972
E3-ecc,20260920,inplane,vel,0.9242743858639234,4800462.423842972
E3-ecc,20260920,inplane,pos,0.12927333584024076,25974.25988098849
E3-ecc,20260920,inplane,vel,0.025803354613376413,25974.25988098849
E3-ecc,20260920,inplane,pos,1.4300778104520275,64014.7672684248
E3-ecc,20260920,inplane,vel,-1.549620291813656,64014.7672684248
E3-ecc,20260920,plane,pos,-0.8715439075198111,123172.42804643167
E3-ecc,20260920,plane,vel,0.8910163752630107,123172.42804643167
E3-ecc,20260920,plane,pos,-0.7079034577724274,8201220.527773771
E3-ecc,20260920,plane,vel,-0.6396071626968987,8201220.527773771
E3-ecc,20260920,plane,pos,0.48843711491619474,50424.2099352553
E3-ecc,20260920,plane,vel,-1.040979653416585,50424.2099352553
E3-ecc,20260920,plane,pos,-0.035299033275039395,209883.64005411736
E3-ecc,20260920,plane,vel,0.3832029738593263,209883.64005411736
E3-ecc,20260920,plane,pos,-0.6133407361440854,423257.12730793335
E3-ecc,20260920,plane,vel,-1.53090451520506,423257.12730793335
E3-ecc,20260920,plane,pos,-0.20008675337925527,4800462.423842972
E3-ecc,20260920,plane,vel,0.11129171019830184,4800462.423842972
E3-ecc,20260920,plane,pos,-1.023041507788157,25974.25988098849
E3-ecc,20260920,plane,vel,0.24719607748740913,25974.25988098849
E3-ecc,20260920,plane,pos,-0.16143421906203376,64014.7672684248
E3-ecc,20260920,plane,vel,-0.6019923725390757,64014.7672684248
E3-ecc,20260920,range,pos,-125.22526703566317,1054138.7534969267
E3-ecc,20260920,range,vel,-101.80533341249185,1054138.7534969267
E3-ecc,20260920,range,pos,5.309761986797337,575947.5946855065
E3-ecc,20260920,range,vel,-5.10907731120161,575947.5946855065
E3-ecc,20260920,range,pos,0.034203486215526914,617167.4322068137
E3-ecc,20260920,range,vel,-0.2027326628644001,617167.4322068137
E3-ecc,20260920,range,pos,0.7801143505461945,2258583.979458449
E3-ecc,20260920,range,vel,-0.3266535968999923,2258583.979458449
E3-ecc,20260920,range,pos,0.5052281217970428,205521.52030261437
E3-ecc,20260920,range,vel,0.7315898678534062,205521.52030261437
E3-ecc,20260920,range,pos,0.15713656275571336,648925.1184463443
E3-ecc,20260920,range,vel,-0.3875507732097239,648925.1184463443
E3-ecc,20260920,range,pos,3.017089983833922,606410.0955570344
E3-ecc,20260920,range,vel,0.30473712506303724,606410.0955570344
E3-ecc,20260920,range,pos,0.5182263842029818,364498.67440422886
E3-ecc,20260920,range,vel,1.245889985373477,364498.67440422886
E3-ecc,20260920,inplane,pos,-37.739816081753965,1054138.7534969267
E3-ecc,20260920,inplane,vel,-119.7573285320275,1054138.7534969267
E3-ecc,20260920,inplane,pos,-7.552099361564001,575947.5946855065
E3-ecc,20260920,inplane,vel,-4.864722753842734,575947.5946855065
E3-ecc,20260920,inplane,pos,-0.39572311828075285,617167.4322068137
E3-ecc,20260920,inplane,vel,-0.4725313217564282,617167.4322068137
E3-ecc,20260920,inplane,pos,-0.8357057758877137,2258583.979458449
E3-ecc,20260920,inplane,vel,1.2512064402364074,2258583.979458449
E3-ecc,20260920,inplane,pos,-0.24948807448995486,205521.52030261437
E3-ecc,20260920,inplane,vel,0.7846473363421745,205521.52030261437
E3-ecc,20260920,inplane,pos,-0.17134367366953954,648925.1184463443
E3-ecc,20260920,inplane,vel,-0.07383044251254156,648925.1184463443
E3-ecc,20260920,inplane,pos,0.26118528027780374,606410.0955570344
E3-ecc,20260920,inplane,vel,1.253794074600651,606410.0955570344
E3-ecc,20260920,inplane,pos,-2.7390229889263358,364498.67440422886
E3-ecc,20260920,inplane,vel,-1.3939662120554754,364498.67440422886
E3-ecc,20260920,plane,pos,0.4534753954592845,1054138.7534969267
E3-ecc,20260920,plane,vel,12.53916762210566,1054138.7534969267
E3-ecc,20260920,plane,pos,-0.47144365596606763,575947.5946855065
E3-ecc,20260920,plane,vel,3.7959732120515732,575947.5946855065
E3-ecc,20260920,plane,pos,-0.7765613261871634,617167.4322068137
E3-ecc,20260920,plane,vel,0.24757662728590685,617167.4322068137
E3-ecc,20260920,plane,pos,0.7084227454231826,2258583.979458449
E3-ecc,20260920,plane,vel,1.7108286439614888,2258583.979458449
E3-ecc,20260920,plane,pos,1.2662831076773609,205521.52030261437
E3-ecc,20260920,plane,vel,0.7317302348873165,205521.52030261437
E3-ecc,20260920,plane,pos,1.4401023057620903,648925.1184463443
E3-ecc,20260920,plane,vel,-0.33058955983614946,648925.1184463443
E3-ecc,20260920,plane,pos,0.9262261013688681,606410.0955570344
E3-ecc,20260920,plane,vel,0.7107615524706435,606410.0955570344
E3-ecc,20260920,plane,pos,-0.3568499560063677,364498.67440422886
E3-ecc,20260920,plane,vel,-0.9841473117497477,364498.67440422886
E3-ecc,20260920,range,pos,-83.67379268940168,102903.42006803972
E3-ecc,20260920,range,vel,-113.79538740771608,102903.42006803972
E3-ecc,20260920,range,pos,-0.08621469821033596,135539.67439230715
E3-ecc,20260920,range,vel,0.1037691451128139,135539.67439230715
E3-ecc,20260920,range,pos,-0.7368311010524462,203077.5902955652
E3-ecc,20260920,range,vel,0.3726486303511258,203077.5902955652
E3-ecc,20260920,range,pos,-0.9474557615948231,292622.0863350439
E3-ecc,20260920,range,vel,0.9921629267065166,292622.0863350439
E3-ecc,20260920,range,pos,1.4942793431844794,565598.2316078224
E3-ecc,20260920,range,vel,-1.7559585909974638,565598.2316078224
E3-ecc,20260920,range,pos,0.45755791720380246,161979.03220267867
E3-ecc,20260920,range,vel,-0.8748175078741504,161979.03220267867
E3-ecc,20260920,range,pos,0.009527390227121676,139723.7758942403
E3-ecc,20260920,range,vel,-0.4125228030481211,139723.7758942403
E3-ecc,20260920,range,pos,-0.019990570523811563,17329583.1787784
E3-ecc,20260920,range,vel,0.009534656208163798,17329583.1787784
E3-ecc,20260920,inplane,pos,-139.2264551336236,102903.42006803972
E3-ecc,20260920,inplane,vel,-173.92316611994843,102903.42006803972
E3-ecc,20260920,inplane,pos,0.142938898978626,135539.67439230715
E3-ecc,20260920,inplane,vel,0.11522715857146296,135539.67439230715
E3-ecc,20260920,inplane,pos,-0.7263228989016253,203077.5902955652
E3-ecc,20260920,inplane,vel,-0.8335566589892307,203077.5902955652
E3-ecc,20260920,inplane,pos,-0.49464358877310804,292622.0863350439
E3-ecc,20260920,inplane,vel,-1.1271198855554336,292622.0863350439
E3-ecc,20260920,inplane,pos,1.1574881343060122,565598.2316078224
E3-ecc,20260920,inplane,vel,1.2952170003386052,565598.2316078224
E3-ecc,20260920,inplane,pos,-0.5757163402537339,161979.03220267867
E3-ecc,20260920,inplane,vel,0.4200838036887864,161979.03220267867
E3-ecc,20260920,inplane,pos,-0.062252943299598185,139723.7758942403
E3-ecc,20260920,inplane,vel,-0.1930066091356029,139723.7758942403
E3-ecc,20260920,inplane,pos,-0.39612371130301427,17329583.1787784
E3-ecc,20260920,inplane,vel,0.010644152580042674,17329583.1787784
E3-ecc,20260920,plane,pos,-62.63875911747805,102903.42006803972
E3-ecc,20260920,plane,vel,-96.95316457653755,102903.42006803972
E3-ecc,20260920,plane,pos,0.8547458505543688,135539.67439230715
E3-ecc,20260920,plane,vel,0.5539769868736826,135539.67439230715
E3-ecc,20260920,plane,pos,-0.09964775025532105,203077.5902955652
E3-ecc,20260920,plane,vel,1.2910959673348315,203077.5902955652
E3-ecc,20260920,plane,pos,-0.9992442531422746,292622.0863350439
E3-ecc,20260920,plane,vel,-0.1517110849082607,292622.0863350439
E3-ecc,20260920,plane,pos,0.18795314509271963,565598.2316078224
E3-ecc,20260920,plane,vel,-0.5955573993814886,565598.2316078224
E3-ecc,20260920,plane,pos,0.44614284799480897,161979.03220267867
E3-ecc,20260920,plane,vel,0.6889850899366896,161979.03220267867
E3-ecc,20260920,plane,pos,-1.38051426972087,139723.7758942403
E3-ecc,20260920,plane,vel,0.27324770447706215,139723.7758942403
E3-ecc,20260920,plane,pos,0.8735877902724221,17329583.1787784
E3-ecc,20260920,plane,vel,0.15216639050824116,17329583.1787784
E3-ecc,20260920,range,pos,0.6563012310760612,11589562.287944034
E3-ecc,20260920,range,vel,0.5738360381751497,11589562.287944034
E3-ecc,20260920,range,pos,-0.15884981889506952,15160306.564871045
E3-ecc,20260920,range,vel,0.16112118276031515,15160306.564871045
E3-ecc,20260920,range,pos,-0.11884708796974819,22368647.954972427
E3-ecc,20260920,range,vel,-0.7389566365974314,22368647.954972427
E3-ecc,20260920,range,pos,-1.305296575341232,3365715.176632322
E3-ecc,20260920,range,vel,1.4219141774602242,3365715.176632322
E3-ecc,20260920,range,pos,-0.6862390169395457,2121253.689901214
E3-ecc,20260920,range,vel,0.6162434362450276,2121253.689901214
E3-ecc,20260920,range,pos,0.22111848106490406,6287010.722734447
E3-ecc,20260920,range,vel,-1.0746028669771037,6287010.722734447
E3-ecc,20260920,range,pos,3.00418679939736,3499205.3835020848
E3-ecc,20260920,range,vel,2.9737786973004527,3499205.3835020848
E3-ecc,20260920,range,pos,-0.8033454036593923,1841099.426552982
E3-ecc,20260920,range,vel,-0.6411482378876752,1841099.426552982
E3-ecc,20260920,inplane,pos,-0.5954168235026988,11589562.287944034
E3-ecc,20260920,inplane,vel,0.36496220435202953,11589562.287944034
E3-ecc,20260920,inplane,pos,-0.1522792303642509,15160306.564871045
E3-ecc,20260920,inplane,vel,0.5415512642175373,15160306.564871045
E3-ecc,20260920,inplane,pos,0.9168592515827464,22368647.954972427
E3-ecc,20260920,inplane,vel,-1.5330361996573805,22368647.954972427
E3-ecc,20260920,inplane,pos,-0.08565275564410484,3365715.176632322
E3-ecc,20260920,inplane,vel,-1.7640858866420255,3365715.176632322
E3-ecc,20260920,inplane,pos,-0.315453147636288,2121253.689901214
E3-ecc,20260920,inplane,vel,-0.6779151647835424,2121253.689901214
E3-ecc,20260920,inplane,pos,-1.1783140142238375,6287010.722734447
E3-ecc,20260920,inplane,vel,-0.24431635221804734,6287010.722734447
E3-ecc,20260920,inplane,pos,3.014106492577679,3499205.3835020848
E3-ecc,20260920,inplane,vel,3.1923615008823454,3499205.3835020848
E3-ecc,20260920,inplane,pos,-0.9163512497693359,1841099.426552982
E3-ecc,20260920,inplane,vel,-0.9131949918638244,1841099.426552982
E3-ecc,20260920,plane,pos,0.7744320591746741,11589562.287944034
E3-ecc,20260920,plane,vel,-1.2504150944298686,11589562.287944034
E3-ecc,20260920,plane,pos,0.5321079872094515,15160306.564871045
E3-ecc,20260920,plane,vel,-1.562999494009446,15160306.564871045
E3-ecc,20260920,plane,pos,-0.6286509660719837,22368647.954972427
E3-ecc,20260920,plane,vel,0.46938426894145135,22368647.954972427
E3-ecc,20260920,plane,pos,0.8978755828368389,3365715.176632322
E3-ecc,20260920,plane,vel,0.756394212462232,3365715.176632322
E3-ecc,20260920,plane,pos,-0.05941885741566549,2121253.689901214
E3-ecc,20260920,plane,vel,-1.0073067367974438,2121253.689901214
E3-ecc,20260920,plane,pos,-1.3031824283373685,6287010.722734447
E3-ecc,20260920,plane,vel,0.22094731777407464,6287010.722734447
E3-ecc,20260920,plane,pos,1.1491532546118077,3499205.3835020848
E3-ecc,20260920,plane,vel,0.9666663105160934,3499205.3835020848
E3-ecc,20260920,plane,pos,-0.7364626332070263,1841099.426552982
E3-ecc,20260920,plane,vel,1.0481680402672493,1841099.426552982
E3-ecc,20260920,range,pos,-0.4017419914118982,148002.51142848734
E3-ecc,20260920,range,vel,0.7513984345173536,148002.51142848734
E3-ecc,20260920,range,pos,-0.9853984099856777,534658.6214044401
E3-ecc,20260920,range,vel,0.2737533124022622,534658.6214044401
E3-ecc,20260920,range,pos,-1.5014249193669036,492962.7878597479
E3-ecc,20260920,range,vel,1.0591987276885684,492962.7878597479
E3-ecc,20260920,range,pos,-0.8517178923050583,88133.36462644207
E3-ecc,20260920,range,vel,-0.9287028184369256,88133.36462644207
E3-ecc,20260920,range,pos,-1.0337210360999551,235880.38551144392
E3-ecc,20260920,range,vel,-0.5713502518894705,235880.38551144392
E3-ecc,20260920,range,pos,0.17185111907346318,131135.08754932837
E3-ecc,20260920,range,vel,-0.0763504100097061,131135.08754932837
E3-ecc,20260920,range,pos,1.564757224735337,387266.6013102379
E3-ecc,20260920,range,vel,1.5090940055156545,387266.6013102379
E3-ecc,20260920,range,pos,-0.28423441064662924,162211.87787317837
E3-ecc,20260920,range,vel,-0.5385825726688963,162211.87787317837
E3-ecc,20260920,inplane,pos,0.5404505292238687,148002.51142848734
E3-ecc,20260920,inplane,vel,-0.24647353595601484,148002.51142848734
E3-ecc,20260920,inplane,pos,-1.638166249961535,534658.6214044401
E3-ecc,20260920,inplane,vel,-1.65094277739477,534658.6214044401
E3-ecc,20260920,inplane,pos,-0.17123348374367323,492962.7878597479
E3-ecc,20260920,inplane,vel,-1.3574964106813239,492962.7878597479
E3-ecc,20260920,inplane,pos,0.6387034743090227,88133.36462644207
E3-ecc,20260920,inplane,vel,0.8314294626613287,88133.36462644207
E3-ecc,20260920,inplane,pos,1.063899935621103,235880.38551144392
E3-ecc,20260920,inplane,vel,-0.6126794430740019,235880.38551144392
E3-ecc,20260920,inplane,pos,-0.1682706916320583,131135.08754932837
E3-ecc,20260920,inplane,vel,0.035527390596313296,131135.08754932837
E3-ecc,20260920,inplane,pos,0.09254087553291739,387266.6013102379
E3-ecc,20260920,inplane,vel,0.4989389584431949,387266.6013102379
E3-ecc,20260920,inplane,pos,-0.4845695834787337,162211.87787317837
E3-ecc,20260920,inplane,vel,0.022382117717593557,162211.87787317837
E3-ecc,20260920,plane,pos,1.294120233832653,148002.51142848734
E3-ecc,20260920,plane,vel,-0.028649789582185833,148002.51142848734
E3-ecc,20260920,plane,pos,-0.31645164593408376,534658.6214044401
E3-ecc,20260920,plane,vel,0.1282683321845292,534658.6214044401
E3-ecc,20260920,plane,pos,1.4088921508232783,492962.7878597479
E3-ecc,20260920,plane,vel,-1.7605067344752914,492962.7878597479
E3-ecc,20260920,plane,pos,-0.38889539113909916,88133.36462644207
E3-ecc,20260920,plane,vel,-0.134423383785377,88133.36462644207
E3-ecc,20260920,plane,pos,0.5853109597365894,235880.38551144392
E3-ecc,20260920,plane,vel,2.0837223176916333,235880.38551144392
E3-ecc,20260920,plane,pos,0.2828841092893112,131135.08754932837
E3-ecc,20260920,plane,vel,0.7071079519631452,131135.08754932837
E3-ecc,20260920,plane,pos,-0.11444351517624861,387266.6013102379
E3-ecc,20260920,plane,vel,1.8998189430535402,387266.6013102379
E3-ecc,20260920,plane,pos,-0.3222465979289015,162211.87787317837
E3-ecc,20260920,plane,vel,0.0825803766181219,162211.87787317837
E3-ecc,20260927,range,pos,0.354440833550911,297128.4941584641
E3-ecc,20260927,range,vel,-0.05635002516338695,297128.4941584641
E3-ecc,20260927,range,pos,0.9356126529574631,142521.48623325245
E3-ecc,20260927,range,vel,-0.9760405120445812,142521.48623325245
E3-ecc,20260927,range,pos,0.734746585394096,1285390.5955328706
E3-ecc,20260927,range,vel,-0.009084439999230556,1285390.5955328706
E3-ecc,20260927,range,pos,-0.5224365333840966,360419.9088518304
E3-ecc,20260927,range,vel,0.45150445284012364,360419.9088518304
E3-ecc,20260927,range,pos,0.802808645035939,367449.14701730036
E3-ecc,20260927,range,vel,0.42546746189631324,367449.14701730036
E3-ecc,20260927,range,pos,0.053166243407048945,1744421.8465697344
E3-ecc,20260927,range,vel,-0.17579548175379328,1744421.8465697344
E3-ecc,20260927,range,pos,-1.5587023232735338,423574.5538035014
E3-ecc,20260927,range,vel,1.6937666207853666,423574.5538035014
E3-ecc,20260927,range,pos,0.8319132619654378,3011820.9259014116
E3-ecc,20260927,range,vel,-0.43794925056303624,3011820.9259014116
E3-ecc,20260927,inplane,pos,-0.471517874604456,297128.4941584641
E3-ecc,20260927,inplane,vel,-0.3245594641590766,297128.4941584641
E3-ecc,20260927,inplane,pos,-0.8494505729752378,142521.48623325245
E3-ecc,20260927,inplane,vel,-1.2742674114125885,142521.48623325245
E3-ecc,20260927,inplane,pos,1.4238261830488195,1285390.5955328706
E3-ecc,20260927,inplane,vel,0.8226998944374548,1285390.5955328706
E3-ecc,20260927,inplane,pos,-0.18238904456801283,360419.9088518304
E3-ecc,20260927,inplane,vel,-0.5144965016033304,360419.9088518304
E3-ecc,20260927,inplane,pos,0.6636351637607284,367449.14701730036
E3-ecc,20260927,inplane,vel,0.7275062646886986,367449.14701730036
E3-ecc,20260927,inplane,pos,-0.3529370175611609,1744421.8465697344
E3-ecc,20260927,inplane,vel,-0.2071021393179421,1744421.8465697344
E3-ecc,20260927,inplane,pos,-0.3416229594752811,423574.5538035014
E3-ecc,20260927,inplane,vel,-1.8913339931818973,423574.5538035014
E3-ecc,20260927,inplane,pos,0.5889863206469484,3011820.9259014116
E3-ecc,20260927,inplane,vel,0.29667773304038936,3011820.9259014116
E3-ecc,20260927,plane,pos,-0.8816601121750038,297128.4941584641
E3-ecc,20260927,plane,vel,0.496876183701115,297128.4941584641
E3-ecc,20260927,plane,pos,-1.2079747175091446,142521.48623325245
E3-ecc,20260927,plane,vel,0.1831859851402417,142521.48623325245
E3-ecc,20260927,plane,pos,0.13764844292476888,1285390.5955328706
E3-ecc,20260927,plane,vel,-0.06043076032126137,1285390.5955328706
E3-ecc,20260927,plane,pos,-1.8293469769564479,360419.9088518304
E3-ecc,20260927,plane,vel,0.13176790729376323,360419.9088518304
E3-ecc,20260927,plane,pos,0.6729805525918512,367449.14701730036
E3-ecc,20260927,plane,vel,-0.2665541043300283,367449.14701730036
E3-ecc,20260927,plane,pos,0.8357870362103715,1744421.8465697344
E3-ecc,20260927,plane,vel,-0.7051384143853626,1744421.8465697344
E3-ecc,20260927,plane,pos,1.2921823607917116,423574.5538035014
E3-ecc,20260927,plane,vel,-0.5047357343764179,423574.5538035014
E3-ecc,20260927,plane,pos,0.6499029638304967,3011820.9259014116
E3-ecc,20260927,plane,vel,1.8127739001434298,3011820.9259014116
E3-ecc,20260927,range,pos,-0.04493412107039701,113113.48331395084
E3-ecc,20260927,range,vel,0.07199327596154942,113113.48331395084
E3-ecc,20260927,range,pos,520.1209069407383,12779649.731120668
E3-ecc,20260927,range,vel,709.5984143568083,12779649.731120668
E3-ecc,20260927,range,pos,-0.4915564543330518,20452157.58321507
E3-ecc,20260927,range,vel,-0.7326949540422445,20452157.58321507
E3-ecc,20260927,range,pos,-2.8346661568221174,840995.6610716634
E3-ecc,20260927,range,vel,-3.3292299273693726,840995.6610716634
E3-ecc,20260927,range,pos,-0.060631711681187465,13942973.716168433
E3-ecc,20260927,range,vel,0.34630092248884203,13942973.716168433
E3-ecc,20260927,range,pos,1.0224663890840031,135927.18506603688
E3-ecc,20260927,range,vel,2.9439460851079784,135927.18506603688
E3-ecc,20260927,range,pos,-0.3246278419452157,1025998.8212777505
E3-ecc,20260927,range,vel,-0.44574240311472635,1025998.8212777505
E3-ecc,20260927,range,pos,-0.5341381003334468,355398.07382503507
E3-ecc,20260927,range,vel,0.8807477610679457,355398.07382503507
E3-ecc,20260927,inplane,pos,0.3600587117987067,113113.48331395084
E3-ecc,20260927,inplane,vel,0.10107036047022921,113113.48331395084
E3-ecc,20260927,inplane,pos,-160.3539084619589,12779649.731120668
E3-ecc,20260927,inplane,vel,420.92888244732706,12779649.731120668
E3-ecc,20260927,inplane,pos,1.6640975554533646,20452157.58321507
E3-ecc,20260927,inplane,vel,-2.072019729633064,20452157.58321507
E3-ecc,20260927,inplane,pos,1.9195814044820905,840995.6610716634
E3-ecc,20260927,inplane,vel,2.8237329238752493,840995.6610716634
E3-ecc,20260927,inplane,pos,-0.11925761483015845,13942973.716168433
E3-ecc,20260927,inplane,vel,-0.31940285948628916,13942973.716168433
E3-ecc,20260927,inplane,pos,3.8481581611426807,135927.18506603688
E3-ecc,20260927,inplane,vel,1.3263658182486182,135927.18506603688
E3-ecc,20260927,inplane,pos,-0.9508443982049044,1025998.8212777505
E3-ecc,20260927,inplane,vel,-0.5686211541627665,1025998.8212777505
E3-ecc,20260927,inplane,pos,-0.8789416803430722,355398.07382503507
E3-ecc,20260927,inplane,vel,1.027574712813256,355398.07382503507
E3-ecc,20260927,plane,pos,-0.16376263232467236,113113.48331395084
E3-ecc,20260927,plane,vel,1.5164964693789829,113113.48331395084
E3-ecc,20260927,plane,pos,14.10439923834884,12779649.731120668
E3-ecc,20260927,plane,vel,11.166025766290343,12779649.731120668
E3-ecc,20260927,plane,pos,-0.7094749207825737,20452157.58321507
E3-ecc,20260927,plane,vel,1.734756261786887,20452157.58321507
E3-ecc,20260927,plane,pos,0.4683789136675191,840995.6610716634
E3-ecc,20260927,plane,vel,2.8515664847114475,840995.6610716634
E3-ecc,20260927,plane,pos,0.02438461114167788,13942973.716168433
E3-ecc,20260927,plane,vel,0.2615992776557562,13942973.716168433
E3-ecc,20260927,plane,pos,-0.04178087041079561,135927.18506603688
E3-ecc,20260927,plane,vel,0.06453088057670985,135927.18506603688
E3-ecc,20260927,plane,pos,0.48283181095473965,1025998.8212777505
E3-ecc,20260927,plane,vel,0.2415257517763491,1025998.8212777505
E3-ecc,20260927,plane,pos,0.3712181521423273,355398.07382503507
E3-ecc,20260927,plane,vel,-0.6983063254136093,355398.07382503507
E3-ecc,20260927,range,pos,-0.4941337902531787,984511.1616236886
E3-ecc,20260927,range,vel,-0.1252558557467004,984511.1616236886
E3-ecc,20260927,range,pos,-1.9546978062348246,6937471.53183446
E3-ecc,20260927,range,vel,1.8627614307520437,6937471.53183446
E3-ecc,20260927,range,pos,1.1977833146821757,489257.0403639933
E3-ecc,20260927,range,vel,-0.9889133666576876,489257.0403639933
E3-ecc,20260927,range,pos,-8.872550114006872,2892897.0817436227
E3-ecc,20260927,range,vel,-10.436760747492507,2892897.0817436227
E3-ecc,20260927,range,pos,-1.4019570391458287,443114.45331198623
E3-ecc,20260927,range,vel,-1.508343339149681,443114.45331198623
E3-ecc,20260927,range,pos,-0.9473147110762975,1407597.9595463756
E3-ecc,20260927,range,vel,0.7130374681380783,1407597.9595463756
E3-ecc,20260927,range,pos,-0.2532749662854516,116689.30716374144
E3-ecc,20260927,range,vel,-4.7412736136533615,116689.30716374144
E3-ecc,20260927,range,pos,0.3606954030932891,52784.532764325384
E3-ecc,20260927,range,vel,0.7821687352409187,52784.532764325384
E3-ecc,20260927,inplane,pos,-0.2619772590853596,984511.1616236886
E3-ecc,20260927,inplane,vel,0.47420046677219646,984511.1616236886
E3-ecc,20260927,inplane,pos,-1.6812989493187476,6937471.53183446
E3-ecc,20260927,inplane,vel,-1.978390448459379,6937471.53183446
E3-ecc,20260927,inplane,pos,0.07515899024974734,489257.0403639933
E3-ecc,20260927,inplane,vel,-0.817949736402887,489257.0403639933
E3-ecc,20260927,inplane,pos,6.142861697159503,2892897.0817436227
E3-ecc,20260927,inplane,vel,-9.450588464451874,2892897.0817436227
E3-ecc,20260927,inplane,pos,-2.73982077014803,443114.45331198623
E3-ecc,20260927,inplane,vel,-2.323396164284175,443114.45331198623
E3-ecc,20260927,inplane,pos,-0.8993066492544401,1407597.9595463756
E3-ecc,20260927,inplane,vel,-0.9053583975760845,1407597.9595463756
E3-ecc,20260927,inplane,pos,0.1458348631741198,116689.30716374144
E3-ecc,20260927,inplane,vel,-2.905946143396487,116689.30716374144
E3-ecc,20260927,inplane,pos,0.16796720092916734,52784.532764325384
E3-ecc,20260927,inplane,vel,-0.6123227420265946,52784.532764325384
E3-ecc,20260927,plane,pos,-0.729899586373004,984511.1616236886
E3-ecc,20260927,plane,vel,1.2498460570942425,984511.1616236886
E3-ecc,20260927,plane,pos,-0.6822603892684826,6937471.53183446
E3-ecc,20260927,plane,vel,0.2843399682470611,6937471.53183446
E3-ecc,20260927,plane,pos,0.09827291961542975,489257.0403639933
E3-ecc,20260927,plane,vel,-0.3396231337999507,489257.0403639933
E3-ecc,20260927,plane,pos,-9.168034015779444,2892897.0817436227
E3-ecc,20260927,plane,vel,-0.12986387489790863,2892897.0817436227
E3-ecc,20260927,plane,pos,-0.5700853951556953,443114.45331198623
E3-ecc,20260927,plane,vel,-1.3598328017175314,443114.45331198623
E3-ecc,20260927,plane,pos,0.9255025289507895,1407597.9595463756
E3-ecc,20260927,plane,vel,-0.26514869162162946,1407597.9595463756
E3-ecc,20260927,plane,pos,0.6848146433483813,116689.30716374144
E3-ecc,20260927,plane,vel,-0.9241968000174449,116689.30716374144
E3-ecc,20260927,plane,pos,0.2119063448670283,52784.532764325384
E3-ecc,20260927,plane,vel,0.8868471319142665,52784.532764325384
E3-ecc,20260927,range,pos,0.0032682467463972715,1750326.645160404
E3-ecc,20260927,range,vel,0.4792154208093815,1750326.645160404
E3-ecc,20260927,range,pos,-1.8788054643845262,5502068.967884389
E3-ecc,20260927,range,vel,1.6978483223230665,5502068.967884389
E3-ecc,20260927,range,pos,-0.3987374880588408,38966.16628211161
E3-ecc,20260927,range,vel,1.4510176930726488,38966.16628211161
E3-ecc,20260927,range,pos,-15.601336571720404,119245.21081081318
E3-ecc,20260927,range,vel,23.041811331155127,119245.21081081318
E3-ecc,20260927,range,pos,-0.3796570533711444,90607.31999093681
E3-ecc,20260927,range,vel,-0.7240265322938652,90607.31999093681
E3-ecc,20260927,range,pos,1.3656318043531683,135878.24089773672
E3-ecc,20260927,range,vel,0.5690482639391409,135878.24089773672
E3-ecc,20260927,range,pos,-0.23987728602718938,11155933.13284415
E3-ecc,20260927,range,vel,-0.1187269515733301,11155933.13284415
E3-ecc,20260927,range,pos,2.2032441153167523,26767926.55902516
E3-ecc,20260927,range,vel,2.3899507997743177,26767926.55902516
E3-ecc,20260927,inplane,pos,0.5023616979499705,1750326.645160404
E3-ecc,20260927,inplane,vel,0.07958221572024296,1750326.645160404
E3-ecc,20260927,inplane,pos,-2.314723144517356,5502068.967884389
E3-ecc,20260927,inplane,vel,-1.9787416744854693,5502068.967884389
E3-ecc,20260927,inplane,pos,0.09747432581010239,38966.16628211161
E3-ecc,20260927,inplane,vel,-0.324189768493513,38966.16628211161
E3-ecc,20260927,inplane,pos,12.271650894619457,119245.21081081318
E3-ecc,20260927,inplane,vel,4.857988983679898,119245.21081081318
E3-ecc,20260927,inplane,pos,-0.7338430667256147,90607.31999093681
E3-ecc,20260927,inplane,vel,-0.380846807590879,90607.31999093681
E3-ecc,20260927,inplane,pos,0.02336111679839037,135878.24089773672
E3-ecc,20260927,inplane,vel,1.0115368561816787,135878.24089773672
E3-ecc,20260927,inplane,pos,0.4262575587587847,11155933.13284415
E3-ecc,20260927,inplane,vel,-0.2684761620193959,11155933.13284415
E3-ecc,20260927,inplane,pos,-3.143377319990007,26767926.55902516
E3-ecc,20260927,inplane,vel,2.1681251058083184,26767926.55902516
E3-ecc,20260927,plane,pos,0.8255462602027148,1750326.645160404
E3-ecc,20260927,plane,vel,-2.4806984543358066,1750326.645160404
E3-ecc,20260927,plane,pos,1.8668584202020806,5502068.967884389
E3-ecc,20260927,plane,vel,0.844696736548921,5502068.967884389
E3-ecc,20260927,plane,pos,-0.024883223017175528,38966.16628211161
E3-ecc,20260927,plane,vel,-0.31853283925141695,38966.16628211161
E3-ecc,20260927,plane,pos,-1.8590971119680577,119245.21081081318
E3-ecc,20260927,plane,vel,20.969207718663338,119245.21081081318
E3-ecc,20260927,plane,pos,0.8115924104256608,90607.31999093681
E3-ecc,20260927,plane,vel,-0.9397563290257871,90607.31999093681
E3-ecc,20260927,plane,pos,-0.8819594838803619,135878.24089773672
E3-ecc,20260927,plane,vel,-1.0549877114829225,135878.24089773672
E3-ecc,20260927,plane,pos,-1.0640525825388105,11155933.13284415
E3-ecc,20260927,plane,vel,-1.4439854401478205,11155933.13284415
E3-ecc,20260927,plane,pos,2.2880435910012955,26767926.55902516
E3-ecc,20260927,plane,vel,-0.6616176610222104,26767926.55902516
E3-ecc,20260927,range,pos,-3.5581392117475437,590625.0197279584
E3-ecc,20260927,range,vel,8.148968453737217,590625.0197279584
E3-ecc,20260927,range,pos,0.3735283257104203,360933.77369481715
E3-ecc,20260927,range,vel,0.5414234604356635,360933.77369481715
E3-ecc,20260927,range,pos,0.9365355527372146,538006.3235156074
E3-ecc,20260927,range,vel,0.7773774478138724,538006.3235156074
E3-ecc,20260927,range,pos,0.14994383513748402,8747304.567119613
E3-ecc,20260927,range,vel,-0.41571864430082717,8747304.567119613
E3-ecc,20260927,range,pos,-1.153527936436623,101793.2453897697
E3-ecc,20260927,range,vel,0.40292440704649957,101793.2453897697
E3-ecc,20260927,range,pos,-0.7898423193498852,20045753.181798514
E3-ecc,20260927,range,vel,-1.07294750959746,20045753.181798514
E3-ecc,20260927,range,pos,-0.9062776470867754,713030.4942656205
E3-ecc,20260927,range,vel,0.06251490472286687,713030.4942656205
E3-ecc,20260927,range,pos,0.5995363852275454,714814.628994782
E3-ecc,20260927,range,vel,0.14669039758814748,714814.628994782
E3-ecc,20260927,inplane,pos,0.8721954782280034,590625.0197279584
E3-ecc,20260927,inplane,vel,3.9820034035855927,590625.0197279584
E3-ecc,20260927,inplane,pos,0.5039943355269552,360933.77369481715
E3-ecc,20260927,inplane,vel,0.7478146569164537,360933.77369481715
E3-ecc,20260927,inplane,pos,0.5471361692362186,538006.3235156074
E3-ecc,20260927,inplane,vel,1.0583595152141345,538006.3235156074
E3-ecc,20260927,inplane,pos,-0.8639762057702095,8747304.567119613
E3-ecc,20260927,inplane,vel,0.5598972273294494,8747304.567119613
E3-ecc,20260927,inplane,pos,0.04463615883596215,101793.2453897697
E3-ecc,20260927,inplane,vel,-0.9779365155702249,101793.2453897697
E3-ecc,20260927,inplane,pos,1.3357107238052905,20045753.181798514
E3-ecc,20260927,inplane,vel,-1.463625433193662,20045753.181798514
E3-ecc,20260927,inplane,pos,-1.2126966007108444,713030.4942656205
E3-ecc,20260927,inplane,vel,-1.1411078304888829,713030.4942656205
E3-ecc,20260927,inplane,pos,1.3232055346294975,714814.628994782
E3-ecc,20260927,inplane,vel,1.3209750990060645,714814.628994782
E3-ecc,20260927,plane,pos,0.4309105672615718,590625.0197279584
E3-ecc,20260927,plane,vel,4.599138550698762,590625.0197279584
E3-ecc,20260927,plane,pos,-0.02456019163942112,360933.77369481715
E3-ecc,20260927,plane,vel,0.13458581258497096,360933.77369481715
E3-ecc,20260927,plane,pos,0.5675722875537001,538006.3235156074
E3-ecc,20260927,plane,vel,-0.32951184337194606,538006.3235156074
E3-ecc,20260927,plane,pos,0.1457894841531021,8747304.567119613
E3-ecc,20260927,plane,vel,-0.11932232404931664,8747304.567119613
E3-ecc,20260927,plane,pos,-0.3577387416766121,101793.2453897697
E3-ecc,20260927,plane,vel,-0.9995059710602726,101793.2453897697
E3-ecc,20260927,plane,pos,0.714374651981848,20045753.181798514
E3-ecc,20260927,plane,vel,-1.1461220607925537,20045753.181798514
E3-ecc,20260927,plane,pos,-2.298265871900798,713030.4942656205
E3-ecc,20260927,plane,vel,-0.19372697038923592,713030.4942656205
E3-ecc,20260927,plane,pos,0.39140718281531606,714814.628994782
E3-ecc,20260927,plane,vel,0.0031179056084503563,714814.628994782
E3-ecc,20260927,range,pos,-0.29361159866674547,158771.72041401255
E3-ecc,20260927,range,vel,-0.23755820383463006,158771.72041401255
E3-ecc,20260927,range,pos,0.03739354775535396,86732.348842597
E3-ecc,20260927,range,vel,0.09905497578052216,86732.348842597
E3-ecc,20260927,range,pos,0.9157088528278076,51913.51304497673
E3-ecc,20260927,range,vel,-1.349541731993014,51913.51304497673
E3-ecc,20260927,range,pos,-0.8889631945399112,802180.8778834947
E3-ecc,20260927,range,vel,1.0910487580929698,802180.8778834947
E3-ecc,20260927,range,pos,0.2872778746141852,11790216.293948941
E3-ecc,20260927,range,vel,-0.23960984930730625,11790216.293948941
E3-ecc,20260927,range,pos,0.07684134830214341,474227.90737000277
E3-ecc,20260927,range,vel,-0.2137430730240833,474227.90737000277
E3-ecc,20260927,range,pos,-1.3749041759904148,75501.36151922453
E3-ecc,20260927,range,vel,1.3775279016658752,75501.36151922453
E3-ecc,20260927,range,pos,0.24834086269773778,106428.8196488071
E3-ecc,20260927,range,vel,-0.4245240235418678,106428.8196488071
E3-ecc,20260927,inplane,pos,-0.43064904258039544,158771.72041401255
E3-ecc,20260927,inplane,vel,-0.38842626743457925,158771.72041401255
E3-ecc,20260927,inplane,pos,-1.2763119272644412,86732.348842597
E3-ecc,20260927,inplane,vel,0.027189112519597054,86732.348842597
E3-ecc,20260927,inplane,pos,0.8660276634709377,51913.51304497673
E3-ecc,20260927,inplane,vel,-0.648776094865887,51913.51304497673
E3-ecc,20260927,inplane,pos,-0.04693918580404301,802180.8778834947
E3-ecc,20260927,inplane,vel,-0.4751878055753062,802180.8778834947
E3-ecc,20260927,inplane,pos,0.42015755651464437,11790216.293948941
E3-ecc,20260927,inplane,vel,0.39704796882145416,11790216.293948941
E3-ecc,20260927,inplane,pos,2.5784363060653814,474227.90737000277
E3-ecc,20260927,inplane,vel,2.8776394574228057,474227.90737000277
E3-ecc,20260927,inplane,pos,-0.049662652147170895,75501.36151922453
E3-ecc,20260927,inplane,vel,0.4501011370984071,75501.36151922453
E3-ecc,20260927,inplane,pos,1.4468480618832298,106428.8196488071
E3-ecc,20260927,inplane,vel,0.3839947075324335,106428.8196488071
E3-ecc,20260927,plane,pos,2.0737014360705337,158771.72041401255
E3-ecc,20260927,plane,vel,2.264866662607476,158771.72041401255
E3-ecc,20260927,plane,pos,-0.15778652934853932,86732.348842597
E3-ecc,20260927,plane,vel,-1.0661935712919632,86732.348842597
E3-ecc,20260927,plane,pos,0.3917436709002461,51913.51304497673
E3-ecc,20260927,plane,vel,-1.479381041843007,51913.51304497673
E3-ecc,20260927,plane,pos,0.5274025268521146,802180.8778834947
E3-ecc,20260927,plane,vel,0.2707059960333115,802180.8778834947
E3-ecc,20260927,plane,pos,-0.3487077410953116,11790216.293948941
E3-ecc,20260927,plane,vel,-0.5760809007463675,11790216.293948941
E3-ecc,20260927,plane,pos,-0.29609040714042045,474227.90737000277
E3-ecc,20260927,plane,vel,-0.11103035307661323,474227.90737000277
E3-ecc,20260927,plane,pos,1.2138310582055443,75501.36151922453
E3-ecc,20260927,plane,vel,-1.1910668800919857,75501.36151922453
E3-ecc,20260927,plane,pos,-0.05270105137135427,106428.8196488071
E3-ecc,20260927,plane,vel,-0.8102764286131473,106428.8196488071
E3-ecc,20260934,range,pos,-0.7840315061630423,769222.2717489215
E3-ecc,20260934,range,vel,1.2782742895177035,769222.2717489215
E3-ecc,20260934,range,pos,-0.19232135568022046,253437.9458813846
E3-ecc,20260934,range,vel,-0.2810044973835363,253437.9458813846
E3-ecc,20260934,range,pos,0.32061872897299565,20581.39318809393
E3-ecc,20260934,range,vel,-0.38221461831690273,20581.39318809393
E3-ecc,20260934,range,pos,-6.183884200644832,879639.9659300047
E3-ecc,20260934,range,vel,4.917030995312885,879639.9659300047
E3-ecc,20260934,range,pos,-0.8405847505539691,446186.6963987546
E3-ecc,20260934,range,vel,0.6422974621540181,446186.6963987546
E3-ecc,20260934,range,pos,-2.138886324515979,139022.6620498249
E3-ecc,20260934,range,vel,-1.9020639148571,139022.6620498249
E3-ecc,20260934,range,pos,-1.3435754781856817,617513.8645565357
E3-ecc,20260934,range,vel,1.2047925105929012,617513.8645565357
E3-ecc,20260934,range,pos,-0.972645758430251,1227543.4394517136
E3-ecc,20260934,range,vel,0.6571049498641273,1227543.4394517136
E3-ecc,20260934,inplane,pos,-0.11539379927635908,769222.2717489215
E3-ecc,20260934,inplane,vel,-0.7135846130744946,769222.2717489215
E3-ecc,20260934,inplane,pos,0.6686378364640668,253437.9458813846
E3-ecc,20260934,inplane,vel,0.2771248130224789,253437.9458813846
E3-ecc,20260934,inplane,pos,0.29126042895369203,20581.39318809393
E3-ecc,20260934,inplane,vel,-0.44873771005219704,20581.39318809393
E3-ecc,20260934,inplane,pos,-2.7863713495278346,879639.9659300047
E3-ecc,20260934,inplane,vel,-4.764741089362913,879639.9659300047
E3-ecc,20260934,inplane,pos,-0.47552462076431995,446186.6963987546
E3-ecc,20260934,inplane,vel,-0.8753365004759147,446186.6963987546
E3-ecc,20260934,inplane,pos,0.6942189570816617,139022.6620498249
E3-ecc,20260934,inplane,vel,1.9651706180290864,139022.6620498249
E3-ecc,20260934,inplane,pos,-0.8538013878522906,617513.8645565357
E3-ecc,20260934,inplane,vel,-1.1213043401100158,617513.8645565357
E3-ecc,20260934,inplane,pos,-0.35042639932785047,1227543.4394517136
E3-ecc,20260934,inplane,vel,-0.8322293749489028,1227543.4394517136
E3-ecc,20260934,plane,pos,-0.37030688287661373,769222.2717489215
E3-ecc,20260934,plane,vel,-0.04048682207778465,769222.2717489215
E3-ecc,20260934,plane,pos,-0.39843835678536005,253437.9458813846
E3-ecc,20260934,plane,vel,-1.1850066197247449,253437.9458813846
E3-ecc,20260934,plane,pos,1.0026113298896198,20581.39318809393
E3-ecc,20260934,plane,vel,0.9398445800275546,20581.39318809393
E3-ecc,20260934,plane,pos,1.229764187709669,879639.9659300047
E3-ecc,20260934,plane,vel,2.2548688703052573,879639.9659300047
E3-ecc,20260934,plane,pos,-1.0771034765803589,446186.6963987546
E3-ecc,20260934,plane,vel,-1.0289438355828517,446186.6963987546
E3-ecc,20260934,plane,pos,1.8149804055816858,139022.6620498249
E3-ecc,20260934,plane,vel,2.8783833734816273,139022.6620498249
E3-ecc,20260934,plane,pos,0.58461390280376,617513.8645565357
E3-ecc,20260934,plane,vel,-0.676439358204935,617513.8645565357
E3-ecc,20260934,plane,pos,-0.24329265739257355,1227543.4394517136
E3-ecc,20260934,plane,vel,-0.5026069396717926,1227543.4394517136
E3-ecc,20260934,range,pos,0.6125617790773865,18599111.93388966
E3-ecc,20260934,range,vel,1.2883910985896332,18599111.93388966
E3-ecc,20260934,range,pos,1.3899880598900514,100164.01023727191
E3-ecc,20260934,range,vel,-0.5371037852256141,100164.01023727191
E3-ecc,20260934,range,pos,-0.18128024851655833,36987.02895698481
E3-ecc,20260934,range,vel,0.5797467610896253,36987.02895698481
E3-ecc,20260934,range,pos,-0.3859244705982205,1510330.3290546446
E3-ecc,20260934,range,vel,0.037956888934100694,1510330.3290546446
E3-ecc,20260934,range,pos,-1.1592293132651756,43072.330358083724
E3-ecc,20260934,range,vel,-1.1518607234982168,43072.330358083724
E3-ecc,20260934,range,pos,-0.2561586879143478,1032920.2871414208
E3-ecc,20260934,range,vel,-0.32054035040754253,1032920.2871414208
E3-ecc,20260934,inplane,pos,-1.1416245789436228,18599111.93388966
E3-ecc,20260934,inplane,vel,0.8843842034292774,18599111.93388966
E3-ecc,20260934,inplane,pos,1.0434493302501662,100164.01023727191
E3-ecc,20260934,inplane,vel,1.568922126606101,100164.01023727191
E3-ecc,20260934,inplane,pos,-1.2822243402451543,36987.02895698481
E3-ecc,20260934,inplane,vel,-1.5245262971730484,36987.02895698481
E3-ecc,20260934,inplane,pos,0.7941282517103824,1510330.3290546446
E3-ecc,20260934,inplane,vel,-0.1961381149925027,1510330.3290546446
E3-ecc,20260934,inplane,pos,0.6071503671682459,43072.330358083724
E3-ecc,20260934,inplane,vel,-1.3269393482557303,43072.330358083724
E3-ecc,20260934,inplane,pos,-0.21324445060658204,1032920.2871414208
E3-ecc,20260934,inplane,vel,-0.2615687216578973,1032920.2871414208
E3-ecc,20260934,plane,pos,-0.26658135468539695,18599111.93388966
E3-ecc,20260934,plane,vel,0.617612429158072,18599111.93388966
E3-ecc,20260934,plane,pos,0.21614099055447344,100164.01023727191
E3-ecc,20260934,plane,vel,-0.6034525477122734,100164.01023727191
E3-ecc,20260934,plane,pos,0.8591472789951689,36987.02895698481
E3-ecc,20260934,plane,vel,1.8201704531493261,36987.02895698481
E3-ecc,20260934,plane,pos,-0.908687614147221,1510330.3290546446
E3-ecc,20260934,plane,vel,-0.19816142085158608,1510330.3290546446
E3-ecc,20260934,plane,pos,-0.08951699746974535,43072.330358083724
E3-ecc,20260934,plane,vel,-0.3059500949352402,43072.330358083724
E3-ecc,20260934,plane,pos,-0.8066885339964301,1032920.2871414208
E3-ecc,20260934,plane,vel,-0.4717513640699237,1032920.2871414208
E3-ecc,20260934,range,pos,-0.21859346358495554,283558.2905255486
E3-ecc,20260934,range,vel,-0.7455097931439982,283558.2905255486
E3-ecc,20260934,range,pos,1.1770750856599825,26349413.641014
E3-ecc,20260934,range,vel,-3.1944201002534496,26349413.641014
E3-ecc,20260934,range,pos,0.011301323426557687,254496.55644989532
E3-ecc,20260934,range,vel,0.2044001217353392,254496.55644989532
E3-ecc,20260934,range,pos,-0.23789460458384132,123029.79748269981
E3-ecc,20260934,range,vel,-0.5181959581842411,123029.79748269981
E3-ecc,20260934,range,pos,1.4607636984162462,421879.3419420642
E3-ecc,20260934,range,vel,0.5542108447546619,421879.3419420642
E3-ecc,20260934,range,pos,1.990513205164826,593168.2966774119
E3-ecc,20260934,range,vel,1.856159073136939,593168.2966774119
E3-ecc,20260934,range,pos,0.2047179986471326,221672.85216630567
E3-ecc,20260934,range,vel,0.39082441501154325,221672.85216630567
E3-ecc,20260934,range,pos,-1.1287929772882992,2058781.9752903252
E3-ecc,20260934,range,vel,-0.1628038668699555,2058781.9752903252
E3-ecc,20260934,inplane,pos,1.4319331119571819,283558.2905255486
E3-ecc,20260934,inplane,vel,0.31401104973017085,283558.2905255486
E3-ecc,20260934,inplane,pos,2.4364702388851063,26349413.641014
E3-ecc,20260934,inplane,vel,2.2068505573772135,26349413.641014
E3-ecc,20260934,inplane,pos,0.7702247111998882,254496.55644989532
E3-ecc,20260934,inplane,vel,-0.2959788328494441,254496.55644989532
E3-ecc,20260934,inplane,pos,-1.4775349044819892,123029.79748269981
E3-ecc,20260934,inplane,vel,-0.2066799461702289,123029.79748269981
E3-ecc,20260934,inplane,pos,-1.7680488907979335,421879.3419420642
E3-ecc,20260934,inplane,vel,1.053085310806754,421879.3419420642
E3-ecc,20260934,inplane,pos,-0.7827037282458199,593168.2966774119
E3-ecc,20260934,inplane,vel,-0.5788450076151087,593168.2966774119
E3-ecc,20260934,inplane,pos,0.5526655853886819,221672.85216630567
E3-ecc,20260934,inplane,vel,0.14373310663270117,221672.85216630567
E3-ecc,20260934,inplane,pos,0.2649620612210405,2058781.9752903252
E3-ecc,20260934,inplane,vel,-1.1353143958934506,2058781.9752903252
E3-ecc,20260934,plane,pos,0.24212471313935358,283558.2905255486
E3-ecc,20260934,plane,vel,-0.20442172639962325,283558.2905255486
E3-ecc,20260934,plane,pos,-0.01787765642621225,26349413.641014
E3-ecc,20260934,plane,vel,-0.402573439641283,26349413.641014
E3-ecc,20260934,plane,pos,0.7344667281198662,254496.55644989532
E3-ecc,20260934,plane,vel,-0.19223718008632287,254496.55644989532
E3-ecc,20260934,plane,pos,0.21214297368490162,123029.79748269981
E3-ecc,20260934,plane,vel,0.8318116440602971,123029.79748269981
E3-ecc,20260934,plane,pos,0.8805129224651843,421879.3419420642
E3-ecc,20260934,plane,vel,-1.064497718215521,421879.3419420642
E3-ecc,20260934,plane,pos,-0.21377021876926813,593168.2966774119
E3-ecc,20260934,plane,vel,2.1455741346498516,593168.2966774119
E3-ecc,20260934,plane,pos,-0.703103872834856,221672.85216630567
E3-ecc,20260934,plane,vel,-0.7034665756686557,221672.85216630567
E3-ecc,20260934,plane,pos,1.0007872250178464,2058781.9752903252
E3-ecc,20260934,plane,vel,-1.3292101874691178,2058781.9752903252
E3-ecc,20260934,range,pos,-0.5949040035897704,97376.08384795467
E3-ecc,20260934,range,vel,-0.6608836629296869,97376.08384795467
E3-ecc,20260934,range,pos,-1.5243289960933122,780583.4295303809
E3-ecc,20260934,range,vel,-1.4430468420017113,780583.4295303809
E3-ecc,20260934,range,pos,-1.4437397938841101,5363470.43952054
E3-ecc,20260934,range,vel,1.275241523908418,5363470.43952054
E3-ecc,20260934,range,pos,-0.1884791923196548,1647239.0454869117
E3-ecc,20260934,range,vel,0.550617678952046,1647239.0454869117
E3-ecc,20260934,range,pos,0.752776946942625,10738825.40957274
E3-ecc,20260934,range,vel,0.2504204443245974,10738825.40957274
E3-ecc,20260934,range,pos,0.4198019393671783,54061.53430009244
E3-ecc,20260934,range,vel,-0.21930590458931765,54061.53430009244
E3-ecc,20260934,range,pos,-1.8802192738746628,509519.15770023584
E3-ecc,20260934,range,vel,-1.7011837565738372,509519.15770023584
E3-ecc,20260934,range,pos,0.7239285494284216,123107.29433308718
E3-ecc,20260934,range,vel,0.7326975379067258,123107.29433308718
E3-ecc,20260934,inplane,pos,0.01622131751654991,97376.08384795467
E3-ecc,20260934,inplane,vel,-0.6566993339235209,97376.08384795467
E3-ecc,20260934,inplane,pos,-0.5521288200360459,780583.4295303809
E3-ecc,20260934,inplane,vel,-1.8230192314063733,780583.4295303809
E3-ecc,20260934,inplane,pos,-0.6334840077024253,5363470.43952054
E3-ecc,20260934,inplane,vel,-1.4667347013837395,5363470.43952054
E3-ecc,20260934,inplane,pos,0.3031179828701674,1647239.0454869117
E3-ecc,20260934,inplane,vel,-0.12832236004291056,1647239.0454869117
E3-ecc,20260934,inplane,pos,-0.6551348501916775,10738825.40957274
E3-ecc,20260934,inplane,vel,0.5281026653715003,10738825.40957274
E3-ecc,20260934,inplane,pos,-1.5129392213524715,54061.53430009244
E3-ecc,20260934,inplane,vel,-1.2210087413993393,54061.53430009244
E3-ecc,20260934,inplane,pos,0.7345519695777607,509519.15770023584
E3-ecc,20260934,inplane,vel,-2.12955024446613,509519.15770023584
E3-ecc,20260934,inplane,pos,0.2219271925982006,123107.29433308718
E3-ecc,20260934,inplane,vel,0.42761567759803143,123107.29433308718
E3-ecc,20260934,plane,pos,-0.9558256320880809,97376.08384795467
E3-ecc,20260934,plane,vel,0.048214278378300585,97376.08384795467
E3-ecc,20260934,plane,pos,-0.39087360107414226,780583.4295303809
E3-ecc,20260934,plane,vel,-0.24769427484506173,780583.4295303809
E3-ecc,20260934,plane,pos,-1.798630674166889,5363470.43952054
E3-ecc,20260934,plane,vel,-0.09403055112545344,5363470.43952054
E3-ecc,20260934,plane,pos,0.9309938356543752,1647239.0454869117
E3-ecc,20260934,plane,vel,-1.6107825924040844,1647239.0454869117
E3-ecc,20260934,plane,pos,-0.1326187894304125,10738825.40957274
E3-ecc,20260934,plane,vel,0.20279459006922748,10738825.40957274
E3-ecc,20260934,plane,pos,-1.253333852223382,54061.53430009244
E3-ecc,20260934,plane,vel,1.6414931139079507,54061.53430009244
E3-ecc,20260934,plane,pos,0.3986389012193158,509519.15770023584
E3-ecc,20260934,plane,vel,0.26363270942893524,509519.15770023584
E3-ecc,20260934,plane,pos,-0.7387582075925239,123107.29433308718
E3-ecc,20260934,plane,vel,0.3026707350662836,123107.29433308718
E3-ecc,20260934,range,pos,-1.3147384499780888,274057.97973355965
E3-ecc,20260934,range,vel,1.6773866935478379,274057.97973355965
E3-ecc,20260934,range,pos,1.4726552962843733,56550.94653137702
E3-ecc,20260934,range,vel,2.0243622947644386,56550.94653137702
E3-ecc,20260934,range,pos,1.40118020364052,233676.7584170316
E3-ecc,20260934,range,vel,-0.9547183588227637,233676.7584170316
E3-ecc,20260934,range,pos,0.4863438562598726,566335.6660023681
E3-ecc,20260934,range,vel,0.5610621652635555,566335.6660023681
E3-ecc,20260934,range,pos,-1.5471905106149464,85143.19453368557
E3-ecc,20260934,range,vel,0.6601689677408908,85143.19453368557
E3-ecc,20260934,range,pos,0.7579079900122943,1598010.2950683122
E3-ecc,20260934,range,vel,-0.6956763144184971,1598010.2950683122
E3-ecc,20260934,range,pos,-1.7125769291042752,47193.0972770793
E3-ecc,20260934,range,vel,-0.04290110786730203,47193.0972770793
E3-ecc,20260934,range,pos,-1.3121735387144793,20524933.49075233
E3-ecc,20260934,range,vel,0.5465199772635897,20524933.49075233
E3-ecc,20260934,inplane,pos,-1.917300483698392,274057.97973355965
E3-ecc,20260934,inplane,vel,-0.1822804648429217,274057.97973355965
E3-ecc,20260934,inplane,pos,0.7084926143220405,56550.94653137702
E3-ecc,20260934,inplane,vel,1.3185157261384086,56550.94653137702
E3-ecc,20260934,inplane,pos,0.8413759088867706,233676.7584170316
E3-ecc,20260934,inplane,vel,0.7170802859413674,233676.7584170316
E3-ecc,20260934,inplane,pos,0.5308257071454654,566335.6660023681
E3-ecc,20260934,inplane,vel,0.2999748337999134,566335.6660023681
E3-ecc,20260934,inplane,pos,1.4650959583611038,85143.19453368557
E3-ecc,20260934,inplane,vel,0.5062655309749107,85143.19453368557
E3-ecc,20260934,inplane,pos,0.6439110337458258,1598010.2950683122
E3-ecc,20260934,inplane,vel,0.7595971599423023,1598010.2950683122
E3-ecc,20260934,inplane,pos,-2.9135132181910066,47193.0972770793
E3-ecc,20260934,inplane,vel,-1.5410787092685148,47193.0972770793
E3-ecc,20260934,inplane,pos,0.3168423563550806,20524933.49075233
E3-ecc,20260934,inplane,vel,1.1549855938231808,20524933.49075233
E3-ecc,20260934,plane,pos,0.6022123942805739,274057.97973355965
E3-ecc,20260934,plane,vel,0.09048122835743178,274057.97973355965
E3-ecc,20260934,plane,pos,0.9451892307857837,56550.94653137702
E3-ecc,20260934,plane,vel,1.2511098941860497,56550.94653137702
E3-ecc,20260934,plane,pos,0.6629628762581856,233676.7584170316
E3-ecc,20260934,plane,vel,-0.6735393218902188,233676.7584170316
E3-ecc,20260934,plane,pos,1.3629619819415173,566335.6660023681
E3-ecc,20260934,plane,vel,0.12929219694395327,566335.6660023681
E3-ecc,20260934,plane,pos,-0.5370623109806247,85143.19453368557
E3-ecc,20260934,plane,vel,0.18517300280119336,85143.19453368557
E3-ecc,20260934,plane,pos,-1.1116267115333665,1598010.2950683122
E3-ecc,20260934,plane,vel,-1.08157631664069,1598010.2950683122
E3-ecc,20260934,plane,pos,-0.8194349706325875,47193.0972770793
E3-ecc,20260934,plane,vel,0.6373000890438824,47193.0972770793
E3-ecc,20260934,plane,pos,0.22642896378113933,20524933.49075233
E3-ecc,20260934,plane,vel,-0.4340449611577401,20524933.49075233
E3-ecc,20260934,range,pos,0.4633936588067987,147564.5023023779
E3-ecc,20260934,range,vel,-0.38681799609288126,147564.5023023779
E3-ecc,20260934,range,pos,-0.5449575010578165,3417345.931768343
E3-ecc,20260934,range,vel,0.7335657827329328,3417345.931768343
E3-ecc,20260934,range,pos,-0.5520928293015062,59660.279468757835
E3-ecc,20260934,range,vel,-0.8167191589217044,59660.279468757835
E3-ecc,20260934,range,pos,18.22064581005047,5463855.112611537
E3-ecc,20260934,range,vel,17.686858256819708,5463855.112611537
E3-ecc,20260934,range,pos,-36830.73203940041,7263422.30829141
E3-ecc,20260934,range,vel,-25352.628016782695,7263422.30829141
E3-ecc,20260934,range,pos,1.8493232493257237,41355.13514776795
E3-ecc,20260934,range,vel,-2.181796554092179,41355.13514776795
E3-ecc,20260934,range,pos,0.6169870188430552,4122548.1960248463
E3-ecc,20260934,range,vel,-0.0899332047338477,4122548.1960248463
E3-ecc,20260934,range,pos,-0.980921026698312,822724.3913931373
E3-ecc,20260934,range,vel,-1.2642771548594813,822724.3913931373
E3-ecc,20260934,inplane,pos,0.4150106799909137,147564.5023023779
E3-ecc,20260934,inplane,vel,0.6488803591266269,147564.5023023779
E3-ecc,20260934,inplane,pos,0.19366392803043603,3417345.931768343
E3-ecc,20260934,inplane,vel,-0.29693329832656873,3417345.931768343
E3-ecc,20260934,inplane,pos,-0.9888165369619888,59660.279468757835
E3-ecc,20260934,inplane,vel,-0.5924301523806137,59660.279468757835
E3-ecc,20260934,inplane,pos,-4.088351533489669,5463855.112611537
E3-ecc,20260934,inplane,vel,20.50052104686594,5463855.112611537
E3-ecc,20260934,inplane,pos,-125.24417753005825,7263422.30829141
E3-ecc,20260934,inplane,vel,-47347.58328566878,7263422.30829141
E3-ecc,20260934,inplane,pos,-0.33672646311994564,41355.13514776795
E3-ecc,20260934,inplane,vel,1.7781035758256873,41355.13514776795
E3-ecc,20260934,inplane,pos,-1.1777812523536029,4122548.1960248463
E3-ecc,20260934,inplane,vel,0.8836073552854468,4122548.1960248463
E3-ecc,20260934,inplane,pos,-1.3052429073169953,822724.3913931373
E3-ecc,20260934,inplane,vel,-1.036573588939875,822724.3913931373
E3-ecc,20260934,plane,pos,-1.1775049476359518,147564.5023023779
E3-ecc,20260934,plane,vel,0.9421323001832299,147564.5023023779
E3-ecc,20260934,plane,pos,0.09070739436707329,3417345.931768343
E3-ecc,20260934,plane,vel,0.2993723611076505,3417345.931768343
E3-ecc,20260934,plane,pos,-1.2817628713324807,59660.279468757835
E3-ecc,20260934,plane,vel,-0.4498488651922827,59660.279468757835
E3-ecc,20260934,plane,pos,1.6578762775794567,5463855.112611537
E3-ecc,20260934,plane,vel,0.8651077007279295,5463855.112611537
E3-ecc,20260934,plane,pos,-208.32402477719302,7263422.30829141
E3-ecc,20260934,plane,vel,-3351.6335207398383,7263422.30829141
E3-ecc,20260934,plane,pos,0.4173099956321611,41355.13514776795
E3-ecc,20260934,plane,vel,1.5279715943632035,41355.13514776795
E3-ecc,20260934,plane,pos,1.741094208754803,4122548.1960248463
E3-ecc,20260934,plane,vel,0.9807602374052333,4122548.1960248463
E3-ecc,20260934,plane,pos,-0.3535979499307935,822724.3913931373
E3-ecc,20260934,plane,vel,-0.4230834746748497,822724.3913931373
E3-ecc,20260941,range,pos,-0.5003355854334774,330883.80161955196
E3-ecc,20260941,range,vel,-0.9419083527393064,330883.80161955196
E3-ecc,20260941,range,pos,-0.16228089827102796,254508.02182653706
E3-ecc,20260941,range,vel,0.07548723874020531,254508.02182653706
E3-ecc,20260941,range,pos,0.8084079362272835,63154.9083710803
E3-ecc,20260941,range,vel,0.95791677802369,63154.9083710803
E3-ecc,20260941,range,pos,-89.58716307415634,49426.2481516626
E3-ecc,20260941,range,vel,-64.55087490134012,49426.2481516626
E3-ecc,20260941,range,pos,1.0759993576565963,544375.6878767422
E3-ecc,20260941,range,vel,-1.359835437090783,544375.6878767422
E3-ecc,20260941,range,pos,-0.2886889785330628,2194731.7777174264
E3-ecc,20260941,range,vel,0.17802681757647487,2194731.7777174264
E3-ecc,20260941,range,pos,-1.0352939275862592,208986.9450763547
E3-ecc,20260941,range,vel,0.719518272120735,208986.9450763547
E3-ecc,20260941,range,pos,-2.6782468335537395,121133.36249552527
E3-ecc,20260941,range,vel,0.6411057144074411,121133.36249552527
E3-ecc,20260941,inplane,pos,-0.7954685842817424,330883.80161955196
E3-ecc,20260941,inplane,vel,-0.5474711131086332,330883.80161955196
E3-ecc,20260941,inplane,pos,0.10642236371436961,254508.02182653706
E3-ecc,20260941,inplane,vel,0.1641481134213589,254508.02182653706
E3-ecc,20260941,inplane,pos,0.20634134520777067,63154.9083710803
E3-ecc,20260941,inplane,vel,-0.25168904498194483,63154.9083710803
E3-ecc,20260941,inplane,pos,0.9644250909660002,49426.2481516626
E3-ecc,20260941,inplane,vel,-6.969717877440499,49426.2481516626
E3-ecc,20260941,inplane,pos,-0.13241765613973996,544375.6878767422
E3-ecc,20260941,inplane,vel,0.4486548526027155,544375.6878767422
E3-ecc,20260941,inplane,pos,-0.040790175435407056,2194731.7777174264
E3-ecc,20260941,inplane,vel,-0.1871701385336286,2194731.7777174264
E3-ecc,20260941,inplane,pos,1.1109323313592074,208986.9450763547
E3-ecc,20260941,inplane,vel,1.320643743008847,208986.9450763547
E3-ecc,20260941,inplane,pos,-0.18246181656085417,121133.36249552527
E3-ecc,20260941,inplane,vel,2.342126627719653,121133.36249552527
E3-ecc,20260941,plane,pos,-0.6335914904760391,330883.80161955196
E3-ecc,20260941,plane,vel,0.5592308822481699,330883.80161955196
E3-ecc,20260941,plane,pos,-1.1646391195828762,254508.02182653706
E3-ecc,20260941,plane,vel,0.17423910124413752,254508.02182653706
E3-ecc,20260941,plane,pos,-0.04148685499688591,63154.9083710803
E3-ecc,20260941,plane,vel,-1.0140910415704827,63154.9083710803
E3-ecc,20260941,plane,pos,27.185221750032998,49426.2481516626
E3-ecc,20260941,plane,vel,-3.424427770919872,49426.2481516626
E3-ecc,20260941,plane,pos,-1.3674155378223443,544375.6878767422
E3-ecc,20260941,plane,vel,1.476705152662137,544375.6878767422
E3-ecc,20260941,plane,pos,0.4490305709847332,2194731.7777174264
E3-ecc,20260941,plane,vel,-0.39022584170086333,2194731.7777174264
E3-ecc,20260941,plane,pos,1.0636144505795264,208986.9450763547
E3-ecc,20260941,plane,vel,1.2174271953480469,208986.9450763547
E3-ecc,20260941,plane,pos,-0.347014980049708,121133.36249552527
E3-ecc,20260941,plane,vel,-0.4139013177810487,121133.36249552527
E3-ecc,20260941,range,pos,0.8392942080516075,10986031.230263364
E3-ecc,20260941,range,vel,0.7124984002128002,10986031.230263364
E3-ecc,20260941,range,pos,-0.24889272930767323,7717796.581305099
E3-ecc,20260941,range,vel,-0.17991301069500287,7717796.581305099
E3-ecc,20260941,range,pos,3.0458019745481675,262794.3065386936
E3-ecc,20260941,range,vel,0.45365048756092774,262794.3065386936
E3-ecc,20260941,range,pos,-0.11470290288501621,2994017.7771386597
E3-ecc,20260941,range,vel,-0.18768795286297713,2994017.7771386597
E3-ecc,20260941,range,pos,1.1409446134507715,69913.88697087862
E3-ecc,20260941,range,vel,1.237707168831568,69913.88697087862
E3-ecc,20260941,range,pos,0.49461418692469145,11398712.509422101
E3-ecc,20260941,range,vel,0.5444773274460433,11398712.509422101
E3-ecc,20260941,range,pos,1.3067824945707287,141796.07762084025
E3-ecc,20260941,range,vel,-1.0323680776012265,141796.07762084025
E3-ecc,20260941,range,pos,0.03214264990016608,10753923.468806067
E3-ecc,20260941,range,vel,-0.021296315623616998,10753923.468806067
E3-ecc,20260941,inplane,pos,-0.5532105214836239,10986031.230263364
E3-ecc,20260941,inplane,vel,0.3567724240770076,10986031.230263364
E3-ecc,20260941,inplane,pos,-0.9406343127550546,7717796.581305099
E3-ecc,20260941,inplane,vel,-0.7812614421173222,7717796.581305099
E3-ecc,20260941,inplane,pos,-2.1728114714575186,262794.3065386936
E3-ecc,20260941,inplane,vel,3.0624269069275254,262794.3065386936
E3-ecc,20260941,inplane,pos,0.12288302282253522,2994017.7771386597
E3-ecc,20260941,inplane,vel,0.3776369891162771,2994017.7771386597
E3-ecc,20260941,inplane,pos,0.3758478278891638,69913.88697087862
E3-ecc,20260941,inplane,vel,0.16744128090677987,69913.88697087862
E3-ecc,20260941,inplane,pos,-0.24897074959176765,11398712.509422101
E3-ecc,20260941,inplane,vel,0.16008780588661367,11398712.509422101
E3-ecc,20260941,inplane,pos,1.0993663287591462,141796.07762084025
E3-ecc,20260941,inplane,vel,1.5261410408523604,141796.07762084025
E3-ecc,20260941,inplane,pos,-0.9884238711446555,10753923.468806067
E3-ecc,20260941,inplane,vel,0.02598687317264965,10753923.468806067
E3-ecc,20260941,plane,pos,0.02104230641180518,10986031.230263364
E3-ecc,20260941,plane,vel,-0.8806755097951403,10986031.230263364
E3-ecc,20260941,plane,pos,0.45154678349463373,7717796.581305099
E3-ecc,20260941,plane,vel,-0.024553842044907775,7717796.581305099
E3-ecc,20260941,plane,pos,-0.9419859814381015,262794.3065386936
E3-ecc,20260941,plane,vel,0.6479607225944967,262794.3065386936
E3-ecc,20260941,plane,pos,0.2541958428763156,2994017.7771386597
E3-ecc,20260941,plane,vel,0.2434900401187856,2994017.7771386597
E3-ecc,20260941,plane,pos,2.4117504547195696,69913.88697087862
E3-ecc,20260941,plane,vel,1.8917816104047591,69913.88697087862
E3-ecc,20260941,plane,pos,-0.23857760213580492,11398712.509422101
E3-ecc,20260941,plane,vel,-1.1722314696068896,11398712.509422101
E3-ecc,20260941,plane,pos,1.0361382392184804,141796.07762084025
E3-ecc,20260941,plane,vel,-0.19508405716767996,141796.07762084025
E3-ecc,20260941,plane,pos,-0.03608316807613828,10753923.468806067
E3-ecc,20260941,plane,vel,-0.41380114689766595,10753923.468806067
E3-ecc,20260941,range,pos,-0.5583546271848132,681852.8448107195
E3-ecc,20260941,range,vel,-1.6990396205377791,681852.8448107195
E3-ecc,20260941,range,pos,-1.3167568864659487,209550.23423379473
E3-ecc,20260941,range,vel,0.9009542436632304,209550.23423379473
E3-ecc,20260941,range,pos,-2.0246744623545614,2693300.614786372
E3-ecc,20260941,range,vel,0.22516534464203045,2693300.614786372
E3-ecc,20260941,range,pos,2.0270108539523766,157845.99471969763
E3-ecc,20260941,range,vel,-1.3127048710417832,157845.99471969763
E3-ecc,20260941,range,pos,0.8096690263180808,246842.5571300892
E3-ecc,20260941,range,vel,-1.1246804064504168,246842.5571300892
E3-ecc,20260941,range,pos,-0.468340729860021,388124.1651060026
E3-ecc,20260941,range,vel,0.6499247650856478,388124.1651060026
E3-ecc,20260941,range,pos,-0.4001418172873554,84033.06506079319
E3-ecc,20260941,range,vel,-0.29853120775983355,84033.06506079319
E3-ecc,20260941,range,pos,-0.8696960972815555,78958.71132821389
E3-ecc,20260941,range,vel,-0.14244624892056423,78958.71132821389
E3-ecc,20260941,inplane,pos,-1.6951550154991812,681852.8448107195
E3-ecc,20260941,inplane,vel,-1.1118912406189605,681852.8448107195
E3-ecc,20260941,inplane,pos,-1.0450661788072486,209550.23423379473
E3-ecc,20260941,inplane,vel,-1.3551187071788413,209550.23423379473
E3-ecc,20260941,inplane,pos,-1.4227164187742478,2693300.614786372
E3-ecc,20260941,inplane,vel,-2.2264163554905885,2693300.614786372
E3-ecc,20260941,inplane,pos,0.07336327514411307,157845.99471969763
E3-ecc,20260941,inplane,vel,-1.794754643858305,157845.99471969763
E3-ecc,20260941,inplane,pos,2.209946229699834,246842.5571300892
E3-ecc,20260941,inplane,vel,0.23945947072212126,246842.5571300892
E3-ecc,20260941,inplane,pos,0.7398256321168022,388124.1651060026
E3-ecc,20260941,inplane,vel,-0.0795762434848578,388124.1651060026
E3-ecc,20260941,inplane,pos,-0.59579535629782,84033.06506079319
E3-ecc,20260941,inplane,vel,0.44213496924851753,84033.06506079319
E3-ecc,20260941,inplane,pos,-0.37196575043249763,78958.71132821389
E3-ecc,20260941,inplane,vel,0.012127296545341625,78958.71132821389
E3-ecc,20260941,plane,pos,0.06761171698936135,681852.8448107195
E3-ecc,20260941,plane,vel,-0.9529355571627836,681852.8448107195
E3-ecc,20260941,plane,pos,-0.07004031967671868,209550.23423379473
E3-ecc,20260941,plane,vel,-0.9181223303131208,209550.23423379473
E3-ecc,20260941,plane,pos,-0.23562966458932558,2693300.614786372
E3-ecc,20260941,plane,vel,0.15183467675879922,2693300.614786372
E3-ecc,20260941,plane,pos,0.7922240972799591,157845.99471969763
E3-ecc,20260941,plane,vel,-1.1576142923309416,157845.99471969763
E3-ecc,20260941,plane,pos,1.2845788866819494,246842.5571300892
E3-ecc,20260941,plane,vel,-1.3632081500868003,246842.5571300892
E3-ecc,20260941,plane,pos,-0.5001785726645626,388124.1651060026
E3-ecc,20260941,plane,vel,-2.122170380415282,388124.1651060026
E3-ecc,20260941,plane,pos,-0.4452901614241785,84033.06506079319
E3-ecc,20260941,plane,vel,0.4880639091931996,84033.06506079319
E3-ecc,20260941,plane,pos,1.4486427975646843,78958.71132821389
E3-ecc,20260941,plane,vel,0.5976380708836067,78958.71132821389
E3-ecc,20260941,range,pos,-0.3350335758626378,165724.75076852238
E3-ecc,20260941,range,vel,0.05740424207347786,165724.75076852238
E3-ecc,20260941,range,pos,0.7134454299515721,696733.2235439278
E3-ecc,20260941,range,vel,-0.05635355290675195,696733.2235439278
E3-ecc,20260941,range,pos,-0.3041136093047205,409538.7623014923
E3-ecc,20260941,range,vel,0.32419445989351225,409538.7623014923
E3-ecc,20260941,range,pos,1.4342918918947578,1370461.2860606255
E3-ecc,20260941,range,vel,-1.6791939600254464,1370461.2860606255
E3-ecc,20260941,range,pos,0.33184120879791906,164658.0685167733
E3-ecc,20260941,range,vel,1.1643041114359702,164658.0685167733
E3-ecc,20260941,range,pos,0.9732925436647535,17159252.910574112
E3-ecc,20260941,range,vel,0.8167987908908066,17159252.910574112
E3-ecc,20260941,range,pos,0.33550821715474843,19032825.703714706
E3-ecc,20260941,range,vel,-0.19632662800219153,19032825.703714706
E3-ecc,20260941,inplane,pos,-1.3148923794254854,165724.75076852238
E3-ecc,20260941,inplane,vel,-0.3737158856336379,165724.75076852238
E3-ecc,20260941,inplane,pos,0.36030691716065305,696733.2235439278
E3-ecc,20260941,inplane,vel,0.4347087738450598,696733.2235439278
E3-ecc,20260941,inplane,pos,-0.09710889377544911,409538.7623014923
E3-ecc,20260941,inplane,vel,-0.25766230270268625,409538.7623014923
E3-ecc,20260941,inplane,pos,1.5817359113922211,1370461.2860606255
E3-ecc,20260941,inplane,vel,1.7605858004751531,1370461.2860606255
E3-ecc,20260941,inplane,pos,1.2604084275651242,164658.0685167733
E3-ecc,20260941,inplane,vel,0.849076444144754,164658.0685167733
E3-ecc,20260941,inplane,pos,-1.1973086649229574,17159252.910574112
E3-ecc,20260941,inplane,vel,0.8941175095109062,17159252.910574112
E3-ecc,20260941,inplane,pos,0.27031453192940325,19032825.703714706
E3-ecc,20260941,inplane,vel,-0.5092469350121103,19032825.703714706
E3-ecc,20260941,plane,pos,-0.5956486231623352,165724.75076852238
E3-ecc,20260941,plane,vel,-1.2308758311926187,165724.75076852238
E3-ecc,20260941,plane,pos,0.6149522420960231,696733.2235439278
E3-ecc,20260941,plane,vel,-1.3403007140424168,696733.2235439278
E3-ecc,20260941,plane,pos,0.587025552287199,409538.7623014923
E3-ecc,20260941,plane,vel,0.09309024225841095,409538.7623014923
E3-ecc,20260941,plane,pos,0.06988580725237434,1370461.2860606255
E3-ecc,20260941,plane,vel,1.4445536234164513,1370461.2860606255
E3-ecc,20260941,plane,pos,-0.06428493784913669,164658.0685167733
E3-ecc,20260941,plane,vel,0.4211004622878342,164658.0685167733
E3-ecc,20260941,plane,pos,2.3719892756189966,17159252.910574112
E3-ecc,20260941,plane,vel,0.5324218337574447,17159252.910574112
E3-ecc,20260941,plane,pos,0.6854132401663849,19032825.703714706
E3-ecc,20260941,plane,vel,-0.528216286158418,19032825.703714706
E3-ecc,20260941,range,pos,-0.42028210680264105,1927149.7072816065
E3-ecc,20260941,range,vel,-0.06545407413854304,1927149.7072816065
E3-ecc,20260941,range,pos,0.9921039825826019,52330.39975166852
E3-ecc,20260941,range,vel,0.4323252349511276,52330.39975166852
E3-ecc,20260941,range,pos,0.6454277186607319,17742287.60784528
E3-ecc,20260941,range,vel,0.6275269565025684,17742287.60784528
E3-ecc,20260941,range,pos,-3.8775268504119915,571541.601541483
E3-ecc,20260941,range,vel,4.90371958837476,571541.601541483
E3-ecc,20260941,range,pos,-0.2826703343138516,61656.401578037614
E3-ecc,20260941,range,vel,-0.3843146821489038,61656.401578037614
E3-ecc,20260941,range,pos,1.078704704626446,411607.48264395975
E3-ecc,20260941,range,vel,-0.4868922420729718,411607.48264395975
E3-ecc,20260941,range,pos,-1.3596212504489469,848511.99154101
E3-ecc,20260941,range,vel,0.18499802226739873,848511.99154101
E3-ecc,20260941,range,pos,0.5349926444354098,141003.9335002892
E3-ecc,20260941,range,vel,-0.3770608228955273,141003.9335002892
E3-ecc,20260941,inplane,pos,-0.6863668853483752,1927149.7072816065
E3-ecc,20260941,inplane,vel,-0.363548894960543,1927149.7072816065
E3-ecc,20260941,inplane,pos,0.9059154211296674,52330.39975166852
E3-ecc,20260941,inplane,vel,0.8693244897101593,52330.39975166852
E3-ecc,20260941,inplane,pos,-1.0379608607853585,17742287.60784528
E3-ecc,20260941,inplane,vel,0.9213267557841499,17742287.60784528
E3-ecc,20260941,inplane,pos,-0.2165339715249095,571541.601541483
E3-ecc,20260941,inplane,vel,-0.899801714830801,571541.601541483
E3-ecc,20260941,inplane,pos,0.4651237083299608,61656.401578037614
E3-ecc,20260941,inplane,vel,-0.5686012312834042,61656.401578037614
E3-ecc,20260941,inplane,pos,1.1304472847709992,411607.48264395975
E3-ecc,20260941,inplane,vel,1.390732214348412,411607.48264395975
E3-ecc,20260941,inplane,pos,-0.11465560174359363,848511.99154101
E3-ecc,20260941,inplane,vel,-0.8165369081553121,848511.99154101
E3-ecc,20260941,inplane,pos,-0.5931983383416114,141003.9335002892
E3-ecc,20260941,inplane,vel,-0.6346374390762886,141003.9335002892
E3-ecc,20260941,plane,pos,-0.1176533748694462,1927149.7072816065
E3-ecc,20260941,plane,vel,-1.3773880469860151,1927149.7072816065
E3-ecc,20260941,plane,pos,0.36336622135086477,52330.39975166852
E3-ecc,20260941,plane,vel,-0.8817278083781106,52330.39975166852
E3-ecc,20260941,plane,pos,-0.34488898782879135,17742287.60784528
E3-ecc,20260941,plane,vel,-1.257857699568667,17742287.60784528
E3-ecc,20260941,plane,pos,1.184937366399077,571541.601541483
E3-ecc,20260941,plane,vel,0.9684306291177164,571541.601541483
E3-ecc,20260941,plane,pos,1.5001615127224817,61656.401578037614
E3-ecc,20260941,plane,vel,0.8739970007046532,61656.401578037614
E3-ecc,20260941,plane,pos,-2.877430225797352,411607.48264395975
E3-ecc,20260941,plane,vel,-0.7735402003939585,411607.48264395975
E3-ecc,20260941,plane,pos,-0.7087554535111869,848511.99154101
E3-ecc,20260941,plane,vel,0.11418184708484137,848511.99154101
E3-ecc,20260941,plane,pos,0.27860319928531196,141003.9335002892
E3-ecc,20260941,plane,vel,-0.730734214099363,141003.9335002892
E3-ecc,20260941,range,pos,0.12614262973629453,326155.31376841565
E3-ecc,20260941,range,vel,0.44503309591406764,326155.31376841565
E3-ecc,20260941,range,pos,-21.495729540843403,7750901.341957018
E3-ecc,20260941,range,vel,-16.079203306691237,7750901.341957018
E3-ecc,20260941,range,pos,0.025827917618348052,1048769.666867626
E3-ecc,20260941,range,vel,0.12652828349012155,1048769.666867626
E3-ecc,20260941,range,pos,-2.2960496227746434,18123318.502162907
E3-ecc,20260941,range,vel,-1.797266131435711,18123318.502162907
E3-ecc,20260941,range,pos,-2.280814173852875,551658.9847753448
E3-ecc,20260941,range,vel,-2.2956926452913917,551658.9847753448
E3-ecc,20260941,range,pos,-0.6374037920403357,87907.0947747102
E3-ecc,20260941,range,vel,-1.134847425523105,87907.0947747102
E3-ecc,20260941,range,pos,0.06298494933633213,116300.89250411476
E3-ecc,20260941,range,vel,-0.03319720497805724,116300.89250411476
E3-ecc,20260941,range,pos,1.1497845192764977,98097.79971110253
E3-ecc,20260941,range,vel,0.13982632607992376,98097.79971110253
E3-ecc,20260941,inplane,pos,0.3508190772385868,326155.31376841565
E3-ecc,20260941,inplane,vel,0.07155376424382016,326155.31376841565
E3-ecc,20260941,inplane,pos,0.1301381501920495,7750901.341957018
E3-ecc,20260941,inplane,vel,-24.11319712886336,7750901.341957018
E3-ecc,20260941,inplane,pos,0.12928127857368293,1048769.666867626
E3-ecc,20260941,inplane,vel,0.083917099867969,1048769.666867626
E3-ecc,20260941,inplane,pos,1.443356507661524,18123318.502162907
E3-ecc,20260941,inplane,vel,0.2801478065361683,18123318.502162907
E3-ecc,20260941,inplane,pos,-1.4204575499661107,551658.9847753448
E3-ecc,20260941,inplane,vel,-2.4952024457592223,551658.9847753448
E3-ecc,20260941,inplane,pos,1.0056862537183742,87907.0947747102
E3-ecc,20260941,inplane,vel,-0.9882015992154897,87907.0947747102
E3-ecc,20260941,inplane,pos,-0.09885940665866556,116300.89250411476
E3-ecc,20260941,inplane,vel,-0.01840916294040055,116300.89250411476
E3-ecc,20260941,inplane,pos,-0.9169487124927813,98097.79971110253
E3-ecc,20260941,inplane,vel,0.8685627849162119,98097.79971110253
E3-ecc,20260941,plane,pos,0.3096102624433271,326155.31376841565
E3-ecc,20260941,plane,vel,-0.6649407654987641,326155.31376841565
E3-ecc,20260941,plane,pos,0.1133751633531928,7750901.341957018
E3-ecc,20260941,plane,vel,10.37972479774552,7750901.341957018
E3-ecc,20260941,plane,pos,1.1233368999880846,1048769.666867626
E3-ecc,20260941,plane,vel,-1.073271374513402,1048769.666867626
E3-ecc,20260941,plane,pos,0.314072999497461,18123318.502162907
E3-ecc,20260941,plane,vel,0.22900878255867058,18123318.502162907
E3-ecc,20260941,plane,pos,-0.6424701623982257,551658.9847753448
E3-ecc,20260941,plane,vel,-1.1611996254409416,551658.9847753448
E3-ecc,20260941,plane,pos,-0.9631448951689007,87907.0947747102
E3-ecc,20260941,plane,vel,0.35102903543267117,87907.0947747102
E3-ecc,20260941,plane,pos,0.25871697076853245,116300.89250411476
E3-ecc,20260941,plane,vel,0.22710423534748636,116300.89250411476
E3-ecc,20260941,plane,pos,0.7196900191853643,98097.79971110253
E3-ecc,20260941,plane,vel,-0.04985894551935279,98097.79971110253
E3-ecc,20260948,range,pos,1.1411342866492593,375426.25741052494
E3-ecc,20260948,range,vel,0.3647982879052042,375426.25741052494
E3-ecc,20260948,range,pos,-1.4040023303563578,213318.18800751577
E3-ecc,20260948,range,vel,-2.2582895464958135,213318.18800751577
E3-ecc,20260948,range,pos,0.11527340121799542,180001.242271123
E3-ecc,20260948,range,vel,0.7603968632523009,180001.242271123
E3-ecc,20260948,range,pos,0.36406499661929004,658289.2434151525
E3-ecc,20260948,range,vel,1.0123088779088096,658289.2434151525
E3-ecc,20260948,range,pos,0.04305782965691607,501705.6618277493
E3-ecc,20260948,range,vel,0.5667712910177802,501705.6618277493
E3-ecc,20260948,range,pos,0.4970789906654833,768222.2390104216
E3-ecc,20260948,range,vel,0.7903091793002243,768222.2390104216
E3-ecc,20260948,range,pos,2.3926358087459794,702290.6331011677
E3-ecc,20260948,range,vel,-2.3101190306999366,702290.6331011677
E3-ecc,20260948,range,pos,3.503960678538344,511158.21877838275
E3-ecc,20260948,range,vel,3.2193456314935833,511158.21877838275
E3-ecc,20260948,inplane,pos,0.5872412589926629,375426.25741052494
E3-ecc,20260948,inplane,vel,0.575715828140118,375426.25741052494
E3-ecc,20260948,inplane,pos,-2.031347197180333,213318.18800751577
E3-ecc,20260948,inplane,vel,-1.713795137142842,213318.18800751577
E3-ecc,20260948,inplane,pos,0.41687815037066944,180001.242271123
E3-ecc,20260948,inplane,vel,0.49514752153674646,180001.242271123
E3-ecc,20260948,inplane,pos,1.0616519939841753,658289.2434151525
E3-ecc,20260948,inplane,vel,0.5359932067751131,658289.2434151525
E3-ecc,20260948,inplane,pos,1.0261548866777153,501705.6618277493
E3-ecc,20260948,inplane,vel,-0.007803713303097866,501705.6618277493
E3-ecc,20260948,inplane,pos,0.918433467840877,768222.2390104216
E3-ecc,20260948,inplane,vel,0.4798553913071114,768222.2390104216
E3-ecc,20260948,inplane,pos,1.7836786337571848,702290.6331011677
E3-ecc,20260948,inplane,vel,2.219976772905548,702290.6331011677
E3-ecc,20260948,inplane,pos,1.8837534066876225,511158.21877838275
E3-ecc,20260948,inplane,vel,2.33775553956574,511158.21877838275
E3-ecc,20260948,plane,pos,-0.030892673311570428,375426.25741052494
E3-ecc,20260948,plane,vel,-0.03494570316377965,375426.25741052494
E3-ecc,20260948,plane,pos,0.6625084926755708,213318.18800751577
E3-ecc,20260948,plane,vel,-0.24677317240651536,213318.18800751577
E3-ecc,20260948,plane,pos,1.1828197301369396,180001.242271123
E3-ecc,20260948,plane,vel,2.148251338127572,180001.242271123
E3-ecc,20260948,plane,pos,-1.1572932144734476,658289.2434151525
E3-ecc,20260948,plane,vel,-0.6519371327199155,658289.2434151525
E3-ecc,20260948,plane,pos,0.7015999132373423,501705.6618277493
E3-ecc,20260948,plane,vel,0.23317362919973408,501705.6618277493
E3-ecc,20260948,plane,pos,-0.19249385674099756,768222.2390104216
E3-ecc,20260948,plane,vel,-1.3068263495573127,768222.2390104216
E3-ecc,20260948,plane,pos,0.07735192665222516,702290.6331011677
E3-ecc,20260948,plane,vel,-0.8169712227200928,702290.6331011677
E3-ecc,20260948,plane,pos,-1.3972488953713733,511158.21877838275
E3-ecc,20260948,plane,vel,-0.686164729357238,511158.21877838275
E3-ecc,20260948,range,pos,-0.4005550806398955,42720.668570099886
E3-ecc,20260948,range,vel,0.29194821360303436,42720.668570099886
E3-ecc,20260948,range,pos,-1.0423503199113993,54438.15492035246
E3-ecc,20260948,range,vel,0.9254656835008622,54438.15492035246
E3-ecc,20260948,range,pos,-0.8870397146446515,60017.49988599916
E3-ecc,20260948,range,vel,-0.6304528413012691,60017.49988599916
E3-ecc,20260948,range,pos,-0.4152421203904117,61672.42822367625
E3-ecc,20260948,range,vel,-1.2026204498238553,61672.42822367625
E3-ecc,20260948,range,pos,0.9302744199030073,10095348.674145406
E3-ecc,20260948,range,vel,-0.8585152761741159,10095348.674145406
E3-ecc,20260948,range,pos,0.9208263175284702,50376.8982372384
E3-ecc,20260948,range,vel,1.211897699952169,50376.8982372384
E3-ecc,20260948,range,pos,1.0987356540588746,67114.4067693616
E3-ecc,20260948,range,vel,1.0174281716894311,67114.4067693616
E3-ecc,20260948,inplane,pos,-2.009185422269525,42720.668570099886
E3-ecc,20260948,inplane,vel,-0.4893107057072675,42720.668570099886
E3-ecc,20260948,inplane,pos,1.213606518371005,54438.15492035246
E3-ecc,20260948,inplane,vel,-0.9927827374821673,54438.15492035246
E3-ecc,20260948,inplane,pos,1.1686912554514246,60017.49988599916
E3-ecc,20260948,inplane,vel,-1.5573358470766951,60017.49988599916
E3-ecc,20260948,inplane,pos,-1.7701250761620344,61672.42822367625
E3-ecc,20260948,inplane,vel,-0.8890718502194653,61672.42822367625
E3-ecc,20260948,inplane,pos,-0.5514173549234461,10095348.674145406
E3-ecc,20260948,inplane,vel,0.9179857130501636,10095348.674145406
E3-ecc,20260948,inplane,pos,1.0784552175685491,50376.8982372384
E3-ecc,20260948,inplane,vel,-0.871827644633145,50376.8982372384
E3-ecc,20260948,inplane,pos,0.1094440849523121,67114.4067693616
E3-ecc,20260948,inplane,vel,1.400480738396167,67114.4067693616
E3-ecc,20260948,plane,pos,0.7712181143137792,42720.668570099886
E3-ecc,20260948,plane,vel,1.6999143352951143,42720.668570099886
E3-ecc,20260948,plane,pos,-1.3594417524113767,54438.15492035246
E3-ecc,20260948,plane,vel,1.2113145583599247,54438.15492035246
E3-ecc,20260948,plane,pos,-1.3201500890758135,60017.49988599916
E3-ecc,20260948,plane,vel,-0.07446741875114135,60017.49988599916
E3-ecc,20260948,plane,pos,-0.7247564493310167,61672.42822367625
E3-ecc,20260948,plane,vel,-0.6845368862706445,61672.42822367625
E3-ecc,20260948,plane,pos,-0.3252761400405773,10095348.674145406
E3-ecc,20260948,plane,vel,-0.8542298905915336,10095348.674145406
E3-ecc,20260948,plane,pos,1.2654577806755032,50376.8982372384
E3-ecc,20260948,plane,vel,0.26680513643523235,50376.8982372384
E3-ecc,20260948,plane,pos,1.3403728330311282,67114.4067693616
E3-ecc,20260948,plane,vel,0.6711997633468093,67114.4067693616
E3-ecc,20260948,range,pos,-0.9454918443503789,15483451.051142508
E3-ecc,20260948,range,vel,-0.9577681059203301,15483451.051142508
E3-ecc,20260948,range,pos,0.48548120210264883,4597053.819397248
E3-ecc,20260948,range,vel,0.2651265055838386,4597053.819397248
E3-ecc,20260948,range,pos,-0.8287286928015598,1532485.2908217658
E3-ecc,20260948,range,vel,0.5503378442847494,1532485.2908217658
E3-ecc,20260948,range,pos,1.3554990152077235,15830284.092903655
E3-ecc,20260948,range,vel,1.8107773430037613,15830284.092903655
E3-ecc,20260948,range,pos,0.03693247753565878,15839599.123335836
E3-ecc,20260948,range,vel,0.1000817475759027,15839599.123335836
E3-ecc,20260948,range,pos,0.6144305753231727,731302.9035308791
E3-ecc,20260948,range,vel,0.274674858311786,731302.9035308791
E3-ecc,20260948,range,pos,-0.8644469836338889,1067734.2361663359
E3-ecc,20260948,range,vel,-0.4794938038249632,1067734.2361663359
E3-ecc,20260948,range,pos,1.574431055519586,8289432.520008173
E3-ecc,20260948,range,vel,-1.5899103516921163,8289432.520008173
E3-ecc,20260948,inplane,pos,1.0821394533003634,15483451.051142508
E3-ecc,20260948,inplane,vel,-1.1754621397402387,15483451.051142508
E3-ecc,20260948,inplane,pos,-0.47577024458980954,4597053.819397248
E3-ecc,20260948,inplane,vel,0.544876131757776,4597053.819397248
E3-ecc,20260948,inplane,pos,1.086906992001057,1532485.2908217658
E3-ecc,20260948,inplane,vel,-0.3729130543369398,1532485.2908217658
E3-ecc,20260948,inplane,pos,-0.1555996435932535,15830284.092903655
E3-ecc,20260948,inplane,vel,0.7176755822784987,15830284.092903655
E3-ecc,20260948,inplane,pos,-0.03842802308244928,15839599.123335836
E3-ecc,20260948,inplane,vel,-0.16883527925306058,15839599.123335836
E3-ecc,20260948,inplane,pos,0.41633098761906767,731302.9035308791
E3-ecc,20260948,inplane,vel,1.0872610947365662,731302.9035308791
E3-ecc,20260948,inplane,pos,-0.3715120705330088,1067734.2361663359
E3-ecc,20260948,inplane,vel,-0.9175182503479172,1067734.2361663359
E3-ecc,20260948,inplane,pos,0.7508685903558153,8289432.520008173
E3-ecc,20260948,inplane,vel,1.5921430485712402,8289432.520008173
E3-ecc,20260948,plane,pos,1.2709730456051231,15483451.051142508
E3-ecc,20260948,plane,vel,0.5014281713034144,15483451.051142508
E3-ecc,20260948,plane,pos,0.41270618563387423,4597053.819397248
E3-ecc,20260948,plane,vel,1.1385723394414797,4597053.819397248
E3-ecc,20260948,plane,pos,-1.042054070339387,1532485.2908217658
E3-ecc,20260948,plane,vel,-1.6105766287129624,1532485.2908217658
E3-ecc,20260948,plane,pos,-1.5491044906879472,15830284.092903655
E3-ecc,20260948,plane,vel,0.23293875031097125,15830284.092903655
E3-ecc,20260948,plane,pos,-0.17544109779393527,15839599.123335836
E3-ecc,20260948,plane,vel,-0.12166258750702691,15839599.123335836
E3-ecc,20260948,plane,pos,-0.9363711609990801,731302.9035308791
E3-ecc,20260948,plane,vel,-1.1016904418756435,731302.9035308791
E3-ecc,20260948,plane,pos,-0.6326007257461272,1067734.2361663359
E3-ecc,20260948,plane,vel,0.8878254227805213,1067734.2361663359
E3-ecc,20260948,plane,pos,-1.6401650308097153,8289432.520008173
E3-ecc,20260948,plane,vel,-1.8652874026995447,8289432.520008173
E3-ecc,20260948,range,pos,-0.437187872373212,521820.0555019799
E3-ecc,20260948,range,vel,0.24753550161925292,521820.0555019799
E3-ecc,20260948,range,pos,-0.6198208204299704,183876.33961425564
E3-ecc,20260948,range,vel,-1.6416005600777444,183876.33961425564
E3-ecc,20260948,range,pos,0.8049765120208318,258899.9383720956
E3-ecc,20260948,range,vel,-0.9345100780837284,258899.9383720956
E3-ecc,20260948,range,pos,-0.46929806968528076,1026588.978425568
E3-ecc,20260948,range,vel,-0.06655414414799826,1026588.978425568
E3-ecc,20260948,range,pos,0.8311102287945674,1515103.4256949716
E3-ecc,20260948,range,vel,-0.02862433626139098,1515103.4256949716
E3-ecc,20260948,range,pos,0.34228246819705405,4207658.9526702035
E3-ecc,20260948,range,vel,-0.3780238315472158,4207658.9526702035
E3-ecc,20260948,range,pos,-1.4428550296789404,320110.9879610294
E3-ecc,20260948,range,vel,0.8208255495723262,320110.9879610294
E3-ecc,20260948,range,pos,-0.015346539816790817,583133.1705945283
E3-ecc,20260948,range,vel,-0.17263171940521968,583133.1705945283
E3-ecc,20260948,inplane,pos,-0.1726711192271951,521820.0555019799
E3-ecc,20260948,inplane,vel,-0.40509341775006485,521820.0555019799
E3-ecc,20260948,inplane,pos,-1.5934677813748175,183876.33961425564
E3-ecc,20260948,inplane,vel,-1.521700219806546,183876.33961425564
E3-ecc,20260948,inplane,pos,-0.64613969120986,258899.9383720956
E3-ecc,20260948,inplane,vel,0.5409300001970246,258899.9383720956
E3-ecc,20260948,inplane,pos,-0.709491412535211,1026588.978425568
E3-ecc,20260948,inplane,vel,-0.716819082649481,1026588.978425568
E3-ecc,20260948,inplane,pos,1.1803723391784386,1515103.4256949716
E3-ecc,20260948,inplane,vel,0.47549164197162735,1515103.4256949716
E3-ecc,20260948,inplane,pos,-0.7921441738509519,4207658.9526702035
E3-ecc,20260948,inplane,vel,0.34289523759738,4207658.9526702035
E3-ecc,20260948,inplane,pos,-0.7833076112053299,320110.9879610294
E3-ecc,20260948,inplane,vel,-1.2140351382701304,320110.9879610294
E3-ecc,20260948,inplane,pos,-0.13806314462554045,583133.1705945283
E3-ecc,20260948,inplane,vel,0.14140075507254446,583133.1705945283
E3-ecc,20260948,plane,pos,1.1259921379436093,521820.0555019799
E3-ecc,20260948,plane,vel,-1.4636899110581725,521820.0555019799
E3-ecc,20260948,plane,pos,2.3761822680450857,183876.33961425564
E3-ecc,20260948,plane,vel,0.6712005616991215,183876.33961425564
E3-ecc,20260948,plane,pos,0.3461723362537198,258899.9383720956
E3-ecc,20260948,plane,vel,-1.6606550669283473,258899.9383720956
E3-ecc,20260948,plane,pos,0.7048817292339777,1026588.978425568
E3-ecc,20260948,plane,vel,-0.4881378182288938,1026588.978425568
E3-ecc,20260948,plane,pos,1.6929039759009228,1515103.4256949716
E3-ecc,20260948,plane,vel,0.8500982891153143,1515103.4256949716
E3-ecc,20260948,plane,pos,-1.2499137564422536,4207658.9526702035
E3-ecc,20260948,plane,vel,-0.5311063189406295,4207658.9526702035
E3-ecc,20260948,plane,pos,-2.4720585195252407,320110.9879610294
E3-ecc,20260948,plane,vel,-0.9455912205847689,320110.9879610294
E3-ecc,20260948,plane,pos,-1.0823234049541905,583133.1705945283
E3-ecc,20260948,plane,vel,-0.3431026381252279,583133.1705945283
E3-ecc,20260948,range,pos,0.46551861108269493,14270719.930274054
E3-ecc,20260948,range,vel,0.3195589498167164,14270719.930274054
E3-ecc,20260948,range,pos,0.07231901611809123,16442674.226975143
E3-ecc,20260948,range,vel,-0.0602010414097375,16442674.226975143
E3-ecc,20260948,range,pos,-2.409100725568385,25013460.239947964
E3-ecc,20260948,range,vel,-2.4956988601530368,25013460.239947964
E3-ecc,20260948,range,pos,-0.8492492970971512,124674.19819858714
E3-ecc,20260948,range,vel,0.18989317391489102,124674.19819858714
E3-ecc,20260948,range,pos,-1.3002678228664222,101347.2807561705
E3-ecc,20260948,range,vel,-0.9946655503475629,101347.2807561705
E3-ecc,20260948,range,pos,9.236619551404264,392919.475516602
E3-ecc,20260948,range,vel,-3.0938993406508417,392919.475516602
E3-ecc,20260948,range,pos,-0.7689792430843028,4291127.72395727
E3-ecc,20260948,range,vel,0.4384358271499572,4291127.72395727
E3-ecc,20260948,inplane,pos,0.16557723962818913,14270719.930274054
E3-ecc,20260948,inplane,vel,-0.33024680886134866,14270719.930274054
E3-ecc,20260948,inplane,pos,-0.4137771927938775,16442674.226975143
E3-ecc,20260948,inplane,vel,0.3066529355785646,16442674.226975143
E3-ecc,20260948,inplane,pos,3.0873309496286416,25013460.239947964
E3-ecc,20260948,inplane,vel,-2.503464419025049,25013460.239947964
E3-ecc,20260948,inplane,pos,0.10952184866889361,124674.19819858714
E3-ecc,20260948,inplane,vel,-0.2314887828411368,124674.19819858714
E3-ecc,20260948,inplane,pos,0.6152155018967502,101347.2807561705
E3-ecc,20260948,inplane,vel,-1.2759428800997341,101347.2807561705
E3-ecc,20260948,inplane,pos,-1.3032916483141117,392919.475516602
E3-ecc,20260948,inplane,vel,-7.391712674060183,392919.475516602
E3-ecc,20260948,inplane,pos,-1.001171283607331,4291127.72395727
E3-ecc,20260948,inplane,vel,-0.7932817168832819,4291127.72395727
E3-ecc,20260948,plane,pos,-0.3913055207631684,14270719.930274054
E3-ecc,20260948,plane,vel,-0.002806703321181028,14270719.930274054
E3-ecc,20260948,plane,pos,-0.7883243445817021,16442674.226975143
E3-ecc,20260948,plane,vel,-1.253731221247207,16442674.226975143
E3-ecc,20260948,plane,pos,-0.015948189170668134,25013460.239947964
E3-ecc,20260948,plane,vel,0.5256755524660467,25013460.239947964
E3-ecc,20260948,plane,pos,2.0517736102698567,124674.19819858714
E3-ecc,20260948,plane,vel,1.1868765660293001,124674.19819858714
E3-ecc,20260948,plane,pos,-0.41505231406359466,101347.2807561705
E3-ecc,20260948,plane,vel,-1.317287120719255,101347.2807561705
E3-ecc,20260948,plane,pos,-1.3871427405855412,392919.475516602
E3-ecc,20260948,plane,vel,0.5952585446083148,392919.475516602
E3-ecc,20260948,plane,pos,-0.5594007951556008,4291127.72395727
E3-ecc,20260948,plane,vel,0.18256648187885044,4291127.72395727
E3-ecc,20260948,range,pos,-0.525501740126918,668488.8730092396
E3-ecc,20260948,range,vel,1.6263965879072466,668488.8730092396
E3-ecc,20260948,range,pos,-0.01801318423159006,207233.1429036002
E3-ecc,20260948,range,vel,0.09200618196870929,207233.1429036002
E3-ecc,20260948,range,pos,-0.81477828487903,13780832.123261526
E3-ecc,20260948,range,vel,-1.5152562750413385,13780832.123261526
E3-ecc,20260948,range,pos,-0.22435619589981487,3727115.5778955664
E3-ecc,20260948,range,vel,0.2486208021771515,3727115.5778955664
E3-ecc,20260948,range,pos,-0.5023030892195177,16859987.5923491
E3-ecc,20260948,range,vel,0.41366590809874937,16859987.5923491
E3-ecc,20260948,range,pos,0.3308829944100506,109551.25733668049
E3-ecc,20260948,range,vel,1.6417400284875974,109551.25733668049
E3-ecc,20260948,range,pos,-0.3976528552047262,613182.1197201
E3-ecc,20260948,range,vel,0.1499350609126483,613182.1197201
E3-ecc,20260948,range,pos,0.09369008174967318,560948.1517820718
E3-ecc,20260948,range,vel,0.06255970210559283,560948.1517820718
E3-ecc,20260948,inplane,pos,1.2752906915792126,668488.8730092396
E3-ecc,20260948,inplane,vel,0.16392794857086798,668488.8730092396
E3-ecc,20260948,inplane,pos,0.30693090988749056,207233.1429036002
E3-ecc,20260948,inplane,vel,0.12352296163076004,207233.1429036002
E3-ecc,20260948,inplane,pos,-0.14711939094098747,13780832.123261526
E3-ecc,20260948,inplane,vel,-0.6908112292403695,13780832.123261526
E3-ecc,20260948,inplane,pos,-1.1897553539692973,3727115.5778955664
E3-ecc,20260948,inplane,vel,-1.1702088922913612,3727115.5778955664
E3-ecc,20260948,inplane,pos,-0.9407155116747675,16859987.5923491
E3-ecc,20260948,inplane,vel,2.1140540723968155,16859987.5923491
E3-ecc,20260948,inplane,pos,2.047782542304103,109551.25733668049
E3-ecc,20260948,inplane,vel,1.8727255129179075,109551.25733668049
E3-ecc,20260948,inplane,pos,-1.009944208410327,613182.1197201
E3-ecc,20260948,inplane,vel,-0.4319758614648687,613182.1197201
E3-ecc,20260948,inplane,pos,0.2461599638449113,560948.1517820718
E3-ecc,20260948,inplane,vel,-0.029189336080089494,560948.1517820718
E3-ecc,20260948,plane,pos,1.1025808663065744,668488.8730092396
E3-ecc,20260948,plane,vel,0.7784494888613543,668488.8730092396
E3-ecc,20260948,plane,pos,-0.5348229778935079,207233.1429036002
E3-ecc,20260948,plane,vel,-0.5951964632794645,207233.1429036002
E3-ecc,20260948,plane,pos,-1.0338116988285082,13780832.123261526
E3-ecc,20260948,plane,vel,0.03217857000914768,13780832.123261526
E3-ecc,20260948,plane,pos,-0.7745669299968123,3727115.5778955664
E3-ecc,20260948,plane,vel,1.0232516755029297,3727115.5778955664
E3-ecc,20260948,plane,pos,-1.1857477023407172,16859987.5923491
E3-ecc,20260948,plane,vel,-1.1667363549492438,16859987.5923491
E3-ecc,20260948,plane,pos,-0.9492192056268646,109551.25733668049
E3-ecc,20260948,plane,vel,1.0156871170444595,109551.25733668049
E3-ecc,20260948,plane,pos,-0.9096644474849985,613182.1197201
E3-ecc,20260948,plane,vel,0.05602638850427349,613182.1197201
E3-ecc,20260948,plane,pos,-1.134326972120939,560948.1517820718
E3-ecc,20260948,plane,vel,-0.0835871902781331,560948.1517820718
E3-ecc,20260955,range,pos,0.02515803023739995,1347276.9013918038
E3-ecc,20260955,range,vel,-0.0963755158909025,1347276.9013918038
E3-ecc,20260955,range,pos,0.5494217686706054,366918.7063429413
E3-ecc,20260955,range,vel,1.1182215971203608,366918.7063429413
E3-ecc,20260955,range,pos,-0.7913259669535244,998246.8001830976
E3-ecc,20260955,range,vel,-0.9967324544138477,998246.8001830976
E3-ecc,20260955,range,pos,-1.0735219318496767,264628.81510721846
E3-ecc,20260955,range,vel,0.05885857158325293,264628.81510721846
E3-ecc,20260955,range,pos,-0.6764579831445107,330857.4153890416
E3-ecc,20260955,range,vel,-0.7070136964374315,330857.4153890416
E3-ecc,20260955,range,pos,-0.09421286829729422,884655.1719983489
E3-ecc,20260955,range,vel,0.3628238568409619,884655.1719983489
E3-ecc,20260955,range,pos,-2.0140568957279763,408169.2065208218
E3-ecc,20260955,range,vel,0.06705270001882818,408169.2065208218
E3-ecc,20260955,range,pos,0.22484847591702664,614529.7932727984
E3-ecc,20260955,range,vel,0.06589780947255826,614529.7932727984
E3-ecc,20260955,inplane,pos,-0.18453723630585933,1347276.9013918038
E3-ecc,20260955,inplane,vel,0.06550760736248964,1347276.9013918038
E3-ecc,20260955,inplane,pos,1.032654565136332,366918.7063429413
E3-ecc,20260955,inplane,vel,1.1349977238771858,366918.7063429413
E3-ecc,20260955,inplane,pos,-0.4628947006703861,998246.8001830976
E3-ecc,20260955,inplane,vel,-1.048545741085275,998246.8001830976
E3-ecc,20260955,inplane,pos,1.3895054544040075,264628.81510721846
E3-ecc,20260955,inplane,vel,-0.8071243858012754,264628.81510721846
E3-ecc,20260955,inplane,pos,1.335798425681493,330857.4153890416
E3-ecc,20260955,inplane,vel,0.11217441650686405,330857.4153890416
E3-ecc,20260955,inplane,pos,0.9585618464320852,884655.1719983489
E3-ecc,20260955,inplane,vel,0.06555293138007943,884655.1719983489
E3-ecc,20260955,inplane,pos,-1.4910329478069984,408169.2065208218
E3-ecc,20260955,inplane,vel,-2.1006891984941443,408169.2065208218
E3-ecc,20260955,inplane,pos,-0.6372649522082093,614529.7932727984
E3-ecc,20260955,inplane,vel,0.23538320114571062,614529.7932727984
E3-ecc,20260955,plane,pos,0.4103448299431289,1347276.9013918038
E3-ecc,20260955,plane,vel,-0.4538269164308617,1347276.9013918038
E3-ecc,20260955,plane,pos,-0.11139690656926676,366918.7063429413
E3-ecc,20260955,plane,vel,-0.12110059689482132,366918.7063429413
E3-ecc,20260955,plane,pos,1.1758775769992413,998246.8001830976
E3-ecc,20260955,plane,vel,-0.3958505462345995,998246.8001830976
E3-ecc,20260955,plane,pos,-1.6845432449609818,264628.81510721846
E3-ecc,20260955,plane,vel,-1.7071257559978463,264628.81510721846
E3-ecc,20260955,plane,pos,-0.16293236648453263,330857.4153890416
E3-ecc,20260955,plane,vel,0.18539511322562732,330857.4153890416
E3-ecc,20260955,plane,pos,1.635905598733924,884655.1719983489
E3-ecc,20260955,plane,vel,-0.32328247637982815,884655.1719983489
E3-ecc,20260955,plane,pos,-0.2080916407251853,408169.2065208218
E3-ecc,20260955,plane,vel,1.440738747981934,408169.2065208218
E3-ecc,20260955,plane,pos,0.15873277837026395,614529.7932727984
E3-ecc,20260955,plane,vel,1.4109881167679876,614529.7932727984
E3-ecc,20260955,range,pos,1.220764118052542,404065.2587424289
E3-ecc,20260955,range,vel,-0.7486529505805675,404065.2587424289
E3-ecc,20260955,range,pos,0.7988612008066537,57591.13889560072
E3-ecc,20260955,range,vel,0.013015757891009583,57591.13889560072
E3-ecc,20260955,range,pos,0.22967894396355137,7137428.63735451
E3-ecc,20260955,range,vel,-0.4835398916478451,7137428.63735451
E3-ecc,20260955,range,pos,-0.42503805773590364,16307890.763192018
E3-ecc,20260955,range,vel,1.0536716842310074,16307890.763192018
E3-ecc,20260955,range,pos,-0.7887922342788366,17962006.79416376
E3-ecc,20260955,range,vel,-0.8538623119781861,17962006.79416376
E3-ecc,20260955,range,pos,0.07171252310891628,159457.36532317387
E3-ecc,20260955,range,vel,0.5255860689892904,159457.36532317387
E3-ecc,20260955,range,pos,0.39110224057131215,15616039.076889848
E3-ecc,20260955,range,vel,0.38139422853115956,15616039.076889848
E3-ecc,20260955,range,pos,-1.135639551747511,140795.48877217862
E3-ecc,20260955,range,vel,-1.5105395002480266,140795.48877217862
E3-ecc,20260955,inplane,pos,0.31015209237806357,404065.2587424289
E3-ecc,20260955,inplane,vel,1.225896202062847,404065.2587424289
E3-ecc,20260955,inplane,pos,0.34039727250877805,57591.13889560072
E3-ecc,20260955,inplane,vel,1.0579883705843818,57591.13889560072
E3-ecc,20260955,inplane,pos,-1.1669020405272135,7137428.63735451
E3-ecc,20260955,inplane,vel,0.21171003887604967,7137428.63735451
E3-ecc,20260955,inplane,pos,-1.5951986536128884,16307890.763192018
E3-ecc,20260955,inplane,vel,-1.6121022734686057,16307890.763192018
E3-ecc,20260955,inplane,pos,0.8250975425997656,17962006.79416376
E3-ecc,20260955,inplane,vel,-0.7911502131210708,17962006.79416376
E3-ecc,20260955,inplane,pos,0.05451326286404249,159457.36532317387
E3-ecc,20260955,inplane,vel,0.15694743147479212,159457.36532317387
E3-ecc,20260955,inplane,pos,-0.6940272522336641,15616039.076889848
E3-ecc,20260955,inplane,vel,-0.5454731488642188,15616039.076889848
E3-ecc,20260955,inplane,pos,-0.48745944663862184,140795.48877217862
E3-ecc,20260955,inplane,vel,-1.3185050565045162,140795.48877217862
E3-ecc,20260955,plane,pos,-1.2561282407163488,404065.2587424289
E3-ecc,20260955,plane,vel,0.1236900843753288,404065.2587424289
E3-ecc,20260955,plane,pos,-1.526750185277655,57591.13889560072
E3-ecc,20260955,plane,vel,0.30276586058883626,57591.13889560072
E3-ecc,20260955,plane,pos,-0.25955562330538556,7137428.63735451
E3-ecc,20260955,plane,vel,0.4751252184985222,7137428.63735451
E3-ecc,20260955,plane,pos,-0.35756396329876927,16307890.763192018
E3-ecc,20260955,plane,vel,-1.0035936242859533,16307890.763192018
E3-ecc,20260955,plane,pos,-0.10896953802661259,17962006.79416376
E3-ecc,20260955,plane,vel,-1.0486057048163393,17962006.79416376
E3-ecc,20260955,plane,pos,0.8791331764119132,159457.36532317387
E3-ecc,20260955,plane,vel,-1.384075646655036,159457.36532317387
E3-ecc,20260955,plane,pos,1.2318080905344024,15616039.076889848
E3-ecc,20260955,plane,vel,-0.14001615457252378,15616039.076889848
E3-ecc,20260955,plane,pos,0.776860968341181,140795.48877217862
E3-ecc,20260955,plane,vel,-0.8321930654445104,140795.48877217862
E3-ecc,20260955,range,pos,0.49836947972321527,16509715.59465939
E3-ecc,20260955,range,vel,-0.7957391496843594,16509715.59465939
E3-ecc,20260955,range,pos,0.232631780685006,2054154.3299184428
E3-ecc,20260955,range,vel,-0.5863439374586272,2054154.3299184428
E3-ecc,20260955,range,pos,-2.161084992850026,965598.2570477764
E3-ecc,20260955,range,vel,2.2881002681273253,965598.2570477764
E3-ecc,20260955,range,pos,0.3429418821284896,410917.4396988006
E3-ecc,20260955,range,vel,0.2518622321714044,410917.4396988006
E3-ecc,20260955,range,pos,-2.063000948462142,656367.2913529543
E3-ecc,20260955,range,vel,1.6282231494912838,656367.2913529543
E3-ecc,20260955,range,pos,-0.23137783079192428,1456032.6068275229
E3-ecc,20260955,range,vel,0.2697229748975554,1456032.6068275229
E3-ecc,20260955,range,pos,0.008566794487051582,898652.3574730763
E3-ecc,20260955,range,vel,-1.296554149557411,898652.3574730763
E3-ecc,20260955,range,pos,0.2683505612253828,991923.8518770623
E3-ecc,20260955,range,vel,-0.06450383742710934,991923.8518770623
E3-ecc,20260955,inplane,pos,0.5398467582555392,16509715.59465939
E3-ecc,20260955,inplane,vel,0.5048526512570424,16509715.59465939
E3-ecc,20260955,inplane,pos,-0.6578282481599768,2054154.3299184428
E3-ecc,20260955,inplane,vel,0.256492263647309,2054154.3299184428
E3-ecc,20260955,inplane,pos,-0.22806633737757423,965598.2570477764
E3-ecc,20260955,inplane,vel,-1.5748180559334524,965598.2570477764
E3-ecc,20260955,inplane,pos,0.6239501165314721,410917.4396988006
E3-ecc,20260955,inplane,vel,0.35033810530547393,410917.4396988006
E3-ecc,20260955,inplane,pos,-1.520345935568758,656367.2913529543
E3-ecc,20260955,inplane,vel,-2.1629031936151932,656367.2913529543
E3-ecc,20260955,inplane,pos,0.7371026853970744,1456032.6068275229
E3-ecc,20260955,inplane,vel,-0.2726519341252787,1456032.6068275229
E3-ecc,20260955,inplane,pos,-1.0294376726610048,898652.3574730763
E3-ecc,20260955,inplane,vel,-0.10456083240344566,898652.3574730763
E3-ecc,20260955,inplane,pos,0.06176948356026656,991923.8518770623
E3-ecc,20260955,inplane,vel,-0.041962487639778744,991923.8518770623
E3-ecc,20260955,plane,pos,-0.4342319420623263,16509715.59465939
E3-ecc,20260955,plane,vel,1.6505312531295802,16509715.59465939
E3-ecc,20260955,plane,pos,-0.24631657033654156,2054154.3299184428
E3-ecc,20260955,plane,vel,0.1708947534114875,2054154.3299184428
E3-ecc,20260955,plane,pos,-0.05621613307301048,965598.2570477764
E3-ecc,20260955,plane,vel,-2.122651596368772,965598.2570477764
E3-ecc,20260955,plane,pos,-0.8650875752928102,410917.4396988006
E3-ecc,20260955,plane,vel,0.3667491482302687,410917.4396988006
E3-ecc,20260955,plane,pos,-1.4198914017388073,656367.2913529543
E3-ecc,20260955,plane,vel,-0.49769211254002854,656367.2913529543
E3-ecc,20260955,plane,pos,0.6174978563579788,1456032.6068275229
E3-ecc,20260955,plane,vel,2.0422384074680044,1456032.6068275229
E3-ecc,20260955,plane,pos,-0.8002343076874606,898652.3574730763
E3-ecc,20260955,plane,vel,-1.4864749903496524,898652.3574730763
E3-ecc,20260955,plane,pos,1.1276842048361546,991923.8518770623
E3-ecc,20260955,plane,vel,1.2557718019070887,991923.8518770623
E3-ecc,20260955,range,pos,-1.3470903534239824,133252.09404554128
E3-ecc,20260955,range,vel,1.940234174660923,133252.09404554128
E3-ecc,20260955,range,pos,-0.8767827673593696,163715.17714574272
E3-ecc,20260955,range,vel,0.40162770755145205,163715.17714574272
E3-ecc,20260955,range,pos,1.8850745386156065,14070043.561622808
E3-ecc,20260955,range,vel,2.07590468491461,14070043.561622808
E3-ecc,20260955,range,pos,1.8754249804997971,15856265.051045602
E3-ecc,20260955,range,vel,-0.6997070198840044,15856265.051045602
E3-ecc,20260955,range,pos,1.181928773536803,247069.38010986993
E3-ecc,20260955,range,vel,1.0800305213950516,247069.38010986993
E3-ecc,20260955,range,pos,-1.0070095884905155,147356.7391218107
E3-ecc,20260955,range,vel,-0.7232422666608935,147356.7391218107
E3-ecc,20260955,range,pos,-1.4862221129213637,26756252.725264676
E3-ecc,20260955,range,vel,-1.4325694183738675,26756252.725264676
E3-ecc,20260955,inplane,pos,-1.664169626096512,133252.09404554128
E3-ecc,20260955,inplane,vel,-0.03819964594089666,133252.09404554128
E3-ecc,20260955,inplane,pos,0.8679125701609096,163715.17714574272
E3-ecc,20260955,inplane,vel,-0.17690357544000468,163715.17714574272
E3-ecc,20260955,inplane,pos,-2.2836010390423516,14070043.561622808
E3-ecc,20260955,inplane,vel,0.6874503414637506,14070043.561622808
E3-ecc,20260955,inplane,pos,0.21733693757784875,15856265.051045602
E3-ecc,20260955,inplane,vel,-1.1676984160283694,15856265.051045602
E3-ecc,20260955,inplane,pos,1.144754207434313,247069.38010986993
E3-ecc,20260955,inplane,vel,1.3540323669264778,247069.38010986993
E3-ecc,20260955,inplane,pos,1.2977976505586326,147356.7391218107
E3-ecc,20260955,inplane,vel,-1.011870139624205,147356.7391218107
E3-ecc,20260955,inplane,pos,1.8762663696474458,26756252.725264676
E3-ecc,20260955,inplane,vel,0.4588227826780035,26756252.725264676
E3-ecc,20260955,plane,pos,1.3447371413934814,133252.09404554128
E3-ecc,20260955,plane,vel,0.46090566326413346,133252.09404554128
E3-ecc,20260955,plane,pos,-0.726976142576087,163715.17714574272
E3-ecc,20260955,plane,vel,1.8271929070105513,163715.17714574272
E3-ecc,20260955,plane,pos,0.1437605646925996,14070043.561622808
E3-ecc,20260955,plane,vel,-0.20379510070095927,14070043.561622808
E3-ecc,20260955,plane,pos,-0.33079249675748196,15856265.051045602
E3-ecc,20260955,plane,vel,0.09888861530045277,15856265.051045602
E3-ecc,20260955,plane,pos,1.1783151380874468,247069.38010986993
E3-ecc,20260955,plane,vel,-1.721845491357366,247069.38010986993
E3-ecc,20260955,plane,pos,0.2696769144910797,147356.7391218107
E3-ecc,20260955,plane,vel,1.4886672068115874,147356.7391218107
E3-ecc,20260955,plane,pos,1.2295155774494335,26756252.725264676
E3-ecc,20260955,plane,vel,0.7375980777949696,26756252.725264676
E3-ecc,20260955,range,pos,-0.5201805866560025,119268.75132651332
E3-ecc,20260955,range,vel,-0.45957384492798825,119268.75132651332
E3-ecc,20260955,range,pos,2.861216220381,4398464.8353526015
E3-ecc,20260955,range,vel,-1.0429408145896326,4398464.8353526015
E3-ecc,20260955,range,pos,0.2771509351237778,601506.3071937445
E3-ecc,20260955,range,vel,-0.03248508163387342,601506.3071937445
E3-ecc,20260955,range,pos,-2.298132180675475,12884566.283049453
E3-ecc,20260955,range,vel,2.5643380082192406,12884566.283049453
E3-ecc,20260955,range,pos,-0.8214855072847429,1656942.3798366203
E3-ecc,20260955,range,vel,0.9922363844273316,1656942.3798366203
E3-ecc,20260955,range,pos,-0.4643881526006217,19658970.276607793
E3-ecc,20260955,range,vel,-0.14092315483395973,19658970.276607793
E3-ecc,20260955,range,pos,2.031233445384625,1186664.6244052483
E3-ecc,20260955,range,vel,1.6068928886271732,1186664.6244052483
E3-ecc,20260955,range,pos,-1.9364773033779181,2477397.903103306
E3-ecc,20260955,range,vel,2.1581251822540697,2477397.903103306
E3-ecc,20260955,inplane,pos,-1.6426335673144516,119268.75132651332
E3-ecc,20260955,inplane,vel,-0.6607967884007374,119268.75132651332
E3-ecc,20260955,inplane,pos,1.3429709250543116,4398464.8353526015
E3-ecc,20260955,inplane,vel,2.573529999415189,4398464.8353526015
E3-ecc,20260955,inplane,pos,0.22136564450979315,601506.3071937445
E3-ecc,20260955,inplane,vel,0.31520329859695956,601506.3071937445
E3-ecc,20260955,inplane,pos,-1.230693015224491,12884566.283049453
E3-ecc,20260955,inplane,vel,-1.5135734492567634,12884566.283049453
E3-ecc,20260955,inplane,pos,-0.1863172957225995,1656942.3798366203
E3-ecc,20260955,inplane,vel,-0.7305015493676872,1656942.3798366203
E3-ecc,20260955,inplane,pos,-0.41900419911183273,19658970.276607793
E3-ecc,20260955,inplane,vel,-0.6811332467806462,19658970.276607793
E3-ecc,20260955,inplane,pos,0.9191684257204137,1186664.6244052483
E3-ecc,20260955,inplane,vel,1.8761811164316975,1186664.6244052483
E3-ecc,20260955,inplane,pos,-0.6772926992083278,2477397.903103306
E3-ecc,20260955,inplane,vel,-1.8329079700306539,2477397.903103306
E3-ecc,20260955,plane,pos,1.5984925229958198,119268.75132651332
E3-ecc,20260955,plane,vel,-0.3495416744849916,119268.75132651332
E3-ecc,20260955,plane,pos,-1.4173947705998118,4398464.8353526015
E3-ecc,20260955,plane,vel,-0.057217889755428346,4398464.8353526015
E3-ecc,20260955,plane,pos,-0.1940707256059727,601506.3071937445
E3-ecc,20260955,plane,vel,-1.2815579214329622,601506.3071937445
E3-ecc,20260955,plane,pos,-0.7221914205724533,12884566.283049453
E3-ecc,20260955,plane,vel,-0.3133928604878392,12884566.283049453
E3-ecc,20260955,plane,pos,1.251684146145767,1656942.3798366203
E3-ecc,20260955,plane,vel,-0.0657581311262249,1656942.3798366203
E3-ecc,20260955,plane,pos,-0.846878272880476,19658970.276607793
E3-ecc,20260955,plane,vel,-0.9769256952467535,19658970.276607793
E3-ecc,20260955,plane,pos,0.2108837959968581,1186664.6244052483
E3-ecc,20260955,plane,vel,0.7134171748626122,1186664.6244052483
E3-ecc,20260955,plane,pos,1.1157058896855894,2477397.903103306
E3-ecc,20260955,plane,vel,-0.14354091403074581,2477397.903103306
E3-ecc,20260955,range,pos,-0.3729425708705945,1169113.375424105
E3-ecc,20260955,range,vel,-0.39451952864452294,1169113.375424105
E3-ecc,20260955,range,pos,-1.0447645082072905,227082.52964251983
E3-ecc,20260955,range,vel,0.5317954824337167,227082.52964251983
E3-ecc,20260955,range,pos,-0.31153474781731477,199869.59940186853
E3-ecc,20260955,range,vel,0.06445291205138338,199869.59940186853
E3-ecc,20260955,range,pos,-0.6319329434257807,245025.24799061308
E3-ecc,20260955,range,vel,0.24660150231674924,245025.24799061308
E3-ecc,20260955,range,pos,-0.2598453136086411,140876.64639587703
E3-ecc,20260955,range,vel,-0.3133687301190362,140876.64639587703
E3-ecc,20260955,range,pos,-0.9939510351684959,12552460.914844422
E3-ecc,20260955,range,vel,0.3154341955034725,12552460.914844422
E3-ecc,20260955,range,pos,-0.4526061478275257,53148.48933880471
E3-ecc,20260955,range,vel,0.6473961141328014,53148.48933880471
E3-ecc,20260955,range,pos,1.0674858795207987,159853.39076197078
E3-ecc,20260955,range,vel,0.15886501253507732,159853.39076197078
E3-ecc,20260955,inplane,pos,-0.13178628288498456,1169113.375424105
E3-ecc,20260955,inplane,vel,-0.261212997722662,1169113.375424105
E3-ecc,20260955,inplane,pos,0.0719055217135465,227082.52964251983
E3-ecc,20260955,inplane,vel,-0.9733347428057668,227082.52964251983
E3-ecc,20260955,inplane,pos,-0.09488207784257656,199869.59940186853
E3-ecc,20260955,inplane,vel,-0.22338547507390727,199869.59940186853
E3-ecc,20260955,inplane,pos,-0.9242580133448682,245025.24799061308
E3-ecc,20260955,inplane,vel,-0.7790356581890494,245025.24799061308
E3-ecc,20260955,inplane,pos,-0.11123037475936086,140876.64639587703
E3-ecc,20260955,inplane,vel,-0.25298518346809146,140876.64639587703
E3-ecc,20260955,inplane,pos,-1.0101445893213485,12552460.914844422
E3-ecc,20260955,inplane,vel,-0.26414463862614745,12552460.914844422
E3-ecc,20260955,inplane,pos,-0.20158021786692698,53148.48933880471
E3-ecc,20260955,inplane,vel,-0.0810192387327967,53148.48933880471
E3-ecc,20260955,inplane,pos,0.8465690968134283,159853.39076197078
E3-ecc,20260955,inplane,vel,-0.9788751828198741,159853.39076197078
E3-ecc,20260955,plane,pos,-1.286927557132534,1169113.375424105
E3-ecc,20260955,plane,vel,-0.8623864432703836,1169113.375424105
E3-ecc,20260955,plane,pos,-0.3279906743203011,227082.52964251983
E3-ecc,20260955,plane,vel,1.1110796086508938,227082.52964251983
E3-ecc,20260955,plane,pos,0.367114462229215,199869.59940186853
E3-ecc,20260955,plane,vel,-0.6707489063497841,199869.59940186853
E3-ecc,20260955,plane,pos,-0.2078298309703065,245025.24799061308
E3-ecc,20260955,plane,vel,-0.6010196564405109,245025.24799061308
E3-ecc,20260955,plane,pos,0.16207896479226427,140876.64639587703
E3-ecc,20260955,plane,vel,-0.07061233007512417,140876.64639587703
E3-ecc,20260955,plane,pos,1.5359454020713244,12552460.914844422
E3-ecc,20260955,plane,vel,0.6515297012367326,12552460.914844422
E3-ecc,20260955,plane,pos,-0.13196373581203677,53148.48933880471
E3-ecc,20260955,plane,vel,-0.28188996556338997,53148.48933880471
E3-ecc,20260955,plane,pos,0.8912209941712819,159853.39076197078
E3-ecc,20260955,plane,vel,-0.27340408879124806,159853.39076197078
E3-ecc,20260962,range,pos,-0.4711052395148187,1026237.077434329
E3-ecc,20260962,range,vel,0.6249302155301444,1026237.077434329
E3-ecc,20260962,range,pos,-0.06606547242983844,271869.59986940393
E3-ecc,20260962,range,vel,-1.2811871856783739,271869.59986940393
E3-ecc,20260962,range,pos,-0.6642710210785057,198599.49306445845
E3-ecc,20260962,range,vel,-0.4618713097831503,198599.49306445845
E3-ecc,20260962,range,pos,-0.10148219037438817,446027.57808780554
E3-ecc,20260962,range,vel,-0.5927987638856942,446027.57808780554
E3-ecc,20260962,range,pos,1.7154288822153825,621240.1967125272
E3-ecc,20260962,range,vel,-0.6775455124430676,621240.1967125272
E3-ecc,20260962,range,pos,-1.7767113750508043,278788.6103723599
E3-ecc,20260962,range,vel,-1.7466795315823984,278788.6103723599
E3-ecc,20260962,range,pos,1.1964453368773293,105450.0911499493
E3-ecc,20260962,range,vel,1.3886615446811028,105450.0911499493
E3-ecc,20260962,range,pos,-1.7291475024723526,10193001.29919411
E3-ecc,20260962,range,vel,0.5996974851178879,10193001.29919411
E3-ecc,20260962,inplane,pos,-0.3239307797790097,1026237.077434329
E3-ecc,20260962,inplane,vel,-0.7757086761997788,1026237.077434329
E3-ecc,20260962,inplane,pos,1.3768081151414124,271869.59986940393
E3-ecc,20260962,inplane,vel,0.5451077429907262,271869.59986940393
E3-ecc,20260962,inplane,pos,0.7943815617897566,198599.49306445845
E3-ecc,20260962,inplane,vel,-0.5696712867391273,198599.49306445845
E3-ecc,20260962,inplane,pos,-1.154433910792175,446027.57808780554
E3-ecc,20260962,inplane,vel,0.17527193402008848,446027.57808780554
E3-ecc,20260962,inplane,pos,0.46506735079104883,621240.1967125272
E3-ecc,20260962,inplane,vel,-0.041034575148372034,621240.1967125272
E3-ecc,20260962,inplane,pos,0.1763411383763018,278788.6103723599
E3-ecc,20260962,inplane,vel,1.7750576545153036,278788.6103723599
E3-ecc,20260962,inplane,pos,0.7994998397982441,105450.0911499493
E3-ecc,20260962,inplane,vel,1.2917881527855313,105450.0911499493
E3-ecc,20260962,inplane,pos,2.84978184151307,10193001.29919411
E3-ecc,20260962,inplane,vel,-1.8682193185901057,10193001.29919411
E3-ecc,20260962,plane,pos,0.10401467062098632,1026237.077434329
E3-ecc,20260962,plane,vel,-1.269817071676424,1026237.077434329
E3-ecc,20260962,plane,pos,0.7095007289969557,271869.59986940393
E3-ecc,20260962,plane,vel,0.19378304823980402,271869.59986940393
E3-ecc,20260962,plane,pos,-0.23003857813461057,198599.49306445845
E3-ecc,20260962,plane,vel,-0.004935195241419254,198599.49306445845
E3-ecc,20260962,plane,pos,-0.7185227276126456,446027.57808780554
E3-ecc,20260962,plane,vel,-1.235542224837957,446027.57808780554
E3-ecc,20260962,plane,pos,0.906937299296914,621240.1967125272
E3-ecc,20260962,plane,vel,-1.3269906649584535,621240.1967125272
E3-ecc,20260962,plane,pos,-0.26173860097926305,278788.6103723599
E3-ecc,20260962,plane,vel,-0.9521916292441713,278788.6103723599
E3-ecc,20260962,plane,pos,-2.497282128017864,105450.0911499493
E3-ecc,20260962,plane,vel,-1.5932129723923352,105450.0911499493
E3-ecc,20260962,plane,pos,2.0213820205240793,10193001.29919411
E3-ecc,20260962,plane,vel,-0.4353389281283228,10193001.29919411
E3-ecc,20260962,range,pos,1.26437317358538,15961245.02402084
E3-ecc,20260962,range,vel,-0.7466263033956521,15961245.02402084
E3-ecc,20260962,range,pos,-0.1412960263176888,49801.609019724296
E3-ecc,20260962,range,vel,-0.2024414648678745,49801.609019724296
E3-ecc,20260962,range,pos,1.836782685088125,1620645.4141695634
E3-ecc,20260962,range,vel,-1.9051473290344876,1620645.4141695634
E3-ecc,20260962,range,pos,-0.4218467818950632,77077.64742280978
E3-ecc,20260962,range,vel,-0.28716814461287493,77077.64742280978
E3-ecc,20260962,range,pos,0.588985747065537,176273.37083501462
E3-ecc,20260962,range,vel,-0.20366079075288002,176273.37083501462
E3-ecc,20260962,range,pos,0.76798951991812,39255.33220444438
E3-ecc,20260962,range,vel,0.8556122086299555,39255.33220444438
E3-ecc,20260962,range,pos,1.0564763703838789,126872.64039036093
E3-ecc,20260962,range,vel,0.10761365534213069,126872.64039036093
E3-ecc,20260962,range,pos,1.8018366326181263,427101.69398766104
E3-ecc,20260962,range,vel,-1.1811119440544846,427101.69398766104
E3-ecc,20260962,inplane,pos,0.19496682780719013,15961245.02402084
E3-ecc,20260962,inplane,vel,-0.3316419401769794,15961245.02402084
E3-ecc,20260962,inplane,pos,0.2689257166236034,49801.609019724296
E3-ecc,20260962,inplane,vel,0.3725174218623662,49801.609019724296
E3-ecc,20260962,inplane,pos,-1.2281845897125085,1620645.4141695634
E3-ecc,20260962,inplane,vel,1.8249261047195808,1620645.4141695634
E3-ecc,20260962,inplane,pos,-0.042571203547545115,77077.64742280978
E3-ecc,20260962,inplane,vel,-0.3720070483600909,77077.64742280978
E3-ecc,20260962,inplane,pos,-0.5902787180405776,176273.37083501462
E3-ecc,20260962,inplane,vel,-0.5415200214103625,176273.37083501462
E3-ecc,20260962,inplane,pos,-0.12115628558301378,39255.33220444438
E3-ecc,20260962,inplane,vel,-0.6322626985074153,39255.33220444438
E3-ecc,20260962,inplane,pos,2.2738388642150142,126872.64039036093
E3-ecc,20260962,inplane,vel,1.1291652467739446,126872.64039036093
E3-ecc,20260962,inplane,pos,1.2330370778581656,427101.69398766104
E3-ecc,20260962,inplane,vel,0.30613429220949706,427101.69398766104
E3-ecc,20260962,plane,pos,-0.8740411276339946,15961245.02402084
E3-ecc,20260962,plane,vel,0.5886993360974178,15961245.02402084
E3-ecc,20260962,plane,pos,-0.9532662940974219,49801.609019724296
E3-ecc,20260962,plane,vel,0.526962039653551,49801.609019724296
E3-ecc,20260962,plane,pos,-1.435614423010299,1620645.4141695634
E3-ecc,20260962,plane,vel,-1.6719462393450453,1620645.4141695634
E3-ecc,20260962,plane,pos,1.312997112556378,77077.64742280978
E3-ecc,20260962,plane,vel,1.5951231022153496,77077.64742280978
E3-ecc,20260962,plane,pos,-0.4856349404739419,176273.37083501462
E3-ecc,20260962,plane,vel,-0.007660538069188469,176273.37083501462
E3-ecc,20260962,plane,pos,0.7784504068594874,39255.33220444438
E3-ecc,20260962,plane,vel,1.593307075359735,39255.33220444438
E3-ecc,20260962,plane,pos,-2.527992331852529,126872.64039036093
E3-ecc,20260962,plane,vel,-1.4283432417063848,126872.64039036093
E3-ecc,20260962,plane,pos,-0.7644636647320083,427101.69398766104
E3-ecc,20260962,plane,vel,-0.023653613487141543,427101.69398766104
E3-ecc,20260962,range,pos,-0.7461376150709511,581064.6146206729
E3-ecc,20260962,range,vel,0.8814060116133088,581064.6146206729
E3-ecc,20260962,range,pos,-0.8169375807285741,1440316.2784393227
E3-ecc,20260962,range,vel,0.6707107788584661,1440316.2784393227
E3-ecc,20260962,range,pos,1.3021490873568806,261183.96177295255
E3-ecc,20260962,range,vel,-0.800123266926958,261183.96177295255
E3-ecc,20260962,range,pos,-1.4377640421080353,9404213.765573287
E3-ecc,20260962,range,vel,-1.1314017576002187,9404213.765573287
E3-ecc,20260962,range,pos,-0.4984641752701231,4110067.8529187613
E3-ecc,20260962,range,vel,0.14942102036064953,4110067.8529187613
E3-ecc,20260962,range,pos,-1.715659377551427,626377.3274761599
E3-ecc,20260962,range,vel,-1.4879783443771395,626377.3274761599
E3-ecc,20260962,range,pos,-0.5134007103464827,1353650.071205011
E3-ecc,20260962,range,vel,0.3011421017141336,1353650.071205011
E3-ecc,20260962,range,pos,-0.5328244617566738,173310.67387338227
E3-ecc,20260962,range,vel,0.7336841241027565,173310.67387338227
E3-ecc,20260962,inplane,pos,0.07909888217415464,581064.6146206729
E3-ecc,20260962,inplane,vel,-0.48269326937046925,581064.6146206729
E3-ecc,20260962,inplane,pos,-0.005745445251296585,1440316.2784393227
E3-ecc,20260962,inplane,vel,0.016670245029400812,1440316.2784393227
E3-ecc,20260962,inplane,pos,1.515054023905472,261183.96177295255
E3-ecc,20260962,inplane,vel,1.723873555334878,261183.96177295255
E3-ecc,20260962,inplane,pos,1.1078874332731292,9404213.765573287
E3-ecc,20260962,inplane,vel,-1.2978923705991183,9404213.765573287
E3-ecc,20260962,inplane,pos,-0.2915220741264022,4110067.8529187613
E3-ecc,20260962,inplane,vel,-0.3127967356197631,4110067.8529187613
E3-ecc,20260962,inplane,pos,1.3616359981222426,626377.3274761599
E3-ecc,20260962,inplane,vel,-0.9948819750112105,626377.3274761599
E3-ecc,20260962,inplane,pos,-0.1263072401583428,1353650.071205011
E3-ecc,20260962,inplane,vel,0.5780269795478755,1353650.071205011
E3-ecc,20260962,inplane,pos,0.18344720312472637,173310.67387338227
E3-ecc,20260962,inplane,vel,0.10841041266407773,173310.67387338227
E3-ecc,20260962,plane,pos,-0.701681104022044,581064.6146206729
E3-ecc,20260962,plane,vel,0.7562702435450969,581064.6146206729
E3-ecc,20260962,plane,pos,-0.483552129489427,1440316.2784393227
E3-ecc,20260962,plane,vel,-0.8566926286211389,1440316.2784393227
E3-ecc,20260962,plane,pos,1.2628518772325887,261183.96177295255
E3-ecc,20260962,plane,vel,2.0702428440678173,261183.96177295255
E3-ecc,20260962,plane,pos,0.2896735531046096,9404213.765573287
E3-ecc,20260962,plane,vel,0.5846596715096729,9404213.765573287
E3-ecc,20260962,plane,pos,0.6119057818011071,4110067.8529187613
E3-ecc,20260962,plane,vel,0.747788637830773,4110067.8529187613
E3-ecc,20260962,plane,pos,1.5625638781765316,626377.3274761599
E3-ecc,20260962,plane,vel,1.3749537748312612,626377.3274761599
E3-ecc,20260962,plane,pos,0.3922777404133853,1353650.071205011
E3-ecc,20260962,plane,vel,0.8457671092424396,1353650.071205011
E3-ecc,20260962,plane,pos,0.6442265238403667,173310.67387338227
E3-ecc,20260962,plane,vel,-0.45038034738412935,173310.67387338227
E3-ecc,20260962,range,pos,0.05827059220427428,25383178.118007265
E3-ecc,20260962,range,vel,1.4432268114676232,25383178.118007265
E3-ecc,20260962,range,pos,-1.1637877671405845,196546.1808133431
E3-ecc,20260962,range,vel,1.5760121271879026,196546.1808133431
E3-ecc,20260962,range,pos,-2.2053356225109426,6996294.848962027
E3-ecc,20260962,range,vel,0.20164942350657358,6996294.848962027
E3-ecc,20260962,range,pos,0.5494445317234916,777674.6755187507
E3-ecc,20260962,range,vel,-0.686408395687492,777674.6755187507
E3-ecc,20260962,range,pos,0.4345694403703496,280961.46110265644
E3-ecc,20260962,range,vel,-0.5296706137785506,280961.46110265644
E3-ecc,20260962,range,pos,-0.21454225216028114,159343.5888470446
E3-ecc,20260962,range,vel,0.8527133602386406,159343.5888470446
E3-ecc,20260962,range,pos,-0.3082007001987819,535912.7087145945
E3-ecc,20260962,range,vel,0.2596367455450999,535912.7087145945
E3-ecc,20260962,range,pos,2.5127751410643415,6775466.176759249
E3-ecc,20260962,range,vel,-2.676555010058694,6775466.176759249
E3-ecc,20260962,inplane,pos,-1.3117834280772218,25383178.118007265
E3-ecc,20260962,inplane,vel,-1.2211886413211361,25383178.118007265
E3-ecc,20260962,inplane,pos,1.3288973229753496,196546.1808133431
E3-ecc,20260962,inplane,vel,-0.40554565686551275,196546.1808133431
E3-ecc,20260962,inplane,pos,0.7282907917075806,6996294.848962027
E3-ecc,20260962,inplane,vel,-1.8555132771494727,6996294.848962027
E3-ecc,20260962,inplane,pos,-0.40849804918979293,777674.6755187507
E3-ecc,20260962,inplane,vel,-0.4804250444675416,777674.6755187507
E3-ecc,20260962,inplane,pos,1.0880386354172011,280961.46110265644
E3-ecc,20260962,inplane,vel,1.504019299377149,280961.46110265644
E3-ecc,20260962,inplane,pos,0.4516905182115174,159343.5888470446
E3-ecc,20260962,inplane,vel,-0.5176521040690546,159343.5888470446
E3-ecc,20260962,inplane,pos,-0.32435390022160077,535912.7087145945
E3-ecc,20260962,inplane,vel,-0.4755317752754618,535912.7087145945
E3-ecc,20260962,inplane,pos,-1.162951615783911,6775466.176759249
E3-ecc,20260962,inplane,vel,2.7587064063357776,6775466.176759249
E3-ecc,20260962,plane,pos,1.9783605616377447,25383178.118007265
E3-ecc,20260962,plane,vel,0.7807668351329348,25383178.118007265
E3-ecc,20260962,plane,pos,1.555847648006895,196546.1808133431
E3-ecc,20260962,plane,vel,0.3129385772866646,196546.1808133431
E3-ecc,20260962,plane,pos,-0.8484344034947884,6996294.848962027
E3-ecc,20260962,plane,vel,-0.349424407718323,6996294.848962027
E3-ecc,20260962,plane,pos,0.591678239014955,777674.6755187507
E3-ecc,20260962,plane,vel,-0.4336385629700036,777674.6755187507
E3-ecc,20260962,plane,pos,0.3187307967515892,280961.46110265644
E3-ecc,20260962,plane,vel,0.37844558228117897,280961.46110265644
E3-ecc,20260962,plane,pos,-0.9182542008806006,159343.5888470446
E3-ecc,20260962,plane,vel,0.23919266567380953,159343.5888470446
E3-ecc,20260962,plane,pos,0.5766314586230491,535912.7087145945
E3-ecc,20260962,plane,vel,-0.16618191301967816,535912.7087145945
E3-ecc,20260962,plane,pos,0.8580056526452542,6775466.176759249
E3-ecc,20260962,plane,vel,1.670225796467982,6775466.176759249
E3-ecc,20260962,range,pos,1.7985054671329912,1386187.5521127046
E3-ecc,20260962,range,vel,-1.5310349966113448,1386187.5521127046
E3-ecc,20260962,range,pos,-0.5395935942882975,15669910.63205134
E3-ecc,20260962,range,vel,-0.5182443507890058,15669910.63205134
E3-ecc,20260962,range,pos,-0.7070086687687099,2303965.2473530415
E3-ecc,20260962,range,vel,1.2140293689058603,2303965.2473530415
E3-ecc,20260962,range,pos,-2.0800405895069938,186744.69330179374
E3-ecc,20260962,range,vel,0.011652227251938523,186744.69330179374
E3-ecc,20260962,range,pos,-28.26506356027612,12822996.409079872
E3-ecc,20260962,range,vel,38.14184513523546,12822996.409079872
E3-ecc,20260962,range,pos,-1.0057192074338333,6407405.326012488
E3-ecc,20260962,range,vel,0.28352393516281593,6407405.326012488
E3-ecc,20260962,range,pos,1.5395134933812316,48498.113035809045
E3-ecc,20260962,range,vel,1.2272705070626388,48498.113035809045
E3-ecc,20260962,range,pos,1.6586590947849607,538105.0061367179
E3-ecc,20260962,range,vel,-0.0641102305449215,538105.0061367179
E3-ecc,20260962,inplane,pos,-0.1385879927290701,1386187.5521127046
E3-ecc,20260962,inplane,vel,1.4139278874118297,1386187.5521127046
E3-ecc,20260962,inplane,pos,0.42336537476650504,15669910.63205134
E3-ecc,20260962,inplane,vel,-0.4869685753068135,15669910.63205134
E3-ecc,20260962,inplane,pos,0.5412318464622226,2303965.2473530415
E3-ecc,20260962,inplane,vel,-0.3143334698665846,2303965.2473530415
E3-ecc,20260962,inplane,pos,-2.2856352691778605,186744.69330179374
E3-ecc,20260962,inplane,vel,-2.6947797069345865,186744.69330179374
E3-ecc,20260962,inplane,pos,-16.456589420230515,12822996.409079872
E3-ecc,20260962,inplane,vel,-21.393646039028074,12822996.409079872
E3-ecc,20260962,inplane,pos,-1.2619296359668883,6407405.326012488
E3-ecc,20260962,inplane,vel,-1.3780727667095456,6407405.326012488
E3-ecc,20260962,inplane,pos,-0.06292795544498364,48498.113035809045
E3-ecc,20260962,inplane,vel,0.7904662047365056,48498.113035809045
E3-ecc,20260962,inplane,pos,1.0918292260220888,538105.0061367179
E3-ecc,20260962,inplane,vel,1.6842391337061065,538105.0061367179
E3-ecc,20260962,plane,pos,-0.2414088419519608,1386187.5521127046
E3-ecc,20260962,plane,vel,0.05855134657706901,1386187.5521127046
E3-ecc,20260962,plane,pos,0.6581875399970804,15669910.63205134
E3-ecc,20260962,plane,vel,-0.08822975285980221,15669910.63205134
E3-ecc,20260962,plane,pos,1.0459063724987634,2303965.2473530415
E3-ecc,20260962,plane,vel,-0.8634830703144678,2303965.2473530415
E3-ecc,20260962,plane,pos,0.36704096453109747,186744.69330179374
E3-ecc,20260962,plane,vel,-1.4700995324487942,186744.69330179374
E3-ecc,20260962,plane,pos,-1.0413323515042558,12822996.409079872
E3-ecc,20260962,plane,vel,-1.1084740222554896,12822996.409079872
E3-ecc,20260962,plane,pos,-0.25223400662230183,6407405.326012488
E3-ecc,20260962,plane,vel,0.0638690469552498,6407405.326012488
E3-ecc,20260962,plane,pos,-0.06116575291573266,48498.113035809045
E3-ecc,20260962,plane,vel,-0.4827405718954123,48498.113035809045
E3-ecc,20260962,plane,pos,0.0849754814939905,538105.0061367179
E3-ecc,20260962,plane,vel,-0.6294561488031695,538105.0061367179
E3-ecc,20260962,range,pos,0.021991651111307253,69962.13483686201
E3-ecc,20260962,range,vel,-0.29301301984616096,69962.13483686201
E3-ecc,20260962,range,pos,-0.13561618085054566,636376.5729725892
E3-ecc,20260962,range,vel,-0.2897801501810322,636376.5729725892
E3-ecc,20260962,range,pos,-0.0819590637166754,77504.7340045663
E3-ecc,20260962,range,vel,-0.6231871485818713,77504.7340045663
E3-ecc,20260962,range,pos,1.958741095767728,171695.95960890374
E3-ecc,20260962,range,vel,1.4747688965695676,171695.95960890374
E3-ecc,20260962,range,pos,10.729182907189283,387570.8334979963
E3-ecc,20260962,range,vel,7.495516398820792,387570.8334979963
E3-ecc,20260962,range,pos,-1.1999122775370448,73279.6977361491
E3-ecc,20260962,range,vel,-1.1706164864381616,73279.6977361491
E3-ecc,20260962,range,pos,-0.4873543299790796,8946707.960756438
E3-ecc,20260962,range,vel,0.7670923226453594,8946707.960756438
E3-ecc,20260962,range,pos,-0.5022969801461418,15101718.489998125
E3-ecc,20260962,range,vel,-0.27598007894860027,15101718.489998125
E3-ecc,20260962,inplane,pos,-0.038732846547587546,69962.13483686201
E3-ecc,20260962,inplane,vel,0.3179524774858003,69962.13483686201
E3-ecc,20260962,inplane,pos,-0.26380016693734193,636376.5729725892
E3-ecc,20260962,inplane,vel,-0.11780198041113678,636376.5729725892
E3-ecc,20260962,inplane,pos,-1.5413397847871173,77504.7340045663
E3-ecc,20260962,inplane,vel,-0.22546224603831858,77504.7340045663
E3-ecc,20260962,inplane,pos,0.23283384525063147,171695.95960890374
E3-ecc,20260962,inplane,vel,1.677233739529746,171695.95960890374
E3-ecc,20260962,inplane,pos,10.179368518260732,387570.8334979963
E3-ecc,20260962,inplane,vel,11.717641185172734,387570.8334979963
E3-ecc,20260962,inplane,pos,0.14825031474132883,73279.6977361491
E3-ecc,20260962,inplane,vel,1.2768791825039387,73279.6977361491
E3-ecc,20260962,inplane,pos,-0.24817993468089053,8946707.960756438
E3-ecc,20260962,inplane,vel,-0.6994738831352133,8946707.960756438
E3-ecc,20260962,inplane,pos,0.8981495695802915,15101718.489998125
E3-ecc,20260962,inplane,vel,-0.7098292450098055,15101718.489998125
E3-ecc,20260962,plane,pos,0.0033730882773050776,69962.13483686201
E3-ecc,20260962,plane,vel,-0.5480551971432049,69962.13483686201
E3-ecc,20260962,plane,pos,-0.6272305337174804,636376.5729725892
E3-ecc,20260962,plane,vel,-0.6800564789577593,636376.5729725892
E3-ecc,20260962,plane,pos,-0.8622347440760846,77504.7340045663
E3-ecc,20260962,plane,vel,-0.8836686128244475,77504.7340045663
E3-ecc,20260962,plane,pos,0.024463057782328667,171695.95960890374
E3-ecc,20260962,plane,vel,0.3605822342484037,171695.95960890374
E3-ecc,20260962,plane,pos,-2.2206898060776763,387570.8334979963
E3-ecc,20260962,plane,vel,-0.041135998788346645,387570.8334979963
E3-ecc,20260962,plane,pos,0.06493378814898951,73279.6977361491
E3-ecc,20260962,plane,vel,0.9249950588009379,73279.6977361491
E3-ecc,20260962,plane,pos,1.446535057421116,8946707.960756438
E3-ecc,20260962,plane,vel,-1.3011687858747107,8946707.960756438
E3-ecc,20260962,plane,pos,-0.30691183611984724,15101718.489998125
E3-ecc,20260962,plane,vel,0.19121985733171779,15101718.489998125
E3-ecc,20260969,range,pos,0.29428053105994056,27434918.71208421
E3-ecc,20260969,range,vel,0.38015769629842505,27434918.71208421
E3-ecc,20260969,range,pos,0.43622901531105496,10978197.778604962
E3-ecc,20260969,range,vel,0.7124085201584233,10978197.778604962
E3-ecc,20260969,range,pos,-0.3413553100657212,683322.6231371595
E3-ecc,20260969,range,vel,-0.7121373651896773,683322.6231371595
E3-ecc,20260969,range,pos,1.6152755745981535,315708.98560011445
E3-ecc,20260969,range,vel,-1.854256129205142,315708.98560011445
E3-ecc,20260969,range,pos,-2.157443759603875,945863.0916915056
E3-ecc,20260969,range,vel,-0.06455772078107958,945863.0916915056
E3-ecc,20260969,range,pos,-0.5000863389016142,373537.8074213295
E3-ecc,20260969,range,vel,0.6304858390499917,373537.8074213295
E3-ecc,20260969,range,pos,1.0084203220870716,702529.5721907855
E3-ecc,20260969,range,vel,-0.5601817130850627,702529.5721907855
E3-ecc,20260969,range,pos,-1.0625529464039718,177868.6255965047
E3-ecc,20260969,range,vel,-1.3221691858064086,177868.6255965047
E3-ecc,20260969,inplane,pos,-0.3334529358530506,27434918.71208421
E3-ecc,20260969,inplane,vel,0.472463182478305,27434918.71208421
E3-ecc,20260969,inplane,pos,0.18446474666220694,10978197.778604962
E3-ecc,20260969,inplane,vel,0.0678837488132181,10978197.778604962
E3-ecc,20260969,inplane,pos,-0.674320652872761,683322.6231371595
E3-ecc,20260969,inplane,vel,-0.34169001479860184,683322.6231371595
E3-ecc,20260969,inplane,pos,-0.5016484595506582,315708.98560011445
E3-ecc,20260969,inplane,vel,0.4562712504192181,315708.98560011445
E3-ecc,20260969,inplane,pos,0.23407556436511556,945863.0916915056
E3-ecc,20260969,inplane,vel,-2.105747880063958,945863.0916915056
E3-ecc,20260969,inplane,pos,-0.9810403245364029,373537.8074213295
E3-ecc,20260969,inplane,vel,-1.024608488480959,373537.8074213295
E3-ecc,20260969,inplane,pos,2.043984850792785,702529.5721907855
E3-ecc,20260969,inplane,vel,1.3914195609916131,702529.5721907855
E3-ecc,20260969,inplane,pos,0.43994538492780927,177868.6255965047
E3-ecc,20260969,inplane,vel,0.6607478538898234,177868.6255965047
E3-ecc,20260969,plane,pos,0.15055877897225212,27434918.71208421
E3-ecc,20260969,plane,vel,0.6411791659078099,27434918.71208421
E3-ecc,20260969,plane,pos,-0.358290252193777,10978197.778604962
E3-ecc,20260969,plane,vel,-0.4699294324683816,10978197.778604962
E3-ecc,20260969,plane,pos,-0.4674485293406018,683322.6231371595
E3-ecc,20260969,plane,vel,-1.1422090525847322,683322.6231371595
E3-ecc,20260969,plane,pos,-0.4238755326540977,315708.98560011445
E3-ecc,20260969,plane,vel,-1.2776841584041254,315708.98560011445
E3-ecc,20260969,plane,pos,0.5822940161252372,945863.0916915056
E3-ecc,20260969,plane,vel,0.7095393038003079,945863.0916915056
E3-ecc,20260969,plane,pos,1.5010846963221676,373537.8074213295
E3-ecc,20260969,plane,vel,-0.20587926414612925,373537.8074213295
E3-ecc,20260969,plane,pos,0.8338652323361043,702529.5721907855
E3-ecc,20260969,plane,vel,0.4320265755022753,702529.5721907855
E3-ecc,20260969,plane,pos,0.7196459287330806,177868.6255965047
E3-ecc,20260969,plane,vel,1.6124004046371698,177868.6255965047
E3-ecc,20260969,range,pos,-0.7138870125581921,677242.9877906339
E3-ecc,20260969,range,vel,-1.466658854778504,677242.9877906339
E3-ecc,20260969,range,pos,0.0005969827993497147,156007.5682044739
E3-ecc,20260969,range,vel,-0.1422833926488624,156007.5682044739
E3-ecc,20260969,range,pos,-0.30858121416342243,160981.39937025076
E3-ecc,20260969,range,vel,0.4016043853752408,160981.39937025076
E3-ecc,20260969,range,pos,0.024858164402725334,5759984.229626258
E3-ecc,20260969,range,vel,0.31769941277873365,5759984.229626258
E3-ecc,20260969,range,pos,0.9310608802936059,24612579.830554347
E3-ecc,20260969,range,vel,1.0436086494288515,24612579.830554347
E3-ecc,20260969,range,pos,0.7413860017379049,3235070.353399488
E3-ecc,20260969,range,vel,-0.6202855300646808,3235070.353399488
E3-ecc,20260969,range,pos,-0.7385767152641269,3968355.8393034553
E3-ecc,20260969,range,vel,0.8149151552812639,3968355.8393034553
E3-ecc,20260969,range,pos,0.4178624511985596,149169.33444335268
E3-ecc,20260969,range,vel,0.5191833848455327,149169.33444335268
E3-ecc,20260969,inplane,pos,-2.006531542841935,677242.9877906339
E3-ecc,20260969,inplane,vel,-1.0728294550749846,677242.9877906339
E3-ecc,20260969,inplane,pos,-0.6062031543539481,156007.5682044739
E3-ecc,20260969,inplane,vel,-0.1910547176436703,156007.5682044739
E3-ecc,20260969,inplane,pos,-1.038910984547794,160981.39937025076
E3-ecc,20260969,inplane,vel,-1.1469589150305186,160981.39937025076
E3-ecc,20260969,inplane,pos,0.2946788629626103,5759984.229626258
E3-ecc,20260969,inplane,vel,0.13395232273675997,5759984.229626258
E3-ecc,20260969,inplane,pos,-1.7721150360532696,24612579.830554347
E3-ecc,20260969,inplane,vel,0.49685241280604786,24612579.830554347
E3-ecc,20260969,inplane,pos,2.3178168773489753,3235070.353399488
E3-ecc,20260969,inplane,vel,0.8533323897562513,3235070.353399488
E3-ecc,20260969,inplane,pos,1.451999024958564,3968355.8393034553
E3-ecc,20260969,inplane,vel,-0.7196681344944276,3968355.8393034553
E3-ecc,20260969,inplane,pos,1.2574762978465799,149169.33444335268
E3-ecc,20260969,inplane,vel,-0.7663231622787364,149169.33444335268
E3-ecc,20260969,plane,pos,0.7376291052581702,677242.9877906339
E3-ecc,20260969,plane,vel,0.20582195764210146,677242.9877906339
E3-ecc,20260969,plane,pos,0.19170071680293244,156007.5682044739
E3-ecc,20260969,plane,vel,-0.6398816011145382,156007.5682044739
E3-ecc,20260969,plane,pos,0.8816547173926198,160981.39937025076
E3-ecc,20260969,plane,vel,0.028183179185508864,160981.39937025076
E3-ecc,20260969,plane,pos,0.1506436758205038,5759984.229626258
E3-ecc,20260969,plane,vel,1.0864437295624452,5759984.229626258
E3-ecc,20260969,plane,pos,0.030559740277310565,24612579.830554347
E3-ecc,20260969,plane,vel,0.12982863311459197,24612579.830554347
E3-ecc,20260969,plane,pos,-0.506985341502001,3235070.353399488
E3-ecc,20260969,plane,vel,-0.8555040445879257,3235070.353399488
E3-ecc,20260969,plane,pos,0.4688091219835681,3968355.8393034553
E3-ecc,20260969,plane,vel,0.8200828807969581,3968355.8393034553
E3-ecc,20260969,plane,pos,-0.05629586616305452,149169.33444335268
E3-ecc,20260969,plane,vel,0.45087449289632475,149169.33444335268
E3-ecc,20260969,range,pos,2.2037257617457997,39647.05677285341
E3-ecc,20260969,range,vel,-0.6554755226556748,39647.05677285341
E3-ecc,20260969,range,pos,-11.841180313212323,1299427.699013121
E3-ecc,20260969,range,vel,-4.006953365640248,1299427.699013121
E3-ecc,20260969,range,pos,0.39116335282821174,26450738.54856144
E3-ecc,20260969,range,vel,2.1345395640924973,26450738.54856144
E3-ecc,20260969,range,pos,0.7731480316850117,1178478.3563093576
E3-ecc,20260969,range,vel,-1.1791698595934028,1178478.3563093576
E3-ecc,20260969,range,pos,1.402625137425954,14644387.28422807
E3-ecc,20260969,range,vel,1.1746447874270574,14644387.28422807
E3-ecc,20260969,range,pos,0.15372560637891033,647988.1122225188
E3-ecc,20260969,range,vel,-0.9094509260606554,647988.1122225188
E3-ecc,20260969,range,pos,0.01925638566329579,1578378.306548046
E3-ecc,20260969,range,vel,-0.23636828784188027,1578378.306548046
E3-ecc,20260969,range,pos,3.2626296419644336,7579630.190013095
E3-ecc,20260969,range,vel,3.364407904204604,7579630.190013095
E3-ecc,20260969,inplane,pos,-0.3281233491123573,39647.05677285341
E3-ecc,20260969,inplane,vel,-2.088392332329766,39647.05677285341
E3-ecc,20260969,inplane,pos,-1.8887032609606862,1299427.699013121
E3-ecc,20260969,inplane,vel,-7.667227560946493,1299427.699013121
E3-ecc,20260969,inplane,pos,-1.4787077846898078,26450738.54856144
E3-ecc,20260969,inplane,vel,1.3643059095289547,26450738.54856144
E3-ecc,20260969,inplane,pos,-1.2991667061620797,1178478.3563093576
E3-ecc,20260969,inplane,vel,0.23878313332563827,1178478.3563093576
E3-ecc,20260969,inplane,pos,-1.3511040327345842,14644387.28422807
E3-ecc,20260969,inplane,vel,1.456392550756091,14644387.28422807
E3-ecc,20260969,inplane,pos,-0.5805346579189328,647988.1122225188
E3-ecc,20260969,inplane,vel,0.19813596578582146,647988.1122225188
E3-ecc,20260969,inplane,pos,-1.3351869980695683,1578378.306548046
E3-ecc,20260969,inplane,vel,-0.6051899588922688,1578378.306548046
E3-ecc,20260969,inplane,pos,-2.185360703266593,7579630.190013095
E3-ecc,20260969,inplane,vel,3.3884706278398298,7579630.190013095
E3-ecc,20260969,plane,pos,-1.8708536627298296,39647.05677285341
E3-ecc,20260969,plane,vel,-1.729256176797028,39647.05677285341
E3-ecc,20260969,plane,pos,0.49007287468985455,1299427.699013121
E3-ecc,20260969,plane,vel,-2.1384468041462084,1299427.699013121
E3-ecc,20260969,plane,pos,-1.932506543578965,26450738.54856144
E3-ecc,20260969,plane,vel,-0.08556680454328819,26450738.54856144
E3-ecc,20260969,plane,pos,-0.22445374805262297,1178478.3563093576
E3-ecc,20260969,plane,vel,-0.7491079254659844,1178478.3563093576
E3-ecc,20260969,plane,pos,-0.836017952082286,14644387.28422807
E3-ecc,20260969,plane,vel,0.1125056960299458,14644387.28422807
E3-ecc,20260969,plane,pos,2.0607872918462964,647988.1122225188
E3-ecc,20260969,plane,vel,-0.2321209932856912,647988.1122225188
E3-ecc,20260969,plane,pos,1.8564255100978153,1578378.306548046
E3-ecc,20260969,plane,vel,-0.5080779862872266,1578378.306548046
E3-ecc,20260969,plane,pos,1.3497852285039147,7579630.190013095
E3-ecc,20260969,plane,vel,0.5657783132155203,7579630.190013095
E3-ecc,20260969,range,pos,0.7135939558845243,3249875.3355343607
E3-ecc,20260969,range,vel,1.753144120064266,3249875.3355343607
E3-ecc,20260969,range,pos,-3.190178807023131,159966.82728678102
E3-ecc,20260969,range,vel,-4.729449698939625,159966.82728678102
E3-ecc,20260969,range,pos,1.8624783346205334,816953.0293942564
E3-ecc,20260969,range,vel,1.8779239361397295,816953.0293942564
E3-ecc,20260969,range,pos,0.010746310656471844,21526921.257816967
E3-ecc,20260969,range,vel,-0.13932528377397138,21526921.257816967
E3-ecc,20260969,range,pos,1.4188729761684091,87096.08444175555
E3-ecc,20260969,range,vel,1.356243475171884,87096.08444175555
E3-ecc,20260969,range,pos,-0.526353699845057,50533.69372342728
E3-ecc,20260969,range,vel,-0.4762043721034397,50533.69372342728
E3-ecc,20260969,range,pos,0.3846970156577018,62714.44752509694
E3-ecc,20260969,range,vel,1.0315849547838931,62714.44752509694
E3-ecc,20260969,range,pos,-0.9798811513734278,289324.83557514066
E3-ecc,20260969,range,vel,0.8614716009115729,289324.83557514066
E3-ecc,20260969,inplane,pos,1.859159415347556,3249875.3355343607
E3-ecc,20260969,inplane,vel,0.7443915748309293,3249875.3355343607
E3-ecc,20260969,inplane,pos,1.0353821229829834,159966.82728678102
E3-ecc,20260969,inplane,vel,1.1139760756708876,159966.82728678102
E3-ecc,20260969,inplane,pos,1.5768740571889215,816953.0293942564
E3-ecc,20260969,inplane,vel,1.7577466242040218,816953.0293942564
E3-ecc,20260969,inplane,pos,-0.5945451325716928,21526921.257816967
E3-ecc,20260969,inplane,vel,-0.5139494719282927,21526921.257816967
E3-ecc,20260969,inplane,pos,-0.3614530419105183,87096.08444175555
E3-ecc,20260969,inplane,vel,-0.30633232611366323,87096.08444175555
E3-ecc,20260969,inplane,pos,0.3969569068340225,50533.69372342728
E3-ecc,20260969,inplane,vel,-0.0505895152158577,50533.69372342728
E3-ecc,20260969,inplane,pos,0.4461093739263117,62714.44752509694
E3-ecc,20260969,inplane,vel,0.0745481676044729,62714.44752509694
E3-ecc,20260969,inplane,pos,-0.14865079366326206,289324.83557514066
E3-ecc,20260969,inplane,vel,0.6810256928615956,289324.83557514066
E3-ecc,20260969,plane,pos,-0.5693921561846673,3249875.3355343607
E3-ecc,20260969,plane,vel,0.1270359354705179,3249875.3355343607
E3-ecc,20260969,plane,pos,-0.3172459371225873,159966.82728678102
E3-ecc,20260969,plane,vel,-1.7290396375875765,159966.82728678102
E3-ecc,20260969,plane,pos,-0.963530671625748,816953.0293942564
E3-ecc,20260969,plane,vel,0.5360287490760253,816953.0293942564
E3-ecc,20260969,plane,pos,-0.8030474068797547,21526921.257816967
E3-ecc,20260969,plane,vel,0.021733909948367585,21526921.257816967
E3-ecc,20260969,plane,pos,1.273178158240452,87096.08444175555
E3-ecc,20260969,plane,vel,1.6057318306891173,87096.08444175555
E3-ecc,20260969,plane,pos,-0.19434112093074857,50533.69372342728
E3-ecc,20260969,plane,vel,-0.5086315319441047,50533.69372342728
E3-ecc,20260969,plane,pos,0.1481425732212204,62714.44752509694
E3-ecc,20260969,plane,vel,-0.6053033009727403,62714.44752509694
E3-ecc,20260969,plane,pos,-2.5250013530576156,289324.83557514066
E3-ecc,20260969,plane,vel,-1.058042401780468,289324.83557514066
E3-ecc,20260969,range,pos,0.7795149333689617,454355.6232194594
E3-ecc,20260969,range,vel,-0.7096622661734194,454355.6232194594
E3-ecc,20260969,range,pos,-0.5215816500712948,16793046.88254851
E3-ecc,20260969,range,vel,-0.34656138465890185,16793046.88254851
E3-ecc,20260969,range,pos,-0.9215723258651485,80174.3420253594
E3-ecc,20260969,range,vel,0.5918340146419999,80174.3420253594
E3-ecc,20260969,range,pos,0.251354182047365,2886700.073923935
E3-ecc,20260969,range,vel,0.7567720964150515,2886700.073923935
E3-ecc,20260969,range,pos,0.6668317038723097,7088772.0528869
E3-ecc,20260969,range,vel,-1.1003784186845718,7088772.0528869
E3-ecc,20260969,range,pos,0.18415476951309862,86081.26657710064
E3-ecc,20260969,range,vel,-0.39346802069322395,86081.26657710064
E3-ecc,20260969,range,pos,-1.519970576268478,1789906.323486754
E3-ecc,20260969,range,vel,-1.3896990645503415,1789906.323486754
E3-ecc,20260969,range,pos,-0.06525567430624825,56225.39769141286
E3-ecc,20260969,range,vel,-0.4505483827299786,56225.39769141286
E3-ecc,20260969,inplane,pos,0.26193631951239604,454355.6232194594
E3-ecc,20260969,inplane,vel,0.38214503646840886,454355.6232194594
E3-ecc,20260969,inplane,pos,-0.42365492305477637,16793046.88254851
E3-ecc,20260969,inplane,vel,0.2931510407637648,16793046.88254851
E3-ecc,20260969,inplane,pos,-1.4261680889390518,80174.3420253594
E3-ecc,20260969,inplane,vel,-0.7921446244336338,80174.3420253594
E3-ecc,20260969,inplane,pos,1.0282768180945296,2886700.073923935
E3-ecc,20260969,inplane,vel,0.20413394516093958,2886700.073923935
E3-ecc,20260969,inplane,pos,0.13403070324472185,7088772.0528869
E3-ecc,20260969,inplane,vel,0.6470243747673384,7088772.0528869
E3-ecc,20260969,inplane,pos,0.7993868470763809,86081.26657710064
E3-ecc,20260969,inplane,vel,-0.6971699665807423,86081.26657710064
E3-ecc,20260969,inplane,pos,-1.7534686537010242,1789906.323486754
E3-ecc,20260969,inplane,vel,-1.2749958502822982,1789906.323486754
E3-ecc,20260969,inplane,pos,-1.0465855206346941,56225.39769141286
E3-ecc,20260969,inplane,vel,-0.5593489449303205,56225.39769141286
E3-ecc,20260969,plane,pos,0.29380460235145905,454355.6232194594
E3-ecc,20260969,plane,vel,1.0267612130506012,454355.6232194594
E3-ecc,20260969,plane,pos,-0.6101692331470419,16793046.88254851
E3-ecc,20260969,plane,vel,-0.34134586890033786,16793046.88254851
E3-ecc,20260969,plane,pos,-1.0457214341952084,80174.3420253594
E3-ecc,20260969,plane,vel,-1.5237313591015225,80174.3420253594
E3-ecc,20260969,plane,pos,-0.614552677487854,2886700.073923935
E3-ecc,20260969,plane,vel,0.19628614093588084,2886700.073923935
E3-ecc,20260969,plane,pos,0.8291249543628433,7088772.0528869
E3-ecc,20260969,plane,vel,0.8702592000658547,7088772.0528869
E3-ecc,20260969,plane,pos,-1.2243613115828103,86081.26657710064
E3-ecc,20260969,plane,vel,0.6959540375982558,86081.26657710064
E3-ecc,20260969,plane,pos,-1.0650185121768339,1789906.323486754
E3-ecc,20260969,plane,vel,-0.32983020467019475,1789906.323486754
E3-ecc,20260969,plane,pos,-1.09742055028295,56225.39769141286
E3-ecc,20260969,plane,vel,-0.6233794138948007,56225.39769141286
E3-ecc,20260969,range,pos,0.6212507363560279,41196.73745379022
E3-ecc,20260969,range,vel,0.49843389154694273,41196.73745379022
E3-ecc,20260969,range,pos,0.0651508195273414,121576.05810570583
E3-ecc,20260969,range,vel,0.044994172635255854,121576.05810570583
E3-ecc,20260969,range,pos,-53.72407798808357,19643611.906090457
E3-ecc,20260969,range,vel,-243.4490145139394,19643611.906090457
E3-ecc,20260969,range,pos,0.3324686787113874,535657.6393156173
E3-ecc,20260969,range,vel,-0.792049512891568,535657.6393156173
E3-ecc,20260969,range,pos,-0.036575896896511924,454703.61617219984
E3-ecc,20260969,range,vel,0.11331672402754189,454703.61617219984
E3-ecc,20260969,range,pos,0.14068807896338906,70006.4673704072
E3-ecc,20260969,range,vel,0.5412116228362975,70006.4673704072
E3-ecc,20260969,range,pos,1.2177422668799656,198350.15231038973
E3-ecc,20260969,range,vel,-0.6627519477802131,198350.15231038973
E3-ecc,20260969,range,pos,-0.6070458578449212,218333.62307391112
E3-ecc,20260969,range,vel,-0.25901516290951915,218333.62307391112
E3-ecc,20260969,inplane,pos,0.6301260200931321,41196.73745379022
E3-ecc,20260969,inplane,vel,0.9516123232446024,41196.73745379022
E3-ecc,20260969,inplane,pos,-0.07231468847551274,121576.05810570583
E3-ecc,20260969,inplane,vel,-0.08318242377560693,121576.05810570583
E3-ecc,20260969,inplane,pos,-3.8111020333402816,19643611.906090457
E3-ecc,20260969,inplane,vel,-71.69010974100739,19643611.906090457
E3-ecc,20260969,inplane,pos,-0.586413749632837,535657.6393156173
E3-ecc,20260969,inplane,vel,0.22032849414127065,535657.6393156173
E3-ecc,20260969,inplane,pos,1.5398270363368967,454703.61617219984
E3-ecc,20260969,inplane,vel,-0.5673207713589018,454703.61617219984
E3-ecc,20260969,inplane,pos,-1.1915200460675441,70006.4673704072
E3-ecc,20260969,inplane,vel,-0.3822424572254315,70006.4673704072
E3-ecc,20260969,inplane,pos,-0.3817395796142096,198350.15231038973
E3-ecc,20260969,inplane,vel,0.17996760246326093,198350.15231038973
E3-ecc,20260969,inplane,pos,0.4008814889842101,218333.62307391112
E3-ecc,20260969,inplane,vel,0.006382445525257837,218333.62307391112
E3-ecc,20260969,plane,pos,-0.9381399916923933,41196.73745379022
E3-ecc,20260969,plane,vel,0.7261028412347214,41196.73745379022
E3-ecc,20260969,plane,pos,-0.8428202120562125,121576.05810570583
E3-ecc,20260969,plane,vel,-1.7852602469930212,121576.05810570583
E3-ecc,20260969,plane,pos,-0.07711958038438725,19643611.906090457
E3-ecc,20260969,plane,vel,0.7311739801400695,19643611.906090457
E3-ecc,20260969,plane,pos,1.3471742085739395,535657.6393156173
E3-ecc,20260969,plane,vel,-0.7034793606080183,535657.6393156173
E3-ecc,20260969,plane,pos,1.086749190038611,454703.61617219984
E3-ecc,20260969,plane,vel,0.20079508939132054,454703.61617219984
E3-ecc,20260969,plane,pos,0.7404238097326676,70006.4673704072
E3-ecc,20260969,plane,vel,1.131816107368442,70006.4673704072
E3-ecc,20260969,plane,pos,1.519554995910143,198350.15231038973
E3-ecc,20260969,plane,vel,0.7625107999745876,198350.15231038973
E3-ecc,20260969,plane,pos,0.9565910500333515,218333.62307391112
E3-ecc,20260969,plane,vel,0.2632480531417755,218333.62307391112
E3-ecc,20260976,range,pos,-0.3184225688452845,328883.61536837276
E3-ecc,20260976,range,vel,1.0312031744327441,328883.61536837276
E3-ecc,20260976,range,pos,-0.36258902085792266,225739.86114860114
E3-ecc,20260976,range,vel,0.3648579537526864,225739.86114860114
E3-ecc,20260976,range,pos,0.9633869980636426,290746.8433021011
E3-ecc,20260976,range,vel,-0.7584754371687634,290746.8433021011
E3-ecc,20260976,range,pos,-1.298859068871342,293305.82800968044
E3-ecc,20260976,range,vel,0.9262094509148427,293305.82800968044
E3-ecc,20260976,range,pos,-0.3935795331760582,752406.9193932487
E3-ecc,20260976,range,vel,0.07318535449611434,752406.9193932487
E3-ecc,20260976,range,pos,2.17483456418572,457571.45129336877
E3-ecc,20260976,range,vel,-0.35907855288650165,457571.45129336877
E3-ecc,20260976,range,pos,-0.9649821948903715,686733.8028448932
E3-ecc,20260976,range,vel,0.5372939132158208,686733.8028448932
E3-ecc,20260976,range,pos,-1.4347010172167027,518517.9382737208
E3-ecc,20260976,range,vel,1.3487522887217793,518517.9382737208
E3-ecc,20260976,inplane,pos,0.6558698717471121,328883.61536837276
E3-ecc,20260976,inplane,vel,-0.07043607559052692,328883.61536837276
E3-ecc,20260976,inplane,pos,-0.23095631689456164,225739.86114860114
E3-ecc,20260976,inplane,vel,-0.06369090057117704,225739.86114860114
E3-ecc,20260976,inplane,pos,0.054291787673754165,290746.8433021011
E3-ecc,20260976,inplane,vel,-0.8711566045547828,290746.8433021011
E3-ecc,20260976,inplane,pos,-1.1361708142069267,293305.82800968044
E3-ecc,20260976,inplane,vel,-1.1423732010079828,293305.82800968044
E3-ecc,20260976,inplane,pos,0.08371415874727739,752406.9193932487
E3-ecc,20260976,inplane,vel,-0.4121178142399303,752406.9193932487
E3-ecc,20260976,inplane,pos,1.981752499451958,457571.45129336877
E3-ecc,20260976,inplane,vel,2.3768604268511626,457571.45129336877
E3-ecc,20260976,inplane,pos,-1.0954214393064325,686733.8028448932
E3-ecc,20260976,inplane,vel,-1.1791797464605862,686733.8028448932
E3-ecc,20260976,inplane,pos,0.8592633723268887,518517.9382737208
E3-ecc,20260976,inplane,vel,-1.523288277275696,518517.9382737208
E3-ecc,20260976,plane,pos,-0.7058627923433717,328883.61536837276
E3-ecc,20260976,plane,vel,-1.0494325182715274,328883.61536837276
E3-ecc,20260976,plane,pos,-0.49627861246083915,225739.86114860114
E3-ecc,20260976,plane,vel,0.256419970555189,225739.86114860114
E3-ecc,20260976,plane,pos,1.16190587546789,290746.8433021011
E3-ecc,20260976,plane,vel,-2.317268463605668,290746.8433021011
E3-ecc,20260976,plane,pos,1.1015337385206831,293305.82800968044
E3-ecc,20260976,plane,vel,-0.8689919059911948,293305.82800968044
E3-ecc,20260976,plane,pos,-1.0370771774083816,752406.9193932487
E3-ecc,20260976,plane,vel,-1.4168431518902436,752406.9193932487
E3-ecc,20260976,plane,pos,-0.958563044326373,457571.45129336877
E3-ecc,20260976,plane,vel,1.345620348026973,457571.45129336877
E3-ecc,20260976,plane,pos,-0.8913939579462444,686733.8028448932
E3-ecc,20260976,plane,vel,0.9088826786903104,686733.8028448932
E3-ecc,20260976,plane,pos,0.28389119379538424,518517.9382737208
E3-ecc,20260976,plane,vel,0.6157689955545232,518517.9382737208
E3-ecc,20260976,range,pos,0.5064893399553035,939493.4483903184
E3-ecc,20260976,range,vel,-0.25811830201799807,939493.4483903184
E3-ecc,20260976,range,pos,0.5602431966345525,13181921.076898605
E3-ecc,20260976,range,vel,0.5794248223929295,13181921.076898605
E3-ecc,20260976,range,pos,-0.12817139023790017,24958869.834487077
E3-ecc,20260976,range,vel,-0.2613115449773182,24958869.834487077
E3-ecc,20260976,range,pos,0.03771706185552238,89371.53954590022
E3-ecc,20260976,range,vel,-0.23251030831989344,89371.53954590022
E3-ecc,20260976,range,pos,-0.029770578890831133,1930103.1907117506
E3-ecc,20260976,range,vel,-0.44649263618361784,1930103.1907117506
E3-ecc,20260976,range,pos,0.5507949964431772,17602533.15414078
E3-ecc,20260976,range,vel,-0.4076222451634719,17602533.15414078
E3-ecc,20260976,range,pos,1.5980182042513706,159536.6454557758
E3-ecc,20260976,range,vel,0.30223498468038196,159536.6454557758
E3-ecc,20260976,inplane,pos,1.3094232709109843,939493.4483903184
E3-ecc,20260976,inplane,vel,0.9831888846076992,939493.4483903184
E3-ecc,20260976,inplane,pos,-0.31552241990915086,13181921.076898605
E3-ecc,20260976,inplane,vel,0.5662159304119373,13181921.076898605
E3-ecc,20260976,inplane,pos,0.41322981062594083,24958869.834487077
E3-ecc,20260976,inplane,vel,-0.5974954636521999,24958869.834487077
E3-ecc,20260976,inplane,pos,-0.05460428667710193,89371.53954590022
E3-ecc,20260976,inplane,vel,0.08385224724799535,89371.53954590022
E3-ecc,20260976,inplane,pos,-0.45074313949526335,1930103.1907117506
E3-ecc,20260976,inplane,vel,-0.21378165065703542,1930103.1907117506
E3-ecc,20260976,inplane,pos,0.043749941392302316,17602533.15414078
E3-ecc,20260976,inplane,vel,-0.1456780430886091,17602533.15414078
E3-ecc,20260976,inplane,pos,-0.5593928871607411,159536.6454557758
E3-ecc,20260976,inplane,vel,1.4598251595196208,159536.6454557758
E3-ecc,20260976,plane,pos,-0.5153254435072174,939493.4483903184
E3-ecc,20260976,plane,vel,-0.2337020781974056,939493.4483903184
E3-ecc,20260976,plane,pos,-0.610732111392999,13181921.076898605
E3-ecc,20260976,plane,vel,-0.37515007493129043,13181921.076898605
E3-ecc,20260976,plane,pos,0.0962380303941583,24958869.834487077
E3-ecc,20260976,plane,vel,0.016525652868145606,24958869.834487077
E3-ecc,20260976,plane,pos,0.233802630302959,89371.53954590022
E3-ecc,20260976,plane,vel,0.8774309152872971,89371.53954590022
E3-ecc,20260976,plane,pos,0.12332171867542033,1930103.1907117506
E3-ecc,20260976,plane,vel,1.014545420097024,1930103.1907117506
E3-ecc,20260976,plane,pos,-1.1611711709829764,17602533.15414078
E3-ecc,20260976,plane,vel,-0.8408800962651267,17602533.15414078
E3-ecc,20260976,plane,pos,-0.20273321191676943,159536.6454557758
E3-ecc,20260976,plane,vel,-1.286850684987901,159536.6454557758
E3-ecc,20260976,range,pos,-0.3003509859075967,130817.50049498049
E3-ecc,20260976,range,vel,-0.8833317162707728,130817.50049498049
E3-ecc,20260976,range,pos,-8.24718780239106,294917.9210842074
E3-ecc,20260976,range,vel,-6.799121322240366,294917.9210842074
E3-ecc,20260976,range,pos,1.2912879357303748,412356.77628788754
E3-ecc,20260976,range,vel,1.424190764958991,412356.77628788754
E3-ecc,20260976,range,pos,0.46258314184639115,476836.9490115619
E3-ecc,20260976,range,vel,2.220130197597126,476836.9490115619
E3-ecc,20260976,range,pos,-0.4808192838044039,665694.9748829586
E3-ecc,20260976,range,vel,-2.1667886836631522,665694.9748829586
E3-ecc,20260976,range,pos,-1.3057664343764106,1362160.6308375797
E3-ecc,20260976,range,vel,-0.7310032741498345,1362160.6308375797
E3-ecc,20260976,range,pos,-0.505150942466669,119274.42141746817
E3-ecc,20260976,range,vel,-1.9438845979875157,119274.42141746817
E3-ecc,20260976,range,pos,2.117192686287777,1760842.111991219
E3-ecc,20260976,range,vel,-0.3805132013698999,1760842.111991219
E3-ecc,20260976,inplane,pos,-1.1787390783989713,130817.50049498049
E3-ecc,20260976,inplane,vel,-0.901963358992224,130817.50049498049
E3-ecc,20260976,inplane,pos,2.6164820306753147,294917.9210842074
E3-ecc,20260976,inplane,vel,-5.561078277187921,294917.9210842074
E3-ecc,20260976,inplane,pos,1.1575530248914374,412356.77628788754
E3-ecc,20260976,inplane,vel,1.4652379816016528,412356.77628788754
E3-ecc,20260976,inplane,pos,-2.2385393535299194,476836.9490115619
E3-ecc,20260976,inplane,vel,-0.6108830571783457,476836.9490115619
E3-ecc,20260976,inplane,pos,-2.550182503177349,665694.9748829586
E3-ecc,20260976,inplane,vel,-1.3576930571475703,665694.9748829586
E3-ecc,20260976,inplane,pos,2.847002483382816,1362160.6308375797
E3-ecc,20260976,inplane,vel,-0.9221113892068604,1362160.6308375797
E3-ecc,20260976,inplane,pos,-1.8833476690055921,119274.42141746817
E3-ecc,20260976,inplane,vel,-0.6204606319406208,119274.42141746817
E3-ecc,20260976,inplane,pos,1.1402677331362854,1760842.111991219
E3-ecc,20260976,inplane,vel,1.9811642914752365,1760842.111991219
E3-ecc,20260976,plane,pos,0.4270883536619067,130817.50049498049
E3-ecc,20260976,plane,vel,-2.146500301077557,130817.50049498049
E3-ecc,20260976,plane,pos,-0.6961509917529826,294917.9210842074
E3-ecc,20260976,plane,vel,-6.361388863920204,294917.9210842074
E3-ecc,20260976,plane,pos,1.305861333820536,412356.77628788754
E3-ecc,20260976,plane,vel,1.487793052775878,412356.77628788754
E3-ecc,20260976,plane,pos,-0.3363967962639044,476836.9490115619
E3-ecc,20260976,plane,vel,0.03227662228717984,476836.9490115619
E3-ecc,20260976,plane,pos,-0.22815680507737904,665694.9748829586
E3-ecc,20260976,plane,vel,-0.4413945352575678,665694.9748829586
E3-ecc,20260976,plane,pos,0.8724863046196359,1362160.6308375797
E3-ecc,20260976,plane,vel,1.945935459878392,1362160.6308375797
E3-ecc,20260976,plane,pos,-0.8316104699206314,119274.42141746817
E3-ecc,20260976,plane,vel,-0.0971220300360541,119274.42141746817
E3-ecc,20260976,plane,pos,-2.085983667253848,1760842.111991219
E3-ecc,20260976,plane,vel,-0.06910523208504403,1760842.111991219
E3-ecc,20260976,range,pos,0.8678331163093911,2067019.684074246
E3-ecc,20260976,range,vel,-0.5063014942979219,2067019.684074246
E3-ecc,20260976,range,pos,3.2056457427490535,14800136.174560837
E3-ecc,20260976,range,vel,3.6336130538315197,14800136.174560837
E3-ecc,20260976,range,pos,-0.2627050125876287,61689.270183453234
E3-ecc,20260976,range,vel,-0.17992252666377007,61689.270183453234
E3-ecc,20260976,range,pos,-0.32241373317654515,120582.4726430253
E3-ecc,20260976,range,vel,0.10195057302050575,120582.4726430253
E3-ecc,20260976,range,pos,-0.5638851207654868,180293.27292192477
E3-ecc,20260976,range,vel,-0.27831013097338775,180293.27292192477
E3-ecc,20260976,range,pos,1.8106268545630375,73490.63596852671
E3-ecc,20260976,range,vel,-1.3077204409879988,73490.63596852671
E3-ecc,20260976,range,pos,-0.14735352399307428,3556982.3349659634
E3-ecc,20260976,range,vel,-0.1649270840483053,3556982.3349659634
E3-ecc,20260976,range,pos,0.999156587208785,163905.0779864659
E3-ecc,20260976,range,vel,-0.16806948004653352,163905.0779864659
E3-ecc,20260976,inplane,pos,0.07481588007248782,2067019.684074246
E3-ecc,20260976,inplane,vel,1.196989863247055,2067019.684074246
E3-ecc,20260976,inplane,pos,-2.7591663252164476,14800136.174560837
E3-ecc,20260976,inplane,vel,3.7205980987499854,14800136.174560837
E3-ecc,20260976,inplane,pos,-1.0696588108144758,61689.270183453234
E3-ecc,20260976,inplane,vel,-0.6753593369003718,61689.270183453234
E3-ecc,20260976,inplane,pos,-1.3133326823374303,120582.4726430253
E3-ecc,20260976,inplane,vel,-1.1647528620233656,120582.4726430253
E3-ecc,20260976,inplane,pos,-0.2570480319254762,180293.27292192477
E3-ecc,20260976,inplane,vel,-0.5409225427759707,180293.27292192477
E3-ecc,20260976,inplane,pos,0.06848639425479715,73490.63596852671
E3-ecc,20260976,inplane,vel,-0.3462759430644077,73490.63596852671
E3-ecc,20260976,inplane,pos,0.016051227150214467,3556982.3349659634
E3-ecc,20260976,inplane,vel,-0.15067256749599897,3556982.3349659634
E3-ecc,20260976,inplane,pos,1.0433824510795977,163905.0779864659
E3-ecc,20260976,inplane,vel,0.7975729252364625,163905.0779864659
E3-ecc,20260976,plane,pos,-0.007797264306009528,2067019.684074246
E3-ecc,20260976,plane,vel,-0.3133038186846835,2067019.684074246
E3-ecc,20260976,plane,pos,-0.5790395333173425,14800136.174560837
E3-ecc,20260976,plane,vel,-2.2410619558769267,14800136.174560837
E3-ecc,20260976,plane,pos,-1.1031621222568926,61689.270183453234
E3-ecc,20260976,plane,vel,-0.6707263212204188,61689.270183453234
E3-ecc,20260976,plane,pos,-1.9845196621623955,120582.4726430253
E3-ecc,20260976,plane,vel,-0.2892914562400497,120582.4726430253
E3-ecc,20260976,plane,pos,1.0262962228226449,180293.27292192477
E3-ecc,20260976,plane,vel,-0.17215211114205958,180293.27292192477
E3-ecc,20260976,plane,pos,-1.0484725944563738,73490.63596852671
E3-ecc,20260976,plane,vel,-0.7818196012304433,73490.63596852671
E3-ecc,20260976,plane,pos,-0.46811021089066024,3556982.3349659634
E3-ecc,20260976,plane,vel,-0.7446984767170358,3556982.3349659634
E3-ecc,20260976,plane,pos,1.8387685093152302,163905.0779864659
E3-ecc,20260976,plane,vel,-1.962104427276828,163905.0779864659
E3-ecc,20260976,range,pos,-1.6750394556768655,182884.92486441627
E3-ecc,20260976,range,vel,-0.9468696893250733,182884.92486441627
E3-ecc,20260976,range,pos,-1.2311277631386304,603926.9281836185
E3-ecc,20260976,range,vel,2.6033702381478174,603926.9281836185
E3-ecc,20260976,range,pos,-1.9581164340500745,8396221.655582285
E3-ecc,20260976,range,vel,-2.0394007200564546,8396221.655582285
E3-ecc,20260976,range,pos,-1.907409376811983,1094780.5559863823
E3-ecc,20260976,range,vel,1.3215495003423765,1094780.5559863823
E3-ecc,20260976,range,pos,-0.14106990976003103,183617.46331329143
E3-ecc,20260976,range,vel,0.3766202225805089,183617.46331329143
E3-ecc,20260976,range,pos,-1.2168567551047969,19173554.238603964
E3-ecc,20260976,range,vel,-1.3203655548862834,19173554.238603964
E3-ecc,20260976,range,pos,-1.5799235162989214,185720.8938461481
E3-ecc,20260976,range,vel,-1.7512471782280026,185720.8938461481
E3-ecc,20260976,range,pos,1.2841461498573108,119842.12161965096
E3-ecc,20260976,range,vel,-0.15312745831599756,119842.12161965096
E3-ecc,20260976,inplane,pos,1.3276273020621487,182884.92486441627
E3-ecc,20260976,inplane,vel,-1.7625597092217375,182884.92486441627
E3-ecc,20260976,inplane,pos,0.8663462010509508,603926.9281836185
E3-ecc,20260976,inplane,vel,-0.5714358001308388,603926.9281836185
E3-ecc,20260976,inplane,pos,1.2651795993754267,8396221.655582285
E3-ecc,20260976,inplane,vel,-1.7855960950877057,8396221.655582285
E3-ecc,20260976,inplane,pos,-0.5900510147030538,1094780.5559863823
E3-ecc,20260976,inplane,vel,-1.341096819764465,1094780.5559863823
E3-ecc,20260976,inplane,pos,1.7948584588962726,183617.46331329143
E3-ecc,20260976,inplane,vel,-0.17675484798608795,183617.46331329143
E3-ecc,20260976,inplane,pos,1.4417769470488837,19173554.238603964
E3-ecc,20260976,inplane,vel,-1.7293392639354532,19173554.238603964
E3-ecc,20260976,inplane,pos,-1.5343887945831018,185720.8938461481
E3-ecc,20260976,inplane,vel,-1.557964571149193,185720.8938461481
E3-ecc,20260976,inplane,pos,0.9843277287515524,119842.12161965096
E3-ecc,20260976,inplane,vel,1.3348321981037998,119842.12161965096
E3-ecc,20260976,plane,pos,-0.979407015054905,182884.92486441627
E3-ecc,20260976,plane,vel,1.9493173047310235,182884.92486441627
E3-ecc,20260976,plane,pos,0.9405832422990978,603926.9281836185
E3-ecc,20260976,plane,vel,1.0573455544195793,603926.9281836185
E3-ecc,20260976,plane,pos,2.0450000307335934,8396221.655582285
E3-ecc,20260976,plane,vel,0.6560587856718108,8396221.655582285
E3-ecc,20260976,plane,pos,2.3451224553592,1094780.5559863823
E3-ecc,20260976,plane,vel,-0.07374282507858475,1094780.5559863823
E3-ecc,20260976,plane,pos,1.2927483763134422,183617.46331329143
E3-ecc,20260976,plane,vel,-0.8910859872250594,183617.46331329143
E3-ecc,20260976,plane,pos,1.6532136473933994,19173554.238603964
E3-ecc,20260976,plane,vel,-0.3386186838045497,19173554.238603964
E3-ecc,20260976,plane,pos,-0.09853697989417821,185720.8938461481
E3-ecc,20260976,plane,vel,-0.9982082284113938,185720.8938461481
E3-ecc,20260976,plane,pos,0.12048778117419302,119842.12161965096
E3-ecc,20260976,plane,vel,-0.6612229563225344,119842.12161965096
E3-ecc,20260976,range,pos,-0.6702993034717142,21853374.780711
E3-ecc,20260976,range,vel,-0.6663990480125433,21853374.780711
E3-ecc,20260976,range,pos,0.03301071414933614,235759.94759234175
E3-ecc,20260976,range,vel,0.45464108875448256,235759.94759234175
E3-ecc,20260976,range,pos,0.6120509955578443,45052.12269069711
E3-ecc,20260976,range,vel,2.1655726061831544,45052.12269069711
E3-ecc,20260976,range,pos,1.878782302079305,602805.6343048662
E3-ecc,20260976,range,vel,-1.8408229005881602,602805.6343048662
E3-ecc,20260976,range,pos,-0.5785626945366856,108178.62142499673
E3-ecc,20260976,range,vel,0.4204162421281667,108178.62142499673
E3-ecc,20260976,inplane,pos,0.022305860834013508,21853374.780711
E3-ecc,20260976,inplane,vel,0.1618801729182213,21853374.780711
E3-ecc,20260976,inplane,pos,-0.005800518295551983,235759.94759234175
E3-ecc,20260976,inplane,vel,1.7996866699130545,235759.94759234175
E3-ecc,20260976,inplane,pos,0.5666875722258897,45052.12269069711
E3-ecc,20260976,inplane,vel,-0.26851241215916904,45052.12269069711
E3-ecc,20260976,inplane,pos,0.6396029133530065,602805.6343048662
E3-ecc,20260976,inplane,vel,1.6369303664177093,602805.6343048662
E3-ecc,20260976,inplane,pos,0.1527332460110047,108178.62142499673
E3-ecc,20260976,inplane,vel,-0.8792622336580281,108178.62142499673
E3-ecc,20260976,plane,pos,1.5577912248872217,21853374.780711
E3-ecc,20260976,plane,vel,-0.1967938667820362,21853374.780711
E3-ecc,20260976,plane,pos,-0.5420962113692298,235759.94759234175
E3-ecc,20260976,plane,vel,-0.2079197033426867,235759.94759234175
E3-ecc,20260976,plane,pos,0.8393465295163252,45052.12269069711
E3-ecc,20260976,plane,vel,1.5230405049716638,45052.12269069711
E3-ecc,20260976,plane,pos,-0.7165017810495217,602805.6343048662
E3-ecc,20260976,plane,vel,0.6591290760270327,602805.6343048662
E3-ecc,20260976,plane,pos,0.45791723697334674,108178.62142499673
E3-ecc,20260976,plane,vel,-0.32321408686512204,108178.62142499673
