cls,nav_seed,component,block,z,rho
E1-ecc,20260815,range,pos,-4.480074430858933,76430.71506297796
E1-ecc,20260815,range,vel,-0.7076852133517082,76430.71506297796
E1-ecc,20260815,range,pos,0.775791409992581,306883.4806746789
E1-ecc,20260815,range,vel,-0.6834379573265359,306883.4806746789
E1-ecc,20260815,range,pos,-1.628864809450041,285145.55399704684
E1-ecc,20260815,range,vel,1.3369750600687085,285145.55399704684
E1-ecc,20260815,range,pos,-1.7341179887529035,98092.56664259224
E1-ecc,20260815,range,vel,-1.3799160889782573,98092.56664259224
E1-ecc,20260815,range,pos,1.0520157364519995,244307.13079292365
E1-ecc,20260815,range,vel,1.5515121748010197,244307.13079292365
E1-ecc,20260815,range,pos,0.4831904787778822,420720.0870280664
E1-ecc,20260815,range,vel,-0.3654754688990214,420720.0870280664
E1-ecc,20260815,range,pos,0.6024269565789102,60007.7495298292
E1-ecc,20260815,range,vel,-0.17104884924821687,60007.7495298292
E1-ecc,20260815,inplane,pos,-3.789695829240789,76430.71506297796
E1-ecc,20260815,inplane,vel,-1.0703224474317798,76430.71506297796
E1-ecc,20260815,inplane,pos,-0.6309272465796044,306883.4806746789
E1-ecc,20260815,inplane,vel,0.7739261052327921,306883.4806746789
E1-ecc,20260815,inplane,pos,-1.1485407333790842,285145.55399704684
E1-ecc,20260815,inplane,vel,-1.7495230525153378,285145.55399704684
E1-ecc,20260815,inplane,pos,1.2132591284697938,98092.56664259224
E1-ecc,20260815,inplane,vel,-1.7978606873620226,98092.56664259224
E1-ecc,20260815,inplane,pos,1.5162193320928965,244307.13079292365
E1-ecc,20260815,inplane,vel,1.1422466453916984,244307.13079292365
E1-ecc,20260815,inplane,pos,0.15730942152507066,420720.0870280664
E1-ecc,20260815,inplane,vel,0.17715037013143894,420720.0870280664
E1-ecc,20260815,inplane,pos,1.5481020266881904,60007.7495298292
E1-ecc,20260815,inplane,vel,1.2822248987905376,60007.7495298292
E1-ecc,20260815,plane,pos,-0.26512662663815045,76430.71506297796
E1-ecc,20260815,plane,vel,-1.9158005595534824,76430.71506297796
E1-ecc,20260815,plane,pos,0.09412603268061812,306883.4806746789
E1-ecc,20260815,plane,vel,-0.6463727525733237,306883.4806746789
E1-ecc,20260815,plane,pos,-0.8429814521940655,285145.55399704684
E1-ecc,20260815,plane,vel,-0.26475867675703363,285145.55399704684
E1-ecc,20260815,plane,pos,-2.0252012866953284,98092.56664259224
E1-ecc,20260815,plane,vel,1.215347064010021,98092.56664259224
E1-ecc,20260815,plane,pos,2.9650188600394105,244307.13079292365
E1-ecc,20260815,plane,vel,0.7289576216940391,244307.13079292365
E1-ecc,20260815,plane,pos,-1.109253685160404,420720.0870280664
E1-ecc,20260815,plane,vel,0.4605869595480315,420720.0870280664
E1-ecc,20260815,plane,pos,2.0249442555585557,60007.7495298292
E1-ecc,20260815,plane,vel,-2.138885849395399,60007.7495298292
E1-ecc,20260815,range,pos,0.03553064757972768,7255136.9504330605
E1-ecc,20260815,range,vel,0.1425497776726965,7255136.9504330605
E1-ecc,20260815,range,pos,-0.44217744128742,5585931.087603374
E1-ecc,20260815,range,vel,-0.9400549579870536,5585931.087603374
E1-ecc,20260815,range,pos,-1.3396507172892842,1618319.7996930506
E1-ecc,20260815,range,vel,1.3027620860267637,1618319.7996930506
E1-ecc,20260815,range,pos,-0.39041938386299624,1249760.746200965
E1-ecc,20260815,range,vel,-0.5249575764995975,1249760.746200965
E1-ecc,20260815,range,pos,-0.03349540642831515,255351.77337232768
E1-ecc,20260815,range,vel,0.31434640323609825,255351.77337232768
E1-ecc,20260815,range,pos,0.6010201703103111,4231668.177056123
E1-ecc,20260815,range,vel,-1.2081311656015055,4231668.177056123
E1-ecc,20260815,range,pos,1.8727910637096137,249532.95312606322
E1-ecc,20260815,range,vel,1.405323552263541,249532.95312606322
E1-ecc,20260815,range,pos,-1.3423521523812947,994919.6537536739
E1-ecc,20260815,range,vel,-1.7927377798010753,994919.6537536739
E1-ecc,20260815,inplane,pos,0.38417557077802855,7255136.9504330605
E1-ecc,20260815,inplane,vel,-0.35005501351782536,7255136.9504330605
E1-ecc,20260815,inplane,pos,0.0771831047501545,5585931.087603374
E1-ecc,20260815,inplane,vel,-0.8667619046177472,5585931.087603374
E1-ecc,20260815,inplane,pos,0.37646582887344804,1618319.7996930506
E1-ecc,20260815,inplane,vel,-1.3016970586204177,1618319.7996930506
E1-ecc,20260815,inplane,pos,-0.14711570762007314,1249760.746200965
E1-ecc,20260815,inplane,vel,-0.6554020015098296,1249760.746200965
E1-ecc,20260815,inplane,pos,-0.4159926276658496,255351.77337232768
E1-ecc,20260815,inplane,vel,0.11972703309428485,255351.77337232768
E1-ecc,20260815,inplane,pos,-0.4990345822935824,4231668.177056123
E1-ecc,20260815,inplane,vel,0.11503600480024607,4231668.177056123
E1-ecc,20260815,inplane,pos,0.6583960542057831,249532.95312606322
E1-ecc,20260815,inplane,vel,1.9467078728302243,249532.95312606322
E1-ecc,20260815,inplane,pos,-1.7661675967278134,994919.6537536739
E1-ecc,20260815,inplane,vel,-1.1831780418944506,994919.6537536739
E1-ecc,20260815,plane,pos,2.4475204479284245,7255136.9504330605
E1-ecc,20260815,plane,vel,0.9934756165292457,7255136.9504330605
E1-ecc,20260815,plane,pos,1.0935624258608039,5585931.087603374
E1-ecc,20260815,plane,vel,-0.7798060461455226,5585931.087603374
E1-ecc,20260815,plane,pos,0.20030795363528503,1618319.7996930506
E1-ecc,20260815,plane,vel,1.1261324760397744,1618319.7996930506
E1-ecc,20260815,plane,pos,-1.3981922768808994,1249760.746200965
E1-ecc,20260815,plane,vel,1.5747502298782352,1249760.746200965
E1-ecc,20260815,plane,pos,0.39650696570748556,255351.77337232768
E1-ecc,20260815,plane,vel,0.9656873598151763,255351.77337232768
E1-ecc,20260815,plane,pos,1.2535883749089838,4231668.177056123
E1-ecc,20260815,plane,vel,-0.43403104546104715,4231668.177056123
E1-ecc,20260815,plane,pos,0.2073268290520855,249532.95312606322
E1-ecc,20260815,plane,vel,1.5214348860877212,249532.95312606322
E1-ecc,20260815,plane,pos,0.44034178215782244,994919.6537536739
E1-ecc,20260815,plane,vel,1.5765962434355967,994919.6537536739
E1-ecc,20260815,range,pos,-0.22114160343563835,161515.46956192688
E1-ecc,20260815,range,vel,-0.32815652322548705,161515.46956192688
E1-ecc,20260815,range,pos,0.6927237516354878,444491.9543668264
E1-ecc,20260815,range,vel,-0.724741846063938,444491.9543668264
E1-ecc,20260815,range,pos,0.30141062997741946,231942.0854732657
E1-ecc,20260815,range,vel,0.6781881716792887,231942.0854732657
E1-ecc,20260815,range,pos,0.9881813179270763,9426259.53474676
E1-ecc,20260815,range,vel,-0.4156424366037458,9426259.53474676
E1-ecc,20260815,range,pos,1.2049315927485946,110026.86106494692
E1-ecc,20260815,range,vel,-0.6174902809901185,110026.86106494692
E1-ecc,20260815,range,pos,1.3394598237199966,1323384.583425918
E1-ecc,20260815,range,vel,-0.5727139481146154,1323384.583425918
E1-ecc,20260815,range,pos,1.2033828609638033,8899812.285075983
E1-ecc,20260815,range,vel,-1.398864143899716,8899812.285075983
E1-ecc,20260815,inplane,pos,0.3910054437069236,161515.46956192688
E1-ecc,20260815,inplane,vel,0.1002999989399355,161515.46956192688
E1-ecc,20260815,inplane,pos,-0.519968469912107,444491.9543668264
E1-ecc,20260815,inplane,vel,0.6846020754673267,444491.9543668264
E1-ecc,20260815,inplane,pos,-0.2745193122878109,231942.0854732657
E1-ecc,20260815,inplane,vel,1.3972721045050207,231942.0854732657
E1-ecc,20260815,inplane,pos,-0.2074202064496697,9426259.53474676
E1-ecc,20260815,inplane,vel,-0.33834354586515697,9426259.53474676
E1-ecc,20260815,inplane,pos,-0.007149795889436731,110026.86106494692
E1-ecc,20260815,inplane,vel,1.3226606695334255,110026.86106494692
E1-ecc,20260815,inplane,pos,0.9637739062641658,1323384.583425918
E1-ecc,20260815,inplane,vel,1.5370598176451142,1323384.583425918
E1-ecc,20260815,inplane,pos,0.5919209978270147,8899812.285075983
E1-ecc,20260815,inplane,vel,0.8361645647569983,8899812.285075983
E1-ecc,20260815,plane,pos,-0.11828102977702912,161515.46956192688
E1-ecc,20260815,plane,vel,1.767185029124313,161515.46956192688
E1-ecc,20260815,plane,pos,-0.4670497767441826,444491.9543668264
E1-ecc,20260815,plane,vel,-0.6363841378794702,444491.9543668264
E1-ecc,20260815,plane,pos,0.2877048322788071,231942.0854732657
E1-ecc,20260815,plane,vel,0.5906452763498751,231942.0854732657
E1-ecc,20260815,plane,pos,-0.3586030649724502,9426259.53474676
E1-ecc,20260815,plane,vel,1.2945086527118517,9426259.53474676
E1-ecc,20260815,plane,pos,0.6624860998657491,110026.86106494692
E1-ecc,20260815,plane,vel,-1.6361670441880893,110026.86106494692
E1-ecc,20260815,plane,pos,3.2350290719798798,1323384.583425918
E1-ecc,20260815,plane,vel,0.8507797987201704,1323384.583425918
E1-ecc,20260815,plane,pos,1.1205443971343314,8899812.285075983
E1-ecc,20260815,plane,vel,0.9562297122181228,8899812.285075983
E1-ecc,20260815,range,pos,-217.85931982775872,1782073.7507476485
E1-ecc,20260815,range,vel,-234.20331253131664,1782073.7507476485
E1-ecc,20260815,range,pos,-0.4894429240667613,47009.5474022861
E1-ecc,20260815,range,vel,-0.30698714904697705,47009.5474022861
E1-ecc,20260815,range,pos,-1.8044758880885396,31545.291593692742
E1-ecc,20260815,range,vel,1.3840502611445071,31545.291593692742
E1-ecc,20260815,range,pos,1.6273578503385533,137449.1322781739
E1-ecc,20260815,range,vel,-1.5383856235716862,137449.1322781739
E1-ecc,20260815,range,pos,1.7463179095620467,256748.20446561975
E1-ecc,20260815,range,vel,0.1292246969496106,256748.20446561975
E1-ecc,20260815,range,pos,1.5876334690016918,1449798.4750824994
E1-ecc,20260815,range,vel,-0.7810329322756238,1449798.4750824994
E1-ecc,20260815,range,pos,-0.5914147357584731,6143139.107905487
E1-ecc,20260815,range,vel,-0.4713699949718548,6143139.107905487
E1-ecc,20260815,range,pos,-0.2962991881735743,191069.06345959837
E1-ecc,20260815,range,vel,-0.1444816034876423,191069.06345959837
E1-ecc,20260815,inplane,pos,-277.118449212006,1782073.7507476485
E1-ecc,20260815,inplane,vel,-206.08507505954714,1782073.7507476485
E1-ecc,20260815,inplane,pos,-0.0019618685563241936,47009.5474022861
E1-ecc,20260815,inplane,vel,-0.4047034310705963,47009.5474022861
E1-ecc,20260815,inplane,pos,-0.6072660998899452,31545.291593692742
E1-ecc,20260815,inplane,vel,-1.7823908290858217,31545.291593692742
E1-ecc,20260815,inplane,pos,1.8951801550748768,137449.1322781739
E1-ecc,20260815,inplane,vel,1.8102861208645442,137449.1322781739
E1-ecc,20260815,inplane,pos,-0.9222485042294696,256748.20446561975
E1-ecc,20260815,inplane,vel,1.5875375510256782,256748.20446561975
E1-ecc,20260815,inplane,pos,0.8952554573886846,1449798.4750824994
E1-ecc,20260815,inplane,vel,1.27908010845131,1449798.4750824994
E1-ecc,20260815,inplane,pos,1.0149882595899717,6143139.107905487
E1-ecc,20260815,inplane,vel,-0.7544616857231254,6143139.107905487
E1-ecc,20260815,inplane,pos,0.1175716505027765,191069.06345959837
E1-ecc,20260815,inplane,vel,-0.24858819948603147,191069.06345959837
E1-ecc,20260815,plane,pos,-138.01866401007462,1782073.7507476485
E1-ecc,20260815,plane,vel,132.3508526818666,1782073.7507476485
E1-ecc,20260815,plane,pos,-0.02808154340034831,47009.5474022861
E1-ecc,20260815,plane,vel,0.13281626337091043,47009.5474022861
E1-ecc,20260815,plane,pos,0.40165257693799655,31545.291593692742
E1-ecc,20260815,plane,vel,-1.6573539132972168,31545.291593692742
E1-ecc,20260815,plane,pos,1.997005973973097,137449.1322781739
E1-ecc,20260815,plane,vel,-1.1203353816007042,137449.1322781739
E1-ecc,20260815,plane,pos,0.17613685980881724,256748.20446561975
E1-ecc,20260815,plane,vel,0.7583733542599501,256748.20446561975
E1-ecc,20260815,plane,pos,-0.4429909602624304,1449798.4750824994
E1-ecc,20260815,plane,vel,1.2554816027604352,1449798.4750824994
E1-ecc,20260815,plane,pos,0.0951093234274671,6143139.107905487
E1-ecc,20260815,plane,vel,2.2882122457662812,6143139.107905487
E1-ecc,20260815,plane,pos,0.8096428672048381,191069.06345959837
E1-ecc,20260815,plane,vel,-0.7373216818930556,191069.06345959837
E1-ecc,20260815,range,pos,-0.9581465825504616,432052.0136810403
E1-ecc,20260815,range,vel,-0.884365834052241,432052.0136810403
E1-ecc,20260815,range,pos,-1.9510867912011085,1342818.9376145361
E1-ecc,20260815,range,vel,-0.0001631014253780522,1342818.9376145361
E1-ecc,20260815,range,pos,0.23803623996964646,1391042.6974061588
E1-ecc,20260815,range,vel,0.5403206361261502,1391042.6974061588
E1-ecc,20260815,range,pos,1.1605596931863362,5220911.061251695
E1-ecc,20260815,range,vel,0.5813328453197919,5220911.061251695
E1-ecc,20260815,range,pos,-0.09641817250361825,6393684.330815123
E1-ecc,20260815,range,vel,0.8160880375915356,6393684.330815123
E1-ecc,20260815,range,pos,0.3200835579390362,397548.7519957091
E1-ecc,20260815,range,vel,-0.5663871776559063,397548.7519957091
E1-ecc,20260815,range,pos,-2.101302282751093,2212964.633742273
E1-ecc,20260815,range,vel,-2.30312634800857,2212964.633742273
E1-ecc,20260815,inplane,pos,-0.4152413302648485,432052.0136810403
E1-ecc,20260815,inplane,vel,-0.7914316324411684,432052.0136810403
E1-ecc,20260815,inplane,pos,1.0330353641096641,1342818.9376145361
E1-ecc,20260815,inplane,vel,-1.9604599278482677,1342818.9376145361
E1-ecc,20260815,inplane,pos,1.4202390482492169,1391042.6974061588
E1-ecc,20260815,inplane,vel,0.24861392066533988,1391042.6974061588
E1-ecc,20260815,inplane,pos,-1.8168611559521577,5220911.061251695
E1-ecc,20260815,inplane,vel,1.9861749724935103,5220911.061251695
E1-ecc,20260815,inplane,pos,-0.197954871834015,6393684.330815123
E1-ecc,20260815,inplane,vel,-0.1257067280004158,6393684.330815123
E1-ecc,20260815,inplane,pos,-0.3223888115253006,397548.7519957091
E1-ecc,20260815,inplane,vel,0.08205720547761099,397548.7519957091
E1-ecc,20260815,inplane,pos,0.6157201474767955,2212964.633742273
E1-ecc,20260815,inplane,vel,-2.113257607801966,2212964.633742273
E1-ecc,20260815,plane,pos,1.1365946123148654,432052.0136810403
E1-ecc,20260815,plane,vel,1.2636474846071621,432052.0136810403
E1-ecc,20260815,plane,pos,0.235799147295827,1342818.9376145361
E1-ecc,20260815,plane,vel,1.1330595890237574,1342818.9376145361
E1-ecc,20260815,plane,pos,-0.09969101503166357,1391042.6974061588
E1-ecc,20260815,plane,vel,-0.12063050727827994,1391042.6974061588
E1-ecc,20260815,plane,pos,0.11530394839186132,5220911.061251695
E1-ecc,20260815,plane,vel,0.27909688006240413,5220911.061251695
E1-ecc,20260815,plane,pos,1.1507755317958728,6393684.330815123
E1-ecc,20260815,plane,vel,-0.5864713039840981,6393684.330815123
E1-ecc,20260815,plane,pos,1.5435224766714164,397548.7519957091
E1-ecc,20260815,plane,vel,-0.658567464938115,397548.7519957091
E1-ecc,20260815,plane,pos,2.37378344161125,2212964.633742273
E1-ecc,20260815,plane,vel,1.4852657553837667,2212964.633742273
E1-ecc,20260815,range,pos,-1.8398933055399338,107142.9523182297
E1-ecc,20260815,range,vel,0.4786257866491068,107142.9523182297
E1-ecc,20260815,range,pos,0.6459003522641422,198143.48720545153
E1-ecc,20260815,range,vel,1.247357460940852,198143.48720545153
E1-ecc,20260815,range,pos,1.549195276116076,9906794.91978068
E1-ecc,20260815,range,vel,1.7561136271081783,9906794.91978068
E1-ecc,20260815,range,pos,0.13081947444464426,14528083.849522488
E1-ecc,20260815,range,vel,0.21011790429416527,14528083.849522488
E1-ecc,20260815,range,pos,-0.8584751971825155,413001.4307310865
E1-ecc,20260815,range,vel,-0.42441873093437354,413001.4307310865
E1-ecc,20260815,range,pos,-0.9212295383682997,14182827.483351197
E1-ecc,20260815,range,vel,-0.881878360082545,14182827.483351197
E1-ecc,20260815,range,pos,0.2872715743508407,286274.5958067952
E1-ecc,20260815,range,vel,-1.1735119677914967,286274.5958067952
E1-ecc,20260815,range,pos,-0.32709148748686534,1210101.8697767642
E1-ecc,20260815,range,vel,-0.29965944982177617,1210101.8697767642
E1-ecc,20260815,inplane,pos,-1.777743341699781,107142.9523182297
E1-ecc,20260815,inplane,vel,-2.191543793881577,107142.9523182297
E1-ecc,20260815,inplane,pos,1.398454786948731,198143.48720545153
E1-ecc,20260815,inplane,vel,0.5678810000655224,198143.48720545153
E1-ecc,20260815,inplane,pos,-0.7429818264061204,9906794.91978068
E1-ecc,20260815,inplane,vel,0.9358669066896796,9906794.91978068
E1-ecc,20260815,inplane,pos,-1.0367236806934341,14528083.849522488
E1-ecc,20260815,inplane,vel,-0.20418287313673858,14528083.849522488
E1-ecc,20260815,inplane,pos,-2.0886794417961356,413001.4307310865
E1-ecc,20260815,inplane,vel,-1.5819633737880425,413001.4307310865
E1-ecc,20260815,inplane,pos,1.3671372384701361,14182827.483351197
E1-ecc,20260815,inplane,vel,1.2869738188117772,14182827.483351197
E1-ecc,20260815,inplane,pos,-0.7338715449264054,286274.5958067952
E1-ecc,20260815,inplane,vel,0.08549946130829066,286274.5958067952
E1-ecc,20260815,inplane,pos,-0.7864302466147939,1210101.8697767642
E1-ecc,20260815,inplane,vel,-0.3050605063036519,1210101.8697767642
E1-ecc,20260815,plane,pos,0.4260810564066003,107142.9523182297
E1-ecc,20260815,plane,vel,-0.6227022577105649,107142.9523182297
E1-ecc,20260815,plane,pos,-0.1221120430252061,198143.48720545153
E1-ecc,20260815,plane,vel,1.1510203933505525,198143.48720545153
E1-ecc,20260815,plane,pos,-1.0067219159476795,9906794.91978068
E1-ecc,20260815,plane,vel,-1.5338894935400118,9906794.91978068
E1-ecc,20260815,plane,pos,0.4231658202592565,14528083.849522488
E1-ecc,20260815,plane,vel,-0.8854301222144052,14528083.849522488
E1-ecc,20260815,plane,pos,-2.1179005495444856,413001.4307310865
E1-ecc,20260815,plane,vel,0.3617065159194195,413001.4307310865
E1-ecc,20260815,plane,pos,-0.9320555405260822,14182827.483351197
E1-ecc,20260815,plane,vel,0.15647977886031847,14182827.483351197
E1-ecc,20260815,plane,pos,-0.4060771559441053,286274.5958067952
E1-ecc,20260815,plane,vel,1.0854763539327628,286274.5958067952
E1-ecc,20260815,plane,pos,-0.16182839528196846,1210101.8697767642
E1-ecc,20260815,plane,vel,-0.02153939930548116,1210101.8697767642
E1-ecc,20260822,range,pos,0.7944958183622783,184999.2200243536
E1-ecc,20260822,range,vel,0.8733826053568284,184999.2200243536
E1-ecc,20260822,range,pos,-1.1237456079868005,61705.3889276593
E1-ecc,20260822,range,vel,0.5587497358742336,61705.3889276593
E1-ecc,20260822,range,pos,-2.1678784513502594,93658.11499116727
E1-ecc,20260822,range,vel,3.300721302602648,93658.11499116727
E1-ecc,20260822,range,pos,2.0059304683656234,123808.02956600895
E1-ecc,20260822,range,vel,1.9255784329322467,123808.02956600895
E1-ecc,20260822,range,pos,-0.26565613820616435,45720.08459900298
E1-ecc,20260822,range,vel,-0.13384876200814164,45720.08459900298
E1-ecc,20260822,range,pos,0.04878987196548405,848109.6973416469
E1-ecc,20260822,range,vel,-0.32724067076644275,848109.6973416469
E1-ecc,20260822,range,pos,-2.1426537914422874,95739.08868359195
E1-ecc,20260822,range,vel,1.105075259462677,95739.08868359195
E1-ecc,20260822,range,pos,-0.3277605727617683,146285.26711834705
E1-ecc,20260822,range,vel,0.5754337728938482,146285.26711834705
E1-ecc,20260822,inplane,pos,0.8153802604715378,184999.2200243536
E1-ecc,20260822,inplane,vel,0.23599032546540236,184999.2200243536
E1-ecc,20260822,inplane,pos,0.1688489839942162,61705.3889276593
E1-ecc,20260822,inplane,vel,0.7616350610396773,61705.3889276593
E1-ecc,20260822,inplane,pos,-0.5226573192238947,93658.11499116727
E1-ecc,20260822,inplane,vel,-1.3575533749514954,93658.11499116727
E1-ecc,20260822,inplane,pos,0.3872876310987889,123808.02956600895
E1-ecc,20260822,inplane,vel,-1.950712092643783,123808.02956600895
E1-ecc,20260822,inplane,pos,-0.13066024991493838,45720.08459900298
E1-ecc,20260822,inplane,vel,0.8930591808572539,45720.08459900298
E1-ecc,20260822,inplane,pos,-0.37383080523055845,848109.6973416469
E1-ecc,20260822,inplane,vel,-0.22863472010748762,848109.6973416469
E1-ecc,20260822,inplane,pos,-0.07826925427600029,95739.08868359195
E1-ecc,20260822,inplane,vel,1.9644250119000075,95739.08868359195
E1-ecc,20260822,inplane,pos,0.0790083442488273,146285.26711834705
E1-ecc,20260822,inplane,vel,-0.09503986025283027,146285.26711834705
E1-ecc,20260822,plane,pos,1.8150607588436025,184999.2200243536
E1-ecc,20260822,plane,vel,1.4699799030734857,184999.2200243536
E1-ecc,20260822,plane,pos,-0.6735128101932337,61705.3889276593
E1-ecc,20260822,plane,vel,0.5514469604814672,61705.3889276593
E1-ecc,20260822,plane,pos,0.06933912687844179,93658.11499116727
E1-ecc,20260822,plane,vel,1.4342792883367246,93658.11499116727
E1-ecc,20260822,plane,pos,-0.2725439633780865,123808.02956600895
E1-ecc,20260822,plane,vel,0.709376031352739,123808.02956600895
E1-ecc,20260822,plane,pos,-0.45166849388274893,45720.08459900298
E1-ecc,20260822,plane,vel,-0.08942584546942159,45720.08459900298
E1-ecc,20260822,plane,pos,0.35949040009253536,848109.6973416469
E1-ecc,20260822,plane,vel,-0.8935363360706856,848109.6973416469
E1-ecc,20260822,plane,pos,-0.9470677280039913,95739.08868359195
E1-ecc,20260822,plane,vel,-1.567636039735281,95739.08868359195
E1-ecc,20260822,plane,pos,-0.7144676498164542,146285.26711834705
E1-ecc,20260822,plane,vel,0.05584036522243896,146285.26711834705
E1-ecc,20260822,range,pos,0.18319403228263223,159507.27397072504
E1-ecc,20260822,range,vel,1.717785974203239,159507.27397072504
E1-ecc,20260822,range,pos,-0.4095722107558628,1609688.876934235
E1-ecc,20260822,range,vel,0.3786212163563631,1609688.876934235
E1-ecc,20260822,range,pos,2.044166543614149,287127.0259464568
E1-ecc,20260822,range,vel,-1.4338747307995383,287127.0259464568
E1-ecc,20260822,range,pos,-0.0509717892008925,9818943.926413778
E1-ecc,20260822,range,vel,-0.1119801898085057,9818943.926413778
E1-ecc,20260822,range,pos,0.8187041790644157,406723.3962766759
E1-ecc,20260822,range,vel,-0.8361787480425006,406723.3962766759
E1-ecc,20260822,range,pos,3.4482450122636346,14639594.48776137
E1-ecc,20260822,range,vel,0.3775383349731784,14639594.48776137
E1-ecc,20260822,range,pos,0.4139843296334866,5004177.574702117
E1-ecc,20260822,range,vel,0.39151573823005864,5004177.574702117
E1-ecc,20260822,inplane,pos,1.3611614834997625,159507.27397072504
E1-ecc,20260822,inplane,vel,-0.1426284251387115,159507.27397072504
E1-ecc,20260822,inplane,pos,0.26300347223826276,1609688.876934235
E1-ecc,20260822,inplane,vel,0.269905658075918,1609688.876934235
E1-ecc,20260822,inplane,pos,1.5574253383736425,287127.0259464568
E1-ecc,20260822,inplane,vel,1.8271153249600376,287127.0259464568
E1-ecc,20260822,inplane,pos,-1.4298093753876486,9818943.926413778
E1-ecc,20260822,inplane,vel,-0.24576711690243233,9818943.926413778
E1-ecc,20260822,inplane,pos,-0.4524208155031884,406723.3962766759
E1-ecc,20260822,inplane,vel,0.23085880802788225,406723.3962766759
E1-ecc,20260822,inplane,pos,-0.5160638976383964,14639594.48776137
E1-ecc,20260822,inplane,vel,-3.5245248573853383,14639594.48776137
E1-ecc,20260822,inplane,pos,-0.7180429501392858,5004177.574702117
E1-ecc,20260822,inplane,vel,0.3970908663711872,5004177.574702117
E1-ecc,20260822,plane,pos,1.8793201167122668,159507.27397072504
E1-ecc,20260822,plane,vel,0.25809592744215387,159507.27397072504
E1-ecc,20260822,plane,pos,0.4924294147374361,1609688.876934235
E1-ecc,20260822,plane,vel,0.3827505689200355,1609688.876934235
E1-ecc,20260822,plane,pos,-1.2211662379289596,287127.0259464568
E1-ecc,20260822,plane,vel,0.09583551559823478,287127.0259464568
E1-ecc,20260822,plane,pos,1.0751712995890772,9818943.926413778
E1-ecc,20260822,plane,vel,2.177128596024573,9818943.926413778
E1-ecc,20260822,plane,pos,-0.4677550723914214,406723.3962766759
E1-ecc,20260822,plane,vel,-1.0435612167145643,406723.3962766759
E1-ecc,20260822,plane,pos,0.26938333102767736,14639594.48776137
E1-ecc,20260822,plane,vel,0.9879720446923611,14639594.48776137
E1-ecc,20260822,plane,pos,0.46179293679561517,5004177.574702117
E1-ecc,20260822,plane,vel,-0.12753726027563886,5004177.574702117
E1-ecc,20260822,range,pos,0.5513241978843696,95875.63181366134
E1-ecc,20260822,range,vel,-1.2357755375565203,95875.63181366134
E1-ecc,20260822,range,pos,-0.5852069462433667,452851.8410234657
E1-ecc,20260822,range,vel,0.711714416785854,452851.8410234657
E1-ecc,20260822,range,pos,17.445140364925027,545604.7811508793
E1-ecc,20260822,range,vel,-11.400685104499034,545604.7811508793
E1-ecc,20260822,range,pos,0.7361516846176502,278174.7079914614
E1-ecc,20260822,range,vel,0.23913251761294063,278174.7079914614
E1-ecc,20260822,range,pos,-0.26519930903943256,14558083.18829638
E1-ecc,20260822,range,vel,-0.29518171299626755,14558083.18829638
E1-ecc,20260822,range,pos,0.7818909108842158,116112.13857107621
E1-ecc,20260822,range,vel,-1.1960948991645202,116112.13857107621
E1-ecc,20260822,range,pos,-0.6833282009768924,42187.61982267617
E1-ecc,20260822,range,vel,-0.5925823107003056,42187.61982267617
E1-ecc,20260822,range,pos,0.19506070730373684,52885.61252366013
E1-ecc,20260822,range,vel,-0.562960018365707,52885.61252366013
E1-ecc,20260822,inplane,pos,-1.764654248500866,95875.63181366134
E1-ecc,20260822,inplane,vel,-0.2558434390945439,95875.63181366134
E1-ecc,20260822,inplane,pos,0.2688542923985516,452851.8410234657
E1-ecc,20260822,inplane,vel,-0.5642932655387987,452851.8410234657
E1-ecc,20260822,inplane,pos,-2.910961988326386,545604.7811508793
E1-ecc,20260822,inplane,vel,26.278202894071498,545604.7811508793
E1-ecc,20260822,inplane,pos,1.8357735891162632,278174.7079914614
E1-ecc,20260822,inplane,vel,1.4003674726393947,278174.7079914614
E1-ecc,20260822,inplane,pos,-0.7147873407776929,14558083.18829638
E1-ecc,20260822,inplane,vel,-0.05024490300942131,14558083.18829638
E1-ecc,20260822,inplane,pos,-0.8667324617742274,116112.13857107621
E1-ecc,20260822,inplane,vel,0.6603235669944177,116112.13857107621
E1-ecc,20260822,inplane,pos,0.9731426084381931,42187.61982267617
E1-ecc,20260822,inplane,vel,-0.6175956481772924,42187.61982267617
E1-ecc,20260822,inplane,pos,-0.5147229769737347,52885.61252366013
E1-ecc,20260822,inplane,vel,-0.17998926985354863,52885.61252366013
E1-ecc,20260822,plane,pos,0.08762175281724677,95875.63181366134
E1-ecc,20260822,plane,vel,0.8728101420361069,95875.63181366134
E1-ecc,20260822,plane,pos,1.1759760436072446,452851.8410234657
E1-ecc,20260822,plane,vel,1.3604118435863113,452851.8410234657
E1-ecc,20260822,plane,pos,3.1700277174991918,545604.7811508793
E1-ecc,20260822,plane,vel,4.158793671008182,545604.7811508793
E1-ecc,20260822,plane,pos,1.1174721436552004,278174.7079914614
E1-ecc,20260822,plane,vel,-0.20409928806351998,278174.7079914614
E1-ecc,20260822,plane,pos,-0.9393871046957138,14558083.18829638
E1-ecc,20260822,plane,vel,0.020464014471762812,14558083.18829638
E1-ecc,20260822,plane,pos,0.4526765465415068,116112.13857107621
E1-ecc,20260822,plane,vel,1.8895620414778085,116112.13857107621
E1-ecc,20260822,plane,pos,0.5472008851222482,42187.61982267617
E1-ecc,20260822,plane,vel,-0.11871831018951716,42187.61982267617
E1-ecc,20260822,plane,pos,1.70452405145026,52885.61252366013
E1-ecc,20260822,plane,vel,-0.561792540071707,52885.61252366013
E1-ecc,20260822,range,pos,-0.33545057601228323,783710.3555440516
E1-ecc,20260822,range,vel,0.7649815778992629,783710.3555440516
E1-ecc,20260822,range,pos,-0.26293560417304573,51218.701518576774
E1-ecc,20260822,range,vel,-1.9255997001278633,51218.701518576774
E1-ecc,20260822,range,pos,0.5018959679796734,4315178.28443948
E1-ecc,20260822,range,vel,0.6847425667157978,4315178.28443948
E1-ecc,20260822,range,pos,1.2825509695553567,7055560.895345638
E1-ecc,20260822,range,vel,1.253535840234164,7055560.895345638
E1-ecc,20260822,range,pos,-0.2811426335200095,121104.44960284728
E1-ecc,20260822,range,vel,-0.09939058736078138,121104.44960284728
E1-ecc,20260822,range,pos,-1.8116546067037422,599567.9551860562
E1-ecc,20260822,range,vel,-1.3744335957315692,599567.9551860562
E1-ecc,20260822,range,pos,1.2415038615441643,669612.4730511288
E1-ecc,20260822,range,vel,1.0721400722914067,669612.4730511288
E1-ecc,20260822,range,pos,1.387758003223995,169169.19215456507
E1-ecc,20260822,range,vel,1.3575650881279664,169169.19215456507
E1-ecc,20260822,inplane,pos,0.7842506602989805,783710.3555440516
E1-ecc,20260822,inplane,vel,0.2513199398680434,783710.3555440516
E1-ecc,20260822,inplane,pos,-1.8715527976368087,51218.701518576774
E1-ecc,20260822,inplane,vel,0.03351044848379551,51218.701518576774
E1-ecc,20260822,inplane,pos,0.4559610061219536,4315178.28443948
E1-ecc,20260822,inplane,vel,0.5968546424410168,4315178.28443948
E1-ecc,20260822,inplane,pos,-0.9415600113075651,7055560.895345638
E1-ecc,20260822,inplane,vel,1.1704530637876767,7055560.895345638
E1-ecc,20260822,inplane,pos,-2.105594511430866,121104.44960284728
E1-ecc,20260822,inplane,vel,-1.091508361734919,121104.44960284728
E1-ecc,20260822,inplane,pos,-0.8474011377077816,599567.9551860562
E1-ecc,20260822,inplane,vel,-1.8415323117767435,599567.9551860562
E1-ecc,20260822,inplane,pos,0.50150751344407,669612.4730511288
E1-ecc,20260822,inplane,vel,1.225381291495601,669612.4730511288
E1-ecc,20260822,inplane,pos,0.6763151094999734,169169.19215456507
E1-ecc,20260822,inplane,vel,-0.6392798769440963,169169.19215456507
E1-ecc,20260822,plane,pos,0.6283050272157955,783710.3555440516
E1-ecc,20260822,plane,vel,0.10894533042734524,783710.3555440516
E1-ecc,20260822,plane,pos,0.7757087357551504,51218.701518576774
E1-ecc,20260822,plane,vel,-0.3214282577703317,51218.701518576774
E1-ecc,20260822,plane,pos,0.7723704370072352,4315178.28443948
E1-ecc,20260822,plane,vel,-0.15087785804921286,4315178.28443948
E1-ecc,20260822,plane,pos,-0.21646585978579339,7055560.895345638
E1-ecc,20260822,plane,vel,-1.3008107920520986,7055560.895345638
E1-ecc,20260822,plane,pos,1.2138218967589076,121104.44960284728
E1-ecc,20260822,plane,vel,-0.9643005566867295,121104.44960284728
E1-ecc,20260822,plane,pos,0.11099508998602435,599567.9551860562
E1-ecc,20260822,plane,vel,0.6277488445458158,599567.9551860562
E1-ecc,20260822,plane,pos,-0.8656230784336847,669612.4730511288
E1-ecc,20260822,plane,vel,-0.9600270279850558,669612.4730511288
E1-ecc,20260822,plane,pos,0.08142631056528686,169169.19215456507
E1-ecc,20260822,plane,vel,2.163765200056898,169169.19215456507
E1-ecc,20260822,range,pos,0.9953901009792516,36022.949330241696
E1-ecc,20260822,range,vel,-0.751784049591117,36022.949330241696
E1-ecc,20260822,range,pos,2.1908004348855923,768289.0637654675
E1-ecc,20260822,range,vel,2.254126805187164,768289.0637654675
E1-ecc,20260822,range,pos,-0.5433753970028725,51870.57414412907
E1-ecc,20260822,range,vel,-0.7923141090749307,51870.57414412907
E1-ecc,20260822,range,pos,-0.4323603128953809,567412.0947783375
E1-ecc,20260822,range,vel,-0.1792210729276632,567412.0947783375
E1-ecc,20260822,range,pos,0.42818524935023317,615403.9071079493
E1-ecc,20260822,range,vel,0.24529960823774716,615403.9071079493
E1-ecc,20260822,range,pos,0.0857413254810659,1180425.5092971302
E1-ecc,20260822,range,vel,-0.09068733503366685,1180425.5092971302
E1-ecc,20260822,range,pos,0.30817786587345397,14359360.77770162
E1-ecc,20260822,range,vel,0.22609735045910498,14359360.77770162
E1-ecc,20260822,inplane,pos,1.0052941085166656,36022.949330241696
E1-ecc,20260822,inplane,vel,0.7135627248070902,36022.949330241696
E1-ecc,20260822,inplane,pos,0.9852907981301303,768289.0637654675
E1-ecc,20260822,inplane,vel,1.950053102584095,768289.0637654675
E1-ecc,20260822,inplane,pos,-0.8473185889857957,51870.57414412907
E1-ecc,20260822,inplane,vel,-0.8866583351824179,51870.57414412907
E1-ecc,20260822,inplane,pos,-0.7794943277397357,567412.0947783375
E1-ecc,20260822,inplane,vel,-0.4277701736580242,567412.0947783375
E1-ecc,20260822,inplane,pos,0.19091177923839617,615403.9071079493
E1-ecc,20260822,inplane,vel,0.17856140723235914,615403.9071079493
E1-ecc,20260822,inplane,pos,0.724674477109676,1180425.5092971302
E1-ecc,20260822,inplane,vel,0.10935636421276947,1180425.5092971302
E1-ecc,20260822,inplane,pos,0.10821629160062533,14359360.77770162
E1-ecc,20260822,inplane,vel,-0.4419747261252091,14359360.77770162
E1-ecc,20260822,plane,pos,1.22760271969897,36022.949330241696
E1-ecc,20260822,plane,vel,-0.9936318023485016,36022.949330241696
E1-ecc,20260822,plane,pos,-0.34862433368157053,768289.0637654675
E1-ecc,20260822,plane,vel,0.9804760587594419,768289.0637654675
E1-ecc,20260822,plane,pos,0.563512349807977,51870.57414412907
E1-ecc,20260822,plane,vel,0.8254329012460073,51870.57414412907
E1-ecc,20260822,plane,pos,0.20349763818913616,567412.0947783375
E1-ecc,20260822,plane,vel,-0.7877782630923067,567412.0947783375
E1-ecc,20260822,plane,pos,0.5810705153665199,615403.9071079493
E1-ecc,20260822,plane,vel,0.34812273917506187,615403.9071079493
E1-ecc,20260822,plane,pos,-1.197044896243424,1180425.5092971302
E1-ecc,20260822,plane,vel,-0.326376629969201,1180425.5092971302
E1-ecc,20260822,plane,pos,-0.37294155139299123,14359360.77770162
E1-ecc,20260822,plane,vel,-0.4714982291859004,14359360.77770162
E1-ecc,20260822,range,pos,0.415429640797061,118815.01416808416
E1-ecc,20260822,range,vel,0.5031524978449537,118815.01416808416
E1-ecc,20260822,range,pos,0.6732319627186824,59846.90246050687
E1-ecc,20260822,range,vel,1.2314878115492809,59846.90246050687
E1-ecc,20260822,range,pos,-0.9194626740209675,210113.56940189435
E1-ecc,20260822,range,vel,-0.880549813698188,210113.56940189435
E1-ecc,20260822,range,pos,1.026845819270855,14079014.667928036
E1-ecc,20260822,range,vel,0.8331523726452876,14079014.667928036
E1-ecc,20260822,range,pos,-1.9789404148967005,97375.91351695026
E1-ecc,20260822,range,vel,-2.4281025081482825,97375.91351695026
E1-ecc,20260822,range,pos,0.555062278191811,460436.8257821382
E1-ecc,20260822,range,vel,-0.5689733769971068,460436.8257821382
E1-ecc,20260822,range,pos,0.9172123249033451,367508.07711611077
E1-ecc,20260822,range,vel,-0.17715459135526587,367508.07711611077
E1-ecc,20260822,inplane,pos,-0.02999901749523436,118815.01416808416
E1-ecc,20260822,inplane,vel,-0.2909458150437906,118815.01416808416
E1-ecc,20260822,inplane,pos,-1.607334532533332,59846.90246050687
E1-ecc,20260822,inplane,vel,-1.0960904353055085,59846.90246050687
E1-ecc,20260822,inplane,pos,-0.3291044923521946,210113.56940189435
E1-ecc,20260822,inplane,vel,-0.9952474029429855,210113.56940189435
E1-ecc,20260822,inplane,pos,-1.5331182113649091,14079014.667928036
E1-ecc,20260822,inplane,vel,1.055762207365424,14079014.667928036
E1-ecc,20260822,inplane,pos,2.3432257163389827,97375.91351695026
E1-ecc,20260822,inplane,vel,0.9554449626281128,97375.91351695026
E1-ecc,20260822,inplane,pos,0.259462408471939,460436.8257821382
E1-ecc,20260822,inplane,vel,0.3826170213434211,460436.8257821382
E1-ecc,20260822,inplane,pos,1.060349382674211,367508.07711611077
E1-ecc,20260822,inplane,vel,1.0480828769870558,367508.07711611077
E1-ecc,20260822,plane,pos,0.192800484901701,118815.01416808416
E1-ecc,20260822,plane,vel,-0.611019625564085,118815.01416808416
E1-ecc,20260822,plane,pos,0.8282801023422692,59846.90246050687
E1-ecc,20260822,plane,vel,1.4520778603913136,59846.90246050687
E1-ecc,20260822,plane,pos,1.1839438354718808,210113.56940189435
E1-ecc,20260822,plane,vel,0.6745195562480589,210113.56940189435
E1-ecc,20260822,plane,pos,0.9078145883200159,14079014.667928036
E1-ecc,20260822,plane,vel,-0.5229320227815765,14079014.667928036
E1-ecc,20260822,plane,pos,-1.8047441866012084,97375.91351695026
E1-ecc,20260822,plane,vel,-0.7602423824102291,97375.91351695026
E1-ecc,20260822,plane,pos,0.219263265062811,460436.8257821382
E1-ecc,20260822,plane,vel,1.0596965479308598,460436.8257821382
E1-ecc,20260822,plane,pos,-2.245417501800091,367508.07711611077
E1-ecc,20260822,plane,vel,-2.3824614749013815,367508.07711611077
E1-ecc,20260829,range,pos,0.42693348319965224,68451.0968711863
E1-ecc,20260829,range,vel,0.4978181925687961,68451.0968711863
E1-ecc,20260829,range,pos,-0.22282151231387468,117621.53906888342
E1-ecc,20260829,range,vel,1.1746996125280398,117621.53906888342
E1-ecc,20260829,range,pos,-0.7480961512290575,580934.0257407962
E1-ecc,20260829,range,vel,0.9279116297249483,580934.0257407962
E1-ecc,20260829,range,pos,-0.5019532599273727,1076603.5280146657
E1-ecc,20260829,range,vel,0.7462725868281976,1076603.5280146657
E1-ecc,20260829,range,pos,-1.435193844374654,818041.2426634192
E1-ecc,20260829,range,vel,-1.2383199786354733,818041.2426634192
E1-ecc,20260829,range,pos,0.05780333712582005,152776.47719176384
E1-ecc,20260829,range,vel,-0.21621787632676373,152776.47719176384
E1-ecc,20260829,range,pos,-1.2031364145964414,97242.08617856861
E1-ecc,20260829,range,vel,0.6825742444073677,97242.08617856861
E1-ecc,20260829,range,pos,0.3233968936784837,177528.19869717542
E1-ecc,20260829,range,vel,0.018243368139354416,177528.19869717542
E1-ecc,20260829,inplane,pos,0.21614181503947297,68451.0968711863
E1-ecc,20260829,inplane,vel,0.7101314034889452,68451.0968711863
E1-ecc,20260829,inplane,pos,1.220715150349931,117621.53906888342
E1-ecc,20260829,inplane,vel,-0.21829446848899636,117621.53906888342
E1-ecc,20260829,inplane,pos,1.0585197341513295,580934.0257407962
E1-ecc,20260829,inplane,vel,-0.7162250726987422,580934.0257407962
E1-ecc,20260829,inplane,pos,0.921981822128728,1076603.5280146657
E1-ecc,20260829,inplane,vel,-0.4215126563459794,1076603.5280146657
E1-ecc,20260829,inplane,pos,-1.6550045998157386,818041.2426634192
E1-ecc,20260829,inplane,vel,-1.5552109898330915,818041.2426634192
E1-ecc,20260829,inplane,pos,-0.40959592288626273,152776.47719176384
E1-ecc,20260829,inplane,vel,-0.16745075074436247,152776.47719176384
E1-ecc,20260829,inplane,pos,-0.48586893646482887,97242.08617856861
E1-ecc,20260829,inplane,vel,-1.219755256495082,97242.08617856861
E1-ecc,20260829,inplane,pos,0.2634972261211107,177528.19869717542
E1-ecc,20260829,inplane,vel,0.12691152051767274,177528.19869717542
E1-ecc,20260829,plane,pos,-0.9694116880023503,68451.0968711863
E1-ecc,20260829,plane,vel,-0.5808863514430412,68451.0968711863
E1-ecc,20260829,plane,pos,-1.7310629030893505,117621.53906888342
E1-ecc,20260829,plane,vel,-1.4815620391491922,117621.53906888342
E1-ecc,20260829,plane,pos,-1.601946498463404,580934.0257407962
E1-ecc,20260829,plane,vel,0.6032523255793796,580934.0257407962
E1-ecc,20260829,plane,pos,-0.3485193321512483,1076603.5280146657
E1-ecc,20260829,plane,vel,0.44713447153407804,1076603.5280146657
E1-ecc,20260829,plane,pos,0.6239056052587102,818041.2426634192
E1-ecc,20260829,plane,vel,-1.2211934271784308,818041.2426634192
E1-ecc,20260829,plane,pos,-0.9707726240656235,152776.47719176384
E1-ecc,20260829,plane,vel,0.7252106596534058,152776.47719176384
E1-ecc,20260829,plane,pos,1.0263029235783065,97242.08617856861
E1-ecc,20260829,plane,vel,-0.9952030026964573,97242.08617856861
E1-ecc,20260829,plane,pos,0.4285773630437253,177528.19869717542
E1-ecc,20260829,plane,vel,0.3078056559369929,177528.19869717542
E1-ecc,20260829,range,pos,0.40468146018810486,235782.38875440173
E1-ecc,20260829,range,vel,-0.5235454862286432,235782.38875440173
E1-ecc,20260829,range,pos,0.2563316156376097,468844.7582007726
E1-ecc,20260829,range,vel,-0.500163370012129,468844.7582007726
E1-ecc,20260829,range,pos,1.1133421495361717,1101255.2143431364
E1-ecc,20260829,range,vel,-1.0749518624021597,1101255.2143431364
E1-ecc,20260829,range,pos,-0.0818153222793736,5990797.70635733
E1-ecc,20260829,range,vel,-0.05099825252300063,5990797.70635733
E1-ecc,20260829,range,pos,-1.3808596032798,55171.43299871746
E1-ecc,20260829,range,vel,1.7693879170975815,55171.43299871746
E1-ecc,20260829,range,pos,0.9866614807088168,120228.50750297082
E1-ecc,20260829,range,vel,0.927480151041388,120228.50750297082
E1-ecc,20260829,range,pos,1.157405099307191,3205676.4070062777
E1-ecc,20260829,range,vel,0.879355028025498,3205676.4070062777
E1-ecc,20260829,range,pos,-1.441496644293737,10760891.41535647
E1-ecc,20260829,range,vel,-1.528970148110648,10760891.41535647
E1-ecc,20260829,inplane,pos,-0.16168878001722256,235782.38875440173
E1-ecc,20260829,inplane,vel,0.35893516724160124,235782.38875440173
E1-ecc,20260829,inplane,pos,-0.2033876875525309,468844.7582007726
E1-ecc,20260829,inplane,vel,0.08011263980485449,468844.7582007726
E1-ecc,20260829,inplane,pos,0.20144866073291423,1101255.2143431364
E1-ecc,20260829,inplane,vel,0.7292790812596365,1101255.2143431364
E1-ecc,20260829,inplane,pos,0.0027940923452823615,5990797.70635733
E1-ecc,20260829,inplane,vel,-0.13598059567106255,5990797.70635733
E1-ecc,20260829,inplane,pos,1.0514922127678443,55171.43299871746
E1-ecc,20260829,inplane,vel,-1.0782745448923174,55171.43299871746
E1-ecc,20260829,inplane,pos,0.3154212999914669,120228.50750297082
E1-ecc,20260829,inplane,vel,0.31036107715218514,120228.50750297082
E1-ecc,20260829,inplane,pos,0.10765952488800476,3205676.4070062777
E1-ecc,20260829,inplane,vel,1.2667976779659411,3205676.4070062777
E1-ecc,20260829,inplane,pos,1.435328126154832,10760891.41535647
E1-ecc,20260829,inplane,vel,-1.5322096760211272,10760891.41535647
E1-ecc,20260829,plane,pos,0.22059738714985883,235782.38875440173
E1-ecc,20260829,plane,vel,-0.1784292512789441,235782.38875440173
E1-ecc,20260829,plane,pos,1.022294003086595,468844.7582007726
E1-ecc,20260829,plane,vel,1.579856140477756,468844.7582007726
E1-ecc,20260829,plane,pos,-0.6161384189276663,1101255.2143431364
E1-ecc,20260829,plane,vel,0.791433928674622,1101255.2143431364
E1-ecc,20260829,plane,pos,1.365946869498244,5990797.70635733
E1-ecc,20260829,plane,vel,1.1662479126451415,5990797.70635733
E1-ecc,20260829,plane,pos,-0.44816091531244623,55171.43299871746
E1-ecc,20260829,plane,vel,-0.8515193016572855,55171.43299871746
E1-ecc,20260829,plane,pos,-1.4421261848421894,120228.50750297082
E1-ecc,20260829,plane,vel,-1.3233657769010134,120228.50750297082
E1-ecc,20260829,plane,pos,-1.1499677913213542,3205676.4070062777
E1-ecc,20260829,plane,vel,0.021047900723741835,3205676.4070062777
E1-ecc,20260829,plane,pos,1.430823421124383,10760891.41535647
E1-ecc,20260829,plane,vel,0.48374676007419626,10760891.41535647
E1-ecc,20260829,range,pos,-0.28726162375059616,7290750.587045189
E1-ecc,20260829,range,vel,0.3850425851517436,7290750.587045189
E1-ecc,20260829,range,pos,-0.5600816611603419,12422631.831423009
E1-ecc,20260829,range,vel,-0.12027447752719586,12422631.831423009
E1-ecc,20260829,range,pos,0.28379297929452607,15476322.730964804
E1-ecc,20260829,range,vel,0.04078508524809163,15476322.730964804
E1-ecc,20260829,range,pos,0.5533642489846262,320008.5950249271
E1-ecc,20260829,range,vel,0.14485769574483717,320008.5950249271
E1-ecc,20260829,range,pos,0.42330469732359843,345128.8023322781
E1-ecc,20260829,range,vel,-0.37363606744550504,345128.8023322781
E1-ecc,20260829,range,pos,-0.8516471940230965,11472467.568121048
E1-ecc,20260829,range,vel,1.0895430911009674,11472467.568121048
E1-ecc,20260829,range,pos,0.47640954019335036,199177.6042175788
E1-ecc,20260829,range,vel,-0.18437144929031224,199177.6042175788
E1-ecc,20260829,inplane,pos,1.773760670357098,7290750.587045189
E1-ecc,20260829,inplane,vel,1.658208774616414,7290750.587045189
E1-ecc,20260829,inplane,pos,-0.47417321496382137,12422631.831423009
E1-ecc,20260829,inplane,vel,0.042475293090340344,12422631.831423009
E1-ecc,20260829,inplane,pos,-0.7054547971176718,15476322.730964804
E1-ecc,20260829,inplane,vel,-1.2315963421492544,15476322.730964804
E1-ecc,20260829,inplane,pos,0.8034332380763036,320008.5950249271
E1-ecc,20260829,inplane,vel,0.631022098991411,320008.5950249271
E1-ecc,20260829,inplane,pos,-0.19697838349869348,345128.8023322781
E1-ecc,20260829,inplane,vel,-0.05937562942241705,345128.8023322781
E1-ecc,20260829,inplane,pos,-1.566836836339176,11472467.568121048
E1-ecc,20260829,inplane,vel,-1.772883501392002,11472467.568121048
E1-ecc,20260829,inplane,pos,0.7661554489704446,199177.6042175788
E1-ecc,20260829,inplane,vel,0.8626465235497968,199177.6042175788
E1-ecc,20260829,plane,pos,-1.1371590504433473,7290750.587045189
E1-ecc,20260829,plane,vel,-1.0236570497410618,7290750.587045189
E1-ecc,20260829,plane,pos,1.0467562761673128,12422631.831423009
E1-ecc,20260829,plane,vel,0.7775631149298092,12422631.831423009
E1-ecc,20260829,plane,pos,-0.5086036223034697,15476322.730964804
E1-ecc,20260829,plane,vel,0.15293048942428655,15476322.730964804
E1-ecc,20260829,plane,pos,0.1399744735134225,320008.5950249271
E1-ecc,20260829,plane,vel,-0.26951957214867056,320008.5950249271
E1-ecc,20260829,plane,pos,0.5967625672272974,345128.8023322781
E1-ecc,20260829,plane,vel,0.44275316974548246,345128.8023322781
E1-ecc,20260829,plane,pos,0.36780439920348523,11472467.568121048
E1-ecc,20260829,plane,vel,-0.23033830943568834,11472467.568121048
E1-ecc,20260829,plane,pos,-1.0961277081858283,199177.6042175788
E1-ecc,20260829,plane,vel,1.3260140810213144,199177.6042175788
E1-ecc,20260829,range,pos,-1.9741667126106497,226910.27494807367
E1-ecc,20260829,range,vel,-1.4522655430595033,226910.27494807367
E1-ecc,20260829,range,pos,-1.2098492526365694,13540597.52803875
E1-ecc,20260829,range,vel,-0.8941421772266206,13540597.52803875
E1-ecc,20260829,range,pos,-0.3778318798883548,124152.1715504783
E1-ecc,20260829,range,vel,1.5396935192188523,124152.1715504783
E1-ecc,20260829,range,pos,1.2270860623791042,70194.08318942494
E1-ecc,20260829,range,vel,-0.09256007023227959,70194.08318942494
E1-ecc,20260829,range,pos,-0.11679541420810077,216811.25404814546
E1-ecc,20260829,range,vel,-0.5308724464810582,216811.25404814546
E1-ecc,20260829,range,pos,1.2126507380047111,159204.11494343053
E1-ecc,20260829,range,vel,1.3739194651885809,159204.11494343053
E1-ecc,20260829,range,pos,-0.2633773424982018,979393.8747681451
E1-ecc,20260829,range,vel,-0.3566394093851809,979393.8747681451
E1-ecc,20260829,range,pos,1.649447033544618,242627.86391069446
E1-ecc,20260829,range,vel,-1.1641168079739779,242627.86391069446
E1-ecc,20260829,inplane,pos,-0.7238053148240801,226910.27494807367
E1-ecc,20260829,inplane,vel,-2.2617952848315896,226910.27494807367
E1-ecc,20260829,inplane,pos,0.7648463734059497,13540597.52803875
E1-ecc,20260829,inplane,vel,0.9955138150354702,13540597.52803875
E1-ecc,20260829,inplane,pos,0.7461539712289825,124152.1715504783
E1-ecc,20260829,inplane,vel,-0.45614634993243613,124152.1715504783
E1-ecc,20260829,inplane,pos,0.3591339254823959,70194.08318942494
E1-ecc,20260829,inplane,vel,1.1097054382680211,70194.08318942494
E1-ecc,20260829,inplane,pos,-0.7619250209505442,216811.25404814546
E1-ecc,20260829,inplane,vel,-0.3259716861135666,216811.25404814546
E1-ecc,20260829,inplane,pos,1.3822817914677665,159204.11494343053
E1-ecc,20260829,inplane,vel,1.2684039542586776,159204.11494343053
E1-ecc,20260829,inplane,pos,-0.08448862722303506,979393.8747681451
E1-ecc,20260829,inplane,vel,-0.3533162442227819,979393.8747681451
E1-ecc,20260829,inplane,pos,0.22207897492814585,242627.86391069446
E1-ecc,20260829,inplane,vel,1.4846314145768844,242627.86391069446
E1-ecc,20260829,plane,pos,0.44480934813049233,226910.27494807367
E1-ecc,20260829,plane,vel,-1.098045465145032,226910.27494807367
E1-ecc,20260829,plane,pos,-0.8818983263141887,13540597.52803875
E1-ecc,20260829,plane,vel,-1.3369504402252121,13540597.52803875
E1-ecc,20260829,plane,pos,1.1516520778385073,124152.1715504783
E1-ecc,20260829,plane,vel,-1.5583735809605421,124152.1715504783
E1-ecc,20260829,plane,pos,-0.20806099570480246,70194.08318942494
E1-ecc,20260829,plane,vel,0.5658274237872103,70194.08318942494
E1-ecc,20260829,plane,pos,1.4592670850079708,216811.25404814546
E1-ecc,20260829,plane,vel,0.9496711690520327,216811.25404814546
E1-ecc,20260829,plane,pos,0.6115782965014755,159204.11494343053
E1-ecc,20260829,plane,vel,-0.8511675967101338,159204.11494343053
E1-ecc,20260829,plane,pos,0.17984775309232479,979393.8747681451
E1-ecc,20260829,plane,vel,-0.13216084298724912,979393.8747681451
E1-ecc,20260829,plane,pos,-0.36353919939189944,242627.86391069446
E1-ecc,20260829,plane,vel,0.17207801651302615,242627.86391069446
E1-ecc,20260829,range,pos,-0.5599337106098694,12321686.973686077
E1-ecc,20260829,range,vel,-0.24189488225480377,12321686.973686077
E1-ecc,20260829,range,pos,-0.83938570915884,503122.96334914316
E1-ecc,20260829,range,vel,-0.019290110388988625,503122.96334914316
E1-ecc,20260829,range,pos,0.4385821580925076,5212318.559662326
E1-ecc,20260829,range,vel,0.4662035142339256,5212318.559662326
E1-ecc,20260829,range,pos,-0.43180398531608366,715802.9930127512
E1-ecc,20260829,range,vel,1.2531662334013103,715802.9930127512
E1-ecc,20260829,range,pos,0.786212013303811,1460140.1199201818
E1-ecc,20260829,range,vel,0.4951991007253547,1460140.1199201818
E1-ecc,20260829,range,pos,0.3474020203699391,6453648.576597766
E1-ecc,20260829,range,vel,-0.22655089948605975,6453648.576597766
E1-ecc,20260829,range,pos,-1.4579425162972781,6380901.398109344
E1-ecc,20260829,range,vel,-0.5767698199989941,6380901.398109344
E1-ecc,20260829,range,pos,0.6718970508045058,7396347.857705786
E1-ecc,20260829,range,vel,-0.23221334438378438,7396347.857705786
E1-ecc,20260829,inplane,pos,0.22888440266940885,12321686.973686077
E1-ecc,20260829,inplane,vel,0.20864852595362002,12321686.973686077
E1-ecc,20260829,inplane,pos,-0.20442415067903977,503122.96334914316
E1-ecc,20260829,inplane,vel,-0.579619082748049,503122.96334914316
E1-ecc,20260829,inplane,pos,-0.38091536255386343,5212318.559662326
E1-ecc,20260829,inplane,vel,0.6179517231042116,5212318.559662326
E1-ecc,20260829,inplane,pos,1.2240279051887997,715802.9930127512
E1-ecc,20260829,inplane,vel,-0.13245832262562884,715802.9930127512
E1-ecc,20260829,inplane,pos,-0.8612782736872163,1460140.1199201818
E1-ecc,20260829,inplane,vel,0.9581904940232682,1460140.1199201818
E1-ecc,20260829,inplane,pos,0.36165465318143425,6453648.576597766
E1-ecc,20260829,inplane,vel,0.3540378302587873,6453648.576597766
E1-ecc,20260829,inplane,pos,1.6138618305470693,6380901.398109344
E1-ecc,20260829,inplane,vel,-1.3031126119566625,6380901.398109344
E1-ecc,20260829,inplane,pos,0.597655384659925,7396347.857705786
E1-ecc,20260829,inplane,vel,0.2583716827313791,7396347.857705786
E1-ecc,20260829,plane,pos,1.5212916865830342,12321686.973686077
E1-ecc,20260829,plane,vel,-0.5486640619082306,12321686.973686077
E1-ecc,20260829,plane,pos,-1.2449227069186803,503122.96334914316
E1-ecc,20260829,plane,vel,-1.9375189076275208,503122.96334914316
E1-ecc,20260829,plane,pos,2.282456746617949,5212318.559662326
E1-ecc,20260829,plane,vel,-0.6274334303451429,5212318.559662326
E1-ecc,20260829,plane,pos,-0.6681868764043695,715802.9930127512
E1-ecc,20260829,plane,vel,-0.9381658100765228,715802.9930127512
E1-ecc,20260829,plane,pos,0.257222230992203,1460140.1199201818
E1-ecc,20260829,plane,vel,-0.8761217498098686,1460140.1199201818
E1-ecc,20260829,plane,pos,-0.7532722704852957,6453648.576597766
E1-ecc,20260829,plane,vel,-0.07377745798386859,6453648.576597766
E1-ecc,20260829,plane,pos,0.049270117199648016,6380901.398109344
E1-ecc,20260829,plane,vel,2.640889670227291,6380901.398109344
E1-ecc,20260829,plane,pos,1.3413424564164327,7396347.857705786
E1-ecc,20260829,plane,vel,0.7288920888904282,7396347.857705786
E1-ecc,20260829,range,pos,-0.08245009094117575,218818.58011361217
E1-ecc,20260829,range,vel,-0.9514142860755572,218818.58011361217
E1-ecc,20260829,range,pos,0.6681675627366107,2336139.4742186377
E1-ecc,20260829,range,vel,-0.03592869517155798,2336139.4742186377
E1-ecc,20260829,range,pos,1.3445221546436275,119373.88291890085
E1-ecc,20260829,range,vel,-1.3018246673092706,119373.88291890085
E1-ecc,20260829,range,pos,-0.8272041372030078,9159776.51702248
E1-ecc,20260829,range,vel,0.8526847026353073,9159776.51702248
E1-ecc,20260829,range,pos,2.013408844376821,68294.26856289491
E1-ecc,20260829,range,vel,-0.8604609521329287,68294.26856289491
E1-ecc,20260829,range,pos,-0.7635980547661277,227317.76325749056
E1-ecc,20260829,range,vel,1.6930815518850024,227317.76325749056
E1-ecc,20260829,range,pos,-0.418513382404775,184935.17394103506
E1-ecc,20260829,range,vel,1.5528763510600305,184935.17394103506
E1-ecc,20260829,range,pos,1.2127878160168764,135542.15130525667
E1-ecc,20260829,range,vel,-1.4060768559661774,135542.15130525667
E1-ecc,20260829,inplane,pos,-0.8636905281566661,218818.58011361217
E1-ecc,20260829,inplane,vel,-0.8206848197639032,218818.58011361217
E1-ecc,20260829,inplane,pos,0.9511083478755148,2336139.4742186377
E1-ecc,20260829,inplane,vel,0.5657076950529595,2336139.4742186377
E1-ecc,20260829,inplane,pos,-0.3483497665266035,119373.88291890085
E1-ecc,20260829,inplane,vel,1.2550891626622984,119373.88291890085
E1-ecc,20260829,inplane,pos,-0.492914108900831,9159776.51702248
E1-ecc,20260829,inplane,vel,-0.49069059622517386,9159776.51702248
E1-ecc,20260829,inplane,pos,2.0443726974908816,68294.26856289491
E1-ecc,20260829,inplane,vel,2.430336311925772,68294.26856289491
E1-ecc,20260829,inplane,pos,0.5185904611788537,227317.76325749056
E1-ecc,20260829,inplane,vel,-0.7861936788405535,227317.76325749056
E1-ecc,20260829,inplane,pos,1.750319121147069,184935.17394103506
E1-ecc,20260829,inplane,vel,-0.5021205019284499,184935.17394103506
E1-ecc,20260829,inplane,pos,0.3237997720973655,135542.15130525667
E1-ecc,20260829,inplane,vel,1.2203047713942192,135542.15130525667
E1-ecc,20260829,plane,pos,0.19967687797680655,218818.58011361217
E1-ecc,20260829,plane,vel,1.1516152085392393,218818.58011361217
E1-ecc,20260829,plane,pos,-0.5720681086642829,2336139.4742186377
E1-ecc,20260829,plane,vel,-0.7996682752461469,2336139.4742186377
E1-ecc,20260829,plane,pos,-0.28867930389409563,119373.88291890085
E1-ecc,20260829,plane,vel,-1.3407942418389593,119373.88291890085
E1-ecc,20260829,plane,pos,-1.6920770724450651,9159776.51702248
E1-ecc,20260829,plane,vel,0.5529623692249557,9159776.51702248
E1-ecc,20260829,plane,pos,1.346463934343231,68294.26856289491
E1-ecc,20260829,plane,vel,0.3560556151069637,68294.26856289491
E1-ecc,20260829,plane,pos,-1.487515348375901,227317.76325749056
E1-ecc,20260829,plane,vel,-0.4938203221413051,227317.76325749056
E1-ecc,20260829,plane,pos,-0.4748768915006219,184935.17394103506
E1-ecc,20260829,plane,vel,1.270546478976333,184935.17394103506
E1-ecc,20260829,plane,pos,-1.0139562135318805,135542.15130525667
E1-ecc,20260829,plane,vel,-1.6963010949020525,135542.15130525667
E1-ecc,20260836,range,pos,0.3601260128409352,107312.29104990631
E1-ecc,20260836,range,vel,0.537595932759628,107312.29104990631
E1-ecc,20260836,range,pos,1.9081602424181097,169546.5604775316
E1-ecc,20260836,range,vel,-2.1511971147236655,169546.5604775316
E1-ecc,20260836,range,pos,2.1433264521277016,201446.40883031674
E1-ecc,20260836,range,vel,-0.15578788769352658,201446.40883031674
E1-ecc,20260836,range,pos,0.7094951299119278,6624976.476980991
E1-ecc,20260836,range,vel,-1.7984365737321244,6624976.476980991
E1-ecc,20260836,range,pos,0.33544377072297,175870.89035494076
E1-ecc,20260836,range,vel,1.0573852600316935,175870.89035494076
E1-ecc,20260836,range,pos,-1.0321465228746016,319187.17779183685
E1-ecc,20260836,range,vel,1.1748156771285243,319187.17779183685
E1-ecc,20260836,range,pos,-5.611357705136387,582579.5437583074
E1-ecc,20260836,range,vel,5.3682780958559695,582579.5437583074
E1-ecc,20260836,range,pos,1.3162470275635567,295825.4736067331
E1-ecc,20260836,range,vel,-0.2896000997389428,295825.4736067331
E1-ecc,20260836,inplane,pos,-0.5148162989447207,107312.29104990631
E1-ecc,20260836,inplane,vel,0.5561363397590037,107312.29104990631
E1-ecc,20260836,inplane,pos,2.1450042246038774,169546.5604775316
E1-ecc,20260836,inplane,vel,0.261889637167396,169546.5604775316
E1-ecc,20260836,inplane,pos,1.6420124139025416,201446.40883031674
E1-ecc,20260836,inplane,vel,1.1677837626443024,201446.40883031674
E1-ecc,20260836,inplane,pos,-0.10276936022487768,6624976.476980991
E1-ecc,20260836,inplane,vel,0.923115377736113,6624976.476980991
E1-ecc,20260836,inplane,pos,1.361997656654137,175870.89035494076
E1-ecc,20260836,inplane,vel,0.6256829572420765,175870.89035494076
E1-ecc,20260836,inplane,pos,1.119539527450975,319187.17779183685
E1-ecc,20260836,inplane,vel,-0.9127904167130224,319187.17779183685
E1-ecc,20260836,inplane,pos,-0.34914121622759153,582579.5437583074
E1-ecc,20260836,inplane,vel,-5.684007885878713,582579.5437583074
E1-ecc,20260836,inplane,pos,2.3116163487663184,295825.4736067331
E1-ecc,20260836,inplane,vel,1.3401627768967748,295825.4736067331
E1-ecc,20260836,plane,pos,1.2508541821523063,107312.29104990631
E1-ecc,20260836,plane,vel,0.14769401393450593,107312.29104990631
E1-ecc,20260836,plane,pos,-0.04682458050452436,169546.5604775316
E1-ecc,20260836,plane,vel,-1.2632000220011765,169546.5604775316
E1-ecc,20260836,plane,pos,2.2061731357258223,201446.40883031674
E1-ecc,20260836,plane,vel,-0.6161740805857956,201446.40883031674
E1-ecc,20260836,plane,pos,-0.1496962529679032,6624976.476980991
E1-ecc,20260836,plane,vel,-0.14851632031834963,6624976.476980991
E1-ecc,20260836,plane,pos,-0.730189686269097,175870.89035494076
E1-ecc,20260836,plane,vel,-1.5405822982305344,175870.89035494076
E1-ecc,20260836,plane,pos,-0.8722941195575442,319187.17779183685
E1-ecc,20260836,plane,vel,0.07594790024373455,319187.17779183685
E1-ecc,20260836,plane,pos,0.0794367261505399,582579.5437583074
E1-ecc,20260836,plane,vel,-0.2530356443616562,582579.5437583074
E1-ecc,20260836,plane,pos,1.6791755536405657,295825.4736067331
E1-ecc,20260836,plane,vel,0.25747924596512706,295825.4736067331
E1-ecc,20260836,range,pos,0.06151129699668191,5161947.062947929
E1-ecc,20260836,range,vel,0.26429193461707995,5161947.062947929
E1-ecc,20260836,range,pos,0.6519856576011208,2720792.238446105
E1-ecc,20260836,range,vel,-0.7073983895579509,2720792.238446105
E1-ecc,20260836,range,pos,0.7749087009629335,71686.6881534077
E1-ecc,20260836,range,vel,1.1598249437391874,71686.6881534077
E1-ecc,20260836,range,pos,-0.25831936904807695,299837.02911331225
E1-ecc,20260836,range,vel,1.545037912258365,299837.02911331225
E1-ecc,20260836,range,pos,0.011714040363714382,325111.6788765612
E1-ecc,20260836,range,vel,0.3263851834941857,325111.6788765612
E1-ecc,20260836,range,pos,-0.8660287783773776,141003.63501766487
E1-ecc,20260836,range,vel,0.8766799974257438,141003.63501766487
E1-ecc,20260836,range,pos,0.4735508357397868,364616.37254539557
E1-ecc,20260836,range,vel,0.6565831418960154,364616.37254539557
E1-ecc,20260836,range,pos,1.069043542850869,995105.7078778183
E1-ecc,20260836,range,vel,-1.432254838823488,995105.7078778183
E1-ecc,20260836,inplane,pos,0.4091085806803631,5161947.062947929
E1-ecc,20260836,inplane,vel,-0.19289863339624722,5161947.062947929
E1-ecc,20260836,inplane,pos,-0.5919440445787604,2720792.238446105
E1-ecc,20260836,inplane,vel,0.6883784729418383,2720792.238446105
E1-ecc,20260836,inplane,pos,0.42711956571906057,71686.6881534077
E1-ecc,20260836,inplane,vel,0.5154710418349432,71686.6881534077
E1-ecc,20260836,inplane,pos,0.9333673507968824,299837.02911331225
E1-ecc,20260836,inplane,vel,-0.24804721032004776,299837.02911331225
E1-ecc,20260836,inplane,pos,0.4358548709408536,325111.6788765612
E1-ecc,20260836,inplane,vel,-0.018050630325097863,325111.6788765612
E1-ecc,20260836,inplane,pos,1.2404797929944642,141003.63501766487
E1-ecc,20260836,inplane,vel,-0.6466822837720363,141003.63501766487
E1-ecc,20260836,inplane,pos,0.7879670391772626,364616.37254539557
E1-ecc,20260836,inplane,vel,0.6840848195204448,364616.37254539557
E1-ecc,20260836,inplane,pos,-0.3348488316435009,995105.7078778183
E1-ecc,20260836,inplane,vel,0.5305147413511617,995105.7078778183
E1-ecc,20260836,plane,pos,1.0444861314848883,5161947.062947929
E1-ecc,20260836,plane,vel,-0.8674303378070809,5161947.062947929
E1-ecc,20260836,plane,pos,1.2585667562478835,2720792.238446105
E1-ecc,20260836,plane,vel,-0.9427091187830442,2720792.238446105
E1-ecc,20260836,plane,pos,-0.535383777345387,71686.6881534077
E1-ecc,20260836,plane,vel,0.708007219435314,71686.6881534077
E1-ecc,20260836,plane,pos,0.2713334699434823,299837.02911331225
E1-ecc,20260836,plane,vel,-0.8673315495330267,299837.02911331225
E1-ecc,20260836,plane,pos,0.08921951422935202,325111.6788765612
E1-ecc,20260836,plane,vel,0.2448105829608237,325111.6788765612
E1-ecc,20260836,plane,pos,0.011340127363371592,141003.63501766487
E1-ecc,20260836,plane,vel,-1.1508126626418287,141003.63501766487
E1-ecc,20260836,plane,pos,0.17983031956316767,364616.37254539557
E1-ecc,20260836,plane,vel,0.2699850740836057,364616.37254539557
E1-ecc,20260836,plane,pos,-1.8892405812371058,995105.7078778183
E1-ecc,20260836,plane,vel,-0.8244469399749895,995105.7078778183
E1-ecc,20260836,range,pos,0.5516156404135392,68384.54970563897
E1-ecc,20260836,range,vel,-1.170346510156627,68384.54970563897
E1-ecc,20260836,range,pos,-1.0695524422551648,13612332.47506504
E1-ecc,20260836,range,vel,-0.6751239766352563,13612332.47506504
E1-ecc,20260836,range,pos,1.4510244670884396,355762.22039991827
E1-ecc,20260836,range,vel,-1.5000376642466406,355762.22039991827
E1-ecc,20260836,range,pos,-1.125678437782277,169604.68509817106
E1-ecc,20260836,range,vel,0.570465401403776,169604.68509817106
E1-ecc,20260836,range,pos,-0.4772909961249569,11489561.3606006
E1-ecc,20260836,range,vel,0.5198721186218347,11489561.3606006
E1-ecc,20260836,range,pos,0.6216802675919888,65080.39565916199
E1-ecc,20260836,range,vel,-0.2962032911237387,65080.39565916199
E1-ecc,20260836,range,pos,-0.4631988345701951,9659660.428812463
E1-ecc,20260836,range,vel,-0.24496595972614238,9659660.428812463
E1-ecc,20260836,range,pos,-1.1261878911355472,251857.66439440436
E1-ecc,20260836,range,vel,0.9857543205040719,251857.66439440436
E1-ecc,20260836,inplane,pos,-1.4912601121243916,68384.54970563897
E1-ecc,20260836,inplane,vel,-0.5327082701589614,68384.54970563897
E1-ecc,20260836,inplane,pos,0.39311849553069805,13612332.47506504
E1-ecc,20260836,inplane,vel,1.0027735243746205,13612332.47506504
E1-ecc,20260836,inplane,pos,0.996229873686219,355762.22039991827
E1-ecc,20260836,inplane,vel,1.3449254312235128,355762.22039991827
E1-ecc,20260836,inplane,pos,-0.16082423090473755,169604.68509817106
E1-ecc,20260836,inplane,vel,0.9844870413515457,169604.68509817106
E1-ecc,20260836,inplane,pos,-1.15974396099323,11489561.3606006
E1-ecc,20260836,inplane,vel,-1.2465607194649266,11489561.3606006
E1-ecc,20260836,inplane,pos,-1.1013870833714752,65080.39565916199
E1-ecc,20260836,inplane,vel,0.5799569477819655,65080.39565916199
E1-ecc,20260836,inplane,pos,0.44533766591211776,9659660.428812463
E1-ecc,20260836,inplane,vel,0.3919586262105619,9659660.428812463
E1-ecc,20260836,inplane,pos,-0.8966544333486878,251857.66439440436
E1-ecc,20260836,inplane,vel,-1.0748025565941517,251857.66439440436
E1-ecc,20260836,plane,pos,0.01994588412548433,68384.54970563897
E1-ecc,20260836,plane,vel,1.6507530586027352,68384.54970563897
E1-ecc,20260836,plane,pos,-0.4955273025637723,13612332.47506504
E1-ecc,20260836,plane,vel,-0.47144580935586383,13612332.47506504
E1-ecc,20260836,plane,pos,-1.0295954379385976,355762.22039991827
E1-ecc,20260836,plane,vel,0.5904318621529207,355762.22039991827
E1-ecc,20260836,plane,pos,1.260259089790188,169604.68509817106
E1-ecc,20260836,plane,vel,-0.8444859331398232,169604.68509817106
E1-ecc,20260836,plane,pos,0.3765317726486476,11489561.3606006
E1-ecc,20260836,plane,vel,0.9313370399112764,11489561.3606006
E1-ecc,20260836,plane,pos,-1.6354271430786051,65080.39565916199
E1-ecc,20260836,plane,vel,-2.240149120033743,65080.39565916199
E1-ecc,20260836,plane,pos,-0.4480187832562331,9659660.428812463
E1-ecc,20260836,plane,vel,0.10361971324526384,9659660.428812463
E1-ecc,20260836,plane,pos,0.7856396092744442,251857.66439440436
E1-ecc,20260836,plane,vel,-0.33827911185863635,251857.66439440436
E1-ecc,20260836,range,pos,0.2895105696608145,9104697.132128868
E1-ecc,20260836,range,vel,0.0651028308282672,9104697.132128868
E1-ecc,20260836,range,pos,0.6978356694676422,96489.5203241861
E1-ecc,20260836,range,vel,0.803287255037251,96489.5203241861
E1-ecc,20260836,range,pos,-0.015206730334929567,12981886.629324332
E1-ecc,20260836,range,vel,0.41546940950801026,12981886.629324332
E1-ecc,20260836,range,pos,0.7163002803675855,15831447.344766196
E1-ecc,20260836,range,vel,0.8483016388439901,15831447.344766196
E1-ecc,20260836,range,pos,0.9983773630277507,69596.91425582585
E1-ecc,20260836,range,vel,-0.5667903421336301,69596.91425582585
E1-ecc,20260836,range,pos,-0.6396075489628084,935127.7028058845
E1-ecc,20260836,range,vel,0.7086032369113844,935127.7028058845
E1-ecc,20260836,range,pos,-1.4009040914488013,193521.41298796603
E1-ecc,20260836,range,vel,1.7052093884454698,193521.41298796603
E1-ecc,20260836,range,pos,-0.650518699936035,171980.6375294126
E1-ecc,20260836,range,vel,0.6941508081122663,171980.6375294126
E1-ecc,20260836,inplane,pos,0.42163684565915965,9104697.132128868
E1-ecc,20260836,inplane,vel,0.1508693824066854,9104697.132128868
E1-ecc,20260836,inplane,pos,0.9828334614721891,96489.5203241861
E1-ecc,20260836,inplane,vel,0.6942921069265039,96489.5203241861
E1-ecc,20260836,inplane,pos,-0.5431627939889418,12981886.629324332
E1-ecc,20260836,inplane,vel,-0.7858059559627696,12981886.629324332
E1-ecc,20260836,inplane,pos,-0.35529432993267657,15831447.344766196
E1-ecc,20260836,inplane,vel,-0.5074676733602745,15831447.344766196
E1-ecc,20260836,inplane,pos,0.23847836964497454,69596.91425582585
E1-ecc,20260836,inplane,vel,-0.9512828431861703,69596.91425582585
E1-ecc,20260836,inplane,pos,-0.37791311912251974,935127.7028058845
E1-ecc,20260836,inplane,vel,-0.5999936177410059,935127.7028058845
E1-ecc,20260836,inplane,pos,0.8189088293050113,193521.41298796603
E1-ecc,20260836,inplane,vel,-0.38868011854214424,193521.41298796603
E1-ecc,20260836,inplane,pos,0.31617951101251573,171980.6375294126
E1-ecc,20260836,inplane,vel,-0.6348075817724029,171980.6375294126
E1-ecc,20260836,plane,pos,0.9633623174256534,9104697.132128868
E1-ecc,20260836,plane,vel,0.573220293822088,9104697.132128868
E1-ecc,20260836,plane,pos,-0.37115413333945385,96489.5203241861
E1-ecc,20260836,plane,vel,-1.3715189525719202,96489.5203241861
E1-ecc,20260836,plane,pos,-1.0614405570749061,12981886.629324332
E1-ecc,20260836,plane,vel,0.0894164831031887,12981886.629324332
E1-ecc,20260836,plane,pos,1.8618416460046658,15831447.344766196
E1-ecc,20260836,plane,vel,1.6741778558771536,15831447.344766196
E1-ecc,20260836,plane,pos,0.7258561374766568,69596.91425582585
E1-ecc,20260836,plane,vel,-0.7319874005839816,69596.91425582585
E1-ecc,20260836,plane,pos,1.3447594491877468,935127.7028058845
E1-ecc,20260836,plane,vel,0.6147838465160419,935127.7028058845
E1-ecc,20260836,plane,pos,1.6974417670697572,193521.41298796603
E1-ecc,20260836,plane,vel,1.4666772885629145,193521.41298796603
E1-ecc,20260836,plane,pos,-0.5827066755442675,171980.6375294126
E1-ecc,20260836,plane,vel,-0.6658977990049464,171980.6375294126
E1-ecc,20260836,range,pos,0.23847264391517142,320581.77745007625
E1-ecc,20260836,range,vel,-0.9451562326217158,320581.77745007625
E1-ecc,20260836,range,pos,1.637738618768235,7255343.642981863
E1-ecc,20260836,range,vel,1.1317775035814215,7255343.642981863
E1-ecc,20260836,range,pos,1.9291109741800765,121845.4489866598
E1-ecc,20260836,range,vel,-2.0344760038404424,121845.4489866598
E1-ecc,20260836,range,pos,-1.4885352694450282,458855.11512697785
E1-ecc,20260836,range,vel,0.9386508607720486,458855.11512697785
E1-ecc,20260836,range,pos,-0.22572320997100784,13874318.447720613
E1-ecc,20260836,range,vel,-0.3264204613824763,13874318.447720613
E1-ecc,20260836,range,pos,0.9533393444779793,2029585.162233264
E1-ecc,20260836,range,vel,1.3191540317053763,2029585.162233264
E1-ecc,20260836,range,pos,1.9957817007627063,269944.1964113796
E1-ecc,20260836,range,vel,-1.8983939018234721,269944.1964113796
E1-ecc,20260836,range,pos,1.176304841209289,151695.5878455767
E1-ecc,20260836,range,vel,-1.0281791319177076,151695.5878455767
E1-ecc,20260836,inplane,pos,-0.7545628139233103,320581.77745007625
E1-ecc,20260836,inplane,vel,0.024919463760440835,320581.77745007625
E1-ecc,20260836,inplane,pos,-1.6217970751448858,7255343.642981863
E1-ecc,20260836,inplane,vel,1.526595693916389,7255343.642981863
E1-ecc,20260836,inplane,pos,0.883510147116948,121845.4489866598
E1-ecc,20260836,inplane,vel,1.525466862559556,121845.4489866598
E1-ecc,20260836,inplane,pos,-1.566276243738107,458855.11512697785
E1-ecc,20260836,inplane,vel,-1.3117425417328816,458855.11512697785
E1-ecc,20260836,inplane,pos,0.21945493071704392,13874318.447720613
E1-ecc,20260836,inplane,vel,-0.18409854084263175,13874318.447720613
E1-ecc,20260836,inplane,pos,0.30575468983007653,2029585.162233264
E1-ecc,20260836,inplane,vel,0.9923883365594426,2029585.162233264
E1-ecc,20260836,inplane,pos,1.0258784715820983,269944.1964113796
E1-ecc,20260836,inplane,vel,0.1792624032717522,269944.1964113796
E1-ecc,20260836,inplane,pos,-0.4836032101150642,151695.5878455767
E1-ecc,20260836,inplane,vel,-0.813435112853416,151695.5878455767
E1-ecc,20260836,plane,pos,0.5670651739981832,320581.77745007625
E1-ecc,20260836,plane,vel,-1.3817834244235365,320581.77745007625
E1-ecc,20260836,plane,pos,0.5950955038524948,7255343.642981863
E1-ecc,20260836,plane,vel,-2.2204471962096286,7255343.642981863
E1-ecc,20260836,plane,pos,0.22688171895725115,121845.4489866598
E1-ecc,20260836,plane,vel,1.7398279472785603,121845.4489866598
E1-ecc,20260836,plane,pos,-0.216350558319898,458855.11512697785
E1-ecc,20260836,plane,vel,0.7120679690260052,458855.11512697785
E1-ecc,20260836,plane,pos,-0.30850035100428363,13874318.447720613
E1-ecc,20260836,plane,vel,0.08304231338849392,13874318.447720613
E1-ecc,20260836,plane,pos,-0.2088621859768154,2029585.162233264
E1-ecc,20260836,plane,vel,0.3698057968146976,2029585.162233264
E1-ecc,20260836,plane,pos,-0.7351437944429862,269944.1964113796
E1-ecc,20260836,plane,vel,1.9201512177605649,269944.1964113796
E1-ecc,20260836,plane,pos,-0.03925936568139838,151695.5878455767
E1-ecc,20260836,plane,vel,0.12540655175747362,151695.5878455767
E1-ecc,20260836,range,pos,0.22707384258938973,805919.2847517681
E1-ecc,20260836,range,vel,-0.6762214529001509,805919.2847517681
E1-ecc,20260836,range,pos,0.558305107210304,244241.35972616723
E1-ecc,20260836,range,vel,2.0142143483116888,244241.35972616723
E1-ecc,20260836,range,pos,-1.1713387359404197,6696983.136361305
E1-ecc,20260836,range,vel,-0.7632370629330604,6696983.136361305
E1-ecc,20260836,range,pos,-0.08400947155268869,4654314.225399197
E1-ecc,20260836,range,vel,0.5033242274088281,4654314.225399197
E1-ecc,20260836,range,pos,-0.04172330285379258,82952.7743362115
E1-ecc,20260836,range,vel,0.11773210368811854,82952.7743362115
E1-ecc,20260836,range,pos,-0.5849020366832756,459555.71738515794
E1-ecc,20260836,range,vel,0.516684605915876,459555.71738515794
E1-ecc,20260836,inplane,pos,0.17529268114366556,805919.2847517681
E1-ecc,20260836,inplane,vel,0.855808257279431,805919.2847517681
E1-ecc,20260836,inplane,pos,1.5830739555939746,244241.35972616723
E1-ecc,20260836,inplane,vel,0.5291354965147606,244241.35972616723
E1-ecc,20260836,inplane,pos,1.5748175072337214,6696983.136361305
E1-ecc,20260836,inplane,vel,-1.4385308172982343,6696983.136361305
E1-ecc,20260836,inplane,pos,0.19513686416944553,4654314.225399197
E1-ecc,20260836,inplane,vel,-0.19068041001193844,4654314.225399197
E1-ecc,20260836,inplane,pos,0.6348980633826405,82952.7743362115
E1-ecc,20260836,inplane,vel,-0.061606896299789334,82952.7743362115
E1-ecc,20260836,inplane,pos,0.277500862397777,459555.71738515794
E1-ecc,20260836,inplane,vel,-0.48725996444301944,459555.71738515794
E1-ecc,20260836,plane,pos,2.360729237144744,805919.2847517681
E1-ecc,20260836,plane,vel,1.5390629137838576,805919.2847517681
E1-ecc,20260836,plane,pos,1.0928026454715671,244241.35972616723
E1-ecc,20260836,plane,vel,-1.7237660573951554,244241.35972616723
E1-ecc,20260836,plane,pos,0.7343811812710748,6696983.136361305
E1-ecc,20260836,plane,vel,-0.7005641299868058,6696983.136361305
E1-ecc,20260836,plane,pos,-1.8783939461645307,4654314.225399197
E1-ecc,20260836,plane,vel,0.02316629197337183,4654314.225399197
E1-ecc,20260836,plane,pos,0.33707052101851837,82952.7743362115
E1-ecc,20260836,plane,vel,0.5125726477650457,82952.7743362115
E1-ecc,20260836,plane,pos,-0.7415479503939638,459555.71738515794
E1-ecc,20260836,plane,vel,-0.20080203003201116,459555.71738515794
E1-ecc,20260843,range,pos,-0.1739852110632349,277177.32540585444
E1-ecc,20260843,range,vel,0.3080151303108613,277177.32540585444
E1-ecc,20260843,range,pos,1.2445451347136778,750697.7897403031
E1-ecc,20260843,range,vel,2.2267312102095516,750697.7897403031
E1-ecc,20260843,range,pos,1.108452797601832,79355.04803138989
E1-ecc,20260843,range,vel,0.29142511091813517,79355.04803138989
E1-ecc,20260843,range,pos,1.0095070256719743,69287.29986985591
E1-ecc,20260843,range,vel,-0.9610619201783218,69287.29986985591
E1-ecc,20260843,range,pos,-0.37600126556947644,305135.2347796487
E1-ecc,20260843,range,vel,-0.6287026743747736,305135.2347796487
E1-ecc,20260843,range,pos,0.42480331065188554,5783712.474902078
E1-ecc,20260843,range,vel,0.40424864792544263,5783712.474902078
E1-ecc,20260843,range,pos,-0.05775186744710029,83823.67554019665
E1-ecc,20260843,range,vel,0.217078948538861,83823.67554019665
E1-ecc,20260843,range,pos,-0.1584320200996104,62027.4601041624
E1-ecc,20260843,range,vel,0.4716445952235185,62027.4601041624
E1-ecc,20260843,inplane,pos,0.33216120254457215,277177.32540585444
E1-ecc,20260843,inplane,vel,-0.3061723878960226,277177.32540585444
E1-ecc,20260843,inplane,pos,0.7731051364905838,750697.7897403031
E1-ecc,20260843,inplane,vel,1.246786264805755,750697.7897403031
E1-ecc,20260843,inplane,pos,-0.924879072949842,79355.04803138989
E1-ecc,20260843,inplane,vel,1.04191357779359,79355.04803138989
E1-ecc,20260843,inplane,pos,0.9094145726826063,69287.29986985591
E1-ecc,20260843,inplane,vel,1.0837054819484304,69287.29986985591
E1-ecc,20260843,inplane,pos,-0.12945251429116827,305135.2347796487
E1-ecc,20260843,inplane,vel,-0.2133672633941652,305135.2347796487
E1-ecc,20260843,inplane,pos,-0.5868719767022217,5783712.474902078
E1-ecc,20260843,inplane,vel,0.42738456780076667,5783712.474902078
E1-ecc,20260843,inplane,pos,0.14082383350130664,83823.67554019665
E1-ecc,20260843,inplane,vel,0.4655902999738878,83823.67554019665
E1-ecc,20260843,inplane,pos,-0.5419147804690067,62027.4601041624
E1-ecc,20260843,inplane,vel,0.07446046677361931,62027.4601041624
E1-ecc,20260843,plane,pos,0.6219589540465179,277177.32540585444
E1-ecc,20260843,plane,vel,0.49975389740981513,277177.32540585444
E1-ecc,20260843,plane,pos,-1.8099672355002931,750697.7897403031
E1-ecc,20260843,plane,vel,0.84174035195315,750697.7897403031
E1-ecc,20260843,plane,pos,-0.5126426063635243,79355.04803138989
E1-ecc,20260843,plane,vel,0.24245284243476878,79355.04803138989
E1-ecc,20260843,plane,pos,1.2053284178311787,69287.29986985591
E1-ecc,20260843,plane,vel,1.2027603416951422,69287.29986985591
E1-ecc,20260843,plane,pos,-0.024440664891981823,305135.2347796487
E1-ecc,20260843,plane,vel,0.007587827700625646,305135.2347796487
E1-ecc,20260843,plane,pos,-1.0582290750369754,5783712.474902078
E1-ecc,20260843,plane,vel,-0.7735825356705047,5783712.474902078
E1-ecc,20260843,plane,pos,-0.45661693145048365,83823.67554019665
E1-ecc,20260843,plane,vel,-0.6901874657849822,83823.67554019665
E1-ecc,20260843,plane,pos,0.08613708495121561,62027.4601041624
E1-ecc,20260843,plane,vel,-0.17515061512860494,62027.4601041624
E1-ecc,20260843,range,pos,0.11571761301153134,44056.73637413786
E1-ecc,20260843,range,vel,-0.5806674406724562,44056.73637413786
E1-ecc,20260843,range,pos,-0.44933989298961463,4368418.638782162
E1-ecc,20260843,range,vel,-0.09100902568715401,4368418.638782162
E1-ecc,20260843,range,pos,-0.05710154827256529,492855.3830303917
E1-ecc,20260843,range,vel,0.6873753032047011,492855.3830303917
E1-ecc,20260843,range,pos,1.0977358473609322,111688.4915675122
E1-ecc,20260843,range,vel,-0.1861682670705776,111688.4915675122
E1-ecc,20260843,range,pos,-0.18954347160958446,128870.85708270427
E1-ecc,20260843,range,vel,0.09257907894438226,128870.85708270427
E1-ecc,20260843,range,pos,0.1467482468170886,266837.2691302705
E1-ecc,20260843,range,vel,-0.5799048464566068,266837.2691302705
E1-ecc,20260843,range,pos,0.11483048382569842,9474348.888139825
E1-ecc,20260843,range,vel,0.5711516671014768,9474348.888139825
E1-ecc,20260843,range,pos,-2.11961252379735,2112723.98577467
E1-ecc,20260843,range,vel,1.946123598012099,2112723.98577467
E1-ecc,20260843,inplane,pos,0.04664283925114267,44056.73637413786
E1-ecc,20260843,inplane,vel,0.04182187823055084,44056.73637413786
E1-ecc,20260843,inplane,pos,-0.8809663629490609,4368418.638782162
E1-ecc,20260843,inplane,vel,-0.6610723790596612,4368418.638782162
E1-ecc,20260843,inplane,pos,1.129467255635993,492855.3830303917
E1-ecc,20260843,inplane,vel,0.5596735999316813,492855.3830303917
E1-ecc,20260843,inplane,pos,-0.1511838953910836,111688.4915675122
E1-ecc,20260843,inplane,vel,0.9470322291481186,111688.4915675122
E1-ecc,20260843,inplane,pos,0.13613055022369566,128870.85708270427
E1-ecc,20260843,inplane,vel,-0.9083431195189238,128870.85708270427
E1-ecc,20260843,inplane,pos,-0.45721465836871744,266837.2691302705
E1-ecc,20260843,inplane,vel,0.018687980986640783,266837.2691302705
E1-ecc,20260843,inplane,pos,0.5160090227519916,9474348.888139825
E1-ecc,20260843,inplane,vel,-0.0642480276213717,9474348.888139825
E1-ecc,20260843,inplane,pos,1.48419045715756,2112723.98577467
E1-ecc,20260843,inplane,vel,-2.3152431449000406,2112723.98577467
E1-ecc,20260843,plane,pos,0.679630899962615,44056.73637413786
E1-ecc,20260843,plane,vel,-0.3810288652323563,44056.73637413786
E1-ecc,20260843,plane,pos,-1.842525581723069,4368418.638782162
E1-ecc,20260843,plane,vel,-0.5740715772060653,4368418.638782162
E1-ecc,20260843,plane,pos,-0.32403651360510005,492855.3830303917
E1-ecc,20260843,plane,vel,-1.4131962040311183,492855.3830303917
E1-ecc,20260843,plane,pos,-0.35090136508900355,111688.4915675122
E1-ecc,20260843,plane,vel,-0.22450324282640072,111688.4915675122
E1-ecc,20260843,plane,pos,1.0273772684286169,128870.85708270427
E1-ecc,20260843,plane,vel,0.25667230923697604,128870.85708270427
E1-ecc,20260843,plane,pos,-1.0114629373051696,266837.2691302705
E1-ecc,20260843,plane,vel,-0.22342123830386706,266837.2691302705
E1-ecc,20260843,plane,pos,-0.2265837082443916,9474348.888139825
E1-ecc,20260843,plane,vel,-1.177917912106458,9474348.888139825
E1-ecc,20260843,plane,pos,0.3401859335117582,2112723.98577467
E1-ecc,20260843,plane,vel,0.41938698707348504,2112723.98577467
E1-ecc,20260843,range,pos,-0.7479346985361469,104673.4368133194
E1-ecc,20260843,range,vel,0.3536352480089971,104673.4368133194
E1-ecc,20260843,range,pos,-0.27224645235175043,169719.25004340644
E1-ecc,20260843,range,vel,-0.3251778445151906,169719.25004340644
E1-ecc,20260843,range,pos,-0.019347068035086637,168528.50981634166
E1-ecc,20260843,range,vel,0.24038624187068053,168528.50981634166
E1-ecc,20260843,range,pos,-1.0689897596873348,8405088.53520221
E1-ecc,20260843,range,vel,-0.9623605779041259,8405088.53520221
E1-ecc,20260843,range,pos,0.40261800318630836,62468.13378443312
E1-ecc,20260843,range,vel,0.6406380102413342,62468.13378443312
E1-ecc,20260843,range,pos,-2.241593288309792,4375117.8031135285
E1-ecc,20260843,range,vel,1.0179554650661422,4375117.8031135285
E1-ecc,20260843,range,pos,-0.0003439290642154245,58959.61304091103
E1-ecc,20260843,range,vel,-0.521861939776312,58959.61304091103
E1-ecc,20260843,range,pos,1.2055988156006676,216121.9563494158
E1-ecc,20260843,range,vel,-0.7234140248598597,216121.9563494158
E1-ecc,20260843,inplane,pos,-0.4316221085355033,104673.4368133194
E1-ecc,20260843,inplane,vel,-0.9380714277470111,104673.4368133194
E1-ecc,20260843,inplane,pos,-0.26439813499070725,169719.25004340644
E1-ecc,20260843,inplane,vel,-0.39601119402422064,169719.25004340644
E1-ecc,20260843,inplane,pos,0.5988732511686148,168528.50981634166
E1-ecc,20260843,inplane,vel,-0.11738194938855913,168528.50981634166
E1-ecc,20260843,inplane,pos,1.169681797226719,8405088.53520221
E1-ecc,20260843,inplane,vel,-1.00363066652456,8405088.53520221
E1-ecc,20260843,inplane,pos,1.8574012529962356,62468.13378443312
E1-ecc,20260843,inplane,vel,0.322571235315782,62468.13378443312
E1-ecc,20260843,inplane,pos,-2.6732858935516055,4375117.8031135285
E1-ecc,20260843,inplane,vel,-2.331671443286013,4375117.8031135285
E1-ecc,20260843,inplane,pos,-0.9809961653300255,58959.61304091103
E1-ecc,20260843,inplane,vel,-0.7841747326975826,58959.61304091103
E1-ecc,20260843,inplane,pos,-0.5305985171148446,216121.9563494158
E1-ecc,20260843,inplane,vel,0.22967433814936483,216121.9563494158
E1-ecc,20260843,plane,pos,-0.5392693481522292,104673.4368133194
E1-ecc,20260843,plane,vel,0.799861045779103,104673.4368133194
E1-ecc,20260843,plane,pos,-0.27949165404680326,169719.25004340644
E1-ecc,20260843,plane,vel,-0.3124571982322665,169719.25004340644
E1-ecc,20260843,plane,pos,-1.9745102611378305,168528.50981634166
E1-ecc,20260843,plane,vel,0.88452122766292,168528.50981634166
E1-ecc,20260843,plane,pos,1.8043969156726238,8405088.53520221
E1-ecc,20260843,plane,vel,-0.40807431750661344,8405088.53520221
E1-ecc,20260843,plane,pos,-0.782713658400315,62468.13378443312
E1-ecc,20260843,plane,vel,-0.7600366387758953,62468.13378443312
E1-ecc,20260843,plane,pos,0.5028821260519966,4375117.8031135285
E1-ecc,20260843,plane,vel,-1.7581336365911124,4375117.8031135285
E1-ecc,20260843,plane,pos,1.1464428607296944,58959.61304091103
E1-ecc,20260843,plane,vel,0.5114599711856957,58959.61304091103
E1-ecc,20260843,plane,pos,-0.38505084880803614,216121.9563494158
E1-ecc,20260843,plane,vel,-0.22435488530052433,216121.9563494158
E1-ecc,20260843,range,pos,-0.6120230868919571,846849.5660971499
E1-ecc,20260843,range,vel,0.1903917566224458,846849.5660971499
E1-ecc,20260843,range,pos,-1.5653466217659504,161699.19450240547
E1-ecc,20260843,range,vel,-0.5669883682005902,161699.19450240547
E1-ecc,20260843,range,pos,-0.591875254219709,2318601.8647564263
E1-ecc,20260843,range,vel,-0.29303415002643735,2318601.8647564263
E1-ecc,20260843,range,pos,-0.9833496325086488,124376.37345708715
E1-ecc,20260843,range,vel,0.910043810210195,124376.37345708715
E1-ecc,20260843,range,pos,0.8463133818596533,947928.7625951847
E1-ecc,20260843,range,vel,-0.3529037068206087,947928.7625951847
E1-ecc,20260843,range,pos,0.6304940889484207,291311.31515840837
E1-ecc,20260843,range,vel,0.7149308534670707,291311.31515840837
E1-ecc,20260843,range,pos,0.4565319738413368,176689.26438141093
E1-ecc,20260843,range,vel,0.9031323672567088,176689.26438141093
E1-ecc,20260843,range,pos,0.8655475501388233,7575605.76519291
E1-ecc,20260843,range,vel,0.3656075362088594,7575605.76519291
E1-ecc,20260843,inplane,pos,-0.4893510594109278,846849.5660971499
E1-ecc,20260843,inplane,vel,-0.7535490723652727,846849.5660971499
E1-ecc,20260843,inplane,pos,0.672535867982047,161699.19450240547
E1-ecc,20260843,inplane,vel,1.5792148637346861,161699.19450240547
E1-ecc,20260843,inplane,pos,-1.2806648087979948,2318601.8647564263
E1-ecc,20260843,inplane,vel,-0.7863031766309707,2318601.8647564263
E1-ecc,20260843,inplane,pos,1.1307461647814387,124376.37345708715
E1-ecc,20260843,inplane,vel,-0.5895554954638276,124376.37345708715
E1-ecc,20260843,inplane,pos,0.912970831466104,947928.7625951847
E1-ecc,20260843,inplane,vel,0.9505917618493788,947928.7625951847
E1-ecc,20260843,inplane,pos,-0.3271904221043831,291311.31515840837
E1-ecc,20260843,inplane,vel,0.804369430384063,291311.31515840837
E1-ecc,20260843,inplane,pos,-1.6157729440063737,176689.26438141093
E1-ecc,20260843,inplane,vel,-1.110839015252588,176689.26438141093
E1-ecc,20260843,inplane,pos,-1.3688382397114083,7575605.76519291
E1-ecc,20260843,inplane,vel,0.9386946529939952,7575605.76519291
E1-ecc,20260843,plane,pos,1.201557763565175,846849.5660971499
E1-ecc,20260843,plane,vel,-0.29886474206105895,846849.5660971499
E1-ecc,20260843,plane,pos,-0.16291114218602623,161699.19450240547
E1-ecc,20260843,plane,vel,0.9824787553934852,161699.19450240547
E1-ecc,20260843,plane,pos,-0.7986005764226548,2318601.8647564263
E1-ecc,20260843,plane,vel,-0.8244072529463649,2318601.8647564263
E1-ecc,20260843,plane,pos,0.01880674108600626,124376.37345708715
E1-ecc,20260843,plane,vel,-1.0660687436236451,124376.37345708715
E1-ecc,20260843,plane,pos,1.1255949957368039,947928.7625951847
E1-ecc,20260843,plane,vel,-0.9766088841248926,947928.7625951847
E1-ecc,20260843,plane,pos,-0.803030112786256,291311.31515840837
E1-ecc,20260843,plane,vel,-0.3110794966851137,291311.31515840837
E1-ecc,20260843,plane,pos,-0.36595258587733503,176689.26438141093
E1-ecc,20260843,plane,vel,1.7332647891539592,176689.26438141093
E1-ecc,20260843,plane,pos,0.45179927944329457,7575605.76519291
E1-ecc,20260843,plane,vel,-0.82914662670864,7575605.76519291
E1-ecc,20260843,range,pos,0.3064000341865365,47923.83584244374
E1-ecc,20260843,range,vel,-0.35197249631656824,47923.83584244374
E1-ecc,20260843,range,pos,-0.12061505134329426,14861831.153352004
E1-ecc,20260843,range,vel,-0.965331539351787,14861831.153352004
E1-ecc,20260843,range,pos,1.7900839316543211,307422.3124664935
E1-ecc,20260843,range,vel,0.9619774722101726,307422.3124664935
E1-ecc,20260843,range,pos,0.5390792472165941,318837.6288864087
E1-ecc,20260843,range,vel,-0.7754439179232768,318837.6288864087
E1-ecc,20260843,range,pos,1.7577813542112937,75785.8396153487
E1-ecc,20260843,range,vel,-1.8661819083131965,75785.8396153487
E1-ecc,20260843,range,pos,-1.1225223308660373,9687471.029021215
E1-ecc,20260843,range,vel,1.1532077662644702,9687471.029021215
E1-ecc,20260843,range,pos,2.224654508891881,18946.899431422265
E1-ecc,20260843,range,vel,-1.9825728454492184,18946.899431422265
E1-ecc,20260843,range,pos,0.051849750434188414,2460301.8062924445
E1-ecc,20260843,range,vel,-0.0607860928766142,2460301.8062924445
E1-ecc,20260843,inplane,pos,-0.38541168383389224,47923.83584244374
E1-ecc,20260843,inplane,vel,0.05427303424316798,47923.83584244374
E1-ecc,20260843,inplane,pos,1.0788576420275082,14861831.153352004
E1-ecc,20260843,inplane,vel,1.3180591300499123,14861831.153352004
E1-ecc,20260843,inplane,pos,0.060610991491787045,307422.3124664935
E1-ecc,20260843,inplane,vel,1.5447773808394905,307422.3124664935
E1-ecc,20260843,inplane,pos,-0.8297977766679198,318837.6288864087
E1-ecc,20260843,inplane,vel,0.26072375468440645,318837.6288864087
E1-ecc,20260843,inplane,pos,0.8579911548307576,75785.8396153487
E1-ecc,20260843,inplane,vel,1.7570100738994523,75785.8396153487
E1-ecc,20260843,inplane,pos,-0.04416638152043378,9687471.029021215
E1-ecc,20260843,inplane,vel,0.06506310611689256,9687471.029021215
E1-ecc,20260843,inplane,pos,1.6037203215415385,18946.899431422265
E1-ecc,20260843,inplane,vel,2.1902387379832917,18946.899431422265
E1-ecc,20260843,inplane,pos,-0.0416792835475345,2460301.8062924445
E1-ecc,20260843,inplane,vel,0.05340114862072878,2460301.8062924445
E1-ecc,20260843,plane,pos,-0.9520469211566563,47923.83584244374
E1-ecc,20260843,plane,vel,0.13025078521775377,47923.83584244374
E1-ecc,20260843,plane,pos,0.6003684199179837,14861831.153352004
E1-ecc,20260843,plane,vel,-0.871502792174957,14861831.153352004
E1-ecc,20260843,plane,pos,-0.918188408281644,307422.3124664935
E1-ecc,20260843,plane,vel,-0.451330913919401,307422.3124664935
E1-ecc,20260843,plane,pos,0.2381333138588852,318837.6288864087
E1-ecc,20260843,plane,vel,-0.22981589786978285,318837.6288864087
E1-ecc,20260843,plane,pos,-0.8547130083461218,75785.8396153487
E1-ecc,20260843,plane,vel,1.7446132713014881,75785.8396153487
E1-ecc,20260843,plane,pos,1.1386523134422806,9687471.029021215
E1-ecc,20260843,plane,vel,-1.1767593450902405,9687471.029021215
E1-ecc,20260843,plane,pos,0.5665449113640162,18946.899431422265
E1-ecc,20260843,plane,vel,-0.5600454715289013,18946.899431422265
E1-ecc,20260843,plane,pos,-1.6682913329654767,2460301.8062924445
E1-ecc,20260843,plane,vel,-0.36680752597326083,2460301.8062924445
E1-ecc,20260843,range,pos,1.324939102913652,235117.9156219996
E1-ecc,20260843,range,vel,-0.23859045220273833,235117.9156219996
E1-ecc,20260843,range,pos,0.8137654362534108,135047.80448760418
E1-ecc,20260843,range,vel,-0.42049823437780937,135047.80448760418
E1-ecc,20260843,range,pos,0.6292363485069303,14082668.012136307
E1-ecc,20260843,range,vel,0.7339850284112934,14082668.012136307
E1-ecc,20260843,range,pos,-0.9006696118758712,15659952.8183071
E1-ecc,20260843,range,vel,-0.9471879954298329,15659952.8183071
E1-ecc,20260843,range,pos,-0.024388783400938925,1437052.2873914044
E1-ecc,20260843,range,vel,1.1931594561306982,1437052.2873914044
E1-ecc,20260843,range,pos,-0.4273992700451405,86910.45401752608
E1-ecc,20260843,range,vel,-0.32734504271735615,86910.45401752608
E1-ecc,20260843,range,pos,0.2127110197947297,361905.8574582543
E1-ecc,20260843,range,vel,0.1733465256839112,361905.8574582543
E1-ecc,20260843,range,pos,-0.13771200937142583,7371948.344191859
E1-ecc,20260843,range,vel,-0.018254124621174865,7371948.344191859
E1-ecc,20260843,inplane,pos,0.733991294080261,235117.9156219996
E1-ecc,20260843,inplane,vel,0.7841079515792043,235117.9156219996
E1-ecc,20260843,inplane,pos,1.1372687253796645,135047.80448760418
E1-ecc,20260843,inplane,vel,0.581432512817768,135047.80448760418
E1-ecc,20260843,inplane,pos,-0.6462611473578523,14082668.012136307
E1-ecc,20260843,inplane,vel,0.008512511989825469,14082668.012136307
E1-ecc,20260843,inplane,pos,1.0203951757423397,15659952.8183071
E1-ecc,20260843,inplane,vel,0.6459322166305967,15659952.8183071
E1-ecc,20260843,inplane,pos,1.1881526550450254,1437052.2873914044
E1-ecc,20260843,inplane,vel,0.20694645533431894,1437052.2873914044
E1-ecc,20260843,inplane,pos,1.5250957507627647,86910.45401752608
E1-ecc,20260843,inplane,vel,-1.2048911472112422,86910.45401752608
E1-ecc,20260843,inplane,pos,0.24349266087820343,361905.8574582543
E1-ecc,20260843,inplane,vel,0.27846808814991814,361905.8574582543
E1-ecc,20260843,inplane,pos,0.5564061388462291,7371948.344191859
E1-ecc,20260843,inplane,vel,0.010318413885376595,7371948.344191859
E1-ecc,20260843,plane,pos,0.3876377158052949,235117.9156219996
E1-ecc,20260843,plane,vel,0.8254161212765803,235117.9156219996
E1-ecc,20260843,plane,pos,-0.8368937921511284,135047.80448760418
E1-ecc,20260843,plane,vel,-0.4722030765105171,135047.80448760418
E1-ecc,20260843,plane,pos,0.10988235796657744,14082668.012136307
E1-ecc,20260843,plane,vel,0.5439051864487611,14082668.012136307
E1-ecc,20260843,plane,pos,-0.3622763127241456,15659952.8183071
E1-ecc,20260843,plane,vel,0.37370022935240843,15659952.8183071
E1-ecc,20260843,plane,pos,-0.4435947869533174,1437052.2873914044
E1-ecc,20260843,plane,vel,-0.9738176437291515,1437052.2873914044
E1-ecc,20260843,plane,pos,-1.102662488562782,86910.45401752608
E1-ecc,20260843,plane,vel,-1.0799968447166048,86910.45401752608
E1-ecc,20260843,plane,pos,-0.9081880619560094,361905.8574582543
E1-ecc,20260843,plane,vel,0.8274814850265679,361905.8574582543
E1-ecc,20260843,plane,pos,0.4712322365944465,7371948.344191859
E1-ecc,20260843,plane,vel,-0.3041436765902399,7371948.344191859
E1-ecc,20260850,range,pos,0.5614089352781858,131997.33136121326
E1-ecc,20260850,range,vel,-0.5771994272241187,131997.33136121326
E1-ecc,20260850,range,pos,0.5079198036749432,562188.4253101095
E1-ecc,20260850,range,vel,1.4448128399009823,562188.4253101095
E1-ecc,20260850,range,pos,-1.53434669382023,119723.86176658381
E1-ecc,20260850,range,vel,1.0943971781106938,119723.86176658381
E1-ecc,20260850,range,pos,0.3233876550742946,43383.82779853026
E1-ecc,20260850,range,vel,-1.179147778008569,43383.82779853026
E1-ecc,20260850,range,pos,-1.6569738187426246,99858.28127698698
E1-ecc,20260850,range,vel,0.7648427703182299,99858.28127698698
E1-ecc,20260850,range,pos,-1.138484330647518,277808.0820261436
E1-ecc,20260850,range,vel,-0.5558280464514752,277808.0820261436
E1-ecc,20260850,range,pos,0.849381167050414,188588.9039955099
E1-ecc,20260850,range,vel,-0.7249387299058984,188588.9039955099
E1-ecc,20260850,range,pos,-1.1073263627918473,180423.62622707433
E1-ecc,20260850,range,vel,-0.7794606218012099,180423.62622707433
E1-ecc,20260850,inplane,pos,-0.25517721633092566,131997.33136121326
E1-ecc,20260850,inplane,vel,0.48915194300391307,131997.33136121326
E1-ecc,20260850,inplane,pos,1.544929247678033,562188.4253101095
E1-ecc,20260850,inplane,vel,0.5621896053160994,562188.4253101095
E1-ecc,20260850,inplane,pos,-0.2067630230573506,119723.86176658381
E1-ecc,20260850,inplane,vel,-0.783242586665829,119723.86176658381
E1-ecc,20260850,inplane,pos,-1.30531555162042,43383.82779853026
E1-ecc,20260850,inplane,vel,1.301953164592512,43383.82779853026
E1-ecc,20260850,inplane,pos,0.4170013026573743,99858.28127698698
E1-ecc,20260850,inplane,vel,-1.5716347895897125,99858.28127698698
E1-ecc,20260850,inplane,pos,-1.1534276288820637,277808.0820261436
E1-ecc,20260850,inplane,vel,-1.2072785079267236,277808.0820261436
E1-ecc,20260850,inplane,pos,0.6010773481907244,188588.9039955099
E1-ecc,20260850,inplane,vel,0.807166776244945,188588.9039955099
E1-ecc,20260850,inplane,pos,-0.14434759799451288,180423.62622707433
E1-ecc,20260850,inplane,vel,0.9336689153415555,180423.62622707433
E1-ecc,20260850,plane,pos,0.22357555316163374,131997.33136121326
E1-ecc,20260850,plane,vel,-1.2522388128757473,131997.33136121326
E1-ecc,20260850,plane,pos,0.7026524522009598,562188.4253101095
E1-ecc,20260850,plane,vel,0.26718198104745766,562188.4253101095
E1-ecc,20260850,plane,pos,0.18159046543493645,119723.86176658381
E1-ecc,20260850,plane,vel,-0.2629211067570333,119723.86176658381
E1-ecc,20260850,plane,pos,0.2106462668056458,43383.82779853026
E1-ecc,20260850,plane,vel,2.7394649537410487,43383.82779853026
E1-ecc,20260850,plane,pos,0.4891082512213214,99858.28127698698
E1-ecc,20260850,plane,vel,-0.9078322550290109,99858.28127698698
E1-ecc,20260850,plane,pos,0.6952666945089405,277808.0820261436
E1-ecc,20260850,plane,vel,-1.029521984920924,277808.0820261436
E1-ecc,20260850,plane,pos,-0.6151631687098003,188588.9039955099
E1-ecc,20260850,plane,vel,-0.3149836836005148,188588.9039955099
E1-ecc,20260850,plane,pos,-0.12400506541118778,180423.62622707433
E1-ecc,20260850,plane,vel,-1.240559241031658,180423.62622707433
E1-ecc,20260850,range,pos,0.038102089633328465,1253268.2803964247
E1-ecc,20260850,range,vel,0.22312200766013404,1253268.2803964247
E1-ecc,20260850,range,pos,0.11838339904305903,5405301.229055101
E1-ecc,20260850,range,vel,1.1012109203977956,5405301.229055101
E1-ecc,20260850,range,pos,1.0109660271825216,11742425.887098886
E1-ecc,20260850,range,vel,-0.14098880068694183,11742425.887098886
E1-ecc,20260850,range,pos,-1.8817481261411584,9296520.103614727
E1-ecc,20260850,range,vel,-2.2405235678443702,9296520.103614727
E1-ecc,20260850,range,pos,0.3591641841271568,418270.7883619295
E1-ecc,20260850,range,vel,-1.113631958441453,418270.7883619295
E1-ecc,20260850,range,pos,0.9789931861226127,9008494.187562345
E1-ecc,20260850,range,vel,0.5961145172394359,9008494.187562345
E1-ecc,20260850,range,pos,-0.050750420106079094,205877.163330015
E1-ecc,20260850,range,vel,0.11558171976180838,205877.163330015
E1-ecc,20260850,range,pos,-0.45707244537925606,823499.5044947726
E1-ecc,20260850,range,vel,0.20780878004173223,823499.5044947726
E1-ecc,20260850,inplane,pos,0.32530330377158356,1253268.2803964247
E1-ecc,20260850,inplane,vel,0.17456582873588275,1253268.2803964247
E1-ecc,20260850,inplane,pos,1.218825516082308,5405301.229055101
E1-ecc,20260850,inplane,vel,-0.10354819524566197,5405301.229055101
E1-ecc,20260850,inplane,pos,-0.007898062260043215,11742425.887098886
E1-ecc,20260850,inplane,vel,-0.8204311805892961,11742425.887098886
E1-ecc,20260850,inplane,pos,1.451101361371589,9296520.103614727
E1-ecc,20260850,inplane,vel,-1.9606804099477595,9296520.103614727
E1-ecc,20260850,inplane,pos,-0.7144891193968604,418270.7883619295
E1-ecc,20260850,inplane,vel,-0.006783223472710622,418270.7883619295
E1-ecc,20260850,inplane,pos,-1.7503987524292457,9008494.187562345
E1-ecc,20260850,inplane,vel,1.509469564097084,9008494.187562345
E1-ecc,20260850,inplane,pos,0.2129396851734546,205877.163330015
E1-ecc,20260850,inplane,vel,-0.11025942381009765,205877.163330015
E1-ecc,20260850,inplane,pos,-0.29335687242007275,823499.5044947726
E1-ecc,20260850,inplane,vel,-0.4989341666843101,823499.5044947726
E1-ecc,20260850,plane,pos,-0.8439396488022131,1253268.2803964247
E1-ecc,20260850,plane,vel,-0.6634799388067406,1253268.2803964247
E1-ecc,20260850,plane,pos,-0.09713734032969883,5405301.229055101
E1-ecc,20260850,plane,vel,-0.4098802369588093,5405301.229055101
E1-ecc,20260850,plane,pos,0.6283513876133402,11742425.887098886
E1-ecc,20260850,plane,vel,1.9312179262667848,11742425.887098886
E1-ecc,20260850,plane,pos,1.641451694878595,9296520.103614727
E1-ecc,20260850,plane,vel,-0.3944041428973411,9296520.103614727
E1-ecc,20260850,plane,pos,-0.1609883565639989,418270.7883619295
E1-ecc,20260850,plane,vel,-1.0364526470725073,418270.7883619295
E1-ecc,20260850,plane,pos,0.5897673717104592,9008494.187562345
E1-ecc,20260850,plane,vel,0.753595754327012,9008494.187562345
E1-ecc,20260850,plane,pos,-1.2849228171050278,205877.163330015
E1-ecc,20260850,plane,vel,0.26679293027785556,205877.163330015
E1-ecc,20260850,plane,pos,0.3315429978300221,823499.5044947726
E1-ecc,20260850,plane,vel,1.056244339571995,823499.5044947726
E1-ecc,20260850,range,pos,-0.30685914810092274,1909994.0373255904
E1-ecc,20260850,range,vel,0.3010172456324582,1909994.0373255904
E1-ecc,20260850,range,pos,-0.3506588040841278,30639.14313452698
E1-ecc,20260850,range,vel,-0.020359828597589193,30639.14313452698
E1-ecc,20260850,range,pos,-0.016342758338238138,53472.29779557144
E1-ecc,20260850,range,vel,-0.5576264404253362,53472.29779557144
E1-ecc,20260850,range,pos,0.937273619707658,11783555.647805132
E1-ecc,20260850,range,vel,1.1511504800327488,11783555.647805132
E1-ecc,20260850,range,pos,-2.4445764458819905,151506.5432037723
E1-ecc,20260850,range,vel,1.439921139472742,151506.5432037723
E1-ecc,20260850,range,pos,-0.8529162441423731,691357.3326536788
E1-ecc,20260850,range,vel,0.7069756490827487,691357.3326536788
E1-ecc,20260850,range,pos,0.661174165797248,8693750.579109948
E1-ecc,20260850,range,vel,-0.49187994488707054,8693750.579109948
E1-ecc,20260850,inplane,pos,0.22277103930784395,1909994.0373255904
E1-ecc,20260850,inplane,vel,-0.3037288198562129,1909994.0373255904
E1-ecc,20260850,inplane,pos,-0.3810509157060813,30639.14313452698
E1-ecc,20260850,inplane,vel,0.5832697541302653,30639.14313452698
E1-ecc,20260850,inplane,pos,-0.4133526489357405,53472.29779557144
E1-ecc,20260850,inplane,vel,0.631097344072538,53472.29779557144
E1-ecc,20260850,inplane,pos,-1.2429324612677364,11783555.647805132
E1-ecc,20260850,inplane,vel,1.3547968741844147,11783555.647805132
E1-ecc,20260850,inplane,pos,-0.6289224370723703,151506.5432037723
E1-ecc,20260850,inplane,vel,-2.3315030547572504,151506.5432037723
E1-ecc,20260850,inplane,pos,-0.16394515870968485,691357.3326536788
E1-ecc,20260850,inplane,vel,-0.7930002203081823,691357.3326536788
E1-ecc,20260850,inplane,pos,0.0710768802394619,8693750.579109948
E1-ecc,20260850,inplane,vel,0.015290966097256891,8693750.579109948
E1-ecc,20260850,plane,pos,0.26321464795801053,1909994.0373255904
E1-ecc,20260850,plane,vel,0.3593277796316459,1909994.0373255904
E1-ecc,20260850,plane,pos,-0.17180819882074128,30639.14313452698
E1-ecc,20260850,plane,vel,-0.3092456426372844,30639.14313452698
E1-ecc,20260850,plane,pos,0.46124766446344223,53472.29779557144
E1-ecc,20260850,plane,vel,0.0771947635652397,53472.29779557144
E1-ecc,20260850,plane,pos,-1.0840791131123302,11783555.647805132
E1-ecc,20260850,plane,vel,0.6637079661643156,11783555.647805132
E1-ecc,20260850,plane,pos,0.9902780605794165,151506.5432037723
E1-ecc,20260850,plane,vel,-1.180502513155774,151506.5432037723
E1-ecc,20260850,plane,pos,-0.3455363452686675,691357.3326536788
E1-ecc,20260850,plane,vel,-0.6309605491389533,691357.3326536788
E1-ecc,20260850,plane,pos,0.8584804760129091,8693750.579109948
E1-ecc,20260850,plane,vel,1.5927548623856256,8693750.579109948
E1-ecc,20260850,range,pos,0.39677497424388736,83421.31589502738
E1-ecc,20260850,range,vel,0.49238258463993345,83421.31589502738
E1-ecc,20260850,range,pos,-0.22740814938087073,1433203.8022693077
E1-ecc,20260850,range,vel,0.342262803946274,1433203.8022693077
E1-ecc,20260850,range,pos,-0.9227318490053408,8653949.978168245
E1-ecc,20260850,range,vel,1.012998872930883,8653949.978168245
E1-ecc,20260850,range,pos,0.7193336940532019,461448.135894005
E1-ecc,20260850,range,vel,0.5554459553738038,461448.135894005
E1-ecc,20260850,range,pos,-0.20713224224050683,451834.5909132991
E1-ecc,20260850,range,vel,0.04993728187554351,451834.5909132991
E1-ecc,20260850,range,pos,0.12092004873491394,294339.9977766732
E1-ecc,20260850,range,vel,-0.3152473781042174,294339.9977766732
E1-ecc,20260850,range,pos,-0.010219038423393285,242832.9986030872
E1-ecc,20260850,range,vel,-0.6050427777441217,242832.9986030872
E1-ecc,20260850,inplane,pos,0.04606762911586711,83421.31589502738
E1-ecc,20260850,inplane,vel,0.8411492614491543,83421.31589502738
E1-ecc,20260850,inplane,pos,-0.2531786383293535,1433203.8022693077
E1-ecc,20260850,inplane,vel,-0.4870070658420777,1433203.8022693077
E1-ecc,20260850,inplane,pos,0.1185399962263789,8653949.978168245
E1-ecc,20260850,inplane,vel,0.17495206374325092,8653949.978168245
E1-ecc,20260850,inplane,pos,0.5407058723856892,461448.135894005
E1-ecc,20260850,inplane,vel,0.7440556855694249,461448.135894005
E1-ecc,20260850,inplane,pos,0.0323944030932076,451834.5909132991
E1-ecc,20260850,inplane,vel,-0.1483316097107539,451834.5909132991
E1-ecc,20260850,inplane,pos,-0.2894721223071531,294339.9977766732
E1-ecc,20260850,inplane,vel,-0.08397016523263158,294339.9977766732
E1-ecc,20260850,inplane,pos,-0.6279220157614708,242832.9986030872
E1-ecc,20260850,inplane,vel,-0.9012754271511573,242832.9986030872
E1-ecc,20260850,plane,pos,1.151679606493997,83421.31589502738
E1-ecc,20260850,plane,vel,0.7485119537662339,83421.31589502738
E1-ecc,20260850,plane,pos,0.43571956416314767,1433203.8022693077
E1-ecc,20260850,plane,vel,-2.406092238622504,1433203.8022693077
E1-ecc,20260850,plane,pos,1.090032462102436,8653949.978168245
E1-ecc,20260850,plane,vel,1.8959740876413211,8653949.978168245
E1-ecc,20260850,plane,pos,1.0973239377453035,461448.135894005
E1-ecc,20260850,plane,vel,-0.2665659269535048,461448.135894005
E1-ecc,20260850,plane,pos,-0.3370835500348815,451834.5909132991
E1-ecc,20260850,plane,vel,0.5262242412660565,451834.5909132991
E1-ecc,20260850,plane,pos,-0.1425031291858657,294339.9977766732
E1-ecc,20260850,plane,vel,0.20948799106037308,294339.9977766732
E1-ecc,20260850,plane,pos,0.22690278867521468,242832.9986030872
E1-ecc,20260850,plane,vel,2.378863377764033,242832.9986030872
E1-ecc,20260850,range,pos,0.24794646117882635,88446.516357549
E1-ecc,20260850,range,vel,-0.447476644067862,88446.516357549
E1-ecc,20260850,range,pos,0.014282226456295642,63178.269831380996
E1-ecc,20260850,range,vel,0.39478642476972925,63178.269831380996
E1-ecc,20260850,range,pos,-0.2172233864667793,285728.4049598811
E1-ecc,20260850,range,vel,0.4173065949479924,285728.4049598811
E1-ecc,20260850,range,pos,0.7280305385289771,15423600.752629561
E1-ecc,20260850,range,vel,-1.3824029647823757,15423600.752629561
E1-ecc,20260850,range,pos,-0.20521423981286352,500782.2914426248
E1-ecc,20260850,range,vel,0.5278546743957587,500782.2914426248
E1-ecc,20260850,range,pos,-0.8809877322918283,5815188.522554953
E1-ecc,20260850,range,vel,0.9956368227253422,5815188.522554953
E1-ecc,20260850,range,pos,1.25610844084324,2027345.3004462174
E1-ecc,20260850,range,vel,0.21200356217470584,2027345.3004462174
E1-ecc,20260850,inplane,pos,0.41042721272219845,88446.516357549
E1-ecc,20260850,inplane,vel,0.761521218057944,88446.516357549
E1-ecc,20260850,inplane,pos,-0.263585899816869,63178.269831380996
E1-ecc,20260850,inplane,vel,-0.30511348647368797,63178.269831380996
E1-ecc,20260850,inplane,pos,-0.0039916393115087935,285728.4049598811
E1-ecc,20260850,inplane,vel,-0.39416883344095305,285728.4049598811
E1-ecc,20260850,inplane,pos,1.3022643970359675,15423600.752629561
E1-ecc,20260850,inplane,vel,-1.0116696239012923,15423600.752629561
E1-ecc,20260850,inplane,pos,-0.06445565089183815,500782.2914426248
E1-ecc,20260850,inplane,vel,0.1847464142739035,500782.2914426248
E1-ecc,20260850,inplane,pos,1.8740795375422756,5815188.522554953
E1-ecc,20260850,inplane,vel,-0.3467010245718015,5815188.522554953
E1-ecc,20260850,inplane,pos,0.1532333532854873,2027345.3004462174
E1-ecc,20260850,inplane,vel,1.3023000570628442,2027345.3004462174
E1-ecc,20260850,plane,pos,-0.1826648299272011,88446.516357549
E1-ecc,20260850,plane,vel,-0.8010139106209765,88446.516357549
E1-ecc,20260850,plane,pos,-0.24854849988258357,63178.269831380996
E1-ecc,20260850,plane,vel,0.9299056755302568,63178.269831380996
E1-ecc,20260850,plane,pos,-0.7317836846113691,285728.4049598811
E1-ecc,20260850,plane,vel,0.32547257250205086,285728.4049598811
E1-ecc,20260850,plane,pos,1.0274438717006373,15423600.752629561
E1-ecc,20260850,plane,vel,0.5540043863976155,15423600.752629561
E1-ecc,20260850,plane,pos,-0.6972716492523907,500782.2914426248
E1-ecc,20260850,plane,vel,0.1418996303722439,500782.2914426248
E1-ecc,20260850,plane,pos,1.285848836925364,5815188.522554953
E1-ecc,20260850,plane,vel,-0.28024039536104206,5815188.522554953
E1-ecc,20260850,plane,pos,-0.6666698918426782,2027345.3004462174
E1-ecc,20260850,plane,vel,-0.6921786973954138,2027345.3004462174
E1-ecc,20260850,range,pos,0.2437288088099719,312190.6141757763
E1-ecc,20260850,range,vel,0.21027414465883223,312190.6141757763
E1-ecc,20260850,range,pos,-0.691454424746139,1286098.0832703616
E1-ecc,20260850,range,vel,-0.8409047330611322,1286098.0832703616
E1-ecc,20260850,range,pos,0.6563935124250375,2322424.2110772277
E1-ecc,20260850,range,vel,-0.71614069776658,2322424.2110772277
E1-ecc,20260850,range,pos,0.8722690752903686,141551.38734239168
E1-ecc,20260850,range,vel,-0.7844275049340371,141551.38734239168
E1-ecc,20260850,range,pos,0.38464476113091156,216526.51567540734
E1-ecc,20260850,range,vel,-0.7449206266305883,216526.51567540734
E1-ecc,20260850,range,pos,0.2918700803760811,173644.11266384905
E1-ecc,20260850,range,vel,0.4325409480742944,173644.11266384905
E1-ecc,20260850,range,pos,-0.8463996951551158,480914.84313125187
E1-ecc,20260850,range,vel,-1.2677877542766987,480914.84313125187
E1-ecc,20260850,range,pos,0.02460198668401436,492680.8774867014
E1-ecc,20260850,range,vel,0.4120229149357366,492680.8774867014
E1-ecc,20260850,inplane,pos,1.35318107664833,312190.6141757763
E1-ecc,20260850,inplane,vel,1.1207471144307948,312190.6141757763
E1-ecc,20260850,inplane,pos,0.2908293440935151,1286098.0832703616
E1-ecc,20260850,inplane,vel,-0.683945005546503,1286098.0832703616
E1-ecc,20260850,inplane,pos,-1.2764976406341204,2322424.2110772277
E1-ecc,20260850,inplane,vel,0.6155650047568904,2322424.2110772277
E1-ecc,20260850,inplane,pos,-0.28884310288126747,141551.38734239168
E1-ecc,20260850,inplane,vel,-0.8975448142627792,141551.38734239168
E1-ecc,20260850,inplane,pos,2.2787759319841046,216526.51567540734
E1-ecc,20260850,inplane,vel,2.267300135240706,216526.51567540734
E1-ecc,20260850,inplane,pos,0.5887199913705083,173644.11266384905
E1-ecc,20260850,inplane,vel,0.5565609180684671,173644.11266384905
E1-ecc,20260850,inplane,pos,-1.3680924949840858,480914.84313125187
E1-ecc,20260850,inplane,vel,-1.1861579334737964,480914.84313125187
E1-ecc,20260850,inplane,pos,1.5752249220934484,492680.8774867014
E1-ecc,20260850,inplane,vel,0.2853918900346869,492680.8774867014
E1-ecc,20260850,plane,pos,0.6886730934452248,312190.6141757763
E1-ecc,20260850,plane,vel,-0.6069102834675014,312190.6141757763
E1-ecc,20260850,plane,pos,-0.0612109089307778,1286098.0832703616
E1-ecc,20260850,plane,vel,-1.7523999834231023,1286098.0832703616
E1-ecc,20260850,plane,pos,-0.7447056672972385,2322424.2110772277
E1-ecc,20260850,plane,vel,-0.24653444708476993,2322424.2110772277
E1-ecc,20260850,plane,pos,-0.2934462472820217,141551.38734239168
E1-ecc,20260850,plane,vel,0.5255100230521575,141551.38734239168
E1-ecc,20260850,plane,pos,-0.7091727831683665,216526.51567540734
E1-ecc,20260850,plane,vel,-0.17892915398398845,216526.51567540734
E1-ecc,20260850,plane,pos,-0.749761851534641,173644.11266384905
E1-ecc,20260850,plane,vel,-0.6245840623965552,173644.11266384905
E1-ecc,20260850,plane,pos,-1.1913105471652743,480914.84313125187
E1-ecc,20260850,plane,vel,-0.59505307918263,480914.84313125187
E1-ecc,20260850,plane,pos,-0.8624740019806928,492680.8774867014
E1-ecc,20260850,plane,vel,-0.47923441790582905,492680.8774867014
E1-ecc,20260857,range,pos,1.0755075482875627,61160.2698462597
E1-ecc,20260857,range,vel,1.5842145832725807,61160.2698462597
E1-ecc,20260857,range,pos,-0.9602227164056273,204114.21796594447
E1-ecc,20260857,range,vel,-1.01446121703019,204114.21796594447
E1-ecc,20260857,range,pos,2.183301432345984,228701.34411948256
E1-ecc,20260857,range,vel,2.1543695676592765,228701.34411948256
E1-ecc,20260857,range,pos,-0.8635668590222418,775016.0331773544
E1-ecc,20260857,range,vel,-1.2014029903456445,775016.0331773544
E1-ecc,20260857,range,pos,-0.1117538219224053,67116.88761990619
E1-ecc,20260857,range,vel,-0.13542973656795143,67116.88761990619
E1-ecc,20260857,range,pos,-0.2586421260064886,53791.18557987644
E1-ecc,20260857,range,vel,-0.8622866621468249,53791.18557987644
E1-ecc,20260857,range,pos,-1.2472437691879235,359189.78807163343
E1-ecc,20260857,range,vel,-1.3139540825835023,359189.78807163343
E1-ecc,20260857,range,pos,-0.2908530872766005,431364.23339123
E1-ecc,20260857,range,vel,-1.134398066118745,431364.23339123
E1-ecc,20260857,inplane,pos,1.6712512453215935,61160.2698462597
E1-ecc,20260857,inplane,vel,1.6270771331720233,61160.2698462597
E1-ecc,20260857,inplane,pos,1.5368473559881173,204114.21796594447
E1-ecc,20260857,inplane,vel,-0.483624758067654,204114.21796594447
E1-ecc,20260857,inplane,pos,1.0760716003010438,228701.34411948256
E1-ecc,20260857,inplane,vel,0.25856075143329854,228701.34411948256
E1-ecc,20260857,inplane,pos,-1.2396161575185645,775016.0331773544
E1-ecc,20260857,inplane,vel,-0.8324405601198377,775016.0331773544
E1-ecc,20260857,inplane,pos,0.23838233599879344,67116.88761990619
E1-ecc,20260857,inplane,vel,-0.16659920498969813,67116.88761990619
E1-ecc,20260857,inplane,pos,0.4844866029736043,53791.18557987644
E1-ecc,20260857,inplane,vel,-0.09136577081092961,53791.18557987644
E1-ecc,20260857,inplane,pos,-1.48518106430354,359189.78807163343
E1-ecc,20260857,inplane,vel,-1.3426127845920033,359189.78807163343
E1-ecc,20260857,inplane,pos,-1.4050918556267742,431364.23339123
E1-ecc,20260857,inplane,vel,-0.050622109924717024,431364.23339123
E1-ecc,20260857,plane,pos,0.6750499598860992,61160.2698462597
E1-ecc,20260857,plane,vel,0.7426373680425634,61160.2698462597
E1-ecc,20260857,plane,pos,0.9118512357145164,204114.21796594447
E1-ecc,20260857,plane,vel,0.9756400400192771,204114.21796594447
E1-ecc,20260857,plane,pos,-0.9258520533913274,228701.34411948256
E1-ecc,20260857,plane,vel,-2.0733069242229383,228701.34411948256
E1-ecc,20260857,plane,pos,-0.5518232889698936,775016.0331773544
E1-ecc,20260857,plane,vel,0.35492862500798844,775016.0331773544
E1-ecc,20260857,plane,pos,1.0580450241467152,67116.88761990619
E1-ecc,20260857,plane,vel,1.8202934501855685,67116.88761990619
E1-ecc,20260857,plane,pos,-1.8872896257316643,53791.18557987644
E1-ecc,20260857,plane,vel,-1.1189864407554129,53791.18557987644
E1-ecc,20260857,plane,pos,0.9128948551132268,359189.78807163343
E1-ecc,20260857,plane,vel,-1.9392438181758234,359189.78807163343
E1-ecc,20260857,plane,pos,-0.6831379359612191,431364.23339123
E1-ecc,20260857,plane,vel,0.392274613769045,431364.23339123
E1-ecc,20260857,range,pos,-1.3351707144481684,3081577.238519344
E1-ecc,20260857,range,vel,-0.2219731138874928,3081577.238519344
E1-ecc,20260857,range,pos,-1.6054745692036574,10823699.981780434
E1-ecc,20260857,range,vel,-1.3101400949814501,10823699.981780434
E1-ecc,20260857,range,pos,0.22550887145597803,88025.32753769464
E1-ecc,20260857,range,vel,-0.7296595931667478,88025.32753769464
E1-ecc,20260857,range,pos,-0.3056839850007122,13836597.672236027
E1-ecc,20260857,range,vel,-0.2664029409018847,13836597.672236027
E1-ecc,20260857,range,pos,0.4097733101893363,295984.6703565581
E1-ecc,20260857,range,vel,-0.7191212588737539,295984.6703565581
E1-ecc,20260857,range,pos,-1.052930131162291,464798.0287373051
E1-ecc,20260857,range,vel,0.18731283464755497,464798.0287373051
E1-ecc,20260857,range,pos,1.1875758417193907,102420.54004118014
E1-ecc,20260857,range,vel,1.041654857511386,102420.54004118014
E1-ecc,20260857,range,pos,0.6656881520858161,962206.5153593441
E1-ecc,20260857,range,vel,0.9357187047852551,962206.5153593441
E1-ecc,20260857,inplane,pos,1.76493517331499,3081577.238519344
E1-ecc,20260857,inplane,vel,-1.2432843932565958,3081577.238519344
E1-ecc,20260857,inplane,pos,0.92458437134287,10823699.981780434
E1-ecc,20260857,inplane,vel,-0.49328666732447773,10823699.981780434
E1-ecc,20260857,inplane,pos,-0.7232383200182577,88025.32753769464
E1-ecc,20260857,inplane,vel,-0.02594136103862113,88025.32753769464
E1-ecc,20260857,inplane,pos,0.3123839403926501,13836597.672236027
E1-ecc,20260857,inplane,vel,-0.191825100011294,13836597.672236027
E1-ecc,20260857,inplane,pos,-0.7741503981890422,295984.6703565581
E1-ecc,20260857,inplane,vel,0.0838076295329127,295984.6703565581
E1-ecc,20260857,inplane,pos,-0.4706812784791806,464798.0287373051
E1-ecc,20260857,inplane,vel,-1.0405754891601626,464798.0287373051
E1-ecc,20260857,inplane,pos,-0.982936969027479,102420.54004118014
E1-ecc,20260857,inplane,vel,1.3682895360201635,102420.54004118014
E1-ecc,20260857,inplane,pos,1.168909209119314,962206.5153593441
E1-ecc,20260857,inplane,vel,0.47553310159642465,962206.5153593441
E1-ecc,20260857,plane,pos,0.2228276893111639,3081577.238519344
E1-ecc,20260857,plane,vel,-0.32357361220567704,3081577.238519344
E1-ecc,20260857,plane,pos,-0.3189033744408094,10823699.981780434
E1-ecc,20260857,plane,vel,0.26264157192342713,10823699.981780434
E1-ecc,20260857,plane,pos,0.9286753015231328,88025.32753769464
E1-ecc,20260857,plane,vel,-0.2919557764780191,88025.32753769464
E1-ecc,20260857,plane,pos,0.5688997876890677,13836597.672236027
E1-ecc,20260857,plane,vel,-0.771540162614469,13836597.672236027
E1-ecc,20260857,plane,pos,-0.6368207941365468,295984.6703565581
E1-ecc,20260857,plane,vel,-1.4980319945243477,295984.6703565581
E1-ecc,20260857,plane,pos,-1.2934698787209737,464798.0287373051
E1-ecc,20260857,plane,vel,-1.7129061218482544,464798.0287373051
E1-ecc,20260857,plane,pos,2.3047864119769343,102420.54004118014
E1-ecc,20260857,plane,vel,1.000400739975862,102420.54004118014
E1-ecc,20260857,plane,pos,-0.52798356565077,962206.5153593441
E1-ecc,20260857,plane,vel,0.46976551294851626,962206.5153593441
E1-ecc,20260857,range,pos,0.815989193796356,51003.236254032876
E1-ecc,20260857,range,vel,0.4671921589569675,51003.236254032876
E1-ecc,20260857,range,pos,1.5365906613356284,830446.1169756588
E1-ecc,20260857,range,vel,-1.2994197429334537,830446.1169756588
E1-ecc,20260857,range,pos,-0.10262383048902181,234566.7865329435
E1-ecc,20260857,range,vel,0.10832998683081835,234566.7865329435
E1-ecc,20260857,range,pos,-0.4400214781063212,138208.0777967679
E1-ecc,20260857,range,vel,0.1537114472873099,138208.0777967679
E1-ecc,20260857,range,pos,0.38232372761487915,12333844.661345098
E1-ecc,20260857,range,vel,-0.2488346890518321,12333844.661345098
E1-ecc,20260857,range,pos,0.31790491696503864,974458.6138961386
E1-ecc,20260857,range,vel,-1.1865079050544722,974458.6138961386
E1-ecc,20260857,range,pos,-2.653851234929945,54722.434310348086
E1-ecc,20260857,range,vel,-2.890767709473708,54722.434310348086
E1-ecc,20260857,inplane,pos,0.00308633294404961,51003.236254032876
E1-ecc,20260857,inplane,vel,0.6344776561848113,51003.236254032876
E1-ecc,20260857,inplane,pos,-0.39143551539695015,830446.1169756588
E1-ecc,20260857,inplane,vel,1.547777630186017,830446.1169756588
E1-ecc,20260857,inplane,pos,0.18777867188955794,234566.7865329435
E1-ecc,20260857,inplane,vel,-0.0527461508747204,234566.7865329435
E1-ecc,20260857,inplane,pos,-0.4141935747136324,138208.0777967679
E1-ecc,20260857,inplane,vel,-0.43747093821801497,138208.0777967679
E1-ecc,20260857,inplane,pos,-0.19945023781997118,12333844.661345098
E1-ecc,20260857,inplane,vel,-0.37554873391344146,12333844.661345098
E1-ecc,20260857,inplane,pos,-1.014131652598722,974458.6138961386
E1-ecc,20260857,inplane,vel,0.1822052303735466,974458.6138961386
E1-ecc,20260857,inplane,pos,-2.478906359303705,54722.434310348086
E1-ecc,20260857,inplane,vel,-2.369832997540549,54722.434310348086
E1-ecc,20260857,plane,pos,-1.1395443671443326,51003.236254032876
E1-ecc,20260857,plane,vel,-0.05404478029476751,51003.236254032876
E1-ecc,20260857,plane,pos,-0.5828183403432932,830446.1169756588
E1-ecc,20260857,plane,vel,1.0513370997742713,830446.1169756588
E1-ecc,20260857,plane,pos,0.18938348905181968,234566.7865329435
E1-ecc,20260857,plane,vel,-0.26524004855816313,234566.7865329435
E1-ecc,20260857,plane,pos,0.24869040510830134,138208.0777967679
E1-ecc,20260857,plane,vel,1.3168993212460172,138208.0777967679
E1-ecc,20260857,plane,pos,-1.0433401974388028,12333844.661345098
E1-ecc,20260857,plane,vel,-0.8236027999342959,12333844.661345098
E1-ecc,20260857,plane,pos,-0.37665402418570343,974458.6138961386
E1-ecc,20260857,plane,vel,0.8948232730981333,974458.6138961386
E1-ecc,20260857,plane,pos,-1.9571757417550135,54722.434310348086
E1-ecc,20260857,plane,vel,-1.7290338023182037,54722.434310348086
E1-ecc,20260857,range,pos,-1.1350468043634356,664330.8419004795
E1-ecc,20260857,range,vel,0.753925978311721,664330.8419004795
E1-ecc,20260857,range,pos,-1.3225217775992872,172472.09882887654
E1-ecc,20260857,range,vel,-1.3084100250019,172472.09882887654
E1-ecc,20260857,range,pos,0.6262423327134112,6221303.745221245
E1-ecc,20260857,range,vel,-1.0735532999190074,6221303.745221245
E1-ecc,20260857,range,pos,-0.5238147466200054,1000124.4608301896
E1-ecc,20260857,range,vel,-0.8366177022219227,1000124.4608301896
E1-ecc,20260857,range,pos,1.1978070683404336,2149893.1443844833
E1-ecc,20260857,range,vel,1.091621921338078,2149893.1443844833
E1-ecc,20260857,range,pos,-0.696117197345919,111588.64445762092
E1-ecc,20260857,range,vel,0.5423840316320989,111588.64445762092
E1-ecc,20260857,range,pos,0.18508057729147326,1896336.0463429503
E1-ecc,20260857,range,vel,-0.42727902992662076,1896336.0463429503
E1-ecc,20260857,range,pos,1.0624194207908584,185987.30068290076
E1-ecc,20260857,range,vel,0.6046106202965873,185987.30068290076
E1-ecc,20260857,inplane,pos,-1.2673197068355126,664330.8419004795
E1-ecc,20260857,inplane,vel,-1.0753186240541572,664330.8419004795
E1-ecc,20260857,inplane,pos,0.718666787090096,172472.09882887654
E1-ecc,20260857,inplane,vel,0.23523995545143309,172472.09882887654
E1-ecc,20260857,inplane,pos,0.43339233615620887,6221303.745221245
E1-ecc,20260857,inplane,vel,0.8400913656103906,6221303.745221245
E1-ecc,20260857,inplane,pos,-0.7188299093813149,1000124.4608301896
E1-ecc,20260857,inplane,vel,-0.6497628171286407,1000124.4608301896
E1-ecc,20260857,inplane,pos,-0.6996075241709473,2149893.1443844833
E1-ecc,20260857,inplane,vel,1.2373505459042569,2149893.1443844833
E1-ecc,20260857,inplane,pos,1.519181532836849,111588.64445762092
E1-ecc,20260857,inplane,vel,-0.47729052724457705,111588.64445762092
E1-ecc,20260857,inplane,pos,-0.7744917728861253,1896336.0463429503
E1-ecc,20260857,inplane,vel,0.23158015753535108,1896336.0463429503
E1-ecc,20260857,inplane,pos,-0.20709748808417816,185987.30068290076
E1-ecc,20260857,inplane,vel,-0.02082672498248467,185987.30068290076
E1-ecc,20260857,plane,pos,-0.3133081141358863,664330.8419004795
E1-ecc,20260857,plane,vel,-0.1594669938849147,664330.8419004795
E1-ecc,20260857,plane,pos,-0.64201366154938,172472.09882887654
E1-ecc,20260857,plane,vel,0.6331962504435966,172472.09882887654
E1-ecc,20260857,plane,pos,-0.39862809753993317,6221303.745221245
E1-ecc,20260857,plane,vel,-0.26857755601637,6221303.745221245
E1-ecc,20260857,plane,pos,-1.1036714582320433,1000124.4608301896
E1-ecc,20260857,plane,vel,-1.460353805236331,1000124.4608301896
E1-ecc,20260857,plane,pos,-0.8470027062153096,2149893.1443844833
E1-ecc,20260857,plane,vel,-2.022727251512233,2149893.1443844833
E1-ecc,20260857,plane,pos,-0.6144900521553186,111588.64445762092
E1-ecc,20260857,plane,vel,-1.719457110902123,111588.64445762092
E1-ecc,20260857,plane,pos,0.7963518695365628,1896336.0463429503
E1-ecc,20260857,plane,vel,0.9753383751034707,1896336.0463429503
E1-ecc,20260857,plane,pos,-0.8925610669781077,185987.30068290076
E1-ecc,20260857,plane,vel,-1.1642914113597778,185987.30068290076
E1-ecc,20260857,range,pos,0.19749514454684014,208423.18947502496
E1-ecc,20260857,range,vel,0.6991948560105903,208423.18947502496
E1-ecc,20260857,range,pos,0.8259199594617721,439553.15747089905
E1-ecc,20260857,range,vel,0.20356554429509402,439553.15747089905
E1-ecc,20260857,range,pos,-0.17852430288789042,156801.1266685124
E1-ecc,20260857,range,vel,1.2281404060710577,156801.1266685124
E1-ecc,20260857,range,pos,-0.02844620071993041,32505.987299646356
E1-ecc,20260857,range,vel,-0.36704769333495435,32505.987299646356
E1-ecc,20260857,range,pos,1.1588641837568279,152134.2320668169
E1-ecc,20260857,range,vel,-0.9636399951833624,152134.2320668169
E1-ecc,20260857,range,pos,-0.6362246429692343,215581.48614900612
E1-ecc,20260857,range,vel,-0.4254304813161194,215581.48614900612
E1-ecc,20260857,inplane,pos,1.079126890398826,208423.18947502496
E1-ecc,20260857,inplane,vel,0.18404497412549783,208423.18947502496
E1-ecc,20260857,inplane,pos,-0.24829879027496615,439553.15747089905
E1-ecc,20260857,inplane,vel,-0.923514327961654,439553.15747089905
E1-ecc,20260857,inplane,pos,1.3907283752137904,156801.1266685124
E1-ecc,20260857,inplane,vel,1.4724376057198163,156801.1266685124
E1-ecc,20260857,inplane,pos,-0.16364838390116815,32505.987299646356
E1-ecc,20260857,inplane,vel,-0.24085979330331106,32505.987299646356
E1-ecc,20260857,inplane,pos,0.9325841959583182,152134.2320668169
E1-ecc,20260857,inplane,vel,1.0572882748467352,152134.2320668169
E1-ecc,20260857,inplane,pos,-0.0050343393168710395,215581.48614900612
E1-ecc,20260857,inplane,vel,-0.6333094947928559,215581.48614900612
E1-ecc,20260857,plane,pos,-0.9461304922285497,208423.18947502496
E1-ecc,20260857,plane,vel,0.6310532347030783,208423.18947502496
E1-ecc,20260857,plane,pos,-0.34640583992138313,439553.15747089905
E1-ecc,20260857,plane,vel,0.05453227607595613,439553.15747089905
E1-ecc,20260857,plane,pos,1.3453998853076388,156801.1266685124
E1-ecc,20260857,plane,vel,2.0408937951700676,156801.1266685124
E1-ecc,20260857,plane,pos,0.38144660405423014,32505.987299646356
E1-ecc,20260857,plane,vel,0.4040362082017839,32505.987299646356
E1-ecc,20260857,plane,pos,0.19075132455631233,152134.2320668169
E1-ecc,20260857,plane,vel,-0.8119218945202253,152134.2320668169
E1-ecc,20260857,plane,pos,-2.485745544154732,215581.48614900612
E1-ecc,20260857,plane,vel,0.2487367213659515,215581.48614900612
E1-ecc,20260857,range,pos,0.26682106537700107,568108.6820555745
E1-ecc,20260857,range,vel,0.29920381973243754,568108.6820555745
E1-ecc,20260857,range,pos,-1.4229929498607243,43912.48531524025
E1-ecc,20260857,range,vel,0.8080349353416648,43912.48531524025
E1-ecc,20260857,range,pos,0.19877640987862494,12694571.761509571
E1-ecc,20260857,range,vel,0.1871609374440046,12694571.761509571
E1-ecc,20260857,range,pos,-0.3431423805579582,455513.49797601084
E1-ecc,20260857,range,vel,-0.19384251776265796,455513.49797601084
E1-ecc,20260857,range,pos,0.3210166944272448,11338970.271993658
E1-ecc,20260857,range,vel,-0.07652727009858266,11338970.271993658
E1-ecc,20260857,range,pos,0.5509387544463902,193438.1889098091
E1-ecc,20260857,range,vel,-0.34254856248973403,193438.1889098091
E1-ecc,20260857,range,pos,3.242653530082746,740254.6786453489
E1-ecc,20260857,range,vel,2.935681157280608,740254.6786453489
E1-ecc,20260857,range,pos,-0.6261999424328802,505566.3828861877
E1-ecc,20260857,range,vel,0.781464822855203,505566.3828861877
E1-ecc,20260857,inplane,pos,0.6226264737385109,568108.6820555745
E1-ecc,20260857,inplane,vel,0.23638269305809598,568108.6820555745
E1-ecc,20260857,inplane,pos,-0.03685109408138876,43912.48531524025
E1-ecc,20260857,inplane,vel,0.01617289659049577,43912.48531524025
E1-ecc,20260857,inplane,pos,-1.2184648636919124,12694571.761509571
E1-ecc,20260857,inplane,vel,1.2612234670895948,12694571.761509571
E1-ecc,20260857,inplane,pos,-0.8461469059481858,455513.49797601084
E1-ecc,20260857,inplane,vel,-0.6987643394869134,455513.49797601084
E1-ecc,20260857,inplane,pos,0.2897975566847137,11338970.271993658
E1-ecc,20260857,inplane,vel,0.00316481625363281,11338970.271993658
E1-ecc,20260857,inplane,pos,-0.4297035873213915,193438.1889098091
E1-ecc,20260857,inplane,vel,0.542559625383215,193438.1889098091
E1-ecc,20260857,inplane,pos,-0.47550780544500104,740254.6786453489
E1-ecc,20260857,inplane,vel,3.299326450388789,740254.6786453489
E1-ecc,20260857,inplane,pos,-0.3515284743698535,505566.3828861877
E1-ecc,20260857,inplane,vel,-0.7097385873640687,505566.3828861877
E1-ecc,20260857,plane,pos,0.4958503649976569,568108.6820555745
E1-ecc,20260857,plane,vel,1.4990765976894735,568108.6820555745
E1-ecc,20260857,plane,pos,-1.1914195974837172,43912.48531524025
E1-ecc,20260857,plane,vel,1.5299795571665844,43912.48531524025
E1-ecc,20260857,plane,pos,-0.15465654234448392,12694571.761509571
E1-ecc,20260857,plane,vel,-0.17031726065774414,12694571.761509571
E1-ecc,20260857,plane,pos,-2.224359905695738,455513.49797601084
E1-ecc,20260857,plane,vel,-0.4339850380543005,455513.49797601084
E1-ecc,20260857,plane,pos,1.8400276606232762,11338970.271993658
E1-ecc,20260857,plane,vel,-1.7530118500719907,11338970.271993658
E1-ecc,20260857,plane,pos,-1.1774084134806289,193438.1889098091
E1-ecc,20260857,plane,vel,0.17642947132184936,193438.1889098091
E1-ecc,20260857,plane,pos,0.7215714684776567,740254.6786453489
E1-ecc,20260857,plane,vel,2.191228744550585,740254.6786453489
E1-ecc,20260857,plane,pos,0.9580770533886496,505566.3828861877
E1-ecc,20260857,plane,vel,0.5693075993151657,505566.3828861877
E1-ecc,20260864,range,pos,-0.5624020299826381,136702.58600431436
E1-ecc,20260864,range,vel,-0.6995761579163773,136702.58600431436
E1-ecc,20260864,range,pos,-0.3828068881176829,283067.614197594
E1-ecc,20260864,range,vel,0.8090694297004207,283067.614197594
E1-ecc,20260864,range,pos,-0.6248309085568274,193045.22785978302
E1-ecc,20260864,range,vel,0.6125719606887836,193045.22785978302
E1-ecc,20260864,range,pos,-1.2720323192354264,460023.40127339814
E1-ecc,20260864,range,vel,1.6031948261980595,460023.40127339814
E1-ecc,20260864,range,pos,-0.37353355466090643,323978.3937499698
E1-ecc,20260864,range,vel,0.17226930722738584,323978.3937499698
E1-ecc,20260864,range,pos,-0.18211432967839147,219895.12377958256
E1-ecc,20260864,range,vel,0.6788959319599349,219895.12377958256
E1-ecc,20260864,range,pos,0.9690406418238916,1477501.3799255074
E1-ecc,20260864,range,vel,-1.5070266728566233,1477501.3799255074
E1-ecc,20260864,range,pos,-1.0449652959691802,349476.786042643
E1-ecc,20260864,range,vel,1.0578379849243524,349476.786042643
E1-ecc,20260864,inplane,pos,-0.868927535145029,136702.58600431436
E1-ecc,20260864,inplane,vel,-0.5704162174964653,136702.58600431436
E1-ecc,20260864,inplane,pos,1.214565027501094,283067.614197594
E1-ecc,20260864,inplane,vel,0.15651814102459968,283067.614197594
E1-ecc,20260864,inplane,pos,-0.1942082116441739,193045.22785978302
E1-ecc,20260864,inplane,vel,-0.5152321000409354,193045.22785978302
E1-ecc,20260864,inplane,pos,0.9677107392924771,460023.40127339814
E1-ecc,20260864,inplane,vel,-1.3968241380539526,460023.40127339814
E1-ecc,20260864,inplane,pos,-0.4473952226680673,323978.3937499698
E1-ecc,20260864,inplane,vel,-0.48239168886480266,323978.3937499698
E1-ecc,20260864,inplane,pos,1.6519351872142973,219895.12377958256
E1-ecc,20260864,inplane,vel,-0.37091119301129793,219895.12377958256
E1-ecc,20260864,inplane,pos,-0.05734846310622438,1477501.3799255074
E1-ecc,20260864,inplane,vel,1.2680362246868726,1477501.3799255074
E1-ecc,20260864,inplane,pos,-0.6620319223906299,349476.786042643
E1-ecc,20260864,inplane,vel,-1.0829381553334492,349476.786042643
E1-ecc,20260864,plane,pos,0.03264082603109893,136702.58600431436
E1-ecc,20260864,plane,vel,0.8859633203119464,136702.58600431436
E1-ecc,20260864,plane,pos,1.4321092939985178,283067.614197594
E1-ecc,20260864,plane,vel,1.4569486105132634,283067.614197594
E1-ecc,20260864,plane,pos,-0.4660489647653806,193045.22785978302
E1-ecc,20260864,plane,vel,0.19899720112386998,193045.22785978302
E1-ecc,20260864,plane,pos,-0.4695581358509443,460023.40127339814
E1-ecc,20260864,plane,vel,-0.1359946542690329,460023.40127339814
E1-ecc,20260864,plane,pos,1.1814338342250563,323978.3937499698
E1-ecc,20260864,plane,vel,-0.5400099480256195,323978.3937499698
E1-ecc,20260864,plane,pos,-2.607587708671626,219895.12377958256
E1-ecc,20260864,plane,vel,-0.09441341869541857,219895.12377958256
E1-ecc,20260864,plane,pos,0.8132517333636637,1477501.3799255074
E1-ecc,20260864,plane,vel,-0.8495535192478026,1477501.3799255074
E1-ecc,20260864,plane,pos,-0.3686314655008548,349476.786042643
E1-ecc,20260864,plane,vel,-0.6194182881536783,349476.786042643
E1-ecc,20260864,range,pos,-1.700907775017134,2925802.6165776034
E1-ecc,20260864,range,vel,-0.5572596521866222,2925802.6165776034
E1-ecc,20260864,range,pos,1.5474947851027776,4192246.662694153
E1-ecc,20260864,range,vel,-1.5313309417039114,4192246.662694153
E1-ecc,20260864,range,pos,1.4636741528573294,922438.8674980919
E1-ecc,20260864,range,vel,2.0853704589554076,922438.8674980919
E1-ecc,20260864,range,pos,-0.396449027906688,746807.4611866658
E1-ecc,20260864,range,vel,-0.15317851025676163,746807.4611866658
E1-ecc,20260864,range,pos,0.09565242613315848,3406179.5926852957
E1-ecc,20260864,range,vel,0.07528207843816054,3406179.5926852957
E1-ecc,20260864,range,pos,0.6164431429764283,1686211.2819656131
E1-ecc,20260864,range,vel,1.0565280057178588,1686211.2819656131
E1-ecc,20260864,range,pos,1.512699602711644,2992219.1843589717
E1-ecc,20260864,range,vel,1.078773717999647,2992219.1843589717
E1-ecc,20260864,range,pos,-0.9724726476732819,984596.7516022082
E1-ecc,20260864,range,vel,-1.0934283900811441,984596.7516022082
E1-ecc,20260864,inplane,pos,0.3842536867914277,2925802.6165776034
E1-ecc,20260864,inplane,vel,-1.7173722456832614,2925802.6165776034
E1-ecc,20260864,inplane,pos,1.1724029846039152,4192246.662694153
E1-ecc,20260864,inplane,vel,1.4511743033911955,4192246.662694153
E1-ecc,20260864,inplane,pos,2.0808647089761076,922438.8674980919
E1-ecc,20260864,inplane,vel,1.3376334254071103,922438.8674980919
E1-ecc,20260864,inplane,pos,0.723965697587915,746807.4611866658
E1-ecc,20260864,inplane,vel,-0.2863463467354241,746807.4611866658
E1-ecc,20260864,inplane,pos,-0.011443518251655986,3406179.5926852957
E1-ecc,20260864,inplane,vel,0.06685585302144287,3406179.5926852957
E1-ecc,20260864,inplane,pos,1.2455630281034815,1686211.2819656131
E1-ecc,20260864,inplane,vel,0.5865561172720335,1686211.2819656131
E1-ecc,20260864,inplane,pos,-1.4640678790180033,2992219.1843589717
E1-ecc,20260864,inplane,vel,1.625407121903065,2992219.1843589717
E1-ecc,20260864,inplane,pos,-1.2185322958791132,984596.7516022082
E1-ecc,20260864,inplane,vel,-1.0995033170267803,984596.7516022082
E1-ecc,20260864,plane,pos,-0.5929113021978943,2925802.6165776034
E1-ecc,20260864,plane,vel,-0.928461195573546,2925802.6165776034
E1-ecc,20260864,plane,pos,0.3556410059734351,4192246.662694153
E1-ecc,20260864,plane,vel,1.3158736696982976,4192246.662694153
E1-ecc,20260864,plane,pos,0.8318324526353963,922438.8674980919
E1-ecc,20260864,plane,vel,0.6810033105725082,922438.8674980919
E1-ecc,20260864,plane,pos,0.4557839599908531,746807.4611866658
E1-ecc,20260864,plane,vel,-0.5015288075448748,746807.4611866658
E1-ecc,20260864,plane,pos,-0.7523465939688551,3406179.5926852957
E1-ecc,20260864,plane,vel,-0.9481676518908169,3406179.5926852957
E1-ecc,20260864,plane,pos,0.0024716844365943805,1686211.2819656131
E1-ecc,20260864,plane,vel,-1.5508865204022242,1686211.2819656131
E1-ecc,20260864,plane,pos,-0.1648872259760576,2992219.1843589717
E1-ecc,20260864,plane,vel,-0.7049219263640999,2992219.1843589717
E1-ecc,20260864,plane,pos,1.9157446612879707,984596.7516022082
E1-ecc,20260864,plane,vel,-0.09090991089264505,984596.7516022082
E1-ecc,20260864,range,pos,0.44416996384580326,45037.377219434034
E1-ecc,20260864,range,vel,1.8516765994192639,45037.377219434034
E1-ecc,20260864,range,pos,0.3785958454732634,753393.5845660048
E1-ecc,20260864,range,vel,0.2520294578742014,753393.5845660048
E1-ecc,20260864,range,pos,0.5189043427771438,35328.288999332915
E1-ecc,20260864,range,vel,-0.06536001160841944,35328.288999332915
E1-ecc,20260864,range,pos,0.4666589287843909,55958.25875204778
E1-ecc,20260864,range,vel,0.4501419353309268,55958.25875204778
E1-ecc,20260864,range,pos,1.4263888288850268,103351.53958188949
E1-ecc,20260864,range,vel,-1.8943103492400357,103351.53958188949
E1-ecc,20260864,range,pos,0.7636448226327486,74673.41840834531
E1-ecc,20260864,range,vel,-0.8504181991668291,74673.41840834531
E1-ecc,20260864,range,pos,0.41849273689932,68838.56405274308
E1-ecc,20260864,range,vel,-0.789439718892893,68838.56405274308
E1-ecc,20260864,range,pos,-0.033831579356234855,36473.77769967341
E1-ecc,20260864,range,vel,1.4418092163493326,36473.77769967341
E1-ecc,20260864,inplane,pos,-0.5249741403132177,45037.377219434034
E1-ecc,20260864,inplane,vel,-0.31583066624497674,45037.377219434034
E1-ecc,20260864,inplane,pos,0.7311843481921898,753393.5845660048
E1-ecc,20260864,inplane,vel,0.3230588425835768,753393.5845660048
E1-ecc,20260864,inplane,pos,0.36912971985464993,35328.288999332915
E1-ecc,20260864,inplane,vel,-0.4805087402368535,35328.288999332915
E1-ecc,20260864,inplane,pos,0.3800426228474219,55958.25875204778
E1-ecc,20260864,inplane,vel,-0.5042156929900073,55958.25875204778
E1-ecc,20260864,inplane,pos,-0.5506891861935811,103351.53958188949
E1-ecc,20260864,inplane,vel,0.9620778298401935,103351.53958188949
E1-ecc,20260864,inplane,pos,0.6908329035665206,74673.41840834531
E1-ecc,20260864,inplane,vel,0.2951889628289977,74673.41840834531
E1-ecc,20260864,inplane,pos,-0.2234734191515592,68838.56405274308
E1-ecc,20260864,inplane,vel,0.04264842989588631,68838.56405274308
E1-ecc,20260864,inplane,pos,0.8550678083973936,36473.77769967341
E1-ecc,20260864,inplane,vel,1.0720031927418856,36473.77769967341
E1-ecc,20260864,plane,pos,0.4941873342064682,45037.377219434034
E1-ecc,20260864,plane,vel,0.4550665078034997,45037.377219434034
E1-ecc,20260864,plane,pos,-0.6898432595612476,753393.5845660048
E1-ecc,20260864,plane,vel,1.4768609400234545,753393.5845660048
E1-ecc,20260864,plane,pos,1.093086978530226,35328.288999332915
E1-ecc,20260864,plane,vel,0.34329127026549827,35328.288999332915
E1-ecc,20260864,plane,pos,-0.2870419007940384,55958.25875204778
E1-ecc,20260864,plane,vel,-0.12547757923379396,55958.25875204778
E1-ecc,20260864,plane,pos,-0.9616566122523945,103351.53958188949
E1-ecc,20260864,plane,vel,1.1247215136719884,103351.53958188949
E1-ecc,20260864,plane,pos,-0.12583739710363542,74673.41840834531
E1-ecc,20260864,plane,vel,0.811745954977946,74673.41840834531
E1-ecc,20260864,plane,pos,1.5213758870367773,68838.56405274308
E1-ecc,20260864,plane,vel,0.18789327683625567,68838.56405274308
E1-ecc,20260864,plane,pos,-0.049216033501913524,36473.77769967341
E1-ecc,20260864,plane,vel,-0.8184865742738671,36473.77769967341
E1-ecc,20260864,range,pos,1.1936838029061085,87491.5629867685
E1-ecc,20260864,range,vel,-0.5213392322137732,87491.5629867685
E1-ecc,20260864,range,pos,0.7683606668475997,13025333.618286652
E1-ecc,20260864,range,vel,0.6103170801180219,13025333.618286652
E1-ecc,20260864,range,pos,0.819215271606077,454653.8118642161
E1-ecc,20260864,range,vel,-0.41404969190107616,454653.8118642161
E1-ecc,20260864,range,pos,0.17063049864224797,858375.4742848208
E1-ecc,20260864,range,vel,1.6280978372756465,858375.4742848208
E1-ecc,20260864,range,pos,-0.5890694896879836,522453.82717671775
E1-ecc,20260864,range,vel,0.0010647077006430343,522453.82717671775
E1-ecc,20260864,range,pos,-1.7166352887926555,1145503.1174601826
E1-ecc,20260864,range,vel,2.3874671672329977,1145503.1174601826
E1-ecc,20260864,range,pos,-1.2696523657602075,9216078.888855645
E1-ecc,20260864,range,vel,0.876696279803096,9216078.888855645
E1-ecc,20260864,range,pos,-0.9857489869669228,86001.65110858293
E1-ecc,20260864,range,vel,-1.3791043967964678,86001.65110858293
E1-ecc,20260864,inplane,pos,-1.7305740360664228,87491.5629867685
E1-ecc,20260864,inplane,vel,-2.3076268602363124,87491.5629867685
E1-ecc,20260864,inplane,pos,-0.36795661790078055,13025333.618286652
E1-ecc,20260864,inplane,vel,0.06804682017137116,13025333.618286652
E1-ecc,20260864,inplane,pos,1.2728281216933703,454653.8118642161
E1-ecc,20260864,inplane,vel,1.0640958284878081,454653.8118642161
E1-ecc,20260864,inplane,pos,1.2969269866160449,858375.4742848208
E1-ecc,20260864,inplane,vel,0.5957809442025801,858375.4742848208
E1-ecc,20260864,inplane,pos,2.297800978564471,522453.82717671775
E1-ecc,20260864,inplane,vel,-0.7174154287932186,522453.82717671775
E1-ecc,20260864,inplane,pos,-0.060202546156980875,1145503.1174601826
E1-ecc,20260864,inplane,vel,-1.6362684502724278,1145503.1174601826
E1-ecc,20260864,inplane,pos,0.26649739109471454,9216078.888855645
E1-ecc,20260864,inplane,vel,0.4008600166484445,9216078.888855645
E1-ecc,20260864,inplane,pos,-1.4523851178377578,86001.65110858293
E1-ecc,20260864,inplane,vel,-1.2660563147429182,86001.65110858293
E1-ecc,20260864,plane,pos,-0.11166935281799717,87491.5629867685
E1-ecc,20260864,plane,vel,-0.14981867612438993,87491.5629867685
E1-ecc,20260864,plane,pos,-0.9147810556995871,13025333.618286652
E1-ecc,20260864,plane,vel,0.3799205546819678,13025333.618286652
E1-ecc,20260864,plane,pos,0.6729624014160207,454653.8118642161
E1-ecc,20260864,plane,vel,0.01387852978884222,454653.8118642161
E1-ecc,20260864,plane,pos,-0.7648661376949608,858375.4742848208
E1-ecc,20260864,plane,vel,0.29864862263976943,858375.4742848208
E1-ecc,20260864,plane,pos,0.20553767510508433,522453.82717671775
E1-ecc,20260864,plane,vel,-0.7314461783597667,522453.82717671775
E1-ecc,20260864,plane,pos,-0.6001359019267919,1145503.1174601826
E1-ecc,20260864,plane,vel,0.05908346945185691,1145503.1174601826
E1-ecc,20260864,plane,pos,-0.20075983424691002,9216078.888855645
E1-ecc,20260864,plane,vel,1.0188874784232185,9216078.888855645
E1-ecc,20260864,plane,pos,-1.9390507977039702,86001.65110858293
E1-ecc,20260864,plane,vel,-0.8179466277363587,86001.65110858293
E1-ecc,20260864,range,pos,0.04346412144282292,14268581.700692607
E1-ecc,20260864,range,vel,0.015032643832282432,14268581.700692607
E1-ecc,20260864,range,pos,-0.9684003293978851,609744.1276328865
E1-ecc,20260864,range,vel,-0.5447306836975698,609744.1276328865
E1-ecc,20260864,range,pos,-0.958896536738541,2785996.514595493
E1-ecc,20260864,range,vel,1.7573814566782082,2785996.514595493
E1-ecc,20260864,range,pos,1.5488344606016058,14444473.667871429
E1-ecc,20260864,range,vel,1.3657331136421662,14444473.667871429
E1-ecc,20260864,range,pos,0.843920388225361,4594039.326738066
E1-ecc,20260864,range,vel,0.9207714476800913,4594039.326738066
E1-ecc,20260864,range,pos,0.6315560310603039,106104.03286242217
E1-ecc,20260864,range,vel,-1.187713750863668,106104.03286242217
E1-ecc,20260864,range,pos,1.7392532313590048,82383.9418793728
E1-ecc,20260864,range,vel,1.5315190587091332,82383.9418793728
E1-ecc,20260864,range,pos,-1.1456455396961915,660952.7333171968
E1-ecc,20260864,range,vel,-1.6806999717840176,660952.7333171968
E1-ecc,20260864,inplane,pos,0.1842801656011429,14268581.700692607
E1-ecc,20260864,inplane,vel,-0.18283680588841292,14268581.700692607
E1-ecc,20260864,inplane,pos,-1.4272630040024499,609744.1276328865
E1-ecc,20260864,inplane,vel,-1.0790242429742887,609744.1276328865
E1-ecc,20260864,inplane,pos,0.8144420837990626,2785996.514595493
E1-ecc,20260864,inplane,vel,-0.9284776915558787,2785996.514595493
E1-ecc,20260864,inplane,pos,-0.6311249854743028,14444473.667871429
E1-ecc,20260864,inplane,vel,-0.7450995230019795,14444473.667871429
E1-ecc,20260864,inplane,pos,0.7106904618784534,4594039.326738066
E1-ecc,20260864,inplane,vel,0.90260851502763,4594039.326738066
E1-ecc,20260864,inplane,pos,-1.3808701528587755,106104.03286242217
E1-ecc,20260864,inplane,vel,-0.06673643063343684,106104.03286242217
E1-ecc,20260864,inplane,pos,0.261432437354716,82383.9418793728
E1-ecc,20260864,inplane,vel,1.9305159634895923,82383.9418793728
E1-ecc,20260864,inplane,pos,-1.9569856523104983,660952.7333171968
E1-ecc,20260864,inplane,vel,-1.6534694231872868,660952.7333171968
E1-ecc,20260864,plane,pos,-1.118099555468075,14268581.700692607
E1-ecc,20260864,plane,vel,-0.9237476219358889,14268581.700692607
E1-ecc,20260864,plane,pos,-1.0121712498755773,609744.1276328865
E1-ecc,20260864,plane,vel,-1.3919227060252044,609744.1276328865
E1-ecc,20260864,plane,pos,0.22048656314361917,2785996.514595493
E1-ecc,20260864,plane,vel,0.5808287647656843,2785996.514595493
E1-ecc,20260864,plane,pos,-0.5150990074027193,14444473.667871429
E1-ecc,20260864,plane,vel,0.09379428295272113,14444473.667871429
E1-ecc,20260864,plane,pos,-0.2299429283213605,4594039.326738066
E1-ecc,20260864,plane,vel,-0.29863875679071744,4594039.326738066
E1-ecc,20260864,plane,pos,-0.45171562787292513,106104.03286242217
E1-ecc,20260864,plane,vel,-0.22936251820171508,106104.03286242217
E1-ecc,20260864,plane,pos,1.025463850869507,82383.9418793728
E1-ecc,20260864,plane,vel,-0.4577501526301893,82383.9418793728
E1-ecc,20260864,plane,pos,0.5144231333679146,660952.7333171968
E1-ecc,20260864,plane,vel,0.6445471509402083,660952.7333171968
E1-ecc,20260864,range,pos,-0.34079189601829674,16395.160441401047
E1-ecc,20260864,range,vel,-0.3690511491406438,16395.160441401047
E1-ecc,20260864,range,pos,1.4778059948085451,10581068.477884913
E1-ecc,20260864,range,vel,-1.6152527456781274,10581068.477884913
E1-ecc,20260864,range,pos,0.4999440095209288,176948.73786329772
E1-ecc,20260864,range,vel,0.6613571458905271,176948.73786329772
E1-ecc,20260864,range,pos,-0.6407773178413211,194788.12285501673
E1-ecc,20260864,range,vel,-1.2112311395090207,194788.12285501673
E1-ecc,20260864,range,pos,0.15785025838691244,255051.03720083917
E1-ecc,20260864,range,vel,-0.3725536357499085,255051.03720083917
E1-ecc,20260864,range,pos,-1.0372875081481534,1101222.7611998236
E1-ecc,20260864,range,vel,0.5061119665476342,1101222.7611998236
E1-ecc,20260864,range,pos,-1.9580910502687479,8673628.009256005
E1-ecc,20260864,range,vel,-2.0674527380484795,8673628.009256005
E1-ecc,20260864,range,pos,0.3975647598800238,92520.20044422684
E1-ecc,20260864,range,vel,0.10567246032121454,92520.20044422684
E1-ecc,20260864,inplane,pos,0.04140379647870305,16395.160441401047
E1-ecc,20260864,inplane,vel,0.1708997665764856,16395.160441401047
E1-ecc,20260864,inplane,pos,0.7119234220646833,10581068.477884913
E1-ecc,20260864,inplane,vel,0.7199977054686026,10581068.477884913
E1-ecc,20260864,inplane,pos,0.6565124720166776,176948.73786329772
E1-ecc,20260864,inplane,vel,0.5804315593773833,176948.73786329772
E1-ecc,20260864,inplane,pos,-1.378264141410659,194788.12285501673
E1-ecc,20260864,inplane,vel,-0.7408110600725121,194788.12285501673
E1-ecc,20260864,inplane,pos,-0.35911575780131044,255051.03720083917
E1-ecc,20260864,inplane,vel,0.049363974689023954,255051.03720083917
E1-ecc,20260864,inplane,pos,-0.2699821795920673,1101222.7611998236
E1-ecc,20260864,inplane,vel,-0.49400916281822854,1101222.7611998236
E1-ecc,20260864,inplane,pos,1.4604245877875077,8673628.009256005
E1-ecc,20260864,inplane,vel,-1.91086934637849,8673628.009256005
E1-ecc,20260864,inplane,pos,-0.6573389904416842,92520.20044422684
E1-ecc,20260864,inplane,vel,0.7109962109878147,92520.20044422684
E1-ecc,20260864,plane,pos,-1.1177051298462801,16395.160441401047
E1-ecc,20260864,plane,vel,-0.6350014292359988,16395.160441401047
E1-ecc,20260864,plane,pos,1.7544550177333669,10581068.477884913
E1-ecc,20260864,plane,vel,0.9218796218236112,10581068.477884913
E1-ecc,20260864,plane,pos,-0.9894272460796766,176948.73786329772
E1-ecc,20260864,plane,vel,-0.7233127114043297,176948.73786329772
E1-ecc,20260864,plane,pos,-0.6167717343561355,194788.12285501673
E1-ecc,20260864,plane,vel,0.37690659484319017,194788.12285501673
E1-ecc,20260864,plane,pos,1.1091053991571105,255051.03720083917
E1-ecc,20260864,plane,vel,-0.14044658661244996,255051.03720083917
E1-ecc,20260864,plane,pos,-0.8178693347223464,1101222.7611998236
E1-ecc,20260864,plane,vel,-0.4703643884059413,1101222.7611998236
E1-ecc,20260864,plane,pos,-0.13030329462079132,8673628.009256005
E1-ecc,20260864,plane,vel,1.346553246731677,8673628.009256005
E1-ecc,20260864,plane,pos,-0.2438945386173058,92520.20044422684
E1-ecc,20260864,plane,vel,-0.9291071061251882,92520.20044422684
E1-ecc,20260871,range,pos,0.703873242119707,284805.7582223218
E1-ecc,20260871,range,vel,-0.014284513828550014,284805.7582223218
E1-ecc,20260871,range,pos,0.5093363772531018,51935.616895790656
E1-ecc,20260871,range,vel,0.7816538750095675,51935.616895790656
E1-ecc,20260871,range,pos,0.4607128453600325,10153695.681555009
E1-ecc,20260871,range,vel,0.3666184435663144,10153695.681555009
E1-ecc,20260871,range,pos,-0.4264662816722449,131815.58845925736
E1-ecc,20260871,range,vel,-0.9964460545928692,131815.58845925736
E1-ecc,20260871,range,pos,0.7107833633367663,112515.65423577656
E1-ecc,20260871,range,vel,-1.0203636364058517,112515.65423577656
E1-ecc,20260871,range,pos,-1.5460393609347123,10343148.963027926
E1-ecc,20260871,range,vel,1.3244686423650474,10343148.963027926
E1-ecc,20260871,range,pos,0.6422694957891621,49204.78091487401
E1-ecc,20260871,range,vel,0.5142240789030685,49204.78091487401
E1-ecc,20260871,range,pos,-1.6953281532422484,239920.56423149497
E1-ecc,20260871,range,vel,1.2592903431869846,239920.56423149497
E1-ecc,20260871,inplane,pos,-0.4519028638088672,284805.7582223218
E1-ecc,20260871,inplane,vel,0.5874152741741855,284805.7582223218
E1-ecc,20260871,inplane,pos,1.256163205166717,51935.616895790656
E1-ecc,20260871,inplane,vel,0.5127609051539235,51935.616895790656
E1-ecc,20260871,inplane,pos,-0.8163564545937938,10153695.681555009
E1-ecc,20260871,inplane,vel,0.2656608299399985,10153695.681555009
E1-ecc,20260871,inplane,pos,-1.0073607129045106,131815.58845925736
E1-ecc,20260871,inplane,vel,-0.12001779039150186,131815.58845925736
E1-ecc,20260871,inplane,pos,-1.2399113581524515,112515.65423577656
E1-ecc,20260871,inplane,vel,-0.013587325394029527,112515.65423577656
E1-ecc,20260871,inplane,pos,-0.9321900384503601,10343148.963027926
E1-ecc,20260871,inplane,vel,-0.6583000785317881,10343148.963027926
E1-ecc,20260871,inplane,pos,-0.8532652861272724,49204.78091487401
E1-ecc,20260871,inplane,vel,0.3899835854281187,49204.78091487401
E1-ecc,20260871,inplane,pos,0.06576465829909574,239920.56423149497
E1-ecc,20260871,inplane,vel,-1.9184663121659449,239920.56423149497
E1-ecc,20260871,plane,pos,0.4101850257844595,284805.7582223218
E1-ecc,20260871,plane,vel,-1.2853336131561848,284805.7582223218
E1-ecc,20260871,plane,pos,0.3325507181878175,51935.616895790656
E1-ecc,20260871,plane,vel,-1.4006492174505847,51935.616895790656
E1-ecc,20260871,plane,pos,-0.9660893617547396,10153695.681555009
E1-ecc,20260871,plane,vel,-0.057423327445022966,10153695.681555009
E1-ecc,20260871,plane,pos,1.5069965238680667,131815.58845925736
E1-ecc,20260871,plane,vel,0.8129637403191177,131815.58845925736
E1-ecc,20260871,plane,pos,-0.8163333952146608,112515.65423577656
E1-ecc,20260871,plane,vel,0.8708233686008879,112515.65423577656
E1-ecc,20260871,plane,pos,-0.16420018107140383,10343148.963027926
E1-ecc,20260871,plane,vel,-0.44170787737723227,10343148.963027926
E1-ecc,20260871,plane,pos,0.3485395532199008,49204.78091487401
E1-ecc,20260871,plane,vel,1.0408026559034806,49204.78091487401
E1-ecc,20260871,plane,pos,0.13002962004322785,239920.56423149497
E1-ecc,20260871,plane,vel,-2.0340950130537747,239920.56423149497
E1-ecc,20260871,range,pos,-0.6111413697568202,287952.74735089677
E1-ecc,20260871,range,vel,-0.4099423592332314,287952.74735089677
E1-ecc,20260871,range,pos,0.4770344105728502,10716404.005358862
E1-ecc,20260871,range,vel,-0.33921150247114124,10716404.005358862
E1-ecc,20260871,range,pos,-0.13569217051171534,167694.94477027294
E1-ecc,20260871,range,vel,-0.4851720738559236,167694.94477027294
E1-ecc,20260871,range,pos,-1.0117320004107297,3218620.8251208486
E1-ecc,20260871,range,vel,1.4008914483951789,3218620.8251208486
E1-ecc,20260871,range,pos,1.9515136024367346,141377.92388465992
E1-ecc,20260871,range,vel,1.0136298475460586,141377.92388465992
E1-ecc,20260871,range,pos,0.15637715090577783,81847.5186909102
E1-ecc,20260871,range,vel,-0.07974365888346667,81847.5186909102
E1-ecc,20260871,range,pos,1.9167142097100673,13102498.004652513
E1-ecc,20260871,range,vel,1.6493134247824675,13102498.004652513
E1-ecc,20260871,range,pos,-2.750918442045965,365783.9253457417
E1-ecc,20260871,range,vel,3.011468104892208,365783.9253457417
E1-ecc,20260871,inplane,pos,0.6958119834349822,287952.74735089677
E1-ecc,20260871,inplane,vel,-0.17182352971439716,287952.74735089677
E1-ecc,20260871,inplane,pos,0.3780959310892696,10716404.005358862
E1-ecc,20260871,inplane,vel,0.2275861177273958,10716404.005358862
E1-ecc,20260871,inplane,pos,-1.1424827714933996,167694.94477027294
E1-ecc,20260871,inplane,vel,-0.1134115780181473,167694.94477027294
E1-ecc,20260871,inplane,pos,-0.15889152233482018,3218620.8251208486
E1-ecc,20260871,inplane,vel,-0.9909987460501593,3218620.8251208486
E1-ecc,20260871,inplane,pos,0.04829804590938601,141377.92388465992
E1-ecc,20260871,inplane,vel,-1.9757436198436602,141377.92388465992
E1-ecc,20260871,inplane,pos,1.169543090335459,81847.5186909102
E1-ecc,20260871,inplane,vel,0.9793556448222435,81847.5186909102
E1-ecc,20260871,inplane,pos,-1.24657791783483,13102498.004652513
E1-ecc,20260871,inplane,vel,0.28452799494101916,13102498.004652513
E1-ecc,20260871,inplane,pos,0.5961175451734736,365783.9253457417
E1-ecc,20260871,inplane,vel,-2.442784742332005,365783.9253457417
E1-ecc,20260871,plane,pos,0.187146922477808,287952.74735089677
E1-ecc,20260871,plane,vel,0.4861629990939426,287952.74735089677
E1-ecc,20260871,plane,pos,-0.4300701518188249,10716404.005358862
E1-ecc,20260871,plane,vel,-0.7600211771979608,10716404.005358862
E1-ecc,20260871,plane,pos,0.3184329975115541,167694.94477027294
E1-ecc,20260871,plane,vel,0.4265886314550542,167694.94477027294
E1-ecc,20260871,plane,pos,0.04273164481306581,3218620.8251208486
E1-ecc,20260871,plane,vel,0.07786742312918139,3218620.8251208486
E1-ecc,20260871,plane,pos,-1.7005468478732684,141377.92388465992
E1-ecc,20260871,plane,vel,0.47057632505316227,141377.92388465992
E1-ecc,20260871,plane,pos,1.548813667664901,81847.5186909102
E1-ecc,20260871,plane,vel,0.15939132715758636,81847.5186909102
E1-ecc,20260871,plane,pos,0.45119670896722874,13102498.004652513
E1-ecc,20260871,plane,vel,0.46918105647114094,13102498.004652513
E1-ecc,20260871,plane,pos,1.590369328245777,365783.9253457417
E1-ecc,20260871,plane,vel,4.244469385601784,365783.9253457417
E1-ecc,20260871,range,pos,-1.3447590230364017,101633.07763487873
E1-ecc,20260871,range,vel,-1.1803520028964443,101633.07763487873
E1-ecc,20260871,range,pos,-0.8227901521209591,107540.77580487804
E1-ecc,20260871,range,vel,0.41172615534761553,107540.77580487804
E1-ecc,20260871,range,pos,-2.2454850443685235,542489.3588868208
E1-ecc,20260871,range,vel,2.25737017828049,542489.3588868208
E1-ecc,20260871,range,pos,-0.3443600446095161,70972.14265692551
E1-ecc,20260871,range,vel,0.566855424239891,70972.14265692551
E1-ecc,20260871,range,pos,-0.7910037492367195,2847022.403922881
E1-ecc,20260871,range,vel,1.2073435703824325,2847022.403922881
E1-ecc,20260871,range,pos,-0.805785231938041,176863.2477771436
E1-ecc,20260871,range,vel,0.839832911280648,176863.2477771436
E1-ecc,20260871,range,pos,-1.2132650512462893,1469935.2663605579
E1-ecc,20260871,range,vel,-0.778549937139652,1469935.2663605579
E1-ecc,20260871,inplane,pos,-1.5992551438545672,101633.07763487873
E1-ecc,20260871,inplane,vel,-1.3266847541473794,101633.07763487873
E1-ecc,20260871,inplane,pos,-0.997443182011435,107540.77580487804
E1-ecc,20260871,inplane,vel,-0.6702605489679553,107540.77580487804
E1-ecc,20260871,inplane,pos,-2.4021599274536816,542489.3588868208
E1-ecc,20260871,inplane,vel,-2.598417719213738,542489.3588868208
E1-ecc,20260871,inplane,pos,0.6498974043291746,70972.14265692551
E1-ecc,20260871,inplane,vel,0.5389859649876462,70972.14265692551
E1-ecc,20260871,inplane,pos,-0.047853620984563736,2847022.403922881
E1-ecc,20260871,inplane,vel,-0.4425271624016821,2847022.403922881
E1-ecc,20260871,inplane,pos,0.0022228119188263066,176863.2477771436
E1-ecc,20260871,inplane,vel,-0.6870094837951832,176863.2477771436
E1-ecc,20260871,inplane,pos,0.3686344891035189,1469935.2663605579
E1-ecc,20260871,inplane,vel,-1.145859901957128,1469935.2663605579
E1-ecc,20260871,plane,pos,1.0899900180672224,101633.07763487873
E1-ecc,20260871,plane,vel,-1.5996465032148377,101633.07763487873
E1-ecc,20260871,plane,pos,-0.18758498020238015,107540.77580487804
E1-ecc,20260871,plane,vel,2.401236649466613,107540.77580487804
E1-ecc,20260871,plane,pos,0.6951386190570865,542489.3588868208
E1-ecc,20260871,plane,vel,-1.9887884014803818,542489.3588868208
E1-ecc,20260871,plane,pos,-0.7369996162279425,70972.14265692551
E1-ecc,20260871,plane,vel,1.1954558651611271,70972.14265692551
E1-ecc,20260871,plane,pos,1.1718456765820913,2847022.403922881
E1-ecc,20260871,plane,vel,1.7122206264611846,2847022.403922881
E1-ecc,20260871,plane,pos,-2.127906230329317,176863.2477771436
E1-ecc,20260871,plane,vel,1.1787946035718522,176863.2477771436
E1-ecc,20260871,plane,pos,0.5769390609507461,1469935.2663605579
E1-ecc,20260871,plane,vel,-0.4310490249821976,1469935.2663605579
E1-ecc,20260871,range,pos,-0.3072564269170399,369814.6549144978
E1-ecc,20260871,range,vel,-0.29115394915003034,369814.6549144978
E1-ecc,20260871,range,pos,1.100437664365568,191890.0671744398
E1-ecc,20260871,range,vel,-0.8021986669348437,191890.0671744398
E1-ecc,20260871,range,pos,0.5222315003688509,41915.171725771404
E1-ecc,20260871,range,vel,1.221176070814115,41915.171725771404
E1-ecc,20260871,range,pos,0.35038623339489067,78003.30608585471
E1-ecc,20260871,range,vel,-0.902259397836615,78003.30608585471
E1-ecc,20260871,range,pos,-1.0373595151228527,73951.68189187456
E1-ecc,20260871,range,vel,-1.8914662624364456,73951.68189187456
E1-ecc,20260871,range,pos,0.24109178466708497,151776.68950382466
E1-ecc,20260871,range,vel,-0.3359467486957494,151776.68950382466
E1-ecc,20260871,range,pos,0.8083111129806468,7120032.347693408
E1-ecc,20260871,range,vel,0.2689700285534182,7120032.347693408
E1-ecc,20260871,range,pos,0.22652234400220791,11036062.13396193
E1-ecc,20260871,range,vel,0.16801717605395178,11036062.13396193
E1-ecc,20260871,inplane,pos,0.32573826246382886,369814.6549144978
E1-ecc,20260871,inplane,vel,-0.22147884715225605,369814.6549144978
E1-ecc,20260871,inplane,pos,-0.8064617357646017,191890.0671744398
E1-ecc,20260871,inplane,vel,-1.3813832942510564,191890.0671744398
E1-ecc,20260871,inplane,pos,1.797089994322971,41915.171725771404
E1-ecc,20260871,inplane,vel,0.3689673147070469,41915.171725771404
E1-ecc,20260871,inplane,pos,-0.7204654612819978,78003.30608585471
E1-ecc,20260871,inplane,vel,-0.4497802049740521,78003.30608585471
E1-ecc,20260871,inplane,pos,0.13524951945386018,73951.68189187456
E1-ecc,20260871,inplane,vel,1.205062087372368,73951.68189187456
E1-ecc,20260871,inplane,pos,-0.9587754753094684,151776.68950382466
E1-ecc,20260871,inplane,vel,-0.6810077180367355,151776.68950382466
E1-ecc,20260871,inplane,pos,1.6450309125014027,7120032.347693408
E1-ecc,20260871,inplane,vel,1.2495969512758396,7120032.347693408
E1-ecc,20260871,inplane,pos,-0.8843609272891628,11036062.13396193
E1-ecc,20260871,inplane,vel,0.21490085778760498,11036062.13396193
E1-ecc,20260871,plane,pos,-0.4702775051475122,369814.6549144978
E1-ecc,20260871,plane,vel,0.05920810131568158,369814.6549144978
E1-ecc,20260871,plane,pos,-1.502769261127637,191890.0671744398
E1-ecc,20260871,plane,vel,0.30638848457430184,191890.0671744398
E1-ecc,20260871,plane,pos,0.6639654756517407,41915.171725771404
E1-ecc,20260871,plane,vel,0.18985406198644833,41915.171725771404
E1-ecc,20260871,plane,pos,0.8380942632140542,78003.30608585471
E1-ecc,20260871,plane,vel,-1.4721161822396114,78003.30608585471
E1-ecc,20260871,plane,pos,-0.2064947846100837,73951.68189187456
E1-ecc,20260871,plane,vel,-1.6527550273685279,73951.68189187456
E1-ecc,20260871,plane,pos,-0.9952590605442307,151776.68950382466
E1-ecc,20260871,plane,vel,0.305106776387405,151776.68950382466
E1-ecc,20260871,plane,pos,-0.79420656769537,7120032.347693408
E1-ecc,20260871,plane,vel,-0.32890073805800446,7120032.347693408
E1-ecc,20260871,plane,pos,-0.9432661213824928,11036062.13396193
E1-ecc,20260871,plane,vel,0.7184082141788161,11036062.13396193
E1-ecc,20260871,range,pos,-2.3959786730879507,7210709.294543016
E1-ecc,20260871,range,vel,-2.8670366705513026,7210709.294543016
E1-ecc,20260871,range,pos,1.808814233786024,5494181.807456703
E1-ecc,20260871,range,vel,-1.9076113632127634,5494181.807456703
E1-ecc,20260871,range,pos,-0.3650583025861944,351504.35853518895
E1-ecc,20260871,range,vel,1.2052404518107949,351504.35853518895
E1-ecc,20260871,range,pos,-0.14809204137432405,45491.771595002865
E1-ecc,20260871,range,vel,0.6116613305609753,45491.771595002865
E1-ecc,20260871,range,pos,0.32892000246237474,135493.99320295107
E1-ecc,20260871,range,vel,0.07458908835682455,135493.99320295107
E1-ecc,20260871,range,pos,2.446733595690159,79763.20738302928
E1-ecc,20260871,range,vel,2.445330019203898,79763.20738302928
E1-ecc,20260871,range,pos,-0.08383673672289035,272449.6480252407
E1-ecc,20260871,range,vel,-0.08086548599820254,272449.6480252407
E1-ecc,20260871,inplane,pos,1.628036710733269,7210709.294543016
E1-ecc,20260871,inplane,vel,-2.626362796223538,7210709.294543016
E1-ecc,20260871,inplane,pos,0.9989351979685692,5494181.807456703
E1-ecc,20260871,inplane,vel,1.5731549132616527,5494181.807456703
E1-ecc,20260871,inplane,pos,0.6557717050387494,351504.35853518895
E1-ecc,20260871,inplane,vel,-0.5451982168943226,351504.35853518895
E1-ecc,20260871,inplane,pos,0.5455206699807768,45491.771595002865
E1-ecc,20260871,inplane,vel,0.07545247737464661,45491.771595002865
E1-ecc,20260871,inplane,pos,-1.1409292799261135,135493.99320295107
E1-ecc,20260871,inplane,vel,0.4020425358435966,135493.99320295107
E1-ecc,20260871,inplane,pos,-2.696390174111298,79763.20738302928
E1-ecc,20260871,inplane,vel,2.687778774798037,79763.20738302928
E1-ecc,20260871,inplane,pos,-0.24399871634527315,272449.6480252407
E1-ecc,20260871,inplane,vel,-0.029757726769096927,272449.6480252407
E1-ecc,20260871,plane,pos,0.9540334489467402,7210709.294543016
E1-ecc,20260871,plane,vel,0.24348157313413857,7210709.294543016
E1-ecc,20260871,plane,pos,-1.4062189826360592,5494181.807456703
E1-ecc,20260871,plane,vel,-1.6743823134688043,5494181.807456703
E1-ecc,20260871,plane,pos,1.6182602499850898,351504.35853518895
E1-ecc,20260871,plane,vel,1.3690540467176535,351504.35853518895
E1-ecc,20260871,plane,pos,-0.4907822012982969,45491.771595002865
E1-ecc,20260871,plane,vel,-1.2317868587806795,45491.771595002865
E1-ecc,20260871,plane,pos,-0.6157181475970847,135493.99320295107
E1-ecc,20260871,plane,vel,-0.6966915096597364,135493.99320295107
E1-ecc,20260871,plane,pos,-0.6119449157822248,79763.20738302928
E1-ecc,20260871,plane,vel,1.1788757439375686,79763.20738302928
E1-ecc,20260871,plane,pos,0.48016600397651005,272449.6480252407
E1-ecc,20260871,plane,vel,0.08616825831472268,272449.6480252407
E1-ecc,20260871,range,pos,-0.3676989066823128,1272347.3308977117
E1-ecc,20260871,range,vel,-0.330204446595371,1272347.3308977117
E1-ecc,20260871,range,pos,-1.7561316125161013,33027.6405931583
E1-ecc,20260871,range,vel,-1.3144573793605971,33027.6405931583
E1-ecc,20260871,range,pos,-0.08712507630823041,97114.08807981627
E1-ecc,20260871,range,vel,-0.24833930399014476,97114.08807981627
E1-ecc,20260871,range,pos,1.891674670871894,30675.044382426855
E1-ecc,20260871,range,vel,1.1815714213851252,30675.044382426855
E1-ecc,20260871,range,pos,1.0015630178199022,155724.66940443157
E1-ecc,20260871,range,vel,0.9516876300779833,155724.66940443157
E1-ecc,20260871,range,pos,-1.220561195679395,74837.51116561783
E1-ecc,20260871,range,vel,-0.39154302700297505,74837.51116561783
E1-ecc,20260871,range,pos,0.4546645380527338,13691905.644063152
E1-ecc,20260871,range,vel,-0.0076491004468648765,13691905.644063152
E1-ecc,20260871,range,pos,-0.8873228178281389,2851368.4797600247
E1-ecc,20260871,range,vel,0.3347688384907805,2851368.4797600247
E1-ecc,20260871,inplane,pos,0.36351827131627334,1272347.3308977117
E1-ecc,20260871,inplane,vel,-0.3572934613441922,1272347.3308977117
E1-ecc,20260871,inplane,pos,0.7104296888464829,33027.6405931583
E1-ecc,20260871,inplane,vel,1.8244332416246634,33027.6405931583
E1-ecc,20260871,inplane,pos,0.31219633809109115,97114.08807981627
E1-ecc,20260871,inplane,vel,-0.5109523291778492,97114.08807981627
E1-ecc,20260871,inplane,pos,0.9647502910829295,30675.044382426855
E1-ecc,20260871,inplane,vel,0.4634615802164504,30675.044382426855
E1-ecc,20260871,inplane,pos,0.4755691188060479,155724.66940443157
E1-ecc,20260871,inplane,vel,1.0020731753838268,155724.66940443157
E1-ecc,20260871,inplane,pos,-0.03192466460559576,74837.51116561783
E1-ecc,20260871,inplane,vel,0.34442027835893174,74837.51116561783
E1-ecc,20260871,inplane,pos,0.011103967471501178,13691905.644063152
E1-ecc,20260871,inplane,vel,-0.5340518570694642,13691905.644063152
E1-ecc,20260871,inplane,pos,-1.263964536343146,2851368.4797600247
E1-ecc,20260871,inplane,vel,-0.9950700623787,2851368.4797600247
E1-ecc,20260871,plane,pos,1.7924531696578576,1272347.3308977117
E1-ecc,20260871,plane,vel,0.6013858094870695,1272347.3308977117
E1-ecc,20260871,plane,pos,-1.633543987673765,33027.6405931583
E1-ecc,20260871,plane,vel,-1.4274341099923795,33027.6405931583
E1-ecc,20260871,plane,pos,0.8696903017788233,97114.08807981627
E1-ecc,20260871,plane,vel,0.7891552409844611,97114.08807981627
E1-ecc,20260871,plane,pos,-1.5039144015734578,30675.044382426855
E1-ecc,20260871,plane,vel,0.45363729124184066,30675.044382426855
E1-ecc,20260871,plane,pos,2.1560276896090027,155724.66940443157
E1-ecc,20260871,plane,vel,0.4496105456840785,155724.66940443157
E1-ecc,20260871,plane,pos,-0.7236246311825816,74837.51116561783
E1-ecc,20260871,plane,vel,-0.9251155532393589,74837.51116561783
E1-ecc,20260871,plane,pos,1.0275680325740693,13691905.644063152
E1-ecc,20260871,plane,vel,1.9261677563432262,13691905.644063152
E1-ecc,20260871,plane,pos,1.0649775666611496,2851368.4797600247
E1-ecc,20260871,plane,vel,-1.1452401736534616,2851368.4797600247
E1-ecc,20260878,range,pos,-0.022937222569998566,153914.18567877443
E1-ecc,20260878,range,vel,-1.1117073170018876,153914.18567877443
E1-ecc,20260878,range,pos,-0.37255006146351277,320427.4641012656
E1-ecc,20260878,range,vel,1.0420140560029352,320427.4641012656
E1-ecc,20260878,range,pos,-0.27258217683007835,231009.88516085024
E1-ecc,20260878,range,vel,0.36914865750949394,231009.88516085024
E1-ecc,20260878,range,pos,-1.1309075459572682,223066.87379081882
E1-ecc,20260878,range,vel,1.010010906689726,223066.87379081882
E1-ecc,20260878,range,pos,1.8159647283208973,120263.71626573917
E1-ecc,20260878,range,vel,1.3333483985262922,120263.71626573917
E1-ecc,20260878,range,pos,0.04170762107546087,401839.4357872436
E1-ecc,20260878,range,vel,-0.41081843903895476,401839.4357872436
E1-ecc,20260878,range,pos,-0.6902046897572561,415733.07437931845
E1-ecc,20260878,range,vel,0.7625911382613597,415733.07437931845
E1-ecc,20260878,inplane,pos,-1.7431221547687121,153914.18567877443
E1-ecc,20260878,inplane,vel,-1.183421760183016,153914.18567877443
E1-ecc,20260878,inplane,pos,0.45457586296272817,320427.4641012656
E1-ecc,20260878,inplane,vel,-0.3007160928396904,320427.4641012656
E1-ecc,20260878,inplane,pos,-0.03002970022699266,231009.88516085024
E1-ecc,20260878,inplane,vel,-0.30511921546686643,231009.88516085024
E1-ecc,20260878,inplane,pos,-0.13318329730678988,223066.87379081882
E1-ecc,20260878,inplane,vel,-1.1926646075014258,223066.87379081882
E1-ecc,20260878,inplane,pos,1.1701120181783324,120263.71626573917
E1-ecc,20260878,inplane,vel,1.5576951751031594,120263.71626573917
E1-ecc,20260878,inplane,pos,-0.4421021604294696,401839.4357872436
E1-ecc,20260878,inplane,vel,-0.018990588287187544,401839.4357872436
E1-ecc,20260878,inplane,pos,-0.6290886693817682,415733.07437931845
E1-ecc,20260878,inplane,vel,-0.6797264211360899,415733.07437931845
E1-ecc,20260878,plane,pos,-1.4731324215015722,153914.18567877443
E1-ecc,20260878,plane,vel,-0.5982336132146837,153914.18567877443
E1-ecc,20260878,plane,pos,-0.5729956603474253,320427.4641012656
E1-ecc,20260878,plane,vel,-0.22111967197912605,320427.4641012656
E1-ecc,20260878,plane,pos,-0.4200013713333965,231009.88516085024
E1-ecc,20260878,plane,vel,0.8372160396945973,231009.88516085024
E1-ecc,20260878,plane,pos,0.21447428827783796,223066.87379081882
E1-ecc,20260878,plane,vel,0.14346055296863866,223066.87379081882
E1-ecc,20260878,plane,pos,-0.027539196566460106,120263.71626573917
E1-ecc,20260878,plane,vel,-2.4001157372482504,120263.71626573917
E1-ecc,20260878,plane,pos,-0.5390541533192498,401839.4357872436
E1-ecc,20260878,plane,vel,0.6844723644592459,401839.4357872436
E1-ecc,20260878,plane,pos,1.2523843910348333,415733.07437931845
E1-ecc,20260878,plane,vel,-0.4216931124767659,415733.07437931845
E1-ecc,20260878,range,pos,-1.466755025442175,591410.8846095828
E1-ecc,20260878,range,vel,0.9418589554646701,591410.8846095828
E1-ecc,20260878,range,pos,-1.456728422165089,3225781.632824057
E1-ecc,20260878,range,vel,1.0560546158539665,3225781.632824057
E1-ecc,20260878,range,pos,-0.3076226877928001,6846002.161789097
E1-ecc,20260878,range,vel,0.3920431959408336,6846002.161789097
E1-ecc,20260878,range,pos,-0.2545966826357399,13922073.861284068
E1-ecc,20260878,range,vel,-1.1431441488286225,13922073.861284068
E1-ecc,20260878,range,pos,-0.7783904696027188,205766.18945627377
E1-ecc,20260878,range,vel,0.5030852683199034,205766.18945627377
E1-ecc,20260878,range,pos,0.0716640501400586,5129758.642446921
E1-ecc,20260878,range,vel,0.2948232096052096,5129758.642446921
E1-ecc,20260878,range,pos,-1.2183647130891233,874193.7986320414
E1-ecc,20260878,range,vel,-0.22849750092110105,874193.7986320414
E1-ecc,20260878,range,pos,-1.4024718896875925,6759237.837241368
E1-ecc,20260878,range,vel,-1.553781256318104,6759237.837241368
E1-ecc,20260878,inplane,pos,-0.8834770747872982,591410.8846095828
E1-ecc,20260878,inplane,vel,-1.187482402551784,591410.8846095828
E1-ecc,20260878,inplane,pos,-0.6094265778916105,3225781.632824057
E1-ecc,20260878,inplane,vel,-0.9196153190665282,3225781.632824057
E1-ecc,20260878,inplane,pos,-0.05236086846356408,6846002.161789097
E1-ecc,20260878,inplane,vel,-0.13296923691677515,6846002.161789097
E1-ecc,20260878,inplane,pos,1.393026340285742,13922073.861284068
E1-ecc,20260878,inplane,vel,-1.4255653759814866,13922073.861284068
E1-ecc,20260878,inplane,pos,-1.2829998308524602,205766.18945627377
E1-ecc,20260878,inplane,vel,-1.0801058568406958,205766.18945627377
E1-ecc,20260878,inplane,pos,0.46914674385044314,5129758.642446921
E1-ecc,20260878,inplane,vel,0.2020632709470388,5129758.642446921
E1-ecc,20260878,inplane,pos,-1.203164890893736,874193.7986320414
E1-ecc,20260878,inplane,vel,-1.1285912961081401,874193.7986320414
E1-ecc,20260878,inplane,pos,0.808694544170036,6759237.837241368
E1-ecc,20260878,inplane,vel,-1.238044385539024,6759237.837241368
E1-ecc,20260878,plane,pos,0.21603994305650567,591410.8846095828
E1-ecc,20260878,plane,vel,0.2767433312423391,591410.8846095828
E1-ecc,20260878,plane,pos,0.20873230641677082,3225781.632824057
E1-ecc,20260878,plane,vel,-0.8982726866959225,3225781.632824057
E1-ecc,20260878,plane,pos,0.3695674454797846,6846002.161789097
E1-ecc,20260878,plane,vel,-0.20723112965484056,6846002.161789097
E1-ecc,20260878,plane,pos,-0.02365184120249669,13922073.861284068
E1-ecc,20260878,plane,vel,-0.96198418728753,13922073.861284068
E1-ecc,20260878,plane,pos,-1.11486284381561,205766.18945627377
E1-ecc,20260878,plane,vel,-2.181462468993095,205766.18945627377
E1-ecc,20260878,plane,pos,2.685841560204057,5129758.642446921
E1-ecc,20260878,plane,vel,-0.07729188001734613,5129758.642446921
E1-ecc,20260878,plane,pos,0.4395585059420414,874193.7986320414
E1-ecc,20260878,plane,vel,0.308316348725863,874193.7986320414
E1-ecc,20260878,plane,pos,1.1546332236903862,6759237.837241368
E1-ecc,20260878,plane,vel,1.6051701883239506,6759237.837241368
E1-ecc,20260878,range,pos,-0.6242653826895801,8657192.870261142
E1-ecc,20260878,range,vel,-0.3912238845141386,8657192.870261142
E1-ecc,20260878,range,pos,0.34237271485704374,170661.46598107216
E1-ecc,20260878,range,vel,0.8758349866317044,170661.46598107216
E1-ecc,20260878,range,pos,-1.4794310271169036,6155803.134450293
E1-ecc,20260878,range,vel,0.7669877883712085,6155803.134450293
E1-ecc,20260878,range,pos,-0.6553869676125281,146643.87113814338
E1-ecc,20260878,range,vel,0.21778471215683487,146643.87113814338
E1-ecc,20260878,range,pos,-1.244966409108586,1524979.6226519255
E1-ecc,20260878,range,vel,-0.17381428806638832,1524979.6226519255
E1-ecc,20260878,range,pos,0.26858722671987195,126961.67427355652
E1-ecc,20260878,range,vel,0.2747910357667492,126961.67427355652
E1-ecc,20260878,range,pos,0.30494382225588956,9910508.357330345
E1-ecc,20260878,range,vel,0.3560212263469847,9910508.357330345
E1-ecc,20260878,range,pos,1.2258429293633237,84181.8246529579
E1-ecc,20260878,range,vel,2.3563390393168797,84181.8246529579
E1-ecc,20260878,inplane,pos,0.6922240411182375,8657192.870261142
E1-ecc,20260878,inplane,vel,0.3532932715245024,8657192.870261142
E1-ecc,20260878,inplane,pos,0.6306392919139008,170661.46598107216
E1-ecc,20260878,inplane,vel,0.33014633399051047,170661.46598107216
E1-ecc,20260878,inplane,pos,-1.6398063438075963,6155803.134450293
E1-ecc,20260878,inplane,vel,-1.5198075759913217,6155803.134450293
E1-ecc,20260878,inplane,pos,-0.9662054247808645,146643.87113814338
E1-ecc,20260878,inplane,vel,-0.8191556354845682,146643.87113814338
E1-ecc,20260878,inplane,pos,-2.4149414127287794,1524979.6226519255
E1-ecc,20260878,inplane,vel,-1.2007389460356608,1524979.6226519255
E1-ecc,20260878,inplane,pos,-0.009724808589453932,126961.67427355652
E1-ecc,20260878,inplane,vel,0.3146309979896081,126961.67427355652
E1-ecc,20260878,inplane,pos,-0.14333238380235055,9910508.357330345
E1-ecc,20260878,inplane,vel,0.3488862084743963,9910508.357330345
E1-ecc,20260878,inplane,pos,2.3458950064643598,84181.8246529579
E1-ecc,20260878,inplane,vel,1.792710522112359,84181.8246529579
E1-ecc,20260878,plane,pos,1.3564072088952164,8657192.870261142
E1-ecc,20260878,plane,vel,0.19063041939063866,8657192.870261142
E1-ecc,20260878,plane,pos,0.4130298933117914,170661.46598107216
E1-ecc,20260878,plane,vel,-0.2311189934937663,170661.46598107216
E1-ecc,20260878,plane,pos,-0.10671112842091875,6155803.134450293
E1-ecc,20260878,plane,vel,-1.172941364040442,6155803.134450293
E1-ecc,20260878,plane,pos,-0.5271249677252771,146643.87113814338
E1-ecc,20260878,plane,vel,-0.07639407259802902,146643.87113814338
E1-ecc,20260878,plane,pos,0.44679060016961497,1524979.6226519255
E1-ecc,20260878,plane,vel,-0.7569746392182238,1524979.6226519255
E1-ecc,20260878,plane,pos,-1.669978443151742,126961.67427355652
E1-ecc,20260878,plane,vel,-1.07437038599467,126961.67427355652
E1-ecc,20260878,plane,pos,-1.3853903553884293,9910508.357330345
E1-ecc,20260878,plane,vel,-1.437019442792384,9910508.357330345
E1-ecc,20260878,plane,pos,-0.2524701380188381,84181.8246529579
E1-ecc,20260878,plane,vel,-0.558765785227509,84181.8246529579
E1-ecc,20260878,range,pos,1.562521705817642,250895.0846631334
E1-ecc,20260878,range,vel,1.6922948971032248,250895.0846631334
E1-ecc,20260878,range,pos,1.4869045035736346,631383.0705918442
E1-ecc,20260878,range,vel,-0.17090062699574143,631383.0705918442
E1-ecc,20260878,range,pos,1.2985975559574097,664189.8687440505
E1-ecc,20260878,range,vel,-1.9855416124458922,664189.8687440505
E1-ecc,20260878,range,pos,0.8295478974536941,13304675.410434801
E1-ecc,20260878,range,vel,0.8485563710011925,13304675.410434801
E1-ecc,20260878,range,pos,-0.2056696068206815,165938.80609348216
E1-ecc,20260878,range,vel,-0.4410632383941649,165938.80609348216
E1-ecc,20260878,range,pos,0.9697595551693364,147893.33159983208
E1-ecc,20260878,range,vel,-0.8469969015275693,147893.33159983208
E1-ecc,20260878,range,pos,-0.71052267292407,1056274.0588087053
E1-ecc,20260878,range,vel,-0.9656163027769213,1056274.0588087053
E1-ecc,20260878,range,pos,-0.40840437279241326,250530.33943262647
E1-ecc,20260878,range,vel,0.07793953983082644,250530.33943262647
E1-ecc,20260878,inplane,pos,1.4096574777027866,250895.0846631334
E1-ecc,20260878,inplane,vel,1.8441858936957451,250895.0846631334
E1-ecc,20260878,inplane,pos,0.23349588295747753,631383.0705918442
E1-ecc,20260878,inplane,vel,1.7667543172641271,631383.0705918442
E1-ecc,20260878,inplane,pos,0.5851999491834686,664189.8687440505
E1-ecc,20260878,inplane,vel,1.3379262526834281,664189.8687440505
E1-ecc,20260878,inplane,pos,-0.021710532221788068,13304675.410434801
E1-ecc,20260878,inplane,vel,0.5050669077786654,13304675.410434801
E1-ecc,20260878,inplane,pos,-0.5468426982958378,165938.80609348216
E1-ecc,20260878,inplane,vel,-0.4127003228457189,165938.80609348216
E1-ecc,20260878,inplane,pos,1.4683599855499114,147893.33159983208
E1-ecc,20260878,inplane,vel,1.0993306206797233,147893.33159983208
E1-ecc,20260878,inplane,pos,-0.3405001025948998,1056274.0588087053
E1-ecc,20260878,inplane,vel,-0.5815762967105823,1056274.0588087053
E1-ecc,20260878,inplane,pos,-0.03832005435824015,250530.33943262647
E1-ecc,20260878,inplane,vel,0.10860135212056579,250530.33943262647
E1-ecc,20260878,plane,pos,-0.14945212665785074,250895.0846631334
E1-ecc,20260878,plane,vel,-0.1483846385593906,250895.0846631334
E1-ecc,20260878,plane,pos,0.07519378103792872,631383.0705918442
E1-ecc,20260878,plane,vel,0.9112766737084218,631383.0705918442
E1-ecc,20260878,plane,pos,-0.4179306741394701,664189.8687440505
E1-ecc,20260878,plane,vel,-0.3662882234110756,664189.8687440505
E1-ecc,20260878,plane,pos,0.2843320332120877,13304675.410434801
E1-ecc,20260878,plane,vel,0.40646999313614096,13304675.410434801
E1-ecc,20260878,plane,pos,-0.3842435324368622,165938.80609348216
E1-ecc,20260878,plane,vel,-0.22068678163951877,165938.80609348216
E1-ecc,20260878,plane,pos,0.056504494189959245,147893.33159983208
E1-ecc,20260878,plane,vel,-0.43612258188874686,147893.33159983208
E1-ecc,20260878,plane,pos,-1.7463559756606597,1056274.0588087053
E1-ecc,20260878,plane,vel,1.0998807605392025,1056274.0588087053
E1-ecc,20260878,plane,pos,-1.1098746261646857,250530.33943262647
E1-ecc,20260878,plane,vel,-0.5645258846322702,250530.33943262647
E1-ecc,20260878,range,pos,0.34289208368753277,12871079.51174934
E1-ecc,20260878,range,vel,-1.112612529904191,12871079.51174934
E1-ecc,20260878,range,pos,1.3329206470209811,34315.88720101827
E1-ecc,20260878,range,vel,-1.3613371757626966,34315.88720101827
E1-ecc,20260878,range,pos,1.3284134178568792,13575828.873711778
E1-ecc,20260878,range,vel,1.546834648352727,13575828.873711778
E1-ecc,20260878,range,pos,-0.3468847203664279,106884.33822439247
E1-ecc,20260878,range,vel,0.31917975530800347,106884.33822439247
E1-ecc,20260878,range,pos,1.163330189981014,1547890.6440706498
E1-ecc,20260878,range,vel,-1.7269432314531112,1547890.6440706498
E1-ecc,20260878,range,pos,-3.2686176323907716,362804.9842796416
E1-ecc,20260878,range,vel,2.7757767142253043,362804.9842796416
E1-ecc,20260878,range,pos,0.08905181415969146,128092.8920597468
E1-ecc,20260878,range,vel,-1.1686111695222106,128092.8920597468
E1-ecc,20260878,range,pos,-1.2381009618993024,4750143.123286761
E1-ecc,20260878,range,vel,0.5447521790089963,4750143.123286761
E1-ecc,20260878,inplane,pos,1.213455546987676,12871079.51174934
E1-ecc,20260878,inplane,vel,1.8749722769200106,12871079.51174934
E1-ecc,20260878,inplane,pos,1.021695132271134,34315.88720101827
E1-ecc,20260878,inplane,vel,1.746235067429667,34315.88720101827
E1-ecc,20260878,inplane,pos,-0.6785587565112531,13575828.873711778
E1-ecc,20260878,inplane,vel,-1.1531384245146195,13575828.873711778
E1-ecc,20260878,inplane,pos,0.9224968916568674,106884.33822439247
E1-ecc,20260878,inplane,vel,0.6568548167600755,106884.33822439247
E1-ecc,20260878,inplane,pos,-0.3160478505609655,1547890.6440706498
E1-ecc,20260878,inplane,vel,1.2800346380324121,1547890.6440706498
E1-ecc,20260878,inplane,pos,-1.2559448357528342,362804.9842796416
E1-ecc,20260878,inplane,vel,0.6676771922235268,362804.9842796416
E1-ecc,20260878,inplane,pos,-1.5219050230119875,128092.8920597468
E1-ecc,20260878,inplane,vel,-0.09805959060597577,128092.8920597468
E1-ecc,20260878,inplane,pos,2.281037511256691,4750143.123286761
E1-ecc,20260878,inplane,vel,-1.1131694170232986,4750143.123286761
E1-ecc,20260878,plane,pos,0.20511495422794881,12871079.51174934
E1-ecc,20260878,plane,vel,-0.7342336889240925,12871079.51174934
E1-ecc,20260878,plane,pos,1.4837254600721526,34315.88720101827
E1-ecc,20260878,plane,vel,0.7821309727445872,34315.88720101827
E1-ecc,20260878,plane,pos,-0.6040497704070075,13575828.873711778
E1-ecc,20260878,plane,vel,-0.3585377617553572,13575828.873711778
E1-ecc,20260878,plane,pos,0.6621211268125193,106884.33822439247
E1-ecc,20260878,plane,vel,0.11177921709167825,106884.33822439247
E1-ecc,20260878,plane,pos,-0.5334556992262978,1547890.6440706498
E1-ecc,20260878,plane,vel,0.7746025802368072,1547890.6440706498
E1-ecc,20260878,plane,pos,0.4316565997722592,362804.9842796416
E1-ecc,20260878,plane,vel,0.713100364032131,362804.9842796416
E1-ecc,20260878,plane,pos,-1.958442641898138,128092.8920597468
E1-ecc,20260878,plane,vel,-1.1749625185959547,128092.8920597468
E1-ecc,20260878,plane,pos,-1.0045643033322202,4750143.123286761
E1-ecc,20260878,plane,vel,0.1867030683782624,4750143.123286761
E1-ecc,20260878,range,pos,-0.4268461424750508,59425.19443782241
E1-ecc,20260878,range,vel,-1.7191077729526187,59425.19443782241
E1-ecc,20260878,range,pos,-0.1723607635273179,137812.01219270055
E1-ecc,20260878,range,vel,-0.5851615437344185,137812.01219270055
E1-ecc,20260878,range,pos,-0.05081329148087513,434845.1462427744
E1-ecc,20260878,range,vel,-0.1922252783930019,434845.1462427744
E1-ecc,20260878,range,pos,-5.369780580103986,830547.1103165733
E1-ecc,20260878,range,vel,5.268124540281809,830547.1103165733
E1-ecc,20260878,range,pos,2.039664107038512,67166.70054293482
E1-ecc,20260878,range,vel,-0.36687707434673067,67166.70054293482
E1-ecc,20260878,range,pos,-2.131880411149871,524437.0298795264
E1-ecc,20260878,range,vel,0.8765539581928945,524437.0298795264
E1-ecc,20260878,range,pos,-0.5918320243699484,164210.0982016159
E1-ecc,20260878,range,vel,-0.20538836143892586,164210.0982016159
E1-ecc,20260878,inplane,pos,-1.0134563134158736,59425.19443782241
E1-ecc,20260878,inplane,vel,1.130239019853263,59425.19443782241
E1-ecc,20260878,inplane,pos,-0.3146443765026865,137812.01219270055
E1-ecc,20260878,inplane,vel,-0.10584899195305113,137812.01219270055
E1-ecc,20260878,inplane,pos,-0.7452979509019151,434845.1462427744
E1-ecc,20260878,inplane,vel,-0.32337010253024423,434845.1462427744
E1-ecc,20260878,inplane,pos,1.1104897626369883,830547.1103165733
E1-ecc,20260878,inplane,vel,-5.2720526591458645,830547.1103165733
E1-ecc,20260878,inplane,pos,1.4764322214106194,67166.70054293482
E1-ecc,20260878,inplane,vel,1.9238598763848762,67166.70054293482
E1-ecc,20260878,inplane,pos,-0.6285093891073591,524437.0298795264
E1-ecc,20260878,inplane,vel,-2.1086083505284847,524437.0298795264
E1-ecc,20260878,inplane,pos,-0.5518322123658083,164210.0982016159
E1-ecc,20260878,inplane,vel,-0.4831993297531969,164210.0982016159
E1-ecc,20260878,plane,pos,-0.2914689986636262,59425.19443782241
E1-ecc,20260878,plane,vel,-0.9001817567649532,59425.19443782241
E1-ecc,20260878,plane,pos,-0.3507704353853302,137812.01219270055
E1-ecc,20260878,plane,vel,-1.5056016951147408,137812.01219270055
E1-ecc,20260878,plane,pos,-1.727526335892749,434845.1462427744
E1-ecc,20260878,plane,vel,0.4470762542354513,434845.1462427744
E1-ecc,20260878,plane,pos,1.601242728032545,830547.1103165733
E1-ecc,20260878,plane,vel,-3.137434060228925,830547.1103165733
E1-ecc,20260878,plane,pos,0.030048511349517134,67166.70054293482
E1-ecc,20260878,plane,vel,2.196637333067967,67166.70054293482
E1-ecc,20260878,plane,pos,0.20652063195856593,524437.0298795264
E1-ecc,20260878,plane,vel,0.9285400464219068,524437.0298795264
E1-ecc,20260878,plane,pos,-1.346473286609675,164210.0982016159
E1-ecc,20260878,plane,vel,0.8998923238629337,164210.0982016159
E1-ecc,20260885,range,pos,-1.6117944085831577,2065113.5750210125
E1-ecc,20260885,range,vel,-0.6192155012935312,2065113.5750210125
E1-ecc,20260885,range,pos,-1.4229006237681965,1866894.152280775
E1-ecc,20260885,range,vel,2.916053276287157,1866894.152280775
E1-ecc,20260885,range,pos,0.9212356287786352,183870.841506083
E1-ecc,20260885,range,vel,-0.5273904601654522,183870.841506083
E1-ecc,20260885,range,pos,-0.9548290160933928,206011.91698166492
E1-ecc,20260885,range,vel,-0.9979088092835527,206011.91698166492
E1-ecc,20260885,range,pos,1.074939109027091,116543.72962306398
E1-ecc,20260885,range,vel,-1.2760858653660732,116543.72962306398
E1-ecc,20260885,range,pos,-0.00807509293291318,177345.6870670861
E1-ecc,20260885,range,vel,0.046218175577455695,177345.6870670861
E1-ecc,20260885,range,pos,0.3470838824963086,71345.91370196325
E1-ecc,20260885,range,vel,-0.45732511287732325,71345.91370196325
E1-ecc,20260885,range,pos,-0.36953903848312447,31895.604558773863
E1-ecc,20260885,range,vel,-1.164150324296349,31895.604558773863
E1-ecc,20260885,inplane,pos,-2.097769706464786,2065113.5750210125
E1-ecc,20260885,inplane,vel,-1.2167276462809429,2065113.5750210125
E1-ecc,20260885,inplane,pos,0.6055717203200927,1866894.152280775
E1-ecc,20260885,inplane,vel,-0.8382065983534098,1866894.152280775
E1-ecc,20260885,inplane,pos,-0.19717562796768148,183870.841506083
E1-ecc,20260885,inplane,vel,0.7086957638206072,183870.841506083
E1-ecc,20260885,inplane,pos,-0.8843381181090029,206011.91698166492
E1-ecc,20260885,inplane,vel,-0.9845682611144332,206011.91698166492
E1-ecc,20260885,inplane,pos,-0.2357503926237582,116543.72962306398
E1-ecc,20260885,inplane,vel,0.6073693718459959,116543.72962306398
E1-ecc,20260885,inplane,pos,0.13484986083481973,177345.6870670861
E1-ecc,20260885,inplane,vel,0.05332158429059844,177345.6870670861
E1-ecc,20260885,inplane,pos,-0.8456775426655109,71345.91370196325
E1-ecc,20260885,inplane,vel,-0.7033283880661791,71345.91370196325
E1-ecc,20260885,inplane,pos,0.4360358095749916,31895.604558773863
E1-ecc,20260885,inplane,vel,-0.1660004679275328,31895.604558773863
E1-ecc,20260885,plane,pos,0.5260346853928641,2065113.5750210125
E1-ecc,20260885,plane,vel,-0.528038822272599,2065113.5750210125
E1-ecc,20260885,plane,pos,1.6736189275579731,1866894.152280775
E1-ecc,20260885,plane,vel,0.392341095225491,1866894.152280775
E1-ecc,20260885,plane,pos,-1.3723207040665921,183870.841506083
E1-ecc,20260885,plane,vel,1.2491318645321898,183870.841506083
E1-ecc,20260885,plane,pos,-1.2055085636886342,206011.91698166492
E1-ecc,20260885,plane,vel,-0.1441697400081379,206011.91698166492
E1-ecc,20260885,plane,pos,0.1707033127459213,116543.72962306398
E1-ecc,20260885,plane,vel,1.2362311515271014,116543.72962306398
E1-ecc,20260885,plane,pos,0.14236793969995265,177345.6870670861
E1-ecc,20260885,plane,vel,-0.2959739808252232,177345.6870670861
E1-ecc,20260885,plane,pos,-2.194792630511202,71345.91370196325
E1-ecc,20260885,plane,vel,0.18237629747214243,71345.91370196325
E1-ecc,20260885,plane,pos,1.7329978094123157,31895.604558773863
E1-ecc,20260885,plane,vel,0.6130734571684436,31895.604558773863
E1-ecc,20260885,range,pos,0.35312970976842156,48656.90118664224
E1-ecc,20260885,range,vel,1.2671871565673645,48656.90118664224
E1-ecc,20260885,range,pos,-0.8700360680672475,63580.33660318061
E1-ecc,20260885,range,vel,1.1384255538479575,63580.33660318061
E1-ecc,20260885,range,pos,-0.6236214617895177,158691.1885590118
E1-ecc,20260885,range,vel,-0.35885060652853307,158691.1885590118
E1-ecc,20260885,range,pos,-0.8249949448877866,1891217.3878242266
E1-ecc,20260885,range,vel,-0.80621110175625,1891217.3878242266
E1-ecc,20260885,range,pos,-0.039107152404907745,527682.2677850191
E1-ecc,20260885,range,vel,0.17674978470277863,527682.2677850191
E1-ecc,20260885,range,pos,-0.9451732385151002,358408.0866707089
E1-ecc,20260885,range,vel,0.42614799809618253,358408.0866707089
E1-ecc,20260885,range,pos,1.0360492741811573,422725.5858634675
E1-ecc,20260885,range,vel,-0.267634108397213,422725.5858634675
E1-ecc,20260885,range,pos,0.6132478079679359,6789082.253438503
E1-ecc,20260885,range,vel,-0.0329137873736333,6789082.253438503
E1-ecc,20260885,inplane,pos,0.9420340707167963,48656.90118664224
E1-ecc,20260885,inplane,vel,0.33240291778341413,48656.90118664224
E1-ecc,20260885,inplane,pos,2.3242358818949134,63580.33660318061
E1-ecc,20260885,inplane,vel,-0.3973995859944499,63580.33660318061
E1-ecc,20260885,inplane,pos,-1.490670417939941,158691.1885590118
E1-ecc,20260885,inplane,vel,-0.6556231932145702,158691.1885590118
E1-ecc,20260885,inplane,pos,-1.6597534989909688,1891217.3878242266
E1-ecc,20260885,inplane,vel,-1.0518648929692076,1891217.3878242266
E1-ecc,20260885,inplane,pos,0.12819613530052895,527682.2677850191
E1-ecc,20260885,inplane,vel,0.06274011438000708,527682.2677850191
E1-ecc,20260885,inplane,pos,-0.25503227822244323,358408.0866707089
E1-ecc,20260885,inplane,vel,-0.8245304838528381,358408.0866707089
E1-ecc,20260885,inplane,pos,1.227184390226774,422725.5858634675
E1-ecc,20260885,inplane,vel,1.0564178270860891,422725.5858634675
E1-ecc,20260885,inplane,pos,-1.207861263048819,6789082.253438503
E1-ecc,20260885,inplane,vel,0.5987386650512687,6789082.253438503
E1-ecc,20260885,plane,pos,-0.1363911039559291,48656.90118664224
E1-ecc,20260885,plane,vel,0.8960699731078293,48656.90118664224
E1-ecc,20260885,plane,pos,-0.25826073198235705,63580.33660318061
E1-ecc,20260885,plane,vel,-1.4801782539806423,63580.33660318061
E1-ecc,20260885,plane,pos,-2.0552529205782397,158691.1885590118
E1-ecc,20260885,plane,vel,-1.1170602099156595,158691.1885590118
E1-ecc,20260885,plane,pos,1.9154032329869295,1891217.3878242266
E1-ecc,20260885,plane,vel,0.33089346894071564,1891217.3878242266
E1-ecc,20260885,plane,pos,-0.6372001536199039,527682.2677850191
E1-ecc,20260885,plane,vel,0.47642509741329914,527682.2677850191
E1-ecc,20260885,plane,pos,-1.1062701753170812,358408.0866707089
E1-ecc,20260885,plane,vel,-0.19086321748429175,358408.0866707089
E1-ecc,20260885,plane,pos,-0.28368876569760465,422725.5858634675
E1-ecc,20260885,plane,vel,0.013324160939061993,422725.5858634675
E1-ecc,20260885,plane,pos,0.8614091801978284,6789082.253438503
E1-ecc,20260885,plane,vel,-0.011954022762109157,6789082.253438503
E1-ecc,20260885,range,pos,0.7211496982129803,638151.57506919
E1-ecc,20260885,range,vel,-0.5972921317287221,638151.57506919
E1-ecc,20260885,range,pos,-1.3723465572420226,342658.55951359007
E1-ecc,20260885,range,vel,1.3219380033338666,342658.55951359007
E1-ecc,20260885,range,pos,-0.6727134508852235,11648898.251098452
E1-ecc,20260885,range,vel,-0.5449880035881882,11648898.251098452
E1-ecc,20260885,range,pos,-0.10758868676535743,6610172.837926128
E1-ecc,20260885,range,vel,0.42768547962418585,6610172.837926128
E1-ecc,20260885,range,pos,-0.6059604095450895,3692754.964831688
E1-ecc,20260885,range,vel,0.4866441859910417,3692754.964831688
E1-ecc,20260885,range,pos,-0.04005840347678599,15191109.49588153
E1-ecc,20260885,range,vel,1.2783250443172904,15191109.49588153
E1-ecc,20260885,inplane,pos,0.031776619209482986,638151.57506919
E1-ecc,20260885,inplane,vel,0.735633981106065,638151.57506919
E1-ecc,20260885,inplane,pos,0.2947154238685819,342658.55951359007
E1-ecc,20260885,inplane,vel,-0.2128808710389623,342658.55951359007
E1-ecc,20260885,inplane,pos,0.06959504458164274,11648898.251098452
E1-ecc,20260885,inplane,vel,0.30141220725252005,11648898.251098452
E1-ecc,20260885,inplane,pos,0.9949358993272717,6610172.837926128
E1-ecc,20260885,inplane,vel,0.4303166875578011,6610172.837926128
E1-ecc,20260885,inplane,pos,-1.1713934328844495,3692754.964831688
E1-ecc,20260885,inplane,vel,-0.5641267607183963,3692754.964831688
E1-ecc,20260885,inplane,pos,-1.4413750095679327,15191109.49588153
E1-ecc,20260885,inplane,vel,-0.939229179702122,15191109.49588153
E1-ecc,20260885,plane,pos,-0.908249490048849,638151.57506919
E1-ecc,20260885,plane,vel,-1.4040189152850546,638151.57506919
E1-ecc,20260885,plane,pos,-0.0955155881412725,342658.55951359007
E1-ecc,20260885,plane,vel,-0.5678861935647731,342658.55951359007
E1-ecc,20260885,plane,pos,0.9805300478530241,11648898.251098452
E1-ecc,20260885,plane,vel,0.5791786148854009,11648898.251098452
E1-ecc,20260885,plane,pos,-1.9687105031891812,6610172.837926128
E1-ecc,20260885,plane,vel,1.3473900138825712,6610172.837926128
E1-ecc,20260885,plane,pos,-0.24881470493781768,3692754.964831688
E1-ecc,20260885,plane,vel,-1.1079688448777534,3692754.964831688
E1-ecc,20260885,plane,pos,0.4650420397661029,15191109.49588153
E1-ecc,20260885,plane,vel,0.82406621169084,15191109.49588153
E1-ecc,20260885,range,pos,0.4532502996800639,111387.64067336572
E1-ecc,20260885,range,vel,1.329573514184977,111387.64067336572
E1-ecc,20260885,range,pos,0.6569884559870991,14909980.497239433
E1-ecc,20260885,range,vel,-0.03118775484682467,14909980.497239433
E1-ecc,20260885,range,pos,-2.2832817006420028,463960.4072902577
E1-ecc,20260885,range,vel,-1.5830700628097278,463960.4072902577
E1-ecc,20260885,range,pos,-0.374146488007017,306618.82467496983
E1-ecc,20260885,range,vel,1.4170526448228677,306618.82467496983
E1-ecc,20260885,range,pos,-0.7556307456792647,98161.2470433805
E1-ecc,20260885,range,vel,-0.12816905750670185,98161.2470433805
E1-ecc,20260885,range,pos,0.9529547723044657,71923.18480833322
E1-ecc,20260885,range,vel,-1.066118031720339,71923.18480833322
E1-ecc,20260885,range,pos,0.10103597039914179,94781.02297151402
E1-ecc,20260885,range,vel,0.32063888353183045,94781.02297151402
E1-ecc,20260885,range,pos,0.688899622483683,1116707.1300186547
E1-ecc,20260885,range,vel,0.8820159498112037,1116707.1300186547
E1-ecc,20260885,inplane,pos,1.1068670610199247,111387.64067336572
E1-ecc,20260885,inplane,vel,0.24117541623073716,111387.64067336572
E1-ecc,20260885,inplane,pos,0.003625715712874458,14909980.497239433
E1-ecc,20260885,inplane,vel,-0.6468553914847059,14909980.497239433
E1-ecc,20260885,inplane,pos,-1.0294258090563102,463960.4072902577
E1-ecc,20260885,inplane,vel,-2.229732825153769,463960.4072902577
E1-ecc,20260885,inplane,pos,1.9608390838866707,306618.82467496983
E1-ecc,20260885,inplane,vel,0.05338239807636484,306618.82467496983
E1-ecc,20260885,inplane,pos,-1.8372822513499434,98161.2470433805
E1-ecc,20260885,inplane,vel,-1.2330960775898585,98161.2470433805
E1-ecc,20260885,inplane,pos,1.3024131699695058,71923.18480833322
E1-ecc,20260885,inplane,vel,0.44718266229956527,71923.18480833322
E1-ecc,20260885,inplane,pos,1.0007155094117701,94781.02297151402
E1-ecc,20260885,inplane,vel,0.2207818292341462,94781.02297151402
E1-ecc,20260885,inplane,pos,0.9146681012879534,1116707.1300186547
E1-ecc,20260885,inplane,vel,0.5333493946986703,1116707.1300186547
E1-ecc,20260885,plane,pos,0.9120671607943917,111387.64067336572
E1-ecc,20260885,plane,vel,1.2566766840457588,111387.64067336572
E1-ecc,20260885,plane,pos,0.3448390998590756,14909980.497239433
E1-ecc,20260885,plane,vel,0.501760208309117,14909980.497239433
E1-ecc,20260885,plane,pos,0.7569744821639468,463960.4072902577
E1-ecc,20260885,plane,vel,-0.923954708205326,463960.4072902577
E1-ecc,20260885,plane,pos,-0.5576448686604514,306618.82467496983
E1-ecc,20260885,plane,vel,1.001945280047953,306618.82467496983
E1-ecc,20260885,plane,pos,-0.08759864353936274,98161.2470433805
E1-ecc,20260885,plane,vel,-1.3385782304687777,98161.2470433805
E1-ecc,20260885,plane,pos,-0.0780572668466469,71923.18480833322
E1-ecc,20260885,plane,vel,1.9692878436899712,71923.18480833322
E1-ecc,20260885,plane,pos,0.05658171441524086,94781.02297151402
E1-ecc,20260885,plane,vel,-1.268764502314758,94781.02297151402
E1-ecc,20260885,plane,pos,0.40739208193096405,1116707.1300186547
E1-ecc,20260885,plane,vel,-0.4379720349857158,1116707.1300186547
E1-ecc,20260885,range,pos,0.2521175465661422,100489.43944359542
E1-ecc,20260885,range,vel,-0.08330511639916108,100489.43944359542
E1-ecc,20260885,range,pos,-0.8556049848304584,520017.72566243855
E1-ecc,20260885,range,vel,1.1377261808958317,520017.72566243855
E1-ecc,20260885,range,pos,1.2977348750285758,50518.79470645262
E1-ecc,20260885,range,vel,0.839117403840655,50518.79470645262
E1-ecc,20260885,range,pos,-1.2929431029767993,15239972.613560569
E1-ecc,20260885,range,vel,-1.3086261222564093,15239972.613560569
E1-ecc,20260885,range,pos,1.5207216271370327,953742.3930357499
E1-ecc,20260885,range,vel,-0.7386734889039013,953742.3930357499
E1-ecc,20260885,range,pos,0.9674010048995378,14156715.12460713
E1-ecc,20260885,range,vel,0.5912794838211319,14156715.12460713
E1-ecc,20260885,range,pos,0.7161314787087542,303362.93281584233
E1-ecc,20260885,range,vel,1.7800001820410398,303362.93281584233
E1-ecc,20260885,range,pos,-0.9188042141735389,184211.47516426025
E1-ecc,20260885,range,vel,-1.0076450053166377,184211.47516426025
E1-ecc,20260885,inplane,pos,-0.626430496410379,100489.43944359542
E1-ecc,20260885,inplane,vel,0.3488206436696516,100489.43944359542
E1-ecc,20260885,inplane,pos,0.1564293375697583,520017.72566243855
E1-ecc,20260885,inplane,vel,-0.8598052227907405,520017.72566243855
E1-ecc,20260885,inplane,pos,1.320897772765825,50518.79470645262
E1-ecc,20260885,inplane,vel,-2.3259923258325292,50518.79470645262
E1-ecc,20260885,inplane,pos,1.4052160515105754,15239972.613560569
E1-ecc,20260885,inplane,vel,1.452028166836876,15239972.613560569
E1-ecc,20260885,inplane,pos,0.022865740396571178,953742.3930357499
E1-ecc,20260885,inplane,vel,1.4987942218043946,953742.3930357499
E1-ecc,20260885,inplane,pos,-0.7311622561894431,14156715.12460713
E1-ecc,20260885,inplane,vel,-0.9581696429948149,14156715.12460713
E1-ecc,20260885,inplane,pos,1.5416949624223637,303362.93281584233
E1-ecc,20260885,inplane,vel,0.8508141301356072,303362.93281584233
E1-ecc,20260885,inplane,pos,-2.028781038302875,184211.47516426025
E1-ecc,20260885,inplane,vel,-1.3754827371805864,184211.47516426025
E1-ecc,20260885,plane,pos,1.1512890853060702,100489.43944359542
E1-ecc,20260885,plane,vel,1.3480937755525357,100489.43944359542
E1-ecc,20260885,plane,pos,-0.2592376412519044,520017.72566243855
E1-ecc,20260885,plane,vel,-0.21670200250496915,520017.72566243855
E1-ecc,20260885,plane,pos,-1.3624951660941491,50518.79470645262
E1-ecc,20260885,plane,vel,0.09745011517723647,50518.79470645262
E1-ecc,20260885,plane,pos,1.214874460388843,15239972.613560569
E1-ecc,20260885,plane,vel,1.0640162437339376,15239972.613560569
E1-ecc,20260885,plane,pos,-0.6168988396924681,953742.3930357499
E1-ecc,20260885,plane,vel,1.7127723316736254,953742.3930357499
E1-ecc,20260885,plane,pos,1.197929148491137,14156715.12460713
E1-ecc,20260885,plane,vel,0.7620189774748958,14156715.12460713
E1-ecc,20260885,plane,pos,1.3054786148717958,303362.93281584233
E1-ecc,20260885,plane,vel,-0.16764984077645748,303362.93281584233
E1-ecc,20260885,plane,pos,0.7316128867587474,184211.47516426025
E1-ecc,20260885,plane,vel,0.3292904780624699,184211.47516426025
E1-ecc,20260885,range,pos,-0.3044915407721198,774178.9912616808
E1-ecc,20260885,range,vel,-0.3417294153496473,774178.9912616808
E1-ecc,20260885,range,pos,0.9713788327585686,5456493.247909395
E1-ecc,20260885,range,vel,1.2447724390352957,5456493.247909395
E1-ecc,20260885,range,pos,-0.9130086591872909,1051864.4938148537
E1-ecc,20260885,range,vel,0.4901291566475427,1051864.4938148537
E1-ecc,20260885,range,pos,1.538787571230727,93047.45129557913
E1-ecc,20260885,range,vel,-0.5883009497975717,93047.45129557913
E1-ecc,20260885,range,pos,1.1944990470951964,47253.23540062995
E1-ecc,20260885,range,vel,-0.4284051739851888,47253.23540062995
E1-ecc,20260885,range,pos,0.13830538806333517,446167.60231988085
E1-ecc,20260885,range,vel,0.6214938750307456,446167.60231988085
E1-ecc,20260885,range,pos,0.43303383770606685,711644.60469149
E1-ecc,20260885,range,vel,1.4454947525857051,711644.60469149
E1-ecc,20260885,range,pos,1.1890494808465975,10386141.841284204
E1-ecc,20260885,range,vel,-1.5373564671102034,10386141.841284204
E1-ecc,20260885,inplane,pos,-0.2787258521745729,774178.9912616808
E1-ecc,20260885,inplane,vel,-0.2579400469182702,774178.9912616808
E1-ecc,20260885,inplane,pos,-0.7645564750416609,5456493.247909395
E1-ecc,20260885,inplane,vel,1.54979474824853,5456493.247909395
E1-ecc,20260885,inplane,pos,-0.1280950760830624,1051864.4938148537
E1-ecc,20260885,inplane,vel,-0.8901142152727516,1051864.4938148537
E1-ecc,20260885,inplane,pos,0.30337825979179517,93047.45129557913
E1-ecc,20260885,inplane,vel,1.221977491650189,93047.45129557913
E1-ecc,20260885,inplane,pos,1.861184076426651,47253.23540062995
E1-ecc,20260885,inplane,vel,1.2425921473174968,47253.23540062995
E1-ecc,20260885,inplane,pos,1.1478287369662055,446167.60231988085
E1-ecc,20260885,inplane,vel,-0.07191354267889893,446167.60231988085
E1-ecc,20260885,inplane,pos,2.3296608875393963,711644.60469149
E1-ecc,20260885,inplane,vel,0.3916422392635152,711644.60469149
E1-ecc,20260885,inplane,pos,0.9626118879254638,10386141.841284204
E1-ecc,20260885,inplane,vel,1.2572932486348114,10386141.841284204
E1-ecc,20260885,plane,pos,-1.0339147563362818,774178.9912616808
E1-ecc,20260885,plane,vel,-1.2924450195199015,774178.9912616808
E1-ecc,20260885,plane,pos,0.6761768822853831,5456493.247909395
E1-ecc,20260885,plane,vel,-0.29067278724770146,5456493.247909395
E1-ecc,20260885,plane,pos,1.8681304352069237,1051864.4938148537
E1-ecc,20260885,plane,vel,-0.29507304441475846,1051864.4938148537
E1-ecc,20260885,plane,pos,-0.6285595180105672,93047.45129557913
E1-ecc,20260885,plane,vel,1.1290884574227384,93047.45129557913
E1-ecc,20260885,plane,pos,-0.6316663665292006,47253.23540062995
E1-ecc,20260885,plane,vel,0.8259922215077662,47253.23540062995
E1-ecc,20260885,plane,pos,-0.445446687241544,446167.60231988085
E1-ecc,20260885,plane,vel,0.3933225037391451,446167.60231988085
E1-ecc,20260885,plane,pos,1.2110555547491206,711644.60469149
E1-ecc,20260885,plane,vel,-0.9901673939532635,711644.60469149
E1-ecc,20260885,plane,pos,0.24841025769106345,10386141.841284204
E1-ecc,20260885,plane,vel,0.21023541684744124,10386141.841284204
E1-ecc,20260892,range,pos,-1.3324976493665512,108256.70874918667
E1-ecc,20260892,range,vel,-0.9452350246702605,108256.70874918667
E1-ecc,20260892,range,pos,-1.0223759861807802,32737.051754198874
E1-ecc,20260892,range,vel,-1.536726043956324,32737.051754198874
E1-ecc,20260892,range,pos,-0.9144994681899675,3129949.8180507496
E1-ecc,20260892,range,vel,-0.1036449508331757,3129949.8180507496
E1-ecc,20260892,range,pos,0.5026158443261574,555726.6886567642
E1-ecc,20260892,range,vel,0.07174253106595226,555726.6886567642
E1-ecc,20260892,range,pos,-0.267383680479933,495372.4418737655
E1-ecc,20260892,range,vel,-0.0949347535014001,495372.4418737655
E1-ecc,20260892,range,pos,1.0013313014211864,216664.4124389005
E1-ecc,20260892,range,vel,-1.2031859681095998,216664.4124389005
E1-ecc,20260892,range,pos,-0.4879498341409723,238325.68405427775
E1-ecc,20260892,range,vel,0.947513112016374,238325.68405427775
E1-ecc,20260892,range,pos,-0.1435351203795529,155385.22782634193
E1-ecc,20260892,range,vel,-0.890770286385013,155385.22782634193
E1-ecc,20260892,inplane,pos,-0.3788286591678622,108256.70874918667
E1-ecc,20260892,inplane,vel,-0.9978315534956154,108256.70874918667
E1-ecc,20260892,inplane,pos,0.04342861339182316,32737.051754198874
E1-ecc,20260892,inplane,vel,0.8970123574190138,32737.051754198874
E1-ecc,20260892,inplane,pos,0.9991083219999111,3129949.8180507496
E1-ecc,20260892,inplane,vel,-0.9988593737647931,3129949.8180507496
E1-ecc,20260892,inplane,pos,0.9209402879859676,555726.6886567642
E1-ecc,20260892,inplane,vel,0.23937782190904958,555726.6886567642
E1-ecc,20260892,inplane,pos,-0.16005887222149148,495372.4418737655
E1-ecc,20260892,inplane,vel,-0.22389854126865552,495372.4418737655
E1-ecc,20260892,inplane,pos,-0.09818775599804658,216664.4124389005
E1-ecc,20260892,inplane,vel,0.8024657134411184,216664.4124389005
E1-ecc,20260892,inplane,pos,0.9592591951814701,238325.68405427775
E1-ecc,20260892,inplane,vel,-0.34720703688972565,238325.68405427775
E1-ecc,20260892,inplane,pos,-0.8593835776936711,155385.22782634193
E1-ecc,20260892,inplane,vel,-0.2243592005428363,155385.22782634193
E1-ecc,20260892,plane,pos,0.01308371587838502,108256.70874918667
E1-ecc,20260892,plane,vel,-1.8947520475980648,108256.70874918667
E1-ecc,20260892,plane,pos,0.674477995399096,32737.051754198874
E1-ecc,20260892,plane,vel,-0.796024975895152,32737.051754198874
E1-ecc,20260892,plane,pos,1.3918637850203024,3129949.8180507496
E1-ecc,20260892,plane,vel,-1.0356925361042293,3129949.8180507496
E1-ecc,20260892,plane,pos,-0.7771845460657997,555726.6886567642
E1-ecc,20260892,plane,vel,-1.5117613833715873,555726.6886567642
E1-ecc,20260892,plane,pos,-1.4644690226003605,495372.4418737655
E1-ecc,20260892,plane,vel,-0.00934775036376712,495372.4418737655
E1-ecc,20260892,plane,pos,-0.6659182649327878,216664.4124389005
E1-ecc,20260892,plane,vel,-1.4870047009982748,216664.4124389005
E1-ecc,20260892,plane,pos,2.196747202212246,238325.68405427775
E1-ecc,20260892,plane,vel,-0.6973827326076634,238325.68405427775
E1-ecc,20260892,plane,pos,-0.04943017585015728,155385.22782634193
E1-ecc,20260892,plane,vel,-0.3232148671795657,155385.22782634193
E1-ecc,20260892,range,pos,-0.7718470757049758,1768940.7314508846
E1-ecc,20260892,range,vel,0.10365393952812925,1768940.7314508846
E1-ecc,20260892,range,pos,-0.8338684107152948,83573.50627869224
E1-ecc,20260892,range,vel,-1.2452962251508408,83573.50627869224
E1-ecc,20260892,range,pos,-0.062237381451414296,81103.57654951702
E1-ecc,20260892,range,vel,0.3279548427058887,81103.57654951702
E1-ecc,20260892,range,pos,0.8318188797726499,5776450.064371314
E1-ecc,20260892,range,vel,-0.6454616764385447,5776450.064371314
E1-ecc,20260892,range,pos,0.4696191156169929,5516218.77472411
E1-ecc,20260892,range,vel,0.5996539299509519,5516218.77472411
E1-ecc,20260892,range,pos,-0.027600162417092317,6295792.028736276
E1-ecc,20260892,range,vel,0.021174414788865645,6295792.028736276
E1-ecc,20260892,range,pos,0.010115078588682139,3804671.3640674055
E1-ecc,20260892,range,vel,-0.3241556331808066,3804671.3640674055
E1-ecc,20260892,range,pos,-0.4687847908018145,2582771.1934122248
E1-ecc,20260892,range,vel,0.6109618786113409,2582771.1934122248
E1-ecc,20260892,inplane,pos,-1.115646197162871,1768940.7314508846
E1-ecc,20260892,inplane,vel,-0.8195901560872777,1768940.7314508846
E1-ecc,20260892,inplane,pos,-1.2137068304823955,83573.50627869224
E1-ecc,20260892,inplane,vel,-0.5525359167154816,83573.50627869224
E1-ecc,20260892,inplane,pos,0.49511901007608927,81103.57654951702
E1-ecc,20260892,inplane,vel,0.15252135109445866,81103.57654951702
E1-ecc,20260892,inplane,pos,0.9843560814933833,5776450.064371314
E1-ecc,20260892,inplane,vel,1.0984035885493153,5776450.064371314
E1-ecc,20260892,inplane,pos,-0.014697946151085372,5516218.77472411
E1-ecc,20260892,inplane,vel,0.5383722042380861,5516218.77472411
E1-ecc,20260892,inplane,pos,0.0427275468464978,6295792.028736276
E1-ecc,20260892,inplane,vel,-0.06690015700082891,6295792.028736276
E1-ecc,20260892,inplane,pos,-0.20958110901397586,3804671.3640674055
E1-ecc,20260892,inplane,vel,-0.24689092451854322,3804671.3640674055
E1-ecc,20260892,inplane,pos,-0.017801448703294073,2582771.1934122248
E1-ecc,20260892,inplane,vel,-0.5393778249111282,2582771.1934122248
E1-ecc,20260892,plane,pos,-0.31256191324560406,1768940.7314508846
E1-ecc,20260892,plane,vel,0.6164626774121597,1768940.7314508846
E1-ecc,20260892,plane,pos,0.0832892226807084,83573.50627869224
E1-ecc,20260892,plane,vel,0.1905929039119202,83573.50627869224
E1-ecc,20260892,plane,pos,-0.4009157017336684,81103.57654951702
E1-ecc,20260892,plane,vel,0.28247515311565913,81103.57654951702
E1-ecc,20260892,plane,pos,-0.0022401279034530513,5776450.064371314
E1-ecc,20260892,plane,vel,0.585027026173475,5776450.064371314
E1-ecc,20260892,plane,pos,-0.2668629190082028,5516218.77472411
E1-ecc,20260892,plane,vel,0.31646501374527686,5516218.77472411
E1-ecc,20260892,plane,pos,-1.345905031567115,6295792.028736276
E1-ecc,20260892,plane,vel,1.139993910533363,6295792.028736276
E1-ecc,20260892,plane,pos,-1.614900914147198,3804671.3640674055
E1-ecc,20260892,plane,vel,0.20239580902405724,3804671.3640674055
E1-ecc,20260892,plane,pos,-0.0018364156070919805,2582771.1934122248
E1-ecc,20260892,plane,vel,0.6340426933283377,2582771.1934122248
E1-ecc,20260892,range,pos,0.012873330080508723,264147.2846028827
E1-ecc,20260892,range,vel,-0.8544369599277629,264147.2846028827
E1-ecc,20260892,range,pos,1.2102893203852394,1122962.9783347428
E1-ecc,20260892,range,vel,-1.6936067972256688,1122962.9783347428
E1-ecc,20260892,range,pos,-0.02143222316409378,1048017.1124581196
E1-ecc,20260892,range,vel,-1.1360372929710436,1048017.1124581196
E1-ecc,20260892,range,pos,1.0863720299711155,212507.14398001146
E1-ecc,20260892,range,vel,-1.7015154495098634,212507.14398001146
E1-ecc,20260892,range,pos,-0.9693733248285061,6942874.8594209775
E1-ecc,20260892,range,vel,-0.6800235293519676,6942874.8594209775
E1-ecc,20260892,range,pos,-1.7902206116446693,165118.65411600267
E1-ecc,20260892,range,vel,-1.8566942991716977,165118.65411600267
E1-ecc,20260892,inplane,pos,-1.373611721344872,264147.2846028827
E1-ecc,20260892,inplane,vel,-0.0005448600204514858,264147.2846028827
E1-ecc,20260892,inplane,pos,-0.37815908729738207,1122962.9783347428
E1-ecc,20260892,inplane,vel,0.8527996039090096,1122962.9783347428
E1-ecc,20260892,inplane,pos,-0.9213924443943802,1048017.1124581196
E1-ecc,20260892,inplane,vel,0.06662206675718788,1048017.1124581196
E1-ecc,20260892,inplane,pos,-1.9273075604063812,212507.14398001146
E1-ecc,20260892,inplane,vel,1.1239875939849966,212507.14398001146
E1-ecc,20260892,inplane,pos,1.5082536076962716,6942874.8594209775
E1-ecc,20260892,inplane,vel,-0.8368543351474353,6942874.8594209775
E1-ecc,20260892,inplane,pos,-2.034851058179933,165118.65411600267
E1-ecc,20260892,inplane,vel,-1.7393863998254133,165118.65411600267
E1-ecc,20260892,plane,pos,1.0885149677053083,264147.2846028827
E1-ecc,20260892,plane,vel,0.21649126998053023,264147.2846028827
E1-ecc,20260892,plane,pos,0.19573567165072736,1122962.9783347428
E1-ecc,20260892,plane,vel,-0.7950586858021841,1122962.9783347428
E1-ecc,20260892,plane,pos,1.4286475406318213,1048017.1124581196
E1-ecc,20260892,plane,vel,1.0065878756602762,1048017.1124581196
E1-ecc,20260892,plane,pos,-1.0099192167514428,212507.14398001146
E1-ecc,20260892,plane,vel,-1.6040433993418095,212507.14398001146
E1-ecc,20260892,plane,pos,-0.6046861204226224,6942874.8594209775
E1-ecc,20260892,plane,vel,-0.9282449086470376,6942874.8594209775
E1-ecc,20260892,plane,pos,0.7170838826967171,165118.65411600267
E1-ecc,20260892,plane,vel,0.6162001658428776,165118.65411600267
E1-ecc,20260892,range,pos,-0.491574491447083,741906.4722366056
E1-ecc,20260892,range,vel,0.6636285606013717,741906.4722366056
E1-ecc,20260892,range,pos,0.17047400032997476,128989.11333503763
E1-ecc,20260892,range,vel,0.3132416446224385,128989.11333503763
E1-ecc,20260892,range,pos,0.3668335512758249,1588050.424440433
E1-ecc,20260892,range,vel,0.29291650984051354,1588050.424440433
E1-ecc,20260892,range,pos,-1.7506328418254324,171948.9404605184
E1-ecc,20260892,range,vel,-1.4813681075971576,171948.9404605184
E1-ecc,20260892,range,pos,0.6283819577461753,1605185.8118148847
E1-ecc,20260892,range,vel,-0.7696541819316906,1605185.8118148847
E1-ecc,20260892,range,pos,1.5894506636373917,250437.7605667887
E1-ecc,20260892,range,vel,-1.617118160699985,250437.7605667887
E1-ecc,20260892,range,pos,-0.7306121023626095,42277.911492647465
E1-ecc,20260892,range,vel,-0.6083231822343709,42277.911492647465
E1-ecc,20260892,inplane,pos,0.33206455861829204,741906.4722366056
E1-ecc,20260892,inplane,vel,-0.6055666027904502,741906.4722366056
E1-ecc,20260892,inplane,pos,0.2920605187787407,128989.11333503763
E1-ecc,20260892,inplane,vel,0.21632353156960776,128989.11333503763
E1-ecc,20260892,inplane,pos,0.821475487795379,1588050.424440433
E1-ecc,20260892,inplane,vel,0.29915396923960225,1588050.424440433
E1-ecc,20260892,inplane,pos,-0.8515036029784651,171948.9404605184
E1-ecc,20260892,inplane,vel,0.7790723057889432,171948.9404605184
E1-ecc,20260892,inplane,pos,0.4455589815799768,1605185.8118148847
E1-ecc,20260892,inplane,vel,0.6664352726330558,1605185.8118148847
E1-ecc,20260892,inplane,pos,-1.1544288900542032,250437.7605667887
E1-ecc,20260892,inplane,vel,1.3291100092693517,250437.7605667887
E1-ecc,20260892,inplane,pos,-0.05648388955198237,42277.911492647465
E1-ecc,20260892,inplane,vel,0.6419083563815147,42277.911492647465
E1-ecc,20260892,plane,pos,1.434695839948835,741906.4722366056
E1-ecc,20260892,plane,vel,1.0636027352608777,741906.4722366056
E1-ecc,20260892,plane,pos,0.03362002654334295,128989.11333503763
E1-ecc,20260892,plane,vel,0.6566988169780167,128989.11333503763
E1-ecc,20260892,plane,pos,0.8750720948567943,1588050.424440433
E1-ecc,20260892,plane,vel,1.6917555287469643,1588050.424440433
E1-ecc,20260892,plane,pos,-1.1412998648706882,171948.9404605184
E1-ecc,20260892,plane,vel,0.29917414219804994,171948.9404605184
E1-ecc,20260892,plane,pos,0.8954138262801751,1605185.8118148847
E1-ecc,20260892,plane,vel,-0.16000426772648718,1605185.8118148847
E1-ecc,20260892,plane,pos,1.1334087372027262,250437.7605667887
E1-ecc,20260892,plane,vel,-1.6009962006471832,250437.7605667887
E1-ecc,20260892,plane,pos,0.8213165054410039,42277.911492647465
E1-ecc,20260892,plane,vel,-0.2719644540056096,42277.911492647465
E1-ecc,20260892,range,pos,0.6173116684544717,15121081.014976675
E1-ecc,20260892,range,vel,0.6219466453174287,15121081.014976675
E1-ecc,20260892,range,pos,0.06116325694863872,166556.8232652786
E1-ecc,20260892,range,vel,-0.6218021589101064,166556.8232652786
E1-ecc,20260892,range,pos,-1.196183442094852,1023974.4818961496
E1-ecc,20260892,range,vel,1.1116406400277608,1023974.4818961496
E1-ecc,20260892,range,pos,2.446135271969298,151818.67417524493
E1-ecc,20260892,range,vel,-1.2702702569841013,151818.67417524493
E1-ecc,20260892,range,pos,1.0497269119731318,173451.89566260556
E1-ecc,20260892,range,vel,-0.7763724416696437,173451.89566260556
E1-ecc,20260892,range,pos,0.8454345600267411,4821299.337731544
E1-ecc,20260892,range,vel,0.9522280454472818,4821299.337731544
E1-ecc,20260892,range,pos,-0.7173215507946799,4813319.234722343
E1-ecc,20260892,range,vel,0.5102371551628283,4813319.234722343
E1-ecc,20260892,inplane,pos,-0.7446037425381814,15121081.014976675
E1-ecc,20260892,inplane,vel,-0.4944777286009818,15121081.014976675
E1-ecc,20260892,inplane,pos,-0.6672074351666542,166556.8232652786
E1-ecc,20260892,inplane,vel,-0.738617746768373,166556.8232652786
E1-ecc,20260892,inplane,pos,0.8508395438814048,1023974.4818961496
E1-ecc,20260892,inplane,vel,-1.1780319846748362,1023974.4818961496
E1-ecc,20260892,inplane,pos,2.7393021642867197,151818.67417524493
E1-ecc,20260892,inplane,vel,2.3541595662192725,151818.67417524493
E1-ecc,20260892,inplane,pos,0.5339290520430421,173451.89566260556
E1-ecc,20260892,inplane,vel,1.057497440322637,173451.89566260556
E1-ecc,20260892,inplane,pos,-0.5838326405407832,4821299.337731544
E1-ecc,20260892,inplane,vel,0.9101336312271945,4821299.337731544
E1-ecc,20260892,inplane,pos,1.4136018125484364,4813319.234722343
E1-ecc,20260892,inplane,vel,-0.9358256496686703,4813319.234722343
E1-ecc,20260892,plane,pos,-0.10725745271844316,15121081.014976675
E1-ecc,20260892,plane,vel,-0.613858473634376,15121081.014976675
E1-ecc,20260892,plane,pos,-0.7766088178832996,166556.8232652786
E1-ecc,20260892,plane,vel,-1.0372698030201244,166556.8232652786
E1-ecc,20260892,plane,pos,0.5911035274593748,1023974.4818961496
E1-ecc,20260892,plane,vel,-1.1271780711633,1023974.4818961496
E1-ecc,20260892,plane,pos,-1.5017596612103898,151818.67417524493
E1-ecc,20260892,plane,vel,-1.614819564796059,151818.67417524493
E1-ecc,20260892,plane,pos,0.31446523405741816,173451.89566260556
E1-ecc,20260892,plane,vel,0.8303270657513905,173451.89566260556
E1-ecc,20260892,plane,pos,-1.091687510575246,4821299.337731544
E1-ecc,20260892,plane,vel,0.2086247774408127,4821299.337731544
E1-ecc,20260892,plane,pos,-0.41045040798550086,4813319.234722343
E1-ecc,20260892,plane,vel,-0.2849960514427881,4813319.234722343
E1-ecc,20260892,range,pos,0.2397604711102489,335235.0675508678
E1-ecc,20260892,range,vel,1.15437808816465,335235.0675508678
E1-ecc,20260892,range,pos,-2.634682057924508,4383287.147377673
E1-ecc,20260892,range,vel,-2.7599919986270596,4383287.147377673
E1-ecc,20260892,range,pos,-0.279479377066779,264672.4924029356
E1-ecc,20260892,range,vel,-1.2192160471118536,264672.4924029356
E1-ecc,20260892,range,pos,0.4340653459561669,4632802.571538574
E1-ecc,20260892,range,vel,-0.45902301111916777,4632802.571538574
E1-ecc,20260892,range,pos,-0.8323261402299607,106077.73059696975
E1-ecc,20260892,range,vel,0.5999924440293107,106077.73059696975
E1-ecc,20260892,range,pos,0.1230893957660325,48806.3659118894
E1-ecc,20260892,range,vel,0.24474627055752793,48806.3659118894
E1-ecc,20260892,range,pos,0.6871365423521271,61678.02298471195
E1-ecc,20260892,range,vel,-0.10204529846463076,61678.02298471195
E1-ecc,20260892,inplane,pos,1.2234564056065542,335235.0675508678
E1-ecc,20260892,inplane,vel,0.4140045131897638,335235.0675508678
E1-ecc,20260892,inplane,pos,0.9993371348834447,4383287.147377673
E1-ecc,20260892,inplane,vel,-2.14926437715777,4383287.147377673
E1-ecc,20260892,inplane,pos,-1.5543272776970822,264672.4924029356
E1-ecc,20260892,inplane,vel,-0.4049921809359724,264672.4924029356
E1-ecc,20260892,inplane,pos,-1.1121375896508583,4632802.571538574
E1-ecc,20260892,inplane,vel,0.37778904106834016,4632802.571538574
E1-ecc,20260892,inplane,pos,-0.8346711939326824,106077.73059696975
E1-ecc,20260892,inplane,vel,-0.27360565554134125,106077.73059696975
E1-ecc,20260892,inplane,pos,-0.12363023228839988,48806.3659118894
E1-ecc,20260892,inplane,vel,0.5053322802556591,48806.3659118894
E1-ecc,20260892,inplane,pos,-0.5939613470422307,61678.02298471195
E1-ecc,20260892,inplane,vel,-0.5521879631690104,61678.02298471195
E1-ecc,20260892,plane,pos,-1.2766790586652692,335235.0675508678
E1-ecc,20260892,plane,vel,0.6193832862530896,335235.0675508678
E1-ecc,20260892,plane,pos,0.2630238109540552,4383287.147377673
E1-ecc,20260892,plane,vel,1.0422967680479085,4383287.147377673
E1-ecc,20260892,plane,pos,0.4338798566919268,264672.4924029356
E1-ecc,20260892,plane,vel,0.6044680825780557,264672.4924029356
E1-ecc,20260892,plane,pos,-0.21860485105366267,4632802.571538574
E1-ecc,20260892,plane,vel,0.18015400051340674,4632802.571538574
E1-ecc,20260892,plane,pos,-1.265268288419924,106077.73059696975
E1-ecc,20260892,plane,vel,1.6145147140451293,106077.73059696975
E1-ecc,20260892,plane,pos,1.0869029590608188,48806.3659118894
E1-ecc,20260892,plane,vel,0.25847713436342,48806.3659118894
E1-ecc,20260892,plane,pos,-0.37232484332121435,61678.02298471195
E1-ecc,20260892,plane,vel,0.9513937631550713,61678.02298471195
E1-ecc,20260899,range,pos,-0.6788205770329042,102407.56990337462
E1-ecc,20260899,range,vel,-0.7564322206907357,102407.56990337462
E1-ecc,20260899,range,pos,1.598648878597406,347710.0406897557
E1-ecc,20260899,range,vel,1.7590001034943317,347710.0406897557
E1-ecc,20260899,range,pos,0.9072568550744655,73588.59118375868
E1-ecc,20260899,range,vel,-1.0841741511724874,73588.59118375868
E1-ecc,20260899,range,pos,-0.8319054799580751,617096.9347952114
E1-ecc,20260899,range,vel,0.9499165439118431,617096.9347952114
E1-ecc,20260899,range,pos,-0.2117388978555635,206554.35354179976
E1-ecc,20260899,range,vel,0.8724843038701064,206554.35354179976
E1-ecc,20260899,range,pos,0.6561509413543767,979194.4658349907
E1-ecc,20260899,range,vel,-0.9327328339593337,979194.4658349907
E1-ecc,20260899,range,pos,0.7973520116568222,471939.22176209406
E1-ecc,20260899,range,vel,-1.339790512456489,471939.22176209406
E1-ecc,20260899,inplane,pos,0.2775686146790834,102407.56990337462
E1-ecc,20260899,inplane,vel,-1.325251836361829,102407.56990337462
E1-ecc,20260899,inplane,pos,1.7469328893174243,347710.0406897557
E1-ecc,20260899,inplane,vel,1.6683487627539824,347710.0406897557
E1-ecc,20260899,inplane,pos,0.24473090493973032,73588.59118375868
E1-ecc,20260899,inplane,vel,0.6930314060374277,73588.59118375868
E1-ecc,20260899,inplane,pos,0.06393591463260623,617096.9347952114
E1-ecc,20260899,inplane,vel,-0.8134040064665135,617096.9347952114
E1-ecc,20260899,inplane,pos,1.121419487675364,206554.35354179976
E1-ecc,20260899,inplane,vel,-0.22365398250891833,206554.35354179976
E1-ecc,20260899,inplane,pos,-0.4636691294941422,979194.4658349907
E1-ecc,20260899,inplane,vel,0.6153419604940649,979194.4658349907
E1-ecc,20260899,inplane,pos,-1.2555292617563618,471939.22176209406
E1-ecc,20260899,inplane,vel,0.16353746319884663,471939.22176209406
E1-ecc,20260899,plane,pos,1.1109964196794841,102407.56990337462
E1-ecc,20260899,plane,vel,0.6019519599798592,102407.56990337462
E1-ecc,20260899,plane,pos,0.04850558421455714,347710.0406897557
E1-ecc,20260899,plane,vel,0.17328945864632433,347710.0406897557
E1-ecc,20260899,plane,pos,-0.30196600485961805,73588.59118375868
E1-ecc,20260899,plane,vel,0.8331068427276261,73588.59118375868
E1-ecc,20260899,plane,pos,1.114168877041412,617096.9347952114
E1-ecc,20260899,plane,vel,-1.5141500288789276,617096.9347952114
E1-ecc,20260899,plane,pos,-1.198487097947259,206554.35354179976
E1-ecc,20260899,plane,vel,0.6615131080309626,206554.35354179976
E1-ecc,20260899,plane,pos,0.3033862822732864,979194.4658349907
E1-ecc,20260899,plane,vel,-1.060643079393018,979194.4658349907
E1-ecc,20260899,plane,pos,0.5367163284715903,471939.22176209406
E1-ecc,20260899,plane,vel,-0.10600252970709519,471939.22176209406
E1-ecc,20260899,range,pos,0.021715559207419934,357397.41996597097
E1-ecc,20260899,range,vel,-0.5695060969033543,357397.41996597097
E1-ecc,20260899,range,pos,0.3152078687254386,11789877.90001624
E1-ecc,20260899,range,vel,0.05969909359474287,11789877.90001624
E1-ecc,20260899,range,pos,-1.2350017797326736,9132408.771257173
E1-ecc,20260899,range,vel,-1.194495800738803,9132408.771257173
E1-ecc,20260899,range,pos,-0.6065336386957164,1350373.2555388026
E1-ecc,20260899,range,vel,0.14484270130445606,1350373.2555388026
E1-ecc,20260899,range,pos,1.8889187570754309,3358460.654036659
E1-ecc,20260899,range,vel,0.23989739293627355,3358460.654036659
E1-ecc,20260899,range,pos,-0.7095432894501674,6981675.209993324
E1-ecc,20260899,range,vel,-0.7212343159831258,6981675.209993324
E1-ecc,20260899,range,pos,-1.324529858712182,134501.46206090497
E1-ecc,20260899,range,vel,-0.9692045832776125,134501.46206090497
E1-ecc,20260899,range,pos,0.09219010935518775,9160069.46112651
E1-ecc,20260899,range,vel,-0.15843300259512588,9160069.46112651
E1-ecc,20260899,inplane,pos,-0.7494197198997282,357397.41996597097
E1-ecc,20260899,inplane,vel,-0.24112846387512907,357397.41996597097
E1-ecc,20260899,inplane,pos,0.47452588245312477,11789877.90001624
E1-ecc,20260899,inplane,vel,0.09835226999944933,11789877.90001624
E1-ecc,20260899,inplane,pos,1.5362337265563344,9132408.771257173
E1-ecc,20260899,inplane,vel,-1.505162963369418,9132408.771257173
E1-ecc,20260899,inplane,pos,0.7942994354599316,1350373.2555388026
E1-ecc,20260899,inplane,vel,-0.8120631195301607,1350373.2555388026
E1-ecc,20260899,inplane,pos,-2.0776987676845167,3358460.654036659
E1-ecc,20260899,inplane,vel,2.0582423850346547,3358460.654036659
E1-ecc,20260899,inplane,pos,0.6252050383716131,6981675.209993324
E1-ecc,20260899,inplane,vel,-0.6638179020777496,6981675.209993324
E1-ecc,20260899,inplane,pos,0.7159768779475669,134501.46206090497
E1-ecc,20260899,inplane,vel,-1.4486204707087473,134501.46206090497
E1-ecc,20260899,inplane,pos,0.03457268426349387,9160069.46112651
E1-ecc,20260899,inplane,vel,0.2109282404600202,9160069.46112651
E1-ecc,20260899,plane,pos,0.044140203175287815,357397.41996597097
E1-ecc,20260899,plane,vel,-1.1503458171644438,357397.41996597097
E1-ecc,20260899,plane,pos,0.5810144461350975,11789877.90001624
E1-ecc,20260899,plane,vel,0.3310363869431318,11789877.90001624
E1-ecc,20260899,plane,pos,-0.12362555221187868,9132408.771257173
E1-ecc,20260899,plane,vel,1.2803037453610713,9132408.771257173
E1-ecc,20260899,plane,pos,-0.9817504934787,1350373.2555388026
E1-ecc,20260899,plane,vel,-1.3831540190826102,1350373.2555388026
E1-ecc,20260899,plane,pos,-0.6209726197482045,3358460.654036659
E1-ecc,20260899,plane,vel,1.8594290600548735,3358460.654036659
E1-ecc,20260899,plane,pos,-0.27232335066140095,6981675.209993324
E1-ecc,20260899,plane,vel,0.27592468845770896,6981675.209993324
E1-ecc,20260899,plane,pos,-2.8431669008311182,134501.46206090497
E1-ecc,20260899,plane,vel,-0.6939748953461172,134501.46206090497
E1-ecc,20260899,plane,pos,-0.12883504177988725,9160069.46112651
E1-ecc,20260899,plane,vel,-1.435396518656441,9160069.46112651
E1-ecc,20260899,range,pos,1.021448315226208,167841.86190564977
E1-ecc,20260899,range,vel,0.10704551091171773,167841.86190564977
E1-ecc,20260899,range,pos,1.300452903722146,224353.72708192762
E1-ecc,20260899,range,vel,-1.5492616107030164,224353.72708192762
E1-ecc,20260899,range,pos,1.0256347592399986,38913.47375827538
E1-ecc,20260899,range,vel,0.4419427278019523,38913.47375827538
E1-ecc,20260899,range,pos,-2.720081806897671,649828.3384676485
E1-ecc,20260899,range,vel,2.015098659661258,649828.3384676485
E1-ecc,20260899,range,pos,1.7799134340515343,417011.6694484477
E1-ecc,20260899,range,vel,-0.5694056144225764,417011.6694484477
E1-ecc,20260899,range,pos,0.5215181848636263,51772.87536058327
E1-ecc,20260899,range,vel,-0.6262967047003056,51772.87536058327
E1-ecc,20260899,range,pos,0.8432904197687707,6586857.396452778
E1-ecc,20260899,range,vel,-1.0345895103943274,6586857.396452778
E1-ecc,20260899,range,pos,1.4861231207902494,366830.2060072014
E1-ecc,20260899,range,vel,-1.8929182698638276,366830.2060072014
E1-ecc,20260899,inplane,pos,0.36910171652875423,167841.86190564977
E1-ecc,20260899,inplane,vel,0.8946265726100869,167841.86190564977
E1-ecc,20260899,inplane,pos,0.6986723568050947,224353.72708192762
E1-ecc,20260899,inplane,vel,1.389484739434664,224353.72708192762
E1-ecc,20260899,inplane,pos,-1.1082712139237263,38913.47375827538
E1-ecc,20260899,inplane,vel,-1.5941317276523717,38913.47375827538
E1-ecc,20260899,inplane,pos,-1.5841289883260707,649828.3384676485
E1-ecc,20260899,inplane,vel,-2.823884410113256,649828.3384676485
E1-ecc,20260899,inplane,pos,0.34357816474331804,417011.6694484477
E1-ecc,20260899,inplane,vel,0.9565926470800795,417011.6694484477
E1-ecc,20260899,inplane,pos,0.45650845826509245,51772.87536058327
E1-ecc,20260899,inplane,vel,0.6535058490775956,51772.87536058327
E1-ecc,20260899,inplane,pos,-0.009051929560505222,6586857.396452778
E1-ecc,20260899,inplane,vel,0.6739878331842889,6586857.396452778
E1-ecc,20260899,inplane,pos,0.04893495308360998,366830.2060072014
E1-ecc,20260899,inplane,vel,1.1841660147791433,366830.2060072014
E1-ecc,20260899,plane,pos,0.6254132784177322,167841.86190564977
E1-ecc,20260899,plane,vel,1.3326937449917375,167841.86190564977
E1-ecc,20260899,plane,pos,0.8315956861725733,224353.72708192762
E1-ecc,20260899,plane,vel,2.2344936082560705,224353.72708192762
E1-ecc,20260899,plane,pos,-1.655424415918628,38913.47375827538
E1-ecc,20260899,plane,vel,-1.6762232047099437,38913.47375827538
E1-ecc,20260899,plane,pos,1.4102614109726177,649828.3384676485
E1-ecc,20260899,plane,vel,1.3327420126873968,649828.3384676485
E1-ecc,20260899,plane,pos,1.6640858463665134,417011.6694484477
E1-ecc,20260899,plane,vel,-0.10687321069412861,417011.6694484477
E1-ecc,20260899,plane,pos,-0.14752329070785852,51772.87536058327
E1-ecc,20260899,plane,vel,0.5478234417367119,51772.87536058327
E1-ecc,20260899,plane,pos,-1.0776365989624064,6586857.396452778
E1-ecc,20260899,plane,vel,-1.1278464144830957,6586857.396452778
E1-ecc,20260899,plane,pos,0.1344440686942383,366830.2060072014
E1-ecc,20260899,plane,vel,1.332400694877986,366830.2060072014
E1-ecc,20260899,range,pos,-0.21270364345769854,790865.0862345701
E1-ecc,20260899,range,vel,-0.42909649686880263,790865.0862345701
E1-ecc,20260899,range,pos,1.8193429553120968,13169891.984169973
E1-ecc,20260899,range,vel,1.7378459052887854,13169891.984169973
E1-ecc,20260899,range,pos,-0.8255562115702847,2444238.6341740424
E1-ecc,20260899,range,vel,0.6360338714806648,2444238.6341740424
E1-ecc,20260899,range,pos,-1.7273068807830994,12513793.453787928
E1-ecc,20260899,range,vel,-0.9951691482577718,12513793.453787928
E1-ecc,20260899,range,pos,-1.0528265459034583,7186531.260262707
E1-ecc,20260899,range,vel,0.6941709874971295,7186531.260262707
E1-ecc,20260899,range,pos,-0.22998469487326179,613343.5340681423
E1-ecc,20260899,range,vel,-0.005117188276388739,613343.5340681423
E1-ecc,20260899,range,pos,-0.5785334933558453,13478446.714497399
E1-ecc,20260899,range,vel,-0.46752236303083,13478446.714497399
E1-ecc,20260899,range,pos,-0.5213714693455656,90190.81696145845
E1-ecc,20260899,range,vel,0.1923910412936432,90190.81696145845
E1-ecc,20260899,inplane,pos,-0.46150031309934886,790865.0862345701
E1-ecc,20260899,inplane,vel,-0.22847699662245408,790865.0862345701
E1-ecc,20260899,inplane,pos,-1.7898843726611973,13169891.984169973
E1-ecc,20260899,inplane,vel,1.2708947807301456,13169891.984169973
E1-ecc,20260899,inplane,pos,-0.3432660097310349,2444238.6341740424
E1-ecc,20260899,inplane,vel,-0.34610284337253283,2444238.6341740424
E1-ecc,20260899,inplane,pos,1.835055876541626,12513793.453787928
E1-ecc,20260899,inplane,vel,1.9132431740504674,12513793.453787928
E1-ecc,20260899,inplane,pos,-0.9417037219464062,7186531.260262707
E1-ecc,20260899,inplane,vel,-0.7241254123320386,7186531.260262707
E1-ecc,20260899,inplane,pos,0.42679510842521223,613343.5340681423
E1-ecc,20260899,inplane,vel,-0.2598459789743361,613343.5340681423
E1-ecc,20260899,inplane,pos,0.6279906593731722,13478446.714497399
E1-ecc,20260899,inplane,vel,0.6113932699541189,13478446.714497399
E1-ecc,20260899,inplane,pos,0.472205284245018,90190.81696145845
E1-ecc,20260899,inplane,vel,-0.40241968047951127,90190.81696145845
E1-ecc,20260899,plane,pos,-0.158287345232221,790865.0862345701
E1-ecc,20260899,plane,vel,-0.3235929400415051,790865.0862345701
E1-ecc,20260899,plane,pos,-0.6636133257891459,13169891.984169973
E1-ecc,20260899,plane,vel,0.9238420888171415,13169891.984169973
E1-ecc,20260899,plane,pos,1.3993735757708399,2444238.6341740424
E1-ecc,20260899,plane,vel,0.5862661330236627,2444238.6341740424
E1-ecc,20260899,plane,pos,-1.0866786378893847,12513793.453787928
E1-ecc,20260899,plane,vel,-1.2402421931196241,12513793.453787928
E1-ecc,20260899,plane,pos,0.2986768922334675,7186531.260262707
E1-ecc,20260899,plane,vel,0.0014995327144070193,7186531.260262707
E1-ecc,20260899,plane,pos,1.108487688852458,613343.5340681423
E1-ecc,20260899,plane,vel,0.5857874721912788,613343.5340681423
E1-ecc,20260899,plane,pos,1.3945789423173776,13478446.714497399
E1-ecc,20260899,plane,vel,0.2948370328839846,13478446.714497399
E1-ecc,20260899,plane,pos,-0.4850710981927449,90190.81696145845
E1-ecc,20260899,plane,vel,0.8099978320726452,90190.81696145845
E1-ecc,20260899,range,pos,-1.255529320810269,4061580.71877488
E1-ecc,20260899,range,vel,0.5732220244501867,4061580.71877488
E1-ecc,20260899,range,pos,-0.04531982105641005,111556.64255862351
E1-ecc,20260899,range,vel,-1.0427259606307604,111556.64255862351
E1-ecc,20260899,range,pos,-0.13154133936923001,82102.74012172832
E1-ecc,20260899,range,vel,-0.6707928472660569,82102.74012172832
E1-ecc,20260899,range,pos,-0.8785344036309177,718733.0778553786
E1-ecc,20260899,range,vel,1.2251531713076518,718733.0778553786
E1-ecc,20260899,range,pos,1.504455905225631,39095.75453594745
E1-ecc,20260899,range,vel,-1.6517948431784508,39095.75453594745
E1-ecc,20260899,range,pos,0.027815232425671535,50298.802203950865
E1-ecc,20260899,range,vel,0.5409610913772366,50298.802203950865
E1-ecc,20260899,range,pos,-1.4820680048311698,50546.85944639915
E1-ecc,20260899,range,vel,-1.7163405719845364,50546.85944639915
E1-ecc,20260899,range,pos,2.1275370051674516,218958.6969601004
E1-ecc,20260899,range,vel,2.047811560043877,218958.6969601004
E1-ecc,20260899,inplane,pos,-1.5103423216538472,4061580.71877488
E1-ecc,20260899,inplane,vel,-1.1277289949944485,4061580.71877488
E1-ecc,20260899,inplane,pos,1.880044903405737,111556.64255862351
E1-ecc,20260899,inplane,vel,2.1431979522342117,111556.64255862351
E1-ecc,20260899,inplane,pos,-0.8878580043457446,82102.74012172832
E1-ecc,20260899,inplane,vel,-0.22772953692070672,82102.74012172832
E1-ecc,20260899,inplane,pos,1.1989612285311242,718733.0778553786
E1-ecc,20260899,inplane,vel,-0.9868705182466638,718733.0778553786
E1-ecc,20260899,inplane,pos,-1.518410079988061,39095.75453594745
E1-ecc,20260899,inplane,vel,1.5781490290934983,39095.75453594745
E1-ecc,20260899,inplane,pos,0.705610375879857,50298.802203950865
E1-ecc,20260899,inplane,vel,0.4785260742877998,50298.802203950865
E1-ecc,20260899,inplane,pos,-0.3886257326832149,50546.85944639915
E1-ecc,20260899,inplane,vel,-1.5900080876529956,50546.85944639915
E1-ecc,20260899,inplane,pos,1.919526302717392,218958.6969601004
E1-ecc,20260899,inplane,vel,2.007773294922378,218958.6969601004
E1-ecc,20260899,plane,pos,-0.0637192772528814,4061580.71877488
E1-ecc,20260899,plane,vel,-0.4245998037029253,4061580.71877488
E1-ecc,20260899,plane,pos,0.2425592846643478,111556.64255862351
E1-ecc,20260899,plane,vel,-1.1440006169436059,111556.64255862351
E1-ecc,20260899,plane,pos,-0.2458785007680277,82102.74012172832
E1-ecc,20260899,plane,vel,-0.5299737885671716,82102.74012172832
E1-ecc,20260899,plane,pos,1.3453343549027055,718733.0778553786
E1-ecc,20260899,plane,vel,-0.8614615072124058,718733.0778553786
E1-ecc,20260899,plane,pos,1.0737568304951008,39095.75453594745
E1-ecc,20260899,plane,vel,-2.1738928728120994,39095.75453594745
E1-ecc,20260899,plane,pos,-0.5733693448463718,50298.802203950865
E1-ecc,20260899,plane,vel,0.12448835221895696,50298.802203950865
E1-ecc,20260899,plane,pos,-0.5698574673491378,50546.85944639915
E1-ecc,20260899,plane,vel,0.7105612295694543,50546.85944639915
E1-ecc,20260899,plane,pos,0.12869258168643105,218958.6969601004
E1-ecc,20260899,plane,vel,-1.8074021442206403,218958.6969601004
E1-ecc,20260899,range,pos,-0.07793705209789509,15224292.655178014
E1-ecc,20260899,range,vel,-0.0689093973313833,15224292.655178014
E1-ecc,20260899,range,pos,-0.45107336869877207,4060342.447551244
E1-ecc,20260899,range,vel,-0.35600390353424605,4060342.447551244
E1-ecc,20260899,range,pos,-0.19785225446389912,2769510.223620362
E1-ecc,20260899,range,vel,0.23192938917799766,2769510.223620362
E1-ecc,20260899,range,pos,-0.05826298513944385,1144832.701031526
E1-ecc,20260899,range,vel,-0.27086860081610925,1144832.701031526
E1-ecc,20260899,range,pos,-0.13294493303476224,3976837.138105284
E1-ecc,20260899,range,vel,0.5851649559242383,3976837.138105284
E1-ecc,20260899,range,pos,-0.04961241549404628,216124.94282472396
E1-ecc,20260899,range,vel,0.3130702955589174,216124.94282472396
E1-ecc,20260899,range,pos,1.1732468288091555,570263.0045627702
E1-ecc,20260899,range,vel,1.0971472703856977,570263.0045627702
E1-ecc,20260899,inplane,pos,1.0234901136840482,15224292.655178014
E1-ecc,20260899,inplane,vel,0.5024274797655142,15224292.655178014
E1-ecc,20260899,inplane,pos,0.6739424299078198,4060342.447551244
E1-ecc,20260899,inplane,vel,-0.39914307044841507,4060342.447551244
E1-ecc,20260899,inplane,pos,-0.06847908211530053,2769510.223620362
E1-ecc,20260899,inplane,vel,-0.21242914620353529,2769510.223620362
E1-ecc,20260899,inplane,pos,-0.3736742631582877,1144832.701031526
E1-ecc,20260899,inplane,vel,-0.11303225591663947,1144832.701031526
E1-ecc,20260899,inplane,pos,-0.10799654392735893,3976837.138105284
E1-ecc,20260899,inplane,vel,-0.05547430274447362,3976837.138105284
E1-ecc,20260899,inplane,pos,0.09801508705926248,216124.94282472396
E1-ecc,20260899,inplane,vel,-0.009919072217721158,216124.94282472396
E1-ecc,20260899,inplane,pos,0.024567270109380278,570263.0045627702
E1-ecc,20260899,inplane,vel,1.1724613525001908,570263.0045627702
E1-ecc,20260899,plane,pos,-1.2741108154867018,15224292.655178014
E1-ecc,20260899,plane,vel,-1.074790326914411,15224292.655178014
E1-ecc,20260899,plane,pos,-0.31267886909455384,4060342.447551244
E1-ecc,20260899,plane,vel,0.6721843501278226,4060342.447551244
E1-ecc,20260899,plane,pos,0.07194179491880516,2769510.223620362
E1-ecc,20260899,plane,vel,0.22913772636643595,2769510.223620362
E1-ecc,20260899,plane,pos,0.5602895655451495,1144832.701031526
E1-ecc,20260899,plane,vel,0.6093382374746666,1144832.701031526
E1-ecc,20260899,plane,pos,0.4639430391928941,3976837.138105284
E1-ecc,20260899,plane,vel,1.0529743826939966,3976837.138105284
E1-ecc,20260899,plane,pos,0.20294370243420967,216124.94282472396
E1-ecc,20260899,plane,vel,0.3139754683141675,216124.94282472396
E1-ecc,20260899,plane,pos,0.5107144291297447,570263.0045627702
E1-ecc,20260899,plane,vel,0.5077565858817842,570263.0045627702
E1-ecc,20260906,range,pos,-0.20300490386867764,166533.817896419
E1-ecc,20260906,range,vel,-0.23143816260171096,166533.817896419
E1-ecc,20260906,range,pos,1.6633723201044934,1705425.0255973204
E1-ecc,20260906,range,vel,-1.4379290818358077,1705425.0255973204
E1-ecc,20260906,range,pos,-46.6375044270615,560478.0640279443
E1-ecc,20260906,range,vel,-101.70578818183661,560478.0640279443
E1-ecc,20260906,range,pos,1.221925246466061,213733.15238020825
E1-ecc,20260906,range,vel,2.3002554750545,213733.15238020825
E1-ecc,20260906,range,pos,-0.2863401733577352,246459.29109071736
E1-ecc,20260906,range,vel,0.4659067131509026,246459.29109071736
E1-ecc,20260906,range,pos,1.4484898731877331,244615.33959713826
E1-ecc,20260906,range,vel,1.339102592296282,244615.33959713826
E1-ecc,20260906,range,pos,-0.7690682331051664,9503968.313421087
E1-ecc,20260906,range,vel,-0.7392676669650591,9503968.313421087
E1-ecc,20260906,range,pos,1.8965898513336827,313706.3417283028
E1-ecc,20260906,range,vel,-1.984709471712739,313706.3417283028
E1-ecc,20260906,inplane,pos,-0.8914277269450415,166533.817896419
E1-ecc,20260906,inplane,vel,-0.29936292937309156,166533.817896419
E1-ecc,20260906,inplane,pos,-0.385607402645145,1705425.0255973204
E1-ecc,20260906,inplane,vel,1.6378341259076583,1705425.0255973204
E1-ecc,20260906,inplane,pos,-226.12377896556129,560478.0640279443
E1-ecc,20260906,inplane,vel,-68.28289037209429,560478.0640279443
E1-ecc,20260906,inplane,pos,2.1609141986095324,213733.15238020825
E1-ecc,20260906,inplane,vel,1.4859958618166544,213733.15238020825
E1-ecc,20260906,inplane,pos,1.755244425058799,246459.29109071736
E1-ecc,20260906,inplane,vel,-0.033925250570920516,246459.29109071736
E1-ecc,20260906,inplane,pos,0.5336353230865741,244615.33959713826
E1-ecc,20260906,inplane,vel,1.2704448402349213,244615.33959713826
E1-ecc,20260906,inplane,pos,0.5190755240466692,9503968.313421087
E1-ecc,20260906,inplane,vel,-0.5697519602003718,9503968.313421087
E1-ecc,20260906,inplane,pos,-0.4974723535440387,313706.3417283028
E1-ecc,20260906,inplane,vel,1.6596195612351037,313706.3417283028
E1-ecc,20260906,plane,pos,-0.33984137343767645,166533.817896419
E1-ecc,20260906,plane,vel,0.036855091365538266,166533.817896419
E1-ecc,20260906,plane,pos,-0.9667150943664158,1705425.0255973204
E1-ecc,20260906,plane,vel,-1.0194577478126008,1705425.0255973204
E1-ecc,20260906,plane,pos,56.96939989247132,560478.0640279443
E1-ecc,20260906,plane,vel,-28.80941784151337,560478.0640279443
E1-ecc,20260906,plane,pos,0.9069043957445079,213733.15238020825
E1-ecc,20260906,plane,vel,-0.07803340181169005,213733.15238020825
E1-ecc,20260906,plane,pos,0.9115836716355458,246459.29109071736
E1-ecc,20260906,plane,vel,0.6542112921518173,246459.29109071736
E1-ecc,20260906,plane,pos,-0.6454653521692506,244615.33959713826
E1-ecc,20260906,plane,vel,-1.624122999036894,244615.33959713826
E1-ecc,20260906,plane,pos,0.09857459645690585,9503968.313421087
E1-ecc,20260906,plane,vel,0.8973172639793474,9503968.313421087
E1-ecc,20260906,plane,pos,-2.2296255047331655,313706.3417283028
E1-ecc,20260906,plane,vel,1.1430418625033836,313706.3417283028
E1-ecc,20260906,range,pos,-1.3711886832224986,289193.0493376713
E1-ecc,20260906,range,vel,0.45265630119691985,289193.0493376713
E1-ecc,20260906,range,pos,0.0773560887227943,224142.8298929403
E1-ecc,20260906,range,vel,-0.2468776975027909,224142.8298929403
E1-ecc,20260906,range,pos,0.12429559637731395,2088470.3206523666
E1-ecc,20260906,range,vel,0.19167540246970025,2088470.3206523666
E1-ecc,20260906,range,pos,-0.5476728452719402,79615.10206030174
E1-ecc,20260906,range,vel,-0.6007327857334549,79615.10206030174
E1-ecc,20260906,range,pos,-0.3326285951730539,15338630.886003524
E1-ecc,20260906,range,vel,0.33746386294815733,15338630.886003524
E1-ecc,20260906,range,pos,0.9589550022175516,4786471.9967795545
E1-ecc,20260906,range,vel,-0.5125089501787932,4786471.9967795545
E1-ecc,20260906,range,pos,1.322277763160628,82335.90534796209
E1-ecc,20260906,range,vel,1.3319990551650713,82335.90534796209
E1-ecc,20260906,range,pos,0.013998512744067526,13018628.017098734
E1-ecc,20260906,range,vel,0.06470310948732191,13018628.017098734
E1-ecc,20260906,inplane,pos,-2.4382962913701753,289193.0493376713
E1-ecc,20260906,inplane,vel,-1.8434769209077921,289193.0493376713
E1-ecc,20260906,inplane,pos,-1.129588169529823,224142.8298929403
E1-ecc,20260906,inplane,vel,0.05257003226353158,224142.8298929403
E1-ecc,20260906,inplane,pos,0.1080722659325191,2088470.3206523666
E1-ecc,20260906,inplane,vel,0.04506558600438606,2088470.3206523666
E1-ecc,20260906,inplane,pos,-1.864873280301077,79615.10206030174
E1-ecc,20260906,inplane,vel,-0.8016350657689343,79615.10206030174
E1-ecc,20260906,inplane,pos,-0.31042514039488917,15338630.886003524
E1-ecc,20260906,inplane,vel,0.7205833736732585,15338630.886003524
E1-ecc,20260906,inplane,pos,1.330917013885346,4786471.9967795545
E1-ecc,20260906,inplane,vel,1.2490116706932504,4786471.9967795545
E1-ecc,20260906,inplane,pos,0.8581669253500965,82335.90534796209
E1-ecc,20260906,inplane,vel,0.41856714219931535,82335.90534796209
E1-ecc,20260906,inplane,pos,0.631902245911859,13018628.017098734
E1-ecc,20260906,inplane,vel,-0.6068330102778996,13018628.017098734
E1-ecc,20260906,plane,pos,0.09679949709388559,289193.0493376713
E1-ecc,20260906,plane,vel,0.6998434773198552,289193.0493376713
E1-ecc,20260906,plane,pos,0.2937283129697862,224142.8298929403
E1-ecc,20260906,plane,vel,0.4252063121272412,224142.8298929403
E1-ecc,20260906,plane,pos,-0.5463155296208004,2088470.3206523666
E1-ecc,20260906,plane,vel,0.13724219725777415,2088470.3206523666
E1-ecc,20260906,plane,pos,0.6328964656340403,79615.10206030174
E1-ecc,20260906,plane,vel,-0.10697344152487724,79615.10206030174
E1-ecc,20260906,plane,pos,-0.3669952956072285,15338630.886003524
E1-ecc,20260906,plane,vel,1.2873627675522894,15338630.886003524
E1-ecc,20260906,plane,pos,2.970755240855959,4786471.9967795545
E1-ecc,20260906,plane,vel,-0.08534698497708895,4786471.9967795545
E1-ecc,20260906,plane,pos,0.6874020053417557,82335.90534796209
E1-ecc,20260906,plane,vel,0.07481454075321106,82335.90534796209
E1-ecc,20260906,plane,pos,-0.7843900659744077,13018628.017098734
E1-ecc,20260906,plane,vel,-0.2676234520679711,13018628.017098734
E1-ecc,20260906,range,pos,1.579624318333207,3705984.140739234
E1-ecc,20260906,range,vel,1.3585244222993438,3705984.140739234
E1-ecc,20260906,range,pos,0.3108544534337906,822818.5152897876
E1-ecc,20260906,range,vel,0.839752080753901,822818.5152897876
E1-ecc,20260906,range,pos,-0.06987987100232859,95179.42078504822
E1-ecc,20260906,range,vel,-0.34731304334016666,95179.42078504822
E1-ecc,20260906,range,pos,0.6862676632780523,3637425.600203274
E1-ecc,20260906,range,vel,-0.18396935426838068,3637425.600203274
E1-ecc,20260906,range,pos,0.34252346983307835,367048.43904939474
E1-ecc,20260906,range,vel,1.7976188675491054,367048.43904939474
E1-ecc,20260906,range,pos,1.0369827324845258,534370.6542406641
E1-ecc,20260906,range,vel,-0.011897369272130467,534370.6542406641
E1-ecc,20260906,range,pos,0.46235089614228303,1259231.6516725442
E1-ecc,20260906,range,vel,-1.080600794840126,1259231.6516725442
E1-ecc,20260906,range,pos,-0.7968831384989126,187613.53298485297
E1-ecc,20260906,range,vel,-0.6291706742737293,187613.53298485297
E1-ecc,20260906,inplane,pos,-1.1063913149730473,3705984.140739234
E1-ecc,20260906,inplane,vel,1.50803382859602,3705984.140739234
E1-ecc,20260906,inplane,pos,0.8592413744933272,822818.5152897876
E1-ecc,20260906,inplane,vel,0.3429101880552187,822818.5152897876
E1-ecc,20260906,inplane,pos,-0.2816528606773483,95179.42078504822
E1-ecc,20260906,inplane,vel,-0.23199939517193024,95179.42078504822
E1-ecc,20260906,inplane,pos,-0.8918965437859765,3637425.600203274
E1-ecc,20260906,inplane,vel,0.4679562982178234,3637425.600203274
E1-ecc,20260906,inplane,pos,2.043228859182008,367048.43904939474
E1-ecc,20260906,inplane,vel,0.5484568415805084,367048.43904939474
E1-ecc,20260906,inplane,pos,1.0084247187694926,534370.6542406641
E1-ecc,20260906,inplane,vel,1.0510296849005363,534370.6542406641
E1-ecc,20260906,inplane,pos,-0.5990819186892193,1259231.6516725442
E1-ecc,20260906,inplane,vel,0.2877304157330094,1259231.6516725442
E1-ecc,20260906,inplane,pos,-1.0290379926554942,187613.53298485297
E1-ecc,20260906,inplane,vel,-1.2977762860187823,187613.53298485297
E1-ecc,20260906,plane,pos,1.4083299735200856,3705984.140739234
E1-ecc,20260906,plane,vel,0.4367912513877275,3705984.140739234
E1-ecc,20260906,plane,pos,0.6445355249206324,822818.5152897876
E1-ecc,20260906,plane,vel,-0.9564897098049072,822818.5152897876
E1-ecc,20260906,plane,pos,1.2558276332388887,95179.42078504822
E1-ecc,20260906,plane,vel,-0.6833431644455004,95179.42078504822
E1-ecc,20260906,plane,pos,-0.21122774550288934,3637425.600203274
E1-ecc,20260906,plane,vel,0.15218426028373827,3637425.600203274
E1-ecc,20260906,plane,pos,0.24717409634639306,367048.43904939474
E1-ecc,20260906,plane,vel,-2.2516920763829145,367048.43904939474
E1-ecc,20260906,plane,pos,-1.2029482000108027,534370.6542406641
E1-ecc,20260906,plane,vel,0.23627677051944523,534370.6542406641
E1-ecc,20260906,plane,pos,2.0218794702672263,1259231.6516725442
E1-ecc,20260906,plane,vel,0.11029763967939275,1259231.6516725442
E1-ecc,20260906,plane,pos,-0.8254289113526577,187613.53298485297
E1-ecc,20260906,plane,vel,-1.2763376687575925,187613.53298485297
E1-ecc,20260906,range,pos,1.3172303595597565,271515.57795348094
E1-ecc,20260906,range,vel,-1.1552922795026193,271515.57795348094
E1-ecc,20260906,range,pos,2.0189367975623376,184587.63409157435
E1-ecc,20260906,range,vel,-1.201900422254387,184587.63409157435
E1-ecc,20260906,range,pos,-0.2489039822486924,553699.5232032997
E1-ecc,20260906,range,vel,-0.20040223378950622,553699.5232032997
E1-ecc,20260906,range,pos,-2.9604454510925655,2593014.567924766
E1-ecc,20260906,range,vel,-0.322046181597845,2593014.567924766
E1-ecc,20260906,range,pos,1.1258090072339626,1239805.4190866405
E1-ecc,20260906,range,vel,1.0384187231502509,1239805.4190866405
E1-ecc,20260906,range,pos,0.017965129171351377,4243446.447095655
E1-ecc,20260906,range,vel,-0.013755963933381916,4243446.447095655
E1-ecc,20260906,inplane,pos,1.455013554119328,271515.57795348094
E1-ecc,20260906,inplane,vel,1.2833661855354266,271515.57795348094
E1-ecc,20260906,inplane,pos,0.6679312422584459,184587.63409157435
E1-ecc,20260906,inplane,vel,1.4912430207855463,184587.63409157435
E1-ecc,20260906,inplane,pos,-0.3645347677846341,553699.5232032997
E1-ecc,20260906,inplane,vel,-0.160150362851634,553699.5232032997
E1-ecc,20260906,inplane,pos,0.8828733802504765,2593014.567924766
E1-ecc,20260906,inplane,vel,-2.994828260299923,2593014.567924766
E1-ecc,20260906,inplane,pos,0.265390708150461,1239805.4190866405
E1-ecc,20260906,inplane,vel,1.263998364958698,1239805.4190866405
E1-ecc,20260906,inplane,pos,-0.2980593143027453,4243446.447095655
E1-ecc,20260906,inplane,vel,0.39273272926806524,4243446.447095655
E1-ecc,20260906,plane,pos,-0.6654855332241321,271515.57795348094
E1-ecc,20260906,plane,vel,0.5666301515416153,271515.57795348094
E1-ecc,20260906,plane,pos,0.37498702270698575,184587.63409157435
E1-ecc,20260906,plane,vel,0.3967536799037606,184587.63409157435
E1-ecc,20260906,plane,pos,-0.62489124389182,553699.5232032997
E1-ecc,20260906,plane,vel,-0.020350469695221994,553699.5232032997
E1-ecc,20260906,plane,pos,2.0749302485976333,2593014.567924766
E1-ecc,20260906,plane,vel,1.0952979300478356,2593014.567924766
E1-ecc,20260906,plane,pos,0.39022377791907265,1239805.4190866405
E1-ecc,20260906,plane,vel,-0.5466330175117807,1239805.4190866405
E1-ecc,20260906,plane,pos,-1.9529680778607275,4243446.447095655
E1-ecc,20260906,plane,vel,-0.44040360585350086,4243446.447095655
E1-ecc,20260906,range,pos,1.0422023128413664,1748235.5407284994
E1-ecc,20260906,range,vel,0.537955641395388,1748235.5407284994
E1-ecc,20260906,range,pos,-1.877757362055084,632173.0238893344
E1-ecc,20260906,range,vel,1.8490524014406082,632173.0238893344
E1-ecc,20260906,range,pos,0.7606966079122082,394578.81366127235
E1-ecc,20260906,range,vel,-0.7894762432912557,394578.81366127235
E1-ecc,20260906,range,pos,-0.8099635516866275,70314.7677479522
E1-ecc,20260906,range,vel,-0.041080453816813176,70314.7677479522
E1-ecc,20260906,range,pos,1.0224448149733498,78062.85456117899
E1-ecc,20260906,range,vel,0.9850515899026212,78062.85456117899
E1-ecc,20260906,range,pos,-1.691338865919598,46871.10149291405
E1-ecc,20260906,range,vel,1.7322059162949293,46871.10149291405
E1-ecc,20260906,range,pos,-1.5807558400804176,14210238.51399777
E1-ecc,20260906,range,vel,-1.3423366330791902,14210238.51399777
E1-ecc,20260906,inplane,pos,-1.290761933898123,1748235.5407284994
E1-ecc,20260906,inplane,vel,1.0041810359786658,1748235.5407284994
E1-ecc,20260906,inplane,pos,0.0073463100366285335,632173.0238893344
E1-ecc,20260906,inplane,vel,-1.6993330176367687,632173.0238893344
E1-ecc,20260906,inplane,pos,-0.5433784774219631,394578.81366127235
E1-ecc,20260906,inplane,vel,-0.3312843098545443,394578.81366127235
E1-ecc,20260906,inplane,pos,0.6979657686343783,70314.7677479522
E1-ecc,20260906,inplane,vel,-0.3414250445574523,70314.7677479522
E1-ecc,20260906,inplane,pos,0.2898329017497695,78062.85456117899
E1-ecc,20260906,inplane,vel,0.08278294285331356,78062.85456117899
E1-ecc,20260906,inplane,pos,0.3364605811272322,46871.10149291405
E1-ecc,20260906,inplane,vel,1.5568846842554485,46871.10149291405
E1-ecc,20260906,inplane,pos,1.0645043890164347,14210238.51399777
E1-ecc,20260906,inplane,vel,1.7039393028607637,14210238.51399777
E1-ecc,20260906,plane,pos,-0.33043926798292816,1748235.5407284994
E1-ecc,20260906,plane,vel,-1.0910489406911392,1748235.5407284994
E1-ecc,20260906,plane,pos,0.972523589053877,632173.0238893344
E1-ecc,20260906,plane,vel,0.5418360127481954,632173.0238893344
E1-ecc,20260906,plane,pos,0.012923331098304689,394578.81366127235
E1-ecc,20260906,plane,vel,-2.5752563327804405,394578.81366127235
E1-ecc,20260906,plane,pos,0.33840886384160135,70314.7677479522
E1-ecc,20260906,plane,vel,0.08315514856469465,70314.7677479522
E1-ecc,20260906,plane,pos,-1.1281721824004003,78062.85456117899
E1-ecc,20260906,plane,vel,0.1862550587309623,78062.85456117899
E1-ecc,20260906,plane,pos,-1.3225215506575032,46871.10149291405
E1-ecc,20260906,plane,vel,-0.16468578921083318,46871.10149291405
E1-ecc,20260906,plane,pos,-2.1757044319654106,14210238.51399777
E1-ecc,20260906,plane,vel,-0.3495824544329371,14210238.51399777
E1-ecc,20260906,range,pos,-2.7365225521187497,97128.94668568716
E1-ecc,20260906,range,vel,-3.0691974022687347,97128.94668568716
E1-ecc,20260906,range,pos,1.7301915077913796,14299859.480912395
E1-ecc,20260906,range,vel,1.678287511203785,14299859.480912395
E1-ecc,20260906,range,pos,0.04431148357586102,296725.2914524705
E1-ecc,20260906,range,vel,-0.005746426030002257,296725.2914524705
E1-ecc,20260906,range,pos,-2.6166769695746392,2759347.406411559
E1-ecc,20260906,range,vel,1.5665947610117053,2759347.406411559
E1-ecc,20260906,range,pos,0.08887331001879935,4063869.7300184323
E1-ecc,20260906,range,vel,-1.198939796313429,4063869.7300184323
E1-ecc,20260906,range,pos,-2.5553184477508712,5469307.609246317
E1-ecc,20260906,range,vel,-1.2624647524663768,5469307.609246317
E1-ecc,20260906,range,pos,0.8672778782679336,144189.51646152424
E1-ecc,20260906,range,vel,0.5637447399664147,144189.51646152424
E1-ecc,20260906,range,pos,1.2590554084029848,204829.0979727842
E1-ecc,20260906,range,vel,1.4775168204188396,204829.0979727842
E1-ecc,20260906,inplane,pos,-0.8476740163809917,97128.94668568716
E1-ecc,20260906,inplane,vel,-0.3428934679339153,97128.94668568716
E1-ecc,20260906,inplane,pos,-1.7114773030479755,14299859.480912395
E1-ecc,20260906,inplane,vel,-0.1764545130510351,14299859.480912395
E1-ecc,20260906,inplane,pos,-0.30227696937999154,296725.2914524705
E1-ecc,20260906,inplane,vel,0.16385770588763782,296725.2914524705
E1-ecc,20260906,inplane,pos,-2.6877169053336933,2759347.406411559
E1-ecc,20260906,inplane,vel,-2.572206950998641,2759347.406411559
E1-ecc,20260906,inplane,pos,-1.7037167676295886,4063869.7300184323
E1-ecc,20260906,inplane,vel,0.447218637912383,4063869.7300184323
E1-ecc,20260906,inplane,pos,2.3030250337927667,5469307.609246317
E1-ecc,20260906,inplane,vel,-2.654547131297364,5469307.609246317
E1-ecc,20260906,inplane,pos,-0.264277422371067,144189.51646152424
E1-ecc,20260906,inplane,vel,0.9461954545340037,144189.51646152424
E1-ecc,20260906,inplane,pos,1.4663809307575169,204829.0979727842
E1-ecc,20260906,inplane,vel,1.742227230489055,204829.0979727842
E1-ecc,20260906,plane,pos,-0.003388144103123716,97128.94668568716
E1-ecc,20260906,plane,vel,-0.6013397570243808,97128.94668568716
E1-ecc,20260906,plane,pos,0.05656880887922038,14299859.480912395
E1-ecc,20260906,plane,vel,1.1722859328027155,14299859.480912395
E1-ecc,20260906,plane,pos,-0.40970069306719775,296725.2914524705
E1-ecc,20260906,plane,vel,-0.6583569452887377,296725.2914524705
E1-ecc,20260906,plane,pos,0.9712145967302233,2759347.406411559
E1-ecc,20260906,plane,vel,-0.9440597825880309,2759347.406411559
E1-ecc,20260906,plane,pos,-1.1332769495198938,4063869.7300184323
E1-ecc,20260906,plane,vel,1.1816545102662124,4063869.7300184323
E1-ecc,20260906,plane,pos,-0.9159918340710765,5469307.609246317
E1-ecc,20260906,plane,vel,-0.4400877739594602,5469307.609246317
E1-ecc,20260906,plane,pos,0.03454459383336119,144189.51646152424
E1-ecc,20260906,plane,vel,-0.2703884629994433,144189.51646152424
E1-ecc,20260906,plane,pos,0.219292065511837,204829.0979727842
E1-ecc,20260906,plane,vel,-1.0276030146512163,204829.0979727842
E1-ecc,20260913,range,pos,1.9553035193914805,490246.7922714005
E1-ecc,20260913,range,vel,1.5089651018480659,490246.7922714005
E1-ecc,20260913,range,pos,-0.9875105598108884,949187.725957905
E1-ecc,20260913,range,vel,0.5057785525375302,949187.725957905
E1-ecc,20260913,range,pos,0.36846719051862054,122097.34859120692
E1-ecc,20260913,range,vel,-0.06718733483694182,122097.34859120692
E1-ecc,20260913,range,pos,0.4704081952722618,97231.16176350904
E1-ecc,20260913,range,vel,1.0438451198503171,97231.16176350904
E1-ecc,20260913,range,pos,0.8899151831762413,206682.55094031664
E1-ecc,20260913,range,vel,1.4374547479501583,206682.55094031664
E1-ecc,20260913,range,pos,1.6342522153125978,444929.82907902205
E1-ecc,20260913,range,vel,-1.5382127144954751,444929.82907902205
E1-ecc,20260913,range,pos,-0.044360987128105524,110727.32568322448
E1-ecc,20260913,range,vel,0.3393028569771557,110727.32568322448
E1-ecc,20260913,range,pos,-1.518348295456686,55805.268933973144
E1-ecc,20260913,range,vel,0.805514729076046,55805.268933973144
E1-ecc,20260913,inplane,pos,1.1845912147760431,490246.7922714005
E1-ecc,20260913,inplane,vel,1.9550413253108874,490246.7922714005
E1-ecc,20260913,inplane,pos,-0.4221110496812817,949187.725957905
E1-ecc,20260913,inplane,vel,-0.8259083067661129,949187.725957905
E1-ecc,20260913,inplane,pos,1.248808684707548,122097.34859120692
E1-ecc,20260913,inplane,vel,1.316170497663116,122097.34859120692
E1-ecc,20260913,inplane,pos,0.882437823868539,97231.16176350904
E1-ecc,20260913,inplane,vel,0.41703498325800253,97231.16176350904
E1-ecc,20260913,inplane,pos,0.915397540346446,206682.55094031664
E1-ecc,20260913,inplane,vel,1.151930491201282,206682.55094031664
E1-ecc,20260913,inplane,pos,-0.02306790802712187,444929.82907902205
E1-ecc,20260913,inplane,vel,1.650602555310113,444929.82907902205
E1-ecc,20260913,inplane,pos,0.15327699767196898,110727.32568322448
E1-ecc,20260913,inplane,vel,-0.4132950518992111,110727.32568322448
E1-ecc,20260913,inplane,pos,-1.5846354221062826,55805.268933973144
E1-ecc,20260913,inplane,vel,-1.1383252586913077,55805.268933973144
E1-ecc,20260913,plane,pos,-1.1101188212098634,490246.7922714005
E1-ecc,20260913,plane,vel,1.4078719399289166,490246.7922714005
E1-ecc,20260913,plane,pos,2.0684431724620143,949187.725957905
E1-ecc,20260913,plane,vel,0.9425958857920816,949187.725957905
E1-ecc,20260913,plane,pos,-0.5385926143764441,122097.34859120692
E1-ecc,20260913,plane,vel,0.6825646374391675,122097.34859120692
E1-ecc,20260913,plane,pos,1.1113640777895215,97231.16176350904
E1-ecc,20260913,plane,vel,-1.123618119042212,97231.16176350904
E1-ecc,20260913,plane,pos,-0.21262490662658015,206682.55094031664
E1-ecc,20260913,plane,vel,1.024081295689964,206682.55094031664
E1-ecc,20260913,plane,pos,-1.1777142194504928,444929.82907902205
E1-ecc,20260913,plane,vel,-2.211500129536995,444929.82907902205
E1-ecc,20260913,plane,pos,0.07169105598988174,110727.32568322448
E1-ecc,20260913,plane,vel,-0.21745616678164237,110727.32568322448
E1-ecc,20260913,plane,pos,-0.4716814393051597,55805.268933973144
E1-ecc,20260913,plane,vel,0.44409499709562705,55805.268933973144
E1-ecc,20260913,range,pos,0.2771372329923413,5950109.773331492
E1-ecc,20260913,range,vel,0.28528665139402387,5950109.773331492
E1-ecc,20260913,range,pos,-0.6661695514606752,12316616.734698761
E1-ecc,20260913,range,vel,-0.5191713555743565,12316616.734698761
E1-ecc,20260913,range,pos,-1.1788293183619953,14132361.643761363
E1-ecc,20260913,range,vel,-1.7078717855672239,14132361.643761363
E1-ecc,20260913,range,pos,-2.5052018501428535,1010947.2849958582
E1-ecc,20260913,range,vel,2.1604370420237498,1010947.2849958582
E1-ecc,20260913,range,pos,0.7914021421829189,2534792.8242582586
E1-ecc,20260913,range,vel,-1.025173979343216,2534792.8242582586
E1-ecc,20260913,range,pos,-0.5753530484895594,2126812.4050043123
E1-ecc,20260913,range,vel,-0.3522302452167778,2126812.4050043123
E1-ecc,20260913,range,pos,0.7322100551617345,8556932.435843056
E1-ecc,20260913,range,vel,0.8023974470138915,8556932.435843056
E1-ecc,20260913,range,pos,0.8543537788815324,68762.26809446953
E1-ecc,20260913,range,vel,1.5058802978566488,68762.26809446953
E1-ecc,20260913,inplane,pos,-0.3936641006180449,5950109.773331492
E1-ecc,20260913,inplane,vel,0.46674010271258237,5950109.773331492
E1-ecc,20260913,inplane,pos,0.9720461831628967,12316616.734698761
E1-ecc,20260913,inplane,vel,-0.7199059645770364,12316616.734698761
E1-ecc,20260913,inplane,pos,1.4351485279543041,14132361.643761363
E1-ecc,20260913,inplane,vel,-1.3306838873703593,14132361.643761363
E1-ecc,20260913,inplane,pos,-1.3584855781542604,1010947.2849958582
E1-ecc,20260913,inplane,vel,-2.5791967870077683,1010947.2849958582
E1-ecc,20260913,inplane,pos,-0.6667862242488592,2534792.8242582586
E1-ecc,20260913,inplane,vel,0.859451503834819,2534792.8242582586
E1-ecc,20260913,inplane,pos,0.7566054755868991,2126812.4050043123
E1-ecc,20260913,inplane,vel,-0.5594968416789595,2126812.4050043123
E1-ecc,20260913,inplane,pos,-0.27942431228257164,8556932.435843056
E1-ecc,20260913,inplane,vel,0.4059179260235694,8556932.435843056
E1-ecc,20260913,inplane,pos,0.30756982531050503,68762.26809446953
E1-ecc,20260913,inplane,vel,-0.9981855316014678,68762.26809446953
E1-ecc,20260913,plane,pos,0.8876705184222065,5950109.773331492
E1-ecc,20260913,plane,vel,0.122433364895923,5950109.773331492
E1-ecc,20260913,plane,pos,-0.8174183584199376,12316616.734698761
E1-ecc,20260913,plane,vel,-0.7662825075759881,12316616.734698761
E1-ecc,20260913,plane,pos,0.5198538466200774,14132361.643761363
E1-ecc,20260913,plane,vel,-0.9199773122906051,14132361.643761363
E1-ecc,20260913,plane,pos,-0.8587123255097407,1010947.2849958582
E1-ecc,20260913,plane,vel,-0.18968937395647095,1010947.2849958582
E1-ecc,20260913,plane,pos,-0.13300471331290337,2534792.8242582586
E1-ecc,20260913,plane,vel,0.9173464313477953,2534792.8242582586
E1-ecc,20260913,plane,pos,-0.4343143146612296,2126812.4050043123
E1-ecc,20260913,plane,vel,-1.3462329579107026,2126812.4050043123
E1-ecc,20260913,plane,pos,-0.042504105985782484,8556932.435843056
E1-ecc,20260913,plane,vel,0.29607736670893603,8556932.435843056
E1-ecc,20260913,plane,pos,-0.10243692332415791,68762.26809446953
E1-ecc,20260913,plane,vel,0.17247257898374446,68762.26809446953
E1-ecc,20260913,range,pos,-0.34930794194046894,154764.16738668713
E1-ecc,20260913,range,vel,0.14613876025784742,154764.16738668713
E1-ecc,20260913,range,pos,-0.058376832152610116,42389.19921071178
E1-ecc,20260913,range,vel,0.33670388239850196,42389.19921071178
E1-ecc,20260913,range,pos,-0.38063504374641416,83816.91627663176
E1-ecc,20260913,range,vel,0.502613903179764,83816.91627663176
E1-ecc,20260913,range,pos,-0.7010664710301581,202010.07205065494
E1-ecc,20260913,range,vel,-0.8388584598289899,202010.07205065494
E1-ecc,20260913,range,pos,0.9985940043936282,81950.88746804532
E1-ecc,20260913,range,vel,1.0754022539456465,81950.88746804532
E1-ecc,20260913,range,pos,-0.6127046246369343,114955.33533561332
E1-ecc,20260913,range,vel,-0.8343047855307255,114955.33533561332
E1-ecc,20260913,range,pos,-0.6922631092758329,93796.68994849033
E1-ecc,20260913,range,vel,-0.6261625774891368,93796.68994849033
E1-ecc,20260913,range,pos,-1.0280510739163036,4989578.403515693
E1-ecc,20260913,range,vel,1.3765377265248464,4989578.403515693
E1-ecc,20260913,inplane,pos,-0.22687634399724418,154764.16738668713
E1-ecc,20260913,inplane,vel,-0.09341574746437266,154764.16738668713
E1-ecc,20260913,inplane,pos,-0.816954802654049,42389.19921071178
E1-ecc,20260913,inplane,vel,-0.4277684766617117,42389.19921071178
E1-ecc,20260913,inplane,pos,0.26591582841272887,83816.91627663176
E1-ecc,20260913,inplane,vel,-0.002828215772542381,83816.91627663176
E1-ecc,20260913,inplane,pos,-2.167086355088815,202010.07205065494
E1-ecc,20260913,inplane,vel,-0.6528756384818952,202010.07205065494
E1-ecc,20260913,inplane,pos,0.8232856199237908,81950.88746804532
E1-ecc,20260913,inplane,vel,0.9884152180756858,81950.88746804532
E1-ecc,20260913,inplane,pos,-0.5146462819686176,114955.33533561332
E1-ecc,20260913,inplane,vel,-0.7239013065928858,114955.33533561332
E1-ecc,20260913,inplane,pos,-0.48723875103991743,93796.68994849033
E1-ecc,20260913,inplane,vel,-0.5917341601557792,93796.68994849033
E1-ecc,20260913,inplane,pos,0.11606998374689341,4989578.403515693
E1-ecc,20260913,inplane,vel,-0.42722559247820147,4989578.403515693
E1-ecc,20260913,plane,pos,0.04221828196963407,154764.16738668713
E1-ecc,20260913,plane,vel,-0.8082819131761803,154764.16738668713
E1-ecc,20260913,plane,pos,0.9809157528558496,42389.19921071178
E1-ecc,20260913,plane,vel,-0.4762016744112354,42389.19921071178
E1-ecc,20260913,plane,pos,-0.7307889898087668,83816.91627663176
E1-ecc,20260913,plane,vel,-1.8932851394932555,83816.91627663176
E1-ecc,20260913,plane,pos,-1.9042535724540055,202010.07205065494
E1-ecc,20260913,plane,vel,-1.070823535377909,202010.07205065494
E1-ecc,20260913,plane,pos,1.002886634955197,81950.88746804532
E1-ecc,20260913,plane,vel,1.4656852286226347,81950.88746804532
E1-ecc,20260913,plane,pos,-1.9020969904996077,114955.33533561332
E1-ecc,20260913,plane,vel,-1.1009064760021403,114955.33533561332
E1-ecc,20260913,plane,pos,-0.6869621938233768,93796.68994849033
E1-ecc,20260913,plane,vel,1.3417101626796208,93796.68994849033
E1-ecc,20260913,plane,pos,0.5272365944394528,4989578.403515693
E1-ecc,20260913,plane,vel,0.26429448044545045,4989578.403515693
E1-ecc,20260913,range,pos,0.7682275678344104,8390678.7542239
E1-ecc,20260913,range,vel,-0.3954197850919449,8390678.7542239
E1-ecc,20260913,range,pos,1.7430135158867275,673027.4889927026
E1-ecc,20260913,range,vel,-1.0349640776848874,673027.4889927026
E1-ecc,20260913,range,pos,0.6476741201227727,1070844.2734255013
E1-ecc,20260913,range,vel,-0.14058471623230817,1070844.2734255013
E1-ecc,20260913,range,pos,0.09539399263247994,90571.84896101308
E1-ecc,20260913,range,vel,-0.6376539898797922,90571.84896101308
E1-ecc,20260913,range,pos,-0.8917867399584767,168866.9355044604
E1-ecc,20260913,range,vel,-0.6432653735557139,168866.9355044604
E1-ecc,20260913,range,pos,0.20027024049948491,162726.0476179832
E1-ecc,20260913,range,vel,0.6486136595386813,162726.0476179832
E1-ecc,20260913,range,pos,-0.3587276491482041,131339.03137140287
E1-ecc,20260913,range,vel,-1.8191296936171528,131339.03137140287
E1-ecc,20260913,range,pos,-1.7028519097340267,34771.89585245526
E1-ecc,20260913,range,vel,0.6670228927419302,34771.89585245526
E1-ecc,20260913,inplane,pos,-0.14315492447015796,8390678.7542239
E1-ecc,20260913,inplane,vel,-0.32033920617835,8390678.7542239
E1-ecc,20260913,inplane,pos,-0.030948935975674434,673027.4889927026
E1-ecc,20260913,inplane,vel,1.5175764799157982,673027.4889927026
E1-ecc,20260913,inplane,pos,0.570019334113841,1070844.2734255013
E1-ecc,20260913,inplane,vel,0.3044268485952137,1070844.2734255013
E1-ecc,20260913,inplane,pos,-0.1621458090516586,90571.84896101308
E1-ecc,20260913,inplane,vel,-0.38631226367955107,90571.84896101308
E1-ecc,20260913,inplane,pos,-0.005804061985144897,168866.9355044604
E1-ecc,20260913,inplane,vel,-0.7938678981912154,168866.9355044604
E1-ecc,20260913,inplane,pos,0.5793631024745197,162726.0476179832
E1-ecc,20260913,inplane,vel,0.23291262154345957,162726.0476179832
E1-ecc,20260913,inplane,pos,1.4385058254608059,131339.03137140287
E1-ecc,20260913,inplane,vel,2.488220649843692,131339.03137140287
E1-ecc,20260913,inplane,pos,0.39158282506579095,34771.89585245526
E1-ecc,20260913,inplane,vel,1.5355252051623565,34771.89585245526
E1-ecc,20260913,plane,pos,0.6373694730191168,8390678.7542239
E1-ecc,20260913,plane,vel,-0.47605703546682665,8390678.7542239
E1-ecc,20260913,plane,pos,0.14655963213179637,673027.4889927026
E1-ecc,20260913,plane,vel,0.2725381120004186,673027.4889927026
E1-ecc,20260913,plane,pos,-0.01821581111465197,1070844.2734255013
E1-ecc,20260913,plane,vel,0.14070381885812905,1070844.2734255013
E1-ecc,20260913,plane,pos,-0.9990181096577694,90571.84896101308
E1-ecc,20260913,plane,vel,-1.0769335596587601,90571.84896101308
E1-ecc,20260913,plane,pos,-0.17678138199909124,168866.9355044604
E1-ecc,20260913,plane,vel,-0.055534730159969084,168866.9355044604
E1-ecc,20260913,plane,pos,0.002748020440030555,162726.0476179832
E1-ecc,20260913,plane,vel,0.2025069629823572,162726.0476179832
E1-ecc,20260913,plane,pos,1.0684604914966578,131339.03137140287
E1-ecc,20260913,plane,vel,1.1383541459472168,131339.03137140287
E1-ecc,20260913,plane,pos,2.303222927552235,34771.89585245526
E1-ecc,20260913,plane,vel,0.8977999201983079,34771.89585245526
E1-ecc,20260913,range,pos,1.3648498804897935,70092.43140371775
E1-ecc,20260913,range,vel,-1.4802970541183054,70092.43140371775
E1-ecc,20260913,range,pos,0.0024782627141780272,14237681.99832384
E1-ecc,20260913,range,vel,0.08338248299038224,14237681.99832384
E1-ecc,20260913,range,pos,-0.16825311672929996,2610472.997997679
E1-ecc,20260913,range,vel,1.3741359553853094,2610472.997997679
E1-ecc,20260913,range,pos,-0.505658355354651,8427966.232178994
E1-ecc,20260913,range,vel,0.41904615593191585,8427966.232178994
E1-ecc,20260913,range,pos,0.510910604118724,52098.6311603204
E1-ecc,20260913,range,vel,0.4258276128706841,52098.6311603204
E1-ecc,20260913,range,pos,-0.14471273339605992,259404.80964340307
E1-ecc,20260913,range,vel,0.13573137305702423,259404.80964340307
E1-ecc,20260913,range,pos,0.36475446157960817,74596.49990019348
E1-ecc,20260913,range,vel,-0.2626702306361125,74596.49990019348
E1-ecc,20260913,range,pos,-1.7802603747255805,7699915.673648412
E1-ecc,20260913,range,vel,-1.2188033469058523,7699915.673648412
E1-ecc,20260913,inplane,pos,0.09462935377700142,70092.43140371775
E1-ecc,20260913,inplane,vel,1.4669916018297053,70092.43140371775
E1-ecc,20260913,inplane,pos,0.42218516472970924,14237681.99832384
E1-ecc,20260913,inplane,vel,0.6388345318494895,14237681.99832384
E1-ecc,20260913,inplane,pos,1.3484308491621737,2610472.997997679
E1-ecc,20260913,inplane,vel,0.4470581457642045,2610472.997997679
E1-ecc,20260913,inplane,pos,-0.6987822746626321,8427966.232178994
E1-ecc,20260913,inplane,vel,-0.7051334597415128,8427966.232178994
E1-ecc,20260913,inplane,pos,-0.40993788036222784,52098.6311603204
E1-ecc,20260913,inplane,vel,-0.1775766117568082,52098.6311603204
E1-ecc,20260913,inplane,pos,-0.3757613777548547,259404.80964340307
E1-ecc,20260913,inplane,vel,-0.08975601484770618,259404.80964340307
E1-ecc,20260913,inplane,pos,0.16173729308354132,74596.49990019348
E1-ecc,20260913,inplane,vel,0.2963183036341603,74596.49990019348
E1-ecc,20260913,inplane,pos,2.2484623311405643,7699915.673648412
E1-ecc,20260913,inplane,vel,-2.051967162111845,7699915.673648412
E1-ecc,20260913,plane,pos,-2.96574820668971,70092.43140371775
E1-ecc,20260913,plane,vel,0.6022729324920875,70092.43140371775
E1-ecc,20260913,plane,pos,0.4023255897696559,14237681.99832384
E1-ecc,20260913,plane,vel,-0.6549687591719155,14237681.99832384
E1-ecc,20260913,plane,pos,0.07206774783271058,2610472.997997679
E1-ecc,20260913,plane,vel,0.5735543860320803,2610472.997997679
E1-ecc,20260913,plane,pos,0.7453611589840098,8427966.232178994
E1-ecc,20260913,plane,vel,-2.1686485215431524,8427966.232178994
E1-ecc,20260913,plane,pos,-0.03628075901054535,52098.6311603204
E1-ecc,20260913,plane,vel,-0.5335957527878176,52098.6311603204
E1-ecc,20260913,plane,pos,-0.7498961530991244,259404.80964340307
E1-ecc,20260913,plane,vel,-0.5866886993478183,259404.80964340307
E1-ecc,20260913,plane,pos,0.9373276009607382,74596.49990019348
E1-ecc,20260913,plane,vel,-0.6029243656616838,74596.49990019348
E1-ecc,20260913,plane,pos,-0.23194645969450886,7699915.673648412
E1-ecc,20260913,plane,vel,-2.005349199756466,7699915.673648412
E1-ecc,20260913,range,pos,-0.3289474992025781,724196.1915609994
E1-ecc,20260913,range,vel,0.5206728381863965,724196.1915609994
E1-ecc,20260913,range,pos,-1.0319328043601375,167371.97656798534
E1-ecc,20260913,range,vel,0.6677801754069883,167371.97656798534
E1-ecc,20260913,range,pos,0.5637240235953462,49278.41694385816
E1-ecc,20260913,range,vel,-0.5773580486480516,49278.41694385816
E1-ecc,20260913,range,pos,0.24220179587455193,199139.8240318078
E1-ecc,20260913,range,vel,-0.36666555604129153,199139.8240318078
E1-ecc,20260913,range,pos,1.3439571115393283,118908.28675051719
E1-ecc,20260913,range,vel,-1.1998114660128947,118908.28675051719
E1-ecc,20260913,range,pos,0.340090667892449,682976.404550703
E1-ecc,20260913,range,vel,1.201825804786696,682976.404550703
E1-ecc,20260913,range,pos,0.03068435362920508,128494.37960165933
E1-ecc,20260913,range,vel,-0.30958266255451233,128494.37960165933
E1-ecc,20260913,inplane,pos,0.09414457197280524,724196.1915609994
E1-ecc,20260913,inplane,vel,-0.33045664339511227,724196.1915609994
E1-ecc,20260913,inplane,pos,-1.6683623169766475,167371.97656798534
E1-ecc,20260913,inplane,vel,-1.491686722728462,167371.97656798534
E1-ecc,20260913,inplane,pos,0.7842559331845277,49278.41694385816
E1-ecc,20260913,inplane,vel,0.7111815565513816,49278.41694385816
E1-ecc,20260913,inplane,pos,0.09661802242162963,199139.8240318078
E1-ecc,20260913,inplane,vel,-0.003210295532362938,199139.8240318078
E1-ecc,20260913,inplane,pos,1.1337283785566779,118908.28675051719
E1-ecc,20260913,inplane,vel,1.4590194835032209,118908.28675051719
E1-ecc,20260913,inplane,pos,1.2644254168718974,682976.404550703
E1-ecc,20260913,inplane,vel,0.5326875808118611,682976.404550703
E1-ecc,20260913,inplane,pos,-0.16086857953584438,128494.37960165933
E1-ecc,20260913,inplane,vel,0.23361492099364284,128494.37960165933
E1-ecc,20260913,plane,pos,1.0231734377770583,724196.1915609994
E1-ecc,20260913,plane,vel,-0.7266180612655749,724196.1915609994
E1-ecc,20260913,plane,pos,-0.3154748895381293,167371.97656798534
E1-ecc,20260913,plane,vel,0.7256564774717459,167371.97656798534
E1-ecc,20260913,plane,pos,0.26967621292536625,49278.41694385816
E1-ecc,20260913,plane,vel,0.5367346481659739,49278.41694385816
E1-ecc,20260913,plane,pos,-0.46644896969359867,199139.8240318078
E1-ecc,20260913,plane,vel,-0.8207582806183246,199139.8240318078
E1-ecc,20260913,plane,pos,0.018625732010563865,118908.28675051719
E1-ecc,20260913,plane,vel,-0.15644043251783693,118908.28675051719
E1-ecc,20260913,plane,pos,1.8005139181824257,682976.404550703
E1-ecc,20260913,plane,vel,1.425430001840122,682976.404550703
E1-ecc,20260913,plane,pos,0.6798817446509698,128494.37960165933
E1-ecc,20260913,plane,vel,-0.24948201859302901,128494.37960165933
E1-ecc,20260920,range,pos,0.07758094642279613,85173.43019778795
E1-ecc,20260920,range,vel,0.6632465590365669,85173.43019778795
E1-ecc,20260920,range,pos,-0.07959701235649898,47044.39892559287
E1-ecc,20260920,range,vel,-0.3595340052765458,47044.39892559287
E1-ecc,20260920,range,pos,-1.0750158362017708,292253.65945439454
E1-ecc,20260920,range,vel,2.3735755597610577,292253.65945439454
E1-ecc,20260920,range,pos,-0.10522116669902279,135612.52283043033
E1-ecc,20260920,range,vel,-0.4113202407925704,135612.52283043033
E1-ecc,20260920,range,pos,-1.5525994905038067,143558.96557598113
E1-ecc,20260920,range,vel,1.3319917241399253,143558.96557598113
E1-ecc,20260920,range,pos,-2.6039612830874903,253592.13000648314
E1-ecc,20260920,range,vel,2.60247856262114,253592.13000648314
E1-ecc,20260920,range,pos,-0.2977188866660646,969293.8019431669
E1-ecc,20260920,range,vel,-0.1470397965690725,969293.8019431669
E1-ecc,20260920,range,pos,0.28726428814121174,48599.022289048444
E1-ecc,20260920,range,vel,0.30625666572111615,48599.022289048444
E1-ecc,20260920,inplane,pos,1.41599744504684,85173.43019778795
E1-ecc,20260920,inplane,vel,0.4708903188054143,85173.43019778795
E1-ecc,20260920,inplane,pos,-1.263030204649674,47044.39892559287
E1-ecc,20260920,inplane,vel,-0.2374388821251645,47044.39892559287
E1-ecc,20260920,inplane,pos,0.6943572505656764,292253.65945439454
E1-ecc,20260920,inplane,vel,-0.871369627054437,292253.65945439454
E1-ecc,20260920,inplane,pos,-0.8757452085440426,135612.52283043033
E1-ecc,20260920,inplane,vel,-0.26453028305755644,135612.52283043033
E1-ecc,20260920,inplane,pos,1.9272042775686722,143558.96557598113
E1-ecc,20260920,inplane,vel,-1.1325764783183283,143558.96557598113
E1-ecc,20260920,inplane,pos,1.2698656062367917,253592.13000648314
E1-ecc,20260920,inplane,vel,-2.511470309423063,253592.13000648314
E1-ecc,20260920,inplane,pos,-0.44703443293575684,969293.8019431669
E1-ecc,20260920,inplane,vel,-0.22771318006150348,969293.8019431669
E1-ecc,20260920,inplane,pos,0.5228399299677465,48599.022289048444
E1-ecc,20260920,inplane,vel,-0.22618273977130723,48599.022289048444
E1-ecc,20260920,plane,pos,1.2490004941341877,85173.43019778795
E1-ecc,20260920,plane,vel,1.2661756072192456,85173.43019778795
E1-ecc,20260920,plane,pos,-3.217777401444607,47044.39892559287
E1-ecc,20260920,plane,vel,-2.1892649147761967,47044.39892559287
E1-ecc,20260920,plane,pos,2.498814260782439,292253.65945439454
E1-ecc,20260920,plane,vel,3.09906106660689,292253.65945439454
E1-ecc,20260920,plane,pos,-0.3947002679967294,135612.52283043033
E1-ecc,20260920,plane,vel,1.1404073765840688,135612.52283043033
E1-ecc,20260920,plane,pos,-0.09469547284718108,143558.96557598113
E1-ecc,20260920,plane,vel,-1.975591798465749,143558.96557598113
E1-ecc,20260920,plane,pos,-0.544134316869837,253592.13000648314
E1-ecc,20260920,plane,vel,-2.194696209754759,253592.13000648314
E1-ecc,20260920,plane,pos,0.4851086439272198,969293.8019431669
E1-ecc,20260920,plane,vel,-1.4372256858281838,969293.8019431669
E1-ecc,20260920,plane,pos,0.7999172118871384,48599.022289048444
E1-ecc,20260920,plane,vel,0.423447619670745,48599.022289048444
E1-ecc,20260920,range,pos,-2.0548172676080627,662786.9453236237
E1-ecc,20260920,range,vel,-1.4253289665534552,662786.9453236237
E1-ecc,20260920,range,pos,0.21443314658350202,1762676.3732934115
E1-ecc,20260920,range,vel,0.6163047111280077,1762676.3732934115
E1-ecc,20260920,range,pos,-0.5698852468042354,1160174.8275771388
E1-ecc,20260920,range,vel,0.6138388240346498,1160174.8275771388
E1-ecc,20260920,range,pos,-0.7529518112791188,68840.21515063166
E1-ecc,20260920,range,vel,0.14983735544263302,68840.21515063166
E1-ecc,20260920,range,pos,-0.7940096527469054,670631.917047697
E1-ecc,20260920,range,vel,-0.21314603570416,670631.917047697
E1-ecc,20260920,range,pos,-0.7668538772183724,316740.1749254687
E1-ecc,20260920,range,vel,0.7053210688271679,316740.1749254687
E1-ecc,20260920,range,pos,-0.22717607803839535,92260.66550739632
E1-ecc,20260920,range,vel,-0.8056137247810028,92260.66550739632
E1-ecc,20260920,range,pos,-0.5242131746040761,297398.90783912345
E1-ecc,20260920,range,vel,-0.7185019109740646,297398.90783912345
E1-ecc,20260920,inplane,pos,0.4588120812276764,662786.9453236237
E1-ecc,20260920,inplane,vel,-2.147621133824484,662786.9453236237
E1-ecc,20260920,inplane,pos,0.5435871259697377,1762676.3732934115
E1-ecc,20260920,inplane,vel,0.3844696415571391,1762676.3732934115
E1-ecc,20260920,inplane,pos,0.45793982553697754,1160174.8275771388
E1-ecc,20260920,inplane,vel,-0.5160170223541919,1160174.8275771388
E1-ecc,20260920,inplane,pos,-0.511410979141863,68840.21515063166
E1-ecc,20260920,inplane,vel,-0.12129592019123703,68840.21515063166
E1-ecc,20260920,inplane,pos,0.1080877839870944,670631.917047697
E1-ecc,20260920,inplane,vel,-0.7083969698656213,670631.917047697
E1-ecc,20260920,inplane,pos,-0.9364803295193157,316740.1749254687
E1-ecc,20260920,inplane,vel,-1.1701866303268353,316740.1749254687
E1-ecc,20260920,inplane,pos,1.1767525822944922,92260.66550739632
E1-ecc,20260920,inplane,vel,-0.9856291659892725,92260.66550739632
E1-ecc,20260920,inplane,pos,-0.7653895849827296,297398.90783912345
E1-ecc,20260920,inplane,vel,-0.4708153041222795,297398.90783912345
E1-ecc,20260920,plane,pos,0.31960537434223424,662786.9453236237
E1-ecc,20260920,plane,vel,-0.9249677451427878,662786.9453236237
E1-ecc,20260920,plane,pos,-0.9415101170418622,1762676.3732934115
E1-ecc,20260920,plane,vel,-0.534196748230999,1762676.3732934115
E1-ecc,20260920,plane,pos,-0.8800434064354754,1160174.8275771388
E1-ecc,20260920,plane,vel,-0.8903356971694686,1160174.8275771388
E1-ecc,20260920,plane,pos,0.19647671245184317,68840.21515063166
E1-ecc,20260920,plane,vel,1.2707124659734381,68840.21515063166
E1-ecc,20260920,plane,pos,-1.2289938577466488,670631.917047697
E1-ecc,20260920,plane,vel,-0.5934291944091219,670631.917047697
E1-ecc,20260920,plane,pos,-0.309679789099359,316740.1749254687
E1-ecc,20260920,plane,vel,1.1664596149277737,316740.1749254687
E1-ecc,20260920,plane,pos,-1.6611985373739122,92260.66550739632
E1-ecc,20260920,plane,vel,-0.011254130099123752,92260.66550739632
E1-ecc,20260920,plane,pos,-0.08737916234125556,297398.90783912345
E1-ecc,20260920,plane,vel,0.19724152522783375,297398.90783912345
E1-ecc,20260920,range,pos,-1.0738188745592734,10674931.316778563
E1-ecc,20260920,range,vel,1.225393557029825,10674931.316778563
E1-ecc,20260920,range,pos,0.9740663689976058,76530.18182849322
E1-ecc,20260920,range,vel,-0.6911727245057384,76530.18182849322
E1-ecc,20260920,range,pos,-1.261604583112212,37624.186111888914
E1-ecc,20260920,range,vel,1.0381023566109517,37624.186111888914
E1-ecc,20260920,range,pos,-0.052333169011313914,8503660.687891241
E1-ecc,20260920,range,vel,-0.10309593949009989,8503660.687891241
E1-ecc,20260920,range,pos,0.427062100142031,142924.1124909768
E1-ecc,20260920,range,vel,0.13327397366764934,142924.1124909768
E1-ecc,20260920,range,pos,-2.153037273080229,450259.0960617682
E1-ecc,20260920,range,vel,-0.01236760225661301,450259.0960617682
E1-ecc,20260920,range,pos,1.5264868593016314,190234.96206574055
E1-ecc,20260920,range,vel,-1.3381135511280395,190234.96206574055
E1-ecc,20260920,inplane,pos,-1.1268476293494285,10674931.316778563
E1-ecc,20260920,inplane,vel,-1.2602899960429903,10674931.316778563
E1-ecc,20260920,inplane,pos,-1.0284212730274698,76530.18182849322
E1-ecc,20260920,inplane,vel,0.6730364236211146,76530.18182849322
E1-ecc,20260920,inplane,pos,0.3015482399273822,37624.186111888914
E1-ecc,20260920,inplane,vel,1.1919523079365462,37624.186111888914
E1-ecc,20260920,inplane,pos,-0.48627838728260764,8503660.687891241
E1-ecc,20260920,inplane,vel,-0.06055611025938717,8503660.687891241
E1-ecc,20260920,inplane,pos,-0.07202529432804673,142924.1124909768
E1-ecc,20260920,inplane,vel,0.3673396113643732,142924.1124909768
E1-ecc,20260920,inplane,pos,-2.17193428906733,450259.0960617682
E1-ecc,20260920,inplane,vel,-3.3639745883202945,450259.0960617682
E1-ecc,20260920,inplane,pos,-1.1077764246142772,190234.96206574055
E1-ecc,20260920,inplane,vel,1.1989624946181048,190234.96206574055
E1-ecc,20260920,plane,pos,-0.34446393905100625,10674931.316778563
E1-ecc,20260920,plane,vel,-0.9338457721114709,10674931.316778563
E1-ecc,20260920,plane,pos,0.8488671671033869,76530.18182849322
E1-ecc,20260920,plane,vel,0.2222443558534329,76530.18182849322
E1-ecc,20260920,plane,pos,0.44382722658353874,37624.186111888914
E1-ecc,20260920,plane,vel,-0.08042114439476472,37624.186111888914
E1-ecc,20260920,plane,pos,-0.7560459426688677,8503660.687891241
E1-ecc,20260920,plane,vel,-0.8115079923630192,8503660.687891241
E1-ecc,20260920,plane,pos,-0.6238805167634399,142924.1124909768
E1-ecc,20260920,plane,vel,-1.6450236080518061,142924.1124909768
E1-ecc,20260920,plane,pos,0.15462744293404274,450259.0960617682
E1-ecc,20260920,plane,vel,0.9511945944087731,450259.0960617682
E1-ecc,20260920,plane,pos,-0.12777891997178895,190234.96206574055
E1-ecc,20260920,plane,vel,1.9737867152394317,190234.96206574055
E1-ecc,20260920,range,pos,0.022339886036812952,118714.78378783616
E1-ecc,20260920,range,vel,0.7759067713484195,118714.78378783616
E1-ecc,20260920,range,pos,0.14039298332431144,184033.10810956187
E1-ecc,20260920,range,vel,0.29616552027769316,184033.10810956187
E1-ecc,20260920,range,pos,0.2913842040167736,491051.56186168874
E1-ecc,20260920,range,vel,0.7330052115130624,491051.56186168874
E1-ecc,20260920,range,pos,2.4735781536694263,189744.0986810267
E1-ecc,20260920,range,vel,1.7455802464394579,189744.0986810267
E1-ecc,20260920,range,pos,-0.6081460240632512,869787.3910452486
E1-ecc,20260920,range,vel,-0.22726931362085734,869787.3910452486
E1-ecc,20260920,range,pos,-1.4457504319873253,165366.10626454392
E1-ecc,20260920,range,vel,-0.97328209882456,165366.10626454392
E1-ecc,20260920,range,pos,-1.3895776135064823,11737075.466403557
E1-ecc,20260920,range,vel,-1.1111608821671566,11737075.466403557
E1-ecc,20260920,range,pos,1.958613502760914,2417411.7692113803
E1-ecc,20260920,range,vel,-2.0990283752943184,2417411.7692113803
E1-ecc,20260920,inplane,pos,0.554783367243997,118714.78378783616
E1-ecc,20260920,inplane,vel,-0.006266222821611088,118714.78378783616
E1-ecc,20260920,inplane,pos,0.4427677929064292,184033.10810956187
E1-ecc,20260920,inplane,vel,0.6795232027839094,184033.10810956187
E1-ecc,20260920,inplane,pos,0.9837356181888094,491051.56186168874
E1-ecc,20260920,inplane,vel,0.07270366993981728,491051.56186168874
E1-ecc,20260920,inplane,pos,0.31933713826225624,189744.0986810267
E1-ecc,20260920,inplane,vel,-2.483961901423354,189744.0986810267
E1-ecc,20260920,inplane,pos,-1.4314699826617514,869787.3910452486
E1-ecc,20260920,inplane,vel,-0.7351603563839452,869787.3910452486
E1-ecc,20260920,inplane,pos,-1.7135501662150672,165366.10626454392
E1-ecc,20260920,inplane,vel,-1.7113319383296506,165366.10626454392
E1-ecc,20260920,inplane,pos,1.0195695345185292,11737075.466403557
E1-ecc,20260920,inplane,vel,1.2254260436076283,11737075.466403557
E1-ecc,20260920,inplane,pos,0.3576946261427318,2417411.7692113803
E1-ecc,20260920,inplane,vel,1.3631791878445771,2417411.7692113803
E1-ecc,20260920,plane,pos,0.991334315575275,118714.78378783616
E1-ecc,20260920,plane,vel,-0.4426013752542823,118714.78378783616
E1-ecc,20260920,plane,pos,-1.0658201685266073,184033.10810956187
E1-ecc,20260920,plane,vel,0.37178499813167,184033.10810956187
E1-ecc,20260920,plane,pos,-0.45701792350444503,491051.56186168874
E1-ecc,20260920,plane,vel,-1.0185985422976398,491051.56186168874
E1-ecc,20260920,plane,pos,-0.4623716999585157,189744.0986810267
E1-ecc,20260920,plane,vel,0.940876674788672,189744.0986810267
E1-ecc,20260920,plane,pos,1.4968770590078002,869787.3910452486
E1-ecc,20260920,plane,vel,-1.3260246165911933,869787.3910452486
E1-ecc,20260920,plane,pos,1.1772059248285758,165366.10626454392
E1-ecc,20260920,plane,vel,0.2816390994371794,165366.10626454392
E1-ecc,20260920,plane,pos,1.0153827951520842,11737075.466403557
E1-ecc,20260920,plane,vel,0.2070599543911325,11737075.466403557
E1-ecc,20260920,plane,pos,-0.6623420731984309,2417411.7692113803
E1-ecc,20260920,plane,vel,2.450395498087169,2417411.7692113803
E1-ecc,20260920,range,pos,-1.8280952981924046,1925468.1280649204
E1-ecc,20260920,range,vel,-1.8065939728279472,1925468.1280649204
E1-ecc,20260920,range,pos,0.3138749526229129,2385772.607919651
E1-ecc,20260920,range,vel,-0.6637946967123372,2385772.607919651
E1-ecc,20260920,range,pos,0.04327241353719033,2079646.5065986593
E1-ecc,20260920,range,vel,-0.21009263898144404,2079646.5065986593
E1-ecc,20260920,range,pos,-0.5700286225606767,3223579.458322098
E1-ecc,20260920,range,vel,-0.06352819229926313,3223579.458322098
E1-ecc,20260920,range,pos,-1046.4580266824669,1113445.9141207444
E1-ecc,20260920,range,vel,-423.69876737223666,1113445.9141207444
E1-ecc,20260920,range,pos,-0.479006226518922,49915.150374562974
E1-ecc,20260920,range,vel,-0.49063434606791484,49915.150374562974
E1-ecc,20260920,range,pos,-1.0804586143076575,133552.76004764787
E1-ecc,20260920,range,vel,-0.9454431651324932,133552.76004764787
E1-ecc,20260920,range,pos,1.985232005987212,8597032.653021978
E1-ecc,20260920,range,vel,1.2780637126310146,8597032.653021978
E1-ecc,20260920,inplane,pos,0.45282467087847295,1925468.1280649204
E1-ecc,20260920,inplane,vel,-1.90465360783544,1925468.1280649204
E1-ecc,20260920,inplane,pos,-0.02987536054938237,2385772.607919651
E1-ecc,20260920,inplane,vel,0.42202345560928656,2385772.607919651
E1-ecc,20260920,inplane,pos,-0.46970209264540597,2079646.5065986593
E1-ecc,20260920,inplane,vel,-0.10718466349850786,2079646.5065986593
E1-ecc,20260920,inplane,pos,1.5792436126535543,3223579.458322098
E1-ecc,20260920,inplane,vel,-0.5661405230484662,3223579.458322098
E1-ecc,20260920,inplane,pos,-132.2993698591406,1113445.9141207444
E1-ecc,20260920,inplane,vel,-1003.6621003063967,1113445.9141207444
E1-ecc,20260920,inplane,pos,-0.6327737781054774,49915.150374562974
E1-ecc,20260920,inplane,vel,-0.5673011148329059,49915.150374562974
E1-ecc,20260920,inplane,pos,-0.7048255173373225,133552.76004764787
E1-ecc,20260920,inplane,vel,1.2002882103803907,133552.76004764787
E1-ecc,20260920,inplane,pos,-1.9910443849198538,8597032.653021978
E1-ecc,20260920,inplane,vel,1.3537802965934118,8597032.653021978
E1-ecc,20260920,plane,pos,0.015081160586327542,1925468.1280649204
E1-ecc,20260920,plane,vel,-1.1016580748233988,1925468.1280649204
E1-ecc,20260920,plane,pos,1.2451360763135548,2385772.607919651
E1-ecc,20260920,plane,vel,0.06638406236546496,2385772.607919651
E1-ecc,20260920,plane,pos,1.2364577173638192,2079646.5065986593
E1-ecc,20260920,plane,vel,0.5151264576227428,2079646.5065986593
E1-ecc,20260920,plane,pos,0.11052680802172607,3223579.458322098
E1-ecc,20260920,plane,vel,-1.4659682832548107,3223579.458322098
E1-ecc,20260920,plane,pos,42.04761677359555,1113445.9141207444
E1-ecc,20260920,plane,vel,-93.13535104378417,1113445.9141207444
E1-ecc,20260920,plane,pos,1.0781577015700603,49915.150374562974
E1-ecc,20260920,plane,vel,-0.14947741171701157,49915.150374562974
E1-ecc,20260920,plane,pos,-0.8012453002414751,133552.76004764787
E1-ecc,20260920,plane,vel,-1.3156402185140756,133552.76004764787
E1-ecc,20260920,plane,pos,0.7326457139877044,8597032.653021978
E1-ecc,20260920,plane,vel,0.31462216351570044,8597032.653021978
E1-ecc,20260920,range,pos,-0.7013671869778206,15507640.564224683
E1-ecc,20260920,range,vel,-0.39052797936597333,15507640.564224683
E1-ecc,20260920,range,pos,1.589117076336853,59050.18874956435
E1-ecc,20260920,range,vel,1.3801102361339934,59050.18874956435
E1-ecc,20260920,range,pos,-1.292815239754064,77734.41445519862
E1-ecc,20260920,range,vel,1.0889788138724765,77734.41445519862
E1-ecc,20260920,range,pos,0.8140403534118722,80202.70485940942
E1-ecc,20260920,range,vel,0.45128816629656787,80202.70485940942
E1-ecc,20260920,range,pos,7298.787259158844,623245.1505689706
E1-ecc,20260920,range,vel,4033.4069519458417,623245.1505689706
E1-ecc,20260920,range,pos,0.5284906844323725,24165.513519486758
E1-ecc,20260920,range,vel,0.8321637330773776,24165.513519486758
E1-ecc,20260920,range,pos,0.024686044570878102,12236888.115721434
E1-ecc,20260920,range,vel,0.02564088182470275,12236888.115721434
E1-ecc,20260920,range,pos,0.7950676843579005,43923.800566511985
E1-ecc,20260920,range,vel,0.8188086108092334,43923.800566511985
E1-ecc,20260920,inplane,pos,0.47003522085520427,15507640.564224683
E1-ecc,20260920,inplane,vel,1.0387091460109201,15507640.564224683
E1-ecc,20260920,inplane,pos,-1.647600110491829,59050.18874956435
E1-ecc,20260920,inplane,vel,-1.9988203381982195,59050.18874956435
E1-ecc,20260920,inplane,pos,-0.003130275110805678,77734.41445519862
E1-ecc,20260920,inplane,vel,0.04509522236448289,77734.41445519862
E1-ecc,20260920,inplane,pos,0.6501406743919811,80202.70485940942
E1-ecc,20260920,inplane,vel,0.42913575757329814,80202.70485940942
E1-ecc,20260920,inplane,pos,-3614.14441508009,623245.1505689706
E1-ecc,20260920,inplane,vel,46023.15379446462,623245.1505689706
E1-ecc,20260920,inplane,pos,1.9950506474870322,24165.513519486758
E1-ecc,20260920,inplane,vel,0.6853039815094495,24165.513519486758
E1-ecc,20260920,inplane,pos,-0.7622592932772937,12236888.115721434
E1-ecc,20260920,inplane,vel,-0.7956572274305921,12236888.115721434
E1-ecc,20260920,inplane,pos,0.45580254733742737,43923.800566511985
E1-ecc,20260920,inplane,vel,-0.9516134721618842,43923.800566511985
E1-ecc,20260920,plane,pos,2.2516953768130916,15507640.564224683
E1-ecc,20260920,plane,vel,-0.2929718697820602,15507640.564224683
E1-ecc,20260920,plane,pos,1.6517292228534866,59050.18874956435
E1-ecc,20260920,plane,vel,0.8217443276613962,59050.18874956435
E1-ecc,20260920,plane,pos,-1.657915040102435,77734.41445519862
E1-ecc,20260920,plane,vel,-1.1772615261516155,77734.41445519862
E1-ecc,20260920,plane,pos,-0.21103498485844505,80202.70485940942
E1-ecc,20260920,plane,vel,-0.12249448635633414,80202.70485940942
E1-ecc,20260920,plane,pos,-12488.259797978728,623245.1505689706
E1-ecc,20260920,plane,vel,-912.2272341053836,623245.1505689706
E1-ecc,20260920,plane,pos,0.2090291728524477,24165.513519486758
E1-ecc,20260920,plane,vel,-0.2965123024193964,24165.513519486758
E1-ecc,20260920,plane,pos,-2.3109646053289867,12236888.115721434
E1-ecc,20260920,plane,vel,0.13768360168956606,12236888.115721434
E1-ecc,20260920,plane,pos,0.5977974533707648,43923.800566511985
E1-ecc,20260920,plane,vel,-0.16009799272785877,43923.800566511985
E1-ecc,20260927,range,pos,0.945533382406567,435295.6089018585
E1-ecc,20260927,range,vel,-1.2559667624164996,435295.6089018585
E1-ecc,20260927,range,pos,0.33053309705600986,134769.60643915273
E1-ecc,20260927,range,vel,0.01998941154748424,134769.60643915273
E1-ecc,20260927,range,pos,1.9020150871481751,168860.6310888954
E1-ecc,20260927,range,vel,1.9526495883063038,168860.6310888954
E1-ecc,20260927,range,pos,-0.02785101140868735,414115.032357458
E1-ecc,20260927,range,vel,0.37955734081861536,414115.032357458
E1-ecc,20260927,range,pos,0.6819162941052758,112434.57702882751
E1-ecc,20260927,range,vel,1.2982448278411216,112434.57702882751
E1-ecc,20260927,range,pos,0.34303168050201677,48147.13814075853
E1-ecc,20260927,range,vel,-0.17532218915986272,48147.13814075853
E1-ecc,20260927,range,pos,-0.9665404213400894,67009.70841169245
E1-ecc,20260927,range,vel,-0.11949245950600916,67009.70841169245
E1-ecc,20260927,range,pos,-0.8362818088203092,153123.8982871427
E1-ecc,20260927,range,vel,0.34195391994843133,153123.8982871427
E1-ecc,20260927,inplane,pos,-0.08449438705869244,435295.6089018585
E1-ecc,20260927,inplane,vel,0.9064030062145757,435295.6089018585
E1-ecc,20260927,inplane,pos,-0.02830947322720817,134769.60643915273
E1-ecc,20260927,inplane,vel,0.22583712123450642,134769.60643915273
E1-ecc,20260927,inplane,pos,1.9968173246487064,168860.6310888954
E1-ecc,20260927,inplane,vel,1.9958107180345397,168860.6310888954
E1-ecc,20260927,inplane,pos,0.08419347912420257,414115.032357458
E1-ecc,20260927,inplane,vel,-0.7510230737172804,414115.032357458
E1-ecc,20260927,inplane,pos,2.0671516837543282,112434.57702882751
E1-ecc,20260927,inplane,vel,0.8148331633859459,112434.57702882751
E1-ecc,20260927,inplane,pos,1.249398518320503,48147.13814075853
E1-ecc,20260927,inplane,vel,1.2363255684770726,48147.13814075853
E1-ecc,20260927,inplane,pos,1.8577111842763743,67009.70841169245
E1-ecc,20260927,inplane,vel,-0.3659025711339985,67009.70841169245
E1-ecc,20260927,inplane,pos,0.10612765904822115,153123.8982871427
E1-ecc,20260927,inplane,vel,-0.7586487463465844,153123.8982871427
E1-ecc,20260927,plane,pos,0.7366778760328764,435295.6089018585
E1-ecc,20260927,plane,vel,0.3572206533697849,435295.6089018585
E1-ecc,20260927,plane,pos,0.38544998184621443,134769.60643915273
E1-ecc,20260927,plane,vel,0.11119771029981544,134769.60643915273
E1-ecc,20260927,plane,pos,-1.020687655216909,168860.6310888954
E1-ecc,20260927,plane,vel,-0.0008802435510135412,168860.6310888954
E1-ecc,20260927,plane,pos,0.45717959231098987,414115.032357458
E1-ecc,20260927,plane,vel,0.22511066782493147,414115.032357458
E1-ecc,20260927,plane,pos,-1.1106617903222158,112434.57702882751
E1-ecc,20260927,plane,vel,-0.39467326129737595,112434.57702882751
E1-ecc,20260927,plane,pos,0.6210793319255181,48147.13814075853
E1-ecc,20260927,plane,vel,0.9504393856211711,48147.13814075853
E1-ecc,20260927,plane,pos,-0.35757150099001084,67009.70841169245
E1-ecc,20260927,plane,vel,-0.32651257708851816,67009.70841169245
E1-ecc,20260927,plane,pos,-0.6125022289049936,153123.8982871427
E1-ecc,20260927,plane,vel,0.10945182998170465,153123.8982871427
E1-ecc,20260927,range,pos,0.48031195841824836,8103879.1726245815
E1-ecc,20260927,range,vel,0.42941207823496086,8103879.1726245815
E1-ecc,20260927,range,pos,-0.10835028195754456,5048000.198122929
E1-ecc,20260927,range,vel,0.90750369312509,5048000.198122929
E1-ecc,20260927,range,pos,-2.3153246538743457,15015002.275928285
E1-ecc,20260927,range,vel,-2.248419332744898,15015002.275928285
E1-ecc,20260927,range,pos,0.7212110249335043,1540659.2416517402
E1-ecc,20260927,range,vel,-1.4054807383454646,1540659.2416517402
E1-ecc,20260927,range,pos,-1.238715313716996,2381318.3731674603
E1-ecc,20260927,range,vel,0.16770171437511053,2381318.3731674603
E1-ecc,20260927,range,pos,0.40694264255752205,7243996.66292816
E1-ecc,20260927,range,vel,-0.017272215478472623,7243996.66292816
E1-ecc,20260927,range,pos,0.6291148574235473,15225126.288875856
E1-ecc,20260927,range,vel,0.4889696866691004,15225126.288875856
E1-ecc,20260927,range,pos,1.0906119608353906,82967.55844659693
E1-ecc,20260927,range,vel,-0.5475450608805864,82967.55844659693
E1-ecc,20260927,inplane,pos,-0.7318366624727076,8103879.1726245815
E1-ecc,20260927,inplane,vel,0.8434846809154393,8103879.1726245815
E1-ecc,20260927,inplane,pos,0.5902662751912129,5048000.198122929
E1-ecc,20260927,inplane,vel,-0.34605595339220036,5048000.198122929
E1-ecc,20260927,inplane,pos,1.7995882620005317,15015002.275928285
E1-ecc,20260927,inplane,vel,2.0862224687635296,15015002.275928285
E1-ecc,20260927,inplane,pos,-0.874121772473173,1540659.2416517402
E1-ecc,20260927,inplane,vel,0.39837662767984966,1540659.2416517402
E1-ecc,20260927,inplane,pos,0.9144510160169363,2381318.3731674603
E1-ecc,20260927,inplane,vel,-1.1583402355651131,2381318.3731674603
E1-ecc,20260927,inplane,pos,-0.7655107457675625,7243996.66292816
E1-ecc,20260927,inplane,vel,0.4096674373601231,7243996.66292816
E1-ecc,20260927,inplane,pos,-0.6570406634195235,15225126.288875856
E1-ecc,20260927,inplane,vel,-0.1502391363394335,15225126.288875856
E1-ecc,20260927,inplane,pos,1.5050523135308191,82967.55844659693
E1-ecc,20260927,inplane,vel,2.167922652150552,82967.55844659693
E1-ecc,20260927,plane,pos,-0.10230101019921203,8103879.1726245815
E1-ecc,20260927,plane,vel,0.3163878205688429,8103879.1726245815
E1-ecc,20260927,plane,pos,-1.46576379759398,5048000.198122929
E1-ecc,20260927,plane,vel,0.9650521379348949,5048000.198122929
E1-ecc,20260927,plane,pos,-0.4096250925670556,15015002.275928285
E1-ecc,20260927,plane,vel,0.8685901580507768,15015002.275928285
E1-ecc,20260927,plane,pos,-1.2742659565635654,1540659.2416517402
E1-ecc,20260927,plane,vel,0.6668436368472651,1540659.2416517402
E1-ecc,20260927,plane,pos,0.20575329007681112,2381318.3731674603
E1-ecc,20260927,plane,vel,-0.5449462733767123,2381318.3731674603
E1-ecc,20260927,plane,pos,-0.455901025186612,7243996.66292816
E1-ecc,20260927,plane,vel,-1.9275293585843798,7243996.66292816
E1-ecc,20260927,plane,pos,1.426801740656712,15225126.288875856
E1-ecc,20260927,plane,vel,1.3463007603393724,15225126.288875856
E1-ecc,20260927,plane,pos,1.0907134166303154,82967.55844659693
E1-ecc,20260927,plane,vel,2.43722936985602,82967.55844659693
E1-ecc,20260927,range,pos,0.6451576577326414,221221.38135447807
E1-ecc,20260927,range,vel,-0.05511600410613628,221221.38135447807
E1-ecc,20260927,range,pos,0.4601453931479013,10460709.41243287
E1-ecc,20260927,range,vel,0.4132335053768475,10460709.41243287
E1-ecc,20260927,range,pos,-1.1350123482097152,83028.29591182178
E1-ecc,20260927,range,vel,1.1153602528753055,83028.29591182178
E1-ecc,20260927,range,pos,0.6542142571110613,14023076.381081685
E1-ecc,20260927,range,vel,-0.7389768018504224,14023076.381081685
E1-ecc,20260927,range,pos,-0.014884639097847787,93604.72443354334
E1-ecc,20260927,range,vel,0.19251774286945889,93604.72443354334
E1-ecc,20260927,range,pos,-0.5733330598229125,151834.23389682485
E1-ecc,20260927,range,vel,0.8858334607429891,151834.23389682485
E1-ecc,20260927,range,pos,-0.16368070947347507,362011.2750924522
E1-ecc,20260927,range,vel,0.7223275834022879,362011.2750924522
E1-ecc,20260927,range,pos,-0.7636382555651617,2248826.3444346865
E1-ecc,20260927,range,vel,1.7465585171669813,2248826.3444346865
E1-ecc,20260927,inplane,pos,-0.5369204231253268,221221.38135447807
E1-ecc,20260927,inplane,vel,0.019544524520005865,221221.38135447807
E1-ecc,20260927,inplane,pos,-0.6450191762797858,10460709.41243287
E1-ecc,20260927,inplane,vel,0.380860290644811,10460709.41243287
E1-ecc,20260927,inplane,pos,-0.20553761968002537,83028.29591182178
E1-ecc,20260927,inplane,vel,0.918826620645181,83028.29591182178
E1-ecc,20260927,inplane,pos,0.6764608535602178,14023076.381081685
E1-ecc,20260927,inplane,vel,0.4136873847966576,14023076.381081685
E1-ecc,20260927,inplane,pos,0.40094264707450605,93604.72443354334
E1-ecc,20260927,inplane,vel,0.03227949317572942,93604.72443354334
E1-ecc,20260927,inplane,pos,1.1614547518969207,151834.23389682485
E1-ecc,20260927,inplane,vel,-0.3054040789863195,151834.23389682485
E1-ecc,20260927,inplane,pos,1.0072550440935892,362011.2750924522
E1-ecc,20260927,inplane,vel,0.31528711923340474,362011.2750924522
E1-ecc,20260927,inplane,pos,2.538234059467797,2248826.3444346865
E1-ecc,20260927,inplane,vel,-1.13982770675207,2248826.3444346865
E1-ecc,20260927,plane,pos,-0.2375211148499004,221221.38135447807
E1-ecc,20260927,plane,vel,-0.0021057453245175374,221221.38135447807
E1-ecc,20260927,plane,pos,0.6049293161009306,10460709.41243287
E1-ecc,20260927,plane,vel,0.1904591779608126,10460709.41243287
E1-ecc,20260927,plane,pos,0.021026438365842844,83028.29591182178
E1-ecc,20260927,plane,vel,1.012876710792733,83028.29591182178
E1-ecc,20260927,plane,pos,-0.402325626671991,14023076.381081685
E1-ecc,20260927,plane,vel,-0.0748586916657495,14023076.381081685
E1-ecc,20260927,plane,pos,-0.9888555228514664,93604.72443354334
E1-ecc,20260927,plane,vel,-0.20967505127190475,93604.72443354334
E1-ecc,20260927,plane,pos,1.2416224649027798,151834.23389682485
E1-ecc,20260927,plane,vel,0.2736109014626742,151834.23389682485
E1-ecc,20260927,plane,pos,-2.439238745815265,362011.2750924522
E1-ecc,20260927,plane,vel,-0.8892479668339942,362011.2750924522
E1-ecc,20260927,plane,pos,-0.8340430593623048,2248826.3444346865
E1-ecc,20260927,plane,vel,-0.6475269304899627,2248826.3444346865
E1-ecc,20260927,range,pos,-0.6066984794392625,14701668.509184178
E1-ecc,20260927,range,vel,-0.5690177328867184,14701668.509184178
E1-ecc,20260927,range,pos,0.6857156554721177,621164.2804690101
E1-ecc,20260927,range,vel,-0.11124004976989878,621164.2804690101
E1-ecc,20260927,range,pos,1.107777541855334,1020180.5596131727
E1-ecc,20260927,range,vel,-0.6362315256102073,1020180.5596131727
E1-ecc,20260927,range,pos,-0.2891082936497032,249988.77580283576
E1-ecc,20260927,range,vel,-0.36993508117034535,249988.77580283576
E1-ecc,20260927,range,pos,0.31608720737095264,381144.86887293623
E1-ecc,20260927,range,vel,0.22794983023429824,381144.86887293623
E1-ecc,20260927,range,pos,-0.2434408513523144,447944.5233143648
E1-ecc,20260927,range,vel,0.32478984238237407,447944.5233143648
E1-ecc,20260927,range,pos,0.4085417322369526,1300184.3431128447
E1-ecc,20260927,range,vel,1.1320180098618347,1300184.3431128447
E1-ecc,20260927,range,pos,0.33279937477990135,65934.34323220134
E1-ecc,20260927,range,vel,0.06280332965192131,65934.34323220134
E1-ecc,20260927,inplane,pos,-0.5895247552620618,14701668.509184178
E1-ecc,20260927,inplane,vel,0.04901205861510452,14701668.509184178
E1-ecc,20260927,inplane,pos,0.5624779883842689,621164.2804690101
E1-ecc,20260927,inplane,vel,0.5144648763280878,621164.2804690101
E1-ecc,20260927,inplane,pos,0.37925954066777784,1020180.5596131727
E1-ecc,20260927,inplane,vel,1.1257719893085962,1020180.5596131727
E1-ecc,20260927,inplane,pos,-0.310029658884554,249988.77580283576
E1-ecc,20260927,inplane,vel,0.25830015036731163,249988.77580283576
E1-ecc,20260927,inplane,pos,-0.005922341073433671,381144.86887293623
E1-ecc,20260927,inplane,vel,0.3367435086588808,381144.86887293623
E1-ecc,20260927,inplane,pos,0.29552975144802907,447944.5233143648
E1-ecc,20260927,inplane,vel,-0.0829825929769476,447944.5233143648
E1-ecc,20260927,inplane,pos,1.0684449579856226,1300184.3431128447
E1-ecc,20260927,inplane,vel,0.18482436506536007,1300184.3431128447
E1-ecc,20260927,inplane,pos,1.4948020746670676,65934.34323220134
E1-ecc,20260927,inplane,vel,1.5373681741835425,65934.34323220134
E1-ecc,20260927,plane,pos,0.13866311557332536,14701668.509184178
E1-ecc,20260927,plane,vel,-0.04973093367909911,14701668.509184178
E1-ecc,20260927,plane,pos,-0.18349566282383084,621164.2804690101
E1-ecc,20260927,plane,vel,-0.06190057465624781,621164.2804690101
E1-ecc,20260927,plane,pos,-0.6600861854989195,1020180.5596131727
E1-ecc,20260927,plane,vel,-0.007967416461259261,1020180.5596131727
E1-ecc,20260927,plane,pos,-1.480583386417887,249988.77580283576
E1-ecc,20260927,plane,vel,-0.9082961424254345,249988.77580283576
E1-ecc,20260927,plane,pos,-0.09411835062983605,381144.86887293623
E1-ecc,20260927,plane,vel,0.07840860070872448,381144.86887293623
E1-ecc,20260927,plane,pos,-0.11805862618301884,447944.5233143648
E1-ecc,20260927,plane,vel,-1.0913594076653,447944.5233143648
E1-ecc,20260927,plane,pos,-0.19694491900641284,1300184.3431128447
E1-ecc,20260927,plane,vel,0.05568903019486501,1300184.3431128447
E1-ecc,20260927,plane,pos,-0.7039987185858488,65934.34323220134
E1-ecc,20260927,plane,vel,1.8818808058027992,65934.34323220134
E1-ecc,20260927,range,pos,-0.23466805348162526,603042.2520449185
E1-ecc,20260927,range,vel,0.7702494142578523,603042.2520449185
E1-ecc,20260927,range,pos,1.1316408377209697,123230.03829869561
E1-ecc,20260927,range,vel,-0.3698404839764536,123230.03829869561
E1-ecc,20260927,range,pos,2.2265692121275906,68690.28256756483
E1-ecc,20260927,range,vel,-1.0962297914219468,68690.28256756483
E1-ecc,20260927,range,pos,-0.7163228707703416,40079.71599435418
E1-ecc,20260927,range,vel,-2.37655664187032,40079.71599435418
E1-ecc,20260927,range,pos,1.375073327700705,12260685.643831667
E1-ecc,20260927,range,vel,1.4988530696806255,12260685.643831667
E1-ecc,20260927,range,pos,0.09263385264151865,9775955.667292805
E1-ecc,20260927,range,vel,0.050109293663122174,9775955.667292805
E1-ecc,20260927,range,pos,-0.351119802547854,5334558.308954322
E1-ecc,20260927,range,vel,0.33202787248268867,5334558.308954322
E1-ecc,20260927,range,pos,-0.5125355293605256,521004.58269723086
E1-ecc,20260927,range,vel,-0.5604810858561716,521004.58269723086
E1-ecc,20260927,inplane,pos,0.9377623162188052,603042.2520449185
E1-ecc,20260927,inplane,vel,-0.21880136985558735,603042.2520449185
E1-ecc,20260927,inplane,pos,-0.9257148554359701,123230.03829869561
E1-ecc,20260927,inplane,vel,-0.36739806770439015,123230.03829869561
E1-ecc,20260927,inplane,pos,0.9381212517915207,68690.28256756483
E1-ecc,20260927,inplane,vel,0.634465560031561,68690.28256756483
E1-ecc,20260927,inplane,pos,-2.191986546089309,40079.71599435418
E1-ecc,20260927,inplane,vel,-0.939148976316489,40079.71599435418
E1-ecc,20260927,inplane,pos,-1.8176642128899962,12260685.643831667
E1-ecc,20260927,inplane,vel,1.8008703854119588,12260685.643831667
E1-ecc,20260927,inplane,pos,-0.24959403376909767,9775955.667292805
E1-ecc,20260927,inplane,vel,0.0821307042945572,9775955.667292805
E1-ecc,20260927,inplane,pos,-0.36064370502955045,5334558.308954322
E1-ecc,20260927,inplane,vel,-0.44935136798322045,5334558.308954322
E1-ecc,20260927,inplane,pos,-0.5658600281719814,521004.58269723086
E1-ecc,20260927,inplane,vel,-0.5268580682698486,521004.58269723086
E1-ecc,20260927,plane,pos,0.17739775246802275,603042.2520449185
E1-ecc,20260927,plane,vel,-0.6443860587683928,603042.2520449185
E1-ecc,20260927,plane,pos,1.0525705345964633,123230.03829869561
E1-ecc,20260927,plane,vel,0.3490619415335648,123230.03829869561
E1-ecc,20260927,plane,pos,-0.4678983819743184,68690.28256756483
E1-ecc,20260927,plane,vel,-1.7511271432506037,68690.28256756483
E1-ecc,20260927,plane,pos,-0.5328902833663717,40079.71599435418
E1-ecc,20260927,plane,vel,-0.20053973648647308,40079.71599435418
E1-ecc,20260927,plane,pos,-1.1822484802554818,12260685.643831667
E1-ecc,20260927,plane,vel,1.1102372255343325,12260685.643831667
E1-ecc,20260927,plane,pos,0.4983182049019363,9775955.667292805
E1-ecc,20260927,plane,vel,0.3025856515518112,9775955.667292805
E1-ecc,20260927,plane,pos,-0.5866193589454753,5334558.308954322
E1-ecc,20260927,plane,vel,-0.23954209946174998,5334558.308954322
E1-ecc,20260927,plane,pos,2.086029955768774,521004.58269723086
E1-ecc,20260927,plane,vel,-0.7258227449809629,521004.58269723086
E1-ecc,20260927,range,pos,-0.1166439029932725,59859.54048124865
E1-ecc,20260927,range,vel,0.0925628535556976,59859.54048124865
E1-ecc,20260927,range,pos,-0.22545455475042114,6962689.5881081335
E1-ecc,20260927,range,vel,-0.5823231617783453,6962689.5881081335
E1-ecc,20260927,range,pos,-1.526974156002654,726281.6405058837
E1-ecc,20260927,range,vel,0.4794053636902414,726281.6405058837
E1-ecc,20260927,range,pos,0.8631929621229208,1282204.5321414375
E1-ecc,20260927,range,vel,0.5004233903176876,1282204.5321414375
E1-ecc,20260927,range,pos,-0.3207136226123498,191536.49511318826
E1-ecc,20260927,range,vel,-1.7372885736576162,191536.49511318826
E1-ecc,20260927,range,pos,1.2037418867311254,65691.72570828811
E1-ecc,20260927,range,vel,1.188332631642201,65691.72570828811
E1-ecc,20260927,range,pos,-0.9267171352967327,143720.69224137286
E1-ecc,20260927,range,vel,-1.2516741794991466,143720.69224137286
E1-ecc,20260927,range,pos,0.6431686197184061,492189.9792690493
E1-ecc,20260927,range,vel,-0.42615278629379655,492189.9792690493
E1-ecc,20260927,inplane,pos,-0.06795040705741305,59859.54048124865
E1-ecc,20260927,inplane,vel,-0.20198198864425185,59859.54048124865
E1-ecc,20260927,inplane,pos,-0.7848417272475233,6962689.5881081335
E1-ecc,20260927,inplane,vel,-0.7308156946005909,6962689.5881081335
E1-ecc,20260927,inplane,pos,-0.8908339476554877,726281.6405058837
E1-ecc,20260927,inplane,vel,-0.7806820465153856,726281.6405058837
E1-ecc,20260927,inplane,pos,0.913817028479826,1282204.5321414375
E1-ecc,20260927,inplane,vel,1.0998262089404003,1282204.5321414375
E1-ecc,20260927,inplane,pos,-1.5233333904243638,191536.49511318826
E1-ecc,20260927,inplane,vel,-0.1119497757961097,191536.49511318826
E1-ecc,20260927,inplane,pos,1.670816546051635,65691.72570828811
E1-ecc,20260927,inplane,vel,-2.6747017416343204,65691.72570828811
E1-ecc,20260927,inplane,pos,-0.9530703151443863,143720.69224137286
E1-ecc,20260927,inplane,vel,-1.080330933239701,143720.69224137286
E1-ecc,20260927,inplane,pos,-1.8939408096063666,492189.9792690493
E1-ecc,20260927,inplane,vel,-0.6545308038075422,492189.9792690493
E1-ecc,20260927,plane,pos,-0.332599537301585,59859.54048124865
E1-ecc,20260927,plane,vel,0.6186681654121613,59859.54048124865
E1-ecc,20260927,plane,pos,0.6454007617035046,6962689.5881081335
E1-ecc,20260927,plane,vel,0.4970404416351862,6962689.5881081335
E1-ecc,20260927,plane,pos,-0.5071801417905489,726281.6405058837
E1-ecc,20260927,plane,vel,1.297532942805024,726281.6405058837
E1-ecc,20260927,plane,pos,-0.0626842488038266,1282204.5321414375
E1-ecc,20260927,plane,vel,-0.127464716109967,1282204.5321414375
E1-ecc,20260927,plane,pos,0.3936505944012858,191536.49511318826
E1-ecc,20260927,plane,vel,-0.07211146078368967,191536.49511318826
E1-ecc,20260927,plane,pos,0.6810767521411726,65691.72570828811
E1-ecc,20260927,plane,vel,-0.4062473076772921,65691.72570828811
E1-ecc,20260927,plane,pos,1.8084194202902937,143720.69224137286
E1-ecc,20260927,plane,vel,-0.03428622670688901,143720.69224137286
E1-ecc,20260927,plane,pos,0.3442489687107499,492189.9792690493
E1-ecc,20260927,plane,vel,0.8559787815755298,492189.9792690493
E1-ecc,20260934,range,pos,-2.6111728624001427,71436.81871070313
E1-ecc,20260934,range,vel,-0.9261107015779383,71436.81871070313
E1-ecc,20260934,range,pos,0.6978110361249595,563755.2372769081
E1-ecc,20260934,range,vel,-0.2367311633500014,563755.2372769081
E1-ecc,20260934,range,pos,-0.02082705087884035,74734.59573763843
E1-ecc,20260934,range,vel,0.12854863730597926,74734.59573763843
E1-ecc,20260934,range,pos,0.1303874770856059,653456.1269849584
E1-ecc,20260934,range,vel,-0.44045493511673717,653456.1269849584
E1-ecc,20260934,range,pos,0.03290967597243976,125475.17254924639
E1-ecc,20260934,range,vel,-0.3416602352292661,125475.17254924639
E1-ecc,20260934,range,pos,1.1143860934294496,324268.77121878543
E1-ecc,20260934,range,vel,1.0400357612453326,324268.77121878543
E1-ecc,20260934,range,pos,-0.10644459877019459,346480.0053603367
E1-ecc,20260934,range,vel,-0.2504873102037397,346480.0053603367
E1-ecc,20260934,range,pos,-0.2853407862613725,417950.106303746
E1-ecc,20260934,range,vel,-0.5163900891023927,417950.106303746
E1-ecc,20260934,inplane,pos,0.01106836142179036,71436.81871070313
E1-ecc,20260934,inplane,vel,2.473429493116702,71436.81871070313
E1-ecc,20260934,inplane,pos,1.5390393254920052,563755.2372769081
E1-ecc,20260934,inplane,vel,0.8088751393169207,563755.2372769081
E1-ecc,20260934,inplane,pos,0.0151278712067505,74734.59573763843
E1-ecc,20260934,inplane,vel,-0.06353880349518916,74734.59573763843
E1-ecc,20260934,inplane,pos,-0.37578534978904193,653456.1269849584
E1-ecc,20260934,inplane,vel,-0.12481461339293244,653456.1269849584
E1-ecc,20260934,inplane,pos,-1.5739817071216697,125475.17254924639
E1-ecc,20260934,inplane,vel,-0.9331532076973386,125475.17254924639
E1-ecc,20260934,inplane,pos,1.0111414129681113,324268.77121878543
E1-ecc,20260934,inplane,vel,1.0206149741530919,324268.77121878543
E1-ecc,20260934,inplane,pos,-0.8353304108225255,346480.0053603367
E1-ecc,20260934,inplane,vel,-0.15797077489321462,346480.0053603367
E1-ecc,20260934,inplane,pos,-0.19227889891707206,417950.106303746
E1-ecc,20260934,inplane,vel,-0.5832911597016102,417950.106303746
E1-ecc,20260934,plane,pos,-1.0724419317110279,71436.81871070313
E1-ecc,20260934,plane,vel,2.032470732726387,71436.81871070313
E1-ecc,20260934,plane,pos,1.1112658542239504,563755.2372769081
E1-ecc,20260934,plane,vel,0.44509706436951735,563755.2372769081
E1-ecc,20260934,plane,pos,2.025877210694566,74734.59573763843
E1-ecc,20260934,plane,vel,-0.48241872451610834,74734.59573763843
E1-ecc,20260934,plane,pos,0.7948495806873602,653456.1269849584
E1-ecc,20260934,plane,vel,0.379068724409101,653456.1269849584
E1-ecc,20260934,plane,pos,-1.2759440994103253,125475.17254924639
E1-ecc,20260934,plane,vel,1.0796684370866836,125475.17254924639
E1-ecc,20260934,plane,pos,-0.06052461346955736,324268.77121878543
E1-ecc,20260934,plane,vel,1.1969284298565577,324268.77121878543
E1-ecc,20260934,plane,pos,0.5951375551878888,346480.0053603367
E1-ecc,20260934,plane,vel,-1.4581435203740798,346480.0053603367
E1-ecc,20260934,plane,pos,0.6774553168194474,417950.106303746
E1-ecc,20260934,plane,vel,-0.8498028699842329,417950.106303746
E1-ecc,20260934,range,pos,-0.32872651776028133,1045233.0511431898
E1-ecc,20260934,range,vel,-0.1636474728736786,1045233.0511431898
E1-ecc,20260934,range,pos,-0.9875432676167764,14938958.617687568
E1-ecc,20260934,range,vel,-0.9976288500903293,14938958.617687568
E1-ecc,20260934,range,pos,0.4813015390141663,97795.08213136512
E1-ecc,20260934,range,vel,0.4189433896027274,97795.08213136512
E1-ecc,20260934,range,pos,-0.045549229370945424,63716.39364459236
E1-ecc,20260934,range,vel,0.08748979599442547,63716.39364459236
E1-ecc,20260934,range,pos,0.7602880291169445,870422.3158473328
E1-ecc,20260934,range,vel,0.010096856592838196,870422.3158473328
E1-ecc,20260934,range,pos,0.33934801357898625,68599.68005710782
E1-ecc,20260934,range,vel,0.14886902796951224,68599.68005710782
E1-ecc,20260934,range,pos,-0.2815248270225587,103304.50700620403
E1-ecc,20260934,range,vel,-0.15824673430558453,103304.50700620403
E1-ecc,20260934,range,pos,-1.0469372194487112,121875.81683180263
E1-ecc,20260934,range,vel,-1.3095262307362878,121875.81683180263
E1-ecc,20260934,inplane,pos,0.4854725007220915,1045233.0511431898
E1-ecc,20260934,inplane,vel,-0.5035638596151174,1045233.0511431898
E1-ecc,20260934,inplane,pos,1.103812923699374,14938958.617687568
E1-ecc,20260934,inplane,vel,0.9402639103077473,14938958.617687568
E1-ecc,20260934,inplane,pos,0.4385838552244566,97795.08213136512
E1-ecc,20260934,inplane,vel,0.21111656384411526,97795.08213136512
E1-ecc,20260934,inplane,pos,0.6214865035019824,63716.39364459236
E1-ecc,20260934,inplane,vel,-0.5726925870328958,63716.39364459236
E1-ecc,20260934,inplane,pos,0.08721133721912384,870422.3158473328
E1-ecc,20260934,inplane,vel,0.6220443249981378,870422.3158473328
E1-ecc,20260934,inplane,pos,1.193459570114209,68599.68005710782
E1-ecc,20260934,inplane,vel,0.5597847755626049,68599.68005710782
E1-ecc,20260934,inplane,pos,-0.042752393793813556,103304.50700620403
E1-ecc,20260934,inplane,vel,-0.1649391582525804,103304.50700620403
E1-ecc,20260934,inplane,pos,-1.205103049921282,121875.81683180263
E1-ecc,20260934,inplane,vel,-0.9573840514205236,121875.81683180263
E1-ecc,20260934,plane,pos,-0.24100984942469675,1045233.0511431898
E1-ecc,20260934,plane,vel,-1.1111779042203822,1045233.0511431898
E1-ecc,20260934,plane,pos,0.7897761056365037,14938958.617687568
E1-ecc,20260934,plane,vel,0.497832968330037,14938958.617687568
E1-ecc,20260934,plane,pos,-0.07303311003303432,97795.08213136512
E1-ecc,20260934,plane,vel,0.32350693491241894,97795.08213136512
E1-ecc,20260934,plane,pos,-0.30890037292789324,63716.39364459236
E1-ecc,20260934,plane,vel,0.7582378872273612,63716.39364459236
E1-ecc,20260934,plane,pos,-0.2757063730522571,870422.3158473328
E1-ecc,20260934,plane,vel,-0.45504801608979806,870422.3158473328
E1-ecc,20260934,plane,pos,-0.6539748086187047,68599.68005710782
E1-ecc,20260934,plane,vel,-0.23024232428989935,68599.68005710782
E1-ecc,20260934,plane,pos,-0.7110919346778944,103304.50700620403
E1-ecc,20260934,plane,vel,-0.7927323660070454,103304.50700620403
E1-ecc,20260934,plane,pos,2.2644280368042953,121875.81683180263
E1-ecc,20260934,plane,vel,-0.2847910215357402,121875.81683180263
E1-ecc,20260934,range,pos,-1.067829512910266,94657.31891524898
E1-ecc,20260934,range,vel,-1.30525419606541,94657.31891524898
E1-ecc,20260934,range,pos,-0.9772105725236173,180142.74194475307
E1-ecc,20260934,range,vel,-0.47957628612669484,180142.74194475307
E1-ecc,20260934,range,pos,-0.111596826022318,11060923.199699905
E1-ecc,20260934,range,vel,-0.10975511603929287,11060923.199699905
E1-ecc,20260934,range,pos,1.1613778849372167,960797.159398577
E1-ecc,20260934,range,vel,0.28909767714377316,960797.159398577
E1-ecc,20260934,range,pos,1.2876594223383873,147684.1892035404
E1-ecc,20260934,range,vel,-1.4039873768842586,147684.1892035404
E1-ecc,20260934,range,pos,0.6051552457304498,397992.1240489255
E1-ecc,20260934,range,vel,-1.5114715865211663,397992.1240489255
E1-ecc,20260934,range,pos,-0.5892199084177517,287888.46254502493
E1-ecc,20260934,range,vel,0.7017598644550774,287888.46254502493
E1-ecc,20260934,inplane,pos,1.4937346242826854,94657.31891524898
E1-ecc,20260934,inplane,vel,-1.271056129857144,94657.31891524898
E1-ecc,20260934,inplane,pos,0.14093300698914754,180142.74194475307
E1-ecc,20260934,inplane,vel,-0.8020491079340716,180142.74194475307
E1-ecc,20260934,inplane,pos,-0.3010132644973084,11060923.199699905
E1-ecc,20260934,inplane,vel,0.3975832393972341,11060923.199699905
E1-ecc,20260934,inplane,pos,-1.463270840137736,960797.159398577
E1-ecc,20260934,inplane,vel,1.0781872681561913,960797.159398577
E1-ecc,20260934,inplane,pos,1.3514841065188818,147684.1892035404
E1-ecc,20260934,inplane,vel,1.6311749000342404,147684.1892035404
E1-ecc,20260934,inplane,pos,-1.0936452404523618,397992.1240489255
E1-ecc,20260934,inplane,vel,0.19861400806547413,397992.1240489255
E1-ecc,20260934,inplane,pos,0.4183338549761948,287888.46254502493
E1-ecc,20260934,inplane,vel,-0.5481135729149679,287888.46254502493
E1-ecc,20260934,plane,pos,-1.7438327664450137,94657.31891524898
E1-ecc,20260934,plane,vel,0.7476798450017613,94657.31891524898
E1-ecc,20260934,plane,pos,0.6054831399187425,180142.74194475307
E1-ecc,20260934,plane,vel,-0.47027457965588854,180142.74194475307
E1-ecc,20260934,plane,pos,0.0838468397615706,11060923.199699905
E1-ecc,20260934,plane,vel,-1.0649745486207638,11060923.199699905
E1-ecc,20260934,plane,pos,0.18394171438597576,960797.159398577
E1-ecc,20260934,plane,vel,0.27683582130957285,960797.159398577
E1-ecc,20260934,plane,pos,0.1625587873360025,147684.1892035404
E1-ecc,20260934,plane,vel,-2.346574405723185,147684.1892035404
E1-ecc,20260934,plane,pos,0.14914346724423028,397992.1240489255
E1-ecc,20260934,plane,vel,0.8468873265514923,397992.1240489255
E1-ecc,20260934,plane,pos,-1.0585926017949592,287888.46254502493
E1-ecc,20260934,plane,vel,0.40954036150278006,287888.46254502493
E1-ecc,20260934,range,pos,0.5727695584192491,11995439.81832008
E1-ecc,20260934,range,vel,-0.7831183866883042,11995439.81832008
E1-ecc,20260934,range,pos,-1.1680557454191083,838489.8560822689
E1-ecc,20260934,range,vel,-0.7404188194908191,838489.8560822689
E1-ecc,20260934,range,pos,0.888284642088676,128630.74584872203
E1-ecc,20260934,range,vel,-0.7770671872344611,128630.74584872203
E1-ecc,20260934,range,pos,-1.0434156566599173,85395.49700727922
E1-ecc,20260934,range,vel,-0.2374866768741422,85395.49700727922
E1-ecc,20260934,range,pos,-0.20802519017400325,786210.5168354266
E1-ecc,20260934,range,vel,-0.20458758705151378,786210.5168354266
E1-ecc,20260934,range,pos,-0.2603257504938452,79971.34750422271
E1-ecc,20260934,range,vel,-0.17502095395191125,79971.34750422271
E1-ecc,20260934,range,pos,-0.06712394600733622,107215.14783755592
E1-ecc,20260934,range,vel,0.18762280768917033,107215.14783755592
E1-ecc,20260934,range,pos,1.1948285692883511,335637.4931641677
E1-ecc,20260934,range,vel,-0.6213794026654303,335637.4931641677
E1-ecc,20260934,inplane,pos,0.3734224189838255,11995439.81832008
E1-ecc,20260934,inplane,vel,0.4512156047666001,11995439.81832008
E1-ecc,20260934,inplane,pos,-1.3475348498185917,838489.8560822689
E1-ecc,20260934,inplane,vel,-1.3865210328232778,838489.8560822689
E1-ecc,20260934,inplane,pos,0.3849965007318064,128630.74584872203
E1-ecc,20260934,inplane,vel,0.5447646671924584,128630.74584872203
E1-ecc,20260934,inplane,pos,0.16241345077297412,85395.49700727922
E1-ecc,20260934,inplane,vel,1.148265410939175,85395.49700727922
E1-ecc,20260934,inplane,pos,-0.29269186939176883,786210.5168354266
E1-ecc,20260934,inplane,vel,-0.2559758062507565,786210.5168354266
E1-ecc,20260934,inplane,pos,-0.3954075998287509,79971.34750422271
E1-ecc,20260934,inplane,vel,-0.39913806502095456,79971.34750422271
E1-ecc,20260934,inplane,pos,0.27173959961687955,107215.14783755592
E1-ecc,20260934,inplane,vel,-0.009860069481554795,107215.14783755592
E1-ecc,20260934,inplane,pos,1.7726862981927785,335637.4931641677
E1-ecc,20260934,inplane,vel,1.8960957893645718,335637.4931641677
E1-ecc,20260934,plane,pos,0.8170317992811748,11995439.81832008
E1-ecc,20260934,plane,vel,-1.9560431549676214,11995439.81832008
E1-ecc,20260934,plane,pos,-0.059918482925274553,838489.8560822689
E1-ecc,20260934,plane,vel,1.3884235879279656,838489.8560822689
E1-ecc,20260934,plane,pos,1.751261993170455,128630.74584872203
E1-ecc,20260934,plane,vel,-0.5589373108744196,128630.74584872203
E1-ecc,20260934,plane,pos,0.4980827792642932,85395.49700727922
E1-ecc,20260934,plane,vel,0.4902964619013415,85395.49700727922
E1-ecc,20260934,plane,pos,-0.37914430138520644,786210.5168354266
E1-ecc,20260934,plane,vel,-1.0668657737118528,786210.5168354266
E1-ecc,20260934,plane,pos,-0.06008312154790874,79971.34750422271
E1-ecc,20260934,plane,vel,-1.1233961121963802,79971.34750422271
E1-ecc,20260934,plane,pos,-1.0905794130957753,107215.14783755592
E1-ecc,20260934,plane,vel,-0.8373058787003209,107215.14783755592
E1-ecc,20260934,plane,pos,0.3852544170996661,335637.4931641677
E1-ecc,20260934,plane,vel,-0.1081273259426186,335637.4931641677
E1-ecc,20260934,range,pos,0.4643284998797827,140114.97594559335
E1-ecc,20260934,range,vel,-0.5153977520284126,140114.97594559335
E1-ecc,20260934,range,pos,-0.96689019953162,3062820.517105322
E1-ecc,20260934,range,vel,-0.22791462967060047,3062820.517105322
E1-ecc,20260934,range,pos,0.16712977899170256,165602.7987674728
E1-ecc,20260934,range,vel,0.19047126791219327,165602.7987674728
E1-ecc,20260934,range,pos,0.35562405904336114,1246718.9742178817
E1-ecc,20260934,range,vel,-0.002350313017885437,1246718.9742178817
E1-ecc,20260934,range,pos,-1.65130908380694,44638.41491347257
E1-ecc,20260934,range,vel,0.4377928164075299,44638.41491347257
E1-ecc,20260934,range,pos,0.41514782554931695,166109.18829391515
E1-ecc,20260934,range,vel,0.11233383449059811,166109.18829391515
E1-ecc,20260934,range,pos,-0.9336461756551249,399070.65979570267
E1-ecc,20260934,range,vel,-0.7925086968225669,399070.65979570267
E1-ecc,20260934,range,pos,1.476408666407566,187881.05599331556
E1-ecc,20260934,range,vel,-1.3480638474385727,187881.05599331556
E1-ecc,20260934,inplane,pos,-1.2007334875158004,140114.97594559335
E1-ecc,20260934,inplane,vel,-1.250612112782101,140114.97594559335
E1-ecc,20260934,inplane,pos,1.665905539330559,3062820.517105322
E1-ecc,20260934,inplane,vel,-1.0964981703075343,3062820.517105322
E1-ecc,20260934,inplane,pos,-0.6932808645489626,165602.7987674728
E1-ecc,20260934,inplane,vel,-0.324560891137142,165602.7987674728
E1-ecc,20260934,inplane,pos,-0.27235377044389975,1246718.9742178817
E1-ecc,20260934,inplane,vel,-0.3157313936107776,1246718.9742178817
E1-ecc,20260934,inplane,pos,-0.39851801084684046,44638.41491347257
E1-ecc,20260934,inplane,vel,-0.2791676204117199,44638.41491347257
E1-ecc,20260934,inplane,pos,-0.22518871936714493,166109.18829391515
E1-ecc,20260934,inplane,vel,0.22840264788415957,166109.18829391515
E1-ecc,20260934,inplane,pos,-0.714833765444246,399070.65979570267
E1-ecc,20260934,inplane,vel,-0.8740188697950324,399070.65979570267
E1-ecc,20260934,inplane,pos,0.9384516900510731,187881.05599331556
E1-ecc,20260934,inplane,vel,1.2361572165523615,187881.05599331556
E1-ecc,20260934,plane,pos,-0.7259666768527264,140114.97594559335
E1-ecc,20260934,plane,vel,-0.021182753877621984,140114.97594559335
E1-ecc,20260934,plane,pos,-0.8993697932765256,3062820.517105322
E1-ecc,20260934,plane,vel,-0.023915422679389366,3062820.517105322
E1-ecc,20260934,plane,pos,0.4036233180040913,165602.7987674728
E1-ecc,20260934,plane,vel,0.24931471170792405,165602.7987674728
E1-ecc,20260934,plane,pos,0.910449768924401,1246718.9742178817
E1-ecc,20260934,plane,vel,-0.01689311134016912,1246718.9742178817
E1-ecc,20260934,plane,pos,-0.7010294808564407,44638.41491347257
E1-ecc,20260934,plane,vel,-0.707421015307533,44638.41491347257
E1-ecc,20260934,plane,pos,-0.9762051651173426,166109.18829391515
E1-ecc,20260934,plane,vel,1.3880002821509216,166109.18829391515
E1-ecc,20260934,plane,pos,0.19288289613183304,399070.65979570267
E1-ecc,20260934,plane,vel,0.11617306486488398,399070.65979570267
E1-ecc,20260934,plane,pos,1.1219176444555203,187881.05599331556
E1-ecc,20260934,plane,vel,-0.8374462883463748,187881.05599331556
E1-ecc,20260934,range,pos,-0.5074658628418919,353463.1066710298
E1-ecc,20260934,range,vel,0.3083294503549086,353463.1066710298
E1-ecc,20260934,range,pos,-0.3138386948791879,252229.72165626305
E1-ecc,20260934,range,vel,0.7008334176834994,252229.72165626305
E1-ecc,20260934,range,pos,-0.25973286181688715,6372223.178893407
E1-ecc,20260934,range,vel,0.8694300010053427,6372223.178893407
E1-ecc,20260934,range,pos,1.8905871526958988,150853.7464095038
E1-ecc,20260934,range,vel,2.421686136603075,150853.7464095038
E1-ecc,20260934,range,pos,0.46083355467606846,158196.96904838906
E1-ecc,20260934,range,vel,-1.490935009219058,158196.96904838906
E1-ecc,20260934,range,pos,0.9241408388574096,52202.24328853271
E1-ecc,20260934,range,vel,-0.6029889722878796,52202.24328853271
E1-ecc,20260934,range,pos,-0.14747686838091847,70302.03096621926
E1-ecc,20260934,range,vel,-0.20112274743631067,70302.03096621926
E1-ecc,20260934,range,pos,1.2523480157239386,10939339.396024007
E1-ecc,20260934,range,vel,1.33989094744025,10939339.396024007
E1-ecc,20260934,inplane,pos,0.8369806472983182,353463.1066710298
E1-ecc,20260934,inplane,vel,-0.4661680920340453,353463.1066710298
E1-ecc,20260934,inplane,pos,0.3751214280432223,252229.72165626305
E1-ecc,20260934,inplane,vel,-0.4158278093564392,252229.72165626305
E1-ecc,20260934,inplane,pos,1.512655982867968,6372223.178893407
E1-ecc,20260934,inplane,vel,-0.508411875991184,6372223.178893407
E1-ecc,20260934,inplane,pos,2.5141227277240805,150853.7464095038
E1-ecc,20260934,inplane,vel,2.2094653039674284,150853.7464095038
E1-ecc,20260934,inplane,pos,-1.5047031642734539,158196.96904838906
E1-ecc,20260934,inplane,vel,0.031420356007975284,158196.96904838906
E1-ecc,20260934,inplane,pos,0.13949649689446125,52202.24328853271
E1-ecc,20260934,inplane,vel,-1.0798355423415293,52202.24328853271
E1-ecc,20260934,inplane,pos,-0.34314846322026976,70302.03096621926
E1-ecc,20260934,inplane,vel,0.3437270920697129,70302.03096621926
E1-ecc,20260934,inplane,pos,-1.2367849593472175,10939339.396024007
E1-ecc,20260934,inplane,vel,-1.3330309043868245,10939339.396024007
E1-ecc,20260934,plane,pos,0.12398374570072107,353463.1066710298
E1-ecc,20260934,plane,vel,-0.3285291101408954,353463.1066710298
E1-ecc,20260934,plane,pos,0.2688341502265751,252229.72165626305
E1-ecc,20260934,plane,vel,-0.9229847030759808,252229.72165626305
E1-ecc,20260934,plane,pos,0.376319567779357,6372223.178893407
E1-ecc,20260934,plane,vel,2.2836991772001176,6372223.178893407
E1-ecc,20260934,plane,pos,1.3471218152056086,150853.7464095038
E1-ecc,20260934,plane,vel,2.055514552380864,150853.7464095038
E1-ecc,20260934,plane,pos,-0.1609943805998388,158196.96904838906
E1-ecc,20260934,plane,vel,-0.18142672919082115,158196.96904838906
E1-ecc,20260934,plane,pos,-0.9725482155518271,52202.24328853271
E1-ecc,20260934,plane,vel,-0.719601713658726,52202.24328853271
E1-ecc,20260934,plane,pos,0.20724278374040608,70302.03096621926
E1-ecc,20260934,plane,vel,0.5733728394410279,70302.03096621926
E1-ecc,20260934,plane,pos,1.699569585466143,10939339.396024007
E1-ecc,20260934,plane,vel,1.0731579832574523,10939339.396024007
E1-ecc,20260941,range,pos,2.9862894651549943,205053.29135651042
E1-ecc,20260941,range,vel,2.9317186699112385,205053.29135651042
E1-ecc,20260941,range,pos,-0.37454410768819796,420514.36755299184
E1-ecc,20260941,range,vel,0.05260885937964095,420514.36755299184
E1-ecc,20260941,range,pos,-1.4763878754568585,310178.3191009156
E1-ecc,20260941,range,vel,1.045703776937986,310178.3191009156
E1-ecc,20260941,range,pos,-0.5566075425096096,138610.950514948
E1-ecc,20260941,range,vel,0.21415386918797796,138610.950514948
E1-ecc,20260941,range,pos,0.1066038478306455,794677.1126223397
E1-ecc,20260941,range,vel,-0.38299600433011116,794677.1126223397
E1-ecc,20260941,range,pos,0.7793878294365186,209045.10007257044
E1-ecc,20260941,range,vel,-0.6069261233720937,209045.10007257044
E1-ecc,20260941,range,pos,-0.013129443113849306,26917.53825715034
E1-ecc,20260941,range,vel,0.7988464766800564,26917.53825715034
E1-ecc,20260941,range,pos,-0.3736383408762364,204597.886827137
E1-ecc,20260941,range,vel,1.128577616805987,204597.886827137
E1-ecc,20260941,inplane,pos,2.288654951116249,205053.29135651042
E1-ecc,20260941,inplane,vel,3.06463309420939,205053.29135651042
E1-ecc,20260941,inplane,pos,-0.42643596084965285,420514.36755299184
E1-ecc,20260941,inplane,vel,-0.3457918261824819,420514.36755299184
E1-ecc,20260941,inplane,pos,-0.3497725042762798,310178.3191009156
E1-ecc,20260941,inplane,vel,-1.3997278973765568,310178.3191009156
E1-ecc,20260941,inplane,pos,-1.0239855179354524,138610.950514948
E1-ecc,20260941,inplane,vel,-0.6084739927908955,138610.950514948
E1-ecc,20260941,inplane,pos,-0.9301774710882897,794677.1126223397
E1-ecc,20260941,inplane,vel,0.23210984987957203,794677.1126223397
E1-ecc,20260941,inplane,pos,0.41031426104682434,209045.10007257044
E1-ecc,20260941,inplane,vel,0.5513946680668741,209045.10007257044
E1-ecc,20260941,inplane,pos,0.4859662627055296,26917.53825715034
E1-ecc,20260941,inplane,vel,1.60100841324202,26917.53825715034
E1-ecc,20260941,inplane,pos,1.05113386890133,204597.886827137
E1-ecc,20260941,inplane,vel,-0.363442892651549,204597.886827137
E1-ecc,20260941,plane,pos,-1.1697886785241138,205053.29135651042
E1-ecc,20260941,plane,vel,2.4384280929026008,205053.29135651042
E1-ecc,20260941,plane,pos,0.09209603910635254,420514.36755299184
E1-ecc,20260941,plane,vel,-1.7028497565010237,420514.36755299184
E1-ecc,20260941,plane,pos,0.26370035853228024,310178.3191009156
E1-ecc,20260941,plane,vel,-0.8991688251470563,310178.3191009156
E1-ecc,20260941,plane,pos,0.7365633733513144,138610.950514948
E1-ecc,20260941,plane,vel,-1.7980793964958055,138610.950514948
E1-ecc,20260941,plane,pos,-0.3738806238253327,794677.1126223397
E1-ecc,20260941,plane,vel,0.13832175909876462,794677.1126223397
E1-ecc,20260941,plane,pos,0.8899414899702532,209045.10007257044
E1-ecc,20260941,plane,vel,0.13660502272770944,209045.10007257044
E1-ecc,20260941,plane,pos,0.09676477488031117,26917.53825715034
E1-ecc,20260941,plane,vel,1.083600960188293,26917.53825715034
E1-ecc,20260941,plane,pos,-1.4408339531333663,204597.886827137
E1-ecc,20260941,plane,vel,-0.15967993198881028,204597.886827137
E1-ecc,20260941,range,pos,0.7848670452051493,344450.5952771728
E1-ecc,20260941,range,vel,0.8188118695121457,344450.5952771728
E1-ecc,20260941,range,pos,1.0019456311323154,43364.9844232271
E1-ecc,20260941,range,vel,-0.07671267291074174,43364.9844232271
E1-ecc,20260941,range,pos,-0.9281956485193711,690232.0824624248
E1-ecc,20260941,range,vel,1.5207965983404603,690232.0824624248
E1-ecc,20260941,range,pos,-0.6478942651690532,81518.62032322017
E1-ecc,20260941,range,vel,0.3337202296322261,81518.62032322017
E1-ecc,20260941,range,pos,0.6272354600269604,14079199.5257265
E1-ecc,20260941,range,vel,0.5332083587818061,14079199.5257265
E1-ecc,20260941,range,pos,-0.5972001669547585,76115.42234147052
E1-ecc,20260941,range,vel,0.5443963348311087,76115.42234147052
E1-ecc,20260941,range,pos,-0.15858553504373737,36512.76204317755
E1-ecc,20260941,range,vel,-0.5980131857758577,36512.76204317755
E1-ecc,20260941,range,pos,-0.7229545763369278,806239.0893598065
E1-ecc,20260941,range,vel,1.2835749827051421,806239.0893598065
E1-ecc,20260941,inplane,pos,0.40055783138515655,344450.5952771728
E1-ecc,20260941,inplane,vel,0.5754674082250201,344450.5952771728
E1-ecc,20260941,inplane,pos,0.4193166424607773,43364.9844232271
E1-ecc,20260941,inplane,vel,0.5842734044610232,43364.9844232271
E1-ecc,20260941,inplane,pos,1.0865062524999565,690232.0824624248
E1-ecc,20260941,inplane,vel,-0.9288533264511035,690232.0824624248
E1-ecc,20260941,inplane,pos,0.41206303316256176,81518.62032322017
E1-ecc,20260941,inplane,vel,-0.059008754343320445,81518.62032322017
E1-ecc,20260941,inplane,pos,-0.6918084658077038,14079199.5257265
E1-ecc,20260941,inplane,vel,-0.9191840737170583,14079199.5257265
E1-ecc,20260941,inplane,pos,0.9565887556772149,76115.42234147052
E1-ecc,20260941,inplane,vel,-0.08316994138418334,76115.42234147052
E1-ecc,20260941,inplane,pos,1.2704314346760193,36512.76204317755
E1-ecc,20260941,inplane,vel,1.3907245114412896,36512.76204317755
E1-ecc,20260941,inplane,pos,0.5185106146112004,806239.0893598065
E1-ecc,20260941,inplane,vel,-0.5240916620855742,806239.0893598065
E1-ecc,20260941,plane,pos,-0.028898031060815274,344450.5952771728
E1-ecc,20260941,plane,vel,0.2441801709250555,344450.5952771728
E1-ecc,20260941,plane,pos,0.4658800244200112,43364.9844232271
E1-ecc,20260941,plane,vel,0.5213735120663487,43364.9844232271
E1-ecc,20260941,plane,pos,0.6009103389745595,690232.0824624248
E1-ecc,20260941,plane,vel,1.3963505164936756,690232.0824624248
E1-ecc,20260941,plane,pos,0.762662459343595,81518.62032322017
E1-ecc,20260941,plane,vel,1.531669717277712,81518.62032322017
E1-ecc,20260941,plane,pos,0.3394771602416635,14079199.5257265
E1-ecc,20260941,plane,vel,0.8087381149323309,14079199.5257265
E1-ecc,20260941,plane,pos,0.5735777695076946,76115.42234147052
E1-ecc,20260941,plane,vel,0.9347358051099727,76115.42234147052
E1-ecc,20260941,plane,pos,2.629914351258767,36512.76204317755
E1-ecc,20260941,plane,vel,0.01722339635317212,36512.76204317755
E1-ecc,20260941,plane,pos,-0.9396899014303604,806239.0893598065
E1-ecc,20260941,plane,vel,-2.2081030115331775,806239.0893598065
E1-ecc,20260941,range,pos,0.6477505546318584,31814.29466876994
E1-ecc,20260941,range,vel,1.1318194744072785,31814.29466876994
E1-ecc,20260941,range,pos,-0.5547376262818265,211963.54411393183
E1-ecc,20260941,range,vel,1.2046791445519816,211963.54411393183
E1-ecc,20260941,range,pos,-0.3457281699308183,2606977.888279973
E1-ecc,20260941,range,vel,-0.4497712510150305,2606977.888279973
E1-ecc,20260941,range,pos,-2.5080064430936777,473182.7836277211
E1-ecc,20260941,range,vel,-0.35678446634628114,473182.7836277211
E1-ecc,20260941,range,pos,1.357970417363928,151424.309684972
E1-ecc,20260941,range,vel,-0.474661051115793,151424.309684972
E1-ecc,20260941,range,pos,-0.5510549420200018,709857.1049543616
E1-ecc,20260941,range,vel,1.3356884336509813,709857.1049543616
E1-ecc,20260941,range,pos,1.1978987026308403,714750.122350769
E1-ecc,20260941,range,vel,-1.0210705617406513,714750.122350769
E1-ecc,20260941,range,pos,-0.08777411007515046,14819684.86388346
E1-ecc,20260941,range,vel,0.18277139448964616,14819684.86388346
E1-ecc,20260941,inplane,pos,0.42961364676445835,31814.29466876994
E1-ecc,20260941,inplane,vel,1.4621989381138059,31814.29466876994
E1-ecc,20260941,inplane,pos,1.2149066036719294,211963.54411393183
E1-ecc,20260941,inplane,vel,-0.7320129172574303,211963.54411393183
E1-ecc,20260941,inplane,pos,-0.8245356876382918,2606977.888279973
E1-ecc,20260941,inplane,vel,-0.3627429393517196,2606977.888279973
E1-ecc,20260941,inplane,pos,-0.6445155036840727,473182.7836277211
E1-ecc,20260941,inplane,vel,-2.35912471756937,473182.7836277211
E1-ecc,20260941,inplane,pos,-0.30369600862349133,151424.309684972
E1-ecc,20260941,inplane,vel,-0.14441854101147514,151424.309684972
E1-ecc,20260941,inplane,pos,0.642769713400401,709857.1049543616
E1-ecc,20260941,inplane,vel,-0.6230424056188455,709857.1049543616
E1-ecc,20260941,inplane,pos,0.3401112992096753,714750.122350769
E1-ecc,20260941,inplane,vel,1.0597319285150586,714750.122350769
E1-ecc,20260941,inplane,pos,-0.8678468869403977,14819684.86388346
E1-ecc,20260941,inplane,vel,0.01868925663435764,14819684.86388346
E1-ecc,20260941,plane,pos,0.32661937658268697,31814.29466876994
E1-ecc,20260941,plane,vel,1.0712832066789553,31814.29466876994
E1-ecc,20260941,plane,pos,0.4026979933061768,211963.54411393183
E1-ecc,20260941,plane,vel,0.5409164798459962,211963.54411393183
E1-ecc,20260941,plane,pos,0.7416495181476555,2606977.888279973
E1-ecc,20260941,plane,vel,0.10986898351661536,2606977.888279973
E1-ecc,20260941,plane,pos,0.10635110193033642,473182.7836277211
E1-ecc,20260941,plane,vel,2.1357776473212464,473182.7836277211
E1-ecc,20260941,plane,pos,-0.6219974229392194,151424.309684972
E1-ecc,20260941,plane,vel,-0.8613039362741239,151424.309684972
E1-ecc,20260941,plane,pos,0.44771073868378236,709857.1049543616
E1-ecc,20260941,plane,vel,1.3229839567218062,709857.1049543616
E1-ecc,20260941,plane,pos,0.5054893187983733,714750.122350769
E1-ecc,20260941,plane,vel,0.3322974493018849,714750.122350769
E1-ecc,20260941,plane,pos,0.4143669301617462,14819684.86388346
E1-ecc,20260941,plane,vel,0.2445976316363142,14819684.86388346
E1-ecc,20260941,range,pos,-1.006846965510278,341924.0156613509
E1-ecc,20260941,range,vel,1.8731659736732187,341924.0156613509
E1-ecc,20260941,range,pos,2.0559460661607916,1131231.727155435
E1-ecc,20260941,range,vel,1.9421870205145833,1131231.727155435
E1-ecc,20260941,range,pos,-1.244142774204057,208357.67840566963
E1-ecc,20260941,range,vel,1.1560294677809582,208357.67840566963
E1-ecc,20260941,range,pos,-1.5933652181303115,169308.5665824753
E1-ecc,20260941,range,vel,1.256817631142187,169308.5665824753
E1-ecc,20260941,range,pos,1.3924935002023582,9902809.53611283
E1-ecc,20260941,range,vel,0.4340682613902067,9902809.53611283
E1-ecc,20260941,range,pos,0.9615696383821423,113621.2822030103
E1-ecc,20260941,range,vel,0.4809043534373619,113621.2822030103
E1-ecc,20260941,range,pos,0.8138182031724437,6248555.35204663
E1-ecc,20260941,range,vel,-0.4743979885304832,6248555.35204663
E1-ecc,20260941,range,pos,-0.105894755414531,337966.02552993986
E1-ecc,20260941,range,vel,0.3908889369699079,337966.02552993986
E1-ecc,20260941,inplane,pos,0.1930251722231085,341924.0156613509
E1-ecc,20260941,inplane,vel,-1.5289704238282305,341924.0156613509
E1-ecc,20260941,inplane,pos,0.5210459210025197,1131231.727155435
E1-ecc,20260941,inplane,vel,2.0332687787979564,1131231.727155435
E1-ecc,20260941,inplane,pos,-0.14624529472253267,208357.67840566963
E1-ecc,20260941,inplane,vel,-1.1646680225518211,208357.67840566963
E1-ecc,20260941,inplane,pos,-0.4797293120172252,169308.5665824753
E1-ecc,20260941,inplane,vel,-1.8166407455153566,169308.5665824753
E1-ecc,20260941,inplane,pos,-0.8780828073267941,9902809.53611283
E1-ecc,20260941,inplane,vel,-0.8235203114441156,9902809.53611283
E1-ecc,20260941,inplane,pos,-0.7808600771861836,113621.2822030103
E1-ecc,20260941,inplane,vel,1.0788364563735267,113621.2822030103
E1-ecc,20260941,inplane,pos,-0.8109143159516806,6248555.35204663
E1-ecc,20260941,inplane,vel,0.25463318066071766,6248555.35204663
E1-ecc,20260941,inplane,pos,0.8716662759740516,337966.02552993986
E1-ecc,20260941,inplane,vel,-0.18848826166038743,337966.02552993986
E1-ecc,20260941,plane,pos,-0.8388900826625171,341924.0156613509
E1-ecc,20260941,plane,vel,-2.7676695015563038,341924.0156613509
E1-ecc,20260941,plane,pos,-0.20863180975714354,1131231.727155435
E1-ecc,20260941,plane,vel,0.586562785026225,1131231.727155435
E1-ecc,20260941,plane,pos,1.2449387961095701,208357.67840566963
E1-ecc,20260941,plane,vel,-2.087164986209798,208357.67840566963
E1-ecc,20260941,plane,pos,-0.2712506875502463,169308.5665824753
E1-ecc,20260941,plane,vel,1.631232329005322,169308.5665824753
E1-ecc,20260941,plane,pos,0.29044347225278033,9902809.53611283
E1-ecc,20260941,plane,vel,-0.3211969725952176,9902809.53611283
E1-ecc,20260941,plane,pos,0.8082728612309862,113621.2822030103
E1-ecc,20260941,plane,vel,-1.212243152001214,113621.2822030103
E1-ecc,20260941,plane,pos,-0.9156026259565413,6248555.35204663
E1-ecc,20260941,plane,vel,0.011669327331801519,6248555.35204663
E1-ecc,20260941,plane,pos,0.544035530429983,337966.02552993986
E1-ecc,20260941,plane,vel,-1.0688178189582485,337966.02552993986
E1-ecc,20260941,range,pos,-0.2812865670094314,12243794.341535438
E1-ecc,20260941,range,vel,-0.22499518455822023,12243794.341535438
E1-ecc,20260941,range,pos,-0.6986936383222606,6864894.104057503
E1-ecc,20260941,range,vel,1.4894985197170745,6864894.104057503
E1-ecc,20260941,range,pos,-0.2521510257545441,1069320.6925939238
E1-ecc,20260941,range,vel,0.2789384335729702,1069320.6925939238
E1-ecc,20260941,range,pos,-2.1341058225660987,1362355.9892333916
E1-ecc,20260941,range,vel,-1.703976133433504,1362355.9892333916
E1-ecc,20260941,range,pos,-0.6008258219255637,250503.47207860136
E1-ecc,20260941,range,vel,-0.4978006739421656,250503.47207860136
E1-ecc,20260941,range,pos,-0.39197034969596245,602829.4054377826
E1-ecc,20260941,range,vel,-0.08822376973445507,602829.4054377826
E1-ecc,20260941,range,pos,-0.7229188005282996,209431.43509487048
E1-ecc,20260941,range,vel,1.2334576222551035,209431.43509487048
E1-ecc,20260941,range,pos,0.6422025024225726,43232.34769401029
E1-ecc,20260941,range,vel,0.29583195122530753,43232.34769401029
E1-ecc,20260941,inplane,pos,-0.6725390633678812,12243794.341535438
E1-ecc,20260941,inplane,vel,-0.23362901693678312,12243794.341535438
E1-ecc,20260941,inplane,pos,-0.0011330687086220585,6864894.104057503
E1-ecc,20260941,inplane,vel,-0.533642052378587,6864894.104057503
E1-ecc,20260941,inplane,pos,0.033815097165989454,1069320.6925939238
E1-ecc,20260941,inplane,vel,-0.04676589927500342,1069320.6925939238
E1-ecc,20260941,inplane,pos,-2.325870054286245,1362355.9892333916
E1-ecc,20260941,inplane,vel,-2.23762938249963,1362355.9892333916
E1-ecc,20260941,inplane,pos,-0.4284782257796435,250503.47207860136
E1-ecc,20260941,inplane,vel,-0.5345017591069303,250503.47207860136
E1-ecc,20260941,inplane,pos,-0.9714085249265433,602829.4054377826
E1-ecc,20260941,inplane,vel,-0.42180089355973543,602829.4054377826
E1-ecc,20260941,inplane,pos,0.23095286390892394,209431.43509487048
E1-ecc,20260941,inplane,vel,-0.35352060957842746,209431.43509487048
E1-ecc,20260941,inplane,pos,-0.18197780326766794,43232.34769401029
E1-ecc,20260941,inplane,vel,0.7349463505027314,43232.34769401029
E1-ecc,20260941,plane,pos,0.8570569414369321,12243794.341535438
E1-ecc,20260941,plane,vel,1.0400853672112094,12243794.341535438
E1-ecc,20260941,plane,pos,-0.03920437880544168,6864894.104057503
E1-ecc,20260941,plane,vel,0.026301934893348193,6864894.104057503
E1-ecc,20260941,plane,pos,0.24759314485602765,1069320.6925939238
E1-ecc,20260941,plane,vel,-0.31798233948782034,1069320.6925939238
E1-ecc,20260941,plane,pos,-0.4401786401691019,1362355.9892333916
E1-ecc,20260941,plane,vel,-0.42320254424308124,1362355.9892333916
E1-ecc,20260941,plane,pos,-0.6182138503307185,250503.47207860136
E1-ecc,20260941,plane,vel,0.13389158818377825,250503.47207860136
E1-ecc,20260941,plane,pos,0.7050165485999474,602829.4054377826
E1-ecc,20260941,plane,vel,0.4744106547841051,602829.4054377826
E1-ecc,20260941,plane,pos,-0.13420372992826715,209431.43509487048
E1-ecc,20260941,plane,vel,-0.9945138020218824,209431.43509487048
E1-ecc,20260941,plane,pos,-0.1845676451073216,43232.34769401029
E1-ecc,20260941,plane,vel,1.2262595518582071,43232.34769401029
E1-ecc,20260941,range,pos,-1.4952166707745294,893654.1849881189
E1-ecc,20260941,range,vel,0.6580793437492561,893654.1849881189
E1-ecc,20260941,range,pos,-1.90703365123939,216635.37532702173
E1-ecc,20260941,range,vel,1.695054415404886,216635.37532702173
E1-ecc,20260941,range,pos,-0.034247444116071335,108669.46199300326
E1-ecc,20260941,range,vel,2.1319869555114805,108669.46199300326
E1-ecc,20260941,range,pos,0.1685174553293524,6350795.588545928
E1-ecc,20260941,range,vel,0.2608735847716918,6350795.588545928
E1-ecc,20260941,range,pos,0.030147638323857015,6470064.3269265015
E1-ecc,20260941,range,vel,0.2648581502829401,6470064.3269265015
E1-ecc,20260941,range,pos,1.7538934374127981,1080741.5945136207
E1-ecc,20260941,range,vel,-1.8225943150027564,1080741.5945136207
E1-ecc,20260941,range,pos,0.7327516817359888,1751819.367512928
E1-ecc,20260941,range,vel,0.5547909166098532,1751819.367512928
E1-ecc,20260941,inplane,pos,0.05352814132780513,893654.1849881189
E1-ecc,20260941,inplane,vel,-1.7316418996007457,893654.1849881189
E1-ecc,20260941,inplane,pos,-1.0880023244454966,216635.37532702173
E1-ecc,20260941,inplane,vel,-1.8306407316739322,216635.37532702173
E1-ecc,20260941,inplane,pos,2.0919509481908247,108669.46199300326
E1-ecc,20260941,inplane,vel,0.9228244903670912,108669.46199300326
E1-ecc,20260941,inplane,pos,0.04602447062004398,6350795.588545928
E1-ecc,20260941,inplane,vel,-0.32337295880037914,6350795.588545928
E1-ecc,20260941,inplane,pos,0.816978601366311,6470064.3269265015
E1-ecc,20260941,inplane,vel,0.8014044405886819,6470064.3269265015
E1-ecc,20260941,inplane,pos,0.7181745774702453,1080741.5945136207
E1-ecc,20260941,inplane,vel,2.0423811577681374,1080741.5945136207
E1-ecc,20260941,inplane,pos,1.5955325365328046,1751819.367512928
E1-ecc,20260941,inplane,vel,0.9528944517166166,1751819.367512928
E1-ecc,20260941,plane,pos,-0.23654808305461314,893654.1849881189
E1-ecc,20260941,plane,vel,1.476889472299582,893654.1849881189
E1-ecc,20260941,plane,pos,0.6985351977684608,216635.37532702173
E1-ecc,20260941,plane,vel,1.4822779533206691,216635.37532702173
E1-ecc,20260941,plane,pos,-0.8960181894327808,108669.46199300326
E1-ecc,20260941,plane,vel,0.1644935608418292,108669.46199300326
E1-ecc,20260941,plane,pos,-0.3437120699713068,6350795.588545928
E1-ecc,20260941,plane,vel,-0.4492482071452576,6350795.588545928
E1-ecc,20260941,plane,pos,-0.53769825709584,6470064.3269265015
E1-ecc,20260941,plane,vel,0.43829072797718754,6470064.3269265015
E1-ecc,20260941,plane,pos,0.6019689459712277,1080741.5945136207
E1-ecc,20260941,plane,vel,-0.5477669530848617,1080741.5945136207
E1-ecc,20260941,plane,pos,-0.6003335978773862,1751819.367512928
E1-ecc,20260941,plane,vel,-1.2227651370556256,1751819.367512928
E1-ecc,20260948,range,pos,-1.0062163523998144,82698.0775803081
E1-ecc,20260948,range,vel,-0.9813595559024777,82698.0775803081
E1-ecc,20260948,range,pos,1.0058626613823383,262710.23896506027
E1-ecc,20260948,range,vel,-0.8525575185863005,262710.23896506027
E1-ecc,20260948,range,pos,-0.5666346857670455,299900.0550401036
E1-ecc,20260948,range,vel,-0.10099995153050104,299900.0550401036
E1-ecc,20260948,range,pos,-1.1082722903746545,75550.99486694843
E1-ecc,20260948,range,vel,-0.8568077212011334,75550.99486694843
E1-ecc,20260948,range,pos,0.4429229409806619,129923.56745074308
E1-ecc,20260948,range,vel,-0.7292064939157715,129923.56745074308
E1-ecc,20260948,range,pos,1.4936623433792877,116284.34795005538
E1-ecc,20260948,range,vel,-0.8646633839265084,116284.34795005538
E1-ecc,20260948,range,pos,0.262755299791408,388326.5758075155
E1-ecc,20260948,range,vel,0.15673009266009005,388326.5758075155
E1-ecc,20260948,inplane,pos,-0.040612195540090226,82698.0775803081
E1-ecc,20260948,inplane,vel,0.6734143787998316,82698.0775803081
E1-ecc,20260948,inplane,pos,-0.7469913649218115,262710.23896506027
E1-ecc,20260948,inplane,vel,0.8039978678379355,262710.23896506027
E1-ecc,20260948,inplane,pos,-0.19269880091970626,299900.0550401036
E1-ecc,20260948,inplane,vel,-0.5190409618219191,299900.0550401036
E1-ecc,20260948,inplane,pos,1.0723152735444752,75550.99486694843
E1-ecc,20260948,inplane,vel,-1.3628355996824668,75550.99486694843
E1-ecc,20260948,inplane,pos,-1.157780722360135,129923.56745074308
E1-ecc,20260948,inplane,vel,0.2765768105155519,129923.56745074308
E1-ecc,20260948,inplane,pos,0.6892373372631786,116284.34795005538
E1-ecc,20260948,inplane,vel,0.5887063879507108,116284.34795005538
E1-ecc,20260948,inplane,pos,1.080074558127171,388326.5758075155
E1-ecc,20260948,inplane,vel,0.22424894708005016,388326.5758075155
E1-ecc,20260948,plane,pos,-0.7564978806025721,82698.0775803081
E1-ecc,20260948,plane,vel,0.19650502002009915,82698.0775803081
E1-ecc,20260948,plane,pos,1.274407823692191,262710.23896506027
E1-ecc,20260948,plane,vel,-0.7315727096766184,262710.23896506027
E1-ecc,20260948,plane,pos,-0.04775850645400782,299900.0550401036
E1-ecc,20260948,plane,vel,-0.4138664348384676,299900.0550401036
E1-ecc,20260948,plane,pos,0.31985807002935,75550.99486694843
E1-ecc,20260948,plane,vel,1.117067618209442,75550.99486694843
E1-ecc,20260948,plane,pos,-0.9337449846076824,129923.56745074308
E1-ecc,20260948,plane,vel,-0.8078082340230194,129923.56745074308
E1-ecc,20260948,plane,pos,0.7249162367128617,116284.34795005538
E1-ecc,20260948,plane,vel,0.30416710035872946,116284.34795005538
E1-ecc,20260948,plane,pos,-2.398779323574957,388326.5758075155
E1-ecc,20260948,plane,vel,-1.9517126435253411,388326.5758075155
E1-ecc,20260948,range,pos,-1.468468141790532,6253329.254261591
E1-ecc,20260948,range,vel,-1.2958522178181444,6253329.254261591
E1-ecc,20260948,range,pos,0.5123682105365637,883364.4035127409
E1-ecc,20260948,range,vel,0.38205902163186706,883364.4035127409
E1-ecc,20260948,range,pos,0.7100004083244393,15315119.4784498
E1-ecc,20260948,range,vel,0.568127017914985,15315119.4784498
E1-ecc,20260948,range,pos,1.1635535054643995,54931.698584904385
E1-ecc,20260948,range,vel,0.024124075948990416,54931.698584904385
E1-ecc,20260948,range,pos,0.2505616444388162,163997.13639416543
E1-ecc,20260948,range,vel,-0.02015579543025632,163997.13639416543
E1-ecc,20260948,range,pos,-0.41706798668376793,734134.179194416
E1-ecc,20260948,range,vel,0.8143280385017658,734134.179194416
E1-ecc,20260948,range,pos,0.30390183384257946,80254.05563864614
E1-ecc,20260948,range,vel,-0.20244728701467235,80254.05563864614
E1-ecc,20260948,range,pos,-1.296522161205563,162886.45022272717
E1-ecc,20260948,range,vel,1.1927737852055524,162886.45022272717
E1-ecc,20260948,inplane,pos,1.9681825404538884,6253329.254261591
E1-ecc,20260948,inplane,vel,-1.3893748385028646,6253329.254261591
E1-ecc,20260948,inplane,pos,0.5103564786688448,883364.4035127409
E1-ecc,20260948,inplane,vel,0.4883458890191579,883364.4035127409
E1-ecc,20260948,inplane,pos,-1.1069401409101707,15315119.4784498
E1-ecc,20260948,inplane,vel,-1.7121139756226242,15315119.4784498
E1-ecc,20260948,inplane,pos,0.19006357491432338,54931.698584904385
E1-ecc,20260948,inplane,vel,-1.1986364867157673,54931.698584904385
E1-ecc,20260948,inplane,pos,-0.3291757479848381,163997.13639416543
E1-ecc,20260948,inplane,vel,-0.0966852212418853,163997.13639416543
E1-ecc,20260948,inplane,pos,1.1664577130923655,734134.179194416
E1-ecc,20260948,inplane,vel,-0.39023019634064976,734134.179194416
E1-ecc,20260948,inplane,pos,0.19711200100666,80254.05563864614
E1-ecc,20260948,inplane,vel,0.6902249167930457,80254.05563864614
E1-ecc,20260948,inplane,pos,-0.632588045132315,162886.45022272717
E1-ecc,20260948,inplane,vel,-0.7944272652386206,162886.45022272717
E1-ecc,20260948,plane,pos,-1.4313608132685642,6253329.254261591
E1-ecc,20260948,plane,vel,-1.0184072999754468,6253329.254261591
E1-ecc,20260948,plane,pos,1.617097398473208,883364.4035127409
E1-ecc,20260948,plane,vel,0.22397815785552844,883364.4035127409
E1-ecc,20260948,plane,pos,-1.5889093501537017,15315119.4784498
E1-ecc,20260948,plane,vel,-1.108446170541186,15315119.4784498
E1-ecc,20260948,plane,pos,0.6359111542472944,54931.698584904385
E1-ecc,20260948,plane,vel,1.7389318898341701,54931.698584904385
E1-ecc,20260948,plane,pos,1.0239434537566148,163997.13639416543
E1-ecc,20260948,plane,vel,0.10919415160892959,163997.13639416543
E1-ecc,20260948,plane,pos,-0.5318034282433433,734134.179194416
E1-ecc,20260948,plane,vel,-1.8229883774042843,734134.179194416
E1-ecc,20260948,plane,pos,-0.15176883352367132,80254.05563864614
E1-ecc,20260948,plane,vel,-0.5260828530177767,80254.05563864614
E1-ecc,20260948,plane,pos,0.757558410537128,162886.45022272717
E1-ecc,20260948,plane,vel,0.8810543850008947,162886.45022272717
E1-ecc,20260948,range,pos,1.928317259816655,664628.594811822
E1-ecc,20260948,range,vel,1.3844703199705501,664628.594811822
E1-ecc,20260948,range,pos,1.1428100415932263,126702.86985475147
E1-ecc,20260948,range,vel,-1.0038833200654005,126702.86985475147
E1-ecc,20260948,range,pos,1.5606405988544139,286332.4284065113
E1-ecc,20260948,range,vel,-1.5474976322482943,286332.4284065113
E1-ecc,20260948,range,pos,-0.5986481264853828,2655226.073836387
E1-ecc,20260948,range,vel,0.5383582335367516,2655226.073836387
E1-ecc,20260948,range,pos,0.9291767817679971,10686978.28817457
E1-ecc,20260948,range,vel,0.9475286514555314,10686978.28817457
E1-ecc,20260948,range,pos,0.5445835698005635,135905.75935266016
E1-ecc,20260948,range,vel,-0.942608737468255,135905.75935266016
E1-ecc,20260948,range,pos,-0.06821083015258583,1140780.5718153927
E1-ecc,20260948,range,vel,1.6852073916279648,1140780.5718153927
E1-ecc,20260948,range,pos,0.8655231553033499,1045089.1504358171
E1-ecc,20260948,range,vel,0.08129015497804663,1045089.1504358171
E1-ecc,20260948,inplane,pos,2.255794976066454,664628.594811822
E1-ecc,20260948,inplane,vel,2.0684421745627004,664628.594811822
E1-ecc,20260948,inplane,pos,-0.4987030436813525,126702.86985475147
E1-ecc,20260948,inplane,vel,1.1054705356105525,126702.86985475147
E1-ecc,20260948,inplane,pos,1.2539769556844387,286332.4284065113
E1-ecc,20260948,inplane,vel,1.3468448041849765,286332.4284065113
E1-ecc,20260948,inplane,pos,-1.1605393143650826,2655226.073836387
E1-ecc,20260948,inplane,vel,-0.6417090753309617,2655226.073836387
E1-ecc,20260948,inplane,pos,-0.9920149587013024,10686978.28817457
E1-ecc,20260948,inplane,vel,1.109894431358306,10686978.28817457
E1-ecc,20260948,inplane,pos,-0.6506832849063231,135905.75935266016
E1-ecc,20260948,inplane,vel,0.032380658724557115,135905.75935266016
E1-ecc,20260948,inplane,pos,1.7459109173712988,1140780.5718153927
E1-ecc,20260948,inplane,vel,0.09364959427238431,1140780.5718153927
E1-ecc,20260948,inplane,pos,1.6102069679164632,1045089.1504358171
E1-ecc,20260948,inplane,vel,0.8929571217547202,1045089.1504358171
E1-ecc,20260948,plane,pos,0.0543032645432616,664628.594811822
E1-ecc,20260948,plane,vel,-2.9559561047299234,664628.594811822
E1-ecc,20260948,plane,pos,0.8380129300357263,126702.86985475147
E1-ecc,20260948,plane,vel,0.7420078206739353,126702.86985475147
E1-ecc,20260948,plane,pos,2.2422870352223114,286332.4284065113
E1-ecc,20260948,plane,vel,-0.7465268258867851,286332.4284065113
E1-ecc,20260948,plane,pos,-0.7449860996814919,2655226.073836387
E1-ecc,20260948,plane,vel,-0.6645314878645483,2655226.073836387
E1-ecc,20260948,plane,pos,-1.4165866613521383,10686978.28817457
E1-ecc,20260948,plane,vel,-0.5429766232212191,10686978.28817457
E1-ecc,20260948,plane,pos,-0.7203212915886831,135905.75935266016
E1-ecc,20260948,plane,vel,0.7005361671856276,135905.75935266016
E1-ecc,20260948,plane,pos,0.17495843684902207,1140780.5718153927
E1-ecc,20260948,plane,vel,1.0878867617278225,1140780.5718153927
E1-ecc,20260948,plane,pos,0.07726202871764307,1045089.1504358171
E1-ecc,20260948,plane,vel,-0.41023292975532355,1045089.1504358171
E1-ecc,20260948,range,pos,0.5690849672848962,368703.44068916957
E1-ecc,20260948,range,vel,0.5288063817353452,368703.44068916957
E1-ecc,20260948,range,pos,-0.9519468599254054,220088.30455573284
E1-ecc,20260948,range,vel,-1.4801725510338437,220088.30455573284
E1-ecc,20260948,range,pos,-1.031044158415364,1400265.1933927024
E1-ecc,20260948,range,vel,-0.8505194119103482,1400265.1933927024
E1-ecc,20260948,range,pos,1.0098818801423157,8366575.423238421
E1-ecc,20260948,range,vel,-0.06380809343160268,8366575.423238421
E1-ecc,20260948,range,pos,0.41112628322934575,44461.18486100206
E1-ecc,20260948,range,vel,0.4495322553065566,44461.18486100206
E1-ecc,20260948,range,pos,-0.41729766035611,1982763.3906357924
E1-ecc,20260948,range,vel,0.6784587757412521,1982763.3906357924
E1-ecc,20260948,range,pos,-1.049874174981137,85469.57281986535
E1-ecc,20260948,range,vel,-0.9813323908855829,85469.57281986535
E1-ecc,20260948,range,pos,-0.6680820625158577,737821.0913931438
E1-ecc,20260948,range,vel,-0.7126887753439397,737821.0913931438
E1-ecc,20260948,inplane,pos,0.5898079503555043,368703.44068916957
E1-ecc,20260948,inplane,vel,0.43762820981390943,368703.44068916957
E1-ecc,20260948,inplane,pos,-1.2700099619244851,220088.30455573284
E1-ecc,20260948,inplane,vel,-0.6767834031034723,220088.30455573284
E1-ecc,20260948,inplane,pos,-1.0174178646905565,1400265.1933927024
E1-ecc,20260948,inplane,vel,-1.138073085053614,1400265.1933927024
E1-ecc,20260948,inplane,pos,-1.4450545550011569,8366575.423238421
E1-ecc,20260948,inplane,vel,-0.941987195968743,8366575.423238421
E1-ecc,20260948,inplane,pos,-0.0269424824710882,44461.18486100206
E1-ecc,20260948,inplane,vel,0.2319296340977904,44461.18486100206
E1-ecc,20260948,inplane,pos,0.7945110365902944,1982763.3906357924
E1-ecc,20260948,inplane,vel,-0.3383327223983842,1982763.3906357924
E1-ecc,20260948,inplane,pos,-0.8867329820915365,85469.57281986535
E1-ecc,20260948,inplane,vel,-0.8511465751928307,85469.57281986535
E1-ecc,20260948,inplane,pos,-0.4781872850407814,737821.0913931438
E1-ecc,20260948,inplane,vel,-0.5721211132550719,737821.0913931438
E1-ecc,20260948,plane,pos,1.0720742988131065,368703.44068916957
E1-ecc,20260948,plane,vel,0.6492706676093248,368703.44068916957
E1-ecc,20260948,plane,pos,0.07087138666800959,220088.30455573284
E1-ecc,20260948,plane,vel,-2.144260910096056,220088.30455573284
E1-ecc,20260948,plane,pos,1.34861497115321,1400265.1933927024
E1-ecc,20260948,plane,vel,1.0639446787081235,1400265.1933927024
E1-ecc,20260948,plane,pos,0.5154540499645202,8366575.423238421
E1-ecc,20260948,plane,vel,-0.0017913887172011386,8366575.423238421
E1-ecc,20260948,plane,pos,-0.9532845496166741,44461.18486100206
E1-ecc,20260948,plane,vel,0.15611175238097227,44461.18486100206
E1-ecc,20260948,plane,pos,-0.4523404507118058,1982763.3906357924
E1-ecc,20260948,plane,vel,-0.07658715230751369,1982763.3906357924
E1-ecc,20260948,plane,pos,-0.9660557473160932,85469.57281986535
E1-ecc,20260948,plane,vel,-0.5096139704681059,85469.57281986535
E1-ecc,20260948,plane,pos,-0.16179086221081018,737821.0913931438
E1-ecc,20260948,plane,vel,-0.44980966257314364,737821.0913931438
E1-ecc,20260948,range,pos,0.007237172851063619,48724.094759952866
E1-ecc,20260948,range,vel,0.49052161346613704,48724.094759952866
E1-ecc,20260948,range,pos,1.3398685299798985,686160.0282190414
E1-ecc,20260948,range,vel,0.08025516788019806,686160.0282190414
E1-ecc,20260948,range,pos,0.38234342817315686,1281050.976338286
E1-ecc,20260948,range,vel,0.8960416546898233,1281050.976338286
E1-ecc,20260948,range,pos,-0.791690296060063,307956.2993687348
E1-ecc,20260948,range,vel,0.13426992887748732,307956.2993687348
E1-ecc,20260948,range,pos,-2.589013754393621,1281252.0338786654
E1-ecc,20260948,range,vel,1.5609707958281482,1281252.0338786654
E1-ecc,20260948,range,pos,0.8450198042054866,3964894.606229599
E1-ecc,20260948,range,vel,0.7531759001930651,3964894.606229599
E1-ecc,20260948,range,pos,-0.1689160119303225,95304.27348846801
E1-ecc,20260948,range,vel,0.09894779182919085,95304.27348846801
E1-ecc,20260948,inplane,pos,-0.5731821479681923,48724.094759952866
E1-ecc,20260948,inplane,vel,-0.4809674939827685,48724.094759952866
E1-ecc,20260948,inplane,pos,0.5713581671148099,686160.0282190414
E1-ecc,20260948,inplane,vel,1.604418769952845,686160.0282190414
E1-ecc,20260948,inplane,pos,1.1145415356220665,1281050.976338286
E1-ecc,20260948,inplane,vel,0.5680974900221646,1281050.976338286
E1-ecc,20260948,inplane,pos,-0.3580166193001637,307956.2993687348
E1-ecc,20260948,inplane,vel,-0.9752596580406301,307956.2993687348
E1-ecc,20260948,inplane,pos,-2.265971409731782,1281252.0338786654
E1-ecc,20260948,inplane,vel,-2.2235322655791943,1281252.0338786654
E1-ecc,20260948,inplane,pos,-0.5256504960217151,3964894.606229599
E1-ecc,20260948,inplane,vel,0.6958278181900845,3964894.606229599
E1-ecc,20260948,inplane,pos,0.7960072227372784,95304.27348846801
E1-ecc,20260948,inplane,vel,0.6120700190350516,95304.27348846801
E1-ecc,20260948,plane,pos,-1.4852761286645593,48724.094759952866
E1-ecc,20260948,plane,vel,-0.3298936871140269,48724.094759952866
E1-ecc,20260948,plane,pos,-0.7330093973053415,686160.0282190414
E1-ecc,20260948,plane,vel,-0.2526283827143138,686160.0282190414
E1-ecc,20260948,plane,pos,0.14816350052688199,1281050.976338286
E1-ecc,20260948,plane,vel,-1.4380443931385753,1281050.976338286
E1-ecc,20260948,plane,pos,-0.014147671256295366,307956.2993687348
E1-ecc,20260948,plane,vel,-1.1181751124774308,307956.2993687348
E1-ecc,20260948,plane,pos,1.1582975326899332,1281252.0338786654
E1-ecc,20260948,plane,vel,1.774126789008638,1281252.0338786654
E1-ecc,20260948,plane,pos,0.8146370438457738,3964894.606229599
E1-ecc,20260948,plane,vel,-1.1217480776735942,3964894.606229599
E1-ecc,20260948,plane,pos,1.002831827243988,95304.27348846801
E1-ecc,20260948,plane,vel,1.4245030663699816,95304.27348846801
E1-ecc,20260948,range,pos,-0.31596282878450954,140108.14194255052
E1-ecc,20260948,range,vel,-0.02491468131455882,140108.14194255052
E1-ecc,20260948,range,pos,-1.1527700277880222,1310669.41638511
E1-ecc,20260948,range,vel,-0.9275244844637279,1310669.41638511
E1-ecc,20260948,range,pos,0.34791504090921455,10134658.59021604
E1-ecc,20260948,range,vel,0.29185592690500833,10134658.59021604
E1-ecc,20260948,range,pos,0.5111120922761532,6976014.162021785
E1-ecc,20260948,range,vel,0.4839495798912414,6976014.162021785
E1-ecc,20260948,range,pos,1.3666621875741498,10095507.79429955
E1-ecc,20260948,range,vel,1.4501325915843293,10095507.79429955
E1-ecc,20260948,range,pos,1.2181882008738387,111391.03345277789
E1-ecc,20260948,range,vel,0.013665039921227726,111391.03345277789
E1-ecc,20260948,range,pos,-0.5586852933480807,2498591.2378689325
E1-ecc,20260948,range,vel,-0.9147300518962336,2498591.2378689325
E1-ecc,20260948,inplane,pos,0.629459448264207,140108.14194255052
E1-ecc,20260948,inplane,vel,-0.12662304094359905,140108.14194255052
E1-ecc,20260948,inplane,pos,0.3582816891189571,1310669.41638511
E1-ecc,20260948,inplane,vel,-1.0789635649647922,1310669.41638511
E1-ecc,20260948,inplane,pos,-1.067497987794936,10134658.59021604
E1-ecc,20260948,inplane,vel,0.32981663803428934,10134658.59021604
E1-ecc,20260948,inplane,pos,1.4587751462159892,6976014.162021785
E1-ecc,20260948,inplane,vel,0.7265088750412223,6976014.162021785
E1-ecc,20260948,inplane,pos,-1.6977710148124172,10095507.79429955
E1-ecc,20260948,inplane,vel,-1.912644653948754,10095507.79429955
E1-ecc,20260948,inplane,pos,2.6801751342806885,111391.03345277789
E1-ecc,20260948,inplane,vel,1.8659052671188414,111391.03345277789
E1-ecc,20260948,inplane,pos,-0.49383651355498887,2498591.2378689325
E1-ecc,20260948,inplane,vel,-0.5700996030745819,2498591.2378689325
E1-ecc,20260948,plane,pos,3.0679877240605293,140108.14194255052
E1-ecc,20260948,plane,vel,3.2015194981125155,140108.14194255052
E1-ecc,20260948,plane,pos,-1.28487304588485,1310669.41638511
E1-ecc,20260948,plane,vel,0.6777130642829272,1310669.41638511
E1-ecc,20260948,plane,pos,-0.36901676878426604,10134658.59021604
E1-ecc,20260948,plane,vel,-0.044457336315932544,10134658.59021604
E1-ecc,20260948,plane,pos,-0.37597977150710477,6976014.162021785
E1-ecc,20260948,plane,vel,0.5653994946533907,6976014.162021785
E1-ecc,20260948,plane,pos,2.096591531197545,10095507.79429955
E1-ecc,20260948,plane,vel,-0.4134840252864232,10095507.79429955
E1-ecc,20260948,plane,pos,-0.4944918146064584,111391.03345277789
E1-ecc,20260948,plane,vel,0.09861550647343353,111391.03345277789
E1-ecc,20260948,plane,pos,0.8654666261102895,2498591.2378689325
E1-ecc,20260948,plane,vel,1.0299841739601607,2498591.2378689325
E1-ecc,20260955,range,pos,1.7721472390624422,508225.6927392436
E1-ecc,20260955,range,vel,-0.3002995707133202,508225.6927392436
E1-ecc,20260955,range,pos,0.20650436646013792,380194.6419503111
E1-ecc,20260955,range,vel,-1.0192326185689433,380194.6419503111
E1-ecc,20260955,range,pos,-0.4702735448702486,470226.54013182747
E1-ecc,20260955,range,vel,-0.5570342253513597,470226.54013182747
E1-ecc,20260955,range,pos,-0.534502261635944,523660.4013208204
E1-ecc,20260955,range,vel,-0.7536710077572673,523660.4013208204
E1-ecc,20260955,range,pos,0.48736933615562983,477909.79763926065
E1-ecc,20260955,range,vel,0.5752967375784805,477909.79763926065
E1-ecc,20260955,range,pos,-0.8763762475265696,273625.6248521518
E1-ecc,20260955,range,vel,1.0390291283239685,273625.6248521518
E1-ecc,20260955,range,pos,1.238179953949234,108713.48969679119
E1-ecc,20260955,range,vel,-1.2643527964165264,108713.48969679119
E1-ecc,20260955,range,pos,-0.9353616130772134,1453335.8424438434
E1-ecc,20260955,range,vel,0.031240985197010393,1453335.8424438434
E1-ecc,20260955,inplane,pos,1.5441979583709127,508225.6927392436
E1-ecc,20260955,inplane,vel,2.1371723431058816,508225.6927392436
E1-ecc,20260955,inplane,pos,-1.0100546278021025,380194.6419503111
E1-ecc,20260955,inplane,vel,0.16827640368707292,380194.6419503111
E1-ecc,20260955,inplane,pos,-0.611120194591195,470226.54013182747
E1-ecc,20260955,inplane,vel,-0.5728100010540605,470226.54013182747
E1-ecc,20260955,inplane,pos,-0.7779954788943138,523660.4013208204
E1-ecc,20260955,inplane,vel,-0.45058495621332445,523660.4013208204
E1-ecc,20260955,inplane,pos,0.5206607386522837,477909.79763926065
E1-ecc,20260955,inplane,vel,0.4455081955455881,477909.79763926065
E1-ecc,20260955,inplane,pos,-0.2240111715263984,273625.6248521518
E1-ecc,20260955,inplane,vel,-0.7377218290173194,273625.6248521518
E1-ecc,20260955,inplane,pos,0.6930331923766736,108713.48969679119
E1-ecc,20260955,inplane,vel,-0.5290581198919315,108713.48969679119
E1-ecc,20260955,inplane,pos,-1.1642340685776313,1453335.8424438434
E1-ecc,20260955,inplane,vel,-0.8394439688024017,1453335.8424438434
E1-ecc,20260955,plane,pos,2.4440715847163723,508225.6927392436
E1-ecc,20260955,plane,vel,0.07917788940837465,508225.6927392436
E1-ecc,20260955,plane,pos,-1.5888636175259392,380194.6419503111
E1-ecc,20260955,plane,vel,-0.6687915590143616,380194.6419503111
E1-ecc,20260955,plane,pos,-0.17419155255127902,470226.54013182747
E1-ecc,20260955,plane,vel,-2.06549257702365,470226.54013182747
E1-ecc,20260955,plane,pos,-0.4648619109959,523660.4013208204
E1-ecc,20260955,plane,vel,0.42981101716990416,523660.4013208204
E1-ecc,20260955,plane,pos,-0.11457737262151295,477909.79763926065
E1-ecc,20260955,plane,vel,0.3238596341698251,477909.79763926065
E1-ecc,20260955,plane,pos,-1.2412147798620214,273625.6248521518
E1-ecc,20260955,plane,vel,0.2401839898595656,273625.6248521518
E1-ecc,20260955,plane,pos,0.6949349070409987,108713.48969679119
E1-ecc,20260955,plane,vel,-0.9232115739364876,108713.48969679119
E1-ecc,20260955,plane,pos,-0.703004940190968,1453335.8424438434
E1-ecc,20260955,plane,vel,-1.1618069907853186,1453335.8424438434
E1-ecc,20260955,range,pos,0.2339387355467583,4929271.286247142
E1-ecc,20260955,range,vel,-0.6403887246642712,4929271.286247142
E1-ecc,20260955,range,pos,-0.6428385595538053,12327146.775053088
E1-ecc,20260955,range,vel,-0.9550913554238044,12327146.775053088
E1-ecc,20260955,range,pos,-1.2305528067374611,7467700.96714407
E1-ecc,20260955,range,vel,0.748755983981049,7467700.96714407
E1-ecc,20260955,range,pos,2.112544155485817,7082572.519702272
E1-ecc,20260955,range,vel,-1.693248995250136,7082572.519702272
E1-ecc,20260955,range,pos,-0.029453082759240377,567942.7613642284
E1-ecc,20260955,range,vel,0.0005651983680563679,567942.7613642284
E1-ecc,20260955,range,pos,1.5616781777116218,12181946.718514076
E1-ecc,20260955,range,vel,1.6962343593432874,12181946.718514076
E1-ecc,20260955,range,pos,-0.6309294860012707,5649910.707669948
E1-ecc,20260955,range,vel,-0.5691746087331705,5649910.707669948
E1-ecc,20260955,range,pos,-0.7281416342469509,97931.37096276614
E1-ecc,20260955,range,vel,1.349268974011565,97931.37096276614
E1-ecc,20260955,inplane,pos,-1.9627320466772122,4929271.286247142
E1-ecc,20260955,inplane,vel,-0.3633811499605109,4929271.286247142
E1-ecc,20260955,inplane,pos,0.6329061715646379,12327146.775053088
E1-ecc,20260955,inplane,vel,-0.8500925345521171,12327146.775053088
E1-ecc,20260955,inplane,pos,-0.9586216038688384,7467700.96714407
E1-ecc,20260955,inplane,vel,-0.8191181978095204,7467700.96714407
E1-ecc,20260955,inplane,pos,2.6102100826187047,7082572.519702272
E1-ecc,20260955,inplane,vel,2.7090696859712793,7082572.519702272
E1-ecc,20260955,inplane,pos,1.800153801333229,567942.7613642284
E1-ecc,20260955,inplane,vel,0.0541326165920139,567942.7613642284
E1-ecc,20260955,inplane,pos,-1.4832569768660937,12181946.718514076
E1-ecc,20260955,inplane,vel,1.1531386215376465,12181946.718514076
E1-ecc,20260955,inplane,pos,1.7776419192819106,5649910.707669948
E1-ecc,20260955,inplane,vel,-0.5707126275251183,5649910.707669948
E1-ecc,20260955,inplane,pos,1.3704836858643863,97931.37096276614
E1-ecc,20260955,inplane,vel,-0.7030967095291085,97931.37096276614
E1-ecc,20260955,plane,pos,-0.9657884721030983,4929271.286247142
E1-ecc,20260955,plane,vel,-0.8523749315880197,4929271.286247142
E1-ecc,20260955,plane,pos,0.4979511053516124,12327146.775053088
E1-ecc,20260955,plane,vel,-0.0043037947056207655,12327146.775053088
E1-ecc,20260955,plane,pos,-0.34435781036989094,7467700.96714407
E1-ecc,20260955,plane,vel,-1.2305321367089663,7467700.96714407
E1-ecc,20260955,plane,pos,0.04576968659732618,7082572.519702272
E1-ecc,20260955,plane,vel,1.550828304602413,7082572.519702272
E1-ecc,20260955,plane,pos,-0.01776242618203374,567942.7613642284
E1-ecc,20260955,plane,vel,-0.04076851157897775,567942.7613642284
E1-ecc,20260955,plane,pos,0.3175522809528,12181946.718514076
E1-ecc,20260955,plane,vel,-1.4605961090508621,12181946.718514076
E1-ecc,20260955,plane,pos,0.3010384139081528,5649910.707669948
E1-ecc,20260955,plane,vel,0.6750627361570335,5649910.707669948
E1-ecc,20260955,plane,pos,-1.2472981709115671,97931.37096276614
E1-ecc,20260955,plane,vel,0.5288216575160015,97931.37096276614
E1-ecc,20260955,range,pos,0.02463255795910301,286392.36971452436
E1-ecc,20260955,range,vel,-0.21463538679476146,286392.36971452436
E1-ecc,20260955,range,pos,-2.081546955476664,82151.95043989502
E1-ecc,20260955,range,vel,1.9778382371443435,82151.95043989502
E1-ecc,20260955,range,pos,-2.3452616726268247,309012.36079159455
E1-ecc,20260955,range,vel,2.3975695440114175,309012.36079159455
E1-ecc,20260955,range,pos,0.5215611314735245,73480.73534474953
E1-ecc,20260955,range,vel,0.8473464803576577,73480.73534474953
E1-ecc,20260955,range,pos,0.3054035751101492,102552.58164418157
E1-ecc,20260955,range,vel,-0.49474010943081576,102552.58164418157
E1-ecc,20260955,range,pos,-0.854761360071129,86932.79215281777
E1-ecc,20260955,range,vel,-1.214411473514424,86932.79215281777
E1-ecc,20260955,range,pos,-0.3627495370506229,271591.03811167774
E1-ecc,20260955,range,vel,-1.184373658797252,271591.03811167774
E1-ecc,20260955,range,pos,-0.50416305301294,749770.8766220941
E1-ecc,20260955,range,vel,0.45443835704936497,749770.8766220941
E1-ecc,20260955,inplane,pos,-0.03892913868578549,286392.36971452436
E1-ecc,20260955,inplane,vel,0.10903840057382448,286392.36971452436
E1-ecc,20260955,inplane,pos,-0.30829914323181956,82151.95043989502
E1-ecc,20260955,inplane,vel,-2.0315012007318844,82151.95043989502
E1-ecc,20260955,inplane,pos,2.033920084759085,309012.36079159455
E1-ecc,20260955,inplane,vel,-1.948964951402909,309012.36079159455
E1-ecc,20260955,inplane,pos,1.7378195233891323,73480.73534474953
E1-ecc,20260955,inplane,vel,-0.02150617303784419,73480.73534474953
E1-ecc,20260955,inplane,pos,-0.4182420060172346,102552.58164418157
E1-ecc,20260955,inplane,vel,0.3424473091243549,102552.58164418157
E1-ecc,20260955,inplane,pos,2.1549396892480024,86932.79215281777
E1-ecc,20260955,inplane,vel,1.8370448687471523,86932.79215281777
E1-ecc,20260955,inplane,pos,-1.4033894830712075,271591.03811167774
E1-ecc,20260955,inplane,vel,-0.27961445849078054,271591.03811167774
E1-ecc,20260955,inplane,pos,0.1139296015386887,749770.8766220941
E1-ecc,20260955,inplane,vel,-0.4630007227968804,749770.8766220941
E1-ecc,20260955,plane,pos,0.2899622642097802,286392.36971452436
E1-ecc,20260955,plane,vel,0.42551418067377844,286392.36971452436
E1-ecc,20260955,plane,pos,1.8560140649261065,82151.95043989502
E1-ecc,20260955,plane,vel,0.37618814576497883,82151.95043989502
E1-ecc,20260955,plane,pos,0.039836353691759016,309012.36079159455
E1-ecc,20260955,plane,vel,3.0990299499001437,309012.36079159455
E1-ecc,20260955,plane,pos,-1.2404522940822518,73480.73534474953
E1-ecc,20260955,plane,vel,-1.4434494204580037,73480.73534474953
E1-ecc,20260955,plane,pos,0.13020147535039853,102552.58164418157
E1-ecc,20260955,plane,vel,0.5664797035108279,102552.58164418157
E1-ecc,20260955,plane,pos,-0.03380354908284875,86932.79215281777
E1-ecc,20260955,plane,vel,-0.21436476216482872,86932.79215281777
E1-ecc,20260955,plane,pos,0.45119545271616307,271591.03811167774
E1-ecc,20260955,plane,vel,0.29679130216518246,271591.03811167774
E1-ecc,20260955,plane,pos,-0.19392481648821652,749770.8766220941
E1-ecc,20260955,plane,vel,-1.5618689484430817,749770.8766220941
E1-ecc,20260955,range,pos,0.04297812197005012,1521801.3076410491
E1-ecc,20260955,range,vel,-0.42168752162108963,1521801.3076410491
E1-ecc,20260955,range,pos,1.265941335870973,369243.99043060915
E1-ecc,20260955,range,vel,-0.5713871542596395,369243.99043060915
E1-ecc,20260955,range,pos,-1.5197339578206392,274830.78312280524
E1-ecc,20260955,range,vel,-1.4037228858721318,274830.78312280524
E1-ecc,20260955,range,pos,0.12200345528982763,5518772.171574039
E1-ecc,20260955,range,vel,-0.05334940885664211,5518772.171574039
E1-ecc,20260955,range,pos,0.27049869604864524,466352.8334735235
E1-ecc,20260955,range,vel,0.4773789021710275,466352.8334735235
E1-ecc,20260955,range,pos,0.5291634342584878,183659.7847891234
E1-ecc,20260955,range,vel,0.19734121359654302,183659.7847891234
E1-ecc,20260955,range,pos,0.7584369697851325,4167372.2391978432
E1-ecc,20260955,range,vel,0.7250882418877117,4167372.2391978432
E1-ecc,20260955,range,pos,-0.006808977966788982,124784.980555121
E1-ecc,20260955,range,vel,0.43436616351373897,124784.980555121
E1-ecc,20260955,inplane,pos,-0.13003778048424613,1521801.3076410491
E1-ecc,20260955,inplane,vel,0.35137745810971516,1521801.3076410491
E1-ecc,20260955,inplane,pos,0.3637737302845518,369243.99043060915
E1-ecc,20260955,inplane,vel,0.7432638036750596,369243.99043060915
E1-ecc,20260955,inplane,pos,0.4931635790691472,274830.78312280524
E1-ecc,20260955,inplane,vel,-0.7576965593005351,274830.78312280524
E1-ecc,20260955,inplane,pos,-0.44881829639093673,5518772.171574039
E1-ecc,20260955,inplane,vel,0.34188134683138444,5518772.171574039
E1-ecc,20260955,inplane,pos,0.6140268481071002,466352.8334735235
E1-ecc,20260955,inplane,vel,0.3410689559531052,466352.8334735235
E1-ecc,20260955,inplane,pos,0.7272323444670591,183659.7847891234
E1-ecc,20260955,inplane,vel,0.6959461023800098,183659.7847891234
E1-ecc,20260955,inplane,pos,-0.7478701596503254,4167372.2391978432
E1-ecc,20260955,inplane,vel,0.80021643114962,4167372.2391978432
E1-ecc,20260955,inplane,pos,0.48923761409499317,124784.980555121
E1-ecc,20260955,inplane,vel,-0.1118511641744307,124784.980555121
E1-ecc,20260955,plane,pos,-0.90849717210205,1521801.3076410491
E1-ecc,20260955,plane,vel,0.4525529868024494,1521801.3076410491
E1-ecc,20260955,plane,pos,-0.5532034803382414,369243.99043060915
E1-ecc,20260955,plane,vel,-0.21815838291780298,369243.99043060915
E1-ecc,20260955,plane,pos,0.9427158679217694,274830.78312280524
E1-ecc,20260955,plane,vel,2.7151661297910294,274830.78312280524
E1-ecc,20260955,plane,pos,-0.08013435051900043,5518772.171574039
E1-ecc,20260955,plane,vel,1.2289883981689984,5518772.171574039
E1-ecc,20260955,plane,pos,-1.4072968099617105,466352.8334735235
E1-ecc,20260955,plane,vel,0.8600616139940388,466352.8334735235
E1-ecc,20260955,plane,pos,0.11085126303347997,183659.7847891234
E1-ecc,20260955,plane,vel,-0.24253302557898457,183659.7847891234
E1-ecc,20260955,plane,pos,-1.2423043684049015,4167372.2391978432
E1-ecc,20260955,plane,vel,-0.5670432687085624,4167372.2391978432
E1-ecc,20260955,plane,pos,0.2826161001666807,124784.980555121
E1-ecc,20260955,plane,vel,-1.5065346662814951,124784.980555121
E1-ecc,20260955,range,pos,1.9638458520751507,100518.82311857278
E1-ecc,20260955,range,vel,2.092648874364601,100518.82311857278
E1-ecc,20260955,range,pos,-0.7064534649775622,39651.35111243537
E1-ecc,20260955,range,vel,1.1088085652317692,39651.35111243537
E1-ecc,20260955,range,pos,1.3666075064545185,11113580.326995272
E1-ecc,20260955,range,vel,-1.8188619935217938,11113580.326995272
E1-ecc,20260955,range,pos,-0.5716760154442753,12045579.039114611
E1-ecc,20260955,range,vel,0.4072473798327702,12045579.039114611
E1-ecc,20260955,range,pos,0.7628533558540583,122994.27657942145
E1-ecc,20260955,range,vel,0.45958390820294864,122994.27657942145
E1-ecc,20260955,range,pos,-0.16516491103285694,113634.10617500552
E1-ecc,20260955,range,vel,-0.02077583622226597,113634.10617500552
E1-ecc,20260955,range,pos,0.5259866043955791,425454.21085245576
E1-ecc,20260955,range,vel,-0.141604657796073,425454.21085245576
E1-ecc,20260955,inplane,pos,1.5104085352046028,100518.82311857278
E1-ecc,20260955,inplane,vel,1.2098550471696465,100518.82311857278
E1-ecc,20260955,inplane,pos,-0.28200914110220676,39651.35111243537
E1-ecc,20260955,inplane,vel,-0.37192123304375424,39651.35111243537
E1-ecc,20260955,inplane,pos,1.4077881705211805,11113580.326995272
E1-ecc,20260955,inplane,vel,1.6850683595708835,11113580.326995272
E1-ecc,20260955,inplane,pos,-0.18284011292673574,12045579.039114611
E1-ecc,20260955,inplane,vel,0.054405844823092256,12045579.039114611
E1-ecc,20260955,inplane,pos,-0.2531588388596621,122994.27657942145
E1-ecc,20260955,inplane,vel,-0.07037318007538793,122994.27657942145
E1-ecc,20260955,inplane,pos,-0.12153201026998185,113634.10617500552
E1-ecc,20260955,inplane,vel,0.0909661496909012,113634.10617500552
E1-ecc,20260955,inplane,pos,-0.008609302617357303,425454.21085245576
E1-ecc,20260955,inplane,vel,0.07082517631704553,425454.21085245576
E1-ecc,20260955,plane,pos,1.553338399157591,100518.82311857278
E1-ecc,20260955,plane,vel,1.8229227214658112,100518.82311857278
E1-ecc,20260955,plane,pos,1.0032373515806638,39651.35111243537
E1-ecc,20260955,plane,vel,-0.5275765011550558,39651.35111243537
E1-ecc,20260955,plane,pos,1.9015499455291172,11113580.326995272
E1-ecc,20260955,plane,vel,-0.08793563558460749,11113580.326995272
E1-ecc,20260955,plane,pos,1.0558999233789572,12045579.039114611
E1-ecc,20260955,plane,vel,0.5738049893297894,12045579.039114611
E1-ecc,20260955,plane,pos,-0.9866876899235582,122994.27657942145
E1-ecc,20260955,plane,vel,0.0671696303151602,122994.27657942145
E1-ecc,20260955,plane,pos,-1.385515427713363,113634.10617500552
E1-ecc,20260955,plane,vel,1.228876715614967,113634.10617500552
E1-ecc,20260955,plane,pos,-1.5620976185714184,425454.21085245576
E1-ecc,20260955,plane,vel,1.0519080965310905,425454.21085245576
E1-ecc,20260955,range,pos,1.176675250074954,14319237.427084457
E1-ecc,20260955,range,vel,0.9679208389834841,14319237.427084457
E1-ecc,20260955,range,pos,-3.3404104136570765,480534.56654274464
E1-ecc,20260955,range,vel,2.1844175499224217,480534.56654274464
E1-ecc,20260955,range,pos,-0.6432481952668232,72721.7136106242
E1-ecc,20260955,range,vel,0.522064011433423,72721.7136106242
E1-ecc,20260955,range,pos,0.4728342798195319,431018.2154031151
E1-ecc,20260955,range,vel,-0.7460463384173401,431018.2154031151
E1-ecc,20260955,range,pos,-0.535958202341989,130746.41169493695
E1-ecc,20260955,range,vel,0.6554365945433192,130746.41169493695
E1-ecc,20260955,range,pos,0.1416130499629473,5159402.1712183785
E1-ecc,20260955,range,vel,-0.023818938297579088,5159402.1712183785
E1-ecc,20260955,range,pos,1.3773326685928455,635302.2727344545
E1-ecc,20260955,range,vel,-0.2816186333180724,635302.2727344545
E1-ecc,20260955,range,pos,-2.2616955189863894,196214.18007647913
E1-ecc,20260955,range,vel,-0.7677988496477217,196214.18007647913
E1-ecc,20260955,inplane,pos,-1.6884935222195485,14319237.427084457
E1-ecc,20260955,inplane,vel,0.9088750957287456,14319237.427084457
E1-ecc,20260955,inplane,pos,2.158938681137377,480534.56654274464
E1-ecc,20260955,inplane,vel,-3.7202289542497264,480534.56654274464
E1-ecc,20260955,inplane,pos,-1.0806037741557517,72721.7136106242
E1-ecc,20260955,inplane,vel,-0.420764584226411,72721.7136106242
E1-ecc,20260955,inplane,pos,-0.1679497651365596,431018.2154031151
E1-ecc,20260955,inplane,vel,0.2776419676119345,431018.2154031151
E1-ecc,20260955,inplane,pos,0.20587105538300218,130746.41169493695
E1-ecc,20260955,inplane,vel,-0.11216356961855234,130746.41169493695
E1-ecc,20260955,inplane,pos,0.5727517853784491,5159402.1712183785
E1-ecc,20260955,inplane,vel,0.5950381632002351,5159402.1712183785
E1-ecc,20260955,inplane,pos,0.6311494086367959,635302.2727344545
E1-ecc,20260955,inplane,vel,1.5437459972698515,635302.2727344545
E1-ecc,20260955,inplane,pos,-1.1645717465691376,196214.18007647913
E1-ecc,20260955,inplane,vel,-1.9716284591887856,196214.18007647913
E1-ecc,20260955,plane,pos,0.2537795192642168,14319237.427084457
E1-ecc,20260955,plane,vel,1.4141431182695758,14319237.427084457
E1-ecc,20260955,plane,pos,1.4435858992686748,480534.56654274464
E1-ecc,20260955,plane,vel,-2.239056493878423,480534.56654274464
E1-ecc,20260955,plane,pos,-0.16687919468838316,72721.7136106242
E1-ecc,20260955,plane,vel,-0.15523888273283093,72721.7136106242
E1-ecc,20260955,plane,pos,-0.32565094832792457,431018.2154031151
E1-ecc,20260955,plane,vel,0.1714306096257078,431018.2154031151
E1-ecc,20260955,plane,pos,-0.64921613770514,130746.41169493695
E1-ecc,20260955,plane,vel,1.2289546418852069,130746.41169493695
E1-ecc,20260955,plane,pos,-0.5666647442367875,5159402.1712183785
E1-ecc,20260955,plane,vel,-0.3778309877460759,5159402.1712183785
E1-ecc,20260955,plane,pos,-1.650127089564046,635302.2727344545
E1-ecc,20260955,plane,vel,0.3948418800698889,635302.2727344545
E1-ecc,20260955,plane,pos,0.34282877324495675,196214.18007647913
E1-ecc,20260955,plane,vel,-0.986694423025836,196214.18007647913
E1-ecc,20260962,range,pos,-0.7766678747902849,423719.1305192005
E1-ecc,20260962,range,vel,-0.8908737635076579,423719.1305192005
E1-ecc,20260962,range,pos,1.7170804828639277,293679.66573143686
E1-ecc,20260962,range,vel,1.5706320445636077,293679.66573143686
E1-ecc,20260962,range,pos,0.023590399403176435,48105.38614855728
E1-ecc,20260962,range,vel,-0.4984565741102083,48105.38614855728
E1-ecc,20260962,range,pos,0.24906026766709966,123369.56821287598
E1-ecc,20260962,range,vel,0.2859027533920558,123369.56821287598
E1-ecc,20260962,range,pos,-0.31361769875670675,488484.58752551477
E1-ecc,20260962,range,vel,-0.2123650321122478,488484.58752551477
E1-ecc,20260962,range,pos,0.9850774459016427,94254.98313597353
E1-ecc,20260962,range,vel,1.1342238624174412,94254.98313597353
E1-ecc,20260962,range,pos,0.6407994261649596,579676.4419333756
E1-ecc,20260962,range,vel,-0.10959454540637506,579676.4419333756
E1-ecc,20260962,range,pos,-0.8618061773843424,362827.84521039634
E1-ecc,20260962,range,vel,0.8481868583357822,362827.84521039634
E1-ecc,20260962,inplane,pos,-0.8977203746392288,423719.1305192005
E1-ecc,20260962,inplane,vel,-0.7171397274731642,423719.1305192005
E1-ecc,20260962,inplane,pos,0.5495745169438536,293679.66573143686
E1-ecc,20260962,inplane,vel,1.6268560666313034,293679.66573143686
E1-ecc,20260962,inplane,pos,-1.8497562343767766,48105.38614855728
E1-ecc,20260962,inplane,vel,-0.7224637284863321,48105.38614855728
E1-ecc,20260962,inplane,pos,0.8537597041715982,123369.56821287598
E1-ecc,20260962,inplane,vel,0.6337431217650406,123369.56821287598
E1-ecc,20260962,inplane,pos,0.00714232265230733,488484.58752551477
E1-ecc,20260962,inplane,vel,-0.36880557858925594,488484.58752551477
E1-ecc,20260962,inplane,pos,1.2312500956889338,94254.98313597353
E1-ecc,20260962,inplane,vel,0.46790625082139603,94254.98313597353
E1-ecc,20260962,inplane,pos,0.726054150521169,579676.4419333756
E1-ecc,20260962,inplane,vel,0.6481446011803892,579676.4419333756
E1-ecc,20260962,inplane,pos,-0.7312850928890691,362827.84521039634
E1-ecc,20260962,inplane,vel,-0.8398853393152326,362827.84521039634
E1-ecc,20260962,plane,pos,-1.1755962040370787,423719.1305192005
E1-ecc,20260962,plane,vel,0.17569246616220358,423719.1305192005
E1-ecc,20260962,plane,pos,-0.33684145020080547,293679.66573143686
E1-ecc,20260962,plane,vel,-2.1341813667329133,293679.66573143686
E1-ecc,20260962,plane,pos,-0.03164921770138806,48105.38614855728
E1-ecc,20260962,plane,vel,0.13798419066961523,48105.38614855728
E1-ecc,20260962,plane,pos,-0.4006312472781781,123369.56821287598
E1-ecc,20260962,plane,vel,-1.4116192243879893,123369.56821287598
E1-ecc,20260962,plane,pos,-0.33757855330911707,488484.58752551477
E1-ecc,20260962,plane,vel,0.023797315151105846,488484.58752551477
E1-ecc,20260962,plane,pos,0.16474084515532642,94254.98313597353
E1-ecc,20260962,plane,vel,-0.24504167469102786,94254.98313597353
E1-ecc,20260962,plane,pos,-3.1418420093169477,579676.4419333756
E1-ecc,20260962,plane,vel,2.818537533514694,579676.4419333756
E1-ecc,20260962,plane,pos,0.6202951084192728,362827.84521039634
E1-ecc,20260962,plane,vel,0.9896086295468224,362827.84521039634
E1-ecc,20260962,range,pos,1.0713470784985817,7616937.301546576
E1-ecc,20260962,range,vel,-0.9231929833720779,7616937.301546576
E1-ecc,20260962,range,pos,1.5884239252961314,1322448.6237384768
E1-ecc,20260962,range,vel,1.0581593543993213,1322448.6237384768
E1-ecc,20260962,range,pos,-0.37437451675867484,691707.0972133109
E1-ecc,20260962,range,vel,0.09947770477608753,691707.0972133109
E1-ecc,20260962,range,pos,-0.5958535631925788,1911119.7567275441
E1-ecc,20260962,range,vel,-0.7652107443899278,1911119.7567275441
E1-ecc,20260962,range,pos,-1.0584099224465569,10290676.036640266
E1-ecc,20260962,range,vel,-1.050399522115165,10290676.036640266
E1-ecc,20260962,range,pos,-1.6226626452041533,465833.88744138635
E1-ecc,20260962,range,vel,-1.7074928775259735,465833.88744138635
E1-ecc,20260962,range,pos,-0.8777862697257074,260593.28632475654
E1-ecc,20260962,range,vel,-0.13091191117543005,260593.28632475654
E1-ecc,20260962,range,pos,0.7237701863879042,14069804.844895793
E1-ecc,20260962,range,vel,0.28989363016667097,14069804.844895793
E1-ecc,20260962,inplane,pos,-0.46088881140638394,7616937.301546576
E1-ecc,20260962,inplane,vel,1.12783597613594,7616937.301546576
E1-ecc,20260962,inplane,pos,1.3680869866666607,1322448.6237384768
E1-ecc,20260962,inplane,vel,1.4125280936208098,1322448.6237384768
E1-ecc,20260962,inplane,pos,-0.5579653641806683,691707.0972133109
E1-ecc,20260962,inplane,vel,-0.4101763973742057,691707.0972133109
E1-ecc,20260962,inplane,pos,0.021722918069098852,1911119.7567275441
E1-ecc,20260962,inplane,vel,-0.606570834806758,1911119.7567275441
E1-ecc,20260962,inplane,pos,0.7602118555013048,10290676.036640266
E1-ecc,20260962,inplane,vel,-0.7428718704280267,10290676.036640266
E1-ecc,20260962,inplane,pos,0.3788766253898001,465833.88744138635
E1-ecc,20260962,inplane,vel,-1.5256454353244266,465833.88744138635
E1-ecc,20260962,inplane,pos,1.1711725158477921,260593.28632475654
E1-ecc,20260962,inplane,vel,-0.2080016360602668,260593.28632475654
E1-ecc,20260962,inplane,pos,-0.5056328772244479,14069804.844895793
E1-ecc,20260962,inplane,vel,-0.9570455368342793,14069804.844895793
E1-ecc,20260962,plane,pos,-0.7155318553972267,7616937.301546576
E1-ecc,20260962,plane,vel,0.6940334356662939,7616937.301546576
E1-ecc,20260962,plane,pos,0.3975757820580157,1322448.6237384768
E1-ecc,20260962,plane,vel,0.8188113616644385,1322448.6237384768
E1-ecc,20260962,plane,pos,0.6469309113331071,691707.0972133109
E1-ecc,20260962,plane,vel,1.6528593051708358,691707.0972133109
E1-ecc,20260962,plane,pos,-0.9626409135326494,1911119.7567275441
E1-ecc,20260962,plane,vel,-0.5323527338064838,1911119.7567275441
E1-ecc,20260962,plane,pos,0.5116175163624826,10290676.036640266
E1-ecc,20260962,plane,vel,1.9250894678769714,10290676.036640266
E1-ecc,20260962,plane,pos,0.3519902052529886,465833.88744138635
E1-ecc,20260962,plane,vel,0.24820587645252631,465833.88744138635
E1-ecc,20260962,plane,pos,-0.36759995289305236,260593.28632475654
E1-ecc,20260962,plane,vel,1.3729146901765636,260593.28632475654
E1-ecc,20260962,plane,pos,-0.16236846172288233,14069804.844895793
E1-ecc,20260962,plane,vel,-0.3826431588016616,14069804.844895793
E1-ecc,20260962,range,pos,-1.815697855607534,538621.009863213
E1-ecc,20260962,range,vel,1.534155329781602,538621.009863213
E1-ecc,20260962,range,pos,0.4029814865613157,246430.55415689913
E1-ecc,20260962,range,vel,-0.42209605092404673,246430.55415689913
E1-ecc,20260962,range,pos,1.1150904164238884,1399320.859446381
E1-ecc,20260962,range,vel,0.5144780875799496,1399320.859446381
E1-ecc,20260962,range,pos,-0.2044916850077799,211572.5842347313
E1-ecc,20260962,range,vel,-0.32371136014183066,211572.5842347313
E1-ecc,20260962,range,pos,1.3383217815608053,107659.12961715634
E1-ecc,20260962,range,vel,0.9275946837686965,107659.12961715634
E1-ecc,20260962,range,pos,-0.6189676179061179,12365285.441663584
E1-ecc,20260962,range,vel,1.385878250433311,12365285.441663584
E1-ecc,20260962,range,pos,1.4313896809183968,65668.84127933795
E1-ecc,20260962,range,vel,-1.4086816915506193,65668.84127933795
E1-ecc,20260962,inplane,pos,1.096669370245128,538621.009863213
E1-ecc,20260962,inplane,vel,-2.1638884075040195,538621.009863213
E1-ecc,20260962,inplane,pos,-0.6246051466168395,246430.55415689913
E1-ecc,20260962,inplane,vel,0.22216459110147138,246430.55415689913
E1-ecc,20260962,inplane,pos,-0.09376095633267718,1399320.859446381
E1-ecc,20260962,inplane,vel,0.756447149949383,1399320.859446381
E1-ecc,20260962,inplane,pos,-0.7589316524391682,211572.5842347313
E1-ecc,20260962,inplane,vel,-0.11469940534214897,211572.5842347313
E1-ecc,20260962,inplane,pos,-2.139997240260667,107659.12961715634
E1-ecc,20260962,inplane,vel,1.3785233930912217,107659.12961715634
E1-ecc,20260962,inplane,pos,-1.4925026792902651,12365285.441663584
E1-ecc,20260962,inplane,vel,-1.6747131555121273,12365285.441663584
E1-ecc,20260962,inplane,pos,-1.131346926089694,65668.84127933795
E1-ecc,20260962,inplane,vel,-0.9224796288444491,65668.84127933795
E1-ecc,20260962,plane,pos,0.6034049306723925,538621.009863213
E1-ecc,20260962,plane,vel,-1.208081639820665,538621.009863213
E1-ecc,20260962,plane,pos,-1.6916562343912895,246430.55415689913
E1-ecc,20260962,plane,vel,-0.5189861303590375,246430.55415689913
E1-ecc,20260962,plane,pos,2.2723631040437424,1399320.859446381
E1-ecc,20260962,plane,vel,0.26813289832540604,1399320.859446381
E1-ecc,20260962,plane,pos,0.2002956552381733,211572.5842347313
E1-ecc,20260962,plane,vel,-1.1312480838957393,211572.5842347313
E1-ecc,20260962,plane,pos,0.8795914159183266,107659.12961715634
E1-ecc,20260962,plane,vel,1.2141176506970313,107659.12961715634
E1-ecc,20260962,plane,pos,-0.7604353523432084,12365285.441663584
E1-ecc,20260962,plane,vel,-0.6557136597428603,12365285.441663584
E1-ecc,20260962,plane,pos,-0.0331087961621109,65668.84127933795
E1-ecc,20260962,plane,vel,-1.8324398304530705,65668.84127933795
E1-ecc,20260962,range,pos,1.2269563631635094,1407106.09682875
E1-ecc,20260962,range,vel,-1.1953744237413177,1407106.09682875
E1-ecc,20260962,range,pos,0.8712841630135025,4664152.157475246
E1-ecc,20260962,range,vel,-1.1075973462872557,4664152.157475246
E1-ecc,20260962,range,pos,-2.3137457730189994,192568.59429729593
E1-ecc,20260962,range,vel,1.2056495920177013,192568.59429729593
E1-ecc,20260962,range,pos,-0.14271563791143618,86902.73380583522
E1-ecc,20260962,range,vel,0.5892267112716238,86902.73380583522
E1-ecc,20260962,range,pos,-0.7058404227739135,159361.68470685327
E1-ecc,20260962,range,vel,0.4822819774668885,159361.68470685327
E1-ecc,20260962,range,pos,-0.13686394469910693,594210.9821480367
E1-ecc,20260962,range,vel,-0.8191173386249033,594210.9821480367
E1-ecc,20260962,range,pos,-0.8044419970747083,179981.39222852647
E1-ecc,20260962,range,vel,-0.13009103538272362,179981.39222852647
E1-ecc,20260962,range,pos,0.531377442590845,627280.669126083
E1-ecc,20260962,range,vel,-0.10008198128397103,627280.669126083
E1-ecc,20260962,inplane,pos,-0.8446570128248015,1407106.09682875
E1-ecc,20260962,inplane,vel,0.7627928009784596,1407106.09682875
E1-ecc,20260962,inplane,pos,-0.9720359954135306,4664152.157475246
E1-ecc,20260962,inplane,vel,0.500265390176479,4664152.157475246
E1-ecc,20260962,inplane,pos,-1.1056636036518008,192568.59429729593
E1-ecc,20260962,inplane,vel,-2.2232963071829595,192568.59429729593
E1-ecc,20260962,inplane,pos,-1.3966033544463428,86902.73380583522
E1-ecc,20260962,inplane,vel,-0.29104722186164866,86902.73380583522
E1-ecc,20260962,inplane,pos,-0.6424614435541103,159361.68470685327
E1-ecc,20260962,inplane,vel,-0.9148881246116888,159361.68470685327
E1-ecc,20260962,inplane,pos,-1.353632350650661,594210.9821480367
E1-ecc,20260962,inplane,vel,-0.3865557956227009,594210.9821480367
E1-ecc,20260962,inplane,pos,0.9201570201128316,179981.39222852647
E1-ecc,20260962,inplane,vel,-0.4118999061734163,179981.39222852647
E1-ecc,20260962,inplane,pos,1.0303680904028936,627280.669126083
E1-ecc,20260962,inplane,vel,0.8016855377707384,627280.669126083
E1-ecc,20260962,plane,pos,0.9427677717276208,1407106.09682875
E1-ecc,20260962,plane,vel,-0.8781287334215667,1407106.09682875
E1-ecc,20260962,plane,pos,-1.365969795978733,4664152.157475246
E1-ecc,20260962,plane,vel,-1.0789927704439817,4664152.157475246
E1-ecc,20260962,plane,pos,0.03503590574814769,192568.59429729593
E1-ecc,20260962,plane,vel,2.2384096075755586,192568.59429729593
E1-ecc,20260962,plane,pos,0.649694979685747,86902.73380583522
E1-ecc,20260962,plane,vel,-0.6429930956737208,86902.73380583522
E1-ecc,20260962,plane,pos,-0.6540684675098024,159361.68470685327
E1-ecc,20260962,plane,vel,-0.77165414149261,159361.68470685327
E1-ecc,20260962,plane,pos,0.875863659909971,594210.9821480367
E1-ecc,20260962,plane,vel,-0.9864920596213687,594210.9821480367
E1-ecc,20260962,plane,pos,0.21880056293096983,179981.39222852647
E1-ecc,20260962,plane,vel,0.19431078456054277,179981.39222852647
E1-ecc,20260962,plane,pos,-1.262589486356885,627280.669126083
E1-ecc,20260962,plane,vel,0.2937473691107028,627280.669126083
E1-ecc,20260962,range,pos,0.590101184754151,437400.8964158809
E1-ecc,20260962,range,vel,2.7237426309019916,437400.8964158809
E1-ecc,20260962,range,pos,0.6997707117755787,87731.19609523778
E1-ecc,20260962,range,vel,0.489066446227331,87731.19609523778
E1-ecc,20260962,range,pos,0.3357834723409491,4224085.945566435
E1-ecc,20260962,range,vel,0.7336769983811072,4224085.945566435
E1-ecc,20260962,range,pos,0.2415631441740318,1803338.054541105
E1-ecc,20260962,range,vel,-0.2237519661105791,1803338.054541105
E1-ecc,20260962,range,pos,-0.3911413087132148,828706.1803452168
E1-ecc,20260962,range,vel,-0.008125293138420416,828706.1803452168
E1-ecc,20260962,range,pos,-1.5803082574017344,4095120.6198673607
E1-ecc,20260962,range,vel,-1.454331769636241,4095120.6198673607
E1-ecc,20260962,range,pos,1.4962596315990486,15021370.32900414
E1-ecc,20260962,range,vel,1.540387432643142,15021370.32900414
E1-ecc,20260962,range,pos,0.12136174107678664,10603569.360143531
E1-ecc,20260962,range,vel,0.5504704884802979,10603569.360143531
E1-ecc,20260962,inplane,pos,2.3075343519391454,437400.8964158809
E1-ecc,20260962,inplane,vel,0.5765752446078745,437400.8964158809
E1-ecc,20260962,inplane,pos,-0.4261138735162318,87731.19609523778
E1-ecc,20260962,inplane,vel,0.48206655087870637,87731.19609523778
E1-ecc,20260962,inplane,pos,0.006143451833188034,4224085.945566435
E1-ecc,20260962,inplane,vel,0.6532065751902659,4224085.945566435
E1-ecc,20260962,inplane,pos,-0.37743659948220504,1803338.054541105
E1-ecc,20260962,inplane,vel,0.2324910276137814,1803338.054541105
E1-ecc,20260962,inplane,pos,0.09285705667535306,828706.1803452168
E1-ecc,20260962,inplane,vel,-0.02861806624377321,828706.1803452168
E1-ecc,20260962,inplane,pos,0.9815556274264752,4095120.6198673607
E1-ecc,20260962,inplane,vel,-1.65097513345345,4095120.6198673607
E1-ecc,20260962,inplane,pos,-3.0386683917208317,15021370.32900414
E1-ecc,20260962,inplane,vel,-2.2151086107625506,15021370.32900414
E1-ecc,20260962,inplane,pos,-0.5496351972774168,10603569.360143531
E1-ecc,20260962,inplane,vel,-0.43852324923224284,10603569.360143531
E1-ecc,20260962,plane,pos,-0.20138992504447614,437400.8964158809
E1-ecc,20260962,plane,vel,0.2876283081038526,437400.8964158809
E1-ecc,20260962,plane,pos,0.33357113105117653,87731.19609523778
E1-ecc,20260962,plane,vel,0.18923602308550602,87731.19609523778
E1-ecc,20260962,plane,pos,-0.9607237229477874,4224085.945566435
E1-ecc,20260962,plane,vel,0.8883408333937876,4224085.945566435
E1-ecc,20260962,plane,pos,-0.5371848586765943,1803338.054541105
E1-ecc,20260962,plane,vel,0.2686970202368431,1803338.054541105
E1-ecc,20260962,plane,pos,0.05236751761797483,828706.1803452168
E1-ecc,20260962,plane,vel,-0.676894490584148,828706.1803452168
E1-ecc,20260962,plane,pos,0.6014095576269858,4095120.6198673607
E1-ecc,20260962,plane,vel,-0.20918979660174417,4095120.6198673607
E1-ecc,20260962,plane,pos,0.7701698745817928,15021370.32900414
E1-ecc,20260962,plane,vel,0.3120099424674679,15021370.32900414
E1-ecc,20260962,plane,pos,-2.4291016313315614,10603569.360143531
E1-ecc,20260962,plane,vel,-0.8868607459418651,10603569.360143531
E1-ecc,20260962,range,pos,0.010422937797713326,9099356.122952227
E1-ecc,20260962,range,vel,-0.5299665695913133,9099356.122952227
E1-ecc,20260962,range,pos,1.3768900282456182,960654.7745771913
E1-ecc,20260962,range,vel,-1.3441559133888172,960654.7745771913
E1-ecc,20260962,range,pos,-0.8493020944524258,46261.55299399283
E1-ecc,20260962,range,vel,-1.1087595341339582,46261.55299399283
E1-ecc,20260962,range,pos,-1.0626010221469566,14833005.354478983
E1-ecc,20260962,range,vel,-1.1315648626363706,14833005.354478983
E1-ecc,20260962,range,pos,-0.39884734633787944,97786.67740550998
E1-ecc,20260962,range,vel,0.5014962374393184,97786.67740550998
E1-ecc,20260962,range,pos,-0.37552140335059586,171914.65482922422
E1-ecc,20260962,range,vel,0.506953091049877,171914.65482922422
E1-ecc,20260962,range,pos,0.2206640680266237,558344.1154350189
E1-ecc,20260962,range,vel,0.1574169527931902,558344.1154350189
E1-ecc,20260962,inplane,pos,-1.1628278438639537,9099356.122952227
E1-ecc,20260962,inplane,vel,-0.864765143071017,9099356.122952227
E1-ecc,20260962,inplane,pos,1.2437793096661192,960654.7745771913
E1-ecc,20260962,inplane,vel,1.922205325716334,960654.7745771913
E1-ecc,20260962,inplane,pos,-0.882209701687199,46261.55299399283
E1-ecc,20260962,inplane,vel,-0.9066546491420667,46261.55299399283
E1-ecc,20260962,inplane,pos,0.5063180449696577,14833005.354478983
E1-ecc,20260962,inplane,vel,0.7105064578461584,14833005.354478983
E1-ecc,20260962,inplane,pos,-0.8015828053854618,97786.67740550998
E1-ecc,20260962,inplane,vel,0.26923033673561886,97786.67740550998
E1-ecc,20260962,inplane,pos,-1.0224919122923255,171914.65482922422
E1-ecc,20260962,inplane,vel,-1.4889800187141538,171914.65482922422
E1-ecc,20260962,inplane,pos,0.7414652168337788,558344.1154350189
E1-ecc,20260962,inplane,vel,0.28728660050868476,558344.1154350189
E1-ecc,20260962,plane,pos,-0.43001286991826543,9099356.122952227
E1-ecc,20260962,plane,vel,0.7022739595339172,9099356.122952227
E1-ecc,20260962,plane,pos,-0.3172316004744548,960654.7745771913
E1-ecc,20260962,plane,vel,1.1343903242144864,960654.7745771913
E1-ecc,20260962,plane,pos,1.099548711345095,46261.55299399283
E1-ecc,20260962,plane,vel,0.6159923086493694,46261.55299399283
E1-ecc,20260962,plane,pos,-0.6770093095970457,14833005.354478983
E1-ecc,20260962,plane,vel,0.5576849475766217,14833005.354478983
E1-ecc,20260962,plane,pos,0.5556371636018126,97786.67740550998
E1-ecc,20260962,plane,vel,0.3549895632552385,97786.67740550998
E1-ecc,20260962,plane,pos,1.409488286547066,171914.65482922422
E1-ecc,20260962,plane,vel,0.33911940578145916,171914.65482922422
E1-ecc,20260962,plane,pos,1.4566692456801262,558344.1154350189
E1-ecc,20260962,plane,vel,0.9427145859587635,558344.1154350189
E1-ecc,20260969,range,pos,0.7767445433508536,14540605.841072643
E1-ecc,20260969,range,vel,0.21039456079682656,14540605.841072643
E1-ecc,20260969,range,pos,0.8602632225030713,34764.26684492628
E1-ecc,20260969,range,vel,-1.128959972880681,34764.26684492628
E1-ecc,20260969,range,pos,-1.3914220328813478,134044.27281768923
E1-ecc,20260969,range,vel,-0.23014949780294217,134044.27281768923
E1-ecc,20260969,range,pos,0.7681608403266205,99247.57011442997
E1-ecc,20260969,range,vel,0.2346961035277621,99247.57011442997
E1-ecc,20260969,range,pos,-0.878376880978842,77629.26429334834
E1-ecc,20260969,range,vel,-1.0210622453920384,77629.26429334834
E1-ecc,20260969,range,pos,0.018906536907501437,111525.37088819347
E1-ecc,20260969,range,vel,-0.7542979521063574,111525.37088819347
E1-ecc,20260969,range,pos,-0.3861896923416379,497137.2582224276
E1-ecc,20260969,range,vel,-0.4746752202643456,497137.2582224276
E1-ecc,20260969,range,pos,1.3874394227706328,45546.77585950439
E1-ecc,20260969,range,vel,1.4078517507742918,45546.77585950439
E1-ecc,20260969,inplane,pos,-0.12767173613559396,14540605.841072643
E1-ecc,20260969,inplane,vel,-0.6454504035835226,14540605.841072643
E1-ecc,20260969,inplane,pos,0.5134666912974816,34764.26684492628
E1-ecc,20260969,inplane,vel,1.104208134613188,34764.26684492628
E1-ecc,20260969,inplane,pos,-0.12429585615272837,134044.27281768923
E1-ecc,20260969,inplane,vel,1.2616409065286336,134044.27281768923
E1-ecc,20260969,inplane,pos,0.3435553991574277,99247.57011442997
E1-ecc,20260969,inplane,vel,0.5883518815785231,99247.57011442997
E1-ecc,20260969,inplane,pos,1.0551105714807267,77629.26429334834
E1-ecc,20260969,inplane,vel,-0.9960124537274802,77629.26429334834
E1-ecc,20260969,inplane,pos,-0.6125034689767975,111525.37088819347
E1-ecc,20260969,inplane,vel,0.44103219361619916,111525.37088819347
E1-ecc,20260969,inplane,pos,-0.5176341208974027,497137.2582224276
E1-ecc,20260969,inplane,vel,-0.42433922725584833,497137.2582224276
E1-ecc,20260969,inplane,pos,0.6210319450894487,45546.77585950439
E1-ecc,20260969,inplane,vel,-1.3705647818353783,45546.77585950439
E1-ecc,20260969,plane,pos,0.5186814596476512,14540605.841072643
E1-ecc,20260969,plane,vel,1.2025179594597066,14540605.841072643
E1-ecc,20260969,plane,pos,0.32401937574325584,34764.26684492628
E1-ecc,20260969,plane,vel,-0.1714487603792257,34764.26684492628
E1-ecc,20260969,plane,pos,-0.9487353863841342,134044.27281768923
E1-ecc,20260969,plane,vel,-0.4404028758318207,134044.27281768923
E1-ecc,20260969,plane,pos,1.7012651436184452,99247.57011442997
E1-ecc,20260969,plane,vel,-0.07403305647449787,99247.57011442997
E1-ecc,20260969,plane,pos,0.626460495993883,77629.26429334834
E1-ecc,20260969,plane,vel,-0.5923840945070089,77629.26429334834
E1-ecc,20260969,plane,pos,0.1924932768317347,111525.37088819347
E1-ecc,20260969,plane,vel,-0.006143148454907445,111525.37088819347
E1-ecc,20260969,plane,pos,-2.081688786418555,497137.2582224276
E1-ecc,20260969,plane,vel,-0.13415167663943253,497137.2582224276
E1-ecc,20260969,plane,pos,0.2518318829238889,45546.77585950439
E1-ecc,20260969,plane,vel,2.1411638360078746,45546.77585950439
E1-ecc,20260969,range,pos,0.17165483356952244,89071.90305067955
E1-ecc,20260969,range,vel,0.8389282377248738,89071.90305067955
E1-ecc,20260969,range,pos,-0.08539323570253943,722438.1854201762
E1-ecc,20260969,range,vel,0.06329541430100222,722438.1854201762
E1-ecc,20260969,range,pos,0.2874950366035459,13727699.206264582
E1-ecc,20260969,range,vel,-0.010640006561190343,13727699.206264582
E1-ecc,20260969,range,pos,1.3145261429551764,57484.89020481871
E1-ecc,20260969,range,vel,-1.1724489922000645,57484.89020481871
E1-ecc,20260969,range,pos,-1.1114715213594213,4460244.334872407
E1-ecc,20260969,range,vel,-0.32442001281435806,4460244.334872407
E1-ecc,20260969,range,pos,-2.3514721916386536,156962.51636634805
E1-ecc,20260969,range,vel,2.055509989373535,156962.51636634805
E1-ecc,20260969,range,pos,0.3381836786805354,143737.28334356102
E1-ecc,20260969,range,vel,0.5566595885962962,143737.28334356102
E1-ecc,20260969,range,pos,0.8820261588869092,408511.5301916526
E1-ecc,20260969,range,vel,0.8975863116845875,408511.5301916526
E1-ecc,20260969,inplane,pos,-1.7084902352585913,89071.90305067955
E1-ecc,20260969,inplane,vel,-0.27251399483902766,89071.90305067955
E1-ecc,20260969,inplane,pos,-0.00801762795902099,722438.1854201762
E1-ecc,20260969,inplane,vel,-0.14484099348247909,722438.1854201762
E1-ecc,20260969,inplane,pos,0.18637390633839146,13727699.206264582
E1-ecc,20260969,inplane,vel,-0.5568695964339014,13727699.206264582
E1-ecc,20260969,inplane,pos,-0.8124673994906961,57484.89020481871
E1-ecc,20260969,inplane,vel,-1.003521979592865,57484.89020481871
E1-ecc,20260969,inplane,pos,1.3689854663931356,4460244.334872407
E1-ecc,20260969,inplane,vel,-1.2640120725656847,4460244.334872407
E1-ecc,20260969,inplane,pos,0.23177394462935677,156962.51636634805
E1-ecc,20260969,inplane,vel,-1.5767140805753226,156962.51636634805
E1-ecc,20260969,inplane,pos,1.2051650800035925,143737.28334356102
E1-ecc,20260969,inplane,vel,0.3609456633350658,143737.28334356102
E1-ecc,20260969,inplane,pos,0.7172840168950831,408511.5301916526
E1-ecc,20260969,inplane,vel,0.6907480777833033,408511.5301916526
E1-ecc,20260969,plane,pos,-0.37825495193045144,89071.90305067955
E1-ecc,20260969,plane,vel,2.2901643988626366,89071.90305067955
E1-ecc,20260969,plane,pos,1.1206229860318635,722438.1854201762
E1-ecc,20260969,plane,vel,0.177506664237183,722438.1854201762
E1-ecc,20260969,plane,pos,0.17106624009376867,13727699.206264582
E1-ecc,20260969,plane,vel,-1.9614707324934664,13727699.206264582
E1-ecc,20260969,plane,pos,-0.4791268539417538,57484.89020481871
E1-ecc,20260969,plane,vel,-0.45492645125023234,57484.89020481871
E1-ecc,20260969,plane,pos,-2.016684312965591,4460244.334872407
E1-ecc,20260969,plane,vel,0.6333425470391363,4460244.334872407
E1-ecc,20260969,plane,pos,-0.11968752462773143,156962.51636634805
E1-ecc,20260969,plane,vel,-0.01588766373848506,156962.51636634805
E1-ecc,20260969,plane,pos,0.062349011427692794,143737.28334356102
E1-ecc,20260969,plane,vel,-0.5536831830864856,143737.28334356102
E1-ecc,20260969,plane,pos,1.2077943377291265,408511.5301916526
E1-ecc,20260969,plane,vel,-0.01092382009878302,408511.5301916526
E1-ecc,20260969,range,pos,-0.6987635207650004,199047.61684273588
E1-ecc,20260969,range,vel,-0.841542176574634,199047.61684273588
E1-ecc,20260969,range,pos,-0.9517071972947911,7201108.412044265
E1-ecc,20260969,range,vel,-1.2733823049716293,7201108.412044265
E1-ecc,20260969,range,pos,0.6881789070417064,311919.4848485831
E1-ecc,20260969,range,vel,0.5341540614258361,311919.4848485831
E1-ecc,20260969,range,pos,1.6828728085837252,936196.0504650618
E1-ecc,20260969,range,vel,-1.8467870009017109,936196.0504650618
E1-ecc,20260969,range,pos,1.6078703388674984,42019.33692646557
E1-ecc,20260969,range,vel,-1.1578685976403085,42019.33692646557
E1-ecc,20260969,range,pos,-0.8829340198342996,71554.44244770751
E1-ecc,20260969,range,vel,0.9679766953836841,71554.44244770751
E1-ecc,20260969,range,pos,-14.95247116092835,193366.45036181444
E1-ecc,20260969,range,vel,13.467127014991219,193366.45036181444
E1-ecc,20260969,range,pos,1.7928676359949358,100623.2539741793
E1-ecc,20260969,range,vel,-1.7399358346710774,100623.2539741793
E1-ecc,20260969,inplane,pos,-0.140309163746685,199047.61684273588
E1-ecc,20260969,inplane,vel,-0.7827841324918048,199047.61684273588
E1-ecc,20260969,inplane,pos,0.32760761554576795,7201108.412044265
E1-ecc,20260969,inplane,vel,-0.89793101225778,7201108.412044265
E1-ecc,20260969,inplane,pos,0.7128669433095357,311919.4848485831
E1-ecc,20260969,inplane,vel,0.6887005811857272,311919.4848485831
E1-ecc,20260969,inplane,pos,0.5827664366027353,936196.0504650618
E1-ecc,20260969,inplane,vel,1.7044513917794768,936196.0504650618
E1-ecc,20260969,inplane,pos,0.7938478246284707,42019.33692646557
E1-ecc,20260969,inplane,vel,1.341728720208291,42019.33692646557
E1-ecc,20260969,inplane,pos,0.17393882048365608,71554.44244770751
E1-ecc,20260969,inplane,vel,-0.7435839010845742,71554.44244770751
E1-ecc,20260969,inplane,pos,-9.798367825378378,193366.45036181444
E1-ecc,20260969,inplane,vel,-16.00881065577802,193366.45036181444
E1-ecc,20260969,inplane,pos,0.3186707660036741,100623.2539741793
E1-ecc,20260969,inplane,vel,1.434821157876692,100623.2539741793
E1-ecc,20260969,plane,pos,-0.42530923680039384,199047.61684273588
E1-ecc,20260969,plane,vel,-0.5514139769823402,199047.61684273588
E1-ecc,20260969,plane,pos,-2.1499078017261524,7201108.412044265
E1-ecc,20260969,plane,vel,-0.8065458733494627,7201108.412044265
E1-ecc,20260969,plane,pos,-1.411869292635227,311919.4848485831
E1-ecc,20260969,plane,vel,-0.9671218708426869,311919.4848485831
E1-ecc,20260969,plane,pos,1.5436354198167337,936196.0504650618
E1-ecc,20260969,plane,vel,1.6909826532961736,936196.0504650618
E1-ecc,20260969,plane,pos,-0.17805829009188007,42019.33692646557
E1-ecc,20260969,plane,vel,0.501348596202207,42019.33692646557
E1-ecc,20260969,plane,pos,-0.5221697052725964,71554.44244770751
E1-ecc,20260969,plane,vel,-1.4853059148697418,71554.44244770751
E1-ecc,20260969,plane,pos,5.042864362525621,193366.45036181444
E1-ecc,20260969,plane,vel,-12.183355767296423,193366.45036181444
E1-ecc,20260969,plane,pos,-0.7240699620544783,100623.2539741793
E1-ecc,20260969,plane,vel,1.7448351022882265,100623.2539741793
E1-ecc,20260969,range,pos,0.11131061706901652,6230865.786808187
E1-ecc,20260969,range,vel,0.18496336068657773,6230865.786808187
E1-ecc,20260969,range,pos,-0.3681370810733416,261692.7484505815
E1-ecc,20260969,range,vel,-1.296916940650159,261692.7484505815
E1-ecc,20260969,range,pos,-0.24803903909925235,4784129.222344927
E1-ecc,20260969,range,vel,-0.3043198596671682,4784129.222344927
E1-ecc,20260969,range,pos,-0.10980813508929979,62831.318891754956
E1-ecc,20260969,range,vel,-0.6856099082496173,62831.318891754956
E1-ecc,20260969,range,pos,0.7163344926851511,413671.9392696609
E1-ecc,20260969,range,vel,0.7802258506116406,413671.9392696609
E1-ecc,20260969,range,pos,0.4830366722630012,1102046.8578835363
E1-ecc,20260969,range,vel,-0.21341136480894726,1102046.8578835363
E1-ecc,20260969,range,pos,0.4972782708263636,13234082.129574394
E1-ecc,20260969,range,vel,0.5028412917223225,13234082.129574394
E1-ecc,20260969,range,pos,0.6543443562890046,903801.6169385022
E1-ecc,20260969,range,vel,-0.1429832922014774,903801.6169385022
E1-ecc,20260969,inplane,pos,0.8627908571711963,6230865.786808187
E1-ecc,20260969,inplane,vel,0.015545161413231508,6230865.786808187
E1-ecc,20260969,inplane,pos,-1.2739996030250076,261692.7484505815
E1-ecc,20260969,inplane,vel,-0.325644547889467,261692.7484505815
E1-ecc,20260969,inplane,pos,-0.04902598458630738,4784129.222344927
E1-ecc,20260969,inplane,vel,-0.17884051518766542,4784129.222344927
E1-ecc,20260969,inplane,pos,-0.09437039719538605,62831.318891754956
E1-ecc,20260969,inplane,vel,0.44476483183848053,62831.318891754956
E1-ecc,20260969,inplane,pos,0.4703543353998247,413671.9392696609
E1-ecc,20260969,inplane,vel,0.8273501302838344,413671.9392696609
E1-ecc,20260969,inplane,pos,0.4865888534210905,1102046.8578835363
E1-ecc,20260969,inplane,vel,0.5840048932057779,1102046.8578835363
E1-ecc,20260969,inplane,pos,-0.6710247906758564,13234082.129574394
E1-ecc,20260969,inplane,vel,0.6904713895668515,13234082.129574394
E1-ecc,20260969,inplane,pos,0.8878793326561448,903801.6169385022
E1-ecc,20260969,inplane,vel,0.5663797879914726,903801.6169385022
E1-ecc,20260969,plane,pos,0.975350832556312,6230865.786808187
E1-ecc,20260969,plane,vel,-0.05228583961621139,6230865.786808187
E1-ecc,20260969,plane,pos,-0.30896366605630704,261692.7484505815
E1-ecc,20260969,plane,vel,0.8651939626326504,261692.7484505815
E1-ecc,20260969,plane,pos,1.2987145497471728,4784129.222344927
E1-ecc,20260969,plane,vel,-0.8554971342834873,4784129.222344927
E1-ecc,20260969,plane,pos,-0.8056974572325233,62831.318891754956
E1-ecc,20260969,plane,vel,0.16346526342591214,62831.318891754956
E1-ecc,20260969,plane,pos,0.2711207359865512,413671.9392696609
E1-ecc,20260969,plane,vel,0.3155318908202575,413671.9392696609
E1-ecc,20260969,plane,pos,-0.4325809534998142,1102046.8578835363
E1-ecc,20260969,plane,vel,0.16384272757782048,1102046.8578835363
E1-ecc,20260969,plane,pos,0.2157681807682271,13234082.129574394
E1-ecc,20260969,plane,vel,0.9102718882710165,13234082.129574394
E1-ecc,20260969,plane,pos,-0.23222153646906682,903801.6169385022
E1-ecc,20260969,plane,vel,-1.4281328674403582,903801.6169385022
E1-ecc,20260969,range,pos,-2.3886739447366416,110104.23639893628
E1-ecc,20260969,range,vel,-2.094012806611539,110104.23639893628
E1-ecc,20260969,range,pos,1.695774204351756,3356923.3093493287
E1-ecc,20260969,range,vel,2.2305991911888072,3356923.3093493287
E1-ecc,20260969,range,pos,-0.10738297590546586,40025.44964510732
E1-ecc,20260969,range,vel,-0.9929520117324037,40025.44964510732
E1-ecc,20260969,range,pos,1.007752475327386,453830.1509901976
E1-ecc,20260969,range,vel,-0.6710404485676444,453830.1509901976
E1-ecc,20260969,range,pos,1.7086541767553691,782538.2949152685
E1-ecc,20260969,range,vel,1.58068984759344,782538.2949152685
E1-ecc,20260969,range,pos,0.20695120634317338,14038140.612984858
E1-ecc,20260969,range,vel,0.19935529842630695,14038140.612984858
E1-ecc,20260969,range,pos,-0.9252325446468823,192511.74836555126
E1-ecc,20260969,range,vel,0.31901645947083673,192511.74836555126
E1-ecc,20260969,range,pos,0.7722017725039855,14174519.983257476
E1-ecc,20260969,range,vel,0.663472831810211,14174519.983257476
E1-ecc,20260969,inplane,pos,-1.5642127484325365,110104.23639893628
E1-ecc,20260969,inplane,vel,-2.2738462226583795,110104.23639893628
E1-ecc,20260969,inplane,pos,0.5038849651009373,3356923.3093493287
E1-ecc,20260969,inplane,vel,1.6324941889754732,3356923.3093493287
E1-ecc,20260969,inplane,pos,-1.0321500152801177,40025.44964510732
E1-ecc,20260969,inplane,vel,-0.33434630899812223,40025.44964510732
E1-ecc,20260969,inplane,pos,0.011261116129211862,453830.1509901976
E1-ecc,20260969,inplane,vel,0.5914844566379293,453830.1509901976
E1-ecc,20260969,inplane,pos,0.7770449729959656,782538.2949152685
E1-ecc,20260969,inplane,vel,1.957891310050714,782538.2949152685
E1-ecc,20260969,inplane,pos,-0.5023618496139148,14038140.612984858
E1-ecc,20260969,inplane,vel,-0.24989676050136217,14038140.612984858
E1-ecc,20260969,inplane,pos,0.35722867088438864,192511.74836555126
E1-ecc,20260969,inplane,vel,-0.8925665921731708,192511.74836555126
E1-ecc,20260969,inplane,pos,-0.061051867705298336,14174519.983257476
E1-ecc,20260969,inplane,vel,0.18000804448058152,14174519.983257476
E1-ecc,20260969,plane,pos,-1.4047239996582954,110104.23639893628
E1-ecc,20260969,plane,vel,0.9374279983166031,110104.23639893628
E1-ecc,20260969,plane,pos,-0.5603137219442444,3356923.3093493287
E1-ecc,20260969,plane,vel,-0.44477196473476804,3356923.3093493287
E1-ecc,20260969,plane,pos,0.29700316834392054,40025.44964510732
E1-ecc,20260969,plane,vel,0.5911612615150895,40025.44964510732
E1-ecc,20260969,plane,pos,0.5481275869478405,453830.1509901976
E1-ecc,20260969,plane,vel,-0.22389939471780587,453830.1509901976
E1-ecc,20260969,plane,pos,1.0984937391255187,782538.2949152685
E1-ecc,20260969,plane,vel,0.9352927414255877,782538.2949152685
E1-ecc,20260969,plane,pos,0.4249830157500011,14038140.612984858
E1-ecc,20260969,plane,vel,0.5820916510867867,14038140.612984858
E1-ecc,20260969,plane,pos,0.5402403461472636,192511.74836555126
E1-ecc,20260969,plane,vel,-0.07730658260535571,192511.74836555126
E1-ecc,20260969,plane,pos,-0.6631528904280567,14174519.983257476
E1-ecc,20260969,plane,vel,0.14815073658462163,14174519.983257476
E1-ecc,20260969,range,pos,-34.264214724460125,484438.6792718674
E1-ecc,20260969,range,vel,40.40708050075433,484438.6792718674
E1-ecc,20260969,range,pos,-0.17770839736188854,106073.55733619293
E1-ecc,20260969,range,vel,-0.2723790074150219,106073.55733619293
E1-ecc,20260969,range,pos,-2.7248459792495527,552130.3498888079
E1-ecc,20260969,range,vel,-1.6438839305590938,552130.3498888079
E1-ecc,20260969,range,pos,0.6446388854241774,74604.3240566087
E1-ecc,20260969,range,vel,0.5896512410079262,74604.3240566087
E1-ecc,20260969,range,pos,1.3722027910766281,3350655.0060989074
E1-ecc,20260969,range,vel,0.20358667375083248,3350655.0060989074
E1-ecc,20260969,range,pos,-0.8100053130852067,213622.18980340203
E1-ecc,20260969,range,vel,0.9654774332181859,213622.18980340203
E1-ecc,20260969,range,pos,-0.8853429605462072,4155882.2164573506
E1-ecc,20260969,range,vel,-0.8111947296344872,4155882.2164573506
E1-ecc,20260969,range,pos,-0.2571434176132254,109739.95030240082
E1-ecc,20260969,range,vel,-0.16115689784071058,109739.95030240082
E1-ecc,20260969,inplane,pos,-15.882508266788731,484438.6792718674
E1-ecc,20260969,inplane,vel,-39.105276480873904,484438.6792718674
E1-ecc,20260969,inplane,pos,0.05768826174981439,106073.55733619293
E1-ecc,20260969,inplane,vel,0.08120223935275793,106073.55733619293
E1-ecc,20260969,inplane,pos,-2.2849034545846028,552130.3498888079
E1-ecc,20260969,inplane,vel,-3.020062130500815,552130.3498888079
E1-ecc,20260969,inplane,pos,0.9125032739907215,74604.3240566087
E1-ecc,20260969,inplane,vel,0.2747795486645579,74604.3240566087
E1-ecc,20260969,inplane,pos,-1.974453938645258,3350655.0060989074
E1-ecc,20260969,inplane,vel,1.5901176436803093,3350655.0060989074
E1-ecc,20260969,inplane,pos,0.12807141363330538,213622.18980340203
E1-ecc,20260969,inplane,vel,-0.594388587024167,213622.18980340203
E1-ecc,20260969,inplane,pos,-1.2759833647669325,4155882.2164573506
E1-ecc,20260969,inplane,vel,-1.0705911864908448,4155882.2164573506
E1-ecc,20260969,inplane,pos,-0.5311783440553248,109739.95030240082
E1-ecc,20260969,inplane,vel,-0.10940663722998015,109739.95030240082
E1-ecc,20260969,plane,pos,2.7461129539466325,484438.6792718674
E1-ecc,20260969,plane,vel,-15.726216403695847,484438.6792718674
E1-ecc,20260969,plane,pos,-0.27933641015604793,106073.55733619293
E1-ecc,20260969,plane,vel,0.7911745336760626,106073.55733619293
E1-ecc,20260969,plane,pos,1.6711588505773765,552130.3498888079
E1-ecc,20260969,plane,vel,2.5268730205146004,552130.3498888079
E1-ecc,20260969,plane,pos,0.6879951098791779,74604.3240566087
E1-ecc,20260969,plane,vel,0.9551206489092678,74604.3240566087
E1-ecc,20260969,plane,pos,1.2157003860676932,3350655.0060989074
E1-ecc,20260969,plane,vel,-0.8704080412326901,3350655.0060989074
E1-ecc,20260969,plane,pos,-1.6579283455623959,213622.18980340203
E1-ecc,20260969,plane,vel,0.5188354852208502,213622.18980340203
E1-ecc,20260969,plane,pos,0.44509167184605103,4155882.2164573506
E1-ecc,20260969,plane,vel,0.5223111925064471,4155882.2164573506
E1-ecc,20260969,plane,pos,-0.3134700900275512,109739.95030240082
E1-ecc,20260969,plane,vel,-0.3936595820307837,109739.95030240082
E1-ecc,20260976,range,pos,-1.4216082787881423,298151.3943633905
E1-ecc,20260976,range,vel,0.5401802141621094,298151.3943633905
E1-ecc,20260976,range,pos,0.9762724597788315,400186.89461278677
E1-ecc,20260976,range,vel,-0.5771818972777647,400186.89461278677
E1-ecc,20260976,range,pos,-0.7460124975269051,220411.51722148314
E1-ecc,20260976,range,vel,-0.5197950580541701,220411.51722148314
E1-ecc,20260976,range,pos,-0.539888681316045,28270.14571886551
E1-ecc,20260976,range,vel,-0.6247233306429096,28270.14571886551
E1-ecc,20260976,range,pos,0.8904933129867233,383385.16723035875
E1-ecc,20260976,range,vel,-0.2977809849131701,383385.16723035875
E1-ecc,20260976,range,pos,-0.6143470745243919,36107.188908635515
E1-ecc,20260976,range,vel,-0.2904898993262354,36107.188908635515
E1-ecc,20260976,range,pos,-0.35620310188266413,202718.44666015683
E1-ecc,20260976,range,vel,-0.4124564285094974,202718.44666015683
E1-ecc,20260976,range,pos,-0.309437751591398,31862.8783802165
E1-ecc,20260976,range,vel,-0.5459098187977136,31862.8783802165
E1-ecc,20260976,inplane,pos,-0.3579525016128177,298151.3943633905
E1-ecc,20260976,inplane,vel,-0.9675624292702417,298151.3943633905
E1-ecc,20260976,inplane,pos,0.3248543668374423,400186.89461278677
E1-ecc,20260976,inplane,vel,0.8980470114402906,400186.89461278677
E1-ecc,20260976,inplane,pos,-0.025478395895108318,220411.51722148314
E1-ecc,20260976,inplane,vel,-0.4544543912300677,220411.51722148314
E1-ecc,20260976,inplane,pos,0.2343629807460827,28270.14571886551
E1-ecc,20260976,inplane,vel,-0.16768655554518833,28270.14571886551
E1-ecc,20260976,inplane,pos,1.1447655687358833,383385.16723035875
E1-ecc,20260976,inplane,vel,0.9759596150283423,383385.16723035875
E1-ecc,20260976,inplane,pos,0.213930936347273,36107.188908635515
E1-ecc,20260976,inplane,vel,-0.7282800888515868,36107.188908635515
E1-ecc,20260976,inplane,pos,-0.31916135929087025,202718.44666015683
E1-ecc,20260976,inplane,vel,-0.39687030811137686,202718.44666015683
E1-ecc,20260976,inplane,pos,-1.3698818128858108,31862.8783802165
E1-ecc,20260976,inplane,vel,-0.06915170962750859,31862.8783802165
E1-ecc,20260976,plane,pos,0.06970909502705504,298151.3943633905
E1-ecc,20260976,plane,vel,0.062012455904438234,298151.3943633905
E1-ecc,20260976,plane,pos,-0.6154594591969366,400186.89461278677
E1-ecc,20260976,plane,vel,0.22768344827386822,400186.89461278677
E1-ecc,20260976,plane,pos,0.1776137243305398,220411.51722148314
E1-ecc,20260976,plane,vel,0.10655810063552582,220411.51722148314
E1-ecc,20260976,plane,pos,-0.8587305290241987,28270.14571886551
E1-ecc,20260976,plane,vel,-0.8996167230699011,28270.14571886551
E1-ecc,20260976,plane,pos,1.0561259204291236,383385.16723035875
E1-ecc,20260976,plane,vel,1.7158538176560814,383385.16723035875
E1-ecc,20260976,plane,pos,-1.274962987564853,36107.188908635515
E1-ecc,20260976,plane,vel,-1.4218399233048717,36107.188908635515
E1-ecc,20260976,plane,pos,1.1938893600968477,202718.44666015683
E1-ecc,20260976,plane,vel,0.9569089293497985,202718.44666015683
E1-ecc,20260976,plane,pos,-1.0410203886996212,31862.8783802165
E1-ecc,20260976,plane,vel,-1.5923995655551335,31862.8783802165
E1-ecc,20260976,range,pos,-0.03900203390090339,14052619.945684552
E1-ecc,20260976,range,vel,2.47919285831958,14052619.945684552
E1-ecc,20260976,range,pos,0.6429575370083714,1536688.4500908416
E1-ecc,20260976,range,vel,-0.2540037101598562,1536688.4500908416
E1-ecc,20260976,range,pos,1.117210017744091,142816.98914812045
E1-ecc,20260976,range,vel,-1.9064854403165956,142816.98914812045
E1-ecc,20260976,range,pos,0.6272261769123748,800532.892295427
E1-ecc,20260976,range,vel,0.9593282477783873,800532.892295427
E1-ecc,20260976,range,pos,1.5402668477149486,2772516.6904411986
E1-ecc,20260976,range,vel,-1.2342617006794665,2772516.6904411986
E1-ecc,20260976,range,pos,-1.6267365771840143,501088.88143707014
E1-ecc,20260976,range,vel,1.22822299114202,501088.88143707014
E1-ecc,20260976,range,pos,-0.4330824393050179,1050241.9743431157
E1-ecc,20260976,range,vel,-0.24722285022707802,1050241.9743431157
E1-ecc,20260976,range,pos,-0.424048780618521,332402.6216922209
E1-ecc,20260976,range,vel,-0.5043294147409801,332402.6216922209
E1-ecc,20260976,inplane,pos,-2.3878856867757983,14052619.945684552
E1-ecc,20260976,inplane,vel,-2.54541844366499,14052619.945684552
E1-ecc,20260976,inplane,pos,1.0384206304448025,1536688.4500908416
E1-ecc,20260976,inplane,vel,1.156999771210202,1536688.4500908416
E1-ecc,20260976,inplane,pos,-0.7708835635633398,142816.98914812045
E1-ecc,20260976,inplane,vel,1.1221722904544567,142816.98914812045
E1-ecc,20260976,inplane,pos,0.8200461499502169,800532.892295427
E1-ecc,20260976,inplane,vel,0.6760042992520825,800532.892295427
E1-ecc,20260976,inplane,pos,-0.9801948622519006,2772516.6904411986
E1-ecc,20260976,inplane,vel,1.825422874940882,2772516.6904411986
E1-ecc,20260976,inplane,pos,-0.680597687557775,501088.88143707014
E1-ecc,20260976,inplane,vel,-1.3076068375575878,501088.88143707014
E1-ecc,20260976,inplane,pos,-0.2365613507324201,1050241.9743431157
E1-ecc,20260976,inplane,vel,-0.4034617350827624,1050241.9743431157
E1-ecc,20260976,inplane,pos,0.013796609428498805,332402.6216922209
E1-ecc,20260976,inplane,vel,-0.5927761772229759,332402.6216922209
E1-ecc,20260976,plane,pos,-0.34116782948448054,14052619.945684552
E1-ecc,20260976,plane,vel,-1.8760541828163508,14052619.945684552
E1-ecc,20260976,plane,pos,-1.159743209408091,1536688.4500908416
E1-ecc,20260976,plane,vel,0.04866836033542446,1536688.4500908416
E1-ecc,20260976,plane,pos,-0.07353954068604936,142816.98914812045
E1-ecc,20260976,plane,vel,-1.31711453731467,142816.98914812045
E1-ecc,20260976,plane,pos,0.46148706509516546,800532.892295427
E1-ecc,20260976,plane,vel,0.3728208949807112,800532.892295427
E1-ecc,20260976,plane,pos,-0.22835534188011747,2772516.6904411986
E1-ecc,20260976,plane,vel,-0.8624516483415101,2772516.6904411986
E1-ecc,20260976,plane,pos,-1.419473235275831,501088.88143707014
E1-ecc,20260976,plane,vel,2.087806972746805,501088.88143707014
E1-ecc,20260976,plane,pos,1.586503479592665,1050241.9743431157
E1-ecc,20260976,plane,vel,-0.41129459012698444,1050241.9743431157
E1-ecc,20260976,plane,pos,-1.718168029474185,332402.6216922209
E1-ecc,20260976,plane,vel,-1.127847068393095,332402.6216922209
E1-ecc,20260976,range,pos,-0.33363741199638536,39819.692291338964
E1-ecc,20260976,range,vel,0.6184197869880441,39819.692291338964
E1-ecc,20260976,range,pos,-0.32404095459523635,13504732.418403294
E1-ecc,20260976,range,vel,0.25718337541511155,13504732.418403294
E1-ecc,20260976,range,pos,-1.1347120790266303,2684149.204144183
E1-ecc,20260976,range,vel,0.2019938969737064,2684149.204144183
E1-ecc,20260976,range,pos,0.06748818428291135,81484.0099806293
E1-ecc,20260976,range,vel,-1.3674457858866542,81484.0099806293
E1-ecc,20260976,range,pos,-1.0010153213718813,316782.6677134484
E1-ecc,20260976,range,vel,0.37195293451945266,316782.6677134484
E1-ecc,20260976,range,pos,1.35197119855189,2487796.496971663
E1-ecc,20260976,range,vel,-0.0035750429970238897,2487796.496971663
E1-ecc,20260976,inplane,pos,-0.8414484035349719,39819.692291338964
E1-ecc,20260976,inplane,vel,0.044576448381603705,39819.692291338964
E1-ecc,20260976,inplane,pos,-0.4204775241270309,13504732.418403294
E1-ecc,20260976,inplane,vel,1.0692382071105722,13504732.418403294
E1-ecc,20260976,inplane,pos,-1.2590717886967393,2684149.204144183
E1-ecc,20260976,inplane,vel,-1.3266719621463172,2684149.204144183
E1-ecc,20260976,inplane,pos,-0.8562504897840013,81484.0099806293
E1-ecc,20260976,inplane,vel,-0.39679863885347405,81484.0099806293
E1-ecc,20260976,inplane,pos,-0.49965894836256763,316782.6677134484
E1-ecc,20260976,inplane,vel,-0.8349443359845529,316782.6677134484
E1-ecc,20260976,inplane,pos,-1.0622873198580227,2487796.496971663
E1-ecc,20260976,inplane,vel,1.3477961244003724,2487796.496971663
E1-ecc,20260976,plane,pos,0.003205393220820869,39819.692291338964
E1-ecc,20260976,plane,vel,1.142189080593087,39819.692291338964
E1-ecc,20260976,plane,pos,0.5951296025662871,13504732.418403294
E1-ecc,20260976,plane,vel,-0.45067318509874577,13504732.418403294
E1-ecc,20260976,plane,pos,-0.9804179372044771,2684149.204144183
E1-ecc,20260976,plane,vel,0.11592730050875492,2684149.204144183
E1-ecc,20260976,plane,pos,-0.6384805744778852,81484.0099806293
E1-ecc,20260976,plane,vel,-1.7402732764506676,81484.0099806293
E1-ecc,20260976,plane,pos,1.3296960373665512,316782.6677134484
E1-ecc,20260976,plane,vel,0.4808777239977227,316782.6677134484
E1-ecc,20260976,plane,pos,1.2632698058042424,2487796.496971663
E1-ecc,20260976,plane,vel,-0.4166942257025697,2487796.496971663
E1-ecc,20260976,range,pos,0.2317695643151271,775841.6746073916
E1-ecc,20260976,range,vel,-0.6095432526645203,775841.6746073916
E1-ecc,20260976,range,pos,-0.39428542434517844,351555.5201375667
E1-ecc,20260976,range,vel,0.3973461838337962,351555.5201375667
E1-ecc,20260976,range,pos,-0.7294283372670508,181216.7007863611
E1-ecc,20260976,range,vel,1.519037984860889,181216.7007863611
E1-ecc,20260976,range,pos,0.807933436044926,1020092.1664911926
E1-ecc,20260976,range,vel,0.7900232626282558,1020092.1664911926
E1-ecc,20260976,range,pos,0.7158370396307159,9217316.444121102
E1-ecc,20260976,range,vel,0.5734127934749474,9217316.444121102
E1-ecc,20260976,range,pos,0.8005235713215767,54449.623463031574
E1-ecc,20260976,range,vel,0.8608098492263014,54449.623463031574
E1-ecc,20260976,range,pos,-0.5381435733450631,663382.3254593866
E1-ecc,20260976,range,vel,-0.3712140543805305,663382.3254593866
E1-ecc,20260976,range,pos,0.2139382041772393,432272.2040705957
E1-ecc,20260976,range,vel,-1.072648542532838,432272.2040705957
E1-ecc,20260976,inplane,pos,-0.47111506634557904,775841.6746073916
E1-ecc,20260976,inplane,vel,0.07167664150408973,775841.6746073916
E1-ecc,20260976,inplane,pos,0.4531844507732039,351555.5201375667
E1-ecc,20260976,inplane,vel,-0.4580703615504915,351555.5201375667
E1-ecc,20260976,inplane,pos,1.7668093060091632,181216.7007863611
E1-ecc,20260976,inplane,vel,-0.6287513711088691,181216.7007863611
E1-ecc,20260976,inplane,pos,-0.18129757371027488,1020092.1664911926
E1-ecc,20260976,inplane,vel,0.8427154845050002,1020092.1664911926
E1-ecc,20260976,inplane,pos,-1.3890846670240171,9217316.444121102
E1-ecc,20260976,inplane,vel,-1.3963155974736006,9217316.444121102
E1-ecc,20260976,inplane,pos,-1.3780332528657215,54449.623463031574
E1-ecc,20260976,inplane,vel,0.22811264254277333,54449.623463031574
E1-ecc,20260976,inplane,pos,0.02757410236553932,663382.3254593866
E1-ecc,20260976,inplane,vel,-0.5984324471824684,663382.3254593866
E1-ecc,20260976,inplane,pos,-1.52380674658232,432272.2040705957
E1-ecc,20260976,inplane,vel,0.0962047595710177,432272.2040705957
E1-ecc,20260976,plane,pos,-0.9604361762235017,775841.6746073916
E1-ecc,20260976,plane,vel,-1.2715659182196468,775841.6746073916
E1-ecc,20260976,plane,pos,0.6985575019935711,351555.5201375667
E1-ecc,20260976,plane,vel,0.9719805156129613,351555.5201375667
E1-ecc,20260976,plane,pos,-1.226029726131363,181216.7007863611
E1-ecc,20260976,plane,vel,1.0500144859404275,181216.7007863611
E1-ecc,20260976,plane,pos,-1.0724478405877458,1020092.1664911926
E1-ecc,20260976,plane,vel,-0.33865480885683613,1020092.1664911926
E1-ecc,20260976,plane,pos,1.0235368352397893,9217316.444121102
E1-ecc,20260976,plane,vel,0.5825703501137356,9217316.444121102
E1-ecc,20260976,plane,pos,-0.09609812955864974,54449.623463031574
E1-ecc,20260976,plane,vel,0.5324724851100894,54449.623463031574
E1-ecc,20260976,plane,pos,-0.8336112804014727,663382.3254593866
E1-ecc,20260976,plane,vel,-1.8791736521527442,663382.3254593866
E1-ecc,20260976,plane,pos,-0.6269285185623807,432272.2040705957
E1-ecc,20260976,plane,vel,0.6692551998741978,432272.2040705957
E1-ecc,20260976,range,pos,-1.2222093141283645,11011102.375046154
E1-ecc,20260976,range,vel,1.0392713953002592,11011102.375046154
E1-ecc,20260976,range,pos,0.11940913225253573,7225480.850684909
E1-ecc,20260976,range,vel,-0.684108284383849,7225480.850684909
E1-ecc,20260976,range,pos,1.8238924303124926,7618442.874301178
E1-ecc,20260976,range,vel,-2.135679056045621,7618442.874301178
E1-ecc,20260976,range,pos,0.8666450231756158,13728551.842121461
E1-ecc,20260976,range,vel,1.0073990253248257,13728551.842121461
E1-ecc,20260976,range,pos,-1.472896718419623,172577.43719158162
E1-ecc,20260976,range,vel,-0.9658520093838491,172577.43719158162
E1-ecc,20260976,range,pos,-0.9306250700605583,5459411.484670646
E1-ecc,20260976,range,vel,-1.5187292727960178,5459411.484670646
E1-ecc,20260976,range,pos,1.4352088607487918,58078.663233176216
E1-ecc,20260976,range,vel,-2.0299641256724823,58078.663233176216
E1-ecc,20260976,inplane,pos,-1.305406085713434,11011102.375046154
E1-ecc,20260976,inplane,vel,-0.9879969975471513,11011102.375046154
E1-ecc,20260976,inplane,pos,1.6626705739335526,7225480.850684909
E1-ecc,20260976,inplane,vel,1.1997426009954282,7225480.850684909
E1-ecc,20260976,inplane,pos,0.4859473994211337,7618442.874301178
E1-ecc,20260976,inplane,vel,0.9363585697461553,7618442.874301178
E1-ecc,20260976,inplane,pos,-1.4905253255244317,13728551.842121461
E1-ecc,20260976,inplane,vel,1.1642443658625559,13728551.842121461
E1-ecc,20260976,inplane,pos,-0.14663197789197804,172577.43719158162
E1-ecc,20260976,inplane,vel,-0.6901985160092504,172577.43719158162
E1-ecc,20260976,inplane,pos,0.07498307425534363,5459411.484670646
E1-ecc,20260976,inplane,vel,-1.0139535598626943,5459411.484670646
E1-ecc,20260976,inplane,pos,-0.4754951869452947,58078.663233176216
E1-ecc,20260976,inplane,vel,1.3836790891753685,58078.663233176216
E1-ecc,20260976,plane,pos,-1.23443791316163,11011102.375046154
E1-ecc,20260976,plane,vel,-0.38478756178079154,11011102.375046154
E1-ecc,20260976,plane,pos,0.10400223332248568,7225480.850684909
E1-ecc,20260976,plane,vel,0.36440880715819557,7225480.850684909
E1-ecc,20260976,plane,pos,-0.8645149086093356,7618442.874301178
E1-ecc,20260976,plane,vel,-0.8970078474999142,7618442.874301178
E1-ecc,20260976,plane,pos,-1.8000326257005346,13728551.842121461
E1-ecc,20260976,plane,vel,-1.174784543288777,13728551.842121461
E1-ecc,20260976,plane,pos,-0.43496236534098837,172577.43719158162
E1-ecc,20260976,plane,vel,1.176781907390425,172577.43719158162
E1-ecc,20260976,plane,pos,1.3930422858432805,5459411.484670646
E1-ecc,20260976,plane,vel,0.14276841213339694,5459411.484670646
E1-ecc,20260976,plane,pos,1.35342940545347,58078.663233176216
E1-ecc,20260976,plane,vel,0.686649606226315,58078.663233176216
E1-ecc,20260976,range,pos,-0.9586401417812137,252238.2275350955
E1-ecc,20260976,range,vel,0.49587810003760746,252238.2275350955
E1-ecc,20260976,range,pos,0.5302117767744159,116564.89786563547
E1-ecc,20260976,range,vel,0.3109592883340934,116564.89786563547
E1-ecc,20260976,range,pos,-0.8331980893460422,22336.415796654226
E1-ecc,20260976,range,vel,1.2793769274439077,22336.415796654226
E1-ecc,20260976,range,pos,-1.1981280088579525,179338.5884614992
E1-ecc,20260976,range,vel,0.8792749325158848,179338.5884614992
E1-ecc,20260976,range,pos,-3.4422544426975588,761640.8367958702
E1-ecc,20260976,range,vel,-3.130546316949549,761640.8367958702
E1-ecc,20260976,range,pos,-0.3436388156892295,65269.46004571915
E1-ecc,20260976,range,vel,-0.28661729341337966,65269.46004571915
E1-ecc,20260976,range,pos,-1.59872902076417,238131.96157334605
E1-ecc,20260976,range,vel,-1.9341391745069836,238131.96157334605
E1-ecc,20260976,range,pos,-1.2076248465106822,128756.77299398187
E1-ecc,20260976,range,vel,-1.5933752127464094,128756.77299398187
E1-ecc,20260976,inplane,pos,-1.3302596257779926,252238.2275350955
E1-ecc,20260976,inplane,vel,-0.8043821080927583,252238.2275350955
E1-ecc,20260976,inplane,pos,1.1777272939026093,116564.89786563547
E1-ecc,20260976,inplane,vel,0.773332213906848,116564.89786563547
E1-ecc,20260976,inplane,pos,0.3010296610488779,22336.415796654226
E1-ecc,20260976,inplane,vel,-0.8567751234598028,22336.415796654226
E1-ecc,20260976,inplane,pos,-0.18118066038833383,179338.5884614992
E1-ecc,20260976,inplane,vel,-1.2441627116569098,179338.5884614992
E1-ecc,20260976,inplane,pos,-2.814937320082654,761640.8367958702
E1-ecc,20260976,inplane,vel,-3.649292790584917,761640.8367958702
E1-ecc,20260976,inplane,pos,-0.768419594024544,65269.46004571915
E1-ecc,20260976,inplane,vel,-0.5424004064346502,65269.46004571915
E1-ecc,20260976,inplane,pos,-1.0641676978787786,238131.96157334605
E1-ecc,20260976,inplane,vel,-1.9151439469442608,238131.96157334605
E1-ecc,20260976,inplane,pos,-1.2625922153594318,128756.77299398187
E1-ecc,20260976,inplane,vel,-1.9336043766552973,128756.77299398187
E1-ecc,20260976,plane,pos,0.7451779373674422,252238.2275350955
E1-ecc,20260976,plane,vel,-0.771331382186984,252238.2275350955
E1-ecc,20260976,plane,pos,0.41662364726204787,116564.89786563547
E1-ecc,20260976,plane,vel,-0.4830324986952865,116564.89786563547
E1-ecc,20260976,plane,pos,1.3496774055413032,22336.415796654226
E1-ecc,20260976,plane,vel,1.210074126572017,22336.415796654226
E1-ecc,20260976,plane,pos,-1.2877906063449385,179338.5884614992
E1-ecc,20260976,plane,vel,0.5423077570412156,179338.5884614992
E1-ecc,20260976,plane,pos,2.0092899011532523,761640.8367958702
E1-ecc,20260976,plane,vel,1.4266346769352005,761640.8367958702
E1-ecc,20260976,plane,pos,-0.09224839995090606,65269.46004571915
E1-ecc,20260976,plane,vel,-0.44356818823288696,65269.46004571915
E1-ecc,20260976,plane,pos,-1.4007568574949756,238131.96157334605
E1-ecc,20260976,plane,vel,-2.491449623331627,238131.96157334605
E1-ecc,20260976,plane,pos,0.3022817052909844,128756.77299398187
E1-ecc,20260976,plane,vel,-0.7574789360530458,128756.77299398187
