cls,nav_seed,component,block,z,rho
NORMBURN,20260815,range,pos,0.1851959224130072,2920087.255198282
NORMBURN,20260815,range,vel,-0.17771392912763403,2920087.255198282
NORMBURN,20260815,range,pos,0.5124379777839411,11288603.535479601
NORMBURN,20260815,range,vel,0.2850402976950712,11288603.535479601
NORMBURN,20260815,range,pos,0.4919867905070938,12061584.829497522
NORMBURN,20260815,range,vel,-0.868248540239519,12061584.829497522
NORMBURN,20260815,range,pos,-0.12693067964982382,8029252.083398671
NORMBURN,20260815,range,vel,-0.2604994792432108,8029252.083398671
NORMBURN,20260815,range,pos,-0.41769736222339465,13036279.976390118
NORMBURN,20260815,range,vel,0.13238601864547833,13036279.976390118
NORMBURN,20260815,range,pos,-0.2070830893855796,12189255.22286339
NORMBURN,20260815,range,vel,-0.15002546802219763,12189255.22286339
NORMBURN,20260815,range,pos,3.922191933349667,1594629.3559040807
NORMBURN,20260815,range,vel,3.9735574133104365,1594629.3559040807
NORMBURN,20260815,inplane,pos,0.9795004022699019,2920087.255198282
NORMBURN,20260815,inplane,vel,0.4424544802017064,2920087.255198282
NORMBURN,20260815,inplane,pos,0.17173855066116397,11288603.535479601
NORMBURN,20260815,inplane,vel,-0.11398248704927325,11288603.535479601
NORMBURN,20260815,inplane,pos,0.033553155409136795,12061584.829497522
NORMBURN,20260815,inplane,vel,0.1436151144894072,12061584.829497522
NORMBURN,20260815,inplane,pos,0.8522717698816548,8029252.083398671
NORMBURN,20260815,inplane,vel,0.8766352306990784,8029252.083398671
NORMBURN,20260815,inplane,pos,-0.7714448027139145,13036279.976390118
NORMBURN,20260815,inplane,vel,2.2050968694369244,13036279.976390118
NORMBURN,20260815,inplane,pos,0.01873459418626482,12189255.22286339
NORMBURN,20260815,inplane,vel,0.42760757409694417,12189255.22286339
NORMBURN,20260815,inplane,pos,-2.3465411491890955,1594629.3559040807
NORMBURN,20260815,inplane,vel,3.9979630930700187,1594629.3559040807
NORMBURN,20260815,plane,pos,0.7759890544008688,2920087.255198282
NORMBURN,20260815,plane,vel,-1.030029411366999,2920087.255198282
NORMBURN,20260815,plane,pos,0.3119294794685646,11288603.535479601
NORMBURN,20260815,plane,vel,-1.4649868085037945,11288603.535479601
NORMBURN,20260815,plane,pos,0.7466366768554462,12061584.829497522
NORMBURN,20260815,plane,vel,-0.16321382421454125,12061584.829497522
NORMBURN,20260815,plane,pos,-0.817184059516263,8029252.083398671
NORMBURN,20260815,plane,vel,0.10816220844572919,8029252.083398671
NORMBURN,20260815,plane,pos,1.6277150755270013,13036279.976390118
NORMBURN,20260815,plane,vel,0.058194674147402294,13036279.976390118
NORMBURN,20260815,plane,pos,1.4786117217977768,12189255.22286339
NORMBURN,20260815,plane,vel,0.8514613926276833,12189255.22286339
NORMBURN,20260815,plane,pos,-0.40181673209856694,1594629.3559040807
NORMBURN,20260815,plane,vel,3.387379965627345,1594629.3559040807
NORMBURN,20260815,range,pos,1.172424567175398,3094114.217093229
NORMBURN,20260815,range,vel,0.5614952422625441,3094114.217093229
NORMBURN,20260815,range,pos,-1.0924484193631618,11221562.176580757
NORMBURN,20260815,range,vel,1.323123452412545,11221562.176580757
NORMBURN,20260815,range,pos,-0.39870124761323095,11800443.474541184
NORMBURN,20260815,range,vel,-0.1573283598956064,11800443.474541184
NORMBURN,20260815,range,pos,0.3543034928782068,7597776.693702315
NORMBURN,20260815,range,vel,0.9556815276221726,7597776.693702315
NORMBURN,20260815,range,pos,0.9892664487920227,12684640.279332986
NORMBURN,20260815,range,vel,0.593100589750102,12684640.279332986
NORMBURN,20260815,range,pos,-0.49339386639768373,13539531.863704793
NORMBURN,20260815,range,vel,-0.1633411207851741,13539531.863704793
NORMBURN,20260815,range,pos,-0.15618744883866606,12330708.57952589
NORMBURN,20260815,range,vel,-0.08544575652203362,12330708.57952589
NORMBURN,20260815,range,pos,3.027179699876669,1660409.4026624106
NORMBURN,20260815,range,vel,3.501671731983045,1660409.4026624106
NORMBURN,20260815,inplane,pos,1.6029724177909306,3094114.217093229
NORMBURN,20260815,inplane,vel,1.1065060660564023,3094114.217093229
NORMBURN,20260815,inplane,pos,-1.1939833339629748,11221562.176580757
NORMBURN,20260815,inplane,vel,-1.1353431621801582,11221562.176580757
NORMBURN,20260815,inplane,pos,-0.25814346432813795,11800443.474541184
NORMBURN,20260815,inplane,vel,0.12583101595058527,11800443.474541184
NORMBURN,20260815,inplane,pos,-1.4652798897279355,7597776.693702315
NORMBURN,20260815,inplane,vel,-1.4151915189915538,7597776.693702315
NORMBURN,20260815,inplane,pos,-0.5318160276236472,12684640.279332986
NORMBURN,20260815,inplane,vel,-0.585249566640826,12684640.279332986
NORMBURN,20260815,inplane,pos,0.034786442215519485,13539531.863704793
NORMBURN,20260815,inplane,vel,0.37440843658606193,13539531.863704793
NORMBURN,20260815,inplane,pos,0.05317547656106916,12330708.57952589
NORMBURN,20260815,inplane,vel,0.395933091431215,12330708.57952589
NORMBURN,20260815,inplane,pos,-0.31188187143965596,1660409.4026624106
NORMBURN,20260815,inplane,vel,3.0979687691214326,1660409.4026624106
NORMBURN,20260815,plane,pos,-1.68786675731338,3094114.217093229
NORMBURN,20260815,plane,vel,0.7592153830982534,3094114.217093229
NORMBURN,20260815,plane,pos,1.4128932957189826,11221562.176580757
NORMBURN,20260815,plane,vel,0.7475424292613047,11221562.176580757
NORMBURN,20260815,plane,pos,-0.3057313205607556,11800443.474541184
NORMBURN,20260815,plane,vel,-0.7293393552819071,11800443.474541184
NORMBURN,20260815,plane,pos,-0.1277581990383324,7597776.693702315
NORMBURN,20260815,plane,vel,0.15296652616313855,7597776.693702315
NORMBURN,20260815,plane,pos,0.6086202583446595,12684640.279332986
NORMBURN,20260815,plane,vel,1.5958212995323409,12684640.279332986
NORMBURN,20260815,plane,pos,0.2729879821826201,13539531.863704793
NORMBURN,20260815,plane,vel,2.302041625909627,13539531.863704793
NORMBURN,20260815,plane,pos,2.148236703318896,12330708.57952589
NORMBURN,20260815,plane,vel,-0.7625522782061983,12330708.57952589
NORMBURN,20260815,plane,pos,-1.9906909351951192,1660409.4026624106
NORMBURN,20260815,plane,vel,2.0565917745680564,1660409.4026624106
NORMBURN,20260815,range,pos,-0.40430448042888745,5427878.9351243265
NORMBURN,20260815,range,vel,-0.35311317375930396,5427878.9351243265
NORMBURN,20260815,range,pos,0.08518700282711861,13966933.600416027
NORMBURN,20260815,range,vel,0.05364023726071616,13966933.600416027
NORMBURN,20260815,range,pos,0.24460910072203926,4710754.099628602
NORMBURN,20260815,range,vel,-0.7055119532305943,4710754.099628602
NORMBURN,20260815,inplane,pos,-0.9898092321810625,5427878.9351243265
NORMBURN,20260815,inplane,vel,-0.44005713225768994,5427878.9351243265
NORMBURN,20260815,inplane,pos,-0.18955247770629324,13966933.600416027
NORMBURN,20260815,inplane,vel,-0.19655830219029732,13966933.600416027
NORMBURN,20260815,inplane,pos,-0.18278369110299578,4710754.099628602
NORMBURN,20260815,inplane,vel,0.26803742362553035,4710754.099628602
NORMBURN,20260815,plane,pos,2.307506141308893,5427878.9351243265
NORMBURN,20260815,plane,vel,1.0238744452013655,5427878.9351243265
NORMBURN,20260815,plane,pos,-0.011782079985488835,13966933.600416027
NORMBURN,20260815,plane,vel,0.7158932224758091,13966933.600416027
NORMBURN,20260815,plane,pos,0.0723464615914332,4710754.099628602
NORMBURN,20260815,plane,vel,0.781455258062346,4710754.099628602
NORMBURN,20260815,range,pos,-0.29886684736194563,10254826.097021561
NORMBURN,20260815,range,vel,-0.2757091697978236,10254826.097021561
NORMBURN,20260815,range,pos,-0.7223400698046636,13538386.096306102
NORMBURN,20260815,range,vel,-0.8504190115218649,13538386.096306102
NORMBURN,20260815,range,pos,-1.0135910412557345,7033672.472012859
NORMBURN,20260815,range,vel,-0.20062822375212924,7033672.472012859
NORMBURN,20260815,range,pos,-0.02277731338194057,14473358.591946611
NORMBURN,20260815,range,vel,0.2188076118054507,14473358.591946611
NORMBURN,20260815,range,pos,0.6517496092879996,4620123.501641751
NORMBURN,20260815,range,vel,-0.518433194798685,4620123.501641751
NORMBURN,20260815,range,pos,-6.145730252079379,2109164.704448746
NORMBURN,20260815,range,vel,-7.608948569306614,2109164.704448746
NORMBURN,20260815,inplane,pos,0.2553132118366213,10254826.097021561
NORMBURN,20260815,inplane,vel,-0.5046255445828917,10254826.097021561
NORMBURN,20260815,inplane,pos,0.7617561477318167,13538386.096306102
NORMBURN,20260815,inplane,vel,0.7279004516429117,13538386.096306102
NORMBURN,20260815,inplane,pos,0.6010049382723204,7033672.472012859
NORMBURN,20260815,inplane,vel,0.6597327644006621,7033672.472012859
NORMBURN,20260815,inplane,pos,-0.6553094104615016,14473358.591946611
NORMBURN,20260815,inplane,vel,-0.09351519050493988,14473358.591946611
NORMBURN,20260815,inplane,pos,-0.24116027140070123,4620123.501641751
NORMBURN,20260815,inplane,vel,-0.024564273172704564,4620123.501641751
NORMBURN,20260815,inplane,pos,-1.4486567671177024,2109164.704448746
NORMBURN,20260815,inplane,vel,-6.39959058691567,2109164.704448746
NORMBURN,20260815,plane,pos,-0.1860634751516476,10254826.097021561
NORMBURN,20260815,plane,vel,-0.6067202730443857,10254826.097021561
NORMBURN,20260815,plane,pos,-0.06468548266492354,13538386.096306102
NORMBURN,20260815,plane,vel,0.7741866288348673,13538386.096306102
NORMBURN,20260815,plane,pos,-0.2697029612516045,7033672.472012859
NORMBURN,20260815,plane,vel,0.7679009575275455,7033672.472012859
NORMBURN,20260815,plane,pos,-0.07382543286633944,14473358.591946611
NORMBURN,20260815,plane,vel,1.1310608068175403,14473358.591946611
NORMBURN,20260815,plane,pos,-0.4175610577409074,4620123.501641751
NORMBURN,20260815,plane,vel,-1.004697944064489,4620123.501641751
NORMBURN,20260815,plane,pos,1.0661526028156338,2109164.704448746
NORMBURN,20260815,plane,vel,-4.953067659246947,2109164.704448746
NORMBURN,20260815,range,pos,-0.6775703831364526,9849087.928070918
NORMBURN,20260815,range,vel,-0.7350041411242535,9849087.928070918
NORMBURN,20260815,range,pos,-2.304927992057594,6280761.822558446
NORMBURN,20260815,range,vel,1.824497467652098,6280761.822558446
NORMBURN,20260815,range,pos,-0.7235426788748925,14282793.31916066
NORMBURN,20260815,range,vel,-0.8461850553068113,14282793.31916066
NORMBURN,20260815,range,pos,-8.45756878469653,1954218.0171541208
NORMBURN,20260815,range,vel,-25.479828821813747,1954218.0171541208
NORMBURN,20260815,inplane,pos,0.37613323544035376,9849087.928070918
NORMBURN,20260815,inplane,vel,-0.9058493875461066,9849087.928070918
NORMBURN,20260815,inplane,pos,-2.2033574593815386,6280761.822558446
NORMBURN,20260815,inplane,vel,-2.5806934273075672,6280761.822558446
NORMBURN,20260815,inplane,pos,1.0334211157247675,14282793.31916066
NORMBURN,20260815,inplane,vel,0.16051075911517798,14282793.31916066
NORMBURN,20260815,inplane,pos,-2.3410784004270515,1954218.0171541208
NORMBURN,20260815,inplane,vel,-8.65033465651362,1954218.0171541208
NORMBURN,20260815,plane,pos,0.18660723674685373,9849087.928070918
NORMBURN,20260815,plane,vel,-0.7764039660221776,9849087.928070918
NORMBURN,20260815,plane,pos,-1.1347453899351936,6280761.822558446
NORMBURN,20260815,plane,vel,-1.3276278052472765,6280761.822558446
NORMBURN,20260815,plane,pos,0.9201782228990473,14282793.31916066
NORMBURN,20260815,plane,vel,0.1311143764428424,14282793.31916066
NORMBURN,20260815,plane,pos,2.339111306106024,1954218.0171541208
NORMBURN,20260815,plane,vel,-8.051726803648922,1954218.0171541208
NORMBURN,20260815,range,pos,0.4549904728578488,8435107.908334985
NORMBURN,20260815,range,vel,0.4117227400669393,8435107.908334985
NORMBURN,20260815,range,pos,-1.94557712250961,2410697.732009142
NORMBURN,20260815,range,vel,2.2205396428996584,2410697.732009142
NORMBURN,20260815,range,pos,-6.711410069749303,3741048.3928297986
NORMBURN,20260815,range,vel,-7.150032282234185,3741048.3928297986
NORMBURN,20260815,range,pos,-0.9012875934943275,7880156.404801684
NORMBURN,20260815,range,vel,-0.5039325261545836,7880156.404801684
NORMBURN,20260815,inplane,pos,-0.7397579222452876,8435107.908334985
NORMBURN,20260815,inplane,vel,0.3379964486423715,8435107.908334985
NORMBURN,20260815,inplane,pos,-0.5080106160070014,2410697.732009142
NORMBURN,20260815,inplane,vel,-1.8387432825071297,2410697.732009142
NORMBURN,20260815,inplane,pos,1.4325465765620693,3741048.3928297986
NORMBURN,20260815,inplane,vel,-6.940804443439103,3741048.3928297986
NORMBURN,20260815,inplane,pos,0.49101870240228496,7880156.404801684
NORMBURN,20260815,inplane,vel,0.6058283326567224,7880156.404801684
NORMBURN,20260815,plane,pos,2.3469107797907345,8435107.908334985
NORMBURN,20260815,plane,vel,0.7228931937484655,8435107.908334985
NORMBURN,20260815,plane,pos,-0.44488696829255747,2410697.732009142
NORMBURN,20260815,plane,vel,1.014199690624358,2410697.732009142
NORMBURN,20260815,plane,pos,1.6219414659888753,3741048.3928297986
NORMBURN,20260815,plane,vel,-0.7606066451198614,3741048.3928297986
NORMBURN,20260815,plane,pos,-1.1871269392734196,7880156.404801684
NORMBURN,20260815,plane,vel,-0.027484548893855144,7880156.404801684
NORMBURN,20260822,range,pos,-0.35741579442860655,10807831.360136773
NORMBURN,20260822,range,vel,-0.4562589190721555,10807831.360136773
NORMBURN,20260822,range,pos,2.708484065612,4172200.45645673
NORMBURN,20260822,range,vel,-1.2945772921820136,4172200.45645673
NORMBURN,20260822,inplane,pos,-0.17759760024175442,10807831.360136773
NORMBURN,20260822,inplane,vel,-0.024495898026189886,10807831.360136773
NORMBURN,20260822,inplane,pos,2.0437937138582414,4172200.45645673
NORMBURN,20260822,inplane,vel,3.038784838618337,4172200.45645673
NORMBURN,20260822,plane,pos,1.013776572742341,10807831.360136773
NORMBURN,20260822,plane,vel,1.0427552731847995,10807831.360136773
NORMBURN,20260822,plane,pos,-1.0032245051990738,4172200.45645673
NORMBURN,20260822,plane,vel,0.03174525296115589,4172200.45645673
NORMBURN,20260822,range,pos,2.004825915825593,8220923.371198266
NORMBURN,20260822,range,vel,2.123776669390912,8220923.371198266
NORMBURN,20260822,range,pos,-0.28465383028977176,12087887.885385126
NORMBURN,20260822,range,vel,-0.5639038067973488,12087887.885385126
NORMBURN,20260822,range,pos,0.39162631954512067,3813538.2005039887
NORMBURN,20260822,range,vel,-0.6732530632519611,3813538.2005039887
NORMBURN,20260822,inplane,pos,-1.626910766787058,8220923.371198266
NORMBURN,20260822,inplane,vel,2.008107082822658,8220923.371198266
NORMBURN,20260822,inplane,pos,0.6378273651598546,12087887.885385126
NORMBURN,20260822,inplane,vel,-1.0112005648556257,12087887.885385126
NORMBURN,20260822,inplane,pos,-0.24324506259260953,3813538.2005039887
NORMBURN,20260822,inplane,vel,0.3864891994683323,3813538.2005039887
NORMBURN,20260822,plane,pos,0.080849323119056,8220923.371198266
NORMBURN,20260822,plane,vel,-0.5719718538360135,8220923.371198266
NORMBURN,20260822,plane,pos,-0.003231032036883493,12087887.885385126
NORMBURN,20260822,plane,vel,0.6418261269046034,12087887.885385126
NORMBURN,20260822,plane,pos,-0.6864911559084697,3813538.2005039887
NORMBURN,20260822,plane,vel,-0.7556217673314486,3813538.2005039887
NORMBURN,20260822,range,pos,-0.5558592077798703,13260263.123156691
NORMBURN,20260822,range,vel,-0.4523866389468311,13260263.123156691
NORMBURN,20260822,range,pos,-1.3678549874113854,2426716.1144502806
NORMBURN,20260822,range,vel,1.5826472186150187,2426716.1144502806
NORMBURN,20260822,range,pos,-0.2380971140444395,13636058.096761832
NORMBURN,20260822,range,vel,-0.024687048383882543,13636058.096761832
NORMBURN,20260822,inplane,pos,0.6757923360055115,13260263.123156691
NORMBURN,20260822,inplane,vel,-0.23154344602060645,13260263.123156691
NORMBURN,20260822,inplane,pos,-0.4836718454754462,2426716.1144502806
NORMBURN,20260822,inplane,vel,-1.1167534197900353,2426716.1144502806
NORMBURN,20260822,inplane,pos,-1.6756673737474306,13636058.096761832
NORMBURN,20260822,inplane,vel,-0.25124685504629374,13636058.096761832
NORMBURN,20260822,plane,pos,-0.34225697947063666,13260263.123156691
NORMBURN,20260822,plane,vel,0.529658436181186,13260263.123156691
NORMBURN,20260822,plane,pos,0.29883253488814276,2426716.1144502806
NORMBURN,20260822,plane,vel,1.825818480149206,2426716.1144502806
NORMBURN,20260822,plane,pos,-0.2651521690904848,13636058.096761832
NORMBURN,20260822,plane,vel,-1.0017877156522808,13636058.096761832
NORMBURN,20260822,range,pos,-0.0687792957718182,11934487.051664554
NORMBURN,20260822,range,vel,0.03836679745237878,11934487.051664554
NORMBURN,20260822,range,pos,-1.1441025522437485,13050719.282865923
NORMBURN,20260822,range,vel,1.9121924768750065,13050719.282865923
NORMBURN,20260822,range,pos,-1.3865882520892607,13865905.820805764
NORMBURN,20260822,range,vel,-0.5910128802064158,13865905.820805764
NORMBURN,20260822,inplane,pos,-0.22820123139164372,11934487.051664554
NORMBURN,20260822,inplane,vel,0.6952846194022597,11934487.051664554
NORMBURN,20260822,inplane,pos,-1.7870933706276084,13050719.282865923
NORMBURN,20260822,inplane,vel,-1.0648206469654682,13050719.282865923
NORMBURN,20260822,inplane,pos,-0.41593382900035397,13865905.820805764
NORMBURN,20260822,inplane,vel,1.1172179483040154,13865905.820805764
NORMBURN,20260822,plane,pos,-0.43437845795578744,11934487.051664554
NORMBURN,20260822,plane,vel,0.20483731716265827,11934487.051664554
NORMBURN,20260822,plane,pos,1.4392021065667484,13050719.282865923
NORMBURN,20260822,plane,vel,0.04119910681993619,13050719.282865923
NORMBURN,20260822,plane,pos,-0.38044408540609287,13865905.820805764
NORMBURN,20260822,plane,vel,-1.1650018454883448,13865905.820805764
NORMBURN,20260822,range,pos,0.5538605600595126,11748725.221427184
NORMBURN,20260822,range,vel,0.6394334470735854,11748725.221427184
NORMBURN,20260822,range,pos,1.0940997037869278,13336752.027433047
NORMBURN,20260822,range,vel,0.9420478086299399,13336752.027433047
NORMBURN,20260822,inplane,pos,-0.6711654776957273,11748725.221427184
NORMBURN,20260822,inplane,vel,0.65574280612835,11748725.221427184
NORMBURN,20260822,inplane,pos,-1.1990984186988058,13336752.027433047
NORMBURN,20260822,inplane,vel,-1.5327406606690614,13336752.027433047
NORMBURN,20260822,plane,pos,1.4493352066524083,11748725.221427184
NORMBURN,20260822,plane,vel,0.5354489588032436,11748725.221427184
NORMBURN,20260822,plane,pos,1.6502152875539229,13336752.027433047
NORMBURN,20260822,plane,vel,-0.8447382283175964,13336752.027433047
NORMBURN,20260822,range,pos,-1.1959240156668622,12198618.682242535
NORMBURN,20260822,range,vel,-1.2534894916559554,12198618.682242535
NORMBURN,20260822,range,pos,0.9474900196270764,2907808.1922224197
NORMBURN,20260822,range,vel,0.13191462018504427,2907808.1922224197
NORMBURN,20260822,inplane,pos,1.1170184922280835,12198618.682242535
NORMBURN,20260822,inplane,vel,-1.7112682180958567,12198618.682242535
NORMBURN,20260822,inplane,pos,0.4495380580589542,2907808.1922224197
NORMBURN,20260822,inplane,vel,0.9873571716605049,2907808.1922224197
NORMBURN,20260822,plane,pos,0.24382935327745497,12198618.682242535
NORMBURN,20260822,plane,vel,0.0539431241809228,12198618.682242535
NORMBURN,20260822,plane,pos,-0.9495921904338466,2907808.1922224197
NORMBURN,20260822,plane,vel,1.3127384746549526,2907808.1922224197
NORMBURN,20260829,range,pos,1.0027031506026833,12240763.103034899
NORMBURN,20260829,range,vel,-1.7084656158503801,12240763.103034899
NORMBURN,20260829,range,pos,2.0956412729470544,4886588.07231211
NORMBURN,20260829,range,vel,-2.751346902032748,4886588.07231211
NORMBURN,20260829,range,pos,1.8599376685594342,6616326.9272442
NORMBURN,20260829,range,vel,-2.245236214903008,6616326.9272442
NORMBURN,20260829,range,pos,-1.4594775510312052,13489503.613193478
NORMBURN,20260829,range,vel,-2.017014840671887,13489503.613193478
NORMBURN,20260829,range,pos,0.01749908157124565,11054915.26801527
NORMBURN,20260829,range,vel,0.972317144014024,11054915.26801527
NORMBURN,20260829,range,pos,-0.9628103386793008,12949897.314276984
NORMBURN,20260829,range,vel,-0.7746212368518333,12949897.314276984
NORMBURN,20260829,range,pos,0.215512256506889,1045120.8316431805
NORMBURN,20260829,range,vel,0.15603546341553998,1045120.8316431805
NORMBURN,20260829,inplane,pos,1.783337880389868,12240763.103034899
NORMBURN,20260829,inplane,vel,1.1661176039869026,12240763.103034899
NORMBURN,20260829,inplane,pos,-0.37332767778394244,4886588.07231211
NORMBURN,20260829,inplane,vel,1.6678909612966584,4886588.07231211
NORMBURN,20260829,inplane,pos,0.6157664518596487,6616326.9272442
NORMBURN,20260829,inplane,vel,1.1565944689147136,6616326.9272442
NORMBURN,20260829,inplane,pos,2.2661763355396514,13489503.613193478
NORMBURN,20260829,inplane,vel,1.8479906466722018,13489503.613193478
NORMBURN,20260829,inplane,pos,-1.5095486871417667,11054915.26801527
NORMBURN,20260829,inplane,vel,-1.4787231073437033,11054915.26801527
NORMBURN,20260829,inplane,pos,-0.151164344911851,12949897.314276984
NORMBURN,20260829,inplane,vel,0.583453812188181,12949897.314276984
NORMBURN,20260829,inplane,pos,-1.1063537045537801,1045120.8316431805
NORMBURN,20260829,inplane,vel,0.184798641821657,1045120.8316431805
NORMBURN,20260829,plane,pos,-1.0209215153039453,12240763.103034899
NORMBURN,20260829,plane,vel,0.36791655265425444,12240763.103034899
NORMBURN,20260829,plane,pos,-2.072827300664458,4886588.07231211
NORMBURN,20260829,plane,vel,0.23631065280957658,4886588.07231211
NORMBURN,20260829,plane,pos,-0.09655111697784831,6616326.9272442
NORMBURN,20260829,plane,vel,-0.2181465082336517,6616326.9272442
NORMBURN,20260829,plane,pos,1.1600762892252254,13489503.613193478
NORMBURN,20260829,plane,vel,0.6469846645445207,13489503.613193478
NORMBURN,20260829,plane,pos,0.6597011931522226,11054915.26801527
NORMBURN,20260829,plane,vel,-0.4170999703851407,11054915.26801527
NORMBURN,20260829,plane,pos,0.06257536864661609,12949897.314276984
NORMBURN,20260829,plane,vel,1.0629736927695765,12949897.314276984
NORMBURN,20260829,plane,pos,0.5755978502843503,1045120.8316431805
NORMBURN,20260829,plane,vel,0.020441609118736687,1045120.8316431805
NORMBURN,20260829,range,pos,0.6193101453383153,12196254.387814794
NORMBURN,20260829,range,vel,-1.4457290649668684,12196254.387814794
NORMBURN,20260829,range,pos,0.6574588759960329,8980786.103601271
NORMBURN,20260829,range,vel,-0.5307985630141264,8980786.103601271
NORMBURN,20260829,range,pos,0.7623038647070537,6702715.9951605825
NORMBURN,20260829,range,vel,-1.6609522917890218,6702715.9951605825
NORMBURN,20260829,range,pos,0.49185893790066665,13269813.889917778
NORMBURN,20260829,range,vel,-0.4535498560933281,13269813.889917778
NORMBURN,20260829,range,pos,-0.6565921182564285,11201471.112333
NORMBURN,20260829,range,vel,0.45849702566114836,11201471.112333
NORMBURN,20260829,range,pos,-0.6175092639243764,13048594.728411246
NORMBURN,20260829,range,vel,-0.03489721300089829,13048594.728411246
NORMBURN,20260829,range,pos,-0.9148166932200162,4311374.486373984
NORMBURN,20260829,range,vel,0.6382594686807713,4311374.486373984
NORMBURN,20260829,range,pos,-897.0500947642703,2269240.9372605216
NORMBURN,20260829,range,vel,-437.699752998793,2269240.9372605216
NORMBURN,20260829,inplane,pos,1.7796296974847983,12196254.387814794
NORMBURN,20260829,inplane,vel,1.897997459157749,12196254.387814794
NORMBURN,20260829,inplane,pos,0.6334641782657477,8980786.103601271
NORMBURN,20260829,inplane,vel,0.7516468271368901,8980786.103601271
NORMBURN,20260829,inplane,pos,-0.08339774876589902,6702715.9951605825
NORMBURN,20260829,inplane,vel,0.7061873795641853,6702715.9951605825
NORMBURN,20260829,inplane,pos,0.6021962390828514,13269813.889917778
NORMBURN,20260829,inplane,vel,0.06305636405653023,13269813.889917778
NORMBURN,20260829,inplane,pos,-0.5231548170247011,11201471.112333
NORMBURN,20260829,inplane,vel,-0.29775339824309827,11201471.112333
NORMBURN,20260829,inplane,pos,-0.3009796822608721,13048594.728411246
NORMBURN,20260829,inplane,vel,0.26250189270537594,13048594.728411246
NORMBURN,20260829,inplane,pos,-0.889364807367309,4311374.486373984
NORMBURN,20260829,inplane,vel,-0.8086680499355741,4311374.486373984
NORMBURN,20260829,inplane,pos,-4.014656409768344,2269240.9372605216
NORMBURN,20260829,inplane,vel,-975.7750381498614,2269240.9372605216
NORMBURN,20260829,plane,pos,0.11565183640476061,12196254.387814794
NORMBURN,20260829,plane,vel,-0.7737438622977015,12196254.387814794
NORMBURN,20260829,plane,pos,2.309854117845314,8980786.103601271
NORMBURN,20260829,plane,vel,0.06473865731820055,8980786.103601271
NORMBURN,20260829,plane,pos,0.13409781130445472,6702715.9951605825
NORMBURN,20260829,plane,vel,-0.4972000772903022,6702715.9951605825
NORMBURN,20260829,plane,pos,0.4637773595693418,13269813.889917778
NORMBURN,20260829,plane,vel,-0.7410380597468657,13269813.889917778
NORMBURN,20260829,plane,pos,0.38960401734712125,11201471.112333
NORMBURN,20260829,plane,vel,-0.9399776052452312,11201471.112333
NORMBURN,20260829,plane,pos,0.37555099475391657,13048594.728411246
NORMBURN,20260829,plane,vel,1.1786942249911048,13048594.728411246
NORMBURN,20260829,plane,pos,-0.05402812880820701,4311374.486373984
NORMBURN,20260829,plane,vel,1.787722458455608,4311374.486373984
NORMBURN,20260829,plane,pos,2.6071600513587727,2269240.9372605216
NORMBURN,20260829,plane,vel,-90.71896240181856,2269240.9372605216
NORMBURN,20260829,range,pos,1.3259210650762143,12003919.30572916
NORMBURN,20260829,range,vel,-1.4741993289219038,12003919.30572916
NORMBURN,20260829,range,pos,1.8025522973919723,13046754.686101658
NORMBURN,20260829,range,vel,-1.1963277154778598,13046754.686101658
NORMBURN,20260829,range,pos,-0.1583151953273726,13022345.381582052
NORMBURN,20260829,range,vel,0.5188091385019337,13022345.381582052
NORMBURN,20260829,range,pos,-0.3616296180233112,14372527.3282945
NORMBURN,20260829,range,vel,-0.21201921674168972,14372527.3282945
NORMBURN,20260829,range,pos,-0.02558495394905369,10493899.924728122
NORMBURN,20260829,range,vel,0.3091186638595572,10493899.924728122
NORMBURN,20260829,inplane,pos,1.5782688411624073,12003919.30572916
NORMBURN,20260829,inplane,vel,1.2533421523000976,12003919.30572916
NORMBURN,20260829,inplane,pos,0.9926291888268542,13046754.686101658
NORMBURN,20260829,inplane,vel,0.15980293615552937,13046754.686101658
NORMBURN,20260829,inplane,pos,-0.2939694064233303,13022345.381582052
NORMBURN,20260829,inplane,vel,-0.1472241089643281,13022345.381582052
NORMBURN,20260829,inplane,pos,0.6066892704536528,14372527.3282945
NORMBURN,20260829,inplane,vel,0.43896336325019913,14372527.3282945
NORMBURN,20260829,inplane,pos,0.8974622364874503,10493899.924728122
NORMBURN,20260829,inplane,vel,0.49800282390794093,10493899.924728122
NORMBURN,20260829,plane,pos,-0.9110591845805271,12003919.30572916
NORMBURN,20260829,plane,vel,-0.5659569359961838,12003919.30572916
NORMBURN,20260829,plane,pos,-0.640815450829268,13046754.686101658
NORMBURN,20260829,plane,vel,0.5947912146007241,13046754.686101658
NORMBURN,20260829,plane,pos,-0.5146535316774914,13022345.381582052
NORMBURN,20260829,plane,vel,0.47103037862757924,13022345.381582052
NORMBURN,20260829,plane,pos,0.6820190839859577,14372527.3282945
NORMBURN,20260829,plane,vel,0.04419828167483805,14372527.3282945
NORMBURN,20260829,plane,pos,-0.6910873206280654,10493899.924728122
NORMBURN,20260829,plane,vel,-0.3001192122176285,10493899.924728122
NORMBURN,20260829,range,pos,-0.27143487481620987,13602693.61085012
NORMBURN,20260829,range,vel,-0.2121459241383894,13602693.61085012
NORMBURN,20260829,range,pos,0.6467013949894841,12804407.161545886
NORMBURN,20260829,range,vel,-0.6816391114113983,12804407.161545886
NORMBURN,20260829,range,pos,1.06407043002733,14343495.750329914
NORMBURN,20260829,range,vel,1.0812715850032513,14343495.750329914
NORMBURN,20260829,range,pos,1.296083467808137,10470136.693209717
NORMBURN,20260829,range,vel,1.7057931376477093,10470136.693209717
NORMBURN,20260829,range,pos,-1.2799188202396439,12596884.817984065
NORMBURN,20260829,range,vel,-1.5380849225858666,12596884.817984065
NORMBURN,20260829,inplane,pos,-0.3450052198270434,13602693.61085012
NORMBURN,20260829,inplane,vel,0.18419343692640802,13602693.61085012
NORMBURN,20260829,inplane,pos,0.44850630058380264,12804407.161545886
NORMBURN,20260829,inplane,vel,0.1407564035288823,12804407.161545886
NORMBURN,20260829,inplane,pos,-0.7840992479862902,14343495.750329914
NORMBURN,20260829,inplane,vel,-1.1305568350274096,14343495.750329914
NORMBURN,20260829,inplane,pos,-1.5682758963405188,10470136.693209717
NORMBURN,20260829,inplane,vel,-1.7446744061003463,10470136.693209717
NORMBURN,20260829,inplane,pos,2.112014271151987,12596884.817984065
NORMBURN,20260829,inplane,vel,1.6190703106001225,12596884.817984065
NORMBURN,20260829,plane,pos,-1.6171688311741796,13602693.61085012
NORMBURN,20260829,plane,vel,-1.2914731281079737,13602693.61085012
NORMBURN,20260829,plane,pos,0.3339192432735796,12804407.161545886
NORMBURN,20260829,plane,vel,-0.6646189176691003,12804407.161545886
NORMBURN,20260829,plane,pos,0.5904457642388328,14343495.750329914
NORMBURN,20260829,plane,vel,-0.6404524435937503,14343495.750329914
NORMBURN,20260829,plane,pos,-0.9310231036105274,10470136.693209717
NORMBURN,20260829,plane,vel,0.8077478851662867,10470136.693209717
NORMBURN,20260829,plane,pos,1.0326363278992723,12596884.817984065
NORMBURN,20260829,plane,vel,-1.5265443927411808,12596884.817984065
NORMBURN,20260829,range,pos,0.2076556011168855,13182620.357637426
NORMBURN,20260829,range,vel,0.44904711482811227,13182620.357637426
NORMBURN,20260829,range,pos,-0.14530682062034975,13550561.086338326
NORMBURN,20260829,range,vel,-0.006376138802802364,13550561.086338326
NORMBURN,20260829,range,pos,-0.20663504776498098,11511525.969642576
NORMBURN,20260829,range,vel,0.11175058136354565,11511525.969642576
NORMBURN,20260829,range,pos,0.2614481732152296,14083555.772212584
NORMBURN,20260829,range,vel,0.5360722558921703,14083555.772212584
NORMBURN,20260829,range,pos,0.011168518268248172,10480132.60989759
NORMBURN,20260829,range,vel,0.07089147656266907,10480132.60989759
NORMBURN,20260829,inplane,pos,-1.015777827087976,13182620.357637426
NORMBURN,20260829,inplane,vel,0.7600552122493047,13182620.357637426
NORMBURN,20260829,inplane,pos,0.0658444688257915,13550561.086338326
NORMBURN,20260829,inplane,vel,0.2375764231306133,13550561.086338326
NORMBURN,20260829,inplane,pos,0.24508671195231396,11511525.969642576
NORMBURN,20260829,inplane,vel,0.32476193455960933,11511525.969642576
NORMBURN,20260829,inplane,pos,-0.5534000017620734,14083555.772212584
NORMBURN,20260829,inplane,vel,-0.6208569529004515,14083555.772212584
NORMBURN,20260829,inplane,pos,-0.17964642602584277,10480132.60989759
NORMBURN,20260829,inplane,vel,-0.21777206663963827,10480132.60989759
NORMBURN,20260829,plane,pos,0.44522282629985316,13182620.357637426
NORMBURN,20260829,plane,vel,0.7146415268190571,13182620.357637426
NORMBURN,20260829,plane,pos,-1.520116392795385,13550561.086338326
NORMBURN,20260829,plane,vel,0.9688575188837845,13550561.086338326
NORMBURN,20260829,plane,pos,-0.5609639459982837,11511525.969642576
NORMBURN,20260829,plane,vel,1.710849093266028,11511525.969642576
NORMBURN,20260829,plane,pos,0.38403288304066274,14083555.772212584
NORMBURN,20260829,plane,vel,0.042655143324228116,14083555.772212584
NORMBURN,20260829,plane,pos,0.9656161004852594,10480132.60989759
NORMBURN,20260829,plane,vel,0.4562538299160339,10480132.60989759
NORMBURN,20260829,range,pos,-0.7850412485350711,13291965.196184125
NORMBURN,20260829,range,vel,-0.9493541241850304,13291965.196184125
NORMBURN,20260829,range,pos,-0.39198813985926084,13247765.786880963
NORMBURN,20260829,range,vel,-0.4870697010365356,13247765.786880963
NORMBURN,20260829,inplane,pos,0.819089163183767,13291965.196184125
NORMBURN,20260829,inplane,vel,-0.30966869351152443,13291965.196184125
NORMBURN,20260829,inplane,pos,1.4079266172117488,13247765.786880963
NORMBURN,20260829,inplane,vel,0.6383112554692887,13247765.786880963
NORMBURN,20260829,plane,pos,0.5959467448470848,13291965.196184125
NORMBURN,20260829,plane,vel,-0.10112041670578843,13291965.196184125
NORMBURN,20260829,plane,pos,1.025286818844506,13247765.786880963
NORMBURN,20260829,plane,vel,0.3836947782833561,13247765.786880963
NORMBURN,20260836,range,pos,-1.2147776483621708,7730271.154524128
NORMBURN,20260836,range,vel,-1.1710963723576262,7730271.154524128
NORMBURN,20260836,range,pos,0.6015270767763431,11601275.026980076
NORMBURN,20260836,range,vel,0.5430787129585547,11601275.026980076
NORMBURN,20260836,range,pos,0.9356505238440295,13165192.217635235
NORMBURN,20260836,range,vel,0.8287073859006392,13165192.217635235
NORMBURN,20260836,range,pos,0.6654842113128225,13217756.48130948
NORMBURN,20260836,range,vel,0.27132388551984055,13217756.48130948
NORMBURN,20260836,range,pos,-0.614459630299694,12489866.465415651
NORMBURN,20260836,range,vel,-0.005551621877923841,12489866.465415651
NORMBURN,20260836,inplane,pos,1.2268194176280267,7730271.154524128
NORMBURN,20260836,inplane,vel,-1.1982750245773581,7730271.154524128
NORMBURN,20260836,inplane,pos,-0.9109422377836667,11601275.026980076
NORMBURN,20260836,inplane,vel,0.7773687315626508,11601275.026980076
NORMBURN,20260836,inplane,pos,-0.9866712103520994,13165192.217635235
NORMBURN,20260836,inplane,vel,-1.2474682883625752,13165192.217635235
NORMBURN,20260836,inplane,pos,0.947492501884273,13217756.48130948
NORMBURN,20260836,inplane,vel,-0.12480719906945525,13217756.48130948
NORMBURN,20260836,inplane,pos,0.10420318191216597,12489866.465415651
NORMBURN,20260836,inplane,vel,0.49505312186520534,12489866.465415651
NORMBURN,20260836,plane,pos,-0.03781639172079514,7730271.154524128
NORMBURN,20260836,plane,vel,-1.743432203582318,7730271.154524128
NORMBURN,20260836,plane,pos,1.6014069588282855,11601275.026980076
NORMBURN,20260836,plane,vel,0.7218358613633878,11601275.026980076
NORMBURN,20260836,plane,pos,0.6252216879121012,13165192.217635235
NORMBURN,20260836,plane,vel,1.1490492312438716,13165192.217635235
NORMBURN,20260836,plane,pos,-0.4151470854082827,13217756.48130948
NORMBURN,20260836,plane,vel,0.12966134540859384,13217756.48130948
NORMBURN,20260836,plane,pos,0.02191408693005829,12489866.465415651
NORMBURN,20260836,plane,vel,-0.14361553060325694,12489866.465415651
NORMBURN,20260836,range,pos,-0.6564300150517136,7254787.153579396
NORMBURN,20260836,range,vel,-0.5310061126327004,7254787.153579396
NORMBURN,20260836,range,pos,0.8707328991802855,11687757.210797893
NORMBURN,20260836,range,vel,0.8881684271107521,11687757.210797893
NORMBURN,20260836,range,pos,1.0724006559817418,13800667.537815243
NORMBURN,20260836,range,vel,0.604869003163212,13800667.537815243
NORMBURN,20260836,range,pos,-0.9388990281987075,14060784.386215338
NORMBURN,20260836,range,vel,0.19630760243364645,14060784.386215338
NORMBURN,20260836,range,pos,0.10452481582246897,13009564.911564086
NORMBURN,20260836,range,vel,0.8818802475476231,13009564.911564086
NORMBURN,20260836,range,pos,0.3999135395895078,12392706.589428047
NORMBURN,20260836,range,vel,-0.27444502717085173,12392706.589428047
NORMBURN,20260836,inplane,pos,0.9996833123240007,7254787.153579396
NORMBURN,20260836,inplane,vel,-0.8517277116478414,7254787.153579396
NORMBURN,20260836,inplane,pos,-1.0762644949712927,11687757.210797893
NORMBURN,20260836,inplane,vel,1.31997175280841,11687757.210797893
NORMBURN,20260836,inplane,pos,-0.14441524564712174,13800667.537815243
NORMBURN,20260836,inplane,vel,-1.3650035603097836,13800667.537815243
NORMBURN,20260836,inplane,pos,-0.38948019009159907,14060784.386215338
NORMBURN,20260836,inplane,vel,0.46230622336569993,14060784.386215338
NORMBURN,20260836,inplane,pos,-0.5349353394691203,13009564.911564086
NORMBURN,20260836,inplane,vel,-0.6422773355705481,13009564.911564086
NORMBURN,20260836,inplane,pos,0.4340849006741043,12392706.589428047
NORMBURN,20260836,inplane,vel,0.14832544707593612,12392706.589428047
NORMBURN,20260836,plane,pos,-1.481659005664183,7254787.153579396
NORMBURN,20260836,plane,vel,-0.6896949434271288,7254787.153579396
NORMBURN,20260836,plane,pos,0.22559360324185185,11687757.210797893
NORMBURN,20260836,plane,vel,-0.960606924114371,11687757.210797893
NORMBURN,20260836,plane,pos,-0.6991895867897077,13800667.537815243
NORMBURN,20260836,plane,vel,-0.48064468716884373,13800667.537815243
NORMBURN,20260836,plane,pos,-0.2816481712978101,14060784.386215338
NORMBURN,20260836,plane,vel,0.6429807071982053,14060784.386215338
NORMBURN,20260836,plane,pos,0.5905451999252816,13009564.911564086
NORMBURN,20260836,plane,vel,0.2921199276057556,13009564.911564086
NORMBURN,20260836,plane,pos,0.03470870619780262,12392706.589428047
NORMBURN,20260836,plane,vel,0.861098869356328,12392706.589428047
NORMBURN,20260836,range,pos,-0.07472194918714602,11670721.988999978
NORMBURN,20260836,range,vel,0.01814068677113125,11670721.988999978
NORMBURN,20260836,range,pos,-0.6502491898665765,13969853.981730118
NORMBURN,20260836,range,vel,-0.9969838940486738,13969853.981730118
NORMBURN,20260836,range,pos,-1.5000984306903844,10022817.94910707
NORMBURN,20260836,range,vel,-1.1498246387148405,10022817.94910707
NORMBURN,20260836,range,pos,-0.4253407723234379,12465721.891425911
NORMBURN,20260836,range,vel,-0.16872329613131856,12465721.891425911
NORMBURN,20260836,inplane,pos,0.14297229931940847,11670721.988999978
NORMBURN,20260836,inplane,vel,0.3046855996964687,11670721.988999978
NORMBURN,20260836,inplane,pos,1.145349233446614,13969853.981730118
NORMBURN,20260836,inplane,vel,0.7454558769265578,13969853.981730118
NORMBURN,20260836,inplane,pos,0.7547509659289053,10022817.94910707
NORMBURN,20260836,inplane,vel,1.3137419893808517,10022817.94910707
NORMBURN,20260836,inplane,pos,0.0456235071006355,12465721.891425911
NORMBURN,20260836,inplane,vel,0.37823714657847446,12465721.891425911
NORMBURN,20260836,plane,pos,-1.095338350306855,11670721.988999978
NORMBURN,20260836,plane,vel,-0.5062077185142599,11670721.988999978
NORMBURN,20260836,plane,pos,0.7683815463158434,13969853.981730118
NORMBURN,20260836,plane,vel,-0.7106692021499975,13969853.981730118
NORMBURN,20260836,plane,pos,1.110653676929614,10022817.94910707
NORMBURN,20260836,plane,vel,0.25556340374724046,10022817.94910707
NORMBURN,20260836,plane,pos,-0.7638167832896046,12465721.891425911
NORMBURN,20260836,plane,vel,-0.28722989621612594,12465721.891425911
NORMBURN,20260836,range,pos,1.6090428463622573,730247.6605750901
NORMBURN,20260836,range,vel,-1.502641096303852,730247.6605750901
NORMBURN,20260836,range,pos,0.2529860885195597,13263808.441606069
NORMBURN,20260836,range,vel,0.2986799303615952,13263808.441606069
NORMBURN,20260836,range,pos,0.368238985051463,9857074.975031758
NORMBURN,20260836,range,vel,0.8934047831404028,9857074.975031758
NORMBURN,20260836,inplane,pos,0.13776700076087198,730247.6605750901
NORMBURN,20260836,inplane,vel,1.6193602913972858,730247.6605750901
NORMBURN,20260836,inplane,pos,-0.5646773894913942,13263808.441606069
NORMBURN,20260836,inplane,vel,-0.37612142350662753,13263808.441606069
NORMBURN,20260836,inplane,pos,-0.5428352371346615,9857074.975031758
NORMBURN,20260836,inplane,vel,-0.5834336720860579,9857074.975031758
NORMBURN,20260836,plane,pos,1.0709304456002735,730247.6605750901
NORMBURN,20260836,plane,vel,1.475045794810727,730247.6605750901
NORMBURN,20260836,plane,pos,0.3099142818177937,13263808.441606069
NORMBURN,20260836,plane,vel,-0.4792211363235012,13263808.441606069
NORMBURN,20260836,plane,pos,-0.37601254621112973,9857074.975031758
NORMBURN,20260836,plane,vel,-1.1522155719173772,9857074.975031758
NORMBURN,20260836,range,pos,-0.09582766844830277,7527294.9962263275
NORMBURN,20260836,range,vel,-0.15653365581475184,7527294.9962263275
NORMBURN,20260836,range,pos,-0.8480603370716175,13009993.173926087
NORMBURN,20260836,range,vel,-0.6010217067729607,13009993.173926087
NORMBURN,20260836,range,pos,-0.19771409668295137,9472266.55237522
NORMBURN,20260836,range,vel,0.5370306065946695,9472266.55237522
NORMBURN,20260836,range,pos,-0.20394993821572271,10928986.47119342
NORMBURN,20260836,range,vel,-1.0900261054155311,10928986.47119342
NORMBURN,20260836,range,pos,-0.9427108869234936,12506945.799649974
NORMBURN,20260836,range,vel,-0.7938152782434884,12506945.799649974
NORMBURN,20260836,range,pos,-0.7129552358150828,13288031.755160203
NORMBURN,20260836,range,vel,-0.7653828587989769,13288031.755160203
NORMBURN,20260836,inplane,pos,-0.22950135868521154,7527294.9962263275
NORMBURN,20260836,inplane,vel,-0.2376147926242483,7527294.9962263275
NORMBURN,20260836,inplane,pos,0.5657718974717212,13009993.173926087
NORMBURN,20260836,inplane,vel,0.830680333304003,13009993.173926087
NORMBURN,20260836,inplane,pos,-0.0304154811452054,9472266.55237522
NORMBURN,20260836,inplane,vel,-0.05970180892003396,9472266.55237522
NORMBURN,20260836,inplane,pos,0.36845782992234394,10928986.47119342
NORMBURN,20260836,inplane,vel,0.6548380550179288,10928986.47119342
NORMBURN,20260836,inplane,pos,1.1920553077255258,12506945.799649974
NORMBURN,20260836,inplane,vel,1.0032899753463773,12506945.799649974
NORMBURN,20260836,inplane,pos,0.8855944750919977,13288031.755160203
NORMBURN,20260836,inplane,vel,0.4983335034341969,13288031.755160203
NORMBURN,20260836,plane,pos,-0.19690952282917182,7527294.9962263275
NORMBURN,20260836,plane,vel,0.9222905975858239,7527294.9962263275
NORMBURN,20260836,plane,pos,-0.31153078427011716,13009993.173926087
NORMBURN,20260836,plane,vel,-0.9963067917748882,13009993.173926087
NORMBURN,20260836,plane,pos,-2.0027727936898847,9472266.55237522
NORMBURN,20260836,plane,vel,-0.2175132021101005,9472266.55237522
NORMBURN,20260836,plane,pos,-0.0805707670721309,10928986.47119342
NORMBURN,20260836,plane,vel,-0.9016056319108321,10928986.47119342
NORMBURN,20260836,plane,pos,-0.40781401009911844,12506945.799649974
NORMBURN,20260836,plane,vel,-0.4021048424392385,12506945.799649974
NORMBURN,20260836,plane,pos,0.002813672254883136,13288031.755160203
NORMBURN,20260836,plane,vel,0.2171278913381431,13288031.755160203
NORMBURN,20260836,range,pos,-0.03179813336245829,8461518.000015784
NORMBURN,20260836,range,vel,0.677891044790689,8461518.000015784
NORMBURN,20260836,range,pos,-1.1763188535734084,7646030.43344136
NORMBURN,20260836,range,vel,-1.2497052317342308,7646030.43344136
NORMBURN,20260836,range,pos,0.6183700697706557,13128184.181332214
NORMBURN,20260836,range,vel,1.1204967384199118,13128184.181332214
NORMBURN,20260836,range,pos,-0.4980056404396637,12390665.172539134
NORMBURN,20260836,range,vel,0.5915387861472134,12390665.172539134
NORMBURN,20260836,range,pos,0.6912826366651849,11518261.376975026
NORMBURN,20260836,range,vel,-1.2236560447031486,11518261.376975026
NORMBURN,20260836,range,pos,0.25801845538733387,12946502.305531066
NORMBURN,20260836,range,vel,-0.03214872578410513,12946502.305531066
NORMBURN,20260836,inplane,pos,-0.8282179540941562,8461518.000015784
NORMBURN,20260836,inplane,vel,-0.5375719221928942,8461518.000015784
NORMBURN,20260836,inplane,pos,0.7346975231355992,7646030.43344136
NORMBURN,20260836,inplane,vel,-1.1720686697285867,7646030.43344136
NORMBURN,20260836,inplane,pos,-0.527887380305648,13128184.181332214
NORMBURN,20260836,inplane,vel,-0.6862925900866789,13128184.181332214
NORMBURN,20260836,inplane,pos,-0.16122016290756422,12390665.172539134
NORMBURN,20260836,inplane,vel,0.08938763543776873,12390665.172539134
NORMBURN,20260836,inplane,pos,1.0518246967042162,11518261.376975026
NORMBURN,20260836,inplane,vel,0.8794953299491094,11518261.376975026
NORMBURN,20260836,inplane,pos,0.5042597665696174,12946502.305531066
NORMBURN,20260836,inplane,vel,-1.0920159531744527,12946502.305531066
NORMBURN,20260836,plane,pos,-0.8354891019790727,8461518.000015784
NORMBURN,20260836,plane,vel,0.3571548394351863,8461518.000015784
NORMBURN,20260836,plane,pos,0.3422388458840331,7646030.43344136
NORMBURN,20260836,plane,vel,1.1934985960500648,7646030.43344136
NORMBURN,20260836,plane,pos,-0.4940249222564182,13128184.181332214
NORMBURN,20260836,plane,vel,1.5996949580810655,13128184.181332214
NORMBURN,20260836,plane,pos,0.7345875772382372,12390665.172539134
NORMBURN,20260836,plane,vel,1.3525322689931403,12390665.172539134
NORMBURN,20260836,plane,pos,0.6042106702353351,11518261.376975026
NORMBURN,20260836,plane,vel,0.5454494457766781,11518261.376975026
NORMBURN,20260836,plane,pos,0.2226677492436056,12946502.305531066
NORMBURN,20260836,plane,vel,1.949810780336251,12946502.305531066
NORMBURN,20260843,range,pos,-0.7010057889584926,3730638.6830053795
NORMBURN,20260843,range,vel,-0.823534503851619,3730638.6830053795
NORMBURN,20260843,range,pos,-0.7897179949813938,14193537.690534513
NORMBURN,20260843,range,vel,-0.3698297421754737,14193537.690534513
NORMBURN,20260843,range,pos,0.08855944045627642,6799936.552513178
NORMBURN,20260843,range,vel,0.19431281967632671,6799936.552513178
NORMBURN,20260843,range,pos,-0.6385274009991468,13807086.706756473
NORMBURN,20260843,range,vel,-0.8249647764605688,13807086.706756473
NORMBURN,20260843,range,pos,0.28783319159525383,6848199.99288747
NORMBURN,20260843,range,vel,0.16079350026537131,6848199.99288747
NORMBURN,20260843,inplane,pos,0.30954993910453443,3730638.6830053795
NORMBURN,20260843,inplane,vel,-0.7119004444014723,3730638.6830053795
NORMBURN,20260843,inplane,pos,0.29317370980951357,14193537.690534513
NORMBURN,20260843,inplane,vel,1.2053995921109804,14193537.690534513
NORMBURN,20260843,inplane,pos,-0.8560218964545071,6799936.552513178
NORMBURN,20260843,inplane,vel,-0.9924894389632696,6799936.552513178
NORMBURN,20260843,inplane,pos,1.6360259630887253,13807086.706756473
NORMBURN,20260843,inplane,vel,0.5782671591027059,13807086.706756473
NORMBURN,20260843,inplane,pos,-0.7034343351249415,6848199.99288747
NORMBURN,20260843,inplane,vel,0.5014004238006563,6848199.99288747
NORMBURN,20260843,plane,pos,-0.13804468992227967,3730638.6830053795
NORMBURN,20260843,plane,vel,0.26885573711914523,3730638.6830053795
NORMBURN,20260843,plane,pos,1.843113589670104,14193537.690534513
NORMBURN,20260843,plane,vel,0.17738210353243752,14193537.690534513
NORMBURN,20260843,plane,pos,-0.7792563119450171,6799936.552513178
NORMBURN,20260843,plane,vel,0.5367476007108882,6799936.552513178
NORMBURN,20260843,plane,pos,-0.6127645179663213,13807086.706756473
NORMBURN,20260843,plane,vel,1.582812339008245,13807086.706756473
NORMBURN,20260843,plane,pos,0.015542862670776146,6848199.99288747
NORMBURN,20260843,plane,vel,-0.03934930421881077,6848199.99288747
NORMBURN,20260843,range,pos,0.004715010087534193,515671.87065077503
NORMBURN,20260843,range,vel,-0.1264963953691822,515671.87065077503
NORMBURN,20260843,range,pos,0.21720223985549586,14173044.817487728
NORMBURN,20260843,range,vel,0.9389361807834621,14173044.817487728
NORMBURN,20260843,range,pos,-0.5691009472386479,6857894.366801196
NORMBURN,20260843,range,vel,1.5758392465962605,6857894.366801196
NORMBURN,20260843,range,pos,-1.0803630290168615,12236501.400046479
NORMBURN,20260843,range,vel,-0.918703598227276,12236501.400046479
NORMBURN,20260843,range,pos,-1.110035813009496,13772621.463598834
NORMBURN,20260843,range,vel,-0.8607577961704141,13772621.463598834
NORMBURN,20260843,range,pos,0.2518533864356865,7128678.149784544
NORMBURN,20260843,range,vel,0.22629280939878743,7128678.149784544
NORMBURN,20260843,inplane,pos,0.4092637097606845,515671.87065077503
NORMBURN,20260843,inplane,vel,0.29504784097176023,515671.87065077503
NORMBURN,20260843,inplane,pos,-1.194251859089251,14173044.817487728
NORMBURN,20260843,inplane,vel,1.0853306326477725,14173044.817487728
NORMBURN,20260843,inplane,pos,0.29581493061751896,6857894.366801196
NORMBURN,20260843,inplane,vel,-0.4077281520414859,6857894.366801196
NORMBURN,20260843,inplane,pos,1.1429777828276373,12236501.400046479
NORMBURN,20260843,inplane,vel,1.1453571371351303,12236501.400046479
NORMBURN,20260843,inplane,pos,0.6982124368661433,13772621.463598834
NORMBURN,20260843,inplane,vel,1.1341967369418662,13772621.463598834
NORMBURN,20260843,inplane,pos,-0.5533476384053269,7128678.149784544
NORMBURN,20260843,inplane,vel,0.5561449346106425,7128678.149784544
NORMBURN,20260843,plane,pos,0.6073170870614467,515671.87065077503
NORMBURN,20260843,plane,vel,-0.8542620579233122,515671.87065077503
NORMBURN,20260843,plane,pos,1.157560092333237,14173044.817487728
NORMBURN,20260843,plane,vel,-0.9871742209343308,14173044.817487728
NORMBURN,20260843,plane,pos,-0.4564829471219262,6857894.366801196
NORMBURN,20260843,plane,vel,-0.8708947219768542,6857894.366801196
NORMBURN,20260843,plane,pos,-0.4821179109163644,12236501.400046479
NORMBURN,20260843,plane,vel,0.9385758932520898,12236501.400046479
NORMBURN,20260843,plane,pos,-1.5018147609240762,13772621.463598834
NORMBURN,20260843,plane,vel,-0.572621644693486,13772621.463598834
NORMBURN,20260843,plane,pos,-0.5786424505257526,7128678.149784544
NORMBURN,20260843,plane,vel,0.2764622792179138,7128678.149784544
NORMBURN,20260843,range,pos,0.7302413590198366,12785648.113904355
NORMBURN,20260843,range,vel,0.7964962265573126,12785648.113904355
NORMBURN,20260843,range,pos,-0.04540649640104967,13007938.104139857
NORMBURN,20260843,range,vel,0.02189145860397577,13007938.104139857
NORMBURN,20260843,range,pos,0.9262562726393393,11947611.616381299
NORMBURN,20260843,range,vel,0.7100024541034919,11947611.616381299
NORMBURN,20260843,inplane,pos,-0.7414379881396039,12785648.113904355
NORMBURN,20260843,inplane,vel,0.3830699100607324,12785648.113904355
NORMBURN,20260843,inplane,pos,-0.5299580502524022,13007938.104139857
NORMBURN,20260843,inplane,vel,-0.2415145874642611,13007938.104139857
NORMBURN,20260843,inplane,pos,-0.15782141370831337,11947611.616381299
NORMBURN,20260843,inplane,vel,-0.2742061779332836,11947611.616381299
NORMBURN,20260843,plane,pos,-0.47393611119519324,12785648.113904355
NORMBURN,20260843,plane,vel,0.928564065201035,12785648.113904355
NORMBURN,20260843,plane,pos,0.14826206491952643,13007938.104139857
NORMBURN,20260843,plane,vel,0.17246817141641363,13007938.104139857
NORMBURN,20260843,plane,pos,-0.6588880201243439,11947611.616381299
NORMBURN,20260843,plane,vel,1.0875349772416496,11947611.616381299
NORMBURN,20260843,range,pos,1.1126428256433456,12620832.189643472
NORMBURN,20260843,range,vel,1.220062943957078,12620832.189643472
NORMBURN,20260843,range,pos,0.7237419052938169,11798340.11778675
NORMBURN,20260843,range,vel,1.2200753164926694,11798340.11778675
NORMBURN,20260843,range,pos,0.20124586209039236,10737962.983385386
NORMBURN,20260843,range,vel,0.1507955362498425,10737962.983385386
NORMBURN,20260843,range,pos,0.011862785480647715,13965712.168608429
NORMBURN,20260843,range,vel,-0.8836468844690426,13965712.168608429
NORMBURN,20260843,inplane,pos,-1.2845726391735504,12620832.189643472
NORMBURN,20260843,inplane,vel,1.0897030382667152,12620832.189643472
NORMBURN,20260843,inplane,pos,-0.838064461572715,11798340.11778675
NORMBURN,20260843,inplane,vel,-0.9388485852442242,11798340.11778675
NORMBURN,20260843,inplane,pos,-0.10074875416985382,10737962.983385386
NORMBURN,20260843,inplane,vel,0.011587019596950299,10737962.983385386
NORMBURN,20260843,inplane,pos,0.9212792938897105,13965712.168608429
NORMBURN,20260843,inplane,vel,-0.08261918190201499,13965712.168608429
NORMBURN,20260843,plane,pos,-0.26039849664868675,12620832.189643472
NORMBURN,20260843,plane,vel,1.1393523010267022,12620832.189643472
NORMBURN,20260843,plane,pos,-1.2157495357909756,11798340.11778675
NORMBURN,20260843,plane,vel,-1.3725245968828677,11798340.11778675
NORMBURN,20260843,plane,pos,-1.3468838372326455,10737962.983385386
NORMBURN,20260843,plane,vel,-0.025725007684846552,10737962.983385386
NORMBURN,20260843,plane,pos,0.3580344294558898,13965712.168608429
NORMBURN,20260843,plane,vel,0.14095192984979574,13965712.168608429
NORMBURN,20260843,range,pos,0.03666495294989528,9754227.984707197
NORMBURN,20260843,range,vel,0.20689265325980963,9754227.984707197
NORMBURN,20260843,range,pos,1.1488435944133484,12316836.29276068
NORMBURN,20260843,range,vel,1.3855643378937765,12316836.29276068
NORMBURN,20260843,range,pos,0.3939145206247923,11695316.32224542
NORMBURN,20260843,range,vel,-0.3310526404999342,11695316.32224542
NORMBURN,20260843,range,pos,0.579429429494785,12370532.088204753
NORMBURN,20260843,range,vel,0.663491545589004,12370532.088204753
NORMBURN,20260843,range,pos,0.13608634999839572,13630926.399170227
NORMBURN,20260843,range,vel,-0.934320836127886,13630926.399170227
NORMBURN,20260843,range,pos,-0.5395187247076031,5070188.124491336
NORMBURN,20260843,range,vel,-0.5508865261582504,5070188.124491336
NORMBURN,20260843,inplane,pos,0.4398753278239899,9754227.984707197
NORMBURN,20260843,inplane,vel,0.15331528858637797,9754227.984707197
NORMBURN,20260843,inplane,pos,-1.6118631321652321,12316836.29276068
NORMBURN,20260843,inplane,vel,1.7958177072991373,12316836.29276068
NORMBURN,20260843,inplane,pos,0.8559787749620106,11695316.32224542
NORMBURN,20260843,inplane,vel,0.5616674049979367,11695316.32224542
NORMBURN,20260843,inplane,pos,-0.7711210276908024,12370532.088204753
NORMBURN,20260843,inplane,vel,0.7622031233998502,12370532.088204753
NORMBURN,20260843,inplane,pos,0.7821844936885443,13630926.399170227
NORMBURN,20260843,inplane,vel,-0.30079813721571563,13630926.399170227
NORMBURN,20260843,inplane,pos,0.44995032103411753,5070188.124491336
NORMBURN,20260843,inplane,vel,-0.624698524823241,5070188.124491336
NORMBURN,20260843,plane,pos,0.9171438310256652,9754227.984707197
NORMBURN,20260843,plane,vel,-0.11782646985154345,9754227.984707197
NORMBURN,20260843,plane,pos,0.6687878232104105,12316836.29276068
NORMBURN,20260843,plane,vel,0.7823856769331426,12316836.29276068
NORMBURN,20260843,plane,pos,0.6684019988302669,11695316.32224542
NORMBURN,20260843,plane,vel,-0.19733071196526775,11695316.32224542
NORMBURN,20260843,plane,pos,0.35065288288807483,12370532.088204753
NORMBURN,20260843,plane,vel,-1.4903971745076623,12370532.088204753
NORMBURN,20260843,plane,pos,-0.028438499199794222,13630926.399170227
NORMBURN,20260843,plane,vel,-0.04157500465205593,13630926.399170227
NORMBURN,20260843,plane,pos,0.5534619111927407,5070188.124491336
NORMBURN,20260843,plane,vel,-0.5960999796949407,5070188.124491336
NORMBURN,20260843,range,pos,1.3521465756265416,3722621.011750792
NORMBURN,20260843,range,vel,1.0518273004200385,3722621.011750792
NORMBURN,20260843,range,pos,-2.0000653182076427,11081200.76708838
NORMBURN,20260843,range,vel,-0.7190892418604465,11081200.76708838
NORMBURN,20260843,inplane,pos,0.6843971539894439,3722621.011750792
NORMBURN,20260843,inplane,vel,1.410660748183499,3722621.011750792
NORMBURN,20260843,inplane,pos,1.5603347958322549,11081200.76708838
NORMBURN,20260843,inplane,vel,1.911367264655298,11081200.76708838
NORMBURN,20260843,plane,pos,-1.7334214068147507,3722621.011750792
NORMBURN,20260843,plane,vel,-1.1009411070180941,3722621.011750792
NORMBURN,20260843,plane,pos,0.531889102691179,11081200.76708838
NORMBURN,20260843,plane,vel,-0.35229599693418534,11081200.76708838
NORMBURN,20260850,range,pos,1.4219430946278881,12747798.2482063
NORMBURN,20260850,range,vel,1.4506391099507983,12747798.2482063
NORMBURN,20260850,range,pos,0.7067406065028055,111257.62595629497
NORMBURN,20260850,range,vel,0.7690421691488841,111257.62595629497
NORMBURN,20260850,inplane,pos,-1.3722581522260422,12747798.2482063
NORMBURN,20260850,inplane,vel,-0.5023368894053167,12747798.2482063
NORMBURN,20260850,inplane,pos,-1.0970632424131936,111257.62595629497
NORMBURN,20260850,inplane,vel,-0.4562136218578155,111257.62595629497
NORMBURN,20260850,plane,pos,0.2662550999027771,12747798.2482063
NORMBURN,20260850,plane,vel,1.2301212969173811,12747798.2482063
NORMBURN,20260850,plane,pos,-1.6140240663080176,111257.62595629497
NORMBURN,20260850,plane,vel,0.6352444598449664,111257.62595629497
NORMBURN,20260850,range,pos,0.16087171491948032,9511969.251706468
NORMBURN,20260850,range,vel,0.07037235225096704,9511969.251706468
NORMBURN,20260850,range,pos,0.33515627774209344,11908424.09959933
NORMBURN,20260850,range,vel,0.303041316581322,11908424.09959933
NORMBURN,20260850,range,pos,0.13299319166871368,13455118.509349087
NORMBURN,20260850,range,vel,-0.15638154991926478,13455118.509349087
NORMBURN,20260850,range,pos,1.0296674838621283,291175.0571103409
NORMBURN,20260850,range,vel,1.0612752155980616,291175.0571103409
NORMBURN,20260850,range,pos,1.2748647389632217,12140997.879929733
NORMBURN,20260850,range,vel,-0.928431559146264,12140997.879929733
NORMBURN,20260850,range,pos,-3.61903690240718,5548793.820803676
NORMBURN,20260850,range,vel,-4.009410752523343,5548793.820803676
NORMBURN,20260850,inplane,pos,-0.7363834150517079,9511969.251706468
NORMBURN,20260850,inplane,vel,0.3415647618288766,9511969.251706468
NORMBURN,20260850,inplane,pos,-0.6319752789738027,11908424.09959933
NORMBURN,20260850,inplane,vel,0.18295484887217278,11908424.09959933
NORMBURN,20260850,inplane,pos,0.13845813697023254,13455118.509349087
NORMBURN,20260850,inplane,vel,-0.512835078337023,13455118.509349087
NORMBURN,20260850,inplane,pos,1.0240809071104249,291175.0571103409
NORMBURN,20260850,inplane,vel,1.0531729910703507,291175.0571103409
NORMBURN,20260850,inplane,pos,0.7491226503645978,12140997.879929733
NORMBURN,20260850,inplane,vel,0.25157782852934385,12140997.879929733
NORMBURN,20260850,inplane,pos,0.3268262296975805,5548793.820803676
NORMBURN,20260850,inplane,vel,-3.5611525083620004,5548793.820803676
NORMBURN,20260850,plane,pos,0.12878575045887303,9511969.251706468
NORMBURN,20260850,plane,vel,-0.4523717494711593,9511969.251706468
NORMBURN,20260850,plane,pos,0.2566750973707776,11908424.09959933
NORMBURN,20260850,plane,vel,0.6508480591189948,11908424.09959933
NORMBURN,20260850,plane,pos,-2.197596091233586,13455118.509349087
NORMBURN,20260850,plane,vel,0.46144987801325005,13455118.509349087
NORMBURN,20260850,plane,pos,-0.1480092348065624,291175.0571103409
NORMBURN,20260850,plane,vel,-0.9972717836902749,291175.0571103409
NORMBURN,20260850,plane,pos,0.9459609199186312,12140997.879929733
NORMBURN,20260850,plane,vel,0.023202414948035707,12140997.879929733
NORMBURN,20260850,plane,pos,-0.1958283029331331,5548793.820803676
NORMBURN,20260850,plane,vel,0.605764208279911,5548793.820803676
NORMBURN,20260850,range,pos,-0.39728334325279685,8063549.778385718
NORMBURN,20260850,range,vel,-0.3342822226737516,8063549.778385718
NORMBURN,20260850,range,pos,0.04299792227405344,13393618.529040957
NORMBURN,20260850,range,vel,0.33999453074008307,13393618.529040957
NORMBURN,20260850,range,pos,-0.17199300395817774,6282296.728791714
NORMBURN,20260850,range,vel,-0.1019864513712304,6282296.728791714
NORMBURN,20260850,range,pos,-0.42324522923454166,13323155.888088256
NORMBURN,20260850,range,vel,-0.4022173417749588,13323155.888088256
NORMBURN,20260850,inplane,pos,0.7589051682751551,8063549.778385718
NORMBURN,20260850,inplane,vel,-0.29673540333143783,8063549.778385718
NORMBURN,20260850,inplane,pos,-0.6299278196013234,13393618.529040957
NORMBURN,20260850,inplane,vel,-0.24689354166708716,13393618.529040957
NORMBURN,20260850,inplane,pos,1.663516112838195,6282296.728791714
NORMBURN,20260850,inplane,vel,-0.07482076341041866,6282296.728791714
NORMBURN,20260850,inplane,pos,0.18698888059167434,13323155.888088256
NORMBURN,20260850,inplane,vel,0.6339523204205798,13323155.888088256
NORMBURN,20260850,plane,pos,-1.8818189378565386,8063549.778385718
NORMBURN,20260850,plane,vel,-0.5248982814455798,8063549.778385718
NORMBURN,20260850,plane,pos,0.8898683806558075,13393618.529040957
NORMBURN,20260850,plane,vel,0.020138794322035844,13393618.529040957
NORMBURN,20260850,plane,pos,0.02682344550826378,6282296.728791714
NORMBURN,20260850,plane,vel,-1.8650464543509577,6282296.728791714
NORMBURN,20260850,plane,pos,1.0514933025954787,13323155.888088256
NORMBURN,20260850,plane,vel,1.0744195615074472,13323155.888088256
NORMBURN,20260850,range,pos,1.5690725240605377,8068043.051404858
NORMBURN,20260850,range,vel,1.5459816141454246,8068043.051404858
NORMBURN,20260850,range,pos,-0.2755242306232885,3617418.123357384
NORMBURN,20260850,range,vel,0.024261315400200052,3617418.123357384
NORMBURN,20260850,range,pos,-0.1211384213878626,13677659.86084528
NORMBURN,20260850,range,vel,0.16078691674925052,13677659.86084528
NORMBURN,20260850,range,pos,-12.302882571670441,3823541.88175505
NORMBURN,20260850,range,vel,-14.019923622188168,3823541.88175505
NORMBURN,20260850,range,pos,2.119440270048722,5986575.654884884
NORMBURN,20260850,range,vel,2.0654610411701926,5986575.654884884
NORMBURN,20260850,range,pos,0.20086105656433367,13367097.375430401
NORMBURN,20260850,range,vel,0.27355916153954923,13367097.375430401
NORMBURN,20260850,range,pos,-0.18421194015255457,896876.0816339337
NORMBURN,20260850,range,vel,-0.1468502633675118,896876.0816339337
NORMBURN,20260850,inplane,pos,-1.5158723226087714,8068043.051404858
NORMBURN,20260850,inplane,vel,1.5648905189275417,8068043.051404858
NORMBURN,20260850,inplane,pos,0.26688439897245675,3617418.123357384
NORMBURN,20260850,inplane,vel,-0.06320421221890613,3617418.123357384
NORMBURN,20260850,inplane,pos,-0.5572662674692274,13677659.86084528
NORMBURN,20260850,inplane,vel,0.05299633745371047,13677659.86084528
NORMBURN,20260850,inplane,pos,-0.3187406000679481,3823541.88175505
NORMBURN,20260850,inplane,vel,-13.141944009220984,3823541.88175505
NORMBURN,20260850,inplane,pos,-1.7234274346745566,5986575.654884884
NORMBURN,20260850,inplane,vel,2.132060833949682,5986575.654884884
NORMBURN,20260850,inplane,pos,-0.3602200531792499,13367097.375430401
NORMBURN,20260850,inplane,vel,0.11587655926851383,13367097.375430401
NORMBURN,20260850,inplane,pos,-0.2766649171975086,896876.0816339337
NORMBURN,20260850,inplane,vel,-0.023293260995972905,896876.0816339337
NORMBURN,20260850,plane,pos,0.08490625762447938,8068043.051404858
NORMBURN,20260850,plane,vel,1.1223409014485854,8068043.051404858
NORMBURN,20260850,plane,pos,-0.05423769416621513,3617418.123357384
NORMBURN,20260850,plane,vel,-0.02469093972355276,3617418.123357384
NORMBURN,20260850,plane,pos,1.5058052153508288,13677659.86084528
NORMBURN,20260850,plane,vel,0.7288269949676268,13677659.86084528
NORMBURN,20260850,plane,pos,-1.3033766044363235,3823541.88175505
NORMBURN,20260850,plane,vel,-0.5905306914933006,3823541.88175505
NORMBURN,20260850,plane,pos,-1.067952593405982,5986575.654884884
NORMBURN,20260850,plane,vel,-2.32526447185582,5986575.654884884
NORMBURN,20260850,plane,pos,0.21029648002307408,13367097.375430401
NORMBURN,20260850,plane,vel,0.12255677874171837,13367097.375430401
NORMBURN,20260850,plane,pos,-0.9521958444192093,896876.0816339337
NORMBURN,20260850,plane,vel,0.15127875887909686,896876.0816339337
NORMBURN,20260850,range,pos,1.4746700209748793,8029957.7084642295
NORMBURN,20260850,range,vel,1.3234379969388563,8029957.7084642295
NORMBURN,20260850,range,pos,-0.9665753362320437,1457595.7164034296
NORMBURN,20260850,range,vel,1.1358815294690645,1457595.7164034296
NORMBURN,20260850,range,pos,-1.6930915889019984,8491258.63728783
NORMBURN,20260850,range,vel,-0.22098722157404654,8491258.63728783
NORMBURN,20260850,range,pos,-93.66240444713553,2809794.8644716446
NORMBURN,20260850,range,vel,-285.9647028649079,2809794.8644716446
NORMBURN,20260850,range,pos,-1.5643302341776473,4164572.471521497
NORMBURN,20260850,range,vel,-1.3191508984543325,4164572.471521497
NORMBURN,20260850,range,pos,1.2964568024760799,13246537.58239343
NORMBURN,20260850,range,vel,0.7531234167352853,13246537.58239343
NORMBURN,20260850,range,pos,0.8797453244105748,3146743.1788706714
NORMBURN,20260850,range,vel,0.24299356895366087,3146743.1788706714
NORMBURN,20260850,inplane,pos,-2.152399287710739,8029957.7084642295
NORMBURN,20260850,inplane,vel,1.514949883693336,8029957.7084642295
NORMBURN,20260850,inplane,pos,-0.09801210890574749,1457595.7164034296
NORMBURN,20260850,inplane,vel,-0.6273752112557044,1457595.7164034296
NORMBURN,20260850,inplane,pos,-0.9878570828544637,8491258.63728783
NORMBURN,20260850,inplane,vel,-0.00102591554402018,8491258.63728783
NORMBURN,20260850,inplane,pos,46.70445833287884,2809794.8644716446
NORMBURN,20260850,inplane,vel,-88.97950645430991,2809794.8644716446
NORMBURN,20260850,inplane,pos,1.588492235792163,4164572.471521497
NORMBURN,20260850,inplane,vel,-1.536825515246447,4164572.471521497
NORMBURN,20260850,inplane,pos,-0.09622589015401105,13246537.58239343
NORMBURN,20260850,inplane,vel,-1.3570745746968378,13246537.58239343
NORMBURN,20260850,inplane,pos,0.4699828372421449,3146743.1788706714
NORMBURN,20260850,inplane,vel,0.9638002482633868,3146743.1788706714
NORMBURN,20260850,plane,pos,0.8703479702341722,8029957.7084642295
NORMBURN,20260850,plane,vel,0.5932002749174777,8029957.7084642295
NORMBURN,20260850,plane,pos,0.11095098877602527,1457595.7164034296
NORMBURN,20260850,plane,vel,1.8347066401328074,1457595.7164034296
NORMBURN,20260850,plane,pos,-1.1162671865683793,8491258.63728783
NORMBURN,20260850,plane,vel,0.2402710556595337,8491258.63728783
NORMBURN,20260850,plane,pos,16.722541276722076,2809794.8644716446
NORMBURN,20260850,plane,vel,63.043414133126426,2809794.8644716446
NORMBURN,20260850,plane,pos,-0.2382220884874979,4164572.471521497
NORMBURN,20260850,plane,vel,1.7488723975167784,4164572.471521497
NORMBURN,20260850,plane,pos,1.1994630793090455,13246537.58239343
NORMBURN,20260850,plane,vel,-1.0036984871329024,13246537.58239343
NORMBURN,20260850,plane,pos,-1.3239705885774906,3146743.1788706714
NORMBURN,20260850,plane,vel,0.4065450664478436,3146743.1788706714
NORMBURN,20260850,range,pos,-0.02346180212305833,12107969.12441468
NORMBURN,20260850,range,vel,-0.21768909618337462,12107969.12441468
NORMBURN,20260850,range,pos,1.098284172532495,7618585.314488349
NORMBURN,20260850,range,vel,-1.0344056605892398,7618585.314488349
NORMBURN,20260850,range,pos,-0.16962354074606542,14014682.909909582
NORMBURN,20260850,range,vel,-0.24535956912387943,14014682.909909582
NORMBURN,20260850,inplane,pos,0.38790251727184016,12107969.12441468
NORMBURN,20260850,inplane,vel,-1.0637772840693225,12107969.12441468
NORMBURN,20260850,inplane,pos,0.8293245960387928,7618585.314488349
NORMBURN,20260850,inplane,vel,0.7875802748109321,7618585.314488349
NORMBURN,20260850,inplane,pos,0.593087326579818,14014682.909909582
NORMBURN,20260850,inplane,vel,-0.013873514370989581,14014682.909909582
NORMBURN,20260850,plane,pos,0.33240680757800967,12107969.12441468
NORMBURN,20260850,plane,vel,0.21243302825447224,12107969.12441468
NORMBURN,20260850,plane,pos,0.3498197222917581,7618585.314488349
NORMBURN,20260850,plane,vel,0.30311462026243025,7618585.314488349
NORMBURN,20260850,plane,pos,1.1424469477939456,14014682.909909582
NORMBURN,20260850,plane,vel,-0.07325694475709449,14014682.909909582
NORMBURN,20260857,range,pos,-0.8615058938980714,9092069.901757069
NORMBURN,20260857,range,vel,1.0593110429000527,9092069.901757069
NORMBURN,20260857,range,pos,-0.29095198200840994,12662670.49936901
NORMBURN,20260857,range,vel,-0.24290509562773885,12662670.49936901
NORMBURN,20260857,range,pos,-1.1416964219933323,4439652.59908045
NORMBURN,20260857,range,vel,-1.1114378568750691,4439652.59908045
NORMBURN,20260857,range,pos,0.16849859358047137,5723265.083064562
NORMBURN,20260857,range,vel,0.13800459225667783,5723265.083064562
NORMBURN,20260857,inplane,pos,-1.0223355303698762,9092069.901757069
NORMBURN,20260857,inplane,vel,-1.055662607690125,9092069.901757069
NORMBURN,20260857,inplane,pos,-0.03704181690445465,12662670.49936901
NORMBURN,20260857,inplane,vel,0.6256005290295396,12662670.49936901
NORMBURN,20260857,inplane,pos,1.8386940546437858,4439652.59908045
NORMBURN,20260857,inplane,vel,-1.0875352181686735,4439652.59908045
NORMBURN,20260857,inplane,pos,-0.18897070571209354,5723265.083064562
NORMBURN,20260857,inplane,vel,0.1660820341337026,5723265.083064562
NORMBURN,20260857,plane,pos,-0.541572270155828,9092069.901757069
NORMBURN,20260857,plane,vel,-0.4696766633181441,9092069.901757069
NORMBURN,20260857,plane,pos,-0.3501650583329373,12662670.49936901
NORMBURN,20260857,plane,vel,0.22969776033072395,12662670.49936901
NORMBURN,20260857,plane,pos,-0.4357260410323676,4439652.59908045
NORMBURN,20260857,plane,vel,-0.24781439261562976,4439652.59908045
NORMBURN,20260857,plane,pos,-1.4545725161371306,5723265.083064562
NORMBURN,20260857,plane,vel,-0.884776094143155,5723265.083064562
NORMBURN,20260857,range,pos,-1.607941148998315,9201620.843399845
NORMBURN,20260857,range,vel,1.6023391591058842,9201620.843399845
NORMBURN,20260857,range,pos,-2.008324788003016,13202036.954034092
NORMBURN,20260857,range,vel,-2.1261108519714176,13202036.954034092
NORMBURN,20260857,range,pos,0.06832771673865119,6173014.906658981
NORMBURN,20260857,range,vel,0.14496729136361197,6173014.906658981
NORMBURN,20260857,range,pos,0.9298681772428962,4222527.8483177945
NORMBURN,20260857,range,vel,0.9784812490872226,4222527.8483177945
NORMBURN,20260857,range,pos,2.1534778130152197,6664273.445179934
NORMBURN,20260857,range,vel,2.542729196862359,6664273.445179934
NORMBURN,20260857,range,pos,-2.67751080626965,8202467.12356978
NORMBURN,20260857,range,vel,-2.598351325440983,8202467.12356978
NORMBURN,20260857,inplane,pos,-1.6810025120371326,9201620.843399845
NORMBURN,20260857,inplane,vel,-1.6981035046862956,9201620.843399845
NORMBURN,20260857,inplane,pos,1.8143022006470035,13202036.954034092
NORMBURN,20260857,inplane,vel,0.6917729342056792,13202036.954034092
NORMBURN,20260857,inplane,pos,1.1588440627372312,6173014.906658981
NORMBURN,20260857,inplane,vel,0.2920191401994618,6173014.906658981
NORMBURN,20260857,inplane,pos,-0.0007387646544447742,4222527.8483177945
NORMBURN,20260857,inplane,vel,0.9376377331365294,4222527.8483177945
NORMBURN,20260857,inplane,pos,-0.6374384871531484,6664273.445179934
NORMBURN,20260857,inplane,vel,1.4892341155429825,6664273.445179934
NORMBURN,20260857,inplane,pos,2.7746077423193514,8202467.12356978
NORMBURN,20260857,inplane,vel,-2.8025850982159715,8202467.12356978
NORMBURN,20260857,plane,pos,-0.7080038604312154,9201620.843399845
NORMBURN,20260857,plane,vel,-0.043799181820056717,9201620.843399845
NORMBURN,20260857,plane,pos,-0.9545008220126115,13202036.954034092
NORMBURN,20260857,plane,vel,-1.2520208698954918,13202036.954034092
NORMBURN,20260857,plane,pos,-0.008472873346610317,6173014.906658981
NORMBURN,20260857,plane,vel,-0.37254275745940263,6173014.906658981
NORMBURN,20260857,plane,pos,-0.7176244718061606,4222527.8483177945
NORMBURN,20260857,plane,vel,0.5846113733198276,4222527.8483177945
NORMBURN,20260857,plane,pos,1.3674929142245067,6664273.445179934
NORMBURN,20260857,plane,vel,0.007429183255085504,6664273.445179934
NORMBURN,20260857,plane,pos,1.9370406875541404,8202467.12356978
NORMBURN,20260857,plane,vel,-0.8680652784716578,8202467.12356978
NORMBURN,20260857,range,pos,-0.3067884743887401,11163611.6634102
NORMBURN,20260857,range,vel,-0.09715561751102497,11163611.6634102
NORMBURN,20260857,range,pos,-1.1744640969516364,12506196.958577681
NORMBURN,20260857,range,vel,-1.218822448381716,12506196.958577681
NORMBURN,20260857,range,pos,0.3965050548617611,14025492.03286782
NORMBURN,20260857,range,vel,0.5413834984153971,14025492.03286782
NORMBURN,20260857,inplane,pos,1.3263800785669486,11163611.6634102
NORMBURN,20260857,inplane,vel,0.2305898993403151,11163611.6634102
NORMBURN,20260857,inplane,pos,0.6265875485243461,12506196.958577681
NORMBURN,20260857,inplane,vel,0.26171106755859236,12506196.958577681
NORMBURN,20260857,inplane,pos,0.2621115772068477,14025492.03286782
NORMBURN,20260857,inplane,vel,0.40824383815737186,14025492.03286782
NORMBURN,20260857,plane,pos,0.31656505365136717,11163611.6634102
NORMBURN,20260857,plane,vel,-1.0429400197723955,11163611.6634102
NORMBURN,20260857,plane,pos,2.3641296883345673,12506196.958577681
NORMBURN,20260857,plane,vel,1.1130186452520503,12506196.958577681
NORMBURN,20260857,plane,pos,-0.2278722984257303,14025492.03286782
NORMBURN,20260857,plane,vel,-0.06438026409267261,14025492.03286782
NORMBURN,20260857,range,pos,-1.1769528405614025,9703912.676180942
NORMBURN,20260857,range,vel,-0.3584122395702058,9703912.676180942
NORMBURN,20260857,range,pos,-1.1470636995734627,9236174.391519487
NORMBURN,20260857,range,vel,-1.2069077696212287,9236174.391519487
NORMBURN,20260857,range,pos,0.7497917219794943,11947573.078382578
NORMBURN,20260857,range,vel,0.7782138348138306,11947573.078382578
NORMBURN,20260857,range,pos,-0.5609837696652052,12786299.327317521
NORMBURN,20260857,range,vel,-0.4958188743395098,12786299.327317521
NORMBURN,20260857,inplane,pos,0.694903588611239,9703912.676180942
NORMBURN,20260857,inplane,vel,1.0366797327460184,9703912.676180942
NORMBURN,20260857,inplane,pos,0.8599047431231885,9236174.391519487
NORMBURN,20260857,inplane,vel,-1.109595923274457,9236174.391519487
NORMBURN,20260857,inplane,pos,-0.8487630294372828,11947573.078382578
NORMBURN,20260857,inplane,vel,0.6743428587855933,11947573.078382578
NORMBURN,20260857,inplane,pos,-0.08968810247314668,12786299.327317521
NORMBURN,20260857,inplane,vel,0.9959292208517045,12786299.327317521
NORMBURN,20260857,plane,pos,-0.9745335749825431,9703912.676180942
NORMBURN,20260857,plane,vel,-0.048028945133701685,9703912.676180942
NORMBURN,20260857,plane,pos,1.3398663855881112,9236174.391519487
NORMBURN,20260857,plane,vel,1.1085034429018708,9236174.391519487
NORMBURN,20260857,plane,pos,0.19574694144853577,11947573.078382578
NORMBURN,20260857,plane,vel,-2.3121407343517464,11947573.078382578
NORMBURN,20260857,plane,pos,-1.317768665359044,12786299.327317521
NORMBURN,20260857,plane,vel,-1.7680394614651485,12786299.327317521
NORMBURN,20260857,range,pos,0.6504965219582799,10668519.69380707
NORMBURN,20260857,range,vel,-0.3460956832967218,10668519.69380707
NORMBURN,20260857,range,pos,-0.19501404050114238,2167179.689118662
NORMBURN,20260857,range,vel,-0.7953287577218268,2167179.689118662
NORMBURN,20260857,range,pos,1.10688305396478,12077836.941442022
NORMBURN,20260857,range,vel,0.9894215283240141,12077836.941442022
NORMBURN,20260857,range,pos,0.969974167973602,5245085.624754836
NORMBURN,20260857,range,vel,-0.8761277835326361,5245085.624754836
NORMBURN,20260857,range,pos,0.43301983891872625,11644412.170872092
NORMBURN,20260857,range,vel,0.5100520319672285,11644412.170872092
NORMBURN,20260857,range,pos,-0.05307382415028411,12826693.675146205
NORMBURN,20260857,range,vel,0.10231253983016429,12826693.675146205
NORMBURN,20260857,inplane,pos,-0.011941421383385031,10668519.69380707
NORMBURN,20260857,inplane,vel,-0.29064942358301143,10668519.69380707
NORMBURN,20260857,inplane,pos,-0.10065403561469252,2167179.689118662
NORMBURN,20260857,inplane,vel,-0.05442182145679425,2167179.689118662
NORMBURN,20260857,inplane,pos,-1.4117559726224624,12077836.941442022
NORMBURN,20260857,inplane,vel,0.3640950028067291,12077836.941442022
NORMBURN,20260857,inplane,pos,0.34066593650836924,5245085.624754836
NORMBURN,20260857,inplane,vel,1.1251271981179287,5245085.624754836
NORMBURN,20260857,inplane,pos,-0.7368587526808545,11644412.170872092
NORMBURN,20260857,inplane,vel,0.7360310339169278,11644412.170872092
NORMBURN,20260857,inplane,pos,-0.29373804745634885,12826693.675146205
NORMBURN,20260857,inplane,vel,1.0801653637993298,12826693.675146205
NORMBURN,20260857,plane,pos,2.0985623230499395,10668519.69380707
NORMBURN,20260857,plane,vel,2.0949041256207495,10668519.69380707
NORMBURN,20260857,plane,pos,-0.7643129819804166,2167179.689118662
NORMBURN,20260857,plane,vel,0.9406313191073894,2167179.689118662
NORMBURN,20260857,plane,pos,-1.9821608065060232,12077836.941442022
NORMBURN,20260857,plane,vel,-1.2306809237853091,12077836.941442022
NORMBURN,20260857,plane,pos,-0.4789606003756102,5245085.624754836
NORMBURN,20260857,plane,vel,-1.5843140762888206,5245085.624754836
NORMBURN,20260857,plane,pos,-1.2907238958769063,11644412.170872092
NORMBURN,20260857,plane,vel,-1.807874508200839,11644412.170872092
NORMBURN,20260857,plane,pos,-0.35887410766538896,12826693.675146205
NORMBURN,20260857,plane,vel,-0.7169149688876519,12826693.675146205
NORMBURN,20260857,range,pos,-0.9014996834046225,12237523.813272003
NORMBURN,20260857,range,vel,-0.9320998580435795,12237523.813272003
NORMBURN,20260857,range,pos,-0.29956740001681675,9831271.421007797
NORMBURN,20260857,range,vel,-0.3446262934600655,9831271.421007797
NORMBURN,20260857,inplane,pos,0.7819342733290799,12237523.813272003
NORMBURN,20260857,inplane,vel,-0.0864073351392483,12237523.813272003
NORMBURN,20260857,inplane,pos,-0.6122449027074682,9831271.421007797
NORMBURN,20260857,inplane,vel,-0.2531964129620768,9831271.421007797
NORMBURN,20260857,plane,pos,-1.0704275458773314,12237523.813272003
NORMBURN,20260857,plane,vel,1.249165093369384,12237523.813272003
NORMBURN,20260857,plane,pos,0.18817201251397092,9831271.421007797
NORMBURN,20260857,plane,vel,0.18891601571882366,9831271.421007797
NORMBURN,20260864,range,pos,-0.4008743583241627,10042439.78598293
NORMBURN,20260864,range,vel,-0.253550428147174,10042439.78598293
NORMBURN,20260864,range,pos,-0.5371498456247022,11910648.109440822
NORMBURN,20260864,range,vel,-0.4981277928788061,11910648.109440822
NORMBURN,20260864,range,pos,-0.9237462459200455,11178015.739036692
NORMBURN,20260864,range,vel,0.8483398132794994,11178015.739036692
NORMBURN,20260864,range,pos,-0.22207293041002346,12967692.40673358
NORMBURN,20260864,range,vel,-1.2935638003213166,12967692.40673358
NORMBURN,20260864,range,pos,0.18638791383744766,2492836.7033859575
NORMBURN,20260864,range,vel,1.058811484050426,2492836.7033859575
NORMBURN,20260864,range,pos,0.14263281990045112,13649127.004169397
NORMBURN,20260864,range,vel,-0.17401887650017586,13649127.004169397
NORMBURN,20260864,range,pos,0.8217304927450445,12062173.553244758
NORMBURN,20260864,range,vel,0.9902801007448375,12062173.553244758
NORMBURN,20260864,range,pos,0.4037525759094347,8292143.842287581
NORMBURN,20260864,range,vel,-0.08693299787221202,8292143.842287581
NORMBURN,20260864,inplane,pos,1.527692859171076,10042439.78598293
NORMBURN,20260864,inplane,vel,-0.32522225630983764,10042439.78598293
NORMBURN,20260864,inplane,pos,0.6270059542864616,11910648.109440822
NORMBURN,20260864,inplane,vel,-0.15490918059911515,11910648.109440822
NORMBURN,20260864,inplane,pos,0.11628347858031687,11178015.739036692
NORMBURN,20260864,inplane,vel,0.3727646172842058,11178015.739036692
NORMBURN,20260864,inplane,pos,1.4361708312438761,12967692.40673358
NORMBURN,20260864,inplane,vel,-2.626309011029441,12967692.40673358
NORMBURN,20260864,inplane,pos,0.3072089717064305,2492836.7033859575
NORMBURN,20260864,inplane,vel,0.10586359879081678,2492836.7033859575
NORMBURN,20260864,inplane,pos,0.20682336313506056,13649127.004169397
NORMBURN,20260864,inplane,vel,-0.18830361585356073,13649127.004169397
NORMBURN,20260864,inplane,pos,-0.6611779388185428,12062173.553244758
NORMBURN,20260864,inplane,vel,-0.9024208003963028,12062173.553244758
NORMBURN,20260864,inplane,pos,-2.3444027036744712,8292143.842287581
NORMBURN,20260864,inplane,vel,-2.362560683465443,8292143.842287581
NORMBURN,20260864,plane,pos,-2.324595020177159,10042439.78598293
NORMBURN,20260864,plane,vel,-1.3129837436448308,10042439.78598293
NORMBURN,20260864,plane,pos,1.664295453977719,11910648.109440822
NORMBURN,20260864,plane,vel,0.31958263503106504,11910648.109440822
NORMBURN,20260864,plane,pos,1.310153770849061,11178015.739036692
NORMBURN,20260864,plane,vel,0.8247694038874993,11178015.739036692
NORMBURN,20260864,plane,pos,-0.9188150618485074,12967692.40673358
NORMBURN,20260864,plane,vel,0.22369915827598838,12967692.40673358
NORMBURN,20260864,plane,pos,-1.2528754063632717,2492836.7033859575
NORMBURN,20260864,plane,vel,-0.3216113883876364,2492836.7033859575
NORMBURN,20260864,plane,pos,-1.3664864900356581,13649127.004169397
NORMBURN,20260864,plane,vel,-0.9199674423969129,13649127.004169397
NORMBURN,20260864,plane,pos,1.0728280562572652,12062173.553244758
NORMBURN,20260864,plane,vel,-0.9360488310957737,12062173.553244758
NORMBURN,20260864,plane,pos,0.1478304783905963,8292143.842287581
NORMBURN,20260864,plane,vel,-1.6922197390725586,8292143.842287581
NORMBURN,20260864,range,pos,-1.883410744425349,11450456.803447483
NORMBURN,20260864,range,vel,-1.7332060230945197,11450456.803447483
NORMBURN,20260864,range,pos,-0.5342919430186267,11799826.103685189
NORMBURN,20260864,range,vel,-0.47974964454167546,11799826.103685189
NORMBURN,20260864,range,pos,0.5073781774135115,9864789.317242768
NORMBURN,20260864,range,vel,-1.144956303115353,9864789.317242768
NORMBURN,20260864,range,pos,-0.43230111736455984,12989518.472833894
NORMBURN,20260864,range,vel,-1.3807294382109507,12989518.472833894
NORMBURN,20260864,range,pos,1.1581710399440337,7400208.601046844
NORMBURN,20260864,range,vel,1.1180587908670507,7400208.601046844
NORMBURN,20260864,range,pos,-0.34766707332905195,13692714.014119623
NORMBURN,20260864,range,vel,-1.1869265334920003,13692714.014119623
NORMBURN,20260864,range,pos,0.3402812093087786,12189744.846299507
NORMBURN,20260864,range,vel,0.27221894645795003,12189744.846299507
NORMBURN,20260864,range,pos,-1.1146096155923633,6583850.680471763
NORMBURN,20260864,range,vel,0.9208497272950027,6583850.680471763
NORMBURN,20260864,inplane,pos,1.848255463439446,11450456.803447483
NORMBURN,20260864,inplane,vel,-1.3844640382616853,11450456.803447483
NORMBURN,20260864,inplane,pos,0.7140352099957972,11799826.103685189
NORMBURN,20260864,inplane,vel,-0.15712914040801512,11799826.103685189
NORMBURN,20260864,inplane,pos,0.36062988344237507,9864789.317242768
NORMBURN,20260864,inplane,vel,0.8317773387849025,9864789.317242768
NORMBURN,20260864,inplane,pos,0.9682294327555019,12989518.472833894
NORMBURN,20260864,inplane,vel,-2.043160242058589,12989518.472833894
NORMBURN,20260864,inplane,pos,-1.5140308663339417,7400208.601046844
NORMBURN,20260864,inplane,vel,1.4606171446445857,7400208.601046844
NORMBURN,20260864,inplane,pos,1.292042591212768,13692714.014119623
NORMBURN,20260864,inplane,vel,0.6350946386759532,13692714.014119623
NORMBURN,20260864,inplane,pos,-0.25369957894590683,12189744.846299507
NORMBURN,20260864,inplane,vel,-0.5211069255331161,12189744.846299507
NORMBURN,20260864,inplane,pos,-1.434209561122727,6583850.680471763
NORMBURN,20260864,inplane,vel,-1.476760304609583,6583850.680471763
NORMBURN,20260864,plane,pos,-0.398514117348259,11450456.803447483
NORMBURN,20260864,plane,vel,-1.908284721655002,11450456.803447483
NORMBURN,20260864,plane,pos,1.724510500219243,11799826.103685189
NORMBURN,20260864,plane,vel,-1.2694064639365494,11799826.103685189
NORMBURN,20260864,plane,pos,-0.057092031917489634,9864789.317242768
NORMBURN,20260864,plane,vel,-0.31075044599472884,9864789.317242768
NORMBURN,20260864,plane,pos,-0.13000049606154776,12989518.472833894
NORMBURN,20260864,plane,vel,0.5865371791467614,12989518.472833894
NORMBURN,20260864,plane,pos,1.3778359900348838,7400208.601046844
NORMBURN,20260864,plane,vel,1.5801019968567618,7400208.601046844
NORMBURN,20260864,plane,pos,-1.8027205259071875,13692714.014119623
NORMBURN,20260864,plane,vel,0.2054425846962795,13692714.014119623
NORMBURN,20260864,plane,pos,0.3959840823978282,12189744.846299507
NORMBURN,20260864,plane,vel,1.3324954520116474,12189744.846299507
NORMBURN,20260864,plane,pos,0.9758874133593645,6583850.680471763
NORMBURN,20260864,plane,vel,0.397527755459764,6583850.680471763
NORMBURN,20260864,range,pos,0.9329596424130747,12420248.218168631
NORMBURN,20260864,range,vel,0.9425684758449983,12420248.218168631
NORMBURN,20260864,range,pos,-0.14295946802733395,12274129.741515264
NORMBURN,20260864,range,vel,0.5711622046821077,12274129.741515264
NORMBURN,20260864,inplane,pos,-0.4843671505959206,12420248.218168631
NORMBURN,20260864,inplane,vel,-1.3066960504841052,12420248.218168631
NORMBURN,20260864,inplane,pos,-0.7332205376102452,12274129.741515264
NORMBURN,20260864,inplane,vel,-0.8958074622537533,12274129.741515264
NORMBURN,20260864,plane,pos,-0.42540466982530445,12420248.218168631
NORMBURN,20260864,plane,vel,-0.5499710631570236,12420248.218168631
NORMBURN,20260864,plane,pos,1.7179559905370345,12274129.741515264
NORMBURN,20260864,plane,vel,0.5155058232812951,12274129.741515264
NORMBURN,20260864,range,pos,0.5824911142026878,12866708.061277976
NORMBURN,20260864,range,vel,0.4431323003950115,12866708.061277976
NORMBURN,20260864,range,pos,-0.311017469276679,14157374.03147393
NORMBURN,20260864,range,vel,-0.46544301054089104,14157374.03147393
NORMBURN,20260864,range,pos,-0.8057418899317527,9758119.72120346
NORMBURN,20260864,range,vel,-0.7209588505439275,9758119.72120346
NORMBURN,20260864,inplane,pos,-0.5968469737433608,12866708.061277976
NORMBURN,20260864,inplane,vel,-1.664903438011166,12866708.061277976
NORMBURN,20260864,inplane,pos,0.35814386907913504,14157374.03147393
NORMBURN,20260864,inplane,vel,0.28154169502701487,14157374.03147393
NORMBURN,20260864,inplane,pos,1.0094841771584864,9758119.72120346
NORMBURN,20260864,inplane,vel,-0.67840105092753,9758119.72120346
NORMBURN,20260864,plane,pos,0.4292266790107772,12866708.061277976
NORMBURN,20260864,plane,vel,-0.26967583231504527,12866708.061277976
NORMBURN,20260864,plane,pos,0.7941850796556396,14157374.03147393
NORMBURN,20260864,plane,vel,-0.44309506341006927,14157374.03147393
NORMBURN,20260864,plane,pos,-2.106162525342316,9758119.72120346
NORMBURN,20260864,plane,vel,-0.6407920386447158,9758119.72120346
NORMBURN,20260864,range,pos,-1.0433717045782285,3074949.350974216
NORMBURN,20260864,range,vel,-0.4698913257343301,3074949.350974216
NORMBURN,20260864,range,pos,-0.7007847613493997,9923763.73966932
NORMBURN,20260864,range,vel,-0.7894519285372651,9923763.73966932
NORMBURN,20260864,range,pos,1.0955716111305291,8257184.338901879
NORMBURN,20260864,range,vel,1.09990646113024,8257184.338901879
NORMBURN,20260864,inplane,pos,-2.2094441030601506,3074949.350974216
NORMBURN,20260864,inplane,vel,-1.2741653281311092,3074949.350974216
NORMBURN,20260864,inplane,pos,-0.10671988780532433,9923763.73966932
NORMBURN,20260864,inplane,vel,-0.9221237345302186,9923763.73966932
NORMBURN,20260864,inplane,pos,-0.7231246235000726,8257184.338901879
NORMBURN,20260864,inplane,vel,0.8044052257567323,8257184.338901879
NORMBURN,20260864,plane,pos,-1.2508397405709133,3074949.350974216
NORMBURN,20260864,plane,vel,2.412751665161978,3074949.350974216
NORMBURN,20260864,plane,pos,0.22203395359158784,9923763.73966932
NORMBURN,20260864,plane,vel,3.191184552965268,9923763.73966932
NORMBURN,20260864,plane,pos,0.8316227879590877,8257184.338901879
NORMBURN,20260864,plane,vel,0.27106935809251304,8257184.338901879
NORMBURN,20260864,range,pos,-2.058345088356761,10215349.608659532
NORMBURN,20260864,range,vel,-2.1215446950710874,10215349.608659532
NORMBURN,20260864,range,pos,-0.04815287131845126,4525490.234797162
NORMBURN,20260864,range,vel,-0.17802619191761163,4525490.234797162
NORMBURN,20260864,inplane,pos,1.1356247118648652,10215349.608659532
NORMBURN,20260864,inplane,vel,-1.9385844794472549,10215349.608659532
NORMBURN,20260864,inplane,pos,-1.3369035869495918,4525490.234797162
NORMBURN,20260864,inplane,vel,-0.11295345945414031,4525490.234797162
NORMBURN,20260864,plane,pos,1.7210410924716173,10215349.608659532
NORMBURN,20260864,plane,vel,2.674522138841339,10215349.608659532
NORMBURN,20260864,plane,pos,-1.369360652304601,4525490.234797162
NORMBURN,20260864,plane,vel,-1.4149893104546625,4525490.234797162
NORMBURN,20260871,range,pos,1.6072050271357587,3631034.2167233787
NORMBURN,20260871,range,vel,-1.58912750203002,3631034.2167233787
NORMBURN,20260871,range,pos,1.4105632600720877,1470769.7831149562
NORMBURN,20260871,range,vel,-1.598177221528456,1470769.7831149562
NORMBURN,20260871,range,pos,-0.7180745582751381,13615386.635683421
NORMBURN,20260871,range,vel,-0.6685055176220658,13615386.635683421
NORMBURN,20260871,range,pos,-1.1085108010258544,5158127.603524296
NORMBURN,20260871,range,vel,-1.1112199223077561,5158127.603524296
NORMBURN,20260871,range,pos,-1.0678310887742863,7776277.930033213
NORMBURN,20260871,range,vel,-1.0659634855976123,7776277.930033213
NORMBURN,20260871,inplane,pos,-0.5121843141630672,3631034.2167233787
NORMBURN,20260871,inplane,vel,0.5874375746621957,3631034.2167233787
NORMBURN,20260871,inplane,pos,-0.63983913253187,1470769.7831149562
NORMBURN,20260871,inplane,vel,1.4372169885563333,1470769.7831149562
NORMBURN,20260871,inplane,pos,-0.42411242007834415,13615386.635683421
NORMBURN,20260871,inplane,vel,0.8708939579622897,13615386.635683421
NORMBURN,20260871,inplane,pos,0.7762074575335556,5158127.603524296
NORMBURN,20260871,inplane,vel,-1.1771773895336899,5158127.603524296
NORMBURN,20260871,inplane,pos,0.7681327577452329,7776277.930033213
NORMBURN,20260871,inplane,vel,-1.0277822774478584,7776277.930033213
NORMBURN,20260871,plane,pos,-0.930113588580346,3631034.2167233787
NORMBURN,20260871,plane,vel,-0.19132880562869894,3631034.2167233787
NORMBURN,20260871,plane,pos,-1.0572909380754636,1470769.7831149562
NORMBURN,20260871,plane,vel,0.5694013205337763,1470769.7831149562
NORMBURN,20260871,plane,pos,-2.148184196126994,13615386.635683421
NORMBURN,20260871,plane,vel,-0.825894829133739,13615386.635683421
NORMBURN,20260871,plane,pos,-0.5145346840565092,5158127.603524296
NORMBURN,20260871,plane,vel,-0.7955130211203042,5158127.603524296
NORMBURN,20260871,plane,pos,0.012194401287220153,7776277.930033213
NORMBURN,20260871,plane,vel,-1.1982632120171128,7776277.930033213
NORMBURN,20260871,range,pos,-0.6515236626050188,647452.8724888064
NORMBURN,20260871,range,vel,0.5337009004098326,647452.8724888064
NORMBURN,20260871,range,pos,1.4822156239315933,3129009.216200208
NORMBURN,20260871,range,vel,1.3905426611779286,3129009.216200208
NORMBURN,20260871,range,pos,0.7830462883180442,912582.3691985552
NORMBURN,20260871,range,vel,0.9019592280510094,912582.3691985552
NORMBURN,20260871,range,pos,-1.9565995478993625,13524998.76609262
NORMBURN,20260871,range,vel,-1.8122718141863534,13524998.76609262
NORMBURN,20260871,range,pos,-0.8005297541733635,5118491.525715498
NORMBURN,20260871,range,vel,-0.8837113482989861,5118491.525715498
NORMBURN,20260871,range,pos,-0.05760509844893668,7713960.975952049
NORMBURN,20260871,range,vel,-0.07212439988086071,7713960.975952049
NORMBURN,20260871,inplane,pos,0.32147620429320023,647452.8724888064
NORMBURN,20260871,inplane,vel,0.6327131532781755,647452.8724888064
NORMBURN,20260871,inplane,pos,0.781638755679585,3129009.216200208
NORMBURN,20260871,inplane,vel,1.6811399779310592,3129009.216200208
NORMBURN,20260871,inplane,pos,1.4266020714140843,912582.3691985552
NORMBURN,20260871,inplane,vel,0.8756299089876919,912582.3691985552
NORMBURN,20260871,inplane,pos,1.7141222395877869,13524998.76609262
NORMBURN,20260871,inplane,vel,2.249576317964583,13524998.76609262
NORMBURN,20260871,inplane,pos,0.043540044373824006,5118491.525715498
NORMBURN,20260871,inplane,vel,-0.8750484481790862,5118491.525715498
NORMBURN,20260871,inplane,pos,-0.19104297085420485,7713960.975952049
NORMBURN,20260871,inplane,vel,0.020617083039145938,7713960.975952049
NORMBURN,20260871,plane,pos,-1.2100985326336535,647452.8724888064
NORMBURN,20260871,plane,vel,-0.421674223987657,647452.8724888064
NORMBURN,20260871,plane,pos,0.40691237269476754,3129009.216200208
NORMBURN,20260871,plane,vel,0.45249967997952417,3129009.216200208
NORMBURN,20260871,plane,pos,-0.170261843569142,912582.3691985552
NORMBURN,20260871,plane,vel,0.322677518083621,912582.3691985552
NORMBURN,20260871,plane,pos,-1.9246914484158864,13524998.76609262
NORMBURN,20260871,plane,vel,0.8126012428906547,13524998.76609262
NORMBURN,20260871,plane,pos,-0.19468032929922977,5118491.525715498
NORMBURN,20260871,plane,vel,-0.019639760897807758,5118491.525715498
NORMBURN,20260871,plane,pos,-0.49757962854057547,7713960.975952049
NORMBURN,20260871,plane,vel,-1.4940524059624827,7713960.975952049
NORMBURN,20260871,range,pos,-0.0379978606870558,10357696.772751981
NORMBURN,20260871,range,vel,-0.1412006686905898,10357696.772751981
NORMBURN,20260871,inplane,pos,-0.3365624031468086,10357696.772751981
NORMBURN,20260871,inplane,vel,-0.3453279420476266,10357696.772751981
NORMBURN,20260871,plane,pos,0.019465128392587634,10357696.772751981
NORMBURN,20260871,plane,vel,0.07655312160032052,10357696.772751981
NORMBURN,20260871,range,pos,-0.0214767910851823,12012631.244846035
NORMBURN,20260871,range,vel,-0.07174758372736437,12012631.244846035
NORMBURN,20260871,range,pos,0.5819018035715791,6713375.445654666
NORMBURN,20260871,range,vel,-0.08220261552816993,6713375.445654666
NORMBURN,20260871,range,pos,-1.6635047375325283,12913943.007543491
NORMBURN,20260871,range,vel,-1.5417957502342374,12913943.007543491
NORMBURN,20260871,range,pos,1.0797896806010199,12850366.229717202
NORMBURN,20260871,range,vel,1.1841360826547989,12850366.229717202
NORMBURN,20260871,inplane,pos,-0.23348329675258805,12012631.244846035
NORMBURN,20260871,inplane,vel,-0.1944282398358724,12012631.244846035
NORMBURN,20260871,inplane,pos,0.8113117070793642,6713375.445654666
NORMBURN,20260871,inplane,vel,0.6200643383327265,6713375.445654666
NORMBURN,20260871,inplane,pos,1.3040992528937314,12913943.007543491
NORMBURN,20260871,inplane,vel,1.4511734272339276,12913943.007543491
NORMBURN,20260871,inplane,pos,-1.0010570117270141,12850366.229717202
NORMBURN,20260871,inplane,vel,0.30328516217345985,12850366.229717202
NORMBURN,20260871,plane,pos,-0.3395637674981187,12012631.244846035
NORMBURN,20260871,plane,vel,-0.08421052572738745,12012631.244846035
NORMBURN,20260871,plane,pos,1.0728612144528535,6713375.445654666
NORMBURN,20260871,plane,vel,-0.4821539041161466,6713375.445654666
NORMBURN,20260871,plane,pos,0.6699631413405389,12913943.007543491
NORMBURN,20260871,plane,vel,0.539401320434533,12913943.007543491
NORMBURN,20260871,plane,pos,1.338046593647509,12850366.229717202
NORMBURN,20260871,plane,vel,1.9644364534404104,12850366.229717202
NORMBURN,20260871,range,pos,-1.1045055398930343,12920689.420757765
NORMBURN,20260871,range,vel,-0.6936435272307786,12920689.420757765
NORMBURN,20260871,range,pos,0.6341516036925956,6594207.999167897
NORMBURN,20260871,range,vel,-0.34698654276620045,6594207.999167897
NORMBURN,20260871,range,pos,-0.058865399899922975,13096142.60511199
NORMBURN,20260871,range,vel,0.19062956367691758,13096142.60511199
NORMBURN,20260871,range,pos,0.8257160022324952,6102596.970618008
NORMBURN,20260871,range,vel,-1.0810561816394573,6102596.970618008
NORMBURN,20260871,range,pos,0.1436150672398309,13301365.340971535
NORMBURN,20260871,range,vel,0.11827967902981334,13301365.340971535
NORMBURN,20260871,inplane,pos,0.5345203726567419,12920689.420757765
NORMBURN,20260871,inplane,vel,1.4742725739888136,12920689.420757765
NORMBURN,20260871,inplane,pos,0.3580609049180908,6594207.999167897
NORMBURN,20260871,inplane,vel,0.2777424367710167,6594207.999167897
NORMBURN,20260871,inplane,pos,-0.3242931124514509,13096142.60511199
NORMBURN,20260871,inplane,vel,0.5768634766733327,13096142.60511199
NORMBURN,20260871,inplane,pos,0.2817739152176313,6102596.970618008
NORMBURN,20260871,inplane,vel,0.6203285237455564,6102596.970618008
NORMBURN,20260871,inplane,pos,-0.43620557732454823,13301365.340971535
NORMBURN,20260871,inplane,vel,-0.33455805864184,13301365.340971535
NORMBURN,20260871,plane,pos,2.410200042701274,12920689.420757765
NORMBURN,20260871,plane,vel,1.2767617128578284,12920689.420757765
NORMBURN,20260871,plane,pos,-0.07130974877590963,6594207.999167897
NORMBURN,20260871,plane,vel,-0.8078222848328461,6594207.999167897
NORMBURN,20260871,plane,pos,-0.6484828621594324,13096142.60511199
NORMBURN,20260871,plane,vel,2.2893646278469713,13096142.60511199
NORMBURN,20260871,plane,pos,1.229329373826406,6102596.970618008
NORMBURN,20260871,plane,vel,0.4724573496916097,6102596.970618008
NORMBURN,20260871,plane,pos,1.761931504790328,13301365.340971535
NORMBURN,20260871,plane,vel,0.7258560593718051,13301365.340971535
NORMBURN,20260871,range,pos,-0.6225506356414648,12995797.136860747
NORMBURN,20260871,range,vel,-0.4796417882323367,12995797.136860747
NORMBURN,20260871,range,pos,-0.022083689010827138,13507569.335748572
NORMBURN,20260871,range,vel,0.0369192800785533,13507569.335748572
NORMBURN,20260871,range,pos,3.7447402994039343,5398976.448976643
NORMBURN,20260871,range,vel,-5.347163864808118,5398976.448976643
NORMBURN,20260871,range,pos,0.1902245576025082,8976765.776373537
NORMBURN,20260871,range,vel,1.5501565478456842,8976765.776373537
NORMBURN,20260871,inplane,pos,0.865700905720686,12995797.136860747
NORMBURN,20260871,inplane,vel,1.2906012396468194,12995797.136860747
NORMBURN,20260871,inplane,pos,-1.0874759923590662,13507569.335748572
NORMBURN,20260871,inplane,vel,-0.015143857480633289,13507569.335748572
NORMBURN,20260871,inplane,pos,-4.665951059365559,5398976.448976643
NORMBURN,20260871,inplane,vel,-1.2668450449973534,5398976.448976643
NORMBURN,20260871,inplane,pos,-0.9030780537241772,8976765.776373537
NORMBURN,20260871,inplane,vel,-0.7600061230811739,8976765.776373537
NORMBURN,20260871,plane,pos,1.7196102147506616,12995797.136860747
NORMBURN,20260871,plane,vel,-1.687145554805568,12995797.136860747
NORMBURN,20260871,plane,pos,-0.18421877523561733,13507569.335748572
NORMBURN,20260871,plane,vel,1.387894550445546,13507569.335748572
NORMBURN,20260871,plane,pos,-0.08697767036626645,5398976.448976643
NORMBURN,20260871,plane,vel,0.9922189563605164,5398976.448976643
NORMBURN,20260871,plane,pos,-0.20131900036186556,8976765.776373537
NORMBURN,20260871,plane,vel,-0.07810763549574898,8976765.776373537
NORMBURN,20260878,range,pos,0.3861158453293325,11326751.976154305
NORMBURN,20260878,range,vel,0.39882799949685127,11326751.976154305
NORMBURN,20260878,range,pos,-0.7162002408611039,10739672.371845676
NORMBURN,20260878,range,vel,-0.7039817877764951,10739672.371845676
NORMBURN,20260878,range,pos,1.6648771295123128,4698728.50527192
NORMBURN,20260878,range,vel,-1.9669649263049993,4698728.50527192
NORMBURN,20260878,inplane,pos,0.22624390341656503,11326751.976154305
NORMBURN,20260878,inplane,vel,0.05581275785060422,11326751.976154305
NORMBURN,20260878,inplane,pos,0.5373322010834938,10739672.371845676
NORMBURN,20260878,inplane,vel,-0.980528997770174,10739672.371845676
NORMBURN,20260878,inplane,pos,-0.5969155907872853,4698728.50527192
NORMBURN,20260878,inplane,vel,1.9002682558135033,4698728.50527192
NORMBURN,20260878,plane,pos,-0.04330007870216067,11326751.976154305
NORMBURN,20260878,plane,vel,0.4970638372279492,11326751.976154305
NORMBURN,20260878,plane,pos,0.1216783816897723,10739672.371845676
NORMBURN,20260878,plane,vel,-0.8459636033587208,10739672.371845676
NORMBURN,20260878,plane,pos,-1.1355507536397205,4698728.50527192
NORMBURN,20260878,plane,vel,0.7204610553541944,4698728.50527192
NORMBURN,20260878,range,pos,0.8947890968786422,11115791.366079826
NORMBURN,20260878,range,vel,0.8109743132129775,11115791.366079826
NORMBURN,20260878,range,pos,-1.6066139333808807,12020181.49531505
NORMBURN,20260878,range,vel,-1.3350040615698517,12020181.49531505
NORMBURN,20260878,range,pos,-0.5974016777174109,13763676.39209891
NORMBURN,20260878,range,vel,-0.5090387579266576,13763676.39209891
NORMBURN,20260878,range,pos,0.46003697482671374,5566800.21487516
NORMBURN,20260878,range,vel,-0.9219191680516955,5566800.21487516
NORMBURN,20260878,range,pos,-0.06581065103542284,10751207.421163011
NORMBURN,20260878,range,vel,0.342440263246745,10751207.421163011
NORMBURN,20260878,range,pos,-1.9061996335201656,2121094.9726215717
NORMBURN,20260878,range,vel,-1.8173282921660279,2121094.9726215717
NORMBURN,20260878,inplane,pos,-0.8736827949427574,11115791.366079826
NORMBURN,20260878,inplane,vel,0.5271502672956804,11115791.366079826
NORMBURN,20260878,inplane,pos,1.2058131805078103,12020181.49531505
NORMBURN,20260878,inplane,vel,-0.23909183579890483,12020181.49531505
NORMBURN,20260878,inplane,pos,0.35173615989618195,13763676.39209891
NORMBURN,20260878,inplane,vel,0.56197692013147,13763676.39209891
NORMBURN,20260878,inplane,pos,-1.599220412857427,5566800.21487516
NORMBURN,20260878,inplane,vel,-1.2452989768868077,5566800.21487516
NORMBURN,20260878,inplane,pos,-0.5699811330261608,10751207.421163011
NORMBURN,20260878,inplane,vel,-0.6080587693135564,10751207.421163011
NORMBURN,20260878,inplane,pos,1.9847303122006583,2121094.9726215717
NORMBURN,20260878,inplane,vel,-1.9182843791840432,2121094.9726215717
NORMBURN,20260878,plane,pos,1.0225390343840866,11115791.366079826
NORMBURN,20260878,plane,vel,-0.052441635430358076,11115791.366079826
NORMBURN,20260878,plane,pos,0.9321162182887109,12020181.49531505
NORMBURN,20260878,plane,vel,0.2878218661142231,12020181.49531505
NORMBURN,20260878,plane,pos,0.4344705620952141,13763676.39209891
NORMBURN,20260878,plane,vel,-0.7019396024524283,13763676.39209891
NORMBURN,20260878,plane,pos,-1.173405155648224,5566800.21487516
NORMBURN,20260878,plane,vel,-1.4331562182520141,5566800.21487516
NORMBURN,20260878,plane,pos,-0.2767712271912108,10751207.421163011
NORMBURN,20260878,plane,vel,0.07517617780750124,10751207.421163011
NORMBURN,20260878,plane,pos,-0.23988238475761972,2121094.9726215717
NORMBURN,20260878,plane,vel,1.4821917749239544,2121094.9726215717
NORMBURN,20260878,range,pos,1.1748224134304455,1409222.0464904895
NORMBURN,20260878,range,vel,-1.0451751354076149,1409222.0464904895
NORMBURN,20260878,range,pos,-0.49313216321670206,5140189.760256496
NORMBURN,20260878,range,vel,0.21222382311098456,5140189.760256496
NORMBURN,20260878,range,pos,-1.5375254004475147,2380217.237177428
NORMBURN,20260878,range,vel,-1.555238769456098,2380217.237177428
NORMBURN,20260878,inplane,pos,-0.056935213808877276,1409222.0464904895
NORMBURN,20260878,inplane,vel,1.1542577476087368,1409222.0464904895
NORMBURN,20260878,inplane,pos,2.4254890761718793,5140189.760256496
NORMBURN,20260878,inplane,vel,0.19687887871982052,5140189.760256496
NORMBURN,20260878,inplane,pos,1.495080193422334,2380217.237177428
NORMBURN,20260878,inplane,vel,-1.5520428326099718,2380217.237177428
NORMBURN,20260878,plane,pos,-1.1068158618368602,1409222.0464904895
NORMBURN,20260878,plane,vel,-2.3952955738553556,1409222.0464904895
NORMBURN,20260878,plane,pos,-0.45396395373653925,5140189.760256496
NORMBURN,20260878,plane,vel,0.2281008972801911,5140189.760256496
NORMBURN,20260878,plane,pos,-0.07539655577714828,2380217.237177428
NORMBURN,20260878,plane,vel,0.288100775095604,2380217.237177428
NORMBURN,20260878,range,pos,2.0982042491889183,10000786.292931775
NORMBURN,20260878,range,vel,0.7315147489877931,10000786.292931775
NORMBURN,20260878,range,pos,0.7706703311541516,1301599.7881893064
NORMBURN,20260878,range,vel,0.6326865556638998,1301599.7881893064
NORMBURN,20260878,range,pos,0.9090916999861499,4816812.353673947
NORMBURN,20260878,range,vel,-0.9268982262757328,4816812.353673947
NORMBURN,20260878,range,pos,0.14834105643017784,9452521.791140907
NORMBURN,20260878,range,vel,0.08593393352906584,9452521.791140907
NORMBURN,20260878,inplane,pos,-0.7053860846818412,10000786.292931775
NORMBURN,20260878,inplane,vel,-1.1464948766774192,10000786.292931775
NORMBURN,20260878,inplane,pos,-0.3568226728693002,1301599.7881893064
NORMBURN,20260878,inplane,vel,0.6517345639597226,1301599.7881893064
NORMBURN,20260878,inplane,pos,-0.67980315357327,4816812.353673947
NORMBURN,20260878,inplane,vel,0.5278197424755091,4816812.353673947
NORMBURN,20260878,inplane,pos,-0.6355067779829688,9452521.791140907
NORMBURN,20260878,inplane,vel,0.02574362906735072,9452521.791140907
NORMBURN,20260878,plane,pos,0.23286171919108062,10000786.292931775
NORMBURN,20260878,plane,vel,1.1600279989361881,10000786.292931775
NORMBURN,20260878,plane,pos,-0.7849641654719262,1301599.7881893064
NORMBURN,20260878,plane,vel,-1.3051388542031235,1301599.7881893064
NORMBURN,20260878,plane,pos,-0.939496907369109,4816812.353673947
NORMBURN,20260878,plane,vel,1.5594494971984019,4816812.353673947
NORMBURN,20260878,plane,pos,-1.0285427500897566,9452521.791140907
NORMBURN,20260878,plane,vel,0.77718840003668,9452521.791140907
NORMBURN,20260878,range,pos,-0.36510141844184607,10204325.932620093
NORMBURN,20260878,range,vel,-0.2879632680739645,10204325.932620093
NORMBURN,20260878,range,pos,0.30944743745073816,3956723.1313889576
NORMBURN,20260878,range,vel,-1.0345304803402762,3956723.1313889576
NORMBURN,20260878,range,pos,0.12027324124092237,5527217.250487611
NORMBURN,20260878,range,vel,-0.2554731267700487,5527217.250487611
NORMBURN,20260878,range,pos,0.017549107926887537,3578581.8060113667
NORMBURN,20260878,range,vel,-0.023271972566234995,3578581.8060113667
NORMBURN,20260878,range,pos,0.5337739356370642,1712905.2437371146
NORMBURN,20260878,range,vel,-0.6005421679394795,1712905.2437371146
NORMBURN,20260878,range,pos,-0.4016952753105578,7394945.36917211
NORMBURN,20260878,range,vel,0.05211017439288874,7394945.36917211
NORMBURN,20260878,inplane,pos,0.8165724290987723,10204325.932620093
NORMBURN,20260878,inplane,vel,-0.2802275308300164,10204325.932620093
NORMBURN,20260878,inplane,pos,-1.0560577666107658,3956723.1313889576
NORMBURN,20260878,inplane,vel,0.17760688734009383,3956723.1313889576
NORMBURN,20260878,inplane,pos,-1.6424116496153844,5527217.250487611
NORMBURN,20260878,inplane,vel,-0.47442660100471196,5527217.250487611
NORMBURN,20260878,inplane,pos,0.13180122572331637,3578581.8060113667
NORMBURN,20260878,inplane,vel,0.027291112920955474,3578581.8060113667
NORMBURN,20260878,inplane,pos,0.8815827047453048,1712905.2437371146
NORMBURN,20260878,inplane,vel,0.6518538098406693,1712905.2437371146
NORMBURN,20260878,inplane,pos,1.5245517525237309,7394945.36917211
NORMBURN,20260878,inplane,vel,-0.8306910956232234,7394945.36917211
NORMBURN,20260878,plane,pos,1.1496357638900447,10204325.932620093
NORMBURN,20260878,plane,vel,1.392942356417855,10204325.932620093
NORMBURN,20260878,plane,pos,0.7647474623969288,3956723.1313889576
NORMBURN,20260878,plane,vel,-0.7822410512696347,3956723.1313889576
NORMBURN,20260878,plane,pos,-0.02256036968140702,5527217.250487611
NORMBURN,20260878,plane,vel,-1.390401322102446,5527217.250487611
NORMBURN,20260878,plane,pos,-0.9111940425947818,3578581.8060113667
NORMBURN,20260878,plane,vel,0.13077671800883514,3578581.8060113667
NORMBURN,20260878,plane,pos,-0.0868643595576593,1712905.2437371146
NORMBURN,20260878,plane,vel,-0.19648525797539027,1712905.2437371146
NORMBURN,20260878,plane,pos,-1.4138020381261414,7394945.36917211
NORMBURN,20260878,plane,vel,-1.365790449781484,7394945.36917211
NORMBURN,20260878,range,pos,0.6487377214028806,10497527.474494863
NORMBURN,20260878,range,vel,0.6543430405666054,10497527.474494863
NORMBURN,20260878,range,pos,-1.500800235706076,5365492.729249719
NORMBURN,20260878,range,vel,1.29301322659226,5365492.729249719
NORMBURN,20260878,range,pos,4.824141081104267,3203803.7097236016
NORMBURN,20260878,range,vel,4.913414341924859,3203803.7097236016
NORMBURN,20260878,range,pos,0.7813190741043986,7547252.961638497
NORMBURN,20260878,range,vel,0.8342051961736389,7547252.961638497
NORMBURN,20260878,inplane,pos,-0.18224895817328954,10497527.474494863
NORMBURN,20260878,inplane,vel,0.27278045651364824,10497527.474494863
NORMBURN,20260878,inplane,pos,1.3181777518372835,5365492.729249719
NORMBURN,20260878,inplane,vel,-0.3255498423931708,5365492.729249719
NORMBURN,20260878,inplane,pos,0.5546086059030744,3203803.7097236016
NORMBURN,20260878,inplane,vel,4.874059071253239,3203803.7097236016
NORMBURN,20260878,inplane,pos,-0.10233625841042744,7547252.961638497
NORMBURN,20260878,inplane,vel,0.726894350442493,7547252.961638497
NORMBURN,20260878,plane,pos,0.759048155592412,10497527.474494863
NORMBURN,20260878,plane,vel,0.5369734113185505,10497527.474494863
NORMBURN,20260878,plane,pos,0.26664629105748605,5365492.729249719
NORMBURN,20260878,plane,vel,-1.8554598741968782,5365492.729249719
NORMBURN,20260878,plane,pos,1.187406509996222,3203803.7097236016
NORMBURN,20260878,plane,vel,-0.9201914465962086,3203803.7097236016
NORMBURN,20260878,plane,pos,1.6786556869076872,7547252.961638497
NORMBURN,20260878,plane,vel,1.5545266364119812,7547252.961638497
NORMBURN,20260885,range,pos,-0.9373602259152537,13869729.227839421
NORMBURN,20260885,range,vel,-0.959863209106239,13869729.227839421
NORMBURN,20260885,range,pos,1.0693816099172924,6175114.885691438
NORMBURN,20260885,range,vel,0.7382442572694786,6175114.885691438
NORMBURN,20260885,range,pos,1.0604189008166367,6449490.533862826
NORMBURN,20260885,range,vel,1.0384053307986798,6449490.533862826
NORMBURN,20260885,range,pos,-0.2763409944869479,9513193.190035166
NORMBURN,20260885,range,vel,-0.2710862225280328,9513193.190035166
NORMBURN,20260885,range,pos,0.23923537979758142,11663978.954415297
NORMBURN,20260885,range,vel,0.26832495202850926,11663978.954415297
NORMBURN,20260885,inplane,pos,1.0331543239825332,13869729.227839421
NORMBURN,20260885,inplane,vel,0.5854356728903215,13869729.227839421
NORMBURN,20260885,inplane,pos,0.2147038848303771,6175114.885691438
NORMBURN,20260885,inplane,vel,0.060275779542296404,6175114.885691438
NORMBURN,20260885,inplane,pos,-1.2068191146710385,6449490.533862826
NORMBURN,20260885,inplane,vel,0.9177319055739294,6449490.533862826
NORMBURN,20260885,inplane,pos,0.5572140316600629,9513193.190035166
NORMBURN,20260885,inplane,vel,-0.3881619541483787,9513193.190035166
NORMBURN,20260885,inplane,pos,-0.32385372259924633,11663978.954415297
NORMBURN,20260885,inplane,vel,0.46431033855115716,11663978.954415297
NORMBURN,20260885,plane,pos,1.161280353826728,13869729.227839421
NORMBURN,20260885,plane,vel,1.0160617294871765,13869729.227839421
NORMBURN,20260885,plane,pos,-1.1392966256917985,6175114.885691438
NORMBURN,20260885,plane,vel,1.8439613846294005,6175114.885691438
NORMBURN,20260885,plane,pos,-0.4130864379755422,6449490.533862826
NORMBURN,20260885,plane,vel,0.034792279101213144,6449490.533862826
NORMBURN,20260885,plane,pos,-0.9861980876087145,9513193.190035166
NORMBURN,20260885,plane,vel,-0.5111840948914065,9513193.190035166
NORMBURN,20260885,plane,pos,1.142688741658418,11663978.954415297
NORMBURN,20260885,plane,vel,-0.05775443666734758,11663978.954415297
NORMBURN,20260885,range,pos,-1.828817409679876,13889095.908243442
NORMBURN,20260885,range,vel,-1.6605500952546637,13889095.908243442
NORMBURN,20260885,range,pos,-0.22438811505382078,13230602.54304055
NORMBURN,20260885,range,vel,0.9529597175237335,13230602.54304055
NORMBURN,20260885,range,pos,1.8634655058034812,6240931.764969133
NORMBURN,20260885,range,vel,-1.509255772730197,6240931.764969133
NORMBURN,20260885,range,pos,0.09002980174945473,5346743.441090927
NORMBURN,20260885,range,vel,0.709085889052689,5346743.441090927
NORMBURN,20260885,range,pos,0.21186921170815007,8607757.281299062
NORMBURN,20260885,range,vel,0.2199856405964683,8607757.281299062
NORMBURN,20260885,range,pos,1.1745441470243572,9609227.86889271
NORMBURN,20260885,range,vel,1.2746367682989492,9609227.86889271
NORMBURN,20260885,range,pos,-0.2608284612551825,12715547.239535673
NORMBURN,20260885,range,vel,0.2446567603121634,12715547.239535673
NORMBURN,20260885,inplane,pos,1.6627322262063617,13889095.908243442
NORMBURN,20260885,inplane,vel,1.1894579522950173,13889095.908243442
NORMBURN,20260885,inplane,pos,-0.7731387136040371,13230602.54304055
NORMBURN,20260885,inplane,vel,-0.6313214403605932,13230602.54304055
NORMBURN,20260885,inplane,pos,0.6597234857296198,6240931.764969133
NORMBURN,20260885,inplane,vel,0.7877912101750207,6240931.764969133
NORMBURN,20260885,inplane,pos,0.6165259042556916,5346743.441090927
NORMBURN,20260885,inplane,vel,0.18105722006125113,5346743.441090927
NORMBURN,20260885,inplane,pos,-0.26062876143764535,8607757.281299062
NORMBURN,20260885,inplane,vel,0.34079006168454556,8607757.281299062
NORMBURN,20260885,inplane,pos,-0.25507903439610424,9609227.86889271
NORMBURN,20260885,inplane,vel,0.22663393644645846,9609227.86889271
NORMBURN,20260885,inplane,pos,-0.7590423536810981,12715547.239535673
NORMBURN,20260885,inplane,vel,2.0484081517852863,12715547.239535673
NORMBURN,20260885,plane,pos,-1.3025143454872716,13889095.908243442
NORMBURN,20260885,plane,vel,-0.46001021689160104,13889095.908243442
NORMBURN,20260885,plane,pos,1.3395294391770616,13230602.54304055
NORMBURN,20260885,plane,vel,-1.0885618903792993,13230602.54304055
NORMBURN,20260885,plane,pos,3.04286444410955,6240931.764969133
NORMBURN,20260885,plane,vel,1.2839418375669436,6240931.764969133
NORMBURN,20260885,plane,pos,-0.729366892890624,5346743.441090927
NORMBURN,20260885,plane,vel,1.8653547467982468,5346743.441090927
NORMBURN,20260885,plane,pos,0.20671842248299135,8607757.281299062
NORMBURN,20260885,plane,vel,-0.6791761628696614,8607757.281299062
NORMBURN,20260885,plane,pos,-0.494302088723473,9609227.86889271
NORMBURN,20260885,plane,vel,1.7849495201934493,9609227.86889271
NORMBURN,20260885,plane,pos,0.5088524398419898,12715547.239535673
NORMBURN,20260885,plane,vel,1.2739186076172215,12715547.239535673
NORMBURN,20260885,range,pos,-0.8933587789647994,12969447.548999354
NORMBURN,20260885,range,vel,-0.7057511700328634,12969447.548999354
NORMBURN,20260885,range,pos,-2.414527324393009,7354686.7398892725
NORMBURN,20260885,range,vel,-2.3236471025543928,7354686.7398892725
NORMBURN,20260885,range,pos,-0.08175246272908142,13807021.450453699
NORMBURN,20260885,range,vel,-0.3128553201982454,13807021.450453699
NORMBURN,20260885,inplane,pos,-0.5225512779231691,12969447.548999354
NORMBURN,20260885,inplane,vel,0.3202882469772122,12969447.548999354
NORMBURN,20260885,inplane,pos,2.9314327549198413,7354686.7398892725
NORMBURN,20260885,inplane,vel,-2.2905952448530336,7354686.7398892725
NORMBURN,20260885,inplane,pos,0.6392715678164955,13807021.450453699
NORMBURN,20260885,inplane,vel,0.09997465444065495,13807021.450453699
NORMBURN,20260885,plane,pos,0.5197682145148674,12969447.548999354
NORMBURN,20260885,plane,vel,0.85343614188488,12969447.548999354
NORMBURN,20260885,plane,pos,-0.10253151631886501,7354686.7398892725
NORMBURN,20260885,plane,vel,-0.16243696008096795,7354686.7398892725
NORMBURN,20260885,plane,pos,-0.13044847504130833,13807021.450453699
NORMBURN,20260885,plane,vel,0.0032132280498698134,13807021.450453699
NORMBURN,20260885,range,pos,0.23965644212130968,14055854.986443039
NORMBURN,20260885,range,vel,-0.2697463463425668,14055854.986443039
NORMBURN,20260885,range,pos,2.4523084418017445,12068593.424214806
NORMBURN,20260885,range,vel,-1.094959595771616,12068593.424214806
NORMBURN,20260885,range,pos,0.01569878112433833,10119049.48565171
NORMBURN,20260885,range,vel,-0.06573086888982758,10119049.48565171
NORMBURN,20260885,range,pos,1.5008870463361041,7469537.950200427
NORMBURN,20260885,range,vel,1.536796753555365,7469537.950200427
NORMBURN,20260885,range,pos,-0.34611978375935576,5455330.637884401
NORMBURN,20260885,range,vel,0.7127180800722006,5455330.637884401
NORMBURN,20260885,range,pos,0.36950956203589785,14129856.781022036
NORMBURN,20260885,range,vel,0.3544068931744946,14129856.781022036
NORMBURN,20260885,inplane,pos,0.7240542699516153,14055854.986443039
NORMBURN,20260885,inplane,vel,0.08704280396243665,14055854.986443039
NORMBURN,20260885,inplane,pos,0.06926564288554854,12068593.424214806
NORMBURN,20260885,inplane,vel,-0.6932580742896631,12068593.424214806
NORMBURN,20260885,inplane,pos,-0.4912104609960052,10119049.48565171
NORMBURN,20260885,inplane,vel,-0.13696297056813866,10119049.48565171
NORMBURN,20260885,inplane,pos,-0.8536254918414861,7469537.950200427
NORMBURN,20260885,inplane,vel,1.4509671359713678,7469537.950200427
NORMBURN,20260885,inplane,pos,-0.3819689953674472,5455330.637884401
NORMBURN,20260885,inplane,vel,-0.6860048550761013,5455330.637884401
NORMBURN,20260885,inplane,pos,-0.712068551549354,14129856.781022036
NORMBURN,20260885,inplane,vel,-0.47805967036723884,14129856.781022036
NORMBURN,20260885,plane,pos,-0.2199059442753894,14055854.986443039
NORMBURN,20260885,plane,vel,2.399770032046927,14055854.986443039
NORMBURN,20260885,plane,pos,1.0186541158162685,12068593.424214806
NORMBURN,20260885,plane,vel,-0.9185946000794769,12068593.424214806
NORMBURN,20260885,plane,pos,0.48373908454141973,10119049.48565171
NORMBURN,20260885,plane,vel,1.4657589400021749,10119049.48565171
NORMBURN,20260885,plane,pos,0.10763179500755658,7469537.950200427
NORMBURN,20260885,plane,vel,-0.22944297364463515,7469537.950200427
NORMBURN,20260885,plane,pos,-0.5916958814959029,5455330.637884401
NORMBURN,20260885,plane,vel,-0.7689538081238502,5455330.637884401
NORMBURN,20260885,plane,pos,-0.003337501694810239,14129856.781022036
NORMBURN,20260885,plane,vel,0.08436747330377442,14129856.781022036
NORMBURN,20260885,range,pos,1.4969223192498666,12321208.52401799
NORMBURN,20260885,range,vel,-0.8577734233946545,12321208.52401799
NORMBURN,20260885,range,pos,-1.2762429033816873,10127839.837294105
NORMBURN,20260885,range,vel,-1.1936814160489984,10127839.837294105
NORMBURN,20260885,range,pos,0.972696527934001,12926031.148684781
NORMBURN,20260885,range,vel,1.1757671426912069,12926031.148684781
NORMBURN,20260885,range,pos,0.5504540580720694,9380032.367750578
NORMBURN,20260885,range,vel,0.5260512372945613,9380032.367750578
NORMBURN,20260885,range,pos,-1.0251908218600772,10481606.577804279
NORMBURN,20260885,range,vel,0.423230481436188,10481606.577804279
NORMBURN,20260885,inplane,pos,1.5278959618760568,12321208.52401799
NORMBURN,20260885,inplane,vel,0.7541621351194286,12321208.52401799
NORMBURN,20260885,inplane,pos,1.5274161702546218,10127839.837294105
NORMBURN,20260885,inplane,vel,-1.171172930919801,10127839.837294105
NORMBURN,20260885,inplane,pos,-1.9771161707121734,12926031.148684781
NORMBURN,20260885,inplane,vel,-0.09982822049589433,12926031.148684781
NORMBURN,20260885,inplane,pos,-0.5731811376828699,9380032.367750578
NORMBURN,20260885,inplane,vel,0.5835237071642377,9380032.367750578
NORMBURN,20260885,inplane,pos,0.16900703325954872,10481606.577804279
NORMBURN,20260885,inplane,vel,0.3509020485650028,10481606.577804279
NORMBURN,20260885,plane,pos,0.25893928545052936,12321208.52401799
NORMBURN,20260885,plane,vel,1.9527014706947698,12321208.52401799
NORMBURN,20260885,plane,pos,1.6931526688144727,10127839.837294105
NORMBURN,20260885,plane,vel,-0.6500249166710963,10127839.837294105
NORMBURN,20260885,plane,pos,-0.47599272749816746,12926031.148684781
NORMBURN,20260885,plane,vel,0.4121021253164549,12926031.148684781
NORMBURN,20260885,plane,pos,0.019749666930183932,9380032.367750578
NORMBURN,20260885,plane,vel,-0.16194258275231976,9380032.367750578
NORMBURN,20260885,plane,pos,-0.5186343430403756,10481606.577804279
NORMBURN,20260885,plane,vel,-0.09722376964654947,10481606.577804279
NORMBURN,20260885,range,pos,-0.5953604133389453,11064013.30237497
NORMBURN,20260885,range,vel,1.405327626709097,11064013.30237497
NORMBURN,20260885,range,pos,0.7152961777610374,10846077.941353707
NORMBURN,20260885,range,vel,-0.3101075202031032,10846077.941353707
NORMBURN,20260885,range,pos,0.5616841952731122,12175831.384482462
NORMBURN,20260885,range,vel,1.0581679933019927,12175831.384482462
NORMBURN,20260885,range,pos,0.2844859367078012,13425560.308632072
NORMBURN,20260885,range,vel,0.2182510118139858,13425560.308632072
NORMBURN,20260885,inplane,pos,-0.7529527760497448,11064013.30237497
NORMBURN,20260885,inplane,vel,-0.8368632668188973,11064013.30237497
NORMBURN,20260885,inplane,pos,0.4030416360750792,10846077.941353707
NORMBURN,20260885,inplane,vel,-0.014400517000048683,10846077.941353707
NORMBURN,20260885,inplane,pos,-1.7843267452882765,12175831.384482462
NORMBURN,20260885,inplane,vel,-1.3329951400801663,12175831.384482462
NORMBURN,20260885,inplane,pos,0.43153904818719285,13425560.308632072
NORMBURN,20260885,inplane,vel,-0.02389568946101078,13425560.308632072
NORMBURN,20260885,plane,pos,0.2362979666067135,11064013.30237497
NORMBURN,20260885,plane,vel,0.9160223130665333,11064013.30237497
NORMBURN,20260885,plane,pos,-0.6914436076257408,10846077.941353707
NORMBURN,20260885,plane,vel,1.1511458386372762,10846077.941353707
NORMBURN,20260885,plane,pos,-0.943229606387627,12175831.384482462
NORMBURN,20260885,plane,vel,-2.7545722756176647,12175831.384482462
NORMBURN,20260885,plane,pos,0.21532264512673743,13425560.308632072
NORMBURN,20260885,plane,vel,0.9785032987176279,13425560.308632072
NORMBURN,20260892,range,pos,1.4599494250509464,12686776.75359579
NORMBURN,20260892,range,vel,1.3675200489738915,12686776.75359579
NORMBURN,20260892,range,pos,-1.0193067250400711,13551259.039536087
NORMBURN,20260892,range,vel,-0.9463392424884534,13551259.039536087
NORMBURN,20260892,range,pos,-2.2384036277588715,4373138.961725762
NORMBURN,20260892,range,vel,0.34177617664997906,4373138.961725762
NORMBURN,20260892,range,pos,-0.16808403268939562,13606825.76207745
NORMBURN,20260892,range,vel,-0.1836013696792144,13606825.76207745
NORMBURN,20260892,inplane,pos,-0.05079764469067476,12686776.75359579
NORMBURN,20260892,inplane,vel,-2.2881953197927367,12686776.75359579
NORMBURN,20260892,inplane,pos,1.1537373718451962,13551259.039536087
NORMBURN,20260892,inplane,vel,1.1365422022196623,13551259.039536087
NORMBURN,20260892,inplane,pos,-0.6915414872634456,4373138.961725762
NORMBURN,20260892,inplane,vel,-0.7792309822758436,4373138.961725762
NORMBURN,20260892,inplane,pos,0.16912469725134946,13606825.76207745
NORMBURN,20260892,inplane,vel,0.25023712955482635,13606825.76207745
NORMBURN,20260892,plane,pos,0.8461349082044157,12686776.75359579
NORMBURN,20260892,plane,vel,0.6014447298580272,12686776.75359579
NORMBURN,20260892,plane,pos,-0.3932320949271525,13551259.039536087
NORMBURN,20260892,plane,vel,-0.5776168776859562,13551259.039536087
NORMBURN,20260892,plane,pos,-0.48740150408702915,4373138.961725762
NORMBURN,20260892,plane,vel,0.8433994477051019,4373138.961725762
NORMBURN,20260892,plane,pos,-0.22658342494373693,13606825.76207745
NORMBURN,20260892,plane,vel,-0.17888320334996208,13606825.76207745
NORMBURN,20260892,range,pos,0.6880421163485402,10077525.242835185
NORMBURN,20260892,range,vel,0.3710531391052224,10077525.242835185
NORMBURN,20260892,range,pos,-0.2079342218616937,6825195.727295344
NORMBURN,20260892,range,vel,-0.017597124782257022,6825195.727295344
NORMBURN,20260892,range,pos,0.04198560112096296,13794602.478756897
NORMBURN,20260892,range,vel,0.6240201825888407,13794602.478756897
NORMBURN,20260892,range,pos,0.26295146949385995,3060781.785966247
NORMBURN,20260892,range,vel,-0.9099319797509525,3060781.785966247
NORMBURN,20260892,range,pos,0.5259314987682068,13909001.831992801
NORMBURN,20260892,range,vel,-0.1517956096525276,13909001.831992801
NORMBURN,20260892,inplane,pos,0.4625234486173198,10077525.242835185
NORMBURN,20260892,inplane,vel,-0.1858359115742186,10077525.242835185
NORMBURN,20260892,inplane,pos,0.8922338018257101,6825195.727295344
NORMBURN,20260892,inplane,vel,0.21096555025149671,6825195.727295344
NORMBURN,20260892,inplane,pos,-0.6559158502092278,13794602.478756897
NORMBURN,20260892,inplane,vel,-0.3231806966780907,13794602.478756897
NORMBURN,20260892,inplane,pos,-1.0248102661944327,3060781.785966247
NORMBURN,20260892,inplane,vel,-0.7543251568770751,3060781.785966247
NORMBURN,20260892,inplane,pos,0.08485905173704493,13909001.831992801
NORMBURN,20260892,inplane,vel,-1.3013490034163984,13909001.831992801
NORMBURN,20260892,plane,pos,1.378304575543279,10077525.242835185
NORMBURN,20260892,plane,vel,0.03352771166558428,10077525.242835185
NORMBURN,20260892,plane,pos,0.1387413414571699,6825195.727295344
NORMBURN,20260892,plane,vel,-1.1134362564100027,6825195.727295344
NORMBURN,20260892,plane,pos,0.15814604128558513,13794602.478756897
NORMBURN,20260892,plane,vel,-1.1172776627199332,13794602.478756897
NORMBURN,20260892,plane,pos,-0.8340738842098934,3060781.785966247
NORMBURN,20260892,plane,vel,0.2188066575626888,3060781.785966247
NORMBURN,20260892,plane,pos,0.9996674640594115,13909001.831992801
NORMBURN,20260892,plane,vel,0.2613288399467063,13909001.831992801
NORMBURN,20260892,range,pos,-0.12880274506434888,7071960.462917389
NORMBURN,20260892,range,vel,-1.0673418849627423,7071960.462917389
NORMBURN,20260892,range,pos,-0.1615770105171212,440653.97215185437
NORMBURN,20260892,range,vel,-0.1623184412121395,440653.97215185437
NORMBURN,20260892,range,pos,-1.055953730960408,11669115.784848318
NORMBURN,20260892,range,vel,-1.785287392704954,11669115.784848318
NORMBURN,20260892,range,pos,1.1234608631528797,14144627.453870056
NORMBURN,20260892,range,vel,-0.06929324053122943,14144627.453870056
NORMBURN,20260892,inplane,pos,0.9991450314897181,7071960.462917389
NORMBURN,20260892,inplane,vel,1.142163636854799,7071960.462917389
NORMBURN,20260892,inplane,pos,0.14277414171489414,440653.97215185437
NORMBURN,20260892,inplane,vel,-0.15683056639851134,440653.97215185437
NORMBURN,20260892,inplane,pos,2.350660759897977,11669115.784848318
NORMBURN,20260892,inplane,vel,2.397915447462633,11669115.784848318
NORMBURN,20260892,inplane,pos,0.01505512447359735,14144627.453870056
NORMBURN,20260892,inplane,vel,-1.4871770843634704,14144627.453870056
NORMBURN,20260892,plane,pos,0.6396423602091523,7071960.462917389
NORMBURN,20260892,plane,vel,0.07220098899738842,7071960.462917389
NORMBURN,20260892,plane,pos,0.16992684088972884,440653.97215185437
NORMBURN,20260892,plane,vel,-0.18941969781902424,440653.97215185437
NORMBURN,20260892,plane,pos,-1.1996210091387374,11669115.784848318
NORMBURN,20260892,plane,vel,0.16758632092065726,11669115.784848318
NORMBURN,20260892,plane,pos,-0.6540569736091137,14144627.453870056
NORMBURN,20260892,plane,vel,-0.8195852012371693,14144627.453870056
NORMBURN,20260892,range,pos,-0.20199476474360462,7374938.20194563
NORMBURN,20260892,range,vel,-0.5015423823714243,7374938.20194563
NORMBURN,20260892,range,pos,-0.5427768556156469,11593931.69092707
NORMBURN,20260892,range,vel,-0.6236984469074669,11593931.69092707
NORMBURN,20260892,range,pos,0.5841236262447826,6714879.312776898
NORMBURN,20260892,range,vel,-0.5267124399596681,6714879.312776898
NORMBURN,20260892,range,pos,-1.1695960287277807,346470.6076126924
NORMBURN,20260892,range,vel,-1.2951974996752535,346470.6076126924
NORMBURN,20260892,range,pos,0.058441606797656316,12753054.166135093
NORMBURN,20260892,range,vel,0.10780170009399989,12753054.166135093
NORMBURN,20260892,range,pos,-0.1687518351001052,12703814.64274402
NORMBURN,20260892,range,vel,-0.09415965652025218,12703814.64274402
NORMBURN,20260892,inplane,pos,-1.068582389842732,7374938.20194563
NORMBURN,20260892,inplane,vel,-0.919542538567094,7374938.20194563
NORMBURN,20260892,inplane,pos,0.5989130493337333,11593931.69092707
NORMBURN,20260892,inplane,vel,-1.2476280712521468,11593931.69092707
NORMBURN,20260892,inplane,pos,-0.752494265384066,6714879.312776898
NORMBURN,20260892,inplane,vel,-0.470259997239067,6714879.312776898
NORMBURN,20260892,inplane,pos,-0.5795697881546129,346470.6076126924
NORMBURN,20260892,inplane,vel,-1.1564231539244607,346470.6076126924
NORMBURN,20260892,inplane,pos,0.5587991434825189,12753054.166135093
NORMBURN,20260892,inplane,vel,0.043867267007597244,12753054.166135093
NORMBURN,20260892,inplane,pos,0.29402354856130664,12703814.64274402
NORMBURN,20260892,inplane,vel,0.6308358549058932,12703814.64274402
NORMBURN,20260892,plane,pos,0.7401574882754948,7374938.20194563
NORMBURN,20260892,plane,vel,1.9436658587232218,7374938.20194563
NORMBURN,20260892,plane,pos,-0.5120352517405635,11593931.69092707
NORMBURN,20260892,plane,vel,0.6136355012799932,11593931.69092707
NORMBURN,20260892,plane,pos,0.016803005408697978,6714879.312776898
NORMBURN,20260892,plane,vel,-0.18135804763072075,6714879.312776898
NORMBURN,20260892,plane,pos,-0.15970705713404026,346470.6076126924
NORMBURN,20260892,plane,vel,-0.7283834370633764,346470.6076126924
NORMBURN,20260892,plane,pos,-0.8353863047763358,12753054.166135093
NORMBURN,20260892,plane,vel,-0.6128808434674132,12753054.166135093
NORMBURN,20260892,plane,pos,-0.7765133956292926,12703814.64274402
NORMBURN,20260892,plane,vel,0.33853434077756284,12703814.64274402
NORMBURN,20260892,range,pos,-0.4575035395884834,7437387.281805154
NORMBURN,20260892,range,vel,0.0826031192069251,7437387.281805154
NORMBURN,20260892,range,pos,0.31357463431488675,10248374.102631785
NORMBURN,20260892,range,vel,-0.8355216676087395,10248374.102631785
NORMBURN,20260892,range,pos,0.323604516763833,5922130.673663461
NORMBURN,20260892,range,vel,0.43291234668107587,5922130.673663461
NORMBURN,20260892,range,pos,-50.12696743255091,1577757.1011390893
NORMBURN,20260892,range,vel,-36.71602231330447,1577757.1011390893
NORMBURN,20260892,range,pos,0.5807240222496791,12744413.19134793
NORMBURN,20260892,range,vel,0.0836519176188449,12744413.19134793
NORMBURN,20260892,range,pos,-1.152932383603598,12225597.22077219
NORMBURN,20260892,range,vel,-1.2383946147298677,12225597.22077219
NORMBURN,20260892,inplane,pos,-0.19315185931377557,7437387.281805154
NORMBURN,20260892,inplane,vel,-0.05156069520806174,7437387.281805154
NORMBURN,20260892,inplane,pos,0.9054183128653326,10248374.102631785
NORMBURN,20260892,inplane,vel,0.5747663173261726,10248374.102631785
NORMBURN,20260892,inplane,pos,0.723905452011938,5922130.673663461
NORMBURN,20260892,inplane,vel,0.24691788629191494,5922130.673663461
NORMBURN,20260892,inplane,pos,-3.3804667171830904,1577757.1011390893
NORMBURN,20260892,inplane,vel,-51.102840313096955,1577757.1011390893
NORMBURN,20260892,inplane,pos,0.2954496479203429,12744413.19134793
NORMBURN,20260892,inplane,vel,-1.9461705984385824,12744413.19134793
NORMBURN,20260892,inplane,pos,0.7328991445056714,12225597.22077219
NORMBURN,20260892,inplane,vel,-0.5636402903213776,12225597.22077219
NORMBURN,20260892,plane,pos,1.7867167484052402,7437387.281805154
NORMBURN,20260892,plane,vel,0.5412596917065204,7437387.281805154
NORMBURN,20260892,plane,pos,-0.12817989824327386,10248374.102631785
NORMBURN,20260892,plane,vel,0.016140316649648937,10248374.102631785
NORMBURN,20260892,plane,pos,0.9526707544358584,5922130.673663461
NORMBURN,20260892,plane,vel,2.3622032560707247,5922130.673663461
NORMBURN,20260892,plane,pos,-2.688742715329042,1577757.1011390893
NORMBURN,20260892,plane,vel,-6.776453775309626,1577757.1011390893
NORMBURN,20260892,plane,pos,-0.8981002249812474,12744413.19134793
NORMBURN,20260892,plane,vel,-1.2187010144672046,12744413.19134793
NORMBURN,20260892,plane,pos,0.48836059722640557,12225597.22077219
NORMBURN,20260892,plane,vel,0.07258806019979347,12225597.22077219
NORMBURN,20260892,range,pos,-1.030475375698759,13211809.759783693
NORMBURN,20260892,range,vel,-0.9468778126200709,13211809.759783693
NORMBURN,20260892,range,pos,-0.1922947389552798,9009762.916344706
NORMBURN,20260892,range,vel,-0.2641221950489459,9009762.916344706
NORMBURN,20260892,range,pos,-1.2721318188259099,7343564.70056394
NORMBURN,20260892,range,vel,-1.0289461191528844,7343564.70056394
NORMBURN,20260892,range,pos,-112.86356618009552,450453.74976281327
NORMBURN,20260892,range,vel,-53.189773242795255,450453.74976281327
NORMBURN,20260892,range,pos,0.9450341356327496,12415976.083568897
NORMBURN,20260892,range,vel,0.42449769636960116,12415976.083568897
NORMBURN,20260892,inplane,pos,1.5400327639002647,13211809.759783693
NORMBURN,20260892,inplane,vel,0.7097467161360576,13211809.759783693
NORMBURN,20260892,inplane,pos,-1.6142348119790064,9009762.916344706
NORMBURN,20260892,inplane,vel,-1.2937442240907575,9009762.916344706
NORMBURN,20260892,inplane,pos,1.7373687811594571,7343564.70056394
NORMBURN,20260892,inplane,vel,-1.3886682267017618,7343564.70056394
NORMBURN,20260892,inplane,pos,28.764074070826723,450453.74976281327
NORMBURN,20260892,inplane,vel,-2.1328003320469047,450453.74976281327
NORMBURN,20260892,inplane,pos,-0.718488791419877,12415976.083568897
NORMBURN,20260892,inplane,vel,-0.4591506774779804,12415976.083568897
NORMBURN,20260892,plane,pos,0.2852407422839991,13211809.759783693
NORMBURN,20260892,plane,vel,-0.04088363989360473,13211809.759783693
NORMBURN,20260892,plane,pos,-0.6796675127591252,9009762.916344706
NORMBURN,20260892,plane,vel,0.021950392953949172,9009762.916344706
NORMBURN,20260892,plane,pos,-1.1323130221293203,7343564.70056394
NORMBURN,20260892,plane,vel,-1.6277857909488678,7343564.70056394
NORMBURN,20260892,plane,pos,2.50540999270786,450453.74976281327
NORMBURN,20260892,plane,vel,63.281247507818634,450453.74976281327
NORMBURN,20260892,plane,pos,-1.3714682968115117,12415976.083568897
NORMBURN,20260892,plane,vel,-0.32180412770276917,12415976.083568897
NORMBURN,20260899,range,pos,-1.0794013095945891,5857237.931289257
NORMBURN,20260899,range,vel,0.8261701370285831,5857237.931289257
NORMBURN,20260899,range,pos,-0.5304131513560502,12783639.6955455
NORMBURN,20260899,range,vel,-0.49052696223502923,12783639.6955455
NORMBURN,20260899,inplane,pos,0.02089487013081222,5857237.931289257
NORMBURN,20260899,inplane,vel,-0.3434812856733475,5857237.931289257
NORMBURN,20260899,inplane,pos,1.3727790115524494,12783639.6955455
NORMBURN,20260899,inplane,vel,0.17885146610643035,12783639.6955455
NORMBURN,20260899,plane,pos,1.0784635457393197,5857237.931289257
NORMBURN,20260899,plane,vel,0.8437788526845514,5857237.931289257
NORMBURN,20260899,plane,pos,-0.6206897228674895,12783639.6955455
NORMBURN,20260899,plane,vel,0.5293230267517264,12783639.6955455
NORMBURN,20260899,range,pos,-0.4402901952108656,6097615.168719573
NORMBURN,20260899,range,vel,1.4894829121477071,6097615.168719573
NORMBURN,20260899,range,pos,-1.205182414519518,6531482.396739738
NORMBURN,20260899,range,vel,-1.0475497059585188,6531482.396739738
NORMBURN,20260899,range,pos,0.5233468889992875,5197113.087099345
NORMBURN,20260899,range,vel,0.5615723237829744,5197113.087099345
NORMBURN,20260899,range,pos,-1.0879204126100803,12961012.432770671
NORMBURN,20260899,range,vel,-1.2116211506059986,12961012.432770671
NORMBURN,20260899,inplane,pos,0.3785573920616265,6097615.168719573
NORMBURN,20260899,inplane,vel,-0.062338128565080066,6097615.168719573
NORMBURN,20260899,inplane,pos,1.8184503490257986,6531482.396739738
NORMBURN,20260899,inplane,vel,-1.1196513538337556,6531482.396739738
NORMBURN,20260899,inplane,pos,-0.26220510662365293,5197113.087099345
NORMBURN,20260899,inplane,vel,0.6061651496280471,5197113.087099345
NORMBURN,20260899,inplane,pos,2.6357884284241018,12961012.432770671
NORMBURN,20260899,inplane,vel,-1.0484477243630859,12961012.432770671
NORMBURN,20260899,plane,pos,-0.2230423435487786,6097615.168719573
NORMBURN,20260899,plane,vel,0.1872857535518317,6097615.168719573
NORMBURN,20260899,plane,pos,0.22644911046532418,6531482.396739738
NORMBURN,20260899,plane,vel,0.4066217090084867,6531482.396739738
NORMBURN,20260899,plane,pos,-0.12297959373672084,5197113.087099345
NORMBURN,20260899,plane,vel,-0.15161413254436265,5197113.087099345
NORMBURN,20260899,plane,pos,-0.1715888845396072,12961012.432770671
NORMBURN,20260899,plane,vel,1.1243697255270184,12961012.432770671
NORMBURN,20260899,range,pos,0.5654349933027247,8193192.318899614
NORMBURN,20260899,range,vel,0.5404269749714706,8193192.318899614
NORMBURN,20260899,range,pos,2.466578360942473,2502986.991740669
NORMBURN,20260899,range,vel,-3.3611671456286754,2502986.991740669
NORMBURN,20260899,range,pos,0.8000089824382732,10759719.283354767
NORMBURN,20260899,range,vel,0.845667983370977,10759719.283354767
NORMBURN,20260899,range,pos,-0.24909373778079646,13822434.056436291
NORMBURN,20260899,range,vel,-0.12122569907163928,13822434.056436291
NORMBURN,20260899,inplane,pos,-0.7135913735838619,8193192.318899614
NORMBURN,20260899,inplane,vel,0.6863582533442185,8193192.318899614
NORMBURN,20260899,inplane,pos,-0.3182868762536214,2502986.991740669
NORMBURN,20260899,inplane,vel,3.0672876998582983,2502986.991740669
NORMBURN,20260899,inplane,pos,-0.07971199105711098,10759719.283354767
NORMBURN,20260899,inplane,vel,-0.003893752098948312,10759719.283354767
NORMBURN,20260899,inplane,pos,0.3498449516857334,13822434.056436291
NORMBURN,20260899,inplane,vel,0.19598922147112374,13822434.056436291
NORMBURN,20260899,plane,pos,1.5520261978944574,8193192.318899614
NORMBURN,20260899,plane,vel,1.1657952087727856,8193192.318899614
NORMBURN,20260899,plane,pos,-0.44292832096731927,2502986.991740669
NORMBURN,20260899,plane,vel,-2.6853738797294824,2502986.991740669
NORMBURN,20260899,plane,pos,0.5487930651406079,10759719.283354767
NORMBURN,20260899,plane,vel,0.8917274389392571,10759719.283354767
NORMBURN,20260899,plane,pos,1.6808437842169772,13822434.056436291
NORMBURN,20260899,plane,vel,0.15823245017028192,13822434.056436291
NORMBURN,20260899,range,pos,2.485512764482415,10325773.10303948
NORMBURN,20260899,range,vel,2.2607550449007126,10325773.10303948
NORMBURN,20260899,range,pos,-0.03611756986841952,6192569.982365386
NORMBURN,20260899,range,vel,0.11729674238937438,6192569.982365386
NORMBURN,20260899,range,pos,-0.5662404244212126,12281121.519798202
NORMBURN,20260899,range,vel,0.17022448073018073,12281121.519798202
NORMBURN,20260899,range,pos,2.854757693699502,2002219.5014007655
NORMBURN,20260899,range,vel,-3.0495752634994377,2002219.5014007655
NORMBURN,20260899,range,pos,0.14005913933515304,9597676.737116743
NORMBURN,20260899,range,vel,0.6379304432153781,9597676.737116743
NORMBURN,20260899,range,pos,-0.2566540641819506,14235394.810623033
NORMBURN,20260899,range,vel,-1.0327679523921511,14235394.810623033
NORMBURN,20260899,inplane,pos,-2.6740769678685083,10325773.10303948
NORMBURN,20260899,inplane,vel,2.385986345677349,10325773.10303948
NORMBURN,20260899,inplane,pos,-0.6230163106698078,6192569.982365386
NORMBURN,20260899,inplane,vel,-0.3425598191373302,6192569.982365386
NORMBURN,20260899,inplane,pos,0.48058077526201637,12281121.519798202
NORMBURN,20260899,inplane,vel,0.6494894910096675,12281121.519798202
NORMBURN,20260899,inplane,pos,3.4914746066186164,2002219.5014007655
NORMBURN,20260899,inplane,vel,3.804267706924893,2002219.5014007655
NORMBURN,20260899,inplane,pos,-0.22478039002678027,9597676.737116743
NORMBURN,20260899,inplane,vel,-0.3210702269788231,9597676.737116743
NORMBURN,20260899,inplane,pos,1.1778151264213992,14235394.810623033
NORMBURN,20260899,inplane,vel,-0.09554363684369138,14235394.810623033
NORMBURN,20260899,plane,pos,-0.8651929426780394,10325773.10303948
NORMBURN,20260899,plane,vel,1.57513256257581,10325773.10303948
NORMBURN,20260899,plane,pos,-0.5356007684035389,6192569.982365386
NORMBURN,20260899,plane,vel,0.952774235993715,6192569.982365386
NORMBURN,20260899,plane,pos,-2.1943901149004916,12281121.519798202
NORMBURN,20260899,plane,vel,2.0653110164077186,12281121.519798202
NORMBURN,20260899,plane,pos,-3.3370862984657546,2002219.5014007655
NORMBURN,20260899,plane,vel,-3.219524752339849,2002219.5014007655
NORMBURN,20260899,plane,pos,0.18230191954554992,9597676.737116743
NORMBURN,20260899,plane,vel,0.38236866894290206,9597676.737116743
NORMBURN,20260899,plane,pos,-0.03811116512505531,14235394.810623033
NORMBURN,20260899,plane,vel,-0.4813781884171929,14235394.810623033
NORMBURN,20260899,range,pos,0.3787501236446518,11324764.741394134
NORMBURN,20260899,range,vel,0.9243720362426309,11324764.741394134
NORMBURN,20260899,range,pos,0.7546222755657249,5935038.698899069
NORMBURN,20260899,range,vel,-1.0805514253864366,5935038.698899069
NORMBURN,20260899,range,pos,0.7655209609250132,12669011.804055603
NORMBURN,20260899,range,vel,-1.5207048714895275,12669011.804055603
NORMBURN,20260899,range,pos,-0.8804806258131307,13747022.53711712
NORMBURN,20260899,range,vel,-1.338640368183553,13747022.53711712
NORMBURN,20260899,range,pos,0.4054896931012277,9625791.964084402
NORMBURN,20260899,range,vel,0.35235491756556914,9625791.964084402
NORMBURN,20260899,range,pos,0.43064352311715454,13901589.507854536
NORMBURN,20260899,range,vel,-1.0987056766925865,13901589.507854536
NORMBURN,20260899,inplane,pos,-1.1491131454433465,11324764.741394134
NORMBURN,20260899,inplane,vel,1.680328464499853,11324764.741394134
NORMBURN,20260899,inplane,pos,-0.3914866338040409,5935038.698899069
NORMBURN,20260899,inplane,vel,-0.28078407693800767,5935038.698899069
NORMBURN,20260899,inplane,pos,1.1051392395383877,12669011.804055603
NORMBURN,20260899,inplane,vel,0.9406514502723001,12669011.804055603
NORMBURN,20260899,inplane,pos,1.192709501067257,13747022.53711712
NORMBURN,20260899,inplane,vel,1.1286090705919238,13747022.53711712
NORMBURN,20260899,inplane,pos,0.022445990327557105,9625791.964084402
NORMBURN,20260899,inplane,vel,-0.21471307109906965,9625791.964084402
NORMBURN,20260899,inplane,pos,1.1569948697787698,13901589.507854536
NORMBURN,20260899,inplane,vel,-1.1738643681668826,13901589.507854536
NORMBURN,20260899,plane,pos,1.865555363877299,11324764.741394134
NORMBURN,20260899,plane,vel,-0.4773282801996725,11324764.741394134
NORMBURN,20260899,plane,pos,1.8787452055521727,5935038.698899069
NORMBURN,20260899,plane,vel,-1.8738939285112366,5935038.698899069
NORMBURN,20260899,plane,pos,-1.879071222295075,12669011.804055603
NORMBURN,20260899,plane,vel,-1.8860503525590382,12669011.804055603
NORMBURN,20260899,plane,pos,-0.6158154653943912,13747022.53711712
NORMBURN,20260899,plane,vel,1.1307070126361347,13747022.53711712
NORMBURN,20260899,plane,pos,1.1135839748572354,9625791.964084402
NORMBURN,20260899,plane,vel,-0.05289129532289358,9625791.964084402
NORMBURN,20260899,plane,pos,-0.2909132654274727,13901589.507854536
NORMBURN,20260899,plane,vel,-0.2450132020078913,13901589.507854536
NORMBURN,20260899,range,pos,-0.6120250197376065,7722815.365468235
NORMBURN,20260899,range,vel,-0.6543238680350909,7722815.365468235
NORMBURN,20260899,range,pos,-0.4306352940528812,13548707.972456586
NORMBURN,20260899,range,vel,-0.14749278041267377,13548707.972456586
NORMBURN,20260899,range,pos,0.5471442264698667,14047662.334711904
NORMBURN,20260899,range,vel,-0.6695780090515673,14047662.334711904
NORMBURN,20260899,range,pos,-0.7148372788651959,9218835.030562988
NORMBURN,20260899,range,vel,-0.5273424664941904,9218835.030562988
NORMBURN,20260899,range,pos,0.3743502440219373,13764248.045691008
NORMBURN,20260899,range,vel,0.19343006633658166,13764248.045691008
NORMBURN,20260899,inplane,pos,0.9190972330529605,7722815.365468235
NORMBURN,20260899,inplane,vel,0.9972795229806047,7722815.365468235
NORMBURN,20260899,inplane,pos,-0.3960370442088843,13548707.972456586
NORMBURN,20260899,inplane,vel,0.04533716175257672,13548707.972456586
NORMBURN,20260899,inplane,pos,0.7113729618669098,14047662.334711904
NORMBURN,20260899,inplane,vel,-0.8876252983108605,14047662.334711904
NORMBURN,20260899,inplane,pos,2.0338048733606446,9218835.030562988
NORMBURN,20260899,inplane,vel,-0.7136919855772781,9218835.030562988
NORMBURN,20260899,inplane,pos,-0.25019250995171727,13764248.045691008
NORMBURN,20260899,inplane,vel,-0.1566514446251291,13764248.045691008
NORMBURN,20260899,plane,pos,-0.3135092352483025,7722815.365468235
NORMBURN,20260899,plane,vel,-0.17781185111519776,7722815.365468235
NORMBURN,20260899,plane,pos,0.6321026059216117,13548707.972456586
NORMBURN,20260899,plane,vel,0.5233643026178036,13548707.972456586
NORMBURN,20260899,plane,pos,-0.033149721805538185,14047662.334711904
NORMBURN,20260899,plane,vel,0.9912753226979866,14047662.334711904
NORMBURN,20260899,plane,pos,-0.307290235695451,9218835.030562988
NORMBURN,20260899,plane,vel,-0.3789952163576018,9218835.030562988
NORMBURN,20260899,plane,pos,0.28296553031716914,13764248.045691008
NORMBURN,20260899,plane,vel,0.1186579974712428,13764248.045691008
NORMBURN,20260906,range,pos,-1.1990224078911331,12355261.598326122
NORMBURN,20260906,range,vel,-1.1028920341043023,12355261.598326122
NORMBURN,20260906,range,pos,-0.1556530375453845,6329863.633299386
NORMBURN,20260906,range,vel,-0.2646899353827497,6329863.633299386
NORMBURN,20260906,range,pos,1.1695929979036828,6908825.443694563
NORMBURN,20260906,range,vel,-0.5378541622533087,6908825.443694563
NORMBURN,20260906,range,pos,-1.4524817419633598,7573704.197394319
NORMBURN,20260906,range,vel,-1.5520497116124004,7573704.197394319
NORMBURN,20260906,inplane,pos,2.1937982637586355,12355261.598326122
NORMBURN,20260906,inplane,vel,-0.8399107711288956,12355261.598326122
NORMBURN,20260906,inplane,pos,-0.6741498174365572,6329863.633299386
NORMBURN,20260906,inplane,vel,-0.09569245332008575,6329863.633299386
NORMBURN,20260906,inplane,pos,0.6949361764674453,6908825.443694563
NORMBURN,20260906,inplane,vel,0.768126699763331,6908825.443694563
NORMBURN,20260906,inplane,pos,1.7484153246738245,7573704.197394319
NORMBURN,20260906,inplane,vel,2.110689258406438,7573704.197394319
NORMBURN,20260906,plane,pos,-0.22454578153789342,12355261.598326122
NORMBURN,20260906,plane,vel,0.7464394873650425,12355261.598326122
NORMBURN,20260906,plane,pos,1.049533880560939,6329863.633299386
NORMBURN,20260906,plane,vel,1.9243740485124807,6329863.633299386
NORMBURN,20260906,plane,pos,-1.667452817294422,6908825.443694563
NORMBURN,20260906,plane,vel,0.2927695098073536,6908825.443694563
NORMBURN,20260906,plane,pos,-0.6389870143178732,7573704.197394319
NORMBURN,20260906,plane,vel,-0.6369617140371759,7573704.197394319
NORMBURN,20260906,range,pos,0.6826073984421127,12234767.570378315
NORMBURN,20260906,range,vel,0.6318580552486446,12234767.570378315
NORMBURN,20260906,range,pos,-1.0291078760349666,6393613.081312422
NORMBURN,20260906,range,vel,-0.973603596024949,6393613.081312422
NORMBURN,20260906,range,pos,-0.07660864237132992,11848646.017100498
NORMBURN,20260906,range,vel,0.12798545604521017,11848646.017100498
NORMBURN,20260906,range,pos,-0.0007037669674437022,7394512.173920353
NORMBURN,20260906,range,vel,-0.5754856955344004,7394512.173920353
NORMBURN,20260906,range,pos,-0.2644710298142613,6281271.087251361
NORMBURN,20260906,range,vel,0.2931254518306649,6281271.087251361
NORMBURN,20260906,range,pos,1.7323846834334788,4690365.872020198
NORMBURN,20260906,range,vel,-1.2920956914512025,4690365.872020198
NORMBURN,20260906,inplane,pos,0.02268225479009556,12234767.570378315
NORMBURN,20260906,inplane,vel,-1.195716133304317,12234767.570378315
NORMBURN,20260906,inplane,pos,0.9442198614515552,6393613.081312422
NORMBURN,20260906,inplane,vel,-0.8970268086022651,6393613.081312422
NORMBURN,20260906,inplane,pos,0.09861097474499637,11848646.017100498
NORMBURN,20260906,inplane,vel,0.10907368658782497,11848646.017100498
NORMBURN,20260906,inplane,pos,-1.265158559226834,7394512.173920353
NORMBURN,20260906,inplane,vel,-1.0997929875231627,7394512.173920353
NORMBURN,20260906,inplane,pos,-0.03439864644561788,6281271.087251361
NORMBURN,20260906,inplane,vel,-0.10830799619588805,6281271.087251361
NORMBURN,20260906,inplane,pos,0.42541269761013767,4690365.872020198
NORMBURN,20260906,inplane,vel,2.317188343288683,4690365.872020198
NORMBURN,20260906,plane,pos,-0.7228658680394591,12234767.570378315
NORMBURN,20260906,plane,vel,1.0485782269541697,12234767.570378315
NORMBURN,20260906,plane,pos,0.5315355174826575,6393613.081312422
NORMBURN,20260906,plane,vel,0.9794671535926135,6393613.081312422
NORMBURN,20260906,plane,pos,0.7107192555356495,11848646.017100498
NORMBURN,20260906,plane,vel,0.3900520328751815,11848646.017100498
NORMBURN,20260906,plane,pos,-0.9941519657494299,7394512.173920353
NORMBURN,20260906,plane,vel,1.366967611244982,7394512.173920353
NORMBURN,20260906,plane,pos,0.41639742505109556,6281271.087251361
NORMBURN,20260906,plane,vel,0.24194966512514404,6281271.087251361
NORMBURN,20260906,plane,pos,0.394546444868409,4690365.872020198
NORMBURN,20260906,plane,vel,0.8691167542415973,4690365.872020198
NORMBURN,20260906,range,pos,-0.025917995296884447,13877267.780313805
NORMBURN,20260906,range,vel,0.34085849283329256,13877267.780313805
NORMBURN,20260906,range,pos,-1.1007913456108682,5099425.655414491
NORMBURN,20260906,range,vel,0.667177344328711,5099425.655414491
NORMBURN,20260906,inplane,pos,-0.7430341314083467,13877267.780313805
NORMBURN,20260906,inplane,vel,-0.16261582869463967,13877267.780313805
NORMBURN,20260906,inplane,pos,-0.8310689802954329,5099425.655414491
NORMBURN,20260906,inplane,vel,-0.7705047426708217,5099425.655414491
NORMBURN,20260906,plane,pos,1.5860161984360615,13877267.780313805
NORMBURN,20260906,plane,vel,-0.15792493875526903,13877267.780313805
NORMBURN,20260906,plane,pos,-0.4072055726152002,5099425.655414491
NORMBURN,20260906,plane,vel,0.5837754135551058,5099425.655414491
NORMBURN,20260906,range,pos,-0.8118107429434005,13818660.95767243
NORMBURN,20260906,range,vel,-0.4798441798466534,13818660.95767243
NORMBURN,20260906,range,pos,0.04131054497559764,14309672.777002906
NORMBURN,20260906,range,vel,0.10675213443715022,14309672.777002906
NORMBURN,20260906,range,pos,1.0439943786647927,11494469.880316576
NORMBURN,20260906,range,vel,0.9510731018355907,11494469.880316576
NORMBURN,20260906,range,pos,0.04857517145878452,5570529.51975596
NORMBURN,20260906,range,vel,-0.2947606795337674,5570529.51975596
NORMBURN,20260906,inplane,pos,0.5902284522721596,13818660.95767243
NORMBURN,20260906,inplane,vel,0.8501348495768926,13818660.95767243
NORMBURN,20260906,inplane,pos,0.6251497838400534,14309672.777002906
NORMBURN,20260906,inplane,vel,0.10619715730718483,14309672.777002906
NORMBURN,20260906,inplane,pos,-1.816748554548323,11494469.880316576
NORMBURN,20260906,inplane,vel,1.0497871263168475,11494469.880316576
NORMBURN,20260906,inplane,pos,-0.5592517988463845,5570529.51975596
NORMBURN,20260906,inplane,vel,-0.5270398059893123,5570529.51975596
NORMBURN,20260906,plane,pos,1.983687701427176,13818660.95767243
NORMBURN,20260906,plane,vel,-1.7568891210887558,13818660.95767243
NORMBURN,20260906,plane,pos,-0.8466192070523721,14309672.777002906
NORMBURN,20260906,plane,vel,0.4197879644448546,14309672.777002906
NORMBURN,20260906,plane,pos,-0.10813918192372986,11494469.880316576
NORMBURN,20260906,plane,vel,0.8380893128903886,11494469.880316576
NORMBURN,20260906,plane,pos,0.029573388709935138,5570529.51975596
NORMBURN,20260906,plane,vel,0.3750519180333759,5570529.51975596
NORMBURN,20260906,range,pos,-0.8332676649501001,9540244.39259617
NORMBURN,20260906,range,vel,-0.41412254986574465,9540244.39259617
NORMBURN,20260906,range,pos,-2.520653707660477,13737110.620094175
NORMBURN,20260906,range,vel,-2.1694798495173346,13737110.620094175
NORMBURN,20260906,range,pos,-0.8640702367864685,11434330.55367089
NORMBURN,20260906,range,vel,-0.8298647089793418,11434330.55367089
NORMBURN,20260906,range,pos,-0.09193012432305768,8795719.568212794
NORMBURN,20260906,range,vel,-0.49709106126945807,8795719.568212794
NORMBURN,20260906,range,pos,1.1079298217901812,12829564.115695905
NORMBURN,20260906,range,vel,1.1511375729200275,12829564.115695905
NORMBURN,20260906,inplane,pos,-0.9433702926968117,9540244.39259617
NORMBURN,20260906,inplane,vel,-0.37735997631238666,9540244.39259617
NORMBURN,20260906,inplane,pos,2.0132729335249024,13737110.620094175
NORMBURN,20260906,inplane,vel,2.0120344374154877,13737110.620094175
NORMBURN,20260906,inplane,pos,0.6438576011502543,11434330.55367089
NORMBURN,20260906,inplane,vel,-0.5363293133376752,11434330.55367089
NORMBURN,20260906,inplane,pos,-2.0367178500743117,8795719.568212794
NORMBURN,20260906,inplane,vel,-1.299211819593308,8795719.568212794
NORMBURN,20260906,inplane,pos,-1.147586045262758,12829564.115695905
NORMBURN,20260906,inplane,vel,-1.2397473899836533,12829564.115695905
NORMBURN,20260906,plane,pos,-1.1906986857886734,9540244.39259617
NORMBURN,20260906,plane,vel,-0.7490117805531278,9540244.39259617
NORMBURN,20260906,plane,pos,-1.7289958072878602,13737110.620094175
NORMBURN,20260906,plane,vel,0.4075237504449256,13737110.620094175
NORMBURN,20260906,plane,pos,0.2684866976841975,11434330.55367089
NORMBURN,20260906,plane,vel,0.9897122823074601,11434330.55367089
NORMBURN,20260906,plane,pos,0.3232658273422614,8795719.568212794
NORMBURN,20260906,plane,vel,-1.1603082587714852,8795719.568212794
NORMBURN,20260906,plane,pos,0.49386194182717885,12829564.115695905
NORMBURN,20260906,plane,vel,-0.173141997254079,12829564.115695905
NORMBURN,20260906,range,pos,-1.8576878639908694,3619863.2092937734
NORMBURN,20260906,range,vel,-1.886730063536656,3619863.2092937734
NORMBURN,20260906,range,pos,-0.48075368205226165,2906077.3613337604
NORMBURN,20260906,range,vel,-0.5939337085876851,2906077.3613337604
NORMBURN,20260906,range,pos,-1.1764827162478098,12684202.24506804
NORMBURN,20260906,range,vel,-1.6951143423142012,12684202.24506804
NORMBURN,20260906,inplane,pos,0.9998319874387739,3619863.2092937734
NORMBURN,20260906,inplane,vel,-1.8895719867108016,3619863.2092937734
NORMBURN,20260906,inplane,pos,-1.4149791648172292,2906077.3613337604
NORMBURN,20260906,inplane,vel,-0.3039716345989331,2906077.3613337604
NORMBURN,20260906,inplane,pos,1.9060032408062113,12684202.24506804
NORMBURN,20260906,inplane,vel,1.6803380962394316,12684202.24506804
NORMBURN,20260906,plane,pos,-0.21093422247525687,3619863.2092937734
NORMBURN,20260906,plane,vel,-0.7031578476498296,3619863.2092937734
NORMBURN,20260906,plane,pos,0.009776794389350025,2906077.3613337604
NORMBURN,20260906,plane,vel,1.2962407383730732,2906077.3613337604
NORMBURN,20260906,plane,pos,0.05668157290047648,12684202.24506804
NORMBURN,20260906,plane,vel,-0.9631295216631286,12684202.24506804
NORMBURN,20260913,range,pos,-0.3382670627289606,3838319.3646820765
NORMBURN,20260913,range,vel,-0.25336546622202927,3838319.3646820765
NORMBURN,20260913,range,pos,-0.3071373062258892,7357013.549680673
NORMBURN,20260913,range,vel,-0.372650902726683,7357013.549680673
NORMBURN,20260913,range,pos,1.295271706087737,11455227.311041944
NORMBURN,20260913,range,vel,1.0775203387569419,11455227.311041944
NORMBURN,20260913,inplane,pos,1.4753681168994917,3838319.3646820765
NORMBURN,20260913,inplane,vel,-0.29770336688619303,3838319.3646820765
NORMBURN,20260913,inplane,pos,-0.3289471876475273,7357013.549680673
NORMBURN,20260913,inplane,vel,-0.45436562838802963,7357013.549680673
NORMBURN,20260913,inplane,pos,-1.7091237795124794,11455227.311041944
NORMBURN,20260913,inplane,vel,1.058762396680076,11455227.311041944
NORMBURN,20260913,plane,pos,0.7551460303710202,3838319.3646820765
NORMBURN,20260913,plane,vel,1.3246529204291277,3838319.3646820765
NORMBURN,20260913,plane,pos,-0.5876993462381612,7357013.549680673
NORMBURN,20260913,plane,vel,0.2529462134708547,7357013.549680673
NORMBURN,20260913,plane,pos,0.9156362307797168,11455227.311041944
NORMBURN,20260913,plane,vel,0.23732188156040981,11455227.311041944
NORMBURN,20260913,range,pos,1.7018490270834952,2163628.9835131555
NORMBURN,20260913,range,vel,-1.8391111147722206,2163628.9835131555
NORMBURN,20260913,range,pos,0.05033267745030165,6083713.419310619
NORMBURN,20260913,range,vel,0.2850972614411016,6083713.419310619
NORMBURN,20260913,range,pos,-0.8499836332956217,7463960.163337046
NORMBURN,20260913,range,vel,-0.9857173406195815,7463960.163337046
NORMBURN,20260913,range,pos,0.6718710972089512,12436075.582444116
NORMBURN,20260913,range,vel,0.04317593574754013,12436075.582444116
NORMBURN,20260913,inplane,pos,2.1563161929267545,2163628.9835131555
NORMBURN,20260913,inplane,vel,2.024017137260613,2163628.9835131555
NORMBURN,20260913,inplane,pos,0.4625205830184737,6083713.419310619
NORMBURN,20260913,inplane,vel,0.06608857327148546,6083713.419310619
NORMBURN,20260913,inplane,pos,-0.0940801824010151,7463960.163337046
NORMBURN,20260913,inplane,vel,-0.9264013677377916,7463960.163337046
NORMBURN,20260913,inplane,pos,1.1503927835533119,12436075.582444116
NORMBURN,20260913,inplane,vel,-2.2414064465202768,12436075.582444116
NORMBURN,20260913,plane,pos,1.3633396948858847,2163628.9835131555
NORMBURN,20260913,plane,vel,1.3947250203421333,2163628.9835131555
NORMBURN,20260913,plane,pos,-0.9736359307648449,6083713.419310619
NORMBURN,20260913,plane,vel,-0.7921600061830646,6083713.419310619
NORMBURN,20260913,plane,pos,0.22407435810376708,7463960.163337046
NORMBURN,20260913,plane,vel,0.824948679586197,7463960.163337046
NORMBURN,20260913,plane,pos,0.1737299081942598,12436075.582444116
NORMBURN,20260913,plane,vel,0.9509763504365691,12436075.582444116
NORMBURN,20260913,range,pos,0.5097818065668616,8460364.381623263
NORMBURN,20260913,range,vel,0.5718725816607828,8460364.381623263
NORMBURN,20260913,inplane,pos,0.2811287904733371,8460364.381623263
NORMBURN,20260913,inplane,vel,0.4835108612805921,8460364.381623263
NORMBURN,20260913,plane,pos,0.9896630317188042,8460364.381623263
NORMBURN,20260913,plane,vel,0.8130357641092851,8460364.381623263
NORMBURN,20260913,range,pos,0.430951339126369,8868817.97960997
NORMBURN,20260913,range,vel,0.38423165917127844,8868817.97960997
NORMBURN,20260913,range,pos,-1.1661964412755013,9327998.336421287
NORMBURN,20260913,range,vel,-1.1841811134352205,9327998.336421287
NORMBURN,20260913,range,pos,-0.8759922438191008,13728382.867182992
NORMBURN,20260913,range,vel,-0.6318145123012414,13728382.867182992
NORMBURN,20260913,range,pos,-0.8617251834766788,11423585.304416645
NORMBURN,20260913,range,vel,0.6504741027408744,11423585.304416645
NORMBURN,20260913,range,pos,-0.1850843635689399,13721408.90019973
NORMBURN,20260913,range,vel,-0.05917165246879631,13721408.90019973
NORMBURN,20260913,range,pos,-0.6368132611701206,11720563.263745615
NORMBURN,20260913,range,vel,-0.7171192049213031,11720563.263745615
NORMBURN,20260913,range,pos,1.81041980745256,8638165.809159044
NORMBURN,20260913,range,vel,-0.02033970858589646,8638165.809159044
NORMBURN,20260913,inplane,pos,-0.5299674991200577,8868817.97960997
NORMBURN,20260913,inplane,vel,0.23248494234303133,8868817.97960997
NORMBURN,20260913,inplane,pos,1.0861401667453447,9327998.336421287
NORMBURN,20260913,inplane,vel,-1.2793447366491475,9327998.336421287
NORMBURN,20260913,inplane,pos,0.494014962241553,13728382.867182992
NORMBURN,20260913,inplane,vel,1.036718806009565,13728382.867182992
NORMBURN,20260913,inplane,pos,-0.4446409896486009,11423585.304416645
NORMBURN,20260913,inplane,vel,-0.16742465807780846,11423585.304416645
NORMBURN,20260913,inplane,pos,0.06163720923131504,13721408.90019973
NORMBURN,20260913,inplane,vel,0.17166119838939373,13721408.90019973
NORMBURN,20260913,inplane,pos,0.39155523209658827,11720563.263745615
NORMBURN,20260913,inplane,vel,-0.7553550941778104,11720563.263745615
NORMBURN,20260913,inplane,pos,0.10899941835181247,8638165.809159044
NORMBURN,20260913,inplane,vel,-0.30889557639271675,8638165.809159044
NORMBURN,20260913,plane,pos,-0.22126618627956415,8868817.97960997
NORMBURN,20260913,plane,vel,-0.1481067177237159,8868817.97960997
NORMBURN,20260913,plane,pos,0.3419611237011474,9327998.336421287
NORMBURN,20260913,plane,vel,-0.5410454759362652,9327998.336421287
NORMBURN,20260913,plane,pos,-0.42696913742706505,13728382.867182992
NORMBURN,20260913,plane,vel,-0.1862396766465328,13728382.867182992
NORMBURN,20260913,plane,pos,1.5505811364414823,11423585.304416645
NORMBURN,20260913,plane,vel,-0.9964788285284298,11423585.304416645
NORMBURN,20260913,plane,pos,0.04497394581246318,13721408.90019973
NORMBURN,20260913,plane,vel,-0.6668015818417259,13721408.90019973
NORMBURN,20260913,plane,pos,-0.7846747004283964,11720563.263745615
NORMBURN,20260913,plane,vel,-0.10009400701985907,11720563.263745615
NORMBURN,20260913,plane,pos,-0.6091916912725353,8638165.809159044
NORMBURN,20260913,plane,vel,-1.291801255214048,8638165.809159044
NORMBURN,20260913,range,pos,-1.281651171376774,9905250.69920491
NORMBURN,20260913,range,vel,-1.295430362908859,9905250.69920491
NORMBURN,20260913,range,pos,0.4504441930773786,13807432.609667333
NORMBURN,20260913,range,vel,-0.17123194610602394,13807432.609667333
NORMBURN,20260913,range,pos,0.5489807514957535,8516521.939979926
NORMBURN,20260913,range,vel,0.42571835163814914,8516521.939979926
NORMBURN,20260913,range,pos,1.0343554790166847,13852430.999774843
NORMBURN,20260913,range,vel,-0.8023256832456415,13852430.999774843
NORMBURN,20260913,inplane,pos,1.0152392954592921,9905250.69920491
NORMBURN,20260913,inplane,vel,-1.2134127804005144,9905250.69920491
NORMBURN,20260913,inplane,pos,-0.09544223661887519,13807432.609667333
NORMBURN,20260913,inplane,vel,-0.4297478490051608,13807432.609667333
NORMBURN,20260913,inplane,pos,-1.1130045832602147,8516521.939979926
NORMBURN,20260913,inplane,vel,0.5362641513297618,8516521.939979926
NORMBURN,20260913,inplane,pos,0.5284059789809405,13852430.999774843
NORMBURN,20260913,inplane,vel,-1.189686729359755,13852430.999774843
NORMBURN,20260913,plane,pos,0.016791271822216278,9905250.69920491
NORMBURN,20260913,plane,vel,0.17299822326940822,9905250.69920491
NORMBURN,20260913,plane,pos,0.9244398389482048,13807432.609667333
NORMBURN,20260913,plane,vel,-0.06894530309130265,13807432.609667333
NORMBURN,20260913,plane,pos,-1.095072911344429,8516521.939979926
NORMBURN,20260913,plane,vel,0.8233859693376155,8516521.939979926
NORMBURN,20260913,plane,pos,-0.8304041830468362,13852430.999774843
NORMBURN,20260913,plane,vel,-1.9629832908043257,13852430.999774843
NORMBURN,20260913,range,pos,-1.1006480875309137,13757245.886979133
NORMBURN,20260913,range,vel,-0.8990115318062943,13757245.886979133
NORMBURN,20260913,range,pos,-2.4537341183516648,8855381.00505563
NORMBURN,20260913,range,vel,-2.426431168538038,8855381.00505563
NORMBURN,20260913,range,pos,0.8663705538422221,13805029.651420696
NORMBURN,20260913,range,vel,0.9352816389163459,13805029.651420696
NORMBURN,20260913,range,pos,-0.09322403742560725,13687490.267471831
NORMBURN,20260913,range,vel,-0.5149726160933732,13687490.267471831
NORMBURN,20260913,range,pos,-0.8519586526939879,11830043.162747579
NORMBURN,20260913,range,vel,-0.39489315811339615,11830043.162747579
NORMBURN,20260913,range,pos,-0.904139479229136,10861233.602821626
NORMBURN,20260913,range,vel,-0.33693309872370386,10861233.602821626
NORMBURN,20260913,inplane,pos,0.5298088105153903,13757245.886979133
NORMBURN,20260913,inplane,vel,1.268888906490103,13757245.886979133
NORMBURN,20260913,inplane,pos,1.7411555533358674,8855381.00505563
NORMBURN,20260913,inplane,vel,-2.4283697540127442,8855381.00505563
NORMBURN,20260913,inplane,pos,-1.371360538840953,13805029.651420696
NORMBURN,20260913,inplane,vel,-0.5533247894697496,13805029.651420696
NORMBURN,20260913,inplane,pos,0.3446812173734202,13687490.267471831
NORMBURN,20260913,inplane,vel,-0.1946496194170397,13687490.267471831
NORMBURN,20260913,inplane,pos,0.10155533715470927,11830043.162747579
NORMBURN,20260913,inplane,vel,0.4020359240318956,11830043.162747579
NORMBURN,20260913,inplane,pos,0.5988055953894315,10861233.602821626
NORMBURN,20260913,inplane,vel,0.8238010168312734,10861233.602821626
NORMBURN,20260913,plane,pos,0.40124795853368633,13757245.886979133
NORMBURN,20260913,plane,vel,0.40604385769512585,13757245.886979133
NORMBURN,20260913,plane,pos,0.2790335424461608,8855381.00505563
NORMBURN,20260913,plane,vel,-0.029939379714779914,8855381.00505563
NORMBURN,20260913,plane,pos,1.5433272318565525,13805029.651420696
NORMBURN,20260913,plane,vel,0.19159270600900966,13805029.651420696
NORMBURN,20260913,plane,pos,-1.15419471204747,13687490.267471831
NORMBURN,20260913,plane,vel,-0.0733524505385117,13687490.267471831
NORMBURN,20260913,plane,pos,0.10086215680187585,11830043.162747579
NORMBURN,20260913,plane,vel,-0.3421255625595731,11830043.162747579
NORMBURN,20260913,plane,pos,2.0510812162426544,10861233.602821626
NORMBURN,20260913,plane,vel,0.6891730071239894,10861233.602821626
NORMBURN,20260920,range,pos,-0.4151815921800193,12451771.965686562
NORMBURN,20260920,range,vel,-0.572542135320247,12451771.965686562
NORMBURN,20260920,range,pos,1.231994988278892,11970479.343140261
NORMBURN,20260920,range,vel,1.277500628776332,11970479.343140261
NORMBURN,20260920,range,pos,0.04671564669681611,12578440.460277684
NORMBURN,20260920,range,vel,-0.5678514666211578,12578440.460277684
NORMBURN,20260920,range,pos,0.05498481478462766,4761710.627378147
NORMBURN,20260920,range,vel,-0.09057826381702377,4761710.627378147
NORMBURN,20260920,inplane,pos,0.649082850389691,12451771.965686562
NORMBURN,20260920,inplane,vel,0.6360193993001491,12451771.965686562
NORMBURN,20260920,inplane,pos,-0.721031965936249,11970479.343140261
NORMBURN,20260920,inplane,vel,-0.9210054288863494,11970479.343140261
NORMBURN,20260920,inplane,pos,1.8754655011762886,12578440.460277684
NORMBURN,20260920,inplane,vel,0.843736940906543,12578440.460277684
NORMBURN,20260920,inplane,pos,0.16589818858667285,4761710.627378147
NORMBURN,20260920,inplane,vel,0.16423410833990715,4761710.627378147
NORMBURN,20260920,plane,pos,0.4654320380263968,12451771.965686562
NORMBURN,20260920,plane,vel,1.1263117641376372,12451771.965686562
NORMBURN,20260920,plane,pos,0.6082561815487956,11970479.343140261
NORMBURN,20260920,plane,vel,1.3742226601960272,11970479.343140261
NORMBURN,20260920,plane,pos,0.4982662934179439,12578440.460277684
NORMBURN,20260920,plane,vel,0.8996849305792773,12578440.460277684
NORMBURN,20260920,plane,pos,-0.07212514896838056,4761710.627378147
NORMBURN,20260920,plane,vel,-0.5409480573336398,4761710.627378147
NORMBURN,20260920,range,pos,-0.1553095818619751,12921963.89428159
NORMBURN,20260920,range,vel,0.8976060975411105,12921963.89428159
NORMBURN,20260920,range,pos,-0.6975965745201368,13193222.779197088
NORMBURN,20260920,range,vel,-0.32833965427361145,13193222.779197088
NORMBURN,20260920,range,pos,2.1567372707098644,12304550.867049169
NORMBURN,20260920,range,vel,1.1944301325552455,12304550.867049169
NORMBURN,20260920,range,pos,-0.006357545376237429,5248631.284573927
NORMBURN,20260920,range,vel,0.45995852544608706,5248631.284573927
NORMBURN,20260920,range,pos,0.43246226765636897,7973829.495810212
NORMBURN,20260920,range,vel,0.2696472449270764,7973829.495810212
NORMBURN,20260920,inplane,pos,-0.920821670532269,12921963.89428159
NORMBURN,20260920,inplane,vel,-0.7629511174255452,12921963.89428159
NORMBURN,20260920,inplane,pos,0.2464031849762552,13193222.779197088
NORMBURN,20260920,inplane,vel,0.6027102346343065,13193222.779197088
NORMBURN,20260920,inplane,pos,-1.071589184623362,12304550.867049169
NORMBURN,20260920,inplane,vel,-1.8448999248810634,12304550.867049169
NORMBURN,20260920,inplane,pos,1.1945034527809713,5248631.284573927
NORMBURN,20260920,inplane,vel,0.8498089537532837,5248631.284573927
NORMBURN,20260920,inplane,pos,1.2693543071350866,7973829.495810212
NORMBURN,20260920,inplane,vel,0.9521490802981297,7973829.495810212
NORMBURN,20260920,plane,pos,-1.1155692966385553,12921963.89428159
NORMBURN,20260920,plane,vel,-0.667637750517386,12921963.89428159
NORMBURN,20260920,plane,pos,-2.550158459030428,13193222.779197088
NORMBURN,20260920,plane,vel,0.7550505385979742,13193222.779197088
NORMBURN,20260920,plane,pos,0.0010940018940671801,12304550.867049169
NORMBURN,20260920,plane,vel,0.8469432661536186,12304550.867049169
NORMBURN,20260920,plane,pos,-0.7933396889397366,5248631.284573927
NORMBURN,20260920,plane,vel,-0.18692348215321763,5248631.284573927
NORMBURN,20260920,plane,pos,-0.7446445903783467,7973829.495810212
NORMBURN,20260920,plane,vel,-0.5099908229138208,7973829.495810212
NORMBURN,20260920,range,pos,-0.6135793714643135,5411735.322792128
NORMBURN,20260920,range,vel,-0.5047655123256861,5411735.322792128
NORMBURN,20260920,range,pos,0.9034649148799063,13668685.506935878
NORMBURN,20260920,range,vel,1.0943060805111582,13668685.506935878
NORMBURN,20260920,range,pos,-0.13525020185522338,1627955.1348958823
NORMBURN,20260920,range,vel,-0.14681129229973655,1627955.1348958823
NORMBURN,20260920,range,pos,-1.9281637853344025,6199213.733765659
NORMBURN,20260920,range,vel,1.9723456934862122,6199213.733765659
NORMBURN,20260920,inplane,pos,-0.604362548041921,5411735.322792128
NORMBURN,20260920,inplane,vel,-0.47413981307515835,5411735.322792128
NORMBURN,20260920,inplane,pos,-0.9333939256377096,13668685.506935878
NORMBURN,20260920,inplane,vel,-0.7898375475086516,13668685.506935878
NORMBURN,20260920,inplane,pos,-0.18508282345991986,1627955.1348958823
NORMBURN,20260920,inplane,vel,-0.13694456767448485,1627955.1348958823
NORMBURN,20260920,inplane,pos,-0.8277556454745787,6199213.733765659
NORMBURN,20260920,inplane,vel,-1.2062304306467588,6199213.733765659
NORMBURN,20260920,plane,pos,1.7249846211309539,5411735.322792128
NORMBURN,20260920,plane,vel,1.6118422236945682,5411735.322792128
NORMBURN,20260920,plane,pos,1.1396642279845917,13668685.506935878
NORMBURN,20260920,plane,vel,0.8963543908731147,13668685.506935878
NORMBURN,20260920,plane,pos,1.4944151624320987,1627955.1348958823
NORMBURN,20260920,plane,vel,0.1821031876325971,1627955.1348958823
NORMBURN,20260920,plane,pos,0.6420311796622195,6199213.733765659
NORMBURN,20260920,plane,vel,-1.1235959973302025,6199213.733765659
NORMBURN,20260920,range,pos,0.11716207839106804,4741860.575659837
NORMBURN,20260920,range,vel,-0.5617979983880416,4741860.575659837
NORMBURN,20260920,range,pos,-0.4415821019951539,9548197.904271206
NORMBURN,20260920,range,vel,-0.6974537361841615,9548197.904271206
NORMBURN,20260920,range,pos,0.6252867682642216,10857749.024112927
NORMBURN,20260920,range,vel,1.4135514550212747,10857749.024112927
NORMBURN,20260920,range,pos,-0.1573243059439013,5522186.365985954
NORMBURN,20260920,range,vel,0.155772224327422,5522186.365985954
NORMBURN,20260920,range,pos,-0.1712771087052233,1260913.0981161485
NORMBURN,20260920,range,vel,0.2564587394171499,1260913.0981161485
NORMBURN,20260920,range,pos,0.4409842522233302,5802868.55936575
NORMBURN,20260920,range,vel,-0.3633225253018152,5802868.55936575
NORMBURN,20260920,inplane,pos,-1.2487710994378116,4741860.575659837
NORMBURN,20260920,inplane,vel,-1.3830884002974428,4741860.575659837
NORMBURN,20260920,inplane,pos,1.1826252377394204,9548197.904271206
NORMBURN,20260920,inplane,vel,1.1823042507652821,9548197.904271206
NORMBURN,20260920,inplane,pos,-1.52940454367285,10857749.024112927
NORMBURN,20260920,inplane,vel,-1.4228183062809392,10857749.024112927
NORMBURN,20260920,inplane,pos,0.11907202556398379,5522186.365985954
NORMBURN,20260920,inplane,vel,0.035727780485232494,5522186.365985954
NORMBURN,20260920,inplane,pos,2.0120164440038795,1260913.0981161485
NORMBURN,20260920,inplane,vel,-0.10693052520159134,1260913.0981161485
NORMBURN,20260920,inplane,pos,-0.8323329630864995,5802868.55936575
NORMBURN,20260920,inplane,vel,0.2528091158585623,5802868.55936575
NORMBURN,20260920,plane,pos,0.43600950725098253,4741860.575659837
NORMBURN,20260920,plane,vel,-0.0728530950548123,4741860.575659837
NORMBURN,20260920,plane,pos,0.42936768576098255,9548197.904271206
NORMBURN,20260920,plane,vel,-0.029366276084751827,9548197.904271206
NORMBURN,20260920,plane,pos,-1.766846318120742,10857749.024112927
NORMBURN,20260920,plane,vel,-1.6541885392542288,10857749.024112927
NORMBURN,20260920,plane,pos,-0.5921808290341005,5522186.365985954
NORMBURN,20260920,plane,vel,0.4737780519829865,5522186.365985954
NORMBURN,20260920,plane,pos,0.031528598334856335,1260913.0981161485
NORMBURN,20260920,plane,vel,-0.49853699033212767,1260913.0981161485
NORMBURN,20260920,plane,pos,1.5629970854447273,5802868.55936575
NORMBURN,20260920,plane,vel,1.4411668792377197,5802868.55936575
NORMBURN,20260920,range,pos,-0.18430486217116016,4574062.277300459
NORMBURN,20260920,range,vel,1.4370893101830784,4574062.277300459
NORMBURN,20260920,range,pos,0.6210330584785405,9787214.527444752
NORMBURN,20260920,range,vel,0.7790295272403,9787214.527444752
NORMBURN,20260920,range,pos,-1.0327745517834954,10698985.936004287
NORMBURN,20260920,range,vel,1.4436638459744193,10698985.936004287
NORMBURN,20260920,inplane,pos,1.045856581630867,4574062.277300459
NORMBURN,20260920,inplane,vel,0.05799908726558607,4574062.277300459
NORMBURN,20260920,inplane,pos,-0.7018697028704656,9787214.527444752
NORMBURN,20260920,inplane,vel,-0.6534651955075341,9787214.527444752
NORMBURN,20260920,inplane,pos,-2.1231525371268614,10698985.936004287
NORMBURN,20260920,inplane,vel,-2.0748892805894013,10698985.936004287
NORMBURN,20260920,plane,pos,0.07260193355324578,4574062.277300459
NORMBURN,20260920,plane,vel,0.4454984127182281,4574062.277300459
NORMBURN,20260920,plane,pos,-0.2076755689604874,9787214.527444752
NORMBURN,20260920,plane,vel,-0.28658288377873753,9787214.527444752
NORMBURN,20260920,plane,pos,0.8527088842095177,10698985.936004287
NORMBURN,20260920,plane,vel,-0.48028572493757193,10698985.936004287
NORMBURN,20260920,range,pos,0.2493442649715735,10537479.065128494
NORMBURN,20260920,range,vel,0.13077729944535282,10537479.065128494
NORMBURN,20260920,range,pos,0.6826310101295475,12218386.524809342
NORMBURN,20260920,range,vel,0.6168836262547901,12218386.524809342
NORMBURN,20260920,inplane,pos,0.028406327366630076,10537479.065128494
NORMBURN,20260920,inplane,vel,-0.21711893707762656,10537479.065128494
NORMBURN,20260920,inplane,pos,-0.23787635790397224,12218386.524809342
NORMBURN,20260920,inplane,vel,-0.523157781219193,12218386.524809342
NORMBURN,20260920,plane,pos,-1.5754498211820807,10537479.065128494
NORMBURN,20260920,plane,vel,0.4461543073751329,10537479.065128494
NORMBURN,20260920,plane,pos,0.6492573908512431,12218386.524809342
NORMBURN,20260920,plane,vel,1.5799764703282908,12218386.524809342
NORMBURN,20260927,range,pos,0.21247631017906227,12632253.750011088
NORMBURN,20260927,range,vel,0.12504634449473173,12632253.750011088
NORMBURN,20260927,range,pos,-0.625004744171703,2921064.764734549
NORMBURN,20260927,range,vel,1.3202496587423123,2921064.764734549
NORMBURN,20260927,inplane,pos,-0.0028866867516144485,12632253.750011088
NORMBURN,20260927,inplane,vel,-0.4163379598129886,12632253.750011088
NORMBURN,20260927,inplane,pos,-0.05074759459444423,2921064.764734549
NORMBURN,20260927,inplane,vel,-1.1460640470659482,2921064.764734549
NORMBURN,20260927,plane,pos,0.791528700736953,12632253.750011088
NORMBURN,20260927,plane,vel,0.5786036790280673,12632253.750011088
NORMBURN,20260927,plane,pos,0.8298721226353288,2921064.764734549
NORMBURN,20260927,plane,vel,-0.6072678430106405,2921064.764734549
NORMBURN,20260927,range,pos,2.17294046978633,237105.42330254472
NORMBURN,20260927,range,vel,-2.325645554406536,237105.42330254472
NORMBURN,20260927,range,pos,-0.14468641953442624,4279586.685984679
NORMBURN,20260927,range,vel,-0.13692468560709406,4279586.685984679
NORMBURN,20260927,range,pos,-1.1922263221782732,9269230.616780462
NORMBURN,20260927,range,vel,-1.2087231701424985,9269230.616780462
NORMBURN,20260927,range,pos,0.26573831391928115,12605566.320557227
NORMBURN,20260927,range,vel,0.17498893720447253,12605566.320557227
NORMBURN,20260927,range,pos,-1.4094434677997563,1708446.10805778
NORMBURN,20260927,range,vel,1.0315853700946596,1708446.10805778
NORMBURN,20260927,inplane,pos,-0.10953285573160966,237105.42330254472
NORMBURN,20260927,inplane,vel,-2.138761030267192,237105.42330254472
NORMBURN,20260927,inplane,pos,-0.09032772042488904,4279586.685984679
NORMBURN,20260927,inplane,vel,-0.13420364782810662,4279586.685984679
NORMBURN,20260927,inplane,pos,0.880342435564614,9269230.616780462
NORMBURN,20260927,inplane,vel,-1.124980850921129,9269230.616780462
NORMBURN,20260927,inplane,pos,-0.23334458597933205,12605566.320557227
NORMBURN,20260927,inplane,vel,-0.06674374220820975,12605566.320557227
NORMBURN,20260927,inplane,pos,1.9452129292459832,1708446.10805778
NORMBURN,20260927,inplane,vel,-0.2062479462797115,1708446.10805778
NORMBURN,20260927,plane,pos,2.645803915368341,237105.42330254472
NORMBURN,20260927,plane,vel,2.2700497144370395,237105.42330254472
NORMBURN,20260927,plane,pos,0.934479960291771,4279586.685984679
NORMBURN,20260927,plane,vel,1.1839500001771273,4279586.685984679
NORMBURN,20260927,plane,pos,0.39222761366616793,9269230.616780462
NORMBURN,20260927,plane,vel,1.1794032827451406,9269230.616780462
NORMBURN,20260927,plane,pos,0.33670019054394523,12605566.320557227
NORMBURN,20260927,plane,vel,0.052890461878248564,12605566.320557227
NORMBURN,20260927,plane,pos,0.1869822913306761,1708446.10805778
NORMBURN,20260927,plane,vel,-1.2640612292433906,1708446.10805778
NORMBURN,20260927,range,pos,-0.25155610971375253,9764207.78207597
NORMBURN,20260927,range,vel,-0.24446505656426043,9764207.78207597
NORMBURN,20260927,range,pos,0.055422192893509276,5882686.245425764
NORMBURN,20260927,range,vel,-0.044181378603007124,5882686.245425764
NORMBURN,20260927,inplane,pos,0.23699909165284871,9764207.78207597
NORMBURN,20260927,inplane,vel,-0.21127554693975908,9764207.78207597
NORMBURN,20260927,inplane,pos,-1.2219502849707033,5882686.245425764
NORMBURN,20260927,inplane,vel,-0.07277327944501422,5882686.245425764
NORMBURN,20260927,plane,pos,0.7183322954929083,9764207.78207597
NORMBURN,20260927,plane,vel,0.8171758294290583,9764207.78207597
NORMBURN,20260927,plane,pos,-0.039455764654759966,5882686.245425764
NORMBURN,20260927,plane,vel,1.1369278003970305,5882686.245425764
NORMBURN,20260927,range,pos,-0.809106274240519,13750881.292356925
NORMBURN,20260927,range,vel,-1.6110518498727766,13750881.292356925
NORMBURN,20260927,range,pos,-0.9092825166228465,8063876.354148812
NORMBURN,20260927,range,vel,-0.9912253301108229,8063876.354148812
NORMBURN,20260927,range,pos,0.4701508766355729,4475268.5234849015
NORMBURN,20260927,range,vel,0.7265140717221974,4475268.5234849015
NORMBURN,20260927,range,pos,0.37682866427790307,13670439.757965054
NORMBURN,20260927,range,vel,0.3143486624652166,13670439.757965054
NORMBURN,20260927,inplane,pos,1.8920953995429466,13750881.292356925
NORMBURN,20260927,inplane,vel,1.121103627744639,13750881.292356925
NORMBURN,20260927,inplane,pos,-0.012059774584652592,8063876.354148812
NORMBURN,20260927,inplane,vel,-0.8431116633192554,8063876.354148812
NORMBURN,20260927,inplane,pos,0.38031913178254195,4475268.5234849015
NORMBURN,20260927,inplane,vel,0.46844354532361765,4475268.5234849015
NORMBURN,20260927,inplane,pos,-1.0236199736651996,13670439.757965054
NORMBURN,20260927,inplane,vel,-0.6640115851649943,13670439.757965054
NORMBURN,20260927,plane,pos,-2.3845789434502267,13750881.292356925
NORMBURN,20260927,plane,vel,0.09945477026175285,13750881.292356925
NORMBURN,20260927,plane,pos,0.3353192869159731,8063876.354148812
NORMBURN,20260927,plane,vel,-0.29173516059383,8063876.354148812
NORMBURN,20260927,plane,pos,-1.5236104059525162,4475268.5234849015
NORMBURN,20260927,plane,vel,0.2473570380236464,4475268.5234849015
NORMBURN,20260927,plane,pos,-0.42606690607873504,13670439.757965054
NORMBURN,20260927,plane,vel,0.2450704918604249,13670439.757965054
NORMBURN,20260927,range,pos,0.022663919111368547,10224494.654281273
NORMBURN,20260927,range,vel,-0.07657904823759298,10224494.654281273
NORMBURN,20260927,range,pos,0.9041575832765787,4436554.017243128
NORMBURN,20260927,range,vel,1.1136773171245564,4436554.017243128
NORMBURN,20260927,range,pos,-0.31130732129008515,13298993.696027052
NORMBURN,20260927,range,vel,0.27501593051666556,13298993.696027052
NORMBURN,20260927,inplane,pos,-0.12872130289823758,10224494.654281273
NORMBURN,20260927,inplane,vel,-0.02840398559027486,10224494.654281273
NORMBURN,20260927,inplane,pos,-0.13146619888453467,4436554.017243128
NORMBURN,20260927,inplane,vel,0.8777913213089661,4436554.017243128
NORMBURN,20260927,inplane,pos,-0.8171683899727817,13298993.696027052
NORMBURN,20260927,inplane,vel,-0.05539336489770665,13298993.696027052
NORMBURN,20260927,plane,pos,-1.4452929812418593,10224494.654281273
NORMBURN,20260927,plane,vel,1.0282266082534819,10224494.654281273
NORMBURN,20260927,plane,pos,-1.4900679390695055,4436554.017243128
NORMBURN,20260927,plane,vel,1.5163803562943337,4436554.017243128
NORMBURN,20260927,plane,pos,-0.02731384896709171,13298993.696027052
NORMBURN,20260927,plane,vel,0.9338234113532117,13298993.696027052
NORMBURN,20260927,range,pos,-1.0418054361549454,9700672.506594623
NORMBURN,20260927,range,vel,0.8435419218656942,9700672.506594623
NORMBURN,20260927,range,pos,0.7373226669160037,6706411.50954343
NORMBURN,20260927,range,vel,0.48642423489115194,6706411.50954343
NORMBURN,20260927,inplane,pos,-1.276913497496477,9700672.506594623
NORMBURN,20260927,inplane,vel,-1.0480483088995154,9700672.506594623
NORMBURN,20260927,inplane,pos,0.5874846007270337,6706411.50954343
NORMBURN,20260927,inplane,vel,0.14623192504479793,6706411.50954343
NORMBURN,20260927,plane,pos,-1.3451142849206146,9700672.506594623
NORMBURN,20260927,plane,vel,-1.8908517231504622,9700672.506594623
NORMBURN,20260927,plane,pos,-0.9274055485873136,6706411.50954343
NORMBURN,20260927,plane,vel,0.7077389192670012,6706411.50954343
NORMBURN,20260934,range,pos,-0.8341196944504662,11939724.518784393
NORMBURN,20260934,range,vel,1.2503093697824499,11939724.518784393
NORMBURN,20260934,range,pos,-1.5024375144270243,4877148.474740552
NORMBURN,20260934,range,vel,-1.6638498550541652,4877148.474740552
NORMBURN,20260934,range,pos,0.18684682699405497,8942046.638813427
NORMBURN,20260934,range,vel,0.009055147135848915,8942046.638813427
NORMBURN,20260934,range,pos,-0.4773272678028314,14047037.924635418
NORMBURN,20260934,range,vel,-0.6741725796356701,14047037.924635418
NORMBURN,20260934,inplane,pos,-0.8359684264135694,11939724.518784393
NORMBURN,20260934,inplane,vel,-0.518233254253531,11939724.518784393
NORMBURN,20260934,inplane,pos,-2.695450492871214,4877148.474740552
NORMBURN,20260934,inplane,vel,-1.5250192550543191,4877148.474740552
NORMBURN,20260934,inplane,pos,-0.4348919501841866,8942046.638813427
NORMBURN,20260934,inplane,vel,-0.14753787815317274,8942046.638813427
NORMBURN,20260934,inplane,pos,0.42738637352700026,14047037.924635418
NORMBURN,20260934,inplane,vel,0.22906674386663908,14047037.924635418
NORMBURN,20260934,plane,pos,-0.9550468061580357,11939724.518784393
NORMBURN,20260934,plane,vel,3.5644202532329388,11939724.518784393
NORMBURN,20260934,plane,pos,1.0346603473616192,4877148.474740552
NORMBURN,20260934,plane,vel,-1.0552048356948547,4877148.474740552
NORMBURN,20260934,plane,pos,1.253334190005749,8942046.638813427
NORMBURN,20260934,plane,vel,-0.25471215636104294,8942046.638813427
NORMBURN,20260934,plane,pos,0.07161182746863998,14047037.924635418
NORMBURN,20260934,plane,vel,-0.05179410680960968,14047037.924635418
NORMBURN,20260934,range,pos,-1.7695232219384234,3984245.041539516
NORMBURN,20260934,range,vel,1.8159597969286398,3984245.041539516
NORMBURN,20260934,range,pos,-1.355162203630359,11908652.539228559
NORMBURN,20260934,range,vel,1.7562288479194585,11908652.539228559
NORMBURN,20260934,range,pos,-2.0730008253437235,6633599.788758093
NORMBURN,20260934,range,vel,-2.0730197898870073,6633599.788758093
NORMBURN,20260934,range,pos,-0.9041531369044192,7251058.18294022
NORMBURN,20260934,range,vel,1.3007680615295651,7251058.18294022
NORMBURN,20260934,range,pos,-0.2834358645058657,14192783.988668455
NORMBURN,20260934,range,vel,-0.3416701750551907,14192783.988668455
NORMBURN,20260934,range,pos,0.3288055876523771,5672656.12190101
NORMBURN,20260934,range,vel,-0.8363573589833474,5672656.12190101
NORMBURN,20260934,inplane,pos,1.8919117216087036,3984245.041539516
NORMBURN,20260934,inplane,vel,-1.659115070933686,3984245.041539516
NORMBURN,20260934,inplane,pos,-1.1739677700516804,11908652.539228559
NORMBURN,20260934,inplane,vel,-0.9059169744454345,11908652.539228559
NORMBURN,20260934,inplane,pos,-0.09141223791000558,6633599.788758093
NORMBURN,20260934,inplane,vel,-2.4264145943456437,6633599.788758093
NORMBURN,20260934,inplane,pos,0.2300852278696955,7251058.18294022
NORMBURN,20260934,inplane,vel,0.029301250715625806,7251058.18294022
NORMBURN,20260934,inplane,pos,-0.10687117305944271,14192783.988668455
NORMBURN,20260934,inplane,vel,0.5094535503090595,14192783.988668455
NORMBURN,20260934,inplane,pos,-1.5378363119089082,5672656.12190101
NORMBURN,20260934,inplane,vel,-1.5546900506080599,5672656.12190101
NORMBURN,20260934,plane,pos,0.6598834946498104,3984245.041539516
NORMBURN,20260934,plane,vel,0.09473616862180616,3984245.041539516
NORMBURN,20260934,plane,pos,1.45984254140868,11908652.539228559
NORMBURN,20260934,plane,vel,3.3002051479716203,11908652.539228559
NORMBURN,20260934,plane,pos,0.4153489375826458,6633599.788758093
NORMBURN,20260934,plane,vel,0.4665923583602189,6633599.788758093
NORMBURN,20260934,plane,pos,0.8204663380309087,7251058.18294022
NORMBURN,20260934,plane,vel,2.0117394186330375,7251058.18294022
NORMBURN,20260934,plane,pos,-0.0853673641833138,14192783.988668455
NORMBURN,20260934,plane,vel,-0.006094199496922076,14192783.988668455
NORMBURN,20260934,plane,pos,0.5522477316962368,5672656.12190101
NORMBURN,20260934,plane,vel,1.6004155178733936,5672656.12190101
NORMBURN,20260934,range,pos,-4.019485292486475,6672368.490319805
NORMBURN,20260934,range,vel,-4.359294579179552,6672368.490319805
NORMBURN,20260934,range,pos,-0.8477635218396767,11775395.807087256
NORMBURN,20260934,range,vel,-0.46624339437029505,11775395.807087256
NORMBURN,20260934,inplane,pos,1.0408743792975925,6672368.490319805
NORMBURN,20260934,inplane,vel,-4.36024143875506,6672368.490319805
NORMBURN,20260934,inplane,pos,0.9588189555745245,11775395.807087256
NORMBURN,20260934,inplane,vel,0.7200953074758704,11775395.807087256
NORMBURN,20260934,plane,pos,0.5521352597784384,6672368.490319805
NORMBURN,20260934,plane,vel,0.37874636591664723,6672368.490319805
NORMBURN,20260934,plane,pos,0.15039202682826847,11775395.807087256
NORMBURN,20260934,plane,vel,0.06986324840123857,11775395.807087256
NORMBURN,20260934,range,pos,0.5865903590793968,7726151.542189247
NORMBURN,20260934,range,vel,0.5720138931679276,7726151.542189247
NORMBURN,20260934,range,pos,-0.15559802276252277,13003151.705965305
NORMBURN,20260934,range,vel,-0.21415235723654488,13003151.705965305
NORMBURN,20260934,range,pos,3.199818926766962,5971416.644414267
NORMBURN,20260934,range,vel,3.4262921705766534,5971416.644414267
NORMBURN,20260934,range,pos,-0.1746855154249067,6391837.562695525
NORMBURN,20260934,range,vel,1.4282292550831666,6391837.562695525
NORMBURN,20260934,range,pos,2.429253017082902,12065874.382301684
NORMBURN,20260934,range,vel,-2.121307294610574,12065874.382301684
NORMBURN,20260934,inplane,pos,-0.7861012570522193,7726151.542189247
NORMBURN,20260934,inplane,vel,0.7952882970627002,7726151.542189247
NORMBURN,20260934,inplane,pos,0.5073465168646174,13003151.705965305
NORMBURN,20260934,inplane,vel,-0.7151660535125197,13003151.705965305
NORMBURN,20260934,inplane,pos,-2.4654402108202484,5971416.644414267
NORMBURN,20260934,inplane,vel,3.349821900708989,5971416.644414267
NORMBURN,20260934,inplane,pos,-0.47578637530588763,6391837.562695525
NORMBURN,20260934,inplane,vel,-1.0391375191782906,6391837.562695525
NORMBURN,20260934,inplane,pos,2.0750325369822713,12065874.382301684
NORMBURN,20260934,inplane,vel,1.295237846699469,12065874.382301684
NORMBURN,20260934,plane,pos,-0.7150896608255857,7726151.542189247
NORMBURN,20260934,plane,vel,1.565468706610446,7726151.542189247
NORMBURN,20260934,plane,pos,0.12907921388907861,13003151.705965305
NORMBURN,20260934,plane,vel,0.8802767692968372,13003151.705965305
NORMBURN,20260934,plane,pos,-0.14654873760295656,5971416.644414267
NORMBURN,20260934,plane,vel,0.21017446318342511,5971416.644414267
NORMBURN,20260934,plane,pos,-0.23402161501674706,6391837.562695525
NORMBURN,20260934,plane,vel,1.1910606330372766,6391837.562695525
NORMBURN,20260934,plane,pos,0.03972520352636096,12065874.382301684
NORMBURN,20260934,plane,vel,-0.49999620904279457,12065874.382301684
NORMBURN,20260934,range,pos,-0.3200013893088727,10114232.47906132
NORMBURN,20260934,range,vel,-0.5695780141217206,10114232.47906132
NORMBURN,20260934,range,pos,-0.01635417542364687,12773339.104701815
NORMBURN,20260934,range,vel,-0.11209887067854134,12773339.104701815
NORMBURN,20260934,range,pos,0.1593065091666139,6062823.448055038
NORMBURN,20260934,range,vel,1.3377736740113995,6062823.448055038
NORMBURN,20260934,inplane,pos,-0.04918628036324407,10114232.47906132
NORMBURN,20260934,inplane,vel,-0.2985942641073159,10114232.47906132
NORMBURN,20260934,inplane,pos,0.4037947787922937,12773339.104701815
NORMBURN,20260934,inplane,vel,-0.9706957462745728,12773339.104701815
NORMBURN,20260934,inplane,pos,-0.4373577162526344,6062823.448055038
NORMBURN,20260934,inplane,vel,-1.1278413423354055,6062823.448055038
NORMBURN,20260934,plane,pos,-1.795895473815754,10114232.47906132
NORMBURN,20260934,plane,vel,0.018714699385201865,10114232.47906132
NORMBURN,20260934,plane,pos,0.5102234868996323,12773339.104701815
NORMBURN,20260934,plane,vel,0.5376106345863029,12773339.104701815
NORMBURN,20260934,plane,pos,0.8371685525841851,6062823.448055038
NORMBURN,20260934,plane,vel,1.5802061981984572,6062823.448055038
NORMBURN,20260934,range,pos,-14.476885689605014,2835410.383085779
NORMBURN,20260934,range,vel,15.646476208018012,2835410.383085779
NORMBURN,20260934,range,pos,0.5928809277362419,8700764.396719478
NORMBURN,20260934,range,vel,0.5651585055551497,8700764.396719478
NORMBURN,20260934,range,pos,0.3269176329130923,13049130.416153057
NORMBURN,20260934,range,vel,0.34921802228757587,13049130.416153057
NORMBURN,20260934,range,pos,-0.20880915660270072,8721360.225735653
NORMBURN,20260934,range,vel,-0.11631065244672278,8721360.225735653
NORMBURN,20260934,inplane,pos,4.680132343162561,2835410.383085779
NORMBURN,20260934,inplane,vel,-14.089449926112838,2835410.383085779
NORMBURN,20260934,inplane,pos,-0.969645714299321,8700764.396719478
NORMBURN,20260934,inplane,vel,0.7234073910236267,8700764.396719478
NORMBURN,20260934,inplane,pos,-0.6842581531426037,13049130.416153057
NORMBURN,20260934,inplane,vel,-0.5142225779732944,13049130.416153057
NORMBURN,20260934,inplane,pos,0.5371920417156758,8721360.225735653
NORMBURN,20260934,inplane,vel,-0.29557577009653574,8721360.225735653
NORMBURN,20260934,plane,pos,-1.3258904609159807,2835410.383085779
NORMBURN,20260934,plane,vel,2.2157887565378203,2835410.383085779
NORMBURN,20260934,plane,pos,-0.5995489326877745,8700764.396719478
NORMBURN,20260934,plane,vel,0.10848400493131295,8700764.396719478
NORMBURN,20260934,plane,pos,-0.9782430221049051,13049130.416153057
NORMBURN,20260934,plane,vel,-1.9080382311697843,13049130.416153057
NORMBURN,20260934,plane,pos,-0.3090797101927415,8721360.225735653
NORMBURN,20260934,plane,vel,-1.411664655926093,8721360.225735653
NORMBURN,20260941,range,pos,1.231178174721391,2308400.4804209033
NORMBURN,20260941,range,vel,1.1790944217085164,2308400.4804209033
NORMBURN,20260941,range,pos,-1.0357023365125941,5006624.116619695
NORMBURN,20260941,range,vel,-1.0048574115184867,5006624.116619695
NORMBURN,20260941,range,pos,0.43316344469355156,4939510.837541587
NORMBURN,20260941,range,vel,-0.9123020882396761,4939510.837541587
NORMBURN,20260941,inplane,pos,-0.6670323274360314,2308400.4804209033
NORMBURN,20260941,inplane,vel,1.2247018903265487,2308400.4804209033
NORMBURN,20260941,inplane,pos,0.8252523998218557,5006624.116619695
NORMBURN,20260941,inplane,vel,-1.075120008903415,5006624.116619695
NORMBURN,20260941,inplane,pos,-0.028010505621231804,4939510.837541587
NORMBURN,20260941,inplane,vel,0.5964125109099572,4939510.837541587
NORMBURN,20260941,plane,pos,-0.646292212323371,2308400.4804209033
NORMBURN,20260941,plane,vel,-1.2508575312152899,2308400.4804209033
NORMBURN,20260941,plane,pos,-0.67648306212926,5006624.116619695
NORMBURN,20260941,plane,vel,-0.5516247949204348,5006624.116619695
NORMBURN,20260941,plane,pos,-1.1546967059460571,4939510.837541587
NORMBURN,20260941,plane,vel,1.7775273977476511,4939510.837541587
NORMBURN,20260941,range,pos,2.5828108015083955,2556806.072208216
NORMBURN,20260941,range,vel,3.1024479697646496,2556806.072208216
NORMBURN,20260941,range,pos,-0.22976447240304618,5217291.959712567
NORMBURN,20260941,range,vel,-0.28121870377599295,5217291.959712567
NORMBURN,20260941,range,pos,-0.27415201105048265,11296214.763095452
NORMBURN,20260941,range,vel,-0.3957861488992979,11296214.763095452
NORMBURN,20260941,range,pos,-0.3110492225632291,6925890.947410791
NORMBURN,20260941,range,vel,0.248831644147866,6925890.947410791
NORMBURN,20260941,inplane,pos,-0.4589458113137307,2556806.072208216
NORMBURN,20260941,inplane,vel,2.28671794418693,2556806.072208216
NORMBURN,20260941,inplane,pos,-0.23353724102703743,5217291.959712567
NORMBURN,20260941,inplane,vel,-0.3328071574936984,5217291.959712567
NORMBURN,20260941,inplane,pos,-0.0667285983265394,11296214.763095452
NORMBURN,20260941,inplane,vel,-0.5018120026515189,11296214.763095452
NORMBURN,20260941,inplane,pos,-0.6125921994780231,6925890.947410791
NORMBURN,20260941,inplane,vel,-0.6384362641971825,6925890.947410791
NORMBURN,20260941,plane,pos,-1.4234806110061242,2556806.072208216
NORMBURN,20260941,plane,vel,-0.26841595892719505,2556806.072208216
NORMBURN,20260941,plane,pos,0.16281059366142228,5217291.959712567
NORMBURN,20260941,plane,vel,0.11050265977481052,5217291.959712567
NORMBURN,20260941,plane,pos,-0.28638121562435304,11296214.763095452
NORMBURN,20260941,plane,vel,1.778230168373945,11296214.763095452
NORMBURN,20260941,plane,pos,-2.304994431653337,6925890.947410791
NORMBURN,20260941,plane,vel,-0.8024517857114271,6925890.947410791
NORMBURN,20260941,range,pos,3.258890674947585,2365454.8340158192
NORMBURN,20260941,range,vel,3.8661383541712473,2365454.8340158192
NORMBURN,20260941,range,pos,1.640302995821924,9917931.121421924
NORMBURN,20260941,range,vel,1.4664329536556824,9917931.121421924
NORMBURN,20260941,range,pos,-0.414441327150368,12905872.98289611
NORMBURN,20260941,range,vel,-0.5342442909076193,12905872.98289611
NORMBURN,20260941,inplane,pos,-1.1279367497259516,2365454.8340158192
NORMBURN,20260941,inplane,vel,3.039805794747578,2365454.8340158192
NORMBURN,20260941,inplane,pos,-1.2027310606629529,9917931.121421924
NORMBURN,20260941,inplane,vel,0.8345950773654893,9917931.121421924
NORMBURN,20260941,inplane,pos,0.018013036974901496,12905872.98289611
NORMBURN,20260941,inplane,vel,0.2995726410891126,12905872.98289611
NORMBURN,20260941,plane,pos,-1.5163793370873577,2365454.8340158192
NORMBURN,20260941,plane,vel,-1.5577351889656206,2365454.8340158192
NORMBURN,20260941,plane,pos,1.1167984194486655,9917931.121421924
NORMBURN,20260941,plane,vel,0.13593622461332786,9917931.121421924
NORMBURN,20260941,plane,pos,-1.3571551843818104,12905872.98289611
NORMBURN,20260941,plane,vel,-1.9574321277475122,12905872.98289611
NORMBURN,20260941,range,pos,0.5546229099329877,3954003.9635267733
NORMBURN,20260941,range,vel,-0.6223073446082473,3954003.9635267733
NORMBURN,20260941,range,pos,1.5099866644902007,6985413.529040614
NORMBURN,20260941,range,vel,1.5479222837437552,6985413.529040614
NORMBURN,20260941,range,pos,-0.40647241088599256,11130372.330217114
NORMBURN,20260941,range,vel,-0.5352142727483975,11130372.330217114
NORMBURN,20260941,range,pos,-1.494374880460667,9027360.2380349
NORMBURN,20260941,range,vel,-1.500573013838651,9027360.2380349
NORMBURN,20260941,inplane,pos,0.4155463462531339,3954003.9635267733
NORMBURN,20260941,inplane,vel,1.0330095233206902,3954003.9635267733
NORMBURN,20260941,inplane,pos,-0.6146806707107692,6985413.529040614
NORMBURN,20260941,inplane,vel,1.4685258475225824,6985413.529040614
NORMBURN,20260941,inplane,pos,1.7476479255165756,11130372.330217114
NORMBURN,20260941,inplane,vel,-1.886775258099627,11130372.330217114
NORMBURN,20260941,inplane,pos,0.901292505852832,9027360.2380349
NORMBURN,20260941,inplane,vel,-1.2785679545953548,9027360.2380349
NORMBURN,20260941,plane,pos,-0.6461695162564774,3954003.9635267733
NORMBURN,20260941,plane,vel,0.4387515947304639,3954003.9635267733
NORMBURN,20260941,plane,pos,-0.05505748276414156,6985413.529040614
NORMBURN,20260941,plane,vel,0.10702964062897422,6985413.529040614
NORMBURN,20260941,plane,pos,-0.09834576858547014,11130372.330217114
NORMBURN,20260941,plane,vel,3.001816011785073,11130372.330217114
NORMBURN,20260941,plane,pos,0.6461003637988189,9027360.2380349
NORMBURN,20260941,plane,vel,0.21825914843251312,9027360.2380349
NORMBURN,20260941,range,pos,0.915036372773593,3997186.1567701497
NORMBURN,20260941,range,vel,-1.6372718420012087,3997186.1567701497
NORMBURN,20260941,range,pos,1.4227087307974253,6982988.165172839
NORMBURN,20260941,range,vel,1.316049464070562,6982988.165172839
NORMBURN,20260941,range,pos,0.8983321070329432,4409273.779220265
NORMBURN,20260941,range,vel,-0.14098644262952745,4409273.779220265
NORMBURN,20260941,range,pos,-2.1400918181347857,8968238.872785373
NORMBURN,20260941,range,vel,-2.1776822490920114,8968238.872785373
NORMBURN,20260941,inplane,pos,-2.203604801321389,3997186.1567701497
NORMBURN,20260941,inplane,vel,-0.2641576369874339,3997186.1567701497
NORMBURN,20260941,inplane,pos,-1.984797097783484,6982988.165172839
NORMBURN,20260941,inplane,vel,1.3101000108623817,6982988.165172839
NORMBURN,20260941,inplane,pos,1.0364137037623609,4409273.779220265
NORMBURN,20260941,inplane,vel,1.2912227723640897,4409273.779220265
NORMBURN,20260941,inplane,pos,1.924112513518611,8968238.872785373
NORMBURN,20260941,inplane,vel,-2.0876426398386623,8968238.872785373
NORMBURN,20260941,plane,pos,-0.03622708280313802,3997186.1567701497
NORMBURN,20260941,plane,vel,0.7683365586040397,3997186.1567701497
NORMBURN,20260941,plane,pos,-1.130355011402378,6982988.165172839
NORMBURN,20260941,plane,vel,-0.07211980474861314,6982988.165172839
NORMBURN,20260941,plane,pos,-0.04555852446400993,4409273.779220265
NORMBURN,20260941,plane,vel,-1.5744173818652272,4409273.779220265
NORMBURN,20260941,plane,pos,-0.4647173964960151,8968238.872785373
NORMBURN,20260941,plane,vel,1.0068964231206934,8968238.872785373
NORMBURN,20260941,range,pos,1.4692823561476813,13668153.77199148
NORMBURN,20260941,range,vel,1.5172659792791696,13668153.77199148
NORMBURN,20260941,range,pos,-0.9907971026165081,9262799.56865031
NORMBURN,20260941,range,vel,-0.9650062347630717,9262799.56865031
NORMBURN,20260941,range,pos,-1.2573220172264339,12146884.384386493
NORMBURN,20260941,range,vel,1.2281558639957892,12146884.384386493
NORMBURN,20260941,range,pos,1.544930153617119,6065615.705906414
NORMBURN,20260941,range,vel,1.7149263826687797,6065615.705906414
NORMBURN,20260941,range,pos,0.13647196122647517,13657732.714819197
NORMBURN,20260941,range,vel,0.0867866553247219,13657732.714819197
NORMBURN,20260941,inplane,pos,-0.8143126827986344,13668153.77199148
NORMBURN,20260941,inplane,vel,-1.3863954737316584,13668153.77199148
NORMBURN,20260941,inplane,pos,0.9741204314989158,9262799.56865031
NORMBURN,20260941,inplane,vel,-1.0487422434440126,9262799.56865031
NORMBURN,20260941,inplane,pos,-1.1332414136920486,12146884.384386493
NORMBURN,20260941,inplane,vel,-0.8627172779665283,12146884.384386493
NORMBURN,20260941,inplane,pos,-1.0300162932262358,6065615.705906414
NORMBURN,20260941,inplane,vel,1.584068481626224,6065615.705906414
NORMBURN,20260941,inplane,pos,-0.19719096305578737,13657732.714819197
NORMBURN,20260941,inplane,vel,-0.012192640568492286,13657732.714819197
NORMBURN,20260941,plane,pos,0.5383949046914487,13668153.77199148
NORMBURN,20260941,plane,vel,0.5302445209926011,13668153.77199148
NORMBURN,20260941,plane,pos,1.5497063309221537,9262799.56865031
NORMBURN,20260941,plane,vel,-1.7783730402728923,9262799.56865031
NORMBURN,20260941,plane,pos,-1.166018374295246,12146884.384386493
NORMBURN,20260941,plane,vel,-0.23636840941549359,12146884.384386493
NORMBURN,20260941,plane,pos,1.4666964180339503,6065615.705906414
NORMBURN,20260941,plane,vel,0.24649979086918525,6065615.705906414
NORMBURN,20260941,plane,pos,0.2845537647651194,13657732.714819197
NORMBURN,20260941,plane,vel,0.15084762629386692,13657732.714819197
NORMBURN,20260948,range,pos,2.1292299587023,10019081.783988463
NORMBURN,20260948,range,vel,-2.699176753820947,10019081.783988463
NORMBURN,20260948,range,pos,-1.863364589508302,12721068.621208748
NORMBURN,20260948,range,vel,-0.1796098043009873,12721068.621208748
NORMBURN,20260948,inplane,pos,1.6888411984567389,10019081.783988463
NORMBURN,20260948,inplane,vel,1.479377979291975,10019081.783988463
NORMBURN,20260948,inplane,pos,0.8576642693662072,12721068.621208748
NORMBURN,20260948,inplane,vel,1.455126077626386,12721068.621208748
NORMBURN,20260948,plane,pos,-1.0944981142436456,10019081.783988463
NORMBURN,20260948,plane,vel,0.1649102165882015,10019081.783988463
NORMBURN,20260948,plane,pos,1.434616631982477,12721068.621208748
NORMBURN,20260948,plane,vel,0.943038165602943,12721068.621208748
NORMBURN,20260948,range,pos,-0.7285904659824398,11181283.091175307
NORMBURN,20260948,range,vel,0.7118222120053385,11181283.091175307
NORMBURN,20260948,range,pos,2.12793518700105,12547074.627053931
NORMBURN,20260948,range,vel,-0.7765089918142372,12547074.627053931
NORMBURN,20260948,range,pos,-0.34391521943742326,13072693.261405151
NORMBURN,20260948,range,vel,-1.0863084663491094,13072693.261405151
NORMBURN,20260948,range,pos,-0.7012139623445571,10079584.243315624
NORMBURN,20260948,range,vel,-0.8932342940105737,10079584.243315624
NORMBURN,20260948,range,pos,2.0673194630340683,3788010.727690951
NORMBURN,20260948,range,vel,-2.066212802630321,3788010.727690951
NORMBURN,20260948,inplane,pos,-1.2116572194712119,11181283.091175307
NORMBURN,20260948,inplane,vel,-1.0903282559385303,11181283.091175307
NORMBURN,20260948,inplane,pos,0.7770006778781925,12547074.627053931
NORMBURN,20260948,inplane,vel,-0.5790393210842498,12547074.627053931
NORMBURN,20260948,inplane,pos,1.4714177103728128,13072693.261405151
NORMBURN,20260948,inplane,vel,0.9357820981732254,13072693.261405151
NORMBURN,20260948,inplane,pos,1.5313712370082038,10079584.243315624
NORMBURN,20260948,inplane,vel,1.5688040523233764,10079584.243315624
NORMBURN,20260948,inplane,pos,-0.3979936407867614,3788010.727690951
NORMBURN,20260948,inplane,vel,2.18241284215611,3788010.727690951
NORMBURN,20260948,plane,pos,1.4497083890057199,11181283.091175307
NORMBURN,20260948,plane,vel,0.6344906441876333,11181283.091175307
NORMBURN,20260948,plane,pos,-0.2633508322032994,12547074.627053931
NORMBURN,20260948,plane,vel,-1.4341933545580394,12547074.627053931
NORMBURN,20260948,plane,pos,-0.5441459423906062,13072693.261405151
NORMBURN,20260948,plane,vel,-0.26513033861826474,13072693.261405151
NORMBURN,20260948,plane,pos,0.6693044484903772,10079584.243315624
NORMBURN,20260948,plane,vel,3.1630026086195673,10079584.243315624
NORMBURN,20260948,plane,pos,0.9817495773609565,3788010.727690951
NORMBURN,20260948,plane,vel,0.42403618658960845,3788010.727690951
NORMBURN,20260948,range,pos,1.9438497491450129,12577921.300155235
NORMBURN,20260948,range,vel,-0.4443179971883507,12577921.300155235
NORMBURN,20260948,range,pos,-0.46719314795177946,8758730.85714033
NORMBURN,20260948,range,vel,0.2533603442730838,8758730.85714033
NORMBURN,20260948,range,pos,-1.2452818514021706,13138189.919369973
NORMBURN,20260948,range,vel,-1.18544926883796,13138189.919369973
NORMBURN,20260948,range,pos,3.985196800594678,5041111.708442386
NORMBURN,20260948,range,vel,-2.940396645692887,5041111.708442386
NORMBURN,20260948,inplane,pos,-0.28022450808559096,12577921.300155235
NORMBURN,20260948,inplane,vel,-1.708281153258826,12577921.300155235
NORMBURN,20260948,inplane,pos,-0.28457100018725817,8758730.85714033
NORMBURN,20260948,inplane,vel,-0.14362126771781106,8758730.85714033
NORMBURN,20260948,inplane,pos,0.7642873397908768,13138189.919369973
NORMBURN,20260948,inplane,vel,1.212462785586106,13138189.919369973
NORMBURN,20260948,inplane,pos,0.06475731108488604,5041111.708442386
NORMBURN,20260948,inplane,vel,3.3699100581116004,5041111.708442386
NORMBURN,20260948,plane,pos,-1.336976949299529,12577921.300155235
NORMBURN,20260948,plane,vel,-0.7931015887449215,12577921.300155235
NORMBURN,20260948,plane,pos,-0.4457388687708235,8758730.85714033
NORMBURN,20260948,plane,vel,-1.6053521062192677,8758730.85714033
NORMBURN,20260948,plane,pos,-0.4558916324995445,13138189.919369973
NORMBURN,20260948,plane,vel,0.08292259648962114,13138189.919369973
NORMBURN,20260948,plane,pos,0.7021516105801008,5041111.708442386
NORMBURN,20260948,plane,vel,0.5893641400006063,5041111.708442386
NORMBURN,20260948,range,pos,0.23238890349717273,13816042.9620837
NORMBURN,20260948,range,vel,0.46601912035941223,13816042.9620837
NORMBURN,20260948,range,pos,-0.8426167482649484,13017674.30441692
NORMBURN,20260948,range,vel,-0.8769195327028592,13017674.30441692
NORMBURN,20260948,range,pos,-0.5108057301899568,8741456.564274753
NORMBURN,20260948,range,vel,0.7700365308140661,8741456.564274753
NORMBURN,20260948,inplane,pos,-0.7098850835831257,13816042.9620837
NORMBURN,20260948,inplane,vel,0.7918406626161385,13816042.9620837
NORMBURN,20260948,inplane,pos,1.2599983350143351,13017674.30441692
NORMBURN,20260948,inplane,vel,0.3259566321637242,13017674.30441692
NORMBURN,20260948,inplane,pos,0.10308359589904872,8741456.564274753
NORMBURN,20260948,inplane,vel,0.009440766693580823,8741456.564274753
NORMBURN,20260948,plane,pos,1.2287407854377983,13816042.9620837
NORMBURN,20260948,plane,vel,-0.15593900006573463,13816042.9620837
NORMBURN,20260948,plane,pos,-0.7077401957507558,13017674.30441692
NORMBURN,20260948,plane,vel,1.3243561677969609,13017674.30441692
NORMBURN,20260948,plane,pos,-2.1349916580921793,8741456.564274753
NORMBURN,20260948,plane,vel,-0.772683108461915,8741456.564274753
NORMBURN,20260948,range,pos,0.17969930263869127,9688198.190736895
NORMBURN,20260948,range,vel,-0.5499953709680793,9688198.190736895
NORMBURN,20260948,range,pos,-0.3233875771114961,13635023.503111342
NORMBURN,20260948,range,vel,-0.14344414622612026,13635023.503111342
NORMBURN,20260948,range,pos,-0.10297311151554304,14673712.382669248
NORMBURN,20260948,range,vel,-0.41595085476975624,14673712.382669248
NORMBURN,20260948,range,pos,-0.7456612044400216,13168390.409225225
NORMBURN,20260948,range,vel,-0.41151750304557444,13168390.409225225
NORMBURN,20260948,inplane,pos,0.47705795397359696,9688198.190736895
NORMBURN,20260948,inplane,vel,0.6878510034103996,9688198.190736895
NORMBURN,20260948,inplane,pos,0.2123857014727867,13635023.503111342
NORMBURN,20260948,inplane,vel,0.4235594466585854,13635023.503111342
NORMBURN,20260948,inplane,pos,0.24289101594120488,14673712.382669248
NORMBURN,20260948,inplane,vel,-0.27144938229926524,14673712.382669248
NORMBURN,20260948,inplane,pos,0.49808555432450297,13168390.409225225
NORMBURN,20260948,inplane,vel,0.8870527302789059,13168390.409225225
NORMBURN,20260948,plane,pos,0.3315230590608474,9688198.190736895
NORMBURN,20260948,plane,vel,0.6760215350789626,9688198.190736895
NORMBURN,20260948,plane,pos,0.25537437832816295,13635023.503111342
NORMBURN,20260948,plane,vel,-0.9915585985517329,13635023.503111342
NORMBURN,20260948,plane,pos,-0.46520223787868237,14673712.382669248
NORMBURN,20260948,plane,vel,-1.961502554258784,14673712.382669248
NORMBURN,20260948,plane,pos,-1.378619243097148,13168390.409225225
NORMBURN,20260948,plane,vel,-2.239880933424376,13168390.409225225
NORMBURN,20260948,range,pos,0.3896536524014099,6814128.219694435
NORMBURN,20260948,range,vel,0.39319281955679186,6814128.219694435
NORMBURN,20260948,range,pos,-0.6171900975739094,13840362.14258107
NORMBURN,20260948,range,vel,-0.5073754496313373,13840362.14258107
NORMBURN,20260948,range,pos,0.2858177140153312,13434941.875663798
NORMBURN,20260948,range,vel,0.5067672357702288,13434941.875663798
NORMBURN,20260948,range,pos,0.3240364541343129,14477741.864830835
NORMBURN,20260948,range,vel,1.6102063830150162,14477741.864830835
NORMBURN,20260948,range,pos,0.1584181118134606,296166.4272411309
NORMBURN,20260948,range,vel,0.14153147031436947,296166.4272411309
NORMBURN,20260948,range,pos,0.10180805777269714,12615970.075921103
NORMBURN,20260948,range,vel,0.301180440985271,12615970.075921103
NORMBURN,20260948,range,pos,-0.10716895428152519,5291761.515043832
NORMBURN,20260948,range,vel,0.282940381743226,5291761.515043832
NORMBURN,20260948,inplane,pos,-0.07405683998057874,6814128.219694435
NORMBURN,20260948,inplane,vel,0.42908852583162127,6814128.219694435
NORMBURN,20260948,inplane,pos,0.666547063973515,13840362.14258107
NORMBURN,20260948,inplane,vel,0.5225115345380338,13840362.14258107
NORMBURN,20260948,inplane,pos,-0.28360060012331006,13434941.875663798
NORMBURN,20260948,inplane,vel,0.4346658372973288,13434941.875663798
NORMBURN,20260948,inplane,pos,-1.455608761454015,14477741.864830835
NORMBURN,20260948,inplane,vel,1.3607227475745063,14477741.864830835
NORMBURN,20260948,inplane,pos,-0.03132777152600296,296166.4272411309
NORMBURN,20260948,inplane,vel,-0.13438576202543137,296166.4272411309
NORMBURN,20260948,inplane,pos,-0.9328745911983461,12615970.075921103
NORMBURN,20260948,inplane,vel,-0.7727820921643903,12615970.075921103
NORMBURN,20260948,inplane,pos,-1.5135312314903857,5291761.515043832
NORMBURN,20260948,inplane,vel,-1.408793556084146,5291761.515043832
NORMBURN,20260948,plane,pos,0.5419886128790866,6814128.219694435
NORMBURN,20260948,plane,vel,1.0285846449206726,6814128.219694435
NORMBURN,20260948,plane,pos,0.1096876204855159,13840362.14258107
NORMBURN,20260948,plane,vel,0.23427064531402328,13840362.14258107
NORMBURN,20260948,plane,pos,-1.096215482112934,13434941.875663798
NORMBURN,20260948,plane,vel,-0.7805407731820523,13434941.875663798
NORMBURN,20260948,plane,pos,0.8314864999565162,14477741.864830835
NORMBURN,20260948,plane,vel,-2.691086820679447,14477741.864830835
NORMBURN,20260948,plane,pos,-0.13569064005838058,296166.4272411309
NORMBURN,20260948,plane,vel,0.15201329290063006,296166.4272411309
NORMBURN,20260948,plane,pos,1.4831989665017296,12615970.075921103
NORMBURN,20260948,plane,vel,0.8024196682647835,12615970.075921103
NORMBURN,20260948,plane,pos,-0.2964064031367995,5291761.515043832
NORMBURN,20260948,plane,vel,0.6463064928603979,5291761.515043832
NORMBURN,20260955,range,pos,-1.8665131557762804,10654431.90829783
NORMBURN,20260955,range,vel,-1.8400600470218162,10654431.90829783
NORMBURN,20260955,range,pos,-0.7177115865923327,12269062.373653235
NORMBURN,20260955,range,vel,-1.0343211074027578,12269062.373653235
NORMBURN,20260955,range,pos,-0.46047493549152707,3982582.9226347217
NORMBURN,20260955,range,vel,-0.48967058536307817,3982582.9226347217
NORMBURN,20260955,inplane,pos,1.9040861485520122,10654431.90829783
NORMBURN,20260955,inplane,vel,-2.3282130871273425,10654431.90829783
NORMBURN,20260955,inplane,pos,1.9904825951755245,12269062.373653235
NORMBURN,20260955,inplane,vel,1.493432363764465,12269062.373653235
NORMBURN,20260955,inplane,pos,0.2798793027032479,3982582.9226347217
NORMBURN,20260955,inplane,vel,-0.4676109745875596,3982582.9226347217
NORMBURN,20260955,plane,pos,-1.0979037477341766,10654431.90829783
NORMBURN,20260955,plane,vel,-0.6695686698787715,10654431.90829783
NORMBURN,20260955,plane,pos,0.7020359554724571,12269062.373653235
NORMBURN,20260955,plane,vel,0.5518451200056028,12269062.373653235
NORMBURN,20260955,plane,pos,-0.477609142372805,3982582.9226347217
NORMBURN,20260955,plane,vel,-0.9582562747977468,3982582.9226347217
NORMBURN,20260955,range,pos,-0.7887478818822381,5478202.876067935
NORMBURN,20260955,range,vel,-0.7503935451882611,5478202.876067935
NORMBURN,20260955,range,pos,0.30106740535767484,13297675.929783331
NORMBURN,20260955,range,vel,-0.30176492259969184,13297675.929783331
NORMBURN,20260955,range,pos,-0.21611776469944816,4383708.5853821635
NORMBURN,20260955,range,vel,-0.2221918557234218,4383708.5853821635
NORMBURN,20260955,range,pos,-1.0792429249569944,10932880.178665468
NORMBURN,20260955,range,vel,0.731048259741165,10932880.178665468
NORMBURN,20260955,range,pos,1.9875242157959614,8843431.584349485
NORMBURN,20260955,range,vel,2.0142261619353987,8843431.584349485
NORMBURN,20260955,inplane,pos,0.9604854459130663,5478202.876067935
NORMBURN,20260955,inplane,vel,-0.7597110648630218,5478202.876067935
NORMBURN,20260955,inplane,pos,-0.2498120943278399,13297675.929783331
NORMBURN,20260955,inplane,vel,-0.32180209080097255,13297675.929783331
NORMBURN,20260955,inplane,pos,0.23747990285420328,4383708.5853821635
NORMBURN,20260955,inplane,vel,-0.21014137865470459,4383708.5853821635
NORMBURN,20260955,inplane,pos,-0.43376955037527365,10932880.178665468
NORMBURN,20260955,inplane,vel,-0.17796811407569121,10932880.178665468
NORMBURN,20260955,inplane,pos,-2.115212066318405,8843431.584349485
NORMBURN,20260955,inplane,vel,2.315679740240666,8843431.584349485
NORMBURN,20260955,plane,pos,0.998720253708769,5478202.876067935
NORMBURN,20260955,plane,vel,-1.1848524048536966,5478202.876067935
NORMBURN,20260955,plane,pos,-0.4576971852206985,13297675.929783331
NORMBURN,20260955,plane,vel,-0.8463548172205685,13297675.929783331
NORMBURN,20260955,plane,pos,-0.6215368663524033,4383708.5853821635
NORMBURN,20260955,plane,vel,-0.21537722999459685,4383708.5853821635
NORMBURN,20260955,plane,pos,-1.1590080963788767,10932880.178665468
NORMBURN,20260955,plane,vel,0.4341360404220901,10932880.178665468
NORMBURN,20260955,plane,pos,-1.3402206512205577,8843431.584349485
NORMBURN,20260955,plane,vel,-0.5548610498517079,8843431.584349485
NORMBURN,20260955,range,pos,-0.4729711507103801,13366054.114437893
NORMBURN,20260955,range,vel,-0.6111458804662329,13366054.114437893
NORMBURN,20260955,range,pos,0.17581923338971667,1539686.5779215868
NORMBURN,20260955,range,vel,0.2772550985569812,1539686.5779215868
NORMBURN,20260955,inplane,pos,1.0472065004181739,13366054.114437893
NORMBURN,20260955,inplane,vel,0.10138703791159374,13366054.114437893
NORMBURN,20260955,inplane,pos,0.7815970012638584,1539686.5779215868
NORMBURN,20260955,inplane,vel,0.1827674673296857,1539686.5779215868
NORMBURN,20260955,plane,pos,0.21229370419168397,13366054.114437893
NORMBURN,20260955,plane,vel,-0.4140485699062455,13366054.114437893
NORMBURN,20260955,plane,pos,0.04721556266462152,1539686.5779215868
NORMBURN,20260955,plane,vel,0.16433867898124468,1539686.5779215868
NORMBURN,20260955,range,pos,-0.949784079927064,10343537.674157945
NORMBURN,20260955,range,vel,1.1141315800963811,10343537.674157945
NORMBURN,20260955,range,pos,0.4996163188814997,13082952.581845347
NORMBURN,20260955,range,vel,0.415427525071304,13082952.581845347
NORMBURN,20260955,range,pos,0.8969713889540969,10297704.125720745
NORMBURN,20260955,range,vel,0.9497379906921254,10297704.125720745
NORMBURN,20260955,range,pos,-0.1683044637187754,10902907.114473423
NORMBURN,20260955,range,vel,-0.13325326987687314,10902907.114473423
NORMBURN,20260955,range,pos,-0.44179738430784665,4438195.938408477
NORMBURN,20260955,range,vel,-0.4862214932546721,4438195.938408477
NORMBURN,20260955,range,pos,1.940455421974204,2190132.088266024
NORMBURN,20260955,range,vel,-0.12634359676616813,2190132.088266024
NORMBURN,20260955,range,pos,-0.2753012448081546,8753761.941667054
NORMBURN,20260955,range,vel,-0.9228808718905367,8753761.941667054
NORMBURN,20260955,inplane,pos,-0.6889954343299943,10343537.674157945
NORMBURN,20260955,inplane,vel,-0.5966295137818667,10343537.674157945
NORMBURN,20260955,inplane,pos,-0.8646552256655176,13082952.581845347
NORMBURN,20260955,inplane,vel,-0.539908481014238,13082952.581845347
NORMBURN,20260955,inplane,pos,-0.5965746580070326,10297704.125720745
NORMBURN,20260955,inplane,vel,0.792766364818834,10297704.125720745
NORMBURN,20260955,inplane,pos,0.756628410868351,10902907.114473423
NORMBURN,20260955,inplane,vel,-0.3086053496244314,10902907.114473423
NORMBURN,20260955,inplane,pos,0.042738931897707555,4438195.938408477
NORMBURN,20260955,inplane,vel,-0.4460775723636686,4438195.938408477
NORMBURN,20260955,inplane,pos,1.5536656203224946,2190132.088266024
NORMBURN,20260955,inplane,vel,1.93868503701801,2190132.088266024
NORMBURN,20260955,inplane,pos,0.08592687484989883,8753761.941667054
NORMBURN,20260955,inplane,vel,0.6514976951109821,8753761.941667054
NORMBURN,20260955,plane,pos,-1.0280083565978542,10343537.674157945
NORMBURN,20260955,plane,vel,1.344691763023788,10343537.674157945
NORMBURN,20260955,plane,pos,-0.8839005753304154,13082952.581845347
NORMBURN,20260955,plane,vel,-0.7371075424878127,13082952.581845347
NORMBURN,20260955,plane,pos,1.8511275969415706,10297704.125720745
NORMBURN,20260955,plane,vel,1.8722769883812957,10297704.125720745
NORMBURN,20260955,plane,pos,1.60971935515631,10902907.114473423
NORMBURN,20260955,plane,vel,0.42399844889000304,10902907.114473423
NORMBURN,20260955,plane,pos,0.33606672231894835,4438195.938408477
NORMBURN,20260955,plane,vel,1.4115816046241596,4438195.938408477
NORMBURN,20260955,plane,pos,2.640196365003624,2190132.088266024
NORMBURN,20260955,plane,vel,1.1738313902464768,2190132.088266024
NORMBURN,20260955,plane,pos,-0.6362420915299078,8753761.941667054
NORMBURN,20260955,plane,vel,0.8247299737941483,8753761.941667054
NORMBURN,20260955,range,pos,-0.31374931211320356,6089705.338467413
NORMBURN,20260955,range,vel,0.9184768320670579,6089705.338467413
NORMBURN,20260955,range,pos,1.7401873389934706,13430191.536840161
NORMBURN,20260955,range,vel,1.4265977582363096,13430191.536840161
NORMBURN,20260955,range,pos,-0.08881873971118351,4227848.620794194
NORMBURN,20260955,range,vel,-0.028602956644254364,4227848.620794194
NORMBURN,20260955,range,pos,1.6877174593010509,2474459.9174960647
NORMBURN,20260955,range,vel,-1.4498470035443223,2474459.9174960647
NORMBURN,20260955,range,pos,-0.13913832071453508,10270990.656444425
NORMBURN,20260955,range,vel,-1.2105193713208764,10270990.656444425
NORMBURN,20260955,inplane,pos,0.10461905055925845,6089705.338467413
NORMBURN,20260955,inplane,vel,-0.37717371846828207,6089705.338467413
NORMBURN,20260955,inplane,pos,-1.3174232009290314,13430191.536840161
NORMBURN,20260955,inplane,vel,-0.8950417611403897,13430191.536840161
NORMBURN,20260955,inplane,pos,0.6067407072183799,4227848.620794194
NORMBURN,20260955,inplane,vel,-0.04615039748311319,4227848.620794194
NORMBURN,20260955,inplane,pos,-0.012588340034622385,2474459.9174960647
NORMBURN,20260955,inplane,vel,1.6107964634736425,2474459.9174960647
NORMBURN,20260955,inplane,pos,0.9110421853343177,10270990.656444425
NORMBURN,20260955,inplane,vel,1.031061235782037,10270990.656444425
NORMBURN,20260955,plane,pos,-0.35555030596843035,6089705.338467413
NORMBURN,20260955,plane,vel,-0.8174904159065974,6089705.338467413
NORMBURN,20260955,plane,pos,0.6814060604226974,13430191.536840161
NORMBURN,20260955,plane,vel,-2.4942332655997532,13430191.536840161
NORMBURN,20260955,plane,pos,0.6955765874930863,4227848.620794194
NORMBURN,20260955,plane,vel,0.3655111722160159,4227848.620794194
NORMBURN,20260955,plane,pos,2.039666468028405,2474459.9174960647
NORMBURN,20260955,plane,vel,-0.8543814507542883,2474459.9174960647
NORMBURN,20260955,plane,pos,-1.3032782464183024,10270990.656444425
NORMBURN,20260955,plane,vel,-0.28093854623613607,10270990.656444425
NORMBURN,20260955,range,pos,0.19163654549936499,3981181.403328814
NORMBURN,20260955,range,vel,0.19746406155348928,3981181.403328814
NORMBURN,20260955,range,pos,-0.8583268625768316,13553521.57567418
NORMBURN,20260955,range,vel,-1.2445439958805242,13553521.57567418
NORMBURN,20260955,range,pos,-0.048399949225085545,11899076.972905599
NORMBURN,20260955,range,vel,0.5701836344488034,11899076.972905599
NORMBURN,20260955,range,pos,0.2995878926860332,13682036.699835839
NORMBURN,20260955,range,vel,0.43139267384417684,13682036.699835839
NORMBURN,20260955,range,pos,0.05174547361190506,8763839.736288793
NORMBURN,20260955,range,vel,0.4466969134640732,8763839.736288793
NORMBURN,20260955,range,pos,0.028138482619295104,11392286.020019112
NORMBURN,20260955,range,vel,0.5703689296032722,11392286.020019112
NORMBURN,20260955,inplane,pos,0.9403441011405563,3981181.403328814
NORMBURN,20260955,inplane,vel,0.8524608850695685,3981181.403328814
NORMBURN,20260955,inplane,pos,1.5136168762225781,13553521.57567418
NORMBURN,20260955,inplane,vel,0.19135785825572746,13553521.57567418
NORMBURN,20260955,inplane,pos,-0.9574380745873088,11899076.972905599
NORMBURN,20260955,inplane,vel,-0.5356768414818397,11899076.972905599
NORMBURN,20260955,inplane,pos,-0.450323430003989,13682036.699835839
NORMBURN,20260955,inplane,vel,-0.2276956521407207,13682036.699835839
NORMBURN,20260955,inplane,pos,0.9120654803613953,8763839.736288793
NORMBURN,20260955,inplane,vel,0.6264034838071323,8763839.736288793
NORMBURN,20260955,inplane,pos,-0.7314486500677678,11392286.020019112
NORMBURN,20260955,inplane,vel,-0.9234486946792677,11392286.020019112
NORMBURN,20260955,plane,pos,-0.22398842510230155,3981181.403328814
NORMBURN,20260955,plane,vel,-1.2769350709739986,3981181.403328814
NORMBURN,20260955,plane,pos,1.6211114671040796,13553521.57567418
NORMBURN,20260955,plane,vel,1.3453986791963883,13553521.57567418
NORMBURN,20260955,plane,pos,1.9853218138134898,11899076.972905599
NORMBURN,20260955,plane,vel,1.5300529274628278,11899076.972905599
NORMBURN,20260955,plane,pos,0.24701809458028398,13682036.699835839
NORMBURN,20260955,plane,vel,2.147275090042256,13682036.699835839
NORMBURN,20260955,plane,pos,1.4971190315893717,8763839.736288793
NORMBURN,20260955,plane,vel,0.7667638722446705,8763839.736288793
NORMBURN,20260955,plane,pos,-1.1941091312897163,11392286.020019112
NORMBURN,20260955,plane,vel,-3.056009702122061,11392286.020019112
NORMBURN,20260962,range,pos,-0.3928704751428502,13090567.613260908
NORMBURN,20260962,range,vel,-0.06665014491675432,13090567.613260908
NORMBURN,20260962,range,pos,-0.34983867714948574,12619846.490753526
NORMBURN,20260962,range,vel,-0.2961126832655662,12619846.490753526
NORMBURN,20260962,range,pos,0.7185072850760674,10173121.891938986
NORMBURN,20260962,range,vel,-0.4241386354377062,10173121.891938986
NORMBURN,20260962,range,pos,0.3934298725660031,6704490.470619459
NORMBURN,20260962,range,vel,-0.4626129294993773,6704490.470619459
NORMBURN,20260962,range,pos,-1.1577759737215458,14304413.632008767
NORMBURN,20260962,range,vel,-1.0183164723648108,14304413.632008767
NORMBURN,20260962,range,pos,0.2837625954372703,11015166.2131356
NORMBURN,20260962,range,vel,1.6884530223051497,11015166.2131356
NORMBURN,20260962,range,pos,0.5498058293684134,11785146.622258225
NORMBURN,20260962,range,vel,0.3725855788465573,11785146.622258225
NORMBURN,20260962,range,pos,0.10523741363732132,13213700.400904488
NORMBURN,20260962,range,vel,0.03270198974372883,13213700.400904488
NORMBURN,20260962,inplane,pos,-0.3851406974104696,13090567.613260908
NORMBURN,20260962,inplane,vel,0.11517622538480649,13090567.613260908
NORMBURN,20260962,inplane,pos,1.1714286975356165,12619846.490753526
NORMBURN,20260962,inplane,vel,0.9631672714964016,12619846.490753526
NORMBURN,20260962,inplane,pos,0.4567553158384127,10173121.891938986
NORMBURN,20260962,inplane,vel,-0.009507979721206778,10173121.891938986
NORMBURN,20260962,inplane,pos,-0.5120030327868573,6704490.470619459
NORMBURN,20260962,inplane,vel,0.12439862390341301,6704490.470619459
NORMBURN,20260962,inplane,pos,0.5111465091519283,14304413.632008767
NORMBURN,20260962,inplane,vel,1.1618886692259263,14304413.632008767
NORMBURN,20260962,inplane,pos,-0.9990545659723701,11015166.2131356
NORMBURN,20260962,inplane,vel,-0.9572852131449588,11015166.2131356
NORMBURN,20260962,inplane,pos,-0.546381260181881,11785146.622258225
NORMBURN,20260962,inplane,vel,0.19812337119291004,11785146.622258225
NORMBURN,20260962,inplane,pos,-0.01764855116113995,13213700.400904488
NORMBURN,20260962,inplane,vel,-0.6962761423275086,13213700.400904488
NORMBURN,20260962,plane,pos,-0.24251768094969076,13090567.613260908
NORMBURN,20260962,plane,vel,0.6612508283356212,13090567.613260908
NORMBURN,20260962,plane,pos,1.421707439386055,12619846.490753526
NORMBURN,20260962,plane,vel,0.34730540078915295,12619846.490753526
NORMBURN,20260962,plane,pos,-0.8125236250790461,10173121.891938986
NORMBURN,20260962,plane,vel,-1.7434605323189303,10173121.891938986
NORMBURN,20260962,plane,pos,1.7927302962122804,6704490.470619459
NORMBURN,20260962,plane,vel,0.7926656428190666,6704490.470619459
NORMBURN,20260962,plane,pos,0.2464193105766827,14304413.632008767
NORMBURN,20260962,plane,vel,0.955769671713512,14304413.632008767
NORMBURN,20260962,plane,pos,1.3324397940674062,11015166.2131356
NORMBURN,20260962,plane,vel,-1.6131494846880754,11015166.2131356
NORMBURN,20260962,plane,pos,0.5088150337772661,11785146.622258225
NORMBURN,20260962,plane,vel,0.1540548236164889,11785146.622258225
NORMBURN,20260962,plane,pos,0.999931012370158,13213700.400904488
NORMBURN,20260962,plane,vel,0.5153475026499582,13213700.400904488
NORMBURN,20260962,range,pos,-1.2543592699575705,13123550.043341909
NORMBURN,20260962,range,vel,0.8414458719478223,13123550.043341909
NORMBURN,20260962,range,pos,-1.9007659388750364,13663240.597731013
NORMBURN,20260962,range,vel,0.3876854228514963,13663240.597731013
NORMBURN,20260962,range,pos,0.4229052359501911,8686936.218365118
NORMBURN,20260962,range,vel,-0.06047010887294847,8686936.218365118
NORMBURN,20260962,range,pos,0.022288243569079144,7344078.84738544
NORMBURN,20260962,range,vel,-0.2501613134297993,7344078.84738544
NORMBURN,20260962,range,pos,0.6255292380430063,13672081.169874948
NORMBURN,20260962,range,vel,-0.7080495876437213,13672081.169874948
NORMBURN,20260962,range,pos,-0.2765537715122559,11228502.085509231
NORMBURN,20260962,range,vel,-0.1994990763845207,11228502.085509231
NORMBURN,20260962,range,pos,0.8000830335275827,12618924.824313797
NORMBURN,20260962,range,vel,0.3685777170468303,12618924.824313797
NORMBURN,20260962,inplane,pos,-0.6164418363902484,13123550.043341909
NORMBURN,20260962,inplane,vel,0.015023932264602202,13123550.043341909
NORMBURN,20260962,inplane,pos,-0.747219075133645,13663240.597731013
NORMBURN,20260962,inplane,vel,0.7607068305596562,13663240.597731013
NORMBURN,20260962,inplane,pos,-0.37650726967314396,8686936.218365118
NORMBURN,20260962,inplane,vel,-0.4238165713592088,8686936.218365118
NORMBURN,20260962,inplane,pos,-0.5363974382472629,7344078.84738544
NORMBURN,20260962,inplane,vel,-0.15780708865657722,7344078.84738544
NORMBURN,20260962,inplane,pos,0.6064158799622531,13672081.169874948
NORMBURN,20260962,inplane,vel,0.1380386140416488,13672081.169874948
NORMBURN,20260962,inplane,pos,0.7810211281249232,11228502.085509231
NORMBURN,20260962,inplane,vel,0.8685208270216853,11228502.085509231
NORMBURN,20260962,inplane,pos,-0.018073158288118854,12618924.824313797
NORMBURN,20260962,inplane,vel,-0.7663864993234022,12618924.824313797
NORMBURN,20260962,plane,pos,-0.6201674294886566,13123550.043341909
NORMBURN,20260962,plane,vel,-0.45231221052731835,13123550.043341909
NORMBURN,20260962,plane,pos,-0.9192782438539647,13663240.597731013
NORMBURN,20260962,plane,vel,2.6109012182205844,13663240.597731013
NORMBURN,20260962,plane,pos,0.3259976431894283,8686936.218365118
NORMBURN,20260962,plane,vel,-0.40921335496738914,8686936.218365118
NORMBURN,20260962,plane,pos,0.6548394503619122,7344078.84738544
NORMBURN,20260962,plane,vel,-0.6146479633974554,7344078.84738544
NORMBURN,20260962,plane,pos,-0.9004066661884536,13672081.169874948
NORMBURN,20260962,plane,vel,-2.18147239849791,13672081.169874948
NORMBURN,20260962,plane,pos,2.1804950718389544,11228502.085509231
NORMBURN,20260962,plane,vel,-0.6716571597337674,11228502.085509231
NORMBURN,20260962,plane,pos,0.18140744038673542,12618924.824313797
NORMBURN,20260962,plane,vel,-0.15537653923026712,12618924.824313797
NORMBURN,20260962,range,pos,-0.7688536216196762,13857073.642119555
NORMBURN,20260962,range,vel,-0.6641409510508904,13857073.642119555
NORMBURN,20260962,range,pos,1.5024265971908972,2049122.518379362
NORMBURN,20260962,range,vel,1.5359204665299802,2049122.518379362
NORMBURN,20260962,range,pos,1.7641681367641469,12629904.244679444
NORMBURN,20260962,range,vel,1.5523241972879973,12629904.244679444
NORMBURN,20260962,range,pos,-0.5020634153779961,1933400.3490544292
NORMBURN,20260962,range,vel,0.23380489748588906,1933400.3490544292
NORMBURN,20260962,inplane,pos,0.9517009047842689,13857073.642119555
NORMBURN,20260962,inplane,vel,0.44501155050261454,13857073.642119555
NORMBURN,20260962,inplane,pos,-1.4242623601065862,2049122.518379362
NORMBURN,20260962,inplane,vel,1.40706206378943,2049122.518379362
NORMBURN,20260962,inplane,pos,-1.8391880573699977,12629904.244679444
NORMBURN,20260962,inplane,vel,1.0280209238364084,12629904.244679444
NORMBURN,20260962,inplane,pos,0.034150640170124744,1933400.3490544292
NORMBURN,20260962,inplane,vel,-0.3594578627131622,1933400.3490544292
NORMBURN,20260962,plane,pos,0.11929613700220391,13857073.642119555
NORMBURN,20260962,plane,vel,-0.15645652929021317,13857073.642119555
NORMBURN,20260962,plane,pos,0.6952825368497627,2049122.518379362
NORMBURN,20260962,plane,vel,0.3426726221239262,2049122.518379362
NORMBURN,20260962,plane,pos,0.28770705800608254,12629904.244679444
NORMBURN,20260962,plane,vel,-0.3808166273644898,12629904.244679444
NORMBURN,20260962,plane,pos,1.0484564221406822,1933400.3490544292
NORMBURN,20260962,plane,vel,1.0902701666318189,1933400.3490544292
NORMBURN,20260962,range,pos,-0.5115192023023408,633769.3990983501
NORMBURN,20260962,range,vel,-0.5146001002463351,633769.3990983501
NORMBURN,20260962,range,pos,0.017477839606597538,13860304.509464106
NORMBURN,20260962,range,vel,0.22753619156959864,13860304.509464106
NORMBURN,20260962,range,pos,-0.7837494472117204,14201208.545044634
NORMBURN,20260962,range,vel,-0.39973948225486855,14201208.545044634
NORMBURN,20260962,range,pos,-0.6035276582152784,9144861.659879258
NORMBURN,20260962,range,vel,-0.5471812555076214,9144861.659879258
NORMBURN,20260962,range,pos,0.5464119825345213,145811.06993944384
NORMBURN,20260962,range,vel,0.699713735295399,145811.06993944384
NORMBURN,20260962,inplane,pos,0.21600566125175716,633769.3990983501
NORMBURN,20260962,inplane,vel,-0.5079413163268336,633769.3990983501
NORMBURN,20260962,inplane,pos,-0.4656246195390752,13860304.509464106
NORMBURN,20260962,inplane,vel,-0.11324453320080455,13860304.509464106
NORMBURN,20260962,inplane,pos,0.22306430101460054,14201208.545044634
NORMBURN,20260962,inplane,vel,0.9409269746938899,14201208.545044634
NORMBURN,20260962,inplane,pos,0.9429558656991145,9144861.659879258
NORMBURN,20260962,inplane,vel,-0.9070947788513112,9144861.659879258
NORMBURN,20260962,inplane,pos,-0.10164965373765554,145811.06993944384
NORMBURN,20260962,inplane,vel,0.44926686603142796,145811.06993944384
NORMBURN,20260962,plane,pos,0.4191355282234042,633769.3990983501
NORMBURN,20260962,plane,vel,0.4857647639762329,633769.3990983501
NORMBURN,20260962,plane,pos,0.31032866600221803,13860304.509464106
NORMBURN,20260962,plane,vel,0.3001284167309827,13860304.509464106
NORMBURN,20260962,plane,pos,-0.5663420388007971,14201208.545044634
NORMBURN,20260962,plane,vel,-0.2871229126739709,14201208.545044634
NORMBURN,20260962,plane,pos,0.4503083597737864,9144861.659879258
NORMBURN,20260962,plane,vel,0.01952077966080395,9144861.659879258
NORMBURN,20260962,plane,pos,0.39061100407920496,145811.06993944384
NORMBURN,20260962,plane,vel,-0.16195291696688788,145811.06993944384
NORMBURN,20260962,range,pos,-0.5583505118496166,172155.02279917846
NORMBURN,20260962,range,vel,0.502525930260391,172155.02279917846
NORMBURN,20260962,range,pos,-0.7576815127391965,14017660.369148383
NORMBURN,20260962,range,vel,-0.4258534993923594,14017660.369148383
NORMBURN,20260962,range,pos,-0.7111936434734931,14071967.005627539
NORMBURN,20260962,range,vel,-0.5921545424059064,14071967.005627539
NORMBURN,20260962,range,pos,0.09975820576960376,11021174.548899611
NORMBURN,20260962,range,vel,-0.0355027567910959,11021174.548899611
NORMBURN,20260962,range,pos,-1.7582134131151796,11101223.218394807
NORMBURN,20260962,range,vel,-1.6591727371302043,11101223.218394807
NORMBURN,20260962,range,pos,-0.8052542042822263,10411014.646601696
NORMBURN,20260962,range,vel,-0.18329462402788502,10411014.646601696
NORMBURN,20260962,inplane,pos,-1.4743357107246258,172155.02279917846
NORMBURN,20260962,inplane,vel,-1.1567614445951153,172155.02279917846
NORMBURN,20260962,inplane,pos,0.29815796241961223,14017660.369148383
NORMBURN,20260962,inplane,vel,0.7553676126866871,14017660.369148383
NORMBURN,20260962,inplane,pos,0.6699758749314095,14071967.005627539
NORMBURN,20260962,inplane,vel,0.6251209764018136,14071967.005627539
NORMBURN,20260962,inplane,pos,-0.8916676562378585,11021174.548899611
NORMBURN,20260962,inplane,vel,0.39795246720424887,11021174.548899611
NORMBURN,20260962,inplane,pos,1.586999248244712,11101223.218394807
NORMBURN,20260962,inplane,vel,-1.3442405422159307,11101223.218394807
NORMBURN,20260962,inplane,pos,0.7142332267297582,10411014.646601696
NORMBURN,20260962,inplane,vel,0.9049629160004934,10411014.646601696
NORMBURN,20260962,plane,pos,1.4701210589102645,172155.02279917846
NORMBURN,20260962,plane,vel,0.6804718203520269,172155.02279917846
NORMBURN,20260962,plane,pos,0.2848594839827414,14017660.369148383
NORMBURN,20260962,plane,vel,0.23331475849421685,14017660.369148383
NORMBURN,20260962,plane,pos,-0.47192912069444864,14071967.005627539
NORMBURN,20260962,plane,vel,0.3249962539806034,14071967.005627539
NORMBURN,20260962,plane,pos,-1.5310846050127922,11021174.548899611
NORMBURN,20260962,plane,vel,1.0317186748062914,11021174.548899611
NORMBURN,20260962,plane,pos,0.34747541728483355,11101223.218394807
NORMBURN,20260962,plane,vel,0.4713673081800275,11101223.218394807
NORMBURN,20260962,plane,pos,-0.36666123654991606,10411014.646601696
NORMBURN,20260962,plane,vel,0.5368776287673749,10411014.646601696
NORMBURN,20260962,range,pos,0.05874998479916452,14273106.48764309
NORMBURN,20260962,range,vel,0.042175531667317696,14273106.48764309
NORMBURN,20260962,range,pos,-1.7516919796958141,10790592.509117888
NORMBURN,20260962,range,vel,-1.7536845572660127,10790592.509117888
NORMBURN,20260962,range,pos,0.894426560549581,6201770.343194694
NORMBURN,20260962,range,vel,0.7260518076643269,6201770.343194694
NORMBURN,20260962,inplane,pos,0.0028824356706774017,14273106.48764309
NORMBURN,20260962,inplane,vel,-0.05815239741099575,14273106.48764309
NORMBURN,20260962,inplane,pos,0.8635499423726749,10790592.509117888
NORMBURN,20260962,inplane,vel,-0.7627348337279972,10790592.509117888
NORMBURN,20260962,inplane,pos,-2.377857490767657,6201770.343194694
NORMBURN,20260962,inplane,vel,0.9316502083767373,6201770.343194694
NORMBURN,20260962,plane,pos,0.2693135949830749,14273106.48764309
NORMBURN,20260962,plane,vel,0.0055141965367597025,14273106.48764309
NORMBURN,20260962,plane,pos,1.4046892804131812,10790592.509117888
NORMBURN,20260962,plane,vel,1.8051761506825088,10790592.509117888
NORMBURN,20260962,plane,pos,-0.9125570308217321,6201770.343194694
NORMBURN,20260962,plane,vel,-0.25979077919048427,6201770.343194694
NORMBURN,20260969,range,pos,2.2981952813682853,14012437.757659076
NORMBURN,20260969,range,vel,2.353807688183747,14012437.757659076
NORMBURN,20260969,range,pos,-1.5039781187905863,13535055.578732748
NORMBURN,20260969,range,vel,-1.3681723652119708,13535055.578732748
NORMBURN,20260969,inplane,pos,-1.771716737670366,14012437.757659076
NORMBURN,20260969,inplane,vel,-2.313828174037042,14012437.757659076
NORMBURN,20260969,inplane,pos,1.0776154837923013,13535055.578732748
NORMBURN,20260969,inplane,vel,1.5233491516745905,13535055.578732748
NORMBURN,20260969,plane,pos,-0.5065412846665818,14012437.757659076
NORMBURN,20260969,plane,vel,-0.22242627756288824,14012437.757659076
NORMBURN,20260969,plane,pos,-0.9813601345313303,13535055.578732748
NORMBURN,20260969,plane,vel,0.3152906270342545,13535055.578732748
NORMBURN,20260969,range,pos,0.4298815250287385,13946082.500108004
NORMBURN,20260969,range,vel,0.7499754165639819,13946082.500108004
NORMBURN,20260969,range,pos,0.5514812491907578,13639819.171784101
NORMBURN,20260969,range,vel,0.7372192703488075,13639819.171784101
NORMBURN,20260969,inplane,pos,-0.7053465886893435,13946082.500108004
NORMBURN,20260969,inplane,vel,-0.6939575940631754,13946082.500108004
NORMBURN,20260969,inplane,pos,-0.5992800084110794,13639819.171784101
NORMBURN,20260969,inplane,vel,-0.5716798883354239,13639819.171784101
NORMBURN,20260969,plane,pos,0.17568455280819653,13946082.500108004
NORMBURN,20260969,plane,vel,0.8790107553062971,13946082.500108004
NORMBURN,20260969,plane,pos,0.5327401974123287,13639819.171784101
NORMBURN,20260969,plane,vel,1.2786299593607136,13639819.171784101
NORMBURN,20260969,range,pos,0.4757831799699671,13663851.036859246
NORMBURN,20260969,range,vel,0.561587507884981,13663851.036859246
NORMBURN,20260969,inplane,pos,1.0010810301212512,13663851.036859246
NORMBURN,20260969,inplane,vel,0.006368524888848468,13663851.036859246
NORMBURN,20260969,plane,pos,0.17718368312954103,13663851.036859246
NORMBURN,20260969,plane,vel,0.25814562313993905,13663851.036859246
NORMBURN,20260969,range,pos,0.43315191946109993,13728537.262342822
NORMBURN,20260969,range,vel,0.30155608057834304,13728537.262342822
NORMBURN,20260969,inplane,pos,-0.7223438695208255,13728537.262342822
NORMBURN,20260969,inplane,vel,-0.5704203434598213,13728537.262342822
NORMBURN,20260969,plane,pos,-0.06588625004983821,13728537.262342822
NORMBURN,20260969,plane,vel,-1.648842924863752,13728537.262342822
NORMBURN,20260969,range,pos,-0.8731021589796173,13977968.515921058
NORMBURN,20260969,range,vel,0.31862078104835884,13977968.515921058
NORMBURN,20260969,range,pos,0.7807277228586664,4275854.707135683
NORMBURN,20260969,range,vel,0.604473462434242,4275854.707135683
NORMBURN,20260969,range,pos,-0.08756915475139607,13385032.29936583
NORMBURN,20260969,range,vel,0.5635403734626298,13385032.29936583
NORMBURN,20260969,inplane,pos,-0.5173185973128401,13977968.515921058
NORMBURN,20260969,inplane,vel,0.45534306497731697,13977968.515921058
NORMBURN,20260969,inplane,pos,-0.7722965464272434,4275854.707135683
NORMBURN,20260969,inplane,vel,1.034158917790104,4275854.707135683
NORMBURN,20260969,inplane,pos,-0.6623463094372593,13385032.29936583
NORMBURN,20260969,inplane,vel,0.9573779047033448,13385032.29936583
NORMBURN,20260969,plane,pos,-1.028353869299519,13977968.515921058
NORMBURN,20260969,plane,vel,-0.8549379518209692,13977968.515921058
NORMBURN,20260969,plane,pos,0.7759163557041692,4275854.707135683
NORMBURN,20260969,plane,vel,0.9808191306346764,4275854.707135683
NORMBURN,20260969,plane,pos,1.5327587416763073,13385032.29936583
NORMBURN,20260969,plane,vel,0.27201241068634807,13385032.29936583
NORMBURN,20260969,range,pos,-1.271260579906515,13972744.822304815
NORMBURN,20260969,range,vel,0.36846261293539423,13972744.822304815
NORMBURN,20260969,range,pos,-0.9250215017357628,9437651.529655393
NORMBURN,20260969,range,vel,-0.8388105975790454,9437651.529655393
NORMBURN,20260969,range,pos,-0.7326474698993143,13304702.943966122
NORMBURN,20260969,range,vel,-0.5368601156364449,13304702.943966122
NORMBURN,20260969,inplane,pos,-0.2726225771100642,13972744.822304815
NORMBURN,20260969,inplane,vel,0.9028325989153292,13972744.822304815
NORMBURN,20260969,inplane,pos,1.5715714231053868,9437651.529655393
NORMBURN,20260969,inplane,vel,-0.914664327463997,9437651.529655393
NORMBURN,20260969,inplane,pos,0.9822987233441383,13304702.943966122
NORMBURN,20260969,inplane,vel,0.9416373463377934,13304702.943966122
NORMBURN,20260969,plane,pos,-0.9006719218381192,13972744.822304815
NORMBURN,20260969,plane,vel,-0.23591338566049602,13972744.822304815
NORMBURN,20260969,plane,pos,3.104874658731697,9437651.529655393
NORMBURN,20260969,plane,vel,3.024802813642248,9437651.529655393
NORMBURN,20260969,plane,pos,1.6578042185219177,13304702.943966122
NORMBURN,20260969,plane,vel,2.650974609666137,13304702.943966122
NORMBURN,20260976,range,pos,0.6665342428747978,5166032.401450024
NORMBURN,20260976,range,vel,-0.7762910303193187,5166032.401450024
NORMBURN,20260976,inplane,pos,1.7144528902388476,5166032.401450024
NORMBURN,20260976,inplane,vel,1.516295594192443,5166032.401450024
NORMBURN,20260976,plane,pos,1.5451187994501923,5166032.401450024
NORMBURN,20260976,plane,vel,-0.7461388769243645,5166032.401450024
NORMBURN,20260976,range,pos,-0.3666229585173898,6197586.78810043
NORMBURN,20260976,range,vel,-0.24713972193104639,6197586.78810043
NORMBURN,20260976,range,pos,-0.307475456637397,9743431.462415664
NORMBURN,20260976,range,vel,0.29973744330109325,9743431.462415664
NORMBURN,20260976,range,pos,2.3086678056428847,4690218.9323713435
NORMBURN,20260976,range,vel,2.3814699859960378,4690218.9323713435
NORMBURN,20260976,range,pos,-0.014298355484715943,13269010.973189952
NORMBURN,20260976,range,vel,0.346739421435359,13269010.973189952
NORMBURN,20260976,inplane,pos,-0.7997327688634938,6197586.78810043
NORMBURN,20260976,inplane,vel,-0.5456843563599577,6197586.78810043
NORMBURN,20260976,inplane,pos,0.9766398238158978,9743431.462415664
NORMBURN,20260976,inplane,vel,0.9978487156073268,9743431.462415664
NORMBURN,20260976,inplane,pos,-0.5178444746803138,4690218.9323713435
NORMBURN,20260976,inplane,vel,2.3672402365165297,4690218.9323713435
NORMBURN,20260976,inplane,pos,-0.311187697075765,13269010.973189952
NORMBURN,20260976,inplane,vel,-0.03017341253586293,13269010.973189952
NORMBURN,20260976,plane,pos,2.22715939103198,6197586.78810043
NORMBURN,20260976,plane,vel,1.0270148955292182,6197586.78810043
NORMBURN,20260976,plane,pos,-0.3601715965133883,9743431.462415664
NORMBURN,20260976,plane,vel,0.0006520918191069287,9743431.462415664
NORMBURN,20260976,plane,pos,0.2958443964790851,4690218.9323713435
NORMBURN,20260976,plane,vel,1.6593946989325048,4690218.9323713435
NORMBURN,20260976,plane,pos,-0.37328112960795956,13269010.973189952
NORMBURN,20260976,plane,vel,0.771390807850773,13269010.973189952
NORMBURN,20260976,range,pos,2.284544136382434,4653459.324138563
NORMBURN,20260976,range,vel,2.21484243039152,4653459.324138563
NORMBURN,20260976,range,pos,-0.37154853011403915,9285572.67272642
NORMBURN,20260976,range,vel,-0.34588532874720745,9285572.67272642
NORMBURN,20260976,range,pos,-0.09633797499868381,5237953.063897098
NORMBURN,20260976,range,vel,0.0586560524515035,5237953.063897098
NORMBURN,20260976,inplane,pos,-1.6389378076533543,4653459.324138563
NORMBURN,20260976,inplane,vel,2.304573631310464,4653459.324138563
NORMBURN,20260976,inplane,pos,0.2017002746357678,9285572.67272642
NORMBURN,20260976,inplane,vel,-0.39297755331490797,9285572.67272642
NORMBURN,20260976,inplane,pos,-0.027147041218539208,5237953.063897098
NORMBURN,20260976,inplane,vel,-0.09297315489593655,5237953.063897098
NORMBURN,20260976,plane,pos,-0.4487454105549342,4653459.324138563
NORMBURN,20260976,plane,vel,1.5577032333593237,4653459.324138563
NORMBURN,20260976,plane,pos,-0.14064394192700508,9285572.67272642
NORMBURN,20260976,plane,vel,-0.3076002814212292,9285572.67272642
NORMBURN,20260976,plane,pos,0.2332476679119704,5237953.063897098
NORMBURN,20260976,plane,vel,0.6378125205965283,5237953.063897098
NORMBURN,20260976,range,pos,0.6648678910969397,12318559.317118779
NORMBURN,20260976,range,vel,0.5729043248897938,12318559.317118779
NORMBURN,20260976,range,pos,0.9520117526720656,10143635.36781096
NORMBURN,20260976,range,vel,0.977085308949885,10143635.36781096
NORMBURN,20260976,range,pos,0.10693021545303391,13011648.179800391
NORMBURN,20260976,range,vel,-0.4015032827622235,13011648.179800391
NORMBURN,20260976,range,pos,0.02870294605002417,11416874.717479818
NORMBURN,20260976,range,vel,0.06279292343159291,11416874.717479818
NORMBURN,20260976,range,pos,-0.5721708898950367,3455166.836819009
NORMBURN,20260976,range,vel,-0.754993272717274,3455166.836819009
NORMBURN,20260976,inplane,pos,-1.2070854156717694,12318559.317118779
NORMBURN,20260976,inplane,vel,-0.9140363045567178,12318559.317118779
NORMBURN,20260976,inplane,pos,-1.0057308939855019,10143635.36781096
NORMBURN,20260976,inplane,vel,1.1609802831366804,10143635.36781096
NORMBURN,20260976,inplane,pos,0.6285687365044346,13011648.179800391
NORMBURN,20260976,inplane,vel,0.22921189804255937,13011648.179800391
NORMBURN,20260976,inplane,pos,-0.14892969936928652,11416874.717479818
NORMBURN,20260976,inplane,vel,0.16614592455781155,11416874.717479818
NORMBURN,20260976,inplane,pos,-1.3348680016144683,3455166.836819009
NORMBURN,20260976,inplane,vel,-1.0634330986711809,3455166.836819009
NORMBURN,20260976,plane,pos,1.153452359242065,12318559.317118779
NORMBURN,20260976,plane,vel,0.2947618898640877,12318559.317118779
NORMBURN,20260976,plane,pos,-0.020923174787707163,10143635.36781096
NORMBURN,20260976,plane,vel,-0.4109242941537434,10143635.36781096
NORMBURN,20260976,plane,pos,-2.5962481240772814,13011648.179800391
NORMBURN,20260976,plane,vel,1.477815200717037,13011648.179800391
NORMBURN,20260976,plane,pos,-0.27967733717603344,11416874.717479818
NORMBURN,20260976,plane,vel,-0.05105668900533249,11416874.717479818
NORMBURN,20260976,plane,pos,0.09918159713309678,3455166.836819009
NORMBURN,20260976,plane,vel,-0.5371731146218793,3455166.836819009
NORMBURN,20260976,range,pos,-1.190617632311882,11861823.654480027
NORMBURN,20260976,range,vel,-0.7301645122117559,11861823.654480027
NORMBURN,20260976,range,pos,-0.4086513894857677,12397116.99396873
NORMBURN,20260976,range,vel,-0.46415770557210634,12397116.99396873
NORMBURN,20260976,range,pos,0.8232954222482245,9237564.01654874
NORMBURN,20260976,range,vel,0.1515961060213936,9237564.01654874
NORMBURN,20260976,range,pos,-0.15096872226434324,11323294.202046378
NORMBURN,20260976,range,vel,0.6834519779367286,11323294.202046378
NORMBURN,20260976,inplane,pos,0.75282619412277,11861823.654480027
NORMBURN,20260976,inplane,vel,1.133345757560082,11861823.654480027
NORMBURN,20260976,inplane,pos,1.1509681374835876,12397116.99396873
NORMBURN,20260976,inplane,vel,-1.1848701665849808,12397116.99396873
NORMBURN,20260976,inplane,pos,0.011721069610546017,9237564.01654874
NORMBURN,20260976,inplane,vel,0.04800163829141258,9237564.01654874
NORMBURN,20260976,inplane,pos,0.2605601351654068,11323294.202046378
NORMBURN,20260976,inplane,vel,0.1592211518269748,11323294.202046378
NORMBURN,20260976,plane,pos,0.2634255053788798,11861823.654480027
NORMBURN,20260976,plane,vel,-0.6663485862661765,11861823.654480027
NORMBURN,20260976,plane,pos,0.8432114693345354,12397116.99396873
NORMBURN,20260976,plane,vel,-0.028802281805497692,12397116.99396873
NORMBURN,20260976,plane,pos,0.06778179124393696,9237564.01654874
NORMBURN,20260976,plane,vel,-0.5078881547487978,9237564.01654874
NORMBURN,20260976,plane,pos,0.3622244937184292,11323294.202046378
NORMBURN,20260976,plane,vel,-0.3016089295460525,11323294.202046378
NORMBURN,20260976,range,pos,-1.9362201549022413,1457845.4278897208
NORMBURN,20260976,range,vel,1.6100926283279275,1457845.4278897208
NORMBURN,20260976,range,pos,0.8783081808476506,9730899.597349579
NORMBURN,20260976,range,vel,-0.7364839664241876,9730899.597349579
NORMBURN,20260976,range,pos,0.9761084632981271,10250142.569141148
NORMBURN,20260976,range,vel,-0.7700596295905576,10250142.569141148
NORMBURN,20260976,range,pos,0.0297117591030062,13823936.935203936
NORMBURN,20260976,range,vel,-0.2930766076019565,13823936.935203936
NORMBURN,20260976,inplane,pos,1.4105420884809938,1457845.4278897208
NORMBURN,20260976,inplane,vel,-1.918597365495463,1457845.4278897208
NORMBURN,20260976,inplane,pos,0.9985068674344197,9730899.597349579
NORMBURN,20260976,inplane,vel,0.9867073414894227,9730899.597349579
NORMBURN,20260976,inplane,pos,0.997152470664553,10250142.569141148
NORMBURN,20260976,inplane,vel,0.6145134076033943,10250142.569141148
NORMBURN,20260976,inplane,pos,0.7115621433712905,13823936.935203936
NORMBURN,20260976,inplane,vel,-0.2691662846972024,13823936.935203936
NORMBURN,20260976,plane,pos,0.41355330157538644,1457845.4278897208
NORMBURN,20260976,plane,vel,1.989225214981328,1457845.4278897208
NORMBURN,20260976,plane,pos,1.459910402726563,9730899.597349579
NORMBURN,20260976,plane,vel,-0.6447675128992154,9730899.597349579
NORMBURN,20260976,plane,pos,0.5128358462275652,10250142.569141148
NORMBURN,20260976,plane,vel,-1.7402426693849045,10250142.569141148
NORMBURN,20260976,plane,pos,0.19292217218834196,13823936.935203936
NORMBURN,20260976,plane,vel,0.46887867281013607,13823936.935203936
