cls,nav_seed,component,block,z,rho
X3-loose,20260815,range,pos,-0.5801766002415992,150680.71095983073
X3-loose,20260815,range,vel,-0.3840299123596242,150680.71095983073
X3-loose,20260815,range,pos,-0.7185846498293805,133003.79866440306
X3-loose,20260815,range,vel,-0.5918949067563806,133003.79866440306
X3-loose,20260815,range,pos,-0.6124423552745255,1150682.2463235355
X3-loose,20260815,range,vel,0.048424184151834394,1150682.2463235355
X3-loose,20260815,range,pos,-0.20356311194701718,420292.03722190537
X3-loose,20260815,range,vel,-0.21713258805904992,420292.03722190537
X3-loose,20260815,range,pos,1.1802941188191312,238373.6911435646
X3-loose,20260815,range,vel,-2.4268287014881706,238373.6911435646
X3-loose,20260815,range,pos,-0.23298988571810736,285429.756894134
X3-loose,20260815,range,vel,0.1419681069027015,285429.756894134
X3-loose,20260815,range,pos,0.4641392304303235,99673.72617225729
X3-loose,20260815,range,vel,0.10460227640134159,99673.72617225729
X3-loose,20260815,range,pos,0.4047549556369695,13955463.176429227
X3-loose,20260815,range,vel,-0.29375598774258793,13955463.176429227
X3-loose,20260815,inplane,pos,1.1615265166986526,150680.71095983073
X3-loose,20260815,inplane,vel,-0.5416289018078237,150680.71095983073
X3-loose,20260815,inplane,pos,-2.941968977215189,133003.79866440306
X3-loose,20260815,inplane,vel,-1.5379578661446922,133003.79866440306
X3-loose,20260815,inplane,pos,-0.11772496101877218,1150682.2463235355
X3-loose,20260815,inplane,vel,-0.6256014210039752,1150682.2463235355
X3-loose,20260815,inplane,pos,-0.42956715280912927,420292.03722190537
X3-loose,20260815,inplane,vel,-0.4370412370037772,420292.03722190537
X3-loose,20260815,inplane,pos,-1.5903283689118801,238373.6911435646
X3-loose,20260815,inplane,vel,0.09591457392519942,238373.6911435646
X3-loose,20260815,inplane,pos,-0.5533620572300494,285429.756894134
X3-loose,20260815,inplane,vel,-0.49196121891509,285429.756894134
X3-loose,20260815,inplane,pos,0.4055416488421053,99673.72617225729
X3-loose,20260815,inplane,vel,-0.2589400719242763,99673.72617225729
X3-loose,20260815,inplane,pos,0.1483418248517115,13955463.176429227
X3-loose,20260815,inplane,vel,-0.46917102142312833,13955463.176429227
X3-loose,20260815,plane,pos,0.7567724203862105,150680.71095983073
X3-loose,20260815,plane,vel,-0.1619818761037118,150680.71095983073
X3-loose,20260815,plane,pos,-0.04265912422128367,133003.79866440306
X3-loose,20260815,plane,vel,-0.6854980222438347,133003.79866440306
X3-loose,20260815,plane,pos,1.0459054034005468,1150682.2463235355
X3-loose,20260815,plane,vel,1.1091989261405804,1150682.2463235355
X3-loose,20260815,plane,pos,2.02383908127933,420292.03722190537
X3-loose,20260815,plane,vel,0.8440147475295247,420292.03722190537
X3-loose,20260815,plane,pos,0.5698435751260239,238373.6911435646
X3-loose,20260815,plane,vel,1.3677358297741171,238373.6911435646
X3-loose,20260815,plane,pos,-1.2380609367933364,285429.756894134
X3-loose,20260815,plane,vel,-0.9238826426964678,285429.756894134
X3-loose,20260815,plane,pos,-0.07726010411537441,99673.72617225729
X3-loose,20260815,plane,vel,-0.48038872264871196,99673.72617225729
X3-loose,20260815,plane,pos,-0.8070915388002141,13955463.176429227
X3-loose,20260815,plane,vel,1.3532345379860797,13955463.176429227
X3-loose,20260815,range,pos,-1.0155494372586777,4140408.205248168
X3-loose,20260815,range,vel,0.7473026084641387,4140408.205248168
X3-loose,20260815,range,pos,-0.7962985264629785,222093.11595846334
X3-loose,20260815,range,vel,-1.2626154446525057,222093.11595846334
X3-loose,20260815,range,pos,-1.12136859801421,3992253.1418413934
X3-loose,20260815,range,vel,-0.5961070882964038,3992253.1418413934
X3-loose,20260815,range,pos,-1.2816000561604088,158747.87245676343
X3-loose,20260815,range,vel,1.04037364597096,158747.87245676343
X3-loose,20260815,range,pos,-1.9385525195789282,1023890.8768858827
X3-loose,20260815,range,vel,1.8271737380369875,1023890.8768858827
X3-loose,20260815,range,pos,0.7912921662715634,9629926.52757489
X3-loose,20260815,range,vel,0.8568236089445314,9629926.52757489
X3-loose,20260815,range,pos,-2.195144730386885,314331.7513525935
X3-loose,20260815,range,vel,1.7240077850496003,314331.7513525935
X3-loose,20260815,range,pos,-1.0691556430619438,3171549.881569235
X3-loose,20260815,range,vel,-1.7227239907376162,3171549.881569235
X3-loose,20260815,inplane,pos,-0.30563100478344113,4140408.205248168
X3-loose,20260815,inplane,vel,-0.3356748207867766,4140408.205248168
X3-loose,20260815,inplane,pos,2.372607402117013,222093.11595846334
X3-loose,20260815,inplane,vel,0.9728721326832688,222093.11595846334
X3-loose,20260815,inplane,pos,1.0663883236727556,3992253.1418413934
X3-loose,20260815,inplane,vel,-1.136885973555904,3992253.1418413934
X3-loose,20260815,inplane,pos,-0.5045780318987142,158747.87245676343
X3-loose,20260815,inplane,vel,-0.5876141929895067,158747.87245676343
X3-loose,20260815,inplane,pos,-0.8714584588380199,1023890.8768858827
X3-loose,20260815,inplane,vel,-1.9200754460218823,1023890.8768858827
X3-loose,20260815,inplane,pos,-0.8138832261036894,9629926.52757489
X3-loose,20260815,inplane,vel,1.0079551602245205,9629926.52757489
X3-loose,20260815,inplane,pos,-0.606229708762357,314331.7513525935
X3-loose,20260815,inplane,vel,-2.1057206241623976,314331.7513525935
X3-loose,20260815,inplane,pos,-0.8152503994134632,3171549.881569235
X3-loose,20260815,inplane,vel,-0.9410395758068199,3171549.881569235
X3-loose,20260815,plane,pos,2.664572834738531,4140408.205248168
X3-loose,20260815,plane,vel,2.3205103414308175,4140408.205248168
X3-loose,20260815,plane,pos,0.24122313714763804,222093.11595846334
X3-loose,20260815,plane,vel,1.0317961623521217,222093.11595846334
X3-loose,20260815,plane,pos,-1.4331576832295734,3992253.1418413934
X3-loose,20260815,plane,vel,0.03553369455070817,3992253.1418413934
X3-loose,20260815,plane,pos,-0.12133099147381586,158747.87245676343
X3-loose,20260815,plane,vel,-0.5751340495142989,158747.87245676343
X3-loose,20260815,plane,pos,0.31607755155228034,1023890.8768858827
X3-loose,20260815,plane,vel,-1.5116092159036407,1023890.8768858827
X3-loose,20260815,plane,pos,-1.1707017864104987,9629926.52757489
X3-loose,20260815,plane,vel,1.55326198584826,9629926.52757489
X3-loose,20260815,plane,pos,0.09077710350658051,314331.7513525935
X3-loose,20260815,plane,vel,2.459157029120906,314331.7513525935
X3-loose,20260815,plane,pos,0.9127755443623999,3171549.881569235
X3-loose,20260815,plane,vel,-0.35499520329681467,3171549.881569235
X3-loose,20260815,range,pos,-2.125791678443033,4408650.125026507
X3-loose,20260815,range,vel,2.5625196993569768,4408650.125026507
X3-loose,20260815,range,pos,2.079864377671308,158188.57733632188
X3-loose,20260815,range,vel,-1.0532299651244943,158188.57733632188
X3-loose,20260815,range,pos,0.09069349988462265,5479944.901213524
X3-loose,20260815,range,vel,-0.04778564944917997,5479944.901213524
X3-loose,20260815,range,pos,1.3603351043425578,293353.9361853427
X3-loose,20260815,range,vel,1.0396667315213646,293353.9361853427
X3-loose,20260815,range,pos,-1.0271691748251521,13872770.196210003
X3-loose,20260815,range,vel,-1.4641257048760443,13872770.196210003
X3-loose,20260815,range,pos,-0.18053667493307765,140180.82100712598
X3-loose,20260815,range,vel,-0.4821943894132895,140180.82100712598
X3-loose,20260815,inplane,pos,-0.9933977697593923,4408650.125026507
X3-loose,20260815,inplane,vel,-1.9762560442893355,4408650.125026507
X3-loose,20260815,inplane,pos,1.9390059168082519,158188.57733632188
X3-loose,20260815,inplane,vel,2.2261647683463193,158188.57733632188
X3-loose,20260815,inplane,pos,-0.3126096858466667,5479944.901213524
X3-loose,20260815,inplane,vel,0.0831825280109705,5479944.901213524
X3-loose,20260815,inplane,pos,1.5454483210766714,293353.9361853427
X3-loose,20260815,inplane,vel,1.4643086991719052,293353.9361853427
X3-loose,20260815,inplane,pos,1.1346392572107926,13872770.196210003
X3-loose,20260815,inplane,vel,0.2028083858350828,13872770.196210003
X3-loose,20260815,inplane,pos,-0.5378302519693283,140180.82100712598
X3-loose,20260815,inplane,vel,-0.47019015832133504,140180.82100712598
X3-loose,20260815,plane,pos,0.28735968128281764,4408650.125026507
X3-loose,20260815,plane,vel,-1.8729907564761519,4408650.125026507
X3-loose,20260815,plane,pos,-1.0889588480223433,158188.57733632188
X3-loose,20260815,plane,vel,0.27321965851407093,158188.57733632188
X3-loose,20260815,plane,pos,-0.9671629843943633,5479944.901213524
X3-loose,20260815,plane,vel,1.3772571858930964,5479944.901213524
X3-loose,20260815,plane,pos,-0.05660932870242921,293353.9361853427
X3-loose,20260815,plane,vel,0.9952229532071343,293353.9361853427
X3-loose,20260815,plane,pos,-1.2541984418742884,13872770.196210003
X3-loose,20260815,plane,vel,0.23476250835948761,13872770.196210003
X3-loose,20260815,plane,pos,1.1966380660707223,140180.82100712598
X3-loose,20260815,plane,vel,1.3164764920712582,140180.82100712598
X3-loose,20260815,range,pos,1.164665051255026,104169.20044892958
X3-loose,20260815,range,vel,-0.21031387484441247,104169.20044892958
X3-loose,20260815,range,pos,-0.036562757209028934,84736.25091240865
X3-loose,20260815,range,vel,-0.9053254912864467,84736.25091240865
X3-loose,20260815,range,pos,-0.41061315513408075,1646805.093786882
X3-loose,20260815,range,vel,-0.04340716436219172,1646805.093786882
X3-loose,20260815,range,pos,0.828673152674366,13481023.792769011
X3-loose,20260815,range,vel,1.7040132265586048,13481023.792769011
X3-loose,20260815,range,pos,-1.223618814015673,1557054.3379885815
X3-loose,20260815,range,vel,1.3379532741358051,1557054.3379885815
X3-loose,20260815,range,pos,0.2985111053773349,9203373.134936478
X3-loose,20260815,range,vel,-0.11029106686866405,9203373.134936478
X3-loose,20260815,range,pos,0.434782434144773,104025.26368908574
X3-loose,20260815,range,vel,0.2813051829096843,104025.26368908574
X3-loose,20260815,range,pos,-0.32234108161184744,295559.8567110219
X3-loose,20260815,range,vel,-0.2000606889657976,295559.8567110219
X3-loose,20260815,inplane,pos,0.025416058921956017,104169.20044892958
X3-loose,20260815,inplane,vel,-0.11186448357700589,104169.20044892958
X3-loose,20260815,inplane,pos,-0.9632398774356763,84736.25091240865
X3-loose,20260815,inplane,vel,0.17737961013065565,84736.25091240865
X3-loose,20260815,inplane,pos,0.43574780665458307,1646805.093786882
X3-loose,20260815,inplane,vel,-0.48609808104488983,1646805.093786882
X3-loose,20260815,inplane,pos,-1.7618369356529573,13481023.792769011
X3-loose,20260815,inplane,vel,2.0342492051826664,13481023.792769011
X3-loose,20260815,inplane,pos,-0.7045063562422073,1557054.3379885815
X3-loose,20260815,inplane,vel,-1.4304238901970847,1557054.3379885815
X3-loose,20260815,inplane,pos,-0.15796389090155236,9203373.134936478
X3-loose,20260815,inplane,vel,-0.4118565350068163,9203373.134936478
X3-loose,20260815,inplane,pos,-0.20117380987237193,104025.26368908574
X3-loose,20260815,inplane,vel,-0.5694999148433216,104025.26368908574
X3-loose,20260815,inplane,pos,-1.2135882795350494,295559.8567110219
X3-loose,20260815,inplane,vel,-1.0612224936575279,295559.8567110219
X3-loose,20260815,plane,pos,-1.2811490525419655,104169.20044892958
X3-loose,20260815,plane,vel,1.1937989800904516,104169.20044892958
X3-loose,20260815,plane,pos,-2.166668783476102,84736.25091240865
X3-loose,20260815,plane,vel,-1.3089230610608469,84736.25091240865
X3-loose,20260815,plane,pos,-0.5466705310503286,1646805.093786882
X3-loose,20260815,plane,vel,0.2765671732205223,1646805.093786882
X3-loose,20260815,plane,pos,-0.9321747786496725,13481023.792769011
X3-loose,20260815,plane,vel,0.23587792844201752,13481023.792769011
X3-loose,20260815,plane,pos,0.9867024630579375,1557054.3379885815
X3-loose,20260815,plane,vel,0.5495617108931384,1557054.3379885815
X3-loose,20260815,plane,pos,-0.5300920363008441,9203373.134936478
X3-loose,20260815,plane,vel,-0.38997691165456055,9203373.134936478
X3-loose,20260815,plane,pos,-1.626630864469407,104025.26368908574
X3-loose,20260815,plane,vel,-0.17138460093615004,104025.26368908574
X3-loose,20260815,plane,pos,1.171592082355388,295559.8567110219
X3-loose,20260815,plane,vel,0.4880898000182158,295559.8567110219
X3-loose,20260815,range,pos,0.6885559536288238,3399045.3226098623
X3-loose,20260815,range,vel,0.04638341070747717,3399045.3226098623
X3-loose,20260815,range,pos,0.49991173823578056,299420.9135700928
X3-loose,20260815,range,vel,-0.789685522752297,299420.9135700928
X3-loose,20260815,range,pos,-0.6864898695336806,6515293.240879912
X3-loose,20260815,range,vel,-0.7948499159638053,6515293.240879912
X3-loose,20260815,range,pos,0.3209147054395253,100318.49676270456
X3-loose,20260815,range,vel,0.33497302910521476,100318.49676270456
X3-loose,20260815,range,pos,-0.17227016215410035,48330.66311181106
X3-loose,20260815,range,vel,-0.029140077955094826,48330.66311181106
X3-loose,20260815,range,pos,0.4154567452689913,234947.20342298827
X3-loose,20260815,range,vel,1.8338832974844899,234947.20342298827
X3-loose,20260815,range,pos,-0.7981461793294827,11518623.036943538
X3-loose,20260815,range,vel,-1.0915254215624124,11518623.036943538
X3-loose,20260815,range,pos,0.5169586430681693,12379927.530988066
X3-loose,20260815,range,vel,1.0671623060813478,12379927.530988066
X3-loose,20260815,inplane,pos,-1.1912252597443642,3399045.3226098623
X3-loose,20260815,inplane,vel,0.8315603113834806,3399045.3226098623
X3-loose,20260815,inplane,pos,-0.1575423055303777,299420.9135700928
X3-loose,20260815,inplane,vel,0.3875313186227148,299420.9135700928
X3-loose,20260815,inplane,pos,0.4603418378494081,6515293.240879912
X3-loose,20260815,inplane,vel,-0.7535014635113679,6515293.240879912
X3-loose,20260815,inplane,pos,1.3402799972949908,100318.49676270456
X3-loose,20260815,inplane,vel,0.9363550750681283,100318.49676270456
X3-loose,20260815,inplane,pos,-0.4622060281531347,48330.66311181106
X3-loose,20260815,inplane,vel,-0.277128355307589,48330.66311181106
X3-loose,20260815,inplane,pos,2.009102876579839,234947.20342298827
X3-loose,20260815,inplane,vel,1.0998183522182525,234947.20342298827
X3-loose,20260815,inplane,pos,1.4315346577567363,11518623.036943538
X3-loose,20260815,inplane,vel,-1.8740426642237968,11518623.036943538
X3-loose,20260815,inplane,pos,-1.1684759752581848,12379927.530988066
X3-loose,20260815,inplane,vel,1.9177262038224907,12379927.530988066
X3-loose,20260815,plane,pos,0.006338627865659216,3399045.3226098623
X3-loose,20260815,plane,vel,1.258820782128497,3399045.3226098623
X3-loose,20260815,plane,pos,0.6737324655503507,299420.9135700928
X3-loose,20260815,plane,vel,0.7274894733537652,299420.9135700928
X3-loose,20260815,plane,pos,0.07369101563908083,6515293.240879912
X3-loose,20260815,plane,vel,1.2618110595975993,6515293.240879912
X3-loose,20260815,plane,pos,0.15707990042284706,100318.49676270456
X3-loose,20260815,plane,vel,0.5166306291770859,100318.49676270456
X3-loose,20260815,plane,pos,0.1009877637795472,48330.66311181106
X3-loose,20260815,plane,vel,-1.2900242548143461,48330.66311181106
X3-loose,20260815,plane,pos,0.8405671971091799,234947.20342298827
X3-loose,20260815,plane,vel,-0.6345869148131589,234947.20342298827
X3-loose,20260815,plane,pos,0.4766814016890365,11518623.036943538
X3-loose,20260815,plane,vel,0.052882722656608525,11518623.036943538
X3-loose,20260815,plane,pos,-1.360286316172808,12379927.530988066
X3-loose,20260815,plane,vel,0.16636745990636997,12379927.530988066
X3-loose,20260815,range,pos,-0.7614519685810327,131054.24018783588
X3-loose,20260815,range,vel,-0.47953713483026267,131054.24018783588
X3-loose,20260815,range,pos,-0.2299934496635314,1715061.7215089477
X3-loose,20260815,range,vel,-1.1728965997214993,1715061.7215089477
X3-loose,20260815,range,pos,0.5889735009704997,223282.34095621706
X3-loose,20260815,range,vel,-1.0156495327212345,223282.34095621706
X3-loose,20260815,range,pos,-0.2145789134175704,390534.3632995939
X3-loose,20260815,range,vel,0.33929461021573376,390534.3632995939
X3-loose,20260815,range,pos,1.6527874810770193,38871.74995038499
X3-loose,20260815,range,vel,1.1727776725663104,38871.74995038499
X3-loose,20260815,range,pos,0.6421169167207721,6736071.353853931
X3-loose,20260815,range,vel,0.03729825911502584,6736071.353853931
X3-loose,20260815,range,pos,0.21899377142411122,11201416.993969703
X3-loose,20260815,range,vel,-0.08153395447334784,11201416.993969703
X3-loose,20260815,range,pos,-1.7106171882984904,1176315.3062882726
X3-loose,20260815,range,vel,-2.0423475037885903,1176315.3062882726
X3-loose,20260815,inplane,pos,0.03311810003694455,131054.24018783588
X3-loose,20260815,inplane,vel,-0.8644666100500624,131054.24018783588
X3-loose,20260815,inplane,pos,-1.0985856453731602,1715061.7215089477
X3-loose,20260815,inplane,vel,-0.5017546080483961,1715061.7215089477
X3-loose,20260815,inplane,pos,-1.0202149389909116,223282.34095621706
X3-loose,20260815,inplane,vel,0.6685741316320203,223282.34095621706
X3-loose,20260815,inplane,pos,0.6545783093902222,390534.3632995939
X3-loose,20260815,inplane,vel,0.051273779816726144,390534.3632995939
X3-loose,20260815,inplane,pos,0.48716829911691234,38871.74995038499
X3-loose,20260815,inplane,vel,-2.015673213118422,38871.74995038499
X3-loose,20260815,inplane,pos,-0.7061071171961502,6736071.353853931
X3-loose,20260815,inplane,vel,0.19187672500794498,6736071.353853931
X3-loose,20260815,inplane,pos,-0.1674333402779272,11201416.993969703
X3-loose,20260815,inplane,vel,-0.2696411406700804,11201416.993969703
X3-loose,20260815,inplane,pos,-0.381600769247856,1176315.3062882726
X3-loose,20260815,inplane,vel,-1.868456356543663,1176315.3062882726
X3-loose,20260815,plane,pos,1.444661086171521,131054.24018783588
X3-loose,20260815,plane,vel,-0.3730888816531122,131054.24018783588
X3-loose,20260815,plane,pos,0.7839024867706749,1715061.7215089477
X3-loose,20260815,plane,vel,-1.3884494094603785,1715061.7215089477
X3-loose,20260815,plane,pos,0.6095968301300774,223282.34095621706
X3-loose,20260815,plane,vel,-0.14394149346674048,223282.34095621706
X3-loose,20260815,plane,pos,-1.2936743451009725,390534.3632995939
X3-loose,20260815,plane,vel,-0.060530180973388234,390534.3632995939
X3-loose,20260815,plane,pos,-0.590587165481094,38871.74995038499
X3-loose,20260815,plane,vel,-1.1575201649272255,38871.74995038499
X3-loose,20260815,plane,pos,0.8400351209400435,6736071.353853931
X3-loose,20260815,plane,vel,-2.509506385290284,6736071.353853931
X3-loose,20260815,plane,pos,0.20820304009197735,11201416.993969703
X3-loose,20260815,plane,vel,0.046059388261475966,11201416.993969703
X3-loose,20260815,plane,pos,-0.41191406366369376,1176315.3062882726
X3-loose,20260815,plane,vel,1.1551944150852373,1176315.3062882726
X3-loose,20260822,range,pos,0.5432894691705736,103203.14818023366
X3-loose,20260822,range,vel,0.7870829773301864,103203.14818023366
X3-loose,20260822,range,pos,0.7168504062428462,407644.21251414163
X3-loose,20260822,range,vel,0.8335486240138562,407644.21251414163
X3-loose,20260822,range,pos,-1.3740993669664787,80068.39237200722
X3-loose,20260822,range,vel,1.7807756534937291,80068.39237200722
X3-loose,20260822,range,pos,-2.0672758581342094,738785.6209634441
X3-loose,20260822,range,vel,0.768639177775585,738785.6209634441
X3-loose,20260822,range,pos,0.43680917725612783,134515.64277643428
X3-loose,20260822,range,vel,-1.1660493404701902,134515.64277643428
X3-loose,20260822,range,pos,-1.2199526559068474,10810165.865394145
X3-loose,20260822,range,vel,1.0703588895203284,10810165.865394145
X3-loose,20260822,range,pos,-0.659963600697387,120487.57081362036
X3-loose,20260822,range,vel,-0.1511815440736113,120487.57081362036
X3-loose,20260822,range,pos,0.40050341568940806,151490.4896176001
X3-loose,20260822,range,vel,0.4804937111779147,151490.4896176001
X3-loose,20260822,inplane,pos,-1.658280385126577,103203.14818023366
X3-loose,20260822,inplane,vel,-0.6589825285206622,103203.14818023366
X3-loose,20260822,inplane,pos,0.5462434749324068,407644.21251414163
X3-loose,20260822,inplane,vel,0.7021067378461422,407644.21251414163
X3-loose,20260822,inplane,pos,-0.9770061284743504,80068.39237200722
X3-loose,20260822,inplane,vel,1.0817323591302785,80068.39237200722
X3-loose,20260822,inplane,pos,-1.4452053423249216,738785.6209634441
X3-loose,20260822,inplane,vel,-2.056393585720353,738785.6209634441
X3-loose,20260822,inplane,pos,-0.608345222438736,134515.64277643428
X3-loose,20260822,inplane,vel,0.24330790084888151,134515.64277643428
X3-loose,20260822,inplane,pos,-0.592631499087545,10810165.865394145
X3-loose,20260822,inplane,vel,-0.30789510343429133,10810165.865394145
X3-loose,20260822,inplane,pos,-0.6543108923681034,120487.57081362036
X3-loose,20260822,inplane,vel,-0.7479989782907075,120487.57081362036
X3-loose,20260822,inplane,pos,0.32489710491479573,151490.4896176001
X3-loose,20260822,inplane,vel,0.4342970395237343,151490.4896176001
X3-loose,20260822,plane,pos,-0.43074835022992003,103203.14818023366
X3-loose,20260822,plane,vel,0.5291969327748668,103203.14818023366
X3-loose,20260822,plane,pos,-0.5220022688074254,407644.21251414163
X3-loose,20260822,plane,vel,-2.0181102947361076,407644.21251414163
X3-loose,20260822,plane,pos,-1.1396089936367602,80068.39237200722
X3-loose,20260822,plane,vel,-0.20364563822447163,80068.39237200722
X3-loose,20260822,plane,pos,-1.0576063201455108,738785.6209634441
X3-loose,20260822,plane,vel,0.003463636975739139,738785.6209634441
X3-loose,20260822,plane,pos,-0.5413436571502726,134515.64277643428
X3-loose,20260822,plane,vel,-0.4480170349929205,134515.64277643428
X3-loose,20260822,plane,pos,0.1675352579056194,10810165.865394145
X3-loose,20260822,plane,vel,0.903865636303522,10810165.865394145
X3-loose,20260822,plane,pos,0.6029632494506136,120487.57081362036
X3-loose,20260822,plane,vel,0.1692938421719138,120487.57081362036
X3-loose,20260822,plane,pos,-1.1168179409325876,151490.4896176001
X3-loose,20260822,plane,vel,0.18553668049021071,151490.4896176001
X3-loose,20260822,range,pos,-1.348199592434126,10998490.05901016
X3-loose,20260822,range,vel,-1.2041997879918016,10998490.05901016
X3-loose,20260822,range,pos,2.647783408246949,12259758.538629612
X3-loose,20260822,range,vel,2.662639224030564,12259758.538629612
X3-loose,20260822,range,pos,1.6530131266056685,48605.38211555928
X3-loose,20260822,range,vel,2.052896694599002,48605.38211555928
X3-loose,20260822,range,pos,-0.19532866174829372,10783989.826129427
X3-loose,20260822,range,vel,-0.3396385476841337,10783989.826129427
X3-loose,20260822,range,pos,0.8024498459765389,2397701.486824408
X3-loose,20260822,range,vel,0.2154645273993998,2397701.486824408
X3-loose,20260822,range,pos,0.7278825189109718,128475.50099433424
X3-loose,20260822,range,vel,-1.0992107957797983,128475.50099433424
X3-loose,20260822,range,pos,-1.6310384326455847,774421.7961443366
X3-loose,20260822,range,vel,-0.9361440086772072,774421.7961443366
X3-loose,20260822,range,pos,-1.303373187485712,1708588.214154354
X3-loose,20260822,range,vel,-0.03215001154862777,1708588.214154354
X3-loose,20260822,inplane,pos,0.1773888103773352,10998490.05901016
X3-loose,20260822,inplane,vel,0.18712378951089115,10998490.05901016
X3-loose,20260822,inplane,pos,-2.1500104949700884,12259758.538629612
X3-loose,20260822,inplane,vel,1.5345294928388877,12259758.538629612
X3-loose,20260822,inplane,pos,0.1228536559776386,48605.38211555928
X3-loose,20260822,inplane,vel,2.07498948526848,48605.38211555928
X3-loose,20260822,inplane,pos,0.8460613486188756,10783989.826129427
X3-loose,20260822,inplane,vel,-1.0121015058106069,10783989.826129427
X3-loose,20260822,inplane,pos,-0.5408112433871661,2397701.486824408
X3-loose,20260822,inplane,vel,0.6337860093992993,2397701.486824408
X3-loose,20260822,inplane,pos,-0.6412695165658759,128475.50099433424
X3-loose,20260822,inplane,vel,0.5063524265151966,128475.50099433424
X3-loose,20260822,inplane,pos,-0.2077682816047741,774421.7961443366
X3-loose,20260822,inplane,vel,-1.7327299053006922,774421.7961443366
X3-loose,20260822,inplane,pos,-1.8885521237773033,1708588.214154354
X3-loose,20260822,inplane,vel,-1.3591706845270273,1708588.214154354
X3-loose,20260822,plane,pos,-0.625867504646019,10998490.05901016
X3-loose,20260822,plane,vel,1.1991075286743298,10998490.05901016
X3-loose,20260822,plane,pos,-0.57741429170783,12259758.538629612
X3-loose,20260822,plane,vel,0.6556277019048049,12259758.538629612
X3-loose,20260822,plane,pos,0.21818337534159796,48605.38211555928
X3-loose,20260822,plane,vel,-0.7390330006415687,48605.38211555928
X3-loose,20260822,plane,pos,0.18719200545090928,10783989.826129427
X3-loose,20260822,plane,vel,-0.490589991767676,10783989.826129427
X3-loose,20260822,plane,pos,1.3811677634463497,2397701.486824408
X3-loose,20260822,plane,vel,1.6664230039882688,2397701.486824408
X3-loose,20260822,plane,pos,0.2996928142337758,128475.50099433424
X3-loose,20260822,plane,vel,-0.15728174854155244,128475.50099433424
X3-loose,20260822,plane,pos,0.8715325870846713,774421.7961443366
X3-loose,20260822,plane,vel,0.7900394012482724,774421.7961443366
X3-loose,20260822,plane,pos,-2.498933192959699,1708588.214154354
X3-loose,20260822,plane,vel,-0.10458531948632815,1708588.214154354
X3-loose,20260822,range,pos,0.3650851531437416,323607.5849898179
X3-loose,20260822,range,vel,0.23890281584366435,323607.5849898179
X3-loose,20260822,range,pos,0.08805086700731249,1307558.772963382
X3-loose,20260822,range,vel,-1.608211034790495,1307558.772963382
X3-loose,20260822,range,pos,0.4081698070092947,14342670.81856988
X3-loose,20260822,range,vel,1.2023198376877202,14342670.81856988
X3-loose,20260822,range,pos,-0.6507538676946146,248251.43822564586
X3-loose,20260822,range,vel,-0.4369901130125898,248251.43822564586
X3-loose,20260822,range,pos,0.022341868774260254,407896.37185226526
X3-loose,20260822,range,vel,-0.1078602005531425,407896.37185226526
X3-loose,20260822,range,pos,-0.2134393569071358,921318.159173239
X3-loose,20260822,range,vel,1.607129644567988,921318.159173239
X3-loose,20260822,range,pos,-0.555532352362911,4176964.846234239
X3-loose,20260822,range,vel,-0.17776320697596987,4176964.846234239
X3-loose,20260822,range,pos,0.9478821246533039,106786.3912819692
X3-loose,20260822,range,vel,-0.6334584598874188,106786.3912819692
X3-loose,20260822,inplane,pos,0.07342185355950226,323607.5849898179
X3-loose,20260822,inplane,vel,0.20919301593828674,323607.5849898179
X3-loose,20260822,inplane,pos,-1.6706187666299503,1307558.772963382
X3-loose,20260822,inplane,vel,0.0577250887509217,1307558.772963382
X3-loose,20260822,inplane,pos,-0.6680851861289352,14342670.81856988
X3-loose,20260822,inplane,vel,0.17294993151391322,14342670.81856988
X3-loose,20260822,inplane,pos,-0.6043741987163815,248251.43822564586
X3-loose,20260822,inplane,vel,-0.561347493242558,248251.43822564586
X3-loose,20260822,inplane,pos,0.4393400459192762,407896.37185226526
X3-loose,20260822,inplane,vel,-0.1835457954778438,407896.37185226526
X3-loose,20260822,inplane,pos,1.676450536664754,921318.159173239
X3-loose,20260822,inplane,vel,-0.3300489211101398,921318.159173239
X3-loose,20260822,inplane,pos,-0.8712642071274275,4176964.846234239
X3-loose,20260822,inplane,vel,-0.9708106494435499,4176964.846234239
X3-loose,20260822,inplane,pos,0.31802049864920745,106786.3912819692
X3-loose,20260822,inplane,vel,0.8824634736213209,106786.3912819692
X3-loose,20260822,plane,pos,0.09883887667953663,323607.5849898179
X3-loose,20260822,plane,vel,-0.461721655852404,323607.5849898179
X3-loose,20260822,plane,pos,-1.201453327224654,1307558.772963382
X3-loose,20260822,plane,vel,-0.3216058194247719,1307558.772963382
X3-loose,20260822,plane,pos,-0.7427500617036651,14342670.81856988
X3-loose,20260822,plane,vel,-1.6207063879723949,14342670.81856988
X3-loose,20260822,plane,pos,0.9885474234150721,248251.43822564586
X3-loose,20260822,plane,vel,0.5791865917276013,248251.43822564586
X3-loose,20260822,plane,pos,-0.20036618609683898,407896.37185226526
X3-loose,20260822,plane,vel,-0.45490670262736277,407896.37185226526
X3-loose,20260822,plane,pos,0.966386335872636,921318.159173239
X3-loose,20260822,plane,vel,-0.663024400924382,921318.159173239
X3-loose,20260822,plane,pos,-0.12126533334332872,4176964.846234239
X3-loose,20260822,plane,vel,0.04985284170857982,4176964.846234239
X3-loose,20260822,plane,pos,-2.119505976773745,106786.3912819692
X3-loose,20260822,plane,vel,1.9494331503566842,106786.3912819692
X3-loose,20260822,range,pos,0.9777354352026307,8809904.095541263
X3-loose,20260822,range,vel,-1.2311796884989652,8809904.095541263
X3-loose,20260822,range,pos,0.5388086412551718,821342.624229338
X3-loose,20260822,range,vel,-0.8661382096183134,821342.624229338
X3-loose,20260822,range,pos,0.6248232999291453,23797.5734785619
X3-loose,20260822,range,vel,-0.9071437968911026,23797.5734785619
X3-loose,20260822,range,pos,-0.3140451562878721,1934533.139732612
X3-loose,20260822,range,vel,2.066235734236433,1934533.139732612
X3-loose,20260822,range,pos,-0.32259393170209405,139131.16586310143
X3-loose,20260822,range,vel,0.7791368207883587,139131.16586310143
X3-loose,20260822,range,pos,-1.3261093794272352,12813480.018026257
X3-loose,20260822,range,vel,1.2096581969987663,12813480.018026257
X3-loose,20260822,range,pos,-0.2128088580755157,230896.61918079207
X3-loose,20260822,range,vel,1.296236577803556,230896.61918079207
X3-loose,20260822,range,pos,1.3751030180743031,133250.3502214186
X3-loose,20260822,range,vel,1.5050770737191166,133250.3502214186
X3-loose,20260822,inplane,pos,0.7710636057395449,8809904.095541263
X3-loose,20260822,inplane,vel,0.9761655312135934,8809904.095541263
X3-loose,20260822,inplane,pos,-0.22309794609797945,821342.624229338
X3-loose,20260822,inplane,vel,0.4123381953487245,821342.624229338
X3-loose,20260822,inplane,pos,-0.5069726881621981,23797.5734785619
X3-loose,20260822,inplane,vel,0.8120169751055326,23797.5734785619
X3-loose,20260822,inplane,pos,2.0814923673398926,1934533.139732612
X3-loose,20260822,inplane,vel,-0.27903492260785956,1934533.139732612
X3-loose,20260822,inplane,pos,1.0443950308740113,139131.16586310143
X3-loose,20260822,inplane,vel,-0.3052653528403653,139131.16586310143
X3-loose,20260822,inplane,pos,-0.7961052540593915,12813480.018026257
X3-loose,20260822,inplane,vel,-0.21981804222261722,12813480.018026257
X3-loose,20260822,inplane,pos,-1.141323203480609,230896.61918079207
X3-loose,20260822,inplane,vel,0.13750942830068677,230896.61918079207
X3-loose,20260822,inplane,pos,2.5696575973489235,133250.3502214186
X3-loose,20260822,inplane,vel,2.1291683004576987,133250.3502214186
X3-loose,20260822,plane,pos,0.714982556271457,8809904.095541263
X3-loose,20260822,plane,vel,-0.3225197037564035,8809904.095541263
X3-loose,20260822,plane,pos,-1.8375728894755101,821342.624229338
X3-loose,20260822,plane,vel,-1.3024913491495123,821342.624229338
X3-loose,20260822,plane,pos,-0.34348790040218763,23797.5734785619
X3-loose,20260822,plane,vel,0.37810627583163686,23797.5734785619
X3-loose,20260822,plane,pos,1.5610472032915605,1934533.139732612
X3-loose,20260822,plane,vel,0.5173828305743459,1934533.139732612
X3-loose,20260822,plane,pos,-0.5796299365540214,139131.16586310143
X3-loose,20260822,plane,vel,-0.05295152743336772,139131.16586310143
X3-loose,20260822,plane,pos,0.6733866404281817,12813480.018026257
X3-loose,20260822,plane,vel,-1.6727883333534217,12813480.018026257
X3-loose,20260822,plane,pos,0.7136764168692115,230896.61918079207
X3-loose,20260822,plane,vel,-1.465785877152499,230896.61918079207
X3-loose,20260822,plane,pos,-1.2698928517659926,133250.3502214186
X3-loose,20260822,plane,vel,-1.3501104373919608,133250.3502214186
X3-loose,20260822,range,pos,1.0226949537395815,245025.52689144266
X3-loose,20260822,range,vel,1.1852514333442503,245025.52689144266
X3-loose,20260822,range,pos,0.05369748897528397,2492455.1937770713
X3-loose,20260822,range,vel,0.2657502632521853,2492455.1937770713
X3-loose,20260822,range,pos,-0.5144376799712568,1176656.0975559875
X3-loose,20260822,range,vel,0.6268525643394722,1176656.0975559875
X3-loose,20260822,range,pos,-0.20079458779382559,80901.29865954169
X3-loose,20260822,range,vel,-0.09541338017653918,80901.29865954169
X3-loose,20260822,range,pos,-0.2195633146699486,1072799.4206844878
X3-loose,20260822,range,vel,0.40247088685361987,1072799.4206844878
X3-loose,20260822,range,pos,-0.08063653406397822,285418.5829675817
X3-loose,20260822,range,vel,0.05701410077839707,285418.5829675817
X3-loose,20260822,range,pos,-0.4852495031802953,302308.1968574801
X3-loose,20260822,range,vel,0.6223169992680685,302308.1968574801
X3-loose,20260822,inplane,pos,1.6717102872158862,245025.52689144266
X3-loose,20260822,inplane,vel,1.1644527300418,245025.52689144266
X3-loose,20260822,inplane,pos,0.6211280658346341,2492455.1937770713
X3-loose,20260822,inplane,vel,-0.2097143350499711,2492455.1937770713
X3-loose,20260822,inplane,pos,0.23224875133333653,1176656.0975559875
X3-loose,20260822,inplane,vel,-0.08915420164332026,1176656.0975559875
X3-loose,20260822,inplane,pos,0.00936831583866954,80901.29865954169
X3-loose,20260822,inplane,vel,-0.2319318846878028,80901.29865954169
X3-loose,20260822,inplane,pos,0.2634863383134698,1072799.4206844878
X3-loose,20260822,inplane,vel,-0.12405740679343369,1072799.4206844878
X3-loose,20260822,inplane,pos,0.08982848054676737,285418.5829675817
X3-loose,20260822,inplane,vel,-0.13987782952920014,285418.5829675817
X3-loose,20260822,inplane,pos,0.4080193266259082,302308.1968574801
X3-loose,20260822,inplane,vel,-0.3970998968733407,302308.1968574801
X3-loose,20260822,plane,pos,-0.25042450035184993,245025.52689144266
X3-loose,20260822,plane,vel,-0.11759557519673801,245025.52689144266
X3-loose,20260822,plane,pos,1.0116420557045962,2492455.1937770713
X3-loose,20260822,plane,vel,0.31403898040412354,2492455.1937770713
X3-loose,20260822,plane,pos,1.0364704630515569,1176656.0975559875
X3-loose,20260822,plane,vel,1.263073444015039,1176656.0975559875
X3-loose,20260822,plane,pos,0.24853208718192768,80901.29865954169
X3-loose,20260822,plane,vel,1.1440447923427655,80901.29865954169
X3-loose,20260822,plane,pos,-2.3725968634557706,1072799.4206844878
X3-loose,20260822,plane,vel,1.3164597662679947,1072799.4206844878
X3-loose,20260822,plane,pos,-0.8812561012909521,285418.5829675817
X3-loose,20260822,plane,vel,-1.3154527798946885,285418.5829675817
X3-loose,20260822,plane,pos,-0.06992246409600582,302308.1968574801
X3-loose,20260822,plane,vel,0.8488129551487983,302308.1968574801
X3-loose,20260822,range,pos,-0.7540166828849556,562352.5364695692
X3-loose,20260822,range,vel,-0.26097046266153606,562352.5364695692
X3-loose,20260822,range,pos,-0.2782429186734183,137039.77726270625
X3-loose,20260822,range,vel,-0.6427219895816261,137039.77726270625
X3-loose,20260822,range,pos,1.4553773727669743,2310473.2079271283
X3-loose,20260822,range,vel,-0.7949979738981483,2310473.2079271283
X3-loose,20260822,range,pos,-1.2752596374105363,2356927.3803408053
X3-loose,20260822,range,vel,-0.3398817633997733,2356927.3803408053
X3-loose,20260822,range,pos,-0.9831382976082964,68780.2289505151
X3-loose,20260822,range,vel,-0.05166862976467534,68780.2289505151
X3-loose,20260822,range,pos,-0.0698771958049655,113739.82121916371
X3-loose,20260822,range,vel,1.2586904018826606,113739.82121916371
X3-loose,20260822,range,pos,-0.3765039046176329,13564458.74861834
X3-loose,20260822,range,vel,-1.2824846208680516,13564458.74861834
X3-loose,20260822,range,pos,0.5737097845993276,137901.63327522634
X3-loose,20260822,range,vel,0.43532208863255717,137901.63327522634
X3-loose,20260822,inplane,pos,-0.05177180054212482,562352.5364695692
X3-loose,20260822,inplane,vel,-0.555195893399516,562352.5364695692
X3-loose,20260822,inplane,pos,-1.399581666964357,137039.77726270625
X3-loose,20260822,inplane,vel,0.398058372164383,137039.77726270625
X3-loose,20260822,inplane,pos,1.0783685034081192,2310473.2079271283
X3-loose,20260822,inplane,vel,1.4117619015601028,2310473.2079271283
X3-loose,20260822,inplane,pos,1.2549113476107696,2356927.3803408053
X3-loose,20260822,inplane,vel,-1.3524834239135899,2356927.3803408053
X3-loose,20260822,inplane,pos,0.8220566293796401,68780.2289505151
X3-loose,20260822,inplane,vel,-0.8556273720606056,68780.2289505151
X3-loose,20260822,inplane,pos,-0.7517258569587798,113739.82121916371
X3-loose,20260822,inplane,vel,-0.45810815953124456,113739.82121916371
X3-loose,20260822,inplane,pos,1.4810120386098626,13564458.74861834
X3-loose,20260822,inplane,vel,-0.5204439027304811,13564458.74861834
X3-loose,20260822,inplane,pos,-0.9236635435379599,137901.63327522634
X3-loose,20260822,inplane,vel,0.612484199855987,137901.63327522634
X3-loose,20260822,plane,pos,-0.8908597159004088,562352.5364695692
X3-loose,20260822,plane,vel,0.8346653381511494,562352.5364695692
X3-loose,20260822,plane,pos,-0.5716003223060288,137039.77726270625
X3-loose,20260822,plane,vel,0.13236002645235492,137039.77726270625
X3-loose,20260822,plane,pos,0.6745455488481442,2310473.2079271283
X3-loose,20260822,plane,vel,1.5296925718755487,2310473.2079271283
X3-loose,20260822,plane,pos,-1.329527082232466,2356927.3803408053
X3-loose,20260822,plane,vel,-2.673575695859304,2356927.3803408053
X3-loose,20260822,plane,pos,-1.605311304512989,68780.2289505151
X3-loose,20260822,plane,vel,-0.13174296803404328,68780.2289505151
X3-loose,20260822,plane,pos,1.077501927830283,113739.82121916371
X3-loose,20260822,plane,vel,-0.5470681298218382,113739.82121916371
X3-loose,20260822,plane,pos,0.9077170109717637,13564458.74861834
X3-loose,20260822,plane,vel,-1.0927529211906473,13564458.74861834
X3-loose,20260822,plane,pos,1.157826795485006,137901.63327522634
X3-loose,20260822,plane,vel,0.7767135805444391,137901.63327522634
X3-loose,20260829,range,pos,-1.7908711738949974,123663.34865574159
X3-loose,20260829,range,vel,-0.8447597957624211,123663.34865574159
X3-loose,20260829,range,pos,-0.1260313455388701,853109.5787542087
X3-loose,20260829,range,vel,-0.27803018052166956,853109.5787542087
X3-loose,20260829,range,pos,1.0346419431766514,192273.14373825444
X3-loose,20260829,range,vel,0.2996561087921925,192273.14373825444
X3-loose,20260829,range,pos,0.7560397350005075,41831.69810274166
X3-loose,20260829,range,vel,0.0045759516799011015,41831.69810274166
X3-loose,20260829,range,pos,-0.08918575714395134,67233.07179148706
X3-loose,20260829,range,vel,0.3743677679301494,67233.07179148706
X3-loose,20260829,range,pos,-1.2542225745773887,13251273.369780373
X3-loose,20260829,range,vel,0.6634456055270552,13251273.369780373
X3-loose,20260829,range,pos,0.09630916900992686,296876.7347608193
X3-loose,20260829,range,vel,0.025508722791573214,296876.7347608193
X3-loose,20260829,range,pos,0.030976867779677897,11389780.928562978
X3-loose,20260829,range,vel,-0.17560367266692237,11389780.928562978
X3-loose,20260829,inplane,pos,-0.9048202916116092,123663.34865574159
X3-loose,20260829,inplane,vel,-1.453402743408395,123663.34865574159
X3-loose,20260829,inplane,pos,-0.26921707721582383,853109.5787542087
X3-loose,20260829,inplane,vel,0.3498130371662009,853109.5787542087
X3-loose,20260829,inplane,pos,1.9063396361914569,192273.14373825444
X3-loose,20260829,inplane,vel,1.430677271825616,192273.14373825444
X3-loose,20260829,inplane,pos,-0.004226449560163308,41831.69810274166
X3-loose,20260829,inplane,vel,-0.527711231429192,41831.69810274166
X3-loose,20260829,inplane,pos,0.35134045028231686,67233.07179148706
X3-loose,20260829,inplane,vel,0.23749767483661952,67233.07179148706
X3-loose,20260829,inplane,pos,-0.5717049182553854,13251273.369780373
X3-loose,20260829,inplane,vel,0.2633358666345467,13251273.369780373
X3-loose,20260829,inplane,pos,0.22507520685804278,296876.7347608193
X3-loose,20260829,inplane,vel,0.17159489571289077,296876.7347608193
X3-loose,20260829,inplane,pos,0.0005337340147134373,11389780.928562978
X3-loose,20260829,inplane,vel,0.08346297085474312,11389780.928562978
X3-loose,20260829,plane,pos,-0.8572326130751067,123663.34865574159
X3-loose,20260829,plane,vel,0.24450895076622012,123663.34865574159
X3-loose,20260829,plane,pos,0.024656814177466402,853109.5787542087
X3-loose,20260829,plane,vel,0.005904375589483287,853109.5787542087
X3-loose,20260829,plane,pos,-1.7637274579773126,192273.14373825444
X3-loose,20260829,plane,vel,-0.06111878184517115,192273.14373825444
X3-loose,20260829,plane,pos,0.21857220985402356,41831.69810274166
X3-loose,20260829,plane,vel,0.8640027593172556,41831.69810274166
X3-loose,20260829,plane,pos,0.13203246461079152,67233.07179148706
X3-loose,20260829,plane,vel,0.9278481702922535,67233.07179148706
X3-loose,20260829,plane,pos,0.029464437436716354,13251273.369780373
X3-loose,20260829,plane,vel,1.0845442104346998,13251273.369780373
X3-loose,20260829,plane,pos,-1.1290284814826097,296876.7347608193
X3-loose,20260829,plane,vel,-0.7318300145526246,296876.7347608193
X3-loose,20260829,plane,pos,0.4813111568124463,11389780.928562978
X3-loose,20260829,plane,vel,-0.007512131098497232,11389780.928562978
X3-loose,20260829,range,pos,-0.1961589064575058,191803.18852469325
X3-loose,20260829,range,vel,-0.05415554866022252,191803.18852469325
X3-loose,20260829,range,pos,1.0715944723695243,77706.15422956042
X3-loose,20260829,range,vel,-1.5509291607878486,77706.15422956042
X3-loose,20260829,range,pos,-0.717089785966058,13029897.851819292
X3-loose,20260829,range,vel,0.7907130205387431,13029897.851819292
X3-loose,20260829,range,pos,1.2977388106872934,768392.9891536962
X3-loose,20260829,range,vel,-1.3914255793867873,768392.9891536962
X3-loose,20260829,range,pos,-0.6439124406809756,3013702.461573409
X3-loose,20260829,range,vel,0.5644328883954871,3013702.461573409
X3-loose,20260829,range,pos,1.456699232313468,334029.4649022673
X3-loose,20260829,range,vel,-1.7835827649329463,334029.4649022673
X3-loose,20260829,range,pos,1.0599857614907513,77527.55165708301
X3-loose,20260829,range,vel,0.8731819882491527,77527.55165708301
X3-loose,20260829,range,pos,0.9125077229541622,611897.2882571778
X3-loose,20260829,range,vel,0.0623307105404393,611897.2882571778
X3-loose,20260829,inplane,pos,0.0918723703433177,191803.18852469325
X3-loose,20260829,inplane,vel,-0.16861636255615098,191803.18852469325
X3-loose,20260829,inplane,pos,-1.2393692427822727,77706.15422956042
X3-loose,20260829,inplane,vel,0.9130101447377537,77706.15422956042
X3-loose,20260829,inplane,pos,-0.6933879478852435,13029897.851819292
X3-loose,20260829,inplane,vel,-0.2981868041516089,13029897.851819292
X3-loose,20260829,inplane,pos,0.6105196886857628,768392.9891536962
X3-loose,20260829,inplane,vel,1.5637223674845575,768392.9891536962
X3-loose,20260829,inplane,pos,1.3715081976198706,3013702.461573409
X3-loose,20260829,inplane,vel,-0.7598887319051107,3013702.461573409
X3-loose,20260829,inplane,pos,-0.17205814708902456,334029.4649022673
X3-loose,20260829,inplane,vel,1.3618401558727993,334029.4649022673
X3-loose,20260829,inplane,pos,-1.4007458423982058,77527.55165708301
X3-loose,20260829,inplane,vel,1.1365509620494092,77527.55165708301
X3-loose,20260829,inplane,pos,0.7456508898439176,611897.2882571778
X3-loose,20260829,inplane,vel,1.1037682265222653,611897.2882571778
X3-loose,20260829,plane,pos,0.9704640399986951,191803.18852469325
X3-loose,20260829,plane,vel,0.7300456427745617,191803.18852469325
X3-loose,20260829,plane,pos,1.2636824097725803,77706.15422956042
X3-loose,20260829,plane,vel,-0.5145677638490297,77706.15422956042
X3-loose,20260829,plane,pos,1.6308015541224992,13029897.851819292
X3-loose,20260829,plane,vel,0.22209462334047214,13029897.851819292
X3-loose,20260829,plane,pos,-0.06123111629413892,768392.9891536962
X3-loose,20260829,plane,vel,-0.20154189886548324,768392.9891536962
X3-loose,20260829,plane,pos,0.32090174058093746,3013702.461573409
X3-loose,20260829,plane,vel,1.6235860044107369,3013702.461573409
X3-loose,20260829,plane,pos,-0.3717536612128939,334029.4649022673
X3-loose,20260829,plane,vel,2.5987286811012176,334029.4649022673
X3-loose,20260829,plane,pos,-0.6974937340961375,77527.55165708301
X3-loose,20260829,plane,vel,-0.44113884817481314,77527.55165708301
X3-loose,20260829,plane,pos,-0.1925239263872452,611897.2882571778
X3-loose,20260829,plane,vel,2.118275196307891,611897.2882571778
X3-loose,20260829,range,pos,0.050579278560277344,605712.6434885985
X3-loose,20260829,range,vel,0.032111812339019656,605712.6434885985
X3-loose,20260829,range,pos,0.15352978897707462,79140.77633004323
X3-loose,20260829,range,vel,0.41339100985400884,79140.77633004323
X3-loose,20260829,range,pos,-1.9388421427114897,86955.94866427119
X3-loose,20260829,range,vel,-1.7816653741999222,86955.94866427119
X3-loose,20260829,range,pos,0.8898373933787836,8317833.132484984
X3-loose,20260829,range,vel,0.5478750604655533,8317833.132484984
X3-loose,20260829,range,pos,0.291007931792744,155291.41849294203
X3-loose,20260829,range,vel,-1.162742815640397,155291.41849294203
X3-loose,20260829,range,pos,1.0488220964540025,3460046.1109679826
X3-loose,20260829,range,vel,0.11418438713132895,3460046.1109679826
X3-loose,20260829,range,pos,0.18253561103272667,234465.0631803619
X3-loose,20260829,range,vel,0.4115821060495981,234465.0631803619
X3-loose,20260829,range,pos,0.5279528832285904,1600501.6745255233
X3-loose,20260829,range,vel,0.6020171806094673,1600501.6745255233
X3-loose,20260829,inplane,pos,0.09729554433420982,605712.6434885985
X3-loose,20260829,inplane,vel,-0.13731031512267136,605712.6434885985
X3-loose,20260829,inplane,pos,0.8737660002966213,79140.77633004323
X3-loose,20260829,inplane,vel,0.05560251979132183,79140.77633004323
X3-loose,20260829,inplane,pos,-0.07063760900697823,86955.94866427119
X3-loose,20260829,inplane,vel,2.005212187604003,86955.94866427119
X3-loose,20260829,inplane,pos,-1.2356158260966001,8317833.132484984
X3-loose,20260829,inplane,vel,1.0180666500413404,8317833.132484984
X3-loose,20260829,inplane,pos,-1.4185611798066733,155291.41849294203
X3-loose,20260829,inplane,vel,0.7203761436060769,155291.41849294203
X3-loose,20260829,inplane,pos,1.6882416503278772,3460046.1109679826
X3-loose,20260829,inplane,vel,1.4347967132055,3460046.1109679826
X3-loose,20260829,inplane,pos,0.828343353742964,234465.0631803619
X3-loose,20260829,inplane,vel,0.15475686259194255,234465.0631803619
X3-loose,20260829,inplane,pos,-0.11093209601041266,1600501.6745255233
X3-loose,20260829,inplane,vel,0.5113231977388956,1600501.6745255233
X3-loose,20260829,plane,pos,1.7893894891128177,605712.6434885985
X3-loose,20260829,plane,vel,0.7464679698774707,605712.6434885985
X3-loose,20260829,plane,pos,0.5360906571845371,79140.77633004323
X3-loose,20260829,plane,vel,0.2033397841300932,79140.77633004323
X3-loose,20260829,plane,pos,0.7580531104410444,86955.94866427119
X3-loose,20260829,plane,vel,-1.2826928047697617,86955.94866427119
X3-loose,20260829,plane,pos,-0.22481115636083632,8317833.132484984
X3-loose,20260829,plane,vel,2.0844639276767483,8317833.132484984
X3-loose,20260829,plane,pos,1.6461081531386144,155291.41849294203
X3-loose,20260829,plane,vel,-1.239469926171122,155291.41849294203
X3-loose,20260829,plane,pos,0.5626344334984532,3460046.1109679826
X3-loose,20260829,plane,vel,0.654446902524108,3460046.1109679826
X3-loose,20260829,plane,pos,-1.1039463021736244,234465.0631803619
X3-loose,20260829,plane,vel,-0.08609549407855285,234465.0631803619
X3-loose,20260829,plane,pos,0.16003547227399373,1600501.6745255233
X3-loose,20260829,plane,vel,0.8680533417471801,1600501.6745255233
X3-loose,20260829,range,pos,-0.037891571096930726,44656.66241944373
X3-loose,20260829,range,vel,-0.510914884120144,44656.66241944373
X3-loose,20260829,range,pos,-1.139139319195815,1623816.8237540326
X3-loose,20260829,range,vel,-1.2389409531306967,1623816.8237540326
X3-loose,20260829,range,pos,-2.4102446871944334,128925.83947078054
X3-loose,20260829,range,vel,-1.7465143916093426,128925.83947078054
X3-loose,20260829,range,pos,-0.6806036385112287,260743.07246969175
X3-loose,20260829,range,vel,-0.011276551199671454,260743.07246969175
X3-loose,20260829,range,pos,-0.7842732205177065,1637602.528493962
X3-loose,20260829,range,vel,0.6167624858449776,1637602.528493962
X3-loose,20260829,range,pos,1.7793227510574439,86955.70002594637
X3-loose,20260829,range,vel,-1.1291691219956275,86955.70002594637
X3-loose,20260829,range,pos,0.4179259819324419,12777255.526864177
X3-loose,20260829,range,vel,-0.16814882605837916,12777255.526864177
X3-loose,20260829,range,pos,-0.4015317349034957,250388.57754068277
X3-loose,20260829,range,vel,1.1137214857267614,250388.57754068277
X3-loose,20260829,inplane,pos,-0.5013507057778143,44656.66241944373
X3-loose,20260829,inplane,vel,-0.4708103358744219,44656.66241944373
X3-loose,20260829,inplane,pos,-0.9725933483910181,1623816.8237540326
X3-loose,20260829,inplane,vel,-0.8396977662400514,1623816.8237540326
X3-loose,20260829,inplane,pos,1.3881342577903344,128925.83947078054
X3-loose,20260829,inplane,vel,1.2218485187397414,128925.83947078054
X3-loose,20260829,inplane,pos,-0.06313178746393679,260743.07246969175
X3-loose,20260829,inplane,vel,-0.5661287013505997,260743.07246969175
X3-loose,20260829,inplane,pos,-1.194039788970343,1637602.528493962
X3-loose,20260829,inplane,vel,-0.8108656713626959,1637602.528493962
X3-loose,20260829,inplane,pos,-0.5192561530375543,86955.70002594637
X3-loose,20260829,inplane,vel,1.6986778281947799,86955.70002594637
X3-loose,20260829,inplane,pos,1.027492339060974,12777255.526864177
X3-loose,20260829,inplane,vel,-1.7621870757049827,12777255.526864177
X3-loose,20260829,inplane,pos,0.8027157375857937,250388.57754068277
X3-loose,20260829,inplane,vel,-0.5533891057233363,250388.57754068277
X3-loose,20260829,plane,pos,0.8208482031274411,44656.66241944373
X3-loose,20260829,plane,vel,1.231800361037343,44656.66241944373
X3-loose,20260829,plane,pos,-0.44644737738106477,1623816.8237540326
X3-loose,20260829,plane,vel,-1.919600896792707,1623816.8237540326
X3-loose,20260829,plane,pos,0.14792505131908745,128925.83947078054
X3-loose,20260829,plane,vel,-0.1772127808275761,128925.83947078054
X3-loose,20260829,plane,pos,-1.5149716221212144,260743.07246969175
X3-loose,20260829,plane,vel,1.1615094654397293,260743.07246969175
X3-loose,20260829,plane,pos,-0.05800853961329904,1637602.528493962
X3-loose,20260829,plane,vel,-0.509157392400897,1637602.528493962
X3-loose,20260829,plane,pos,1.166495970708974,86955.70002594637
X3-loose,20260829,plane,vel,0.9150394640414758,86955.70002594637
X3-loose,20260829,plane,pos,0.35627684651539737,12777255.526864177
X3-loose,20260829,plane,vel,-0.7286750125375014,12777255.526864177
X3-loose,20260829,plane,pos,1.6611453269390537,250388.57754068277
X3-loose,20260829,plane,vel,-1.035251619861397,250388.57754068277
X3-loose,20260829,range,pos,1.1535527705081534,255266.01632638182
X3-loose,20260829,range,vel,0.35433173076106433,255266.01632638182
X3-loose,20260829,range,pos,0.33447502474478524,13802087.46685145
X3-loose,20260829,range,vel,0.9078254942425222,13802087.46685145
X3-loose,20260829,range,pos,-0.354671673127386,13620468.936581418
X3-loose,20260829,range,vel,0.22425783752725514,13620468.936581418
X3-loose,20260829,range,pos,-3.3430767803260015,174312.2295784785
X3-loose,20260829,range,vel,3.4019825003441464,174312.2295784785
X3-loose,20260829,range,pos,-1.501027790036992,51597.06925960714
X3-loose,20260829,range,vel,1.7761015126636734,51597.06925960714
X3-loose,20260829,range,pos,-0.34803492773117384,548444.7171146518
X3-loose,20260829,range,vel,1.1169101699778572,548444.7171146518
X3-loose,20260829,range,pos,1.4909089586269475,1325816.7452063623
X3-loose,20260829,range,vel,-0.4162938720262079,1325816.7452063623
X3-loose,20260829,inplane,pos,0.06828881347278427,255266.01632638182
X3-loose,20260829,inplane,vel,1.0939766553750683,255266.01632638182
X3-loose,20260829,inplane,pos,-0.98661227025839,13802087.46685145
X3-loose,20260829,inplane,vel,0.1459123334190733,13802087.46685145
X3-loose,20260829,inplane,pos,-0.5784943870715515,13620468.936581418
X3-loose,20260829,inplane,vel,-0.1744634760105602,13620468.936581418
X3-loose,20260829,inplane,pos,-0.5421260641166439,174312.2295784785
X3-loose,20260829,inplane,vel,-2.645972169578428,174312.2295784785
X3-loose,20260829,inplane,pos,1.8357947265990477,51597.06925960714
X3-loose,20260829,inplane,vel,-0.3644162985259387,51597.06925960714
X3-loose,20260829,inplane,pos,1.2363259680734642,548444.7171146518
X3-loose,20260829,inplane,vel,-0.45638965753884003,548444.7171146518
X3-loose,20260829,inplane,pos,1.1908295110124087,1325816.7452063623
X3-loose,20260829,inplane,vel,1.4062470866805354,1325816.7452063623
X3-loose,20260829,plane,pos,-0.6042511630510233,255266.01632638182
X3-loose,20260829,plane,vel,1.1119293978408393,255266.01632638182
X3-loose,20260829,plane,pos,0.8890714418690909,13802087.46685145
X3-loose,20260829,plane,vel,-1.152009546349449,13802087.46685145
X3-loose,20260829,plane,pos,-1.3727669571496581,13620468.936581418
X3-loose,20260829,plane,vel,-2.048112577837566,13620468.936581418
X3-loose,20260829,plane,pos,0.1191856170154485,174312.2295784785
X3-loose,20260829,plane,vel,2.506463997082111,174312.2295784785
X3-loose,20260829,plane,pos,-0.7688886958561653,51597.06925960714
X3-loose,20260829,plane,vel,-1.3159253071449106,51597.06925960714
X3-loose,20260829,plane,pos,-1.1400477578232069,548444.7171146518
X3-loose,20260829,plane,vel,-1.5968656924923705,548444.7171146518
X3-loose,20260829,plane,pos,-0.37548352814660724,1325816.7452063623
X3-loose,20260829,plane,vel,1.0558850983311494,1325816.7452063623
X3-loose,20260829,range,pos,-0.033100478361101755,13458024.548971012
X3-loose,20260829,range,vel,-0.23191307494997526,13458024.548971012
X3-loose,20260829,range,pos,-0.08307671010844345,245681.6499036902
X3-loose,20260829,range,vel,0.2096277193239434,245681.6499036902
X3-loose,20260829,range,pos,-0.24397264838975383,792307.7838582176
X3-loose,20260829,range,vel,0.027581089446557724,792307.7838582176
X3-loose,20260829,range,pos,0.48009056888434154,543346.3700976626
X3-loose,20260829,range,vel,-0.6780458099150732,543346.3700976626
X3-loose,20260829,range,pos,-0.46175732043707635,114915.25554830744
X3-loose,20260829,range,vel,0.3008595231033766,114915.25554830744
X3-loose,20260829,range,pos,0.3456980072142603,3158981.826693251
X3-loose,20260829,range,vel,0.32653541267249087,3158981.826693251
X3-loose,20260829,range,pos,0.3410627711702138,2604304.541297408
X3-loose,20260829,range,vel,0.8267681695811135,2604304.541297408
X3-loose,20260829,range,pos,-0.49213685156644393,7115696.056672692
X3-loose,20260829,range,vel,-0.21489206402170263,7115696.056672692
X3-loose,20260829,inplane,pos,0.26304235343124,13458024.548971012
X3-loose,20260829,inplane,vel,-0.3001023294367296,13458024.548971012
X3-loose,20260829,inplane,pos,0.2522938847688317,245681.6499036902
X3-loose,20260829,inplane,vel,-0.5181043118487207,245681.6499036902
X3-loose,20260829,inplane,pos,-0.349662572443063,792307.7838582176
X3-loose,20260829,inplane,vel,-0.29870978281130817,792307.7838582176
X3-loose,20260829,inplane,pos,-0.1399469232726697,543346.3700976626
X3-loose,20260829,inplane,vel,0.446822668616872,543346.3700976626
X3-loose,20260829,inplane,pos,0.6872788422815616,114915.25554830744
X3-loose,20260829,inplane,vel,0.7303679207087873,114915.25554830744
X3-loose,20260829,inplane,pos,-0.3684160554051886,3158981.826693251
X3-loose,20260829,inplane,vel,0.35454432086635346,3158981.826693251
X3-loose,20260829,inplane,pos,0.40567558932281383,2604304.541297408
X3-loose,20260829,inplane,vel,0.3539253800183001,2604304.541297408
X3-loose,20260829,inplane,pos,-0.9620033599844441,7115696.056672692
X3-loose,20260829,inplane,vel,-0.7751089780032986,7115696.056672692
X3-loose,20260829,plane,pos,-0.6841699247409022,13458024.548971012
X3-loose,20260829,plane,vel,-0.09756226552166582,13458024.548971012
X3-loose,20260829,plane,pos,-1.3162921756849375,245681.6499036902
X3-loose,20260829,plane,vel,-1.2185176674402947,245681.6499036902
X3-loose,20260829,plane,pos,0.6956064965888077,792307.7838582176
X3-loose,20260829,plane,vel,0.6404984633486024,792307.7838582176
X3-loose,20260829,plane,pos,0.2730391003385708,543346.3700976626
X3-loose,20260829,plane,vel,0.6248540438516968,543346.3700976626
X3-loose,20260829,plane,pos,-1.1112983563609289,114915.25554830744
X3-loose,20260829,plane,vel,-2.388674735962259,114915.25554830744
X3-loose,20260829,plane,pos,-1.110824586858169,3158981.826693251
X3-loose,20260829,plane,vel,-0.6535734009743794,3158981.826693251
X3-loose,20260829,plane,pos,0.3748732790430477,2604304.541297408
X3-loose,20260829,plane,vel,0.4512926297428255,2604304.541297408
X3-loose,20260829,plane,pos,0.050271635359532885,7115696.056672692
X3-loose,20260829,plane,vel,-1.007040146511197,7115696.056672692
X3-loose,20260836,range,pos,1.8988231491566145,220655.7265665136
X3-loose,20260836,range,vel,2.5068053478884518,220655.7265665136
X3-loose,20260836,range,pos,1.696543870478059,419333.9047943723
X3-loose,20260836,range,vel,1.802341540954392,419333.9047943723
X3-loose,20260836,range,pos,1.2946322484180945,324538.2275603633
X3-loose,20260836,range,vel,1.0868589606162937,324538.2275603633
X3-loose,20260836,range,pos,1.9061561795868314,215743.33504987223
X3-loose,20260836,range,vel,-0.26112422769465976,215743.33504987223
X3-loose,20260836,range,pos,-0.9923467268567996,117104.30072070632
X3-loose,20260836,range,vel,-0.9875223163935984,117104.30072070632
X3-loose,20260836,range,pos,1.1040618822012191,166646.66894465027
X3-loose,20260836,range,vel,-1.2363689221509802,166646.66894465027
X3-loose,20260836,range,pos,-0.9144198502087357,318355.15974898025
X3-loose,20260836,range,vel,-0.4200156346728094,318355.15974898025
X3-loose,20260836,range,pos,1.5866630064307519,192513.48308846442
X3-loose,20260836,range,vel,-1.2783064123955772,192513.48308846442
X3-loose,20260836,inplane,pos,0.5694078427011858,220655.7265665136
X3-loose,20260836,inplane,vel,1.474361535875648,220655.7265665136
X3-loose,20260836,inplane,pos,1.5649174139547097,419333.9047943723
X3-loose,20260836,inplane,vel,1.7869402669510157,419333.9047943723
X3-loose,20260836,inplane,pos,0.6422265640349314,324538.2275603633
X3-loose,20260836,inplane,vel,1.3098960743065071,324538.2275603633
X3-loose,20260836,inplane,pos,0.11953381382525612,215743.33504987223
X3-loose,20260836,inplane,vel,1.945295053945131,215743.33504987223
X3-loose,20260836,inplane,pos,1.0555417766062882,117104.30072070632
X3-loose,20260836,inplane,vel,0.6641271348225011,117104.30072070632
X3-loose,20260836,inplane,pos,-1.1377889291306276,166646.66894465027
X3-loose,20260836,inplane,vel,1.0182989789909687,166646.66894465027
X3-loose,20260836,inplane,pos,-1.6392875765439032,318355.15974898025
X3-loose,20260836,inplane,vel,-1.0871016530632056,318355.15974898025
X3-loose,20260836,inplane,pos,1.233719285801422,192513.48308846442
X3-loose,20260836,inplane,vel,1.9669933408633828,192513.48308846442
X3-loose,20260836,plane,pos,0.32516172421577755,220655.7265665136
X3-loose,20260836,plane,vel,1.9447358235502539,220655.7265665136
X3-loose,20260836,plane,pos,2.073830707068594,419333.9047943723
X3-loose,20260836,plane,vel,2.2773193578314275,419333.9047943723
X3-loose,20260836,plane,pos,-0.47936807038205886,324538.2275603633
X3-loose,20260836,plane,vel,3.029255386949308,324538.2275603633
X3-loose,20260836,plane,pos,0.3855272059294024,215743.33504987223
X3-loose,20260836,plane,vel,-1.3839065123343055,215743.33504987223
X3-loose,20260836,plane,pos,-0.37192898539669034,117104.30072070632
X3-loose,20260836,plane,vel,1.11320673722554,117104.30072070632
X3-loose,20260836,plane,pos,-0.810763864634022,166646.66894465027
X3-loose,20260836,plane,vel,-0.401103154410592,166646.66894465027
X3-loose,20260836,plane,pos,-0.05650599160537578,318355.15974898025
X3-loose,20260836,plane,vel,-1.5240091551125932,318355.15974898025
X3-loose,20260836,plane,pos,2.481996283876336,192513.48308846442
X3-loose,20260836,plane,vel,2.7424626549613706,192513.48308846442
X3-loose,20260836,range,pos,-1.5648285048902313,151225.8477114595
X3-loose,20260836,range,vel,1.4950862578722406,151225.8477114595
X3-loose,20260836,range,pos,0.7418846614392307,812187.1117258596
X3-loose,20260836,range,vel,-0.3382839428525559,812187.1117258596
X3-loose,20260836,range,pos,-0.10794592429696094,684635.0401531056
X3-loose,20260836,range,vel,0.6442850898203698,684635.0401531056
X3-loose,20260836,range,pos,2.2285547464668154,2588343.442388033
X3-loose,20260836,range,vel,-1.6953694304475837,2588343.442388033
X3-loose,20260836,range,pos,-0.3342438781097187,14347650.850248137
X3-loose,20260836,range,vel,0.9729381617778785,14347650.850248137
X3-loose,20260836,range,pos,-1.4640497360732192,388825.9863334053
X3-loose,20260836,range,vel,1.243977666948641,388825.9863334053
X3-loose,20260836,range,pos,0.0046240637878773565,11328193.147547068
X3-loose,20260836,range,vel,-0.28158156882016194,11328193.147547068
X3-loose,20260836,range,pos,-0.6523148642757473,870771.9618146063
X3-loose,20260836,range,vel,-1.481305450248417,870771.9618146063
X3-loose,20260836,inplane,pos,1.3133466293899532,151225.8477114595
X3-loose,20260836,inplane,vel,-1.5416854550963885,151225.8477114595
X3-loose,20260836,inplane,pos,0.6463386362782043,812187.1117258596
X3-loose,20260836,inplane,vel,0.7147455227717788,812187.1117258596
X3-loose,20260836,inplane,pos,0.4496654695159777,684635.0401531056
X3-loose,20260836,inplane,vel,-0.04531417499851941,684635.0401531056
X3-loose,20260836,inplane,pos,1.4952936435389088,2588343.442388033
X3-loose,20260836,inplane,vel,2.3493171161511803,2588343.442388033
X3-loose,20260836,inplane,pos,-0.8228950992006051,14347650.850248137
X3-loose,20260836,inplane,vel,0.5800870972722035,14347650.850248137
X3-loose,20260836,inplane,pos,1.2058884299036554,388825.9863334053
X3-loose,20260836,inplane,vel,-1.015912832777588,388825.9863334053
X3-loose,20260836,inplane,pos,-0.20533963481939133,11328193.147547068
X3-loose,20260836,inplane,vel,-0.012781041378960198,11328193.147547068
X3-loose,20260836,inplane,pos,-1.4797087032807117,870771.9618146063
X3-loose,20260836,inplane,vel,-0.5747976420841903,870771.9618146063
X3-loose,20260836,plane,pos,1.2921079530315973,151225.8477114595
X3-loose,20260836,plane,vel,-2.2601765631695474,151225.8477114595
X3-loose,20260836,plane,pos,0.3848434707651471,812187.1117258596
X3-loose,20260836,plane,vel,-0.28532560663758993,812187.1117258596
X3-loose,20260836,plane,pos,-0.9616785907570654,684635.0401531056
X3-loose,20260836,plane,vel,1.1790825768135884,684635.0401531056
X3-loose,20260836,plane,pos,0.4680329200770643,2588343.442388033
X3-loose,20260836,plane,vel,1.439893455489479,2588343.442388033
X3-loose,20260836,plane,pos,-1.126282680717443,14347650.850248137
X3-loose,20260836,plane,vel,-0.37428317126279054,14347650.850248137
X3-loose,20260836,plane,pos,-0.574009635969988,388825.9863334053
X3-loose,20260836,plane,vel,-0.4582636998174604,388825.9863334053
X3-loose,20260836,plane,pos,-1.1327578916880803,11328193.147547068
X3-loose,20260836,plane,vel,0.9328975060757898,11328193.147547068
X3-loose,20260836,plane,pos,-1.1927985317888263,870771.9618146063
X3-loose,20260836,plane,vel,-1.0104246696157004,870771.9618146063
X3-loose,20260836,range,pos,0.6376168163497812,267387.1742701867
X3-loose,20260836,range,vel,-0.1883610451609063,267387.1742701867
X3-loose,20260836,range,pos,-0.6845436228644433,9323497.953727078
X3-loose,20260836,range,vel,0.3598023704124721,9323497.953727078
X3-loose,20260836,range,pos,0.9439510457728382,99289.0843757364
X3-loose,20260836,range,vel,0.944752376935147,99289.0843757364
X3-loose,20260836,range,pos,-1.751532416515227,255968.02153881383
X3-loose,20260836,range,vel,-1.5043498829695843,255968.02153881383
X3-loose,20260836,range,pos,0.8341661910903204,77358.19452350486
X3-loose,20260836,range,vel,-0.2181956711888068,77358.19452350486
X3-loose,20260836,range,pos,-0.6804030177126577,805523.2309775099
X3-loose,20260836,range,vel,0.8351730912211777,805523.2309775099
X3-loose,20260836,range,pos,0.2439695527381155,360733.34967983316
X3-loose,20260836,range,vel,-0.30453201138643404,360733.34967983316
X3-loose,20260836,range,pos,-0.1592530664307612,12703264.145885257
X3-loose,20260836,range,vel,0.383500668464079,12703264.145885257
X3-loose,20260836,inplane,pos,-0.11911225104393354,267387.1742701867
X3-loose,20260836,inplane,vel,0.6678823094012623,267387.1742701867
X3-loose,20260836,inplane,pos,0.004130343517259239,9323497.953727078
X3-loose,20260836,inplane,vel,0.28784655176350216,9323497.953727078
X3-loose,20260836,inplane,pos,0.7014780148960242,99289.0843757364
X3-loose,20260836,inplane,vel,0.845005536324721,99289.0843757364
X3-loose,20260836,inplane,pos,0.9222385125615935,255968.02153881383
X3-loose,20260836,inplane,vel,-1.0296006226712038,255968.02153881383
X3-loose,20260836,inplane,pos,1.3694582309314673,77358.19452350486
X3-loose,20260836,inplane,vel,0.650063411393039,77358.19452350486
X3-loose,20260836,inplane,pos,0.4890471811852855,805523.2309775099
X3-loose,20260836,inplane,vel,-0.6113986485405705,805523.2309775099
X3-loose,20260836,inplane,pos,0.24924381892240485,360733.34967983316
X3-loose,20260836,inplane,vel,0.4253573124299783,360733.34967983316
X3-loose,20260836,inplane,pos,0.06941507540568362,12703264.145885257
X3-loose,20260836,inplane,vel,0.4721149036376608,12703264.145885257
X3-loose,20260836,plane,pos,0.010771965226308102,267387.1742701867
X3-loose,20260836,plane,vel,-0.8047647847715752,267387.1742701867
X3-loose,20260836,plane,pos,-0.24582088898728935,9323497.953727078
X3-loose,20260836,plane,vel,0.10891891077490949,9323497.953727078
X3-loose,20260836,plane,pos,2.1329145322211644,99289.0843757364
X3-loose,20260836,plane,vel,2.0486119410049346,99289.0843757364
X3-loose,20260836,plane,pos,-0.5470572967730358,255968.02153881383
X3-loose,20260836,plane,vel,-0.5006464478696792,255968.02153881383
X3-loose,20260836,plane,pos,2.226969394360811,77358.19452350486
X3-loose,20260836,plane,vel,0.8376304304874792,77358.19452350486
X3-loose,20260836,plane,pos,-0.3559246280645648,805523.2309775099
X3-loose,20260836,plane,vel,-0.8849442824558633,805523.2309775099
X3-loose,20260836,plane,pos,-0.9291342280070601,360733.34967983316
X3-loose,20260836,plane,vel,-0.3717717923844565,360733.34967983316
X3-loose,20260836,plane,pos,-1.3625749809184735,12703264.145885257
X3-loose,20260836,plane,vel,-0.37058564179698783,12703264.145885257
X3-loose,20260836,range,pos,-0.6062081877839911,1214570.897565107
X3-loose,20260836,range,vel,0.6678819068146737,1214570.897565107
X3-loose,20260836,range,pos,-0.3722531209015373,126157.44062031042
X3-loose,20260836,range,vel,0.7584288439954471,126157.44062031042
X3-loose,20260836,range,pos,-0.3563490695024441,65490.75247188916
X3-loose,20260836,range,vel,-0.34952640671767465,65490.75247188916
X3-loose,20260836,range,pos,0.9764061529897996,280960.0179278572
X3-loose,20260836,range,vel,-0.7945424227072344,280960.0179278572
X3-loose,20260836,range,pos,-1.4357047828094758,1291514.9073102484
X3-loose,20260836,range,vel,-1.6191309157160234,1291514.9073102484
X3-loose,20260836,range,pos,-0.2656913408233907,605641.9197123306
X3-loose,20260836,range,vel,-0.5774330317328582,605641.9197123306
X3-loose,20260836,range,pos,-1.3686742223067017,69219.17607923927
X3-loose,20260836,range,vel,1.186790584781048,69219.17607923927
X3-loose,20260836,inplane,pos,0.05775609362990911,1214570.897565107
X3-loose,20260836,inplane,vel,-0.586013474725693,1214570.897565107
X3-loose,20260836,inplane,pos,1.3918274941431188,126157.44062031042
X3-loose,20260836,inplane,vel,-0.17432368484171998,126157.44062031042
X3-loose,20260836,inplane,pos,0.2969182610172276,65490.75247188916
X3-loose,20260836,inplane,vel,-0.49551373285608435,65490.75247188916
X3-loose,20260836,inplane,pos,0.03627446196158931,280960.0179278572
X3-loose,20260836,inplane,vel,-0.3911549689931462,280960.0179278572
X3-loose,20260836,inplane,pos,-0.0815900964932969,1291514.9073102484
X3-loose,20260836,inplane,vel,-1.2993269045370512,1291514.9073102484
X3-loose,20260836,inplane,pos,-1.3702748900105914,605641.9197123306
X3-loose,20260836,inplane,vel,-0.36164562453082194,605641.9197123306
X3-loose,20260836,inplane,pos,-0.03617182376219546,69219.17607923927
X3-loose,20260836,inplane,vel,-1.2841724144160576,69219.17607923927
X3-loose,20260836,plane,pos,-1.4522569217607646,1214570.897565107
X3-loose,20260836,plane,vel,-0.4211608706311442,1214570.897565107
X3-loose,20260836,plane,pos,1.170672141273364,126157.44062031042
X3-loose,20260836,plane,vel,-1.051728674881074,126157.44062031042
X3-loose,20260836,plane,pos,-0.2838104036901892,65490.75247188916
X3-loose,20260836,plane,vel,0.37678762692010076,65490.75247188916
X3-loose,20260836,plane,pos,0.4659752719350601,280960.0179278572
X3-loose,20260836,plane,vel,-0.32594472682858994,280960.0179278572
X3-loose,20260836,plane,pos,0.9154888403354878,1291514.9073102484
X3-loose,20260836,plane,vel,0.13118800316291793,1291514.9073102484
X3-loose,20260836,plane,pos,1.7364043229769517,605641.9197123306
X3-loose,20260836,plane,vel,0.3724280018844779,605641.9197123306
X3-loose,20260836,plane,pos,-0.6186754809077647,69219.17607923927
X3-loose,20260836,plane,vel,-1.3600613386114648,69219.17607923927
X3-loose,20260836,range,pos,0.983321410736282,11394544.714892182
X3-loose,20260836,range,vel,-0.8150315655510932,11394544.714892182
X3-loose,20260836,range,pos,0.2739301562248306,243179.23179455413
X3-loose,20260836,range,vel,-0.0024486585980870233,243179.23179455413
X3-loose,20260836,range,pos,-1.0124163578485017,308365.0644484994
X3-loose,20260836,range,vel,-0.8151931172727472,308365.0644484994
X3-loose,20260836,range,pos,0.5352331986514218,114547.47754416302
X3-loose,20260836,range,vel,-0.1851592794940619,114547.47754416302
X3-loose,20260836,range,pos,1.0112970953539824,134990.56412472893
X3-loose,20260836,range,vel,-1.4317871679133893,134990.56412472893
X3-loose,20260836,range,pos,-1.1253469289500773,2378575.688594586
X3-loose,20260836,range,vel,1.0472637300748322,2378575.688594586
X3-loose,20260836,range,pos,0.06711140437582551,1128532.9975425496
X3-loose,20260836,range,vel,-0.5780971976577226,1128532.9975425496
X3-loose,20260836,range,pos,-0.03591788462938956,611189.520337093
X3-loose,20260836,range,vel,-0.9669913667755319,611189.520337093
X3-loose,20260836,inplane,pos,1.1848177395932262,11394544.714892182
X3-loose,20260836,inplane,vel,0.9465744771145348,11394544.714892182
X3-loose,20260836,inplane,pos,0.5958782359369829,243179.23179455413
X3-loose,20260836,inplane,vel,0.6073221546246107,243179.23179455413
X3-loose,20260836,inplane,pos,-1.207987486666794,308365.0644484994
X3-loose,20260836,inplane,vel,-0.01613504460546366,308365.0644484994
X3-loose,20260836,inplane,pos,0.0784956638759608,114547.47754416302
X3-loose,20260836,inplane,vel,-0.1584471734962391,114547.47754416302
X3-loose,20260836,inplane,pos,-0.16902329935177673,134990.56412472893
X3-loose,20260836,inplane,vel,0.07327193440344469,134990.56412472893
X3-loose,20260836,inplane,pos,-1.1385349013619763,2378575.688594586
X3-loose,20260836,inplane,vel,-1.1268970325962782,2378575.688594586
X3-loose,20260836,inplane,pos,-0.5939392215991692,1128532.9975425496
X3-loose,20260836,inplane,vel,-0.2896593027524439,1128532.9975425496
X3-loose,20260836,inplane,pos,-0.9716381697830363,611189.520337093
X3-loose,20260836,inplane,vel,-0.5758338050397924,611189.520337093
X3-loose,20260836,plane,pos,-0.3468373724437172,11394544.714892182
X3-loose,20260836,plane,vel,-1.4534839147424374,11394544.714892182
X3-loose,20260836,plane,pos,-0.650469031342792,243179.23179455413
X3-loose,20260836,plane,vel,-1.5059569496580902,243179.23179455413
X3-loose,20260836,plane,pos,-1.2879438655587165,308365.0644484994
X3-loose,20260836,plane,vel,-0.8632448114719528,308365.0644484994
X3-loose,20260836,plane,pos,-0.19970689585112325,114547.47754416302
X3-loose,20260836,plane,vel,-1.4679484840401653,114547.47754416302
X3-loose,20260836,plane,pos,0.36780450323341224,134990.56412472893
X3-loose,20260836,plane,vel,-0.4534306799902568,134990.56412472893
X3-loose,20260836,plane,pos,0.7764491373776667,2378575.688594586
X3-loose,20260836,plane,vel,2.1045850333701654,2378575.688594586
X3-loose,20260836,plane,pos,0.9361324277150471,1128532.9975425496
X3-loose,20260836,plane,vel,0.7845135698811753,1128532.9975425496
X3-loose,20260836,plane,pos,0.6940169025612309,611189.520337093
X3-loose,20260836,plane,vel,0.017536513339400806,611189.520337093
X3-loose,20260836,range,pos,-1.0615258001448293,202372.05581677507
X3-loose,20260836,range,vel,-1.3707359344338474,202372.05581677507
X3-loose,20260836,range,pos,-0.3408180557483957,1502868.7880438017
X3-loose,20260836,range,vel,0.27723474857779856,1502868.7880438017
X3-loose,20260836,range,pos,1.308598246058238,8016015.080061291
X3-loose,20260836,range,vel,1.149057393376447,8016015.080061291
X3-loose,20260836,range,pos,0.9500374787900647,2309467.546526171
X3-loose,20260836,range,vel,0.21710698275131216,2309467.546526171
X3-loose,20260836,range,pos,-1.4778469509459198,182738.60660400675
X3-loose,20260836,range,vel,1.5463331690914675,182738.60660400675
X3-loose,20260836,range,pos,1.059552600254304,56365.00078890655
X3-loose,20260836,range,vel,1.539512850317079,56365.00078890655
X3-loose,20260836,range,pos,-0.08289704718068343,40177.46556385992
X3-loose,20260836,range,vel,-0.14943184224039258,40177.46556385992
X3-loose,20260836,range,pos,0.2238389892692066,106189.61472461939
X3-loose,20260836,range,vel,0.1306365793132768,106189.61472461939
X3-loose,20260836,inplane,pos,-0.7251535399762185,202372.05581677507
X3-loose,20260836,inplane,vel,-1.1546612716993536,202372.05581677507
X3-loose,20260836,inplane,pos,0.36076000310222317,1502868.7880438017
X3-loose,20260836,inplane,vel,-0.5181083404104505,1502868.7880438017
X3-loose,20260836,inplane,pos,-0.8782374377554669,8016015.080061291
X3-loose,20260836,inplane,vel,0.8279990692963702,8016015.080061291
X3-loose,20260836,inplane,pos,1.8730965354138733,2309467.546526171
X3-loose,20260836,inplane,vel,1.6622450589851407,2309467.546526171
X3-loose,20260836,inplane,pos,-0.8251772066368924,182738.60660400675
X3-loose,20260836,inplane,vel,-1.6791351638518022,182738.60660400675
X3-loose,20260836,inplane,pos,0.35330722717503593,56365.00078890655
X3-loose,20260836,inplane,vel,1.6191654929183337,56365.00078890655
X3-loose,20260836,inplane,pos,0.3038278797192656,40177.46556385992
X3-loose,20260836,inplane,vel,0.008726336378590849,40177.46556385992
X3-loose,20260836,inplane,pos,0.383652788708562,106189.61472461939
X3-loose,20260836,inplane,vel,-0.251920475969289,106189.61472461939
X3-loose,20260836,plane,pos,-0.07029250073190162,202372.05581677507
X3-loose,20260836,plane,vel,-1.4294829836983547,202372.05581677507
X3-loose,20260836,plane,pos,0.7260368668781936,1502868.7880438017
X3-loose,20260836,plane,vel,-0.5706987672008265,1502868.7880438017
X3-loose,20260836,plane,pos,-0.7523379280759285,8016015.080061291
X3-loose,20260836,plane,vel,-0.14290839976547853,8016015.080061291
X3-loose,20260836,plane,pos,-0.9772586154890632,2309467.546526171
X3-loose,20260836,plane,vel,0.43971481120091294,2309467.546526171
X3-loose,20260836,plane,pos,1.4663340496297725,182738.60660400675
X3-loose,20260836,plane,vel,0.07965228563786554,182738.60660400675
X3-loose,20260836,plane,pos,2.8425931627583854,56365.00078890655
X3-loose,20260836,plane,vel,1.2006651939836697,56365.00078890655
X3-loose,20260836,plane,pos,1.2138146946153197,40177.46556385992
X3-loose,20260836,plane,vel,-0.7872522185954396,40177.46556385992
X3-loose,20260836,plane,pos,-0.12397333540971618,106189.61472461939
X3-loose,20260836,plane,vel,-1.2627147303150497,106189.61472461939
X3-loose,20260843,range,pos,-0.34483489001703244,84221.25028970037
X3-loose,20260843,range,vel,-0.2640086060715931,84221.25028970037
X3-loose,20260843,range,pos,-1.9065315991846052,375759.23187182273
X3-loose,20260843,range,vel,2.0857651276978277,375759.23187182273
X3-loose,20260843,range,pos,-0.6154793669433701,213241.3540741756
X3-loose,20260843,range,vel,1.2128961020140032,213241.3540741756
X3-loose,20260843,range,pos,-2.147760027603207,299083.28156483587
X3-loose,20260843,range,vel,1.9121878539519777,299083.28156483587
X3-loose,20260843,range,pos,1.0716962351250678,725026.174777522
X3-loose,20260843,range,vel,-1.124213408073511,725026.174777522
X3-loose,20260843,range,pos,-1.1128001851984217,205886.76412969216
X3-loose,20260843,range,vel,-1.0410098076254333,205886.76412969216
X3-loose,20260843,range,pos,1.1072252484761052,555824.5222454485
X3-loose,20260843,range,vel,-1.887852897163313,555824.5222454485
X3-loose,20260843,range,pos,-1.0875006377914855,275121.64377864054
X3-loose,20260843,range,vel,-1.617870096163349,275121.64377864054
X3-loose,20260843,inplane,pos,0.05808623680541401,84221.25028970037
X3-loose,20260843,inplane,vel,-0.1304185996871229,84221.25028970037
X3-loose,20260843,inplane,pos,0.9282600059985069,375759.23187182273
X3-loose,20260843,inplane,vel,-1.9169995400889217,375759.23187182273
X3-loose,20260843,inplane,pos,1.1947146459552702,213241.3540741756
X3-loose,20260843,inplane,vel,-0.6618458413811971,213241.3540741756
X3-loose,20260843,inplane,pos,0.4293297570403756,299083.28156483587
X3-loose,20260843,inplane,vel,-1.42216314635487,299083.28156483587
X3-loose,20260843,inplane,pos,0.47080441117069083,725026.174777522
X3-loose,20260843,inplane,vel,1.093131111721197,725026.174777522
X3-loose,20260843,inplane,pos,0.7362046680117345,205886.76412969216
X3-loose,20260843,inplane,vel,-1.0588363442705342,205886.76412969216
X3-loose,20260843,inplane,pos,-0.7607573974468655,555824.5222454485
X3-loose,20260843,inplane,vel,1.0381402255657717,555824.5222454485
X3-loose,20260843,inplane,pos,-1.5348629774525855,275121.64377864054
X3-loose,20260843,inplane,vel,-1.2240534805929926,275121.64377864054
X3-loose,20260843,plane,pos,-1.1807030849324622,84221.25028970037
X3-loose,20260843,plane,vel,0.09758901551646357,84221.25028970037
X3-loose,20260843,plane,pos,0.8324111729748859,375759.23187182273
X3-loose,20260843,plane,vel,1.1671561633782714,375759.23187182273
X3-loose,20260843,plane,pos,0.29973431975756154,213241.3540741756
X3-loose,20260843,plane,vel,-0.26804799314535005,213241.3540741756
X3-loose,20260843,plane,pos,0.7958145532507618,299083.28156483587
X3-loose,20260843,plane,vel,-0.06504236554722935,299083.28156483587
X3-loose,20260843,plane,pos,-0.5863138967119709,725026.174777522
X3-loose,20260843,plane,vel,1.0943242371351154,725026.174777522
X3-loose,20260843,plane,pos,-0.027660629994438638,205886.76412969216
X3-loose,20260843,plane,vel,-0.015167273462932052,205886.76412969216
X3-loose,20260843,plane,pos,0.6940246262146778,555824.5222454485
X3-loose,20260843,plane,vel,-0.7011951196613468,555824.5222454485
X3-loose,20260843,plane,pos,0.6633147614638291,275121.64377864054
X3-loose,20260843,plane,vel,-1.1777199501032283,275121.64377864054
X3-loose,20260843,range,pos,1.5718405115209664,573065.7132143442
X3-loose,20260843,range,vel,-2.390949083332229,573065.7132143442
X3-loose,20260843,range,pos,-0.20165992096422616,902706.7895070218
X3-loose,20260843,range,vel,0.13641678410458866,902706.7895070218
X3-loose,20260843,range,pos,0.9093558618563098,228781.87053056055
X3-loose,20260843,range,vel,-1.0420150227246643,228781.87053056055
X3-loose,20260843,range,pos,-3.0676916746398053,270876.7906067094
X3-loose,20260843,range,vel,-3.107078172984288,270876.7906067094
X3-loose,20260843,range,pos,1.5770558856235803,75526.76238686024
X3-loose,20260843,range,vel,1.3772228405821023,75526.76238686024
X3-loose,20260843,range,pos,1.7227864868507945,7402935.61014893
X3-loose,20260843,range,vel,-1.5096376996823409,7402935.61014893
X3-loose,20260843,range,pos,1.3271498458236914,1964896.4051445252
X3-loose,20260843,range,vel,1.195601728158718,1964896.4051445252
X3-loose,20260843,range,pos,0.07895637950713053,1863833.5216643622
X3-loose,20260843,range,vel,0.48702932482406786,1863833.5216643622
X3-loose,20260843,inplane,pos,-2.3533860656880465,573065.7132143442
X3-loose,20260843,inplane,vel,1.3745865684747491,573065.7132143442
X3-loose,20260843,inplane,pos,0.843898442291005,902706.7895070218
X3-loose,20260843,inplane,vel,-0.16990676617003572,902706.7895070218
X3-loose,20260843,inplane,pos,1.0996822197385236,228781.87053056055
X3-loose,20260843,inplane,vel,1.309400245405221,228781.87053056055
X3-loose,20260843,inplane,pos,-0.3735995270938392,270876.7906067094
X3-loose,20260843,inplane,vel,2.126608094912633,270876.7906067094
X3-loose,20260843,inplane,pos,-0.6069318500624707,75526.76238686024
X3-loose,20260843,inplane,vel,-0.6001106696850191,75526.76238686024
X3-loose,20260843,inplane,pos,0.618872080222926,7402935.61014893
X3-loose,20260843,inplane,vel,0.4721435930364738,7402935.61014893
X3-loose,20260843,inplane,pos,-0.127249631346072,1964896.4051445252
X3-loose,20260843,inplane,vel,0.8973222417261126,1964896.4051445252
X3-loose,20260843,inplane,pos,0.7218498504651011,1863833.5216643622
X3-loose,20260843,inplane,vel,0.11685934201385857,1863833.5216643622
X3-loose,20260843,plane,pos,1.9615276424370605,573065.7132143442
X3-loose,20260843,plane,vel,0.24081610130024106,573065.7132143442
X3-loose,20260843,plane,pos,-0.0696236889831635,902706.7895070218
X3-loose,20260843,plane,vel,1.3451988607581467,902706.7895070218
X3-loose,20260843,plane,pos,-0.3198518585458147,228781.87053056055
X3-loose,20260843,plane,vel,1.4722109594726935,228781.87053056055
X3-loose,20260843,plane,pos,-0.647361980570146,270876.7906067094
X3-loose,20260843,plane,vel,0.0287078829542732,270876.7906067094
X3-loose,20260843,plane,pos,0.19378198260555765,75526.76238686024
X3-loose,20260843,plane,vel,0.15574591636774374,75526.76238686024
X3-loose,20260843,plane,pos,0.8712825907737358,7402935.61014893
X3-loose,20260843,plane,vel,0.01516476566400584,7402935.61014893
X3-loose,20260843,plane,pos,-0.6172857143796711,1964896.4051445252
X3-loose,20260843,plane,vel,-0.9945916853091563,1964896.4051445252
X3-loose,20260843,plane,pos,-0.37130575959881157,1863833.5216643622
X3-loose,20260843,plane,vel,1.3201992015183572,1863833.5216643622
X3-loose,20260843,range,pos,0.19618146647324725,11679662.25279816
X3-loose,20260843,range,vel,-0.24020683709975932,11679662.25279816
X3-loose,20260843,range,pos,2.0247067293645356,37372.12785767267
X3-loose,20260843,range,vel,1.3928188094441671,37372.12785767267
X3-loose,20260843,range,pos,-0.5496230785005726,36011.8023152614
X3-loose,20260843,range,vel,0.7948237514769431,36011.8023152614
X3-loose,20260843,range,pos,0.5433828492652293,51654.67874174289
X3-loose,20260843,range,vel,-0.8861728087544936,51654.67874174289
X3-loose,20260843,range,pos,-0.3160078057781683,8946290.779739264
X3-loose,20260843,range,vel,-0.4118180134921585,8946290.779739264
X3-loose,20260843,range,pos,-0.30651752368004165,81722.71170365137
X3-loose,20260843,range,vel,0.34502513317040295,81722.71170365137
X3-loose,20260843,range,pos,-0.17652068225192732,86632.32591228953
X3-loose,20260843,range,vel,-1.1088281727369127,86632.32591228953
X3-loose,20260843,range,pos,-0.5189546678121083,105963.59415032945
X3-loose,20260843,range,vel,0.3383885682860443,105963.59415032945
X3-loose,20260843,inplane,pos,0.14130643903245785,11679662.25279816
X3-loose,20260843,inplane,vel,0.04008150449936407,11679662.25279816
X3-loose,20260843,inplane,pos,1.869421864577568,37372.12785767267
X3-loose,20260843,inplane,vel,1.9856213169128585,37372.12785767267
X3-loose,20260843,inplane,pos,-1.1420941645791074,36011.8023152614
X3-loose,20260843,inplane,vel,-1.1175680359213367,36011.8023152614
X3-loose,20260843,inplane,pos,-1.5721744436734753,51654.67874174289
X3-loose,20260843,inplane,vel,-0.0006627677876083106,51654.67874174289
X3-loose,20260843,inplane,pos,0.03972258740558704,8946290.779739264
X3-loose,20260843,inplane,vel,0.5642041157739017,8946290.779739264
X3-loose,20260843,inplane,pos,0.5107058894948382,81722.71170365137
X3-loose,20260843,inplane,vel,-0.07536163050980846,81722.71170365137
X3-loose,20260843,inplane,pos,-1.267794865338934,86632.32591228953
X3-loose,20260843,inplane,vel,-0.26092081202769407,86632.32591228953
X3-loose,20260843,inplane,pos,1.0408150879061178,105963.59415032945
X3-loose,20260843,inplane,vel,-0.23218155069999716,105963.59415032945
X3-loose,20260843,plane,pos,1.7969920528929693,11679662.25279816
X3-loose,20260843,plane,vel,0.18490863126211268,11679662.25279816
X3-loose,20260843,plane,pos,-0.1017115397177964,37372.12785767267
X3-loose,20260843,plane,vel,-0.2836026276325225,37372.12785767267
X3-loose,20260843,plane,pos,-0.012360889933187685,36011.8023152614
X3-loose,20260843,plane,vel,-0.08068995722146606,36011.8023152614
X3-loose,20260843,plane,pos,1.6341074957572228,51654.67874174289
X3-loose,20260843,plane,vel,0.22785669982999263,51654.67874174289
X3-loose,20260843,plane,pos,0.05982517140955456,8946290.779739264
X3-loose,20260843,plane,vel,-0.6391191049800062,8946290.779739264
X3-loose,20260843,plane,pos,0.7651672187537699,81722.71170365137
X3-loose,20260843,plane,vel,0.06883172565763013,81722.71170365137
X3-loose,20260843,plane,pos,0.5577081872291604,86632.32591228953
X3-loose,20260843,plane,vel,0.1622594540783709,86632.32591228953
X3-loose,20260843,plane,pos,0.11735628055478606,105963.59415032945
X3-loose,20260843,plane,vel,-0.3068942291956136,105963.59415032945
X3-loose,20260843,range,pos,-1.4932522591846131,198004.23177512555
X3-loose,20260843,range,vel,-0.4987643376032213,198004.23177512555
X3-loose,20260843,range,pos,-0.5520071319710387,358212.62594622147
X3-loose,20260843,range,vel,-0.9171852041914339,358212.62594622147
X3-loose,20260843,range,pos,0.6135834628647032,1992849.2472253328
X3-loose,20260843,range,vel,0.9781848689594212,1992849.2472253328
X3-loose,20260843,range,pos,-0.07020940822343122,322117.23585346685
X3-loose,20260843,range,vel,-0.7024076103471592,322117.23585346685
X3-loose,20260843,range,pos,-0.8513835248105005,359070.1513248555
X3-loose,20260843,range,vel,-0.4555468480018731,359070.1513248555
X3-loose,20260843,range,pos,-0.09971267921673663,1508536.4635951123
X3-loose,20260843,range,vel,0.12031024619929896,1508536.4635951123
X3-loose,20260843,range,pos,2.3669061293863702,219367.8292900889
X3-loose,20260843,range,vel,-2.222192519274902,219367.8292900889
X3-loose,20260843,range,pos,-0.656520252410289,287850.90983292426
X3-loose,20260843,range,vel,-0.6237529759428232,287850.90983292426
X3-loose,20260843,inplane,pos,0.40604652651206014,198004.23177512555
X3-loose,20260843,inplane,vel,-1.2634817274211012,198004.23177512555
X3-loose,20260843,inplane,pos,-0.8603044609290816,358212.62594622147
X3-loose,20260843,inplane,vel,-0.391533746455423,358212.62594622147
X3-loose,20260843,inplane,pos,1.4116064771863501,1992849.2472253328
X3-loose,20260843,inplane,vel,0.5682355343936467,1992849.2472253328
X3-loose,20260843,inplane,pos,-0.959120413550104,322117.23585346685
X3-loose,20260843,inplane,vel,-0.23270122099207294,322117.23585346685
X3-loose,20260843,inplane,pos,-0.27831485915577714,359070.1513248555
X3-loose,20260843,inplane,vel,-0.6031558877012372,359070.1513248555
X3-loose,20260843,inplane,pos,-0.07530983380498885,1508536.4635951123
X3-loose,20260843,inplane,vel,-0.11087562486294328,1508536.4635951123
X3-loose,20260843,inplane,pos,0.6666799180335166,219367.8292900889
X3-loose,20260843,inplane,vel,2.2034480365086493,219367.8292900889
X3-loose,20260843,inplane,pos,-0.25960486488144985,287850.90983292426
X3-loose,20260843,inplane,vel,-0.7347172000385069,287850.90983292426
X3-loose,20260843,plane,pos,0.6050567567486458,198004.23177512555
X3-loose,20260843,plane,vel,0.9003771330729725,198004.23177512555
X3-loose,20260843,plane,pos,1.322501979300251,358212.62594622147
X3-loose,20260843,plane,vel,-0.4676415157363368,358212.62594622147
X3-loose,20260843,plane,pos,-0.3269326029175557,1992849.2472253328
X3-loose,20260843,plane,vel,0.18128876668741775,1992849.2472253328
X3-loose,20260843,plane,pos,-0.17868844416173954,322117.23585346685
X3-loose,20260843,plane,vel,0.3798618176064668,322117.23585346685
X3-loose,20260843,plane,pos,1.1761208471300757,359070.1513248555
X3-loose,20260843,plane,vel,-0.7596964655672811,359070.1513248555
X3-loose,20260843,plane,pos,0.42174761150126766,1508536.4635951123
X3-loose,20260843,plane,vel,-0.23915864566586145,1508536.4635951123
X3-loose,20260843,plane,pos,-0.02589287746761384,219367.8292900889
X3-loose,20260843,plane,vel,0.7374619260364937,219367.8292900889
X3-loose,20260843,plane,pos,-0.8625484660987387,287850.90983292426
X3-loose,20260843,plane,vel,-1.7810132693876883,287850.90983292426
X3-loose,20260843,range,pos,-0.9234116883950706,282388.3494689486
X3-loose,20260843,range,vel,-1.044498611271765,282388.3494689486
X3-loose,20260843,range,pos,-0.6020392641010486,2137159.9302608394
X3-loose,20260843,range,vel,-0.7700224087193362,2137159.9302608394
X3-loose,20260843,range,pos,-0.3225340643272397,3764460.5076299785
X3-loose,20260843,range,vel,-0.3578763426894495,3764460.5076299785
X3-loose,20260843,range,pos,-0.7826470139318431,13188851.91544408
X3-loose,20260843,range,vel,-1.0290958320982124,13188851.91544408
X3-loose,20260843,range,pos,0.169066246012044,196154.133356201
X3-loose,20260843,range,vel,0.7729711393599625,196154.133356201
X3-loose,20260843,range,pos,1.1358588917431793,7501932.252988998
X3-loose,20260843,range,vel,0.9667794930335577,7501932.252988998
X3-loose,20260843,range,pos,-0.0670895270135876,1918701.3006258872
X3-loose,20260843,range,vel,0.06705998733085079,1918701.3006258872
X3-loose,20260843,inplane,pos,-0.44588773933592135,282388.3494689486
X3-loose,20260843,inplane,vel,-0.85036450188178,282388.3494689486
X3-loose,20260843,inplane,pos,-0.07018623273058693,2137159.9302608394
X3-loose,20260843,inplane,vel,-0.46653373724564057,2137159.9302608394
X3-loose,20260843,inplane,pos,0.24014343441113464,3764460.5076299785
X3-loose,20260843,inplane,vel,-0.2946361441928893,3764460.5076299785
X3-loose,20260843,inplane,pos,0.9446476078782642,13188851.91544408
X3-loose,20260843,inplane,vel,1.785997781580681,13188851.91544408
X3-loose,20260843,inplane,pos,0.7062082700200671,196154.133356201
X3-loose,20260843,inplane,vel,0.12307410153269838,196154.133356201
X3-loose,20260843,inplane,pos,-1.0865446789821838,7501932.252988998
X3-loose,20260843,inplane,vel,1.0343999307355927,7501932.252988998
X3-loose,20260843,inplane,pos,0.05654695125065695,1918701.3006258872
X3-loose,20260843,inplane,vel,-0.21549832247024336,1918701.3006258872
X3-loose,20260843,plane,pos,0.22267369031539852,282388.3494689486
X3-loose,20260843,plane,vel,1.1381589307995525,282388.3494689486
X3-loose,20260843,plane,pos,-1.0477340018682655,2137159.9302608394
X3-loose,20260843,plane,vel,-0.6462516294837863,2137159.9302608394
X3-loose,20260843,plane,pos,-1.0637945873891457,3764460.5076299785
X3-loose,20260843,plane,vel,0.08719352536946402,3764460.5076299785
X3-loose,20260843,plane,pos,-0.4109800785691485,13188851.91544408
X3-loose,20260843,plane,vel,-0.15750309008585714,13188851.91544408
X3-loose,20260843,plane,pos,-0.7610367118701287,196154.133356201
X3-loose,20260843,plane,vel,0.11424741761140092,196154.133356201
X3-loose,20260843,plane,pos,-1.8654813512852322,7501932.252988998
X3-loose,20260843,plane,vel,0.32378838907808183,7501932.252988998
X3-loose,20260843,plane,pos,-0.8203708046463672,1918701.3006258872
X3-loose,20260843,plane,vel,-0.04868957460822893,1918701.3006258872
X3-loose,20260843,range,pos,1.1022462179355,1208212.451740703
X3-loose,20260843,range,vel,-1.2335331802830987,1208212.451740703
X3-loose,20260843,range,pos,1.2153372966639286,80459.9386298322
X3-loose,20260843,range,vel,-1.8041770335297567,80459.9386298322
X3-loose,20260843,range,pos,0.6372747918357203,493506.7492497529
X3-loose,20260843,range,vel,0.3286051357578672,493506.7492497529
X3-loose,20260843,range,pos,1.4823675269602368,89024.20306691136
X3-loose,20260843,range,vel,-0.6307426025614613,89024.20306691136
X3-loose,20260843,range,pos,-2.4250409793184264,250107.06258055693
X3-loose,20260843,range,vel,2.475444236263239,250107.06258055693
X3-loose,20260843,range,pos,-0.5923023503700002,89840.8098021886
X3-loose,20260843,range,vel,0.548472182632525,89840.8098021886
X3-loose,20260843,range,pos,0.8675422873897496,45319.55071626639
X3-loose,20260843,range,vel,-0.23810728179660684,45319.55071626639
X3-loose,20260843,inplane,pos,0.00997878289941011,1208212.451740703
X3-loose,20260843,inplane,vel,0.3164454852856654,1208212.451740703
X3-loose,20260843,inplane,pos,-0.9504168031792165,80459.9386298322
X3-loose,20260843,inplane,vel,0.9126225309271521,80459.9386298322
X3-loose,20260843,inplane,pos,2.025409151247099,493506.7492497529
X3-loose,20260843,inplane,vel,0.7351083380335192,493506.7492497529
X3-loose,20260843,inplane,pos,2.6450644695425436,89024.20306691136
X3-loose,20260843,inplane,vel,1.4260426106721085,89024.20306691136
X3-loose,20260843,inplane,pos,-0.3325118322564228,250107.06258055693
X3-loose,20260843,inplane,vel,-1.7336617645163668,250107.06258055693
X3-loose,20260843,inplane,pos,0.3480600171627377,89840.8098021886
X3-loose,20260843,inplane,vel,0.7364923165606581,89840.8098021886
X3-loose,20260843,inplane,pos,0.10712762566960103,45319.55071626639
X3-loose,20260843,inplane,vel,0.10864900354316184,45319.55071626639
X3-loose,20260843,plane,pos,-0.6175316736441188,1208212.451740703
X3-loose,20260843,plane,vel,-1.3802650034227002,1208212.451740703
X3-loose,20260843,plane,pos,-0.9927924334056714,80459.9386298322
X3-loose,20260843,plane,vel,1.9838169094579172,80459.9386298322
X3-loose,20260843,plane,pos,-1.789280714449264,493506.7492497529
X3-loose,20260843,plane,vel,1.8374242473185052,493506.7492497529
X3-loose,20260843,plane,pos,0.25035128007551827,89024.20306691136
X3-loose,20260843,plane,vel,-0.1954417429793351,89024.20306691136
X3-loose,20260843,plane,pos,-0.6269102773083611,250107.06258055693
X3-loose,20260843,plane,vel,1.5757355562663038,250107.06258055693
X3-loose,20260843,plane,pos,0.44372726194774154,89840.8098021886
X3-loose,20260843,plane,vel,-0.7833890725739148,89840.8098021886
X3-loose,20260843,plane,pos,-0.24387919604514488,45319.55071626639
X3-loose,20260843,plane,vel,-1.6177469263870285,45319.55071626639
X3-loose,20260850,range,pos,-1.0308351393989674,366758.5117802287
X3-loose,20260850,range,vel,0.7885332795571774,366758.5117802287
X3-loose,20260850,range,pos,-0.6536589194136269,349347.23024013964
X3-loose,20260850,range,vel,1.328945875984628,349347.23024013964
X3-loose,20260850,range,pos,0.34507598167519077,670057.9070023037
X3-loose,20260850,range,vel,0.6015936492972125,670057.9070023037
X3-loose,20260850,range,pos,0.661957672590442,805625.5237481585
X3-loose,20260850,range,vel,0.5337226847774993,805625.5237481585
X3-loose,20260850,range,pos,-0.30406134396944284,503534.4667741829
X3-loose,20260850,range,vel,0.5680231808173081,503534.4667741829
X3-loose,20260850,range,pos,-0.2578142316275967,262148.90534707694
X3-loose,20260850,range,vel,0.33640969089765593,262148.90534707694
X3-loose,20260850,range,pos,0.005306895438715665,55334.099019221496
X3-loose,20260850,range,vel,0.20841787830569425,55334.099019221496
X3-loose,20260850,range,pos,0.3663206984268804,7879741.534361409
X3-loose,20260850,range,vel,0.7835459659618568,7879741.534361409
X3-loose,20260850,inplane,pos,0.5460718299197128,366758.5117802287
X3-loose,20260850,inplane,vel,0.49275573775495485,366758.5117802287
X3-loose,20260850,inplane,pos,0.7691412751750315,349347.23024013964
X3-loose,20260850,inplane,vel,-0.7324144317250783,349347.23024013964
X3-loose,20260850,inplane,pos,0.5718777463242097,670057.9070023037
X3-loose,20260850,inplane,vel,0.3636866782597031,670057.9070023037
X3-loose,20260850,inplane,pos,-0.5304376723745102,805625.5237481585
X3-loose,20260850,inplane,vel,0.6486019156413678,805625.5237481585
X3-loose,20260850,inplane,pos,0.5072246087705615,503534.4667741829
X3-loose,20260850,inplane,vel,-0.15590124057348087,503534.4667741829
X3-loose,20260850,inplane,pos,0.6521926624406549,262148.90534707694
X3-loose,20260850,inplane,vel,-0.13826883148731378,262148.90534707694
X3-loose,20260850,inplane,pos,0.022244978325358777,55334.099019221496
X3-loose,20260850,inplane,vel,-0.028701758769907958,55334.099019221496
X3-loose,20260850,inplane,pos,0.043586536835789585,7879741.534361409
X3-loose,20260850,inplane,vel,0.4142123601117632,7879741.534361409
X3-loose,20260850,plane,pos,0.7245078006499381,366758.5117802287
X3-loose,20260850,plane,vel,0.2782725214009458,366758.5117802287
X3-loose,20260850,plane,pos,0.8904577195780357,349347.23024013964
X3-loose,20260850,plane,vel,-2.4186015132731495,349347.23024013964
X3-loose,20260850,plane,pos,-0.6205523199677696,670057.9070023037
X3-loose,20260850,plane,vel,-1.0063375167446502,670057.9070023037
X3-loose,20260850,plane,pos,0.11278529152403136,805625.5237481585
X3-loose,20260850,plane,vel,-0.3352166994432463,805625.5237481585
X3-loose,20260850,plane,pos,0.2259289354969393,503534.4667741829
X3-loose,20260850,plane,vel,0.6037776522895207,503534.4667741829
X3-loose,20260850,plane,pos,-1.1270215858020596,262148.90534707694
X3-loose,20260850,plane,vel,-0.23658505415742567,262148.90534707694
X3-loose,20260850,plane,pos,-0.07897473471742496,55334.099019221496
X3-loose,20260850,plane,vel,-0.23093138636972588,55334.099019221496
X3-loose,20260850,plane,pos,2.1878009599210624,7879741.534361409
X3-loose,20260850,plane,vel,1.2719414230238195,7879741.534361409
X3-loose,20260850,range,pos,-0.1519345575347555,408131.1453426964
X3-loose,20260850,range,vel,0.5615379796387656,408131.1453426964
X3-loose,20260850,range,pos,0.6151628492696122,246016.1602587873
X3-loose,20260850,range,vel,1.6427557160797015,246016.1602587873
X3-loose,20260850,range,pos,-39.9003312018076,353740.7578180142
X3-loose,20260850,range,vel,29.777952706259292,353740.7578180142
X3-loose,20260850,range,pos,2.508202469333803,5092307.896825363
X3-loose,20260850,range,vel,1.8551297885276703,5092307.896825363
X3-loose,20260850,range,pos,0.7719509910692437,825158.7162074504
X3-loose,20260850,range,vel,-0.45106683719780005,825158.7162074504
X3-loose,20260850,range,pos,-0.7879672292124976,152757.21292414702
X3-loose,20260850,range,vel,0.7561541818561974,152757.21292414702
X3-loose,20260850,range,pos,-0.017943030794643187,604590.7695100745
X3-loose,20260850,range,vel,-0.3631294074777443,604590.7695100745
X3-loose,20260850,range,pos,0.7360592350350476,1583013.5436492588
X3-loose,20260850,range,vel,-1.195006015686159,1583013.5436492588
X3-loose,20260850,inplane,pos,0.9893973481381362,408131.1453426964
X3-loose,20260850,inplane,vel,0.2643210059563702,408131.1453426964
X3-loose,20260850,inplane,pos,1.4573316481136094,246016.1602587873
X3-loose,20260850,inplane,vel,0.8833667141078184,246016.1602587873
X3-loose,20260850,inplane,pos,-0.38703443586929814,353740.7578180142
X3-loose,20260850,inplane,vel,-35.8231240732255,353740.7578180142
X3-loose,20260850,inplane,pos,-2.400511448737722,5092307.896825363
X3-loose,20260850,inplane,vel,2.392728998753747,5092307.896825363
X3-loose,20260850,inplane,pos,0.9393853828840656,825158.7162074504
X3-loose,20260850,inplane,vel,0.8187432114168064,825158.7162074504
X3-loose,20260850,inplane,pos,-0.1865334286722538,152757.21292414702
X3-loose,20260850,inplane,vel,-0.5355225018808796,152757.21292414702
X3-loose,20260850,inplane,pos,-0.37967001568835296,604590.7695100745
X3-loose,20260850,inplane,vel,-0.05655497352103988,604590.7695100745
X3-loose,20260850,inplane,pos,-0.2593170035757598,1583013.5436492588
X3-loose,20260850,inplane,vel,0.6975299655836442,1583013.5436492588
X3-loose,20260850,plane,pos,-1.2568565422734517,408131.1453426964
X3-loose,20260850,plane,vel,-0.13401120541487735,408131.1453426964
X3-loose,20260850,plane,pos,0.12869125145222007,246016.1602587873
X3-loose,20260850,plane,vel,-0.1888640282000677,246016.1602587873
X3-loose,20260850,plane,pos,3.1373873065304503,353740.7578180142
X3-loose,20260850,plane,vel,7.695452092934402,353740.7578180142
X3-loose,20260850,plane,pos,-1.4022540315773204,5092307.896825363
X3-loose,20260850,plane,vel,-0.3690456743870563,5092307.896825363
X3-loose,20260850,plane,pos,0.830021670126708,825158.7162074504
X3-loose,20260850,plane,vel,-0.8717338039456599,825158.7162074504
X3-loose,20260850,plane,pos,-2.142722549262671,152757.21292414702
X3-loose,20260850,plane,vel,-0.12147709563747786,152757.21292414702
X3-loose,20260850,plane,pos,0.4404589432664734,604590.7695100745
X3-loose,20260850,plane,vel,0.17654205163158618,604590.7695100745
X3-loose,20260850,plane,pos,-1.5197181410254241,1583013.5436492588
X3-loose,20260850,plane,vel,1.5973369883226287,1583013.5436492588
X3-loose,20260850,range,pos,0.3999461691901492,231356.20592096887
X3-loose,20260850,range,vel,-0.17261954798073811,231356.20592096887
X3-loose,20260850,range,pos,-0.40653559621291524,3547954.3545747544
X3-loose,20260850,range,vel,0.32264373517191874,3547954.3545747544
X3-loose,20260850,range,pos,-0.873083576978209,1973497.597059721
X3-loose,20260850,range,vel,0.02317918994859817,1973497.597059721
X3-loose,20260850,range,pos,0.8250824485238629,85522.19002620273
X3-loose,20260850,range,vel,0.7286797403637513,85522.19002620273
X3-loose,20260850,range,pos,-0.8508131949597999,2416302.1129055037
X3-loose,20260850,range,vel,-1.9332966097243807,2416302.1129055037
X3-loose,20260850,range,pos,0.5111668617803659,3464228.800054319
X3-loose,20260850,range,vel,-0.13702408977461483,3464228.800054319
X3-loose,20260850,range,pos,0.2787706127093524,2516084.1724077365
X3-loose,20260850,range,vel,-0.4006996368849192,2516084.1724077365
X3-loose,20260850,range,pos,-0.6856413412987293,1333154.4156964323
X3-loose,20260850,range,vel,0.5825174871666684,1333154.4156964323
X3-loose,20260850,inplane,pos,0.14255223658591218,231356.20592096887
X3-loose,20260850,inplane,vel,-0.011014576984319019,231356.20592096887
X3-loose,20260850,inplane,pos,-0.43475013212260805,3547954.3545747544
X3-loose,20260850,inplane,vel,-0.5622612962804084,3547954.3545747544
X3-loose,20260850,inplane,pos,-0.7357425001585602,1973497.597059721
X3-loose,20260850,inplane,vel,-0.7962867871781683,1973497.597059721
X3-loose,20260850,inplane,pos,0.34910520246395066,85522.19002620273
X3-loose,20260850,inplane,vel,0.7020521562649671,85522.19002620273
X3-loose,20260850,inplane,pos,-1.6287047747466923,2416302.1129055037
X3-loose,20260850,inplane,vel,-0.7659217381873454,2416302.1129055037
X3-loose,20260850,inplane,pos,-0.961432672726591,3464228.800054319
X3-loose,20260850,inplane,vel,0.5549403545850995,3464228.800054319
X3-loose,20260850,inplane,pos,-0.110990476400454,2516084.1724077365
X3-loose,20260850,inplane,vel,0.11972211949900154,2516084.1724077365
X3-loose,20260850,inplane,pos,-1.2038537085250969,1333154.4156964323
X3-loose,20260850,inplane,vel,-0.698521618798955,1333154.4156964323
X3-loose,20260850,plane,pos,-0.10844205152677824,231356.20592096887
X3-loose,20260850,plane,vel,0.0036980148278831725,231356.20592096887
X3-loose,20260850,plane,pos,0.09453332906352033,3547954.3545747544
X3-loose,20260850,plane,vel,-0.6093115468065377,3547954.3545747544
X3-loose,20260850,plane,pos,-1.1477009259119202,1973497.597059721
X3-loose,20260850,plane,vel,-0.49284078851413304,1973497.597059721
X3-loose,20260850,plane,pos,1.0384886518836045,85522.19002620273
X3-loose,20260850,plane,vel,0.13457286360150392,85522.19002620273
X3-loose,20260850,plane,pos,1.8812585049498056,2416302.1129055037
X3-loose,20260850,plane,vel,-1.2976415367894236,2416302.1129055037
X3-loose,20260850,plane,pos,0.41735667947717864,3464228.800054319
X3-loose,20260850,plane,vel,-1.0499472902367406,3464228.800054319
X3-loose,20260850,plane,pos,0.9506721564284851,2516084.1724077365
X3-loose,20260850,plane,vel,0.13357987152573764,2516084.1724077365
X3-loose,20260850,plane,pos,0.5814721390770718,1333154.4156964323
X3-loose,20260850,plane,vel,0.4892672033646373,1333154.4156964323
X3-loose,20260850,range,pos,-1.3543345925228845,137317.7686153399
X3-loose,20260850,range,vel,0.7316220984051637,137317.7686153399
X3-loose,20260850,range,pos,0.551156776634216,191163.99407896667
X3-loose,20260850,range,vel,0.9995623139789089,191163.99407896667
X3-loose,20260850,range,pos,-0.732369318470319,691804.7354849782
X3-loose,20260850,range,vel,-1.4269897792433202,691804.7354849782
X3-loose,20260850,range,pos,-0.7182249740648139,1461883.286142088
X3-loose,20260850,range,vel,-0.21650160161079807,1461883.286142088
X3-loose,20260850,range,pos,0.5068568418772608,390706.4441143754
X3-loose,20260850,range,vel,0.31606418100046285,390706.4441143754
X3-loose,20260850,range,pos,-0.6307719070230688,104825.09833286532
X3-loose,20260850,range,vel,-0.4747161240941551,104825.09833286532
X3-loose,20260850,range,pos,-0.5208098934284798,164372.74347954427
X3-loose,20260850,range,vel,0.7427949087010033,164372.74347954427
X3-loose,20260850,inplane,pos,0.5930418599100546,137317.7686153399
X3-loose,20260850,inplane,vel,-0.9038536628930339,137317.7686153399
X3-loose,20260850,inplane,pos,1.1402604366534947,191163.99407896667
X3-loose,20260850,inplane,vel,0.768310573804952,191163.99407896667
X3-loose,20260850,inplane,pos,-1.4666735922865968,691804.7354849782
X3-loose,20260850,inplane,vel,-0.733942488321711,691804.7354849782
X3-loose,20260850,inplane,pos,-0.5035795800783271,1461883.286142088
X3-loose,20260850,inplane,vel,-0.6342218859621528,1461883.286142088
X3-loose,20260850,inplane,pos,0.15793478382009915,390706.4441143754
X3-loose,20260850,inplane,vel,0.4067956244131561,390706.4441143754
X3-loose,20260850,inplane,pos,0.3820277269602216,104825.09833286532
X3-loose,20260850,inplane,vel,-0.5238842181603217,104825.09833286532
X3-loose,20260850,inplane,pos,0.646351263862869,164372.74347954427
X3-loose,20260850,inplane,vel,-0.7995654171739184,164372.74347954427
X3-loose,20260850,plane,pos,-1.4826583500639505,137317.7686153399
X3-loose,20260850,plane,vel,1.354566302225822,137317.7686153399
X3-loose,20260850,plane,pos,0.48577247542225604,191163.99407896667
X3-loose,20260850,plane,vel,-0.8453086278302485,191163.99407896667
X3-loose,20260850,plane,pos,0.7286548520359741,691804.7354849782
X3-loose,20260850,plane,vel,1.4418833087382088,691804.7354849782
X3-loose,20260850,plane,pos,-0.3260949069126178,1461883.286142088
X3-loose,20260850,plane,vel,0.9457904501165442,1461883.286142088
X3-loose,20260850,plane,pos,-0.42531034013213775,390706.4441143754
X3-loose,20260850,plane,vel,-0.8718417670623956,390706.4441143754
X3-loose,20260850,plane,pos,-1.0405058170062744,104825.09833286532
X3-loose,20260850,plane,vel,-1.049865729123698,104825.09833286532
X3-loose,20260850,plane,pos,-1.4454117560559614,164372.74347954427
X3-loose,20260850,plane,vel,-0.7480200134432855,164372.74347954427
X3-loose,20260850,range,pos,-1.7881069245103276,9812642.749071073
X3-loose,20260850,range,vel,1.944523801633992,9812642.749071073
X3-loose,20260850,range,pos,0.2427204838577531,1188190.027702453
X3-loose,20260850,range,vel,0.0643117791695694,1188190.027702453
X3-loose,20260850,range,pos,-0.18201910302329594,2433576.9899124233
X3-loose,20260850,range,vel,0.5491422534263477,2433576.9899124233
X3-loose,20260850,range,pos,-0.606911149319248,34617.95137305307
X3-loose,20260850,range,vel,1.2570340825416897,34617.95137305307
X3-loose,20260850,range,pos,2.267049141763645,231521.79274559772
X3-loose,20260850,range,vel,1.559838842678058,231521.79274559772
X3-loose,20260850,range,pos,-0.21493035191259507,393615.37211904384
X3-loose,20260850,range,vel,-0.658277937532199,393615.37211904384
X3-loose,20260850,range,pos,1.6339957163564878,1440248.8658883888
X3-loose,20260850,range,vel,0.8610850144392892,1440248.8658883888
X3-loose,20260850,range,pos,0.4018694879622689,85670.84419365111
X3-loose,20260850,range,vel,0.5868018730188231,85670.84419365111
X3-loose,20260850,inplane,pos,-1.8843983068286196,9812642.749071073
X3-loose,20260850,inplane,vel,-2.0369584849307665,9812642.749071073
X3-loose,20260850,inplane,pos,-0.10191066139936933,1188190.027702453
X3-loose,20260850,inplane,vel,0.24287702450365603,1188190.027702453
X3-loose,20260850,inplane,pos,0.24595350473110061,2433576.9899124233
X3-loose,20260850,inplane,vel,-0.2323657808619572,2433576.9899124233
X3-loose,20260850,inplane,pos,1.0303107592349696,34617.95137305307
X3-loose,20260850,inplane,vel,1.5992700872399355,34617.95137305307
X3-loose,20260850,inplane,pos,1.029988179905021,231521.79274559772
X3-loose,20260850,inplane,vel,1.9894112330763742,231521.79274559772
X3-loose,20260850,inplane,pos,-0.7549235308200719,393615.37211904384
X3-loose,20260850,inplane,vel,-0.4864016495421296,393615.37211904384
X3-loose,20260850,inplane,pos,-0.7825579045462551,1440248.8658883888
X3-loose,20260850,inplane,vel,1.6600546335773845,1440248.8658883888
X3-loose,20260850,inplane,pos,0.2905590636770515,85670.84419365111
X3-loose,20260850,inplane,vel,-0.8329429611724557,85670.84419365111
X3-loose,20260850,plane,pos,-0.05552166961863291,9812642.749071073
X3-loose,20260850,plane,vel,0.41253079343296045,9812642.749071073
X3-loose,20260850,plane,pos,-0.5039462113626003,1188190.027702453
X3-loose,20260850,plane,vel,-0.35988287815667697,1188190.027702453
X3-loose,20260850,plane,pos,0.5962659133107924,2433576.9899124233
X3-loose,20260850,plane,vel,1.2588679548056338,2433576.9899124233
X3-loose,20260850,plane,pos,0.8754810662668866,34617.95137305307
X3-loose,20260850,plane,vel,0.4133215637783332,34617.95137305307
X3-loose,20260850,plane,pos,1.2815275366205139,231521.79274559772
X3-loose,20260850,plane,vel,0.868215470231946,231521.79274559772
X3-loose,20260850,plane,pos,0.13063734624128542,393615.37211904384
X3-loose,20260850,plane,vel,-0.8023558463114414,393615.37211904384
X3-loose,20260850,plane,pos,0.838345619788705,1440248.8658883888
X3-loose,20260850,plane,vel,-0.5029826509529987,1440248.8658883888
X3-loose,20260850,plane,pos,0.19951551401644047,85670.84419365111
X3-loose,20260850,plane,vel,-0.15655096440870733,85670.84419365111
X3-loose,20260850,range,pos,0.232184106339634,205708.93845633356
X3-loose,20260850,range,vel,-0.3509319111648609,205708.93845633356
X3-loose,20260850,range,pos,2.2814829581060847,109996.59839458576
X3-loose,20260850,range,vel,2.197640026584737,109996.59839458576
X3-loose,20260850,range,pos,0.6413889971232487,114784.28871452296
X3-loose,20260850,range,vel,0.12290161754353485,114784.28871452296
X3-loose,20260850,range,pos,0.7353126660358548,59705.13010593269
X3-loose,20260850,range,vel,1.0510509822855059,59705.13010593269
X3-loose,20260850,range,pos,2.1306304246779755,4592533.620378524
X3-loose,20260850,range,vel,2.7436976190704097,4592533.620378524
X3-loose,20260850,range,pos,-0.9257818125126238,7528067.105234661
X3-loose,20260850,range,vel,0.780217752800219,7528067.105234661
X3-loose,20260850,range,pos,-0.8381653248084733,506872.8017819529
X3-loose,20260850,range,vel,1.2226431975206795,506872.8017819529
X3-loose,20260850,range,pos,0.30846961406341716,412417.2035106706
X3-loose,20260850,range,vel,2.1946936804654777,412417.2035106706
X3-loose,20260850,inplane,pos,-0.2513709655173355,205708.93845633356
X3-loose,20260850,inplane,vel,-0.018800951040667157,205708.93845633356
X3-loose,20260850,inplane,pos,1.3091218859773366,109996.59839458576
X3-loose,20260850,inplane,vel,2.272900316874176,109996.59839458576
X3-loose,20260850,inplane,pos,0.015113015555848586,114784.28871452296
X3-loose,20260850,inplane,vel,0.2066052326720323,114784.28871452296
X3-loose,20260850,inplane,pos,0.373044308186571,59705.13010593269
X3-loose,20260850,inplane,vel,0.8891342419263955,59705.13010593269
X3-loose,20260850,inplane,pos,-1.3190567587938355,4592533.620378524
X3-loose,20260850,inplane,vel,2.1595366318358225,4592533.620378524
X3-loose,20260850,inplane,pos,-1.190687718097406,7528067.105234661
X3-loose,20260850,inplane,vel,-1.2513598911372044,7528067.105234661
X3-loose,20260850,inplane,pos,-0.1924597130725367,506872.8017819529
X3-loose,20260850,inplane,vel,-1.2287948666866153,506872.8017819529
X3-loose,20260850,inplane,pos,2.2073847557814266,412417.2035106706
X3-loose,20260850,inplane,vel,0.36853867644386945,412417.2035106706
X3-loose,20260850,plane,pos,-0.05547593660143373,205708.93845633356
X3-loose,20260850,plane,vel,-0.20496674479340676,205708.93845633356
X3-loose,20260850,plane,pos,2.436064139263357,109996.59839458576
X3-loose,20260850,plane,vel,1.2921190643829634,109996.59839458576
X3-loose,20260850,plane,pos,-0.1835619700784658,114784.28871452296
X3-loose,20260850,plane,vel,0.11398778098303088,114784.28871452296
X3-loose,20260850,plane,pos,-0.12304892513626595,59705.13010593269
X3-loose,20260850,plane,vel,0.26446232372508083,59705.13010593269
X3-loose,20260850,plane,pos,0.1613465078732919,4592533.620378524
X3-loose,20260850,plane,vel,1.0630797592622196,4592533.620378524
X3-loose,20260850,plane,pos,-0.4113198976807416,7528067.105234661
X3-loose,20260850,plane,vel,1.1632022175491197,7528067.105234661
X3-loose,20260850,plane,pos,-0.4386994962589374,506872.8017819529
X3-loose,20260850,plane,vel,-0.4683007535521914,506872.8017819529
X3-loose,20260850,plane,pos,-1.6432807142458719,412417.2035106706
X3-loose,20260850,plane,vel,-1.5512638006820931,412417.2035106706
X3-loose,20260857,range,pos,0.46478756610967686,385587.9866284481
X3-loose,20260857,range,vel,-2.133294294878199,385587.9866284481
X3-loose,20260857,range,pos,-0.34841657086383987,89523.89720384787
X3-loose,20260857,range,vel,1.1868284517278846,89523.89720384787
X3-loose,20260857,range,pos,-2.3468831816978506,56009.20974719487
X3-loose,20260857,range,vel,0.09053113875233647,56009.20974719487
X3-loose,20260857,range,pos,0.8443846338480778,225483.3657344124
X3-loose,20260857,range,vel,2.407748454161023,225483.3657344124
X3-loose,20260857,range,pos,2.643487406944318,728867.2591339989
X3-loose,20260857,range,vel,-2.6738141335413332,728867.2591339989
X3-loose,20260857,range,pos,-1.4209760753332157,10855533.534279091
X3-loose,20260857,range,vel,-1.4668088938128632,10855533.534279091
X3-loose,20260857,range,pos,-1.1897908661098462,325586.8846517154
X3-loose,20260857,range,vel,0.46422631498782646,325586.8846517154
X3-loose,20260857,range,pos,-0.8984310467171991,637460.2458654084
X3-loose,20260857,range,vel,0.5384283148001469,637460.2458654084
X3-loose,20260857,inplane,pos,-1.9819939476198494,385587.9866284481
X3-loose,20260857,inplane,vel,0.24222902702334154,385587.9866284481
X3-loose,20260857,inplane,pos,0.35287590959325743,89523.89720384787
X3-loose,20260857,inplane,vel,1.6515848561968338,89523.89720384787
X3-loose,20260857,inplane,pos,-2.1115918511551737,56009.20974719487
X3-loose,20260857,inplane,vel,-1.9794098843549268,56009.20974719487
X3-loose,20260857,inplane,pos,2.3740749169630684,225483.3657344124
X3-loose,20260857,inplane,vel,1.2078035974252108,225483.3657344124
X3-loose,20260857,inplane,pos,0.30271452343716443,728867.2591339989
X3-loose,20260857,inplane,vel,2.4099952760343477,728867.2591339989
X3-loose,20260857,inplane,pos,1.4326581571632175,10855533.534279091
X3-loose,20260857,inplane,vel,-1.466745134673372,10855533.534279091
X3-loose,20260857,inplane,pos,-1.150977709479391,325586.8846517154
X3-loose,20260857,inplane,vel,-1.406956190666736,325586.8846517154
X3-loose,20260857,inplane,pos,0.36694362934737873,637460.2458654084
X3-loose,20260857,inplane,vel,-0.9442125391422914,637460.2458654084
X3-loose,20260857,plane,pos,-1.5034454377295254,385587.9866284481
X3-loose,20260857,plane,vel,0.12777803436108304,385587.9866284481
X3-loose,20260857,plane,pos,1.4941530911319263,89523.89720384787
X3-loose,20260857,plane,vel,0.866536748104352,89523.89720384787
X3-loose,20260857,plane,pos,-1.1095863794406686,56009.20974719487
X3-loose,20260857,plane,vel,-1.5359325011691598,56009.20974719487
X3-loose,20260857,plane,pos,-0.5218330068043192,225483.3657344124
X3-loose,20260857,plane,vel,0.04442474993562015,225483.3657344124
X3-loose,20260857,plane,pos,-0.9682187763272779,728867.2591339989
X3-loose,20260857,plane,vel,1.591142031924289,728867.2591339989
X3-loose,20260857,plane,pos,-0.4061059255709375,10855533.534279091
X3-loose,20260857,plane,vel,-0.16582655910634977,10855533.534279091
X3-loose,20260857,plane,pos,-0.3560085958406949,325586.8846517154
X3-loose,20260857,plane,vel,-0.292107891120098,325586.8846517154
X3-loose,20260857,plane,pos,1.089089587784396,637460.2458654084
X3-loose,20260857,plane,vel,0.24526669527592793,637460.2458654084
X3-loose,20260857,range,pos,-0.4811524955954263,189252.2315044422
X3-loose,20260857,range,vel,0.16250098318621964,189252.2315044422
X3-loose,20260857,range,pos,0.18057378117583697,10468617.40763298
X3-loose,20260857,range,vel,0.28682880924319615,10468617.40763298
X3-loose,20260857,range,pos,0.6224826191446221,1982244.0901607256
X3-loose,20260857,range,vel,0.47345631960422935,1982244.0901607256
X3-loose,20260857,range,pos,0.5203372014017963,275106.81444893865
X3-loose,20260857,range,vel,-0.5878056473597513,275106.81444893865
X3-loose,20260857,range,pos,0.0715336602249399,208212.59369773115
X3-loose,20260857,range,vel,1.9836170212547657,208212.59369773115
X3-loose,20260857,range,pos,-0.2536271618556049,8758710.25462824
X3-loose,20260857,range,vel,0.4372876879354585,8758710.25462824
X3-loose,20260857,range,pos,0.7977008104703254,3120211.9318076917
X3-loose,20260857,range,vel,0.1578026752277843,3120211.9318076917
X3-loose,20260857,inplane,pos,1.2186087717271759,189252.2315044422
X3-loose,20260857,inplane,vel,0.16802478229106926,189252.2315044422
X3-loose,20260857,inplane,pos,-0.16485184350374082,10468617.40763298
X3-loose,20260857,inplane,vel,-0.443949287244367,10468617.40763298
X3-loose,20260857,inplane,pos,0.3527364998342693,1982244.0901607256
X3-loose,20260857,inplane,vel,0.4416088825029855,1982244.0901607256
X3-loose,20260857,inplane,pos,-0.5614456603138205,275106.81444893865
X3-loose,20260857,inplane,vel,0.37329083624705234,275106.81444893865
X3-loose,20260857,inplane,pos,1.8726491025184957,208212.59369773115
X3-loose,20260857,inplane,vel,0.21349734174812726,208212.59369773115
X3-loose,20260857,inplane,pos,-0.47618716226631286,8758710.25462824
X3-loose,20260857,inplane,vel,-0.6424443775945183,8758710.25462824
X3-loose,20260857,inplane,pos,-1.0431911251755936,3120211.9318076917
X3-loose,20260857,inplane,vel,0.6494474269678813,3120211.9318076917
X3-loose,20260857,plane,pos,-0.16557748447488355,189252.2315044422
X3-loose,20260857,plane,vel,-0.7561276035852543,189252.2315044422
X3-loose,20260857,plane,pos,1.0520128453744009,10468617.40763298
X3-loose,20260857,plane,vel,-0.8043354651223588,10468617.40763298
X3-loose,20260857,plane,pos,0.2013749443047567,1982244.0901607256
X3-loose,20260857,plane,vel,-1.683744497273821,1982244.0901607256
X3-loose,20260857,plane,pos,1.2502292958380183,275106.81444893865
X3-loose,20260857,plane,vel,-0.35111121255926375,275106.81444893865
X3-loose,20260857,plane,pos,0.5027184178107538,208212.59369773115
X3-loose,20260857,plane,vel,0.10108120603123882,208212.59369773115
X3-loose,20260857,plane,pos,0.8407558589469719,8758710.25462824
X3-loose,20260857,plane,vel,-0.4506994724503537,8758710.25462824
X3-loose,20260857,plane,pos,-0.09668496710834014,3120211.9318076917
X3-loose,20260857,plane,vel,0.8053548145243073,3120211.9318076917
X3-loose,20260857,range,pos,0.7091954344390585,3292541.4586791545
X3-loose,20260857,range,vel,0.32826738443393155,3292541.4586791545
X3-loose,20260857,range,pos,-0.998163813565768,14016156.837619426
X3-loose,20260857,range,vel,-0.0570840803637428,14016156.837619426
X3-loose,20260857,range,pos,-1.0403412620921002,4219328.541700184
X3-loose,20260857,range,vel,1.9862212394422198,4219328.541700184
X3-loose,20260857,range,pos,-1.1721992713449472,204738.79922919523
X3-loose,20260857,range,vel,1.0216063267561732,204738.79922919523
X3-loose,20260857,range,pos,-0.8063886200353895,166795.2071593494
X3-loose,20260857,range,vel,-0.7615473641381989,166795.2071593494
X3-loose,20260857,range,pos,-1.6879848353434685,434713.5037404234
X3-loose,20260857,range,vel,1.1198938245211973,434713.5037404234
X3-loose,20260857,range,pos,0.24154992192616226,151371.65044047392
X3-loose,20260857,range,vel,1.0862525126318332,151371.65044047392
X3-loose,20260857,range,pos,0.7847885846349458,280169.46344065695
X3-loose,20260857,range,vel,0.6043904225414146,280169.46344065695
X3-loose,20260857,inplane,pos,-0.8025130397793384,3292541.4586791545
X3-loose,20260857,inplane,vel,0.8661352768086518,3292541.4586791545
X3-loose,20260857,inplane,pos,-0.3207627896409185,14016156.837619426
X3-loose,20260857,inplane,vel,0.9495559459880847,14016156.837619426
X3-loose,20260857,inplane,pos,0.2978706067942838,4219328.541700184
X3-loose,20260857,inplane,vel,-0.7458897364996792,4219328.541700184
X3-loose,20260857,inplane,pos,-1.7146030121711546,204738.79922919523
X3-loose,20260857,inplane,vel,-1.6887543251419788,204738.79922919523
X3-loose,20260857,inplane,pos,-1.1340342674879746,166795.2071593494
X3-loose,20260857,inplane,vel,-0.9338493723514276,166795.2071593494
X3-loose,20260857,inplane,pos,-0.2977051828883434,434713.5037404234
X3-loose,20260857,inplane,vel,-0.5020393822117887,434713.5037404234
X3-loose,20260857,inplane,pos,0.7399248931030578,151371.65044047392
X3-loose,20260857,inplane,vel,0.8463807156005703,151371.65044047392
X3-loose,20260857,inplane,pos,0.786074706764356,280169.46344065695
X3-loose,20260857,inplane,vel,0.840660312092259,280169.46344065695
X3-loose,20260857,plane,pos,-0.8746073189739381,3292541.4586791545
X3-loose,20260857,plane,vel,-0.631427257098177,3292541.4586791545
X3-loose,20260857,plane,pos,1.178109764850427,14016156.837619426
X3-loose,20260857,plane,vel,0.9417201697467388,14016156.837619426
X3-loose,20260857,plane,pos,-0.8068131436623911,4219328.541700184
X3-loose,20260857,plane,vel,0.9474368174210638,4219328.541700184
X3-loose,20260857,plane,pos,0.2897815462849051,204738.79922919523
X3-loose,20260857,plane,vel,0.46674522828291254,204738.79922919523
X3-loose,20260857,plane,pos,0.35810653503335865,166795.2071593494
X3-loose,20260857,plane,vel,0.40660636280696566,166795.2071593494
X3-loose,20260857,plane,pos,-1.0533105605531687,434713.5037404234
X3-loose,20260857,plane,vel,-0.9740129182532791,434713.5037404234
X3-loose,20260857,plane,pos,-0.40542170989511256,151371.65044047392
X3-loose,20260857,plane,vel,1.6644132304500592,151371.65044047392
X3-loose,20260857,plane,pos,-0.16059780690277348,280169.46344065695
X3-loose,20260857,plane,vel,-0.6434926984557682,280169.46344065695
X3-loose,20260857,range,pos,0.2898852794833611,260134.0915363296
X3-loose,20260857,range,vel,-0.5722067094362239,260134.0915363296
X3-loose,20260857,range,pos,-0.6536961075421212,105252.16851507538
X3-loose,20260857,range,vel,-0.5973456736218238,105252.16851507538
X3-loose,20260857,range,pos,0.6752339529353513,10036937.18497084
X3-loose,20260857,range,vel,-0.0652547451477592,10036937.18497084
X3-loose,20260857,range,pos,-2.210048499642379,1195395.4993285355
X3-loose,20260857,range,vel,1.2967418716088068,1195395.4993285355
X3-loose,20260857,range,pos,-0.9338890431214999,384111.6995469425
X3-loose,20260857,range,vel,1.2474820719496675,384111.6995469425
X3-loose,20260857,range,pos,-0.22916461756515988,2556766.4578608857
X3-loose,20260857,range,vel,0.12059612125844202,2556766.4578608857
X3-loose,20260857,range,pos,0.7539639300961213,4058191.500459206
X3-loose,20260857,range,vel,0.2834856949982307,4058191.500459206
X3-loose,20260857,inplane,pos,-0.28475737471127005,260134.0915363296
X3-loose,20260857,inplane,vel,0.24307745080110102,260134.0915363296
X3-loose,20260857,inplane,pos,0.2834715120588745,105252.16851507538
X3-loose,20260857,inplane,vel,-0.7729810491745573,105252.16851507538
X3-loose,20260857,inplane,pos,-0.44601336738793007,10036937.18497084
X3-loose,20260857,inplane,vel,-1.1191459736667888,10036937.18497084
X3-loose,20260857,inplane,pos,-2.1821436178774465,1195395.4993285355
X3-loose,20260857,inplane,vel,-2.464402112349903,1195395.4993285355
X3-loose,20260857,inplane,pos,0.3014518059764787,384111.6995469425
X3-loose,20260857,inplane,vel,-0.3471192021621858,384111.6995469425
X3-loose,20260857,inplane,pos,-0.38385701066337213,2556766.4578608857
X3-loose,20260857,inplane,vel,-0.24036768385890905,2556766.4578608857
X3-loose,20260857,inplane,pos,-1.481752542172487,4058191.500459206
X3-loose,20260857,inplane,vel,1.0770812324317671,4058191.500459206
X3-loose,20260857,plane,pos,0.6195551424524494,260134.0915363296
X3-loose,20260857,plane,vel,0.4830962499427412,260134.0915363296
X3-loose,20260857,plane,pos,-0.05535078538750727,105252.16851507538
X3-loose,20260857,plane,vel,1.2373255590756445,105252.16851507538
X3-loose,20260857,plane,pos,0.43908319240466426,10036937.18497084
X3-loose,20260857,plane,vel,0.026771252124245755,10036937.18497084
X3-loose,20260857,plane,pos,-1.990669412652435,1195395.4993285355
X3-loose,20260857,plane,vel,0.20637783092847467,1195395.4993285355
X3-loose,20260857,plane,pos,0.6925236959384153,384111.6995469425
X3-loose,20260857,plane,vel,-1.0578111297491792,384111.6995469425
X3-loose,20260857,plane,pos,-1.7388937976181054,2556766.4578608857
X3-loose,20260857,plane,vel,0.44788288334927223,2556766.4578608857
X3-loose,20260857,plane,pos,-0.6250293101222186,4058191.500459206
X3-loose,20260857,plane,vel,-0.09155621314365224,4058191.500459206
X3-loose,20260857,range,pos,1.0138632351518124,176731.09698599708
X3-loose,20260857,range,vel,-0.8212050978356058,176731.09698599708
X3-loose,20260857,range,pos,-2.4017811041698938,704288.1933003439
X3-loose,20260857,range,vel,1.258668449817695,704288.1933003439
X3-loose,20260857,range,pos,1.6630746868616024,3578377.12045046
X3-loose,20260857,range,vel,-1.6533661495815046,3578377.12045046
X3-loose,20260857,range,pos,-0.7600503670905027,13437712.333692474
X3-loose,20260857,range,vel,-0.47406271986193665,13437712.333692474
X3-loose,20260857,range,pos,1.7354155970298344,1687123.992661208
X3-loose,20260857,range,vel,0.48894796602507395,1687123.992661208
X3-loose,20260857,range,pos,-1.5372724803343891,1915192.7803216414
X3-loose,20260857,range,vel,-1.5566202002422584,1915192.7803216414
X3-loose,20260857,range,pos,-0.7520880419595285,10788172.790532853
X3-loose,20260857,range,vel,-0.5398784566181587,10788172.790532853
X3-loose,20260857,range,pos,0.47824388167949217,2920917.513387511
X3-loose,20260857,range,vel,1.3561828707724175,2920917.513387511
X3-loose,20260857,inplane,pos,0.4988605882652623,176731.09698599708
X3-loose,20260857,inplane,vel,-0.7512255378149582,176731.09698599708
X3-loose,20260857,inplane,pos,-2.376759984799032,704288.1933003439
X3-loose,20260857,inplane,vel,-2.8733627176276038,704288.1933003439
X3-loose,20260857,inplane,pos,1.6145609623030788,3578377.12045046
X3-loose,20260857,inplane,vel,1.6388374823809069,3578377.12045046
X3-loose,20260857,inplane,pos,0.08648558414307814,13437712.333692474
X3-loose,20260857,inplane,vel,0.5498285023440672,13437712.333692474
X3-loose,20260857,inplane,pos,-0.24665523052370641,1687123.992661208
X3-loose,20260857,inplane,vel,1.8277212087790842,1687123.992661208
X3-loose,20260857,inplane,pos,1.407737714263831,1915192.7803216414
X3-loose,20260857,inplane,vel,-1.4861299119630107,1915192.7803216414
X3-loose,20260857,inplane,pos,0.6996265858915187,10788172.790532853
X3-loose,20260857,inplane,vel,-0.38799747042007904,10788172.790532853
X3-loose,20260857,inplane,pos,2.0472123497326153,2920917.513387511
X3-loose,20260857,inplane,vel,0.7116803172053482,2920917.513387511
X3-loose,20260857,plane,pos,0.6813027453742405,176731.09698599708
X3-loose,20260857,plane,vel,0.41279568476326556,176731.09698599708
X3-loose,20260857,plane,pos,0.3611848060144463,704288.1933003439
X3-loose,20260857,plane,vel,2.021953957355897,704288.1933003439
X3-loose,20260857,plane,pos,1.3903461548610032,3578377.12045046
X3-loose,20260857,plane,vel,0.08491051386717856,3578377.12045046
X3-loose,20260857,plane,pos,0.3609753142758486,13437712.333692474
X3-loose,20260857,plane,vel,-1.1899147679632112,13437712.333692474
X3-loose,20260857,plane,pos,-0.028123920131760852,1687123.992661208
X3-loose,20260857,plane,vel,0.2672311989501681,1687123.992661208
X3-loose,20260857,plane,pos,0.5350992608844243,1915192.7803216414
X3-loose,20260857,plane,vel,0.3480279839830555,1915192.7803216414
X3-loose,20260857,plane,pos,-0.7792946964983102,10788172.790532853
X3-loose,20260857,plane,vel,-0.3394726105781769,10788172.790532853
X3-loose,20260857,plane,pos,0.6256357588872687,2920917.513387511
X3-loose,20260857,plane,vel,0.7120815226979155,2920917.513387511
X3-loose,20260857,range,pos,1.177540034196284,2122513.296203253
X3-loose,20260857,range,vel,-1.6933714047061692,2122513.296203253
X3-loose,20260857,range,pos,1.2055593480910276,275682.85001009103
X3-loose,20260857,range,vel,-1.1766994371339963,275682.85001009103
X3-loose,20260857,range,pos,1.1009021994375536,83674.71228154194
X3-loose,20260857,range,vel,-0.7068321443640636,83674.71228154194
X3-loose,20260857,range,pos,-1.1216819605435389,70515.34001875174
X3-loose,20260857,range,vel,-1.3040421505207582,70515.34001875174
X3-loose,20260857,range,pos,1.6013960588122513,4652271.042589536
X3-loose,20260857,range,vel,-1.3702115270165331,4652271.042589536
X3-loose,20260857,range,pos,-0.6616510300568886,332060.17771226726
X3-loose,20260857,range,vel,0.9991673936874158,332060.17771226726
X3-loose,20260857,range,pos,-0.45866994769214037,267122.25149046653
X3-loose,20260857,range,vel,-0.413503383721713,267122.25149046653
X3-loose,20260857,range,pos,0.270232150652409,13216743.17896476
X3-loose,20260857,range,vel,-1.0595734290880232,13216743.17896476
X3-loose,20260857,inplane,pos,0.2738186895677602,2122513.296203253
X3-loose,20260857,inplane,vel,1.1075177819874586,2122513.296203253
X3-loose,20260857,inplane,pos,-0.27837236520872727,275682.85001009103
X3-loose,20260857,inplane,vel,1.0226475514932432,275682.85001009103
X3-loose,20260857,inplane,pos,1.5345152131033855,83674.71228154194
X3-loose,20260857,inplane,vel,1.2835996441453716,83674.71228154194
X3-loose,20260857,inplane,pos,0.6515264227861,70515.34001875174
X3-loose,20260857,inplane,vel,-1.322527753607025,70515.34001875174
X3-loose,20260857,inplane,pos,1.1742923701053374,4652271.042589536
X3-loose,20260857,inplane,vel,1.6300459009575883,4652271.042589536
X3-loose,20260857,inplane,pos,0.6134499584722654,332060.17771226726
X3-loose,20260857,inplane,vel,-0.6792544113997969,332060.17771226726
X3-loose,20260857,inplane,pos,-0.34480242616418655,267122.25149046653
X3-loose,20260857,inplane,vel,-0.4165092805130113,267122.25149046653
X3-loose,20260857,inplane,pos,0.8546852743413804,13216743.17896476
X3-loose,20260857,inplane,vel,0.7247122561560675,13216743.17896476
X3-loose,20260857,plane,pos,0.07572443644573167,2122513.296203253
X3-loose,20260857,plane,vel,0.6217621878282672,2122513.296203253
X3-loose,20260857,plane,pos,-0.8623254071442424,275682.85001009103
X3-loose,20260857,plane,vel,-0.041112587476143235,275682.85001009103
X3-loose,20260857,plane,pos,-0.5606341320753557,83674.71228154194
X3-loose,20260857,plane,vel,0.4010986979343878,83674.71228154194
X3-loose,20260857,plane,pos,-0.2890349925949099,70515.34001875174
X3-loose,20260857,plane,vel,1.283572091833939,70515.34001875174
X3-loose,20260857,plane,pos,-1.0878225989515231,4652271.042589536
X3-loose,20260857,plane,vel,0.5705556364634145,4652271.042589536
X3-loose,20260857,plane,pos,-0.6049439168978367,332060.17771226726
X3-loose,20260857,plane,vel,0.9240560346965504,332060.17771226726
X3-loose,20260857,plane,pos,-0.5449815024785242,267122.25149046653
X3-loose,20260857,plane,vel,0.2673362374548614,267122.25149046653
X3-loose,20260857,plane,pos,0.10044348088206424,13216743.17896476
X3-loose,20260857,plane,vel,0.472652431184497,13216743.17896476
X3-loose,20260864,range,pos,-0.2670626596553374,255370.83624892775
X3-loose,20260864,range,vel,0.029106284707474072,255370.83624892775
X3-loose,20260864,range,pos,0.5610367025774307,70548.38030815744
X3-loose,20260864,range,vel,0.6904333933942237,70548.38030815744
X3-loose,20260864,range,pos,0.01671117037731894,216630.35060315003
X3-loose,20260864,range,vel,-0.16004086802433734,216630.35060315003
X3-loose,20260864,range,pos,-0.6421268250218665,93584.0240111409
X3-loose,20260864,range,vel,-1.1567807734927977,93584.0240111409
X3-loose,20260864,range,pos,-1.0863005375996138,663566.3814479371
X3-loose,20260864,range,vel,1.1836539622156155,663566.3814479371
X3-loose,20260864,range,pos,-0.12353033957447417,371936.5887433286
X3-loose,20260864,range,vel,2.0380747622249293,371936.5887433286
X3-loose,20260864,range,pos,-0.011748494076351796,263838.3185065198
X3-loose,20260864,range,vel,-0.13790022024569237,263838.3185065198
X3-loose,20260864,range,pos,0.37102405229545166,144825.92343620275
X3-loose,20260864,range,vel,0.10509609664314296,144825.92343620275
X3-loose,20260864,inplane,pos,-0.26110578163217946,255370.83624892775
X3-loose,20260864,inplane,vel,-0.2936424336644156,255370.83624892775
X3-loose,20260864,inplane,pos,1.1844044267264684,70548.38030815744
X3-loose,20260864,inplane,vel,0.7495363085066917,70548.38030815744
X3-loose,20260864,inplane,pos,0.3880635706166123,216630.35060315003
X3-loose,20260864,inplane,vel,0.502347315879265,216630.35060315003
X3-loose,20260864,inplane,pos,-0.3456834994557745,93584.0240111409
X3-loose,20260864,inplane,vel,-0.06622813089710956,93584.0240111409
X3-loose,20260864,inplane,pos,-0.4524447093840554,663566.3814479371
X3-loose,20260864,inplane,vel,-0.77535861973724,663566.3814479371
X3-loose,20260864,inplane,pos,1.3822193834887466,371936.5887433286
X3-loose,20260864,inplane,vel,0.337957122884692,371936.5887433286
X3-loose,20260864,inplane,pos,-0.10972213777214393,263838.3185065198
X3-loose,20260864,inplane,vel,-0.09033474447769176,263838.3185065198
X3-loose,20260864,inplane,pos,0.5931918038141101,144825.92343620275
X3-loose,20260864,inplane,vel,0.29793774598099854,144825.92343620275
X3-loose,20260864,plane,pos,1.8690738428595444,255370.83624892775
X3-loose,20260864,plane,vel,0.30643825279042547,255370.83624892775
X3-loose,20260864,plane,pos,1.3161357551375077,70548.38030815744
X3-loose,20260864,plane,vel,1.0205592882295893,70548.38030815744
X3-loose,20260864,plane,pos,-2.1820986894858465,216630.35060315003
X3-loose,20260864,plane,vel,1.5730217837634954,216630.35060315003
X3-loose,20260864,plane,pos,3.139111618428362,93584.0240111409
X3-loose,20260864,plane,vel,2.2740760815744205,93584.0240111409
X3-loose,20260864,plane,pos,-0.20154037984036824,663566.3814479371
X3-loose,20260864,plane,vel,0.42260952499100946,663566.3814479371
X3-loose,20260864,plane,pos,-1.1029330351839597,371936.5887433286
X3-loose,20260864,plane,vel,-1.382720825278568,371936.5887433286
X3-loose,20260864,plane,pos,-0.1064804266931613,263838.3185065198
X3-loose,20260864,plane,vel,0.5641949741596907,263838.3185065198
X3-loose,20260864,plane,pos,-0.3563878399422482,144825.92343620275
X3-loose,20260864,plane,vel,0.04678490864910925,144825.92343620275
X3-loose,20260864,range,pos,0.7415374947402252,945661.9681153336
X3-loose,20260864,range,vel,-0.02745765231446402,945661.9681153336
X3-loose,20260864,range,pos,0.13064526487057312,566967.6166252787
X3-loose,20260864,range,vel,0.3899928139988692,566967.6166252787
X3-loose,20260864,range,pos,0.12906623518988772,79067.10849099241
X3-loose,20260864,range,vel,0.35359162828359203,79067.10849099241
X3-loose,20260864,range,pos,-0.78818530120872,4700911.093505463
X3-loose,20260864,range,vel,0.39571303850672523,4700911.093505463
X3-loose,20260864,range,pos,0.09660528998488259,3253667.9417111753
X3-loose,20260864,range,vel,0.42617750259865916,3253667.9417111753
X3-loose,20260864,range,pos,1.6734397001639625,169158.5102294136
X3-loose,20260864,range,vel,-0.5323463321281972,169158.5102294136
X3-loose,20260864,range,pos,-0.10558474793609088,1333718.5536942312
X3-loose,20260864,range,vel,0.5240913627557751,1333718.5536942312
X3-loose,20260864,inplane,pos,-0.015095816594105084,945661.9681153336
X3-loose,20260864,inplane,vel,0.6387014775732912,945661.9681153336
X3-loose,20260864,inplane,pos,1.41694234647144,566967.6166252787
X3-loose,20260864,inplane,vel,0.09794382949463236,566967.6166252787
X3-loose,20260864,inplane,pos,1.190708794844726,79067.10849099241
X3-loose,20260864,inplane,vel,0.14071546519067762,79067.10849099241
X3-loose,20260864,inplane,pos,-0.869291151908561,4700911.093505463
X3-loose,20260864,inplane,vel,-0.7329256508579954,4700911.093505463
X3-loose,20260864,inplane,pos,0.5758211504352603,3253667.9417111753
X3-loose,20260864,inplane,vel,0.05137486406966412,3253667.9417111753
X3-loose,20260864,inplane,pos,1.4989246529082505,169158.5102294136
X3-loose,20260864,inplane,vel,2.1051861980057454,169158.5102294136
X3-loose,20260864,inplane,pos,0.4438123097251364,1333718.5536942312
X3-loose,20260864,inplane,vel,0.10994219857887227,1333718.5536942312
X3-loose,20260864,plane,pos,-0.18494581640831567,945661.9681153336
X3-loose,20260864,plane,vel,-0.8891741820932783,945661.9681153336
X3-loose,20260864,plane,pos,-1.1175127556623896,566967.6166252787
X3-loose,20260864,plane,vel,-0.7311843583043981,566967.6166252787
X3-loose,20260864,plane,pos,2.7846369913756512,79067.10849099241
X3-loose,20260864,plane,vel,0.8498312433992827,79067.10849099241
X3-loose,20260864,plane,pos,0.4587950866154876,4700911.093505463
X3-loose,20260864,plane,vel,-1.1888333158551254,4700911.093505463
X3-loose,20260864,plane,pos,0.9989295421861074,3253667.9417111753
X3-loose,20260864,plane,vel,-2.2971030010553726,3253667.9417111753
X3-loose,20260864,plane,pos,0.04040185921924978,169158.5102294136
X3-loose,20260864,plane,vel,-1.9981610036730453,169158.5102294136
X3-loose,20260864,plane,pos,0.3461698954267944,1333718.5536942312
X3-loose,20260864,plane,vel,-0.4346839987584568,1333718.5536942312
X3-loose,20260864,range,pos,0.29261001736460907,92661.17969522213
X3-loose,20260864,range,vel,0.701884225436128,92661.17969522213
X3-loose,20260864,range,pos,0.4957892385068785,1085738.7933218381
X3-loose,20260864,range,vel,-0.7537411541149224,1085738.7933218381
X3-loose,20260864,range,pos,1.3405412967357837,811270.157268258
X3-loose,20260864,range,vel,-1.0051579661051364,811270.157268258
X3-loose,20260864,range,pos,-0.9156099475692183,5221238.855605885
X3-loose,20260864,range,vel,1.1496231071258693,5221238.855605885
X3-loose,20260864,range,pos,0.22603999522868604,402291.6672891254
X3-loose,20260864,range,vel,-0.02428143678482456,402291.6672891254
X3-loose,20260864,range,pos,2.028682315221972,416119.74982017174
X3-loose,20260864,range,vel,-0.8076200933333287,416119.74982017174
X3-loose,20260864,range,pos,-0.38372950385033255,12325484.71087555
X3-loose,20260864,range,vel,-0.010822721603958205,12325484.71087555
X3-loose,20260864,range,pos,-2.016291097044093,11133889.744947521
X3-loose,20260864,range,vel,2.4953092731921953,11133889.744947521
X3-loose,20260864,inplane,pos,0.5392063259600407,92661.17969522213
X3-loose,20260864,inplane,vel,0.303584458826479,92661.17969522213
X3-loose,20260864,inplane,pos,0.23616668170684327,1085738.7933218381
X3-loose,20260864,inplane,vel,0.5874140189052791,1085738.7933218381
X3-loose,20260864,inplane,pos,-0.1455525852579512,811270.157268258
X3-loose,20260864,inplane,vel,1.2756484792974876,811270.157268258
X3-loose,20260864,inplane,pos,0.4406596473709902,5221238.855605885
X3-loose,20260864,inplane,vel,0.2923273672156496,5221238.855605885
X3-loose,20260864,inplane,pos,0.23107813699092727,402291.6672891254
X3-loose,20260864,inplane,vel,0.103253914649989,402291.6672891254
X3-loose,20260864,inplane,pos,2.1440826775791955,416119.74982017174
X3-loose,20260864,inplane,vel,2.167175146000339,416119.74982017174
X3-loose,20260864,inplane,pos,0.940859632685073,12325484.71087555
X3-loose,20260864,inplane,vel,-0.4570322461328273,12325484.71087555
X3-loose,20260864,inplane,pos,-2.166387809945126,11133889.744947521
X3-loose,20260864,inplane,vel,-2.049703538952124,11133889.744947521
X3-loose,20260864,plane,pos,0.43780337991752105,92661.17969522213
X3-loose,20260864,plane,vel,0.43697372611465585,92661.17969522213
X3-loose,20260864,plane,pos,0.9503301145372609,1085738.7933218381
X3-loose,20260864,plane,vel,0.9995938631920515,1085738.7933218381
X3-loose,20260864,plane,pos,-0.10004001730258903,811270.157268258
X3-loose,20260864,plane,vel,-0.19016723760544546,811270.157268258
X3-loose,20260864,plane,pos,-0.48148932173094633,5221238.855605885
X3-loose,20260864,plane,vel,-1.0012144723864322,5221238.855605885
X3-loose,20260864,plane,pos,-0.23044894256895795,402291.6672891254
X3-loose,20260864,plane,vel,0.25316898572008467,402291.6672891254
X3-loose,20260864,plane,pos,-1.3317443827210702,416119.74982017174
X3-loose,20260864,plane,vel,-2.109032746789602,416119.74982017174
X3-loose,20260864,plane,pos,1.1287800492664382,12325484.71087555
X3-loose,20260864,plane,vel,-0.3133345922132868,12325484.71087555
X3-loose,20260864,plane,pos,-1.2977709436614107,11133889.744947521
X3-loose,20260864,plane,vel,-0.7954154527624744,11133889.744947521
X3-loose,20260864,range,pos,0.7085313072546949,643546.0269949454
X3-loose,20260864,range,vel,-0.023821256315920497,643546.0269949454
X3-loose,20260864,range,pos,1.4401392394752317,49796.392029187205
X3-loose,20260864,range,vel,1.7233463327745495,49796.392029187205
X3-loose,20260864,range,pos,1.8704232546139243,57920.06256465185
X3-loose,20260864,range,vel,-2.5606747482386325,57920.06256465185
X3-loose,20260864,range,pos,-0.6037158051144066,8795046.814241879
X3-loose,20260864,range,vel,0.9604339699762338,8795046.814241879
X3-loose,20260864,range,pos,-0.8751200935450465,8421027.663237102
X3-loose,20260864,range,vel,-0.7535559005848557,8421027.663237102
X3-loose,20260864,range,pos,1.274991811100832,229073.35058568732
X3-loose,20260864,range,vel,2.08622839747224,229073.35058568732
X3-loose,20260864,range,pos,1.3003951611984006,307468.87676697114
X3-loose,20260864,range,vel,0.6159962776526601,307468.87676697114
X3-loose,20260864,inplane,pos,-0.7408602382001975,643546.0269949454
X3-loose,20260864,inplane,vel,0.7361313445424433,643546.0269949454
X3-loose,20260864,inplane,pos,1.5389976334416962,49796.392029187205
X3-loose,20260864,inplane,vel,1.6983117148533629,49796.392029187205
X3-loose,20260864,inplane,pos,1.5109594020279729,57920.06256465185
X3-loose,20260864,inplane,vel,-0.8406374594822544,57920.06256465185
X3-loose,20260864,inplane,pos,0.35827457286678627,8795046.814241879
X3-loose,20260864,inplane,vel,0.13571745044119052,8795046.814241879
X3-loose,20260864,inplane,pos,0.596943661066272,8421027.663237102
X3-loose,20260864,inplane,vel,-0.5268656165178458,8421027.663237102
X3-loose,20260864,inplane,pos,2.0291143312057085,229073.35058568732
X3-loose,20260864,inplane,vel,1.3217601993886767,229073.35058568732
X3-loose,20260864,inplane,pos,1.6582491111408197,307468.87676697114
X3-loose,20260864,inplane,vel,1.3681911958287223,307468.87676697114
X3-loose,20260864,plane,pos,1.0261370513704005,643546.0269949454
X3-loose,20260864,plane,vel,-0.8434044733848607,643546.0269949454
X3-loose,20260864,plane,pos,-1.5387285090922111,49796.392029187205
X3-loose,20260864,plane,vel,-0.7572375697085562,49796.392029187205
X3-loose,20260864,plane,pos,-1.0887457360709318,57920.06256465185
X3-loose,20260864,plane,vel,2.1397973100651426,57920.06256465185
X3-loose,20260864,plane,pos,0.12955060325157924,8795046.814241879
X3-loose,20260864,plane,vel,-0.7328006383005247,8795046.814241879
X3-loose,20260864,plane,pos,0.3763848179089377,8421027.663237102
X3-loose,20260864,plane,vel,0.06845323891241727,8421027.663237102
X3-loose,20260864,plane,pos,0.7281144225840732,229073.35058568732
X3-loose,20260864,plane,vel,-0.14807105997453499,229073.35058568732
X3-loose,20260864,plane,pos,1.7872504487446759,307468.87676697114
X3-loose,20260864,plane,vel,-0.41415339321059164,307468.87676697114
X3-loose,20260864,range,pos,-0.3646826318958365,4877258.912103085
X3-loose,20260864,range,vel,0.01433904604267519,4877258.912103085
X3-loose,20260864,range,pos,0.6884452377758042,609081.2911280446
X3-loose,20260864,range,vel,-1.582579177614765,609081.2911280446
X3-loose,20260864,range,pos,1.4202657133119476,735670.7073776037
X3-loose,20260864,range,vel,1.3539555876166212,735670.7073776037
X3-loose,20260864,range,pos,0.39218504949286415,12056293.457310654
X3-loose,20260864,range,vel,-0.2675830914236747,12056293.457310654
X3-loose,20260864,range,pos,-0.32414585809699875,208302.132679308
X3-loose,20260864,range,vel,-1.1681974529787569,208302.132679308
X3-loose,20260864,range,pos,-1.3052035701463776,106658.25991600759
X3-loose,20260864,range,vel,-1.4744607246526833,106658.25991600759
X3-loose,20260864,range,pos,-0.5645288470589973,620681.4842126718
X3-loose,20260864,range,vel,-0.7832076827526495,620681.4842126718
X3-loose,20260864,range,pos,0.2809719649853786,9404196.804498365
X3-loose,20260864,range,vel,0.3598054096222532,9404196.804498365
X3-loose,20260864,inplane,pos,-0.7203988807468475,4877258.912103085
X3-loose,20260864,inplane,vel,-0.4358125865472302,4877258.912103085
X3-loose,20260864,inplane,pos,-0.8546388121497747,609081.2911280446
X3-loose,20260864,inplane,vel,0.5190497000751694,609081.2911280446
X3-loose,20260864,inplane,pos,2.0349866704001585,735670.7073776037
X3-loose,20260864,inplane,vel,1.4134629681257849,735670.7073776037
X3-loose,20260864,inplane,pos,0.3136572873474061,12056293.457310654
X3-loose,20260864,inplane,vel,0.14338107494538335,12056293.457310654
X3-loose,20260864,inplane,pos,-1.1883239025774883,208302.132679308
X3-loose,20260864,inplane,vel,-0.31313591141977226,208302.132679308
X3-loose,20260864,inplane,pos,-1.838614116540255,106658.25991600759
X3-loose,20260864,inplane,vel,-1.394606495700396,106658.25991600759
X3-loose,20260864,inplane,pos,-0.8474878747387545,620681.4842126718
X3-loose,20260864,inplane,vel,-0.5249544351821288,620681.4842126718
X3-loose,20260864,inplane,pos,-0.66266504854065,9404196.804498365
X3-loose,20260864,inplane,vel,0.8619842465281263,9404196.804498365
X3-loose,20260864,plane,pos,-0.5579568615896273,4877258.912103085
X3-loose,20260864,plane,vel,-0.1324457590367832,4877258.912103085
X3-loose,20260864,plane,pos,-0.6356924553997587,609081.2911280446
X3-loose,20260864,plane,vel,0.7703784916739057,609081.2911280446
X3-loose,20260864,plane,pos,0.5151119915005747,735670.7073776037
X3-loose,20260864,plane,vel,-0.8168351901803934,735670.7073776037
X3-loose,20260864,plane,pos,-1.5399421055160312,12056293.457310654
X3-loose,20260864,plane,vel,-0.616241979201647,12056293.457310654
X3-loose,20260864,plane,pos,-1.579842659095947,208302.132679308
X3-loose,20260864,plane,vel,-0.8667011647253241,208302.132679308
X3-loose,20260864,plane,pos,-0.005383578775735639,106658.25991600759
X3-loose,20260864,plane,vel,-0.05021755365195753,106658.25991600759
X3-loose,20260864,plane,pos,-1.7597577635358437,620681.4842126718
X3-loose,20260864,plane,vel,-0.12793952570623196,620681.4842126718
X3-loose,20260864,plane,pos,-1.611672879475686,9404196.804498365
X3-loose,20260864,plane,vel,-0.6951057207759861,9404196.804498365
X3-loose,20260864,range,pos,0.12612543268286175,4493746.405814845
X3-loose,20260864,range,vel,-0.29670138614550834,4493746.405814845
X3-loose,20260864,range,pos,-1.544380126724617,13344585.417681307
X3-loose,20260864,range,vel,1.308662957708024,13344585.417681307
X3-loose,20260864,range,pos,-1.92539802871328,2064714.5525017844
X3-loose,20260864,range,vel,-0.35108671632804755,2064714.5525017844
X3-loose,20260864,range,pos,-0.8950871168967448,645837.4389803283
X3-loose,20260864,range,vel,1.1436223268683272,645837.4389803283
X3-loose,20260864,range,pos,-1.524264138022249,211374.5830736681
X3-loose,20260864,range,vel,1.9385035688169479,211374.5830736681
X3-loose,20260864,range,pos,-1.4886800890690037,351258.51395762904
X3-loose,20260864,range,vel,-0.9982862328003499,351258.51395762904
X3-loose,20260864,inplane,pos,-0.8284215302336271,4493746.405814845
X3-loose,20260864,inplane,vel,0.3053578044445662,4493746.405814845
X3-loose,20260864,inplane,pos,-1.3263203343793475,13344585.417681307
X3-loose,20260864,inplane,vel,0.1684470985021277,13344585.417681307
X3-loose,20260864,inplane,pos,-0.16402201986910947,2064714.5525017844
X3-loose,20260864,inplane,vel,-1.7769602479699547,2064714.5525017844
X3-loose,20260864,inplane,pos,0.05463465307757671,645837.4389803283
X3-loose,20260864,inplane,vel,-0.16808630843914588,645837.4389803283
X3-loose,20260864,inplane,pos,2.0000424097378384,211374.5830736681
X3-loose,20260864,inplane,vel,-1.6811575761296333,211374.5830736681
X3-loose,20260864,inplane,pos,-0.541179824962127,351258.51395762904
X3-loose,20260864,inplane,vel,-1.5208667474357045,351258.51395762904
X3-loose,20260864,plane,pos,0.016503678453519445,4493746.405814845
X3-loose,20260864,plane,vel,-0.5222984840240987,4493746.405814845
X3-loose,20260864,plane,pos,1.2242116831212022,13344585.417681307
X3-loose,20260864,plane,vel,0.5484839748335684,13344585.417681307
X3-loose,20260864,plane,pos,1.45920330468363,2064714.5525017844
X3-loose,20260864,plane,vel,-0.2775866023025355,2064714.5525017844
X3-loose,20260864,plane,pos,-2.689703300665294,645837.4389803283
X3-loose,20260864,plane,vel,-0.3580717578533187,645837.4389803283
X3-loose,20260864,plane,pos,0.41609864613960107,211374.5830736681
X3-loose,20260864,plane,vel,0.5632474017039426,211374.5830736681
X3-loose,20260864,plane,pos,-1.5344734575907122,351258.51395762904
X3-loose,20260864,plane,vel,2.3964862372739533,351258.51395762904
X3-loose,20260871,range,pos,-1.2566878505957033,65614.88468076456
X3-loose,20260871,range,vel,-1.0495101590242766,65614.88468076456
X3-loose,20260871,range,pos,0.8249853976355156,237238.9489290489
X3-loose,20260871,range,vel,-0.7202013209935426,237238.9489290489
X3-loose,20260871,range,pos,1.7166257459835184,13510999.020875454
X3-loose,20260871,range,vel,1.78321742940566,13510999.020875454
X3-loose,20260871,range,pos,-1.2364299073992013,57148.361417575536
X3-loose,20260871,range,vel,0.5436640559829096,57148.361417575536
X3-loose,20260871,range,pos,0.03129469344256131,84263.50965102001
X3-loose,20260871,range,vel,0.007173923450081169,84263.50965102001
X3-loose,20260871,range,pos,0.3815107249820367,174543.5394662745
X3-loose,20260871,range,vel,-0.4004539496948753,174543.5394662745
X3-loose,20260871,range,pos,-1.7998172762978106,308130.2940982585
X3-loose,20260871,range,vel,-1.6873169758545263,308130.2940982585
X3-loose,20260871,range,pos,-0.953643651812357,146202.39951252725
X3-loose,20260871,range,vel,0.4518749089867108,146202.39951252725
X3-loose,20260871,inplane,pos,1.1303173787572944,65614.88468076456
X3-loose,20260871,inplane,vel,-1.1445104952644782,65614.88468076456
X3-loose,20260871,inplane,pos,-0.9345600955285094,237238.9489290489
X3-loose,20260871,inplane,vel,-1.278990397443314,237238.9489290489
X3-loose,20260871,inplane,pos,-1.3966561203336352,13510999.020875454
X3-loose,20260871,inplane,vel,-0.745655256100451,13510999.020875454
X3-loose,20260871,inplane,pos,-0.29522172140667174,57148.361417575536
X3-loose,20260871,inplane,vel,-1.2261870211294197,57148.361417575536
X3-loose,20260871,inplane,pos,0.02647274246978393,84263.50965102001
X3-loose,20260871,inplane,vel,-0.11967963910354489,84263.50965102001
X3-loose,20260871,inplane,pos,0.8056008428291135,174543.5394662745
X3-loose,20260871,inplane,vel,0.8059941690616991,174543.5394662745
X3-loose,20260871,inplane,pos,-1.027365485419055,308130.2940982585
X3-loose,20260871,inplane,vel,-1.8923096335735619,308130.2940982585
X3-loose,20260871,inplane,pos,-0.9210720678094281,146202.39951252725
X3-loose,20260871,inplane,vel,-0.9979426584416995,146202.39951252725
X3-loose,20260871,plane,pos,1.5451389450230208,65614.88468076456
X3-loose,20260871,plane,vel,0.9956751494655345,65614.88468076456
X3-loose,20260871,plane,pos,-0.7077025585759199,237238.9489290489
X3-loose,20260871,plane,vel,-0.9306142814897633,237238.9489290489
X3-loose,20260871,plane,pos,1.005906059504958,13510999.020875454
X3-loose,20260871,plane,vel,-0.8661839440350636,13510999.020875454
X3-loose,20260871,plane,pos,1.9927198991917914,57148.361417575536
X3-loose,20260871,plane,vel,0.44005710330557624,57148.361417575536
X3-loose,20260871,plane,pos,2.1805374106417563,84263.50965102001
X3-loose,20260871,plane,vel,0.4710256668087361,84263.50965102001
X3-loose,20260871,plane,pos,1.3137676233191409,174543.5394662745
X3-loose,20260871,plane,vel,-0.09614077110307324,174543.5394662745
X3-loose,20260871,plane,pos,0.35104506432467203,308130.2940982585
X3-loose,20260871,plane,vel,1.8681563442477134,308130.2940982585
X3-loose,20260871,plane,pos,-0.9230856822309621,146202.39951252725
X3-loose,20260871,plane,vel,1.071857607363988,146202.39951252725
X3-loose,20260871,range,pos,0.4185103902706722,2008641.9811651646
X3-loose,20260871,range,vel,0.10272802780461565,2008641.9811651646
X3-loose,20260871,range,pos,1.732947758922778,1515122.8301368372
X3-loose,20260871,range,vel,0.6834979385253972,1515122.8301368372
X3-loose,20260871,range,pos,0.7427713172570737,574649.9677280588
X3-loose,20260871,range,vel,0.30283351833698013,574649.9677280588
X3-loose,20260871,range,pos,-0.21863572746519805,179547.06045558388
X3-loose,20260871,range,vel,-1.3809316216078262,179547.06045558388
X3-loose,20260871,range,pos,-1.8017420870979675,395036.6928672859
X3-loose,20260871,range,vel,1.1576414788527203,395036.6928672859
X3-loose,20260871,range,pos,0.5781938949261898,2275534.1312645758
X3-loose,20260871,range,vel,-0.6337205055714146,2275534.1312645758
X3-loose,20260871,range,pos,0.6864925293491013,13736091.379482184
X3-loose,20260871,range,vel,1.9655768414348191,13736091.379482184
X3-loose,20260871,range,pos,-0.05336473757282142,1720168.8655706025
X3-loose,20260871,range,vel,0.2823298050097071,1720168.8655706025
X3-loose,20260871,inplane,pos,0.8859763934716103,2008641.9811651646
X3-loose,20260871,inplane,vel,0.9286630788495591,2008641.9811651646
X3-loose,20260871,inplane,pos,-0.8912368903516907,1515122.8301368372
X3-loose,20260871,inplane,vel,2.08625700692754,1515122.8301368372
X3-loose,20260871,inplane,pos,2.420367895641143,574649.9677280588
X3-loose,20260871,inplane,vel,0.5616333584693085,574649.9677280588
X3-loose,20260871,inplane,pos,0.00123766920300601,179547.06045558388
X3-loose,20260871,inplane,vel,0.9896424890530039,179547.06045558388
X3-loose,20260871,inplane,pos,-1.703256683347923,395036.6928672859
X3-loose,20260871,inplane,vel,-2.052739525640737,395036.6928672859
X3-loose,20260871,inplane,pos,0.15672784718548338,2275534.1312645758
X3-loose,20260871,inplane,vel,0.5346807171863754,2275534.1312645758
X3-loose,20260871,inplane,pos,-1.7253814253277318,13736091.379482184
X3-loose,20260871,inplane,vel,-1.6981602200966008,13736091.379482184
X3-loose,20260871,inplane,pos,0.3500877481492224,1720168.8655706025
X3-loose,20260871,inplane,vel,-0.039381938724040416,1720168.8655706025
X3-loose,20260871,plane,pos,-0.13464514943292566,2008641.9811651646
X3-loose,20260871,plane,vel,0.2752814136563142,2008641.9811651646
X3-loose,20260871,plane,pos,-0.328194864341025,1515122.8301368372
X3-loose,20260871,plane,vel,-3.466856156173572,1515122.8301368372
X3-loose,20260871,plane,pos,-1.5502758242225367,574649.9677280588
X3-loose,20260871,plane,vel,-2.814158586651136,574649.9677280588
X3-loose,20260871,plane,pos,0.46464328242322184,179547.06045558388
X3-loose,20260871,plane,vel,-0.027448462424372436,179547.06045558388
X3-loose,20260871,plane,pos,0.6180942761430671,395036.6928672859
X3-loose,20260871,plane,vel,-1.0133650654230457,395036.6928672859
X3-loose,20260871,plane,pos,0.3665581703093082,2275534.1312645758
X3-loose,20260871,plane,vel,-0.4200483468014518,2275534.1312645758
X3-loose,20260871,plane,pos,-0.301654529751649,13736091.379482184
X3-loose,20260871,plane,vel,0.471089475790282,13736091.379482184
X3-loose,20260871,plane,pos,0.05108796975881309,1720168.8655706025
X3-loose,20260871,plane,vel,-0.5990801189624221,1720168.8655706025
X3-loose,20260871,range,pos,0.9241995608416608,3199793.3447410166
X3-loose,20260871,range,vel,-0.9834976856935578,3199793.3447410166
X3-loose,20260871,range,pos,-0.20207765458566573,137828.1660086445
X3-loose,20260871,range,vel,-0.9688965600747986,137828.1660086445
X3-loose,20260871,range,pos,-0.08688325400910935,6675878.570407448
X3-loose,20260871,range,vel,-0.1373548281931549,6675878.570407448
X3-loose,20260871,range,pos,-1.008143421947448,2050823.3237963014
X3-loose,20260871,range,vel,1.5565495114903467,2050823.3237963014
X3-loose,20260871,range,pos,1.8731739920970933,3292670.178635615
X3-loose,20260871,range,vel,1.5479685371079068,3292670.178635615
X3-loose,20260871,range,pos,-0.32288295665977274,182427.52955465793
X3-loose,20260871,range,vel,-0.0019422581087559965,182427.52955465793
X3-loose,20260871,range,pos,0.32313866121395757,61173.120796439005
X3-loose,20260871,range,vel,-0.8456439412328205,61173.120796439005
X3-loose,20260871,range,pos,0.5592864367635619,40543.332714486365
X3-loose,20260871,range,vel,0.1064207104031739,40543.332714486365
X3-loose,20260871,inplane,pos,0.8601248219650487,3199793.3447410166
X3-loose,20260871,inplane,vel,0.9480473290548284,3199793.3447410166
X3-loose,20260871,inplane,pos,-1.3026086285776428,137828.1660086445
X3-loose,20260871,inplane,vel,-0.21011846781004614,137828.1660086445
X3-loose,20260871,inplane,pos,0.06604426636141039,6675878.570407448
X3-loose,20260871,inplane,vel,0.2667218859269106,6675878.570407448
X3-loose,20260871,inplane,pos,1.192772063559682,2050823.3237963014
X3-loose,20260871,inplane,vel,-0.69301738545395,2050823.3237963014
X3-loose,20260871,inplane,pos,-0.6377447044101046,3292670.178635615
X3-loose,20260871,inplane,vel,1.7864213079685491,3292670.178635615
X3-loose,20260871,inplane,pos,-0.458145526792516,182427.52955465793
X3-loose,20260871,inplane,vel,-0.32012364974779534,182427.52955465793
X3-loose,20260871,inplane,pos,-1.0976856073805208,61173.120796439005
X3-loose,20260871,inplane,vel,-0.37875170797062185,61173.120796439005
X3-loose,20260871,inplane,pos,1.8371128273612192,40543.332714486365
X3-loose,20260871,inplane,vel,0.5120561855778881,40543.332714486365
X3-loose,20260871,plane,pos,0.8903591889061603,3199793.3447410166
X3-loose,20260871,plane,vel,-0.3473944406631561,3199793.3447410166
X3-loose,20260871,plane,pos,-1.5194711938339338,137828.1660086445
X3-loose,20260871,plane,vel,0.7707973463787785,137828.1660086445
X3-loose,20260871,plane,pos,0.38977281619390597,6675878.570407448
X3-loose,20260871,plane,vel,-1.1053579867276901,6675878.570407448
X3-loose,20260871,plane,pos,1.2908400918473024,2050823.3237963014
X3-loose,20260871,plane,vel,0.827451351886806,2050823.3237963014
X3-loose,20260871,plane,pos,-1.3994360725439,3292670.178635615
X3-loose,20260871,plane,vel,-0.1349239975589179,3292670.178635615
X3-loose,20260871,plane,pos,0.9366293049286223,182427.52955465793
X3-loose,20260871,plane,vel,0.34516760851775713,182427.52955465793
X3-loose,20260871,plane,pos,0.03942091807931598,61173.120796439005
X3-loose,20260871,plane,vel,0.484874214638082,61173.120796439005
X3-loose,20260871,plane,pos,-0.8126108961665465,40543.332714486365
X3-loose,20260871,plane,vel,1.3150507500512425,40543.332714486365
X3-loose,20260871,range,pos,-0.3500597991996196,340671.54219067364
X3-loose,20260871,range,vel,-0.23067238029394882,340671.54219067364
X3-loose,20260871,range,pos,0.03433297797724464,142078.3329952578
X3-loose,20260871,range,vel,-0.0861171698048158,142078.3329952578
X3-loose,20260871,range,pos,0.22288435939765594,229105.9430685247
X3-loose,20260871,range,vel,-0.19933806431420337,229105.9430685247
X3-loose,20260871,range,pos,-0.5002002353597509,73810.15044693029
X3-loose,20260871,range,vel,-1.2062231663948633,73810.15044693029
X3-loose,20260871,range,pos,0.4797188926053669,76509.97002803952
X3-loose,20260871,range,vel,0.11762937056082161,76509.97002803952
X3-loose,20260871,range,pos,-1.4498178398170107,264849.94346553966
X3-loose,20260871,range,vel,-1.4850710327755838,264849.94346553966
X3-loose,20260871,range,pos,-1.302320203068216,220304.7706710256
X3-loose,20260871,range,vel,-2.3270601299742433,220304.7706710256
X3-loose,20260871,range,pos,0.7758801708984565,1281719.3214604482
X3-loose,20260871,range,vel,1.223718731440586,1281719.3214604482
X3-loose,20260871,inplane,pos,-0.43917398888260567,340671.54219067364
X3-loose,20260871,inplane,vel,-0.04559956387265274,340671.54219067364
X3-loose,20260871,inplane,pos,-0.29886895643322586,142078.3329952578
X3-loose,20260871,inplane,vel,-0.11943985180742894,142078.3329952578
X3-loose,20260871,inplane,pos,0.39673970753082083,229105.9430685247
X3-loose,20260871,inplane,vel,0.45017617221919776,229105.9430685247
X3-loose,20260871,inplane,pos,-1.3142467679370942,73810.15044693029
X3-loose,20260871,inplane,vel,-0.3875699580296528,73810.15044693029
X3-loose,20260871,inplane,pos,-0.13526443341746894,76509.97002803952
X3-loose,20260871,inplane,vel,0.23003660381423507,76509.97002803952
X3-loose,20260871,inplane,pos,-0.5039696482169721,264849.94346553966
X3-loose,20260871,inplane,vel,-1.2155326140936809,264849.94346553966
X3-loose,20260871,inplane,pos,-2.322280058621388,220304.7706710256
X3-loose,20260871,inplane,vel,-2.135677751973952,220304.7706710256
X3-loose,20260871,inplane,pos,0.521609838352947,1281719.3214604482
X3-loose,20260871,inplane,vel,0.7665944130859047,1281719.3214604482
X3-loose,20260871,plane,pos,1.078719766813231,340671.54219067364
X3-loose,20260871,plane,vel,-1.434856023308218,340671.54219067364
X3-loose,20260871,plane,pos,1.4964594911774798,142078.3329952578
X3-loose,20260871,plane,vel,0.8000054331386697,142078.3329952578
X3-loose,20260871,plane,pos,-1.1462296538282526,229105.9430685247
X3-loose,20260871,plane,vel,-0.875758409415171,229105.9430685247
X3-loose,20260871,plane,pos,1.0328688940140733,73810.15044693029
X3-loose,20260871,plane,vel,0.7874059370046058,73810.15044693029
X3-loose,20260871,plane,pos,-0.25116828776964684,76509.97002803952
X3-loose,20260871,plane,vel,-0.2670997403818465,76509.97002803952
X3-loose,20260871,plane,pos,-2.044551830974396,264849.94346553966
X3-loose,20260871,plane,vel,-0.8985648459672466,264849.94346553966
X3-loose,20260871,plane,pos,4.396504280709385,220304.7706710256
X3-loose,20260871,plane,vel,2.4652958886277476,220304.7706710256
X3-loose,20260871,plane,pos,1.1785426304943794,1281719.3214604482
X3-loose,20260871,plane,vel,0.2586792563242535,1281719.3214604482
X3-loose,20260871,range,pos,-0.457061695114181,1708940.6698621549
X3-loose,20260871,range,vel,1.3698742608193084,1708940.6698621549
X3-loose,20260871,range,pos,-0.47249559088412973,3903772.4479655763
X3-loose,20260871,range,vel,0.4661841667219552,3903772.4479655763
X3-loose,20260871,range,pos,1.121389190201532,2391183.739589221
X3-loose,20260871,range,vel,0.1406652998877066,2391183.739589221
X3-loose,20260871,range,pos,-1.4828960075322521,1155117.5673283958
X3-loose,20260871,range,vel,1.0059030333481513,1155117.5673283958
X3-loose,20260871,range,pos,-1.6383104754742872,346820.4331623485
X3-loose,20260871,range,vel,-1.8720464304370767,346820.4331623485
X3-loose,20260871,range,pos,-0.8948277895783762,361540.05840117455
X3-loose,20260871,range,vel,2.038443441538811,361540.05840117455
X3-loose,20260871,range,pos,-0.7097391244513842,72506.16602181266
X3-loose,20260871,range,vel,-0.047799105030428585,72506.16602181266
X3-loose,20260871,range,pos,1.0496889152888913,420666.64875964844
X3-loose,20260871,range,vel,-1.904284961860555,420666.64875964844
X3-loose,20260871,inplane,pos,0.2747485244401499,1708940.6698621549
X3-loose,20260871,inplane,vel,-0.9101781827609454,1708940.6698621549
X3-loose,20260871,inplane,pos,0.9919489618693328,3903772.4479655763
X3-loose,20260871,inplane,vel,-0.5355667864009092,3903772.4479655763
X3-loose,20260871,inplane,pos,0.8245753998227331,2391183.739589221
X3-loose,20260871,inplane,vel,1.2312039556851224,2391183.739589221
X3-loose,20260871,inplane,pos,-0.49041939405767493,1155117.5673283958
X3-loose,20260871,inplane,vel,-1.3529104472143518,1155117.5673283958
X3-loose,20260871,inplane,pos,-2.1397618810940533,346820.4331623485
X3-loose,20260871,inplane,vel,-1.282249600671715,346820.4331623485
X3-loose,20260871,inplane,pos,1.4780020910523275,361540.05840117455
X3-loose,20260871,inplane,vel,-0.23254972554713269,361540.05840117455
X3-loose,20260871,inplane,pos,0.27949868366800884,72506.16602181266
X3-loose,20260871,inplane,vel,-0.7814198344698451,72506.16602181266
X3-loose,20260871,inplane,pos,0.10095165889430113,420666.64875964844
X3-loose,20260871,inplane,vel,0.9504125101257931,420666.64875964844
X3-loose,20260871,plane,pos,-0.14306845620355424,1708940.6698621549
X3-loose,20260871,plane,vel,0.06892239323322585,1708940.6698621549
X3-loose,20260871,plane,pos,-1.6216627458011412,3903772.4479655763
X3-loose,20260871,plane,vel,2.468980352516908,3903772.4479655763
X3-loose,20260871,plane,pos,-1.6832326222909362,2391183.739589221
X3-loose,20260871,plane,vel,-0.25363986661306287,2391183.739589221
X3-loose,20260871,plane,pos,-0.3359231223525574,1155117.5673283958
X3-loose,20260871,plane,vel,-0.12605698137755617,1155117.5673283958
X3-loose,20260871,plane,pos,0.004432237448956151,346820.4331623485
X3-loose,20260871,plane,vel,0.1294151059625802,346820.4331623485
X3-loose,20260871,plane,pos,0.7268579633881946,361540.05840117455
X3-loose,20260871,plane,vel,0.7860965559491225,361540.05840117455
X3-loose,20260871,plane,pos,1.062771869458212,72506.16602181266
X3-loose,20260871,plane,vel,0.3058952381279088,72506.16602181266
X3-loose,20260871,plane,pos,1.1132323325125524,420666.64875964844
X3-loose,20260871,plane,vel,1.409860092748982,420666.64875964844
X3-loose,20260871,range,pos,0.7891149612430991,117724.42495715155
X3-loose,20260871,range,vel,0.39015886111117404,117724.42495715155
X3-loose,20260871,range,pos,-0.5775129906663854,673713.95217141
X3-loose,20260871,range,vel,0.518600717917402,673713.95217141
X3-loose,20260871,range,pos,-0.0729899411393724,132466.66482194574
X3-loose,20260871,range,vel,-1.1037357821287084,132466.66482194574
X3-loose,20260871,range,pos,-0.9656988590121733,222652.64926658463
X3-loose,20260871,range,vel,1.2601602531294107,222652.64926658463
X3-loose,20260871,range,pos,-1.40066759055133,95972.26228821409
X3-loose,20260871,range,vel,1.691399598118591,95972.26228821409
X3-loose,20260871,range,pos,0.061148491511460665,257115.27174618145
X3-loose,20260871,range,vel,-0.6783283196048919,257115.27174618145
X3-loose,20260871,inplane,pos,0.5612177474331113,117724.42495715155
X3-loose,20260871,inplane,vel,0.842888145485495,117724.42495715155
X3-loose,20260871,inplane,pos,-0.9414176710461002,673713.95217141
X3-loose,20260871,inplane,vel,-0.6540950366247422,673713.95217141
X3-loose,20260871,inplane,pos,1.396190644495346,132466.66482194574
X3-loose,20260871,inplane,vel,-0.14809736819517835,132466.66482194574
X3-loose,20260871,inplane,pos,0.41774606666685604,222652.64926658463
X3-loose,20260871,inplane,vel,-0.7330430881162405,222652.64926658463
X3-loose,20260871,inplane,pos,0.14925161404935297,95972.26228821409
X3-loose,20260871,inplane,vel,-1.6573538200426323,95972.26228821409
X3-loose,20260871,inplane,pos,-0.5231943258275261,257115.27174618145
X3-loose,20260871,inplane,vel,-0.13612875913898123,257115.27174618145
X3-loose,20260871,plane,pos,1.5630971081870695,117724.42495715155
X3-loose,20260871,plane,vel,0.492675521640079,117724.42495715155
X3-loose,20260871,plane,pos,1.2813961964488843,673713.95217141
X3-loose,20260871,plane,vel,-0.8153676812325086,673713.95217141
X3-loose,20260871,plane,pos,0.3765396453150065,132466.66482194574
X3-loose,20260871,plane,vel,0.8344610686897858,132466.66482194574
X3-loose,20260871,plane,pos,-0.1194006424204466,222652.64926658463
X3-loose,20260871,plane,vel,0.3783247501103515,222652.64926658463
X3-loose,20260871,plane,pos,0.12327838364471963,95972.26228821409
X3-loose,20260871,plane,vel,2.587080172727595,95972.26228821409
X3-loose,20260871,plane,pos,1.2669775955981433,257115.27174618145
X3-loose,20260871,plane,vel,1.4272220412532657,257115.27174618145
X3-loose,20260878,range,pos,0.3975149586893453,100428.68647912245
X3-loose,20260878,range,vel,-0.1479984951521386,100428.68647912245
X3-loose,20260878,range,pos,0.8228442766705228,117019.38608471162
X3-loose,20260878,range,vel,-1.5558736745345572,117019.38608471162
X3-loose,20260878,range,pos,1.261171304048567,249627.58717162162
X3-loose,20260878,range,vel,-0.6364142553550179,249627.58717162162
X3-loose,20260878,range,pos,-0.08742529371381545,47230.03975713604
X3-loose,20260878,range,vel,-0.03430422148165752,47230.03975713604
X3-loose,20260878,range,pos,0.057730756879553966,106702.45896459241
X3-loose,20260878,range,vel,0.483582831458905,106702.45896459241
X3-loose,20260878,range,pos,0.18003658733018454,1253461.3991514829
X3-loose,20260878,range,vel,0.4755624088252989,1253461.3991514829
X3-loose,20260878,range,pos,0.4093483561403385,65969.1344025178
X3-loose,20260878,range,vel,0.27919908467327575,65969.1344025178
X3-loose,20260878,range,pos,-0.4199310578274802,350029.8912463323
X3-loose,20260878,range,vel,-0.6436915177743493,350029.8912463323
X3-loose,20260878,inplane,pos,-0.38005738940574024,100428.68647912245
X3-loose,20260878,inplane,vel,-0.4869282892049495,100428.68647912245
X3-loose,20260878,inplane,pos,-0.9321223657343468,117019.38608471162
X3-loose,20260878,inplane,vel,0.2937629468993232,117019.38608471162
X3-loose,20260878,inplane,pos,0.7518458948076767,249627.58717162162
X3-loose,20260878,inplane,vel,1.3287639924053276,249627.58717162162
X3-loose,20260878,inplane,pos,0.668250733647311,47230.03975713604
X3-loose,20260878,inplane,vel,0.3721278244408604,47230.03975713604
X3-loose,20260878,inplane,pos,0.49967590961658187,106702.45896459241
X3-loose,20260878,inplane,vel,1.084130121397069,106702.45896459241
X3-loose,20260878,inplane,pos,0.7998010549121782,1253461.3991514829
X3-loose,20260878,inplane,vel,-0.17312016172174605,1253461.3991514829
X3-loose,20260878,inplane,pos,0.42354088037345716,65969.1344025178
X3-loose,20260878,inplane,vel,0.3803011653593544,65969.1344025178
X3-loose,20260878,inplane,pos,-0.15266244665431575,350029.8912463323
X3-loose,20260878,inplane,vel,-0.5591499588439149,350029.8912463323
X3-loose,20260878,plane,pos,-0.848559934816845,100428.68647912245
X3-loose,20260878,plane,vel,-0.6218014098385728,100428.68647912245
X3-loose,20260878,plane,pos,0.25301830645132456,117019.38608471162
X3-loose,20260878,plane,vel,1.5148624514705602,117019.38608471162
X3-loose,20260878,plane,pos,-0.08059565943662021,249627.58717162162
X3-loose,20260878,plane,vel,-0.8056308399568651,249627.58717162162
X3-loose,20260878,plane,pos,0.22987483891201388,47230.03975713604
X3-loose,20260878,plane,vel,1.2464086560264143,47230.03975713604
X3-loose,20260878,plane,pos,-0.22490208691884875,106702.45896459241
X3-loose,20260878,plane,vel,1.1212415825004396,106702.45896459241
X3-loose,20260878,plane,pos,0.198855313120298,1253461.3991514829
X3-loose,20260878,plane,vel,0.6465876693006929,1253461.3991514829
X3-loose,20260878,plane,pos,1.5229524265655754,65969.1344025178
X3-loose,20260878,plane,vel,-1.319646720769526,65969.1344025178
X3-loose,20260878,plane,pos,-0.5809729464525668,350029.8912463323
X3-loose,20260878,plane,vel,0.8508210288590581,350029.8912463323
X3-loose,20260878,range,pos,1.464538382973409,168807.17112808168
X3-loose,20260878,range,vel,1.6567458317447559,168807.17112808168
X3-loose,20260878,range,pos,0.22053425955019237,245183.0821105329
X3-loose,20260878,range,vel,-0.52143316332856,245183.0821105329
X3-loose,20260878,range,pos,1.6124912120800314,504831.92161040055
X3-loose,20260878,range,vel,-1.7822490364814285,504831.92161040055
X3-loose,20260878,range,pos,-0.12877495306220677,604539.8308577869
X3-loose,20260878,range,vel,-0.09226209937942427,604539.8308577869
X3-loose,20260878,range,pos,0.043778656426170126,359485.41270951985
X3-loose,20260878,range,vel,0.5920948032868605,359485.41270951985
X3-loose,20260878,range,pos,1.9754549884240604,158041.80279756594
X3-loose,20260878,range,vel,1.7518592169520697,158041.80279756594
X3-loose,20260878,range,pos,0.2372388931010373,755782.7402455668
X3-loose,20260878,range,vel,0.37566145022788006,755782.7402455668
X3-loose,20260878,range,pos,0.9475316627279484,777336.8047227843
X3-loose,20260878,range,vel,-1.3669063974085343,777336.8047227843
X3-loose,20260878,inplane,pos,0.6667477531296543,168807.17112808168
X3-loose,20260878,inplane,vel,1.1552867355651992,168807.17112808168
X3-loose,20260878,inplane,pos,-0.6745639887311548,245183.0821105329
X3-loose,20260878,inplane,vel,0.12289252748891939,245183.0821105329
X3-loose,20260878,inplane,pos,-0.7534579024896453,504831.92161040055
X3-loose,20260878,inplane,vel,0.38167758753651115,504831.92161040055
X3-loose,20260878,inplane,pos,-0.6027798069380299,604539.8308577869
X3-loose,20260878,inplane,vel,-0.271250639549564,604539.8308577869
X3-loose,20260878,inplane,pos,0.9162616012863565,359485.41270951985
X3-loose,20260878,inplane,vel,0.5336473588002039,359485.41270951985
X3-loose,20260878,inplane,pos,1.623048611005729,158041.80279756594
X3-loose,20260878,inplane,vel,2.022440016627096,158041.80279756594
X3-loose,20260878,inplane,pos,0.8040857196176351,755782.7402455668
X3-loose,20260878,inplane,vel,0.27201505217042127,755782.7402455668
X3-loose,20260878,inplane,pos,-0.5637438245479087,777336.8047227843
X3-loose,20260878,inplane,vel,0.4970341910504728,777336.8047227843
X3-loose,20260878,plane,pos,0.514109659584746,168807.17112808168
X3-loose,20260878,plane,vel,0.9663552176187202,168807.17112808168
X3-loose,20260878,plane,pos,0.365045882206436,245183.0821105329
X3-loose,20260878,plane,vel,0.37105129099631934,245183.0821105329
X3-loose,20260878,plane,pos,0.8760424245510403,504831.92161040055
X3-loose,20260878,plane,vel,2.7723660940837926,504831.92161040055
X3-loose,20260878,plane,pos,-0.6694102521646268,604539.8308577869
X3-loose,20260878,plane,vel,0.8547033448712668,604539.8308577869
X3-loose,20260878,plane,pos,-1.1441201375250918,359485.41270951985
X3-loose,20260878,plane,vel,-0.14786543631632965,359485.41270951985
X3-loose,20260878,plane,pos,0.49680833057788104,158041.80279756594
X3-loose,20260878,plane,vel,0.3007612574202257,158041.80279756594
X3-loose,20260878,plane,pos,0.5542334742409402,755782.7402455668
X3-loose,20260878,plane,vel,-0.1596047992864254,755782.7402455668
X3-loose,20260878,plane,pos,-0.15880397936335866,777336.8047227843
X3-loose,20260878,plane,vel,0.07638627134184972,777336.8047227843
X3-loose,20260878,range,pos,-0.3588093879171394,7971486.966490338
X3-loose,20260878,range,vel,0.43601354731032516,7971486.966490338
X3-loose,20260878,range,pos,-22.816236647829427,591680.8466712172
X3-loose,20260878,range,vel,22.57208144567695,591680.8466712172
X3-loose,20260878,range,pos,-1.5422228977287797,2814412.953084727
X3-loose,20260878,range,vel,-1.7845930652126905,2814412.953084727
X3-loose,20260878,range,pos,-0.5650572970465667,207714.08631033005
X3-loose,20260878,range,vel,-0.6309207325150745,207714.08631033005
X3-loose,20260878,range,pos,0.44002166069001963,86344.10794811374
X3-loose,20260878,range,vel,0.5842365729718829,86344.10794811374
X3-loose,20260878,range,pos,-0.3025032865074116,376935.90767087
X3-loose,20260878,range,vel,0.4991547082939483,376935.90767087
X3-loose,20260878,range,pos,0.8294878393616059,59563.64579837814
X3-loose,20260878,range,vel,-0.3896320818722161,59563.64579837814
X3-loose,20260878,range,pos,0.1563814427472859,70603.08548847321
X3-loose,20260878,range,vel,0.010909719495613075,70603.08548847321
X3-loose,20260878,inplane,pos,-0.23532588721160216,7971486.966490338
X3-loose,20260878,inplane,vel,-0.2734463499444168,7971486.966490338
X3-loose,20260878,inplane,pos,-11.701192113694079,591680.8466712172
X3-loose,20260878,inplane,vel,-22.85575828123247,591680.8466712172
X3-loose,20260878,inplane,pos,-0.030986401478759147,2814412.953084727
X3-loose,20260878,inplane,vel,-1.8795770167419712,2814412.953084727
X3-loose,20260878,inplane,pos,-0.697477562648252,207714.08631033005
X3-loose,20260878,inplane,vel,0.040989040774000306,207714.08631033005
X3-loose,20260878,inplane,pos,-0.7010236160181837,86344.10794811374
X3-loose,20260878,inplane,vel,-0.486010309205758,86344.10794811374
X3-loose,20260878,inplane,pos,1.3079281321064142,376935.90767087
X3-loose,20260878,inplane,vel,-0.2730714569974296,376935.90767087
X3-loose,20260878,inplane,pos,0.6977158404034147,59563.64579837814
X3-loose,20260878,inplane,vel,0.8158041419396759,59563.64579837814
X3-loose,20260878,inplane,pos,0.24424756605331963,70603.08548847321
X3-loose,20260878,inplane,vel,0.18652207859513026,70603.08548847321
X3-loose,20260878,plane,pos,0.5018745742027684,7971486.966490338
X3-loose,20260878,plane,vel,-2.34567481527987,7971486.966490338
X3-loose,20260878,plane,pos,5.645710775395626,591680.8466712172
X3-loose,20260878,plane,vel,20.248282266479357,591680.8466712172
X3-loose,20260878,plane,pos,2.4880373126459605,2814412.953084727
X3-loose,20260878,plane,vel,-1.0031889466973134,2814412.953084727
X3-loose,20260878,plane,pos,-2.0467220865975717,207714.08631033005
X3-loose,20260878,plane,vel,-1.2304140354399649,207714.08631033005
X3-loose,20260878,plane,pos,-0.6307062805454409,86344.10794811374
X3-loose,20260878,plane,vel,0.11944415271356423,86344.10794811374
X3-loose,20260878,plane,pos,-1.3393386198784092,376935.90767087
X3-loose,20260878,plane,vel,0.12916606906513814,376935.90767087
X3-loose,20260878,plane,pos,-0.4953482741243528,59563.64579837814
X3-loose,20260878,plane,vel,0.6244714489503356,59563.64579837814
X3-loose,20260878,plane,pos,-0.15777843675772088,70603.08548847321
X3-loose,20260878,plane,vel,0.29495958288316027,70603.08548847321
X3-loose,20260878,range,pos,-2.785727188940559,1927718.9801740178
X3-loose,20260878,range,vel,0.9599461014289081,1927718.9801740178
X3-loose,20260878,range,pos,0.9202528577438039,8607260.62493383
X3-loose,20260878,range,vel,0.687282416794893,8607260.62493383
X3-loose,20260878,range,pos,0.904210341823396,8443618.21528954
X3-loose,20260878,range,vel,0.9047097506707256,8443618.21528954
X3-loose,20260878,range,pos,0.11926340577629571,802338.4499205129
X3-loose,20260878,range,vel,1.700169075237551,802338.4499205129
X3-loose,20260878,range,pos,-1.6735118339962685,2548010.1939094868
X3-loose,20260878,range,vel,-0.8145568337991753,2548010.1939094868
X3-loose,20260878,inplane,pos,-1.673084352014195,1927718.9801740178
X3-loose,20260878,inplane,vel,-2.542971209909726,1927718.9801740178
X3-loose,20260878,inplane,pos,-0.5633922570185976,8607260.62493383
X3-loose,20260878,inplane,vel,0.3214163413486508,8607260.62493383
X3-loose,20260878,inplane,pos,-1.0176147501427164,8443618.21528954
X3-loose,20260878,inplane,vel,1.1361832697381442,8443618.21528954
X3-loose,20260878,inplane,pos,1.8504952961594032,802338.4499205129
X3-loose,20260878,inplane,vel,0.5131075689051543,802338.4499205129
X3-loose,20260878,inplane,pos,-2.409406917396276,2548010.1939094868
X3-loose,20260878,inplane,vel,-1.842264331974802,2548010.1939094868
X3-loose,20260878,plane,pos,-0.5171228548276975,1927718.9801740178
X3-loose,20260878,plane,vel,-1.6747881508807372,1927718.9801740178
X3-loose,20260878,plane,pos,-0.4249619208292905,8607260.62493383
X3-loose,20260878,plane,vel,0.5601146810806041,8607260.62493383
X3-loose,20260878,plane,pos,1.5669038707618699,8443618.21528954
X3-loose,20260878,plane,vel,-0.32784675707428385,8443618.21528954
X3-loose,20260878,plane,pos,-0.8648522834294686,802338.4499205129
X3-loose,20260878,plane,vel,-0.44074452139410336,802338.4499205129
X3-loose,20260878,plane,pos,0.12671071536197462,2548010.1939094868
X3-loose,20260878,plane,vel,-0.8393111846415103,2548010.1939094868
X3-loose,20260878,range,pos,0.060811563910802086,345683.36300030485
X3-loose,20260878,range,vel,0.35026579698473936,345683.36300030485
X3-loose,20260878,range,pos,-0.03923597233687869,39835.821501022685
X3-loose,20260878,range,vel,0.09351325729424467,39835.821501022685
X3-loose,20260878,range,pos,-1.6954789050261294,75898.67348718242
X3-loose,20260878,range,vel,-1.8579748383851937,75898.67348718242
X3-loose,20260878,range,pos,0.27177979289128057,125119.96881820781
X3-loose,20260878,range,vel,1.4914582604725048,125119.96881820781
X3-loose,20260878,range,pos,-0.09302778022082697,625328.0905586885
X3-loose,20260878,range,vel,-0.07951805111721492,625328.0905586885
X3-loose,20260878,range,pos,0.7527263107900969,8302281.0483622495
X3-loose,20260878,range,vel,-0.9442343263094599,8302281.0483622495
X3-loose,20260878,range,pos,-0.7611665207805579,233169.73133661985
X3-loose,20260878,range,vel,1.555272664511129,233169.73133661985
X3-loose,20260878,inplane,pos,1.2565430301766156,345683.36300030485
X3-loose,20260878,inplane,vel,0.04050988095484052,345683.36300030485
X3-loose,20260878,inplane,pos,0.0030577608685815024,39835.821501022685
X3-loose,20260878,inplane,vel,-0.07155683789593825,39835.821501022685
X3-loose,20260878,inplane,pos,0.7009895490669682,75898.67348718242
X3-loose,20260878,inplane,vel,-1.7038162340563685,75898.67348718242
X3-loose,20260878,inplane,pos,1.326844443224608,125119.96881820781
X3-loose,20260878,inplane,vel,0.3186746517975064,125119.96881820781
X3-loose,20260878,inplane,pos,0.28773554356994974,625328.0905586885
X3-loose,20260878,inplane,vel,-0.11348882785101905,625328.0905586885
X3-loose,20260878,inplane,pos,0.3532254403809815,8302281.0483622495
X3-loose,20260878,inplane,vel,0.530891335988114,8302281.0483622495
X3-loose,20260878,inplane,pos,1.758595174481193,233169.73133661985
X3-loose,20260878,inplane,vel,-0.795645615108258,233169.73133661985
X3-loose,20260878,plane,pos,0.4027132090293842,345683.36300030485
X3-loose,20260878,plane,vel,1.1158179929057288,345683.36300030485
X3-loose,20260878,plane,pos,-0.23883995142885223,39835.821501022685
X3-loose,20260878,plane,vel,0.7447861265086628,39835.821501022685
X3-loose,20260878,plane,pos,1.3985957884667843,75898.67348718242
X3-loose,20260878,plane,vel,1.308057230548581,75898.67348718242
X3-loose,20260878,plane,pos,-0.6510250923010823,125119.96881820781
X3-loose,20260878,plane,vel,-0.7808326401132123,125119.96881820781
X3-loose,20260878,plane,pos,0.06530755162541828,625328.0905586885
X3-loose,20260878,plane,vel,-0.6745848482218285,625328.0905586885
X3-loose,20260878,plane,pos,-0.500055733565934,8302281.0483622495
X3-loose,20260878,plane,vel,-1.272075718378923,8302281.0483622495
X3-loose,20260878,plane,pos,-1.1414111320574585,233169.73133661985
X3-loose,20260878,plane,vel,-0.8196129907779983,233169.73133661985
X3-loose,20260878,range,pos,0.3453212471796309,5462728.505276468
X3-loose,20260878,range,vel,0.18725577632289594,5462728.505276468
X3-loose,20260878,range,pos,0.29165966394053333,90032.11064475717
X3-loose,20260878,range,vel,-0.3369532878444069,90032.11064475717
X3-loose,20260878,range,pos,-0.4109560226309694,2369111.109867244
X3-loose,20260878,range,vel,1.0828405030232768,2369111.109867244
X3-loose,20260878,range,pos,1.1674032860457098,129528.87237605982
X3-loose,20260878,range,vel,-0.6255325137875298,129528.87237605982
X3-loose,20260878,range,pos,0.6776418342541467,7857041.432289506
X3-loose,20260878,range,vel,0.6409634349813915,7857041.432289506
X3-loose,20260878,range,pos,-1.2356354240083611,271805.4810778319
X3-loose,20260878,range,vel,0.1238157136796968,271805.4810778319
X3-loose,20260878,range,pos,0.20341241406942728,66684.76550885449
X3-loose,20260878,range,vel,-0.02752699365362101,66684.76550885449
X3-loose,20260878,range,pos,-0.025727488217409816,9981493.016104128
X3-loose,20260878,range,vel,0.15063527947832245,9981493.016104128
X3-loose,20260878,inplane,pos,-0.4282323100483565,5462728.505276468
X3-loose,20260878,inplane,vel,0.49041038960050165,5462728.505276468
X3-loose,20260878,inplane,pos,-0.5137282544250219,90032.11064475717
X3-loose,20260878,inplane,vel,-0.6617239161008904,90032.11064475717
X3-loose,20260878,inplane,pos,1.606907312306499,2369111.109867244
X3-loose,20260878,inplane,vel,-0.5808300039079157,2369111.109867244
X3-loose,20260878,inplane,pos,0.8518543105181157,129528.87237605982
X3-loose,20260878,inplane,vel,-1.1001980884939346,129528.87237605982
X3-loose,20260878,inplane,pos,-1.1755541368702975,7857041.432289506
X3-loose,20260878,inplane,vel,1.301138157294728,7857041.432289506
X3-loose,20260878,inplane,pos,-1.1727494573382384,271805.4810778319
X3-loose,20260878,inplane,vel,-1.0786863587758095,271805.4810778319
X3-loose,20260878,inplane,pos,0.7340608366126765,66684.76550885449
X3-loose,20260878,inplane,vel,-0.2159288944376496,66684.76550885449
X3-loose,20260878,inplane,pos,0.5607583192018236,9981493.016104128
X3-loose,20260878,inplane,vel,0.48961325188998134,9981493.016104128
X3-loose,20260878,plane,pos,1.3671062976478512,5462728.505276468
X3-loose,20260878,plane,vel,-0.28454753963713975,5462728.505276468
X3-loose,20260878,plane,pos,0.5951881433275878,90032.11064475717
X3-loose,20260878,plane,vel,1.6194530223052186,90032.11064475717
X3-loose,20260878,plane,pos,0.6918950972036776,2369111.109867244
X3-loose,20260878,plane,vel,-0.16114170181986195,2369111.109867244
X3-loose,20260878,plane,pos,0.11308967786369058,129528.87237605982
X3-loose,20260878,plane,vel,0.9874545743664639,129528.87237605982
X3-loose,20260878,plane,pos,1.5396025418598012,7857041.432289506
X3-loose,20260878,plane,vel,-0.8853884415469956,7857041.432289506
X3-loose,20260878,plane,pos,-0.06860589463546803,271805.4810778319
X3-loose,20260878,plane,vel,-0.16162125500300162,271805.4810778319
X3-loose,20260878,plane,pos,1.2518885911050948,66684.76550885449
X3-loose,20260878,plane,vel,0.1592682201688065,66684.76550885449
X3-loose,20260878,plane,pos,-0.13609448488442105,9981493.016104128
X3-loose,20260878,plane,vel,1.4331018779575553,9981493.016104128
X3-loose,20260885,range,pos,1.2739056707097816,70084.00762676829
X3-loose,20260885,range,vel,-1.2990583195773218,70084.00762676829
X3-loose,20260885,range,pos,0.4981713823750228,69906.02781080164
X3-loose,20260885,range,vel,-0.503750188426809,69906.02781080164
X3-loose,20260885,range,pos,1.0726892475407768,303299.5729753694
X3-loose,20260885,range,vel,-0.05018657352049353,303299.5729753694
X3-loose,20260885,range,pos,0.09840033479085816,85964.62830651415
X3-loose,20260885,range,vel,0.45490498108188715,85964.62830651415
X3-loose,20260885,range,pos,-0.060636366635223905,354172.9333353147
X3-loose,20260885,range,vel,-0.4416688059030382,354172.9333353147
X3-loose,20260885,range,pos,-0.21135293062750263,835404.7863494599
X3-loose,20260885,range,vel,1.075281395868466,835404.7863494599
X3-loose,20260885,range,pos,0.3848123308990297,360093.4556698591
X3-loose,20260885,range,vel,-0.35078139540070113,360093.4556698591
X3-loose,20260885,range,pos,-1.6787010241720144,197617.98092546765
X3-loose,20260885,range,vel,1.6234483007182066,197617.98092546765
X3-loose,20260885,inplane,pos,-0.5845935193395806,70084.00762676829
X3-loose,20260885,inplane,vel,1.3333293041421526,70084.00762676829
X3-loose,20260885,inplane,pos,-0.790768963213452,69906.02781080164
X3-loose,20260885,inplane,vel,-0.4314585371347012,69906.02781080164
X3-loose,20260885,inplane,pos,0.16653044358006713,303299.5729753694
X3-loose,20260885,inplane,vel,0.9750975353871248,303299.5729753694
X3-loose,20260885,inplane,pos,1.1690119084037272,85964.62830651415
X3-loose,20260885,inplane,vel,0.04400032737518219,85964.62830651415
X3-loose,20260885,inplane,pos,-0.5063710857999324,354172.9333353147
X3-loose,20260885,inplane,vel,0.09276137479908496,354172.9333353147
X3-loose,20260885,inplane,pos,0.9483394573673737,835404.7863494599
X3-loose,20260885,inplane,vel,-0.2658975870688028,835404.7863494599
X3-loose,20260885,inplane,pos,0.49681570197057523,360093.4556698591
X3-loose,20260885,inplane,vel,0.47847679482346617,360093.4556698591
X3-loose,20260885,inplane,pos,-0.37298977603471106,197617.98092546765
X3-loose,20260885,inplane,vel,-1.56883704638247,197617.98092546765
X3-loose,20260885,plane,pos,-0.16059202179844337,70084.00762676829
X3-loose,20260885,plane,vel,-0.45789700251055804,70084.00762676829
X3-loose,20260885,plane,pos,0.5385416530761863,69906.02781080164
X3-loose,20260885,plane,vel,0.40262154021367463,69906.02781080164
X3-loose,20260885,plane,pos,-0.2367838237693233,303299.5729753694
X3-loose,20260885,plane,vel,-0.47563342033382405,303299.5729753694
X3-loose,20260885,plane,pos,-2.003119636487416,85964.62830651415
X3-loose,20260885,plane,vel,-1.3699094552033153,85964.62830651415
X3-loose,20260885,plane,pos,0.08751220581769517,354172.9333353147
X3-loose,20260885,plane,vel,-0.27026783945672755,354172.9333353147
X3-loose,20260885,plane,pos,-1.937694721681371,835404.7863494599
X3-loose,20260885,plane,vel,1.9388797981122217,835404.7863494599
X3-loose,20260885,plane,pos,0.5157357962943743,360093.4556698591
X3-loose,20260885,plane,vel,0.8793678667106278,360093.4556698591
X3-loose,20260885,plane,pos,0.34286116085655655,197617.98092546765
X3-loose,20260885,plane,vel,1.396141957813557,197617.98092546765
X3-loose,20260885,range,pos,0.3568521564555532,13049558.393029554
X3-loose,20260885,range,vel,1.0458153902428262,13049558.393029554
X3-loose,20260885,range,pos,-1.9902776619711535,634800.5079817654
X3-loose,20260885,range,vel,0.9324797707987983,634800.5079817654
X3-loose,20260885,range,pos,0.05323086181956241,6948177.365758815
X3-loose,20260885,range,vel,-0.7978192873277593,6948177.365758815
X3-loose,20260885,range,pos,-0.2038122790725496,172365.32887510926
X3-loose,20260885,range,vel,-0.141916582552769,172365.32887510926
X3-loose,20260885,range,pos,-0.5216810931018537,165383.87242678707
X3-loose,20260885,range,vel,-0.5961520181922819,165383.87242678707
X3-loose,20260885,range,pos,-1.148879829225455,1582771.0971759618
X3-loose,20260885,range,vel,0.2806228776924571,1582771.0971759618
X3-loose,20260885,range,pos,-0.8966241442768439,11889465.095241299
X3-loose,20260885,range,vel,0.8116526736731192,11889465.095241299
X3-loose,20260885,range,pos,0.15725823300289762,5961740.971190481
X3-loose,20260885,range,vel,-0.5972911821414854,5961740.971190481
X3-loose,20260885,inplane,pos,-0.8396211654638364,13049558.393029554
X3-loose,20260885,inplane,vel,-1.1999371095116933,13049558.393029554
X3-loose,20260885,inplane,pos,-0.43773939678830737,634800.5079817654
X3-loose,20260885,inplane,vel,-2.1216515859127725,634800.5079817654
X3-loose,20260885,inplane,pos,-1.1307167527337574,6948177.365758815
X3-loose,20260885,inplane,vel,-0.4867185498230335,6948177.365758815
X3-loose,20260885,inplane,pos,-0.04121757913716562,172365.32887510926
X3-loose,20260885,inplane,vel,0.3433578248361288,172365.32887510926
X3-loose,20260885,inplane,pos,-0.31451562207895306,165383.87242678707
X3-loose,20260885,inplane,vel,-0.6530011997026023,165383.87242678707
X3-loose,20260885,inplane,pos,-0.6817151242325155,1582771.0971759618
X3-loose,20260885,inplane,vel,-1.014681829894661,1582771.0971759618
X3-loose,20260885,inplane,pos,-0.25497626534402157,11889465.095241299
X3-loose,20260885,inplane,vel,0.007644124465791488,11889465.095241299
X3-loose,20260885,inplane,pos,-0.828398390839402,5961740.971190481
X3-loose,20260885,inplane,vel,0.15790367698660235,5961740.971190481
X3-loose,20260885,plane,pos,1.0527127991325749,13049558.393029554
X3-loose,20260885,plane,vel,-0.029767026841531274,13049558.393029554
X3-loose,20260885,plane,pos,0.8004993537062961,634800.5079817654
X3-loose,20260885,plane,vel,0.30610105118383024,634800.5079817654
X3-loose,20260885,plane,pos,1.7024307076880922,6948177.365758815
X3-loose,20260885,plane,vel,-0.740603864575035,6948177.365758815
X3-loose,20260885,plane,pos,0.4786281014184204,172365.32887510926
X3-loose,20260885,plane,vel,0.21549884323061805,172365.32887510926
X3-loose,20260885,plane,pos,-0.4262947809091447,165383.87242678707
X3-loose,20260885,plane,vel,-0.45147652030874563,165383.87242678707
X3-loose,20260885,plane,pos,1.9265916585002993,1582771.0971759618
X3-loose,20260885,plane,vel,-0.17162288873329537,1582771.0971759618
X3-loose,20260885,plane,pos,-0.5559982047660239,11889465.095241299
X3-loose,20260885,plane,vel,-0.3254738656516656,11889465.095241299
X3-loose,20260885,plane,pos,1.5276107969437616,5961740.971190481
X3-loose,20260885,plane,vel,-1.1233681995829348,5961740.971190481
X3-loose,20260885,range,pos,-0.9193883312779463,140405.6018742058
X3-loose,20260885,range,vel,0.6546702937931951,140405.6018742058
X3-loose,20260885,range,pos,0.4777885079472614,1837944.9839047687
X3-loose,20260885,range,vel,0.7205995044185108,1837944.9839047687
X3-loose,20260885,range,pos,1.005769544124676,13975307.822814982
X3-loose,20260885,range,vel,-1.0696611049987492,13975307.822814982
X3-loose,20260885,range,pos,0.500918713340632,8087843.784313404
X3-loose,20260885,range,vel,0.01751590822727038,8087843.784313404
X3-loose,20260885,range,pos,-0.9088605589944093,12269159.025727473
X3-loose,20260885,range,vel,-0.8074647098733206,12269159.025727473
X3-loose,20260885,range,pos,-1.0284366573451467,298113.2534192323
X3-loose,20260885,range,vel,-0.7253367963631551,298113.2534192323
X3-loose,20260885,range,pos,-0.09091146877679612,84696.01854612291
X3-loose,20260885,range,vel,0.632454110589103,84696.01854612291
X3-loose,20260885,range,pos,0.2498581708647358,46754.18430548024
X3-loose,20260885,range,vel,-1.0944915337403327,46754.18430548024
X3-loose,20260885,inplane,pos,-0.8503840048957176,140405.6018742058
X3-loose,20260885,inplane,vel,-0.3157847377653585,140405.6018742058
X3-loose,20260885,inplane,pos,1.266700183133275,1837944.9839047687
X3-loose,20260885,inplane,vel,0.6823167917980691,1837944.9839047687
X3-loose,20260885,inplane,pos,1.3111550186999679,13975307.822814982
X3-loose,20260885,inplane,vel,-0.39922601459045376,13975307.822814982
X3-loose,20260885,inplane,pos,1.183683695539446,8087843.784313404
X3-loose,20260885,inplane,vel,0.9000518882649422,8087843.784313404
X3-loose,20260885,inplane,pos,1.7830549129840512,12269159.025727473
X3-loose,20260885,inplane,vel,-1.4711240598767137,12269159.025727473
X3-loose,20260885,inplane,pos,-1.1031054560494296,298113.2534192323
X3-loose,20260885,inplane,vel,-0.9651614803114369,298113.2534192323
X3-loose,20260885,inplane,pos,1.1478693663920319,84696.01854612291
X3-loose,20260885,inplane,vel,0.32808548094506473,84696.01854612291
X3-loose,20260885,inplane,pos,-1.1840906382165095,46754.18430548024
X3-loose,20260885,inplane,vel,-0.3660551011844143,46754.18430548024
X3-loose,20260885,plane,pos,-0.36078972674880005,140405.6018742058
X3-loose,20260885,plane,vel,1.1819155012921543,140405.6018742058
X3-loose,20260885,plane,pos,-0.33848059993621005,1837944.9839047687
X3-loose,20260885,plane,vel,-1.3281684680086363,1837944.9839047687
X3-loose,20260885,plane,pos,-1.0111852783817332,13975307.822814982
X3-loose,20260885,plane,vel,0.5084992217617984,13975307.822814982
X3-loose,20260885,plane,pos,-1.1328978925550937,8087843.784313404
X3-loose,20260885,plane,vel,0.14210920014351272,8087843.784313404
X3-loose,20260885,plane,pos,0.9697372609243599,12269159.025727473
X3-loose,20260885,plane,vel,-1.5609613585738196,12269159.025727473
X3-loose,20260885,plane,pos,1.1472223416790452,298113.2534192323
X3-loose,20260885,plane,vel,0.19600987696679548,298113.2534192323
X3-loose,20260885,plane,pos,-0.05078707777938404,84696.01854612291
X3-loose,20260885,plane,vel,-0.42343695924534397,84696.01854612291
X3-loose,20260885,plane,pos,0.09605705872681268,46754.18430548024
X3-loose,20260885,plane,vel,-0.6413190932760965,46754.18430548024
X3-loose,20260885,range,pos,0.3809714341991062,12729029.246034736
X3-loose,20260885,range,vel,-0.4506205565298382,12729029.246034736
X3-loose,20260885,range,pos,-0.5070608799285031,132226.92520564637
X3-loose,20260885,range,vel,1.6098113089290036,132226.92520564637
X3-loose,20260885,range,pos,0.34411546359112044,251360.70526825567
X3-loose,20260885,range,vel,0.12858406551104004,251360.70526825567
X3-loose,20260885,range,pos,0.6733231534766908,354869.29456328525
X3-loose,20260885,range,vel,1.564169154789169,354869.29456328525
X3-loose,20260885,range,pos,0.16719716087777953,299308.2646197846
X3-loose,20260885,range,vel,0.07303518535749257,299308.2646197846
X3-loose,20260885,range,pos,0.26241449922345406,2245296.797264553
X3-loose,20260885,range,vel,-0.3525013928153663,2245296.797264553
X3-loose,20260885,range,pos,1.2186946840274313,7612203.1842800565
X3-loose,20260885,range,vel,-0.7804224675170869,7612203.1842800565
X3-loose,20260885,range,pos,0.5373847677895416,109550.70842482876
X3-loose,20260885,range,vel,0.3604762959310978,109550.70842482876
X3-loose,20260885,inplane,pos,0.26081613660459646,12729029.246034736
X3-loose,20260885,inplane,vel,0.1276431490176647,12729029.246034736
X3-loose,20260885,inplane,pos,1.9305359099351036,132226.92520564637
X3-loose,20260885,inplane,vel,-0.37034316764479475,132226.92520564637
X3-loose,20260885,inplane,pos,0.3145751544431556,251360.70526825567
X3-loose,20260885,inplane,vel,0.14899946535780328,251360.70526825567
X3-loose,20260885,inplane,pos,1.528869734438961,354869.29456328525
X3-loose,20260885,inplane,vel,0.5075345344379095,354869.29456328525
X3-loose,20260885,inplane,pos,0.9498268517036694,299308.2646197846
X3-loose,20260885,inplane,vel,0.7544090407286437,299308.2646197846
X3-loose,20260885,inplane,pos,0.06194846860250188,2245296.797264553
X3-loose,20260885,inplane,vel,0.5591279590175848,2245296.797264553
X3-loose,20260885,inplane,pos,0.913466064503888,7612203.1842800565
X3-loose,20260885,inplane,vel,0.6766458345596463,7612203.1842800565
X3-loose,20260885,inplane,pos,-1.8678450212523208,109550.70842482876
X3-loose,20260885,inplane,vel,-1.019561741344785,109550.70842482876
X3-loose,20260885,plane,pos,0.39606560279323716,12729029.246034736
X3-loose,20260885,plane,vel,0.1850156133436826,12729029.246034736
X3-loose,20260885,plane,pos,-0.3641626944829031,132226.92520564637
X3-loose,20260885,plane,vel,-1.93119168092006,132226.92520564637
X3-loose,20260885,plane,pos,0.005819234869482951,251360.70526825567
X3-loose,20260885,plane,vel,0.9955658353475948,251360.70526825567
X3-loose,20260885,plane,pos,0.33333371443678433,354869.29456328525
X3-loose,20260885,plane,vel,1.2252892530753388,354869.29456328525
X3-loose,20260885,plane,pos,0.6833216915382864,299308.2646197846
X3-loose,20260885,plane,vel,0.443984488941797,299308.2646197846
X3-loose,20260885,plane,pos,1.5230639915358823,2245296.797264553
X3-loose,20260885,plane,vel,2.3861463592226757,2245296.797264553
X3-loose,20260885,plane,pos,1.2327999420954676,7612203.1842800565
X3-loose,20260885,plane,vel,0.1345892096499122,7612203.1842800565
X3-loose,20260885,plane,pos,0.2076458759809784,109550.70842482876
X3-loose,20260885,plane,vel,0.09546780769791344,109550.70842482876
X3-loose,20260885,range,pos,1.0014069424464798,49846.119811597215
X3-loose,20260885,range,vel,1.7559818711030875,49846.119811597215
X3-loose,20260885,range,pos,1.9420628446042447,190742.00490561075
X3-loose,20260885,range,vel,-1.9862968046492022,190742.00490561075
X3-loose,20260885,range,pos,1.1724341689421784,1443367.957626514
X3-loose,20260885,range,vel,-1.12017559538095,1443367.957626514
X3-loose,20260885,range,pos,0.08559831821939923,103608.93813146299
X3-loose,20260885,range,vel,0.05440074243268639,103608.93813146299
X3-loose,20260885,range,pos,-0.7270362654873116,10652747.676041253
X3-loose,20260885,range,vel,0.17899635015850585,10652747.676041253
X3-loose,20260885,range,pos,-1.1290034944977736,166163.61355864943
X3-loose,20260885,range,vel,-0.5173093116406237,166163.61355864943
X3-loose,20260885,range,pos,1.1533112918742983,122123.8541349235
X3-loose,20260885,range,vel,1.5632628749628643,122123.8541349235
X3-loose,20260885,range,pos,-0.5659645019825363,166198.41983376557
X3-loose,20260885,range,vel,1.0509695872534761,166198.41983376557
X3-loose,20260885,inplane,pos,1.9481550866329223,49846.119811597215
X3-loose,20260885,inplane,vel,2.514099926644747,49846.119811597215
X3-loose,20260885,inplane,pos,0.3861550553650523,190742.00490561075
X3-loose,20260885,inplane,vel,1.729549811042148,190742.00490561075
X3-loose,20260885,inplane,pos,1.2133521060572896,1443367.957626514
X3-loose,20260885,inplane,vel,1.1651114027746345,1443367.957626514
X3-loose,20260885,inplane,pos,-2.323655148409503,103608.93813146299
X3-loose,20260885,inplane,vel,-2.251576006354743,103608.93813146299
X3-loose,20260885,inplane,pos,-0.41822005161268605,10652747.676041253
X3-loose,20260885,inplane,vel,0.0284246555995733,10652747.676041253
X3-loose,20260885,inplane,pos,-0.4509836631923243,166163.61355864943
X3-loose,20260885,inplane,vel,-1.0210126303202898,166163.61355864943
X3-loose,20260885,inplane,pos,1.2979130723880763,122123.8541349235
X3-loose,20260885,inplane,vel,1.1211949553558787,122123.8541349235
X3-loose,20260885,inplane,pos,1.0701367738949608,166198.41983376557
X3-loose,20260885,inplane,vel,0.01572298128667167,166198.41983376557
X3-loose,20260885,plane,pos,1.6137996917706934,49846.119811597215
X3-loose,20260885,plane,vel,2.751755108393285,49846.119811597215
X3-loose,20260885,plane,pos,1.8425810591436549,190742.00490561075
X3-loose,20260885,plane,vel,-0.16310963384301197,190742.00490561075
X3-loose,20260885,plane,pos,0.7242942406889131,1443367.957626514
X3-loose,20260885,plane,vel,0.48450635590454283,1443367.957626514
X3-loose,20260885,plane,pos,0.708796606401955,103608.93813146299
X3-loose,20260885,plane,vel,0.7389099815756461,103608.93813146299
X3-loose,20260885,plane,pos,-0.9212400389223816,10652747.676041253
X3-loose,20260885,plane,vel,-1.4081897892218556,10652747.676041253
X3-loose,20260885,plane,pos,-1.0678459762477117,166163.61355864943
X3-loose,20260885,plane,vel,1.2184067935825031,166163.61355864943
X3-loose,20260885,plane,pos,0.5801335285940866,122123.8541349235
X3-loose,20260885,plane,vel,-0.6516908545485316,122123.8541349235
X3-loose,20260885,plane,pos,1.1947442946912437,166198.41983376557
X3-loose,20260885,plane,vel,0.49129620987575756,166198.41983376557
X3-loose,20260885,range,pos,0.5695562172113472,1341111.6461230244
X3-loose,20260885,range,vel,-0.6113485384673921,1341111.6461230244
X3-loose,20260885,range,pos,1.234991916896793,2728975.625148609
X3-loose,20260885,range,vel,0.5299584613730611,2728975.625148609
X3-loose,20260885,range,pos,-1.6311622544589064,10626294.019207451
X3-loose,20260885,range,vel,1.5399092066530913,10626294.019207451
X3-loose,20260885,range,pos,1.1952031103491796,11308009.834507657
X3-loose,20260885,range,vel,-1.695850061139395,11308009.834507657
X3-loose,20260885,range,pos,0.5044421856858172,70550.83724057792
X3-loose,20260885,range,vel,-1.2744431147032727,70550.83724057792
X3-loose,20260885,range,pos,-0.49523352818193567,1734723.5208235872
X3-loose,20260885,range,vel,-0.41018831316334325,1734723.5208235872
X3-loose,20260885,range,pos,1.4518933010874129,13435404.853920965
X3-loose,20260885,range,vel,1.09746072228452,13435404.853920965
X3-loose,20260885,inplane,pos,-0.2352604952315352,1341111.6461230244
X3-loose,20260885,inplane,vel,0.30569083693883753,1341111.6461230244
X3-loose,20260885,inplane,pos,-1.1461933040877266,2728975.625148609
X3-loose,20260885,inplane,vel,1.1610849237195409,2728975.625148609
X3-loose,20260885,inplane,pos,-1.9398268410187702,10626294.019207451
X3-loose,20260885,inplane,vel,-1.7349595503639097,10626294.019207451
X3-loose,20260885,inplane,pos,1.8218521704594512,11308009.834507657
X3-loose,20260885,inplane,vel,2.10621547313146,11308009.834507657
X3-loose,20260885,inplane,pos,0.2732165288779808,70550.83724057792
X3-loose,20260885,inplane,vel,1.1501953834702714,70550.83724057792
X3-loose,20260885,inplane,pos,-0.7526951341868963,1734723.5208235872
X3-loose,20260885,inplane,vel,-0.40658489572609247,1734723.5208235872
X3-loose,20260885,inplane,pos,-0.8524535877349787,13435404.853920965
X3-loose,20260885,inplane,vel,-0.0957697160847911,13435404.853920965
X3-loose,20260885,plane,pos,-0.7918994183229477,1341111.6461230244
X3-loose,20260885,plane,vel,-0.3062488227279667,1341111.6461230244
X3-loose,20260885,plane,pos,0.8948557976402326,2728975.625148609
X3-loose,20260885,plane,vel,2.295269066008656,2728975.625148609
X3-loose,20260885,plane,pos,0.07877008874073624,10626294.019207451
X3-loose,20260885,plane,vel,1.4647559865187698,10626294.019207451
X3-loose,20260885,plane,pos,1.0478455911492164,11308009.834507657
X3-loose,20260885,plane,vel,-0.31917494786451617,11308009.834507657
X3-loose,20260885,plane,pos,0.36962408484503506,70550.83724057792
X3-loose,20260885,plane,vel,0.9584439003107748,70550.83724057792
X3-loose,20260885,plane,pos,-1.2545322655966662,1734723.5208235872
X3-loose,20260885,plane,vel,0.49092742475074547,1734723.5208235872
X3-loose,20260885,plane,pos,0.23447868842875622,13435404.853920965
X3-loose,20260885,plane,vel,0.8024412686778531,13435404.853920965
X3-loose,20260892,range,pos,-0.41453807907876344,190784.7004916877
X3-loose,20260892,range,vel,-0.06144958010005475,190784.7004916877
X3-loose,20260892,range,pos,1.110459277637594,158060.5087623144
X3-loose,20260892,range,vel,-1.4077288599142113,158060.5087623144
X3-loose,20260892,range,pos,0.821577643950096,201147.8576734795
X3-loose,20260892,range,vel,1.2915063653242485,201147.8576734795
X3-loose,20260892,range,pos,-0.4268312702954458,63718.82404695058
X3-loose,20260892,range,vel,0.9307598867189065,63718.82404695058
X3-loose,20260892,range,pos,-1.3867492721490662,104994.59760824246
X3-loose,20260892,range,vel,1.6735668481622266,104994.59760824246
X3-loose,20260892,range,pos,-0.6458129220653492,68048.10975251824
X3-loose,20260892,range,vel,-1.3157716131007389,68048.10975251824
X3-loose,20260892,range,pos,-2.128181974859778,485101.84060859936
X3-loose,20260892,range,vel,0.09826102477293966,485101.84060859936
X3-loose,20260892,range,pos,0.31962038167247886,102097.68846561067
X3-loose,20260892,range,vel,-0.32144378990026257,102097.68846561067
X3-loose,20260892,inplane,pos,-0.8835318125665933,190784.7004916877
X3-loose,20260892,inplane,vel,-0.39711829147969385,190784.7004916877
X3-loose,20260892,inplane,pos,-0.7323990061735447,158060.5087623144
X3-loose,20260892,inplane,vel,1.0416394365809976,158060.5087623144
X3-loose,20260892,inplane,pos,1.3290516494548898,201147.8576734795
X3-loose,20260892,inplane,vel,1.0486622002195602,201147.8576734795
X3-loose,20260892,inplane,pos,0.47927847640958293,63718.82404695058
X3-loose,20260892,inplane,vel,-0.6038918315865137,63718.82404695058
X3-loose,20260892,inplane,pos,1.0977501940320253,104994.59760824246
X3-loose,20260892,inplane,vel,0.02580845645397486,104994.59760824246
X3-loose,20260892,inplane,pos,-1.1825964708325347,68048.10975251824
X3-loose,20260892,inplane,vel,-1.3891067570395401,68048.10975251824
X3-loose,20260892,inplane,pos,-1.3325600849349533,485101.84060859936
X3-loose,20260892,inplane,vel,-2.084423570369416,485101.84060859936
X3-loose,20260892,inplane,pos,-0.17935677111141526,102097.68846561067
X3-loose,20260892,inplane,vel,0.004448649925375029,102097.68846561067
X3-loose,20260892,plane,pos,0.6868584092456077,190784.7004916877
X3-loose,20260892,plane,vel,0.6424657720283173,190784.7004916877
X3-loose,20260892,plane,pos,-0.6757857095490473,158060.5087623144
X3-loose,20260892,plane,vel,0.8129608359521342,158060.5087623144
X3-loose,20260892,plane,pos,1.406077179308774,201147.8576734795
X3-loose,20260892,plane,vel,1.260409918767481,201147.8576734795
X3-loose,20260892,plane,pos,0.6957032695971117,63718.82404695058
X3-loose,20260892,plane,vel,-0.08836858132775496,63718.82404695058
X3-loose,20260892,plane,pos,-1.1442504271944385,104994.59760824246
X3-loose,20260892,plane,vel,0.3372077935494502,104994.59760824246
X3-loose,20260892,plane,pos,1.6934120416928573,68048.10975251824
X3-loose,20260892,plane,vel,-0.4146347225129443,68048.10975251824
X3-loose,20260892,plane,pos,0.6622625105352288,485101.84060859936
X3-loose,20260892,plane,vel,0.1531846822159238,485101.84060859936
X3-loose,20260892,plane,pos,0.17932562197524696,102097.68846561067
X3-loose,20260892,plane,vel,1.660503173852306,102097.68846561067
X3-loose,20260892,range,pos,0.7842567483598109,128914.5220808727
X3-loose,20260892,range,vel,0.8554179255754439,128914.5220808727
X3-loose,20260892,range,pos,0.9378775087947181,377001.5137000278
X3-loose,20260892,range,vel,-1.3344873579345808,377001.5137000278
X3-loose,20260892,range,pos,0.6556421593564674,950982.7316172455
X3-loose,20260892,range,vel,-0.6375984581519082,950982.7316172455
X3-loose,20260892,range,pos,0.09560278196380549,351935.9059531867
X3-loose,20260892,range,vel,0.5905481397028107,351935.9059531867
X3-loose,20260892,range,pos,1.6367556400580026,4273491.202817105
X3-loose,20260892,range,vel,0.7176158796366352,4273491.202817105
X3-loose,20260892,range,pos,-0.6003327986226634,1304273.3618540417
X3-loose,20260892,range,vel,-0.23821126166732484,1304273.3618540417
X3-loose,20260892,range,pos,-0.3717600095435247,3492128.129017733
X3-loose,20260892,range,vel,-1.2221343749648725,3492128.129017733
X3-loose,20260892,range,pos,0.8443094203344294,282618.66326597857
X3-loose,20260892,range,vel,0.129475892678632,282618.66326597857
X3-loose,20260892,inplane,pos,-0.08258599864926756,128914.5220808727
X3-loose,20260892,inplane,vel,-0.5988442237096634,128914.5220808727
X3-loose,20260892,inplane,pos,0.3747642059529704,377001.5137000278
X3-loose,20260892,inplane,vel,0.9113741302023062,377001.5137000278
X3-loose,20260892,inplane,pos,0.11016573043591,950982.7316172455
X3-loose,20260892,inplane,vel,0.7169791575422527,950982.7316172455
X3-loose,20260892,inplane,pos,1.2598626193188491,351935.9059531867
X3-loose,20260892,inplane,vel,0.7486672486608387,351935.9059531867
X3-loose,20260892,inplane,pos,-1.5296292966930662,4273491.202817105
X3-loose,20260892,inplane,vel,1.3537756811113069,4273491.202817105
X3-loose,20260892,inplane,pos,-1.4612292892078727,1304273.3618540417
X3-loose,20260892,inplane,vel,-1.115068847124611,1304273.3618540417
X3-loose,20260892,inplane,pos,-0.9764189877993624,3492128.129017733
X3-loose,20260892,inplane,vel,-0.07402330847355207,3492128.129017733
X3-loose,20260892,inplane,pos,0.8960638485290842,282618.66326597857
X3-loose,20260892,inplane,vel,0.8825715548301164,282618.66326597857
X3-loose,20260892,plane,pos,0.5510898214007647,128914.5220808727
X3-loose,20260892,plane,vel,0.13874759782619586,128914.5220808727
X3-loose,20260892,plane,pos,1.3107072711931933,377001.5137000278
X3-loose,20260892,plane,vel,-2.095681607870295,377001.5137000278
X3-loose,20260892,plane,pos,-0.7871359677488876,950982.7316172455
X3-loose,20260892,plane,vel,-0.006659614552503418,950982.7316172455
X3-loose,20260892,plane,pos,-1.607513707938155,351935.9059531867
X3-loose,20260892,plane,vel,0.5177772793803352,351935.9059531867
X3-loose,20260892,plane,pos,-0.8015542637019417,4273491.202817105
X3-loose,20260892,plane,vel,-0.04934961730770469,4273491.202817105
X3-loose,20260892,plane,pos,-0.7988563314361622,1304273.3618540417
X3-loose,20260892,plane,vel,-0.6822554009510303,1304273.3618540417
X3-loose,20260892,plane,pos,-1.4265823504503166,3492128.129017733
X3-loose,20260892,plane,vel,0.9549375466617527,3492128.129017733
X3-loose,20260892,plane,pos,1.211500466896347,282618.66326597857
X3-loose,20260892,plane,vel,1.5857896740951145,282618.66326597857
X3-loose,20260892,range,pos,-0.1993776569329355,77939.8809531086
X3-loose,20260892,range,vel,0.08865701202075113,77939.8809531086
X3-loose,20260892,range,pos,-0.564986108157771,80028.99834086969
X3-loose,20260892,range,vel,1.5424798245868583,80028.99834086969
X3-loose,20260892,range,pos,-2.1516363036739565,6057636.231397145
X3-loose,20260892,range,vel,-2.236665746931183,6057636.231397145
X3-loose,20260892,range,pos,0.013778999979139842,7802818.849343581
X3-loose,20260892,range,vel,0.137160529606825,7802818.849343581
X3-loose,20260892,range,pos,-1.2177545852978338,206922.47284930848
X3-loose,20260892,range,vel,0.7101632846073527,206922.47284930848
X3-loose,20260892,range,pos,-0.5504324406252458,171956.46892177706
X3-loose,20260892,range,vel,1.263636483467132,171956.46892177706
X3-loose,20260892,range,pos,-0.6989462591553895,13035582.832178613
X3-loose,20260892,range,vel,1.3167875959290443,13035582.832178613
X3-loose,20260892,inplane,pos,-0.040178318957783725,77939.8809531086
X3-loose,20260892,inplane,vel,0.004913447673356473,77939.8809531086
X3-loose,20260892,inplane,pos,2.253404694971919,80028.99834086969
X3-loose,20260892,inplane,vel,1.3207346412487821,80028.99834086969
X3-loose,20260892,inplane,pos,1.4969817103147278,6057636.231397145
X3-loose,20260892,inplane,vel,-1.9675114041152617,6057636.231397145
X3-loose,20260892,inplane,pos,-0.20568844487144305,7802818.849343581
X3-loose,20260892,inplane,vel,0.40149869861769016,7802818.849343581
X3-loose,20260892,inplane,pos,0.1500359495942547,206922.47284930848
X3-loose,20260892,inplane,vel,-1.098425924560402,206922.47284930848
X3-loose,20260892,inplane,pos,1.5030077159382444,171956.46892177706
X3-loose,20260892,inplane,vel,0.40891801701295016,171956.46892177706
X3-loose,20260892,inplane,pos,-1.2101788192922889,13035582.832178613
X3-loose,20260892,inplane,vel,-1.0725262618694391,13035582.832178613
X3-loose,20260892,plane,pos,-0.04171246976260771,77939.8809531086
X3-loose,20260892,plane,vel,0.8029166255126553,77939.8809531086
X3-loose,20260892,plane,pos,-0.1325382987752839,80028.99834086969
X3-loose,20260892,plane,vel,0.5250773704000935,80028.99834086969
X3-loose,20260892,plane,pos,-1.2417788158288046,6057636.231397145
X3-loose,20260892,plane,vel,-0.5528358803041102,6057636.231397145
X3-loose,20260892,plane,pos,0.419543617811556,7802818.849343581
X3-loose,20260892,plane,vel,1.0311217294761368,7802818.849343581
X3-loose,20260892,plane,pos,1.1387122375876688,206922.47284930848
X3-loose,20260892,plane,vel,0.7912332067213886,206922.47284930848
X3-loose,20260892,plane,pos,-0.007284153918625138,171956.46892177706
X3-loose,20260892,plane,vel,2.3512059198958437,171956.46892177706
X3-loose,20260892,plane,pos,-0.02780658237243462,13035582.832178613
X3-loose,20260892,plane,vel,1.4830314516442997,13035582.832178613
X3-loose,20260892,range,pos,-0.46903687182877263,250463.17121778723
X3-loose,20260892,range,vel,0.5269544515197113,250463.17121778723
X3-loose,20260892,range,pos,-0.4058121431306,388191.4024093439
X3-loose,20260892,range,vel,-1.0106756734704638,388191.4024093439
X3-loose,20260892,range,pos,-0.2107460820865041,79356.30962697644
X3-loose,20260892,range,vel,0.14057940588899348,79356.30962697644
X3-loose,20260892,range,pos,0.6689628001273771,297318.8262374187
X3-loose,20260892,range,vel,0.5303247494581347,297318.8262374187
X3-loose,20260892,range,pos,-0.4342076113346857,503500.140764229
X3-loose,20260892,range,vel,0.8917062900305373,503500.140764229
X3-loose,20260892,range,pos,1.2237257476032513,258187.3502638768
X3-loose,20260892,range,vel,-0.36704984592294565,258187.3502638768
X3-loose,20260892,range,pos,0.7380080184394672,1719505.9593258102
X3-loose,20260892,range,vel,-0.4012287478189753,1719505.9593258102
X3-loose,20260892,range,pos,0.19964527696429435,232603.4738543777
X3-loose,20260892,range,vel,-1.0832682410971657,232603.4738543777
X3-loose,20260892,inplane,pos,0.4922658712334219,250463.17121778723
X3-loose,20260892,inplane,vel,0.11477078198076097,250463.17121778723
X3-loose,20260892,inplane,pos,-2.2047401165431637,388191.4024093439
X3-loose,20260892,inplane,vel,-0.07448676095116633,388191.4024093439
X3-loose,20260892,inplane,pos,-0.1027384503615186,79356.30962697644
X3-loose,20260892,inplane,vel,0.4541272487705376,79356.30962697644
X3-loose,20260892,inplane,pos,-0.09196329208456987,297318.8262374187
X3-loose,20260892,inplane,vel,0.7599978388689034,297318.8262374187
X3-loose,20260892,inplane,pos,0.3200392687567188,503500.140764229
X3-loose,20260892,inplane,vel,-0.4855667134702031,503500.140764229
X3-loose,20260892,inplane,pos,0.9493678200667643,258187.3502638768
X3-loose,20260892,inplane,vel,1.2698242683016778,258187.3502638768
X3-loose,20260892,inplane,pos,0.8564254313890861,1719505.9593258102
X3-loose,20260892,inplane,vel,0.7866264241457954,1719505.9593258102
X3-loose,20260892,inplane,pos,-1.1460828360614599,232603.4738543777
X3-loose,20260892,inplane,vel,0.6664863978949508,232603.4738543777
X3-loose,20260892,plane,pos,-2.1176879190842817,250463.17121778723
X3-loose,20260892,plane,vel,-0.7149953222047636,250463.17121778723
X3-loose,20260892,plane,pos,2.7128847250725507,388191.4024093439
X3-loose,20260892,plane,vel,1.4529608987986478,388191.4024093439
X3-loose,20260892,plane,pos,-0.1721889702561027,79356.30962697644
X3-loose,20260892,plane,vel,-0.15016037081113412,79356.30962697644
X3-loose,20260892,plane,pos,-1.2048401114479435,297318.8262374187
X3-loose,20260892,plane,vel,-0.05470708228393514,297318.8262374187
X3-loose,20260892,plane,pos,0.44276048319637523,503500.140764229
X3-loose,20260892,plane,vel,-0.5676522996639667,503500.140764229
X3-loose,20260892,plane,pos,-2.446327395616583,258187.3502638768
X3-loose,20260892,plane,vel,0.953788756177724,258187.3502638768
X3-loose,20260892,plane,pos,-0.3680131749656164,1719505.9593258102
X3-loose,20260892,plane,vel,1.244114957508281,1719505.9593258102
X3-loose,20260892,plane,pos,1.531554655343667,232603.4738543777
X3-loose,20260892,plane,vel,-0.14137504967296752,232603.4738543777
X3-loose,20260892,range,pos,0.07007488951463893,744635.0811851254
X3-loose,20260892,range,vel,-0.26321152148680954,744635.0811851254
X3-loose,20260892,range,pos,-1.4281407236835253,157044.76823825846
X3-loose,20260892,range,vel,0.333685761469364,157044.76823825846
X3-loose,20260892,range,pos,0.45417227030180257,13802487.462474832
X3-loose,20260892,range,vel,-0.30994080536721524,13802487.462474832
X3-loose,20260892,range,pos,0.514156019702034,1036709.0278607254
X3-loose,20260892,range,vel,0.22746049182395053,1036709.0278607254
X3-loose,20260892,range,pos,0.6914674714020704,9221518.50139794
X3-loose,20260892,range,vel,-0.7743931697311739,9221518.50139794
X3-loose,20260892,range,pos,0.40617750143907283,633343.1697708438
X3-loose,20260892,range,vel,-1.1051466397567176,633343.1697708438
X3-loose,20260892,range,pos,-0.2582212362789813,1883210.775642149
X3-loose,20260892,range,vel,0.778278106426261,1883210.775642149
X3-loose,20260892,range,pos,-0.08824086370623509,1609734.979450263
X3-loose,20260892,range,vel,-0.056171182052901794,1609734.979450263
X3-loose,20260892,inplane,pos,0.029904838738248642,744635.0811851254
X3-loose,20260892,inplane,vel,0.3598997592702025,744635.0811851254
X3-loose,20260892,inplane,pos,0.22142636291091836,157044.76823825846
X3-loose,20260892,inplane,vel,-1.2956055497707286,157044.76823825846
X3-loose,20260892,inplane,pos,0.5757466832816022,13802487.462474832
X3-loose,20260892,inplane,vel,-0.23762574607042986,13802487.462474832
X3-loose,20260892,inplane,pos,0.5648442674272843,1036709.0278607254
X3-loose,20260892,inplane,vel,0.6222267243015492,1036709.0278607254
X3-loose,20260892,inplane,pos,0.9348884027613679,9221518.50139794
X3-loose,20260892,inplane,vel,0.9931844503836221,9221518.50139794
X3-loose,20260892,inplane,pos,-0.5155088822254891,633343.1697708438
X3-loose,20260892,inplane,vel,0.09903531585812843,633343.1697708438
X3-loose,20260892,inplane,pos,0.2171225183767266,1883210.775642149
X3-loose,20260892,inplane,vel,-0.48232603273974495,1883210.775642149
X3-loose,20260892,inplane,pos,0.21918220104754974,1609734.979450263
X3-loose,20260892,inplane,vel,-0.17138954624145813,1609734.979450263
X3-loose,20260892,plane,pos,0.31532510004813397,744635.0811851254
X3-loose,20260892,plane,vel,0.5407474330452702,744635.0811851254
X3-loose,20260892,plane,pos,-0.7714787151379945,157044.76823825846
X3-loose,20260892,plane,vel,2.038383381913892,157044.76823825846
X3-loose,20260892,plane,pos,1.2111676763226433,13802487.462474832
X3-loose,20260892,plane,vel,0.19597067318458516,13802487.462474832
X3-loose,20260892,plane,pos,0.35264334225950456,1036709.0278607254
X3-loose,20260892,plane,vel,0.3652536530606177,1036709.0278607254
X3-loose,20260892,plane,pos,-0.3155783408916378,9221518.50139794
X3-loose,20260892,plane,vel,-1.021354320872779,9221518.50139794
X3-loose,20260892,plane,pos,0.6380992947580977,633343.1697708438
X3-loose,20260892,plane,vel,1.1499039932393829,633343.1697708438
X3-loose,20260892,plane,pos,0.8704602892567357,1883210.775642149
X3-loose,20260892,plane,vel,-0.6799704413894572,1883210.775642149
X3-loose,20260892,plane,pos,-0.9242401623042259,1609734.979450263
X3-loose,20260892,plane,vel,-0.8039600825113652,1609734.979450263
X3-loose,20260892,range,pos,1.2799645838261942,120566.33567937627
X3-loose,20260892,range,vel,-1.0885212070165227,120566.33567937627
X3-loose,20260892,range,pos,-1.2658094834415259,158169.61891515588
X3-loose,20260892,range,vel,-0.9217135070247156,158169.61891515588
X3-loose,20260892,range,pos,-0.3060406260828436,285416.2204392068
X3-loose,20260892,range,vel,-0.8133511713521964,285416.2204392068
X3-loose,20260892,range,pos,1.4654019260866038,10833755.678345274
X3-loose,20260892,range,vel,1.1298235174346893,10833755.678345274
X3-loose,20260892,range,pos,-0.4441614937797889,204001.55036015535
X3-loose,20260892,range,vel,-1.0417897916291783,204001.55036015535
X3-loose,20260892,range,pos,-0.4495167655656648,73266.43366530519
X3-loose,20260892,range,vel,0.057588233325499213,73266.43366530519
X3-loose,20260892,range,pos,-0.4083684706628938,114469.37355644781
X3-loose,20260892,range,vel,0.22730283180117283,114469.37355644781
X3-loose,20260892,range,pos,-0.140218887507519,2731025.295955914
X3-loose,20260892,range,vel,0.9045393395436081,2731025.295955914
X3-loose,20260892,inplane,pos,-1.1674405017794367,120566.33567937627
X3-loose,20260892,inplane,vel,1.0703135894739908,120566.33567937627
X3-loose,20260892,inplane,pos,-0.3833357050620687,158169.61891515588
X3-loose,20260892,inplane,vel,1.1559273104245986,158169.61891515588
X3-loose,20260892,inplane,pos,-1.0270085597035497,285416.2204392068
X3-loose,20260892,inplane,vel,-0.7524614815471745,285416.2204392068
X3-loose,20260892,inplane,pos,-1.3437580757599994,10833755.678345274
X3-loose,20260892,inplane,vel,0.890808343778339,10833755.678345274
X3-loose,20260892,inplane,pos,-1.4911007119991488,204001.55036015535
X3-loose,20260892,inplane,vel,-0.5225928761898803,204001.55036015535
X3-loose,20260892,inplane,pos,-0.2726391777647601,73266.43366530519
X3-loose,20260892,inplane,vel,-0.08443633838558108,73266.43366530519
X3-loose,20260892,inplane,pos,1.053231015216472,114469.37355644781
X3-loose,20260892,inplane,vel,1.248520801841218,114469.37355644781
X3-loose,20260892,inplane,pos,1.0765213614008524,2731025.295955914
X3-loose,20260892,inplane,vel,-0.13165260419910993,2731025.295955914
X3-loose,20260892,plane,pos,1.5933921983399453,120566.33567937627
X3-loose,20260892,plane,vel,-1.8834506029656475,120566.33567937627
X3-loose,20260892,plane,pos,-0.5204385626709974,158169.61891515588
X3-loose,20260892,plane,vel,0.9773928093329164,158169.61891515588
X3-loose,20260892,plane,pos,-0.29819886686276237,285416.2204392068
X3-loose,20260892,plane,vel,0.29279477827665407,285416.2204392068
X3-loose,20260892,plane,pos,-0.19448400603211194,10833755.678345274
X3-loose,20260892,plane,vel,0.9471300756540023,10833755.678345274
X3-loose,20260892,plane,pos,-1.0074552912658612,204001.55036015535
X3-loose,20260892,plane,vel,-0.7911639297004526,204001.55036015535
X3-loose,20260892,plane,pos,0.06913487370789692,73266.43366530519
X3-loose,20260892,plane,vel,1.2178348722486771,73266.43366530519
X3-loose,20260892,plane,pos,1.8633498092013605,114469.37355644781
X3-loose,20260892,plane,vel,0.6666622143007106,114469.37355644781
X3-loose,20260892,plane,pos,0.019208226711226135,2731025.295955914
X3-loose,20260892,plane,vel,1.6568566498485657,2731025.295955914
X3-loose,20260899,range,pos,-0.20654027555684373,321809.64249257196
X3-loose,20260899,range,vel,1.0610052028934724,321809.64249257196
X3-loose,20260899,range,pos,2.7644780589642095,542939.5300411407
X3-loose,20260899,range,vel,-1.108027349588865,542939.5300411407
X3-loose,20260899,range,pos,-0.2862260710762169,495321.08194694965
X3-loose,20260899,range,vel,-0.11032009638032327,495321.08194694965
X3-loose,20260899,range,pos,-0.3468679577327023,456315.0846145707
X3-loose,20260899,range,vel,-0.007402795131854073,456315.0846145707
X3-loose,20260899,range,pos,1.3302612376421148,184219.10334064957
X3-loose,20260899,range,vel,1.2968550404136845,184219.10334064957
X3-loose,20260899,range,pos,0.20903709505547807,599539.3321246663
X3-loose,20260899,range,vel,0.09498950066586571,599539.3321246663
X3-loose,20260899,range,pos,0.5901339068555086,158776.65089818233
X3-loose,20260899,range,vel,-1.893799082269481,158776.65089818233
X3-loose,20260899,range,pos,1.7258948266286045,430661.90838619694
X3-loose,20260899,range,vel,-2.3792171557803687,430661.90838619694
X3-loose,20260899,inplane,pos,0.6973672093711415,321809.64249257196
X3-loose,20260899,inplane,vel,-0.19895432860696263,321809.64249257196
X3-loose,20260899,inplane,pos,3.447711814357065,542939.5300411407
X3-loose,20260899,inplane,vel,2.913730587822528,542939.5300411407
X3-loose,20260899,inplane,pos,0.08867506510359119,495321.08194694965
X3-loose,20260899,inplane,vel,-0.22498983538522305,495321.08194694965
X3-loose,20260899,inplane,pos,-0.9391070282481345,456315.0846145707
X3-loose,20260899,inplane,vel,-0.2590775331326056,456315.0846145707
X3-loose,20260899,inplane,pos,0.3498414802792199,184219.10334064957
X3-loose,20260899,inplane,vel,1.3656076658240268,184219.10334064957
X3-loose,20260899,inplane,pos,1.0755241307581909,599539.3321246663
X3-loose,20260899,inplane,vel,0.7287663762984647,599539.3321246663
X3-loose,20260899,inplane,pos,-2.047548283156369,158776.65089818233
X3-loose,20260899,inplane,vel,-1.0953418904893342,158776.65089818233
X3-loose,20260899,inplane,pos,-0.5404225317035252,430661.90838619694
X3-loose,20260899,inplane,vel,1.4179906864574032,430661.90838619694
X3-loose,20260899,plane,pos,-0.4066115544148137,321809.64249257196
X3-loose,20260899,plane,vel,0.3523869064032989,321809.64249257196
X3-loose,20260899,plane,pos,-0.8153890359130094,542939.5300411407
X3-loose,20260899,plane,vel,-1.309265373244968,542939.5300411407
X3-loose,20260899,plane,pos,0.11650374505897397,495321.08194694965
X3-loose,20260899,plane,vel,0.26936479760353943,495321.08194694965
X3-loose,20260899,plane,pos,1.7364972694330423,456315.0846145707
X3-loose,20260899,plane,vel,-0.15138443311792094,456315.0846145707
X3-loose,20260899,plane,pos,-1.9735333801884414,184219.10334064957
X3-loose,20260899,plane,vel,0.11854316668873835,184219.10334064957
X3-loose,20260899,plane,pos,0.25868139435660076,599539.3321246663
X3-loose,20260899,plane,vel,-0.8546484668863015,599539.3321246663
X3-loose,20260899,plane,pos,0.4537016364417023,158776.65089818233
X3-loose,20260899,plane,vel,1.2373389858621586,158776.65089818233
X3-loose,20260899,plane,pos,-0.6090620633393977,430661.90838619694
X3-loose,20260899,plane,vel,-1.3366811401573022,430661.90838619694
X3-loose,20260899,range,pos,-0.20071594319346267,534487.9007406564
X3-loose,20260899,range,vel,0.08185710389697996,534487.9007406564
X3-loose,20260899,range,pos,-0.2380226110417969,420178.74623748596
X3-loose,20260899,range,vel,-0.07372775266288092,420178.74623748596
X3-loose,20260899,range,pos,-1.2479656383664357,13412848.39480374
X3-loose,20260899,range,vel,-0.9030708487957296,13412848.39480374
X3-loose,20260899,range,pos,-0.8290895064891022,14088562.091432624
X3-loose,20260899,range,vel,-0.28724315722664756,14088562.091432624
X3-loose,20260899,range,pos,0.5514586111928843,939468.6468736554
X3-loose,20260899,range,vel,1.2425050908608413,939468.6468736554
X3-loose,20260899,range,pos,1.10584233367272,8050376.030011968
X3-loose,20260899,range,vel,0.9083365968312673,8050376.030011968
X3-loose,20260899,range,pos,0.7496497339371132,865410.3247606751
X3-loose,20260899,range,vel,-1.0516357913878709,865410.3247606751
X3-loose,20260899,range,pos,-0.46871243971726045,611388.2681915193
X3-loose,20260899,range,vel,-0.8430170533787072,611388.2681915193
X3-loose,20260899,inplane,pos,-1.0988106031037332,534487.9007406564
X3-loose,20260899,inplane,vel,1.6902427014579908,534487.9007406564
X3-loose,20260899,inplane,pos,-0.06027031517844128,420178.74623748596
X3-loose,20260899,inplane,vel,0.10174637785317882,420178.74623748596
X3-loose,20260899,inplane,pos,0.0961882607236364,13412848.39480374
X3-loose,20260899,inplane,vel,0.6712011632016727,13412848.39480374
X3-loose,20260899,inplane,pos,0.3387589790950317,14088562.091432624
X3-loose,20260899,inplane,vel,0.8902692147966804,14088562.091432624
X3-loose,20260899,inplane,pos,1.7720285652541112,939468.6468736554
X3-loose,20260899,inplane,vel,0.6419598597782838,939468.6468736554
X3-loose,20260899,inplane,pos,-1.0524098144910607,8050376.030011968
X3-loose,20260899,inplane,vel,1.027021053911763,8050376.030011968
X3-loose,20260899,inplane,pos,0.17226548459806373,865410.3247606751
X3-loose,20260899,inplane,vel,0.8588994268509985,865410.3247606751
X3-loose,20260899,inplane,pos,-1.0142569683580578,611388.2681915193
X3-loose,20260899,inplane,vel,-0.5255089743501348,611388.2681915193
X3-loose,20260899,plane,pos,-0.053502499077290884,534487.9007406564
X3-loose,20260899,plane,vel,0.9776660259929986,534487.9007406564
X3-loose,20260899,plane,pos,-1.086556789036884,420178.74623748596
X3-loose,20260899,plane,vel,-0.7939344603580076,420178.74623748596
X3-loose,20260899,plane,pos,0.9826655222661121,13412848.39480374
X3-loose,20260899,plane,vel,-0.3018407918712484,13412848.39480374
X3-loose,20260899,plane,pos,-0.49939018024564136,14088562.091432624
X3-loose,20260899,plane,vel,-0.934417844247002,14088562.091432624
X3-loose,20260899,plane,pos,0.13611924790099464,939468.6468736554
X3-loose,20260899,plane,vel,0.7469621722379042,939468.6468736554
X3-loose,20260899,plane,pos,-0.9060375431227483,8050376.030011968
X3-loose,20260899,plane,vel,0.3352339900891381,8050376.030011968
X3-loose,20260899,plane,pos,-0.7557873921630375,865410.3247606751
X3-loose,20260899,plane,vel,1.6645953221750354,865410.3247606751
X3-loose,20260899,plane,pos,-1.6784787756316615,611388.2681915193
X3-loose,20260899,plane,vel,0.9638624829079957,611388.2681915193
X3-loose,20260899,range,pos,-0.741326003728811,4597683.799021047
X3-loose,20260899,range,vel,-0.6429682854058126,4597683.799021047
X3-loose,20260899,range,pos,-0.47012480876412077,1412959.6962413073
X3-loose,20260899,range,vel,0.7349109335274691,1412959.6962413073
X3-loose,20260899,range,pos,-0.7961225113301813,105603.98744592995
X3-loose,20260899,range,vel,-1.0545478518095004,105603.98744592995
X3-loose,20260899,range,pos,-0.08471062631178237,472513.36552112154
X3-loose,20260899,range,vel,0.24139061399959408,472513.36552112154
X3-loose,20260899,range,pos,-1.5954418513705757,2858432.979290229
X3-loose,20260899,range,vel,-1.302359576792651,2858432.979290229
X3-loose,20260899,range,pos,-0.5727311398484042,124945.59201134037
X3-loose,20260899,range,vel,0.36146966837252154,124945.59201134037
X3-loose,20260899,range,pos,-0.9925895515324509,8114393.588775325
X3-loose,20260899,range,vel,1.4658297780619862,8114393.588775325
X3-loose,20260899,range,pos,-0.8004475933008782,1315376.5634728887
X3-loose,20260899,range,vel,0.22734456785435803,1315376.5634728887
X3-loose,20260899,inplane,pos,0.5062860912167496,4597683.799021047
X3-loose,20260899,inplane,vel,-0.405230621451436,4597683.799021047
X3-loose,20260899,inplane,pos,0.7210916663167751,1412959.6962413073
X3-loose,20260899,inplane,vel,-0.5244079251090237,1412959.6962413073
X3-loose,20260899,inplane,pos,-0.7437185638446734,105603.98744592995
X3-loose,20260899,inplane,vel,-0.8439360145530066,105603.98744592995
X3-loose,20260899,inplane,pos,1.561548079164289,472513.36552112154
X3-loose,20260899,inplane,vel,-0.14118017443997358,472513.36552112154
X3-loose,20260899,inplane,pos,1.0755818336287715,2858432.979290229
X3-loose,20260899,inplane,vel,-1.520580917772246,2858432.979290229
X3-loose,20260899,inplane,pos,-0.9562672130224036,124945.59201134037
X3-loose,20260899,inplane,vel,-0.6892939801425407,124945.59201134037
X3-loose,20260899,inplane,pos,0.34747853181266725,8114393.588775325
X3-loose,20260899,inplane,vel,0.18357510837590818,8114393.588775325
X3-loose,20260899,inplane,pos,0.6676246551519616,1315376.5634728887
X3-loose,20260899,inplane,vel,-0.8866061586415439,1315376.5634728887
X3-loose,20260899,plane,pos,-0.029030634106801605,4597683.799021047
X3-loose,20260899,plane,vel,-0.9714870696144323,4597683.799021047
X3-loose,20260899,plane,pos,0.03054938723022796,1412959.6962413073
X3-loose,20260899,plane,vel,-0.33596737597934545,1412959.6962413073
X3-loose,20260899,plane,pos,-0.15301891909237314,105603.98744592995
X3-loose,20260899,plane,vel,0.3826825551649712,105603.98744592995
X3-loose,20260899,plane,pos,-0.15329841573136843,472513.36552112154
X3-loose,20260899,plane,vel,0.6134150827786806,472513.36552112154
X3-loose,20260899,plane,pos,1.5716570943639245,2858432.979290229
X3-loose,20260899,plane,vel,-0.8083996943819367,2858432.979290229
X3-loose,20260899,plane,pos,0.3424590460754842,124945.59201134037
X3-loose,20260899,plane,vel,-0.06436192196278438,124945.59201134037
X3-loose,20260899,plane,pos,0.7720162451619714,8114393.588775325
X3-loose,20260899,plane,vel,-0.010610134464899309,8114393.588775325
X3-loose,20260899,plane,pos,-1.5841891550778726,1315376.5634728887
X3-loose,20260899,plane,vel,-0.8597377678229392,1315376.5634728887
X3-loose,20260899,range,pos,0.8364985964795518,13644164.196178311
X3-loose,20260899,range,vel,-1.8254569235007048,13644164.196178311
X3-loose,20260899,range,pos,0.31247078087627655,2176011.9566083457
X3-loose,20260899,range,vel,-1.607165612022021,2176011.9566083457
X3-loose,20260899,range,pos,0.2532636547005773,12066768.990078935
X3-loose,20260899,range,vel,0.25521605302815303,12066768.990078935
X3-loose,20260899,range,pos,-0.5039961069692778,1925208.6997687772
X3-loose,20260899,range,vel,-1.4263816619895042,1925208.6997687772
X3-loose,20260899,range,pos,0.53818227953001,2387406.751498052
X3-loose,20260899,range,vel,-0.2482588660437601,2387406.751498052
X3-loose,20260899,range,pos,0.2042988620440419,145376.11413640398
X3-loose,20260899,range,vel,0.9111181616090778,145376.11413640398
X3-loose,20260899,range,pos,-0.86796913371784,7665619.198990791
X3-loose,20260899,range,vel,0.3325426853697581,7665619.198990791
X3-loose,20260899,inplane,pos,1.913788350753429,13644164.196178311
X3-loose,20260899,inplane,vel,-0.6199944442061971,13644164.196178311
X3-loose,20260899,inplane,pos,-0.6478026817546187,2176011.9566083457
X3-loose,20260899,inplane,vel,0.8251675121870248,2176011.9566083457
X3-loose,20260899,inplane,pos,-0.10514276259638984,12066768.990078935
X3-loose,20260899,inplane,vel,0.050645138610582015,12066768.990078935
X3-loose,20260899,inplane,pos,-1.5987578386919639,1925208.6997687772
X3-loose,20260899,inplane,vel,-0.5339749472486987,1925208.6997687772
X3-loose,20260899,inplane,pos,-1.155024793535223,2387406.751498052
X3-loose,20260899,inplane,vel,1.00242766509632,2387406.751498052
X3-loose,20260899,inplane,pos,1.0420456823559576,145376.11413640398
X3-loose,20260899,inplane,vel,0.66288232685921,145376.11413640398
X3-loose,20260899,inplane,pos,-0.8940414525952747,7665619.198990791
X3-loose,20260899,inplane,vel,-0.5407064821362895,7665619.198990791
X3-loose,20260899,plane,pos,0.3049517294992523,13644164.196178311
X3-loose,20260899,plane,vel,0.04761676775534305,13644164.196178311
X3-loose,20260899,plane,pos,1.040424062675098,2176011.9566083457
X3-loose,20260899,plane,vel,-0.2172967349893101,2176011.9566083457
X3-loose,20260899,plane,pos,-1.2403381153910051,12066768.990078935
X3-loose,20260899,plane,vel,-0.6847904332900189,12066768.990078935
X3-loose,20260899,plane,pos,-0.6813729069296005,1925208.6997687772
X3-loose,20260899,plane,vel,0.8617752297935322,1925208.6997687772
X3-loose,20260899,plane,pos,-0.3408968516676242,2387406.751498052
X3-loose,20260899,plane,vel,-1.8102553215969155,2387406.751498052
X3-loose,20260899,plane,pos,0.43148206091418906,145376.11413640398
X3-loose,20260899,plane,vel,0.0725312769730399,145376.11413640398
X3-loose,20260899,plane,pos,-0.24030731363976565,7665619.198990791
X3-loose,20260899,plane,vel,0.12041738664230242,7665619.198990791
X3-loose,20260899,range,pos,-0.7715309058871351,46838.69425742191
X3-loose,20260899,range,vel,-0.671171230386196,46838.69425742191
X3-loose,20260899,range,pos,-2.669261775454832,53403.50150692602
X3-loose,20260899,range,vel,-2.886791800060961,53403.50150692602
X3-loose,20260899,range,pos,2.010464903637181,111435.09040476091
X3-loose,20260899,range,vel,1.5121774016174594,111435.09040476091
X3-loose,20260899,range,pos,1.2817240254760487,44931.52913563151
X3-loose,20260899,range,vel,-0.5111917979221553,44931.52913563151
X3-loose,20260899,range,pos,0.3479654457714631,445665.14248179283
X3-loose,20260899,range,vel,-0.5392942892145087,445665.14248179283
X3-loose,20260899,range,pos,1.4764495757469827,2279975.7024323554
X3-loose,20260899,range,vel,1.2346443138745664,2279975.7024323554
X3-loose,20260899,range,pos,-0.4745464621637832,2343472.677628711
X3-loose,20260899,range,vel,0.7000914915483795,2343472.677628711
X3-loose,20260899,range,pos,-1.377552710070355,70313.89410917036
X3-loose,20260899,range,vel,-0.8643666661471814,70313.89410917036
X3-loose,20260899,inplane,pos,-1.5975104657323067,46838.69425742191
X3-loose,20260899,inplane,vel,-1.0475836633894422,46838.69425742191
X3-loose,20260899,inplane,pos,-1.024335479268109,53403.50150692602
X3-loose,20260899,inplane,vel,-2.0961432456194546,53403.50150692602
X3-loose,20260899,inplane,pos,1.1412471240946962,111435.09040476091
X3-loose,20260899,inplane,vel,2.217253897091565,111435.09040476091
X3-loose,20260899,inplane,pos,2.120747779442477,44931.52913563151
X3-loose,20260899,inplane,vel,1.6989851823827509,44931.52913563151
X3-loose,20260899,inplane,pos,-0.28351303562462393,445665.14248179283
X3-loose,20260899,inplane,vel,0.1872736648040095,445665.14248179283
X3-loose,20260899,inplane,pos,-2.0026929828979703,2279975.7024323554
X3-loose,20260899,inplane,vel,1.4893685486598955,2279975.7024323554
X3-loose,20260899,inplane,pos,-0.019468741392183596,2343472.677628711
X3-loose,20260899,inplane,vel,-0.8169398242797562,2343472.677628711
X3-loose,20260899,inplane,pos,0.29331745192898634,70313.89410917036
X3-loose,20260899,inplane,vel,-1.0981324128470873,70313.89410917036
X3-loose,20260899,plane,pos,-0.05941761637887788,46838.69425742191
X3-loose,20260899,plane,vel,1.1581755309481738,46838.69425742191
X3-loose,20260899,plane,pos,0.15312733754055619,53403.50150692602
X3-loose,20260899,plane,vel,-0.37505947601291223,53403.50150692602
X3-loose,20260899,plane,pos,-0.4731589759092268,111435.09040476091
X3-loose,20260899,plane,vel,-2.943738904095334,111435.09040476091
X3-loose,20260899,plane,pos,0.46970540011325723,44931.52913563151
X3-loose,20260899,plane,vel,-0.8348103491620732,44931.52913563151
X3-loose,20260899,plane,pos,1.6825268539146,445665.14248179283
X3-loose,20260899,plane,vel,-1.3660921630674008,445665.14248179283
X3-loose,20260899,plane,pos,0.8711789468582937,2279975.7024323554
X3-loose,20260899,plane,vel,0.45431652044455406,2279975.7024323554
X3-loose,20260899,plane,pos,1.1399782887574366,2343472.677628711
X3-loose,20260899,plane,vel,0.12028974602393878,2343472.677628711
X3-loose,20260899,plane,pos,1.2460471224775722,70313.89410917036
X3-loose,20260899,plane,vel,0.528286135130602,70313.89410917036
X3-loose,20260899,range,pos,1.0020577227142706,593175.4434310244
X3-loose,20260899,range,vel,0.2513791246006966,593175.4434310244
X3-loose,20260899,range,pos,-0.4301955267220655,179411.9699644086
X3-loose,20260899,range,vel,1.203311128540228,179411.9699644086
X3-loose,20260899,range,pos,-0.7704175959175531,179077.24887605864
X3-loose,20260899,range,vel,0.6903524124382543,179077.24887605864
X3-loose,20260899,range,pos,0.15945758143383762,5634505.303205786
X3-loose,20260899,range,vel,-0.6020887075322365,5634505.303205786
X3-loose,20260899,range,pos,-0.7258303903148658,233119.58086823247
X3-loose,20260899,range,vel,1.1242321651179514,233119.58086823247
X3-loose,20260899,range,pos,0.023747540237513232,612607.4227736277
X3-loose,20260899,range,vel,-0.23609238118875253,612607.4227736277
X3-loose,20260899,range,pos,-0.35343674039175393,576422.6713382242
X3-loose,20260899,range,vel,0.010552081680601915,576422.6713382242
X3-loose,20260899,range,pos,-1.4727343746930954,52406.41425595431
X3-loose,20260899,range,vel,2.053976596647557,52406.41425595431
X3-loose,20260899,inplane,pos,0.8853438897148609,593175.4434310244
X3-loose,20260899,inplane,vel,0.8844645930233205,593175.4434310244
X3-loose,20260899,inplane,pos,0.7006666414735377,179411.9699644086
X3-loose,20260899,inplane,vel,-0.2110654654866011,179411.9699644086
X3-loose,20260899,inplane,pos,0.028628349723882302,179077.24887605864
X3-loose,20260899,inplane,vel,0.04920826700862178,179077.24887605864
X3-loose,20260899,inplane,pos,-0.7059251066194545,5634505.303205786
X3-loose,20260899,inplane,vel,-0.43533820344166557,5634505.303205786
X3-loose,20260899,inplane,pos,0.1188671527327141,233119.58086823247
X3-loose,20260899,inplane,vel,-0.30873235397116494,233119.58086823247
X3-loose,20260899,inplane,pos,-0.31939270636597766,612607.4227736277
X3-loose,20260899,inplane,vel,0.0071438508445397534,612607.4227736277
X3-loose,20260899,inplane,pos,-0.7421696194349302,576422.6713382242
X3-loose,20260899,inplane,vel,-0.4469449978612881,576422.6713382242
X3-loose,20260899,inplane,pos,-0.2367767250041611,52406.41425595431
X3-loose,20260899,inplane,vel,0.2311563255120617,52406.41425595431
X3-loose,20260899,plane,pos,-0.8749789853156359,593175.4434310244
X3-loose,20260899,plane,vel,-0.04564680227514073,593175.4434310244
X3-loose,20260899,plane,pos,0.3552868230955409,179411.9699644086
X3-loose,20260899,plane,vel,0.5701639434906357,179411.9699644086
X3-loose,20260899,plane,pos,1.2510173331379393,179077.24887605864
X3-loose,20260899,plane,vel,-0.5157963800697779,179077.24887605864
X3-loose,20260899,plane,pos,1.4096908285850613,5634505.303205786
X3-loose,20260899,plane,vel,0.31533300146576493,5634505.303205786
X3-loose,20260899,plane,pos,-0.4319657707056244,233119.58086823247
X3-loose,20260899,plane,vel,-0.40747116818790247,233119.58086823247
X3-loose,20260899,plane,pos,-0.7838437015323558,612607.4227736277
X3-loose,20260899,plane,vel,-0.3941646143977271,612607.4227736277
X3-loose,20260899,plane,pos,-0.5888147950055139,576422.6713382242
X3-loose,20260899,plane,vel,-0.23766032081642094,576422.6713382242
X3-loose,20260899,plane,pos,-0.8282668924526592,52406.41425595431
X3-loose,20260899,plane,vel,-1.7653598254167966,52406.41425595431
X3-loose,20260906,range,pos,0.1464610240499144,304234.393531282
X3-loose,20260906,range,vel,-0.22439674895345044,304234.393531282
X3-loose,20260906,range,pos,0.22347162208799098,106106.3040305192
X3-loose,20260906,range,vel,0.5341794008490218,106106.3040305192
X3-loose,20260906,range,pos,0.4911583527775476,94914.1335910056
X3-loose,20260906,range,vel,0.5177417302224994,94914.1335910056
X3-loose,20260906,range,pos,1.4403102908519858,209354.6561902307
X3-loose,20260906,range,vel,1.3502798754401477,209354.6561902307
X3-loose,20260906,range,pos,1.1974800977825524,58704.4619306295
X3-loose,20260906,range,vel,-0.7179365683580623,58704.4619306295
X3-loose,20260906,range,pos,0.14636908254093192,327800.7306831889
X3-loose,20260906,range,vel,-0.9954496148052628,327800.7306831889
X3-loose,20260906,range,pos,-0.09322844323724153,289308.3499183381
X3-loose,20260906,range,vel,0.7997044387327709,289308.3499183381
X3-loose,20260906,range,pos,0.46624709679618026,789142.699913847
X3-loose,20260906,range,vel,0.1299390192079385,789142.699913847
X3-loose,20260906,inplane,pos,-0.14734972907742083,304234.393531282
X3-loose,20260906,inplane,vel,-0.061527181446562856,304234.393531282
X3-loose,20260906,inplane,pos,-0.056187831962765486,106106.3040305192
X3-loose,20260906,inplane,vel,-0.9330715564681558,106106.3040305192
X3-loose,20260906,inplane,pos,1.4276611858966268,94914.1335910056
X3-loose,20260906,inplane,vel,1.5155904931726973,94914.1335910056
X3-loose,20260906,inplane,pos,-1.7379386978095586,209354.6561902307
X3-loose,20260906,inplane,vel,-0.21671641940098538,209354.6561902307
X3-loose,20260906,inplane,pos,1.4472739284674745,58704.4619306295
X3-loose,20260906,inplane,vel,1.2245655048949973,58704.4619306295
X3-loose,20260906,inplane,pos,-0.8456477288162441,327800.7306831889
X3-loose,20260906,inplane,vel,0.07403168397551885,327800.7306831889
X3-loose,20260906,inplane,pos,1.3762436826149174,289308.3499183381
X3-loose,20260906,inplane,vel,0.40974613478420907,289308.3499183381
X3-loose,20260906,inplane,pos,-0.16500288288984555,789142.699913847
X3-loose,20260906,inplane,vel,0.5887799503647528,789142.699913847
X3-loose,20260906,plane,pos,0.960168965287286,304234.393531282
X3-loose,20260906,plane,vel,1.1274559712600893,304234.393531282
X3-loose,20260906,plane,pos,-2.3535494407337394,106106.3040305192
X3-loose,20260906,plane,vel,-0.9845000320276259,106106.3040305192
X3-loose,20260906,plane,pos,1.3946807729962603,94914.1335910056
X3-loose,20260906,plane,vel,1.8168278791243229,94914.1335910056
X3-loose,20260906,plane,pos,-0.7028131300132704,209354.6561902307
X3-loose,20260906,plane,vel,-0.32709707089652196,209354.6561902307
X3-loose,20260906,plane,pos,-2.11866298512666,58704.4619306295
X3-loose,20260906,plane,vel,-0.40070689728621006,58704.4619306295
X3-loose,20260906,plane,pos,-0.012913922664796101,327800.7306831889
X3-loose,20260906,plane,vel,-0.9634809174897015,327800.7306831889
X3-loose,20260906,plane,pos,-0.2582466656792385,289308.3499183381
X3-loose,20260906,plane,vel,1.325298590864479,289308.3499183381
X3-loose,20260906,plane,pos,0.3669946930268111,789142.699913847
X3-loose,20260906,plane,vel,-0.682687257670889,789142.699913847
X3-loose,20260906,range,pos,-0.10852505463522127,2028392.9475469054
X3-loose,20260906,range,vel,-0.15314001171226863,2028392.9475469054
X3-loose,20260906,range,pos,0.7489294290071625,103334.6653338094
X3-loose,20260906,range,vel,-0.03781664711710805,103334.6653338094
X3-loose,20260906,range,pos,1.1260340598480902,234391.36583097494
X3-loose,20260906,range,vel,1.0865347339504785,234391.36583097494
X3-loose,20260906,range,pos,0.5894392469700813,20139.18045317774
X3-loose,20260906,range,vel,0.32930321410460506,20139.18045317774
X3-loose,20260906,range,pos,0.8839484317713165,13867515.050316608
X3-loose,20260906,range,vel,0.22805652447765967,13867515.050316608
X3-loose,20260906,range,pos,-0.11208381638727388,1228973.1815313492
X3-loose,20260906,range,vel,-1.9715338148538262,1228973.1815313492
X3-loose,20260906,range,pos,0.05462963063548915,1748046.3905922214
X3-loose,20260906,range,vel,0.7921856305100102,1748046.3905922214
X3-loose,20260906,inplane,pos,0.011935009473865391,2028392.9475469054
X3-loose,20260906,inplane,vel,-0.23570890067290928,2028392.9475469054
X3-loose,20260906,inplane,pos,-0.6097709994067934,103334.6653338094
X3-loose,20260906,inplane,vel,-1.3249780442527404,103334.6653338094
X3-loose,20260906,inplane,pos,0.2971482434563225,234391.36583097494
X3-loose,20260906,inplane,vel,0.8920771096298402,234391.36583097494
X3-loose,20260906,inplane,pos,-0.909147816116694,20139.18045317774
X3-loose,20260906,inplane,vel,0.26342798926943317,20139.18045317774
X3-loose,20260906,inplane,pos,-0.1810294631308945,13867515.050316608
X3-loose,20260906,inplane,vel,-0.793678161525901,13867515.050316608
X3-loose,20260906,inplane,pos,-2.4003804711282575,1228973.1815313492
X3-loose,20260906,inplane,vel,-0.1386234661951989,1228973.1815313492
X3-loose,20260906,inplane,pos,1.1173225860067635,1748046.3905922214
X3-loose,20260906,inplane,vel,0.025072630362619863,1748046.3905922214
X3-loose,20260906,plane,pos,1.0100127226997844,2028392.9475469054
X3-loose,20260906,plane,vel,0.4856469208857028,2028392.9475469054
X3-loose,20260906,plane,pos,-0.1687008984589114,103334.6653338094
X3-loose,20260906,plane,vel,0.007455315754328171,103334.6653338094
X3-loose,20260906,plane,pos,-0.5834757120672953,234391.36583097494
X3-loose,20260906,plane,vel,1.383423167934209,234391.36583097494
X3-loose,20260906,plane,pos,0.07886043288359935,20139.18045317774
X3-loose,20260906,plane,vel,-0.30541992973571797,20139.18045317774
X3-loose,20260906,plane,pos,-1.5954893640668137,13867515.050316608
X3-loose,20260906,plane,vel,-0.27238824463830835,13867515.050316608
X3-loose,20260906,plane,pos,0.10646079617479699,1228973.1815313492
X3-loose,20260906,plane,vel,-0.5654097936745129,1228973.1815313492
X3-loose,20260906,plane,pos,0.23186576778480003,1748046.3905922214
X3-loose,20260906,plane,vel,0.22745466630768027,1748046.3905922214
X3-loose,20260906,range,pos,-0.9973483357956983,12892849.82969171
X3-loose,20260906,range,vel,-1.4080037798696046,12892849.82969171
X3-loose,20260906,range,pos,-1.1969084646704748,3923081.0864582825
X3-loose,20260906,range,vel,0.4122044172307476,3923081.0864582825
X3-loose,20260906,range,pos,0.10099113503059848,2344525.9585746694
X3-loose,20260906,range,vel,-0.49648756042884784,2344525.9585746694
X3-loose,20260906,range,pos,-0.45451698869902046,578126.0726148369
X3-loose,20260906,range,vel,0.0754722766113764,578126.0726148369
X3-loose,20260906,range,pos,1.9996530303179474,412496.4598223468
X3-loose,20260906,range,vel,1.2913449078142765,412496.4598223468
X3-loose,20260906,range,pos,-0.7253267254951233,505078.9478849193
X3-loose,20260906,range,vel,1.0540696477732483,505078.9478849193
X3-loose,20260906,range,pos,-1.3469223619960449,133849.3197836506
X3-loose,20260906,range,vel,1.2934618053409253,133849.3197836506
X3-loose,20260906,range,pos,-0.39334926861849295,13730974.751699323
X3-loose,20260906,range,vel,0.6366576090108063,13730974.751699323
X3-loose,20260906,inplane,pos,1.2659077073508083,12892849.82969171
X3-loose,20260906,inplane,vel,-1.3231504713676592,12892849.82969171
X3-loose,20260906,inplane,pos,-0.8539706647021305,3923081.0864582825
X3-loose,20260906,inplane,vel,-0.9995841708764449,3923081.0864582825
X3-loose,20260906,inplane,pos,-0.669126993172947,2344525.9585746694
X3-loose,20260906,inplane,vel,0.12719257787493857,2344525.9585746694
X3-loose,20260906,inplane,pos,-0.48967797194850415,578126.0726148369
X3-loose,20260906,inplane,vel,-0.3362330961021153,578126.0726148369
X3-loose,20260906,inplane,pos,3.0786334695092616,412496.4598223468
X3-loose,20260906,inplane,vel,2.3844081383610445,412496.4598223468
X3-loose,20260906,inplane,pos,-0.04488568417821102,505078.9478849193
X3-loose,20260906,inplane,vel,-0.17432976796080563,505078.9478849193
X3-loose,20260906,inplane,pos,-2.8010714406093555,133849.3197836506
X3-loose,20260906,inplane,vel,-2.7723090799797343,133849.3197836506
X3-loose,20260906,inplane,pos,-1.0503284227948828,13730974.751699323
X3-loose,20260906,inplane,vel,0.04460826908573064,13730974.751699323
X3-loose,20260906,plane,pos,-0.8202982447061442,12892849.82969171
X3-loose,20260906,plane,vel,-1.6459910643012294,12892849.82969171
X3-loose,20260906,plane,pos,2.6429232327612766,3923081.0864582825
X3-loose,20260906,plane,vel,0.7838789871256788,3923081.0864582825
X3-loose,20260906,plane,pos,0.4303867197606771,2344525.9585746694
X3-loose,20260906,plane,vel,0.14163654739427906,2344525.9585746694
X3-loose,20260906,plane,pos,0.43047463065363933,578126.0726148369
X3-loose,20260906,plane,vel,0.2064662262015224,578126.0726148369
X3-loose,20260906,plane,pos,2.1935848148696335,412496.4598223468
X3-loose,20260906,plane,vel,2.4365774006358505,412496.4598223468
X3-loose,20260906,plane,pos,0.2192040665399529,505078.9478849193
X3-loose,20260906,plane,vel,0.04643530109748891,505078.9478849193
X3-loose,20260906,plane,pos,-1.1989899685759213,133849.3197836506
X3-loose,20260906,plane,vel,0.2910631060659202,133849.3197836506
X3-loose,20260906,plane,pos,0.5111834213547619,13730974.751699323
X3-loose,20260906,plane,vel,0.7092114531886781,13730974.751699323
X3-loose,20260906,range,pos,-0.4230040667783272,497848.14838520053
X3-loose,20260906,range,vel,0.008590081312288545,497848.14838520053
X3-loose,20260906,range,pos,1.4444093704047711,28393.85095191764
X3-loose,20260906,range,vel,-1.104272981430151,28393.85095191764
X3-loose,20260906,range,pos,-2.2091342520778237,45284.65491631705
X3-loose,20260906,range,vel,-1.6864030741615896,45284.65491631705
X3-loose,20260906,range,pos,1.6766421667942788,13065713.5011785
X3-loose,20260906,range,vel,1.226082716311143,13065713.5011785
X3-loose,20260906,range,pos,0.6820315246208811,90009.37687479763
X3-loose,20260906,range,vel,-1.214249953078064,90009.37687479763
X3-loose,20260906,range,pos,-0.19479420467794814,4735655.0715424195
X3-loose,20260906,range,vel,-0.3871597778414407,4735655.0715424195
X3-loose,20260906,range,pos,0.34276319084219614,13308661.617879225
X3-loose,20260906,range,vel,-0.5565005366329773,13308661.617879225
X3-loose,20260906,range,pos,0.855938203154699,217659.1919625928
X3-loose,20260906,range,vel,-1.32647431859352,217659.1919625928
X3-loose,20260906,inplane,pos,0.18983451836420803,497848.14838520053
X3-loose,20260906,inplane,vel,-0.38954685290121377,497848.14838520053
X3-loose,20260906,inplane,pos,-0.7553092825392558,28393.85095191764
X3-loose,20260906,inplane,vel,-0.8996511114860427,28393.85095191764
X3-loose,20260906,inplane,pos,-1.0940312672294026,45284.65491631705
X3-loose,20260906,inplane,vel,-1.3147415108987561,45284.65491631705
X3-loose,20260906,inplane,pos,-0.7801846451865907,13065713.5011785
X3-loose,20260906,inplane,vel,-0.47106949102924245,13065713.5011785
X3-loose,20260906,inplane,pos,-0.4630635935900718,90009.37687479763
X3-loose,20260906,inplane,vel,-0.47573748846616526,90009.37687479763
X3-loose,20260906,inplane,pos,-0.8635998965061946,4735655.0715424195
X3-loose,20260906,inplane,vel,-0.5463567705062665,4735655.0715424195
X3-loose,20260906,inplane,pos,0.7305336478402886,13308661.617879225
X3-loose,20260906,inplane,vel,0.25505799289406567,13308661.617879225
X3-loose,20260906,inplane,pos,-0.6702750087648193,217659.1919625928
X3-loose,20260906,inplane,vel,0.7040933955134466,217659.1919625928
X3-loose,20260906,plane,pos,0.8807660703271893,497848.14838520053
X3-loose,20260906,plane,vel,-0.6918639816040009,497848.14838520053
X3-loose,20260906,plane,pos,-0.16064914718020196,28393.85095191764
X3-loose,20260906,plane,vel,0.4963114003878422,28393.85095191764
X3-loose,20260906,plane,pos,1.7093905754639123,45284.65491631705
X3-loose,20260906,plane,vel,0.9604843464018806,45284.65491631705
X3-loose,20260906,plane,pos,-0.20260046276195035,13065713.5011785
X3-loose,20260906,plane,vel,-0.4415281971966077,13065713.5011785
X3-loose,20260906,plane,pos,-0.9250788944239259,90009.37687479763
X3-loose,20260906,plane,vel,-0.4515720705917153,90009.37687479763
X3-loose,20260906,plane,pos,-0.41475235462721427,4735655.0715424195
X3-loose,20260906,plane,vel,0.13428911536624497,4735655.0715424195
X3-loose,20260906,plane,pos,2.6111355301693684,13308661.617879225
X3-loose,20260906,plane,vel,0.6936011175812483,13308661.617879225
X3-loose,20260906,plane,pos,-0.6167008006012744,217659.1919625928
X3-loose,20260906,plane,vel,1.2039113290370407,217659.1919625928
X3-loose,20260906,range,pos,0.36963907967437737,1259375.2885402688
X3-loose,20260906,range,vel,0.779349013244197,1259375.2885402688
X3-loose,20260906,range,pos,-1.0610157514480942,1179931.6217735312
X3-loose,20260906,range,vel,0.7849830991520127,1179931.6217735312
X3-loose,20260906,range,pos,-0.12814874337100404,52954.20297407686
X3-loose,20260906,range,vel,0.3323513725760144,52954.20297407686
X3-loose,20260906,range,pos,-0.5732894431994133,206829.58939279948
X3-loose,20260906,range,vel,0.5496787981154581,206829.58939279948
X3-loose,20260906,range,pos,-0.352735017735224,10835070.80077089
X3-loose,20260906,range,vel,-0.4785626964807419,10835070.80077089
X3-loose,20260906,range,pos,-0.40658002491928863,232207.43838481442
X3-loose,20260906,range,vel,-0.29609795349202045,232207.43838481442
X3-loose,20260906,range,pos,-1.3890946325657565,164382.50588356663
X3-loose,20260906,range,vel,-1.1032297738483614,164382.50588356663
X3-loose,20260906,range,pos,0.5604869394875647,802107.0222010633
X3-loose,20260906,range,vel,1.0887920596372163,802107.0222010633
X3-loose,20260906,inplane,pos,0.4915772153557254,1259375.2885402688
X3-loose,20260906,inplane,vel,0.4257841882758472,1259375.2885402688
X3-loose,20260906,inplane,pos,-0.2398247101857967,1179931.6217735312
X3-loose,20260906,inplane,vel,-0.9108479502079292,1179931.6217735312
X3-loose,20260906,inplane,pos,0.5878211226155154,52954.20297407686
X3-loose,20260906,inplane,vel,-0.06408706993805496,52954.20297407686
X3-loose,20260906,inplane,pos,-0.3227510817092206,206829.58939279948
X3-loose,20260906,inplane,vel,-0.24885268354526838,206829.58939279948
X3-loose,20260906,inplane,pos,0.3509544828014907,10835070.80077089
X3-loose,20260906,inplane,vel,-0.4719401756614152,10835070.80077089
X3-loose,20260906,inplane,pos,-0.277827565506962,232207.43838481442
X3-loose,20260906,inplane,vel,-0.14119869096232496,232207.43838481442
X3-loose,20260906,inplane,pos,-0.48426761583090877,164382.50588356663
X3-loose,20260906,inplane,vel,1.703784237502313,164382.50588356663
X3-loose,20260906,inplane,pos,1.3865229394113112,802107.0222010633
X3-loose,20260906,inplane,vel,0.2610421280255926,802107.0222010633
X3-loose,20260906,plane,pos,0.034739370047983206,1259375.2885402688
X3-loose,20260906,plane,vel,0.2922402204931361,1259375.2885402688
X3-loose,20260906,plane,pos,1.1701149148052579,1179931.6217735312
X3-loose,20260906,plane,vel,-1.039622180237034,1179931.6217735312
X3-loose,20260906,plane,pos,-0.27564668472970105,52954.20297407686
X3-loose,20260906,plane,vel,-1.3936739968712193,52954.20297407686
X3-loose,20260906,plane,pos,-0.5034279553452083,206829.58939279948
X3-loose,20260906,plane,vel,0.5770933679423402,206829.58939279948
X3-loose,20260906,plane,pos,1.0090154424991749,10835070.80077089
X3-loose,20260906,plane,vel,-0.3542498349200812,10835070.80077089
X3-loose,20260906,plane,pos,-0.3259317629661872,232207.43838481442
X3-loose,20260906,plane,vel,0.9824367892628099,232207.43838481442
X3-loose,20260906,plane,pos,1.2780640658184321,164382.50588356663
X3-loose,20260906,plane,vel,0.8672730803831592,164382.50588356663
X3-loose,20260906,plane,pos,-0.20434587292715561,802107.0222010633
X3-loose,20260906,plane,vel,-1.1066056463368483,802107.0222010633
X3-loose,20260906,range,pos,-1.2618938999660427,79205.88041673752
X3-loose,20260906,range,vel,1.522647930836895,79205.88041673752
X3-loose,20260906,range,pos,0.7037348081902155,2138929.147953611
X3-loose,20260906,range,vel,-0.09415576681801863,2138929.147953611
X3-loose,20260906,range,pos,0.38798621615780626,1174877.2539842692
X3-loose,20260906,range,vel,-0.1983411561447334,1174877.2539842692
X3-loose,20260906,range,pos,-0.3451910780314339,364248.1628488096
X3-loose,20260906,range,vel,1.7523278958934307,364248.1628488096
X3-loose,20260906,range,pos,0.949352547244423,63266.16203711209
X3-loose,20260906,range,vel,0.9479669968251193,63266.16203711209
X3-loose,20260906,range,pos,-0.49909445310244005,1018151.1567377847
X3-loose,20260906,range,vel,0.5217003861318719,1018151.1567377847
X3-loose,20260906,range,pos,-0.299170340301079,5137464.199883337
X3-loose,20260906,range,vel,-0.43719708583302386,5137464.199883337
X3-loose,20260906,inplane,pos,-0.6017119993093075,79205.88041673752
X3-loose,20260906,inplane,vel,-1.5365279331172341,79205.88041673752
X3-loose,20260906,inplane,pos,-0.9716038734018124,2138929.147953611
X3-loose,20260906,inplane,vel,0.7456029106572281,2138929.147953611
X3-loose,20260906,inplane,pos,0.3094729301022849,1174877.2539842692
X3-loose,20260906,inplane,vel,0.3403111709251954,1174877.2539842692
X3-loose,20260906,inplane,pos,1.7461447550660079,364248.1628488096
X3-loose,20260906,inplane,vel,-0.45382368059798595,364248.1628488096
X3-loose,20260906,inplane,pos,0.8832984326051502,63266.16203711209
X3-loose,20260906,inplane,vel,0.9052421758595575,63266.16203711209
X3-loose,20260906,inplane,pos,0.141937785015449,1018151.1567377847
X3-loose,20260906,inplane,vel,-0.31806298809043154,1018151.1567377847
X3-loose,20260906,inplane,pos,0.16894200077533764,5137464.199883337
X3-loose,20260906,inplane,vel,-0.3148349885257301,5137464.199883337
X3-loose,20260906,plane,pos,-0.8165654110631482,79205.88041673752
X3-loose,20260906,plane,vel,-0.7835156196126362,79205.88041673752
X3-loose,20260906,plane,pos,0.053192615971209486,2138929.147953611
X3-loose,20260906,plane,vel,0.4686187168439862,2138929.147953611
X3-loose,20260906,plane,pos,-0.6747033075664951,1174877.2539842692
X3-loose,20260906,plane,vel,0.4333633752898287,1174877.2539842692
X3-loose,20260906,plane,pos,-0.06793377832373347,364248.1628488096
X3-loose,20260906,plane,vel,0.273733724245943,364248.1628488096
X3-loose,20260906,plane,pos,0.45500708647806803,63266.16203711209
X3-loose,20260906,plane,vel,-0.0822557500006981,63266.16203711209
X3-loose,20260906,plane,pos,-0.5869739548178383,1018151.1567377847
X3-loose,20260906,plane,vel,-0.45333260812814985,1018151.1567377847
X3-loose,20260906,plane,pos,1.240572088219794,5137464.199883337
X3-loose,20260906,plane,vel,1.2837041227896044,5137464.199883337
X3-loose,20260913,range,pos,-0.7115425302003465,69325.52090170815
X3-loose,20260913,range,vel,0.9133936165912027,69325.52090170815
X3-loose,20260913,range,pos,-2.256680863840302,57086.91344980124
X3-loose,20260913,range,vel,1.5819322075337559,57086.91344980124
X3-loose,20260913,range,pos,0.0508397330950279,156451.96436298086
X3-loose,20260913,range,vel,0.07690742683264089,156451.96436298086
X3-loose,20260913,range,pos,0.6987898639129881,621942.0080591174
X3-loose,20260913,range,vel,0.7011665956050253,621942.0080591174
X3-loose,20260913,range,pos,0.2874800772829948,211061.8196483981
X3-loose,20260913,range,vel,-0.7733070408785856,211061.8196483981
X3-loose,20260913,range,pos,-0.7056281253792118,118304.90214731461
X3-loose,20260913,range,vel,0.29345193572661293,118304.90214731461
X3-loose,20260913,range,pos,2.2431509156802196,452503.3926289179
X3-loose,20260913,range,vel,0.5683955593551474,452503.3926289179
X3-loose,20260913,range,pos,-0.0182744774838057,10844818.910079448
X3-loose,20260913,range,vel,-0.35900616953697967,10844818.910079448
X3-loose,20260913,inplane,pos,2.1627010971909058,69325.52090170815
X3-loose,20260913,inplane,vel,1.1475518424702278,69325.52090170815
X3-loose,20260913,inplane,pos,-0.8015808940375445,57086.91344980124
X3-loose,20260913,inplane,vel,1.9789212914357397,57086.91344980124
X3-loose,20260913,inplane,pos,-0.41151327910795266,156451.96436298086
X3-loose,20260913,inplane,vel,0.32383231221716163,156451.96436298086
X3-loose,20260913,inplane,pos,0.29727461363533164,621942.0080591174
X3-loose,20260913,inplane,vel,0.7880722803511402,621942.0080591174
X3-loose,20260913,inplane,pos,-0.25566387264924667,211061.8196483981
X3-loose,20260913,inplane,vel,0.369606251605348,211061.8196483981
X3-loose,20260913,inplane,pos,-0.769587888294627,118304.90214731461
X3-loose,20260913,inplane,vel,-0.8599122300821112,118304.90214731461
X3-loose,20260913,inplane,pos,2.8188722442078125,452503.3926289179
X3-loose,20260913,inplane,vel,2.265877978729503,452503.3926289179
X3-loose,20260913,inplane,pos,-1.1634653812207851,10844818.910079448
X3-loose,20260913,inplane,vel,0.7595820824572398,10844818.910079448
X3-loose,20260913,plane,pos,-0.4634636181875488,69325.52090170815
X3-loose,20260913,plane,vel,1.0080069634886455,69325.52090170815
X3-loose,20260913,plane,pos,-0.07425608786817876,57086.91344980124
X3-loose,20260913,plane,vel,1.011030915990167,57086.91344980124
X3-loose,20260913,plane,pos,-0.2190441883442487,156451.96436298086
X3-loose,20260913,plane,vel,-0.1086655772533651,156451.96436298086
X3-loose,20260913,plane,pos,-1.0568761111492273,621942.0080591174
X3-loose,20260913,plane,vel,-1.0564697666147183,621942.0080591174
X3-loose,20260913,plane,pos,-1.2828540156687773,211061.8196483981
X3-loose,20260913,plane,vel,-1.5695342131790726,211061.8196483981
X3-loose,20260913,plane,pos,0.09216983243244427,118304.90214731461
X3-loose,20260913,plane,vel,-0.4702659735979115,118304.90214731461
X3-loose,20260913,plane,pos,0.2508605773194789,452503.3926289179
X3-loose,20260913,plane,vel,-0.8458315887103898,452503.3926289179
X3-loose,20260913,plane,pos,-0.6408333837281871,10844818.910079448
X3-loose,20260913,plane,vel,1.5506745247379472,10844818.910079448
X3-loose,20260913,range,pos,0.5292315848176605,884993.59994119
X3-loose,20260913,range,vel,-0.25796354908708286,884993.59994119
X3-loose,20260913,range,pos,0.3779702768442726,4510885.125168084
X3-loose,20260913,range,vel,0.6746585330052555,4510885.125168084
X3-loose,20260913,range,pos,-0.1275704799023734,13724349.798851462
X3-loose,20260913,range,vel,-0.9845861150033571,13724349.798851462
X3-loose,20260913,range,pos,0.36947119134577855,421538.0144148642
X3-loose,20260913,range,vel,0.5376272929946363,421538.0144148642
X3-loose,20260913,range,pos,1.4168528294834413,133734.90904477137
X3-loose,20260913,range,vel,1.5063432085194493,133734.90904477137
X3-loose,20260913,range,pos,0.7993664029636617,1062695.419955015
X3-loose,20260913,range,vel,-0.14174236825606903,1062695.419955015
X3-loose,20260913,range,pos,1.1687555893585737,4437821.346668088
X3-loose,20260913,range,vel,-0.05203239810999182,4437821.346668088
X3-loose,20260913,range,pos,0.20609931049902125,343913.086860218
X3-loose,20260913,range,vel,-0.3169584260750739,343913.086860218
X3-loose,20260913,inplane,pos,0.1494664844207025,884993.59994119
X3-loose,20260913,inplane,vel,0.6088027317703668,884993.59994119
X3-loose,20260913,inplane,pos,-0.07263978597166809,4510885.125168084
X3-loose,20260913,inplane,vel,0.5573578884303769,4510885.125168084
X3-loose,20260913,inplane,pos,1.1314845707915266,13724349.798851462
X3-loose,20260913,inplane,vel,-0.8158467566774839,13724349.798851462
X3-loose,20260913,inplane,pos,1.4702413746082952,421538.0144148642
X3-loose,20260913,inplane,vel,-0.07654633690111341,421538.0144148642
X3-loose,20260913,inplane,pos,0.853764819506648,133734.90904477137
X3-loose,20260913,inplane,vel,1.4291699970974288,133734.90904477137
X3-loose,20260913,inplane,pos,0.8869733056635474,1062695.419955015
X3-loose,20260913,inplane,vel,0.8659020014334798,1062695.419955015
X3-loose,20260913,inplane,pos,1.9059422875481635,4437821.346668088
X3-loose,20260913,inplane,vel,1.3926050298254267,4437821.346668088
X3-loose,20260913,inplane,pos,-1.4472763908542259,343913.086860218
X3-loose,20260913,inplane,vel,0.26845803885154296,343913.086860218
X3-loose,20260913,plane,pos,0.38627143617202364,884993.59994119
X3-loose,20260913,plane,vel,0.16727419088612164,884993.59994119
X3-loose,20260913,plane,pos,-0.6867975561549656,4510885.125168084
X3-loose,20260913,plane,vel,-0.9429344230548937,4510885.125168084
X3-loose,20260913,plane,pos,-0.8314369420233008,13724349.798851462
X3-loose,20260913,plane,vel,-0.0507893426000841,13724349.798851462
X3-loose,20260913,plane,pos,1.2219409308739773,421538.0144148642
X3-loose,20260913,plane,vel,0.11449496208155997,421538.0144148642
X3-loose,20260913,plane,pos,-0.12392119260106625,133734.90904477137
X3-loose,20260913,plane,vel,0.6308007256509197,133734.90904477137
X3-loose,20260913,plane,pos,-1.487395978969268,1062695.419955015
X3-loose,20260913,plane,vel,0.804098280478913,1062695.419955015
X3-loose,20260913,plane,pos,-0.11774865071523975,4437821.346668088
X3-loose,20260913,plane,vel,-0.8457965650053888,4437821.346668088
X3-loose,20260913,plane,pos,0.8738592813176833,343913.086860218
X3-loose,20260913,plane,vel,-0.170705065203984,343913.086860218
X3-loose,20260913,range,pos,-0.838925587531331,4181602.648641714
X3-loose,20260913,range,vel,1.487809229931066,4181602.648641714
X3-loose,20260913,range,pos,-1.3074221248634734,91423.35499976699
X3-loose,20260913,range,vel,0.7426998563090326,91423.35499976699
X3-loose,20260913,range,pos,-0.1884445406216474,760402.167870927
X3-loose,20260913,range,vel,-0.2474219547955857,760402.167870927
X3-loose,20260913,range,pos,-0.1362651486722432,183727.51363200703
X3-loose,20260913,range,vel,-0.7806064666434595,183727.51363200703
X3-loose,20260913,range,pos,-0.46807718474125914,55314.69893514601
X3-loose,20260913,range,vel,-0.6818316681190499,55314.69893514601
X3-loose,20260913,range,pos,0.7404483077686667,13057137.105779583
X3-loose,20260913,range,vel,0.8121652327101507,13057137.105779583
X3-loose,20260913,range,pos,-0.36796174939552184,185499.01093569628
X3-loose,20260913,range,vel,-0.1257420781192778,185499.01093569628
X3-loose,20260913,range,pos,-0.1887126888648212,9988045.128217064
X3-loose,20260913,range,vel,-0.22854430456427463,9988045.128217064
X3-loose,20260913,inplane,pos,0.3141536029718728,4181602.648641714
X3-loose,20260913,inplane,vel,-0.29721771619408327,4181602.648641714
X3-loose,20260913,inplane,pos,-1.581005850161709,91423.35499976699
X3-loose,20260913,inplane,vel,-1.4932641683935421,91423.35499976699
X3-loose,20260913,inplane,pos,-0.21811314100407014,760402.167870927
X3-loose,20260913,inplane,vel,-0.1878735871476041,760402.167870927
X3-loose,20260913,inplane,pos,-1.2874373041049323,183727.51363200703
X3-loose,20260913,inplane,vel,0.0959753485975707,183727.51363200703
X3-loose,20260913,inplane,pos,-0.7341528493021106,55314.69893514601
X3-loose,20260913,inplane,vel,-0.35218088621278126,55314.69893514601
X3-loose,20260913,inplane,pos,-1.0997797024843645,13057137.105779583
X3-loose,20260913,inplane,vel,0.7421728061199777,13057137.105779583
X3-loose,20260913,inplane,pos,-1.915260652202961,185499.01093569628
X3-loose,20260913,inplane,vel,-0.5496180719151114,185499.01093569628
X3-loose,20260913,inplane,pos,-0.6542801634452369,9988045.128217064
X3-loose,20260913,inplane,vel,-0.33313501650300126,9988045.128217064
X3-loose,20260913,plane,pos,0.07084773658410794,4181602.648641714
X3-loose,20260913,plane,vel,1.497531820365859,4181602.648641714
X3-loose,20260913,plane,pos,0.44909133998133605,91423.35499976699
X3-loose,20260913,plane,vel,-0.5158339755131156,91423.35499976699
X3-loose,20260913,plane,pos,0.2033132599950995,760402.167870927
X3-loose,20260913,plane,vel,-2.4493165774944567,760402.167870927
X3-loose,20260913,plane,pos,-0.5310825503097232,183727.51363200703
X3-loose,20260913,plane,vel,1.2310851735295278,183727.51363200703
X3-loose,20260913,plane,pos,-1.347647964933513,55314.69893514601
X3-loose,20260913,plane,vel,1.9369884836969902,55314.69893514601
X3-loose,20260913,plane,pos,-2.155668002788873,13057137.105779583
X3-loose,20260913,plane,vel,0.06265405982023173,13057137.105779583
X3-loose,20260913,plane,pos,-0.02561159733792227,185499.01093569628
X3-loose,20260913,plane,vel,1.4965180065322083,185499.01093569628
X3-loose,20260913,plane,pos,0.7181059060779712,9988045.128217064
X3-loose,20260913,plane,vel,0.4053100250875281,9988045.128217064
X3-loose,20260913,range,pos,1.1324458247199567,829022.8072469545
X3-loose,20260913,range,vel,-1.1977328646510357,829022.8072469545
X3-loose,20260913,range,pos,-2.269791533822642,316664.8430199615
X3-loose,20260913,range,vel,-1.1956330894244453,316664.8430199615
X3-loose,20260913,range,pos,0.7771932989913745,9405734.482625227
X3-loose,20260913,range,vel,0.3743854146732142,9405734.482625227
X3-loose,20260913,range,pos,-0.09202434715712406,2391574.008143479
X3-loose,20260913,range,vel,0.5145110178921855,2391574.008143479
X3-loose,20260913,range,pos,-0.8976274541594419,158746.02980741693
X3-loose,20260913,range,vel,0.6561606485886472,158746.02980741693
X3-loose,20260913,range,pos,-0.061891354598107184,4394487.543721845
X3-loose,20260913,range,vel,0.30927356879174434,4394487.543721845
X3-loose,20260913,range,pos,-0.9821310563911222,123054.10362506486
X3-loose,20260913,range,vel,-0.7955224161071346,123054.10362506486
X3-loose,20260913,inplane,pos,-0.39330103615464596,829022.8072469545
X3-loose,20260913,inplane,vel,1.049830483871028,829022.8072469545
X3-loose,20260913,inplane,pos,-0.6900835289019046,316664.8430199615
X3-loose,20260913,inplane,vel,2.3115939879808574,316664.8430199615
X3-loose,20260913,inplane,pos,-0.7600751133387962,9405734.482625227
X3-loose,20260913,inplane,vel,0.38264493178273,9405734.482625227
X3-loose,20260913,inplane,pos,0.627321087567751,2391574.008143479
X3-loose,20260913,inplane,vel,-0.0006854287384968316,2391574.008143479
X3-loose,20260913,inplane,pos,0.06456066632711564,158746.02980741693
X3-loose,20260913,inplane,vel,-0.8067776713261666,158746.02980741693
X3-loose,20260913,inplane,pos,0.4252329806614762,4394487.543721845
X3-loose,20260913,inplane,vel,0.2814172136985436,4394487.543721845
X3-loose,20260913,inplane,pos,0.6827853529713868,123054.10362506486
X3-loose,20260913,inplane,vel,-0.9297828165732331,123054.10362506486
X3-loose,20260913,plane,pos,-0.23568457472435314,829022.8072469545
X3-loose,20260913,plane,vel,-1.2285083339134808,829022.8072469545
X3-loose,20260913,plane,pos,1.230805454479482,316664.8430199615
X3-loose,20260913,plane,vel,2.406824936225658,316664.8430199615
X3-loose,20260913,plane,pos,0.17992260417650763,9405734.482625227
X3-loose,20260913,plane,vel,2.0451567530233126,9405734.482625227
X3-loose,20260913,plane,pos,-0.7912108389596987,2391574.008143479
X3-loose,20260913,plane,vel,0.11898231523482813,2391574.008143479
X3-loose,20260913,plane,pos,0.3374975572168763,158746.02980741693
X3-loose,20260913,plane,vel,0.002152361994177345,158746.02980741693
X3-loose,20260913,plane,pos,-0.5885952123751359,4394487.543721845
X3-loose,20260913,plane,vel,0.6301381370275181,4394487.543721845
X3-loose,20260913,plane,pos,-1.3983583016456325,123054.10362506486
X3-loose,20260913,plane,vel,-0.5886651360898331,123054.10362506486
X3-loose,20260913,range,pos,-0.010361024564597521,252633.71650088514
X3-loose,20260913,range,vel,0.32900079707241703,252633.71650088514
X3-loose,20260913,range,pos,-0.28660584618122065,10421026.634417145
X3-loose,20260913,range,vel,0.3522320352355231,10421026.634417145
X3-loose,20260913,range,pos,-0.49650647183485946,6841521.899012936
X3-loose,20260913,range,vel,0.25631073213303285,6841521.899012936
X3-loose,20260913,range,pos,-1.8047709057546986,1428119.5037373889
X3-loose,20260913,range,vel,0.40653080159995975,1428119.5037373889
X3-loose,20260913,range,pos,0.3235762039740533,13315483.9114036
X3-loose,20260913,range,vel,0.7669694459604957,13315483.9114036
X3-loose,20260913,range,pos,1.041477093761484,10934018.494447205
X3-loose,20260913,range,vel,0.6715380148778691,10934018.494447205
X3-loose,20260913,range,pos,-0.9245549834601089,102312.93096085153
X3-loose,20260913,range,vel,-1.2563793662893759,102312.93096085153
X3-loose,20260913,range,pos,2.1232661453071993,259124.18756448533
X3-loose,20260913,range,vel,2.156288499381626,259124.18756448533
X3-loose,20260913,inplane,pos,0.2370982623987669,252633.71650088514
X3-loose,20260913,inplane,vel,-0.12557835810398318,252633.71650088514
X3-loose,20260913,inplane,pos,0.12181655012160979,10421026.634417145
X3-loose,20260913,inplane,vel,0.11388738397225188,10421026.634417145
X3-loose,20260913,inplane,pos,-1.0413250011517816,6841521.899012936
X3-loose,20260913,inplane,vel,-1.0544467101718173,6841521.899012936
X3-loose,20260913,inplane,pos,-2.0413496896419447,1428119.5037373889
X3-loose,20260913,inplane,vel,-2.1069248902465194,1428119.5037373889
X3-loose,20260913,inplane,pos,-0.45299891327553277,13315483.9114036
X3-loose,20260913,inplane,vel,-0.7854124624202597,13315483.9114036
X3-loose,20260913,inplane,pos,-1.210867895757661,10934018.494447205
X3-loose,20260913,inplane,vel,0.7000706434839437,10934018.494447205
X3-loose,20260913,inplane,pos,-1.0452090329817512,102312.93096085153
X3-loose,20260913,inplane,vel,-1.2393294305697915,102312.93096085153
X3-loose,20260913,inplane,pos,2.231783752610355,259124.18756448533
X3-loose,20260913,inplane,vel,2.202550020436242,259124.18756448533
X3-loose,20260913,plane,pos,-1.4055146703802652,252633.71650088514
X3-loose,20260913,plane,vel,0.25322038226040955,252633.71650088514
X3-loose,20260913,plane,pos,-0.4095991551746838,10421026.634417145
X3-loose,20260913,plane,vel,0.5707175375427628,10421026.634417145
X3-loose,20260913,plane,pos,-0.14750981143380143,6841521.899012936
X3-loose,20260913,plane,vel,1.008909023743101,6841521.899012936
X3-loose,20260913,plane,pos,1.010592600023013,1428119.5037373889
X3-loose,20260913,plane,vel,0.10979925255919254,1428119.5037373889
X3-loose,20260913,plane,pos,-2.50989093078099,13315483.9114036
X3-loose,20260913,plane,vel,-1.6705742312462841,13315483.9114036
X3-loose,20260913,plane,pos,0.6535222349967335,10934018.494447205
X3-loose,20260913,plane,vel,-0.12433596477401168,10934018.494447205
X3-loose,20260913,plane,pos,-1.1283825182844542,102312.93096085153
X3-loose,20260913,plane,vel,-1.4616183092446233,102312.93096085153
X3-loose,20260913,plane,pos,1.4409120463866845,259124.18756448533
X3-loose,20260913,plane,vel,-0.11729023520448631,259124.18756448533
X3-loose,20260913,range,pos,-0.9380619410412947,189915.44137573667
X3-loose,20260913,range,vel,-0.31497505169235224,189915.44137573667
X3-loose,20260913,range,pos,-1.258908330913459,302715.49228297104
X3-loose,20260913,range,vel,-0.06960090604524564,302715.49228297104
X3-loose,20260913,range,pos,-0.5189433595662052,200777.50552211027
X3-loose,20260913,range,vel,0.37077695715570563,200777.50552211027
X3-loose,20260913,range,pos,-1.7343852483480013,547054.4600978708
X3-loose,20260913,range,vel,-1.1352712815226678,547054.4600978708
X3-loose,20260913,range,pos,-0.5067667174529487,417751.12343347096
X3-loose,20260913,range,vel,-0.21517166256607942,417751.12343347096
X3-loose,20260913,range,pos,-1.148602938527129,202415.25554201464
X3-loose,20260913,range,vel,1.0463341799768977,202415.25554201464
X3-loose,20260913,range,pos,-0.11354837986653894,11719133.133587794
X3-loose,20260913,range,vel,-0.06793840629210278,11719133.133587794
X3-loose,20260913,inplane,pos,-0.8566338297555594,189915.44137573667
X3-loose,20260913,inplane,vel,-1.0687235241064474,189915.44137573667
X3-loose,20260913,inplane,pos,1.2596874429273854,302715.49228297104
X3-loose,20260913,inplane,vel,-0.6617253208100313,302715.49228297104
X3-loose,20260913,inplane,pos,0.2399776953382714,200777.50552211027
X3-loose,20260913,inplane,vel,-0.39649128743510464,200777.50552211027
X3-loose,20260913,inplane,pos,-1.5721005982638272,547054.4600978708
X3-loose,20260913,inplane,vel,-1.644311306029132,547054.4600978708
X3-loose,20260913,inplane,pos,0.5540829302448504,417751.12343347096
X3-loose,20260913,inplane,vel,-0.5068695820609218,417751.12343347096
X3-loose,20260913,inplane,pos,0.07713200435407297,202415.25554201464
X3-loose,20260913,inplane,vel,-1.1801299346501604,202415.25554201464
X3-loose,20260913,inplane,pos,0.6724428846620935,11719133.133587794
X3-loose,20260913,inplane,vel,0.7634461258350669,11719133.133587794
X3-loose,20260913,plane,pos,0.30303245229154496,189915.44137573667
X3-loose,20260913,plane,vel,-0.23193917736439607,189915.44137573667
X3-loose,20260913,plane,pos,-0.8627185015657541,302715.49228297104
X3-loose,20260913,plane,vel,1.1540226686547346,302715.49228297104
X3-loose,20260913,plane,pos,-0.6873107009982685,200777.50552211027
X3-loose,20260913,plane,vel,-1.3038318865445735,200777.50552211027
X3-loose,20260913,plane,pos,-2.8834148837435074,547054.4600978708
X3-loose,20260913,plane,vel,1.378019214539471,547054.4600978708
X3-loose,20260913,plane,pos,-0.31799500740273284,417751.12343347096
X3-loose,20260913,plane,vel,0.08919560630123724,417751.12343347096
X3-loose,20260913,plane,pos,1.1383567319046977,202415.25554201464
X3-loose,20260913,plane,vel,-1.2804738889122287,202415.25554201464
X3-loose,20260913,plane,pos,1.1113765994985187,11719133.133587794
X3-loose,20260913,plane,vel,-1.081281636748819,11719133.133587794
X3-loose,20260920,range,pos,0.5433590209288833,102011.33845917725
X3-loose,20260920,range,vel,0.8557975552954451,102011.33845917725
X3-loose,20260920,range,pos,-2.1213253501501987,923973.4823400327
X3-loose,20260920,range,vel,1.4847234119454968,923973.4823400327
X3-loose,20260920,range,pos,0.18411794619162972,820804.7583965088
X3-loose,20260920,range,vel,-0.7931535495407049,820804.7583965088
X3-loose,20260920,range,pos,-1.022189810761516,527877.4710577462
X3-loose,20260920,range,vel,0.015695576102585755,527877.4710577462
X3-loose,20260920,range,pos,-0.46287924632643873,107510.99412783643
X3-loose,20260920,range,vel,0.5459416845712735,107510.99412783643
X3-loose,20260920,range,pos,-0.4177548269524358,125266.89693125238
X3-loose,20260920,range,vel,-0.5276456100386959,125266.89693125238
X3-loose,20260920,range,pos,-2.919386425904678,359991.8319254777
X3-loose,20260920,range,vel,-1.3854680103479076,359991.8319254777
X3-loose,20260920,inplane,pos,0.5700769314795499,102011.33845917725
X3-loose,20260920,inplane,vel,0.6304348757360203,102011.33845917725
X3-loose,20260920,inplane,pos,0.7143945417157054,923973.4823400327
X3-loose,20260920,inplane,vel,-2.2095946564607045,923973.4823400327
X3-loose,20260920,inplane,pos,-0.6417788939264134,820804.7583965088
X3-loose,20260920,inplane,vel,0.11219973839549284,820804.7583965088
X3-loose,20260920,inplane,pos,-1.7543808076090621,527877.4710577462
X3-loose,20260920,inplane,vel,-1.0944900069978114,527877.4710577462
X3-loose,20260920,inplane,pos,0.10795868065786418,107510.99412783643
X3-loose,20260920,inplane,vel,-0.4982387310241514,107510.99412783643
X3-loose,20260920,inplane,pos,-0.5043812824850753,125266.89693125238
X3-loose,20260920,inplane,vel,-0.6962073139188751,125266.89693125238
X3-loose,20260920,inplane,pos,0.1311833237141623,359991.8319254777
X3-loose,20260920,inplane,vel,-2.874506810804049,359991.8319254777
X3-loose,20260920,plane,pos,-0.14538667069500785,102011.33845917725
X3-loose,20260920,plane,vel,-1.5776469411431888,102011.33845917725
X3-loose,20260920,plane,pos,1.2580577421201082,923973.4823400327
X3-loose,20260920,plane,vel,-0.35831212643186555,923973.4823400327
X3-loose,20260920,plane,pos,-0.06811226112972127,820804.7583965088
X3-loose,20260920,plane,vel,0.5959635587565161,820804.7583965088
X3-loose,20260920,plane,pos,-0.19195091565223774,527877.4710577462
X3-loose,20260920,plane,vel,-0.4241270591049353,527877.4710577462
X3-loose,20260920,plane,pos,0.45829894658655307,107510.99412783643
X3-loose,20260920,plane,vel,0.3191734409146111,107510.99412783643
X3-loose,20260920,plane,pos,0.9543858822637239,125266.89693125238
X3-loose,20260920,plane,vel,1.1720689464471192,125266.89693125238
X3-loose,20260920,plane,pos,-1.0269517393718084,359991.8319254777
X3-loose,20260920,plane,vel,-0.287717490975462,359991.8319254777
X3-loose,20260920,range,pos,0.8940374396012679,9188425.554802768
X3-loose,20260920,range,vel,0.8672681436400504,9188425.554802768
X3-loose,20260920,range,pos,-0.5676722409056063,593871.5690877998
X3-loose,20260920,range,vel,0.03695711549013458,593871.5690877998
X3-loose,20260920,range,pos,1.3776485118431516,1653753.0508619135
X3-loose,20260920,range,vel,0.26621515712389077,1653753.0508619135
X3-loose,20260920,range,pos,1.0467087615116295,272854.2371751655
X3-loose,20260920,range,vel,-0.8033322420744743,272854.2371751655
X3-loose,20260920,range,pos,2.435301609051506,2772098.464938992
X3-loose,20260920,range,vel,1.001041509873874,2772098.464938992
X3-loose,20260920,range,pos,0.8658502172578209,303007.8422403039
X3-loose,20260920,range,vel,-0.7435667337368754,303007.8422403039
X3-loose,20260920,range,pos,0.3900094234416959,390654.0685887303
X3-loose,20260920,range,vel,-0.19640529843953547,390654.0685887303
X3-loose,20260920,range,pos,1.204802368991114,20598.139709340994
X3-loose,20260920,range,vel,1.3030271086710297,20598.139709340994
X3-loose,20260920,inplane,pos,-0.8120540040467232,9188425.554802768
X3-loose,20260920,inplane,vel,0.8390602003973123,9188425.554802768
X3-loose,20260920,inplane,pos,0.3220800839583042,593871.5690877998
X3-loose,20260920,inplane,vel,-0.41296503592797196,593871.5690877998
X3-loose,20260920,inplane,pos,0.6158340130847983,1653753.0508619135
X3-loose,20260920,inplane,vel,1.2781183550567823,1653753.0508619135
X3-loose,20260920,inplane,pos,-0.038858582513032744,272854.2371751655
X3-loose,20260920,inplane,vel,0.8822379439167158,272854.2371751655
X3-loose,20260920,inplane,pos,-1.0115187141101272,2772098.464938992
X3-loose,20260920,inplane,vel,2.2508397823215693,2772098.464938992
X3-loose,20260920,inplane,pos,-0.2801753938524491,303007.8422403039
X3-loose,20260920,inplane,vel,-0.7291024680049351,303007.8422403039
X3-loose,20260920,inplane,pos,0.05055296121687841,390654.0685887303
X3-loose,20260920,inplane,vel,0.30043812363597994,390654.0685887303
X3-loose,20260920,inplane,pos,-0.30032602713301987,20598.139709340994
X3-loose,20260920,inplane,vel,-0.4766272596465387,20598.139709340994
X3-loose,20260920,plane,pos,1.9520077211987528,9188425.554802768
X3-loose,20260920,plane,vel,-0.5518587028322165,9188425.554802768
X3-loose,20260920,plane,pos,1.364710707309901,593871.5690877998
X3-loose,20260920,plane,vel,0.010752864619514546,593871.5690877998
X3-loose,20260920,plane,pos,-0.35167056552291753,1653753.0508619135
X3-loose,20260920,plane,vel,1.153605833233813,1653753.0508619135
X3-loose,20260920,plane,pos,-0.8220771098147038,272854.2371751655
X3-loose,20260920,plane,vel,-1.2253964955919405,272854.2371751655
X3-loose,20260920,plane,pos,1.1729682761630007,2772098.464938992
X3-loose,20260920,plane,vel,0.37940243699567994,2772098.464938992
X3-loose,20260920,plane,pos,-0.5600122644995528,303007.8422403039
X3-loose,20260920,plane,vel,0.6641592313364103,303007.8422403039
X3-loose,20260920,plane,pos,0.5176634358084355,390654.0685887303
X3-loose,20260920,plane,vel,-1.031051663273742,390654.0685887303
X3-loose,20260920,plane,pos,0.8628610490283674,20598.139709340994
X3-loose,20260920,plane,vel,0.040472028245782145,20598.139709340994
X3-loose,20260920,range,pos,0.9626250313503393,4606577.793393157
X3-loose,20260920,range,vel,-1.0331203223135106,4606577.793393157
X3-loose,20260920,range,pos,-0.45148146864531674,85606.35122562577
X3-loose,20260920,range,vel,-0.054314073757806836,85606.35122562577
X3-loose,20260920,range,pos,0.33927204277834627,6164548.210886568
X3-loose,20260920,range,vel,-0.5905820469379082,6164548.210886568
X3-loose,20260920,range,pos,2.1590712767946147,74275.28059597964
X3-loose,20260920,range,vel,-0.8441549667712491,74275.28059597964
X3-loose,20260920,range,pos,0.860598021702708,7286039.435019856
X3-loose,20260920,range,vel,-0.9098289366952166,7286039.435019856
X3-loose,20260920,range,pos,0.7358235304069155,2806233.1728099072
X3-loose,20260920,range,vel,-0.35085624205780064,2806233.1728099072
X3-loose,20260920,range,pos,0.022443222770866737,8945226.922550557
X3-loose,20260920,range,vel,0.4220651301199356,8945226.922550557
X3-loose,20260920,inplane,pos,0.6396793558713916,4606577.793393157
X3-loose,20260920,inplane,vel,1.029461449973611,4606577.793393157
X3-loose,20260920,inplane,pos,-0.3087711662889256,85606.35122562577
X3-loose,20260920,inplane,vel,-0.48148442234931593,85606.35122562577
X3-loose,20260920,inplane,pos,-0.9491692778441245,6164548.210886568
X3-loose,20260920,inplane,vel,0.08469780580308524,6164548.210886568
X3-loose,20260920,inplane,pos,0.48884314191048706,74275.28059597964
X3-loose,20260920,inplane,vel,2.1273558877514613,74275.28059597964
X3-loose,20260920,inplane,pos,0.5316745522414805,7286039.435019856
X3-loose,20260920,inplane,vel,0.6328217055581867,7286039.435019856
X3-loose,20260920,inplane,pos,-1.3615782076201162,2806233.1728099072
X3-loose,20260920,inplane,vel,0.8135152550426324,2806233.1728099072
X3-loose,20260920,inplane,pos,0.8807069591202842,8945226.922550557
X3-loose,20260920,inplane,vel,-0.58042865576964,8945226.922550557
X3-loose,20260920,plane,pos,-0.8749951876140344,4606577.793393157
X3-loose,20260920,plane,vel,-0.638538299541392,4606577.793393157
X3-loose,20260920,plane,pos,-0.05862734344823186,85606.35122562577
X3-loose,20260920,plane,vel,-1.8250856310827202,85606.35122562577
X3-loose,20260920,plane,pos,-0.5464252277243242,6164548.210886568
X3-loose,20260920,plane,vel,0.6256437440342516,6164548.210886568
X3-loose,20260920,plane,pos,-0.06518164518504627,74275.28059597964
X3-loose,20260920,plane,vel,-0.9166949477314771,74275.28059597964
X3-loose,20260920,plane,pos,0.8145563399676748,7286039.435019856
X3-loose,20260920,plane,vel,-1.4994115279140825,7286039.435019856
X3-loose,20260920,plane,pos,-0.14751382153643616,2806233.1728099072
X3-loose,20260920,plane,vel,0.16179507023190745,2806233.1728099072
X3-loose,20260920,plane,pos,-0.607399014298469,8945226.922550557
X3-loose,20260920,plane,vel,0.07034610033733754,8945226.922550557
X3-loose,20260920,range,pos,-0.19737965646443723,6471835.767251026
X3-loose,20260920,range,vel,1.1894795625990935,6471835.767251026
X3-loose,20260920,range,pos,0.5502600169122246,434358.9869297369
X3-loose,20260920,range,vel,0.2691857422913662,434358.9869297369
X3-loose,20260920,range,pos,0.9045250598465306,155273.44993172094
X3-loose,20260920,range,vel,1.1467477544129938,155273.44993172094
X3-loose,20260920,range,pos,1.3033188057206055,128833.64499801907
X3-loose,20260920,range,vel,0.6747156137209632,128833.64499801907
X3-loose,20260920,range,pos,-1.3809442389403777,1537826.685000171
X3-loose,20260920,range,vel,-0.6529782555051129,1537826.685000171
X3-loose,20260920,range,pos,0.31785503612087795,203401.11445678293
X3-loose,20260920,range,vel,-0.8566150892650511,203401.11445678293
X3-loose,20260920,range,pos,1.587270157411838,9085864.858820694
X3-loose,20260920,range,vel,-1.0830112703571104,9085864.858820694
X3-loose,20260920,range,pos,-2.063875353530315,396097.61222143285
X3-loose,20260920,range,vel,0.020945473975996564,396097.61222143285
X3-loose,20260920,inplane,pos,1.5124801694965058,6471835.767251026
X3-loose,20260920,inplane,vel,1.1949431449739898,6471835.767251026
X3-loose,20260920,inplane,pos,-0.2525517856374745,434358.9869297369
X3-loose,20260920,inplane,vel,-0.5470643131933507,434358.9869297369
X3-loose,20260920,inplane,pos,0.7697506829835375,155273.44993172094
X3-loose,20260920,inplane,vel,0.7742533228827416,155273.44993172094
X3-loose,20260920,inplane,pos,1.1253497802300827,128833.64499801907
X3-loose,20260920,inplane,vel,1.0055711346759333,128833.64499801907
X3-loose,20260920,inplane,pos,1.0800006692682744,1537826.685000171
X3-loose,20260920,inplane,vel,-1.6890107780378376,1537826.685000171
X3-loose,20260920,inplane,pos,-0.9611460393016051,203401.11445678293
X3-loose,20260920,inplane,vel,-0.24915336572145697,203401.11445678293
X3-loose,20260920,inplane,pos,0.972383732341549,9085864.858820694
X3-loose,20260920,inplane,vel,0.5692737195397541,9085864.858820694
X3-loose,20260920,inplane,pos,-1.192686089561556,396097.61222143285
X3-loose,20260920,inplane,vel,-2.1440541331778125,396097.61222143285
X3-loose,20260920,plane,pos,-0.09109825063524528,6471835.767251026
X3-loose,20260920,plane,vel,-0.3077863904127743,6471835.767251026
X3-loose,20260920,plane,pos,2.1441560597398492,434358.9869297369
X3-loose,20260920,plane,vel,-1.8195946392373181,434358.9869297369
X3-loose,20260920,plane,pos,-0.3555653239359555,155273.44993172094
X3-loose,20260920,plane,vel,0.6016708213141145,155273.44993172094
X3-loose,20260920,plane,pos,-0.8272612340609145,128833.64499801907
X3-loose,20260920,plane,vel,1.4632669719129272,128833.64499801907
X3-loose,20260920,plane,pos,0.29445162704791467,1537826.685000171
X3-loose,20260920,plane,vel,0.10525933318430336,1537826.685000171
X3-loose,20260920,plane,pos,1.5584292310050896,203401.11445678293
X3-loose,20260920,plane,vel,-1.6511498832486926,203401.11445678293
X3-loose,20260920,plane,pos,0.7374049107571221,9085864.858820694
X3-loose,20260920,plane,vel,0.3476778321076607,9085864.858820694
X3-loose,20260920,plane,pos,1.2866903327778392,396097.61222143285
X3-loose,20260920,plane,vel,-0.014032746934749303,396097.61222143285
X3-loose,20260920,range,pos,0.3116424191882345,716478.1343002805
X3-loose,20260920,range,vel,-0.2363161614141734,716478.1343002805
X3-loose,20260920,range,pos,-0.6459958399091223,59815.950445940915
X3-loose,20260920,range,vel,-0.6262094409812804,59815.950445940915
X3-loose,20260920,range,pos,-0.0251365211463327,61204.45611454702
X3-loose,20260920,range,vel,0.07158609700587096,61204.45611454702
X3-loose,20260920,range,pos,0.4369781355006716,228533.08102423063
X3-loose,20260920,range,vel,1.0092075043298843,228533.08102423063
X3-loose,20260920,range,pos,-2.0768389304248314,327387.92856536916
X3-loose,20260920,range,vel,2.074622336453707,327387.92856536916
X3-loose,20260920,range,pos,0.4645499547062913,6318665.314742635
X3-loose,20260920,range,vel,-0.18402463733269264,6318665.314742635
X3-loose,20260920,range,pos,-2.1542189538817054,271428.193708167
X3-loose,20260920,range,vel,1.9940216487592675,271428.193708167
X3-loose,20260920,range,pos,1.0456121331279913,1284131.4363493016
X3-loose,20260920,range,vel,1.9775947764831185,1284131.4363493016
X3-loose,20260920,inplane,pos,0.1277342105849276,716478.1343002805
X3-loose,20260920,inplane,vel,0.4953820393064668,716478.1343002805
X3-loose,20260920,inplane,pos,0.19532495891115206,59815.950445940915
X3-loose,20260920,inplane,vel,0.22063554904603228,59815.950445940915
X3-loose,20260920,inplane,pos,-0.13382056294294498,61204.45611454702
X3-loose,20260920,inplane,vel,-0.08359262739828145,61204.45611454702
X3-loose,20260920,inplane,pos,1.5656933783058848,228533.08102423063
X3-loose,20260920,inplane,vel,0.4108996689199527,228533.08102423063
X3-loose,20260920,inplane,pos,-0.6866741209941783,327387.92856536916
X3-loose,20260920,inplane,vel,-2.028070634515244,327387.92856536916
X3-loose,20260920,inplane,pos,-1.251003112338444,6318665.314742635
X3-loose,20260920,inplane,vel,0.7925493743615484,6318665.314742635
X3-loose,20260920,inplane,pos,-0.4553914448779206,271428.193708167
X3-loose,20260920,inplane,vel,-2.0569360590335446,271428.193708167
X3-loose,20260920,inplane,pos,1.5135083044786812,1284131.4363493016
X3-loose,20260920,inplane,vel,0.8526904293762243,1284131.4363493016
X3-loose,20260920,plane,pos,-0.5558617459363049,716478.1343002805
X3-loose,20260920,plane,vel,-0.6698286739845387,716478.1343002805
X3-loose,20260920,plane,pos,-0.5727940221995902,59815.950445940915
X3-loose,20260920,plane,vel,-1.2613585460119328,59815.950445940915
X3-loose,20260920,plane,pos,-0.24269307529276876,61204.45611454702
X3-loose,20260920,plane,vel,1.085570793162265,61204.45611454702
X3-loose,20260920,plane,pos,-0.8482167161846984,228533.08102423063
X3-loose,20260920,plane,vel,-0.21477384550383094,228533.08102423063
X3-loose,20260920,plane,pos,1.620176164831553,327387.92856536916
X3-loose,20260920,plane,vel,-0.3410343629700695,327387.92856536916
X3-loose,20260920,plane,pos,2.09630159500924,6318665.314742635
X3-loose,20260920,plane,vel,-1.120742284617788,6318665.314742635
X3-loose,20260920,plane,pos,-1.4773845668929622,271428.193708167
X3-loose,20260920,plane,vel,-0.4361485919585182,271428.193708167
X3-loose,20260920,plane,pos,0.3468524713051278,1284131.4363493016
X3-loose,20260920,plane,vel,-1.0672838832465619,1284131.4363493016
X3-loose,20260920,range,pos,1.4557935573881964,14271885.597794859
X3-loose,20260920,range,vel,1.001867388989067,14271885.597794859
X3-loose,20260920,range,pos,1.2681728478833616,2810175.0475505968
X3-loose,20260920,range,vel,0.31714707626383465,2810175.0475505968
X3-loose,20260920,range,pos,0.6275128114749305,1046397.9799282646
X3-loose,20260920,range,vel,-0.24823141426179546,1046397.9799282646
X3-loose,20260920,range,pos,0.960653395328627,270652.70305089676
X3-loose,20260920,range,vel,-1.0359467503741064,270652.70305089676
X3-loose,20260920,range,pos,0.9310561124517832,812247.2232427023
X3-loose,20260920,range,vel,-1.157356806791738,812247.2232427023
X3-loose,20260920,range,pos,1.0071578083491284,11088441.826367786
X3-loose,20260920,range,vel,1.2536644724019086,11088441.826367786
X3-loose,20260920,inplane,pos,-0.9073643550755585,14271885.597794859
X3-loose,20260920,inplane,vel,-1.1386836460988852,14271885.597794859
X3-loose,20260920,inplane,pos,1.3923343529821508,2810175.0475505968
X3-loose,20260920,inplane,vel,1.5711905190001059,2810175.0475505968
X3-loose,20260920,inplane,pos,0.3037231131092831,1046397.9799282646
X3-loose,20260920,inplane,vel,0.5966983197720385,1046397.9799282646
X3-loose,20260920,inplane,pos,0.6504034366135872,270652.70305089676
X3-loose,20260920,inplane,vel,0.9066305452050938,270652.70305089676
X3-loose,20260920,inplane,pos,-0.2530846852765443,812247.2232427023
X3-loose,20260920,inplane,vel,0.924258035442124,812247.2232427023
X3-loose,20260920,inplane,pos,-1.5146625133635188,11088441.826367786
X3-loose,20260920,inplane,vel,1.831504784897466,11088441.826367786
X3-loose,20260920,plane,pos,2.0408373906530213,14271885.597794859
X3-loose,20260920,plane,vel,0.5025020041862097,14271885.597794859
X3-loose,20260920,plane,pos,-0.29214640492206895,2810175.0475505968
X3-loose,20260920,plane,vel,1.0310041834493218,2810175.0475505968
X3-loose,20260920,plane,pos,0.7779442613611348,1046397.9799282646
X3-loose,20260920,plane,vel,-1.1549606889732353,1046397.9799282646
X3-loose,20260920,plane,pos,0.7638276293460989,270652.70305089676
X3-loose,20260920,plane,vel,0.9680168299015461,270652.70305089676
X3-loose,20260920,plane,pos,-0.4057706582915394,812247.2232427023
X3-loose,20260920,plane,vel,-1.8981449908985033,812247.2232427023
X3-loose,20260920,plane,pos,0.21629741282497938,11088441.826367786
X3-loose,20260920,plane,vel,-0.09630675103789144,11088441.826367786
X3-loose,20260927,range,pos,0.6483874327656575,136045.26226375686
X3-loose,20260927,range,vel,-0.5286251776779208,136045.26226375686
X3-loose,20260927,range,pos,-0.580155473593183,55768.44342173724
X3-loose,20260927,range,vel,1.0729973824774122,55768.44342173724
X3-loose,20260927,range,pos,1.3738434342862644,557857.3670766966
X3-loose,20260927,range,vel,-1.2000393196051322,557857.3670766966
X3-loose,20260927,range,pos,-0.09105609370009829,78264.90942125523
X3-loose,20260927,range,vel,-0.07893159951632789,78264.90942125523
X3-loose,20260927,range,pos,1.2131696154495295,295151.5275915281
X3-loose,20260927,range,vel,-0.5471942864099857,295151.5275915281
X3-loose,20260927,range,pos,1.328912856342609,13560017.693180118
X3-loose,20260927,range,vel,-0.08352605661432023,13560017.693180118
X3-loose,20260927,range,pos,-0.06757445798080994,144039.22773696747
X3-loose,20260927,range,vel,0.09918624546331058,144039.22773696747
X3-loose,20260927,inplane,pos,0.7059820964118245,136045.26226375686
X3-loose,20260927,inplane,vel,0.7729716108272611,136045.26226375686
X3-loose,20260927,inplane,pos,-1.091614041186719,55768.44342173724
X3-loose,20260927,inplane,vel,-1.4461308839116889,55768.44342173724
X3-loose,20260927,inplane,pos,1.7332137199077824,557857.3670766966
X3-loose,20260927,inplane,vel,1.5242537389207476,557857.3670766966
X3-loose,20260927,inplane,pos,0.2010645747467183,78264.90942125523
X3-loose,20260927,inplane,vel,0.33137414996211007,78264.90942125523
X3-loose,20260927,inplane,pos,-1.5058826373531173,295151.5275915281
X3-loose,20260927,inplane,vel,1.1136861382570258,295151.5275915281
X3-loose,20260927,inplane,pos,-0.34566128261911744,13560017.693180118
X3-loose,20260927,inplane,vel,-1.196756014056441,13560017.693180118
X3-loose,20260927,inplane,pos,0.23731498993480477,144039.22773696747
X3-loose,20260927,inplane,vel,0.011722477532886853,144039.22773696747
X3-loose,20260927,plane,pos,1.553968570694963,136045.26226375686
X3-loose,20260927,plane,vel,1.131373663867861,136045.26226375686
X3-loose,20260927,plane,pos,0.4687751132257219,55768.44342173724
X3-loose,20260927,plane,vel,-0.32340713150218,55768.44342173724
X3-loose,20260927,plane,pos,0.4839384252471163,557857.3670766966
X3-loose,20260927,plane,vel,0.9802452558463616,557857.3670766966
X3-loose,20260927,plane,pos,2.0788198287913895,78264.90942125523
X3-loose,20260927,plane,vel,-0.20592639849916158,78264.90942125523
X3-loose,20260927,plane,pos,-1.0723301825964056,295151.5275915281
X3-loose,20260927,plane,vel,0.11978013417816687,295151.5275915281
X3-loose,20260927,plane,pos,-0.5299969452085881,13560017.693180118
X3-loose,20260927,plane,vel,-0.41359833960510267,13560017.693180118
X3-loose,20260927,plane,pos,-0.7652781462459346,144039.22773696747
X3-loose,20260927,plane,vel,-0.5841522132475162,144039.22773696747
X3-loose,20260927,range,pos,0.695352732212258,668418.4675002565
X3-loose,20260927,range,vel,0.6871155827709388,668418.4675002565
X3-loose,20260927,range,pos,-0.15499926297901395,293691.06155176036
X3-loose,20260927,range,vel,-1.1805640552759358,293691.06155176036
X3-loose,20260927,range,pos,1.0508460862025573,135977.33988390007
X3-loose,20260927,range,vel,0.7965123388862316,135977.33988390007
X3-loose,20260927,range,pos,-0.8467330238701054,102439.48548401525
X3-loose,20260927,range,vel,-1.5347480013618313,102439.48548401525
X3-loose,20260927,range,pos,0.1913989352418971,879559.319361354
X3-loose,20260927,range,vel,-0.0916767368145183,879559.319361354
X3-loose,20260927,range,pos,-0.12106715871348209,10763229.612656811
X3-loose,20260927,range,vel,0.3266480110825147,10763229.612656811
X3-loose,20260927,range,pos,-1.5038164724227252,314296.3863359753
X3-loose,20260927,range,vel,-1.616050118810807,314296.3863359753
X3-loose,20260927,range,pos,0.7169663083231473,255414.7086764862
X3-loose,20260927,range,vel,0.5438141008408998,255414.7086764862
X3-loose,20260927,inplane,pos,0.9773712072981031,668418.4675002565
X3-loose,20260927,inplane,vel,0.41808926464715845,668418.4675002565
X3-loose,20260927,inplane,pos,-1.36273601275882,293691.06155176036
X3-loose,20260927,inplane,vel,-1.0197270088103567,293691.06155176036
X3-loose,20260927,inplane,pos,-0.07181116759206813,135977.33988390007
X3-loose,20260927,inplane,vel,1.2808207122506867,135977.33988390007
X3-loose,20260927,inplane,pos,-1.120613560188201,102439.48548401525
X3-loose,20260927,inplane,vel,-0.6587154882630814,102439.48548401525
X3-loose,20260927,inplane,pos,-0.18307772053837054,879559.319361354
X3-loose,20260927,inplane,vel,-0.338577042846769,879559.319361354
X3-loose,20260927,inplane,pos,1.032098342616666,10763229.612656811
X3-loose,20260927,inplane,vel,-0.4668635043301764,10763229.612656811
X3-loose,20260927,inplane,pos,-1.7304949408819095,314296.3863359753
X3-loose,20260927,inplane,vel,-1.5662990526790528,314296.3863359753
X3-loose,20260927,inplane,pos,-0.05902318565002364,255414.7086764862
X3-loose,20260927,inplane,vel,0.6875843525180008,255414.7086764862
X3-loose,20260927,plane,pos,-1.3062125906244706,668418.4675002565
X3-loose,20260927,plane,vel,1.2189679481939588,668418.4675002565
X3-loose,20260927,plane,pos,0.24574256065453956,293691.06155176036
X3-loose,20260927,plane,vel,0.35731628663317283,293691.06155176036
X3-loose,20260927,plane,pos,-0.0691738903401265,135977.33988390007
X3-loose,20260927,plane,vel,-2.322008734792371,135977.33988390007
X3-loose,20260927,plane,pos,-1.013075037508765,102439.48548401525
X3-loose,20260927,plane,vel,-0.02809193023963723,102439.48548401525
X3-loose,20260927,plane,pos,-1.1304186746332547,879559.319361354
X3-loose,20260927,plane,vel,0.3856982623296308,879559.319361354
X3-loose,20260927,plane,pos,-1.0911268210411398,10763229.612656811
X3-loose,20260927,plane,vel,-0.6537930825982692,10763229.612656811
X3-loose,20260927,plane,pos,-0.784943957511309,314296.3863359753
X3-loose,20260927,plane,vel,0.9874489702642184,314296.3863359753
X3-loose,20260927,plane,pos,1.3196463711177002,255414.7086764862
X3-loose,20260927,plane,vel,1.3781469088402578,255414.7086764862
X3-loose,20260927,range,pos,-1.1932752344423152,488664.7811636281
X3-loose,20260927,range,vel,0.6115945319797039,488664.7811636281
X3-loose,20260927,range,pos,-1.5746972151521348,9555332.1688445
X3-loose,20260927,range,vel,1.8486165002908117,9555332.1688445
X3-loose,20260927,range,pos,0.4388021871266365,1386208.3350937557
X3-loose,20260927,range,vel,-1.5532918957498876,1386208.3350937557
X3-loose,20260927,range,pos,0.29837091891139206,276082.1484184117
X3-loose,20260927,range,vel,-0.6348247605888022,276082.1484184117
X3-loose,20260927,range,pos,1.5019165467990405,249511.24588726702
X3-loose,20260927,range,vel,-1.5256322802702178,249511.24588726702
X3-loose,20260927,range,pos,-0.43750383511654467,153056.0511913564
X3-loose,20260927,range,vel,0.9908753864259316,153056.0511913564
X3-loose,20260927,range,pos,-0.09522208429365323,817723.4383925801
X3-loose,20260927,range,vel,0.13218774526356322,817723.4383925801
X3-loose,20260927,inplane,pos,-0.14688845996015323,488664.7811636281
X3-loose,20260927,inplane,vel,-0.3804977330894288,488664.7811636281
X3-loose,20260927,inplane,pos,-1.5536372244331578,9555332.1688445
X3-loose,20260927,inplane,vel,-1.57842614272114,9555332.1688445
X3-loose,20260927,inplane,pos,-1.1456882642294806,1386208.3350937557
X3-loose,20260927,inplane,vel,0.4265495357850955,1386208.3350937557
X3-loose,20260927,inplane,pos,-0.28469298169174234,276082.1484184117
X3-loose,20260927,inplane,vel,-0.3664483419357845,276082.1484184117
X3-loose,20260927,inplane,pos,-1.2638022253337866,249511.24588726702
X3-loose,20260927,inplane,vel,1.4808418824694658,249511.24588726702
X3-loose,20260927,inplane,pos,0.462565155953567,153056.0511913564
X3-loose,20260927,inplane,vel,-0.25022664293630936,153056.0511913564
X3-loose,20260927,inplane,pos,0.1581602269300365,817723.4383925801
X3-loose,20260927,inplane,vel,0.20365138706119967,817723.4383925801
X3-loose,20260927,plane,pos,0.5434580746848321,488664.7811636281
X3-loose,20260927,plane,vel,-1.8271209533143773,488664.7811636281
X3-loose,20260927,plane,pos,1.3855334897409326,9555332.1688445
X3-loose,20260927,plane,vel,0.20842642129724057,9555332.1688445
X3-loose,20260927,plane,pos,-1.3022835617339377,1386208.3350937557
X3-loose,20260927,plane,vel,-0.48933080628285913,1386208.3350937557
X3-loose,20260927,plane,pos,0.23417091703903603,276082.1484184117
X3-loose,20260927,plane,vel,0.8348440993064535,276082.1484184117
X3-loose,20260927,plane,pos,1.180750715779666,249511.24588726702
X3-loose,20260927,plane,vel,-1.506428147572493,249511.24588726702
X3-loose,20260927,plane,pos,-1.3637941543780558,153056.0511913564
X3-loose,20260927,plane,vel,1.5774187682741725,153056.0511913564
X3-loose,20260927,plane,pos,0.41935210881045415,817723.4383925801
X3-loose,20260927,plane,vel,1.196584287100315,817723.4383925801
X3-loose,20260927,range,pos,-1.0696780223125875,38918.89278487588
X3-loose,20260927,range,vel,1.2788860111300338,38918.89278487588
X3-loose,20260927,range,pos,0.9481631234825766,43248.77534707026
X3-loose,20260927,range,vel,-1.1035266095834673,43248.77534707026
X3-loose,20260927,range,pos,-0.702086012139738,96089.45392329751
X3-loose,20260927,range,vel,-0.974327816260662,96089.45392329751
X3-loose,20260927,range,pos,0.3682533358389687,98363.42170303856
X3-loose,20260927,range,vel,-0.013391844058663525,98363.42170303856
X3-loose,20260927,range,pos,1.7067472452362666,375108.451831278
X3-loose,20260927,range,vel,1.6747216135123093,375108.451831278
X3-loose,20260927,range,pos,0.6123298892762372,455242.06396450126
X3-loose,20260927,range,vel,-0.7836702275125997,455242.06396450126
X3-loose,20260927,range,pos,0.6111340474387529,331275.7912861027
X3-loose,20260927,range,vel,0.09904825061393681,331275.7912861027
X3-loose,20260927,inplane,pos,1.129871917797029,38918.89278487588
X3-loose,20260927,inplane,vel,-0.47019301444771955,38918.89278487588
X3-loose,20260927,inplane,pos,1.3936930974596893,43248.77534707026
X3-loose,20260927,inplane,vel,-0.048443975323292476,43248.77534707026
X3-loose,20260927,inplane,pos,-1.4034531641343193,96089.45392329751
X3-loose,20260927,inplane,vel,-0.7782413255051596,96089.45392329751
X3-loose,20260927,inplane,pos,0.10013703589189994,98363.42170303856
X3-loose,20260927,inplane,vel,0.3611628195042883,98363.42170303856
X3-loose,20260927,inplane,pos,1.3195137826521086,375108.451831278
X3-loose,20260927,inplane,vel,1.7012551923132133,375108.451831278
X3-loose,20260927,inplane,pos,-0.2203276968867647,455242.06396450126
X3-loose,20260927,inplane,vel,0.7160999377363965,455242.06396450126
X3-loose,20260927,inplane,pos,-0.06723921299374683,331275.7912861027
X3-loose,20260927,inplane,vel,-0.7124663353656138,331275.7912861027
X3-loose,20260927,plane,pos,0.21179343020695465,38918.89278487588
X3-loose,20260927,plane,vel,0.4848934651471667,38918.89278487588
X3-loose,20260927,plane,pos,-0.031334949266895236,43248.77534707026
X3-loose,20260927,plane,vel,0.1361991679706453,43248.77534707026
X3-loose,20260927,plane,pos,-0.08358546359611069,96089.45392329751
X3-loose,20260927,plane,vel,-0.4589890907973927,96089.45392329751
X3-loose,20260927,plane,pos,-0.770223070740051,98363.42170303856
X3-loose,20260927,plane,vel,-0.6213134512222409,98363.42170303856
X3-loose,20260927,plane,pos,-1.5952573519441262,375108.451831278
X3-loose,20260927,plane,vel,-0.05673323759694955,375108.451831278
X3-loose,20260927,plane,pos,-0.9275970060534899,455242.06396450126
X3-loose,20260927,plane,vel,-1.5783429062198981,455242.06396450126
X3-loose,20260927,plane,pos,0.6909064373590414,331275.7912861027
X3-loose,20260927,plane,vel,-1.031637712629826,331275.7912861027
X3-loose,20260927,range,pos,0.16872268019832826,497178.16783285624
X3-loose,20260927,range,vel,-0.8019240257019806,497178.16783285624
X3-loose,20260927,range,pos,-0.13451899930902414,533275.5554402153
X3-loose,20260927,range,vel,-0.4000816186263935,533275.5554402153
X3-loose,20260927,range,pos,-1.4947374688317185,270887.1675031279
X3-loose,20260927,range,vel,-1.5160224215595426,270887.1675031279
X3-loose,20260927,range,pos,-0.10484215095972468,2588948.3730615987
X3-loose,20260927,range,vel,0.9298951693773565,2588948.3730615987
X3-loose,20260927,range,pos,0.3766469167452927,124685.94659940877
X3-loose,20260927,range,vel,0.10026409926598062,124685.94659940877
X3-loose,20260927,range,pos,0.43986120202360196,8648103.288447514
X3-loose,20260927,range,vel,0.33379718068058295,8648103.288447514
X3-loose,20260927,range,pos,0.33807168506933216,116640.66051514733
X3-loose,20260927,range,vel,-0.22663960434198646,116640.66051514733
X3-loose,20260927,range,pos,-1.8791138841151132,189020.14638738128
X3-loose,20260927,range,vel,2.133435211456487,189020.14638738128
X3-loose,20260927,inplane,pos,-1.1881237421928976,497178.16783285624
X3-loose,20260927,inplane,vel,-0.18021741941192423,497178.16783285624
X3-loose,20260927,inplane,pos,-0.5937810788703687,533275.5554402153
X3-loose,20260927,inplane,vel,-0.04317555417892609,533275.5554402153
X3-loose,20260927,inplane,pos,-1.9940866923422134,270887.1675031279
X3-loose,20260927,inplane,vel,-1.862625520988344,270887.1675031279
X3-loose,20260927,inplane,pos,0.6963201564074384,2588948.3730615987
X3-loose,20260927,inplane,vel,-0.15930843173838682,2588948.3730615987
X3-loose,20260927,inplane,pos,-0.7661010202294617,124685.94659940877
X3-loose,20260927,inplane,vel,0.14939747931414812,124685.94659940877
X3-loose,20260927,inplane,pos,-0.4261473475820013,8648103.288447514
X3-loose,20260927,inplane,vel,0.3461215692539008,8648103.288447514
X3-loose,20260927,inplane,pos,-0.11836454269357825,116640.66051514733
X3-loose,20260927,inplane,vel,0.3144220433927442,116640.66051514733
X3-loose,20260927,inplane,pos,-0.6308158404077124,189020.14638738128
X3-loose,20260927,inplane,vel,-1.7519789779148094,189020.14638738128
X3-loose,20260927,plane,pos,0.6169625102521445,497178.16783285624
X3-loose,20260927,plane,vel,0.8656273784587762,497178.16783285624
X3-loose,20260927,plane,pos,-0.6068335834675693,533275.5554402153
X3-loose,20260927,plane,vel,0.43321040629642593,533275.5554402153
X3-loose,20260927,plane,pos,-0.2299124779324946,270887.1675031279
X3-loose,20260927,plane,vel,0.8377055621196128,270887.1675031279
X3-loose,20260927,plane,pos,-0.9708686562396547,2588948.3730615987
X3-loose,20260927,plane,vel,-0.8309746825064759,2588948.3730615987
X3-loose,20260927,plane,pos,0.14253327265521087,124685.94659940877
X3-loose,20260927,plane,vel,1.3613949277076889,124685.94659940877
X3-loose,20260927,plane,pos,-1.9030330130093067,8648103.288447514
X3-loose,20260927,plane,vel,-1.1996897758784775,8648103.288447514
X3-loose,20260927,plane,pos,-0.6616120452466925,116640.66051514733
X3-loose,20260927,plane,vel,-0.901668111119734,116640.66051514733
X3-loose,20260927,plane,pos,0.11560897501185154,189020.14638738128
X3-loose,20260927,plane,vel,-1.2388204947935901,189020.14638738128
X3-loose,20260927,range,pos,-0.36226928683525506,80977.82929916814
X3-loose,20260927,range,vel,-0.2037785206390638,80977.82929916814
X3-loose,20260927,range,pos,0.019840042406924666,2477476.1777249915
X3-loose,20260927,range,vel,0.32954413025614626,2477476.1777249915
X3-loose,20260927,range,pos,0.867399790560733,90086.22433341843
X3-loose,20260927,range,vel,1.1914227590025335,90086.22433341843
X3-loose,20260927,range,pos,0.44508237704645953,1236268.1401234665
X3-loose,20260927,range,vel,-1.2978060262531574,1236268.1401234665
X3-loose,20260927,range,pos,1.8388041830431638,140781.4397062822
X3-loose,20260927,range,vel,0.6289221313399989,140781.4397062822
X3-loose,20260927,range,pos,-0.3956902410969046,1394787.5357051992
X3-loose,20260927,range,vel,1.3854099265355164,1394787.5357051992
X3-loose,20260927,range,pos,-0.5754393647574594,55989.37747713193
X3-loose,20260927,range,vel,1.568465887694853,55989.37747713193
X3-loose,20260927,inplane,pos,0.04018659183320674,80977.82929916814
X3-loose,20260927,inplane,vel,-0.4133350534825,80977.82929916814
X3-loose,20260927,inplane,pos,0.7562337412379743,2477476.1777249915
X3-loose,20260927,inplane,vel,0.009604826042858517,2477476.1777249915
X3-loose,20260927,inplane,pos,1.0174585756555847,90086.22433341843
X3-loose,20260927,inplane,vel,0.7798041791490471,90086.22433341843
X3-loose,20260927,inplane,pos,-1.3425347524153313,1236268.1401234665
X3-loose,20260927,inplane,vel,0.27834898831480787,1236268.1401234665
X3-loose,20260927,inplane,pos,0.784547321298028,140781.4397062822
X3-loose,20260927,inplane,vel,1.8070750081868885,140781.4397062822
X3-loose,20260927,inplane,pos,0.8352308575536522,1394787.5357051992
X3-loose,20260927,inplane,vel,-0.2951674319506194,1394787.5357051992
X3-loose,20260927,inplane,pos,0.688400745597468,55989.37747713193
X3-loose,20260927,inplane,vel,-0.9874647204722246,55989.37747713193
X3-loose,20260927,plane,pos,-0.15846945257940223,80977.82929916814
X3-loose,20260927,plane,vel,1.161941195297212,80977.82929916814
X3-loose,20260927,plane,pos,-0.42217458048474815,2477476.1777249915
X3-loose,20260927,plane,vel,0.6117657882957507,2477476.1777249915
X3-loose,20260927,plane,pos,1.3514117041240772,90086.22433341843
X3-loose,20260927,plane,vel,2.0296322644390976,90086.22433341843
X3-loose,20260927,plane,pos,1.8707842187372405,1236268.1401234665
X3-loose,20260927,plane,vel,0.5053752435787733,1236268.1401234665
X3-loose,20260927,plane,pos,-1.2328377008034181,140781.4397062822
X3-loose,20260927,plane,vel,0.17785160491339516,140781.4397062822
X3-loose,20260927,plane,pos,-0.40162262026785883,1394787.5357051992
X3-loose,20260927,plane,vel,-0.12277830617423277,1394787.5357051992
X3-loose,20260927,plane,pos,0.02004577998372447,55989.37747713193
X3-loose,20260927,plane,vel,0.3694569297526074,55989.37747713193
X3-loose,20260934,range,pos,0.5341723977812401,111017.01232270914
X3-loose,20260934,range,vel,1.4914644620386706,111017.01232270914
X3-loose,20260934,range,pos,1.24669523911556,75891.95539245104
X3-loose,20260934,range,vel,-0.5338997444197213,75891.95539245104
X3-loose,20260934,range,pos,-0.7169560761522692,142599.9308711169
X3-loose,20260934,range,vel,0.21880175812764982,142599.9308711169
X3-loose,20260934,range,pos,0.4727559296235841,41744.31118693746
X3-loose,20260934,range,vel,-0.37114447386489174,41744.31118693746
X3-loose,20260934,range,pos,0.5466155673327463,120533.55189897059
X3-loose,20260934,range,vel,0.3771795869486517,120533.55189897059
X3-loose,20260934,range,pos,-0.39763350883833476,172158.63379641518
X3-loose,20260934,range,vel,-0.3389144011868884,172158.63379641518
X3-loose,20260934,range,pos,0.4682414002673689,166102.44759542172
X3-loose,20260934,range,vel,-1.0705704930250792,166102.44759542172
X3-loose,20260934,range,pos,-0.5656913227384922,215373.5680742317
X3-loose,20260934,range,vel,-0.5581432522876362,215373.5680742317
X3-loose,20260934,inplane,pos,1.5247033671345742,111017.01232270914
X3-loose,20260934,inplane,vel,0.8647361131268881,111017.01232270914
X3-loose,20260934,inplane,pos,-0.17713235541338535,75891.95539245104
X3-loose,20260934,inplane,vel,1.4255587201282456,75891.95539245104
X3-loose,20260934,inplane,pos,-0.3821673149906972,142599.9308711169
X3-loose,20260934,inplane,vel,-0.7331077447198867,142599.9308711169
X3-loose,20260934,inplane,pos,0.34913737332290895,41744.31118693746
X3-loose,20260934,inplane,vel,0.3252858111515511,41744.31118693746
X3-loose,20260934,inplane,pos,-0.7964292013308913,120533.55189897059
X3-loose,20260934,inplane,vel,0.5070531021885816,120533.55189897059
X3-loose,20260934,inplane,pos,-0.32426984542310605,172158.63379641518
X3-loose,20260934,inplane,vel,-0.03257027904886954,172158.63379641518
X3-loose,20260934,inplane,pos,-0.9499068467917972,166102.44759542172
X3-loose,20260934,inplane,vel,0.41407202801979004,166102.44759542172
X3-loose,20260934,inplane,pos,-0.4788286800471434,215373.5680742317
X3-loose,20260934,inplane,vel,-0.4454318814575495,215373.5680742317
X3-loose,20260934,plane,pos,-0.3624505153202374,111017.01232270914
X3-loose,20260934,plane,vel,-0.04682722821664616,111017.01232270914
X3-loose,20260934,plane,pos,0.8656279578297358,75891.95539245104
X3-loose,20260934,plane,vel,0.5173399689959288,75891.95539245104
X3-loose,20260934,plane,pos,-0.12878820947695982,142599.9308711169
X3-loose,20260934,plane,vel,-0.7884644770880334,142599.9308711169
X3-loose,20260934,plane,pos,-1.2198205195531855,41744.31118693746
X3-loose,20260934,plane,vel,0.00016946143330970377,41744.31118693746
X3-loose,20260934,plane,pos,-0.5381554544893382,120533.55189897059
X3-loose,20260934,plane,vel,0.8306005940452303,120533.55189897059
X3-loose,20260934,plane,pos,-0.9279198719539926,172158.63379641518
X3-loose,20260934,plane,vel,-0.5020934554094235,172158.63379641518
X3-loose,20260934,plane,pos,1.0773296115610405,166102.44759542172
X3-loose,20260934,plane,vel,-0.7043701320558975,166102.44759542172
X3-loose,20260934,plane,pos,-0.7788252427174918,215373.5680742317
X3-loose,20260934,plane,vel,-0.36363104492107007,215373.5680742317
X3-loose,20260934,range,pos,1.0637867501290987,1738765.8310592198
X3-loose,20260934,range,vel,-1.5419873105435684,1738765.8310592198
X3-loose,20260934,range,pos,-1.327598643348847,6740036.0620834865
X3-loose,20260934,range,vel,-1.3858806866211695,6740036.0620834865
X3-loose,20260934,range,pos,0.385164259741477,4799517.106358871
X3-loose,20260934,range,vel,-0.7700654838898727,4799517.106358871
X3-loose,20260934,range,pos,-0.8335668163457824,302538.36715333007
X3-loose,20260934,range,vel,0.18569261051934616,302538.36715333007
X3-loose,20260934,range,pos,-0.681148941996853,1857183.4838192125
X3-loose,20260934,range,vel,-0.08817880084240644,1857183.4838192125
X3-loose,20260934,range,pos,0.016446385421080723,3915266.604656254
X3-loose,20260934,range,vel,0.2712061664449566,3915266.604656254
X3-loose,20260934,range,pos,-0.34499580624537024,938089.0647022814
X3-loose,20260934,range,vel,-0.2976610956575929,938089.0647022814
X3-loose,20260934,range,pos,-0.2290747778538921,1205343.2537044762
X3-loose,20260934,range,vel,-0.5925991422540712,1205343.2537044762
X3-loose,20260934,inplane,pos,-0.461712395468127,1738765.8310592198
X3-loose,20260934,inplane,vel,0.44268963666229216,1738765.8310592198
X3-loose,20260934,inplane,pos,0.7365394663731756,6740036.0620834865
X3-loose,20260934,inplane,vel,-0.9263038454560072,6740036.0620834865
X3-loose,20260934,inplane,pos,-0.07105891533435442,4799517.106358871
X3-loose,20260934,inplane,vel,0.33302591539325727,4799517.106358871
X3-loose,20260934,inplane,pos,0.978725507094787,302538.36715333007
X3-loose,20260934,inplane,vel,0.08117941958993416,302538.36715333007
X3-loose,20260934,inplane,pos,-0.7593828309731285,1857183.4838192125
X3-loose,20260934,inplane,vel,-0.9240638185613462,1857183.4838192125
X3-loose,20260934,inplane,pos,0.7266626717435377,3915266.604656254
X3-loose,20260934,inplane,vel,0.6417037853062947,3915266.604656254
X3-loose,20260934,inplane,pos,-1.0390553059624148,938089.0647022814
X3-loose,20260934,inplane,vel,-0.3828821354218189,938089.0647022814
X3-loose,20260934,inplane,pos,-0.49024693270142855,1205343.2537044762
X3-loose,20260934,inplane,vel,-0.14142749569876023,1205343.2537044762
X3-loose,20260934,plane,pos,-1.3464509912043454,1738765.8310592198
X3-loose,20260934,plane,vel,-0.24893969316682604,1738765.8310592198
X3-loose,20260934,plane,pos,-1.6972154231879606,6740036.0620834865
X3-loose,20260934,plane,vel,1.5395726449398486,6740036.0620834865
X3-loose,20260934,plane,pos,1.7927167817927219,4799517.106358871
X3-loose,20260934,plane,vel,-0.1319328267134884,4799517.106358871
X3-loose,20260934,plane,pos,-0.2799999558528791,302538.36715333007
X3-loose,20260934,plane,vel,0.951542328870174,302538.36715333007
X3-loose,20260934,plane,pos,1.6149465227831121,1857183.4838192125
X3-loose,20260934,plane,vel,-0.4726792481242782,1857183.4838192125
X3-loose,20260934,plane,pos,-0.5966586436420994,3915266.604656254
X3-loose,20260934,plane,vel,0.4628304601123334,3915266.604656254
X3-loose,20260934,plane,pos,-0.06264533817258493,938089.0647022814
X3-loose,20260934,plane,vel,-0.26433801527667805,938089.0647022814
X3-loose,20260934,plane,pos,-2.3068180191934404,1205343.2537044762
X3-loose,20260934,plane,vel,-1.5217195489291206,1205343.2537044762
X3-loose,20260934,range,pos,0.7470047321965149,13461542.102499615
X3-loose,20260934,range,vel,1.0471932010527252,13461542.102499615
X3-loose,20260934,range,pos,-1.1917245422052298,88327.08376293766
X3-loose,20260934,range,vel,1.127218247142272,88327.08376293766
X3-loose,20260934,range,pos,-0.7147502377428998,12326905.86906489
X3-loose,20260934,range,vel,1.0152372297319847,12326905.86906489
X3-loose,20260934,range,pos,0.9247656580608397,3352577.819773424
X3-loose,20260934,range,vel,0.7773893292107981,3352577.819773424
X3-loose,20260934,range,pos,-1.2664131098067692,61076.07684996659
X3-loose,20260934,range,vel,-1.1819595679660009,61076.07684996659
X3-loose,20260934,inplane,pos,-1.1625499682385732,13461542.102499615
X3-loose,20260934,inplane,vel,0.6864606493788037,13461542.102499615
X3-loose,20260934,inplane,pos,-1.1163607275801952,88327.08376293766
X3-loose,20260934,inplane,vel,-1.2620301073723188,88327.08376293766
X3-loose,20260934,inplane,pos,-1.418872224299101,12326905.86906489
X3-loose,20260934,inplane,vel,-1.1153141399438324,12326905.86906489
X3-loose,20260934,inplane,pos,-0.9032750619833306,3352577.819773424
X3-loose,20260934,inplane,vel,0.9422530879925084,3352577.819773424
X3-loose,20260934,inplane,pos,-0.056473813894160695,61076.07684996659
X3-loose,20260934,inplane,vel,-1.2559923086130729,61076.07684996659
X3-loose,20260934,plane,pos,0.2331179439778266,13461542.102499615
X3-loose,20260934,plane,vel,0.03933210971511272,13461542.102499615
X3-loose,20260934,plane,pos,-2.5352879638809465,88327.08376293766
X3-loose,20260934,plane,vel,-0.8994145530937369,88327.08376293766
X3-loose,20260934,plane,pos,3.4061393520350145,12326905.86906489
X3-loose,20260934,plane,vel,0.7197875830729408,12326905.86906489
X3-loose,20260934,plane,pos,0.43065382026329524,3352577.819773424
X3-loose,20260934,plane,vel,0.7116509875473759,3352577.819773424
X3-loose,20260934,plane,pos,0.8723317728428818,61076.07684996659
X3-loose,20260934,plane,vel,0.41086809882171604,61076.07684996659
X3-loose,20260934,range,pos,-0.4318860591406492,266423.2672995368
X3-loose,20260934,range,vel,0.7315073624957408,266423.2672995368
X3-loose,20260934,range,pos,-2.7123131133931824,208346.28304787553
X3-loose,20260934,range,vel,-2.649622327716245,208346.28304787553
X3-loose,20260934,range,pos,0.48819914359467453,146383.73721480567
X3-loose,20260934,range,vel,2.389178141158794,146383.73721480567
X3-loose,20260934,range,pos,0.04742622533454169,250498.81988339304
X3-loose,20260934,range,vel,0.2355167968682783,250498.81988339304
X3-loose,20260934,range,pos,-0.06947029153360103,1435220.6998768724
X3-loose,20260934,range,vel,-0.9337483246664443,1435220.6998768724
X3-loose,20260934,range,pos,-0.9724916585821171,306470.1917623949
X3-loose,20260934,range,vel,-1.0070421188394922,306470.1917623949
X3-loose,20260934,range,pos,0.4649217715123453,164165.55394489717
X3-loose,20260934,range,vel,0.6857268121424176,164165.55394489717
X3-loose,20260934,inplane,pos,-0.14063222275489273,266423.2672995368
X3-loose,20260934,inplane,vel,-0.5060622202370548,266423.2672995368
X3-loose,20260934,inplane,pos,-0.5065813820080867,208346.28304787553
X3-loose,20260934,inplane,vel,-2.64605944011421,208346.28304787553
X3-loose,20260934,inplane,pos,2.5514876791507333,146383.73721480567
X3-loose,20260934,inplane,vel,0.8208815999296161,146383.73721480567
X3-loose,20260934,inplane,pos,0.1573603273936715,250498.81988339304
X3-loose,20260934,inplane,vel,0.054268743294566636,250498.81988339304
X3-loose,20260934,inplane,pos,-1.3034504952068593,1435220.6998768724
X3-loose,20260934,inplane,vel,-0.5535656402157879,1435220.6998768724
X3-loose,20260934,inplane,pos,-1.5268243749559156,306470.1917623949
X3-loose,20260934,inplane,vel,-1.073142193227877,306470.1917623949
X3-loose,20260934,inplane,pos,1.9028796976840743,164165.55394489717
X3-loose,20260934,inplane,vel,0.7446026379436831,164165.55394489717
X3-loose,20260934,plane,pos,-0.14461940304856508,266423.2672995368
X3-loose,20260934,plane,vel,0.18207137605363236,266423.2672995368
X3-loose,20260934,plane,pos,-1.2291040345927795,208346.28304787553
X3-loose,20260934,plane,vel,2.292581253937895,208346.28304787553
X3-loose,20260934,plane,pos,-0.5164553773046328,146383.73721480567
X3-loose,20260934,plane,vel,-0.5714702575840404,146383.73721480567
X3-loose,20260934,plane,pos,0.2658119906261864,250498.81988339304
X3-loose,20260934,plane,vel,-0.5465803174169398,250498.81988339304
X3-loose,20260934,plane,pos,-0.9224509247957206,1435220.6998768724
X3-loose,20260934,plane,vel,0.5679249675480482,1435220.6998768724
X3-loose,20260934,plane,pos,1.6116050100023078,306470.1917623949
X3-loose,20260934,plane,vel,0.981795022495386,306470.1917623949
X3-loose,20260934,plane,pos,0.83757228162806,164165.55394489717
X3-loose,20260934,plane,vel,-0.2374958417705001,164165.55394489717
X3-loose,20260934,range,pos,0.691071366458352,1260505.6418537367
X3-loose,20260934,range,vel,-0.8985421697952483,1260505.6418537367
X3-loose,20260934,range,pos,-0.41177764317880655,2943401.20838505
X3-loose,20260934,range,vel,0.5111416465379678,2943401.20838505
X3-loose,20260934,range,pos,1.4350622800966493,556004.5423216918
X3-loose,20260934,range,vel,0.3008883006881063,556004.5423216918
X3-loose,20260934,range,pos,0.8183776708364138,59135.706347775485
X3-loose,20260934,range,vel,0.30042850819639944,59135.706347775485
X3-loose,20260934,range,pos,0.5472850257569938,366361.3869246604
X3-loose,20260934,range,vel,0.12213192616315614,366361.3869246604
X3-loose,20260934,range,pos,0.25325656255248263,95289.16402694926
X3-loose,20260934,range,vel,0.09947523459366336,95289.16402694926
X3-loose,20260934,range,pos,0.8917771484108155,863335.7278414288
X3-loose,20260934,range,vel,-1.2251575503013734,863335.7278414288
X3-loose,20260934,inplane,pos,-0.12320600505207942,1260505.6418537367
X3-loose,20260934,inplane,vel,0.6178043311585187,1260505.6418537367
X3-loose,20260934,inplane,pos,0.778886606028094,2943401.20838505
X3-loose,20260934,inplane,vel,0.07059145531733518,2943401.20838505
X3-loose,20260934,inplane,pos,0.18639926040727642,556004.5423216918
X3-loose,20260934,inplane,vel,1.7246950169536956,556004.5423216918
X3-loose,20260934,inplane,pos,0.5959396689531719,59135.706347775485
X3-loose,20260934,inplane,vel,1.249557861635833,59135.706347775485
X3-loose,20260934,inplane,pos,-0.4490685659590583,366361.3869246604
X3-loose,20260934,inplane,vel,0.3949052891119558,366361.3869246604
X3-loose,20260934,inplane,pos,-0.6668388571800276,95289.16402694926
X3-loose,20260934,inplane,vel,0.36025226215048234,95289.16402694926
X3-loose,20260934,inplane,pos,0.042987091435230294,863335.7278414288
X3-loose,20260934,inplane,vel,0.5906040197127262,863335.7278414288
X3-loose,20260934,plane,pos,0.9291060905011843,1260505.6418537367
X3-loose,20260934,plane,vel,1.0296272040668635,1260505.6418537367
X3-loose,20260934,plane,pos,-0.28015757792543095,2943401.20838505
X3-loose,20260934,plane,vel,-1.1435435009699362,2943401.20838505
X3-loose,20260934,plane,pos,-0.9146450800887066,556004.5423216918
X3-loose,20260934,plane,vel,-0.4215292652414558,556004.5423216918
X3-loose,20260934,plane,pos,-0.8125667587586961,59135.706347775485
X3-loose,20260934,plane,vel,2.1141821015842295,59135.706347775485
X3-loose,20260934,plane,pos,0.5239022519688051,366361.3869246604
X3-loose,20260934,plane,vel,-0.49468348073678414,366361.3869246604
X3-loose,20260934,plane,pos,2.0500855925563615,95289.16402694926
X3-loose,20260934,plane,vel,0.08221251231147265,95289.16402694926
X3-loose,20260934,plane,pos,0.10725781650688941,863335.7278414288
X3-loose,20260934,plane,vel,-1.0074647858935697,863335.7278414288
X3-loose,20260934,range,pos,-0.37243217959197805,2628520.8277650727
X3-loose,20260934,range,vel,-0.10123757134069018,2628520.8277650727
X3-loose,20260934,range,pos,-0.7576266586660253,111434.51737347248
X3-loose,20260934,range,vel,-0.2623266179966664,111434.51737347248
X3-loose,20260934,range,pos,0.48262827393689794,798973.3561654581
X3-loose,20260934,range,vel,-0.4731612950591158,798973.3561654581
X3-loose,20260934,range,pos,0.9641772328538799,543481.6298802975
X3-loose,20260934,range,vel,-0.47549553818282486,543481.6298802975
X3-loose,20260934,range,pos,-0.6625296584893743,429758.5016886115
X3-loose,20260934,range,vel,-1.2727716806602627,429758.5016886115
X3-loose,20260934,range,pos,0.5039013603840445,3147654.9398944173
X3-loose,20260934,range,vel,0.5066534031577259,3147654.9398944173
X3-loose,20260934,inplane,pos,0.8083329966033911,2628520.8277650727
X3-loose,20260934,inplane,vel,-0.38594760104745873,2628520.8277650727
X3-loose,20260934,inplane,pos,-0.09740363817710054,111434.51737347248
X3-loose,20260934,inplane,vel,-0.7763849358513628,111434.51737347248
X3-loose,20260934,inplane,pos,-0.3079510717393405,798973.3561654581
X3-loose,20260934,inplane,vel,-0.07200912041359837,798973.3561654581
X3-loose,20260934,inplane,pos,0.08866364599195499,543481.6298802975
X3-loose,20260934,inplane,vel,0.975029709559142,543481.6298802975
X3-loose,20260934,inplane,pos,-1.6104083012752408,429758.5016886115
X3-loose,20260934,inplane,vel,-0.53233546473987,429758.5016886115
X3-loose,20260934,inplane,pos,-0.48430550773118675,3147654.9398944173
X3-loose,20260934,inplane,vel,0.48354356646619695,3147654.9398944173
X3-loose,20260934,plane,pos,0.3166841313822572,2628520.8277650727
X3-loose,20260934,plane,vel,-0.04075580633838155,2628520.8277650727
X3-loose,20260934,plane,pos,0.005653935076255468,111434.51737347248
X3-loose,20260934,plane,vel,0.6746429622328385,111434.51737347248
X3-loose,20260934,plane,pos,0.5572958825607697,798973.3561654581
X3-loose,20260934,plane,vel,-1.510939860807076,798973.3561654581
X3-loose,20260934,plane,pos,-0.598657849790998,543481.6298802975
X3-loose,20260934,plane,vel,-1.207806634091785,543481.6298802975
X3-loose,20260934,plane,pos,0.6502264805637372,429758.5016886115
X3-loose,20260934,plane,vel,-0.28977787223933266,429758.5016886115
X3-loose,20260934,plane,pos,-0.021360938802281612,3147654.9398944173
X3-loose,20260934,plane,vel,-0.4922040026847718,3147654.9398944173
X3-loose,20260941,range,pos,-1.4446058416594436,10442493.751966799
X3-loose,20260941,range,vel,1.2134125679979242,10442493.751966799
X3-loose,20260941,range,pos,-0.14624379491298878,3058317.3505315967
X3-loose,20260941,range,vel,0.05922679856640006,3058317.3505315967
X3-loose,20260941,range,pos,-0.40529609604200595,295195.585636661
X3-loose,20260941,range,vel,0.13417570650126867,295195.585636661
X3-loose,20260941,range,pos,-0.3832611734225289,163263.98011987202
X3-loose,20260941,range,vel,-0.07495556740691685,163263.98011987202
X3-loose,20260941,range,pos,-0.22836961284678134,55087.59015958135
X3-loose,20260941,range,vel,0.12128337248006203,55087.59015958135
X3-loose,20260941,range,pos,0.6591918263302394,430804.6615453566
X3-loose,20260941,range,vel,0.2928279561087095,430804.6615453566
X3-loose,20260941,range,pos,-0.9842288189979591,545674.0747487086
X3-loose,20260941,range,vel,0.5412295578510228,545674.0747487086
X3-loose,20260941,inplane,pos,-1.8370050681861279,10442493.751966799
X3-loose,20260941,inplane,vel,-1.5635537094544103,10442493.751966799
X3-loose,20260941,inplane,pos,0.09569049518306477,3058317.3505315967
X3-loose,20260941,inplane,vel,-0.0735890722467001,3058317.3505315967
X3-loose,20260941,inplane,pos,1.3240633402100928,295195.585636661
X3-loose,20260941,inplane,vel,-0.4109804321906544,295195.585636661
X3-loose,20260941,inplane,pos,0.4985320961140888,163263.98011987202
X3-loose,20260941,inplane,vel,0.36315874022684635,163263.98011987202
X3-loose,20260941,inplane,pos,1.661938255300121,55087.59015958135
X3-loose,20260941,inplane,vel,-0.09128151591280523,55087.59015958135
X3-loose,20260941,inplane,pos,0.5305074033427066,430804.6615453566
X3-loose,20260941,inplane,vel,0.542286003149077,430804.6615453566
X3-loose,20260941,inplane,pos,0.5237106552253817,545674.0747487086
X3-loose,20260941,inplane,vel,-0.9361316093986569,545674.0747487086
X3-loose,20260941,plane,pos,1.3396888336465202,10442493.751966799
X3-loose,20260941,plane,vel,0.3053011144521082,10442493.751966799
X3-loose,20260941,plane,pos,-1.1313317009809285,3058317.3505315967
X3-loose,20260941,plane,vel,-0.2641938116795046,3058317.3505315967
X3-loose,20260941,plane,pos,0.048062844397730536,295195.585636661
X3-loose,20260941,plane,vel,1.4244962620496482,295195.585636661
X3-loose,20260941,plane,pos,-0.6987272263872107,163263.98011987202
X3-loose,20260941,plane,vel,0.7181104674871833,163263.98011987202
X3-loose,20260941,plane,pos,-0.41123294893236,55087.59015958135
X3-loose,20260941,plane,vel,-1.4855421447879824,55087.59015958135
X3-loose,20260941,plane,pos,-0.3837318297870939,430804.6615453566
X3-loose,20260941,plane,vel,0.15269433121563247,430804.6615453566
X3-loose,20260941,plane,pos,0.41816671522450205,545674.0747487086
X3-loose,20260941,plane,vel,0.3935832501038605,545674.0747487086
X3-loose,20260941,range,pos,0.47010578946551573,123719.02495478741
X3-loose,20260941,range,vel,0.25170037103487775,123719.02495478741
X3-loose,20260941,range,pos,0.6623579866869009,216172.07370591557
X3-loose,20260941,range,vel,0.08118248718009098,216172.07370591557
X3-loose,20260941,range,pos,1.8417117067237088,53688.63416021772
X3-loose,20260941,range,vel,1.8507140076709196,53688.63416021772
X3-loose,20260941,range,pos,0.43104004704598714,12095359.505671244
X3-loose,20260941,range,vel,-0.06574193994574454,12095359.505671244
X3-loose,20260941,range,pos,-0.22943097643657145,411133.69629237475
X3-loose,20260941,range,vel,0.09567683067656885,411133.69629237475
X3-loose,20260941,range,pos,-0.4478495109140759,236922.8822004273
X3-loose,20260941,range,vel,-0.16760124231812343,236922.8822004273
X3-loose,20260941,range,pos,-0.13408183042449784,1109202.8028019676
X3-loose,20260941,range,vel,-0.23639672337864023,1109202.8028019676
X3-loose,20260941,range,pos,-0.2082637810209132,1303945.3098257752
X3-loose,20260941,range,vel,-0.21456963107349866,1303945.3098257752
X3-loose,20260941,inplane,pos,0.6014758513025753,123719.02495478741
X3-loose,20260941,inplane,vel,0.7266491991766503,123719.02495478741
X3-loose,20260941,inplane,pos,1.2830691694281093,216172.07370591557
X3-loose,20260941,inplane,vel,0.8261195016818079,216172.07370591557
X3-loose,20260941,inplane,pos,2.2165480391008217,53688.63416021772
X3-loose,20260941,inplane,vel,2.3551559583947945,53688.63416021772
X3-loose,20260941,inplane,pos,-0.6658691958518943,12095359.505671244
X3-loose,20260941,inplane,vel,0.06158146872006493,12095359.505671244
X3-loose,20260941,inplane,pos,-0.20952850399851894,411133.69629237475
X3-loose,20260941,inplane,vel,-0.2515356283986372,411133.69629237475
X3-loose,20260941,inplane,pos,1.8175987492224353,236922.8822004273
X3-loose,20260941,inplane,vel,-1.3748373040104755,236922.8822004273
X3-loose,20260941,inplane,pos,-0.2530815524946304,1109202.8028019676
X3-loose,20260941,inplane,vel,-0.09951021221341547,1109202.8028019676
X3-loose,20260941,inplane,pos,-0.12310751404492952,1303945.3098257752
X3-loose,20260941,inplane,vel,-0.029516604989795858,1303945.3098257752
X3-loose,20260941,plane,pos,-1.041514187396924,123719.02495478741
X3-loose,20260941,plane,vel,0.9431722900888989,123719.02495478741
X3-loose,20260941,plane,pos,-1.0824034745973017,216172.07370591557
X3-loose,20260941,plane,vel,0.477893042077681,216172.07370591557
X3-loose,20260941,plane,pos,-0.9145827180980638,53688.63416021772
X3-loose,20260941,plane,vel,1.472486803862286,53688.63416021772
X3-loose,20260941,plane,pos,-1.2361125929915096,12095359.505671244
X3-loose,20260941,plane,vel,-0.533481612988052,12095359.505671244
X3-loose,20260941,plane,pos,-0.6264148179530442,411133.69629237475
X3-loose,20260941,plane,vel,-1.805931171227104,411133.69629237475
X3-loose,20260941,plane,pos,-0.14235086721551532,236922.8822004273
X3-loose,20260941,plane,vel,0.4534358897755064,236922.8822004273
X3-loose,20260941,plane,pos,0.6964306700890064,1109202.8028019676
X3-loose,20260941,plane,vel,-0.5811323961603194,1109202.8028019676
X3-loose,20260941,plane,pos,-0.033422345809307544,1303945.3098257752
X3-loose,20260941,plane,vel,0.16328642149310857,1303945.3098257752
X3-loose,20260941,range,pos,1.321331511802871,126910.25140038441
X3-loose,20260941,range,vel,1.3441320238732914,126910.25140038441
X3-loose,20260941,range,pos,0.3184460170274466,92932.30378570368
X3-loose,20260941,range,vel,-0.22349375491317233,92932.30378570368
X3-loose,20260941,range,pos,-0.13112954704246307,85873.80531204029
X3-loose,20260941,range,vel,-0.7090531367959423,85873.80531204029
X3-loose,20260941,range,pos,-2.295733507126603,243757.04820803323
X3-loose,20260941,range,vel,0.021198340773173285,243757.04820803323
X3-loose,20260941,range,pos,0.14094744709900844,284445.5890391767
X3-loose,20260941,range,vel,1.1538697709874184,284445.5890391767
X3-loose,20260941,range,pos,0.02964807187152295,123788.15614538484
X3-loose,20260941,range,vel,-0.1687386458749909,123788.15614538484
X3-loose,20260941,range,pos,-1.0267455719254075,10635695.849193178
X3-loose,20260941,range,vel,-0.9975669805423353,10635695.849193178
X3-loose,20260941,inplane,pos,0.6325660198255599,126910.25140038441
X3-loose,20260941,inplane,vel,1.479434767021546,126910.25140038441
X3-loose,20260941,inplane,pos,0.6762546472098991,92932.30378570368
X3-loose,20260941,inplane,vel,0.5547134876602354,92932.30378570368
X3-loose,20260941,inplane,pos,-0.8456785982205958,85873.80531204029
X3-loose,20260941,inplane,vel,-0.22327818105297306,85873.80531204029
X3-loose,20260941,inplane,pos,0.7187562234602902,243757.04820803323
X3-loose,20260941,inplane,vel,-2.4560383394431087,243757.04820803323
X3-loose,20260941,inplane,pos,1.1854384412820396,284445.5890391767
X3-loose,20260941,inplane,vel,0.02860128449904355,284445.5890391767
X3-loose,20260941,inplane,pos,-0.4691379851259441,123788.15614538484
X3-loose,20260941,inplane,vel,0.1365666830410097,123788.15614538484
X3-loose,20260941,inplane,pos,0.2808073724019328,10635695.849193178
X3-loose,20260941,inplane,vel,-0.16019559199717406,10635695.849193178
X3-loose,20260941,plane,pos,1.0595019285714118,126910.25140038441
X3-loose,20260941,plane,vel,-0.2070070847764561,126910.25140038441
X3-loose,20260941,plane,pos,0.26524993760411036,92932.30378570368
X3-loose,20260941,plane,vel,0.48616403028562083,92932.30378570368
X3-loose,20260941,plane,pos,0.18778791305724674,85873.80531204029
X3-loose,20260941,plane,vel,-0.5791566672833917,85873.80531204029
X3-loose,20260941,plane,pos,1.2299254496959533,243757.04820803323
X3-loose,20260941,plane,vel,-0.4260225615392835,243757.04820803323
X3-loose,20260941,plane,pos,-1.3498673433260067,284445.5890391767
X3-loose,20260941,plane,vel,-1.2583882179217345,284445.5890391767
X3-loose,20260941,plane,pos,-0.3772734805086364,123788.15614538484
X3-loose,20260941,plane,vel,-0.15158169247598982,123788.15614538484
X3-loose,20260941,plane,pos,0.6660277985445953,10635695.849193178
X3-loose,20260941,plane,vel,0.7181242151571869,10635695.849193178
X3-loose,20260941,range,pos,-0.6668787925162268,429739.5894319171
X3-loose,20260941,range,vel,-0.2176334368200822,429739.5894319171
X3-loose,20260941,range,pos,-0.37155868190633184,69385.39356535755
X3-loose,20260941,range,vel,-0.7225504961433822,69385.39356535755
X3-loose,20260941,range,pos,-0.25953942572365063,132916.01877025748
X3-loose,20260941,range,vel,0.3445957838306678,132916.01877025748
X3-loose,20260941,range,pos,0.4420945265024822,895153.948520799
X3-loose,20260941,range,vel,0.12795546989600576,895153.948520799
X3-loose,20260941,range,pos,-0.11366396506822003,50816.73954689945
X3-loose,20260941,range,vel,-0.6448924460047538,50816.73954689945
X3-loose,20260941,range,pos,-0.48256299707580036,610497.793990933
X3-loose,20260941,range,vel,-1.0345478427802124,610497.793990933
X3-loose,20260941,range,pos,0.9679898058810504,512544.7149588811
X3-loose,20260941,range,vel,-0.7095652189782378,512544.7149588811
X3-loose,20260941,range,pos,-0.43160740889905685,202512.60190998745
X3-loose,20260941,range,vel,-0.928390745514772,202512.60190998745
X3-loose,20260941,inplane,pos,0.6224742346148153,429739.5894319171
X3-loose,20260941,inplane,vel,-0.5987089124510178,429739.5894319171
X3-loose,20260941,inplane,pos,-1.0213075199989303,69385.39356535755
X3-loose,20260941,inplane,vel,-0.4645567701490854,69385.39356535755
X3-loose,20260941,inplane,pos,0.6315363134937947,132916.01877025748
X3-loose,20260941,inplane,vel,0.01989768062725057,132916.01877025748
X3-loose,20260941,inplane,pos,1.180172989703967,895153.948520799
X3-loose,20260941,inplane,vel,0.3758701448031997,895153.948520799
X3-loose,20260941,inplane,pos,-0.41686491972160306,50816.73954689945
X3-loose,20260941,inplane,vel,0.07994798490609475,50816.73954689945
X3-loose,20260941,inplane,pos,-1.400384098310905,610497.793990933
X3-loose,20260941,inplane,vel,-0.5181993352792774,610497.793990933
X3-loose,20260941,inplane,pos,0.2584326735033479,512544.7149588811
X3-loose,20260941,inplane,vel,0.6963908714143231,512544.7149588811
X3-loose,20260941,inplane,pos,-0.8995924944817711,202512.60190998745
X3-loose,20260941,inplane,vel,-0.5352853603450604,202512.60190998745
X3-loose,20260941,plane,pos,-0.45315232353725277,429739.5894319171
X3-loose,20260941,plane,vel,-0.19761631108190567,429739.5894319171
X3-loose,20260941,plane,pos,1.224452046399214,69385.39356535755
X3-loose,20260941,plane,vel,0.6646811207128642,69385.39356535755
X3-loose,20260941,plane,pos,-0.44312130976476105,132916.01877025748
X3-loose,20260941,plane,vel,-0.9866002401445702,132916.01877025748
X3-loose,20260941,plane,pos,2.3317067463083463,895153.948520799
X3-loose,20260941,plane,vel,1.2252100384714344,895153.948520799
X3-loose,20260941,plane,pos,-1.1325251339154387,50816.73954689945
X3-loose,20260941,plane,vel,0.13966832617446523,50816.73954689945
X3-loose,20260941,plane,pos,-1.7914727476232954,610497.793990933
X3-loose,20260941,plane,vel,-0.4705488817226613,610497.793990933
X3-loose,20260941,plane,pos,-1.2476813099425672,512544.7149588811
X3-loose,20260941,plane,vel,-0.717994827080882,512544.7149588811
X3-loose,20260941,plane,pos,-1.1001825302260133,202512.60190998745
X3-loose,20260941,plane,vel,-1.6392883965987075,202512.60190998745
X3-loose,20260941,range,pos,0.841486300602753,13330630.766306125
X3-loose,20260941,range,vel,0.5718216016456714,13330630.766306125
X3-loose,20260941,range,pos,-2.0896042926071416,244875.10496486127
X3-loose,20260941,range,vel,1.2305859330975348,244875.10496486127
X3-loose,20260941,range,pos,-1.4261809744510991,3022586.30937639
X3-loose,20260941,range,vel,-0.370466897625609,3022586.30937639
X3-loose,20260941,range,pos,-0.38818097176629934,106987.22986700159
X3-loose,20260941,range,vel,-0.35697417437503254,106987.22986700159
X3-loose,20260941,range,pos,2.01206199286383,924636.2755775917
X3-loose,20260941,range,vel,-1.1181280815029648,924636.2755775917
X3-loose,20260941,range,pos,-0.16730754106402723,2052014.350112926
X3-loose,20260941,range,vel,-1.1390244517756603,2052014.350112926
X3-loose,20260941,range,pos,1.9192551728213396,2038732.7953638902
X3-loose,20260941,range,vel,0.13109239657288801,2038732.7953638902
X3-loose,20260941,range,pos,-0.36413485683114466,2392980.1785127195
X3-loose,20260941,range,vel,-0.671016359719907,2392980.1785127195
X3-loose,20260941,inplane,pos,-0.29759991828701104,13330630.766306125
X3-loose,20260941,inplane,vel,-0.5895873020603587,13330630.766306125
X3-loose,20260941,inplane,pos,-1.1422268915394311,244875.10496486127
X3-loose,20260941,inplane,vel,-1.0926828315711528,244875.10496486127
X3-loose,20260941,inplane,pos,1.626546711239097,3022586.30937639
X3-loose,20260941,inplane,vel,-1.4262203498225192,3022586.30937639
X3-loose,20260941,inplane,pos,0.23952115902124754,106987.22986700159
X3-loose,20260941,inplane,vel,-0.2583853547718825,106987.22986700159
X3-loose,20260941,inplane,pos,2.1483517102072414,924636.2755775917
X3-loose,20260941,inplane,vel,2.0267136442451847,924636.2755775917
X3-loose,20260941,inplane,pos,-1.1486578224139834,2052014.350112926
X3-loose,20260941,inplane,vel,-0.1890424268505043,2052014.350112926
X3-loose,20260941,inplane,pos,-0.46301636012114067,2038732.7953638902
X3-loose,20260941,inplane,vel,1.8580311986917464,2038732.7953638902
X3-loose,20260941,inplane,pos,-0.3108405810825333,2392980.1785127195
X3-loose,20260941,inplane,vel,-0.3242023520260232,2392980.1785127195
X3-loose,20260941,plane,pos,-0.3982202259310554,13330630.766306125
X3-loose,20260941,plane,vel,0.7937123463837704,13330630.766306125
X3-loose,20260941,plane,pos,0.3546396920897427,244875.10496486127
X3-loose,20260941,plane,vel,0.018092398681526137,244875.10496486127
X3-loose,20260941,plane,pos,-0.8916898135110531,3022586.30937639
X3-loose,20260941,plane,vel,0.22916007348086462,3022586.30937639
X3-loose,20260941,plane,pos,-0.4927517032037921,106987.22986700159
X3-loose,20260941,plane,vel,-2.4419085232302766,106987.22986700159
X3-loose,20260941,plane,pos,-0.6222210879796516,924636.2755775917
X3-loose,20260941,plane,vel,0.9949620416582838,924636.2755775917
X3-loose,20260941,plane,pos,-0.7090203922415339,2052014.350112926
X3-loose,20260941,plane,vel,0.6053462399697255,2052014.350112926
X3-loose,20260941,plane,pos,-0.06698240240674615,2038732.7953638902
X3-loose,20260941,plane,vel,-1.6202198604162108,2038732.7953638902
X3-loose,20260941,plane,pos,-0.43299399897136265,2392980.1785127195
X3-loose,20260941,plane,vel,1.6609819182715169,2392980.1785127195
X3-loose,20260941,range,pos,-1.677666055129073,1119970.6089421203
X3-loose,20260941,range,vel,0.8680957850013641,1119970.6089421203
X3-loose,20260941,range,pos,-0.010167254906324632,269841.21305565874
X3-loose,20260941,range,vel,0.5147370006745701,269841.21305565874
X3-loose,20260941,range,pos,1.319188844007436,984032.2269085696
X3-loose,20260941,range,vel,-1.1035653977899371,984032.2269085696
X3-loose,20260941,range,pos,-8.943548547775013,2841263.2974002184
X3-loose,20260941,range,vel,10.928442423556076,2841263.2974002184
X3-loose,20260941,range,pos,-1.260208080990042,132339.91028212503
X3-loose,20260941,range,vel,-1.4149869430912057,132339.91028212503
X3-loose,20260941,range,pos,1.460768135473866,64811.7589488739
X3-loose,20260941,range,vel,2.3649750892008874,64811.7589488739
X3-loose,20260941,range,pos,0.8808009885662976,6208392.964245341
X3-loose,20260941,range,vel,-0.7084940628758276,6208392.964245341
X3-loose,20260941,inplane,pos,-1.7901133461125374,1119970.6089421203
X3-loose,20260941,inplane,vel,-1.6964513838567503,1119970.6089421203
X3-loose,20260941,inplane,pos,-0.07379071131891443,269841.21305565874
X3-loose,20260941,inplane,vel,-0.6288303272391674,269841.21305565874
X3-loose,20260941,inplane,pos,0.6982653307885199,984032.2269085696
X3-loose,20260941,inplane,vel,1.2258928224663346,984032.2269085696
X3-loose,20260941,inplane,pos,8.565835284561903,2841263.2974002184
X3-loose,20260941,inplane,vel,-7.289838516340188,2841263.2974002184
X3-loose,20260941,inplane,pos,-1.3648891822199263,132339.91028212503
X3-loose,20260941,inplane,vel,-1.301002195704885,132339.91028212503
X3-loose,20260941,inplane,pos,1.7030511684139646,64811.7589488739
X3-loose,20260941,inplane,vel,2.1702137827958508,64811.7589488739
X3-loose,20260941,inplane,pos,0.7097936306499971,6208392.964245341
X3-loose,20260941,inplane,vel,0.7566803732653161,6208392.964245341
X3-loose,20260941,plane,pos,0.10560705352301868,1119970.6089421203
X3-loose,20260941,plane,vel,-0.1988805420444728,1119970.6089421203
X3-loose,20260941,plane,pos,-0.6308876515661511,269841.21305565874
X3-loose,20260941,plane,vel,-0.3877713408026184,269841.21305565874
X3-loose,20260941,plane,pos,0.4225812875591843,984032.2269085696
X3-loose,20260941,plane,vel,-1.0564513069632073,984032.2269085696
X3-loose,20260941,plane,pos,0.4310172096543984,2841263.2974002184
X3-loose,20260941,plane,vel,0.18334472663231446,2841263.2974002184
X3-loose,20260941,plane,pos,1.3688081900030404,132339.91028212503
X3-loose,20260941,plane,vel,1.1400024418388326,132339.91028212503
X3-loose,20260941,plane,pos,1.9957575769624243,64811.7589488739
X3-loose,20260941,plane,vel,1.9072384797938173,64811.7589488739
X3-loose,20260941,plane,pos,-0.7319880208973121,6208392.964245341
X3-loose,20260941,plane,vel,0.7931766662402748,6208392.964245341
X3-loose,20260948,range,pos,-1.1458029419144105,255709.21817625852
X3-loose,20260948,range,vel,1.15130092388927,255709.21817625852
X3-loose,20260948,range,pos,-0.7891934102614021,156165.88910749287
X3-loose,20260948,range,vel,-1.9187658328442312,156165.88910749287
X3-loose,20260948,range,pos,0.3530150157662627,1301007.41673538
X3-loose,20260948,range,vel,-0.3683892326912151,1301007.41673538
X3-loose,20260948,range,pos,-1.009037488743743,70412.44160051382
X3-loose,20260948,range,vel,-0.8353009092082729,70412.44160051382
X3-loose,20260948,range,pos,0.5367659233989794,45956.76262608156
X3-loose,20260948,range,vel,0.11189654131416227,45956.76262608156
X3-loose,20260948,range,pos,-3.0630724604780983,91827.49863137606
X3-loose,20260948,range,vel,2.4759577347874733,91827.49863137606
X3-loose,20260948,range,pos,-1.5682368522703218,119982.58712788578
X3-loose,20260948,range,vel,-1.0736942474438278,119982.58712788578
X3-loose,20260948,range,pos,-0.030986308979413384,200549.80068861364
X3-loose,20260948,range,vel,-0.851581507153449,200549.80068861364
X3-loose,20260948,inplane,pos,0.22825345472562905,255709.21817625852
X3-loose,20260948,inplane,vel,-1.1398151287495353,255709.21817625852
X3-loose,20260948,inplane,pos,-1.9506118228361569,156165.88910749287
X3-loose,20260948,inplane,vel,-0.7686015932455963,156165.88910749287
X3-loose,20260948,inplane,pos,-0.954403761722714,1301007.41673538
X3-loose,20260948,inplane,vel,0.11872839203835597,1301007.41673538
X3-loose,20260948,inplane,pos,-1.8126001199711546,70412.44160051382
X3-loose,20260948,inplane,vel,-1.3253937046152007,70412.44160051382
X3-loose,20260948,inplane,pos,-0.40137901056249126,45956.76262608156
X3-loose,20260948,inplane,vel,-0.613504326453732,45956.76262608156
X3-loose,20260948,inplane,pos,-1.9580128898083682,91827.49863137606
X3-loose,20260948,inplane,vel,-3.018206301847677,91827.49863137606
X3-loose,20260948,inplane,pos,-1.2120740453875793,119982.58712788578
X3-loose,20260948,inplane,vel,-1.3653261053465642,119982.58712788578
X3-loose,20260948,inplane,pos,-0.83738040428902,200549.80068861364
X3-loose,20260948,inplane,vel,-0.011817469937127885,200549.80068861364
X3-loose,20260948,plane,pos,1.7943382217373713,255709.21817625852
X3-loose,20260948,plane,vel,1.4593942083208549,255709.21817625852
X3-loose,20260948,plane,pos,0.11847724536185077,156165.88910749287
X3-loose,20260948,plane,vel,-1.096664782366115,156165.88910749287
X3-loose,20260948,plane,pos,1.6208907721470234,1301007.41673538
X3-loose,20260948,plane,vel,-1.3880452177813496,1301007.41673538
X3-loose,20260948,plane,pos,1.3787213437443655,70412.44160051382
X3-loose,20260948,plane,vel,-1.5673949284816409,70412.44160051382
X3-loose,20260948,plane,pos,0.44016986775571315,45956.76262608156
X3-loose,20260948,plane,vel,-0.4202570087554806,45956.76262608156
X3-loose,20260948,plane,pos,-0.9696318955693515,91827.49863137606
X3-loose,20260948,plane,vel,0.769046375066748,91827.49863137606
X3-loose,20260948,plane,pos,0.8704725098351253,119982.58712788578
X3-loose,20260948,plane,vel,-0.922114670071112,119982.58712788578
X3-loose,20260948,plane,pos,-0.31730563498572223,200549.80068861364
X3-loose,20260948,plane,vel,-0.2404148883752432,200549.80068861364
X3-loose,20260948,range,pos,0.4604609597146973,637754.2534750289
X3-loose,20260948,range,vel,-0.6921595991750102,637754.2534750289
X3-loose,20260948,range,pos,2.0834082470801896,375372.3802183889
X3-loose,20260948,range,vel,0.4261566000809881,375372.3802183889
X3-loose,20260948,range,pos,-0.5973730431084618,10973024.405074803
X3-loose,20260948,range,vel,-0.9748818442566812,10973024.405074803
X3-loose,20260948,range,pos,1.411677272172456,154264.9939111162
X3-loose,20260948,range,vel,1.3643161168330287,154264.9939111162
X3-loose,20260948,range,pos,-2.0386925930764157,574068.3492655692
X3-loose,20260948,range,vel,-1.2341305626522767,574068.3492655692
X3-loose,20260948,range,pos,1.8852810120981294,632580.6643470268
X3-loose,20260948,range,vel,0.10206078591737676,632580.6643470268
X3-loose,20260948,range,pos,1.2157199957833678,4071228.8234739266
X3-loose,20260948,range,vel,1.188756429478901,4071228.8234739266
X3-loose,20260948,range,pos,1.0840005504232775,79752.10085583273
X3-loose,20260948,range,vel,-0.7507987956429906,79752.10085583273
X3-loose,20260948,inplane,pos,-0.29518486603660377,637754.2534750289
X3-loose,20260948,inplane,vel,0.1641182990362929,637754.2534750289
X3-loose,20260948,inplane,pos,1.3826070459958413,375372.3802183889
X3-loose,20260948,inplane,vel,2.366216748878161,375372.3802183889
X3-loose,20260948,inplane,pos,0.47045570400116504,10973024.405074803
X3-loose,20260948,inplane,vel,-0.7795898052677745,10973024.405074803
X3-loose,20260948,inplane,pos,-0.6893034981584628,154264.9939111162
X3-loose,20260948,inplane,vel,-0.5745460305488204,154264.9939111162
X3-loose,20260948,inplane,pos,0.9660710601067061,574068.3492655692
X3-loose,20260948,inplane,vel,-1.9859148641058262,574068.3492655692
X3-loose,20260948,inplane,pos,1.217340675088146,632580.6643470268
X3-loose,20260948,inplane,vel,1.921762149694434,632580.6643470268
X3-loose,20260948,inplane,pos,-1.2253832859134612,4071228.8234739266
X3-loose,20260948,inplane,vel,1.2183378456428462,4071228.8234739266
X3-loose,20260948,inplane,pos,1.3064421112128812,79752.10085583273
X3-loose,20260948,inplane,vel,1.3228713299152701,79752.10085583273
X3-loose,20260948,plane,pos,-0.986637152035931,637754.2534750289
X3-loose,20260948,plane,vel,0.07881997388183418,637754.2534750289
X3-loose,20260948,plane,pos,-0.5913278402193368,375372.3802183889
X3-loose,20260948,plane,vel,0.5299575240053456,375372.3802183889
X3-loose,20260948,plane,pos,-0.9117456653014665,10973024.405074803
X3-loose,20260948,plane,vel,-1.5014349316948512,10973024.405074803
X3-loose,20260948,plane,pos,0.3398193512325979,154264.9939111162
X3-loose,20260948,plane,vel,0.39970842085849084,154264.9939111162
X3-loose,20260948,plane,pos,0.88378263784087,574068.3492655692
X3-loose,20260948,plane,vel,-0.565881798948667,574068.3492655692
X3-loose,20260948,plane,pos,-0.1550486445942292,632580.6643470268
X3-loose,20260948,plane,vel,-1.707522161775594,632580.6643470268
X3-loose,20260948,plane,pos,1.4826300390607632,4071228.8234739266
X3-loose,20260948,plane,vel,-1.3000920455153464,4071228.8234739266
X3-loose,20260948,plane,pos,-0.9433279619502192,79752.10085583273
X3-loose,20260948,plane,vel,0.05762937745006794,79752.10085583273
X3-loose,20260948,range,pos,1.5360197371356188,13751168.561613074
X3-loose,20260948,range,vel,2.0652253251009647,13751168.561613074
X3-loose,20260948,range,pos,-1.815647438277579,4445052.489232693
X3-loose,20260948,range,vel,-1.9624040477311933,4445052.489232693
X3-loose,20260948,range,pos,-1.4071829277585646,4290715.286042051
X3-loose,20260948,range,vel,-1.1537129366533343,4290715.286042051
X3-loose,20260948,range,pos,2.0567067502060516,1062218.7244201733
X3-loose,20260948,range,vel,-1.739517917174681,1062218.7244201733
X3-loose,20260948,range,pos,-2.082227680914662,181189.1965888449
X3-loose,20260948,range,vel,1.5050183816111278,181189.1965888449
X3-loose,20260948,range,pos,-1.1518955503452923,11686080.542613672
X3-loose,20260948,range,vel,1.643243547829754,11686080.542613672
X3-loose,20260948,range,pos,-0.22781823199588846,1644260.020601844
X3-loose,20260948,range,vel,0.14562665827038745,1644260.020601844
X3-loose,20260948,range,pos,0.9165473458292976,990887.6246148039
X3-loose,20260948,range,vel,-0.37172987212790976,990887.6246148039
X3-loose,20260948,inplane,pos,-1.6150153199520823,13751168.561613074
X3-loose,20260948,inplane,vel,-1.2663996171138923,13751168.561613074
X3-loose,20260948,inplane,pos,1.0502677539950798,4445052.489232693
X3-loose,20260948,inplane,vel,-2.132320421327369,4445052.489232693
X3-loose,20260948,inplane,pos,0.6114785485515094,4290715.286042051
X3-loose,20260948,inplane,vel,-0.9831884915520097,4290715.286042051
X3-loose,20260948,inplane,pos,0.00038148697609821425,1062218.7244201733
X3-loose,20260948,inplane,vel,0.21481298446637767,1062218.7244201733
X3-loose,20260948,inplane,pos,-1.6191994486407664,181189.1965888449
X3-loose,20260948,inplane,vel,-2.2219557426070136,181189.1965888449
X3-loose,20260948,inplane,pos,-1.6718645162319663,11686080.542613672
X3-loose,20260948,inplane,vel,-1.6970531889664795,11686080.542613672
X3-loose,20260948,inplane,pos,-0.2308506167788213,1644260.020601844
X3-loose,20260948,inplane,vel,-0.1639536566090929,1644260.020601844
X3-loose,20260948,inplane,pos,0.8165688309154283,990887.6246148039
X3-loose,20260948,inplane,vel,1.1653067501799959,990887.6246148039
X3-loose,20260948,plane,pos,-0.39642302763569265,13751168.561613074
X3-loose,20260948,plane,vel,-0.40862871691467345,13751168.561613074
X3-loose,20260948,plane,pos,0.7688623497861847,4445052.489232693
X3-loose,20260948,plane,vel,-1.710513678575641,4445052.489232693
X3-loose,20260948,plane,pos,1.3977506206817145,4290715.286042051
X3-loose,20260948,plane,vel,1.6357576670229879,4290715.286042051
X3-loose,20260948,plane,pos,-0.5011245143277694,1062218.7244201733
X3-loose,20260948,plane,vel,-1.0991426731626344,1062218.7244201733
X3-loose,20260948,plane,pos,0.3322760127546684,181189.1965888449
X3-loose,20260948,plane,vel,1.4549677257717484,181189.1965888449
X3-loose,20260948,plane,pos,-0.5192116478260594,11686080.542613672
X3-loose,20260948,plane,vel,-0.254324177529529,11686080.542613672
X3-loose,20260948,plane,pos,-1.1015173166282375,1644260.020601844
X3-loose,20260948,plane,vel,-0.6226746070766567,1644260.020601844
X3-loose,20260948,plane,pos,0.8169283244256104,990887.6246148039
X3-loose,20260948,plane,vel,1.4052420066185987,990887.6246148039
X3-loose,20260948,range,pos,0.051370761993817037,234723.828334242
X3-loose,20260948,range,vel,0.11342063081051977,234723.828334242
X3-loose,20260948,range,pos,0.3623729755726876,40965.978047737175
X3-loose,20260948,range,vel,0.5058017480144444,40965.978047737175
X3-loose,20260948,range,pos,-0.6323776080587344,13255579.08307159
X3-loose,20260948,range,vel,0.034687409289831043,13255579.08307159
X3-loose,20260948,range,pos,1.0695990817591017,306697.0514900282
X3-loose,20260948,range,vel,0.8055528642892391,306697.0514900282
X3-loose,20260948,range,pos,1.3668510750707592,234242.1911290933
X3-loose,20260948,range,vel,-1.1155162584790743,234242.1911290933
X3-loose,20260948,range,pos,1.0875044928921496,206692.26488167947
X3-loose,20260948,range,vel,-0.9598866141129678,206692.26488167947
X3-loose,20260948,range,pos,1.1227511100896268,1954523.629130363
X3-loose,20260948,range,vel,-1.5836628616352313,1954523.629130363
X3-loose,20260948,range,pos,0.7071620747569676,388397.5862787018
X3-loose,20260948,range,vel,-0.6861498843324708,388397.5862787018
X3-loose,20260948,inplane,pos,0.056569306053655725,234723.828334242
X3-loose,20260948,inplane,vel,0.07258291291950122,234723.828334242
X3-loose,20260948,inplane,pos,0.3844274428649674,40965.978047737175
X3-loose,20260948,inplane,vel,0.43617022532463195,40965.978047737175
X3-loose,20260948,inplane,pos,-0.22771908091490392,13255579.08307159
X3-loose,20260948,inplane,vel,1.235806423252328,13255579.08307159
X3-loose,20260948,inplane,pos,1.6678331299525948,306697.0514900282
X3-loose,20260948,inplane,vel,1.1350785643647956,306697.0514900282
X3-loose,20260948,inplane,pos,1.0602347583665188,234242.1911290933
X3-loose,20260948,inplane,vel,1.514820686189515,234242.1911290933
X3-loose,20260948,inplane,pos,0.6779919849684677,206692.26488167947
X3-loose,20260948,inplane,vel,1.0491281822815988,206692.26488167947
X3-loose,20260948,inplane,pos,-0.6491803352000673,1954523.629130363
X3-loose,20260948,inplane,vel,0.9363031609070473,1954523.629130363
X3-loose,20260948,inplane,pos,0.5254977127102345,388397.5862787018
X3-loose,20260948,inplane,vel,0.647364375103022,388397.5862787018
X3-loose,20260948,plane,pos,1.0451690419263462,234723.828334242
X3-loose,20260948,plane,vel,-0.36540297550672063,234723.828334242
X3-loose,20260948,plane,pos,0.6589727032183443,40965.978047737175
X3-loose,20260948,plane,vel,-0.06513763572351831,40965.978047737175
X3-loose,20260948,plane,pos,0.9274728972733292,13255579.08307159
X3-loose,20260948,plane,vel,1.1837444281163816,13255579.08307159
X3-loose,20260948,plane,pos,-2.3741826933309884,306697.0514900282
X3-loose,20260948,plane,vel,0.6146555544178158,306697.0514900282
X3-loose,20260948,plane,pos,-0.1132281476354369,234242.1911290933
X3-loose,20260948,plane,vel,-0.3397237312686176,234242.1911290933
X3-loose,20260948,plane,pos,-0.6441022959898307,206692.26488167947
X3-loose,20260948,plane,vel,0.1763825792498908,206692.26488167947
X3-loose,20260948,plane,pos,0.2080985720349925,1954523.629130363
X3-loose,20260948,plane,vel,0.038638914851443454,1954523.629130363
X3-loose,20260948,plane,pos,-0.6333936123014685,388397.5862787018
X3-loose,20260948,plane,vel,-0.9087015417280976,388397.5862787018
X3-loose,20260948,range,pos,-0.763436408863316,81797.14133676261
X3-loose,20260948,range,vel,-0.4699693159067412,81797.14133676261
X3-loose,20260948,range,pos,-0.9697503032977934,156918.513129058
X3-loose,20260948,range,vel,-0.9512631747066431,156918.513129058
X3-loose,20260948,range,pos,-0.3872698134982545,334855.13612339593
X3-loose,20260948,range,vel,1.263080168164234,334855.13612339593
X3-loose,20260948,range,pos,-0.9474620432629561,2757939.986074813
X3-loose,20260948,range,vel,-0.5090420740123649,2757939.986074813
X3-loose,20260948,range,pos,-1.1446580888041227,3759668.2727189153
X3-loose,20260948,range,vel,-0.8262032491877264,3759668.2727189153
X3-loose,20260948,range,pos,-0.5525063794709573,497605.8927847534
X3-loose,20260948,range,vel,0.29045053542057836,497605.8927847534
X3-loose,20260948,range,pos,-0.1971896012105461,301091.0071890882
X3-loose,20260948,range,vel,1.3566966744911408,301091.0071890882
X3-loose,20260948,range,pos,1.047209946903185,13740303.066350352
X3-loose,20260948,range,vel,2.4426303062605554,13740303.066350352
X3-loose,20260948,inplane,pos,-0.07042883401614974,81797.14133676261
X3-loose,20260948,inplane,vel,0.24059126159814492,81797.14133676261
X3-loose,20260948,inplane,pos,-0.45143118952813027,156918.513129058
X3-loose,20260948,inplane,vel,-0.8998338301704691,156918.513129058
X3-loose,20260948,inplane,pos,0.7472371594961693,334855.13612339593
X3-loose,20260948,inplane,vel,0.2459097621578977,334855.13612339593
X3-loose,20260948,inplane,pos,0.4860966602380314,2757939.986074813
X3-loose,20260948,inplane,vel,-0.43392590270535114,2757939.986074813
X3-loose,20260948,inplane,pos,1.3612901461817069,3759668.2727189153
X3-loose,20260948,inplane,vel,-1.1184556017510696,3759668.2727189153
X3-loose,20260948,inplane,pos,0.20494521214038672,497605.8927847534
X3-loose,20260948,inplane,vel,-0.22364040564461807,497605.8927847534
X3-loose,20260948,inplane,pos,1.105472594203561,301091.0071890882
X3-loose,20260948,inplane,vel,0.29527340148291825,301091.0071890882
X3-loose,20260948,inplane,pos,-2.771980650287735,13740303.066350352
X3-loose,20260948,inplane,vel,0.10407816212655144,13740303.066350352
X3-loose,20260948,plane,pos,0.7547110814488426,81797.14133676261
X3-loose,20260948,plane,vel,-0.23733380735711918,81797.14133676261
X3-loose,20260948,plane,pos,1.1761367811090229,156918.513129058
X3-loose,20260948,plane,vel,-0.15512569032988585,156918.513129058
X3-loose,20260948,plane,pos,2.1621691779389076,334855.13612339593
X3-loose,20260948,plane,vel,1.2933285895339481,334855.13612339593
X3-loose,20260948,plane,pos,1.1779915471634672,2757939.986074813
X3-loose,20260948,plane,vel,0.771429860172903,2757939.986074813
X3-loose,20260948,plane,pos,-0.13377313961985296,3759668.2727189153
X3-loose,20260948,plane,vel,0.26173043392102974,3759668.2727189153
X3-loose,20260948,plane,pos,0.42292957289689265,497605.8927847534
X3-loose,20260948,plane,vel,0.9967686616410417,497605.8927847534
X3-loose,20260948,plane,pos,1.3815562729080526,301091.0071890882
X3-loose,20260948,plane,vel,1.0180861604368743,301091.0071890882
X3-loose,20260948,plane,pos,-1.0045982360075192,13740303.066350352
X3-loose,20260948,plane,vel,-1.0509764222023334,13740303.066350352
X3-loose,20260948,range,pos,-0.1774029742409968,5161607.679810059
X3-loose,20260948,range,vel,1.1073465939198444,5161607.679810059
X3-loose,20260948,range,pos,1.2697075971576663,5769473.690145426
X3-loose,20260948,range,vel,1.459510066837248,5769473.690145426
X3-loose,20260948,range,pos,-1.7657984195183671,148455.05907452063
X3-loose,20260948,range,vel,1.4861737083008089,148455.05907452063
X3-loose,20260948,range,pos,0.680551319053021,71169.70408566298
X3-loose,20260948,range,vel,-0.6808655768189971,71169.70408566298
X3-loose,20260948,range,pos,-0.44039520078846034,37635.822523525705
X3-loose,20260948,range,vel,-0.12037039539989007,37635.822523525705
X3-loose,20260948,range,pos,0.6934443015171903,163686.59229290352
X3-loose,20260948,range,vel,0.7510889584162669,163686.59229290352
X3-loose,20260948,range,pos,0.5868217250506959,550872.9024401681
X3-loose,20260948,range,vel,1.1038776646901944,550872.9024401681
X3-loose,20260948,inplane,pos,0.8437179153192992,5161607.679810059
X3-loose,20260948,inplane,vel,0.04200218765042433,5161607.679810059
X3-loose,20260948,inplane,pos,-0.7599293739965004,5769473.690145426
X3-loose,20260948,inplane,vel,1.4928651799329515,5769473.690145426
X3-loose,20260948,inplane,pos,-0.9360493341626127,148455.05907452063
X3-loose,20260948,inplane,vel,-1.558654069817106,148455.05907452063
X3-loose,20260948,inplane,pos,-0.9528055929232112,71169.70408566298
X3-loose,20260948,inplane,vel,0.11941449008063934,71169.70408566298
X3-loose,20260948,inplane,pos,-0.7972250565167208,37635.822523525705
X3-loose,20260948,inplane,vel,-0.257439378408078,37635.822523525705
X3-loose,20260948,inplane,pos,0.8400058421134609,163686.59229290352
X3-loose,20260948,inplane,vel,1.1381949333417847,163686.59229290352
X3-loose,20260948,inplane,pos,1.0492922839595689,550872.9024401681
X3-loose,20260948,inplane,vel,0.5354374385911028,550872.9024401681
X3-loose,20260948,plane,pos,0.481236475958306,5161607.679810059
X3-loose,20260948,plane,vel,0.2664658150466206,5161607.679810059
X3-loose,20260948,plane,pos,-1.0169808921411627,5769473.690145426
X3-loose,20260948,plane,vel,0.4828785139920096,5769473.690145426
X3-loose,20260948,plane,pos,-2.0314464120305096,148455.05907452063
X3-loose,20260948,plane,vel,-0.03486926635915125,148455.05907452063
X3-loose,20260948,plane,pos,-0.9485950014740343,71169.70408566298
X3-loose,20260948,plane,vel,0.1876617152055519,71169.70408566298
X3-loose,20260948,plane,pos,-0.3733241393910871,37635.822523525705
X3-loose,20260948,plane,vel,-1.3721994990164406,37635.822523525705
X3-loose,20260948,plane,pos,0.9543250171242106,163686.59229290352
X3-loose,20260948,plane,vel,1.6152107398532785,163686.59229290352
X3-loose,20260948,plane,pos,1.1903794086042596,550872.9024401681
X3-loose,20260948,plane,vel,-1.9597000276402878,550872.9024401681
X3-loose,20260955,range,pos,1.2389250560268699,411452.70674836746
X3-loose,20260955,range,vel,0.3129531541130935,411452.70674836746
X3-loose,20260955,range,pos,1.682055873530326,135917.1943341234
X3-loose,20260955,range,vel,-1.1427901349073417,135917.1943341234
X3-loose,20260955,range,pos,0.7228296502593654,449789.75131959957
X3-loose,20260955,range,vel,-1.7868103276035394,449789.75131959957
X3-loose,20260955,range,pos,-1.781428103098055,126300.31997537184
X3-loose,20260955,range,vel,1.7020851256522957,126300.31997537184
X3-loose,20260955,range,pos,-0.1761449910558291,75100.4181089665
X3-loose,20260955,range,vel,0.08074511610240699,75100.4181089665
X3-loose,20260955,range,pos,1.5576366368861572,299040.1808725493
X3-loose,20260955,range,vel,-1.3421504472797916,299040.1808725493
X3-loose,20260955,range,pos,-1.903448812660737,361882.7715878648
X3-loose,20260955,range,vel,1.6541208911344,361882.7715878648
X3-loose,20260955,range,pos,-0.6101017461595609,409888.56285686686
X3-loose,20260955,range,vel,0.26019320589231937,409888.56285686686
X3-loose,20260955,inplane,pos,-0.2915032214780946,411452.70674836746
X3-loose,20260955,inplane,vel,1.1452707766775658,411452.70674836746
X3-loose,20260955,inplane,pos,0.49745657071874916,135917.1943341234
X3-loose,20260955,inplane,vel,-1.1215118489179716,135917.1943341234
X3-loose,20260955,inplane,pos,-1.0749861470080349,449789.75131959957
X3-loose,20260955,inplane,vel,0.6031393900451526,449789.75131959957
X3-loose,20260955,inplane,pos,-0.17734797543428502,126300.31997537184
X3-loose,20260955,inplane,vel,-1.4720853534255331,126300.31997537184
X3-loose,20260955,inplane,pos,0.4254395359014649,75100.4181089665
X3-loose,20260955,inplane,vel,-0.014120520298783145,75100.4181089665
X3-loose,20260955,inplane,pos,1.9330893968190375,299040.1808725493
X3-loose,20260955,inplane,vel,1.67585904425422,299040.1808725493
X3-loose,20260955,inplane,pos,-0.9580763067238781,361882.7715878648
X3-loose,20260955,inplane,vel,-2.0641041829312083,361882.7715878648
X3-loose,20260955,inplane,pos,-0.24175275645867947,409888.56285686686
X3-loose,20260955,inplane,vel,-0.5053377237755888,409888.56285686686
X3-loose,20260955,plane,pos,2.520325430574577,411452.70674836746
X3-loose,20260955,plane,vel,0.14995992125611757,411452.70674836746
X3-loose,20260955,plane,pos,0.3244666408161754,135917.1943341234
X3-loose,20260955,plane,vel,0.7152483402143327,135917.1943341234
X3-loose,20260955,plane,pos,0.22523096348542437,449789.75131959957
X3-loose,20260955,plane,vel,-0.9997783429080572,449789.75131959957
X3-loose,20260955,plane,pos,-1.4262785433509229,126300.31997537184
X3-loose,20260955,plane,vel,1.6751671380627278,126300.31997537184
X3-loose,20260955,plane,pos,-0.21011056296393246,75100.4181089665
X3-loose,20260955,plane,vel,-0.3963983697832148,75100.4181089665
X3-loose,20260955,plane,pos,-1.3723041808812566,299040.1808725493
X3-loose,20260955,plane,vel,-2.2995370492110383,299040.1808725493
X3-loose,20260955,plane,pos,1.7746523483522552,361882.7715878648
X3-loose,20260955,plane,vel,0.10653927358683735,361882.7715878648
X3-loose,20260955,plane,pos,2.5441931095325385,409888.56285686686
X3-loose,20260955,plane,vel,0.6366518273765989,409888.56285686686
X3-loose,20260955,range,pos,-0.5530890132797708,1393548.429608333
X3-loose,20260955,range,vel,0.319768866392888,1393548.429608333
X3-loose,20260955,range,pos,0.8819411687570082,10515342.351283882
X3-loose,20260955,range,vel,-1.1151873509252759,10515342.351283882
X3-loose,20260955,range,pos,-1.8790718898704026,2147458.9020330673
X3-loose,20260955,range,vel,-0.08587312674501954,2147458.9020330673
X3-loose,20260955,range,pos,-0.2210326200014188,558070.6823180392
X3-loose,20260955,range,vel,0.14853248434079,558070.6823180392
X3-loose,20260955,range,pos,-0.3137387183396914,940287.11180381
X3-loose,20260955,range,vel,-0.06526204711972257,940287.11180381
X3-loose,20260955,range,pos,-0.7733066838898053,453835.67358700006
X3-loose,20260955,range,vel,-0.03340166891752587,453835.67358700006
X3-loose,20260955,range,pos,-0.6538736047122696,133929.80034523804
X3-loose,20260955,range,vel,0.5766569157342503,133929.80034523804
X3-loose,20260955,range,pos,2.7367275334355012,1240179.5955120057
X3-loose,20260955,range,vel,-1.38526022470101,1240179.5955120057
X3-loose,20260955,inplane,pos,0.8619483856482643,1393548.429608333
X3-loose,20260955,inplane,vel,-0.4914669320727373,1393548.429608333
X3-loose,20260955,inplane,pos,1.219740282076599,10515342.351283882
X3-loose,20260955,inplane,vel,1.3660126298407866,10515342.351283882
X3-loose,20260955,inplane,pos,0.9000188295772432,2147458.9020330673
X3-loose,20260955,inplane,vel,-1.8847780111854737,2147458.9020330673
X3-loose,20260955,inplane,pos,-0.2558308824381022,558070.6823180392
X3-loose,20260955,inplane,vel,-0.29061566540089545,558070.6823180392
X3-loose,20260955,inplane,pos,-0.4461948505759401,940287.11180381
X3-loose,20260955,inplane,vel,-0.14774960770643436,940287.11180381
X3-loose,20260955,inplane,pos,-0.5687768618271187,453835.67358700006
X3-loose,20260955,inplane,vel,-0.9626045605902488,453835.67358700006
X3-loose,20260955,inplane,pos,-0.4123265051896923,133929.80034523804
X3-loose,20260955,inplane,vel,-0.4414606470218451,133929.80034523804
X3-loose,20260955,inplane,pos,-1.598861486496071,1240179.5955120057
X3-loose,20260955,inplane,vel,2.808000463515221,1240179.5955120057
X3-loose,20260955,plane,pos,0.6875122714007625,1393548.429608333
X3-loose,20260955,plane,vel,2.246136056377229,1393548.429608333
X3-loose,20260955,plane,pos,-0.6921543284300079,10515342.351283882
X3-loose,20260955,plane,vel,1.2007395090314927,10515342.351283882
X3-loose,20260955,plane,pos,-1.3265698582000933,2147458.9020330673
X3-loose,20260955,plane,vel,0.902279322795343,2147458.9020330673
X3-loose,20260955,plane,pos,0.7444899618457209,558070.6823180392
X3-loose,20260955,plane,vel,0.2882848383664327,558070.6823180392
X3-loose,20260955,plane,pos,-1.2125234150170874,940287.11180381
X3-loose,20260955,plane,vel,0.3134724372661646,940287.11180381
X3-loose,20260955,plane,pos,-1.7271397690009824,453835.67358700006
X3-loose,20260955,plane,vel,-1.8643759478868986,453835.67358700006
X3-loose,20260955,plane,pos,-0.05735080259696155,133929.80034523804
X3-loose,20260955,plane,vel,0.24811955363366747,133929.80034523804
X3-loose,20260955,plane,pos,0.11647266282551001,1240179.5955120057
X3-loose,20260955,plane,vel,-1.4253578106741103,1240179.5955120057
X3-loose,20260955,range,pos,-1.2695332856470063,67118.40827521475
X3-loose,20260955,range,vel,0.4299389234760114,67118.40827521475
X3-loose,20260955,range,pos,0.08704078494064964,40044.54659689476
X3-loose,20260955,range,vel,-0.4833416420696768,40044.54659689476
X3-loose,20260955,range,pos,0.6552250910751843,39484.9094042148
X3-loose,20260955,range,vel,-0.36392554112023107,39484.9094042148
X3-loose,20260955,range,pos,-0.8859223024178348,60509.98742485812
X3-loose,20260955,range,vel,0.1846782266473772,60509.98742485812
X3-loose,20260955,range,pos,0.6611950300058227,128565.39563534001
X3-loose,20260955,range,vel,-0.9480323865815322,128565.39563534001
X3-loose,20260955,range,pos,0.222093840630727,2380370.775465175
X3-loose,20260955,range,vel,0.19995952240884005,2380370.775465175
X3-loose,20260955,range,pos,-3.044369875837493,152492.29567438108
X3-loose,20260955,range,vel,-1.6373104295031498,152492.29567438108
X3-loose,20260955,inplane,pos,-1.4383249716180448,67118.40827521475
X3-loose,20260955,inplane,vel,-1.5717334897078532,67118.40827521475
X3-loose,20260955,inplane,pos,-0.17039696802258644,40044.54659689476
X3-loose,20260955,inplane,vel,-0.17528787602775087,40044.54659689476
X3-loose,20260955,inplane,pos,-0.5326563511537333,39484.9094042148
X3-loose,20260955,inplane,vel,0.2353037771601898,39484.9094042148
X3-loose,20260955,inplane,pos,-1.3586258276799303,60509.98742485812
X3-loose,20260955,inplane,vel,-1.0429120429529808,60509.98742485812
X3-loose,20260955,inplane,pos,-0.3465636850371014,128565.39563534001
X3-loose,20260955,inplane,vel,0.7900370394538181,128565.39563534001
X3-loose,20260955,inplane,pos,0.5844647393225304,2380370.775465175
X3-loose,20260955,inplane,vel,0.46718725177878684,2380370.775465175
X3-loose,20260955,inplane,pos,-2.9670448669506397,152492.29567438108
X3-loose,20260955,inplane,vel,-3.4020200090358195,152492.29567438108
X3-loose,20260955,plane,pos,-1.0956048664118372,67118.40827521475
X3-loose,20260955,plane,vel,-0.9821788620560549,67118.40827521475
X3-loose,20260955,plane,pos,-0.49022695659718807,40044.54659689476
X3-loose,20260955,plane,vel,-1.0976591517373744,40044.54659689476
X3-loose,20260955,plane,pos,1.5116108523914338,39484.9094042148
X3-loose,20260955,plane,vel,0.5956247952934874,39484.9094042148
X3-loose,20260955,plane,pos,-1.7222039192422078,60509.98742485812
X3-loose,20260955,plane,vel,-0.1437430533427762,60509.98742485812
X3-loose,20260955,plane,pos,0.045125994704508246,128565.39563534001
X3-loose,20260955,plane,vel,0.0779024411237924,128565.39563534001
X3-loose,20260955,plane,pos,-1.7147019169108475,2380370.775465175
X3-loose,20260955,plane,vel,-1.4474494511484197,2380370.775465175
X3-loose,20260955,plane,pos,1.8757008315239836,152492.29567438108
X3-loose,20260955,plane,vel,-0.7165756810030867,152492.29567438108
X3-loose,20260955,range,pos,1.3795103083044304,515527.76399677683
X3-loose,20260955,range,vel,-1.2457841960685831,515527.76399677683
X3-loose,20260955,range,pos,-0.5963977743107868,90998.82964546239
X3-loose,20260955,range,vel,-0.09882791436495192,90998.82964546239
X3-loose,20260955,range,pos,-1.3341940099221596,69705.14542639612
X3-loose,20260955,range,vel,-0.8171611879405324,69705.14542639612
X3-loose,20260955,range,pos,0.2693451793613293,992637.7139973412
X3-loose,20260955,range,vel,0.5768116026529482,992637.7139973412
X3-loose,20260955,range,pos,-0.7076457161876167,817078.5774328702
X3-loose,20260955,range,vel,-0.281770927410978,817078.5774328702
X3-loose,20260955,range,pos,-0.7701052327676109,780286.3114328863
X3-loose,20260955,range,vel,-1.1108108039766635,780286.3114328863
X3-loose,20260955,range,pos,0.49437068885478674,1491330.717098108
X3-loose,20260955,range,vel,-0.40899795450765886,1491330.717098108
X3-loose,20260955,inplane,pos,-0.06281544678435112,515527.76399677683
X3-loose,20260955,inplane,vel,1.386371978532734,515527.76399677683
X3-loose,20260955,inplane,pos,0.07518098399812184,90998.82964546239
X3-loose,20260955,inplane,vel,0.10523622479367487,90998.82964546239
X3-loose,20260955,inplane,pos,2.695003143249011,69705.14542639612
X3-loose,20260955,inplane,vel,-1.1854273109323565,69705.14542639612
X3-loose,20260955,inplane,pos,0.500070978096176,992637.7139973412
X3-loose,20260955,inplane,vel,0.4860724151772854,992637.7139973412
X3-loose,20260955,inplane,pos,-0.9580736344268123,817078.5774328702
X3-loose,20260955,inplane,vel,-0.3714010731007987,817078.5774328702
X3-loose,20260955,inplane,pos,-1.0256604930406334,780286.3114328863
X3-loose,20260955,inplane,vel,-0.8666941269635574,780286.3114328863
X3-loose,20260955,inplane,pos,0.06860343360341856,1491330.717098108
X3-loose,20260955,inplane,vel,0.6358618885551262,1491330.717098108
X3-loose,20260955,plane,pos,-0.397244858049673,515527.76399677683
X3-loose,20260955,plane,vel,0.5818811753442593,515527.76399677683
X3-loose,20260955,plane,pos,0.56314769089344,90998.82964546239
X3-loose,20260955,plane,vel,2.1315868231390844,90998.82964546239
X3-loose,20260955,plane,pos,-0.7343429609641012,69705.14542639612
X3-loose,20260955,plane,vel,-2.5815246664732134,69705.14542639612
X3-loose,20260955,plane,pos,-2.0463649428730473,992637.7139973412
X3-loose,20260955,plane,vel,-1.0740488510127448,992637.7139973412
X3-loose,20260955,plane,pos,-0.31386616537381024,817078.5774328702
X3-loose,20260955,plane,vel,-1.5646214130723954,817078.5774328702
X3-loose,20260955,plane,pos,-0.06908641036298213,780286.3114328863
X3-loose,20260955,plane,vel,-0.6367575666766406,780286.3114328863
X3-loose,20260955,plane,pos,-1.2748874998205755,1491330.717098108
X3-loose,20260955,plane,vel,0.16489939857662175,1491330.717098108
X3-loose,20260955,range,pos,-1.306836676774002,2744627.475690526
X3-loose,20260955,range,vel,-1.347302575519808,2744627.475690526
X3-loose,20260955,range,pos,1.8787424352579334,83081.09747841649
X3-loose,20260955,range,vel,1.198962672495023,83081.09747841649
X3-loose,20260955,range,pos,-1.8869323989979936,241242.13171449004
X3-loose,20260955,range,vel,1.9339882817328944,241242.13171449004
X3-loose,20260955,range,pos,2.314236643505898,4704364.106641432
X3-loose,20260955,range,vel,-1.6146310545033722,4704364.106641432
X3-loose,20260955,range,pos,1.3441203397548318,175770.00454120061
X3-loose,20260955,range,vel,1.9881901474310766,175770.00454120061
X3-loose,20260955,range,pos,1.1424576532280217,3879405.279508768
X3-loose,20260955,range,vel,-1.665720756151307,3879405.279508768
X3-loose,20260955,range,pos,-0.28328901352915176,191445.33154285117
X3-loose,20260955,range,vel,-0.5488145106378454,191445.33154285117
X3-loose,20260955,range,pos,-0.6448500573274828,13843004.17636228
X3-loose,20260955,range,vel,0.7242906213038717,13843004.17636228
X3-loose,20260955,inplane,pos,1.0593700832637591,2744627.475690526
X3-loose,20260955,inplane,vel,-1.2831216352687116,2744627.475690526
X3-loose,20260955,inplane,pos,0.6656065100164922,83081.09747841649
X3-loose,20260955,inplane,vel,1.4460546962494571,83081.09747841649
X3-loose,20260955,inplane,pos,0.0701058773335587,241242.13171449004
X3-loose,20260955,inplane,vel,-1.9126623291743523,241242.13171449004
X3-loose,20260955,inplane,pos,2.102263085246138,4704364.106641432
X3-loose,20260955,inplane,vel,2.2315993996377514,4704364.106641432
X3-loose,20260955,inplane,pos,-1.5255193204781645,175770.00454120061
X3-loose,20260955,inplane,vel,-0.048240799952379274,175770.00454120061
X3-loose,20260955,inplane,pos,0.4554401217574621,3879405.279508768
X3-loose,20260955,inplane,vel,1.3954536221748934,3879405.279508768
X3-loose,20260955,inplane,pos,-1.2658761098740798,191445.33154285117
X3-loose,20260955,inplane,vel,-0.6994523775674893,191445.33154285117
X3-loose,20260955,inplane,pos,-0.9671018435907022,13843004.17636228
X3-loose,20260955,inplane,vel,1.6264384126378517,13843004.17636228
X3-loose,20260955,plane,pos,1.4766915987633753,2744627.475690526
X3-loose,20260955,plane,vel,0.0823480762830725,2744627.475690526
X3-loose,20260955,plane,pos,0.2724764161649184,83081.09747841649
X3-loose,20260955,plane,vel,0.2159311710680547,83081.09747841649
X3-loose,20260955,plane,pos,-0.7026685013017253,241242.13171449004
X3-loose,20260955,plane,vel,1.262422297462425,241242.13171449004
X3-loose,20260955,plane,pos,-0.7087510114354058,4704364.106641432
X3-loose,20260955,plane,vel,0.2869382755793435,4704364.106641432
X3-loose,20260955,plane,pos,-1.2653944299126751,175770.00454120061
X3-loose,20260955,plane,vel,-0.8571260877809019,175770.00454120061
X3-loose,20260955,plane,pos,0.12030979374795817,3879405.279508768
X3-loose,20260955,plane,vel,-1.193358167738262,3879405.279508768
X3-loose,20260955,plane,pos,-0.9492340574906858,191445.33154285117
X3-loose,20260955,plane,vel,-0.21689324209083757,191445.33154285117
X3-loose,20260955,plane,pos,-0.14217436877181638,13843004.17636228
X3-loose,20260955,plane,vel,1.8918929901520196,13843004.17636228
X3-loose,20260955,range,pos,-0.3878008025142868,114679.8566489774
X3-loose,20260955,range,vel,0.4503116547587189,114679.8566489774
X3-loose,20260955,range,pos,0.4798394758021998,10289433.383355541
X3-loose,20260955,range,vel,0.2260075547644448,10289433.383355541
X3-loose,20260955,range,pos,-2.3458307486137295,154079.97160471076
X3-loose,20260955,range,vel,0.49518605827491136,154079.97160471076
X3-loose,20260955,range,pos,-1.8040754810593906,1316139.6988900264
X3-loose,20260955,range,vel,0.9544238807998051,1316139.6988900264
X3-loose,20260955,range,pos,-0.153565564068296,48999.63295102776
X3-loose,20260955,range,vel,-0.1867213623047276,48999.63295102776
X3-loose,20260955,range,pos,0.25235788089209965,15293.242479281367
X3-loose,20260955,range,vel,0.6866598161582025,15293.242479281367
X3-loose,20260955,range,pos,0.3493754811093492,4582578.133058519
X3-loose,20260955,range,vel,0.11005051013093861,4582578.133058519
X3-loose,20260955,range,pos,0.7768698994544163,218353.38861300677
X3-loose,20260955,range,vel,0.7463207831298566,218353.38861300677
X3-loose,20260955,inplane,pos,-0.04922566043381405,114679.8566489774
X3-loose,20260955,inplane,vel,-0.38995978927131925,114679.8566489774
X3-loose,20260955,inplane,pos,-0.7181912082462153,10289433.383355541
X3-loose,20260955,inplane,vel,0.39553343244525235,10289433.383355541
X3-loose,20260955,inplane,pos,-0.5894287362655133,154079.97160471076
X3-loose,20260955,inplane,vel,-2.0021661480296244,154079.97160471076
X3-loose,20260955,inplane,pos,-0.38268589891984595,1316139.6988900264
X3-loose,20260955,inplane,vel,-1.65350151299701,1316139.6988900264
X3-loose,20260955,inplane,pos,-0.375424097837466,48999.63295102776
X3-loose,20260955,inplane,vel,-0.2898409301760753,48999.63295102776
X3-loose,20260955,inplane,pos,1.0203627994300999,15293.242479281367
X3-loose,20260955,inplane,vel,0.22070640821633708,15293.242479281367
X3-loose,20260955,inplane,pos,0.48242379970226956,4582578.133058519
X3-loose,20260955,inplane,vel,0.12715823347221664,4582578.133058519
X3-loose,20260955,inplane,pos,0.8460702440180844,218353.38861300677
X3-loose,20260955,inplane,vel,-0.05332001302221648,218353.38861300677
X3-loose,20260955,plane,pos,-0.10024313838851684,114679.8566489774
X3-loose,20260955,plane,vel,2.1312435892433284,114679.8566489774
X3-loose,20260955,plane,pos,-0.7302320170797623,10289433.383355541
X3-loose,20260955,plane,vel,-2.088962810104355,10289433.383355541
X3-loose,20260955,plane,pos,2.3011367376957,154079.97160471076
X3-loose,20260955,plane,vel,2.0297659153803305,154079.97160471076
X3-loose,20260955,plane,pos,-0.8964576851220024,1316139.6988900264
X3-loose,20260955,plane,vel,0.6609070198934549,1316139.6988900264
X3-loose,20260955,plane,pos,0.3135779860795973,48999.63295102776
X3-loose,20260955,plane,vel,-0.27298273173037735,48999.63295102776
X3-loose,20260955,plane,pos,0.7247932674108293,15293.242479281367
X3-loose,20260955,plane,vel,-0.6941884900767995,15293.242479281367
X3-loose,20260955,plane,pos,-0.6800375028367244,4582578.133058519
X3-loose,20260955,plane,vel,-0.3239666006395256,4582578.133058519
X3-loose,20260955,plane,pos,-0.9632496317654884,218353.38861300677
X3-loose,20260955,plane,vel,0.18948711211464048,218353.38861300677
X3-loose,20260962,range,pos,-0.14490032554704907,148549.27263819848
X3-loose,20260962,range,vel,-0.11524117266281943,148549.27263819848
X3-loose,20260962,range,pos,-0.7079598549546088,317650.6809959111
X3-loose,20260962,range,vel,-0.8657005764362303,317650.6809959111
X3-loose,20260962,range,pos,-2.5353772640846945,52812.633297471795
X3-loose,20260962,range,vel,2.649928671985638,52812.633297471795
X3-loose,20260962,range,pos,-0.6451437584177656,288084.74287018884
X3-loose,20260962,range,vel,-0.7506586786168777,288084.74287018884
X3-loose,20260962,range,pos,0.9330897744520898,65996.618097317
X3-loose,20260962,range,vel,1.0734740911446234,65996.618097317
X3-loose,20260962,range,pos,-0.5648869316940743,114515.37164420691
X3-loose,20260962,range,vel,0.12702619648236016,114515.37164420691
X3-loose,20260962,range,pos,-0.35058189930141354,122173.52792410764
X3-loose,20260962,range,vel,0.30173510490709693,122173.52792410764
X3-loose,20260962,range,pos,-0.010169718919678503,56480.30772755108
X3-loose,20260962,range,vel,0.7565237000114159,56480.30772755108
X3-loose,20260962,inplane,pos,-0.7980666019129247,148549.27263819848
X3-loose,20260962,inplane,vel,-0.567146183691339,148549.27263819848
X3-loose,20260962,inplane,pos,-1.3695011995366997,317650.6809959111
X3-loose,20260962,inplane,vel,-0.6778985512406255,317650.6809959111
X3-loose,20260962,inplane,pos,0.8119270803604768,52812.633297471795
X3-loose,20260962,inplane,vel,-2.1513760969034417,52812.633297471795
X3-loose,20260962,inplane,pos,-0.0419945574152114,288084.74287018884
X3-loose,20260962,inplane,vel,0.4000501721590676,288084.74287018884
X3-loose,20260962,inplane,pos,-0.061250965905195395,65996.618097317
X3-loose,20260962,inplane,vel,1.206055934267548,65996.618097317
X3-loose,20260962,inplane,pos,0.26423379411690545,114515.37164420691
X3-loose,20260962,inplane,vel,-0.3406532176837248,114515.37164420691
X3-loose,20260962,inplane,pos,-0.01929920837473917,122173.52792410764
X3-loose,20260962,inplane,vel,-0.33919094604918476,122173.52792410764
X3-loose,20260962,inplane,pos,-0.7406915669574632,56480.30772755108
X3-loose,20260962,inplane,vel,-0.41714182177384856,56480.30772755108
X3-loose,20260962,plane,pos,-0.17475044046234123,148549.27263819848
X3-loose,20260962,plane,vel,0.10309926811293647,148549.27263819848
X3-loose,20260962,plane,pos,-0.6174589839674725,317650.6809959111
X3-loose,20260962,plane,vel,-0.09703484929679759,317650.6809959111
X3-loose,20260962,plane,pos,-0.2124728676987414,52812.633297471795
X3-loose,20260962,plane,vel,2.6064251696370997,52812.633297471795
X3-loose,20260962,plane,pos,-0.10497638693601812,288084.74287018884
X3-loose,20260962,plane,vel,-0.8377800330960359,288084.74287018884
X3-loose,20260962,plane,pos,-1.8698636140976386,65996.618097317
X3-loose,20260962,plane,vel,-1.111299783285321,65996.618097317
X3-loose,20260962,plane,pos,0.3889111950250849,114515.37164420691
X3-loose,20260962,plane,vel,-0.44509797899823006,114515.37164420691
X3-loose,20260962,plane,pos,0.12450855622107845,122173.52792410764
X3-loose,20260962,plane,vel,2.004507724514878,122173.52792410764
X3-loose,20260962,plane,pos,1.3069409213401817,56480.30772755108
X3-loose,20260962,plane,vel,1.1931461484738237,56480.30772755108
X3-loose,20260962,range,pos,1.764082125541357,982496.8854208803
X3-loose,20260962,range,vel,-1.0023917474518935,982496.8854208803
X3-loose,20260962,range,pos,1.5234916689472833,13840989.42617774
X3-loose,20260962,range,vel,1.8437771730262893,13840989.42617774
X3-loose,20260962,range,pos,-0.5847236164713034,1861765.2748824945
X3-loose,20260962,range,vel,-0.15714695198830103,1861765.2748824945
X3-loose,20260962,range,pos,-0.48393577513446934,326763.814044578
X3-loose,20260962,range,vel,0.4372921108713592,326763.814044578
X3-loose,20260962,range,pos,-0.6340035365300223,3132050.165534664
X3-loose,20260962,range,vel,-0.05319525844882867,3132050.165534664
X3-loose,20260962,range,pos,-0.28258160174227964,13150555.803768547
X3-loose,20260962,range,vel,-1.1792410663620414,13150555.803768547
X3-loose,20260962,range,pos,-0.40804020331155405,70075.8373790877
X3-loose,20260962,range,vel,1.2045585197114024,70075.8373790877
X3-loose,20260962,inplane,pos,0.8427957624489381,982496.8854208803
X3-loose,20260962,inplane,vel,1.8268861835239834,982496.8854208803
X3-loose,20260962,inplane,pos,-1.9189135459697895,13840989.42617774
X3-loose,20260962,inplane,vel,-1.3803775530172884,13840989.42617774
X3-loose,20260962,inplane,pos,1.0741050420166791,1861765.2748824945
X3-loose,20260962,inplane,vel,-0.582071945569094,1861765.2748824945
X3-loose,20260962,inplane,pos,-0.6158860942479256,326763.814044578
X3-loose,20260962,inplane,vel,-0.5087562113124263,326763.814044578
X3-loose,20260962,inplane,pos,-0.8034089313443629,3132050.165534664
X3-loose,20260962,inplane,vel,-0.4848253868682859,3132050.165534664
X3-loose,20260962,inplane,pos,1.2484142553852802,13150555.803768547
X3-loose,20260962,inplane,vel,1.882597635171002,13150555.803768547
X3-loose,20260962,inplane,pos,0.5322359852045003,70075.8373790877
X3-loose,20260962,inplane,vel,-0.5597291675131193,70075.8373790877
X3-loose,20260962,plane,pos,0.20783782460858174,982496.8854208803
X3-loose,20260962,plane,vel,0.1892481527704653,982496.8854208803
X3-loose,20260962,plane,pos,-0.01832977023939272,13840989.42617774
X3-loose,20260962,plane,vel,-1.100816961954784,13840989.42617774
X3-loose,20260962,plane,pos,-0.9970615198085416,1861765.2748824945
X3-loose,20260962,plane,vel,0.6013720272515845,1861765.2748824945
X3-loose,20260962,plane,pos,1.377395412025683,326763.814044578
X3-loose,20260962,plane,vel,0.2905845396523317,326763.814044578
X3-loose,20260962,plane,pos,0.23110919478768047,3132050.165534664
X3-loose,20260962,plane,vel,-2.1668535279921044,3132050.165534664
X3-loose,20260962,plane,pos,1.6463861495140428,13150555.803768547
X3-loose,20260962,plane,vel,0.2641909212495818,13150555.803768547
X3-loose,20260962,plane,pos,-0.5882135612422706,70075.8373790877
X3-loose,20260962,plane,vel,-0.7414600315134346,70075.8373790877
X3-loose,20260962,range,pos,0.7850290102303944,5634713.577186457
X3-loose,20260962,range,vel,-0.987825027483416,5634713.577186457
X3-loose,20260962,range,pos,0.9601748906620339,95899.10621719288
X3-loose,20260962,range,vel,0.6500185445780172,95899.10621719288
X3-loose,20260962,range,pos,-0.02842926864592739,6007445.216227879
X3-loose,20260962,range,vel,-0.4269672326554589,6007445.216227879
X3-loose,20260962,range,pos,-0.20331173989379456,716643.0953850958
X3-loose,20260962,range,vel,1.0147496470137463,716643.0953850958
X3-loose,20260962,range,pos,-0.9450246343420062,540758.5675159674
X3-loose,20260962,range,vel,0.9792963608079045,540758.5675159674
X3-loose,20260962,range,pos,0.05777865287383199,33680.590286918195
X3-loose,20260962,range,vel,0.4932994373586681,33680.590286918195
X3-loose,20260962,range,pos,-1.7963332689898084,140855.2688750599
X3-loose,20260962,range,vel,1.3752411859224374,140855.2688750599
X3-loose,20260962,range,pos,0.6694823613842703,433020.29621737037
X3-loose,20260962,range,vel,0.39894914276013277,433020.29621737037
X3-loose,20260962,inplane,pos,-0.24734654462852695,5634713.577186457
X3-loose,20260962,inplane,vel,-0.04657538084517169,5634713.577186457
X3-loose,20260962,inplane,pos,0.6982464797931532,95899.10621719288
X3-loose,20260962,inplane,vel,1.1128238014318548,95899.10621719288
X3-loose,20260962,inplane,pos,-0.7134441032284713,6007445.216227879
X3-loose,20260962,inplane,vel,0.37638177743509826,6007445.216227879
X3-loose,20260962,inplane,pos,0.8181522187390597,716643.0953850958
X3-loose,20260962,inplane,vel,-0.002083329803274947,716643.0953850958
X3-loose,20260962,inplane,pos,-0.8587275915480941,540758.5675159674
X3-loose,20260962,inplane,vel,-0.94503477206138,540758.5675159674
X3-loose,20260962,inplane,pos,-0.8499892767411852,33680.590286918195
X3-loose,20260962,inplane,vel,-0.7000719493000674,33680.590286918195
X3-loose,20260962,inplane,pos,-0.6798624780149772,140855.2688750599
X3-loose,20260962,inplane,vel,-1.815854161798074,140855.2688750599
X3-loose,20260962,inplane,pos,0.9545541154723229,433020.29621737037
X3-loose,20260962,inplane,vel,0.7989120401803486,433020.29621737037
X3-loose,20260962,plane,pos,-0.7852332569055855,5634713.577186457
X3-loose,20260962,plane,vel,-0.25065981047893865,5634713.577186457
X3-loose,20260962,plane,pos,0.6854722560829474,95899.10621719288
X3-loose,20260962,plane,vel,-0.18143942752259132,95899.10621719288
X3-loose,20260962,plane,pos,0.003614100150134306,6007445.216227879
X3-loose,20260962,plane,vel,-0.3162072665815029,6007445.216227879
X3-loose,20260962,plane,pos,-0.1550374743398425,716643.0953850958
X3-loose,20260962,plane,vel,1.7689410007234594,716643.0953850958
X3-loose,20260962,plane,pos,0.970902807935617,540758.5675159674
X3-loose,20260962,plane,vel,-2.44416665034422,540758.5675159674
X3-loose,20260962,plane,pos,-0.921178298084654,33680.590286918195
X3-loose,20260962,plane,vel,-0.153430187392278,33680.590286918195
X3-loose,20260962,plane,pos,-0.4040202113484252,140855.2688750599
X3-loose,20260962,plane,vel,0.034541974099005265,140855.2688750599
X3-loose,20260962,plane,pos,-0.4835214425323946,433020.29621737037
X3-loose,20260962,plane,vel,-0.9602763251253232,433020.29621737037
X3-loose,20260962,range,pos,-0.07203000009910537,234411.25100038145
X3-loose,20260962,range,vel,0.25690096207286006,234411.25100038145
X3-loose,20260962,range,pos,0.9965742587037261,128479.47757100101
X3-loose,20260962,range,vel,-0.15593254127720577,128479.47757100101
X3-loose,20260962,range,pos,-0.5164234113315461,10874685.001713498
X3-loose,20260962,range,vel,0.22401240714303658,10874685.001713498
X3-loose,20260962,range,pos,0.9549538548172174,7192503.449625126
X3-loose,20260962,range,vel,-1.388516262740976,7192503.449625126
X3-loose,20260962,range,pos,0.7733743369129412,2663083.784266746
X3-loose,20260962,range,vel,-0.7264842470658401,2663083.784266746
X3-loose,20260962,range,pos,-0.8300282870755855,842991.7588443428
X3-loose,20260962,range,vel,-1.2356695997393035,842991.7588443428
X3-loose,20260962,range,pos,0.03656959890288958,55423.5207565065
X3-loose,20260962,range,vel,0.0987527252851136,55423.5207565065
X3-loose,20260962,range,pos,0.4139712056928242,780067.5795555952
X3-loose,20260962,range,vel,0.9950799630657505,780067.5795555952
X3-loose,20260962,inplane,pos,0.2200386783293413,234411.25100038145
X3-loose,20260962,inplane,vel,0.08947381934012325,234411.25100038145
X3-loose,20260962,inplane,pos,-0.9601847026688275,128479.47757100101
X3-loose,20260962,inplane,vel,-0.9997690921122917,128479.47757100101
X3-loose,20260962,inplane,pos,-0.721970384511113,10874685.001713498
X3-loose,20260962,inplane,vel,-0.4773711432918039,10874685.001713498
X3-loose,20260962,inplane,pos,0.7120062830490288,7192503.449625126
X3-loose,20260962,inplane,vel,1.0559509511072995,7192503.449625126
X3-loose,20260962,inplane,pos,0.08538452835141404,2663083.784266746
X3-loose,20260962,inplane,vel,0.850601708806079,2663083.784266746
X3-loose,20260962,inplane,pos,-1.075000194144744,842991.7588443428
X3-loose,20260962,inplane,vel,-0.6775864324409675,842991.7588443428
X3-loose,20260962,inplane,pos,1.7777538490502993,55423.5207565065
X3-loose,20260962,inplane,vel,-0.22065834438334334,55423.5207565065
X3-loose,20260962,inplane,pos,1.1906965646279792,780067.5795555952
X3-loose,20260962,inplane,vel,0.5906859617513036,780067.5795555952
X3-loose,20260962,plane,pos,0.5351898383796478,234411.25100038145
X3-loose,20260962,plane,vel,-0.5033417232800352,234411.25100038145
X3-loose,20260962,plane,pos,0.19044709901016038,128479.47757100101
X3-loose,20260962,plane,vel,-0.4464210930425887,128479.47757100101
X3-loose,20260962,plane,pos,0.619033361668298,10874685.001713498
X3-loose,20260962,plane,vel,-0.5133687058807002,10874685.001713498
X3-loose,20260962,plane,pos,1.310757881201212,7192503.449625126
X3-loose,20260962,plane,vel,-0.24090423322239482,7192503.449625126
X3-loose,20260962,plane,pos,-0.10226009646976718,2663083.784266746
X3-loose,20260962,plane,vel,-0.4810430884047096,2663083.784266746
X3-loose,20260962,plane,pos,-0.3832098491121885,842991.7588443428
X3-loose,20260962,plane,vel,0.29059901415896966,842991.7588443428
X3-loose,20260962,plane,pos,0.4646100380219014,55423.5207565065
X3-loose,20260962,plane,vel,1.2479382377433843,55423.5207565065
X3-loose,20260962,plane,pos,0.289645269000988,780067.5795555952
X3-loose,20260962,plane,vel,-2.236003891900196,780067.5795555952
X3-loose,20260962,range,pos,-1.2978082059145761,274135.79878376727
X3-loose,20260962,range,vel,-2.0759413918341147,274135.79878376727
X3-loose,20260962,range,pos,-0.9594368012742,8327571.0931459665
X3-loose,20260962,range,vel,-0.9275941132448343,8327571.0931459665
X3-loose,20260962,range,pos,-0.8846294372345148,123194.93242282531
X3-loose,20260962,range,vel,1.0406438541077336,123194.93242282531
X3-loose,20260962,range,pos,-0.2032539314705745,164224.30319760425
X3-loose,20260962,range,vel,0.4395438777506378,164224.30319760425
X3-loose,20260962,range,pos,0.4521732021296498,125224.50228936518
X3-loose,20260962,range,vel,0.6259772174030884,125224.50228936518
X3-loose,20260962,range,pos,0.25913943896984815,12998752.074634688
X3-loose,20260962,range,vel,-0.4580106030635767,12998752.074634688
X3-loose,20260962,range,pos,1.59464815363887,658597.1930747482
X3-loose,20260962,range,vel,0.14334751348955496,658597.1930747482
X3-loose,20260962,inplane,pos,-2.129641774562964,274135.79878376727
X3-loose,20260962,inplane,vel,-1.7991176738800378,274135.79878376727
X3-loose,20260962,inplane,pos,0.5077576239997756,8327571.0931459665
X3-loose,20260962,inplane,vel,-0.47759262681853254,8327571.0931459665
X3-loose,20260962,inplane,pos,0.16902773560790846,123194.93242282531
X3-loose,20260962,inplane,vel,0.1568257398756303,123194.93242282531
X3-loose,20260962,inplane,pos,0.9177084309142086,164224.30319760425
X3-loose,20260962,inplane,vel,-0.001341142733562298,164224.30319760425
X3-loose,20260962,inplane,pos,0.594315125247592,125224.50228936518
X3-loose,20260962,inplane,vel,0.530025099920752,125224.50228936518
X3-loose,20260962,inplane,pos,0.586055132974627,12998752.074634688
X3-loose,20260962,inplane,vel,-1.0712167522605374,12998752.074634688
X3-loose,20260962,inplane,pos,0.7571555744037907,658597.1930747482
X3-loose,20260962,inplane,vel,1.7564421667552377,658597.1930747482
X3-loose,20260962,plane,pos,1.332493013397298,274135.79878376727
X3-loose,20260962,plane,vel,1.1127706831623174,274135.79878376727
X3-loose,20260962,plane,pos,-0.5018932439482585,8327571.0931459665
X3-loose,20260962,plane,vel,-0.5094512340554724,8327571.0931459665
X3-loose,20260962,plane,pos,0.8465465006416146,123194.93242282531
X3-loose,20260962,plane,vel,-0.1279420818035405,123194.93242282531
X3-loose,20260962,plane,pos,-1.839537331996475,164224.30319760425
X3-loose,20260962,plane,vel,-0.6551982217459883,164224.30319760425
X3-loose,20260962,plane,pos,-0.8558409435009348,125224.50228936518
X3-loose,20260962,plane,vel,0.58348994543266,125224.50228936518
X3-loose,20260962,plane,pos,-0.2061085305755586,12998752.074634688
X3-loose,20260962,plane,vel,1.520254026809538,12998752.074634688
X3-loose,20260962,plane,pos,-1.3353078437864632,658597.1930747482
X3-loose,20260962,plane,vel,-0.2695743929407637,658597.1930747482
X3-loose,20260962,range,pos,-0.09679543626280693,218651.85821544248
X3-loose,20260962,range,vel,0.47487411505704935,218651.85821544248
X3-loose,20260962,range,pos,-0.9136612181873565,1284873.5220385615
X3-loose,20260962,range,vel,0.3415667532882768,1284873.5220385615
X3-loose,20260962,range,pos,-0.8610126029242922,198339.0754586903
X3-loose,20260962,range,vel,-0.5709403293428644,198339.0754586903
X3-loose,20260962,range,pos,-0.7007184347241882,176973.275369832
X3-loose,20260962,range,vel,-1.0993441088195515,176973.275369832
X3-loose,20260962,range,pos,-2.661677297324321,90613.00985940546
X3-loose,20260962,range,vel,-0.887634389928611,90613.00985940546
X3-loose,20260962,range,pos,0.10866570171392487,231348.19801059703
X3-loose,20260962,range,vel,-0.14009446673369136,231348.19801059703
X3-loose,20260962,range,pos,1.201721477514375,514959.72125529917
X3-loose,20260962,range,vel,-0.19100094319425923,514959.72125529917
X3-loose,20260962,inplane,pos,0.29931787654623865,218651.85821544248
X3-loose,20260962,inplane,vel,-0.1489514756872409,218651.85821544248
X3-loose,20260962,inplane,pos,-0.3751157735175512,1284873.5220385615
X3-loose,20260962,inplane,vel,-0.6015464372795796,1284873.5220385615
X3-loose,20260962,inplane,pos,1.0443317312675964,198339.0754586903
X3-loose,20260962,inplane,vel,-0.6799338956846519,198339.0754586903
X3-loose,20260962,inplane,pos,0.9476671795460384,176973.275369832
X3-loose,20260962,inplane,vel,0.45990755408137024,176973.275369832
X3-loose,20260962,inplane,pos,-1.3278151722147034,90613.00985940546
X3-loose,20260962,inplane,vel,-2.391470277007492,90613.00985940546
X3-loose,20260962,inplane,pos,-0.23011301218246405,231348.19801059703
X3-loose,20260962,inplane,vel,-0.2795983612182543,231348.19801059703
X3-loose,20260962,inplane,pos,-0.12341218750648447,514959.72125529917
X3-loose,20260962,inplane,vel,1.2443417042195681,514959.72125529917
X3-loose,20260962,plane,pos,0.4354380250773685,218651.85821544248
X3-loose,20260962,plane,vel,0.20205209761348528,218651.85821544248
X3-loose,20260962,plane,pos,-1.270798090230855,1284873.5220385615
X3-loose,20260962,plane,vel,0.752908233389493,1284873.5220385615
X3-loose,20260962,plane,pos,-0.7188092257826856,198339.0754586903
X3-loose,20260962,plane,vel,0.8863845285314885,198339.0754586903
X3-loose,20260962,plane,pos,1.0202526928141844,176973.275369832
X3-loose,20260962,plane,vel,-0.19629228438453666,176973.275369832
X3-loose,20260962,plane,pos,-0.9727020334249724,90613.00985940546
X3-loose,20260962,plane,vel,2.3103777469848956,90613.00985940546
X3-loose,20260962,plane,pos,1.8903338225528696,231348.19801059703
X3-loose,20260962,plane,vel,1.7348435824755675,231348.19801059703
X3-loose,20260962,plane,pos,-2.102142979317946,514959.72125529917
X3-loose,20260962,plane,vel,-0.2007033495055882,514959.72125529917
X3-loose,20260969,range,pos,-2.7888905466396383,252234.74429269243
X3-loose,20260969,range,vel,-0.40472559336131675,252234.74429269243
X3-loose,20260969,range,pos,-0.8688009289996775,252749.7906319435
X3-loose,20260969,range,vel,0.19401898192844033,252749.7906319435
X3-loose,20260969,range,pos,-0.7608309733849629,125108.91887393742
X3-loose,20260969,range,vel,0.42052220337184604,125108.91887393742
X3-loose,20260969,range,pos,0.41101242444491287,81984.95893295929
X3-loose,20260969,range,vel,-1.2047115295864848,81984.95893295929
X3-loose,20260969,range,pos,-1.8027720029483942,201168.95042656898
X3-loose,20260969,range,vel,0.7412698831873451,201168.95042656898
X3-loose,20260969,range,pos,-0.32294517799128536,167350.0372349266
X3-loose,20260969,range,vel,-0.5333588619874,167350.0372349266
X3-loose,20260969,range,pos,-1.052487429945958,66421.92621886848
X3-loose,20260969,range,vel,-2.2768527945619597,66421.92621886848
X3-loose,20260969,range,pos,-1.6338474531137184,246160.41195426905
X3-loose,20260969,range,vel,1.3778152009152738,246160.41195426905
X3-loose,20260969,inplane,pos,-0.6640382642030044,252234.74429269243
X3-loose,20260969,inplane,vel,-2.744749082048897,252234.74429269243
X3-loose,20260969,inplane,pos,-1.4364448312717735,252749.7906319435
X3-loose,20260969,inplane,vel,-1.3180078241987976,252749.7906319435
X3-loose,20260969,inplane,pos,-0.5478394566637873,125108.91887393742
X3-loose,20260969,inplane,vel,-0.7899421768248903,125108.91887393742
X3-loose,20260969,inplane,pos,-1.5641603524742147,81984.95893295929
X3-loose,20260969,inplane,vel,-0.5308927997064147,81984.95893295929
X3-loose,20260969,inplane,pos,-0.550106785624408,201168.95042656898
X3-loose,20260969,inplane,vel,-1.193243458581128,201168.95042656898
X3-loose,20260969,inplane,pos,1.6800539736215494,167350.0372349266
X3-loose,20260969,inplane,vel,1.675175208146264,167350.0372349266
X3-loose,20260969,inplane,pos,-1.6279195952336125,66421.92621886848
X3-loose,20260969,inplane,vel,-1.131775520787762,66421.92621886848
X3-loose,20260969,inplane,pos,-0.5687378268722467,246160.41195426905
X3-loose,20260969,inplane,vel,-1.0371050199495053,246160.41195426905
X3-loose,20260969,plane,pos,0.23743464891527466,252234.74429269243
X3-loose,20260969,plane,vel,-0.6524445693661073,252234.74429269243
X3-loose,20260969,plane,pos,-0.16855854781120494,252749.7906319435
X3-loose,20260969,plane,vel,0.1838582689139733,252749.7906319435
X3-loose,20260969,plane,pos,0.5418543210615736,125108.91887393742
X3-loose,20260969,plane,vel,-0.7056665924281833,125108.91887393742
X3-loose,20260969,plane,pos,0.24591203224115749,81984.95893295929
X3-loose,20260969,plane,vel,0.6925695867845773,81984.95893295929
X3-loose,20260969,plane,pos,0.0951318048979669,201168.95042656898
X3-loose,20260969,plane,vel,0.48469914769733063,201168.95042656898
X3-loose,20260969,plane,pos,-0.8811585448587874,167350.0372349266
X3-loose,20260969,plane,vel,0.962765569338643,167350.0372349266
X3-loose,20260969,plane,pos,1.997341908297718,66421.92621886848
X3-loose,20260969,plane,vel,-0.06680673257273191,66421.92621886848
X3-loose,20260969,plane,pos,-1.099897926625446,246160.41195426905
X3-loose,20260969,plane,vel,-0.5942789389685375,246160.41195426905
X3-loose,20260969,range,pos,0.6645633202137333,216580.57026910136
X3-loose,20260969,range,vel,1.2231447543404916,216580.57026910136
X3-loose,20260969,range,pos,-0.534776128668076,73919.41882524767
X3-loose,20260969,range,vel,-0.287816893987954,73919.41882524767
X3-loose,20260969,range,pos,0.555939241555574,2698813.830066515
X3-loose,20260969,range,vel,-0.5608516304995131,2698813.830066515
X3-loose,20260969,range,pos,1.486700418467157,944160.3787223982
X3-loose,20260969,range,vel,-1.2658326677400549,944160.3787223982
X3-loose,20260969,range,pos,0.41721875158600197,195894.159777235
X3-loose,20260969,range,vel,-0.3561118830769219,195894.159777235
X3-loose,20260969,range,pos,-0.1762057432129322,1814160.9172696234
X3-loose,20260969,range,vel,1.3669741913230329,1814160.9172696234
X3-loose,20260969,range,pos,-0.37870225598596025,1255697.4909549756
X3-loose,20260969,range,vel,0.038823653111855684,1255697.4909549756
X3-loose,20260969,range,pos,-0.645186348569349,11660847.923822572
X3-loose,20260969,range,vel,1.1832073051951977,11660847.923822572
X3-loose,20260969,inplane,pos,0.8375724749137949,216580.57026910136
X3-loose,20260969,inplane,vel,0.7035122035708942,216580.57026910136
X3-loose,20260969,inplane,pos,-1.0389811965222986,73919.41882524767
X3-loose,20260969,inplane,vel,-0.17948625882371416,73919.41882524767
X3-loose,20260969,inplane,pos,0.5699254386791252,2698813.830066515
X3-loose,20260969,inplane,vel,0.5671300662945745,2698813.830066515
X3-loose,20260969,inplane,pos,0.7398963067105624,944160.3787223982
X3-loose,20260969,inplane,vel,1.51860817322682,944160.3787223982
X3-loose,20260969,inplane,pos,-1.2930880037895263,195894.159777235
X3-loose,20260969,inplane,vel,-0.8455968727724594,195894.159777235
X3-loose,20260969,inplane,pos,1.2532613066978566,1814160.9172696234
X3-loose,20260969,inplane,vel,-0.21837023131177377,1814160.9172696234
X3-loose,20260969,inplane,pos,-0.5208845851189869,1255697.4909549756
X3-loose,20260969,inplane,vel,-0.4109677431901266,1255697.4909549756
X3-loose,20260969,inplane,pos,-1.7244135341541271,11660847.923822572
X3-loose,20260969,inplane,vel,-2.0303750921981365,11660847.923822572
X3-loose,20260969,plane,pos,0.770020062462197,216580.57026910136
X3-loose,20260969,plane,vel,1.5260711670578224,216580.57026910136
X3-loose,20260969,plane,pos,-1.5258181803229778,73919.41882524767
X3-loose,20260969,plane,vel,0.5751438059396095,73919.41882524767
X3-loose,20260969,plane,pos,-1.6710375657110925,2698813.830066515
X3-loose,20260969,plane,vel,0.9794749312792664,2698813.830066515
X3-loose,20260969,plane,pos,-1.4644672193771815,944160.3787223982
X3-loose,20260969,plane,vel,-0.03453228386472954,944160.3787223982
X3-loose,20260969,plane,pos,1.237632752483127,195894.159777235
X3-loose,20260969,plane,vel,1.646831160744974,195894.159777235
X3-loose,20260969,plane,pos,0.49792737668365517,1814160.9172696234
X3-loose,20260969,plane,vel,-1.3347405923518914,1814160.9172696234
X3-loose,20260969,plane,pos,-1.9105567481420227,1255697.4909549756
X3-loose,20260969,plane,vel,-1.0329062824968411,1255697.4909549756
X3-loose,20260969,plane,pos,-0.32812292802127335,11660847.923822572
X3-loose,20260969,plane,vel,-0.5366396199389432,11660847.923822572
X3-loose,20260969,range,pos,1.5685071269567334,963465.2702117392
X3-loose,20260969,range,vel,-2.4538649455464094,963465.2702117392
X3-loose,20260969,range,pos,-1.4497000119486976,1923045.069031576
X3-loose,20260969,range,vel,1.7701903776188594,1923045.069031576
X3-loose,20260969,range,pos,-1.6136066774040136,123430.68455176489
X3-loose,20260969,range,vel,-0.6852950522560433,123430.68455176489
X3-loose,20260969,range,pos,-1.6378193866739126,259194.47144592824
X3-loose,20260969,range,vel,-1.4341486217701296,259194.47144592824
X3-loose,20260969,range,pos,-0.9617259615632919,1285503.498110464
X3-loose,20260969,range,vel,1.9060613272097502,1285503.498110464
X3-loose,20260969,range,pos,1.2629545484702014,278412.78809425654
X3-loose,20260969,range,vel,1.3162138293358376,278412.78809425654
X3-loose,20260969,range,pos,-0.7234484519611933,111367.5746756056
X3-loose,20260969,range,vel,-0.7598951205254566,111367.5746756056
X3-loose,20260969,range,pos,1.1155647889317089,148568.7096673247
X3-loose,20260969,range,vel,-1.6379968923881518,148568.7096673247
X3-loose,20260969,inplane,pos,-1.3018380177635078,963465.2702117392
X3-loose,20260969,inplane,vel,1.5447217213101065,963465.2702117392
X3-loose,20260969,inplane,pos,0.28368493137200157,1923045.069031576
X3-loose,20260969,inplane,vel,-1.3053081645909748,1923045.069031576
X3-loose,20260969,inplane,pos,-0.8190864983539562,123430.68455176489
X3-loose,20260969,inplane,vel,-1.230459752630912,123430.68455176489
X3-loose,20260969,inplane,pos,-0.6743721169757547,259194.47144592824
X3-loose,20260969,inplane,vel,-1.6618181814783477,259194.47144592824
X3-loose,20260969,inplane,pos,1.1352190439725705,1285503.498110464
X3-loose,20260969,inplane,vel,-0.8605981951994102,1285503.498110464
X3-loose,20260969,inplane,pos,1.0431235756541397,278412.78809425654
X3-loose,20260969,inplane,vel,1.096462522449692,278412.78809425654
X3-loose,20260969,inplane,pos,-0.5492146056838173,111367.5746756056
X3-loose,20260969,inplane,vel,-0.7966878781682862,111367.5746756056
X3-loose,20260969,inplane,pos,-1.4165779832439158,148568.7096673247
X3-loose,20260969,inplane,vel,0.5208547574641782,148568.7096673247
X3-loose,20260969,plane,pos,-0.020392525625635757,963465.2702117392
X3-loose,20260969,plane,vel,2.2249766838834706,963465.2702117392
X3-loose,20260969,plane,pos,-0.5148379839009163,1923045.069031576
X3-loose,20260969,plane,vel,0.6880508646696916,1923045.069031576
X3-loose,20260969,plane,pos,-0.8986350807280016,123430.68455176489
X3-loose,20260969,plane,vel,0.13520926708816644,123430.68455176489
X3-loose,20260969,plane,pos,0.18936169075051426,259194.47144592824
X3-loose,20260969,plane,vel,-0.37325959127462516,259194.47144592824
X3-loose,20260969,plane,pos,-0.6232158994640465,1285503.498110464
X3-loose,20260969,plane,vel,-0.007086075893793322,1285503.498110464
X3-loose,20260969,plane,pos,0.2229358680191908,278412.78809425654
X3-loose,20260969,plane,vel,0.9646546199902367,278412.78809425654
X3-loose,20260969,plane,pos,0.9842943528176845,111367.5746756056
X3-loose,20260969,plane,vel,-0.14328003286070712,111367.5746756056
X3-loose,20260969,plane,pos,-2.032878344155146,148568.7096673247
X3-loose,20260969,plane,vel,-0.03198826326429282,148568.7096673247
X3-loose,20260969,range,pos,0.6848582881241482,5439667.858290948
X3-loose,20260969,range,vel,0.8524918739599266,5439667.858290948
X3-loose,20260969,range,pos,1.3917221412537728,1701404.380651208
X3-loose,20260969,range,vel,-1.531765928762643,1701404.380651208
X3-loose,20260969,range,pos,-2.899923032439656,91638.57536739764
X3-loose,20260969,range,vel,2.093943170902663,91638.57536739764
X3-loose,20260969,range,pos,-0.7820534987503663,45660.7523825003
X3-loose,20260969,range,vel,0.8732533712967145,45660.7523825003
X3-loose,20260969,range,pos,-0.48181490970230123,2251994.6433213498
X3-loose,20260969,range,vel,1.3356205400430783,2251994.6433213498
X3-loose,20260969,range,pos,0.9388713951130029,500257.90523041214
X3-loose,20260969,range,vel,-0.1839050775874965,500257.90523041214
X3-loose,20260969,range,pos,0.5208798473187181,519698.94825571193
X3-loose,20260969,range,vel,-0.04656090023187525,519698.94825571193
X3-loose,20260969,inplane,pos,-0.2541798093393154,5439667.858290948
X3-loose,20260969,inplane,vel,0.692510579580802,5439667.858290948
X3-loose,20260969,inplane,pos,-0.1563335540891216,1701404.380651208
X3-loose,20260969,inplane,vel,1.3436087420831315,1701404.380651208
X3-loose,20260969,inplane,pos,-1.057436998766032,91638.57536739764
X3-loose,20260969,inplane,vel,-2.2645382922118418,91638.57536739764
X3-loose,20260969,inplane,pos,-0.1423982243258509,45660.7523825003
X3-loose,20260969,inplane,vel,-0.5420559255316373,45660.7523825003
X3-loose,20260969,inplane,pos,0.4127444677671613,2251994.6433213498
X3-loose,20260969,inplane,vel,-0.5896013295120393,2251994.6433213498
X3-loose,20260969,inplane,pos,0.20731838446571624,500257.90523041214
X3-loose,20260969,inplane,vel,-0.7550331232612243,500257.90523041214
X3-loose,20260969,inplane,pos,0.11655592165985534,519698.94825571193
X3-loose,20260969,inplane,vel,0.6887360470494203,519698.94825571193
X3-loose,20260969,plane,pos,0.4447592605628353,5439667.858290948
X3-loose,20260969,plane,vel,-0.6524545591685464,5439667.858290948
X3-loose,20260969,plane,pos,0.11339987933756913,1701404.380651208
X3-loose,20260969,plane,vel,-1.6816286232838822,1701404.380651208
X3-loose,20260969,plane,pos,-0.3072147354859178,91638.57536739764
X3-loose,20260969,plane,vel,-0.22337528027812306,91638.57536739764
X3-loose,20260969,plane,pos,-0.005753172896928836,45660.7523825003
X3-loose,20260969,plane,vel,-0.38066418453337825,45660.7523825003
X3-loose,20260969,plane,pos,-1.5993647425393038,2251994.6433213498
X3-loose,20260969,plane,vel,-0.44140476143244084,2251994.6433213498
X3-loose,20260969,plane,pos,-0.20250064101262044,500257.90523041214
X3-loose,20260969,plane,vel,-0.7810383700735692,500257.90523041214
X3-loose,20260969,plane,pos,0.7252702185960562,519698.94825571193
X3-loose,20260969,plane,vel,-1.2908112180592644,519698.94825571193
X3-loose,20260969,range,pos,0.322333567467919,60411.874962474256
X3-loose,20260969,range,vel,-0.25387309264464064,60411.874962474256
X3-loose,20260969,range,pos,-0.14407835619236897,408144.32696112874
X3-loose,20260969,range,vel,-1.5458148943397423,408144.32696112874
X3-loose,20260969,range,pos,2.266622302591372,113560.45005664256
X3-loose,20260969,range,vel,2.4880908513082485,113560.45005664256
X3-loose,20260969,range,pos,-1.345865333557869,49191.6259803389
X3-loose,20260969,range,vel,-1.515655256611735,49191.6259803389
X3-loose,20260969,range,pos,-1.0361267051284702,254449.355106669
X3-loose,20260969,range,vel,0.25626217661463824,254449.355106669
X3-loose,20260969,range,pos,2.011976864658454,49766.390848333496
X3-loose,20260969,range,vel,0.40896486448558905,49766.390848333496
X3-loose,20260969,range,pos,0.5109125392731068,108433.06907023105
X3-loose,20260969,range,vel,0.325359855842663,108433.06907023105
X3-loose,20260969,range,pos,0.6359890579976167,1567569.9959801806
X3-loose,20260969,range,vel,-2.369352966285102,1567569.9959801806
X3-loose,20260969,inplane,pos,-0.3591288990850819,60411.874962474256
X3-loose,20260969,inplane,vel,-1.944704328917615,60411.874962474256
X3-loose,20260969,inplane,pos,-2.9370437507566067,408144.32696112874
X3-loose,20260969,inplane,vel,-0.3629144646360951,408144.32696112874
X3-loose,20260969,inplane,pos,1.2619488782824606,113560.45005664256
X3-loose,20260969,inplane,vel,2.4696669653579533,113560.45005664256
X3-loose,20260969,inplane,pos,-1.5448248384570404,49191.6259803389
X3-loose,20260969,inplane,vel,-1.5999291254822632,49191.6259803389
X3-loose,20260969,inplane,pos,-1.9505795927342957,254449.355106669
X3-loose,20260969,inplane,vel,-1.2257592541144335,254449.355106669
X3-loose,20260969,inplane,pos,1.9054978559119167,49766.390848333496
X3-loose,20260969,inplane,vel,2.199501743558714,49766.390848333496
X3-loose,20260969,inplane,pos,0.4443788851268663,108433.06907023105
X3-loose,20260969,inplane,vel,0.470377644993108,108433.06907023105
X3-loose,20260969,inplane,pos,-2.0174588367084074,1567569.9959801806
X3-loose,20260969,inplane,vel,0.6923928839346747,1567569.9959801806
X3-loose,20260969,plane,pos,0.5323678349129748,60411.874962474256
X3-loose,20260969,plane,vel,0.5385558126866546,60411.874962474256
X3-loose,20260969,plane,pos,1.1903192028047864,408144.32696112874
X3-loose,20260969,plane,vel,1.5711860463090404,408144.32696112874
X3-loose,20260969,plane,pos,1.0546988172232903,113560.45005664256
X3-loose,20260969,plane,vel,0.9113852806602821,113560.45005664256
X3-loose,20260969,plane,pos,2.330289006439293,49191.6259803389
X3-loose,20260969,plane,vel,1.051651938922357,49191.6259803389
X3-loose,20260969,plane,pos,-1.5368590107800526,254449.355106669
X3-loose,20260969,plane,vel,0.6828771087257659,254449.355106669
X3-loose,20260969,plane,pos,-2.007148925101681,49766.390848333496
X3-loose,20260969,plane,vel,-1.7270786247695404,49766.390848333496
X3-loose,20260969,plane,pos,-0.8937072943094915,108433.06907023105
X3-loose,20260969,plane,vel,-0.9957294059256269,108433.06907023105
X3-loose,20260969,plane,pos,-0.07126272309724231,1567569.9959801806
X3-loose,20260969,plane,vel,0.5774305955875301,1567569.9959801806
X3-loose,20260969,range,pos,0.8800281370358304,602374.6363161874
X3-loose,20260969,range,vel,0.39263400742869425,602374.6363161874
X3-loose,20260969,range,pos,-0.2442434685415252,8569468.343073964
X3-loose,20260969,range,vel,0.14256282135838286,8569468.343073964
X3-loose,20260969,range,pos,0.7019658146981563,285040.32735388825
X3-loose,20260969,range,vel,-0.587794369031767,285040.32735388825
X3-loose,20260969,range,pos,0.0426149594487007,1078838.0733751096
X3-loose,20260969,range,vel,0.1655384706495845,1078838.0733751096
X3-loose,20260969,range,pos,0.27390191035330547,899144.0925320016
X3-loose,20260969,range,vel,-0.439491647330593,899144.0925320016
X3-loose,20260969,range,pos,-0.6839808250087205,449788.5991162763
X3-loose,20260969,range,vel,-0.5274247170759422,449788.5991162763
X3-loose,20260969,range,pos,0.22619356987699632,27591.266781685055
X3-loose,20260969,range,vel,0.1022626302508729,27591.266781685055
X3-loose,20260969,range,pos,-0.05160746482817233,37153.81158772696
X3-loose,20260969,range,vel,0.15477886611094252,37153.81158772696
X3-loose,20260969,inplane,pos,0.039546928784217596,602374.6363161874
X3-loose,20260969,inplane,vel,0.6612485703204927,602374.6363161874
X3-loose,20260969,inplane,pos,-0.19256396860786404,8569468.343073964
X3-loose,20260969,inplane,vel,-0.09864144111596752,8569468.343073964
X3-loose,20260969,inplane,pos,-0.44230431158849115,285040.32735388825
X3-loose,20260969,inplane,vel,0.11447167099818076,285040.32735388825
X3-loose,20260969,inplane,pos,0.2275947927591613,1078838.0733751096
X3-loose,20260969,inplane,vel,0.41863270134454356,1078838.0733751096
X3-loose,20260969,inplane,pos,-0.47190124369871406,899144.0925320016
X3-loose,20260969,inplane,vel,0.22267987118496163,899144.0925320016
X3-loose,20260969,inplane,pos,-0.3294213661885813,449788.5991162763
X3-loose,20260969,inplane,vel,-0.8878522570687415,449788.5991162763
X3-loose,20260969,inplane,pos,-0.5465872563347866,27591.266781685055
X3-loose,20260969,inplane,vel,-0.21617018359746143,27591.266781685055
X3-loose,20260969,inplane,pos,-1.3386668978066993,37153.81158772696
X3-loose,20260969,inplane,vel,0.10026280986246028,37153.81158772696
X3-loose,20260969,plane,pos,-1.055991607931944,602374.6363161874
X3-loose,20260969,plane,vel,0.7437119223809253,602374.6363161874
X3-loose,20260969,plane,pos,0.5879253554713436,8569468.343073964
X3-loose,20260969,plane,vel,-0.47092499508407154,8569468.343073964
X3-loose,20260969,plane,pos,-0.3379680647523984,285040.32735388825
X3-loose,20260969,plane,vel,1.724563670395701,285040.32735388825
X3-loose,20260969,plane,pos,0.3117664216177084,1078838.0733751096
X3-loose,20260969,plane,vel,-0.26920540901243134,1078838.0733751096
X3-loose,20260969,plane,pos,1.5057750647561952,899144.0925320016
X3-loose,20260969,plane,vel,-0.6759007990907999,899144.0925320016
X3-loose,20260969,plane,pos,-2.0290551632824823,449788.5991162763
X3-loose,20260969,plane,vel,0.14729375924982674,449788.5991162763
X3-loose,20260969,plane,pos,-0.9448730908098195,27591.266781685055
X3-loose,20260969,plane,vel,-0.16013738579197223,27591.266781685055
X3-loose,20260969,plane,pos,-0.07685949578911166,37153.81158772696
X3-loose,20260969,plane,vel,-0.14975569467107358,37153.81158772696
X3-loose,20260976,range,pos,0.37674606042844816,82156.1688820979
X3-loose,20260976,range,vel,0.13486842860022866,82156.1688820979
X3-loose,20260976,range,pos,-1.5093602706504652,104039.41259194328
X3-loose,20260976,range,vel,0.27698391034470077,104039.41259194328
X3-loose,20260976,range,pos,-1.228672932555178,85393.27034681448
X3-loose,20260976,range,vel,-0.8870670910626269,85393.27034681448
X3-loose,20260976,range,pos,0.8488993576634227,60453.25711892071
X3-loose,20260976,range,vel,0.47902680502437234,60453.25711892071
X3-loose,20260976,range,pos,0.8656248128376929,125271.45825994211
X3-loose,20260976,range,vel,-0.2141001001234955,125271.45825994211
X3-loose,20260976,range,pos,0.9696226381901514,140895.20310882432
X3-loose,20260976,range,vel,0.9927712777403387,140895.20310882432
X3-loose,20260976,range,pos,-1.2660459843191372,264780.24718342075
X3-loose,20260976,range,vel,0.8862154596683008,264780.24718342075
X3-loose,20260976,range,pos,0.48359334018483646,82402.45128928036
X3-loose,20260976,range,vel,0.49150004308249595,82402.45128928036
X3-loose,20260976,inplane,pos,0.14392308186296113,82156.1688820979
X3-loose,20260976,inplane,vel,0.23377661631383528,82156.1688820979
X3-loose,20260976,inplane,pos,-0.7116193139473032,104039.41259194328
X3-loose,20260976,inplane,vel,-1.3949955789535722,104039.41259194328
X3-loose,20260976,inplane,pos,-0.6553003562119453,85393.27034681448
X3-loose,20260976,inplane,vel,-1.2673633759675262,85393.27034681448
X3-loose,20260976,inplane,pos,0.6810492540433195,60453.25711892071
X3-loose,20260976,inplane,vel,0.8809320852674902,60453.25711892071
X3-loose,20260976,inplane,pos,1.139323627764362,125271.45825994211
X3-loose,20260976,inplane,vel,1.2730340792293346,125271.45825994211
X3-loose,20260976,inplane,pos,-0.4203388881390359,140895.20310882432
X3-loose,20260976,inplane,vel,0.992513333163136,140895.20310882432
X3-loose,20260976,inplane,pos,-0.3991560160349094,264780.24718342075
X3-loose,20260976,inplane,vel,-0.3424038824238496,264780.24718342075
X3-loose,20260976,inplane,pos,1.2967665120624283,82402.45128928036
X3-loose,20260976,inplane,vel,0.6857344964494604,82402.45128928036
X3-loose,20260976,plane,pos,2.3216933776187783,82156.1688820979
X3-loose,20260976,plane,vel,-0.19447063731772438,82156.1688820979
X3-loose,20260976,plane,pos,0.2959403939355963,104039.41259194328
X3-loose,20260976,plane,vel,-1.0727225403279883,104039.41259194328
X3-loose,20260976,plane,pos,-1.3084066487935322,85393.27034681448
X3-loose,20260976,plane,vel,1.3048248032863536,85393.27034681448
X3-loose,20260976,plane,pos,0.5320848452930781,60453.25711892071
X3-loose,20260976,plane,vel,0.7012375864205516,60453.25711892071
X3-loose,20260976,plane,pos,0.6647441098158764,125271.45825994211
X3-loose,20260976,plane,vel,-1.1016822010507055,125271.45825994211
X3-loose,20260976,plane,pos,-0.16275791938423206,140895.20310882432
X3-loose,20260976,plane,vel,0.8736190283943551,140895.20310882432
X3-loose,20260976,plane,pos,1.2432087118091402,264780.24718342075
X3-loose,20260976,plane,vel,1.3586445662150837,264780.24718342075
X3-loose,20260976,plane,pos,1.1307040347092212,82402.45128928036
X3-loose,20260976,plane,vel,-1.8163987458787805,82402.45128928036
X3-loose,20260976,range,pos,-0.5356503176637629,3368719.457334435
X3-loose,20260976,range,vel,-0.024646483686058665,3368719.457334435
X3-loose,20260976,range,pos,0.21395244163231503,2272105.1171389297
X3-loose,20260976,range,vel,0.8762584611466276,2272105.1171389297
X3-loose,20260976,range,pos,0.9507984115728443,88658.37132914497
X3-loose,20260976,range,vel,1.2702696978373516,88658.37132914497
X3-loose,20260976,range,pos,-0.012642914891844628,761829.4927895569
X3-loose,20260976,range,vel,-2.1859595016480493,761829.4927895569
X3-loose,20260976,range,pos,1.0207406828099064,1450326.3028793186
X3-loose,20260976,range,vel,-0.6392331135175036,1450326.3028793186
X3-loose,20260976,range,pos,-0.705918206496766,342666.0100557503
X3-loose,20260976,range,vel,-0.5036823564598889,342666.0100557503
X3-loose,20260976,range,pos,0.878841119270218,1808038.8191508758
X3-loose,20260976,range,vel,0.045971014560448005,1808038.8191508758
X3-loose,20260976,range,pos,-0.7301646916394686,158141.85763505116
X3-loose,20260976,range,vel,2.1069421826009136,158141.85763505116
X3-loose,20260976,inplane,pos,-0.7394548626737797,3368719.457334435
X3-loose,20260976,inplane,vel,-0.5381347609355456,3368719.457334435
X3-loose,20260976,inplane,pos,0.7627375815860494,2272105.1171389297
X3-loose,20260976,inplane,vel,0.032244027586751996,2272105.1171389297
X3-loose,20260976,inplane,pos,1.0812797509067238,88658.37132914497
X3-loose,20260976,inplane,vel,1.3217446400105446,88658.37132914497
X3-loose,20260976,inplane,pos,-1.954246019549721,761829.4927895569
X3-loose,20260976,inplane,vel,-0.4193714233450002,761829.4927895569
X3-loose,20260976,inplane,pos,-0.964108420362929,1450326.3028793186
X3-loose,20260976,inplane,vel,1.2556438605618656,1450326.3028793186
X3-loose,20260976,inplane,pos,0.2592878364826054,342666.0100557503
X3-loose,20260976,inplane,vel,-0.8601604261835029,342666.0100557503
X3-loose,20260976,inplane,pos,0.8742219784476143,1808038.8191508758
X3-loose,20260976,inplane,vel,1.0548800148876551,1808038.8191508758
X3-loose,20260976,inplane,pos,2.2759395424538282,158141.85763505116
X3-loose,20260976,inplane,vel,-0.39473348311117007,158141.85763505116
X3-loose,20260976,plane,pos,-0.23611891414785202,3368719.457334435
X3-loose,20260976,plane,vel,1.596190318480994,3368719.457334435
X3-loose,20260976,plane,pos,0.9133576218425052,2272105.1171389297
X3-loose,20260976,plane,vel,-1.7740770775492303,2272105.1171389297
X3-loose,20260976,plane,pos,-0.5068818468031575,88658.37132914497
X3-loose,20260976,plane,vel,-0.163984539105138,88658.37132914497
X3-loose,20260976,plane,pos,-0.07891099715506959,761829.4927895569
X3-loose,20260976,plane,vel,0.7825941359664736,761829.4927895569
X3-loose,20260976,plane,pos,-0.8786365411074812,1450326.3028793186
X3-loose,20260976,plane,vel,0.28588601904130484,1450326.3028793186
X3-loose,20260976,plane,pos,0.8238497361363505,342666.0100557503
X3-loose,20260976,plane,vel,-0.3871008699313866,342666.0100557503
X3-loose,20260976,plane,pos,0.5426855400228521,1808038.8191508758
X3-loose,20260976,plane,vel,-0.409057919694621,1808038.8191508758
X3-loose,20260976,plane,pos,-0.27284547540032467,158141.85763505116
X3-loose,20260976,plane,vel,0.9042278319676491,158141.85763505116
X3-loose,20260976,range,pos,0.1987399009253807,32390.680183832734
X3-loose,20260976,range,vel,-0.6225652133227673,32390.680183832734
X3-loose,20260976,range,pos,1.794470164659308,13382274.594403928
X3-loose,20260976,range,vel,2.0099400766649844,13382274.594403928
X3-loose,20260976,range,pos,0.3730025796506459,9643191.590493226
X3-loose,20260976,range,vel,-0.6558670708297873,9643191.590493226
X3-loose,20260976,range,pos,-1.7266533407474318,10575380.659869594
X3-loose,20260976,range,vel,1.4416597733781478,10575380.659869594
X3-loose,20260976,range,pos,0.09754268730338257,81048.04812392913
X3-loose,20260976,range,vel,0.2327411037563639,81048.04812392913
X3-loose,20260976,range,pos,2.463895522090723,205470.64725669
X3-loose,20260976,range,vel,-0.9645526521136173,205470.64725669
X3-loose,20260976,range,pos,0.600046635803381,762159.1539518615
X3-loose,20260976,range,vel,-1.2194865043677037,762159.1539518615
X3-loose,20260976,inplane,pos,-1.1232070720799001,32390.680183832734
X3-loose,20260976,inplane,vel,-0.42396407726142465,32390.680183832734
X3-loose,20260976,inplane,pos,-0.9932134843996646,13382274.594403928
X3-loose,20260976,inplane,vel,0.4224306470989354,13382274.594403928
X3-loose,20260976,inplane,pos,0.33560398787183715,9643191.590493226
X3-loose,20260976,inplane,vel,0.367892005030851,9643191.590493226
X3-loose,20260976,inplane,pos,-0.38635514255837294,10575380.659869594
X3-loose,20260976,inplane,vel,0.011135424625918421,10575380.659869594
X3-loose,20260976,inplane,pos,0.16067279840287169,81048.04812392913
X3-loose,20260976,inplane,vel,0.09989986553311665,81048.04812392913
X3-loose,20260976,inplane,pos,1.8922474151052593,205470.64725669
X3-loose,20260976,inplane,vel,2.3857641828355938,205470.64725669
X3-loose,20260976,inplane,pos,-0.5653002141349152,762159.1539518615
X3-loose,20260976,inplane,vel,0.16322720914521938,762159.1539518615
X3-loose,20260976,plane,pos,-1.006111589730952,32390.680183832734
X3-loose,20260976,plane,vel,0.0387459144961553,32390.680183832734
X3-loose,20260976,plane,pos,-2.166290788655992,13382274.594403928
X3-loose,20260976,plane,vel,-0.1301672517160867,13382274.594403928
X3-loose,20260976,plane,pos,1.0332860219469062,9643191.590493226
X3-loose,20260976,plane,vel,0.16415896233384195,9643191.590493226
X3-loose,20260976,plane,pos,-0.46759074807098716,10575380.659869594
X3-loose,20260976,plane,vel,0.6801792719225199,10575380.659869594
X3-loose,20260976,plane,pos,0.09426109024177991,81048.04812392913
X3-loose,20260976,plane,vel,0.8685849667386205,81048.04812392913
X3-loose,20260976,plane,pos,0.7679862096237767,205470.64725669
X3-loose,20260976,plane,vel,-0.4052327921620626,205470.64725669
X3-loose,20260976,plane,pos,0.9769654343173515,762159.1539518615
X3-loose,20260976,plane,vel,0.11156169330013388,762159.1539518615
X3-loose,20260976,range,pos,0.05943710721502628,670632.5628845647
X3-loose,20260976,range,vel,-0.6240543280154783,670632.5628845647
X3-loose,20260976,range,pos,-0.8344805635792857,369370.98389196576
X3-loose,20260976,range,vel,-0.364590607536449,369370.98389196576
X3-loose,20260976,range,pos,-0.8254928966173842,10344729.918276042
X3-loose,20260976,range,vel,0.6809150164453762,10344729.918276042
X3-loose,20260976,range,pos,-0.8839100726442272,279536.2142199308
X3-loose,20260976,range,vel,0.5386140999978325,279536.2142199308
X3-loose,20260976,range,pos,-0.4378008476923373,928967.1991760187
X3-loose,20260976,range,vel,-0.743825010771204,928967.1991760187
X3-loose,20260976,range,pos,1.7241933650791612,622091.0916914113
X3-loose,20260976,range,vel,1.625589066110846,622091.0916914113
X3-loose,20260976,range,pos,-1.0440221779379266,9590426.5266714
X3-loose,20260976,range,vel,1.0510774642875746,9590426.5266714
X3-loose,20260976,inplane,pos,-0.47970489846163017,670632.5628845647
X3-loose,20260976,inplane,vel,0.05413097127340073,670632.5628845647
X3-loose,20260976,inplane,pos,0.8896082485260308,369370.98389196576
X3-loose,20260976,inplane,vel,0.6104354099576983,369370.98389196576
X3-loose,20260976,inplane,pos,-0.2499151709317504,10344729.918276042
X3-loose,20260976,inplane,vel,-0.10698652727287809,10344729.918276042
X3-loose,20260976,inplane,pos,-0.601619510477869,279536.2142199308
X3-loose,20260976,inplane,vel,-0.6066196388278426,279536.2142199308
X3-loose,20260976,inplane,pos,-1.1032116254528506,928967.1991760187
X3-loose,20260976,inplane,vel,-0.771415186090488,928967.1991760187
X3-loose,20260976,inplane,pos,-0.8531108883825627,622091.0916914113
X3-loose,20260976,inplane,vel,1.840013027244298,622091.0916914113
X3-loose,20260976,inplane,pos,-0.5287519477898743,9590426.5266714
X3-loose,20260976,inplane,vel,-0.4181803143688426,9590426.5266714
X3-loose,20260976,plane,pos,1.454153971560433,670632.5628845647
X3-loose,20260976,plane,vel,0.017880419652128797,670632.5628845647
X3-loose,20260976,plane,pos,-1.4652924392365683,369370.98389196576
X3-loose,20260976,plane,vel,-1.8190959151627355,369370.98389196576
X3-loose,20260976,plane,pos,-0.3805483387086777,10344729.918276042
X3-loose,20260976,plane,vel,-1.0909841211794318,10344729.918276042
X3-loose,20260976,plane,pos,-0.053125681173629764,279536.2142199308
X3-loose,20260976,plane,vel,-1.3934548233578148,279536.2142199308
X3-loose,20260976,plane,pos,1.5585514579526107,928967.1991760187
X3-loose,20260976,plane,vel,0.16285844846889044,928967.1991760187
X3-loose,20260976,plane,pos,0.34950821401499593,622091.0916914113
X3-loose,20260976,plane,vel,0.8525194627550605,622091.0916914113
X3-loose,20260976,plane,pos,0.7373496462347038,9590426.5266714
X3-loose,20260976,plane,vel,1.280065182505163,9590426.5266714
X3-loose,20260976,range,pos,0.5383496840052855,12907821.80616623
X3-loose,20260976,range,vel,0.2977041820309462,12907821.80616623
X3-loose,20260976,range,pos,0.9503995937524791,41214.71686695988
X3-loose,20260976,range,vel,-0.9835009580009592,41214.71686695988
X3-loose,20260976,range,pos,0.6111920505370624,48121.69987855151
X3-loose,20260976,range,vel,-0.3161738244102208,48121.69987855151
X3-loose,20260976,range,pos,0.3179330989103571,951480.1213839895
X3-loose,20260976,range,vel,-0.22768925085413852,951480.1213839895
X3-loose,20260976,range,pos,-0.3013012246255285,504213.41061833804
X3-loose,20260976,range,vel,-0.5634346764187693,504213.41061833804
X3-loose,20260976,range,pos,-1.6830717608693093,1703085.3062343998
X3-loose,20260976,range,vel,-0.4139559434671002,1703085.3062343998
X3-loose,20260976,range,pos,-0.5289032410726304,86585.71312233323
X3-loose,20260976,range,vel,0.8866764660869579,86585.71312233323
X3-loose,20260976,range,pos,-0.6541334525089242,10753246.349475035
X3-loose,20260976,range,vel,-0.7270122320726514,10753246.349475035
X3-loose,20260976,inplane,pos,-0.372949093946502,12907821.80616623
X3-loose,20260976,inplane,vel,-0.08842776756598147,12907821.80616623
X3-loose,20260976,inplane,pos,-0.7257726616943433,41214.71686695988
X3-loose,20260976,inplane,vel,0.41781908570604465,41214.71686695988
X3-loose,20260976,inplane,pos,0.9692287941088201,48121.69987855151
X3-loose,20260976,inplane,vel,1.199180452986814,48121.69987855151
X3-loose,20260976,inplane,pos,-0.2600922503312829,951480.1213839895
X3-loose,20260976,inplane,vel,0.2111865710566326,951480.1213839895
X3-loose,20260976,inplane,pos,-1.3434891556577004,504213.41061833804
X3-loose,20260976,inplane,vel,-0.38406321075982475,504213.41061833804
X3-loose,20260976,inplane,pos,-1.7467125399505616,1703085.3062343998
X3-loose,20260976,inplane,vel,-1.6164818410360187,1703085.3062343998
X3-loose,20260976,inplane,pos,0.19738356125258671,86585.71312233323
X3-loose,20260976,inplane,vel,-0.6499426937781302,86585.71312233323
X3-loose,20260976,inplane,pos,0.5861789534064418,10753246.349475035
X3-loose,20260976,inplane,vel,-0.6139253142159359,10753246.349475035
X3-loose,20260976,plane,pos,0.7298344091344717,12907821.80616623
X3-loose,20260976,plane,vel,-0.7665185517648823,12907821.80616623
X3-loose,20260976,plane,pos,0.45697130106498557,41214.71686695988
X3-loose,20260976,plane,vel,0.6266852710756322,41214.71686695988
X3-loose,20260976,plane,pos,-0.037219497824562,48121.69987855151
X3-loose,20260976,plane,vel,-0.4256369252561831,48121.69987855151
X3-loose,20260976,plane,pos,1.511172076824775,951480.1213839895
X3-loose,20260976,plane,vel,0.45047457826572007,951480.1213839895
X3-loose,20260976,plane,pos,0.4435580283795141,504213.41061833804
X3-loose,20260976,plane,vel,0.3880956546019663,504213.41061833804
X3-loose,20260976,plane,pos,1.1217365690199308,1703085.3062343998
X3-loose,20260976,plane,vel,-1.0265228370586592,1703085.3062343998
X3-loose,20260976,plane,pos,1.599662005374846,86585.71312233323
X3-loose,20260976,plane,vel,0.5057501456933463,86585.71312233323
X3-loose,20260976,plane,pos,0.839863746845735,10753246.349475035
X3-loose,20260976,plane,vel,0.47872121056789735,10753246.349475035
X3-loose,20260976,range,pos,1.0187686886573906,91105.72320565791
X3-loose,20260976,range,vel,0.8885727218704123,91105.72320565791
X3-loose,20260976,range,pos,-0.3552286907759059,1839792.9595853959
X3-loose,20260976,range,vel,0.3448987202233135,1839792.9595853959
X3-loose,20260976,range,pos,-0.8728409861333563,166463.54174613647
X3-loose,20260976,range,vel,-0.41200724952896933,166463.54174613647
X3-loose,20260976,range,pos,-1.3997490209089087,252642.9895402686
X3-loose,20260976,range,vel,-1.835681036960007,252642.9895402686
X3-loose,20260976,range,pos,0.1915013163377582,8103462.543943207
X3-loose,20260976,range,vel,0.1691252543054885,8103462.543943207
X3-loose,20260976,range,pos,-0.03822790315602027,239188.04986864718
X3-loose,20260976,range,vel,-0.1934399867605581,239188.04986864718
X3-loose,20260976,range,pos,0.631155362227066,282774.5263405751
X3-loose,20260976,range,vel,-0.0036558959536341874,282774.5263405751
X3-loose,20260976,range,pos,-1.4064377609686685,98955.93650019412
X3-loose,20260976,range,vel,0.020916203880933383,98955.93650019412
X3-loose,20260976,inplane,pos,0.6138901778584822,91105.72320565791
X3-loose,20260976,inplane,vel,1.0741152025870664,91105.72320565791
X3-loose,20260976,inplane,pos,-0.20117374724835865,1839792.9595853959
X3-loose,20260976,inplane,vel,-0.5576581775328542,1839792.9595853959
X3-loose,20260976,inplane,pos,-1.3722229448926875,166463.54174613647
X3-loose,20260976,inplane,vel,-0.9413822043860148,166463.54174613647
X3-loose,20260976,inplane,pos,-1.9949693051733075,252642.9895402686
X3-loose,20260976,inplane,vel,-1.4204627455654038,252642.9895402686
X3-loose,20260976,inplane,pos,-0.5469290486333809,8103462.543943207
X3-loose,20260976,inplane,vel,0.6056440052745294,8103462.543943207
X3-loose,20260976,inplane,pos,-0.2206584265939895,239188.04986864718
X3-loose,20260976,inplane,vel,-0.05777736835006773,239188.04986864718
X3-loose,20260976,inplane,pos,0.6699567860345793,282774.5263405751
X3-loose,20260976,inplane,vel,0.4691366212020169,282774.5263405751
X3-loose,20260976,inplane,pos,-1.156137824420807,98955.93650019412
X3-loose,20260976,inplane,vel,-1.402974620035083,98955.93650019412
X3-loose,20260976,plane,pos,-0.13442079115202896,91105.72320565791
X3-loose,20260976,plane,vel,-0.5187371475224979,91105.72320565791
X3-loose,20260976,plane,pos,-1.0547123439834298,1839792.9595853959
X3-loose,20260976,plane,vel,0.263069253292801,1839792.9595853959
X3-loose,20260976,plane,pos,0.09830891534743903,166463.54174613647
X3-loose,20260976,plane,vel,-0.4667077583875861,166463.54174613647
X3-loose,20260976,plane,pos,-1.4104149519499405,252642.9895402686
X3-loose,20260976,plane,vel,0.05332404426833942,252642.9895402686
X3-loose,20260976,plane,pos,0.03926633016776065,8103462.543943207
X3-loose,20260976,plane,vel,0.06065145345662675,8103462.543943207
X3-loose,20260976,plane,pos,-0.4018738471000871,239188.04986864718
X3-loose,20260976,plane,vel,-1.813202488604561,239188.04986864718
X3-loose,20260976,plane,pos,-0.826957505564253,282774.5263405751
X3-loose,20260976,plane,vel,-0.3228986105596676,282774.5263405751
X3-loose,20260976,plane,pos,-0.15723443478842616,98955.93650019412
X3-loose,20260976,plane,vel,-0.38728509168187547,98955.93650019412
