gap_deg,gapM_deg,e_sat,e_tgt,alt_sat_km,alt_tgt_km,da_km,hohmann_dv,evec_dv,shape_lb_dv,condition,episode,seed,success,cause,steps,decisions,dv_used,plan_dv,n_plans,n_burns,n_warps,n_coast,min_d_km
-39.91,90.93,0.045,0.0054,556.2,428.6,127.6,70.85,186.43,186.43,headline,0,42,1,success,1764,326,224.0,206.67,1,46,135,145,135.26
165.15,151.8,0.0267,0.0052,394.1,461.7,-67.5,38.02,82.95,82.95,headline,1,42,1,success,1914,382,180.0,182.25,1,66,151,165,152.1
99.22,61.46,0.0264,0.0182,472.1,620.5,-148.4,81.41,61.96,81.41,headline,2,42,1,success,1859,213,174.0,183.59,1,48,123,42,70.29
-90.05,21.97,0.0095,0.0272,650.8,393.4,257.4,142.01,122.75,142.01,headline,3,42,1,success,1956,462,252.0,258.95,1,92,151,219,57.16
-90.64,54.51,0.0261,0.0125,618.7,490.2,128.6,70.41,140.95,140.95,headline,4,42,1,success,1812,321,179.0,187.33,1,50,131,140,42.43
-158.98,11.77,0.0233,0.0333,684.2,432.7,251.5,137.65,216.09,216.09,headline,5,42,1,success,1934,451,322.0,318.1,1,79,158,214,30.66
-110.69,157.35,0.0223,0.0172,565.6,453.7,111.9,61.9,109.4,109.4,headline,6,42,1,success,1868,289,177.0,175.35,1,57,135,97,45.0
-18.45,173.59,0.0183,0.0205,514.1,446.3,67.9,37.79,147.65,147.65,headline,7,42,1,success,1376,237,156.0,157.03,1,27,156,54,87.31
40.01,38.99,0.02,0.0266,539.0,710.8,-171.8,92.7,24.88,92.7,headline,8,42,1,success,1695,180,126.0,133.28,1,30,125,25,123.85
128.25,106.48,0.0193,0.0168,338.1,598.8,-260.7,145.51,27.42,145.51,headline,9,42,1,success,1930,371,141.0,147.9,1,73,136,162,61.58
95.25,51.07,0.0257,0.0098,442.2,794.6,-352.3,190.38,74.14,190.38,headline,10,42,1,success,1939,459,213.0,215.64,1,85,157,217,127.15
38.4,74.41,0.0259,0.0363,411.2,778.2,-367.0,199.35,80.7,199.35,headline,11,42,1,success,1952,456,254.0,232.63,1,98,155,203,35.85
90.47,-141.28,0.0172,0.0406,398.6,735.6,-337.0,184.14,198.56,198.56,headline,12,42,1,success,1943,449,344.0,273.5,1,87,163,199,56.37
126.21,-15.44,0.0065,0.0498,361.5,640.0,-278.6,154.39,207.69,207.69,headline,13,42,1,success,1915,436,270.0,281.79,1,51,171,214,74.84
64.11,-88.35,0.0125,0.0078,387.4,552.6,-165.3,92.21,74.97,92.21,headline,14,42,1,success,1779,184,150.0,156.78,1,40,118,26,42.31
-170.92,14.36,0.0319,0.0288,507.1,778.7,-271.6,145.96,226.06,226.06,headline,15,42,1,success,1924,390,320.0,317.21,1,81,161,148,56.66
83.91,-62.82,0.0255,0.0241,411.0,707.9,-296.8,162.43,178.08,178.08,headline,16,42,1,success,1941,447,331.0,245.93,1,95,158,194,52.01
-124.9,-12.82,0.023,0.0107,376.0,700.9,-324.9,178.62,107.88,178.62,headline,17,42,1,success,1855,400,173.0,173.76,1,67,160,173,48.54
-30.87,11.35,0.013,0.0026,723.1,576.6,146.5,78.61,42.56,78.61,headline,18,42,1,success,1664,354,105.0,111.85,1,29,141,184,59.5
65.12,-139.22,0.0481,0.0168,618.2,739.6,-121.5,64.79,239.06,239.06,headline,19,42,1,success,1769,324,272.0,273.6,1,44,164,116,157.65
-103.57,45.41,0.0165,0.0484,521.0,790.9,-269.9,144.65,235.71,235.71,headline,20,42,1,success,1822,266,297.0,291.04,1,55,129,82,174.85
-32.2,-79.93,0.0125,0.0028,373.3,537.6,-164.3,91.97,41.07,91.97,headline,21,42,1,success,1538,298,85.0,90.33,1,30,153,115,122.29
146.74,83.24,0.0247,0.0395,421.2,514.5,-93.3,52.06,137.25,137.25,headline,22,42,1,success,1929,411,215.0,212.61,1,67,163,181,57.22
50.08,-37.46,0.0121,0.0116,407.6,629.1,-221.4,122.26,61.94,122.26,headline,23,42,1,success,1756,334,168.0,171.65,1,42,154,138,138.87
67.02,108.35,0.0019,0.0079,491.8,364.7,127.1,71.56,25.22,71.56,headline,24,42,1,success,1743,362,58.0,72.57,1,23,134,205,167.62
30.21,102.62,0.0144,0.0144,684.2,793.8,-109.6,57.73,63.44,63.44,headline,25,42,1,success,1673,177,84.0,89.36,1,31,129,17,110.6
25.75,-1.99,0.034,0.0301,501.0,592.7,-91.7,50.3,59.82,59.82,headline,26,42,1,success,1542,306,71.0,76.55,1,26,160,120,30.69
-31.68,128.11,0.0218,0.0388,469.1,660.1,-190.9,104.36,225.22,225.22,headline,27,42,1,success,1706,319,239.0,241.83,1,32,160,127,75.37
90.38,-157.59,0.0314,0.0479,520.2,675.9,-155.7,84.51,249.67,249.67,headline,28,42,1,success,1825,317,297.0,297.18,1,56,137,124,83.16
-152.97,-25.86,0.0364,0.0376,459.1,763.8,-304.6,164.85,247.65,247.65,headline,29,42,1,success,1901,377,341.0,329.05,1,74,155,148,34.82
137.93,-21.98,0.018,0.0469,478.3,724.7,-246.4,133.64,240.45,240.45,headline,30,42,1,success,1902,425,321.0,313.45,1,65,176,184,72.83
127.49,-44.56,0.0164,0.0032,688.0,484.4,203.7,110.81,74.79,110.81,headline,31,42,1,success,1882,301,133.0,139.98,1,57,119,125,156.41
70.56,-136.92,0.0014,0.031,686.1,434.6,251.5,137.59,123.28,137.59,headline,32,42,1,success,1754,221,151.0,159.1,1,42,130,49,77.78
-69.8,134.89,0.0366,0.0161,593.5,434.4,159.1,87.92,197.56,197.56,headline,33,42,1,success,1956,428,336.0,233.0,1,89,153,186,59.77
-33.67,-165.63,0.0225,0.0455,408.4,604.5,-196.1,108.53,237.15,237.15,headline,34,42,1,success,1537,270,255.0,254.67,1,25,151,94,62.2
121.68,1.91,0.0018,0.0283,416.5,728.6,-312.1,170.31,109.44,170.31,headline,35,42,1,success,1930,477,240.0,235.64,1,97,152,228,69.59
-22.51,-102.37,0.0234,0.0151,553.3,352.8,200.4,112.26,98.39,112.26,headline,36,42,1,success,1597,284,144.0,137.34,1,35,153,96,61.67
117.61,21.01,0.0205,0.0155,563.7,642.0,-78.3,42.44,102.12,102.12,headline,37,42,1,success,1888,358,153.0,165.12,1,45,162,151,152.2
-53.59,65.3,0.0195,0.0168,423.8,732.3,-308.5,168.12,116.97,168.12,headline,38,42,1,success,1662,225,164.0,162.65,1,42,133,50,107.03
143.3,165.04,0.0211,0.0274,728.2,427.6,300.6,163.87,42.38,163.87,headline,39,42,1,success,1908,385,156.0,169.3,1,60,161,164,34.85
4.31,11.35,0.0312,0.0365,622.6,710.2,-87.6,46.85,25.05,46.85,headline,40,42,1,success,1922,337,54.0,50.96,1,16,311,10,36.71
-142.53,29.61,0.0053,0.0477,561.9,654.1,-92.2,49.94,199.49,199.49,headline,41,42,1,success,1886,371,274.0,266.48,1,59,148,164,137.72
-23.19,-57.31,0.014,0.0196,723.2,368.6,354.6,194.64,43.02,194.64,headline,42,42,1,success,1973,454,202.0,212.33,1,85,161,208,34.76
87.04,-49.11,0.0155,0.0039,742.9,336.9,405.9,223.12,71.43,223.12,headline,43,42,1,success,1788,326,219.0,233.24,1,43,137,146,151.35
-162.31,-84.19,0.0233,0.0429,367.8,758.5,-390.7,213.64,166.01,213.64,headline,44,42,1,success,1897,388,255.0,252.32,1,66,165,157,74.76
96.76,164.8,0.0142,0.034,394.3,526.0,-131.8,73.68,119.95,119.95,headline,45,42,1,success,1866,326,164.0,172.17,1,46,152,128,33.27
175.99,101.98,0.0452,0.0344,555.3,718.1,-162.8,87.62,182.53,182.53,headline,46,42,1,success,1933,443,285.0,275.59,1,77,184,182,39.53
109.68,-61.69,0.0296,0.0012,596.4,705.4,-109.0,58.48,115.52,115.52,headline,47,42,1,success,1880,295,172.0,173.59,1,56,152,87,134.21
-122.69,-78.82,0.0214,0.0443,687.2,797.3,-110.1,57.93,121.08,121.08,headline,48,42,1,success,1867,303,188.0,186.67,1,67,136,100,59.23
133.58,11.65,0.0267,0.0421,723.4,580.7,142.6,76.51,229.58,229.58,headline,49,42,1,success,1902,344,300.0,298.84,1,68,138,138,38.71
-125.07,-57.29,0.0116,0.0218,605.1,661.1,-56.0,30.18,76.96,76.96,headline,50,42,1,success,1880,330,136.0,142.56,1,54,136,140,30.06
-19.22,1.43,0.0029,0.0124,370.2,306.2,64.0,36.75,37.47,37.47,headline,51,42,1,success,1596,327,48.0,56.16,1,18,163,146,60.26
30.72,-29.63,0.0027,0.0216,563.7,662.6,-98.9,53.48,76.7,76.7,headline,52,42,1,success,1670,324,94.0,92.82,1,31,156,137,138.56
113.26,114.62,0.0168,0.0165,794.4,655.1,139.3,73.59,1.79,73.59,headline,53,42,1,success,1875,247,60.0,74.68,1,40,143,64,30.62
-89.73,170.23,0.0155,0.0455,563.3,692.1,-128.8,69.44,189.84,189.84,headline,54,42,1,success,1838,288,242.0,237.12,1,51,137,100,69.27
94.95,-100.66,0.0201,0.0304,425.4,756.4,-331.0,179.92,186.98,186.98,headline,55,42,1,success,1941,434,337.0,274.61,1,95,167,172,55.75
53.71,163.11,0.017,0.0238,798.4,361.6,436.9,238.05,129.0,238.05,headline,56,42,1,success,1628,237,237.0,249.64,1,41,128,68,101.05
-156.77,26.9,0.0041,0.0042,448.0,550.8,-102.8,56.99,31.43,56.99,headline,57,42,1,success,1892,251,103.0,112.36,1,58,123,70,81.07
-59.42,-122.0,0.0058,0.0153,576.1,520.3,55.8,30.61,51.74,51.74,headline,58,42,1,success,1742,291,82.0,91.88,1,34,130,127,59.03
46.54,-139.29,0.0271,0.0216,518.2,609.6,-91.4,49.97,183.79,183.79,headline,59,42,1,success,1683,290,217.0,208.02,1,43,149,98,31.46
135.76,8.39,0.0097,0.0263,551.9,466.3,85.6,47.34,126.23,126.23,headline,60,42,1,success,1878,383,184.0,195.46,1,60,159,164,183.02
-19.2,-72.85,0.0215,0.0157,704.0,761.3,-57.3,30.23,65.72,65.72,headline,61,42,1,success,1268,210,73.0,75.93,1,23,157,30,62.56
-9.47,52.43,0.0058,0.033,512.2,434.3,77.9,43.43,117.54,117.54,headline,62,42,1,success,1384,242,128.0,122.35,1,24,124,94,54.03
171.4,117.56,0.0309,0.0103,774.9,563.0,211.9,113.25,99.39,113.25,headline,63,42,1,success,1930,389,184.0,188.04,1,70,178,141,116.67
-158.0,-53.35,0.0094,0.0369,321.3,459.5,-138.2,78.47,153.86,153.86,headline,64,42,1,success,1944,343,280.0,283.1,1,79,139,125,64.75
139.21,-177.46,0.0321,0.0039,472.6,349.8,122.8,69.41,113.06,113.06,headline,65,42,1,success,1878,354,173.0,182.84,1,61,141,152,189.53
-171.23,173.27,0.0439,0.0427,515.9,674.5,-158.6,86.11,44.14,86.11,headline,66,42,1,success,1901,424,125.0,134.13,1,57,153,214,112.55
-118.2,-123.84,0.007,0.009,792.8,355.9,436.9,238.35,8.12,238.35,headline,67,42,1,success,1951,356,235.0,249.96,1,85,127,144,46.93
121.9,166.37,0.0232,0.0299,421.5,545.6,-124.1,69.05,79.87,79.87,headline,68,42,1,success,1885,306,181.0,193.89,1,51,143,112,160.97
9.95,92.14,0.002,0.0011,579.7,724.6,-144.9,77.73,8.21,77.73,headline,69,42,1,success,1631,242,87.0,87.07,1,27,200,15,69.97
-130.1,164.84,0.0147,0.0109,304.0,741.7,-437.7,241.48,52.93,241.48,headline,70,42,1,success,1861,305,232.0,230.33,1,66,135,104,51.99
164.57,163.69,0.0007,0.0047,647.2,533.6,113.6,61.74,15.27,61.74,headline,71,42,1,success,1916,374,93.0,107.0,1,54,159,161,38.71
179.73,-86.26,0.0306,0.0227,579.2,361.7,217.5,121.32,151.48,151.48,headline,72,42,1,success,1918,446,234.0,241.73,1,78,151,217,75.14
155.07,-88.99,0.0251,0.0051,565.1,640.5,-75.4,40.87,104.62,104.62,headline,73,42,1,success,1925,457,212.0,202.73,1,82,151,224,52.89
40.86,73.73,0.0342,0.0022,484.4,633.5,-149.1,81.57,122.2,122.2,headline,74,42,1,success,1678,251,144.0,143.55,1,29,157,65,34.94
-138.06,-152.64,0.0277,0.0253,747.1,592.0,155.1,82.87,27.04,82.87,headline,75,42,1,success,1946,331,135.0,146.27,1,67,152,112,41.15
-10.15,160.06,0.005,0.0213,536.2,363.9,172.3,96.54,100.96,100.96,headline,76,42,1,success,1426,317,114.0,108.59,1,26,156,135,42.37
-154.42,93.79,0.0147,0.027,720.8,407.8,313.0,171.08,134.92,171.08,headline,77,42,1,success,1932,447,230.0,238.86,1,82,160,205,69.35
-21.92,-33.81,0.0112,0.0151,722.1,355.9,366.2,201.29,18.01,201.29,headline,78,42,1,success,1972,454,193.0,209.51,1,73,157,224,54.49
-47.8,83.64,0.039,0.0457,477.7,679.2,-201.6,109.85,290.33,290.33,headline,79,42,1,success,1731,357,310.0,315.47,1,40,150,167,35.56
-21.66,40.99,0.0342,0.0205,669.4,595.1,74.3,40.0,116.34,116.34,headline,80,42,1,success,1679,380,126.0,127.59,1,27,145,208,67.38
-155.41,96.39,0.0125,0.0456,309.6,531.4,-221.9,125.16,193.39,193.39,headline,81,42,1,success,1938,414,331.0,332.8,1,81,151,182,64.74
-71.95,179.8,0.0016,0.013,521.3,689.5,-168.2,91.14,51.15,91.14,headline,82,42,1,success,1796,331,83.0,89.51,1,41,155,135,37.97
-121.7,-170.17,0.0274,0.0317,679.0,509.9,169.1,91.81,93.51,93.51,headline,83,42,1,success,1940,436,175.0,198.21,1,42,154,240,51.9
-82.2,60.04,0.0098,0.0051,600.2,433.9,166.3,91.85,54.51,91.85,headline,84,42,1,success,1823,301,170.0,176.98,1,45,140,116,32.06
114.67,91.42,0.0016,0.0112,537.3,784.9,-247.7,132.6,36.65,132.6,headline,85,42,1,success,1937,463,163.0,167.6,1,89,164,210,62.27
-137.56,97.96,0.0065,0.0093,345.3,747.8,-402.5,220.9,52.44,220.9,headline,86,42,1,success,1869,315,212.0,211.53,1,65,144,106,79.39
44.22,157.92,0.0294,0.0207,461.4,683.3,-221.9,121.06,158.84,158.84,headline,87,42,1,success,1783,189,195.0,182.11,1,45,121,23,69.61
-107.93,173.0,0.0106,0.0212,762.6,521.8,240.8,129.43,82.98,129.43,headline,88,42,1,success,1952,427,202.0,212.57,1,67,165,195,56.84
-74.21,-59.25,0.0497,0.0359,604.3,528.2,76.0,41.54,67.14,67.14,headline,89,42,1,success,1770,259,108.0,118.26,1,40,132,87,149.38
47.07,-74.31,0.0308,0.0149,712.4,601.5,110.9,59.44,153.68,153.68,headline,90,42,1,success,1709,238,178.0,178.16,1,38,143,57,77.95
-174.14,74.41,0.0347,0.0277,746.7,406.8,339.9,185.33,198.36,198.36,headline,91,42,1,success,1922,433,280.0,292.32,1,71,162,200,70.55
-27.43,30.34,0.0428,0.0137,559.2,790.0,-230.8,123.2,139.34,139.34,headline,92,42,1,success,1376,241,158.0,153.99,1,31,154,56,94.84
-151.08,-125.4,0.0328,0.0024,739.0,503.8,235.2,126.97,116.82,126.97,headline,93,42,1,success,1937,443,217.0,223.95,1,80,163,200,62.26
-63.22,26.18,0.0083,0.0277,764.8,624.5,140.2,74.54,108.93,108.93,headline,94,42,1,success,1813,328,138.0,141.91,1,39,150,139,82.84
-159.86,112.96,0.0033,0.0173,321.7,683.9,-362.1,200.64,65.72,200.64,headline,95,42,1,success,1874,334,192.0,192.91,1,74,126,134,122.88
-75.6,105.04,0.0171,0.0407,771.7,583.5,188.2,100.41,218.73,218.73,headline,96,42,1,success,1777,325,266.0,257.95,1,49,138,138,49.64
-25.25,67.95,0.0392,0.0035,566.8,715.6,-148.8,79.99,148.29,148.29,headline,97,42,1,success,1443,246,169.0,161.64,1,36,162,48,63.97
-56.47,-98.26,0.0283,0.0114,418.6,513.5,-94.9,52.99,80.76,80.76,headline,98,42,1,success,1751,196,106.0,109.76,1,37,121,38,87.21
-23.52,85.72,0.0423,0.0255,676.3,378.9,297.4,163.87,215.79,215.79,headline,99,42,0,safety_cap,2000,429,470.0,385.19,1,52,131,246,2113.47
-179.93,111.71,0.0128,0.0203,582.9,684.6,-101.7,54.78,73.62,73.62,headline,100,42,1,success,1923,345,164.0,168.31,1,70,138,137,31.18
147.7,-106.59,0.0122,0.0409,483.7,575.1,-91.4,50.32,173.23,173.23,headline,101,42,1,success,1898,434,238.0,249.75,1,60,168,206,68.17
-38.16,35.76,0.0094,0.0275,682.0,425.2,256.8,140.71,101.48,140.71,headline,102,42,1,success,1968,452,256.0,183.38,1,99,145,208,47.49
-27.35,-12.57,0.0202,0.0088,585.5,534.0,51.6,28.23,45.08,45.08,headline,103,42,1,success,1609,340,54.0,59.17,1,21,135,184,70.37
1.29,-2.09,0.0172,0.0247,450.3,380.1,70.2,39.66,29.16,39.66,headline,104,42,1,success,1509,276,44.0,39.97,1,24,151,101,31.18
-40.62,-150.09,0.0053,0.0401,756.7,537.5,219.2,117.73,160.39,160.39,headline,105,42,1,success,1701,337,187.0,181.32,1,34,148,155,87.49
-68.41,-59.71,0.0421,0.0376,585.6,464.5,121.1,66.74,28.76,66.74,headline,106,42,1,success,1963,458,219.0,229.7,1,86,170,202,33.57
-84.78,-57.97,0.0245,0.0402,637.8,478.5,159.3,87.19,81.51,87.19,headline,107,42,1,success,1959,411,212.0,222.11,1,78,155,178,38.31
-49.55,-61.74,0.0265,0.0169,688.5,609.3,79.2,42.49,40.05,42.49,headline,108,42,1,success,1748,287,89.0,94.46,1,36,141,110,139.31
94.11,-131.21,0.0346,0.0437,751.3,581.7,169.5,90.65,273.99,273.99,headline,109,42,1,success,1857,407,320.0,322.79,1,55,160,192,36.5
-76.06,88.19,0.008,0.0189,465.3,347.3,117.9,66.74,102.78,102.78,headline,110,42,1,success,1959,356,238.0,245.07,1,85,129,142,54.6
-26.72,-29.88,0.0034,0.0241,380.2,502.4,-122.2,68.63,79.01,79.01,headline,111,42,1,success,1604,281,90.0,92.71,1,24,158,99,43.58
-149.42,-22.76,0.0348,0.0467,606.3,537.3,69.0,37.65,277.03,277.03,headline,112,42,1,success,1938,428,378.0,385.53,1,84,158,186,130.45
80.7,98.36,0.0001,0.0241,385.0,583.8,-198.8,110.54,90.69,110.54,headline,113,42,1,success,1955,470,213.0,191.89,1,82,152,236,37.19
117.89,160.53,0.0103,0.0124,477.7,795.4,-317.7,171.01,31.64,171.01,headline,114,42,1,success,1937,471,162.0,165.33,1,88,165,218,44.32
-137.14,-41.61,0.0272,0.0479,706.8,620.1,86.7,46.41,216.3,216.3,headline,115,42,1,success,1945,453,337.0,332.51,1,85,164,204,52.84
127.64,85.91,0.0214,0.0046,400.3,629.2,-228.8,126.44,68.86,126.44,headline,116,42,1,success,1929,442,187.0,190.18,1,83,150,209,55.23
93.68,136.39,0.0422,0.0052,682.2,323.4,358.8,198.81,148.7,198.81,headline,117,42,1,success,1823,336,201.0,206.81,1,54,133,149,135.27
156.96,-87.45,0.0052,0.0389,765.0,684.3,80.7,42.63,155.75,155.75,headline,118,42,1,success,1934,424,242.0,238.34,1,72,181,171,48.19
70.19,-83.73,0.009,0.0411,359.2,496.8,-137.6,77.49,188.02,188.02,headline,119,42,1,success,1836,336,220.0,223.98,1,42,150,144,121.98
66.34,147.39,0.0142,0.0291,771.2,448.5,322.7,174.69,116.11,174.69,headline,120,42,1,success,1737,266,168.0,180.89,1,42,132,92,168.09
110.56,46.15,0.0035,0.0331,607.1,525.7,81.4,44.45,120.64,120.64,headline,121,42,1,success,1861,325,173.0,177.51,1,54,131,140,95.62
-19.0,155.67,0.0188,0.0131,790.9,428.2,362.7,196.37,121.77,196.37,headline,122,42,1,success,1614,328,214.0,223.5,1,30,147,151,93.34
152.39,-161.97,0.0329,0.029,753.6,675.8,77.8,41.18,91.15,91.15,headline,123,42,1,success,1916,422,161.0,171.24,1,61,177,184,49.33
39.9,97.57,0.0071,0.0319,539.8,451.8,88.0,48.81,110.07,110.07,headline,124,42,1,success,1650,316,123.0,130.37,1,25,151,140,101.4
157.4,130.04,0.0151,0.0425,512.0,783.4,-271.4,145.74,111.62,145.74,headline,125,42,1,success,1926,355,221.0,219.73,1,80,151,124,55.71
-82.06,154.15,0.0363,0.0387,567.4,479.1,88.3,48.7,252.42,252.42,headline,126,42,1,success,1966,426,395.0,394.42,1,96,148,182,53.51
-24.7,87.91,0.0122,0.0147,637.6,783.9,-146.3,77.48,83.75,83.75,headline,127,42,1,success,1597,267,98.0,96.93,1,28,164,75,89.31
-153.29,161.13,0.0411,0.0037,566.8,685.5,-118.6,63.98,145.15,145.15,headline,128,42,1,success,1873,265,224.0,225.83,1,73,119,73,110.33
52.16,-149.1,0.0011,0.0048,740.7,637.2,103.6,55.12,21.75,55.12,headline,129,42,1,success,1741,244,44.0,55.73,1,23,150,71,32.75
19.81,167.19,0.0172,0.0378,503.3,723.6,-220.3,119.16,198.9,198.9,headline,130,42,1,success,1970,430,348.0,209.38,1,83,160,187,35.32
143.44,-150.51,0.0342,0.0456,506.1,630.7,-124.6,68.04,168.09,168.09,headline,131,42,1,success,1919,406,247.0,242.99,1,68,164,174,40.07
-63.11,-140.63,0.0142,0.0217,428.8,734.6,-305.8,166.53,86.94,166.53,headline,132,42,1,success,1749,277,155.0,161.15,1,41,143,93,44.76
-164.49,-93.24,0.0438,0.0382,562.6,479.6,83.0,45.8,183.07,183.07,headline,133,42,1,success,1932,305,276.0,282.97,1,82,133,90,65.67
-129.77,-78.01,0.0369,0.0123,503.4,411.2,92.2,51.58,118.17,118.17,headline,134,42,1,success,1941,468,229.0,183.82,1,84,158,226,63.61
-109.93,20.05,0.037,0.0204,589.1,341.2,248.0,138.5,202.25,202.25,headline,135,42,1,success,1958,463,325.0,327.44,1,88,148,227,39.69
109.58,-177.51,0.009,0.0326,634.2,425.5,208.7,114.92,119.18,119.18,headline,136,42,1,success,1857,394,170.0,174.73,1,57,153,184,126.78
19.59,-150.03,0.009,0.0058,622.5,534.5,87.9,47.91,55.97,55.97,headline,137,42,1,success,1314,277,61.0,66.06,1,25,137,115,34.62
-104.19,146.82,0.0248,0.0261,786.6,454.0,332.6,179.64,158.3,179.64,headline,138,42,0,safety_cap,2000,428,219.0,273.66,1,22,143,263,579.69
-152.83,14.81,0.0028,0.0216,396.9,621.1,-224.2,124.06,91.97,124.06,headline,139,42,1,success,1864,369,167.0,171.67,1,58,138,173,57.35
-100.14,-116.32,0.0341,0.0456,449.8,741.3,-291.5,158.26,59.71,158.26,headline,140,42,1,success,1841,276,148.0,153.39,1,46,150,80,152.67
-141.54,-139.93,0.0308,0.0069,754.1,532.1,222.1,119.34,90.96,119.34,headline,141,42,1,success,1947,369,199.0,203.44,1,80,158,131,30.14
-124.86,14.19,0.0258,0.0038,450.3,727.3,-277.0,150.61,107.66,150.61,headline,142,42,1,success,1859,321,174.0,173.76,1,64,143,114,51.1
-173.74,74.33,0.0208,0.049,762.5,614.8,147.8,78.64,226.58,226.58,headline,143,42,1,success,1941,459,324.0,323.63,1,77,165,217,63.09
124.86,-78.1,0.036,0.0073,454.2,608.4,-154.2,84.89,161.92,161.92,headline,144,42,1,success,1937,395,287.0,226.92,1,89,139,167,47.99
64.23,-48.82,0.0221,0.0031,527.7,786.6,-258.9,138.74,87.71,138.74,headline,145,42,1,success,1804,367,198.0,203.56,1,42,162,163,91.92
50.79,-60.18,0.033,0.0188,715.0,480.9,234.1,127.05,165.55,165.55,headline,146,42,1,success,1692,232,193.0,191.51,1,41,140,51,36.97
-134.68,101.65,0.0122,0.0151,559.9,320.1,239.8,134.69,92.79,134.69,headline,147,42,1,success,1941,463,197.0,205.24,1,74,152,237,66.34
48.69,178.98,0.0408,0.0462,623.1,543.1,79.9,43.51,300.04,300.04,headline,148,42,1,success,1596,303,342.0,325.15,1,46,155,102,33.02
-167.5,-80.71,0.0228,0.0109,513.0,737.0,-224.0,120.85,92.44,120.85,headline,149,42,1,success,1901,382,181.0,181.24,1,74,160,148,35.86
156.29,-133.3,0.0353,0.0384,630.2,752.4,-122.1,64.95,159.2,159.2,headline,150,42,1,success,1917,438,246.0,242.24,1,71,175,192,133.2
45.13,148.29,0.02,0.0021,587.1,422.8,164.4,91.01,78.96,91.01,headline,151,42,1,success,1711,286,99.0,101.83,1,32,134,120,58.42
67.84,-27.77,0.0419,0.0089,592.1,662.7,-70.6,38.07,164.53,164.53,headline,152,42,1,success,1841,359,201.0,200.12,1,46,177,136,64.35
67.24,153.06,0.0163,0.0122,319.9,628.9,-309.0,172.25,74.29,172.25,headline,153,42,1,success,1950,473,228.0,227.14,1,92,154,227,46.23
-23.73,-161.28,0.0403,0.0421,665.2,569.7,95.5,51.6,290.9,290.9,headline,154,42,1,success,1564,281,315.0,303.18,1,37,157,87,36.68
164.37,-154.29,0.0249,0.0048,390.0,713.3,-323.3,177.22,80.94,177.22,headline,155,42,1,success,1920,343,181.0,184.3,1,71,137,135,34.99
-94.67,87.2,0.0103,0.0478,566.6,743.7,-177.0,94.9,217.44,217.44,headline,156,42,1,success,1820,266,276.0,267.68,1,56,142,68,158.04
92.79,87.12,0.0254,0.0283,595.2,683.3,-88.2,47.42,14.75,47.42,headline,157,42,1,success,1843,401,135.0,144.62,1,50,166,185,76.29
85.29,83.02,0.0236,0.0171,517.1,746.8,-229.7,123.75,24.68,123.75,headline,158,42,1,success,1947,449,169.0,170.93,1,92,156,201,62.47
-71.78,-133.5,0.0473,0.0234,533.7,618.0,-84.3,45.95,157.5,157.5,headline,159,42,1,success,1805,327,190.0,194.92,1,47,141,139,96.86
115.73,142.91,0.0048,0.0074,365.9,580.8,-215.0,119.87,14.59,119.87,headline,160,42,1,success,1936,457,134.0,141.25,1,74,150,233,129.52
-75.22,-129.33,0.005,0.0123,684.6,798.1,-113.5,59.74,37.88,59.74,headline,161,42,1,success,1803,298,67.0,78.11,1,37,162,99,59.94
57.15,136.56,0.0185,0.0091,422.4,777.4,-355.0,192.6,71.08,192.6,headline,162,42,1,success,1953,475,237.0,232.55,1,99,155,221,43.29
11.7,-37.2,0.023,0.0112,379.1,607.5,-228.4,126.81,67.09,126.81,headline,163,42,1,success,1906,407,137.0,135.87,1,23,222,162,47.79
146.12,-101.62,0.0092,0.0151,447.4,747.4,-300.0,162.85,76.57,162.85,headline,164,42,1,success,1936,421,191.0,190.12,1,84,167,170,60.58
0.9,102.18,0.0014,0.0158,737.4,445.9,291.6,158.45,61.54,158.45,headline,165,42,1,success,1886,193,164.0,163.53,1,25,152,16,36.56
-110.29,13.59,0.0143,0.0169,655.7,577.9,77.8,42.06,104.51,104.51,headline,166,42,1,success,1855,409,160.0,161.67,1,54,152,203,100.45
-75.24,-44.54,0.0421,0.0333,711.8,792.7,-80.9,42.47,80.99,80.99,headline,167,42,1,success,1786,206,115.0,121.19,1,41,117,48,161.21
171.88,167.85,0.0328,0.0051,657.8,542.0,115.8,62.81,105.2,105.2,headline,168,42,1,success,1934,376,190.0,193.82,1,70,164,142,36.59
157.83,-119.49,0.0466,0.0045,529.3,457.8,71.5,39.67,176.48,176.48,headline,169,42,1,success,1918,390,261.0,256.87,1,72,150,168,34.39
106.94,136.49,0.0256,0.0224,730.3,438.0,292.3,159.12,48.35,159.12,headline,170,42,1,success,1860,394,148.0,164.25,1,51,158,185,89.35
-159.85,-78.02,0.037,0.0234,540.8,710.7,-169.9,91.66,153.31,153.31,headline,171,42,1,success,1907,444,237.0,237.74,1,73,159,212,31.98
89.49,-62.06,0.0154,0.0312,660.3,743.1,-82.8,43.95,169.91,169.91,headline,172,42,1,success,1850,310,224.0,217.4,1,57,143,110,101.5
57.03,116.14,0.0095,0.0253,684.6,561.7,123.0,66.36,83.51,83.51,headline,173,42,1,success,1703,294,105.0,113.0,1,36,154,104,86.09
146.97,-27.95,0.0334,0.0335,543.5,597.5,-54.0,29.47,252.69,252.69,headline,174,42,1,success,1935,432,357.0,329.08,1,74,147,211,54.16
24.25,145.51,0.0413,0.0092,709.0,467.3,241.7,131.43,178.5,178.5,headline,175,42,1,success,1380,204,187.0,190.87,1,26,150,28,34.31
-47.3,-11.92,0.0222,0.0388,406.3,565.2,-158.9,88.37,92.24,92.24,headline,176,42,1,success,1726,300,114.0,116.71,1,29,144,127,37.84
-150.36,16.29,0.0207,0.0466,678.2,794.4,-116.2,61.21,249.63,249.63,headline,177,42,1,success,1943,412,374.0,329.99,1,66,193,153,44.94
-69.2,11.9,0.0311,0.014,643.2,553.9,89.3,48.44,121.74,121.74,headline,178,42,1,success,1850,264,156.0,157.49,1,45,124,95,96.83
-105.23,-43.72,0.0205,0.0387,671.5,563.6,107.9,58.3,129.16,129.16,headline,179,42,1,success,1866,380,181.0,183.33,1,46,166,168,61.81
-49.13,84.18,0.0081,0.0414,564.0,746.4,-182.4,97.75,177.3,177.3,headline,180,42,1,success,1749,303,205.0,203.38,1,40,145,118,133.3
-79.61,3.4,0.024,0.0031,466.8,740.4,-273.5,148.26,89.03,148.26,headline,181,42,1,success,1820,291,144.0,143.98,1,49,160,82,35.74
-9.13,120.48,0.0473,0.0223,712.4,777.3,-64.8,34.1,238.45,238.45,headline,182,42,1,success,381,51,257.0,243.32,1,35,14,2,36.31
-58.58,100.7,0.0362,0.0245,710.0,559.6,150.3,80.93,226.49,226.49,headline,183,42,1,success,1965,453,380.0,256.77,1,104,173,176,55.07
69.31,-120.89,0.01,0.0233,351.7,417.9,-66.1,37.58,127.18,127.18,headline,184,42,1,success,1795,369,157.0,162.27,1,42,142,185,143.75
138.31,-142.32,0.0186,0.014,524.8,638.8,-114.0,62.07,79.58,79.58,headline,185,42,1,success,1932,308,192.0,195.48,1,78,124,106,33.63
-73.14,-148.99,0.01,0.0254,484.9,405.3,79.6,44.64,95.66,95.66,headline,186,42,1,success,1960,472,231.0,244.94,1,99,155,218,60.91
-63.01,171.64,0.0286,0.0427,439.0,564.6,-125.6,69.61,241.39,241.39,headline,187,42,1,success,1722,227,274.0,273.99,1,45,128,54,122.06
-156.49,6.36,0.0138,0.0259,621.0,395.2,225.8,124.96,150.81,150.81,headline,188,42,1,success,1919,346,248.0,253.51,1,77,136,133,161.51
-11.57,-168.65,0.0071,0.0229,693.5,357.8,335.7,185.08,113.88,185.08,headline,189,42,1,success,1976,476,276.0,288.75,1,94,154,228,45.7
-169.03,80.75,0.0195,0.0112,711.4,470.5,241.0,130.97,98.03,130.97,headline,190,42,1,success,1935,281,190.0,195.48,1,66,123,92,53.01
53.85,-20.96,0.0095,0.0243,581.0,402.9,178.1,98.89,90.69,98.89,headline,191,42,1,success,1691,261,114.0,117.9,1,41,132,88,93.98
-2.5,54.18,0.0107,0.036,707.7,462.2,245.6,133.64,119.86,133.64,headline,192,42,1,success,1838,283,149.0,139.79,1,20,244,19,62.1
101.23,-51.38,0.0005,0.0105,317.4,789.0,-471.5,258.46,40.8,258.46,headline,193,42,1,success,1938,458,250.0,245.69,1,88,157,213,127.85
166.2,60.42,0.0309,0.0328,414.2,678.1,-263.9,144.83,191.12,191.12,headline,194,42,1,success,1922,397,307.0,293.02,1,88,156,153,30.59
146.33,122.42,0.0126,0.0292,569.0,720.6,-151.6,81.42,68.9,81.42,headline,195,42,1,success,1928,439,180.0,181.92,1,89,159,191,138.02
-157.3,150.05,0.0128,0.0192,442.9,668.6,-225.7,123.58,57.46,123.58,headline,196,42,1,success,1899,354,135.0,140.05,1,64,151,139,113.56
22.69,115.67,0.0029,0.0332,437.2,685.9,-248.7,136.02,125.66,136.02,headline,197,42,1,success,1528,285,151.0,156.31,1,23,164,98,45.16
95.02,-176.67,0.0091,0.0221,563.7,786.6,-222.9,118.99,88.31,118.99,headline,198,42,1,success,1951,473,236.0,217.67,1,89,164,220,31.05
169.34,70.58,0.0128,0.0312,568.7,673.1,-104.4,56.37,133.43,133.43,headline,199,42,1,success,1919,442,239.0,233.6,1,78,156,208,129.52
-10.96,-10.96,0.0098,0.0098,488.1,488.1,0.0,0.0,0.0,0.0,same_orbit,0,42,1,success,1453,264,5.0,11.22,1,4,147,113,72.95
17.27,17.27,0.0054,0.0054,428.6,428.6,0.0,0.0,0.0,0.0,same_orbit,1,42,1,success,1484,299,9.0,17.52,1,7,154,138,82.79
142.76,142.76,0.0124,0.0124,422.7,422.7,0.0,0.0,0.0,0.0,same_orbit,2,42,1,success,1901,387,131.0,144.67,1,56,147,184,30.09
151.8,151.8,0.0267,0.0267,703.7,703.7,0.0,0.0,0.0,0.0,same_orbit,3,42,1,success,1917,439,149.0,160.2,1,61,179,199,58.43
10.09,10.09,0.0066,0.0066,569.5,569.5,0.0,0.0,0.0,0.0,same_orbit,4,42,1,success,1353,155,5.0,10.45,1,4,149,2,82.83
-177.66,-177.66,0.0117,0.0117,525.0,525.0,0.0,0.0,0.0,0.0,same_orbit,5,42,1,success,1908,449,177.0,182.76,1,69,147,233,71.99
-44.49,-44.49,0.0393,0.0393,757.7,757.7,0.0,0.0,0.0,0.0,same_orbit,6,42,1,success,1735,272,38.0,47.31,1,24,151,97,51.9
-50.74,-50.74,0.0188,0.0188,472.1,472.1,0.0,0.0,0.0,0.0,same_orbit,7,42,1,success,1737,292,41.0,51.8,1,24,131,137,130.98
16.63,16.63,0.0026,0.0026,481.9,481.9,0.0,0.0,0.0,0.0,same_orbit,8,42,1,success,1447,300,9.0,17.0,1,7,148,145,85.83
-16.59,-16.59,0.0096,0.0096,464.6,464.6,0.0,0.0,0.0,0.0,same_orbit,9,42,1,success,1437,174,9.0,16.92,1,7,165,2,83.6
-66.33,-66.33,0.0272,0.0272,393.4,393.4,0.0,0.0,0.0,0.0,same_orbit,10,42,1,success,1961,473,281.0,296.33,1,97,152,224,42.4
-111.88,-111.88,0.0219,0.0219,499.7,499.7,0.0,0.0,0.0,0.0,same_orbit,11,42,1,success,1851,314,104.0,114.67,1,44,124,146,110.26
-49.48,-49.48,0.0049,0.0049,703.0,703.0,0.0,0.0,0.0,0.0,same_orbit,12,42,1,success,1745,249,41.0,52.21,1,26,150,73,30.73
142.73,142.73,0.0125,0.0125,490.2,490.2,0.0,0.0,0.0,0.0,same_orbit,13,42,1,success,1912,395,135.0,146.08,1,59,159,177,38.77
-59.92,-59.92,0.0174,0.0174,791.8,791.8,0.0,0.0,0.0,0.0,same_orbit,14,42,1,success,1755,256,51.0,64.02,1,25,139,92,84.29
11.77,11.77,0.0233,0.0233,757.6,757.6,0.0,0.0,0.0,0.0,same_orbit,15,42,1,success,1355,172,6.0,12.52,1,5,167,0,55.38
-87.35,-87.35,0.016,0.016,788.6,788.6,0.0,0.0,0.0,0.0,same_orbit,16,42,1,success,1832,271,83.0,93.29,1,47,147,77,112.58
56.36,56.36,0.0413,0.0413,578.7,578.7,0.0,0.0,0.0,0.0,same_orbit,17,42,1,success,1769,258,46.0,58.43,1,21,146,91,103.6
157.35,157.35,0.0223,0.0223,455.7,455.7,0.0,0.0,0.0,0.0,same_orbit,18,42,1,success,1916,417,148.0,160.24,1,61,165,191,53.47
40.23,40.23,0.0228,0.0228,544.9,544.9,0.0,0.0,0.0,0.0,same_orbit,19,42,1,success,1654,221,31.0,41.5,1,19,121,81,138.42
74.69,74.69,0.0468,0.0468,523.4,523.4,0.0,0.0,0.0,0.0,same_orbit,20,42,1,success,1794,359,64.0,76.82,1,35,148,176,160.33
-156.8,-156.8,0.0122,0.0122,505.5,505.5,0.0,0.0,0.0,0.0,same_orbit,21,42,1,success,1891,417,154.0,160.85,1,65,151,201,72.78
38.99,38.99,0.02,0.02,363.0,363.0,0.0,0.0,0.0,0.0,same_orbit,22,42,1,success,1648,257,29.0,39.17,1,14,150,93,130.18
77.59,77.59,0.0157,0.0157,493.2,493.2,0.0,0.0,0.0,0.0,same_orbit,23,42,1,success,1796,374,66.0,79.45,1,35,139,200,164.72
-102.44,-102.44,0.0098,0.0098,794.6,794.6,0.0,0.0,0.0,0.0,same_orbit,24,42,1,success,1864,343,102.0,109.5,1,50,161,132,133.36
119.45,119.45,0.0179,0.0179,363.6,363.6,0.0,0.0,0.0,0.0,same_orbit,25,42,1,success,1875,441,107.0,120.0,1,54,144,243,154.79
3.86,3.86,0.0363,0.0363,778.2,778.2,0.0,0.0,0.0,0.0,same_orbit,26,42,1,success,1279,42,2.0,4.11,1,2,39,1,45.79
25.45,25.45,0.0147,0.0147,483.0,483.0,0.0,0.0,0.0,0.0,same_orbit,27,42,1,success,1534,164,17.0,26.02,1,12,141,11,37.1
32.63,32.63,0.0176,0.0176,461.0,461.0,0.0,0.0,0.0,0.0,same_orbit,28,42,1,success,1660,331,23.0,33.26,1,16,144,171,33.03
96.07,96.07,0.0456,0.0456,735.1,735.1,0.0,0.0,0.0,0.0,same_orbit,29,42,1,success,1842,347,87.0,101.84,1,45,166,136,83.54
-174.48,-174.48,0.0099,0.0099,555.0,555.0,0.0,0.0,0.0,0.0,same_orbit,30,42,1,success,1922,398,176.0,180.27,1,70,157,171,67.06
135.75,135.75,0.0314,0.0314,472.1,472.1,0.0,0.0,0.0,0.0,same_orbit,31,42,1,success,1893,427,125.0,138.58,1,61,153,213,158.54
47.11,47.11,0.0498,0.0498,640.0,640.0,0.0,0.0,0.0,0.0,same_orbit,32,42,1,success,1733,325,37.0,49.27,1,23,153,149,30.57
-27.01,-27.01,0.0373,0.0373,468.8,468.8,0.0,0.0,0.0,0.0,same_orbit,33,42,1,success,1974,490,322.0,339.76,1,105,154,231,54.69
14.36,14.36,0.0319,0.0319,525.9,525.9,0.0,0.0,0.0,0.0,same_orbit,34,42,1,success,1381,192,7.0,14.77,1,6,183,3,86.11
-113.67,-113.67,0.0172,0.0172,603.1,603.1,0.0,0.0,0.0,0.0,same_orbit,35,42,1,success,1863,350,109.0,118.26,1,50,139,161,81.79
-46.89,-46.89,0.0325,0.0325,540.8,540.8,0.0,0.0,0.0,0.0,same_orbit,36,42,1,success,1713,274,37.0,48.35,1,22,141,111,31.22
162.19,162.19,0.0076,0.0076,637.2,637.2,0.0,0.0,0.0,0.0,same_orbit,37,42,1,success,1919,372,158.0,169.56,1,64,161,147,133.51
164.69,164.69,0.0369,0.0369,529.8,529.8,0.0,0.0,0.0,0.0,same_orbit,38,42,1,success,1921,379,158.0,169.54,1,63,159,157,39.26
42.92,42.92,0.0191,0.0191,623.0,623.0,0.0,0.0,0.0,0.0,same_orbit,39,42,1,success,1689,314,33.0,44.78,1,21,150,143,154.11
161.16,161.16,0.0423,0.0423,722.9,722.9,0.0,0.0,0.0,0.0,same_orbit,40,42,1,success,1929,447,163.0,170.54,1,64,180,203,47.52
11.35,11.35,0.013,0.013,666.5,666.5,0.0,0.0,0.0,0.0,same_orbit,41,42,1,success,1290,163,6.0,11.91,1,5,155,3,46.67
-166.64,-166.64,0.044,0.044,618.2,618.2,0.0,0.0,0.0,0.0,same_orbit,42,42,1,success,1961,409,118.0,201.59,1,54,161,194,43.56
166.71,166.71,0.024,0.024,525.7,525.7,0.0,0.0,0.0,0.0,same_orbit,43,42,1,success,1918,437,158.0,171.51,1,52,171,214,79.08
-59.31,-59.31,0.0274,0.0274,540.4,540.4,0.0,0.0,0.0,0.0,same_orbit,44,42,1,success,1750,257,49.0,61.15,1,27,141,89,55.48
-110.06,-110.06,0.031,0.031,591.8,591.8,0.0,0.0,0.0,0.0,same_orbit,45,42,1,success,1863,364,103.0,114.32,1,46,140,178,43.94
-173.44,-173.44,0.0216,0.0216,785.5,785.5,0.0,0.0,0.0,0.0,same_orbit,46,42,1,success,1909,341,182.0,185.16,1,73,147,121,146.41
-106.88,-106.88,0.0202,0.0202,784.5,784.5,0.0,0.0,0.0,0.0,same_orbit,47,42,1,success,1861,259,105.0,114.09,1,51,129,79,89.88
-46.21,-46.21,0.0154,0.0154,486.9,486.9,0.0,0.0,0.0,0.0,same_orbit,48,42,1,success,1731,190,38.0,47.28,1,25,117,48,77.15
8.9,8.9,0.0372,0.0372,761.2,761.2,0.0,0.0,0.0,0.0,same_orbit,49,42,1,success,1526,230,4.0,9.47,1,3,130,97,36.02
-83.2,-83.2,0.0148,0.0148,328.3,328.3,0.0,0.0,0.0,0.0,same_orbit,50,42,1,success,1957,483,265.0,276.62,1,101,148,234,44.82
-44.9,-44.9,0.0121,0.0121,661.0,661.0,0.0,0.0,0.0,0.0,same_orbit,51,42,1,success,1707,220,37.0,47.09,1,21,135,64,32.56
102.51,102.51,0.0401,0.0401,546.7,546.7,0.0,0.0,0.0,0.0,same_orbit,52,42,1,success,1877,390,94.0,105.78,1,47,167,176,52.35
-44.46,-44.46,0.0116,0.0116,629.1,629.1,0.0,0.0,0.0,0.0,same_orbit,53,42,1,success,1708,271,35.0,46.43,1,19,147,105,34.8
169.93,169.93,0.0194,0.0194,567.2,567.2,0.0,0.0,0.0,0.0,same_orbit,54,42,1,success,1929,446,166.0,175.88,1,78,167,201,55.57
-9.2,-9.2,0.0132,0.0132,348.6,348.6,0.0,0.0,0.0,0.0,same_orbit,55,42,1,success,1475,215,4.0,9.22,1,3,133,79,39.43
-66.22,-66.22,0.0194,0.0194,378.6,378.6,0.0,0.0,0.0,0.0,same_orbit,56,42,1,success,1858,351,40.0,55.66,1,21,164,166,69.95
145.58,145.58,0.0026,0.0026,399.5,399.5,0.0,0.0,0.0,0.0,same_orbit,57,42,1,success,1894,338,134.0,147.03,1,53,134,151,139.73
-175.55,-175.55,0.0275,0.0275,735.7,735.7,0.0,0.0,0.0,0.0,same_orbit,58,42,1,success,1919,453,182.0,186.11,1,70,162,221,62.01
-36.56,-36.56,0.0107,0.0107,632.4,632.4,0.0,0.0,0.0,0.0,same_orbit,59,42,1,success,1635,295,27.0,38.19,1,14,161,120,30.45
-1.99,-1.99,0.034,0.034,436.1,436.1,0.0,0.0,0.0,0.0,same_orbit,60,42,0,safety_cap,2000,2000,-0.0,2.02,1,0,0,2000,228.35
22.73,22.73,0.036,0.036,469.1,469.1,0.0,0.0,0.0,0.0,same_orbit,61,42,1,success,1499,310,13.0,23.19,1,7,146,157,128.22
-90.66,-90.66,0.0158,0.0158,516.6,516.6,0.0,0.0,0.0,0.0,same_orbit,62,42,1,success,1857,348,83.0,93.15,1,41,150,157,83.18
178.16,178.16,0.0414,0.0414,779.0,779.0,0.0,0.0,0.0,0.0,same_orbit,63,42,1,success,1937,336,181.0,190.02,1,71,149,116,120.84
49.39,49.39,0.0275,0.0275,768.9,768.9,0.0,0.0,0.0,0.0,same_orbit,64,42,1,success,1757,269,41.0,52.61,1,26,148,95,30.49
-153.91,-153.91,0.0074,0.0074,523.5,523.5,0.0,0.0,0.0,0.0,same_orbit,65,42,1,success,1879,371,149.0,158.29,1,56,140,175,86.92
13.79,13.79,0.0346,0.0346,675.7,675.7,0.0,0.0,0.0,0.0,same_orbit,66,42,1,success,1357,260,7.0,14.5,1,6,165,89,31.48
-58.4,-58.4,0.0322,0.0322,585.9,585.9,0.0,0.0,0.0,0.0,same_orbit,67,42,1,success,1730,319,49.0,60.61,1,26,151,142,62.97
-125.79,-125.79,0.0089,0.0089,394.8,394.8,0.0,0.0,0.0,0.0,same_orbit,68,42,1,success,1862,395,118.0,126.95,1,58,146,191,172.03
84.11,84.11,0.0443,0.0443,769.3,769.3,0.0,0.0,0.0,0.0,same_orbit,69,42,1,success,1837,233,77.0,89.59,1,37,132,64,67.75
47.26,47.26,0.0388,0.0388,580.5,580.5,0.0,0.0,0.0,0.0,same_orbit,70,42,1,success,1733,300,37.0,49.01,1,21,140,139,33.66
-104.92,-104.92,0.0101,0.0101,332.3,332.3,0.0,0.0,0.0,0.0,same_orbit,71,42,1,success,1952,391,65.0,255.07,1,34,157,200,46.66
-113.86,-113.86,0.0386,0.0386,611.9,611.9,0.0,0.0,0.0,0.0,same_orbit,72,42,1,success,1865,320,111.0,118.6,1,51,141,128,148.57
-83.34,-83.34,0.0134,0.0134,593.5,593.5,0.0,0.0,0.0,0.0,same_orbit,73,42,1,success,1832,413,76.0,86.59,1,41,154,218,113.1
107.71,107.71,0.0237,0.0237,499.0,499.0,0.0,0.0,0.0,0.0,same_orbit,74,42,1,success,1873,385,97.0,110.39,1,47,168,170,47.81
174.73,174.73,0.0376,0.0376,719.8,719.8,0.0,0.0,0.0,0.0,same_orbit,75,42,1,success,1934,316,172.0,184.82,1,66,154,96,113.61
30.97,30.97,0.0133,0.0133,408.4,408.4,0.0,0.0,0.0,0.0,same_orbit,76,42,1,success,1641,284,21.0,31.32,1,13,159,112,73.14
96.15,96.15,0.039,0.039,524.5,524.5,0.0,0.0,0.0,0.0,same_orbit,77,42,1,success,1852,410,87.0,98.9,1,41,162,207,55.23
-11.5,-11.5,0.0283,0.0283,728.6,728.6,0.0,0.0,0.0,0.0,same_orbit,78,42,1,success,1317,169,6.0,12.18,1,5,159,5,52.25
-146.73,-146.73,0.0247,0.0247,561.6,561.6,0.0,0.0,0.0,0.0,same_orbit,79,42,1,success,1876,348,141.0,151.74,1,56,136,156,188.01
100.72,100.72,0.0397,0.0397,677.7,677.7,0.0,0.0,0.0,0.0,same_orbit,80,42,1,success,1864,277,93.0,105.91,1,36,157,84,35.89
-76.46,-76.46,0.0282,0.0282,739.3,739.3,0.0,0.0,0.0,0.0,same_orbit,81,42,1,success,1787,291,68.0,81.1,1,34,142,115,67.14
117.69,117.69,0.0486,0.0486,687.2,687.2,0.0,0.0,0.0,0.0,same_orbit,82,42,1,success,1882,320,113.0,123.91,1,57,138,125,154.16
136.56,136.56,0.0233,0.0233,370.1,370.1,0.0,0.0,0.0,0.0,same_orbit,83,42,1,success,1882,367,123.0,137.32,1,54,133,180,171.15
141.97,141.97,0.0158,0.0158,679.1,679.1,0.0,0.0,0.0,0.0,same_orbit,84,42,1,success,1915,423,139.0,149.31,1,64,180,179,74.32
68.39,68.39,0.0392,0.0392,615.0,615.0,0.0,0.0,0.0,0.0,same_orbit,85,42,1,success,1781,328,59.0,71.27,1,31,153,144,30.78
21.01,21.01,0.0205,0.0205,614.6,614.6,0.0,0.0,0.0,0.0,same_orbit,86,42,1,success,1503,166,14.0,21.89,1,10,152,4,103.89
-75.54,-75.54,0.0213,0.0213,707.5,707.5,0.0,0.0,0.0,0.0,same_orbit,87,42,1,success,1772,264,65.0,79.76,1,24,132,108,153.68
-154.41,-154.41,0.0042,0.0042,467.8,467.8,0.0,0.0,0.0,0.0,same_orbit,88,42,1,success,1884,394,149.0,157.52,1,62,145,187,120.68
165.04,165.04,0.0211,0.0211,702.7,702.7,0.0,0.0,0.0,0.0,same_orbit,89,42,1,success,1930,412,165.0,174.15,1,62,178,172,41.15
-44.76,-44.76,0.041,0.041,622.6,622.6,0.0,0.0,0.0,0.0,same_orbit,90,42,1,success,1703,301,35.0,46.7,1,17,157,127,148.24
-80.46,-80.46,0.0477,0.0477,654.1,654.1,0.0,0.0,0.0,0.0,same_orbit,91,42,1,success,1787,286,71.0,84.32,1,35,136,115,150.87
-109.22,-109.22,0.0209,0.0209,671.9,671.9,0.0,0.0,0.0,0.0,same_orbit,92,42,1,success,1864,391,105.0,114.75,1,51,162,178,67.45
-124.68,-124.68,0.0484,0.0484,671.8,671.8,0.0,0.0,0.0,0.0,same_orbit,93,42,1,success,1877,388,123.0,130.98,1,59,145,184,158.55
23.29,23.29,0.0196,0.0196,368.6,368.6,0.0,0.0,0.0,0.0,same_orbit,94,42,1,success,1518,301,13.0,23.41,1,8,149,144,70.36
125.12,125.12,0.0204,0.0204,385.1,385.1,0.0,0.0,0.0,0.0,same_orbit,95,42,1,success,1876,434,114.0,126.1,1,54,146,234,161.47
153.42,153.42,0.0136,0.0136,345.2,345.2,0.0,0.0,0.0,0.0,same_orbit,96,42,1,success,1899,355,140.0,153.71,1,64,135,156,36.29
34.27,34.27,0.0201,0.0201,339.3,339.3,0.0,0.0,0.0,0.0,same_orbit,97,42,1,success,1630,288,24.0,34.3,1,17,155,116,31.91
-128.89,-128.89,0.0068,0.0068,618.2,618.2,0.0,0.0,0.0,0.0,same_orbit,98,42,1,success,1876,360,125.0,134.38,1,48,139,173,166.63
-84.19,-84.19,0.0233,0.0233,723.3,723.3,0.0,0.0,0.0,0.0,same_orbit,99,42,1,success,1806,373,78.0,89.1,1,41,145,187,121.55
143.35,-74.84,0.0408,0.0342,676.0,571.4,104.6,56.45,268.86,268.86,headline_seed7,0,7,1,success,1882,352,353.0,343.09,1,76,143,133,176.77
142.56,45.99,0.0289,0.0344,556.5,761.6,-205.1,109.83,177.14,177.14,headline_seed7,1,7,1,success,1934,443,305.0,259.14,1,89,177,177,46.35
-58.09,-157.41,0.0149,0.0166,467.7,718.6,-250.9,136.29,90.1,136.29,headline_seed7,2,7,1,success,1700,178,127.0,132.68,1,30,129,19,58.97
-151.0,28.28,0.0137,0.0439,578.7,664.6,-86.0,46.4,216.65,216.65,headline_seed7,3,7,1,success,1951,425,325.0,295.89,1,69,181,175,37.23
102.28,-5.35,0.0172,0.0027,396.5,754.5,-358.0,195.25,68.16,195.25,headline_seed7,4,7,1,success,1938,481,204.0,205.13,1,93,154,234,57.41
-52.53,-41.06,0.0212,0.0142,382.8,502.8,-120.0,67.37,29.8,67.37,headline_seed7,5,7,1,success,1698,359,56.0,66.49,1,24,140,195,109.09
-84.1,-1.78,0.0318,0.0229,416.6,753.2,-336.6,183.21,136.81,183.21,headline_seed7,6,7,1,success,1765,287,173.0,181.5,1,43,149,95,135.88
17.29,60.98,0.0126,0.0198,644.5,769.8,-125.3,66.42,51.62,66.42,headline_seed7,7,7,1,success,1614,319,77.0,83.96,1,13,176,130,57.29
112.71,124.71,0.041,0.0439,495.7,697.4,-201.6,109.46,35.04,109.46,headline_seed7,8,7,1,success,1954,419,129.0,139.06,1,61,163,195,45.71
67.3,130.39,0.0072,0.011,338.9,798.1,-459.2,250.83,37.51,250.83,headline_seed7,9,7,1,success,1951,473,245.0,238.78,1,95,161,217,42.31
-18.46,-42.06,0.0124,0.0138,760.9,680.6,80.4,42.48,20.74,42.48,headline_seed7,10,7,1,success,1621,304,57.0,62.27,1,21,154,129,76.8
115.42,45.38,0.0119,0.0245,415.7,670.6,-254.9,139.97,87.54,139.97,headline_seed7,11,7,1,success,1936,437,216.0,216.0,1,92,153,192,53.09
36.4,-137.6,0.021,0.0477,730.7,796.4,-65.7,34.41,255.84,255.84,headline_seed7,12,7,1,success,1968,432,406.0,275.3,1,94,157,181,41.08
82.64,-84.56,0.0279,0.0202,499.2,417.4,81.8,45.74,183.49,183.49,headline_seed7,13,7,1,success,1842,351,230.0,225.33,1,48,138,165,35.78
-124.4,-47.67,0.0156,0.0211,467.5,662.6,-195.1,106.62,87.35,106.62,headline_seed7,14,7,1,success,1871,306,149.0,152.61,1,51,145,110,38.58
55.59,-22.15,0.0083,0.0094,772.9,541.0,231.8,124.23,42.2,124.23,headline_seed7,15,7,1,success,1695,250,120.0,127.36,1,42,118,90,90.29
-55.73,107.01,0.0013,0.0181,553.4,678.6,-125.2,67.68,72.82,72.82,headline_seed7,16,7,1,success,1703,229,97.0,102.12,1,41,142,46,111.02
33.43,-116.23,0.0215,0.0118,661.5,445.5,216.0,118.35,123.06,123.06,headline_seed7,17,7,1,success,1588,267,140.0,140.06,1,32,156,79,32.29
63.95,-143.35,0.0381,0.0479,757.7,640.5,117.3,62.27,315.34,315.34,headline_seed7,18,7,1,success,1825,400,351.0,348.78,1,50,163,187,107.34
96.1,92.43,0.0067,0.0473,318.5,602.5,-284.0,158.81,153.56,158.81,headline_seed7,19,7,1,success,1853,412,255.0,253.93,1,56,163,193,44.64
58.3,157.98,0.0387,0.0211,528.2,797.0,-268.8,143.87,175.69,175.69,headline_seed7,20,7,1,success,1795,321,201.0,206.87,1,40,150,131,44.93
-148.38,6.97,0.0136,0.0085,405.1,601.3,-196.2,108.7,81.96,108.7,headline_seed7,21,7,1,success,1868,422,151.0,159.12,1,59,144,219,58.81
-57.6,1.86,0.0174,0.0331,781.2,700.5,80.7,42.5,107.01,107.01,headline_seed7,22,7,1,success,1739,305,135.0,137.39,1,39,136,130,76.64
-85.16,-175.77,0.0364,0.0333,583.7,660.9,-77.2,41.65,186.72,186.72,headline_seed7,23,7,1,success,1808,304,240.0,231.38,1,51,148,105,85.81
-80.42,-75.02,0.004,0.0488,519.0,778.6,-259.6,139.34,167.3,167.3,headline_seed7,24,7,1,success,1790,335,214.0,210.19,1,48,136,151,91.85
63.31,-149.6,0.0119,0.0394,669.0,777.6,-108.6,57.35,185.82,185.82,headline_seed7,25,7,1,success,1759,321,226.0,219.58,1,49,138,134,143.8
-13.51,-134.53,0.0222,0.0356,700.1,617.6,82.5,44.18,191.37,191.37,headline_seed7,26,7,1,success,1625,216,213.0,198.41,1,39,150,27,65.14
-73.75,-143.58,0.0094,0.0217,435.3,643.3,-208.0,114.33,77.11,114.33,headline_seed7,27,7,1,success,1765,352,111.0,115.69,1,41,143,168,84.72
-25.57,179.53,0.0058,0.0341,711.0,469.0,242.0,131.57,150.65,150.65,headline_seed7,28,7,1,success,1538,215,160.0,163.69,1,24,131,60,35.89
-69.29,-32.97,0.0313,0.0088,773.7,649.9,123.7,65.53,93.51,93.51,headline_seed7,29,7,1,success,1783,293,133.0,138.97,1,42,143,108,165.5
-160.0,-99.88,0.0478,0.0166,675.6,364.0,311.5,171.96,161.66,171.96,headline_seed7,30,7,1,success,1937,437,261.0,262.13,1,77,152,208,59.9
154.29,89.67,0.0307,0.005,651.2,598.8,52.5,28.3,109.17,109.17,headline_seed7,31,7,1,success,1920,407,183.0,189.38,1,58,173,176,66.67
-35.28,-68.65,0.012,0.0315,411.5,610.0,-198.5,109.76,84.86,109.76,headline_seed7,32,7,1,success,1623,268,109.0,107.42,1,33,164,71,83.67
-74.94,-116.26,0.0052,0.033,503.4,696.0,-192.6,104.49,109.87,109.87,headline_seed7,33,7,1,success,1805,335,146.0,149.37,1,45,150,140,38.11
-31.92,-79.1,0.0454,0.0395,512.5,733.1,-220.7,119.12,128.84,128.84,headline_seed7,34,7,1,success,1492,242,148.0,145.76,1,30,143,69,40.5
-59.13,-133.11,0.0038,0.0477,377.3,774.3,-397.0,216.53,174.86,216.53,headline_seed7,35,7,1,success,1684,350,209.0,207.51,1,36,150,164,42.36
-105.65,63.68,0.0235,0.0099,778.3,438.5,339.8,183.99,127.32,183.99,headline_seed7,36,7,1,success,1948,417,250.0,256.51,1,85,153,179,60.25
99.65,-110.94,0.0047,0.0027,540.5,413.4,127.1,70.8,27.52,70.8,headline_seed7,37,7,1,success,1847,404,66.0,77.94,1,41,151,212,103.54
41.47,-166.33,0.0307,0.035,664.1,555.4,108.7,58.82,241.89,241.89,headline_seed7,38,7,1,success,1727,173,261.0,263.32,1,35,127,11,94.6
-135.27,24.78,0.0033,0.0401,655.8,601.7,54.1,29.15,163.41,163.41,headline_seed7,39,7,1,success,1882,324,228.0,232.23,1,58,149,117,55.91
40.54,55.93,0.0033,0.0247,572.4,493.5,78.9,43.43,82.08,82.08,headline_seed7,40,7,1,success,1679,186,97.0,102.83,1,28,133,25,117.03
86.1,164.0,0.0001,0.0063,400.1,620.0,-219.9,121.62,23.62,121.62,headline_seed7,41,7,1,success,1949,467,164.0,166.89,1,83,157,227,38.74
143.26,106.02,0.0398,0.0201,684.1,459.1,225.0,122.78,102.18,122.78,headline_seed7,42,7,1,success,1892,394,162.0,175.16,1,56,143,195,156.1
80.5,-128.72,0.0378,0.0017,621.4,513.8,107.6,58.79,149.23,149.23,headline_seed7,43,7,1,success,1790,331,185.0,190.56,1,46,133,152,52.9
145.6,-64.15,0.0127,0.023,706.7,459.0,247.8,134.9,131.9,134.9,headline_seed7,44,7,1,success,1917,377,207.0,206.08,1,70,156,151,54.54
133.87,77.26,0.038,0.041,549.2,733.4,-184.1,98.99,140.67,140.67,headline_seed7,45,7,1,success,1914,364,229.0,238.93,1,60,166,138,45.57
27.15,-27.92,0.0116,0.0414,533.5,697.9,-164.4,88.87,135.46,135.46,headline_seed7,46,7,1,success,1680,238,161.0,149.77,1,38,123,77,37.89
137.62,14.5,0.0407,0.0427,706.0,613.6,92.4,49.46,276.83,276.83,headline_seed7,47,7,1,success,1874,333,341.0,348.52,1,70,146,117,32.52
-79.65,-73.2,0.0192,0.0376,493.0,569.1,-76.1,41.88,70.52,70.52,headline_seed7,48,7,1,success,1800,251,107.0,111.75,1,44,133,74,142.83
-177.14,66.14,0.0276,0.0127,685.8,448.7,237.1,129.54,134.53,134.53,headline_seed7,49,7,1,success,1930,397,218.0,227.54,1,76,153,168,65.14
133.76,-51.88,0.0167,0.0104,600.1,380.7,219.4,121.86,104.03,121.86,headline_seed7,50,7,1,success,1885,431,166.0,171.39,1,54,150,227,162.96
67.87,-48.32,0.0238,0.0077,494.6,362.8,131.8,74.22,108.07,108.07,headline_seed7,51,7,1,success,1760,291,137.0,142.16,1,40,133,118,73.77
-72.05,-168.2,0.0368,0.006,733.5,642.2,91.3,48.59,143.0,143.0,headline_seed7,52,7,1,success,1800,263,182.0,180.69,1,48,127,88,71.41
-169.35,-80.43,0.0154,0.0019,445.3,797.4,-352.1,190.15,57.66,190.15,headline_seed7,53,7,1,success,1906,337,184.0,183.14,1,73,151,113,57.94
-16.66,-29.38,0.0093,0.0267,573.3,419.6,153.7,85.28,68.18,85.28,headline_seed7,54,7,1,success,1532,291,105.0,103.61,1,28,155,108,61.49
-108.86,-65.43,0.0257,0.0014,775.5,453.3,322.2,174.24,94.48,174.24,headline_seed7,55,7,1,success,1945,443,212.0,222.31,1,87,166,190,58.29
-47.1,-87.96,0.0326,0.0011,615.0,519.7,95.3,52.07,120.91,120.91,headline_seed7,56,7,1,success,1767,219,139.0,145.12,1,33,113,73,112.38
-107.55,162.98,0.0121,0.0311,769.1,585.5,183.6,97.97,125.97,125.97,headline_seed7,57,7,1,success,1952,466,253.0,211.52,1,85,164,217,42.47
-103.64,65.74,0.0153,0.042,583.8,690.4,-106.6,57.37,214.61,214.61,headline_seed7,58,7,1,success,1846,219,273.0,269.19,1,58,119,42,71.11
50.4,24.5,0.0318,0.0185,445.0,336.6,108.4,61.53,66.12,66.12,headline_seed7,59,7,1,success,1709,283,86.0,91.33,1,36,132,115,33.35
-138.93,34.38,0.0416,0.0473,611.5,748.9,-137.4,73.28,331.96,331.96,headline_seed7,60,7,0,safety_cap,2000,392,472.0,405.74,1,57,152,183,11490.51
-29.91,-59.9,0.042,0.0143,614.1,326.3,287.8,160.58,117.57,160.58,headline_seed7,61,7,1,success,1972,481,271.0,195.63,1,95,150,236,55.41
-3.79,8.4,0.0091,0.0477,755.6,684.2,71.5,37.78,146.1,146.1,headline_seed7,62,7,1,success,1521,298,161.0,148.1,1,26,157,115,78.45
126.43,-47.31,0.0203,0.0044,608.4,674.7,-66.3,35.64,92.66,92.66,headline_seed7,63,7,1,success,1920,434,164.0,168.27,1,65,186,183,57.88
-175.58,-18.57,0.0232,0.0348,379.8,471.9,-92.1,51.91,217.25,217.25,headline_seed7,64,7,1,success,1926,412,304.0,311.38,1,76,152,184,38.35
39.87,-14.86,0.0419,0.0086,630.4,351.1,279.3,155.17,144.8,155.17,headline_seed7,65,7,1,success,1624,291,156.0,164.79,1,25,140,126,91.35
-1.42,-63.27,0.0341,0.0445,756.4,660.0,96.4,51.08,155.73,155.73,headline_seed7,66,7,1,success,1619,342,174.0,156.47,1,37,179,126,46.73
-106.15,100.23,0.0029,0.0061,532.9,300.5,232.4,131.2,34.12,131.2,headline_seed7,67,7,1,success,1951,348,148.0,160.44,1,75,127,146,65.53
51.13,-130.61,0.0358,0.0122,480.7,627.2,-146.6,80.29,181.21,181.21,headline_seed7,68,7,1,success,1777,330,222.0,207.9,1,46,162,122,44.05
-141.81,-127.0,0.0203,0.0202,390.1,573.4,-183.3,102.0,19.81,102.0,headline_seed7,69,7,1,success,1877,374,90.0,99.98,1,53,141,180,47.27
-68.12,-76.83,0.0119,0.037,504.0,786.6,-282.6,151.82,94.15,151.82,headline_seed7,70,7,1,success,1760,348,136.0,147.32,1,33,145,170,54.47
35.11,-69.08,0.0221,0.0091,583.9,747.2,-163.3,87.36,96.83,96.83,headline_seed7,71,7,1,success,1710,321,126.0,123.14,1,34,162,125,129.99
-55.34,-153.89,0.028,0.0148,605.9,302.9,303.0,169.68,129.86,169.68,headline_seed7,72,7,1,success,1971,475,270.0,281.51,1,86,151,238,49.75
-32.53,70.79,0.0044,0.0182,327.7,677.1,-349.4,193.58,73.95,193.58,headline_seed7,73,7,1,success,1516,207,191.0,186.39,1,35,146,26,36.25
177.09,80.38,0.0059,0.0317,521.4,585.9,-64.4,35.3,124.59,124.59,headline_seed7,74,7,1,success,1920,450,219.0,217.42,1,68,164,218,56.4
60.2,100.86,0.0195,0.0218,650.5,441.8,208.7,114.5,55.55,114.5,headline_seed7,75,7,1,success,1719,197,108.0,117.13,1,39,128,30,67.27
100.66,62.34,0.0122,0.047,639.8,589.6,50.3,27.19,144.53,144.53,headline_seed7,76,7,1,success,1858,357,191.0,196.79,1,54,147,156,40.33
-4.6,-51.26,0.0074,0.0223,373.7,492.8,-119.1,66.98,68.76,68.76,headline_seed7,77,7,1,success,1401,104,72.0,71.11,1,16,52,36,51.26
-129.74,-59.81,0.0002,0.0426,639.2,706.5,-67.4,35.97,159.68,159.68,headline_seed7,78,7,1,success,1885,375,231.0,228.17,1,62,147,166,143.61
54.56,179.24,0.0268,0.0384,668.4,500.7,167.7,91.26,221.07,221.07,headline_seed7,79,7,1,success,1774,270,247.0,249.03,1,42,143,85,108.76
-176.78,171.59,0.0093,0.0078,557.3,493.6,63.7,35.13,8.71,35.13,headline_seed7,80,7,1,success,1926,343,138.0,152.24,1,68,157,118,146.35
-0.6,40.84,0.0334,0.0404,685.1,581.1,103.9,55.97,101.87,101.87,headline_seed7,81,7,1,success,1965,488,110.0,102.18,1,13,295,180,31.37
-2.68,-27.87,0.0041,0.0187,753.2,487.1,266.1,143.73,57.51,143.73,headline_seed7,82,7,1,success,1564,287,161.0,150.65,1,36,161,90,36.06
-141.44,-114.9,0.0346,0.0003,638.1,400.5,237.6,131.18,131.53,131.53,headline_seed7,83,7,1,success,1938,493,238.0,241.92,1,87,151,255,64.04
-103.23,-9.17,0.0034,0.0277,772.5,668.3,104.1,55.05,105.81,105.81,headline_seed7,84,7,1,success,1866,393,159.0,164.06,1,52,167,174,77.12
-148.34,165.36,0.017,0.0252,557.1,620.8,-63.6,34.59,68.76,68.76,headline_seed7,85,7,1,success,1897,386,142.0,146.12,1,65,152,169,83.39
-51.68,-62.53,0.0108,0.0101,634.0,790.3,-156.3,82.76,7.75,82.76,headline_seed7,86,7,1,success,1708,266,73.0,81.41,1,32,137,97,134.57
-2.57,57.28,0.0418,0.0424,607.9,505.6,102.3,55.99,159.97,159.97,headline_seed7,87,7,1,success,1816,412,170.0,161.29,1,28,214,170,32.74
-91.38,-115.44,0.0258,0.0307,611.6,427.5,184.1,101.62,48.6,101.62,headline_seed7,88,7,1,success,1956,398,174.0,184.81,1,79,148,171,59.68
-42.54,93.09,0.0269,0.0134,778.9,325.7,453.3,248.49,145.49,248.49,headline_seed7,89,7,1,success,1969,495,304.0,302.91,1,105,141,249,44.83
96.81,162.29,0.0057,0.042,497.4,605.6,-108.2,59.29,151.17,151.17,headline_seed7,90,7,1,success,1872,350,198.0,201.54,1,54,147,149,36.62
51.88,132.33,0.0034,0.0329,758.6,666.0,92.6,49.01,122.17,122.17,headline_seed7,91,7,1,success,1650,348,149.0,149.39,1,41,142,165,122.83
-58.03,-123.42,0.0019,0.0331,525.2,687.0,-161.9,87.69,121.44,121.44,headline_seed7,92,7,1,success,1714,302,152.0,151.99,1,42,149,111,131.4
-160.22,-72.94,0.0363,0.0342,668.9,465.2,203.6,111.24,185.87,185.87,headline_seed7,93,7,1,success,1940,413,281.0,287.73,1,76,159,178,62.45
-108.47,-61.72,0.0351,0.0181,726.0,408.4,317.6,173.5,100.53,173.5,headline_seed7,94,7,1,success,1948,447,220.0,227.72,1,90,166,191,53.78
119.98,-164.32,0.0018,0.0298,529.9,792.8,-262.9,140.75,109.69,140.75,headline_seed7,95,7,1,success,1939,389,239.0,237.93,1,82,155,152,40.13
143.46,-82.82,0.0336,0.0315,486.0,753.6,-267.5,144.5,224.02,224.02,headline_seed7,96,7,1,success,1933,374,353.0,300.25,1,87,148,139,56.74
-105.5,-114.36,0.0472,0.0161,642.6,714.4,-71.8,38.29,117.66,117.66,headline_seed7,97,7,1,success,1843,363,175.0,173.42,1,58,146,159,116.78
59.55,-86.02,0.0204,0.0049,650.5,732.1,-81.6,43.38,92.25,92.25,headline_seed7,98,7,1,success,1749,321,118.0,123.8,1,34,158,129,38.4
155.62,143.97,0.0332,0.0229,457.9,563.4,-105.5,58.32,44.59,58.32,headline_seed7,99,7,1,success,1925,456,150.0,153.77,1,75,157,224,61.12
140.79,-51.17,0.0155,0.0122,305.2,733.0,-427.8,236.2,103.21,236.2,headline_seed1337,0,1337,1,success,1930,479,235.0,225.53,1,93,161,225,43.69
19.46,104.7,0.0,0.0371,409.6,642.2,-232.6,128.18,139.89,139.89,headline_seed1337,1,1337,1,success,1677,317,165.0,150.07,1,32,160,125,66.2
164.84,62.95,0.0108,0.0184,463.4,613.4,-150.0,82.45,87.44,87.44,headline_seed1337,2,1337,1,success,1925,461,187.0,189.11,1,73,153,235,31.65
-177.06,-143.87,0.0246,0.0145,551.9,778.5,-226.6,121.23,55.17,121.23,headline_seed1337,3,1337,1,success,1917,428,143.0,149.59,1,61,159,208,133.51
-147.3,-127.24,0.004,0.0098,445.5,634.9,-189.4,104.05,23.49,104.05,headline_seed1337,4,1337,1,success,1878,301,91.0,101.94,1,54,129,118,40.95
-106.94,-43.25,0.0452,0.0402,606.6,541.0,65.6,35.77,171.86,171.86,headline_seed1337,5,1337,1,success,1950,355,290.0,302.32,1,78,138,139,56.71
136.88,19.66,0.0155,0.0223,573.5,370.3,203.3,113.37,124.93,124.93,headline_seed1337,6,1337,1,success,1879,358,184.0,193.75,1,66,142,150,162.0
62.41,127.96,0.0482,0.0387,599.0,529.2,69.8,38.18,181.32,181.32,headline_seed1337,7,1337,1,success,1722,310,221.0,213.44,1,46,145,119,122.7
-50.77,-135.3,0.0423,0.0108,681.7,606.8,75.0,40.29,161.22,161.22,headline_seed1337,8,1337,1,success,1779,364,185.0,187.64,1,38,147,179,127.01
-73.7,178.94,0.0191,0.005,338.7,776.0,-437.3,239.47,79.01,239.47,headline_seed1337,9,1337,1,success,1778,276,234.0,228.48,1,51,136,89,116.91
-86.2,42.75,0.0305,0.0212,533.6,758.0,-224.4,120.51,174.84,174.84,headline_seed1337,10,1337,1,success,1795,231,227.0,220.68,1,54,127,50,136.54
-51.14,-93.87,0.0467,0.0005,627.0,362.2,264.9,147.0,178.11,178.11,headline_seed1337,11,1337,1,success,1719,194,194.0,203.79,1,28,116,50,119.11
96.71,40.04,0.0499,0.0453,728.9,575.2,153.7,82.46,171.87,171.87,headline_seed1337,12,1337,1,success,1845,352,213.0,221.98,1,52,153,147,83.54
95.36,152.86,0.0204,0.0047,560.5,434.8,125.8,69.74,70.28,70.28,headline_seed1337,13,1337,1,success,1848,360,110.0,118.68,1,47,148,165,104.52
177.49,-176.16,0.0062,0.0207,718.4,466.4,252.0,136.9,55.46,136.9,headline_seed1337,14,1337,1,success,1922,372,135.0,145.98,1,66,152,154,70.79
92.2,-31.87,0.0114,0.0469,556.5,672.8,-116.3,62.89,203.35,203.35,headline_seed1337,15,1337,1,success,1891,389,260.0,251.8,1,55,162,172,148.28
164.73,-50.84,0.0006,0.0118,499.5,355.9,143.6,80.87,47.34,80.87,headline_seed1337,16,1337,1,success,1906,459,120.0,129.99,1,64,151,244,67.04
156.02,-81.51,0.0485,0.0114,693.5,607.5,86.0,46.17,209.57,209.57,headline_seed1337,17,1337,1,success,1906,261,282.0,290.78,1,66,126,69,61.14
167.0,-107.69,0.0074,0.0407,383.7,725.1,-341.4,187.04,152.68,187.04,headline_seed1337,18,1337,1,success,1920,392,263.0,254.83,1,79,155,158,41.14
140.57,-112.97,0.0166,0.0035,445.6,578.0,-132.5,73.23,67.77,73.23,headline_seed1337,19,1337,1,success,1938,462,182.0,181.5,1,86,159,217,52.25
177.57,-124.43,0.0454,0.0263,581.5,637.1,-55.5,30.06,145.46,145.46,headline_seed1337,20,1337,1,success,1931,362,243.0,238.28,1,78,159,125,47.39
-67.77,142.66,0.0343,0.0402,658.5,749.8,-91.3,48.45,268.96,268.96,headline_seed1337,21,1337,1,success,1843,435,320.0,304.95,1,57,160,218,104.57
127.19,-148.71,0.0067,0.0083,357.3,688.8,-331.6,182.89,38.07,182.89,headline_seed1337,22,1337,1,success,1935,360,176.0,176.45,1,87,140,133,58.35
-33.85,78.05,0.0413,0.0218,547.4,755.7,-208.3,111.74,199.76,199.76,headline_seed1337,23,1337,1,success,1689,339,212.0,217.75,1,34,155,150,44.18
-8.33,-132.39,0.0189,0.046,537.2,668.8,-131.5,71.29,221.0,221.0,headline_seed1337,24,1337,1,success,386,48,242.0,225.37,1,28,16,4,38.22
-155.01,65.48,0.015,0.0234,421.2,364.9,56.3,31.95,139.2,139.2,headline_seed1337,25,1337,1,success,1934,474,241.0,242.19,1,85,156,233,53.91
-22.51,-42.2,0.0161,0.0436,575.3,743.3,-168.0,89.99,108.3,108.3,headline_seed1337,26,1337,1,success,1439,272,123.0,120.25,1,28,152,92,68.52
108.99,-3.36,0.0448,0.0341,580.9,738.3,-157.4,84.31,246.27,246.27,headline_seed1337,27,1337,1,success,1946,445,396.0,304.06,1,96,176,173,58.8
-86.96,-95.03,0.0213,0.0007,403.0,639.3,-236.3,130.39,78.0,130.39,headline_seed1337,28,1337,1,success,1818,369,125.0,127.09,1,50,146,173,37.49
-29.51,166.15,0.0061,0.0088,748.4,425.8,322.7,175.53,56.58,175.53,headline_seed1337,29,1337,1,success,1972,431,211.0,211.7,1,85,158,188,43.55
-127.03,153.8,0.0158,0.0335,550.9,769.6,-218.7,117.1,127.74,127.74,headline_seed1337,30,1337,1,success,1856,274,195.0,195.39,1,60,140,74,63.96
106.74,55.78,0.0265,0.023,796.3,532.3,264.0,141.25,81.81,141.25,headline_seed1337,31,1337,1,success,1854,324,138.0,145.3,1,55,150,119,133.49
29.27,-162.84,0.0075,0.0064,547.0,387.7,159.3,88.95,53.1,88.95,headline_seed1337,32,1337,1,success,1555,219,85.0,90.52,1,29,153,37,94.31
-24.71,152.41,0.0125,0.0212,799.0,600.2,198.8,105.56,127.35,127.35,headline_seed1337,33,1337,1,success,1513,188,139.0,140.2,1,21,146,21,56.7
-60.4,-58.6,0.0346,0.0133,760.8,642.0,118.7,63.02,80.27,80.27,headline_seed1337,34,1337,1,success,1773,221,124.0,127.01,1,41,129,51,69.84
22.66,12.79,0.0198,0.0003,392.3,531.0,-138.7,77.52,73.96,77.52,headline_seed1337,35,1337,1,success,1548,190,97.0,99.68,1,24,148,18,53.79
55.3,-64.68,0.0393,0.0096,563.0,760.6,-197.7,105.82,167.68,167.68,headline_seed1337,36,1337,1,success,1802,198,200.0,197.09,1,44,117,37,88.38
17.47,124.45,0.028,0.0179,402.8,489.1,-86.2,48.37,142.38,142.38,headline_seed1337,37,1337,1,success,1484,284,151.0,151.32,1,24,152,108,58.37
-82.98,76.96,0.0028,0.0262,548.8,688.5,-139.7,75.45,108.31,108.31,headline_seed1337,38,1337,1,success,1838,316,144.0,152.0,1,45,156,115,98.73
109.89,-124.0,0.0243,0.0317,783.3,452.5,330.8,178.75,191.11,191.11,headline_seed1337,39,1337,1,success,1864,316,236.0,247.04,1,54,148,114,82.48
76.36,56.43,0.0124,0.0108,531.3,389.8,141.5,79.09,16.59,79.09,headline_seed1337,40,1337,1,success,1783,262,67.0,80.33,1,35,127,100,141.4
43.93,-15.08,0.0088,0.0188,656.6,342.9,313.7,173.9,62.27,173.9,headline_seed1337,41,1337,1,success,1702,256,169.0,179.99,1,32,136,88,39.3
-97.58,-160.32,0.0023,0.0146,587.7,451.0,136.7,75.45,52.49,75.45,headline_seed1337,42,1337,1,success,1853,421,172.0,175.89,1,55,154,212,49.59
-115.81,-104.24,0.0231,0.0139,452.7,364.1,88.6,50.12,37.98,50.12,headline_seed1337,43,1337,1,success,1954,464,343.0,194.72,1,101,140,223,40.19
-159.56,40.63,0.022,0.0431,699.4,528.8,170.6,92.24,244.12,244.12,headline_seed1337,44,1337,1,success,1931,453,347.0,347.28,1,80,172,201,60.13
13.18,-53.89,0.0099,0.0137,700.9,611.8,89.1,47.75,50.83,50.83,headline_seed1337,45,1337,1,success,1222,133,56.0,57.69,1,21,79,33,36.3
59.62,149.28,0.0434,0.0038,579.6,522.8,56.8,31.15,165.44,165.44,headline_seed1337,46,1337,1,success,1796,378,193.0,196.09,1,44,145,189,73.98
91.66,3.62,0.0045,0.0231,765.1,694.7,70.4,37.12,87.94,87.94,headline_seed1337,47,1337,1,success,1843,388,128.0,136.24,1,43,171,174,59.02
167.05,31.37,0.0271,0.0104,485.1,774.0,-288.9,155.73,131.73,155.73,headline_seed1337,48,1337,1,success,1916,399,235.0,234.56,1,74,153,172,36.57
-108.24,65.61,0.0209,0.031,654.6,565.7,89.0,48.14,196.58,196.58,headline_seed1337,49,1337,1,success,1953,446,332.0,252.58,1,101,153,192,60.54
101.25,-108.47,0.0193,0.0351,716.2,452.2,264.0,143.69,201.77,201.77,headline_seed1337,50,1337,1,success,1807,347,257.0,253.3,1,56,144,147,85.19
-159.26,-120.44,0.0105,0.0392,644.5,540.3,104.2,56.63,120.49,120.49,headline_seed1337,51,1337,1,success,1935,390,222.0,223.98,1,82,146,162,52.34
51.78,16.69,0.0072,0.0015,411.9,598.2,-186.3,103.16,22.75,103.16,headline_seed1337,52,1337,1,success,1742,296,146.0,154.92,1,32,146,118,78.52
20.75,-179.24,0.0243,0.025,454.2,714.6,-260.4,141.75,182.35,182.35,headline_seed1337,53,1337,1,success,1567,334,192.0,193.32,1,24,153,157,100.47
-124.03,-24.35,0.003,0.0131,485.4,737.8,-252.4,136.57,52.12,136.57,headline_seed1337,54,1337,1,success,1863,413,125.0,132.94,1,59,169,185,150.78
-123.49,122.62,0.0294,0.0169,623.5,444.2,179.3,98.64,150.69,150.69,headline_seed1337,55,1337,1,success,1869,284,219.0,226.13,1,59,130,95,132.26
-13.1,-22.68,0.0021,0.0199,733.3,608.1,125.2,66.88,67.26,67.26,headline_seed1337,56,1337,1,success,1853,266,82.0,81.43,1,28,222,16,75.45
-93.42,-51.61,0.03,0.0048,758.5,505.5,252.9,136.26,101.3,136.26,headline_seed1337,57,1337,1,success,1959,425,226.0,235.86,1,75,176,174,41.83
173.49,-71.0,0.0177,0.0065,515.3,615.1,-99.8,54.54,80.64,80.64,headline_seed1337,58,1337,1,success,1925,337,177.0,177.83,1,76,136,125,61.35
-50.94,177.87,0.0191,0.0127,408.1,318.0,90.0,51.44,112.31,112.31,headline_seed1337,59,1337,1,success,1973,366,263.0,266.51,1,91,133,142,58.17
-127.51,-114.39,0.0385,0.0009,553.2,494.6,58.5,32.27,143.08,143.08,headline_seed1337,60,1337,1,success,1940,434,257.0,208.38,1,82,168,184,51.67
-113.85,116.29,0.0103,0.0035,630.2,578.1,52.1,28.22,48.54,48.54,headline_seed1337,61,1337,1,success,1871,361,136.0,146.4,1,48,151,162,151.71
155.49,-91.91,0.0499,0.0162,570.7,716.7,-146.1,78.48,218.04,218.04,headline_seed1337,62,1337,1,success,1922,454,329.0,300.24,1,83,160,211,33.55
49.54,-149.07,0.0437,0.0421,522.8,666.7,-143.9,78.14,318.59,318.59,headline_seed1337,63,1337,1,success,1678,332,346.0,344.6,1,48,157,127,140.12
-155.21,55.31,0.0076,0.0053,375.6,735.3,-359.7,197.05,46.49,197.05,headline_seed1337,64,1337,1,success,1902,435,187.0,189.56,1,72,166,197,86.83
43.42,-31.95,0.0192,0.02,373.5,763.7,-390.2,213.15,89.59,213.15,headline_seed1337,65,1337,1,success,1954,460,267.0,250.62,1,108,154,198,37.72
61.1,-73.12,0.0414,0.0173,593.7,412.0,181.7,100.66,210.18,210.18,headline_seed1337,66,1337,1,success,1741,219,239.0,241.09,1,41,118,60,46.93
50.85,-17.68,0.0433,0.0103,791.4,595.5,195.9,104.16,153.91,153.91,headline_seed1337,67,1337,1,success,1639,280,182.0,180.33,1,41,153,86,32.21
-113.93,-134.94,0.039,0.0033,725.8,556.6,169.2,90.99,136.38,136.38,headline_seed1337,68,1337,1,success,1951,439,256.0,210.39,1,85,171,183,38.55
178.84,173.07,0.0138,0.0304,552.1,710.6,-158.5,85.39,62.75,85.39,headline_seed1337,69,1337,1,success,1925,455,156.0,158.44,1,79,165,211,47.25
-2.8,3.5,0.0213,0.0098,513.2,579.7,-66.5,36.49,44.07,44.07,headline_seed1337,70,1337,1,success,739,53,47.0,45.52,1,20,21,12,40.44
-128.05,128.73,0.0032,0.0128,366.8,448.0,-81.2,45.92,53.25,53.25,headline_seed1337,71,1337,1,success,1864,364,112.0,118.37,1,57,148,159,181.83
-117.05,-22.46,0.0206,0.0326,617.2,434.8,182.4,100.55,152.81,152.81,headline_seed1337,72,1337,1,success,1953,440,273.0,276.14,1,85,167,188,59.75
-156.63,-80.05,0.0303,0.0355,445.8,682.9,-237.1,129.59,154.08,154.08,headline_seed1337,73,1337,1,success,1906,433,239.0,236.49,1,68,165,200,53.5
167.99,-60.86,0.0475,0.0264,676.3,759.6,-83.3,44.07,253.72,253.72,headline_seed1337,74,1337,1,success,1927,426,351.0,343.07,1,76,178,172,55.04
98.5,145.91,0.0106,0.0021,769.0,616.2,152.8,81.24,35.11,81.24,headline_seed1337,75,1337,1,success,1863,272,75.0,86.45,1,44,154,74,64.55
-108.14,12.96,0.0376,0.0243,457.4,531.6,-74.2,41.17,206.15,206.15,headline_seed1337,76,1337,1,success,1883,291,263.0,261.83,1,57,136,98,130.97
143.39,61.9,0.0104,0.0155,510.2,414.2,96.0,53.64,66.3,66.3,headline_seed1337,77,1337,1,success,1893,351,130.0,138.87,1,59,131,161,134.15
-69.86,126.33,0.0359,0.0143,663.9,593.5,70.5,38.0,188.47,188.47,headline_seed1337,78,1337,1,success,1842,200,224.0,224.76,1,50,127,23,86.58
-131.35,140.94,0.0294,0.0073,636.9,568.5,68.3,37.05,113.65,113.65,headline_seed1337,79,1337,1,success,1887,345,173.0,181.64,1,47,147,151,158.14
142.14,-159.33,0.0203,0.0201,503.7,701.9,-198.2,107.45,74.16,107.45,headline_seed1337,80,1337,1,success,1931,440,191.0,189.09,1,85,152,203,45.26
-147.22,-77.19,0.0255,0.0329,765.5,602.0,163.5,87.11,128.69,128.69,headline_seed1337,81,1337,1,success,1939,453,236.0,239.35,1,87,173,193,69.36
155.58,140.58,0.0453,0.0129,538.2,699.5,-161.3,87.14,123.65,123.65,headline_seed1337,82,1337,1,success,1927,473,233.0,231.46,1,78,156,239,137.59
130.81,36.96,0.0382,0.0268,504.6,666.2,-161.6,87.94,181.19,181.19,headline_seed1337,83,1337,1,success,1903,355,252.0,249.85,1,56,159,140,48.88
-171.82,75.34,0.0089,0.0258,388.9,711.3,-322.4,176.78,114.15,176.78,headline_seed1337,84,1337,1,success,1893,416,206.0,204.92,1,72,158,186,129.78
75.04,-88.91,0.0161,0.0052,782.5,512.2,270.3,145.12,80.58,145.12,headline_seed1337,85,1337,1,success,1796,240,145.0,149.39,1,53,124,63,66.14
-174.03,76.32,0.0287,0.0063,400.9,754.9,-354.0,192.95,117.21,192.95,headline_seed1337,86,1337,1,success,1917,458,212.0,209.71,1,76,163,219,38.87
-118.73,-134.97,0.0102,0.0409,398.3,645.3,-247.0,136.28,117.92,136.28,headline_seed1337,87,1337,1,success,1854,261,180.0,180.05,1,59,141,61,164.34
162.76,92.12,0.0497,0.0138,664.0,507.8,156.2,84.97,178.7,178.7,headline_seed1337,88,1337,1,success,1920,358,259.0,262.21,1,68,143,147,65.08
-179.53,134.72,0.0308,0.0437,641.2,693.9,-52.7,28.18,117.51,117.51,headline_seed1337,89,1337,1,success,1927,431,216.0,212.11,1,76,167,188,32.48
-177.33,158.4,0.0465,0.0104,687.8,501.1,186.7,101.36,142.04,142.04,headline_seed1337,90,1337,1,success,1931,446,231.0,235.67,1,72,169,205,49.35
125.05,74.2,0.0297,0.0084,638.5,484.8,153.7,84.04,96.1,96.1,headline_seed1337,91,1337,1,success,1888,375,154.0,160.04,1,56,142,177,135.12
74.88,62.9,0.0435,0.0461,565.2,789.2,-224.0,119.53,36.21,119.53,headline_seed1337,92,1337,1,success,1950,462,175.0,177.77,1,83,151,228,43.91
-86.44,144.21,0.0259,0.0464,501.7,588.1,-86.4,47.42,249.61,249.61,headline_seed1337,93,1337,1,success,1916,404,290.0,286.62,1,43,171,190,140.15
-157.12,-124.79,0.0426,0.0102,508.7,740.3,-231.5,124.93,129.03,129.03,headline_seed1337,94,1337,1,success,1906,354,216.0,212.36,1,73,139,142,70.18
14.36,121.63,0.0184,0.0205,454.8,789.2,-334.5,180.58,116.83,180.58,headline_seed1337,95,1337,1,success,1955,481,302.0,189.59,1,99,150,232,33.45
149.89,178.06,0.025,0.039,412.1,551.4,-139.3,77.5,78.42,78.42,headline_seed1337,96,1337,1,success,1916,396,224.0,231.11,1,65,151,180,56.08
-5.52,29.25,0.0277,0.013,627.5,749.6,-122.0,64.95,69.2,69.2,headline_seed1337,97,1337,1,success,133,34,72.0,72.14,1,23,10,1,41.78
7.66,134.73,0.0222,0.028,696.3,596.5,99.8,53.57,170.24,170.24,headline_seed1337,98,1337,1,success,699,79,189.0,174.22,1,32,32,15,31.81
-129.43,-3.68,0.026,0.0228,583.2,419.3,163.9,90.81,166.55,166.55,headline_seed1337,99,1337,1,success,1944,469,280.0,283.32,1,91,158,220,64.51
54.77,-154.54,0.0423,0.0018,519.2,727.7,-208.5,112.54,164.56,164.56,headline_seed20260810,0,20260810,1,success,1848,197,198.0,193.56,1,45,126,26,113.79
57.34,130.37,0.0104,0.0119,503.9,632.2,-128.3,70.07,50.33,70.07,headline_seed20260810,1,20260810,1,success,1781,354,123.0,129.01,1,37,155,162,61.79
41.47,-44.5,0.0286,0.0019,732.1,306.4,425.6,235.0,110.16,235.0,headline_seed20260810,2,20260810,1,success,1596,236,239.0,246.24,1,31,136,69,53.79
150.92,28.89,0.0234,0.0376,429.5,542.7,-113.1,62.9,203.99,203.99,headline_seed20260810,3,20260810,1,success,1903,431,279.0,281.82,1,64,172,195,45.72
11.0,38.44,0.0379,0.0402,555.5,489.9,65.6,36.17,71.15,71.15,headline_seed20260810,4,20260810,1,success,740,41,72.0,76.79,1,10,26,5,102.21
-80.67,118.96,0.0028,0.0491,329.2,689.2,-360.1,199.21,194.51,199.21,headline_seed20260810,5,20260810,1,success,1761,297,245.0,236.99,1,51,141,105,45.66
-127.86,42.77,0.0098,0.0492,423.8,779.6,-355.8,192.96,219.99,219.99,headline_seed20260810,6,20260810,1,success,1870,388,297.0,288.19,1,58,159,171,73.93
159.7,-121.41,0.0124,0.0144,680.6,749.4,-68.8,36.42,64.12,64.12,headline_seed20260810,7,20260810,1,success,1927,474,175.0,176.6,1,85,159,230,62.34
-164.27,-36.58,0.0489,0.042,643.0,790.4,-147.4,77.97,304.47,304.47,headline_seed20260810,8,20260810,1,success,1903,418,409.0,392.22,1,84,159,175,73.12
-159.26,126.44,0.0204,0.0039,438.8,372.6,66.1,37.42,75.59,75.59,headline_seed20260810,9,20260810,1,success,1938,450,170.0,176.56,1,74,143,233,58.48
47.91,67.0,0.0123,0.0214,603.3,688.5,-85.2,45.75,39.51,45.75,headline_seed20260810,10,20260810,1,success,1760,344,88.0,95.79,1,36,154,154,37.18
147.74,-58.46,0.0188,0.0109,521.7,719.4,-197.6,106.73,108.65,108.65,headline_seed20260810,11,20260810,1,success,1930,424,222.0,220.9,1,82,147,195,60.76
117.59,93.63,0.0444,0.0488,792.7,708.7,84.0,44.13,74.3,74.3,headline_seed20260810,12,20260810,1,success,1880,322,126.0,136.4,1,53,157,112,154.59
60.33,-147.69,0.0074,0.0222,511.4,379.4,132.1,74.08,111.33,111.33,headline_seed20260810,13,20260810,1,success,1702,267,136.0,141.7,1,42,133,92,54.64
177.1,3.24,0.0076,0.0076,397.4,649.7,-252.3,139.17,57.24,139.17,headline_seed20260810,14,20260810,1,success,1921,438,151.0,153.02,1,70,151,217,125.38
170.96,24.44,0.0417,0.0005,506.8,302.4,204.4,115.69,162.74,162.74,headline_seed20260810,15,20260810,1,success,1888,432,240.0,247.84,1,67,152,213,90.69
-82.56,179.19,0.0216,0.0335,431.8,542.2,-110.5,61.4,160.97,160.97,headline_seed20260810,16,20260810,1,success,1796,330,207.0,203.54,1,53,148,129,132.71
-127.1,17.2,0.0443,0.006,738.5,583.2,155.3,83.15,186.78,186.78,headline_seed20260810,17,20260810,1,success,1939,362,299.0,252.7,1,81,152,129,66.61
-102.39,-122.97,0.0182,0.0099,640.7,707.4,-66.7,35.63,36.07,36.07,headline_seed20260810,18,20260810,1,success,1859,395,82.0,90.12,1,48,172,175,133.27
138.04,-75.07,0.0233,0.0212,613.5,751.9,-138.4,73.75,159.55,159.55,headline_seed20260810,19,20260810,1,success,1925,460,285.0,232.88,1,89,153,218,139.49
-99.12,89.71,0.0021,0.0348,339.5,503.4,-163.9,92.41,140.18,140.18,headline_seed20260810,20,20260810,1,success,1876,370,170.0,358.28,1,38,156,176,176.53
-0.44,59.08,0.0089,0.018,432.9,701.6,-268.7,146.78,58.3,146.78,headline_seed20260810,21,20260810,1,success,985,60,150.0,142.6,1,27,25,8,35.88
-136.4,116.13,0.0232,0.0374,366.4,508.1,-141.7,79.65,188.46,188.46,headline_seed20260810,22,20260810,1,success,1964,462,310.0,307.87,1,83,160,219,44.96
68.78,63.44,0.0393,0.0468,758.4,704.4,54.0,28.46,31.69,31.69,headline_seed20260810,23,20260810,1,success,1768,336,54.0,67.98,1,33,151,152,49.32
-152.74,-129.82,0.027,0.0335,642.6,586.6,56.0,30.26,51.53,51.53,headline_seed20260810,24,20260810,1,success,1939,351,173.0,184.67,1,81,142,128,65.57
-167.98,62.37,0.0224,0.0301,437.3,733.1,-295.9,161.02,178.42,178.42,headline_seed20260810,25,20260810,1,success,1921,362,267.0,267.43,1,66,163,133,44.03
-125.83,-44.98,0.0304,0.0493,624.2,559.2,65.0,35.3,203.55,203.55,headline_seed20260810,26,20260810,1,success,1950,414,323.0,324.59,1,96,159,159,34.46
-72.25,-162.5,0.0029,0.0267,516.0,672.8,-156.8,85.14,101.1,101.1,headline_seed20260810,27,20260810,1,success,1776,271,138.0,139.06,1,47,136,88,120.61
-61.93,-99.92,0.0283,0.0193,778.6,617.3,161.3,85.69,66.69,85.69,headline_seed20260810,28,20260810,1,success,1755,188,138.0,151.73,1,35,109,44,59.42
37.64,73.33,0.0118,0.0429,395.1,610.1,-215.0,119.13,128.37,128.37,headline_seed20260810,29,20260810,1,success,1692,305,155.0,155.57,1,34,160,111,32.38
-31.83,-104.16,0.045,0.0148,703.0,616.9,86.1,46.11,162.07,162.07,headline_seed20260810,30,20260810,1,success,1571,220,186.0,178.66,1,37,151,32,69.92
-3.54,-49.15,0.0417,0.0314,490.2,596.1,-105.9,58.15,113.09,113.09,headline_seed20260810,31,20260810,1,success,1441,171,128.0,114.93,1,31,90,50,41.4
138.28,-133.6,0.0191,0.0294,397.3,632.2,-234.9,129.81,130.23,130.23,headline_seed20260810,32,20260810,1,success,1928,399,245.0,246.05,1,86,140,173,66.95
1.95,60.91,0.0141,0.0356,674.8,767.2,-92.4,48.85,115.19,115.19,headline_seed20260810,33,20260810,1,success,1824,345,129.0,116.22,1,25,185,135,55.72
-10.93,112.7,0.0408,0.0405,653.4,479.7,173.7,94.92,273.52,273.52,headline_seed20260810,34,20260810,0,safety_cap,2000,148,469.0,451.89,1,44,75,29,1422.7
-116.8,-70.96,0.0462,0.003,727.4,480.6,246.8,133.74,168.41,168.41,headline_seed20260810,35,20260810,1,success,1951,393,291.0,256.73,1,93,148,152,53.79
-175.46,28.92,0.0159,0.0275,514.7,568.1,-53.5,29.37,161.02,161.02,headline_seed20260810,36,20260810,1,success,1930,450,261.0,251.83,1,79,173,198,53.6
-82.71,-39.1,0.0061,0.04,569.9,793.3,-223.4,119.06,133.77,133.77,headline_seed20260810,37,20260810,1,success,1765,362,180.0,177.97,1,53,139,170,41.07
-145.87,1.77,0.0074,0.0444,358.7,633.9,-275.2,152.69,191.92,191.92,headline_seed20260810,38,20260810,1,success,1884,354,264.0,261.01,1,59,151,144,85.29
80.47,-12.89,0.0238,0.008,743.1,341.6,401.5,220.55,98.27,220.55,headline_seed20260810,39,20260810,1,success,1796,249,219.0,230.45,1,49,119,81,39.86
86.98,149.87,0.012,0.0032,329.8,702.5,-372.8,205.94,40.99,205.94,headline_seed20260810,40,20260810,1,success,1941,462,196.0,197.8,1,88,148,226,53.24
-9.55,172.43,0.0106,0.0172,626.1,463.4,162.8,89.34,106.51,106.51,headline_seed20260810,41,20260810,1,success,1398,310,113.0,111.37,1,23,151,136,69.43
-14.94,-35.59,0.0388,0.0219,560.9,771.2,-210.2,112.44,74.27,112.44,headline_seed20260810,42,20260810,1,success,1303,224,111.0,109.95,1,23,126,75,57.05
-31.02,-147.98,0.0101,0.0074,729.5,509.0,220.5,119.12,57.05,119.12,headline_seed20260810,43,20260810,1,success,1692,334,151.0,153.82,1,35,146,153,69.91
171.73,112.22,0.0154,0.0423,760.5,556.3,204.3,109.42,140.24,140.24,headline_seed20260810,44,20260810,1,success,1924,362,218.0,228.97,1,65,146,151,133.64
149.07,-12.12,0.0148,0.0426,411.1,723.0,-311.9,170.42,212.95,212.95,headline_seed20260810,45,20260810,1,success,1926,411,338.0,322.55,1,87,162,162,62.78
86.44,137.4,0.0196,0.0158,572.8,311.1,261.8,146.96,60.32,146.96,headline_seed20260810,46,20260810,1,success,1800,317,137.0,151.28,1,42,136,139,155.92
-79.95,-19.26,0.0173,0.0378,658.3,504.3,153.9,83.84,125.42,125.42,headline_seed20260810,47,20260810,1,success,1957,355,255.0,269.03,1,81,140,134,54.64
88.42,-123.86,0.0115,0.0333,441.0,730.9,-290.0,157.77,163.04,163.04,headline_seed20260810,48,20260810,1,success,1941,348,316.0,246.61,1,93,138,117,60.85
-58.87,-140.05,0.0059,0.0371,333.0,538.5,-205.4,115.49,139.18,139.18,headline_seed20260810,49,20260810,1,success,1721,210,170.0,169.52,1,39,134,37,30.94
26.36,48.47,0.0313,0.005,657.3,362.1,295.2,163.29,102.81,163.29,headline_seed20260810,50,20260810,1,success,1475,230,172.0,168.66,1,35,172,23,70.91
145.97,-161.47,0.0279,0.0041,628.3,372.1,256.2,142.01,98.33,142.01,headline_seed20260810,51,20260810,1,success,1890,405,164.0,171.74,1,64,138,203,182.25
-24.45,-20.1,0.032,0.0366,764.7,561.9,202.8,108.52,19.88,108.52,headline_seed20260810,52,20260810,1,success,1592,339,133.0,136.19,1,30,145,164,34.06
97.29,-171.73,0.0221,0.0158,680.3,475.4,205.0,111.72,104.35,111.72,headline_seed20260810,53,20260810,1,success,1849,271,150.0,154.03,1,53,129,89,83.89
-55.93,173.9,0.0292,0.0297,719.2,470.3,248.9,135.17,203.92,203.92,headline_seed20260810,54,20260810,1,success,1720,293,223.0,232.46,1,30,127,136,168.39
64.14,-17.38,0.0359,0.016,738.6,385.3,353.3,193.23,142.39,193.23,headline_seed20260810,55,20260810,1,success,1737,284,189.0,200.81,1,40,135,109,74.29
102.04,-102.9,0.0019,0.0438,757.9,551.9,206.0,110.43,172.68,172.68,headline_seed20260810,56,20260810,1,success,1834,410,227.0,225.37,1,60,162,188,135.68
-61.22,-146.77,0.0115,0.0315,467.7,670.7,-202.9,110.82,122.93,122.93,headline_seed20260810,57,20260810,1,success,1715,268,155.0,155.08,1,43,129,96,114.46
90.21,37.12,0.0163,0.0143,520.2,339.4,180.8,101.79,53.09,101.79,headline_seed20260810,58,20260810,1,success,1829,344,93.0,103.84,1,41,144,159,135.5
-17.92,45.31,0.0201,0.0247,527.5,604.4,-76.9,42.0,90.02,90.02,headline_seed20260810,59,20260810,1,success,1208,242,99.0,99.34,1,27,120,95,60.01
63.62,-27.34,0.0339,0.0187,455.7,742.2,-286.5,155.43,146.03,155.43,headline_seed20260810,60,20260810,1,success,1789,281,216.0,218.25,1,42,158,81,121.11
20.49,101.16,0.0267,0.0053,769.1,351.4,417.7,228.57,101.69,228.57,headline_seed20260810,61,20260810,1,success,983,171,243.0,239.22,1,31,80,60,68.79
138.84,-79.12,0.0418,0.0303,772.0,412.4,359.6,195.43,261.69,261.69,headline_seed20260810,62,20260810,1,success,1879,348,323.0,331.94,1,66,138,144,165.24
-24.34,-45.34,0.0161,0.0422,407.3,641.3,-234.0,129.02,104.79,129.02,headline_seed20260810,63,20260810,1,success,1498,305,129.0,125.79,1,32,152,121,88.52
-60.89,169.97,0.008,0.0057,309.9,409.8,-99.8,57.07,47.47,57.07,headline_seed20260810,64,20260810,1,success,1702,320,68.0,78.27,1,31,139,150,48.09
5.11,-13.59,0.0214,0.0296,664.3,436.6,227.7,124.83,44.18,124.83,headline_seed20260810,65,20260810,1,success,514,60,127.0,127.97,1,21,23,16,40.71
143.71,-21.21,0.0155,0.0191,679.2,786.5,-107.3,56.6,127.92,127.92,headline_seed20260810,66,20260810,1,success,1937,462,253.0,209.41,1,92,167,203,42.5
1.27,-142.11,0.0119,0.0227,624.3,438.9,185.4,102.07,125.97,125.97,headline_seed20260810,67,20260810,1,success,1456,281,136.0,126.62,1,17,152,112,46.65
-90.36,21.91,0.0279,0.0164,436.8,653.0,-216.2,118.7,140.36,140.36,headline_seed20260810,68,20260810,1,success,1850,311,186.0,187.7,1,37,154,120,60.81
-16.78,-29.4,0.0395,0.005,576.6,326.0,250.6,140.39,133.87,140.39,headline_seed20260810,69,20260810,1,success,1502,305,145.0,161.1,1,13,166,126,33.26
-36.84,164.66,0.0375,0.0426,686.3,738.5,-52.2,27.63,294.59,294.59,headline_seed20260810,70,20260810,1,success,1727,373,328.0,314.13,1,48,151,174,36.74
-113.47,156.6,0.0193,0.0054,791.2,529.3,261.9,140.24,76.21,140.24,headline_seed20260810,71,20260810,1,success,1945,387,189.0,203.09,1,66,169,152,47.04
-26.32,-53.45,0.0137,0.0401,772.2,618.3,153.9,81.77,107.83,107.83,headline_seed20260810,72,20260810,1,success,1704,198,121.0,121.56,1,31,139,28,36.3
55.33,-21.53,0.0234,0.0394,768.1,470.2,297.9,160.96,156.43,160.96,headline_seed20260810,73,20260810,1,success,1752,268,187.0,184.67,1,42,140,86,94.3
-113.29,123.73,0.0244,0.025,729.3,597.0,132.3,70.81,164.14,164.14,headline_seed20260810,74,20260810,1,success,1861,355,230.0,223.02,1,62,150,143,30.7
39.69,157.97,0.0485,0.0418,737.9,521.1,216.8,116.88,294.97,294.97,headline_seed20260810,75,20260810,1,success,1612,342,326.0,315.38,1,38,150,154,58.22
-134.43,175.57,0.0141,0.0119,655.9,345.0,310.9,172.34,42.97,172.34,headline_seed20260810,76,20260810,1,success,1947,477,169.0,178.32,1,85,145,247,50.0
-157.02,-25.35,0.0197,0.0007,787.8,526.5,261.4,140.05,76.84,140.05,headline_seed20260810,77,20260810,1,success,1931,383,171.0,181.26,1,76,167,140,140.69
100.09,-165.02,0.0401,0.0385,565.5,471.2,94.3,52.06,221.21,221.21,headline_seed20260810,78,20260810,1,success,1835,418,279.0,272.29,1,55,149,214,117.58
174.37,157.0,0.0321,0.0418,656.7,708.2,-51.5,27.44,55.26,55.26,headline_seed20260810,79,20260810,1,success,1919,352,165.0,168.74,1,74,143,135,71.62
106.25,0.25,0.03,0.0273,417.8,582.8,-165.0,91.48,173.26,173.26,headline_seed20260810,80,20260810,1,success,1876,388,233.0,228.37,1,49,151,188,35.8
158.4,-109.53,0.0453,0.0209,728.4,619.9,108.5,57.91,190.97,190.97,headline_seed20260810,81,20260810,1,success,1911,358,265.0,273.56,1,64,152,142,67.94
80.34,35.95,0.0121,0.0099,609.1,693.2,-84.1,45.14,32.09,45.14,headline_seed20260810,82,20260810,1,success,1816,269,119.0,129.4,1,43,132,94,45.54
-154.53,-18.57,0.0101,0.0116,314.1,543.4,-229.3,129.12,76.12,129.12,headline_seed20260810,83,20260810,1,success,1870,424,149.0,155.81,1,60,145,219,50.4
-9.2,112.11,0.0224,0.0093,528.5,466.0,62.5,34.67,108.32,108.32,headline_seed20260810,84,20260810,1,success,1114,129,114.0,113.02,1,20,67,42,34.28
-39.6,-71.87,0.044,0.029,566.5,468.4,98.2,54.2,95.03,95.03,headline_seed20260810,85,20260810,1,success,1653,285,108.0,115.23,1,27,136,122,33.84
-47.04,154.74,0.0088,0.0168,516.0,459.7,56.3,31.26,96.19,96.19,headline_seed20260810,86,20260810,1,success,1706,331,120.0,120.15,1,35,151,145,30.13
142.89,-138.81,0.0175,0.0353,691.8,481.9,209.9,114.2,137.6,137.6,headline_seed20260810,87,20260810,1,success,1896,400,203.0,210.63,1,60,164,176,58.45
-172.83,120.08,0.0162,0.025,377.8,747.2,-369.4,202.03,89.44,202.03,headline_seed20260810,88,20260810,1,success,1907,376,197.0,194.16,1,78,157,141,33.17
142.18,-79.51,0.0213,0.023,607.8,709.8,-101.9,54.58,155.6,155.6,headline_seed20260810,89,20260810,1,success,1935,400,273.0,230.69,1,91,149,160,50.18
160.5,117.6,0.0132,0.0187,477.4,375.1,102.4,57.66,48.88,57.66,headline_seed20260810,90,20260810,1,success,1917,451,120.0,129.64,1,59,153,239,36.03
171.97,9.03,0.0069,0.0059,423.9,655.9,-232.0,127.49,47.54,127.49,headline_seed20260810,91,20260810,1,success,1924,367,143.0,146.09,1,78,140,149,66.97
-169.61,-101.67,0.0285,0.0321,726.1,788.7,-62.6,32.83,126.78,126.78,headline_seed20260810,92,20260810,1,success,1905,407,222.0,217.35,1,80,166,161,44.73
142.94,-140.14,0.0347,0.0494,761.9,650.4,111.5,59.1,201.91,201.91,headline_seed20260810,93,20260810,1,success,1918,439,284.0,276.77,1,67,175,197,133.57
137.42,16.28,0.0474,0.0126,750.2,629.3,120.9,64.32,207.54,207.54,headline_seed20260810,94,20260810,1,success,1874,371,282.0,279.29,1,67,155,149,34.75
161.65,-80.63,0.0185,0.0205,512.1,627.0,-114.9,62.75,125.97,125.97,headline_seed20260810,95,20260810,1,success,1932,398,228.0,229.5,1,75,149,174,53.48
-69.35,-36.0,0.0434,0.0249,743.3,527.7,215.6,116.05,100.34,116.05,headline_seed20260810,96,20260810,1,success,1954,366,239.0,190.14,1,84,144,138,50.77
-2.07,-126.24,0.0076,0.0219,368.2,723.4,-355.2,194.94,101.09,194.94,headline_seed20260810,97,20260810,1,success,1554,281,211.0,187.62,1,39,159,83,38.85
-108.81,61.56,0.0009,0.0229,776.8,694.1,82.7,43.55,89.16,89.16,headline_seed20260810,98,20260810,1,success,1873,358,158.0,158.61,1,63,153,142,141.06
143.43,-151.09,0.0471,0.0184,558.7,495.0,63.6,35.05,163.23,163.23,headline_seed20260810,99,20260810,1,success,1910,406,238.0,236.68,1,65,157,184,31.19
-39.91,90.93,0.045,0.0054,556.2,428.6,127.6,70.85,186.43,186.43,box_20km_20ms,0,42,1,success,1819,367,227.0,206.67,1,49,170,148,79.35
165.15,151.8,0.0267,0.0052,394.1,461.7,-67.5,38.02,82.95,82.95,box_20km_20ms,1,42,1,success,1945,396,186.0,182.25,1,71,160,165,29.78
99.22,61.46,0.0264,0.0182,472.1,620.5,-148.4,81.41,61.96,81.41,box_20km_20ms,2,42,1,success,1914,253,181.0,183.59,1,54,146,53,79.4
-90.05,21.97,0.0095,0.0272,650.8,393.4,257.4,142.01,122.75,142.01,box_20km_20ms,3,42,1,success,1977,468,256.0,258.95,1,94,155,219,33.45
-90.64,54.51,0.0261,0.0125,618.7,490.2,128.6,70.41,140.95,140.95,box_20km_20ms,4,42,1,success,1891,391,187.0,187.33,1,58,167,166,32.94
-158.98,11.77,0.0233,0.0333,684.2,432.7,251.5,137.65,216.09,216.09,box_20km_20ms,5,42,1,success,1957,462,326.0,318.1,1,82,166,214,29.78
-110.69,157.35,0.0223,0.0172,565.6,453.7,111.9,61.9,109.4,109.4,box_20km_20ms,6,42,1,success,1913,326,183.0,175.35,1,63,152,111,22.97
-18.45,173.59,0.0183,0.0205,514.1,446.3,67.9,37.79,147.65,147.65,box_20km_20ms,7,42,1,success,1386,238,156.0,157.03,1,27,157,54,24.39
40.01,38.99,0.02,0.0266,539.0,710.8,-171.8,92.7,24.88,92.7,box_20km_20ms,8,42,1,success,1775,202,129.0,133.28,1,32,143,27,74.17
128.25,106.48,0.0193,0.0168,338.1,598.8,-260.7,145.51,27.42,145.51,box_20km_20ms,9,42,1,success,1951,382,148.0,147.9,1,77,143,162,44.44
95.25,51.07,0.0257,0.0098,442.2,794.6,-352.3,190.38,74.14,190.38,box_20km_20ms,10,42,1,success,1957,466,217.0,215.64,1,87,162,217,38.25
38.4,74.41,0.0259,0.0363,411.2,778.2,-367.0,199.35,80.7,199.35,box_20km_20ms,11,42,1,success,1965,462,258.0,232.63,1,101,158,203,41.35
90.47,-141.28,0.0172,0.0406,398.6,735.6,-337.0,184.14,198.56,198.56,box_20km_20ms,12,42,1,success,1962,455,348.0,273.5,1,89,167,199,31.74
126.21,-15.44,0.0065,0.0498,361.5,640.0,-278.6,154.39,207.69,207.69,box_20km_20ms,13,42,1,success,1937,450,275.0,281.79,1,54,178,218,47.29
64.11,-88.35,0.0125,0.0078,387.4,552.6,-165.3,92.21,74.97,92.21,box_20km_20ms,14,42,1,success,1849,236,155.0,156.78,1,43,153,40,105.93
-170.92,14.36,0.0319,0.0288,507.1,778.7,-271.6,145.96,226.06,226.06,box_20km_20ms,15,42,1,success,1937,396,323.0,317.21,1,83,165,148,27.99
83.91,-62.82,0.0255,0.0241,411.0,707.9,-296.8,162.43,178.08,178.08,box_20km_20ms,16,42,1,success,1957,453,334.0,245.93,1,97,162,194,28.47
-124.9,-12.82,0.023,0.0107,376.0,700.9,-324.9,178.62,107.88,178.62,box_20km_20ms,17,42,1,success,1911,438,181.0,173.76,1,74,185,179,31.43
-30.87,11.35,0.013,0.0026,723.1,576.6,146.5,78.61,42.56,78.61,box_20km_20ms,18,42,1,success,1672,354,105.0,111.85,1,29,141,184,59.5
65.12,-139.22,0.0481,0.0168,618.2,739.6,-121.5,64.79,239.06,239.06,box_20km_20ms,19,42,1,success,1866,377,278.0,273.6,1,50,196,131,48.31
-103.57,45.41,0.0165,0.0484,521.0,790.9,-269.9,144.65,235.71,235.71,box_20km_20ms,20,42,1,success,1892,323,303.0,291.04,1,61,163,99,40.12
-32.2,-79.93,0.0125,0.0028,373.3,537.6,-164.3,91.97,41.07,91.97,box_20km_20ms,21,42,1,success,1546,299,85.0,90.33,1,30,154,115,26.37
146.74,83.24,0.0247,0.0395,421.2,514.5,-93.3,52.06,137.25,137.25,box_20km_20ms,22,42,1,success,1948,417,218.0,212.61,1,69,167,181,34.15
50.08,-37.46,0.0121,0.0116,407.6,629.1,-221.4,122.26,61.94,122.26,box_20km_20ms,23,42,1,success,1846,374,173.0,171.65,1,47,184,143,55.55
67.02,108.35,0.0019,0.0079,491.8,364.7,127.1,71.56,25.22,71.56,box_20km_20ms,24,42,1,success,1850,414,64.0,72.57,1,28,172,214,42.65
30.21,102.62,0.0144,0.0144,684.2,793.8,-109.6,57.73,63.44,63.44,box_20km_20ms,25,42,1,success,1760,193,87.0,89.36,1,34,142,17,24.03
25.75,-1.99,0.034,0.0301,501.0,592.7,-91.7,50.3,59.82,59.82,box_20km_20ms,26,42,1,success,1669,321,74.0,76.55,1,29,168,124,48.63
-31.68,128.11,0.0218,0.0388,469.1,660.1,-190.9,104.36,225.22,225.22,box_20km_20ms,27,42,1,success,1757,354,241.0,241.83,1,34,193,127,83.61
90.38,-157.59,0.0314,0.0479,520.2,675.9,-155.7,84.51,249.67,249.67,box_20km_20ms,28,42,1,success,1894,377,304.0,297.18,1,63,173,141,94.76
-152.97,-25.86,0.0364,0.0376,459.1,763.8,-304.6,164.85,247.65,247.65,box_20km_20ms,29,42,1,success,1926,392,347.0,329.05,1,78,166,148,40.51
137.93,-21.98,0.018,0.0469,478.3,724.7,-246.4,133.64,240.45,240.45,box_20km_20ms,30,42,1,success,1932,441,326.0,313.45,1,69,188,184,35.96
127.49,-44.56,0.0164,0.0032,688.0,484.4,203.7,110.81,74.79,110.81,box_20km_20ms,31,42,1,success,1920,329,138.0,139.98,1,61,137,131,47.14
70.56,-136.92,0.0014,0.031,686.1,434.6,251.5,137.59,123.28,137.59,box_20km_20ms,32,42,1,success,1842,283,156.0,159.1,1,46,162,75,59.09
-69.8,134.89,0.0366,0.0161,593.5,434.4,159.1,87.92,197.56,197.56,box_20km_20ms,33,42,1,success,1978,435,341.0,233.0,1,92,157,186,33.7
-33.67,-165.63,0.0225,0.0455,408.4,604.5,-196.1,108.53,237.15,237.15,box_20km_20ms,34,42,1,success,1547,270,255.0,254.67,1,25,151,94,62.2
121.68,1.91,0.0018,0.0283,416.5,728.6,-312.1,170.31,109.44,170.31,box_20km_20ms,35,42,1,success,1954,489,246.0,235.64,1,101,160,228,22.77
-22.51,-102.37,0.0234,0.0151,553.3,352.8,200.4,112.26,98.39,112.26,box_20km_20ms,36,42,1,success,1606,284,144.0,137.34,1,35,153,96,61.67
117.61,21.01,0.0205,0.0155,563.7,642.0,-78.3,42.44,102.12,102.12,box_20km_20ms,37,42,1,success,1923,394,159.0,165.12,1,49,181,164,25.56
-53.59,65.3,0.0195,0.0168,423.8,732.3,-308.5,168.12,116.97,168.12,box_20km_20ms,38,42,1,success,1741,239,167.0,162.65,1,44,145,50,111.54
143.3,165.04,0.0211,0.0274,728.2,427.6,300.6,163.87,42.38,163.87,box_20km_20ms,39,42,1,success,1933,396,160.0,169.3,1,63,169,164,30.37
4.31,11.35,0.0312,0.0365,622.6,710.2,-87.6,46.85,25.05,46.85,box_20km_20ms,40,42,1,success,1947,337,54.0,50.96,1,16,311,10,36.71
-142.53,29.61,0.0053,0.0477,561.9,654.1,-92.2,49.94,199.49,199.49,box_20km_20ms,41,42,1,success,1928,396,281.0,266.48,1,64,168,164,32.36
-23.19,-57.31,0.014,0.0196,723.2,368.6,354.6,194.64,43.02,194.64,box_20km_20ms,42,42,1,success,1984,454,202.0,212.33,1,85,161,208,34.76
87.04,-49.11,0.0155,0.0039,742.9,336.9,405.9,223.12,71.43,223.12,box_20km_20ms,43,42,1,success,1854,376,224.0,233.24,1,47,168,161,114.76
-162.31,-84.19,0.0233,0.0429,367.8,758.5,-390.7,213.64,166.01,213.64,box_20km_20ms,44,42,1,success,1929,408,261.0,252.32,1,70,180,158,23.78
96.76,164.8,0.0142,0.034,394.3,526.0,-131.8,73.68,119.95,119.95,box_20km_20ms,45,42,1,success,1917,360,172.0,172.17,1,53,176,131,25.69
175.99,101.98,0.0452,0.0344,555.3,718.1,-162.8,87.62,182.53,182.53,box_20km_20ms,46,42,1,success,1946,448,288.0,275.59,1,79,187,182,47.9
109.68,-61.69,0.0296,0.0012,596.4,705.4,-109.0,58.48,115.52,115.52,box_20km_20ms,47,42,1,success,1915,318,176.0,173.59,1,59,166,93,27.49
-122.69,-78.82,0.0214,0.0443,687.2,797.3,-110.1,57.93,121.08,121.08,box_20km_20ms,48,42,1,success,1912,343,194.0,186.67,1,72,160,111,27.07
133.58,11.65,0.0267,0.0421,723.4,580.7,142.6,76.51,229.58,229.58,box_20km_20ms,49,42,1,success,1926,355,303.0,298.84,1,71,144,140,47.91
-125.07,-57.29,0.0116,0.0218,605.1,661.1,-56.0,30.18,76.96,76.96,box_20km_20ms,50,42,1,success,1919,361,141.0,142.56,1,58,156,147,36.41
-19.22,1.43,0.0029,0.0124,370.2,306.2,64.0,36.75,37.47,37.47,box_20km_20ms,51,42,1,success,1605,327,48.0,56.16,1,18,163,146,20.62
30.72,-29.63,0.0027,0.0216,563.7,662.6,-98.9,53.48,76.7,76.7,box_20km_20ms,52,42,1,success,1755,355,97.0,92.82,1,34,177,144,57.1
113.26,114.62,0.0168,0.0165,794.4,655.1,139.3,73.59,1.79,73.59,box_20km_20ms,53,42,1,success,1916,277,65.0,74.68,1,43,157,77,30.69
-89.73,170.23,0.0155,0.0455,563.3,692.1,-128.8,69.44,189.84,189.84,box_20km_20ms,54,42,1,success,1906,325,250.0,237.12,1,58,164,103,80.05
94.95,-100.66,0.0201,0.0304,425.4,756.4,-331.0,179.92,186.98,186.98,box_20km_20ms,55,42,1,success,1960,441,341.0,274.61,1,98,171,172,30.93
53.71,163.11,0.017,0.0238,798.4,361.6,436.9,238.05,129.0,238.05,box_20km_20ms,56,42,1,success,1678,255,239.0,249.64,1,43,137,75,85.28
-156.77,26.9,0.0041,0.0042,448.0,550.8,-102.8,56.99,31.43,56.99,box_20km_20ms,57,42,1,success,1926,265,108.0,112.36,1,61,133,71,103.74
-59.42,-122.0,0.0058,0.0153,576.1,520.3,55.8,30.61,51.74,51.74,box_20km_20ms,58,42,1,success,1781,311,84.0,91.88,1,35,139,137,122.73
46.54,-139.29,0.0271,0.0216,518.2,609.6,-91.4,49.97,183.79,183.79,box_20km_20ms,59,42,1,success,1739,322,219.0,208.02,1,44,164,114,40.19
135.76,8.39,0.0097,0.0263,551.9,466.3,85.6,47.34,126.23,126.23,box_20km_20ms,60,42,1,success,1924,416,191.0,195.46,1,65,182,169,28.7
-19.2,-72.85,0.0215,0.0157,704.0,761.3,-57.3,30.23,65.72,65.72,box_20km_20ms,61,42,1,success,1276,210,73.0,75.93,1,23,157,30,62.56
-9.47,52.43,0.0058,0.033,512.2,434.3,77.9,43.43,117.54,117.54,box_20km_20ms,62,42,1,success,1402,242,128.0,122.35,1,24,124,94,21.56
171.4,117.56,0.0309,0.0103,774.9,563.0,211.9,113.25,99.39,113.25,box_20km_20ms,63,42,1,success,1945,400,187.0,188.04,1,72,187,141,21.18
-158.0,-53.35,0.0094,0.0369,321.3,459.5,-138.2,78.47,153.86,153.86,box_20km_20ms,64,42,1,success,1961,349,284.0,283.1,1,81,143,125,36.26
139.21,-177.46,0.0321,0.0039,472.6,349.8,122.8,69.41,113.06,113.06,box_20km_20ms,65,42,1,success,1927,388,181.0,182.84,1,67,167,154,20.32
-171.23,173.27,0.0439,0.0427,515.9,674.5,-158.6,86.11,44.14,86.11,box_20km_20ms,66,42,1,success,1936,449,132.0,134.13,1,62,171,216,24.81
-118.2,-123.84,0.007,0.009,792.8,355.9,436.9,238.35,8.12,238.35,box_20km_20ms,67,42,1,success,1967,369,239.0,249.96,1,87,138,144,18.94
121.9,166.37,0.0232,0.0299,421.5,545.6,-124.1,69.05,79.87,79.87,box_20km_20ms,68,42,1,success,1920,330,185.0,193.89,1,55,159,116,23.28
9.95,92.14,0.002,0.0011,579.7,724.6,-144.9,77.73,8.21,77.73,box_20km_20ms,69,42,1,success,1643,242,87.0,87.07,1,27,200,15,69.97
-130.1,164.84,0.0147,0.0109,304.0,741.7,-437.7,241.48,52.93,241.48,box_20km_20ms,70,42,1,success,1911,353,239.0,230.33,1,71,158,124,24.58
164.57,163.69,0.0007,0.0047,647.2,533.6,113.6,61.74,15.27,61.74,box_20km_20ms,71,42,1,success,1941,390,100.0,107.0,1,59,170,161,45.45
179.73,-86.26,0.0306,0.0227,579.2,361.7,217.5,121.32,151.48,151.48,box_20km_20ms,72,42,1,success,1948,458,240.0,241.73,1,82,159,217,24.51
155.07,-88.99,0.0251,0.0051,565.1,640.5,-75.4,40.87,104.62,104.62,box_20km_20ms,73,42,1,success,1946,473,218.0,202.73,1,86,163,224,19.56
40.86,73.73,0.0342,0.0022,484.4,633.5,-149.1,81.57,122.2,122.2,box_20km_20ms,74,42,1,success,1759,307,147.0,143.55,1,32,192,83,84.89
-138.06,-152.64,0.0277,0.0253,747.1,592.0,155.1,82.87,27.04,82.87,box_20km_20ms,75,42,1,success,1961,336,136.0,146.27,1,68,156,112,24.05
-10.15,160.06,0.005,0.0213,536.2,363.9,172.3,96.54,100.96,100.96,box_20km_20ms,76,42,1,success,1436,317,114.0,108.59,1,26,156,135,42.37
-154.42,93.79,0.0147,0.027,720.8,407.8,313.0,171.08,134.92,171.08,box_20km_20ms,77,42,1,success,1949,453,233.0,238.86,1,84,164,205,40.63
-21.92,-33.81,0.0112,0.0151,722.1,355.9,366.2,201.29,18.01,201.29,box_20km_20ms,78,42,1,success,1988,469,198.0,209.51,1,77,168,224,18.4
-47.8,83.64,0.039,0.0457,477.7,679.2,-201.6,109.85,290.33,290.33,box_20km_20ms,79,42,1,success,1792,407,313.0,315.47,1,43,181,183,101.33
-21.66,40.99,0.0342,0.0205,669.4,595.1,74.3,40.0,116.34,116.34,box_20km_20ms,80,42,1,success,1724,385,127.0,127.59,1,28,149,208,42.73
-155.41,96.39,0.0125,0.0456,309.6,531.4,-221.9,125.16,193.39,193.39,box_20km_20ms,81,42,1,success,1957,420,334.0,332.8,1,83,155,182,38.56
-71.95,179.8,0.0016,0.013,521.3,689.5,-168.2,91.14,51.15,91.14,box_20km_20ms,82,42,1,success,1868,384,88.0,89.51,1,45,195,144,54.42
-121.7,-170.17,0.0274,0.0317,679.0,509.9,169.1,91.81,93.51,93.51,box_20km_20ms,83,42,1,success,1953,442,179.0,198.21,1,44,158,240,26.77
-82.2,60.04,0.0098,0.0051,600.2,433.9,166.3,91.85,54.51,91.85,box_20km_20ms,84,42,1,success,1860,334,173.0,176.98,1,48,156,130,120.75
114.67,91.42,0.0016,0.0112,537.3,784.9,-247.7,132.6,36.65,132.6,box_20km_20ms,85,42,1,success,1953,469,166.0,167.6,1,91,168,210,34.32
-137.56,97.96,0.0065,0.0093,345.3,747.8,-402.5,220.9,52.44,220.9,box_20km_20ms,86,42,1,success,1923,351,219.0,211.53,1,71,168,112,84.34
44.22,157.92,0.0294,0.0207,461.4,683.3,-221.9,121.06,158.84,158.84,box_20km_20ms,87,42,1,success,1854,242,200.0,182.11,1,49,160,33,93.66
-107.93,173.0,0.0106,0.0212,762.6,521.8,240.8,129.43,82.98,129.43,box_20km_20ms,88,42,1,success,1969,434,207.0,212.57,1,70,169,195,30.2
-74.21,-59.25,0.0497,0.0359,604.3,528.2,76.0,41.54,67.14,67.14,box_20km_20ms,89,42,1,success,1859,307,114.0,118.26,1,45,161,101,58.69
47.07,-74.31,0.0308,0.0149,712.4,601.5,110.9,59.44,153.68,153.68,box_20km_20ms,90,42,1,success,1764,266,180.0,178.16,1,39,170,57,21.74
-174.14,74.41,0.0347,0.0277,746.7,406.8,339.9,185.33,198.36,198.36,box_20km_20ms,91,42,1,success,1946,445,286.0,292.32,1,75,170,200,18.98
-27.43,30.34,0.0428,0.0137,559.2,790.0,-230.8,123.2,139.34,139.34,box_20km_20ms,92,42,1,success,1386,242,158.0,153.99,1,31,155,56,28.45
-151.08,-125.4,0.0328,0.0024,739.0,503.8,235.2,126.97,116.82,126.97,box_20km_20ms,93,42,1,success,1959,450,221.0,223.95,1,83,167,200,36.15
-63.22,26.18,0.0083,0.0277,764.8,624.5,140.2,74.54,108.93,108.93,box_20km_20ms,94,42,1,success,1852,365,141.0,141.91,1,42,171,152,114.12
-159.86,112.96,0.0033,0.0173,321.7,683.9,-362.1,200.64,65.72,200.64,box_20km_20ms,95,42,1,success,1927,375,202.0,192.91,1,81,151,143,19.88
-75.6,105.04,0.0171,0.0407,771.7,583.5,188.2,100.41,218.73,218.73,box_20km_20ms,96,42,1,success,1848,363,270.0,257.95,1,53,167,143,70.95
-25.25,67.95,0.0392,0.0035,566.8,715.6,-148.8,79.99,148.29,148.29,box_20km_20ms,97,42,1,success,1454,246,169.0,161.64,1,36,162,48,63.97
-56.47,-98.26,0.0283,0.0114,418.6,513.5,-94.9,52.99,80.76,80.76,box_20km_20ms,98,42,1,success,1805,230,109.0,109.76,1,40,147,43,22.0
-23.52,85.72,0.0423,0.0255,676.3,378.9,297.4,163.87,215.79,215.79,box_20km_20ms,99,42,0,safety_cap,2000,429,470.0,385.19,1,52,131,246,2113.47
-39.91,90.93,0.045,0.0054,556.2,428.6,127.6,70.85,186.43,186.43,box_10km_10ms,0,42,1,success,1878,412,231.0,206.67,1,52,197,163,48.55
165.15,151.8,0.0267,0.0052,394.1,461.7,-67.5,38.02,82.95,82.95,box_10km_10ms,1,42,1,success,1960,416,188.0,182.25,1,73,168,175,10.59
99.22,61.46,0.0264,0.0182,472.1,620.5,-148.4,81.41,61.96,81.41,box_10km_10ms,2,42,1,success,1927,268,184.0,183.59,1,56,159,53,10.61
-90.05,21.97,0.0095,0.0272,650.8,393.4,257.4,142.01,122.75,142.01,box_10km_10ms,3,42,1,success,1990,484,258.0,258.95,1,96,164,224,12.55
-90.64,54.51,0.0261,0.0125,618.7,490.2,128.6,70.41,140.95,140.95,box_10km_10ms,4,42,1,success,1906,400,189.0,187.33,1,59,168,173,19.37
-158.98,11.77,0.0233,0.0333,684.2,432.7,251.5,137.65,216.09,216.09,box_10km_10ms,5,42,1,success,1971,469,330.0,318.1,1,85,170,214,10.34
-110.69,157.35,0.0223,0.0172,565.6,453.7,111.9,61.9,109.4,109.4,box_10km_10ms,6,42,1,success,1928,336,186.0,175.35,1,65,160,111,13.09
-18.45,173.59,0.0183,0.0205,514.1,446.3,67.9,37.79,147.65,147.65,box_10km_10ms,7,42,1,success,1497,307,158.0,157.03,1,29,224,54,55.6
40.01,38.99,0.02,0.0266,539.0,710.8,-171.8,92.7,24.88,92.7,box_10km_10ms,8,42,1,success,1858,304,135.0,133.28,1,38,201,65,11.5
128.25,106.48,0.0193,0.0168,338.1,598.8,-260.7,145.51,27.42,145.51,box_10km_10ms,9,42,1,success,1965,390,149.0,147.9,1,78,150,162,12.24
95.25,51.07,0.0257,0.0098,442.2,794.6,-352.3,190.38,74.14,190.38,box_10km_10ms,10,42,1,success,1970,480,221.0,215.64,1,90,173,217,11.04
38.4,74.41,0.0259,0.0363,411.2,778.2,-367.0,199.35,80.7,199.35,box_10km_10ms,11,42,1,success,1981,472,260.0,232.63,1,103,165,204,12.02
90.47,-141.28,0.0172,0.0406,398.6,735.6,-337.0,184.14,198.56,198.56,box_10km_10ms,12,42,1,success,1975,469,352.0,273.5,1,92,177,200,10.42
126.21,-15.44,0.0065,0.0498,361.5,640.0,-278.6,154.39,207.69,207.69,box_10km_10ms,13,42,1,success,1951,461,277.0,281.79,1,56,185,220,12.28
64.11,-88.35,0.0125,0.0078,387.4,552.6,-165.3,92.21,74.97,92.21,box_10km_10ms,14,42,1,success,1894,263,158.0,156.78,1,46,174,43,19.16
-170.92,14.36,0.0319,0.0288,507.1,778.7,-271.6,145.96,226.06,226.06,box_10km_10ms,15,42,1,success,1952,410,325.0,317.21,1,85,174,151,10.29
83.91,-62.82,0.0255,0.0241,411.0,707.9,-296.8,162.43,178.08,178.08,box_10km_10ms,16,42,1,success,1970,465,339.0,245.93,1,101,170,194,11.45
-124.9,-12.82,0.023,0.0107,376.0,700.9,-324.9,178.62,107.88,178.62,box_10km_10ms,17,42,1,success,1926,450,182.0,173.76,1,75,194,181,12.08
-30.87,11.35,0.013,0.0026,723.1,576.6,146.5,78.61,42.56,78.61,box_10km_10ms,18,42,1,success,1816,454,111.0,111.85,1,35,227,192,37.18
65.12,-139.22,0.0481,0.0168,618.2,739.6,-121.5,64.79,239.06,239.06,box_10km_10ms,19,42,1,success,1900,411,281.0,273.6,1,53,223,135,10.56
-103.57,45.41,0.0165,0.0484,521.0,790.9,-269.9,144.65,235.71,235.71,box_10km_10ms,20,42,1,success,1906,333,306.0,291.04,1,63,167,103,15.35
-32.2,-79.93,0.0125,0.0028,373.3,537.6,-164.3,91.97,41.07,91.97,box_10km_10ms,21,42,1,success,1736,415,90.0,90.33,1,34,221,160,24.3
146.74,83.24,0.0247,0.0395,421.2,514.5,-93.3,52.06,137.25,137.25,box_10km_10ms,22,42,1,success,1963,431,222.0,212.61,1,72,177,182,10.59
50.08,-37.46,0.0121,0.0116,407.6,629.1,-221.4,122.26,61.94,122.26,box_10km_10ms,23,42,1,success,1999,456,183.0,171.65,1,56,236,164,8.89
67.02,108.35,0.0019,0.0079,491.8,364.7,127.1,71.56,25.22,71.56,box_10km_10ms,24,42,1,success,1894,460,68.0,72.57,1,31,203,226,11.0
30.21,102.62,0.0144,0.0144,684.2,793.8,-109.6,57.73,63.44,63.44,box_10km_10ms,25,42,1,success,1863,266,93.0,89.36,1,39,208,19,21.38
25.75,-1.99,0.034,0.0301,501.0,592.7,-91.7,50.3,59.82,59.82,box_10km_10ms,26,42,1,success,1756,412,77.0,76.55,1,32,218,162,44.01
-31.68,128.11,0.0218,0.0388,469.1,660.1,-190.9,104.36,225.22,225.22,box_10km_10ms,27,42,1,success,1836,424,245.0,241.83,1,38,237,149,20.23
90.38,-157.59,0.0314,0.0479,520.2,675.9,-155.7,84.51,249.67,249.67,box_10km_10ms,28,42,1,success,1923,398,307.0,297.18,1,65,188,145,11.27
-152.97,-25.86,0.0364,0.0376,459.1,763.8,-304.6,164.85,247.65,247.65,box_10km_10ms,29,42,1,success,1941,400,348.0,329.05,1,79,173,148,11.52
137.93,-21.98,0.018,0.0469,478.3,724.7,-246.4,133.64,240.45,240.45,box_10km_10ms,30,42,1,success,1950,454,329.0,313.45,1,71,199,184,11.66
127.49,-44.56,0.0164,0.0032,688.0,484.4,203.7,110.81,74.79,110.81,box_10km_10ms,31,42,1,success,1939,338,141.0,139.98,1,63,144,131,32.53
70.56,-136.92,0.0014,0.031,686.1,434.6,251.5,137.59,123.28,137.59,box_10km_10ms,32,42,1,success,1885,335,159.0,159.1,1,49,194,92,12.11
-69.8,134.89,0.0366,0.0161,593.5,434.4,159.1,87.92,197.56,197.56,box_10km_10ms,33,42,1,success,1993,450,343.0,233.0,1,94,167,189,12.27
-33.67,-165.63,0.0225,0.0455,408.4,604.5,-196.1,108.53,237.15,237.15,box_10km_10ms,34,42,1,success,1690,349,258.0,254.67,1,28,226,95,23.83
121.68,1.91,0.0018,0.0283,416.5,728.6,-312.1,170.31,109.44,170.31,box_10km_10ms,35,42,1,success,1969,501,248.0,235.64,1,103,168,230,10.31
-22.51,-102.37,0.0234,0.0151,553.3,352.8,200.4,112.26,98.39,112.26,box_10km_10ms,36,42,1,success,1655,359,146.0,137.34,1,37,196,126,11.09
117.61,21.01,0.0205,0.0155,563.7,642.0,-78.3,42.44,102.12,102.12,box_10km_10ms,37,42,1,success,1939,408,161.0,165.12,1,51,189,168,12.45
-53.59,65.3,0.0195,0.0168,423.8,732.3,-308.5,168.12,116.97,168.12,box_10km_10ms,38,42,1,success,1847,317,172.0,162.65,1,49,211,57,18.54
143.3,165.04,0.0211,0.0274,728.2,427.6,300.6,163.87,42.38,163.87,box_10km_10ms,39,42,1,success,1949,413,161.0,169.3,1,64,178,171,11.47
4.31,11.35,0.0312,0.0365,622.6,710.2,-87.6,46.85,25.05,46.85,box_10km_10ms,40,42,1,success,1888,426,56.0,50.96,1,18,357,51,17.77
-142.53,29.61,0.0053,0.0477,561.9,654.1,-92.2,49.94,199.49,199.49,box_10km_10ms,41,42,1,success,1943,408,283.0,266.48,1,66,178,164,11.16
-23.19,-57.31,0.014,0.0196,723.2,368.6,354.6,194.64,43.02,194.64,box_10km_10ms,42,42,0,safety_cap,2000,468,207.0,212.33,1,89,171,208,9.15
87.04,-49.11,0.0155,0.0039,742.9,336.9,405.9,223.12,71.43,223.12,box_10km_10ms,43,42,1,success,1896,407,227.0,233.24,1,50,192,165,10.42
-162.31,-84.19,0.0233,0.0429,367.8,758.5,-390.7,213.64,166.01,213.64,box_10km_10ms,44,42,1,success,1943,417,262.0,252.32,1,71,188,158,11.81
96.76,164.8,0.0142,0.034,394.3,526.0,-131.8,73.68,119.95,119.95,box_10km_10ms,45,42,1,success,1932,370,173.0,172.17,1,54,185,131,10.75
175.99,101.98,0.0452,0.0344,555.3,718.1,-162.8,87.62,182.53,182.53,box_10km_10ms,46,42,1,success,1963,459,290.0,275.59,1,81,195,183,11.49
109.68,-61.69,0.0296,0.0012,596.4,705.4,-109.0,58.48,115.52,115.52,box_10km_10ms,47,42,1,success,1930,328,179.0,173.59,1,61,174,93,15.97
-122.69,-78.82,0.0214,0.0443,687.2,797.3,-110.1,57.93,121.08,121.08,box_10km_10ms,48,42,1,success,1930,362,196.0,186.67,1,74,168,120,10.33
133.58,11.65,0.0267,0.0421,723.4,580.7,142.6,76.51,229.58,229.58,box_10km_10ms,49,42,1,success,1947,376,308.0,298.84,1,75,156,145,10.59
-125.07,-57.29,0.0116,0.0218,605.1,661.1,-56.0,30.18,76.96,76.96,box_10km_10ms,50,42,1,success,1941,379,144.0,142.56,1,60,166,153,11.02
-19.22,1.43,0.0029,0.0124,370.2,306.2,64.0,36.75,37.47,37.47,box_10km_10ms,51,42,1,success,1722,429,52.0,56.16,1,21,225,183,55.54
30.72,-29.63,0.0027,0.0216,563.7,662.6,-98.9,53.48,76.7,76.7,box_10km_10ms,52,42,1,success,1935,465,107.0,92.82,1,43,246,176,11.15
113.26,114.62,0.0168,0.0165,794.4,655.1,139.3,73.59,1.79,73.59,box_10km_10ms,53,42,1,success,1932,298,68.0,74.68,1,45,171,82,11.89
-89.73,170.23,0.0155,0.0455,563.3,692.1,-128.8,69.44,189.84,189.84,box_10km_10ms,54,42,1,success,1923,348,251.0,237.12,1,59,176,113,10.23
94.95,-100.66,0.0201,0.0304,425.4,756.4,-331.0,179.92,186.98,186.98,box_10km_10ms,55,42,1,success,1972,453,345.0,274.61,1,101,180,172,10.77
53.71,163.11,0.017,0.0238,798.4,361.6,436.9,238.05,129.0,238.05,box_10km_10ms,56,42,1,success,1795,317,243.0,249.64,1,47,182,88,20.79
-156.77,26.9,0.0041,0.0042,448.0,550.8,-102.8,56.99,31.43,56.99,box_10km_10ms,57,42,1,success,1945,282,112.0,112.36,1,64,147,71,12.01
-59.42,-122.0,0.0058,0.0153,576.1,520.3,55.8,30.61,51.74,51.74,box_10km_10ms,58,42,1,success,1871,390,90.0,91.88,1,41,189,160,35.47
46.54,-139.29,0.0271,0.0216,518.2,609.6,-91.4,49.97,183.79,183.79,box_10km_10ms,59,42,1,success,1810,395,223.0,208.02,1,48,206,141,22.22
135.76,8.39,0.0097,0.0263,551.9,466.3,85.6,47.34,126.23,126.23,box_10km_10ms,60,42,1,success,1939,428,193.0,195.46,1,67,191,170,10.66
-19.2,-72.85,0.0215,0.0157,704.0,761.3,-57.3,30.23,65.72,65.72,box_10km_10ms,61,42,1,success,1402,244,75.0,75.93,1,25,184,35,18.93
-9.47,52.43,0.0058,0.033,512.2,434.3,77.9,43.43,117.54,117.54,box_10km_10ms,62,42,1,success,1422,242,128.0,122.35,1,24,124,94,21.56
171.4,117.56,0.0309,0.0103,774.9,563.0,211.9,113.25,99.39,113.25,box_10km_10ms,63,42,1,success,1962,411,189.0,188.04,1,74,194,143,11.98
-158.0,-53.35,0.0094,0.0369,321.3,459.5,-138.2,78.47,153.86,153.86,box_10km_10ms,64,42,1,success,1975,366,288.0,283.1,1,84,153,129,10.43
139.21,-177.46,0.0321,0.0039,472.6,349.8,122.8,69.41,113.06,113.06,box_10km_10ms,65,42,1,success,1942,400,183.0,182.84,1,69,173,158,12.36
-171.23,173.27,0.0439,0.0427,515.9,674.5,-158.6,86.11,44.14,86.11,box_10km_10ms,66,42,1,success,1952,464,134.0,134.13,1,64,179,221,10.86
-118.2,-123.84,0.007,0.009,792.8,355.9,436.9,238.35,8.12,238.35,box_10km_10ms,67,42,1,success,1984,373,240.0,249.96,1,88,141,144,10.55
121.9,166.37,0.0232,0.0299,421.5,545.6,-124.1,69.05,79.87,79.87,box_10km_10ms,68,42,1,success,1944,351,189.0,193.89,1,58,174,119,10.64
9.95,92.14,0.002,0.0011,579.7,724.6,-144.9,77.73,8.21,77.73,box_10km_10ms,69,42,1,success,1676,347,88.0,87.07,1,28,303,16,17.6
-130.1,164.84,0.0147,0.0109,304.0,741.7,-437.7,241.48,52.93,241.48,box_10km_10ms,70,42,1,success,1925,362,240.0,230.33,1,72,166,124,11.76
164.57,163.69,0.0007,0.0047,647.2,533.6,113.6,61.74,15.27,61.74,box_10km_10ms,71,42,1,success,1955,391,100.0,107.0,1,59,171,161,15.32
179.73,-86.26,0.0306,0.0227,579.2,361.7,217.5,121.32,151.48,151.48,box_10km_10ms,72,42,1,success,1963,470,242.0,241.73,1,84,168,218,10.2
155.07,-88.99,0.0251,0.0051,565.1,640.5,-75.4,40.87,104.62,104.62,box_10km_10ms,73,42,1,success,1961,481,219.0,202.73,1,87,170,224,12.27
40.86,73.73,0.0342,0.0022,484.4,633.5,-149.1,81.57,122.2,122.2,box_10km_10ms,74,42,1,success,1843,349,150.0,143.55,1,35,227,87,14.76
-138.06,-152.64,0.0277,0.0253,747.1,592.0,155.1,82.87,27.04,82.87,box_10km_10ms,75,42,1,success,1975,342,140.0,146.27,1,71,159,112,27.27
-10.15,160.06,0.005,0.0213,536.2,363.9,172.3,96.54,100.96,100.96,box_10km_10ms,76,42,1,success,1674,421,119.0,108.59,1,30,245,146,14.8
-154.42,93.79,0.0147,0.027,720.8,407.8,313.0,171.08,134.92,171.08,box_10km_10ms,77,42,1,success,1967,467,237.0,238.86,1,87,175,205,12.4
-21.92,-33.81,0.0112,0.0151,722.1,355.9,366.2,201.29,18.01,201.29,box_10km_10ms,78,42,0,safety_cap,2000,474,199.0,209.51,1,78,169,227,10.73
-47.8,83.64,0.039,0.0457,477.7,679.2,-201.6,109.85,290.33,290.33,box_10km_10ms,79,42,1,success,1844,444,316.0,315.47,1,45,207,192,27.66
-21.66,40.99,0.0342,0.0205,669.4,595.1,74.3,40.0,116.34,116.34,box_10km_10ms,80,42,1,success,1880,516,137.0,127.59,1,36,241,239,10.7
-155.41,96.39,0.0125,0.0456,309.6,531.4,-221.9,125.16,193.39,193.39,box_10km_10ms,81,42,1,success,1971,434,338.0,332.8,1,86,166,182,9.98
-71.95,179.8,0.0016,0.013,521.3,689.5,-168.2,91.14,51.15,91.14,box_10km_10ms,82,42,1,success,1896,414,91.0,89.51,1,48,215,151,10.69
-121.7,-170.17,0.0274,0.0317,679.0,509.9,169.1,91.81,93.51,93.51,box_10km_10ms,83,42,1,success,1969,453,181.0,198.21,1,46,167,240,11.41
-82.2,60.04,0.0098,0.0051,600.2,433.9,166.3,91.85,54.51,91.85,box_10km_10ms,84,42,1,success,1910,379,180.0,176.98,1,54,183,142,11.91
114.67,91.42,0.0016,0.0112,537.3,784.9,-247.7,132.6,36.65,132.6,box_10km_10ms,85,42,1,success,1969,485,171.0,167.6,1,95,178,212,9.91
-137.56,97.96,0.0065,0.0093,345.3,747.8,-402.5,220.9,52.44,220.9,box_10km_10ms,86,42,1,success,1937,366,222.0,211.53,1,73,181,112,10.73
44.22,157.92,0.0294,0.0207,461.4,683.3,-221.9,121.06,158.84,158.84,box_10km_10ms,87,42,1,success,1898,269,203.0,182.11,1,52,180,37,17.62
-107.93,173.0,0.0106,0.0212,762.6,521.8,240.8,129.43,82.98,129.43,box_10km_10ms,88,42,1,success,1986,449,209.0,212.57,1,72,178,199,12.41
-74.21,-59.25,0.0497,0.0359,604.3,528.2,76.0,41.54,67.14,67.14,box_10km_10ms,89,42,1,success,1895,357,118.0,118.26,1,49,191,117,11.74
47.07,-74.31,0.0308,0.0149,712.4,601.5,110.9,59.44,153.68,153.68,box_10km_10ms,90,42,1,success,1838,339,184.0,178.16,1,43,211,85,12.78
-174.14,74.41,0.0347,0.0277,746.7,406.8,339.9,185.33,198.36,198.36,box_10km_10ms,91,42,1,success,1962,449,287.0,292.32,1,76,173,200,25.8
-27.43,30.34,0.0428,0.0137,559.2,790.0,-230.8,123.2,139.34,139.34,box_10km_10ms,92,42,1,success,1514,309,160.0,153.99,1,33,216,60,18.51
-151.08,-125.4,0.0328,0.0024,739.0,503.8,235.2,126.97,116.82,126.97,box_10km_10ms,93,42,1,success,1972,460,225.0,223.95,1,86,172,202,31.17
-63.22,26.18,0.0083,0.0277,764.8,624.5,140.2,74.54,108.93,108.93,box_10km_10ms,94,42,1,success,1900,396,145.0,141.91,1,46,195,155,28.32
-159.86,112.96,0.0033,0.0173,321.7,683.9,-362.1,200.64,65.72,200.64,box_10km_10ms,95,42,1,success,1943,382,203.0,192.91,1,82,153,147,11.43
-75.6,105.04,0.0171,0.0407,771.7,583.5,188.2,100.41,218.73,218.73,box_10km_10ms,96,42,1,success,1887,413,274.0,257.95,1,57,200,156,12.21
-25.25,67.95,0.0392,0.0035,566.8,715.6,-148.8,79.99,148.29,148.29,box_10km_10ms,97,42,1,success,1568,323,171.0,161.64,1,38,237,48,52.67
-56.47,-98.26,0.0283,0.0114,418.6,513.5,-94.9,52.99,80.76,80.76,box_10km_10ms,98,42,1,success,1873,288,114.0,109.76,1,44,190,54,12.47
-23.52,85.72,0.0423,0.0255,676.3,378.9,297.4,163.87,215.79,215.79,box_10km_10ms,99,42,0,safety_cap,2000,429,470.0,385.19,1,52,131,246,2113.47
-39.91,90.93,0.045,0.0054,556.2,428.6,127.6,70.85,186.43,186.43,box_5km_5ms,0,42,1,success,1973,440,236.0,206.67,1,56,221,163,7.25
165.15,151.8,0.0267,0.0052,394.1,461.7,-67.5,38.02,82.95,82.95,box_5km_5ms,1,42,0,safety_cap,2000,428,192.0,182.25,1,76,175,177,9.43
99.22,61.46,0.0264,0.0182,472.1,620.5,-148.4,81.41,61.96,81.41,box_5km_5ms,2,42,1,success,1938,271,185.0,183.59,1,57,161,53,5.49
-90.05,21.97,0.0095,0.0272,650.8,393.4,257.4,142.01,122.75,142.01,box_5km_5ms,3,42,0,safety_cap,2000,488,261.0,258.95,1,98,166,224,8.94
-90.64,54.51,0.0261,0.0125,618.7,490.2,128.6,70.41,140.95,140.95,box_5km_5ms,4,42,1,success,1987,431,195.0,187.33,1,64,189,178,4.41
-158.98,11.77,0.0233,0.0333,684.2,432.7,251.5,137.65,216.09,216.09,box_5km_5ms,5,42,1,success,1982,477,331.0,318.1,1,86,177,214,5.28
-110.69,157.35,0.0223,0.0172,565.6,453.7,111.9,61.9,109.4,109.4,box_5km_5ms,6,42,1,success,1939,345,187.0,175.35,1,66,168,111,5.45
-18.45,173.59,0.0183,0.0205,514.1,446.3,67.9,37.79,147.65,147.65,box_5km_5ms,7,42,1,success,1600,384,159.0,157.03,1,30,298,56,5.71
40.01,38.99,0.02,0.0266,539.0,710.8,-171.8,92.7,24.88,92.7,box_5km_5ms,8,42,1,success,1875,306,136.0,133.28,1,39,198,69,6.58
128.25,106.48,0.0193,0.0168,338.1,598.8,-260.7,145.51,27.42,145.51,box_5km_5ms,9,42,0,safety_cap,2000,401,153.0,147.9,1,81,156,164,6.07
95.25,51.07,0.0257,0.0098,442.2,794.6,-352.3,190.38,74.14,190.38,box_5km_5ms,10,42,1,success,1985,489,223.0,215.64,1,92,175,222,5.08
38.4,74.41,0.0259,0.0363,411.2,778.2,-367.0,199.35,80.7,199.35,box_5km_5ms,11,42,0,safety_cap,2000,477,262.0,232.63,1,104,169,204,7.32
90.47,-141.28,0.0172,0.0406,398.6,735.6,-337.0,184.14,198.56,198.56,box_5km_5ms,12,42,1,success,1985,472,353.0,273.5,1,93,179,200,5.42
126.21,-15.44,0.0065,0.0498,361.5,640.0,-278.6,154.39,207.69,207.69,box_5km_5ms,13,42,0,safety_cap,2000,476,281.0,281.79,1,59,194,223,7.69
64.11,-88.35,0.0125,0.0078,387.4,552.6,-165.3,92.21,74.97,92.21,box_5km_5ms,14,42,1,success,1967,297,165.0,156.78,1,52,193,52,5.54
-170.92,14.36,0.0319,0.0288,507.1,778.7,-271.6,145.96,226.06,226.06,box_5km_5ms,15,42,0,safety_cap,2000,427,329.0,317.21,1,88,181,158,8.58
83.91,-62.82,0.0255,0.0241,411.0,707.9,-296.8,162.43,178.08,178.08,box_5km_5ms,16,42,1,success,1979,467,339.0,245.93,1,101,172,194,6.06
-124.9,-12.82,0.023,0.0107,376.0,700.9,-324.9,178.62,107.88,178.62,box_5km_5ms,17,42,0,safety_cap,2000,476,189.0,173.76,1,81,206,189,8.25
-30.87,11.35,0.013,0.0026,723.1,576.6,146.5,78.61,42.56,78.61,box_5km_5ms,18,42,1,success,1892,491,114.0,111.85,1,37,251,203,4.59
65.12,-139.22,0.0481,0.0168,618.2,739.6,-121.5,64.79,239.06,239.06,box_5km_5ms,19,42,1,success,1995,440,287.0,273.6,1,58,245,137,5.17
-103.57,45.41,0.0165,0.0484,521.0,790.9,-269.9,144.65,235.71,235.71,box_5km_5ms,20,42,1,success,1981,348,310.0,291.04,1,66,179,103,5.82
-32.2,-79.93,0.0125,0.0028,373.3,537.6,-164.3,91.97,41.07,91.97,box_5km_5ms,21,42,1,success,1855,489,95.0,90.33,1,38,267,184,3.73
146.74,83.24,0.0247,0.0395,421.2,514.5,-93.3,52.06,137.25,137.25,box_5km_5ms,22,42,1,success,1974,434,223.0,212.61,1,73,179,182,5.95
50.08,-37.46,0.0121,0.0116,407.6,629.1,-221.4,122.26,61.94,122.26,box_5km_5ms,23,42,0,safety_cap,2000,456,183.0,171.65,1,56,236,164,8.89
67.02,108.35,0.0019,0.0079,491.8,364.7,127.1,71.56,25.22,71.56,box_5km_5ms,24,42,1,success,1991,486,73.0,72.57,1,35,221,230,4.07
30.21,102.62,0.0144,0.0144,684.2,793.8,-109.6,57.73,63.44,63.44,box_5km_5ms,25,42,1,success,1961,297,97.0,89.36,1,42,228,27,4.25
25.75,-1.99,0.034,0.0301,501.0,592.7,-91.7,50.3,59.82,59.82,box_5km_5ms,26,42,1,success,1850,479,82.0,76.55,1,36,256,187,3.26
-31.68,128.11,0.0218,0.0388,469.1,660.1,-190.9,104.36,225.22,225.22,box_5km_5ms,27,42,1,success,1995,459,249.0,241.83,1,41,256,162,7.16
90.38,-157.59,0.0314,0.0479,520.2,675.9,-155.7,84.51,249.67,249.67,box_5km_5ms,28,42,0,safety_cap,2000,422,313.0,297.18,1,70,201,151,8.66
-152.97,-25.86,0.0364,0.0376,459.1,763.8,-304.6,164.85,247.65,247.65,box_5km_5ms,29,42,0,safety_cap,2000,414,352.0,329.05,1,82,184,148,6.38
137.93,-21.98,0.018,0.0469,478.3,724.7,-246.4,133.64,240.45,240.45,box_5km_5ms,30,42,1,success,1965,462,331.0,313.45,1,73,201,188,5.64
127.49,-44.56,0.0164,0.0032,688.0,484.4,203.7,110.81,74.79,110.81,box_5km_5ms,31,42,0,safety_cap,2000,360,147.0,139.98,1,68,160,132,7.28
70.56,-136.92,0.0014,0.031,686.1,434.6,251.5,137.59,123.28,137.59,box_5km_5ms,32,42,1,success,1983,354,165.0,159.1,1,54,207,93,5.84
-69.8,134.89,0.0366,0.0161,593.5,434.4,159.1,87.92,197.56,197.56,box_5km_5ms,33,42,0,safety_cap,2000,453,345.0,233.0,1,95,168,190,8.92
-33.67,-165.63,0.0225,0.0455,408.4,604.5,-196.1,108.53,237.15,237.15,box_5km_5ms,34,42,1,success,1853,441,262.0,254.67,1,31,281,129,5.9
121.68,1.91,0.0018,0.0283,416.5,728.6,-312.1,170.31,109.44,170.31,box_5km_5ms,35,42,0,safety_cap,2000,510,251.0,235.64,1,105,173,232,8.92
-22.51,-102.37,0.0234,0.0151,553.3,352.8,200.4,112.26,98.39,112.26,box_5km_5ms,36,42,1,success,1822,434,154.0,137.34,1,44,260,130,5.54
117.61,21.01,0.0205,0.0155,563.7,642.0,-78.3,42.44,102.12,102.12,box_5km_5ms,37,42,0,safety_cap,2000,425,165.0,165.12,1,54,200,171,7.45
-53.59,65.3,0.0195,0.0168,423.8,732.3,-308.5,168.12,116.97,168.12,box_5km_5ms,38,42,1,success,1867,330,174.0,162.65,1,51,222,57,5.7
143.3,165.04,0.0211,0.0274,728.2,427.6,300.6,163.87,42.38,163.87,box_5km_5ms,39,42,0,safety_cap,2000,428,165.0,169.3,1,67,187,174,9.43
4.31,11.35,0.0312,0.0365,622.6,710.2,-87.6,46.85,25.05,46.85,box_5km_5ms,40,42,1,success,1961,454,60.0,50.96,1,21,377,56,5.05
-142.53,29.61,0.0053,0.0477,561.9,654.1,-92.2,49.94,199.49,199.49,box_5km_5ms,41,42,0,safety_cap,2000,422,287.0,266.48,1,69,189,164,8.22
-23.19,-57.31,0.014,0.0196,723.2,368.6,354.6,194.64,43.02,194.64,box_5km_5ms,42,42,0,safety_cap,2000,468,207.0,212.33,1,89,171,208,9.15
87.04,-49.11,0.0155,0.0039,742.9,336.9,405.9,223.12,71.43,223.12,box_5km_5ms,43,42,1,success,1967,433,233.0,233.24,1,55,209,169,4.81
-162.31,-84.19,0.0233,0.0429,367.8,758.5,-390.7,213.64,166.01,213.64,box_5km_5ms,44,42,0,safety_cap,2000,434,266.0,252.32,1,74,198,162,7.47
96.76,164.8,0.0142,0.034,394.3,526.0,-131.8,73.68,119.95,119.95,box_5km_5ms,45,42,0,safety_cap,2000,391,179.0,172.17,1,59,196,136,7.13
175.99,101.98,0.0452,0.0344,555.3,718.1,-162.8,87.62,182.53,182.53,box_5km_5ms,46,42,0,safety_cap,2000,476,293.0,275.59,1,83,200,193,7.48
109.68,-61.69,0.0296,0.0012,596.4,705.4,-109.0,58.48,115.52,115.52,box_5km_5ms,47,42,0,safety_cap,2000,355,185.0,173.59,1,66,193,96,5.77
-122.69,-78.82,0.0214,0.0443,687.2,797.3,-110.1,57.93,121.08,121.08,box_5km_5ms,48,42,0,safety_cap,2000,384,202.0,186.67,1,79,179,126,8.92
133.58,11.65,0.0267,0.0421,723.4,580.7,142.6,76.51,229.58,229.58,box_5km_5ms,49,42,0,safety_cap,2000,389,312.0,298.84,1,78,166,145,8.09
-125.07,-57.29,0.0116,0.0218,605.1,661.1,-56.0,30.18,76.96,76.96,box_5km_5ms,50,42,0,safety_cap,2000,396,148.0,142.56,1,63,176,157,8.87
-19.22,1.43,0.0029,0.0124,370.2,306.2,64.0,36.75,37.47,37.47,box_5km_5ms,51,42,1,success,1863,483,58.0,56.16,1,26,271,186,4.54
30.72,-29.63,0.0027,0.0216,563.7,662.6,-98.9,53.48,76.7,76.7,box_5km_5ms,52,42,1,success,1953,465,107.0,92.82,1,43,246,176,5.71
113.26,114.62,0.0168,0.0165,794.4,655.1,139.3,73.59,1.79,73.59,box_5km_5ms,53,42,0,safety_cap,2000,324,75.0,74.68,1,51,182,91,5.43
-89.73,170.23,0.0155,0.0455,563.3,692.1,-128.8,69.44,189.84,189.84,box_5km_5ms,54,42,0,safety_cap,2000,379,257.0,237.12,1,64,187,128,8.94
94.95,-100.66,0.0201,0.0304,425.4,756.4,-331.0,179.92,186.98,186.98,box_5km_5ms,55,42,1,success,1983,455,345.0,274.61,1,101,182,172,6.23
53.71,163.11,0.017,0.0238,798.4,361.6,436.9,238.05,129.0,238.05,box_5km_5ms,56,42,0,safety_cap,2000,407,249.0,249.64,1,52,242,113,9.25
-156.77,26.9,0.0041,0.0042,448.0,550.8,-102.8,56.99,31.43,56.99,box_5km_5ms,57,42,0,safety_cap,2000,298,117.0,112.36,1,68,157,73,5.34
-59.42,-122.0,0.0058,0.0153,576.1,520.3,55.8,30.61,51.74,51.74,box_5km_5ms,58,42,1,success,1883,399,91.0,91.88,1,42,197,160,5.04
46.54,-139.29,0.0271,0.0216,518.2,609.6,-91.4,49.97,183.79,183.79,box_5km_5ms,59,42,1,success,1925,444,229.0,208.02,1,53,239,152,6.11
135.76,8.39,0.0097,0.0263,551.9,466.3,85.6,47.34,126.23,126.23,box_5km_5ms,60,42,0,safety_cap,2000,443,198.0,195.46,1,71,202,170,8.94
-19.2,-72.85,0.0215,0.0157,704.0,761.3,-57.3,30.23,65.72,65.72,box_5km_5ms,61,42,1,success,1579,406,82.0,75.93,1,31,287,88,6.19
-9.47,52.43,0.0058,0.033,512.2,434.3,77.9,43.43,117.54,117.54,box_5km_5ms,62,42,1,success,1543,460,134.0,122.35,1,29,260,171,7.95
171.4,117.56,0.0309,0.0103,774.9,563.0,211.9,113.25,99.39,113.25,box_5km_5ms,63,42,0,safety_cap,2000,426,192.0,188.04,1,76,200,150,8.26
-158.0,-53.35,0.0094,0.0369,321.3,459.5,-138.2,78.47,153.86,153.86,box_5km_5ms,64,42,0,safety_cap,2000,372,289.0,283.1,1,85,157,130,5.22
139.21,-177.46,0.0321,0.0039,472.6,349.8,122.8,69.41,113.06,113.06,box_5km_5ms,65,42,0,safety_cap,2000,414,187.0,182.84,1,72,184,158,7.78
-171.23,173.27,0.0439,0.0427,515.9,674.5,-158.6,86.11,44.14,86.11,box_5km_5ms,66,42,0,safety_cap,2000,476,137.0,134.13,1,66,188,222,7.68
-118.2,-123.84,0.007,0.009,792.8,355.9,436.9,238.35,8.12,238.35,box_5km_5ms,67,42,0,safety_cap,2000,380,243.0,249.96,1,90,143,147,5.87
121.9,166.37,0.0232,0.0299,421.5,545.6,-124.1,69.05,79.87,79.87,box_5km_5ms,68,42,0,safety_cap,2000,366,193.0,193.89,1,61,184,121,6.45
9.95,92.14,0.002,0.0011,579.7,724.6,-144.9,77.73,8.21,77.73,box_5km_5ms,69,42,1,success,1774,396,90.0,87.07,1,30,345,21,5.32
-130.1,164.84,0.0147,0.0109,304.0,741.7,-437.7,241.48,52.93,241.48,box_5km_5ms,70,42,0,safety_cap,2000,385,247.0,230.33,1,78,179,128,8.77
164.57,163.69,0.0007,0.0047,647.2,533.6,113.6,61.74,15.27,61.74,box_5km_5ms,71,42,0,safety_cap,2000,418,105.0,107.0,1,63,183,172,5.38
179.73,-86.26,0.0306,0.0227,579.2,361.7,217.5,121.32,151.48,151.48,box_5km_5ms,72,42,0,safety_cap,2000,479,245.0,241.73,1,86,174,219,7.78
155.07,-88.99,0.0251,0.0051,565.1,640.5,-75.4,40.87,104.62,104.62,box_5km_5ms,73,42,0,safety_cap,2000,498,223.0,202.73,1,90,176,232,6.43
40.86,73.73,0.0342,0.0022,484.4,633.5,-149.1,81.57,122.2,122.2,box_5km_5ms,74,42,1,success,1866,366,152.0,143.55,1,37,238,91,13.55
-138.06,-152.64,0.0277,0.0253,747.1,592.0,155.1,82.87,27.04,82.87,box_5km_5ms,75,42,1,success,1988,353,142.0,146.27,1,73,166,114,5.18
-10.15,160.06,0.005,0.0213,536.2,363.9,172.3,96.54,100.96,100.96,box_5km_5ms,76,42,1,success,1777,492,124.0,108.59,1,34,284,174,5.79
-154.42,93.79,0.0147,0.027,720.8,407.8,313.0,171.08,134.92,171.08,box_5km_5ms,77,42,1,success,1980,472,239.0,238.86,1,89,177,206,6.08
-21.92,-33.81,0.0112,0.0151,722.1,355.9,366.2,201.29,18.01,201.29,box_5km_5ms,78,42,0,safety_cap,2000,474,199.0,209.51,1,78,169,227,10.73
-47.8,83.64,0.039,0.0457,477.7,679.2,-201.6,109.85,290.33,290.33,box_5km_5ms,79,42,1,success,1942,491,322.0,315.47,1,50,238,203,4.94
-21.66,40.99,0.0342,0.0205,669.4,595.1,74.3,40.0,116.34,116.34,box_5km_5ms,80,42,1,success,1895,519,137.0,127.59,1,36,244,239,6.08
-155.41,96.39,0.0125,0.0456,309.6,531.4,-221.9,125.16,193.39,193.39,box_5km_5ms,81,42,1,success,1980,437,339.0,332.8,1,87,168,182,5.11
-71.95,179.8,0.0016,0.013,521.3,689.5,-168.2,91.14,51.15,91.14,box_5km_5ms,82,42,1,success,1970,431,95.0,89.51,1,51,229,151,4.63
-121.7,-170.17,0.0274,0.0317,679.0,509.9,169.1,91.81,93.51,93.51,box_5km_5ms,83,42,0,safety_cap,2000,469,184.0,198.21,1,48,171,250,8.09
-82.2,60.04,0.0098,0.0051,600.2,433.9,166.3,91.85,54.51,91.85,box_5km_5ms,84,42,1,success,1985,391,184.0,176.98,1,57,192,142,4.08
114.67,91.42,0.0016,0.0112,537.3,784.9,-247.7,132.6,36.65,132.6,box_5km_5ms,85,42,1,success,1979,487,171.0,167.6,1,95,180,212,5.43
-137.56,97.96,0.0065,0.0093,345.3,747.8,-402.5,220.9,52.44,220.9,box_5km_5ms,86,42,0,safety_cap,2000,382,227.0,211.53,1,77,192,113,5.3
44.22,157.92,0.0294,0.0207,461.4,683.3,-221.9,121.06,158.84,158.84,box_5km_5ms,87,42,1,success,1991,304,209.0,182.11,1,57,204,43,4.41
-107.93,173.0,0.0106,0.0212,762.6,521.8,240.8,129.43,82.98,129.43,box_5km_5ms,88,42,0,safety_cap,2000,459,212.0,212.57,1,74,179,206,8.77
-74.21,-59.25,0.0497,0.0359,604.3,528.2,76.0,41.54,67.14,67.14,box_5km_5ms,89,42,0,safety_cap,2000,390,123.0,118.26,1,54,209,127,9.43
47.07,-74.31,0.0308,0.0149,712.4,601.5,110.9,59.44,153.68,153.68,box_5km_5ms,90,42,1,success,1956,378,189.0,178.16,1,47,232,99,8.26
-174.14,74.41,0.0347,0.0277,746.7,406.8,339.9,185.33,198.36,198.36,box_5km_5ms,91,42,0,safety_cap,2000,468,292.0,292.32,1,80,183,205,5.81
-27.43,30.34,0.0428,0.0137,559.2,790.0,-230.8,123.2,139.34,139.34,box_5km_5ms,92,42,1,success,1698,418,165.0,153.99,1,37,314,67,5.04
-151.08,-125.4,0.0328,0.0024,739.0,503.8,235.2,126.97,116.82,126.97,box_5km_5ms,93,42,1,success,1981,468,226.0,223.95,1,87,179,202,5.52
-63.22,26.18,0.0083,0.0277,764.8,624.5,140.2,74.54,108.93,108.93,box_5km_5ms,94,42,1,success,1989,425,151.0,141.91,1,51,217,157,3.88
-159.86,112.96,0.0033,0.0173,321.7,683.9,-362.1,200.64,65.72,200.64,box_5km_5ms,95,42,0,safety_cap,2000,398,207.0,192.91,1,85,163,150,6.79
-75.6,105.04,0.0171,0.0407,771.7,583.5,188.2,100.41,218.73,218.73,box_5km_5ms,96,42,1,success,1969,434,280.0,257.95,1,62,215,157,5.28
-25.25,67.95,0.0392,0.0035,566.8,715.6,-148.8,79.99,148.29,148.29,box_5km_5ms,97,42,1,success,1756,414,175.0,161.64,1,41,324,49,5.76
-56.47,-98.26,0.0283,0.0114,418.6,513.5,-94.9,52.99,80.76,80.76,box_5km_5ms,98,42,1,success,1886,292,115.0,109.76,1,45,193,54,5.1
-23.52,85.72,0.0423,0.0255,676.3,378.9,297.4,163.87,215.79,215.79,box_5km_5ms,99,42,0,safety_cap,2000,429,470.0,385.19,1,52,131,246,2113.47
-39.91,90.93,0.045,0.0054,556.2,428.6,127.6,70.85,186.43,186.43,box_5km_1ms,0,42,1,success,1998,441,236.0,206.67,1,56,222,163,3.26
165.15,151.8,0.0267,0.0052,394.1,461.7,-67.5,38.02,82.95,82.95,box_5km_1ms,1,42,0,safety_cap,2000,428,192.0,182.25,1,76,175,177,9.43
99.22,61.46,0.0264,0.0182,472.1,620.5,-148.4,81.41,61.96,81.41,box_5km_1ms,2,42,0,safety_cap,2000,286,189.0,183.59,1,60,173,53,4.62
-90.05,21.97,0.0095,0.0272,650.8,393.4,257.4,142.01,122.75,142.01,box_5km_1ms,3,42,0,safety_cap,2000,488,261.0,258.95,1,98,166,224,8.94
-90.64,54.51,0.0261,0.0125,618.7,490.2,128.6,70.41,140.95,140.95,box_5km_1ms,4,42,0,safety_cap,2000,436,196.0,187.33,1,65,191,180,3.1
-158.98,11.77,0.0233,0.0333,684.2,432.7,251.5,137.65,216.09,216.09,box_5km_1ms,5,42,0,safety_cap,2000,482,334.0,318.1,1,88,180,214,4.57
-110.69,157.35,0.0223,0.0172,565.6,453.7,111.9,61.9,109.4,109.4,box_5km_1ms,6,42,0,safety_cap,2000,363,191.0,175.35,1,69,178,116,4.19
-18.45,173.59,0.0183,0.0205,514.1,446.3,67.9,37.79,147.65,147.65,box_5km_1ms,7,42,0,safety_cap,2000,503,165.0,157.03,1,35,368,100,2.87
40.01,38.99,0.02,0.0266,539.0,710.8,-171.8,92.7,24.88,92.7,box_5km_1ms,8,42,1,success,1970,324,138.0,133.28,1,41,213,70,3.62
128.25,106.48,0.0193,0.0168,338.1,598.8,-260.7,145.51,27.42,145.51,box_5km_1ms,9,42,0,safety_cap,2000,401,153.0,147.9,1,81,156,164,6.07
95.25,51.07,0.0257,0.0098,442.2,794.6,-352.3,190.38,74.14,190.38,box_5km_1ms,10,42,0,safety_cap,2000,492,225.0,215.64,1,93,177,222,4.59
38.4,74.41,0.0259,0.0363,411.2,778.2,-367.0,199.35,80.7,199.35,box_5km_1ms,11,42,0,safety_cap,2000,477,262.0,232.63,1,104,169,204,7.32
90.47,-141.28,0.0172,0.0406,398.6,735.6,-337.0,184.14,198.56,198.56,box_5km_1ms,12,42,0,safety_cap,2000,476,355.0,273.5,1,94,181,201,4.33
126.21,-15.44,0.0065,0.0498,361.5,640.0,-278.6,154.39,207.69,207.69,box_5km_1ms,13,42,0,safety_cap,2000,476,281.0,281.79,1,59,194,223,7.69
64.11,-88.35,0.0125,0.0078,387.4,552.6,-165.3,92.21,74.97,92.21,box_5km_1ms,14,42,0,safety_cap,2000,304,165.0,156.78,1,52,199,53,3.34
-170.92,14.36,0.0319,0.0288,507.1,778.7,-271.6,145.96,226.06,226.06,box_5km_1ms,15,42,0,safety_cap,2000,427,329.0,317.21,1,88,181,158,8.58
83.91,-62.82,0.0255,0.0241,411.0,707.9,-296.8,162.43,178.08,178.08,box_5km_1ms,16,42,1,success,1985,468,339.0,245.93,1,101,173,194,4.56
-124.9,-12.82,0.023,0.0107,376.0,700.9,-324.9,178.62,107.88,178.62,box_5km_1ms,17,42,0,safety_cap,2000,476,189.0,173.76,1,81,206,189,8.25
-30.87,11.35,0.013,0.0026,723.1,576.6,146.5,78.61,42.56,78.61,box_5km_1ms,18,42,0,safety_cap,2000,515,115.0,111.85,1,38,272,205,3.12
65.12,-139.22,0.0481,0.0168,618.2,739.6,-121.5,64.79,239.06,239.06,box_5km_1ms,19,42,0,safety_cap,2000,441,287.0,273.6,1,58,246,137,5.17
-103.57,45.41,0.0165,0.0484,521.0,790.9,-269.9,144.65,235.71,235.71,box_5km_1ms,20,42,1,success,1996,356,311.0,291.04,1,67,185,104,5.82
-32.2,-79.93,0.0125,0.0028,373.3,537.6,-164.3,91.97,41.07,91.97,box_5km_1ms,21,42,0,safety_cap,2000,521,98.0,90.33,1,41,295,185,3.48
146.74,83.24,0.0247,0.0395,421.2,514.5,-93.3,52.06,137.25,137.25,box_5km_1ms,22,42,1,success,1983,438,223.0,212.61,1,73,180,185,3.52
50.08,-37.46,0.0121,0.0116,407.6,629.1,-221.4,122.26,61.94,122.26,box_5km_1ms,23,42,0,safety_cap,2000,456,183.0,171.65,1,56,236,164,8.89
67.02,108.35,0.0019,0.0079,491.8,364.7,127.1,71.56,25.22,71.56,box_5km_1ms,24,42,0,safety_cap,2000,487,73.0,72.57,1,35,222,230,2.95
30.21,102.62,0.0144,0.0144,684.2,793.8,-109.6,57.73,63.44,63.44,box_5km_1ms,25,42,0,safety_cap,2000,321,97.0,89.36,1,42,239,40,2.87
25.75,-1.99,0.034,0.0301,501.0,592.7,-91.7,50.3,59.82,59.82,box_5km_1ms,26,42,0,safety_cap,2000,530,82.0,76.55,1,36,287,207,2.52
-31.68,128.11,0.0218,0.0388,469.1,660.1,-190.9,104.36,225.22,225.22,box_5km_1ms,27,42,0,safety_cap,2000,483,250.0,241.83,1,42,273,168,2.96
90.38,-157.59,0.0314,0.0479,520.2,675.9,-155.7,84.51,249.67,249.67,box_5km_1ms,28,42,0,safety_cap,2000,422,313.0,297.18,1,70,201,151,8.66
-152.97,-25.86,0.0364,0.0376,459.1,763.8,-304.6,164.85,247.65,247.65,box_5km_1ms,29,42,0,safety_cap,2000,414,352.0,329.05,1,82,184,148,6.38
137.93,-21.98,0.018,0.0469,478.3,724.7,-246.4,133.64,240.45,240.45,box_5km_1ms,30,42,0,safety_cap,2000,470,333.0,313.45,1,74,208,188,4.93
127.49,-44.56,0.0164,0.0032,688.0,484.4,203.7,110.81,74.79,110.81,box_5km_1ms,31,42,0,safety_cap,2000,360,147.0,139.98,1,68,160,132,7.28
70.56,-136.92,0.0014,0.031,686.1,434.6,251.5,137.59,123.28,137.59,box_5km_1ms,32,42,1,success,1997,362,165.0,159.1,1,54,215,93,2.53
-69.8,134.89,0.0366,0.0161,593.5,434.4,159.1,87.92,197.56,197.56,box_5km_1ms,33,42,0,safety_cap,2000,453,345.0,233.0,1,95,168,190,8.92
-33.67,-165.63,0.0225,0.0455,408.4,604.5,-196.1,108.53,237.15,237.15,box_5km_1ms,34,42,0,safety_cap,2000,494,266.0,254.67,1,35,327,132,2.83
121.68,1.91,0.0018,0.0283,416.5,728.6,-312.1,170.31,109.44,170.31,box_5km_1ms,35,42,0,safety_cap,2000,510,251.0,235.64,1,105,173,232,8.92
-22.51,-102.37,0.0234,0.0151,553.3,352.8,200.4,112.26,98.39,112.26,box_5km_1ms,36,42,0,safety_cap,2000,474,157.0,137.34,1,47,294,133,2.77
117.61,21.01,0.0205,0.0155,563.7,642.0,-78.3,42.44,102.12,102.12,box_5km_1ms,37,42,0,safety_cap,2000,425,165.0,165.12,1,54,200,171,7.45
-53.59,65.3,0.0195,0.0168,423.8,732.3,-308.5,168.12,116.97,168.12,box_5km_1ms,38,42,0,safety_cap,2000,371,177.0,162.65,1,53,245,73,2.99
143.3,165.04,0.0211,0.0274,728.2,427.6,300.6,163.87,42.38,163.87,box_5km_1ms,39,42,0,safety_cap,2000,428,165.0,169.3,1,67,187,174,9.43
4.31,11.35,0.0312,0.0365,622.6,710.2,-87.6,46.85,25.05,46.85,box_5km_1ms,40,42,0,safety_cap,2000,464,61.0,50.96,1,22,384,58,3.2
-142.53,29.61,0.0053,0.0477,561.9,654.1,-92.2,49.94,199.49,199.49,box_5km_1ms,41,42,0,safety_cap,2000,422,287.0,266.48,1,69,189,164,8.22
-23.19,-57.31,0.014,0.0196,723.2,368.6,354.6,194.64,43.02,194.64,box_5km_1ms,42,42,0,safety_cap,2000,468,207.0,212.33,1,89,171,208,9.15
87.04,-49.11,0.0155,0.0039,742.9,336.9,405.9,223.12,71.43,223.12,box_5km_1ms,43,42,1,success,1984,436,233.0,233.24,1,55,212,169,2.12
-162.31,-84.19,0.0233,0.0429,367.8,758.5,-390.7,213.64,166.01,213.64,box_5km_1ms,44,42,0,safety_cap,2000,434,266.0,252.32,1,74,198,162,7.47
96.76,164.8,0.0142,0.034,394.3,526.0,-131.8,73.68,119.95,119.95,box_5km_1ms,45,42,0,safety_cap,2000,391,179.0,172.17,1,59,196,136,7.13
175.99,101.98,0.0452,0.0344,555.3,718.1,-162.8,87.62,182.53,182.53,box_5km_1ms,46,42,0,safety_cap,2000,476,293.0,275.59,1,83,200,193,7.48
109.68,-61.69,0.0296,0.0012,596.4,705.4,-109.0,58.48,115.52,115.52,box_5km_1ms,47,42,0,safety_cap,2000,355,185.0,173.59,1,66,193,96,5.77
-122.69,-78.82,0.0214,0.0443,687.2,797.3,-110.1,57.93,121.08,121.08,box_5km_1ms,48,42,0,safety_cap,2000,384,202.0,186.67,1,79,179,126,8.92
133.58,11.65,0.0267,0.0421,723.4,580.7,142.6,76.51,229.58,229.58,box_5km_1ms,49,42,0,safety_cap,2000,389,312.0,298.84,1,78,166,145,8.09
-125.07,-57.29,0.0116,0.0218,605.1,661.1,-56.0,30.18,76.96,76.96,box_5km_1ms,50,42,0,safety_cap,2000,396,148.0,142.56,1,63,176,157,8.87
-19.22,1.43,0.0029,0.0124,370.2,306.2,64.0,36.75,37.47,37.47,box_5km_1ms,51,42,1,success,1879,487,58.0,56.16,1,26,273,188,2.33
30.72,-29.63,0.0027,0.0216,563.7,662.6,-98.9,53.48,76.7,76.7,box_5km_1ms,52,42,0,safety_cap,2000,486,107.0,92.82,1,43,266,177,2.82
113.26,114.62,0.0168,0.0165,794.4,655.1,139.3,73.59,1.79,73.59,box_5km_1ms,53,42,0,safety_cap,2000,324,75.0,74.68,1,51,182,91,5.43
-89.73,170.23,0.0155,0.0455,563.3,692.1,-128.8,69.44,189.84,189.84,box_5km_1ms,54,42,0,safety_cap,2000,379,257.0,237.12,1,64,187,128,8.94
94.95,-100.66,0.0201,0.0304,425.4,756.4,-331.0,179.92,186.98,186.98,box_5km_1ms,55,42,0,safety_cap,2000,460,348.0,274.61,1,103,185,172,4.3
53.71,163.11,0.017,0.0238,798.4,361.6,436.9,238.05,129.0,238.05,box_5km_1ms,56,42,0,safety_cap,2000,407,249.0,249.64,1,52,242,113,9.25
-156.77,26.9,0.0041,0.0042,448.0,550.8,-102.8,56.99,31.43,56.99,box_5km_1ms,57,42,0,safety_cap,2000,298,117.0,112.36,1,68,157,73,5.34
-59.42,-122.0,0.0058,0.0153,576.1,520.3,55.8,30.61,51.74,51.74,box_5km_1ms,58,42,1,success,1888,400,91.0,91.88,1,42,197,161,4.29
46.54,-139.29,0.0271,0.0216,518.2,609.6,-91.4,49.97,183.79,183.79,box_5km_1ms,59,42,0,safety_cap,2000,459,229.0,208.02,1,53,254,152,2.85
135.76,8.39,0.0097,0.0263,551.9,466.3,85.6,47.34,126.23,126.23,box_5km_1ms,60,42,0,safety_cap,2000,443,198.0,195.46,1,71,202,170,8.94
-19.2,-72.85,0.0215,0.0157,704.0,761.3,-57.3,30.23,65.72,65.72,box_5km_1ms,61,42,0,safety_cap,2000,499,86.0,75.93,1,35,369,95,2.47
-9.47,52.43,0.0058,0.033,512.2,434.3,77.9,43.43,117.54,117.54,box_5km_1ms,62,42,1,success,1563,473,134.0,122.35,1,29,273,171,2.41
171.4,117.56,0.0309,0.0103,774.9,563.0,211.9,113.25,99.39,113.25,box_5km_1ms,63,42,0,safety_cap,2000,426,192.0,188.04,1,76,200,150,8.26
-158.0,-53.35,0.0094,0.0369,321.3,459.5,-138.2,78.47,153.86,153.86,box_5km_1ms,64,42,0,safety_cap,2000,372,289.0,283.1,1,85,157,130,5.22
139.21,-177.46,0.0321,0.0039,472.6,349.8,122.8,69.41,113.06,113.06,box_5km_1ms,65,42,0,safety_cap,2000,414,187.0,182.84,1,72,184,158,7.78
-171.23,173.27,0.0439,0.0427,515.9,674.5,-158.6,86.11,44.14,86.11,box_5km_1ms,66,42,0,safety_cap,2000,476,137.0,134.13,1,66,188,222,7.68
-118.2,-123.84,0.007,0.009,792.8,355.9,436.9,238.35,8.12,238.35,box_5km_1ms,67,42,0,safety_cap,2000,380,243.0,249.96,1,90,143,147,5.87
121.9,166.37,0.0232,0.0299,421.5,545.6,-124.1,69.05,79.87,79.87,box_5km_1ms,68,42,0,safety_cap,2000,366,193.0,193.89,1,61,184,121,6.45
9.95,92.14,0.002,0.0011,579.7,724.6,-144.9,77.73,8.21,77.73,box_5km_1ms,69,42,1,success,1866,419,93.0,87.07,1,33,362,24,1.91
-130.1,164.84,0.0147,0.0109,304.0,741.7,-437.7,241.48,52.93,241.48,box_5km_1ms,70,42,0,safety_cap,2000,385,247.0,230.33,1,78,179,128,8.77
164.57,163.69,0.0007,0.0047,647.2,533.6,113.6,61.74,15.27,61.74,box_5km_1ms,71,42,0,safety_cap,2000,418,105.0,107.0,1,63,183,172,5.38
179.73,-86.26,0.0306,0.0227,579.2,361.7,217.5,121.32,151.48,151.48,box_5km_1ms,72,42,0,safety_cap,2000,479,245.0,241.73,1,86,174,219,7.78
155.07,-88.99,0.0251,0.0051,565.1,640.5,-75.4,40.87,104.62,104.62,box_5km_1ms,73,42,0,safety_cap,2000,498,223.0,202.73,1,90,176,232,6.43
40.86,73.73,0.0342,0.0022,484.4,633.5,-149.1,81.57,122.2,122.2,box_5km_1ms,74,42,0,safety_cap,2000,407,156.0,143.55,1,41,267,99,3.54
-138.06,-152.64,0.0277,0.0253,747.1,592.0,155.1,82.87,27.04,82.87,box_5km_1ms,75,42,0,safety_cap,2000,356,144.0,146.27,1,74,168,114,4.38
-10.15,160.06,0.005,0.0213,536.2,363.9,172.3,96.54,100.96,100.96,box_5km_1ms,76,42,0,safety_cap,2000,555,127.0,108.59,1,37,324,194,3.54
-154.42,93.79,0.0147,0.027,720.8,407.8,313.0,171.08,134.92,171.08,box_5km_1ms,77,42,0,safety_cap,2000,477,241.0,238.86,1,90,181,206,4.49
-21.92,-33.81,0.0112,0.0151,722.1,355.9,366.2,201.29,18.01,201.29,box_5km_1ms,78,42,0,safety_cap,2000,474,199.0,209.51,1,78,169,227,10.73
-47.8,83.64,0.039,0.0457,477.7,679.2,-201.6,109.85,290.33,290.33,box_5km_1ms,79,42,1,success,1961,489,322.0,315.47,1,50,236,203,2.18
-21.66,40.99,0.0342,0.0205,669.4,595.1,74.3,40.0,116.34,116.34,box_5km_1ms,80,42,1,success,1911,523,137.0,127.59,1,36,248,239,2.33
-155.41,96.39,0.0125,0.0456,309.6,531.4,-221.9,125.16,193.39,193.39,box_5km_1ms,81,42,0,safety_cap,2000,445,342.0,332.8,1,89,170,186,4.22
-71.95,179.8,0.0016,0.013,521.3,689.5,-168.2,91.14,51.15,91.14,box_5km_1ms,82,42,0,safety_cap,2000,439,96.0,89.51,1,52,234,153,3.0
-121.7,-170.17,0.0274,0.0317,679.0,509.9,169.1,91.81,93.51,93.51,box_5km_1ms,83,42,0,safety_cap,2000,469,184.0,198.21,1,48,171,250,8.09
-82.2,60.04,0.0098,0.0051,600.2,433.9,166.3,91.85,54.51,91.85,box_5km_1ms,84,42,1,success,1998,406,185.0,176.98,1,58,198,150,2.39
114.67,91.42,0.0016,0.0112,537.3,784.9,-247.7,132.6,36.65,132.6,box_5km_1ms,85,42,1,success,1986,488,171.0,167.6,1,95,181,212,4.26
-137.56,97.96,0.0065,0.0093,345.3,747.8,-402.5,220.9,52.44,220.9,box_5km_1ms,86,42,0,safety_cap,2000,382,227.0,211.53,1,77,192,113,5.3
44.22,157.92,0.0294,0.0207,461.4,683.3,-221.9,121.06,158.84,158.84,box_5km_1ms,87,42,0,safety_cap,2000,308,209.0,182.11,1,57,205,46,2.58
-107.93,173.0,0.0106,0.0212,762.6,521.8,240.8,129.43,82.98,129.43,box_5km_1ms,88,42,0,safety_cap,2000,459,212.0,212.57,1,74,179,206,8.77
-74.21,-59.25,0.0497,0.0359,604.3,528.2,76.0,41.54,67.14,67.14,box_5km_1ms,89,42,0,safety_cap,2000,390,123.0,118.26,1,54,209,127,9.43
47.07,-74.31,0.0308,0.0149,712.4,601.5,110.9,59.44,153.68,153.68,box_5km_1ms,90,42,0,safety_cap,2000,412,189.0,178.16,1,47,247,118,2.86
-174.14,74.41,0.0347,0.0277,746.7,406.8,339.9,185.33,198.36,198.36,box_5km_1ms,91,42,0,safety_cap,2000,468,292.0,292.32,1,80,183,205,5.81
-27.43,30.34,0.0428,0.0137,559.2,790.0,-230.8,123.2,139.34,139.34,box_5km_1ms,92,42,1,success,1750,416,165.0,153.99,1,37,312,67,1.8
-151.08,-125.4,0.0328,0.0024,739.0,503.8,235.2,126.97,116.82,126.97,box_5km_1ms,93,42,0,safety_cap,2000,472,228.0,223.95,1,88,182,202,4.25
-63.22,26.18,0.0083,0.0277,764.8,624.5,140.2,74.54,108.93,108.93,box_5km_1ms,94,42,0,safety_cap,2000,429,151.0,141.91,1,51,218,160,2.12
-159.86,112.96,0.0033,0.0173,321.7,683.9,-362.1,200.64,65.72,200.64,box_5km_1ms,95,42,0,safety_cap,2000,398,207.0,192.91,1,85,163,150,6.79
-75.6,105.04,0.0171,0.0407,771.7,583.5,188.2,100.41,218.73,218.73,box_5km_1ms,96,42,1,success,1986,431,280.0,257.95,1,62,212,157,2.78
-25.25,67.95,0.0392,0.0035,566.8,715.6,-148.8,79.99,148.29,148.29,box_5km_1ms,97,42,1,success,1958,417,175.0,161.64,1,41,327,49,2.53
-56.47,-98.26,0.0283,0.0114,418.6,513.5,-94.9,52.99,80.76,80.76,box_5km_1ms,98,42,0,safety_cap,2000,323,120.0,109.76,1,49,213,61,3.26
-23.52,85.72,0.0423,0.0255,676.3,378.9,297.4,163.87,215.79,215.79,box_5km_1ms,99,42,0,safety_cap,2000,429,470.0,385.19,1,52,131,246,2113.47
