rung,ep,cause,cause_name,success,steps,ep_reward,init_attempts,di_rel_deg,da0_km,de0,e_sat0,e_tgt0,e_max_pair,a_sat_km,a_tgt_km,band_pos,dlam0_deg,rp_sat_km,rp_tgt_km,dv_spent,dv_frac_budget,fuel_end,exhausted,n_decisions,n_normal,n_combined,n_plane,frac_plane,n_warp,frac_warp,n_inplane,n_coast,dv_normal_cmd,di_end_deg,de_end,da_end_km,r_min_km,relv_at_rmin,r_min_velok_km,need_seq,need_comb,margin_seq,margin_comb,feas_seq,feas_comb,dv_pl,dv_hoh,dv_e,t_hoh_steps
W3,1,4,safety_cap,0,3000,0.0,4,0.3913037787058519,322.184,0.24018678599580096,0.1151995062828064,0.13323207199573517,0.13323207199573517,1944.2845,1622.1005,0.9672261764705883,-76.1398334285411,986.3678309989274,557.1631587148532,450.0,0.941166868495669,0.009515931829810143,0,198,0,0,0,0.0,70,0.35353535353535354,46,82,0.0,0.3913037787058519,0.1165698629157678,25.374,86.616015625,894.0036010742188,nan,1023.21543404117,979.0211429204554,-545.0855560533637,-500.89126493264905,0,0,45.42197670874789,138.14494458506027,839.6485127473618,61.06623915289372
W3,2,1,success,1,210,5.7131147384643555,1,0.49623287999529014,255.1815,0.09753353789782863,0.11015217006206512,0.081498883664608,0.11015217006206512,1474.8195,1730.001,0.6910702941176471,74.18627179730125,610.5854561597332,1069.7784619341269,405.0,0.847050181646102,0.024550843983888626,0,26,3,0,3,0.11538461538461539,7,0.2692307692307692,16,0,60.0,0.26686328155692024,0.004115345047370251,3.9465,26.27365234375,49.93121337890625,26.27365234375,515.027104784294,462.64655560144695,-36.897226796487644,15.483322386359418,0,1,57.07191875640747,113.15236125203587,344.80282477585064,59.046736547126514
W3,3,4,safety_cap,0,3000,0.0,1,0.7098553705804899,124.469,0.1406622247419426,0.10225384682416916,0.12488947808742523,0.12488947808742523,1730.785,1606.316,0.8416382352941176,179.933836183976,902.3463176076486,610.0331682215333,464.0,0.9704476155155343,0.004791306797415018,0,141,17,0,17,0.12056737588652482,57,0.40425531914893614,24,43,17.0,0.5795202600952786,0.020716629043312812,3.076,121.0352421875,126.35533142089844,151.7580625,633.5624968054947,556.7763028296253,-155.4326188176883,-78.64642484181888,0,0,83.83161228329621,54.508245184056875,495.2226393381416,59.7829560850826
W3,4,4,safety_cap,0,3000,0.0,1,0.28470813793935706,271.883,0.198625839718726,0.11402977257966995,0.0862504094839096,0.11402977257966995,1550.8165,1278.9335,0.7357744117647059,-9.497571357922075,647.493566087123,619.1236031003222,470.0,0.9829965070954765,0.0027595749124884605,0,124,0,0,0,0.0,69,0.5564516129032258,52,3,0.0,0.28470813793935706,0.0736244538923876,0.642,326.82271875,1725.3992919921875,nan,870.1777657587927,836.3792250509053,-392.04788777098634,-358.249347063099,0,0,34.642475922101674,124.94228982530228,710.5930000113888,56.975858124200286
W3,5,4,safety_cap,0,3000,0.0,3,0.9755487687986338,271.736,0.18515817509472682,0.09281449019908905,0.09993813931941986,0.09993813931941986,1558.9085,1287.1725,0.7405344117647059,139.0166947852527,822.898085247077,521.8289897628501,463.0,0.9683561335855438,0.005129525903612375,0,373,9,0,9,0.024128686327077747,219,0.5871313672922251,48,97,9.0,0.9085055528964928,0.06397469365696785,4.014,226.292296875,304.627685546875,489.1914375,897.0283061103673,795.8658903300623,-418.898428122561,-317.7360123422559,0,0,110.28506872679135,124.67850368438474,662.0647336991913,57.06551246523019
W3,6,1,success,1,780,5.7131147384643555,1,0.7136920692641858,225.309,0.07758153119697449,0.11714762449264526,0.10438566654920578,0.11714762449264526,1842.847,1617.538,0.9075570588235294,-36.25423749661432,880.6143360039591,783.6491361163407,405.0,0.847050181646102,0.024550843983888626,0,29,4,0,4,0.13793103448275862,10,0.3448275862068966,15,0,85.0,0.16518652425117164,0.0013914202472199155,29.5505,13.81967578125,342.58953857421875,29.443419921875,448.88822935305063,380.9499785620666,29.241648634755734,97.17989942573979,1,1,79.24224821314584,97.5496016727047,272.0963794672001,60.471837096971655
W3,7,1,success,1,836,6.4631123542785645,1,0.6074031199996803,291.525,0.0616495956731429,0.13592912256717682,0.13639891147613525,0.13639891147613525,1755.987,1464.462,0.8564629411764706,84.2826653771842,651.2927879751473,395.7135122873783,330.0,0.6901890368968239,0.04910358786582947,0,7,0,0,0,0.0,7,1.0,0,0,0.0,0.012616198162919928,0.0022804478128275137,7.974,29.452451171875,38.3391227722168,29.452451171875,412.33433321566076,356.52968160893545,65.7955447721456,121.60019637887092,1,1,65.41425428479377,129.08171764458922,217.83836128627777,59.13355993455734
W3,8,1,success,1,449,6.6081862449646,1,0.8975284784049302,199.843,0.019882490484984125,0.02108205296099186,0.008604449220001698,0.02108205296099186,914.3255,714.4825,0.3613679411764706,-152.40800687516463,760.7358819709355,653.5158256295398,315.71067810058594,0.6603031783523836,0.05371090769767761,0,22,8,2,10,0.45454545454545453,8,0.36363636363636365,4,0,220.0,0.16938734405478076,0.0026730343890319173,5.916,28.70702734375,36.76298904418945,28.70702734375,291.07707036227214,239.05789733811943,187.05280762553423,239.07198064968694,1,1,113.45247512635726,103.58158278331288,74.043012452602,50.51339071655968
W3,9,1,success,1,706,6.506586074829102,1,0.4718417942214986,103.7705,0.043349327478820594,0.04346079379320145,0.0008709171088412404,0.04346079379320145,549.151,445.3805,0.14655941176470588,39.47079938006811,248.3957443711832,439.4439976021778,325.71067810058594,0.6812179976522874,0.050488948822021484,0,8,0,0,0,0.0,8,1.0,0,0,0.0,0.05367666242845176,0.005673740976312265,25.372,28.771921875,26.483713150024414,28.771921875,282.5900782978081,233.20608662400574,195.5397996899983,244.92379136380063,1,1,59.920014312435114,57.55081256109181,165.11925142428115,47.206344402938534
W3,10,1,success,1,1649,5.709607124328613,4,0.755060550715396,390.7615,0.02747834369458738,0.017133217304944992,0.0130934352055192,0.017133217304944992,1120.314,729.5525,0.4825376470588235,-127.18993037189219,991.9636893384234,636.581875917863,405.35533905029297,0.8477933668488098,0.024433020502328873,0,14,0,0,0,0.0,14,1.0,0,0,0.0,0.1031134248986586,0.0030073139967884722,15.379,29.686798828125,37.14543533325195,29.686798828125,394.98030792211324,337.3506811992992,83.14957006569313,140.7791967885072,1,1,95.43683227431676,197.99135018745167,101.5521254603448,51.68339243194743
W3,11,1,success,1,2111,6.4631123542785645,1,0.7483606153872896,169.8255,0.051282622498849885,0.15555903315544128,0.13286396861076355,0.15555903315544128,1655.566,1825.3915,0.7973917647058824,-175.30246662201478,406.9611534816623,736.3863970224709,330.0,0.6901890368968239,0.04910358786582947,0,12,0,0,0,0.0,12,1.0,0,0,0.0,0.12190804443159078,0.0016819943828072937,10.6855,29.965884765625,29.716867446899414,29.965884765625,331.9983011249901,269.67243073353995,146.13157686281625,208.4574472542664,1,1,78.86696927566362,73.38538715558238,179.74594469374415,60.58704714348039
W3,12,1,success,1,2080,5.126731872558594,2,0.62691296839444,373.8725,0.11668435318660403,0.05872555077075958,0.06566678732633591,0.06566678732633591,1705.662,1331.7895,0.82686,-111.43286781450037,1231.3555756607354,825.9720600839667,465.0,0.9725390974455246,0.004452972672879696,0,65,4,0,4,0.06153846153846154,41,0.6307692307692307,20,0,40.0,0.3040238061904473,0.0008155075973121416,10.99,29.986572265625,32.416961669921875,29.986572265625,655.8925655427889,589.467895587137,-177.76268755498256,-111.33801759933067,0,0,72.75931297401316,168.446118104216,414.68713446455985,58.11959713830855
W3,13,1,success,1,1446,5.861588478088379,2,0.9943154605951846,323.0905,0.063535960919559,0.07333669066429138,0.03465831279754639,0.07333669066429138,1130.6205,1453.711,0.48860029411764705,122.81211080967792,580.4764779105932,1182.519718611598,390.0,0.8156779526962464,0.029511593282222748,0,13,0,0,0,0.0,9,0.6923076923076923,4,0,0.0,0.07169384101519254,0.004380454792111205,33.9675,29.287232421875,26.987308502197266,29.287232421875,498.8187292826106,409.61510247052144,-20.688851294804238,68.51477551728493,0,1,117.64041857672252,152.06285589485285,229.11545481103525,55.634227647884885
W3,14,4,safety_cap,0,3000,0.0,1,0.7116123300227698,288.7055,0.13733236461188467,0.1387302279472351,0.1252630203962326,0.1387302279472351,1475.6985,1764.404,0.6915873529411765,95.48210111022836,387.1242284617722,745.3387228164077,454.0,0.9495327962156305,0.008168332278728485,0,425,17,0,17,0.04,87,0.20470588235294118,45,276,17.0,0.5776387564223515,0.015273213437505305,3.3895,60.5018828125,115.42096710205078,120.33103125,690.0125722592509,618.7072875849326,-211.8826942714445,-140.57740959712623,0,0,77.45097784048856,127.59722483654201,484.9643695822203,59.24280436277183
W3,15,4,safety_cap,0,3000,0.0,1,0.34970541870038835,122.349,0.16179228693904163,0.07931726425886154,0.08250857889652252,0.08250857889652252,1815.2925,1937.6415,0.8913485294117647,-123.19953896136029,1165.9781744771637,1252.1072972743289,454.0,0.9495327962156305,0.008168332278728485,0,227,0,0,0,0.0,62,0.27312775330396477,100,65,0.0,0.34970541870038835,0.03422512790108293,9.3635,295.09525,228.53692626953125,nan,654.2717913232865,615.3982224351158,-176.14191333548013,-137.26834444730946,0,0,40.316846183703866,51.566469316984296,562.3884758225983,62.11702021236705
W3,16,1,success,1,1388,6.962859153747559,2,0.7933988294135008,52.206,0.03433800721557322,0.06292066723108292,0.03708168864250183,0.06292066723108292,1909.544,1857.338,0.9467905882352942,3.2177128271240223,1388.5266464836598,1552.2173322387337,281.0660171508789,0.5878444960054282,0.06478896737098694,0,27,3,3,6,0.2222222222222222,11,0.4074074074074074,10,0,150.0,0.10054636099811146,0.0030287428857577285,19.144,29.88186328125,35.78155517578125,29.88186328125,234.2007299780991,173.19707211844337,243.92914800970726,304.932805869363,1,1,92.91754247930831,21.97502806231566,119.30815943647514,62.195825437894314
W3,17,4,safety_cap,0,3000,0.0,2,0.6260054070084746,118.164,0.1672839039324056,0.10674163699150085,0.06231298670172691,0.10674163699150085,1891.726,1773.562,0.9363094117647058,-40.68171074618785,1009.7491007477641,1266.0500164026096,461.35533905029297,0.9649163549282708,0.0056855324655771255,0,82,1,0,1,0.012195121951219513,38,0.4634146341463415,37,6,1.0,0.45099803122617665,0.046744622116710814,3.0505,361.579,323.5769348144531,nan,706.374376965602,637.8006900672406,-228.24449897779562,-159.6708120794342,0,0,73.14391555274355,50.2021497633193,583.0283116495391,61.622589330820645
W3,18,1,success,1,1182,5.907716274261475,1,0.7820807257111138,390.0075,0.07043607203143158,0.06258443742990494,0.01053676102310419,0.06258443742990494,1545.5915,1935.599,0.7327008823529412,74.43355718542796,1050.1360746101327,1848.0743514222438,385.35533905029297,0.8059637282490022,0.031042538583278656,0,6,0,0,0,0.0,6,1.0,0,0,0.0,0.02677885554109921,0.003667147032517503,11.8435,12.9757509765625,81.50382232666016,27.99878125,509.95001130800244,432.9081809722999,-31.820133320196078,45.22169701550649,0,1,94.51594536412192,168.55692172183956,246.87714422204095,60.5883524078878
W3,19,1,success,1,858,6.3079986572265625,2,0.8444756777179437,337.56,0.016153525598325506,0.04544639214873314,0.03145189210772514,0.04544639214873314,1287.0985,1624.6585,0.5806461764705882,-64.82205440591129,939.0655524553749,1373.1799115277845,345.35533905029297,0.7223044510493872,0.04412753880023956,0,5,0,0,0,0.0,5,1.0,0,0,0.0,0.06408147512329432,0.0025354528747038954,21.912,29.685115234375,35.769317626953125,29.685115234375,312.5703796444662,261.4245202322217,165.55949834334018,216.70535775558466,1,1,101.01634642041859,153.9156327247272,57.6384004993204,57.42653632452228
W3,20,1,success,1,1344,6.100066184997559,1,0.9152218700064367,390.8505,0.06219807417442538,0.04259449988603592,0.033132076263427734,0.04259449988603592,1397.9665,1007.116,0.6458626470588236,-0.8432949967043087,1067.051257301133,762.6636980075837,366.0660171508789,0.7656204600546102,0.037374768406152725,0,8,0,0,0,0.0,6,0.75,2,0,0.0,0.14440100462677993,0.0031110180299901854,2.8245,26.099974609375,49.523433685302734,26.099974609375,522.9582279791882,438.28975345107676,-44.828349991381856,39.840124536729604,0,1,110.09937404499033,187.24470475231664,225.61414918188123,54.6610823836975
W3,21,1,success,1,775,7.336546897888184,1,0.7933659591281201,162.592,0.02206690960926312,0.032737359404563904,0.05295674130320549,0.05295674130320549,1209.9005,1372.4925,0.5352355882352942,-106.54917749475906,961.7218357212618,962.422370894188,245.0,0.512413072847642,0.07618376612663269,0,5,0,0,0,0.0,5,1.0,0,0,0.0,0.023345586583103584,0.0028946079969874106,3.682,29.545115234375,26.165891647338867,29.545115234375,250.60587046421347,200.07105878798265,227.5240075235929,278.0588191998237,1,1,94.49682510808192,76.52907637482292,79.57996898130862,55.62367291663123
W3,22,4,safety_cap,0,3000,0.0,1,0.7802907892617473,236.322,0.21677047884091935,0.14441253244876862,0.09986589103937149,0.14441253244876862,1412.551,1176.229,0.6544417647058823,-122.54748422229038,288.5086886458546,422.51825103681534,463.0,0.9683561335855438,0.005129525903612375,0,202,2,0,2,0.009900990099009901,122,0.6039603960396039,70,8,2.0,0.7894597846139605,0.09735913091784236,12.5415,669.2071875,697.8176879882812,nan,988.5773582636133,898.5986147370486,-510.4474802758069,-420.4687367492422,0,0,95.83197656950905,111.16814659724949,781.5772350968548,55.658451333053485
W3,23,1,success,1,1647,6.31157922744751,1,0.9159104384521386,62.3175,0.03293417323576504,0.03267170861363411,0.043433960527181625,0.043433960527181625,877.7085,815.391,0.3398285294117647,-144.9357475762633,640.8808080628272,503.2575769731067,345.0,0.7215612658466796,0.0442429818212986,0,8,0,0,0,0.0,8,1.0,0,0,0.0,0.031391019151903,0.0030530987266645764,11.348,29.184712890625,31.732036590576172,29.184712890625,269.30593071224985,199.90915800298137,208.82394727555652,278.220719984825,1,1,114.84904625515438,32.0824311308164,122.3744533262791,50.852746497195604
W3,24,4,safety_cap,0,3000,0.0,1,0.2396760070503753,58.641,0.14992545097266596,0.10192426294088364,0.04809913784265518,0.10192426294088364,1821.958,1880.599,0.8952694117647059,80.79131821045621,986.8967945443839,1483.7042022766843,460.0,0.9620816877955727,0.006143494509160519,0,266,0,0,0,0.0,71,0.2669172932330827,87,108,0.0,0.2396760070503753,0.019643875523762785,3.487,160.071578125,130.05242919921875,nan,574.387944678261,547.4962035610941,-96.2580666904546,-69.36632557328778,0,0,27.622144638368376,24.82870431987525,521.9370957200174,61.832671213798804
W3,25,4,safety_cap,0,3000,0.0,1,0.7540004306510161,370.138,0.19851147437808941,0.09579898416996002,0.10597939044237137,0.10597939044237137,1923.235,1553.097,0.9548441176470588,23.416936518471648,1128.6557125330717,713.3060301337764,464.0,0.9704476155155343,0.004791306797415018,0,95,0,0,0,0.0,78,0.8210526315789474,16,1,0.0,0.7540004306510161,0.07120161707284692,2.4005,547.76,500.3684997558594,nan,944.1637248240168,861.4938387204944,-466.0338468362104,-383.36396073268804,0,0,88.24242411316057,160.03800479758615,695.88329591327,60.56113706422909
W3,26,4,safety_cap,0,3000,0.0,1,0.9173368807716132,376.002,0.20032993037687283,0.12610629200935364,0.12446652352809906,0.12610629200935364,1189.4955,1565.4975,0.5232326470588236,-39.30606079542766,236.06944674159587,577.6692471855506,453.35533905029297,0.9481844994883478,0.008385642431676388,0,98,0,0,0,0.0,58,0.5918367346938775,36,4,0.0,0.7429592697751318,0.08890328483597379,4.104,274.65471875,1022.5083618164062,nan,997.0021214943345,900.0401619299633,-518.8722435065281,-421.910283942157,0,0,104.52617236137979,174.05992323926125,718.4160258936934,56.56605562415671
W3,27,1,success,1,1335,6.4631123542785645,3,0.3224051525878474,225.062,0.059996464896873276,0.09306780993938446,0.13721904158592224,0.13721904158592224,1613.838,1388.776,0.7728458823529412,65.19658292873467,870.7066146192253,323.98697435855865,330.0,0.6901890368968239,0.04910358786582947,0,9,0,0,0,0.0,9,1.0,0,0,0.0,0.033151387018661396,0.002932715397194484,1.6835,28.8153046875,43.35779571533203,28.8153046875,352.20167343057005,318.36838138927027,125.92820455723631,159.7614965985361,1,1,37.019624802717736,101.72350460212279,213.45854402572957,57.927230802603084
W3,28,1,success,1,724,6.867349624633789,1,0.8849876107585521,170.2915,0.036101917892547124,0.020038528367877007,0.025637023150920868,0.025637023150920868,1929.5925,1759.301,0.9585838235294117,136.39419516975994,1763.260841718563,1550.864285039045,290.35533905029297,0.6072729448999166,0.06183138117194176,0,12,0,0,0,0.0,12,1.0,0,0,0.0,0.04007169933415328,0.0032132595746780044,17.778,27.971916015625,37.48368835449219,27.971916015625,303.6079730207526,236.44178217623707,174.52190496705379,241.6880958115693,1,1,105.67948411946851,72.19424519830537,125.73424370297872,61.75562366677445
W3,29,1,success,1,2115,5.611056327819824,2,0.9323330947029054,236.9105,0.059116900016736425,0.031623777002096176,0.04675382748246193,0.04675382748246193,1514.4075,1277.497,0.7143573529411764,-126.98484251983291,1265.0411316493432,919.9004907618723,415.35533905029297,0.8687081861487135,0.021111372858285904,0,14,0,0,0,0.0,14,1.0,0,0,0.0,0.10792657382940196,0.00197928752911818,7.551,17.426767578125,54.13643264770508,29.46958984375,433.3726596301612,348.978874988437,44.75721835764517,129.15100299936938,1,1,112.35575559131611,109.26602252091368,211.75088151793142,56.76827363742408
W3,30,1,success,1,1176,6.713761329650879,1,0.4396659202999057,321.4175,0.05585184570233485,0.06633800268173218,0.012975245714187622,0.06633800268173218,887.3585,1208.776,0.345505,147.95609229577465,405.8534943620265,1110.4265439414978,305.35533905029297,0.6386451738497722,0.057035837322473526,0,6,0,0,0,0.0,6,1.0,0,0,0.0,0.08883646857358736,0.0013468311767121442,23.644,29.56673828125,20.540359497070312,29.56673828125,417.2818803237154,370.44473301383897,60.84799766409094,107.6851449739674,1,1,53.78565869812354,158.80379815990523,204.69242346568666,52.99729407850024
W3,31,1,success,1,1704,5.238961219787598,1,0.9909966289887928,62.161,0.11496527001869486,0.09580408036708832,0.06379356980323792,0.09580408036708832,1245.076,1307.237,0.5559270588235294,-152.1858879520772,515.4248428141475,817.4148519746959,453.4213562011719,0.9483225731664805,0.0083633903414011,0,37,0,0,0,0.0,28,0.7567567567567568,9,0,0.0,0.2698055723048883,0.005024664560733472,0.738,10.7360068359375,74.15931701660156,27.776048828125,558.6798423471587,459.81068016496675,-80.54996435935232,18.319197822839612,0,1,114.32935989639931,29.34334417963462,415.0071382711247,55.45997911571859
W3,32,1,success,1,1206,7.437255859375,1,0.455400995280749,300.225,0.01853460203284841,0.0271995160728693,0.022245658561587334,0.0271995160728693,1526.0315,1225.8065,0.721195,-37.80421856067177,1311.236064787795,1056.8105364425528,235.35533905029297,0.4922414387504459,0.07920732349157333,0,18,1,1,2,0.1111111111111111,8,0.4444444444444444,8,0,50.0,0.24628789697121223,0.003262292021307547,24.1135,28.768982421875,31.370023727416992,28.768982421875,260.4430493068777,224.51599171549486,217.68682868092867,253.6138862723115,1,1,54.95580625320494,139.01234956797254,66.47489348570024,56.54878225810964
W3,33,1,success,1,1920,5.505871772766113,2,0.7031992445126067,82.808,0.11371541702071941,0.1494579017162323,0.13286222517490387,0.1494579017162323,1646.5515,1729.3595,0.7920891176470588,178.97781223241057,448.26507590816914,653.1277121133282,426.0660171508789,0.8911093758540326,0.01754111982882023,0,30,0,3,3,0.1,15,0.5,12,0,75.0,0.16945457872942304,0.00485079990140248,25.154,29.312080078125,31.92465591430664,29.312080078125,512.5007602723263,443.25408820984524,-34.370882284519894,34.87578977796113,0,1,76.49827935290858,36.13244498155745,399.87003593786017,59.999533119855435
W3,34,1,success,1,1533,5.126731872558594,1,0.6520641261568071,143.659,0.11696539363906425,0.05560922622680664,0.06136304512619972,0.06136304512619972,1564.8925,1421.2335,0.7440544117647059,-152.07166108030964,1123.583658655882,943.0783241056148,465.0,0.9725390974455246,0.004452972672879696,0,52,5,0,5,0.09615384615384616,37,0.7115384615384616,10,0,50.0,0.24549282026314037,0.004040538383727006,1.295,28.967060546875,38.387203216552734,28.967060546875,560.2825195917932,488.80145045273997,-82.15264160398681,-10.671572464933604,0,0,78.88872585294676,65.03016304164265,416.36363069720375,57.83626120932861
W3,35,1,success,1,2714,5.258391380310059,2,0.7774251513789567,59.941,0.10576173344504351,0.08233175426721573,0.03107639215886593,0.08233175426721573,960.6425,900.7015,0.3886132352941176,82.82140130567934,357.0155113149248,674.7232525237864,451.4213562011719,0.9441396093064996,0.009037286974489689,0,26,0,0,0,0.0,20,0.7692307692307693,6,0,0.0,0.11261690608711071,0.005333860331820708,1.548,19.929240234375,329.609619140625,28.38946484375,520.3515901759789,433.46312062149525,-42.221712188172546,44.66675736631112,0,1,99.31281397095363,30.327187761766595,390.71158844325873,51.74438320053827
W3,36,1,success,1,780,5.272208213806152,1,0.8307862710739456,77.8315,0.10747233973970483,0.08007223904132843,0.05396547168493271,0.08007223904132843,1693.8835,1771.715,0.8199314705882353,110.93726727391784,1048.1102205475345,1332.2895442290232,450.0,0.941166868495669,0.009515931829810143,0,39,6,0,6,0.15384615384615385,18,0.46153846153846156,15,0,75.0,0.3240002418828834,0.0026091375312958485,10.737,20.40229296875,53.85563278198242,24.438794921875,504.62864495097057,422.11444132296083,-26.4987669631642,56.01543666484554,0,1,94.0794591435079,33.6794536206288,376.86973218683386,60.5010268072579
W3,37,1,success,1,1609,6.973838806152344,3,0.514023761875028,289.177,0.05224434595492941,0.022122062742710114,0.037348423153162,0.037348423153162,866.3435,577.1665,0.33314323529411766,-92.1388335316832,706.2385330024548,317.6634374193754,280.0,0.5856149403973051,0.06512777507305145,0,10,0,0,0,0.0,10,1.0,0,0,0.0,0.11784658983551904,0.002006358697679826,0.9325,29.399916015625,42.596778869628906,29.399916015625,414.8373495515593,359.5465222122326,63.29252843624704,118.58335577557375,1,1,66.1673646239472,152.84382415132941,195.8261607762827,49.53956312151324
W3,38,1,success,1,1783,6.31157922744751,1,0.9101338059616003,55.568,0.035478519472721626,0.04063806310296059,0.013056735508143902,0.04063806310296059,1188.126,1132.558,0.5224270588235295,119.571952270572,880.93776060877,1034.5860278239827,345.0,0.7215612658466796,0.0442429818212986,0,9,0,0,0,0.0,9,1.0,0,0,0.0,0.10301024501948779,0.002517581939580688,8.8725,28.67515234375,37.150325775146484,28.67515234375,270.1886349533122,199.22906258153733,207.94124303449416,278.90081540626903,1,1,114.29716468776994,26.838443203545268,129.053027061997,54.204867685398995
W3,39,1,success,1,2150,5.858062744140625,1,0.6028850565854228,161.1955,0.0788512380646771,0.11927260458469391,0.14691652357578278,0.14691652357578278,1586.4345,1425.239,0.7567261764705883,-143.9780462645646,637.3305613728985,279.8426691540629,390.35533905029297,0.8164211378989541,0.029394369572401047,0,13,0,0,0,0.0,13,1.0,0,0,0.0,0.09987088597168763,0.001703969833605087,2.082,29.961515625,38.79706573486328,29.961515625,418.64911472851315,360.77560684032755,59.48076325929321,117.35427114747881,1,1,65.39718435280541,72.79157076455074,280.460359611157,57.977235257960345
W3,40,4,safety_cap,0,3000,0.0,3,0.7213875580246746,378.851,0.21387425400358262,0.12000145763158798,0.10319430381059647,0.12000145763158798,1560.508,1939.359,0.741475294117647,96.01783578201092,608.7154787833989,1081.7772885788754,464.0,0.9704476155155343,0.004791306797415018,0,273,0,0,0,0.0,154,0.5641025641025641,43,76,0.0,0.7213875580246746,0.0817423274342409,4.363,604.8878125,501.8083801269531,nan,992.4564486966518,916.8841713664941,-514.3265707088455,-438.75429337868775,0,0,79.81142741620474,163.45079321253718,749.1942280679099,60.693008515070005
W3,41,1,success,1,1663,5.812013149261475,3,0.9442147423726714,340.844,0.07045838625180711,0.04056430235505104,0.030047086998820305,0.04056430235505104,1572.135,1912.979,0.7483147058823529,-128.14962087252314,1249.9272702130118,1664.0695622905996,395.0,0.8261353623461983,0.027860818430781364,0,11,0,0,0,0.0,10,0.9090909090909091,1,0,0.0,0.10472360864495606,0.006588951819678633,26.4055,18.590455078125,82.03158569335938,29.188943359375,505.18874189956205,417.98143679309067,-27.05886391175568,60.1484411947157,0,1,111.01521928858176,147.24802451707376,246.92549809390653,60.61033323584399
W3,42,1,success,1,1657,5.854537010192871,2,0.7296382130986384,187.373,0.0125143406123698,0.016117306426167488,0.003606674959883094,0.016117306426167488,1292.0895,1104.7165,0.5835820588235294,-46.80981751511831,1168.5811383573534,1077.754020492265,390.71067810058594,0.8171643231016618,0.029277130961418152,0,9,0,0,0,0.0,9,1.0,0,0,0.0,0.16882606792364965,0.00045148806890807635,9.211,29.769947265625,16.878488540649414,29.769947265625,226.13587413627835,191.43843882210285,251.99400385152802,286.6914391657035,1,1,90.90847228439773,89.8211086134227,45.40629323845792,54.61628755503557
W3,43,1,success,1,1521,5.509355545043945,1,0.28273482691903157,277.037,0.05855580322224011,0.01840420626103878,0.046108443289995193,0.046108443289995193,1221.7805,944.7435,0.5422238235294118,-31.690691961906726,1082.0414015832068,607.4259557060991,425.71067810058594,0.8903661906513249,0.017659775912761688,0,10,0,0,0,0.0,10,1.0,0,0,0.0,0.11000271121324783,0.003010073952839261,10.151,29.466681640625,28.683494567871094,29.466681640625,385.589685210389,352.93544259363534,92.54019277741736,125.19443539417102,1,1,35.59266622179554,135.90202714762697,214.0949918409665,53.37485572815624
W3,44,1,success,1,1917,5.663791179656982,3,0.9720219365876743,222.8295,0.09149334944443344,0.10862129926681519,0.07663366198539734,0.10862129926681519,1606.1065,1828.936,0.7682979411764705,71.88964635060748,739.6228275802433,1200.544876274109,410.0,0.8575075912960539,0.022891631349921227,0,21,0,0,0,0.0,15,0.7142857142857143,6,0,0.0,0.24145684547432403,0.0037732057947277137,14.941,29.21123046875,24.07619285583496,29.21123046875,533.3098760964137,437.97007294405887,-55.17999810860738,40.1598050437475,0,1,115.4675411857675,96.70274118965733,321.13959372098896,60.33001463210353
W3,45,4,safety_cap,0,3000,0.0,2,0.6625614332200289,223.833,0.24659244563717558,0.13250061869621277,0.14366240799427032,0.14366240799427032,1319.452,1543.285,0.5996776470588235,1.6115704135994335,300.4623519464731,406.2997593470663,449.0,0.9390753865656786,0.009852545335888863,0,88,0,0,0,0.0,42,0.4772727272727273,42,4,0.0,0.6625614332200289,0.12497525685510791,29.121,275.1983125,1997.827392578125,1094.6175,1056.5671397052406,986.7937930683039,-578.4372617174342,-508.66391508049753,0,0,72.77296663483502,102.53138704964297,881.2627860207626,57.15699938690193
W3,46,4,safety_cap,0,3000,0.0,2,0.16605948112403748,298.286,0.2515400849306914,0.12434520572423935,0.13237354159355164,0.13237354159355164,1541.811,1243.525,0.7304770588235294,-178.429996068962,557.8908883479759,235.56335819736123,459.0,0.9599902058655824,0.00648125447332859,0,148,14,0,14,0.0945945945945946,81,0.5472972972972973,48,5,14.0,0.12459062790853974,0.1308037486905641,3.721,870.7201875,784.6323852539062,1158.065,1057.013337829937,1039.0327597370529,-578.8834598421306,-560.9028817492465,0,0,18.163606050961913,137.6675052883282,901.1822264906468,56.732270810413
W3,47,1,success,1,1045,6.046537399291992,2,0.7696102943905515,200.294,0.07710545192983201,0.043330349028110504,0.10097257792949677,0.10097257792949677,1782.058,1581.764,0.8717988235294117,-89.39862575970751,1428.7831512135715,778.7529172551036,371.4213562011719,0.7768210549072697,0.03562089800834656,0,10,1,0,1,0.1,9,0.9,0,0,25.0,0.04166276655490263,0.001118913063600272,4.58,29.07665625,34.44496154785156,29.07665625,444.75972354447634,372.04993268810534,33.37015444333002,106.07994529970102,1,1,86.02468365762218,87.4989159502632,271.23612393659096,59.93204313939411
W3,48,1,success,1,2231,5.907716274261475,1,0.8265919479541761,179.502,0.0586130068805842,0.08007226884365082,0.05743623524904251,0.08007226884365082,781.8985,602.3965,0.28346970588235293,-10.707776681864518,209.14968829665332,201.87085814115034,385.35533905029297,0.8059637282490022,0.031042538583278656,0,11,0,0,0,0.0,11,1.0,0,0,0.0,0.05598682050275651,0.0037539582133196297,8.698,29.371392578125,21.85533905029297,29.371392578125,422.88221025512064,340.3600207135861,55.24766773268573,137.76985727422027,1,1,107.26113534556272,95.46343758713743,220.15763732242053,49.22969533073124
W3,49,1,success,1,1152,6.31157922744751,3,0.06497212778900001,354.9085,0.07923201000098169,0.15405209362506866,0.12671814858913422,0.15405209362506866,1838.98,1484.0715,0.9052823529411764,161.64353950457033,574.2153923800588,488.6913824847266,345.0,0.7215612658466796,0.0442429818212986,0,7,0,0,0,0.0,6,0.8571428571428571,1,0,0.0,0.06497212778900001,0.004276042855848999,10.5035,29.845466796875,38.8376579284668,29.845466796875,442.0027043320724,434.81784056190935,36.12717365573394,43.31203742589702,1,1,7.279797655479088,155.65268172081264,279.0702249557807,59.70461801696644
W3,50,4,safety_cap,0,3000,0.0,3,0.8108135172803591,358.523,0.2684487004616657,0.1284058392047882,0.14216561615467072,0.14216561615467072,1965.1135,1606.5905,0.9794785294117647,-153.82116901404402,894.7078503261357,472.45143113785235,450.0,0.941166868495669,0.009515931829810143,0,157,4,0,4,0.025477707006369428,78,0.4968152866242038,49,26,4.0,0.8005228234395299,0.14850497530951168,3.847,722.9786875,2496.54052734375,nan,1178.0213576217843,1095.8897892653072,-699.891479633978,-617.7599112775008,0,0,86.07100485891239,153.6564225401077,938.2939302227642,61.096116833211454
W3,51,1,success,1,947,7.639667987823486,2,0.6561887600027014,295.7925,0.04674585623682154,0.08717580139636993,0.04086729884147644,0.08717580139636993,1373.197,1077.4045,0.6312923529411765,166.97654070479376,698.0904203536361,773.0083274063021,216.0660171508789,0.4518981705560538,0.08522479236125946,0,16,1,3,4,0.25,7,0.4375,5,0,100.0,0.1855163421918766,0.004646597931511054,43.021,28.86194921875,38.85658645629883,28.86194921875,387.0467067029944,326.9193636151265,91.08317128481195,151.21051437267988,1,1,76.6836309474964,141.05372829991552,169.30934745558253,54.90766315149632
W3,52,4,safety_cap,0,3000,0.0,4,0.5758021825875587,56.0335,0.17797630841216852,0.08472806215286255,0.10248137265443802,0.10248137265443802,1607.198,1663.2315,0.76894,-170.71575129213724,931.2207439881563,839.8724276564755,461.0,0.9641731697255631,0.005805619992315769,0,344,0,0,0,0.0,103,0.29941860465116277,99,142,0.0,0.5758021825875587,0.05425385336967463,9.544,164.712,253.15078735351562,nan,720.9540608300407,656.2981760521009,-242.82418284223434,-178.1682980642945,0,0,68.3669007169325,24.691517659408134,627.8956424537001,59.41150950414631
W3,53,4,safety_cap,0,3000,0.0,2,0.777241376601601,241.4745,0.20102471019045012,0.11332698166370392,0.08790116757154465,0.11332698166370392,1084.082,1325.5565,0.4612247058823529,-108.06728717682951,239.22005888459086,649.0201973696388,452.35533905029297,0.9460930175583574,0.008722640573978424,0,86,0,0,0,0.0,30,0.3488372093023256,47,9,0.0,0.6242023971501501,0.08645876323728308,37.2125,548.68425,845.461181640625,nan,933.2323757111064,850.0471203204777,-455.1024977233001,-371.9172423326713,0,0,88.54202323245198,115.6131227917387,729.0772296869158,54.6857460062371
W3,54,1,success,1,1391,7.018057823181152,1,0.7303103464016502,183.618,0.03964607717735126,0.029775332659482956,0.011501344852149487,0.029775332659482956,1503.5365,1687.1545,0.7079626470588235,122.03793738457344,1269.0695561732593,1594.4748862235992,275.71067810058594,0.5766439011527686,0.0664897933602333,0,8,0,0,0,0.0,8,1.0,0,0,0.0,0.09292207562569876,0.003780594825609163,5.4785,29.61205078125,49.8281364440918,29.61205078125,309.9142463365613,247.16117260138788,168.21563165124508,230.9687053864185,1,1,88.17008267147978,81.52429843842333,140.21986522665816,58.968277393055885
W3,55,1,success,1,946,6.706503868103027,1,0.41516395067380724,159.9545,0.03362476651235004,0.030229154974222183,0.00872841477394104,0.030229154974222183,1215.8275,1055.873,0.5387220588235294,40.136432514428805,986.4841157398093,991.0481719826162,306.0660171508789,0.6401315442551876,0.056808024644851685,0,6,0,0,0,0.0,6,1.0,0,0,0.0,0.15803320843647914,0.0024570790445576822,7.232,29.280236328125,42.276451110839844,29.280236328125,251.83860480045303,210.60537147709826,226.29127318735334,267.5245065107081,1,1,51.692512503768185,77.63672603091601,122.50936626576882,53.94067330131254
W3,56,4,safety_cap,0,3000,0.0,1,0.6753359680412157,384.4845,0.16058525010960328,0.09909699857234955,0.07567483931779861,0.09909699857234955,1609.5665,1994.051,0.7703332352941177,-96.21598981588546,818.7163129429593,1361.0271096898093,464.71067810058594,0.9719339859209496,0.004550871904939413,0,115,0,2,2,0.017391304347826087,33,0.28695652173913044,67,13,50.0,0.294346495353597,0.04162989924261721,3.2645,311.5098125,244.45579528808594,nan,800.700619704967,730.1228300459214,-322.5707417171607,-251.99295205811507,0,0,75.65902521778918,164.30502990329194,560.736564583886,61.275482369513995
W3,57,1,success,1,844,6.816066741943359,1,0.986875143433219,317.604,0.05054307359054825,0.040064726024866104,0.012538537383079529,0.040064726024866104,1869.433,1551.829,0.9231958823529411,-18.5606128519208,1539.2823095287345,1452.4883124037533,295.35533905029297,0.6177303545498685,0.060235582292079926,0,3,0,0,0,0.0,3,1.0,0,0,0.0,0.11029630262585259,0.004187268864834456,1.235,29.9650625,27.500947952270508,29.9650625,430.6337501529321,349.5734009811222,47.496127834874244,128.5564770066842,1,1,115.13398072718724,138.01911064917874,177.48065877656614,60.252942384061704
W3,58,1,success,1,1334,5.456900596618652,3,0.9548221328754068,179.943,0.09845536956511472,0.07114137709140778,0.05879653990268707,0.07114137709140778,1958.62,1778.677,0.9756588235294118,-2.98294132260826,1366.039362551868,1299.504191075489,431.0660171508789,0.9015667855039845,0.0158699844032526,0,14,0,0,0,0.0,14,1.0,0,0,0.0,0.2165034697131964,0.002168299637855871,16.644,29.66096875,36.10633087158203,29.66096875,531.1387023539488,436.4437125919571,-53.00882436614245,41.68616539584929,0,1,112.79599784621323,75.95043058618651,342.3922739215491,62.02871186195185
W3,59,4,safety_cap,0,3000,0.0,1,0.8307183427082159,267.0625,0.19863824526196666,0.1213795468211174,0.12676943838596344,0.12676943838596344,1433.9905,1166.928,0.6670532352941176,110.4114069048673,486.6242901668735,211.34910084617138,460.35533905029297,0.9628248729982803,0.006023447494953871,0,113,0,0,0,0.0,94,0.831858407079646,13,6,0.0,0.6638339828397671,0.07920677906757195,1.8755,48.1546796875,580.1148681640625,nan,943.4568491839977,848.6376785402266,-465.3269711961914,-370.50780055242024,0,0,102.05689746344413,125.48279371319612,715.9171580073576,55.72456771718568
W3,60,1,success,1,1009,6.604570388793945,1,0.6259747778789154,383.348,0.023498803815358012,0.015478407964110374,0.00984786357730627,0.015478407964110374,1846.9655,1463.6175,0.909979705882353,-134.2121075721113,1719.7644773560157,1386.4632556796241,316.0660171508789,0.6610463635550913,0.053596608340740204,0,22,2,3,5,0.22727272727272727,9,0.4090909090909091,8,0,125.0,0.13918798280468667,0.005237875207322083,36.2695,29.125529296875,26.61285400390625,29.125529296875,326.2965758159593,279.6808027403288,151.8333021718471,198.4490752474776,1,1,75.17063344651251,168.3265435627845,82.79939880666227,59.635124068987814
W3,61,1,success,1,1329,5.35574197769165,4,0.7086027779197331,98.814,0.10564068371267854,0.02810712344944477,0.08037648350000381,0.08037648350000381,1366.2425,1267.4285,0.6272014705882353,-2.754917552942723,1148.7708698942092,653.4784777037911,441.4213562011719,0.923224790006596,0.012399904429912567,0,8,0,0,0,0.0,8,1.0,0,0,0.0,0.05199366112827831,0.0057034906059279696,10.8365,29.069857421875,37.353607177734375,29.069857421875,509.2760989557156,435.4922517834814,-31.146220967909244,42.63762620432499,0,1,82.66332561208709,46.276230514089335,380.3365428295392,55.90309560717507
W3,62,1,success,1,1426,6.7648701667785645,1,0.1697259987076517,345.9235,0.05727554973511785,0.06837854534387589,0.012236503884196281,0.06837854534387589,913.876,567.9525,0.3611035294117647,-133.61424958448805,415.7467761094868,483.0439807814965,300.35533905029297,0.6281877641998204,0.058637067675590515,0,4,0,0,0,0.0,4,1.0,0,0,0.0,0.1369426248161111,0.004859249965507629,30.0255,27.3029140625,49.7675666809082,27.3029140625,418.2933523755142,397.610070379904,59.83652561229218,80.51980760790235,1,1,21.787494704234938,182.11073430284796,214.39512336843134,49.74042616091115
W3,63,4,safety_cap,0,3000,0.0,1,0.8154972661428422,294.4325,0.14644800496506152,0.07816243171691895,0.07657073438167572,0.07816243171691895,1980.4025,1685.97,0.9884720588235294,157.7021643072372,1327.6365723532438,1069.0418902088702,464.0,0.9704476155155343,0.004791306797415018,0,680,41,0,41,0.060294117647058824,113,0.1661764705882353,72,454,41.0,0.4941373993022713,0.026751977789684148,4.1885,207.09778125,190.13082885742188,267.54471875,730.3434231397273,644.2236088775779,-252.21354515192093,-166.09373088977156,0,0,94.8602025074354,125.0903534798914,510.3928671524005,61.6286991890546
W3,64,1,success,1,717,6.412515640258789,1,0.7267780713836955,289.5815,0.04479362597853658,0.0344066247344017,0.03665614128112793,0.03665614128112793,1560.3955,1849.977,0.7414091176470589,75.03085729060649,1287.5029514113776,1548.6277056190968,335.0,0.7006464465467758,0.047486137598752975,0,9,0,0,0,0.0,9,1.0,0,0,0.0,0.11741718171209418,0.0056940532400722235,33.112,24.189814453125,48.60026931762695,24.189814453125,370.07462113778604,305.6470578803496,108.05525685002033,172.48282010745675,1,1,86.76420537772528,125.96577739041201,157.34463836964878,60.19206229443861
W3,65,1,success,1,1854,6.966518402099609,6,0.5246348876374659,139.3525,0.05629921668562003,0.040502604097127914,0.01833837665617466,0.040502604097127914,1537.618,1676.9705,0.7280105882352941,73.16319105816298,1217.2983761905805,1529.3837856532177,280.71067810058594,0.5871013108027205,0.0649019181728363,0,24,1,2,3,0.125,12,0.5,9,0,75.0,0.05339470034672386,0.0020240316375012848,2.3505,29.3879453125,38.22681427001953,29.3879453125,324.03306004748487,270.5365165276629,154.0968179403215,207.59336146014346,1,1,63.33302048775114,61.73067188248926,198.9693676772445,59.100997222767184
W3,66,4,safety_cap,0,3000,0.0,1,0.9039732954953662,166.4065,0.17248361978511406,0.10819685459136963,0.07679545879364014,0.10819685459136963,1580.5675,1414.161,0.753275,-28.43541927857498,720.2329074290395,816.2959892226457,461.0,0.9641731697255631,0.005805619992315769,0,125,5,0,5,0.04,71,0.568,35,14,5.0,0.8698348360848789,0.050029212123755135,8.9245,207.338890625,1009.957275390625,nan,791.7092159422715,697.6098698232717,-313.57933795446513,-219.47999183546528,0,0,102.61796367758741,75.26632396498965,613.8249282996944,57.88371801976679
W3,67,1,success,1,2365,6.6663618087768555,2,0.5570183619572302,161.5465,0.06423667389995863,0.10358978807926178,0.12436483800411224,0.12436483800411224,1723.342,1884.8885,0.83726,-134.70471388603988,884.850827578932,858.1462641174868,310.0,0.6483593982970164,0.05554595962166786,0,28,2,0,2,0.07142857142857142,14,0.5,12,0,50.0,0.14810507491061603,0.0018874057873934584,3.537,28.527873046875,27.629322052001953,28.527873046875,358.6890175356916,302.6135662667374,119.44086045211475,175.51631172106897,1,1,65.42301767135635,68.99403093230215,224.27196893203308,61.30142361116335
W3,68,4,safety_cap,0,3000,0.0,1,0.49117507155404283,84.427,0.13396117853213732,0.10031963884830475,0.1181943342089653,0.1181943342089653,1341.7665,1257.3395,0.6128038235294118,115.92369603041676,568.0245501986966,355.71299167754876,465.71067810058594,0.9740254678509399,0.004212455824017525,0,98,0,0,0,0.0,69,0.7040816326530612,21,8,0.0,0.10472487596521222,0.014009554216701992,4.7815,27.061275390625,81.8004379272461,65.747625,578.9356186024736,525.7989193672099,-100.80574061466723,-47.66904137940355,0,0,56.422105119565465,39.672098140875775,482.8414153420324,55.71469367046612
W3,69,4,safety_cap,0,3000,0.0,1,0.23731198786518404,216.696,0.145646457895742,0.07354921102523804,0.07445859163999557,0.07445859163999557,1865.0015,1648.3055,0.9205891176470589,0.9112323430943016,1259.250087672323,1051.1993065391296,461.0,0.9641731697255631,0.005805619992315769,0,208,0,0,0,0.0,53,0.2548076923076923,60,95,0.0,0.23731198786518404,0.01584646066685036,6.861,65.50733203125,953.2623901367188,111.9165625,631.3687720890413,604.1151308700096,-153.2388941012349,-125.98525288220321,0,0,28.02297499690319,93.36217503782035,509.9836220543178,60.76835848193628
W3,70,1,success,1,1454,6.6663618087768555,1,0.9952204606602111,358.7305,0.03841680428527906,0.03905310854315758,0.0025130899157375097,0.03905310854315758,1370.9635,1012.233,0.6299785294117647,-172.7377134048196,1068.615759097336,993.6782716021594,310.0,0.6483593982970164,0.05554595962166786,0,5,0,0,0,0.0,5,1.0,0,0,0.0,0.05414255937009398,0.009157187524172699,30.1905,29.9611015625,35.78264236450195,29.9611015625,435.6269336312005,358.80005462126314,42.502944356605894,119.32982336654322,1,1,123.95152585063386,172.22345108717906,139.4519566933876,54.54265559682141
W3,71,4,safety_cap,0,3000,0.0,1,0.972880939597509,70.672,0.26793586655538404,0.1664312183856964,0.14405956864356995,0.1664312183856964,1725.735,1655.063,0.8386676470588236,-93.94029548579363,378.18552900388835,498.8318263138831,237.0,0.495681217407719,0.07869242876768112,0,406,7,0,7,0.017241379310344827,153,0.3768472906403941,57,189,7.0,1.0311889838814388,0.21483918039421757,37.77,1410.66825,1440.9945068359375,nan,1077.808091949311,978.6812397691422,-599.6782139615045,-500.5513617813358,0,0,104.95559883017872,30.82291989412683,942.0295732250053,60.026823251625125
W3,72,1,success,1,1622,5.706099510192871,1,0.8747446748810603,292.1065,0.05889797942021024,0.04739675298333168,0.0442059151828289,0.04739675298333168,1114.2305,1406.337,0.47895911764705884,-150.27223086645452,759.4548789681998,1062.532700229723,405.71067810058594,0.8485365520515175,0.024315182119607925,0,8,0,0,0,0.0,8,1.0,0,0,0.0,0.041989658474764505,0.0006357511711692638,7.821,21.379412109375,128.9368438720703,29.708296875,457.9680031417589,376.46359991187006,20.161874846047454,101.6662780759363,1,1,106.79565821600715,138.33859980463487,212.83374512111692,55.28739625551238
W3,73,1,success,1,1219,6.203849792480469,3,0.32154009312120946,70.1825,0.0434709983890446,0.03840046748518944,0.008374770171940327,0.03840046748518944,1318.302,1248.1195,0.5990011764705883,68.66257781219142,1023.0292085651979,1184.3111252749507,355.71067810058594,0.7439624555519987,0.04075709730386734,0,14,0,0,0,0.0,14,1.0,0,0,0.0,0.052384419318943776,0.0036344141033774558,8.969,29.655884765625,25.536087036132812,29.655884765625,229.88610493184564,194.9433794310375,248.24377305596073,283.18649855676887,1,1,39.95054973451504,33.08419148928466,156.85136370804594,55.536736816638225
W3,74,1,success,1,880,6.207417964935303,1,0.901011768159931,271.7055,0.04729759263043301,0.06805161386728287,0.04645135626196861,0.06805161386728287,1596.738,1325.0325,0.7627870588235294,175.4739947360281,1054.5205702283233,967.541352538811,355.35533905029297,0.743219270349291,0.04087295010685921,0,4,0,0,0,0.0,4,1.0,0,0,0.0,0.07501891584137226,0.0023148671198160204,10.7885,29.954908203125,22.494720458984375,29.954908203125,397.6979362612053,322.5979419010257,80.43194172660105,155.53193608678066,1,1,105.2245348591525,123.76186874984006,168.71153265221278,57.481647622066504
W3,75,1,success,1,1635,5.812013149261475,2,0.6023318112626518,277.602,0.0525283579445978,0.057906754314899445,0.06091705709695816,0.06091705709695816,1781.944,1504.342,0.8717317647058823,-102.2314156782225,1309.8334748488664,1024.5993417279274,395.0,0.8261353623461983,0.027860818430781364,0,34,3,0,3,0.08823529411764706,14,0.4117647058823529,17,0,75.0,0.12182520170747793,0.00010527318468491688,6.006,29.963576171875,26.899879455566406,29.963576171875,380.27563768992104,321.2114443458765,97.85424029788533,156.91843364192988,1,1,72.88990171836805,122.15878695050037,185.2269490210526,59.49978078582565
W3,76,1,success,1,1372,5.762522220611572,1,0.4388513935609552,268.024,0.015034685818721505,0.05510552600026131,0.052014339715242386,0.05510552600026131,808.7595,1076.7835,0.29927029411764705,66.19859640232775,413.1150761971269,689.391958905423,400.0,0.8365927719961502,0.02620723843574524,0,39,5,0,5,0.1282051282051282,15,0.38461538461538464,19,0,50.0,0.07007576653277386,0.001997939834279643,7.8695,17.357302734375,79.37812042236328,29.95423828125,244.16051061079867,209.24034719174193,233.9693673770077,268.88953079606443,1,1,53.37767413651839,135.2867248103329,55.49611166394738,51.873053824313914
W3,77,1,success,1,1391,6.560953140258789,1,0.815000369880724,253.556,0.04385813667012532,0.09675511717796326,0.05868510156869888,0.09675511717796326,1302.5635,1556.1195,0.5897432352941177,81.63104309218971,560.1069643849581,1090.9156869952865,320.35533905029297,0.6700174027996278,0.052215781062841415,0,22,3,1,4,0.18181818181818182,8,0.36363636363636365,10,0,100.0,0.134054908880437,0.007281721135112858,22.1065,29.53369140625,30.7598934173584,29.53369140625,366.0188548528009,298.4978877359213,112.11102313500544,179.63199025188504,1,1,93.06548542138832,116.19445024099477,156.75891919041788,57.13472735898325
W3,78,4,safety_cap,0,3000,0.0,1,0.9188825312364463,142.66,0.1924732861004043,0.10731871426105499,0.11452655494213104,0.11452655494213104,1745.4495,1602.7895,0.8502644117647059,33.84279525481985,874.4025752952174,689.5788587312624,467.0,0.9767220613055053,0.0037759586703032255,0,87,0,0,0,0.0,51,0.5862068965517241,29,7,0.0,0.9033041504001165,0.06591173733316377,1.1365,404.89975,408.296875,nan,842.0746939706208,747.4831675521468,-363.9448159828145,-269.35328956434046,0,0,102.26781056044419,62.410141297821205,677.3967421123555,59.84508435914337
W3,79,1,success,1,1695,5.600569725036621,1,0.9227220580453454,193.6765,0.06837730262704331,0.02937754988670349,0.03915836289525032,0.03915836289525032,1675.039,1481.3625,0.8088464705882353,19.424429019327462,1438.666087887138,1173.876839639945,416.4213562011719,0.8709377417568366,0.020756613463163376,0,19,3,0,3,0.15789473684210525,14,0.7368421052631579,2,0,45.0,0.07899455284578247,0.002859220138894762,4.3735,28.954572265625,36.0377197265625,28.954572265625,439.5293826028219,352.66760271890837,38.60049538498447,125.462275268898,1,1,111.16353459748261,86.26900601316099,242.0968419921783,58.77801721191255
W3,80,1,success,1,1246,5.660289764404297,1,0.9870207118399048,369.32,0.0629720974646344,0.06478545814752579,0.08122636377811432,0.08122636377811432,1338.797,969.477,0.6110570588235295,105.7702083739399,839.3142691305801,373.2367448931187,410.35533905029297,0.8582507764987616,0.022773608565330505,0,10,0,0,0,0.0,10,1.0,0,0,0.0,0.14937224842442529,0.0012113229163835254,6.363,29.7743515625,25.940603256225586,29.7743515625,525.2570339034556,436.1437720851318,-47.12715591564927,41.98610590267458,0,1,117.46608839490209,178.63567746462826,229.15526804392528,54.137893183895
W3,81,1,success,1,1418,7.0586700439453125,2,0.9424985506219999,289.738,0.05996408706695667,0.057654064148664474,0.02406119741499424,0.057654064148664474,1837.778,1548.04,0.904575294117647,108.44780961492883,1364.5085866058544,1357.498415222764,271.77669525146484,0.5684160471109398,0.06773722916841507,0,8,0,0,0,0.0,8,1.0,0,0,0.0,0.1984337506966781,0.0027478367116245675,3.6255,28.563548828125,32.31059646606445,28.563548828125,451.22803839745654,366.0208598952688,26.901839590349823,112.10901809253755,1,1,114.11263785485367,126.32185477803054,210.79354576457234,60.054860392643235
W3,82,1,success,1,735,6.405330657958984,1,0.5430885646709595,232.487,0.05791595477393397,0.023726800456643105,0.0356462225317955,0.0356462225317955,1532.716,1300.229,0.7251270588235295,-104.89542198025191,1345.1861076020225,1026.7786639736369,335.71067810058594,0.7021328169521911,0.047256018966436386,0,26,2,2,4,0.15384615384615385,10,0.38461538461538464,12,0,85.0,0.16252396443426995,0.0008432636155677666,3.6235,29.96508984375,32.36088562011719,29.96508984375,380.3980440162062,324.36443664388133,97.73183397160017,153.76544134392503,1,1,66.42040550998571,106.80192200925637,207.17571649696413,56.99339441947722
W3,83,4,safety_cap,0,3000,0.0,1,0.6423275314123952,312.645,0.22025069643150094,0.10476508736610413,0.11703021079301834,0.11703021079301834,1204.5585,1517.2035,0.5320932352941177,-130.70777060273815,410.9044519004673,594.045381616775,460.0,0.9620816877955727,0.006143494509160519,0,130,0,0,0,0.0,99,0.7615384615384615,30,1,0.0,0.6423275314123952,0.09671919330491623,0.7115,450.19515625,1405.3746337890625,nan,1013.5986147800968,939.7001445774296,-535.4687367922904,-461.5702665896232,0,0,77.7077241096757,145.18749861060826,790.7033920598128,56.384206939899954
W3,84,4,safety_cap,0,3000,0.0,2,0.5897748819995535,55.414,0.16804296668277346,0.09012500941753387,0.11310923844575882,0.11310923844575882,1619.7415,1675.1555,0.7763185294117647,60.9903584558622,899.5758470594212,765.0609789788463,459.0,0.9599902058655824,0.00648125447332859,0,133,0,0,0,0.0,60,0.45112781954887216,48,25,0.0,0.5897748819995535,0.04669109731569149,1.2895,358.86446875,303.8308410644531,nan,687.0929082456419,620.9217108731993,-208.9630302578355,-142.79183288539298,0,0,70.33159164614231,24.362666533152623,592.3986500663469,59.54773551597975
W3,85,1,success,1,273,6.816066741943359,1,0.6471411605908146,103.362,0.03702335904954414,0.037561073899269104,0.0010912887519225478,0.037561073899269104,1038.4465,1141.8085,0.43438029411764706,59.21554856033021,760.1397324608192,1133.609856588602,295.35533905029297,0.6177303545498685,0.060235582292079926,0,19,3,1,4,0.21052631578947367,6,0.3157894736842105,9,0,100.0,0.1024016911726955,0.005194271986736299,26.6895,28.5463203125,46.65668869018555,28.5463203125,266.6918046426003,208.20199173015362,211.43807334520608,269.92788625765274,1,1,80.7580471594826,50.629182866150636,135.30457461696705,53.44861140669919
W3,86,1,success,1,1132,5.418428897857666,1,0.54742263986445,369.6035,0.09296832635166316,0.04081836715340614,0.08855185657739639,0.08855185657739639,1228.6465,859.043,0.5462626470588235,-110.88981935366475,918.4413389269021,218.80926921559126,435.0,0.9097946395458133,0.014553142711520195,0,17,3,0,3,0.17647058823529413,12,0.7058823529411765,2,0,75.0,0.029038242431405088,0.004646412718948129,6.7825,26.291921875,48.7139778137207,26.291921875,592.2578710536183,530.4435161608143,-114.12799306581189,-52.31363817300792,0,0,68.66195486931956,182.7776413839345,340.81827480036424,52.95205606752702
W3,87,4,safety_cap,0,3000,0.0,2,0.8452710745911328,122.19,0.13406239255240884,0.09951375424861908,0.08462801575660706,0.09951375424861908,1314.685,1436.875,0.5968735294117647,176.99471330507984,549.8536316777021,776.1100314743817,463.0,0.9683561335855438,0.005129525903612375,0,262,7,0,7,0.026717557251908396,80,0.3053435114503817,76,99,7.0,0.756121737996834,0.012033459955780717,2.825,95.37471875,90.67440795898438,nan,635.0415415844889,547.2101053904173,-156.9116635966825,-69.08022740261094,0,0,97.6463554127922,56.57217195224972,480.8230142194469,56.54726031522978
W3,88,4,safety_cap,0,3000,0.0,1,0.571126384492156,171.553,0.14167703381205807,0.05329300835728645,0.09162246435880661,0.09162246435880661,980.1935,1151.7465,0.40011382352941177,133.90704088121473,588.4262833684702,462.49392692341286,458.71067810058594,0.9593850943410074,0.00657895440235734,0,462,1,2,3,0.006493506493506494,72,0.15584415584415584,61,326,51.0,0.18913556871961645,0.02551567601530506,9.1755,186.00009375,169.85574340820312,242.941515625,670.9141872018138,607.4736734168634,-192.7843092140074,-129.34379542905708,0,0,67.86161928073379,84.44322892521467,518.6093389958653,53.18923925648123
W3,89,4,safety_cap,0,3000,0.0,2,0.6237142520679054,356.893,0.1393298471063758,0.050297338515520096,0.09304804354906082,0.09304804354906082,1583.4765,1226.5835,0.7549861764705882,42.356491498536684,1183.3875027657505,519.6432196243741,465.0,0.9725390974455246,0.004452972672879696,0,139,4,0,4,0.02877697841726619,51,0.3669064748201439,39,45,4.0,0.5957102630274419,0.016951738788226218,4.312,28.125947265625,157.31787109375,nan,739.2695942821342,668.8890958947236,-261.13971629432785,-190.75921790691723,0,0,76.16187787129019,164.33339202809543,498.7743243827485,56.867825956910266
W3,90,1,success,1,1625,7.598278999328613,1,0.28518347641690756,258.9535,0.03939284146553013,0.020694520324468613,0.03025403432548046,0.03025403432548046,1574.79,1315.8365,0.7498764705882353,72.52913430668455,1410.3556873510406,1083.278684674644,220.0,0.4601260245978826,0.08400075882673264,0,11,0,0,0,0.0,11,1.0,0,0,0.0,0.04835588836910563,0.00276505643689767,2.0845,29.429888671875,46.030845642089844,29.429888671875,293.90340330586275,263.2354455353069,184.2264746819436,214.89443245249947,1,1,34.94356825856906,118.3048197029263,140.65501534436746,57.31029823861795
W3,91,1,success,1,1165,6.203849792480469,2,0.8336217067140002,58.6655,0.02653915332506066,0.024477066472172737,0.002905505709350109,0.024477066472172737,1009.2955,950.63,0.4172326470588235,62.784110195125535,828.6475164622227,929.356962233251,355.71067810058594,0.7439624555519987,0.04075709730386734,0,28,5,2,7,0.25,10,0.35714285714285715,11,0,160.0,0.12973139913581894,0.0011293711934012756,12.762,29.711880859375,21.144758224487305,29.711880859375,231.74207441440353,172.55662911340346,246.38780357340283,305.5732488744029,1,1,104.64493956683593,29.383797936143033,97.71333691142458,52.26922580172391
W3,92,1,success,1,615,6.344077110290527,1,0.7665874554351446,269.6815,0.06163209211205473,0.06493395566940308,0.01417973916977644,0.06493395566940308,1786.4975,1516.816,0.874410294117647,-34.7890446910809,1256.7989189617335,1404.9688265008108,341.77669525146484,0.7148197822102661,0.045289553701877594,0,20,1,3,4,0.2,10,0.5,6,0,100.0,0.15126940016746243,0.0006153874728941276,14.4265,29.71603515625,32.84424591064453,29.71603515625,426.1044906836206,353.7605129528887,52.025387304185756,124.36936503491768,1,1,90.40731203985833,118.48373704941865,217.21344159434366,59.59461951742893
W3,93,1,success,1,1896,5.748468399047852,1,0.9604610943654872,235.034,0.06948858793127374,0.04780462756752968,0.040655072778463364,0.04780462756752968,1582.641,1817.675,0.7544947058823529,-177.6717093310926,1202.4201541891657,1484.7638219158166,401.4213562011719,0.8395655128069809,0.02573665976524353,0,9,0,0,0,0.0,9,1.0,0,0,0.0,0.021201125629711097,0.005043348513194325,16.574,22.35736328125,49.615325927734375,22.35736328125,458.877649424815,371.11684439176724,19.252228562991377,107.01303359603912,1,1,112.38268294476167,102.32937933279536,244.16558714725798,60.135857494237634
W3,94,4,safety_cap,0,3000,0.0,1,0.5854274665928404,238.3735,0.19609764888448322,0.11321224272251129,0.08535610139369965,0.11321224272251129,1411.135,1172.7615,0.6536088235294117,54.67517818287963,530.1020434806496,528.8554285161123,459.35533905029297,0.96073339106829,0.006361248437315226,0,105,0,0,0,0.0,52,0.49523809523809526,50,3,0.0,0.4001929764259326,0.07900092779365918,9.4215,48.97314453125,579.7001342773438,nan,885.2800827072452,822.4076058365196,-407.1502047194389,-344.2777278487132,0,0,65.94020029320393,112.18697287859709,707.1529095354442,55.63185910483477
W3,95,4,safety_cap,0,3000,0.0,1,0.9143451511934421,391.6025,0.13619392832361293,0.07576765865087509,0.08717776834964752,0.08717776834964752,1448.6395,1840.242,0.675670294117647,-102.28435658752903,856.1637235911004,1124.4042470611037,456.0660171508789,0.9538538337537439,0.007471573539078236,0,451,4,1,5,0.011086474501108648,63,0.13968957871396895,49,334,29.0,0.27824026896047227,0.0180598598102733,5.451,86.1657578125,91.59730529785156,94.249921875,756.3133103088443,663.6041883302757,-278.1834323210379,-185.47431034246938,0,0,103.79934038900363,172.30205133495147,480.21191858488913,59.51423379091337
W3,96,1,success,1,1738,5.748468399047852,4,0.8298264694130003,376.723,0.011258144982400077,0.014008105732500553,0.0032359922770410776,0.014008105732500553,728.164,351.441,0.25186117647058825,-8.713509511320346,628.7181600756385,329.68723284113594,401.4213562011719,0.8395655128069809,0.02573665976524353,0,9,0,0,0,0.0,9,1.0,0,0,0.0,0.1257764394619039,0.0040642369151158075,12.1535,29.24051171875,31.792041778564453,29.24051171875,358.120167558294,295.89427898126587,120.00971042951238,182.2355990065405,1,1,108.31291486922626,207.0567241365128,42.75052855255493,47.64556232567171
W3,97,4,safety_cap,0,3000,0.0,2,0.982711822968979,202.2955,0.12685609292287656,0.05673418939113617,0.07013672590255737,0.07013672590255737,1243.6655,1445.961,0.5550973529411765,96.31537549922227,811.6536253728494,897.7049489520192,450.0,0.941166868495669,0.009515931829810143,0,487,29,0,29,0.059548254620123205,130,0.2669404517453799,52,276,29.0,0.7920407423465791,0.011698886715185734,19.213,59.233578125,911.5642700195312,nan,667.7383725861982,565.0462631657892,-189.60849459839187,-86.91638517798287,0,0,117.62097995267962,94.2281235747613,455.88926905875735,56.20853885186105
W3,98,1,success,1,1565,6.3079986572265625,2,0.9018906214070412,102.9715,0.011979215999424753,0.01709408313035965,0.02900499477982521,0.02900499477982521,1326.086,1223.1145,0.60358,71.14234315890263,1194.5113720544725,1002.8472485701051,345.35533905029297,0.7223044510493872,0.04412753880023956,0,28,5,1,6,0.21428571428571427,11,0.39285714285714285,11,0,135.0,0.06969244217592675,0.003201094833947604,11.499,28.918724609375,29.98750114440918,28.918724609375,202.70480515810002,167.59606639210259,275.4250728297063,310.5338115957038,1,1,110.83378809436954,48.62346855992794,43.24754850380253,55.44305023479442
W3,99,1,success,1,1901,6.060734748840332,2,0.6534860328037861,205.7055,0.05281716784543405,0.042791906744241714,0.017139505594968796,0.042791906744241714,757.368,963.0735,0.26904,-72.73549870233671,452.3315413053632,837.3711062128376,370.0,0.773848314096439,0.03608670458197594,0,12,0,0,0,0.0,12,1.0,0,0,0.0,0.20999646054871632,0.0010722428374130206,13.422,28.89831640625,29.946313858032227,28.89831640625,383.50061197563184,318.0657653666773,94.62926601217453,160.06411262112908,1,1,81.82309582857421,105.60885095998907,196.06866518706858,50.997297699822106
W3,100,1,success,1,1956,6.358417987823486,3,0.18680069790031667,298.97,0.07143247201053582,0.06236162409186363,0.009141599759459496,0.06236162409186363,1717.811,1418.841,0.8340064705882353,104.70740694903948,1213.3796090678684,1347.6293913881723,340.35533905029297,0.7118470413994353,0.0457506887614727,0,9,0,0,0,0.0,9,1.0,0,0,0.0,0.07080544951562809,0.007489798743775145,17.854,29.76719921875,44.005767822265625,29.76719921875,409.1927213109358,387.5151800735997,68.93715667687059,90.61469791420666,1,1,22.692944514068813,133.42855934034338,253.0712174565236,58.668527348803075
W3,101,4,safety_cap,0,3000,0.0,3,0.5475082840333395,159.3695,0.1904536500927673,0.10546212643384933,0.11206071823835373,0.11206071823835373,1647.9605,1488.591,0.7929179411764706,64.37102236738255,802.2638738809563,607.8395874802992,463.0,0.9683561335855438,0.005129525903612375,0,96,0,0,0,0.0,40,0.4166666666666667,51,5,0.0,0.5475082840333395,0.06572072246627116,2.3715,260.65703125,259.6014099121094,583.763125,812.6309884506176,749.1571379362043,-334.5011104628112,-271.02725994839795,0,0,66.76940063201255,71.11957943120822,674.7420083873968,58.6679703577875
W3,102,1,success,1,388,7.176886558532715,1,0.8675117713542811,275.3275,0.03455020892538231,0.03491513058543205,0.0323801226913929,0.03491513058543205,1067.7315,792.404,0.45160676470588235,53.55325697714866,808.0072182875332,560.4520995919853,260.35533905029297,0.5445284870002053,0.07134942710399628,0,3,0,0,0,0.0,3,1.0,0,0,0.0,0.29826110088251345,0.004735955796539704,20.508,28.3815625,35.213157653808594,28.3815625,374.1874277587367,306.02885552926483,103.94245022906966,172.10102245854154,1,1,107.2074915874847,139.33711899036564,127.64281718088635,51.737960172359074
W3,103,1,success,1,505,5.960992813110352,1,0.6411378511971966,101.8845,0.06888854079138083,0.0856921598315239,0.10990580916404724,0.10990580916404724,1625.6145,1727.499,0.7797732352941177,71.48238135770015,940.3673321549185,837.4269143907726,380.0,0.7947631333963426,0.032804735004901886,0,7,0,0,0,0.0,7,1.0,0,0,0.0,0.02464318412069382,0.0035230088622227747,21.635,28.834453125,44.02583312988281,28.834453125,363.7392749821442,298.8306220624173,114.39060300566217,179.29925592538905,1,1,76.77641978105044,44.55100083308225,242.41185436801152,59.87228130968363
W3,104,4,safety_cap,0,3000,0.0,2,0.8962732177015288,60.426,0.2699908821851049,0.15009358525276184,0.14658823609352112,0.15009358525276184,1464.9835,1525.4095,0.6852844117647059,78.54598688465201,288.85264250351486,367.88875992287694,454.0,0.9495327962156305,0.008168332278728485,0,174,0,0,0,0.0,89,0.5114942528735632,80,5,0.0,0.8962732177015288,0.14946172810770417,0.073,649.22475,1149.0980224609375,nan,1088.6276443453382,993.5247440477339,-610.4977663575319,-515.3948660599275,0,0,100.32579162791035,27.341224102288813,960.9606286151391,57.85979904823084
W3,105,4,safety_cap,0,3000,0.0,1,0.6926105836692358,363.6735,0.1539324759446383,0.10047606378793716,0.1389678716659546,0.1389678716659546,1671.374,1307.7005,0.8066905882352942,19.94325959248214,863.3079169695526,240.60783435469867,453.0,0.94744131428564,0.008505403995513916,0,123,6,0,6,0.04878048780487805,50,0.4065040650406504,53,14,6.0,0.6563808057122553,0.03404110171700027,4.2705,127.4720234375,960.8189697265625,nan,793.5786940644351,718.75644598224,-315.44881607662876,-240.62656799443369,0,0,80.7369769553738,164.7628812684494,548.0788358406119,57.79737036998909
W3,106,1,success,1,893,6.6663618087768555,1,0.433044692229813,94.457,0.03868210358782117,0.03764799237251282,0.011767568066716194,0.03764799237251282,759.05,664.593,0.2700294117647059,7.161597106190366,490.617931984365,581.801180482788,310.0,0.6483593982970164,0.05554595962166786,0,7,0,0,0,0.0,7,1.0,0,0,0.0,0.07716604316988263,0.008431814210071928,13.9635,6.93296484375,108.93879699707031,29.32946875,249.541821421411,204.98795043731525,228.58805656639538,273.1419275504911,1,1,54.42590595788799,50.02312697471564,145.09278848880737,49.43552831880207
W3,107,4,safety_cap,0,3000,0.0,3,0.5290082897795368,230.2325,0.14469223732140246,0.0652972161769867,0.09406281262636185,0.09406281262636185,1730.9395,1961.172,0.8417291176470588,143.21538284854987,1201.9054050156326,1177.4244663933814,462.0,0.9662646516555534,0.005467630457133055,0,621,4,0,4,0.00644122383252818,195,0.3140096618357488,105,317,4.0,0.4968888983207287,0.014527647545133453,3.3865,112.0473984375,104.7181167602539,170.843234375,662.8611269313787,605.1866152371266,-184.73124894357238,-127.05673724932024,0,0,61.40189629043489,97.5805222323332,503.87870840861063,61.77376686698771
W3,108,1,success,1,1205,6.401739120483398,2,0.3668019958427385,166.3285,0.06290923741755775,0.04772269353270531,0.021810516715049744,0.04772269353270531,1397.489,1231.1605,0.6455817647058824,-2.8800647161891333,1026.7557802408078,1065.3534513442592,336.0660171508789,0.7028760021548989,0.0471409372985363,0,6,0,0,0,0.0,6,1.0,0,0,0.0,0.046851219039292985,0.0015006291741530323,10.582,28.9560546875,31.434234619140625,28.9560546875,349.88282200830724,308.97151448790606,128.24705597949912,169.1583634999003,1,1,45.4198826939637,77.93477740019586,226.52816191414772,55.875711975561074
W3,109,4,safety_cap,0,3000,0.0,2,0.9598929080039068,92.6685,0.20717477940647838,0.11434264481067657,0.09856250137090683,0.11434264481067657,1457.5805,1364.912,0.6809297058823529,-94.3503966873671,562.4399005167112,602.4411628947854,462.0,0.9662646516555534,0.005467630457133055,0,218,0,0,0,0.0,114,0.5229357798165137,68,36,0.0,0.9598929080039068,0.0851587190949224,7.745,71.2887890625,1376.11962890625,nan,902.0500723173036,793.3070489992855,-423.92019432949724,-315.1771710114791,0,0,118.08930428347978,42.61076638713537,741.3500016466884,56.93603079844921
W3,110,1,success,1,1965,5.071541786193848,1,0.5094486023481772,77.361,0.12516867027167927,0.12058090418577194,0.11464834958314896,0.12058090418577194,1432.7195,1510.0805,0.6663055882352941,-83.48601841354959,491.73994667785985,606.5276277430617,470.71067810058594,0.9844828775008918,0.0025186489801853895,0,69,0,2,2,0.028985507246376812,44,0.6376811594202898,23,0,50.0,0.17838202284081317,0.005825244472928061,3.132,29.545712890625,41.828224182128906,29.545712890625,544.6945705241665,485.8184233515681,-66.5646925363601,-7.688545363761705,0,0,63.35118823148565,35.16344725813583,446.17993503454505,57.597445023020214
W3,111,1,success,1,694,6.6663618087768555,1,0.4045341486128575,323.315,0.05520553283208625,0.05637520179152489,0.011406004428863525,0.05637520179152489,1654.373,1977.688,0.79669,111.70627359123674,1201.9409776727446,1882.4628276968003,310.0,0.6483593982970164,0.05554595962166786,0,5,0,0,0,0.0,5,1.0,0,0,0.0,0.11228073271389914,0.006853536524145999,53.355,29.55203125,23.861146926879883,29.55203125,378.6331665566705,336.34583156777023,99.49671143113585,141.78404642003613,1,1,48.235629796348775,137.7966448320252,192.60089192829648,61.435492890053574
W3,112,1,success,1,1578,6.611802577972412,3,0.5303225142253825,227.6625,0.046225773119758264,0.03627308830618858,0.06031665951013565,0.06031665951013565,730.4655,958.128,0.253215,144.19471706523683,472.87341481514835,516.0594819177985,315.35533905029297,0.659559993149676,0.053825195878744125,0,7,0,0,0,0.0,7,1.0,0,0,0.0,0.11884449114542853,0.005818236523564236,6.491,8.0959814453125,51.46785354614258,29.129806640625,356.15381469842487,301.69721678006647,121.9760632893815,176.4326612077399,1,1,67.0938351734192,117.27073219175473,171.78924733325093,50.82893738599953
W3,113,1,success,1,418,5.911248207092285,2,0.8865552992556286,374.0725,0.03159810870809992,0.01822269707918167,0.04358305037021637,0.04358305037021637,1475.5425,1849.615,0.6914955882352941,-147.53141327590507,1332.5573329035751,1491.3355223808437,385.0,0.8052205430462945,0.03115956299006939,0,27,5,0,5,0.18518518518518517,8,0.2962962962962963,14,0,125.0,0.14934840946339636,0.002534438577484039,2.004,29.84396484375,41.80814743041992,29.84396484375,379.03274708878564,316.1536805673186,99.09713089902073,161.97619742048778,1,1,103.71695620533714,164.02852994721565,111.28726093623287,59.71635859989546
W3,114,1,success,1,1012,5.7131147384643555,1,0.9661316454804788,197.3005,0.07072552934394132,0.07114776968955994,0.04000527039170265,0.07114776968955994,1996.5105,1799.21,0.9979473529411764,-88.72188144834347,1401.1807900710255,1472.3585397930071,405.0,0.847050181646102,0.024550843983888626,0,16,3,0,3,0.1875,8,0.5,5,0,30.0,0.1008425871028277,0.0014759320004595511,7.459,29.7620078125,29.066001892089844,29.7620078125,437.1163369235739,351.36882514046704,41.01354106423247,126.76105284733933,1,1,108.7567777793303,82.83650784151791,245.5230513027257,62.358866525602046
W3,115,1,success,1,886,6.3079986572265625,1,0.5910935887570421,344.5525,0.06416278722886276,0.05623549968004227,0.017583012580871582,0.05623549968004227,904.152,1248.7045,0.3553835294117647,68.1177350417493,495.03019203174114,1114.727139913976,345.35533905029297,0.7223044510493872,0.04412753880023956,0,6,0,0,0,0.0,6,1.0,0,0,0.0,0.18099507712644552,0.001745876935248198,8.927,28.700744140625,32.21750259399414,28.700744140625,476.6680510327277,414.9711222285906,1.4618269550786636,63.15875575921575,1,1,72.69800906946863,169.26687504183027,234.7031669214288,53.3014748601425
W3,116,4,safety_cap,0,3000,0.0,1,0.6287053594430395,282.7415,0.23163616368877948,0.11542990803718567,0.11862331628799438,0.11862331628799438,1953.802,1671.0605,0.9728247058823529,-41.747628760902856,992.8708707122207,717.0846137013137,457.0,0.9558072420056016,0.007156429812312126,0,113,0,0,0,0.0,49,0.4336283185840708,29,35,0.0,0.6287053594430395,0.10449904282794892,0.0745,827.9504375,770.9585571289062,nan,1001.6460367661172,932.156734503435,-523.5161587783108,-454.02685651562865,0,0,72.75719134033257,120.57961779003817,808.3092276357464,61.39498417450039
W3,117,1,success,1,1905,5.797935485839844,1,0.7383639932067413,159.786,0.08655514857257379,0.04908343032002449,0.09036233276128769,0.09036233276128769,1340.5435,1180.7575,0.6120844117647058,97.97758665700498,962.0344919579122,498.36307585245,396.4213562011719,0.8291081031570291,0.027391038835048676,0,11,0,0,0,0.0,11,1.0,0,0,0.0,0.148531134640522,0.0014813686578381618,3.849,29.639421875,35.042545318603516,29.639421875,476.73369730766103,400.6552546169369,1.396180680145335,77.4746233708695,1,1,88.30527079105913,75.66024734028639,312.7681791763155,55.291381868586804
W3,118,1,success,1,849,6.010821342468262,3,0.965258555205481,279.459,0.05770362034155008,0.07196523249149323,0.01572071760892868,0.07196523249149323,1834.745,1555.286,0.9027911764705883,41.31623014710384,1244.216653309092,1430.679096106395,375.0,0.7843057237463908,0.034447114914655685,0,8,0,0,0,0.0,8,1.0,0,0,0.0,0.016309649637030767,0.001896510576393443,4.0625,28.527490234375,33.27007293701172,28.527490234375,433.8740919226191,352.1703879285406,44.255786065187294,125.95949005926576,1,1,109.26173296845369,121.79158863144625,202.8207703227192,60.07839373571837
W3,119,1,success,1,952,6.110733985900879,1,0.5026653707287083,226.6635,0.05549326609878105,0.053843963891267776,0.08725731074810028,0.08725731074810028,1150.0015,923.338,0.5000008823529412,30.57326522901237,745.0409668078292,286.8536824323237,365.0,0.763390904446487,0.03772350773215294,0,11,0,0,0,0.0,11,1.0,0,0,0.0,0.13033005454439997,0.0019956473713720474,11.658,29.517173828125,43.1904296875,29.517173828125,375.99200897776086,324.49358692138594,102.1378690100455,153.63629106642043,1,1,60.22031474593022,112.2370359653687,203.53465826646192,52.8752158052131
W3,120,1,success,1,698,5.512839317321777,1,0.4421335662614108,250.944,0.12033824504115713,0.05078931897878647,0.07066880166530609,0.07066880166530609,1904.951,1654.007,0.9440888235294118,116.03704134111331,1484.6210848081932,1086.8893719543069,425.35533905029297,0.8896230054486173,0.017778417095541954,0,35,0,0,0,0.0,20,0.5714285714285714,15,0,0.0,0.31754059047534383,0.006294724758763832,12.5905,26.6041015625,49.171356201171875,26.6041015625,579.8094389229983,531.5660756728303,-101.67956093519194,-53.4361976850239,0,0,51.36714575143141,107.66625571211492,420.77603745945197,61.02452864773927
W3,121,1,success,1,2102,5.030158996582031,1,0.754092371400547,259.848,0.1182522129964658,0.08697100728750229,0.08665779232978821,0.08697100728750229,1013.078,1272.926,0.41945764705882355,-52.67120061433782,370.8772984505147,610.5202481077314,475.0,0.9934539167454284,0.0010632966877892613,0,60,5,0,5,0.08333333333333333,42,0.7,13,0,50.0,0.33090628350528034,0.004370980034950116,4.04,25.213001953125,61.70625305175781,29.59506640625,643.7295441859333,565.3168449748724,-165.5996661981269,-87.18696698706606,0,0,87.14084637637846,125.95053303827004,430.6381647712847,54.01777529415868
W3,122,1,success,1,417,7.176886558532715,2,0.8749990460667902,280.485,0.04163661407273335,0.022231142967939377,0.019961589947342873,0.022231142967939377,1498.5925,1779.0775,0.7050544117647058,-98.32093610200991,1323.6424640330765,1616.3889949059346,260.35533905029297,0.5445284870002053,0.07134942710399628,0,7,0,0,0,0.0,7,1.0,0,0,0.0,0.06725094303233807,0.0022101864713407657,3.267,29.891005859375,32.970787048339844,29.891005859375,375.7961192038475,304.3002443074738,102.33375878395884,173.82963368033256,1,1,105.4091149225796,123.52734634251952,146.85965793874843,59.45181110166684
W3,123,1,success,1,1758,5.804973602294922,1,0.8661771630626314,240.058,0.004401632535497378,0.04080181568861008,0.03641868010163307,0.04080181568861008,1906.875,1666.817,0.9452205882352941,-170.16278291460748,1569.1226699566469,1374.090313961532,395.71067810058594,0.8276217327516137,0.027625957503914833,0,33,3,2,5,0.15151515151515152,13,0.3939393939393939,15,0,110.0,0.1112978191335454,0.0039019647144528714,6.289,28.5284453125,32.69211959838867,28.5284453125,219.68250723105973,180.44256168823506,258.44737075674664,297.6873162995713,1,1,101.44326490983154,102.85539630867089,15.383846012557282,61.10728500021349
W3,124,4,safety_cap,0,3000,0.0,1,0.4126752805362631,245.6735,0.18725499100941204,0.09389430284500122,0.1044098511338234,0.1044098511338234,1980.6165,1734.943,0.9885979411764706,-89.43820715122982,1196.4472911036908,888.6026980707422,464.0,0.9704476155155343,0.004791306797415018,0,161,0,0,0,0.0,56,0.34782608695652173,59,46,0.0,0.4126752805362631,0.057048436676215,5.139,412.56571875,400.614990234375,nan,800.8541101045917,757.1125322254408,-322.7242321167853,-278.9826542376344,0,0,45.31531165505537,103.90353974172903,651.6352587078073,61.906021156629286
W3,125,4,safety_cap,0,3000,0.0,2,0.9975330133027894,181.414,0.17448304374266088,0.11535976082086563,0.11713141947984695,0.11713141947984695,1192.404,1373.818,0.5249435294117647,-57.30112571440372,319.8915235684216,466.65647404693067,468.71067810058594,0.9802999136409111,0.003196517238393426,0,144,2,0,2,0.013888888888888888,59,0.4097222222222222,37,46,2.0,0.6457550057152722,0.056508031174661584,1.014,344.15028125,353.3561096191406,419.3911875,826.9859027606635,724.9610681984636,-348.85602477285715,-246.83119021065727,0,0,111.89038449001143,85.52447778938708,629.571040481265,55.53565118450128
W3,126,1,success,1,2207,6.107177257537842,3,0.7353223712311171,89.2405,0.049483624272155045,0.04567592963576317,0.00412554107606411,0.04567592963576317,1775.2265,1864.467,0.867780294117647,-117.88501518765833,1403.1400315890107,1830.4912426109295,365.35533905029297,0.7641340896491947,0.03760727494955063,0,13,0,0,0,0.0,13,1.0,0,0,0.0,0.0989768782423564,0.00026076405839672823,3.299,29.66288671875,23.121875762939453,29.66288671875,298.1983576536268,231.55734128272843,179.9315203341796,246.57253670507794,1,1,87.59773398536477,38.00253079696971,172.59809287129232,61.47845361664083
W3,127,1,success,1,1167,5.706099510192871,1,0.5014698208196915,61.0905,0.10809593767808799,0.0888671800494194,0.05960046499967575,0.0888671800494194,1713.616,1774.7065,0.8315388235294118,-154.6715816844612,995.1589742975831,1289.2186048491187,405.71067810058594,0.8485365520515175,0.024315182119607925,0,31,0,2,2,0.06451612903225806,14,0.45161290322580644,15,0,50.0,0.11371084359201022,0.0054278048750372055,0.8545,29.83544921875,36.46957778930664,29.83544921875,461.42355026857354,409.32486266300145,16.70632771923283,68.80501532480491,1,1,56.25286093738973,26.379657254347833,378.791032076836,60.628310357345164
W3,128,1,success,1,1761,6.362004280090332,2,0.995758124613938,302.2795,0.028158849262923103,0.007055479101836681,0.02719831094145775,0.02719831094145775,391.317,693.5965,0.053715882352941176,6.0640875591675,343.60561372650506,501.4514077170659,340.0,0.7111038561967277,0.04586593806743622,0,7,0,0,0,0.0,7,1.0,0,0,0.0,0.19564101707914947,0.003495553964706869,10.746,29.100134765625,32.03145980834961,29.100134765625,402.6013139475714,334.0830369186093,75.52856404023498,144.04684106919706,1,1,129.66583676220932,166.02847043849965,106.90700674686244,47.673013994806816
W3,129,1,success,1,1967,5.453423500061035,5,0.8457626347679622,113.3975,0.03652731999777333,0.03131420537829399,0.009900005534291267,0.03131420537829399,624.0075,510.61,0.19059264705882353,28.244189513139624,404.9643985222932,442.4820229151659,431.4213562011719,0.9023099707066922,0.01575111225247383,0,34,1,5,6,0.17647058823529413,15,0.4411764705882353,13,0,150.0,0.14735416764852455,0.0023265143096408937,8.245,28.297525390625,37.88059616088867,28.297525390625,308.6082673463775,237.6625431768757,169.52161064142888,240.46733481093068,1,1,108.23814170385752,61.94023028328375,138.42989535923618,47.93030218240075
W3,130,1,success,1,1394,6.200282573699951,1,0.6168303818798846,365.237,0.05232238080971087,0.11193958669900894,0.05979589745402336,0.11193958669900894,1961.167,1595.93,0.9771570588235294,-32.40475385169846,1028.4676697128787,1119.5402706966177,356.0660171508789,0.7447056407547064,0.04064122959971428,0,26,1,4,5,0.19230769230769232,10,0.38461538461538464,11,0,110.0,0.1761073297233609,0.003619774894492845,10.1585,29.7229296875,14.298579216003418,29.7229296875,406.69834684114545,351.58581020976555,71.43153114666092,126.54406777804081,1,1,66.99136843562218,156.74551925381428,182.961459151709,61.014078641695235
W3,131,1,success,1,350,6.2109856605529785,1,0.4455114416515258,301.3615,0.06921335562682057,0.07531768828630447,0.11053352802991867,0.11053352802991867,802.3915,1103.753,0.2955244117647059,2.3607592548108043,262.1082350473739,277.54217975778135,355.0,0.7424760851465833,0.04098878800868988,0,24,4,0,4,0.16666666666666666,7,0.2916666666666667,13,0,55.0,0.05600737110122604,0.0033806217573133014,19.186,28.23726171875,40.48674774169922,28.23726171875,458.39635115656375,412.20173271998067,19.733526831242614,65.9281452678257,1,1,51.29714789102882,151.79821988261853,255.30098338291637,51.9826797786669
W3,132,1,success,1,1724,6.4595136642456055,3,0.6119418340640068,110.939,0.016223637462259195,0.024389754980802536,0.01785242184996605,0.024389754980802536,432.6515,543.5905,0.07803029411764706,134.81314744596523,266.71210694023034,420.14831347423234,330.35533905029297,0.6909322220995315,0.04898872971534729,0,22,2,1,3,0.13636363636363635,7,0.3181818181818182,12,0,75.0,0.08873347545740168,0.003257003553570405,21.4765,29.4290234375,49.00740432739258,29.4290234375,203.30704288169954,162.62038642856754,274.8228351061068,315.5094915592388,1,1,79.81968687194515,61.64971794826536,61.837638061489024,47.11209648614183
W3,133,1,success,1,2454,5.0,1,0.8960628692194336,188.872,0.11627468358224498,0.052082858979701996,0.10325280576944351,0.10325280576944351,1773.624,1962.496,0.8668376470588235,-6.299242095872727,1349.4286967653036,1102.0391561315655,478.1298780441284,1.0000000001177967,0.0,1,94,7,0,7,0.07446808510638298,59,0.6276595744680851,27,1,70.0,0.3612025480642239,0.0017219135292557421,12.72,16.719484375,53.71802520751953,23.11829296875,586.1808202323527,496.78866967128556,-108.05094224454638,-18.658791683479194,0,0,102.07686447687524,79.72809192461554,404.37586383086193,62.02206657026513
W3,134,1,success,1,1014,6.354832172393799,1,0.9239450887936008,301.057,0.06681092844690817,0.1093909963965416,0.08086900413036346,0.1093909963965416,1720.8455,1419.7885,0.8357914705882353,82.75211203571686,835.6704580681287,789.7551926147119,340.71067810058594,0.712590226602143,0.04563542827963829,0,6,0,0,0,0.0,6,1.0,0,0,0.0,0.10847727784155407,0.003918994500047054,21.5145,29.488826171875,39.72623062133789,29.488826171875,478.8180782284927,394.38924496641096,-0.6882002406863421,83.74063302139541,0,1,107.84006483367537,134.3096906339102,236.66832276090716,58.69059780432396
W3,135,4,safety_cap,0,3000,0.0,1,0.9962217237038526,372.1405,0.11102963404983551,0.07035116851329803,0.1063496544957161,0.1063496544957161,736.148,1108.2885,0.25655764705882356,-137.13952658020912,236.1518334030509,312.86875215121734,465.71067810058594,0.9740254678509399,0.004212455824017525,0,221,3,1,4,0.01809954751131222,73,0.33031674208144796,15,129,55.0,0.4459367009686385,0.004551735189043511,13.0215,28.157634765625,80.03289794921875,50.89309765625,720.8697388954681,616.7603200180313,-242.73986090766175,-138.6304420302249,0,0,121.80243519322566,188.6570567029941,410.4102469992484,51.654546083444494
W3,136,1,success,1,1231,5.512839317321777,1,0.32011274366723547,232.629,0.09054287989598547,0.08350295573472977,0.03824830427765846,0.08350295573472977,1061.3645,828.7355,0.4478614705882353,32.977207101688904,440.74009615212304,553.3578258773405,425.35533905029297,0.8896230054486173,0.017778417095541954,0,11,0,0,0,0.0,11,1.0,0,0,0.0,0.13732712978182846,0.0020958474032291225,5.637,29.565970703125,37.753662109375,29.565970703125,492.17189730161914,453.9860154547214,-14.042019313812773,24.143862533084985,0,1,40.64920543019283,117.362382971237,334.16030890018936,51.89729616452906
W3,137,4,safety_cap,0,3000,0.0,1,0.15197801895363805,99.2675,0.21199629374458193,0.14660297334194183,0.1481945663690567,0.1481945663690567,1377.6975,1476.965,0.6339397058823529,-82.23721205420637,241.71540697272866,313.9392299454659,472.0,0.9871794709554572,0.0020814095623791218,0,173,1,0,1,0.005780346820809248,87,0.5028901734104047,62,23,1.0,0.14831478306247656,0.08753794715570092,1.8425,626.4661875,584.7384643554688,nan,819.6069690432305,803.4994030464891,-341.4770910554241,-325.3695250586827,0,0,16.28246769227079,45.5040504271131,757.8204509238466,57.112642232561306
W3,138,1,success,1,814,6.010821342468262,2,0.33354476423731516,81.74,0.09340201328277643,0.09373753517866135,0.05578719824552536,0.09373753517866135,1866.667,1784.927,0.9215688235294117,38.58970372996413,1094.4883997974023,1329.9306835749671,375.0,0.7843057237463908,0.034447114914655685,0,11,0,0,0,0.0,11,1.0,0,0,0.0,0.1641680790128993,0.00407431180253428,2.313,29.8964296875,35.72132873535156,29.8964296875,399.4450002023343,362.7648448922431,78.68487778547205,115.36503309556326,1,1,39.00800571130094,34.77052956387671,325.66646492715665,61.54545742123978
W3,139,1,success,1,1573,7.594542980194092,1,0.4298535264639626,124.923,0.027804183062436368,0.026364363729953766,0.0022268244065344334,0.026364363729953766,824.3875,699.4645,0.3084632352941176,-38.54550334401485,634.6856867720373,683.719817085865,220.35533905029297,0.46086920980059026,0.08389011770486832,0,5,0,0,0,0.0,5,1.0,0,0,0.0,0.08994029784659154,0.0029498475083144793,8.2595,29.89487890625,38.88862228393555,29.89487890625,224.48437127532185,183.08881560897967,253.64550671248452,295.0410623788267,1,1,55.09809152768956,65.46244295637102,103.92383679126127,49.961021825425604
W3,140,4,safety_cap,0,3000,0.0,1,0.8869948859617426,315.5345,0.1818364268995661,0.11204726994037628,0.07219886034727097,0.11204726994037628,1067.604,1383.1385,0.45153176470588235,-39.84159126693693,234.12872963243723,823.2985373251029,465.0,0.9725390974455246,0.004452972672879696,0,70,0,0,0,0.0,63,0.9,4,3,0.0,0.8713231236328541,0.06167938485236263,4.8405,137.243109375,829.781982421875,485.12065625,911.1237509565971,816.9226851100386,-432.9938729687907,-338.79280712223226,0,0,102.06249182095955,150.46889611708357,658.592363018554,54.90842753656238
W3,141,1,success,1,1248,7.530839443206787,2,0.6728264071297649,146.1875,0.00739479238599138,0.03705733269453049,0.04192814975976944,0.04192814975976944,1519.881,1373.6935,0.7175770588235294,-81.85826096456452,1227.4659975300506,1048.972831088487,226.42135620117188,0.4735561750586652,0.0819992646574974,0,17,1,4,5,0.29411764705882354,8,0.47058823529411764,4,0,125.0,0.049178936169252084,0.000960881944866613,16.8,29.324595703125,15.41344165802002,29.324595703125,173.62912601656498,146.8489930179117,304.50075197124136,331.28088496989466,1,1,80.4646997657792,66.7632696113708,26.40115663941498,57.32651036306219
W3,142,4,safety_cap,0,3000,0.0,1,0.022571470685057923,207.236,0.21661867152730044,0.12022142857313156,0.10920341312885284,0.12022142857313156,1248.5935,1041.3575,0.5579961764705882,-160.87714540789798,332.55508428345246,231.90276166874915,463.0,0.9683561335855438,0.005129525903612375,0,157,0,0,0,0.0,89,0.5668789808917197,43,25,0.0,0.022571470685057923,0.09109782163395604,13.239,145.723265625,1466.6904296875,nan,891.8246237558943,889.1648456179403,-413.69474576808796,-411.0349676301339,0,0,2.664277860074623,100.40538748056296,788.7549584152567,54.039057776970175
W3,143,1,success,1,1378,5.911248207092285,1,0.5673713279133829,220.5895,0.07381831268925637,0.04669972136616707,0.02805403806269169,0.04669972136616707,920.5675,699.978,0.36503970588235296,-60.687757786194545,580.0533294274006,501.6085140475445,385.0,0.8052205430462945,0.03115956299006939,0,13,0,0,0,0.0,13,1.0,0,0,0.0,0.21729846637998884,0.0030631110746827533,12.8585,18.26405859375,59.28693771362305,29.5231328125,460.55415199188894,398.4688257706203,17.575725995917423,79.66105221718607,1,1,71.13809876906465,114.43530122728292,274.98075199554137,50.46983294718336
W3,144,1,success,1,1117,7.590807914733887,1,0.5433410148659854,247.0155,0.019168534294852074,0.06505907326936722,0.0774197205901146,0.0774197205901146,1946.3245,1699.309,0.9684261764705883,-131.73504802308076,1405.207075949397,1074.5079321441128,220.71067810058594,0.461612395003298,0.0837794616818428,0,16,0,2,2,0.125,7,0.4375,7,0,50.0,0.31049695789376813,0.004464612910460466,16.4975,18.761609375,49.784912109375,18.761609375,236.17412668523394,197.81442466237314,241.95575130257242,280.3154533254332,1,1,64.18603433505223,105.14066854214005,66.84742380804168,61.51189476693038
W3,145,1,success,1,1251,5.369605541229248,1,0.5008035038496451,59.2725,0.11163181621502108,0.08041954040527344,0.03904125466942787,0.08041954040527344,838.4555,779.183,0.3167385294117647,-162.33678049272172,258.6744021177292,500.0308845639862,440.0,0.9202520491957652,0.012876925058662891,0,47,3,0,3,0.06382978723404255,34,0.723404255319149,10,0,30.0,0.28583071688204564,0.005515806976604,1.8715,29.792896484375,48.95819091796875,29.792896484375,506.6008853624818,450.9382488340348,-28.471007374675423,27.191629153771544,0,1,59.963250808732525,30.75563128261981,415.88200327112946,50.45451097167552
W3,146,4,safety_cap,0,3000,0.0,4,0.7846759307914541,59.0155,0.23144375435072972,0.11978820711374283,0.14625374972820282,0.14625374972820282,1623.975,1564.9595,0.7788088235294117,20.228074327794765,666.2712788308039,404.2956654338464,449.0,0.9390753865656786,0.009852545335888863,0,52,0,0,0,0.0,32,0.6153846153846154,13,7,0.0,0.7846759307914541,0.11361617674750514,34.0895,369.55878125,1061.0072021484375,nan,929.5072027987388,849.1875698060396,-451.37732481093246,-371.05769181823325,0,0,84.6886563446121,26.205372267918843,818.6131741862079,58.958526222542254
W3,147,1,success,1,2108,5.751981258392334,1,0.887730572040547,275.161,0.07533545509729184,0.06007932871580124,0.01679799146950245,0.06007932871580124,1725.8055,1450.6445,0.8387091176470588,82.64410797009445,1239.3548608175927,1319.2565824115193,401.0660171508789,0.8388223276042732,0.0258543249219656,0,18,1,0,1,0.05555555555555555,14,0.7777777777777778,3,0,10.0,0.017107522787299368,0.004615766245217182,7.237,28.238958984375,34.26689147949219,28.238958984375,494.39163853096903,409.0179858643526,-16.261760543162666,69.11189212345374,0,1,105.48682536035842,122.33994118164804,266.5648719889626,58.88923428982423
W3,148,1,success,1,1557,5.565395832061768,2,0.5700040990341584,289.9345,0.08772782234823528,0.055043816566467285,0.05058441683650017,0.055043816566467285,1173.8345,883.9,0.514020294117647,-25.073404507747558,758.5380137576461,516.9151142928749,420.0,0.8784224105959577,0.019564736634492874,0,6,0,0,0,0.0,6,1.0,0,0,0.0,0.11034041204087339,0.0024671379340801746,24.0695,29.9134375,46.42635726928711,29.9134375,535.9600877908077,473.304727637155,-57.83020980300137,4.82515035065137,0,1,70.22583142267914,143.8021605609481,321.93209580718053,52.79169759454577
W3,149,1,success,1,608,6.3512468338012695,3,0.8411952659256335,291.082,0.0592256754760538,0.10035818070173264,0.08261552453041077,0.10035818070173264,1916.9385,1625.8565,0.9511402941176471,-34.293515206939134,1085.1760703721532,965.1920056580752,341.0660171508789,0.7133334118048508,0.045520149171352386,0,10,0,0,0,0.0,10,1.0,0,0,0.0,0.04128105636385544,0.002988591414745279,8.5235,28.335736328125,33.25686264038086,28.335736328125,424.36254784680096,351.81418659936264,53.7673301410054,126.31569138844372,1,1,92.09354300391198,125.07710880341627,207.19189603947274,60.933789049660824
W3,150,4,safety_cap,0,3000,0.0,1,0.8117636072660784,283.701,0.13283754833030673,0.09213501960039139,0.04420619457960129,0.09213501960039139,1528.492,1244.791,0.7226423529411765,156.9973233920868,800.672149746865,908.1258611764238,457.35533905029297,0.9565504272083093,0.00703650526702404,0,558,29,1,30,0.053763440860215055,88,0.15770609318996415,72,368,54.0,0.4233610581318952,0.022174778665335775,34.946,63.307921875,616.8893432617188,nan,706.0608314784374,617.3426237835386,-227.93095349063105,-139.2127457957322,0,0,98.8774276544843,131.08701119425183,476.0963926297012,56.666226511652255
W3,151,1,success,1,860,5.068111419677734,2,0.7514487680266345,395.502,0.12474505744628923,0.07973705977201462,0.07513200491666794,0.07973705977201462,1068.7265,1464.2285,0.4521920588235294,44.49518710886057,475.5045833820589,875.5520738147833,471.0660171508789,0.9852260627035996,0.0023981642443686724,0,30,0,0,0,0.0,24,0.8,6,0,0.0,0.19410453134080075,0.005206182644547607,1.4895,22.526408203125,67.75874328613281,29.41813671875,724.5416495964986,645.9880711065036,-246.41177160869222,-167.85819311869727,0,0,86.84653844073078,187.09917805171318,450.59593310405467,55.35471896194439
W3,152,4,safety_cap,0,3000,0.0,1,0.4531597860984857,296.871,0.21953065769394695,0.13086076080799103,0.09172642976045609,0.13086076080799103,1354.181,1057.31,0.6201064705882353,-121.47397360837236,343.2579369605631,375.93764454610647,467.0,0.9767220613055053,0.0037759586703032255,0,153,0,0,0,0.0,90,0.5882352941176471,55,8,0.0,0.39525290870658863,0.1010630428008628,4.168,734.802875,699.16357421875,nan,993.3119457281883,940.1636239037507,-515.182067740382,-462.03374591594434,0,0,55.04923226607519,142.11670724370407,796.1460062184092,54.69577546023768
W3,153,4,safety_cap,0,3000,0.0,1,0.7851648762864916,101.0525,0.22625342384140468,0.10238117724657059,0.12414786964654922,0.12414786964654922,1792.3155,1893.368,0.8778326470588236,4.709520757595909,956.545648874823,867.3643188248873,459.0,0.9599902058655824,0.00648125447332859,0,96,0,0,0,0.0,42,0.4375,47,7,0.0,0.7771860413971532,0.09705372256127198,14.953,100.5365625,1412.2886962890625,nan,923.8404653813825,836.3748515064503,-445.71058739357613,-358.244973518644,0,0,92.9254077411469,42.85215035296312,788.0629072872724,61.73752734082166
W3,154,1,success,1,1770,5.516323566436768,1,0.49195702149230347,205.264,0.10381366382350489,0.08987994492053986,0.12505264580249786,0.12505264580249786,1418.878,1624.142,0.6581635294117647,166.6016980530457,718.7241944222749,624.3283393333256,425.0,0.8888798202459096,0.017897043377161026,0,18,0,0,0,0.0,17,0.9444444444444444,1,0,0.0,0.31150859962329697,0.002674008830225349,18.3855,29.95056640625,28.522035598754883,29.95056640625,515.4494921236459,465.25204065149467,-37.319614135839515,12.8778373363117,0,1,54.15088292870804,92.41798817903583,368.880621015902,58.15036508303242
W3,155,1,success,1,1630,5.272208213806152,1,0.5020727450965039,55.829,0.11162038478372555,0.09256435185670853,0.08944250643253326,0.09256435185670853,1313.853,1258.024,0.5963841176470588,159.68059506862988,602.5095629409179,575.6649718060494,450.0,0.941166868495669,0.009515931829810143,0,43,3,0,3,0.06976744186046512,24,0.5581395348837209,16,0,30.0,0.26546434675711056,0.0032521592487123204,9.225,29.918830078125,33.4162712097168,29.918830078125,487.2376991059264,433.17152274087294,-9.107821118120057,44.95835524693342,0,1,58.25876986684384,26.303780231110117,402.67514900797244,55.56642710765801
W3,156,1,success,1,1441,5.663791179656982,2,0.42101686250355275,347.2915,0.09882250602748606,0.060253579169511795,0.09899022430181503,0.09899022430181503,1011.774,1359.0655,0.4186905882352941,92.1583217489146,566.9354423003867,593.864582287278,410.0,0.8575075912960539,0.022891631349921227,0,8,0,0,0,0.0,8,1.0,0,0,0.0,0.21304427238327583,0.0006025196315509704,12.867,29.57621875,18.665334701538086,29.57621875,577.5642030963415,529.5172484595624,-99.43432510853518,-51.38737047175607,0,0,51.76050253010973,166.93406150754646,358.86963905868527,54.47582877062199
W3,157,1,success,1,1072,7.232475280761719,1,0.7152594375961452,75.1435,0.01855145254350337,0.029365215450525284,0.025504937395453453,0.029365215450525284,882.5735,957.717,0.34269029411764707,135.27868482929276,669.5707513862792,770.7985317260045,255.0,0.5333278921475457,0.07303831726312637,0,16,0,0,0,0.0,16,1.0,0,0,0.0,0.05746538970539899,0.003913678022845499,17.0545,29.252310546875,37.02424621582031,29.252310546875,196.56071270490054,151.156091439001,281.56916528290583,326.9737865488054,1,1,89.87591765412718,38.1014068078275,68.58338824294584,51.63252447494593
W3,158,1,success,1,563,5.614552021026611,2,0.5651593604785035,251.2745,0.08744590009722558,0.041363347321748734,0.06865562498569489,0.06865562498569489,1395.721,1646.9955,0.6445417647058823,-157.34734336291532,1074.4634217258804,1096.515007815011,415.0,0.8679650009460058,0.02122959867119789,0,12,0,0,0,0.0,12,1.0,0,0,0.0,0.12417712131927629,0.004493185137397286,17.6105,28.922943359375,33.56303787231445,28.922943359375,492.00241331776544,431.2478268895937,-13.872535329959078,46.882051098212685,0,1,68.13772609164815,113.1405796795941,310.7241075465232,58.148687997640444
W3,159,1,success,1,908,6.146571159362793,1,0.9717710338573822,376.5315,0.03519299001677956,0.029986968263983727,0.007003596518188715,0.029986968263983727,1260.103,883.5715,0.5647664705882353,124.82410916211212,1031.269356519809,832.7634083016487,361.4213562011719,0.7559062356073659,0.038893312215805054,0,6,0,0,0,0.0,6,1.0,0,0,0.0,0.2686789112569536,0.003246279546365008,7.6455,29.19632421875,25.418148040771484,29.19632421875,435.81525413423384,362.4656022917907,42.31462385357253,115.6642756960157,1,1,121.88644444201192,185.15551799584,128.77329169638193,53.25219556271812
W3,160,1,success,1,294,7.114043235778809,3,0.6798714270935157,363.12,0.045329194304638644,0.11367397010326385,0.1201489269733429,0.1201489269733429,1520.258,1157.138,0.7177988235294117,80.7714251306629,623.2273740308583,252.64029719275237,266.4213562011719,0.5572154522582803,0.06943269073963165,0,6,0,0,0,0.0,6,1.0,0,0,0.0,0.05546256679837167,0.004779228896529133,58.5805,29.394810546875,14.907981872558594,29.394810546875,407.77346879831316,348.9465611696848,70.3564091894932,129.18331681812157,1,1,75.44213819572782,169.36487922306645,162.96645137951893,56.14172907941585
W3,161,4,safety_cap,0,3000,0.0,2,0.8094273624048167,269.0095,0.12495259329818513,0.09395715594291687,0.14655496180057526,0.14655496180057526,1666.633,1397.6235,0.8039017647058824,129.57340595716022,911.4398628070652,259.09317971444875,462.0,0.9662646516555534,0.005467630457133055,0,241,3,0,3,0.012448132780082987,115,0.47717842323651455,41,82,12.0,0.7163701971099184,0.0042620867202546285,9.073,21.35648046875,103.60324096679688,81.8399453125,658.00788046489,574.3060454425513,-179.87800247708367,-96.17616745474493,0,0,93.43256819570381,120.88019301603362,443.6951192531526,58.267754115548556
W3,162,4,safety_cap,0,3000,0.0,1,0.9732496630909842,212.4775,0.20405835406646494,0.1408359259366989,0.09252803772687912,0.1408359259366989,1302.606,1090.1285,0.5897682352941176,70.78942084769717,221.8865937165916,399.76492066690696,465.0,0.9725390974455246,0.004452972672879696,0,130,20,0,20,0.15384615384615385,58,0.4461538461538462,52,0,20.0,0.8276713312864498,0.08483374533072578,1.5815,468.015625,1956.468994140625,nan,949.4412391825081,850.0889915046191,-471.3113611947017,-371.95911351681275,0,0,107.05014512389475,101.89825001110773,740.4928440475056,54.594255903781836
W3,163,1,success,1,1134,5.366138935089111,2,0.22953024128599744,84.825,0.10939920993018107,0.05125028267502785,0.06491947174072266,0.06491947174072266,927.8675,843.0425,0.36933382352941174,-145.78194697758582,553.7984774174262,374.7106717848778,440.35533905029297,0.9209952343984729,0.01275769155472517,0,17,0,0,0,0.0,17,1.0,0,0,0.0,0.07721823008400976,0.00463538600809862,7.601,29.355853515625,30.147981643676758,29.355853515625,476.6438052628653,449.6860529061223,1.4860727249410388,28.443825081684054,1,1,27.91788263451334,43.319313406497436,405.4066092218546,51.264472627720934
W3,164,1,success,1,593,5.656787872314453,3,0.36392259085990225,306.108,0.043580255150752346,0.09153008460998535,0.08271718770265579,0.09153008460998535,1361.5635,1055.4555,0.6244491176470588,-4.853286495916737,653.8013085929156,441.1599864410795,410.71067810058594,0.8589939617014694,0.02265556901693344,0,29,0,2,2,0.06896551724137931,10,0.3448275862068966,17,0,50.0,0.02399336732687715,0.00433466116511727,25.507,29.3466484375,29.77897071838379,29.3466484375,347.5199160609482,310.2353596756641,130.60996192685815,167.89451831214228,1,1,43.04158448277889,146.4597678799469,158.01856369822244,54.72570775308416
W3,165,1,success,1,1097,8.45092487335205,1,0.16276527555125503,141.997,0.01848942620815686,0.031273506581783295,0.043769046664237976,0.043769046664237976,1804.9565,1662.9595,0.8852685294117647,-18.770969778037763,1549.265670584876,1311.320751745902,140.0,0.29280747019865255,0.10857339203357697,0,15,0,0,0,0.0,7,0.4666666666666667,8,0,0.0,0.16276527555125503,0.004118972102515102,5.7155,29.981466796875,36.30618667602539,29.981466796875,145.58943939636728,129.08375892619821,332.54043859143906,349.0461190616081,1,1,19.324429918421703,61.43337936507149,64.83163011287408,60.51400369661484
W3,166,1,success,1,1748,5.663791179656982,1,0.9105378543396889,389.6915,0.07008633084744875,0.042805265635252,0.06412099301815033,0.06412099301815033,1433.0125,1822.704,0.6664779411764706,145.9539343549523,1098.959671916673,1297.3155630232095,410.0,0.8575075912960539,0.022891631349921227,0,18,0,0,0,0.0,18,1.0,0,0,0.0,0.2733057240894025,0.004159594455277898,3.1255,21.0857578125,49.97676467895508,21.0857578125,530.3622439503961,443.12942080898176,-52.23236596258971,35.000457178824604,0,1,110.99139935587958,171.9944723504363,247.37637224408024,59.32964303483126
W3,167,1,success,1,392,6.717390537261963,3,0.7465789498701213,334.698,0.011878391704024178,0.006905042566359043,0.012652316130697727,0.012652316130697727,1199.057,1533.755,0.5288570588235294,-84.54584032324534,1146.7854341852358,1433.7415408042864,305.0,0.6379019886470645,0.057149723172187805,0,22,6,0,6,0.2727272727272727,7,0.3181818181818182,9,0,135.0,0.18977960753358106,0.0017984507998110326,0.3355,29.734755859375,35.201377868652344,29.734755859375,289.32245229725675,240.05522501055117,188.80742569054962,238.0746529772552,1,1,91.42851112822288,155.26555986729159,42.62838130174227,56.44465375514814
W3,168,4,safety_cap,0,3000,0.0,1,0.24389116758319881,53.123,0.1988024205793682,0.1642606407403946,0.13882820308208466,0.1642606407403946,1802.1115,1748.9885,0.883595,65.87627552628443,459.59096816731244,621.705087497808,456.0,0.9537157600756112,0.00749384518712759,0,381,0,0,0,0.0,92,0.24146981627296588,65,224,0.0,0.24389116758319881,0.07330959833520242,13.089,117.0280234375,1266.4154052734375,823.5795625,743.3207156016309,718.5659951434072,-265.19083761382456,-240.43611715560087,0,0,25.211657563837573,22.80670921230662,695.3023488254868,60.980407963134574
W3,169,1,success,1,1082,5.268754005432129,1,0.8536661241330191,103.8565,0.10550879935536707,0.046029601246118546,0.06006530299782753,0.06006530299782753,1509.5955,1613.452,0.7115267647058824,-126.27664495395445,1146.8548315530438,1133.86347134839,450.35533905029297,0.9419100536983767,0.009396292269229889,0,28,2,0,2,0.07142857142857142,23,0.8214285714285714,3,0,20.0,0.23723693582559324,0.0016957326273203952,8.679,29.83131640625,38.454612731933594,29.83131640625,523.1099482543311,434.2206000303608,-44.98007026652476,43.90927795744557,0,1,102.74800779720256,46.404754830488024,373.9571856266406,58.593144533402246
W3,170,1,success,1,2307,5.258391380310059,1,0.766007209520811,112.8485,0.10166155356593247,0.09857264906167984,0.10405255854129791,0.10405255854129791,1585.935,1473.0865,0.7564323529411765,136.10971973176612,801.5988386384025,656.8892302557454,451.4213562011719,0.9441396093064996,0.009037286974489689,0,33,0,1,1,0.030303030303030304,20,0.6060606060606061,12,0,25.0,0.16095555556567934,0.0017008000295639985,5.9265,29.9159140625,26.90037727355957,29.9159140625,500.4681510921842,422.5131386405643,-22.338273104377834,55.61673934724206,0,1,88.6881086306275,50.72945977653454,361.05058268502216,58.23880927004404
W3,171,1,success,1,2351,5.911248207092285,2,0.6492927235402215,89.6305,0.050023219824897686,0.028973745182156563,0.024184435606002808,0.028973745182156563,1878.211,1967.8415,0.9283594117647059,-122.01843897817382,1639.2004625321572,1766.171324714586,385.0,0.8052205430462945,0.03115956299006939,0,10,0,0,0,0.0,10,1.0,0,0,0.0,0.07593286051936474,0.0034863309836602554,17.7225,29.33937890625,40.04226303100586,29.33937890625,287.3756996936925,226.98637704482852,190.75417829411384,251.14350094297785,1,1,76.52560432616238,37.45858414385742,173.39151122367272,62.64376371122932
W3,172,4,safety_cap,0,3000,0.0,1,0.7404735078040703,152.5085,0.16256230036125469,0.10987086594104767,0.0718797892332077,0.10987086594104767,1418.934,1266.4255,0.6581964705882353,97.21956365236869,563.0472057963908,717.4489647756741,461.71067810058594,0.9656595401309784,0.005565430037677288,0,327,0,2,2,0.0061162079510703364,119,0.363914373088685,54,152,50.0,0.41326777276633525,0.04523926784298447,7.0505,269.38309375,1195.68359375,nan,743.5933357915764,661.9797298912474,-265.46345780377,-183.84985190344105,0,0,88.23893200017923,71.06511312705915,584.289290664338,56.185227123685806
W3,173,4,safety_cap,0,3000,0.0,1,0.7116347415809839,68.3865,0.15543011324630315,0.12889526784420013,0.07410883158445358,0.12889526784420013,1813.5395,1745.153,0.8903173529411764,165.80952562775036,758.5910889660641,1143.6743842093424,464.0,0.9704476155155343,0.004791306797415018,0,296,26,0,26,0.08783783783783784,83,0.28040540540540543,64,123,26.0,0.5117349014511333,0.03488361303936208,6.3275,262.45153125,843.4552612304688,nan,652.6789825386014,578.657809709882,-174.54910455079505,-100.52793172207566,0,0,79.85671983609883,29.33918510200575,543.4830776004968,61.023037758702216
W3,174,1,success,1,372,7.332842826843262,1,0.8268783890124936,91.219,0.02386165407074646,0.033214665949344635,0.015507233329117298,0.033214665949344635,1239.707,1148.488,0.5527688235294118,83.96024527720697,986.9199093566612,1031.8815450685024,245.35533905029297,0.5131562580503497,0.07607217878103256,0,6,0,0,0,0.0,6,1.0,0,0,0.0,0.2049574217874733,0.004977595026308039,4.685,23.76614453125,50.42551803588867,23.80529296875,233.46176628383978,178.406341963916,244.6681117039666,299.72353602389035,1,1,103.09579378761606,43.76312482555629,86.60284767066744,54.569695310378265
W3,175,1,success,1,785,7.91530704498291,1,0.18529497469365944,267.5685,0.04536218429013322,0.049311891198158264,0.004144611768424511,0.049311891198158264,1744.014,1476.4455,0.84942,43.565939624570085,1343.847312560469,1443.9208850286304,190.0,0.3973815666981713,0.09329389035701752,0,6,0,0,0,0.0,6,1.0,0,0,0.0,0.07637947084774027,0.00046887497738241826,1.7595,29.808287109375,27.236967086791992,29.808287109375,301.2173618724038,280.32441295890203,176.91251611540258,197.80546502890434,1,1,22.458710588491066,118.47178269704011,160.28686858687266,59.13361828110067
W3,176,1,success,1,865,6.007277488708496,1,0.74837022034081,133.5345,0.06403102492127116,0.07577737420797348,0.03788614645600319,0.07577737420797348,1710.2885,1843.823,0.8295814705882353,-47.78035791070806,1097.9096772529074,1532.5950127118565,375.35533905029297,0.7850489089490985,0.03433048725128174,0,13,0,0,0,0.0,13,1.0,0,0,0.0,0.14036647058099158,0.002871486647601467,10.0635,29.538330078125,32.913204193115234,29.538330078125,371.15474793879423,298.6172931517343,106.97513004901214,179.51258483607205,1,1,89.91565626801335,57.31421187453323,223.92487979624767,60.99731551763104
W3,177,1,success,1,296,6.143011093139648,2,0.995614583919662,84.6575,0.06743594080969437,0.02455037459731102,0.04590051621198654,0.04590051621198654,1979.745,1895.0875,0.988085294117647,-152.17846329741622,1774.731082083378,1515.6698166965507,361.77669525146484,0.7566494208100736,0.038777220994234085,0,21,1,4,5,0.23809523809523808,12,0.5714285714285714,4,0,125.0,0.06400232096813753,0.011517686338786186,65.697,29.696138671875,48.51548385620117,29.696138671875,384.19190902526077,295.77047722673626,93.9379689625456,182.3594007610701,1,1,115.35824108011582,35.288336735040865,233.54533121010408,62.80686326333712
W3,178,1,success,1,1338,5.17514181137085,2,0.790447867526938,385.9025,0.104496729267575,0.07965423166751862,0.025870516896247864,0.07965423166751862,1262.327,876.4245,0.566074705882353,-70.97477687982712,654.3002027480751,688.9298820184692,460.0,0.9620816877955727,0.006143494509160519,0,24,5,0,5,0.20833333333333334,16,0.6666666666666666,3,0,50.0,0.3597279475750152,0.0024120635415123314,1.6085,22.66438671875,99.58660888671875,29.626294921875,672.0128714228479,585.0732877510984,-193.8829934350415,-106.94340976329204,0,0,99.7296209252628,189.86011743504645,382.4231330625386,53.22578034564994
W3,179,1,success,1,2271,5.272208213806152,1,0.7577161602812088,229.7005,0.09459233578897426,0.09407171607017517,0.11639699339866638,0.11639699339866638,1409.214,1179.5135,0.6524788235294118,1.9378584462037411,677.3159176267982,300.6564299839586,450.0,0.941166868495669,0.009515931829810143,0,32,4,0,4,0.125,20,0.625,8,0,40.0,0.25475829203738,0.002580251719238198,13.29,29.689841796875,41.223758697509766,29.689841796875,537.2468599431496,460.31534722608643,-59.11698195534325,17.814530761719936,0,1,88.13533762911025,108.05335216538103,341.05817014865835,55.65816543114308
W3,180,1,success,1,1502,5.858062744140625,3,0.7800285206697893,385.1035,0.02562247448976207,0.031221726909279823,0.0060832202434539795,0.031221726909279823,1368.9335,1754.037,0.6287844117647059,47.77767313256167,1127.2794099670136,1704.6106104427874,390.35533905029297,0.8164211378989541,0.029394369572401047,0,10,0,0,0,0.0,10,1.0,0,0,0.0,0.1508778915898032,0.0044291047955017804,7.9495,29.196841796875,45.42900466918945,29.196841796875,357.89439547123374,303.51141864029495,120.23548251657263,174.61845934751142,1,1,94.97290726713386,172.1069612668675,90.8145269372324,58.592717966763715
W3,181,4,safety_cap,0,3000,0.0,1,0.9648133122489605,207.1945,0.1681573869363324,0.09635880589485168,0.08971907943487167,0.09635880589485168,1153.514,946.3195,0.5020670588235294,29.828757814110702,428.46081602090595,289.81633052916453,457.0,0.9558072420056016,0.007156429812312126,0,166,11,0,11,0.06626506024096386,109,0.6566265060240963,43,3,11.0,0.8749155896928691,0.05277311810316628,6.416,40.59130078125,1073.6929931640625,nan,837.3306568720201,729.8748218370572,-359.2007788842137,-251.74494384925083,0,0,118.8039905520645,102.32046803608137,616.2061982838742,53.01711286446106
W3,182,4,safety_cap,0,3000,0.0,3,0.9862180578907227,50.5535,0.16662105387681128,0.10477034002542496,0.06209908798336983,0.10477034002542496,1697.8335,1748.387,0.822255,10.504501098239517,852.4590705964603,1244.1804723159707,459.0660171508789,0.960128279543715,0.006458960007876158,0,198,0,3,3,0.015151515151515152,48,0.24242424242424243,76,71,75.0,0.40099848518074455,0.04797869140310413,14.2645,373.045,320.6449890136719,nan,715.6808444230343,616.6474505444777,-237.5509664352279,-138.51757255667133,0,0,109.13182569275514,21.914826452720426,584.6341922775588,60.39255561113611
W3,183,1,success,1,809,5.854537010192871,1,0.9059566116756086,232.9675,0.06955184338226354,0.10232806950807571,0.05267743766307831,0.10232806950807571,1694.3535,1461.386,0.8202079411764706,-17.155382620667954,869.0414464447982,1048.7959747318328,390.71067810058594,0.8171643231016618,0.029277130961418152,0,25,3,3,6,0.24,8,0.32,11,0,150.0,0.07999674970434961,0.002305330041167788,10.184,28.62770703125,30.172607421875,28.62770703125,454.69831617354885,371.3567363900795,23.43156181425752,106.77314159772686,1,1,104.65836957045586,103.77939566561236,246.26055093748064,58.77434602751706
W3,184,1,success,1,1048,5.317404747009277,1,0.8969472719952445,361.6815,0.08800090285409683,0.098635233938694,0.1474088877439499,0.1474088877439499,1278.302,1639.9835,0.5754717647058823,84.89248726245016,523.8113077622801,459.0933325298652,445.35533905029297,0.9314526440484248,0.011078420095145702,0,44,5,1,6,0.13636363636363635,19,0.4318181818181818,19,0,90.0,0.28255593465971535,0.0039434649542884085,12.219,27.697572265625,45.5448112487793,27.697572265625,591.0066299954892,498.21760144013297,-112.87675200768285,-20.0877234523266,0,0,112.25527329143037,164.8153134835848,313.93604322047406,57.462465229248956
W3,185,4,safety_cap,0,3000,0.0,1,0.4198513547547135,346.5225,0.14709932912115523,0.08852221816778183,0.09633111208677292,0.09633111208677292,1965.723,1619.2005,0.9798370588235294,57.58874382742585,1227.7377877896354,849.495600038711,464.0,0.9704476155155343,0.004791306797415018,0,320,0,0,0,0.0,95,0.296875,57,168,0.0,0.4198513547547135,0.018923302717353006,4.986,63.7443359375,413.9046630859375,283.04646875,712.2157289827704,664.6921699130598,-234.08585099496406,-186.56229192525348,0,0,49.944666653120834,148.33108250118076,513.9399798284688,61.1703939911511
W3,186,1,success,1,2563,5.019883632659912,1,0.5828360501330553,120.7985,0.12379754965034798,0.07811862975358963,0.04826579615473747,0.07811862975358963,1085.887,1206.6855,0.4622864705882353,47.61357512906974,503.3652053326443,840.9424763322901,476.0660171508789,0.9956834723535514,0.0007012714631855488,0,43,0,0,0,0.0,31,0.7209302325581395,12,0,0.0,0.05423491366623461,0.007764692442568173,1.894,12.54823828125,61.41853332519531,13.484921875,578.1430000628462,514.478362909855,-100.01312207503986,-36.34848492204867,0,0,68.90037209997857,58.50854737345429,450.7340805894134,54.05319462116322
W3,187,1,success,1,2048,5.467334270477295,2,0.9463713746031032,131.6415,0.08392785566366981,0.05641087144613266,0.03323989734053612,0.05641087144613266,684.295,552.6535,0.2260558823529412,145.43070727619798,286.29966074045745,322.51196843855644,430.0,0.8993372298958614,0.0162265133112669,0,11,0,0,0,0.0,11,1.0,0,0,0.0,0.1953151423505458,0.003846858715703435,3.5585,28.124982421875,49.521610260009766,28.124982421875,505.53147046065567,409.1049353952388,-27.401592472849302,69.02494259256758,0,1,117.5131100308813,71.11797695724437,316.90038347253,48.461460479412175
W3,188,1,success,1,1018,5.808493614196777,1,0.41214996961998046,176.7545,0.09959938974854891,0.11123523116111755,0.13319997489452362,0.13319997489452362,1251.8785,1428.633,0.5599285294117647,-93.09790493856282,403.94584793938697,389.72208021350207,395.35533905029297,0.826878547548906,0.027743395417928696,0,12,1,0,1,0.08333333333333333,7,0.5833333333333334,4,0,10.0,0.1540413363925769,0.003074841445782901,19.0545,28.99251171875,42.2492561340332,28.99251171875,485.8578998422593,443.31285157733396,-7.7280218544529475,34.81702641047241,0,1,45.413674497963044,82.40301535946837,358.0412099848279,56.15874515369655
W3,189,1,success,1,880,6.344077110290527,1,0.8561256325644584,340.4055,0.05418985615236952,0.052915461361408234,0.0014507018495351076,0.052915461361408234,718.863,378.4575,0.24639,22.59078713045236,343.69962836582215,368.6660495213913,341.77669525146484,0.7148197822102661,0.045289553701877594,0,7,0,0,0,0.0,7,1.0,0,0,0.0,0.029655790916962757,0.006557891411311558,11.75,11.82438671875,60.222442626953125,28.48914453125,500.2201589761362,418.935368080475,-22.090280988329823,59.194509907331394,0,1,107.84999653942648,186.72689076071913,205.64327167599063,47.737194451586774
W3,190,1,success,1,1815,7.014391899108887,1,0.36626582599289254,90.818,0.02996263032347318,0.03287529572844505,0.00499351741746068,0.03287529572844505,1999.876,1909.058,0.9999270588235294,-21.228422259742462,1724.6809759938567,1867.7113861594153,276.0660171508789,0.5773870863554763,0.06637703627347946,0,6,0,0,0,0.0,6,1.0,0,0,0.0,0.14586834803999552,0.005530012911579386,20.963,28.492572265625,49.5040397644043,28.492572265625,184.5224304967966,150.01219629029302,293.6074474910098,328.1176816975134,1,1,43.12156206672545,37.74007554555641,103.66079288451473,63.000303265286135
W3,191,1,success,1,2067,6.4089226722717285,2,0.770624684204004,144.71,0.03819928614384504,0.013660866767168045,0.03615457937121391,0.03615457937121391,415.967,560.677,0.06821588235294118,22.093830796517484,323.2511480598338,310.0651337278821,335.35533905029297,0.7013896317494834,0.04737108573317528,0,10,0,0,0,0.0,10,1.0,0,0,0.0,0.06459381935232461,0.001070654198638459,5.638,29.89377734375,32.32557678222656,29.89377734375,325.40851286202974,256.70480115560366,152.72136512577663,221.4250768322027,1,1,99.39674819167703,80.41439005592599,145.59737461442668,47.11416736390458
W3,192,4,safety_cap,0,3000,0.0,1,0.5273085865324085,359.43,0.18030974683567422,0.07890663295984268,0.10149071365594864,0.10149071365594864,1110.653,1470.083,0.47685470588235296,-136.45446604990562,520.3009527960941,674.2858904944733,461.0,0.9641731697255631,0.005805619992315769,0,199,0,0,0,0.0,97,0.48743718592964824,40,62,0.0,0.5273085865324085,0.059409538385595546,3.9265,64.0800625,780.7278442382812,nan,883.2579732143611,822.6353987980001,-405.1280952265547,-344.50552081019373,0,0,63.73883652798058,169.2323432102798,650.2867934761008,55.61465142379216
W3,193,1,success,1,1683,5.561905860900879,1,0.9142883752459664,250.982,0.06952515787191535,0.08394252508878708,0.05391264334321022,0.08394252508878708,1628.871,1879.853,0.7816888235294117,146.66842451712523,957.3416278754398,1435.027704933744,420.35533905029297,0.8791655957986654,0.01944631151854992,0,37,6,1,7,0.1891891891891892,16,0.43243243243243246,14,0,130.0,0.06988058587311281,0.0021280133519058185,1.4005,29.922966796875,39.912506103515625,29.922966796875,456.7750766608249,373.38151336731516,21.354801326981487,104.7483646204912,1,1,105.11488622562383,108.18230768003724,243.47788275516382,60.7426608661434
W3,194,4,safety_cap,0,3000,0.0,1,0.5829774030323628,310.322,0.16385203203284493,0.10333261638879776,0.14565038681030273,0.14565038681030273,1289.118,1599.44,0.5818341176470588,-73.38570349963247,497.5779652130753,438.5423309516907,457.0,0.9558072420056016,0.007156429812312126,0,376,0,0,0,0.0,86,0.22872340425531915,62,228,0.0,0.5829774030323628,0.03869476588598552,1.7855,309.80875,297.923828125,nan,792.4632098208715,730.5546505649031,-314.33333183306513,-252.42477257709675,0,0,65.57144827650495,141.8074129509073,585.0843485934593,57.29892371716527
W3,195,1,success,1,1458,5.447116374969482,1,0.7349169888317063,183.9825,0.11299774565901556,0.08748531341552734,0.11201754212379456,0.11201754212379456,1431.418,1615.4005,0.66554,139.62553530623154,748.821015871048,720.7835455737561,432.0660171508789,0.9036582674339749,0.015535416081547737,0,26,0,2,2,0.07692307692307693,15,0.5769230769230769,9,0,50.0,0.21903182698507795,0.0053423913607302,11.4355,29.154712890625,48.51311492919922,29.154712890625,568.4621730822532,493.0041447432291,-90.33229509444686,-14.874266755422752,0,0,84.19080975698131,82.8052873609785,401.4660759642934,58.1713562616563
W3,196,1,success,1,2098,5.64978551864624,3,0.6264127637594423,121.7265,0.0415688493025877,0.027709735557436943,0.019980018958449364,0.027709735557436943,491.2835,369.557,0.11251970588235294,154.0764733364822,301.1314388948372,234.88054334949143,411.4213562011719,0.8604803321068847,0.02241945080459118,0,15,0,0,0,0.0,15,1.0,0,0,0.0,0.08231628594854991,0.0036127369143502184,5.3705,19.17592578125,49.55935287475586,19.17592578125,308.68783829492804,247.08221073731198,169.44203969287832,231.04766725049438,1,1,81.06688942414151,68.50742658369859,159.11352228708793,46.51886924661918
W3,197,1,success,1,850,5.604064464569092,1,0.84818132214694,174.984,0.09482139823129679,0.04944303259253502,0.04631297290325165,0.04944303259253502,895.9945,721.0105,0.350585,142.6177735330687,536.6922540867273,392.55840988392384,416.0660171508789,0.8701945565541289,0.020874880254268646,0,35,1,1,2,0.05714285714285714,25,0.7142857142857143,8,0,35.0,0.27804878353987394,0.006658651037082363,8.172,28.8636328125,49.15321350097656,28.8636328125,550.6793601969639,459.8060953628282,-72.54948220915753,18.32378262497815,0,1,106.6093078797631,90.80711818467016,353.26293413253063,50.45117217799629
W3,198,1,success,1,1500,5.7131147384643555,1,0.9447578491333932,226.0885,0.025491588568659847,0.027290400117635727,0.05079185217618942,0.05079185217618942,1504.5535,1730.642,0.7085608823529411,144.37937884213466,1289.6264938371535,1319.1445971515923,405.0,0.847050181646102,0.024550843983888626,0,12,0,0,0,0.0,12,1.0,0,0,0.0,0.09570549777439798,0.002068649548125082,4.242,29.41115234375,25.808486938476562,29.41115234375,303.240380262621,244.63612390656908,174.88949772518538,233.49375408123728,1,1,113.24350981320792,99.96412042132654,90.03275002808651,59.215522396017
W3,199,4,safety_cap,0,3000,0.0,1,0.6490911262380004,256.515,0.13832091820263345,0.07325607538223267,0.06620218604803085,0.07325607538223267,1292.7175,1036.2025,0.5839514705882353,-171.87252697994128,731.3036331118643,545.8295019995608,453.35533905029297,0.9481844994883478,0.008385642431676388,0,263,5,0,5,0.019011406844106463,62,0.23574144486692014,45,151,5.0,0.4455180583972843,0.022915490051311552,2.7455,174.292546875,160.27626037597656,nan,702.7353928386513,632.5065665025952,-224.60551485084488,-154.37668851478884,0,0,75.9270302100094,123.80386191872297,503.0045007099189,54.249331106706784
W3,200,1,success,1,2102,5.171698570251465,1,0.9235924802776989,251.285,0.11227124738887659,0.06422462314367294,0.06694594025611877,0.06694594025611877,1981.2225,1729.9375,0.9889544117647059,-179.49713243288804,1444.8041575253942,1187.6126221064478,460.35533905029297,0.9628248729982803,0.006023447494953871,0,58,5,0,5,0.08620689655172414,34,0.5862068965517241,19,0,50.0,0.35111225090642584,0.0038522000417308545,8.2265,29.286107421875,42.33140182495117,29.286107421875,602.4743791867136,511.0358886775832,-124.34450119890721,-32.90601068977685,0,0,105.40559112998135,106.31987609526209,390.7489119614701,61.88119937146634
W4,1,4,safety_cap,0,6000,0.0,1,0.3913037787058519,454.455,0.4952341036334374,0.24134884774684906,0.26646414399147034,0.26646414399147034,7747.642,7293.187,0.9672262337662337,-76.13983753604457,4340.124021549732,3652.171107705623,451.0,0.9432583504256593,0.009179203771054745,0,2206,7,0,7,0.003173164097914778,25,0.011332728921124207,295,1879,7.0,0.43058787852144476,0.410811011599194,198.244,809.0668125,2619.37255859375,nan,1447.7919391937862,1414.4648038412872,-969.6620612059799,-936.3349258534809,0,0,33.75661367225426,87.63017002933869,1326.4051554921934,135.78426312564045
W4,2,4,safety_cap,0,6000,0.0,2,0.9012283065009615,179.07,0.1844804080693755,0.11372879892587662,0.14191308617591858,0.14191308617591858,2006.283,1827.213,0.2215951948051948,7.343009187147009,1053.5446661478356,663.779292042464,442.0,0.9244350130557459,0.012205639854073524,0,3992,36,0,36,0.009018036072144289,26,0.006513026052104208,66,3864,36.0,0.5595738132021669,0.09511713749662414,91.113,182.325,1147.2645263671875,nan,812.9388646333169,722.1288440996416,-334.8089866455106,-243.99896611183522,0,0,98.32207334310091,74.92485801362406,639.691933276592,62.572648894114785
W4,3,4,safety_cap,0,6000,0.0,1,0.3698379615679564,523.988,0.11800613350165483,0.15937423706054688,0.11573487520217896,0.15937423706054688,7211.508,7735.496,0.8975984415584416,-93.36244003942276,5046.806150131226,6102.882445899963,361.0,0.7550249767265256,0.039030950516462326,0,583,9,0,9,0.015437392795883362,337,0.5780445969125214,46,191,27.0,0.08331167929837349,0.023507862735530162,42.118,86.6753515625,104.47135925292969,309.5618125,449.34435590907844,419.6838457012974,28.785522078727922,58.44603228650897,1,1,31.19351550353612,101.55529213170279,316.59554827383954,135.09701149032813
W4,4,4,safety_cap,0,6000,0.0,1,0.43541484791308677,214.323,0.2055428451706733,0.12189450860023499,0.08365730196237564,0.12189450860023499,4483.61,4697.933,0.543325974025974,-141.1592274451041,3160.4926480028034,3771.9359296176954,461.0,0.9641731697255631,0.005805619992315769,0,4642,2,0,2,0.00043084877208099956,96,0.02068074105988798,27,4517,2.0,0.4520280024086734,0.06494997831581867,83.293,292.282875,549.7029418945312,nan,723.7414465658761,680.3162266850671,-245.61156857806975,-202.18634869726077,0,0,45.06129633541341,58.95248543961662,619.727664790846,95.18112896934421
W4,5,4,safety_cap,0,6000,0.0,1,0.5974678094391035,60.705,0.10392755720749026,0.11661544442176819,0.08169911056756973,0.11661544442176819,6710.993,6650.288,0.8325964935064935,-150.94031092584032,5185.430572382539,5586.460351955831,324.35533905029297,0.6783833305195893,0.05092627555131912,0,165,0,0,0,0.0,113,0.6848484848484848,7,45,0.0,0.3985720071172446,0.024028018305717564,43.198,82.0272734375,255.80929565429688,nan,353.54768905141697,304.96658275814076,124.5821889363894,173.1632952296656,1,1,53.52713916652503,12.85187764117683,287.1686722437151,123.65947227227211
W4,6,4,safety_cap,0,6000,0.0,1,0.39865284880937407,514.636,0.15891781133538355,0.19036716222763062,0.17609180510044098,0.19036716222763062,4727.521,4212.885,0.5750027272727273,76.61996347565241,2614.727052306235,2349.149585374519,431.0,0.9014287118258518,0.015892067924141884,0,4433,0,0,0,0.0,132,0.02977667493796526,56,4245,0.0,0.39865284880937407,0.0393213617165904,135.682,128.6876796875,280.5567932128906,nan,663.5100594232152,627.2343655427618,-185.38018143540887,-149.10448755495543,0,0,37.7525005397878,143.95097638227742,481.8065825011501,93.6151094404133
W4,7,4,safety_cap,0,6000,0.0,1,0.891274693167843,282.191,0.499562133543945,0.2537766098976135,0.24645838141441345,0.2537766098976135,5430.158,5712.349,0.6662542857142857,-57.425917946980746,2435.300129893899,2734.3063633945285,454.0,0.9495327962156305,0.008168332278728485,0,1959,14,0,14,0.0071465033180193975,68,0.03471158754466565,248,1629,14.0,0.9075702438670241,0.4251605274430478,554.461,1116.18725,2992.301025390625,nan,1580.9054913193675,1513.0008725524342,-1102.775613331561,-1034.8709945646278,0,0,69.58116659327668,68.26142612078277,1443.062898605308,108.23286710187084
W4,8,4,safety_cap,0,6000,0.0,1,0.8408013561095943,272.222,0.0820376777643612,0.17301124334335327,0.20489101111888885,0.20489101111888885,7486.557,7214.335,0.9333190909090909,-22.154594412845913,5089.043833728611,4430.82197546117,420.77669525146484,0.8800468546795057,0.019305864349007607,0,1621,16,1,17,0.010487353485502776,335,0.2066625539790253,112,1157,41.0,0.10007019542734108,0.015581844905560385,50.306,18.30005859375,85.91569519042969,428.22546875,344.71607367865397,285.4157122268007,133.4138043091524,192.7141657610057,1,1,70.16854399303546,53.46607673132431,221.0814529542942,133.2998177578854
W4,9,4,safety_cap,0,6000,0.0,1,0.9526420218697036,487.7545,0.05575488061447227,0.03198288008570671,0.02651669830083847,0.03198288008570671,1270.3885,782.634,0.1260244805194805,43.50459907678397,1025.9948879162018,592.9432454673797,415.77669525146484,0.8695894450295538,0.020971165969967842,0,3910,2,0,2,0.0005115089514066496,244,0.06240409207161125,10,3654,2.0,0.37324096991978295,0.0036828925733585973,19.4525,115.0319375,71.89717864990234,nan,563.0831007449592,477.49645996935885,-84.95322275715284,0.6334180184475144,0,1,116.35187217384296,242.0966764628857,204.63455210823054,52.76648754653975
W4,10,4,safety_cap,0,6000,0.0,1,0.925437271683837,224.335,0.2636766315144984,0.11623214185237885,0.15281204879283905,0.15281204879283905,5977.445,5753.11,0.7373305194805195,-86.15122486899318,4542.158789103702,3900.399911110252,454.35533905029297,0.9502759814183381,0.008048529736697674,0,3758,0,1,1,0.00026609898882384245,112,0.029803086748270355,120,3525,25.0,0.6934210816637929,0.1567668935641241,18.229,571.793,1212.156494140625,2001.27025,884.493212025214,808.9951382230034,-406.36333403740764,-330.86526023519707,0,0,79.70800281170926,52.32095201681868,752.464257196686,112.25448733122533
W4,11,4,safety_cap,0,6000,0.0,1,0.552967899696854,548.936,0.1385030431840636,0.08907558768987656,0.057543423026800156,0.08907558768987656,7301.81,6752.874,0.909325974025974,-114.06200908524855,6083.896413877979,5997.681366667576,436.35533905029297,0.9126293066785114,0.014099055901169777,0,5419,12,1,13,0.0023989665990035063,73,0.013471120132865843,84,5249,37.0,0.30367069074644293,0.029087507597295365,160.616,119.4834140625,294.1009826660156,nan,537.377153591982,492.4990916523264,-59.247275604175684,-14.369213664520032,0,0,47.903561459701656,111.75124611404817,377.72234601823226,128.6193537840492
W4,12,4,safety_cap,0,6000,0.0,2,0.6746801631591887,531.164,0.061619106075281954,0.0367848202586174,0.029955433681607246,0.0367848202586174,2226.515,1695.351,0.2501967532467532,-121.23942491312162,1910.2569560542331,1453.7199575669338,454.77669525146484,0.9511572402991785,0.007906450890004635,0,5029,17,0,17,0.0033803937164446213,13,0.002585006959634122,131,4868,17.0,0.03650360917874927,0.018806377795830116,41.763,6.36424365234375,135.5170440673828,nan,512.9618450240107,447.9325352630518,-34.83196703620433,30.19734272475455,0,1,79.30911026254716,220.5537398702258,213.09899489123777,63.073711587910914
W4,13,4,safety_cap,0,6000,0.0,1,0.755060550715396,586.142,0.04282944799309264,0.018009137362241745,0.0261868704110384,0.0261868704110384,4015.54,3429.398,0.4825376623376623,-127.18991754789974,3828.4873744215815,3172.7562475974,372.71067810058594,0.779517648361835,0.03519817069172859,0,1408,34,1,35,0.024857954545454544,62,0.04403409090909091,41,1270,83.0,0.11158730176047757,0.014874859246861629,1.585,19.70180859375,95.90686798095703,79.426953125,397.68950905718617,339.38397571745264,80.4403689306202,138.74590227035372,1,1,80.59217175781116,182.52334313889088,134.5739941604841,84.09891924549953
W4,14,4,safety_cap,0,6000,0.0,1,0.7000934827918077,333.5745,0.05103313613804035,0.09590553492307663,0.14536088705062866,0.14536088705062866,1102.4185,1435.993,0.1042101948051948,45.20615114076887,385.67630105348303,301.1615723219514,420.35533905029297,0.8791655957986654,0.01944631151854992,0,448,19,2,21,0.046875,177,0.3950892857142857,38,212,117.0,0.11304976932576026,0.01328550956781871,26.0765,28.1571796875,59.61036682128906,40.2414296875,426.79884977286326,360.57971870632963,51.3310282149431,117.55015928147674,1,1,84.78591485143394,157.7072959812786,184.30563894015071,55.384382224088185
W4,15,4,safety_cap,0,6000,0.0,2,0.9678166744930621,436.572,0.24485384208069808,0.2208670675754547,0.28042489290237427,0.28042489290237427,4464.729,4028.157,0.5408738961038961,16.597577370845194,2071.4733107276857,1111.9745120000243,450.0,0.941166868495669,0.009515931829810143,0,4570,21,0,21,0.004595185995623632,162,0.035448577680525166,269,4118,21.0,0.9022753531563833,0.1543229641876642,124.413,188.53259375,1002.5851440429688,nan,981.9496586946339,883.5469344482161,-503.8197807068275,-405.41705646040975,0,0,105.83153240380732,125.98931530433062,750.128810986496,90.73182399912672
W4,16,4,safety_cap,0,6000,0.0,3,0.9842367694228903,462.912,0.17936171321466235,0.26328492164611816,0.28957992792129517,0.28957992792129517,6193.95,6656.862,0.765448051948052,-65.87721680609053,2885.7881237626075,2884.25466107142,438.35533905029297,0.9168122705384921,0.013428601436316967,0,4506,11,0,11,0.0024411895250776743,5,0.0011096316023080338,127,4363,11.0,0.4971598647317078,0.06939839246987856,1.573,765.8628125,372.7416687011719,nan,680.0738289627367,607.6178833567371,-201.94395097493032,-129.48800536893077,0,0,78.58799389227231,100.96215348364906,500.52368158681537,120.04988562087728
W4,17,4,safety_cap,0,6000,0.0,2,0.9943154605951846,484.636,0.08744013499322097,0.11314506083726883,0.06931662559509277,0.11314506083726883,4062.222,4546.858,0.4886002597402597,122.81211223180468,2881.7544620812682,3790.0689247136115,442.0,0.9244350130557459,0.012205639854073524,0,3083,24,0,24,0.007784625364904314,122,0.03957184560493026,95,2842,48.0,0.3748591377836942,0.014635960466384311,66.13,62.566578125,136.8826904296875,nan,502.2584772037498,422.72974053493425,-24.12859921594344,55.400137452872116,0,1,96.38404398477053,138.72467494615995,267.1497582728193,91.47754748602249
W4,18,4,safety_cap,0,6000,0.0,1,0.7116123300227698,433.058,0.2870639903962189,0.2662403881549835,0.2505260407924652,0.2662403881549835,5625.223,6058.281,0.6915874025974026,95.48209526087503,2431.343932086259,2944.4224411729874,446.0,0.9328009407757074,0.010861700400710106,0,2307,6,0,6,0.002600780234070221,36,0.015604681404421327,45,2220,6.0,0.6881051134162603,0.1559146854489292,19.387,1086.3085,516.9364624023438,2299.83525,977.335887899156,923.2085239623617,-499.2060099113496,-445.07864597455534,0,0,56.040079668962576,101.30149462783514,819.9943136023583,111.93091181427387
W4,19,4,safety_cap,0,6000,0.0,1,0.34970541870038835,472.021,0.32460471958801107,0.16006025671958923,0.16501715779304504,0.16501715779304504,7163.383,7635.404,0.8913484415584415,-123.19953808918146,4997.066182478756,5324.107021018863,456.0,0.9537157600756112,0.00749384518712759,0,4553,46,0,46,0.010103228640456841,77,0.016911926202503844,138,4292,46.0,0.7399074025157526,0.2164939108778758,187.292,111.4399453125,1114.188720703125,3963.50475,995.5814667549673,965.9546837050451,-517.451588767161,-487.82480571723875,0,0,30.147029537720528,92.22072520807333,873.2137120091735,134.01371935453045
W4,20,4,safety_cap,0,6000,0.0,2,0.7933988294135008,116.012,0.052156227563982485,0.10844174027442932,0.07416337728500366,0.10844174027442932,7590.287,7706.299,0.9467905194805195,3.2177273055193987,6076.300741249233,6662.2789631091955,357.71067810058594,0.7481454194119794,0.04010476917028427,0,780,23,2,25,0.03205128205128205,109,0.13974358974358975,60,586,145.0,0.013169069959720727,0.0010703438505286628,36.803,72.0282734375,18.34221076965332,72.0282734375,231.43741683485513,177.88607742421848,246.69246115295124,300.2438005635879,1,1,70.32135459368313,22.06253570155976,139.05352653961222,137.66353049053566
W4,21,4,safety_cap,0,6000,0.0,1,0.7709164079867576,147.019,0.17815855081481927,0.2688996493816376,0.2887672781944275,0.2887672781944275,7509.583,7362.564,0.9363094805194805,-95.1524573839058,3777.099098087281,3396.7601038110256,437.0,0.913977603405794,0.013882997445762157,0,1590,20,0,20,0.012578616352201259,229,0.1440251572327044,97,1244,20.0,0.6025517646982673,0.053297732889002705,256.73,278.64846875,811.288818359375,952.037875,581.807276770523,513.0059850810285,-103.67739878271664,-34.87610709322212,0,0,74.57648931050808,28.60648634490391,478.624301115111,134.5495314059016
W4,22,4,safety_cap,0,6000,0.0,1,0.7184941191375279,566.009,0.494636586588606,0.23847627639770508,0.2772729694843292,0.2772729694843292,6336.472,6902.481,0.7839574025974027,132.06882266136876,3306.041395011902,3222.103507736176,440.0,0.9202520491957652,0.012876925058662891,0,4754,22,0,22,0.004627681952040387,146,0.030710980227177113,365,4221,22.0,0.7030025030479986,0.44364741786974726,171.276,447.4268125,2278.9609375,nan,1548.7758330375054,1491.904891640036,-1070.645955049699,-1013.7750136522297,0,0,58.10249055558667,120.69851314108537,1369.9748293408334,122.79123201566806
W4,23,4,safety_cap,0,6000,0.0,1,0.5924754747643531,551.097,0.1609140091756211,0.22749841213226318,0.18266955018043518,0.22749841213226318,7903.822,7352.725,0.9875093506493506,2.691105199214224,4656.322661529302,4845.818327450007,450.0,0.941166868495669,0.009515931829810143,0,4449,20,0,20,0.004495392222971455,298,0.06698134412227467,99,4032,20.0,0.4729595973678535,0.028672218265573715,80.736,304.84546875,252.6133270263672,nan,585.9527457636381,537.451590221559,-107.8228677758317,-59.32171223375258,0,0,51.58972242345137,105.04413270154038,429.31889063864634,137.36876124565717
W4,24,4,safety_cap,0,6000,0.0,1,0.3620650995707761,348.385,0.095989928830634,0.07261244207620621,0.023890843614935875,0.07261244207620621,7399.013,7050.628,0.9219497402597403,-104.5202541575859,6399.138728648893,6729.973984394155,348.0,0.7278357116366506,0.04326788708567619,0,705,30,0,30,0.0425531914893617,415,0.5886524822695035,24,236,30.0,0.2486702722897979,0.007235238173903831,38.189,38.5049765625,71.5174560546875,85.422578125,362.11352068482296,331.32027483212414,116.01635730298341,146.80960315568223,1,1,32.86287937973093,69.37722793487899,259.87341337021303,131.47339194656217
W4,25,4,safety_cap,0,6000,0.0,2,0.9468647490489306,465.106,0.1768369335310027,0.20309960842132568,0.2084989845752716,0.2084989845752716,4878.166,5343.272,0.594567012987013,-136.92237751759436,2593.4647903335094,2900.858182961464,444.0,0.9286179769157267,0.011533898301422596,0,3374,14,0,14,0.004149377593360996,148,0.04386484884410195,53,3159,14.0,0.588180833241149,0.06302013777740792,93.998,204.833921875,299.7549133300781,898.6495,720.2060573687017,646.4107926512612,-242.07617938089538,-168.28091466345484,0,0,79.88438777127278,119.3568332871006,520.9648363103283,102.03287059117358
W4,26,4,safety_cap,0,6000,0.0,2,0.4208745491088932,176.346,0.27274451276792405,0.21267683804035187,0.18791238963603973,0.21267683804035187,5714.947,5538.601,0.7032398701298701,-132.70158501002808,3144.5460073167233,3300.6394164782314,448.0,0.9369839046356883,0.010189044289290905,0,780,0,0,0,0.0,44,0.05641025641025641,55,681,0.0,0.4208745491088932,0.1370137628639627,661.039,677.6614375,1008.2680053710938,nan,870.380861956589,829.5207226082105,-392.25098396878263,-351.3908446204041,0,0,41.98037310993075,42.360617878890665,786.0398709677676,108.98851867255078
W4,27,4,safety_cap,0,6000,0.0,1,0.9159104384521386,93.476,0.0874402713823128,0.0662173479795456,0.08686792105436325,0.08686792105436325,2916.68,2823.204,0.3398285714285714,-144.93574345830976,2301.674461517334,2024.5226127702892,413.0,0.8637820370860251,0.021894751116633415,0,580,19,0,19,0.032758620689655175,341,0.5879310344827586,54,166,19.0,0.16530253074535609,0.013452965147028713,6.052,26.940953125,89.10897064208984,66.72540625,418.39088389821933,336.63079115329487,59.73899408958704,141.4990868345115,1,1,98.03418598905539,33.21764286569751,287.1390550434664,73.67227839783845
W4,28,4,safety_cap,0,6000,0.0,1,0.2396760070503753,352.126,0.26398670798812707,0.16792501509189606,0.09619827568531036,0.16792501509189606,7193.575,7545.701,0.8952694805194805,80.79132128241343,4915.743538409844,6206.938360571966,438.0,0.9160690853357845,0.013547753915190697,0,3692,5,0,5,0.0013542795232936078,39,0.01056338028169014,74,3574,5.0,0.20831369937238087,0.1263644047607409,291.264,356.27090625,541.701416015625,nan,800.8575163883269,780.2392074655065,-322.7276384005205,-302.10932947770016,0,0,20.9262307513314,69.01657114202341,710.914714494972,133.57958249135967
W4,29,4,safety_cap,0,6000,0.0,1,0.7540004306510161,540.641,0.39419151982143313,0.19487330317497253,0.21195878088474274,0.21195878088474274,7652.299,7111.658,0.954844025974026,23.41694192565025,4919.532402459711,4253.890247234076,431.0,0.9014287118258518,0.015892067924141884,0,3867,91,0,91,0.023532454098784586,89,0.023015257305404706,259,3428,91.0,0.4695135534881705,0.38004774937372915,44.318,1186.982125,2682.349365234375,nan,1235.576754072468,1169.1303144091753,-757.4468760846617,-691.0004364213689,0,0,68.66591687716597,105.83167133640961,1061.0791658588926,133.75957510513857
W4,30,4,safety_cap,0,6000,0.0,1,0.9173368807716132,564.003,0.40681465908489073,0.2504476010799408,0.24893304705619812,0.2504476010799408,4328.891,4892.894,0.5232325974025974,-39.30605369707549,1649.1289672331511,2088.9385448619723,455.0,0.9516242781456208,0.007831146009266376,0,1333,0,0,0,0.0,72,0.05401350337584396,46,1215,0.0,0.776278426650335,0.37450623089671536,395.464,555.3269375,2525.46337890625,nan,1462.5906471338353,1382.9637451572582,-984.460769146029,-904.8338671694519,0,0,82.39365685215208,154.7433339437453,1225.453656337938,95.44331534124782
W4,31,4,safety_cap,0,6000,0.0,1,0.3224051525878474,332.974,0.10863262831165241,0.21553190052509308,0.2744380831718445,0.2744380831718445,6250.914,5917.94,0.772845974025974,65.19658147656293,3530.48888731572,2545.3868621861934,425.0,0.8888798202459096,0.017897043377161026,0,3220,25,0,25,0.007763975155279503,338,0.10496894409937889,98,2759,25.0,0.08329531085674927,0.011628160369351732,2.048,159.598984375,110.14236450195312,nan,410.596108507058,384.1369834136419,67.53376948074839,93.9928945741645,1,1,27.705668367248943,75.6206462934214,307.2697938463876,115.28363600694504
W4,32,1,success,1,4964,6.057185173034668,1,0.875808370122584,168.412,0.07949587755016699,0.22739532589912415,0.22346743941307068,0.22739532589912415,3961.639,3793.227,0.47553753246753244,99.94968295206994,1612.0451871969997,1521.8532186968027,370.35533905029297,0.7745914992991466,0.03597027435898781,0,769,3,0,3,0.0039011703511053317,238,0.3094928478543563,80,448,60.0,0.013947735704238642,0.00452825971146557,20.849,6.33561572265625,66.75602722167969,29.99851953125,391.21065488604455,315.680290864375,86.91922310176182,162.44958712343134,1,1,92.07981880129658,51.243256516958844,247.88757956778912,86.04307718133431
W4,33,4,safety_cap,0,6000,0.0,1,0.8774424395206566,225.707,0.3383298329900438,0.23835882544517517,0.21410763263702393,0.23835882544517517,6454.543,6680.25,0.7992912987012987,126.31292420087568,3397.4616348234117,3885.8777595460415,450.0,0.941166868495669,0.009515931829810143,0,2103,20,0,20,0.009510223490252021,67,0.03185924869234427,158,1858,20.0,0.7492981122117268,0.2185357855635231,188.666,207.884140625,1287.18505859375,nan,1067.36061120163,990.7591747989862,-589.2307332138237,-512.6292968111799,0,0,80.0036753058787,48.41451965051024,938.9424162452411,122.05355081055771
W4,34,4,safety_cap,0,6000,0.0,2,0.8570267906480771,394.904,0.09113203126494575,0.16798201203346252,0.16287076473236084,0.16798201203346252,4060.053,3665.149,0.48831857142857144,-102.17358902363733,2307.823729432315,2030.5537374020814,452.35533905029297,0.9460930175583574,0.008722640573978424,0,3229,8,1,9,0.002787240631774543,58,0.01796221740476928,103,3059,42.0,0.08192529763920635,0.008934554742436122,144.417,182.96365625,450.3949890136719,nan,482.91707361029825,415.34259295031853,-4.787195622491879,62.787285037487834,0,1,78.10547778253799,120.43378765169295,284.3778081760673,85.85635657699207
W4,35,4,safety_cap,0,6000,0.0,1,0.8580126857660859,517.983,0.4082931570944675,0.19171355664730072,0.21682319045066833,0.21682319045066833,3205.113,2687.13,0.3772874025974026,-120.68698473815617,1369.2423179135471,723.1173538830876,422.0,0.8826053744559385,0.018897999078035355,0,824,19,0,19,0.023058252427184466,42,0.050970873786407765,328,435,19.0,0.7972556451387367,0.36611734410260305,368.732,811.6829375,3115.32421875,nan,1610.0597558437203,1520.3707658022458,-1131.929877855914,-1042.2408878144395,0,0,92.91804321836037,181.8685692721988,1335.2731433531612,74.58515092418473
W4,36,4,safety_cap,0,6000,0.0,1,0.07003670638845785,496.198,0.47076482569423167,0.22099019587039948,0.24991120398044586,0.24991120398044586,7243.646,6747.448,0.9017722077922078,-179.77617842670216,4234.94271375385,3469.000865965128,419.0,0.8763309286659673,0.019897935912013054,0,4551,15,0,15,0.0032959789057350032,180,0.03955174686882004,372,3984,15.0,0.048462550043927584,0.46023608554918677,212.256,687.642375,2307.63232421875,nan,1392.089290001313,1386.7689592025783,-913.9594120135066,-908.639081214772,0,0,5.331387238630332,101.37273760157882,1285.3851651611037,128.1617943409287
W4,37,4,safety_cap,0,6000,0.0,1,0.9909966289887928,93.242,0.21658474384366921,0.16976332664489746,0.12758713960647583,0.16976332664489746,3898.515,3991.757,0.4673396103896104,-152.1858714395688,2155.127970570326,2669.6024759330153,453.35533905029297,0.9481844994883478,0.008385642431676388,0,4838,0,1,1,0.00020669698222405952,42,0.0086812732534105,99,4696,25.0,0.7798214805605733,0.11713083765953664,41.727,150.323109375,715.6099243164062,1204.2045,793.4608598172197,707.5243906887622,-315.3309818294133,-229.39451270095583,0,0,92.22476717759267,28.091712200254854,673.1443804393722,86.89710795219388
W4,38,4,safety_cap,0,6000,0.0,1,0.455400995280749,450.338,0.044137057162776466,0.04594150558114052,0.04449131712317467,0.04594150558114052,5853.202,5402.864,0.7211950649350649,-37.80422313892917,5291.603755592011,4879.02928301087,373.35533905029297,0.7808659450891178,0.03498673439025879,0,1004,11,0,11,0.010956175298804782,139,0.13844621513944222,67,787,59.0,0.06037943922197468,0.01029843521501774,6.135,71.0893984375,100.27890014648438,107.6608515625,278.8360891714234,242.58968350895913,199.29378881638297,235.54019447884724,1,1,43.46919856382433,108.17215364239686,127.1947369652022,109.00567437301939
W4,39,4,safety_cap,0,6000,0.0,1,0.7031992445126067,168.957,0.2346571806699702,0.2869534492492676,0.26572445034980774,0.2869534492492676,6399.086,6568.043,0.7920890909090909,178.97781638737297,2734.6657750902177,3129.822910772473,447.0,0.9348924227056978,0.010525429621338844,0,3684,0,0,0,0.0,153,0.041530944625407164,88,3443,0.0,0.7031992445126067,0.12129379644202315,78.713,371.3996875,881.8024291992188,nan,745.4900772863497,692.3004358776685,-267.3601992985433,-214.17055788986215,0,0,55.5466372947452,36.59620604921499,653.3472339423895,120.86923853016698
W4,40,4,safety_cap,0,6000,0.0,1,0.8308210623500306,167.59,0.139468686022558,0.06270960718393326,0.07952401041984558,0.07952401041984558,937.035,769.445,0.08273181818181818,-169.55056115034532,478.7509958635643,201.60817741766573,449.71067810058594,0.940561756971094,0.009613333269953728,0,2963,58,0,58,0.019574755315558554,167,0.05636179547755653,45,2693,58.0,0.10127363607247898,0.05290035012471879,5.3045,16.64143359375,395.8321228027344,353.2704375,704.6411779705863,613.8083720733918,-226.51129998277997,-135.67849408558538,0,0,100.49042318401686,86.16296945074646,517.987785335823,50.92346919964106
W4,41,4,safety_cap,0,6000,0.0,2,0.7444316024280927,180.236,0.4822010266940336,0.24089550971984863,0.25786444544792175,0.25786444544792175,3449.97,3630.206,0.409087012987013,-34.484259638617885,1084.1424259066582,1051.2505609995724,454.0,0.9495327962156305,0.008168332278728485,0,1745,7,0,7,0.0040114613180515755,60,0.034383954154727794,303,1375,7.0,0.7424907614867513,0.4251106711318802,431.635,377.6520625,2916.919677734375,nan,1650.4360828241852,1587.99044011905,-1172.3062048363788,-1109.8605621312436,0,0,63.775108891782665,57.66494731293679,1528.9960266194657,81.8298458000315
W4,42,4,safety_cap,0,6000,0.0,2,0.7656401935746285,419.249,0.20324006812208578,0.10632958263158798,0.12680889666080475,0.12680889666080475,1787.374,2206.623,0.19316545454545456,61.94366278623973,919.8974976276011,1118.904091397658,453.0,0.94744131428564,0.008505403995513916,0,1963,0,0,0,0.0,23,0.011716760061130923,0,1940,0.0,0.5926530063219205,0.08709488577213195,126.462,157.794546875,914.0470581054688,nan,956.1212128353961,879.046311720249,-477.99133484758977,-400.91643373244267,0,0,81.83281957153272,172.9341527311868,701.3542405326766,63.48368454801286
W4,43,4,safety_cap,0,6000,0.0,1,0.924326405448358,532.117,0.06245602597000235,0.12284615635871887,0.07252807170152664,0.12284615635871887,6199.932,6732.049,0.766224935064935,-25.561085100858218,4655.641321953178,5781.710122619383,408.35533905029297,0.8540678126387808,0.023437710478901863,0,621,45,0,45,0.07246376811594203,301,0.48470209339774556,92,183,54.0,0.008721087688101774,0.014224232952732285,61.726,134.227234375,123.5640869140625,nan,373.8757153035968,308.8904335622312,104.25416268420958,169.2394444255752,1,1,84.35231941361626,115.51042198236374,174.01297390761678,120.6214553601514
W4,44,4,safety_cap,0,6000,0.0,1,0.32051524458059016,568.685,0.20128836210161355,0.12114950269460678,0.1224413812160492,0.1224413812160492,3064.878,3633.563,0.3590750649350649,87.56226648652218,1921.726072813019,2408.590487817019,455.0,0.9516242781456208,0.007831146009266376,0,5146,0,0,0,0.0,135,0.026233968130586864,115,4896,0.0,0.3131444566099415,0.08648579288577982,17.106,52.39894140625,562.062744140625,nan,863.5333751694276,832.6572078784843,-385.4034971816212,-354.52732989067795,0,0,31.652983269549257,187.38547008162737,644.494921818251,79.47744729817812
W4,45,4,safety_cap,0,6000,0.0,1,0.656144523855655,450.01,0.11796348754717864,0.09554992616176605,0.07947096228599548,0.09554992616176605,5291.863,5741.873,0.6482938961038961,-49.63158071422837,4177.477301515207,4779.251326641947,409.0,0.8554161093660636,0.023223700001835823,0,2978,38,0,38,0.012760241773002015,212,0.07118871725990597,69,2659,38.0,0.3432017712696404,0.007223824298733331,16.938,67.39209375,60.9289665222168,71.2983828125,513.8680728379586,456.8590980559719,-35.73819485015224,21.270779931834454,0,1,62.720279320609855,109.61334966654886,341.5344438507999,107.49436428638049
W4,46,4,safety_cap,0,6000,0.0,1,0.5463472585961431,394.045,0.055678205309723554,0.10184922814369202,0.13055983185768127,0.13055983185768127,5248.318,5642.363,0.6426387012987013,12.147128266051363,4064.899430143893,4073.9003466747104,393.35533905029297,0.8226955836889253,0.028404122218489647,0,945,21,2,23,0.02433862433862434,399,0.4222222222222222,110,413,95.0,0.03469253182647816,0.006801934608538227,0.352,52.83911328125,69.18396759033203,70.2932265625,307.7844042777594,265.8734783298591,170.34547371004697,212.25639965794727,1,1,49.24329461146865,96.85131045074674,161.689799215544,106.5256591418096
W4,47,4,safety_cap,0,6000,0.0,1,0.9866768545038771,163.821,0.07057297864253272,0.07960004359483719,0.01562809757888317,0.07960004359483719,7154.894,6991.073,0.890245974025974,67.82683351854885,6078.232247940853,6782.24921929984,416.0,0.8700564828759962,0.020896852016448975,0,607,22,0,22,0.036243822075782535,503,0.828665568369028,66,16,151.0,0.09510571511779962,0.020575755516080495,75.473,50.0501796875,122.34353637695312,155.602578125,311.717226181089,243.84756664116006,166.41265180671735,234.2823113466463,1,1,86.40329896098201,33.175887859606554,192.13803936050047,129.2771266005048
W4,48,4,safety_cap,0,6000,0.0,2,0.590749784781867,187.651,0.3952740250805015,0.20872510969638824,0.21206480264663696,0.21206480264663696,3014.274,3201.925,0.35250311688311686,-136.21826509031027,1055.3316548193395,1171.844549123943,442.0,0.9244350130557459,0.012205639854073524,0,2214,27,0,27,0.012195121951219513,91,0.04110207768744354,190,1906,27.0,0.7544364955408391,0.30491259947805177,312.481,189.079546875,1879.565185546875,nan,1399.5269099689738,1346.9175386073302,-921.3970319811674,-868.7876606195239,0,0,53.73539233764857,64.18818698889183,1281.6033306424333,76.53857238836764
W4,49,4,safety_cap,0,6000,0.0,1,0.8220944818291342,132.883,0.22168759970151283,0.12062821537256241,0.19195124506950378,0.19195124506950378,5530.434,5663.317,0.6792771428571429,142.7499656747386,4094.7852562056632,3353.3148682889046,455.0,0.9516242781456208,0.007831146009266376,0,3173,10,0,10,0.003151591553734636,137,0.043176804286164515,92,2934,10.0,0.7625891800888956,0.12822892125920507,39.954,194.901125,717.7833251953125,nan,740.2414595590604,675.3909263661783,-262.1115815712541,-197.26104837837192,0,0,68.50857007670253,32.03964844218937,639.6932410401686,108.58137286265476
W4,50,4,safety_cap,0,6000,0.0,1,0.9828691307633006,318.418,0.05932794499040857,0.018377704545855522,0.0646790862083435,0.0646790862083435,5230.88,5549.298,0.6403740259740259,-25.329801073276318,5017.66407718353,4778.304018028855,319.0,0.6671827356669298,0.05265231058001518,0,922,11,0,11,0.01193058568329718,252,0.27331887201735355,19,640,20.0,0.08742581439646158,0.010565889706855295,30.059,22.71858984375,72.1631088256836,334.81496875,345.84101033891704,275.5916644513627,132.28886764888932,202.53821353644366,1,1,94.33564228150496,78.81248919754339,172.69287885986867,105.77938533841761
W4,51,4,safety_cap,0,6000,0.0,1,0.757081272853515,245.1,0.11585381206746637,0.05521602928638458,0.09823142737150192,0.09823142737150192,5037.515,5282.615,0.6152616883116883,-151.39571595669022,4407.582101645842,4137.863764512054,442.0660171508789,0.9245730867338786,0.012183474376797676,0,4428,5,0,5,0.001129177958446251,142,0.032068654019873535,63,4218,5.0,0.04179521486188401,0.017437309598689773,21.422,78.14115625,65.83429718017578,nan,475.58006405293315,410.69882206719603,2.549813934873214,67.43105592061033,1,1,72.51571781617693,62.487977623757835,340.57636861299835,102.69135037704243
W4,52,4,safety_cap,0,6000,0.0,1,0.2284614234025963,53.757,0.2574924262252929,0.18264955282211304,0.17507465183734894,0.18264955282211304,4987.464,4933.707,0.6087615584415584,130.08502898373013,2912.8456296539307,2954.5393578517587,455.0,0.9516242781456208,0.007831146009266376,0,3805,0,0,0,0.0,149,0.03915900131406045,109,3547,0.0,0.2284614234025963,0.1368364801548141,16.542,935.62425,554.1947631835938,1416.59575,797.2971165547682,777.9069129011149,-319.1672385669618,-299.7770349133085,0,0,19.642811872654896,14.068209033606763,763.5860956485066,100.03817365854124
W4,53,4,safety_cap,0,6000,0.0,1,0.8200546031448277,306.984,0.06343998669293587,0.04471821337938309,0.018749255686998367,0.04471821337938309,6530.167,6837.151,0.8091125974025974,-8.86420234859534,5953.249861250944,6589.507999748517,339.71067810058594,0.7104987446721527,0.04595976695418358,0,470,12,0,12,0.02553191489361702,352,0.7489361702127659,40,66,12.0,0.09452586273975595,0.008511839013445955,61.885,146.3605625,46.849327087402344,146.3605625,316.8360617532533,256.24990954816735,161.29381623455305,221.87996843963901,1,1,76.58897989773344,64.97239117718799,175.2746906783319,123.7023735111477
W4,54,1,success,1,5106,6.375021457672119,2,0.8683720550245855,50.668,0.04882300237725956,0.08890091627836227,0.046111274510622025,0.08890091627836227,4395.584,4446.252,0.531894025974026,64.8995731851525,3438.424817212045,3947.454723577425,338.71067810058594,0.7084072627421623,0.04628399387001991,0,739,3,2,5,0.006765899864682003,264,0.3572395128552097,23,447,80.0,0.15933665399004085,0.006921446433772247,5.524,29.6972109375,47.913330078125,29.6972109375,253.32054496161294,188.15161988001418,224.80933302619343,289.97825810779216,1,1,90.69472260740118,14.266767914303617,148.35905443990816,92.97746254085891
W4,55,4,safety_cap,0,6000,0.0,1,0.9244238423657362,520.7475,0.07510039456246043,0.07475286722183228,0.000428962055593729,0.07475286722183228,2182.538,1661.7905,0.24448545454545453,-61.95654365491611,1543.1365096091033,1658.3447376749664,200.0,0.4182963859980751,0.09020669758319855,0,32,0,0,0,0.0,32,1.0,0,0,0.0,0.9244238423657362,0.03881111541538216,139.9495,1108.33775,680.0244750976562,nan,585.8783388132337,499.51147452740145,-107.74846082542729,-21.38159653959508,0,0,107.80622991981404,217.74405158739148,260.3280573060281,62.633998094452174
W4,56,4,safety_cap,0,6000,0.0,1,0.3996793515364329,507.185,0.052285707803432245,0.06635988503694534,0.01411883533000946,0.06635988503694534,3114.792,3621.977,0.3655574025974026,59.88746977135482,2485.315933395624,3480.887803280428,425.0,0.8888798202459096,0.017897043377161026,0,2449,9,0,9,0.0036749693752552064,64,0.026133115557370357,116,2260,9.0,0.3219481702436914,0.008958550345291926,34.951,35.6500078125,101.96536254882812,nan,377.3869513597872,339.43341471860606,100.74292662801918,138.6964632692003,1,1,43.52412150007504,166.61668031868018,167.24614954103194,79.71260496932673
W4,57,4,safety_cap,0,6000,0.0,2,0.4623839565725879,119.613,0.4149657095311025,0.1817290484905243,0.23393748700618744,0.23393748700618744,2467.747,2587.36,0.2815255844155844,-32.94342207237612,861.4899178415238,491.66377390325067,448.0,0.9369839046356883,0.010189044289290905,0,1187,30,0,30,0.02527379949452401,60,0.05054759898904802,251,846,30.0,0.3855727964249616,0.33893021526320366,305.022,212.30071875,2996.66796875,nan,1476.1601746420276,1434.2794003784982,-998.0302966542213,-956.1495223906918,0,0,42.53196418714206,44.98269881482135,1388.6455116400643,69.61596670344346
W4,58,4,safety_cap,0,6000,0.0,2,0.16605948112403748,490.147,0.5105117100603558,0.2517177164554596,0.26474708318710327,0.26474708318710327,7735.986,7245.839,0.9657124675324675,-178.4299953356255,4185.0076980108615,3640.820592521608,430.0,0.8993372298958614,0.0162265133112669,0,3770,30,0,30,0.007957559681697613,344,0.09124668435013263,396,3000,30.0,0.13893561265094,0.5052781016690138,109.191,491.97228125,3050.66259765625,nan,1475.5063016920576,1463.6458141807439,-997.3764237042512,-985.5159361929375,0,0,11.91232233554001,94.81595517003652,1368.7780241864812,135.3519335364123
W4,59,4,safety_cap,0,6000,0.0,1,0.7696102943905515,212.185,0.14239874910914735,0.1250636726617813,0.20194515585899353,0.20194515585899353,7012.851,6800.666,0.8717988311688312,-89.39862514562729,5339.017439581946,4140.711856707394,442.71067810058594,0.9259213834611614,0.01196699682623148,0,1755,42,2,44,0.02507122507122507,172,0.098005698005698,90,1449,92.0,0.5068708462667321,0.06188287843758277,40.699,100.1452734375,363.5758972167969,766.2938125,494.26136043640395,438.53052756173554,-16.13148244859758,39.59935042607083,0,1,60.375204809324,43.78010726544086,390.10604836163907,126.88692782080611
W4,60,4,safety_cap,0,6000,0.0,1,0.8296960554885353,421.193,0.16860554420900845,0.10137869417667389,0.10165626555681229,0.10165626555681229,2673.246,2252.053,0.30821376623376623,-12.723661900516396,1756.3521507073938,1375.4656343215331,446.35533905029297,0.9335441259784152,0.010742222890257835,0,4517,0,0,0,0.0,16,0.0035421740092982067,0,4501,0.0,0.6458504682810936,0.08071837048546676,122.654,964.036125,1329.40234375,nan,814.3083753645901,733.241983712449,-336.17849737678375,-255.11210572464267,0,0,87.8382474498324,160.177820957474,566.2923069572837,68.85571296665748
W4,61,4,safety_cap,0,6000,0.0,1,0.9162602722036904,140.51,0.2595100714973377,0.09786972403526306,0.16166812181472778,0.16166812181472778,2422.291,2281.781,0.2756222077922078,33.55890509391824,1561.6940364682375,882.9021472558379,435.0,0.9097946395458133,0.014553142711520195,0,2738,0,0,0,0.0,102,0.03725346968590212,70,2566,0.0,0.8510250820800457,0.15634563586388453,106.876,299.49078125,1284.958740234375,nan,1035.8717773332523,937.745442313959,-557.741899345446,-459.6155643261526,0,0,104.3065977640741,54.44464786704621,877.1205317021321,67.56647028007848
W4,62,4,safety_cap,0,6000,0.0,1,0.9752116349300702,413.745,0.1608846827804059,0.06932231038808823,0.10409049689769745,0.10409049689769745,918.8795,1332.6245,0.08037396103896104,-175.04516909228755,413.5282106092386,530.750397881724,433.0,0.9056116756858326,0.015222832560539246,0,3234,72,0,72,0.022263450834879406,53,0.016388373531230675,43,3066,72.0,0.48165186686034095,0.06558377942282174,96.044,234.911890625,1093.1605224609375,nan,902.6693538012905,798.973648622777,-424.53947581348416,-320.8437706349706,0,0,114.82995322588275,201.2732210405282,586.5661795348796,53.831868044872046
W4,63,4,safety_cap,0,6000,0.0,2,0.9613794346437364,377.785,0.449700970019384,0.27244579792022705,0.20870175957679749,0.27244579792022705,4738.857,5116.642,0.5764749350649351,-111.3558576882977,1712.02314485538,2719.150901211679,459.0,0.9599902058655824,0.00648125447332859,0,1917,65,0,65,0.03390714658320292,50,0.02608242044861763,329,1473,65.0,0.6720043831909834,0.3970389264885467,504.967,962.5384375,2837.49609375,nan,1535.3191655215564,1438.5951098955338,-1057.18928753375,-960.4652319077275,0,0,100.50014547559311,99.30784474777312,1335.5111752981902,99.60366173749443
W4,64,4,safety_cap,0,6000,0.0,1,0.7772852392226771,537.325,0.15685495316652304,0.10284757614135742,0.0552067868411541,0.10284757614135742,1034.3785,1571.7035,0.09537383116883116,-111.42852628296247,272.7532708656788,1133.2123609330115,456.0,0.9537157600756112,0.00749384518712759,0,2407,0,0,0,0.0,57,0.023680930619027835,0,2350,0.0,0.617231655493623,0.04092458494771789,204.5625,107.6515859375,184.0636444091797,nan,908.8315900267862,824.9649131771147,-430.70171203897985,-346.8350351893083,0,0,91.17261569350893,252.42914648076078,565.2298278525166,55.752700371267096
W4,65,4,safety_cap,0,6000,0.0,2,0.9812547515199448,101.302,0.1435512334472171,0.10269191116094589,0.0943429172039032,0.10269191116094589,2890.605,2991.907,0.3364422077922078,-17.150297711140915,1939.5130821322277,2108.5830401111543,449.0,0.9390753865656786,0.009852545335888863,0,3942,42,0,42,0.0106544901065449,51,0.01293759512937595,14,3835,42.0,0.3917723136746589,0.03618867558905159,143.077,139.639765625,164.0614471435547,nan,606.6708969030009,516.0187405705065,-128.5410189151945,-37.888862582700085,0,0,101.49539179407543,35.58601605651387,469.5894890524116,74.52673481290292
W4,66,4,safety_cap,0,6000,0.0,1,0.2494161769719309,273.0615,0.06144759603693307,0.06552395969629288,0.013437898829579353,0.06552395969629288,1302.9985,1029.937,0.13025954545454546,172.38314654570047,800.167731576588,930.4839573499095,363.0,0.7592079405865063,0.03837745264172554,0,1377,2,0,2,0.0014524328249818446,106,0.07697893972403776,49,1220,26.0,0.21021130468266763,0.012122627756937522,2.091,7.56247119140625,110.42228698730469,41.4255625,385.16550775871235,357.1690526035312,92.96437022909402,120.96082538427515,1,1,30.001799278897852,131.73907419411827,223.42463428569621,54.27101386050992
W4,67,4,safety_cap,0,6000,0.0,1,0.5816248121332889,299.78,0.07867784987680758,0.05353488028049469,0.046896111220121384,0.05353488028049469,5121.376,5421.156,0.6261527272727273,49.43757622024487,4506.133026701569,4868.149740698978,371.71067810058594,0.7774261664318447,0.035526055842638016,0,3160,22,0,22,0.006962025316455696,129,0.040822784810126585,51,2958,22.0,0.011924901643613978,0.01125585754586277,4.249,10.9817255859375,70.59950256347656,66.76396875,361.8404373838663,312.31028209688645,116.28944060394008,165.8195958909199,1,1,56.320086602492076,75.33768453690632,230.18266624446784,104.18039771397777
W4,68,4,safety_cap,0,6000,0.0,1,0.6635998354172826,235.42,0.4030132032278589,0.18009908497333527,0.22542467713356018,0.22542467713356018,5560.71,5796.13,0.6832090909090909,108.86481982360621,3411.8199468328057,3053.358648107946,452.0,0.9453498323556497,0.00884236115962267,0,3654,31,0,31,0.008483853311439518,113,0.030925013683634373,336,3174,31.0,0.5533861954226643,0.34736813353983853,228.013,140.58365625,2051.245361328125,4244.808,1270.4993329198755,1216.4865142282151,-792.3694549320692,-738.3566362404088,0,0,55.33294411947369,56.18864724895289,1158.9777415514488,109.6930086300684
W4,69,4,safety_cap,0,6000,0.0,1,0.569618406789464,578.476,0.30022527298703694,0.14213483035564423,0.1596813201904297,0.1596813201904297,7345.306,7923.782,0.9149748051948052,-119.71323552471023,5395.741173583895,5641.1723384056095,466.0,0.974630579375515,0.004114523064345121,0,5173,6,0,6,0.0011598685482312006,92,0.017784651072878407,60,5015,6.0,0.5010850890703494,0.14994796314526057,213.735,300.779875,886.9583129882812,nan,957.2175506493054,912.3445072759124,-479.087672661499,-434.21462928810604,0,0,46.2048722274381,110.19039447049289,800.8222839513744,137.46106609979722
W4,70,4,safety_cap,0,6000,0.0,1,0.493857788433124,429.684,0.3594589727785675,0.21973082423210144,0.21349690854549408,0.21973082423210144,7431.97,7002.286,0.9262298701298701,142.11195124730057,4399.03202504903,4147.130781905264,434.0,0.907703157615823,0.014888044446706772,0,2446,32,0,32,0.013082583810302535,190,0.0776778413736713,73,2151,32.0,0.4457596496587471,0.2424884442706484,54.329,103.7414921875,1378.596923828125,nan,1096.5910951054964,1059.8031919452885,-618.46121711769,-581.6733139574822,0,0,37.51034447790189,85.6425024646107,973.4382481629837,131.36182648448516
W4,71,4,safety_cap,0,6000,0.0,3,0.6791237881836637,238.976,0.16755321407747584,0.1947900354862213,0.13025705516338348,0.1947900354862213,6653.657,6414.681,0.8251502597402598,-120.42713803107851,4116.583600774139,4749.255844681576,442.0,0.9244350130557459,0.012205639854073524,0,2040,56,0,56,0.027450980392156862,198,0.09705882352941177,23,1763,56.0,0.08639355536739714,0.03724227836641122,33.411,25.191216796875,221.66587829589844,491.252,578.2889622052164,521.0649510825267,-100.15908421741005,-42.93507309472034,0,0,61.23332452748055,51.45903025753479,465.59660742020105,121.583678505527
W4,72,4,safety_cap,0,6000,0.0,1,0.8904767883345681,285.561,0.6318806261430797,0.34101447463035583,0.29413697123527527,0.34101447463035583,5592.582,5307.021,0.6873483116883117,-34.88823929619854,1512.8273695728183,1872.0832730380594,449.0,0.9390753865656786,0.009852545335888863,0,1047,34,0,34,0.03247373447946514,48,0.045845272206303724,248,717,34.0,0.8774444672330666,0.5997871192653971,1144.236,231.64115625,3680.202392578125,nan,1967.8010818738537,1905.864467092835,-1489.6712038860474,-1427.7345891050286,0,0,63.018619766193964,70.14410237511993,1834.6383597325398,106.58598947174261
W4,73,4,safety_cap,0,6000,0.0,3,0.6467228115041515,369.504,0.20225767374668024,0.1278410404920578,0.1045309528708458,0.1278410404920578,7921.355,7551.851,0.9897863636363636,81.06036858838976,6094.205465718135,6096.482118291192,452.0,0.9453498323556497,0.00884236115962267,0,5261,0,0,0,0.0,90,0.017107013875689032,168,5003,0.0,0.6467228115041515,0.07399257396436221,69.432,205.77796875,353.87164306640625,1382.146625,662.8288526189953,610.0380690444191,-184.6989746311889,-131.90819105661274,0,0,55.66528083603937,69.6155286034296,537.5480431795263,138.9663270583026
W4,74,4,safety_cap,0,6000,0.0,2,0.4574212371711918,129.627,0.456572783822908,0.27621135115623474,0.28686660528182983,0.28686660528182983,7195.73,7066.103,0.8955493506493506,-93.17758054166048,3448.4451759281756,3211.4468775677083,442.0,0.9244350130557459,0.012205639854073524,0,3636,0,0,0,0.0,60,0.0165016501650165,204,3372,0.0,0.4574212371711918,0.3344945691322175,92.872,233.33521875,1984.443603515625,nan,1298.8364839895778,1266.8747856064006,-820.7066060017714,-788.7449076185942,0,0,32.38438262182517,26.082246100119267,1240.3698552676335,130.11365035396167
W4,75,1,success,1,5831,6.483375549316406,1,0.7914432075159087,534.601,0.041263632632048124,0.0469394326210022,0.008984433487057686,0.0469394326210022,2926.964,3461.565,0.3411641558441558,134.19372760622116,2490.522845309496,3373.2249737503284,328.0,0.6860060730368431,0.049749795347452164,0,995,5,0,5,0.005025125628140704,268,0.2693467336683417,18,704,23.0,0.17796740901385225,0.006512348754915608,14.209,15.50127734375,60.851749420166016,29.631876953125,400.0995293686868,339.239303596858,78.0303486191196,138.89057439094836,1,1,86.46643866462477,180.44731065161506,133.18578005244694,77.58454365505473
W4,76,4,safety_cap,0,6000,0.0,2,0.9539869288059615,489.261,0.63566633286345,0.36401185393333435,0.2976222336292267,0.36401185393333435,6807.498,6318.237,0.8451296103896104,21.00233945898043,2010.368510963261,2541.6379410093723,445.0,0.9307094588457171,0.01119785662740469,0,1485,28,0,28,0.018855218855218854,56,0.03771043771043771,133,1268,28.0,1.196905594845227,0.5534362360233708,740.42,218.25990625,3107.022216796875,nan,1946.3567019395039,1871.116993383027,-1468.2268239516975,-1392.9871153952206,0,0,76.91536968584911,105.01350432359652,1764.4278279300584,121.98947036351304
W4,77,4,safety_cap,0,6000,0.0,1,0.2593055438381689,500.527,0.212613570167167,0.295085608959198,0.23872904479503632,0.295085608959198,4425.993,4926.52,0.5358432467532468,-164.7092566033483,1239.955745666802,2229.473841847181,467.0,0.9767220613055053,0.0037759586703032255,0,1244,0,0,0,0.0,43,0.03456591639871383,8,1193,0.0,0.27677578035288636,0.10352933763967265,392.418,81.35946875,620.4340209960938,nan,802.4290147569037,775.2678984944287,-324.29913676909734,-297.1380205066223,0,0,27.764424988752634,136.10320321988536,638.5613865482658,96.29669702613377
W4,78,1,success,1,5619,5.594879150390625,1,0.28945615994914725,190.6105,0.03636806845915804,0.020222926512360573,0.04724125936627388,0.04724125936627388,1037.911,1228.5215,0.0958325974025974,44.77035188943851,888.0811373103801,869.5105337589252,417.0,0.8721479648059866,0.020563993602991104,0,732,1,0,1,0.001366120218579235,112,0.15300546448087432,29,590,25.0,0.09527452217591943,0.005260652370041714,7.277,11.608244140625,55.48794174194336,29.539251953125,260.3845753054959,229.71239101815476,217.74530268231047,248.4174869696516,1,1,35.29040969700792,92.56652760212921,132.52763800635876,53.91228577562634
W4,79,4,safety_cap,0,6000,0.0,1,0.7829172638018816,491.163,0.3736411619595087,0.20682863891124725,0.19336530566215515,0.20682863891124725,2892.128,3383.291,0.33664,-82.93628016142087,976.247843699336,1497.149539267391,454.0,0.9495327962156305,0.008168332278728485,0,2233,5,0,5,0.0022391401701746527,76,0.03403493058665472,107,2045,5.0,0.7460483295489759,0.2417015053530205,339.331,689.563125,1128.5279541015625,nan,1453.699702574304,1379.274379141891,-975.5698245864976,-901.1445011540845,0,0,76.86514642978989,167.2595161188972,1209.575040025617,76.89747927063574
W4,80,1,success,1,5392,6.775102615356445,1,0.25998744217725944,146.8,0.029034212905778466,0.11595386266708374,0.13281430304050446,0.13281430304050446,4685.971,4539.171,0.5696066233766234,156.18178596272242,3403.8725031520726,3090.1442425822765,299.35533905029297,0.6260962822698299,0.05895698815584183,0,408,1,1,2,0.004901960784313725,195,0.47794117647058826,71,140,26.0,0.002056727998929362,0.007320632223095337,19.06,5.93484912109375,57.323951721191406,29.75730078125,152.27187412159506,131.09512624353874,325.85800386621133,347.0347517442676,1,1,24.559945399858904,40.2584340973325,87.45349462440366,95.46519787097321
W4,81,1,success,1,3979,6.6831374168396,1,0.5015812916413803,566.535,0.045732849712748457,0.022019973024725914,0.05221831053495407,0.05221831053495407,7438.331,6871.796,0.9270559740259741,-21.382228701196738,7134.249903890489,6180.279566120952,308.35533905029297,0.6449196196397433,0.056073788553476334,0,307,54,1,55,0.1791530944625407,188,0.6123778501628665,39,25,88.0,0.012053799786351483,0.009561537701598117,10.411,29.42562890625,49.94773483276367,29.42562890625,283.6471245584588,246.01990876580652,194.48275342934755,232.10996922199985,1,1,45.81068319138488,113.70510089702117,124.13134047005273,130.4628517391619
W4,82,4,safety_cap,0,6000,0.0,1,0.9284114989022603,198.07,0.23422459539468068,0.13739512860774994,0.18953275680541992,0.18953275680541992,2234.582,2432.652,0.25124441558441557,60.797665960337326,1052.216954365462,764.0715664844513,453.0,0.94744131428564,0.008505403995513916,0,3183,6,0,6,0.001885014137606032,84,0.02639019792648445,87,3006,6.0,0.7326169226287045,0.16510984170125698,134.112,219.910796875,1481.021728515625,nan,959.5631055259341,874.591050555831,-481.43322753812777,-396.4611725680246,0,0,90.07453942441568,76.99352007753328,792.4950460239852,67.35257979006433
W4,83,4,safety_cap,0,6000,0.0,1,0.34964517429747477,434.988,0.3219446358384904,0.27246591448783875,0.2616843283176422,0.27246591448783875,7145.348,7580.336,0.8890062337662338,-118.73646570393113,3462.6038816441296,3929.4900097062587,435.0,0.9097946395458133,0.014553142711520195,0,2759,8,0,8,0.002899601304820587,23,0.008336353751359188,100,2628,8.0,0.2657833912965442,0.19059976541044032,28.525,83.2506171875,1301.0281982421875,3158.26925,983.3503281259289,953.0805147659067,-505.2204501381225,-474.9506367781004,0,0,30.81720138454376,85.32355602074338,867.2095707206418,133.48049379711398
W4,84,4,safety_cap,0,6000,0.0,1,0.4285352199128707,428.3165,0.33623339525548773,0.17028751969337463,0.16950353980064392,0.17028751969337463,2419.432,1991.1155,0.2752509090909091,60.711865786515105,922.5311376867294,573.7073225281686,441.0,0.9223435311257556,0.012541339732706547,0,3735,14,0,14,0.003748326639892905,69,0.018473895582329317,225,3427,14.0,0.27630286979414237,0.2678472646292571,23.296,105.839734375,1947.2415771484375,2158.14575,1359.0781363560354,1317.192782680776,-880.9482583682291,-839.0629046929696,0,0,42.679741659772084,170.27752468353384,1146.1208700127295,65.86848687283437
W4,85,4,safety_cap,0,6000,0.0,1,0.6797875971936245,329.326,0.11941077488807095,0.3077171742916107,0.2952541410923004,0.3077171742916107,3299.355,3628.681,0.38952662337662336,123.47797337836657,323.62068500325086,676.2337751480043,418.0,0.874239446735977,0.02023102156817913,0,2783,34,0,34,0.01221703197987783,152,0.054617319439453825,164,2433,34.0,0.46705671309937574,0.03896408169388802,34.701,149.498296875,532.1615600585938,670.9190625,552.767947795738,492.3950767453816,-74.63806980793163,-14.265198757575206,0,0,66.07290955787373,106.59769918119068,380.0973390566736,80.88956000467667
W4,86,4,safety_cap,0,6000,0.0,2,0.20191836113278788,512.593,0.3899057133726955,0.23967750370502472,0.24014127254486084,0.24014127254486084,2840.825,3353.418,0.32997727272727273,164.83276333607617,632.9577794324607,1018.1838867218495,447.0,0.9348924227056978,0.010525429621338844,0,2074,30,0,30,0.01446480231436837,45,0.021697203471552556,202,1797,30.0,0.44421037065591773,0.30706896947458373,371.276,207.10725,2085.5048828125,nan,1463.6171211328992,1440.8245827078142,-985.4872431450929,-962.6947047200078,0,0,23.001653646860376,175.68521319187533,1264.9302542941634,76.40564882462014
W4,87,4,safety_cap,0,6000,0.0,3,0.518487930827866,274.776,0.05115962327388171,0.04980001598596573,0.0099466722458601,0.04980001598596573,6802.54,6527.764,0.8444857142857143,-64.70049255218402,6146.497497408241,6399.464222115301,362.71067810058594,0.7586028290619313,0.0384720154106617,0,1020,35,0,35,0.03431372549019608,389,0.3813725490196078,101,495,35.0,0.037868252960470056,0.007272909153406883,6.444,163.113140625,122.6902847290039,nan,249.53976749920596,208.2407321671144,228.5901104886004,269.88914582069197,1,1,49.81454851023911,58.27894157766195,141.4462774113049,123.43941586656975
W4,88,4,safety_cap,0,6000,0.0,1,0.7379152817947832,306.123,0.02270656407393033,0.022652508690953255,5.5104028433561325e-05,0.022652508690953255,7029.767,6723.644,0.8739957142857143,-102.83860722685714,6726.20600906706,6722.922432364697,415.0660171508789,0.8681030746241385,0.02120763435959816,0,1227,5,3,8,0.006519967400162999,361,0.29421352893235536,55,803,89.0,0.12943476615459937,0.017566486766919742,31.854,34.03076953125,94.73918914794922,154.7908125,194.33146765487257,156.086929686874,283.7984103329338,322.0429483009324,1,1,68.67654072707595,63.379031313620715,62.2758956141759,126.45637613047259
W4,89,4,safety_cap,0,6000,0.0,1,0.9705213226826815,135.3645,0.20332998170845512,0.14147061109542847,0.11833976209163666,0.14147061109542847,1744.279,1879.6435,0.1875687012987013,-104.6923314275965,596.2055206601024,903.2643111070917,446.0,0.9328009407757074,0.010861700400710106,0,4095,32,0,32,0.007814407814407814,59,0.014407814407814409,137,3867,32.0,0.7473616468603224,0.11534238707822576,138.5485,127.2563359375,881.7885131835938,nan,872.4957725901653,775.0399764041842,-394.36589460235894,-296.9100984163779,0,0,105.21406270361665,57.72834083077388,709.5533690557749,61.38969509208023
W4,90,4,safety_cap,0,6000,0.0,1,0.7279720738279785,504.707,0.10848443524011045,0.14971746504306793,0.10278746485710144,0.14971746504306793,2636.49,3141.197,0.30344025974025973,39.240787357299375,1287.911430799216,2163.4623851486745,429.35533905029297,0.8979889331685788,0.016442058607935905,0,3689,16,0,16,0.00433721875847113,223,0.06044998644619138,29,3421,25.0,0.30210756460228855,0.01159727910507736,14.979,538.597625,414.8640441894531,nan,607.465491246917,542.089043579138,-129.3356132591107,-63.95916559133161,0,0,72.73275844513137,178.85197944205547,355.8807533597302,73.89842878280506
W4,91,4,safety_cap,0,6000,0.0,1,0.9952204606602111,547.721,0.05242268154347255,0.053550835698843,0.0050261798314750195,0.053550835698843,7586.586,7038.865,0.9463098701298701,-172.73771496891965,6839.145605361528,6971.464606994196,414.35533905029297,0.8666167042187232,0.021444046869874,0,1273,26,0,26,0.0204241948153967,91,0.07148468185388845,95,1061,35.0,0.15301815537861047,0.013585415613751001,6.196,36.212640625,66.62939453125,83.340390625,341.77149909858815,276.93234546328995,136.35837888921822,201.19753252451642,1,1,92.27109695149377,108.03314025707138,141.46726189002302,132.75053032322705
W4,92,4,safety_cap,0,6000,0.0,1,0.5608426809230556,552.477,0.2177483197241899,0.1272760033607483,0.11852577328681946,0.1272760033607483,6757.741,7310.218,0.8386676623376623,105.90276123907016,5086.767316361606,5688.641057044447,453.0,0.94744131428564,0.008505403995513916,0,5633,4,0,4,0.0007101011894194922,67,0.011894194922776496,144,5418,4.0,0.5433569697609998,0.07782205555758624,125.996,439.64015625,592.3729858398438,nan,753.0279612792629,707.9334052524654,-274.8980832914565,-229.803527264659,0,0,46.947938584833764,112.38880095589883,593.6912217385302,128.71494210574232
W4,93,1,success,1,4169,6.006619453430176,1,0.8841396534452657,246.353,0.08092861587323263,0.044617749750614166,0.03760938718914986,0.044617749750614166,6961.526,6715.173,0.8651332467532468,136.35647220706568,6366.658691388443,6223.010052818801,375.4213562011719,0.7851869826272312,0.034308817237615585,0,1098,2,5,7,0.006375227686703097,101,0.09198542805100182,65,925,151.0,0.11793790359502831,0.007291450053363802,22.003,29.54946875,39.58903503417969,29.54946875,354.9185333746519,287.94592546670265,123.2113446131545,190.18395252110372,1,1,81.41278235730522,51.225801576831685,222.27994944051497,125.90758129253045
W4,94,4,safety_cap,0,6000,0.0,1,0.8371681757188234,533.002,0.15541064540073526,0.04610375687479973,0.1095176488161087,0.1095176488161087,3474.495,2941.493,0.41227207792207793,-148.7171275710271,3020.5806922079437,1921.6106620235294,447.0,0.9348924227056978,0.010525429621338844,0,5195,10,0,10,0.0019249278152069298,34,0.006544754571703561,9,5142,34.0,0.563724006896596,0.0432400793618603,66.079,199.4246875,738.590576171875,nan,766.9198308618886,688.1248113878985,-288.78995287408225,-209.99493340009212,0,0,86.14321649067311,179.52047417532444,501.2561401958911,77.75164501434499
W4,95,4,safety_cap,0,6000,0.0,1,0.736728696509052,444.344,0.4404161433399007,0.2322702705860138,0.27483707666397095,0.27483707666397095,7334.26,7778.604,0.9135402597402598,-111.9035088489943,4150.935551348329,3889.76820068717,440.0,0.9202520491957652,0.012876925058662891,0,3588,0,0,0,0.0,47,0.013099219620958752,149,3392,0.0,0.736728696509052,0.31570656694092786,13.994,714.978375,2130.843017578125,nan,1326.4405987284104,1265.0909586259536,-848.310720740604,-786.9610806381472,0,0,63.03485137005853,85.34794933532135,1178.0577980230305,136.3126951014914
W4,96,4,safety_cap,0,6000,0.0,1,0.8715755204670272,153.114,0.02024809307304621,0.024329232051968575,0.004430181812494993,0.024329232051968575,4412.457,4259.343,0.5340853246753247,153.91338872285846,4150.103772324575,4212.248647780817,304.0660171508789,0.6359485803952069,0.05744899809360504,0,762,4,0,4,0.005249343832020997,126,0.16535433070866143,21,611,4.0,0.14721513594631774,0.0022340719033142856,17.576,195.87959375,158.31484985351562,nan,196.1915672988294,153.44101154838563,281.93831068897697,324.68886643942074,1,1,90.79152036230482,43.628120240080136,61.77192669644444,91.8809240309769
W4,97,4,safety_cap,0,6000,0.0,1,0.5098380832134266,175.532,0.2571748687766918,0.24155345559120178,0.28937608003616333,0.28937608003616333,5842.445,6017.977,0.7197980519480519,79.97554496946665,2892.2451555769144,2432.9034000818133,451.0,0.9432583504256593,0.009179203771054745,0,5403,4,0,4,0.0007403294466037387,57,0.010549694614103275,107,5235,4.0,0.5501178965439604,0.1155284289764087,135.015,687.8855,498.6294250488281,nan,811.528448299517,773.6201352515751,-333.3985703117106,-295.49025726376874,0,0,38.94355207304459,40.61455339837995,731.9703428280925,113.14921266837504
W4,98,4,safety_cap,0,6000,0.0,3,0.9690124912063433,592.794,0.07897943590817418,0.33270034193992615,0.27598077058792114,0.33270034193992615,4559.353,3966.559,0.5531627272727273,-13.093640409967485,922.8208193759024,1113.5915011819004,417.0,0.8721479648059866,0.020563993602991104,0,2053,5,0,5,0.0024354603019970775,410,0.19970774476376035,68,1570,23.0,0.1389136546599755,0.014726997044075416,44.633,47.45165234375,36.29452896118164,47.45165234375,514.6678378745486,433.1819706485827,-36.537959886742215,44.94790733922366,0,1,102.19869580813416,170.69742756403974,241.77171450237464,90.94357512508894
W4,99,4,safety_cap,0,6000,0.0,2,0.9220823681408914,58.416,0.4028949244116773,0.2106248438358307,0.19927436113357544,0.2106248438358307,3312.502,3370.918,0.39123402597402596,-76.33120633370636,1272.9159034660458,1429.603514334321,446.0,0.9328009407757074,0.010861700400710106,0,1623,45,0,45,0.027726432532347505,41,0.025261860751694395,209,1328,45.0,0.6051867236140113,0.31896870783842335,111.023,223.357640625,2190.399169921875,nan,1400.7865642977836,1312.9774782985169,-922.6566863099772,-834.8476003107105,0,0,91.01455985213363,19.264668836570735,1290.507335609079,79.38535061444854
W4,100,4,safety_cap,0,6000,0.0,2,0.46770440713176337,410.434,0.5557832189143888,0.3111409842967987,0.2934822142124176,0.3111409842967987,4642.66,5053.094,0.5639818181818181,125.0761495597665,1215.85898688972,1700.3255975092054,447.0,0.9348924227056978,0.010525429621338844,0,4421,18,0,18,0.00407147704139335,160,0.036190907034607554,389,3854,18.0,0.5100479514478459,0.5363584095135545,115.814,646.9113125,2884.11572265625,nan,1817.1650858949572,1766.27021802375,-1339.0352079071508,-1288.1403400359436,0,0,51.70154871169658,109.04672952230214,1656.4168076609583,98.54936138526878
W4,101,1,success,1,5687,6.180873870849609,1,0.15251931144536157,572.2485,0.063910166117871,0.1321687549352646,0.09487118571996689,0.1321687549352646,1535.1415,2107.39,0.160407987012987,-133.28886189448377,490.19662160297486,1303.03508770369,358.0,0.7487505309365544,0.04001036658883095,0,1402,10,0,10,0.007132667617689016,65,0.046362339514978604,45,1282,10.0,0.06192034724100675,0.00522271386045674,17.057,28.76256640625,45.0833740234375,28.76256640625,483.2431024985505,467.25049985340434,-5.113224510744146,10.879378134402032,0,1,16.610669959212185,243.73409847558491,222.8983340637534,61.494430298885796
W4,102,4,safety_cap,0,6000,0.0,2,0.8868005990963675,549.864,0.35987119633201015,0.25921228528022766,0.2396644502878189,0.25921228528022766,6209.102,6758.966,0.7674158441558442,-166.59673943961258,2948.1850115216375,3612.1799163122473,447.0,0.9348924227056978,0.010525429621338844,0,3342,71,0,71,0.021244763614602036,91,0.027229204069419508,183,2997,71.0,0.9037290095108325,0.2942579915407911,42.757,497.96653125,2002.8087158203125,nan,1190.9339178479602,1123.5032846007216,-712.8040398601538,-645.3734066129152,0,0,69.86335601714437,119.11291293442702,1001.9576488963888,120.87586053112862
W4,103,4,safety_cap,0,6000,0.0,1,0.9789472147975383,413.926,0.49573587390551027,0.31627875566482544,0.265273779630661,0.31627875566482544,6307.551,6721.477,0.7802014285714286,-145.56853998104154,2297.5946660869718,3248.3861414825024,433.0,0.9056116756858326,0.015222832560539246,0,4477,49,0,49,0.010944829126647309,136,0.030377484922939468,373,3919,49.0,0.6190310368139511,0.4917811916250665,144.799,203.81178125,2879.11279296875,nan,1561.110362477077,1471.0860353490568,-1082.9804844892706,-992.9561573612505,0,0,93.16903092941165,89.34103881264173,1378.6002927350235,121.30602033675412
W4,104,4,safety_cap,0,6000,0.0,1,0.3448803702994504,454.3,0.07384960078766578,0.15889239311218262,0.10435382276773453,0.15889239311218262,6106.274,6560.574,0.7540615584415584,-168.77422449858676,4123.730074623585,5211.114818696156,379.35533905029297,0.79341483666906,0.03301664814352989,0,839,60,0,60,0.07151370679380215,358,0.4266984505363528,62,359,84.0,0.04079086689393471,0.014444760259099921,8.003,87.06878125,49.242401123046875,87.06878125,336.2328314960634,309.0467930650313,141.89704649174297,169.08308492277507,1,1,29.243130894762036,100.1615948823814,206.82810571891994,118.75781644280423
W4,105,4,safety_cap,0,6000,0.0,1,0.08529369480782673,427.915,0.31629562238046743,0.2413434088230133,0.19575278460979462,0.2413434088230133,7989.909,7561.994,0.9986894805194805,-5.532534826867865,4523.998268142909,4834.571626548439,450.0,0.941166868495669,0.009515931829810143,0,4404,3,0,3,0.0006811989100817438,140,0.03178928247048138,157,4104,3.0,0.07075305582819601,0.18847811138325243,235.238,48.2021875,1618.9197998046875,nan,926.1283536355484,919.7713939445167,-447.998475647742,-441.64151595671035,0,0,6.381212919686801,80.28591503354642,839.4612256823151,139.5481332970365
W4,106,4,safety_cap,0,6000,0.0,1,0.7683266990742651,441.81,0.08332976898227903,0.0740019828081131,0.12290356308221817,0.12290356308221817,3524.804,3966.614,0.4188057142857143,49.0627494235391,2792.4948825195434,2696.084405631378,435.35533905029297,0.910537824748521,0.014434111304581165,0,5076,9,1,10,0.001970055161544523,90,0.01773049645390071,54,4922,106.0,0.19333505450190328,0.00717849766762566,101.041,174.76,105.33061981201172,nan,472.3715058482866,408.81630890777905,5.758372139519793,69.31356908002732,1,1,73.75671870784814,137.08603535843082,261.52875178200765,84.38954036055333
W4,107,4,safety_cap,0,6000,0.0,1,0.7511111005495421,297.834,0.3672250417378497,0.22438101470470428,0.2733514606952667,0.2733514606952667,2607.548,2905.382,0.2996815584415584,-67.92842486292075,592.9322891851068,369.66943033272025,456.0,0.9537157600756112,0.00749384518712759,0,1852,19,0,19,0.010259179265658747,101,0.05453563714902808,66,1666,19.0,0.6392721423367252,0.25059685179744096,432.483,307.85815625,1795.668701171875,nan,1410.3824960229117,1324.478446128031,-932.2526180351053,-846.3485681402246,0,0,89.17663380559061,107.82792781915391,1213.377934398167,72.31943072874017
W4,108,4,safety_cap,0,6000,0.0,1,0.9218978463115954,265.832,0.415239065750783,0.24757020175457,0.2108279913663864,0.24757020175457,5801.705,6067.537,0.7145071428571429,1.3970186042142776,2788.105967251137,3445.145228753522,438.0,0.9160690853357845,0.013547753915190697,0,3511,16,0,16,0.004557106237539163,165,0.046995158074622616,416,2914,16.0,0.8324181526770499,0.4013693599197764,18.186,920.68425,1925.8369140625,nan,1318.1669102144479,1245.497934324587,-840.0370322266415,-767.3680563367807,0,0,75.04991193402856,61.47660129406974,1181.6403969863495,113.21006432929997
W4,109,4,safety_cap,0,6000,0.0,1,0.9956762690656036,421.986,0.47639791952046917,0.25765225291252136,0.23264235258102417,0.25765225291252136,5959.366,6381.352,0.7349825974025974,-130.06684605302428,2782.4194208640456,3414.6148297786713,455.0,0.9516242781456208,0.007831146009266376,0,2300,4,0,4,0.0017391304347826088,52,0.022608695652173914,258,1986,4.0,0.9665898017633986,0.3691684596879542,679.951,917.05525,1919.773193359375,nan,1519.438321436719,1440.2172125016011,-1041.3084434489126,-962.0873345137948,0,0,81.7043723279481,94.85629068514733,1342.8776584236236,116.47873199283278
W4,110,4,safety_cap,0,6000,0.0,1,0.8504955823368109,420.45,0.4286004452428513,0.23678149282932281,0.224062979221344,0.23678149282932281,3234.929,2814.479,0.3811596103896104,173.45102086778127,960.422791367516,756.3532096849084,441.0,0.9223435311257556,0.012541339732706547,0,1241,41,0,41,0.033037872683319904,70,0.05640612409347301,370,760,41.0,0.6742311315821132,0.39560573388894005,329.217,198.333359375,2633.77978515625,nan,1624.1357005249981,1544.0122615122414,-1146.0058225371918,-1065.882383524435,0,0,82.56313748600034,145.76082286177763,1395.8117401772201,75.5307372900968
W4,111,4,safety_cap,0,6000,0.0,1,0.8064051637796447,222.794,0.34942900843314284,0.24550861120224,0.27380305528640747,0.27380305528640747,3916.432,4139.226,0.46966649350649353,93.52984209494711,1390.7788568425178,1261.4940094493627,448.0,0.9369839046356883,0.010189044289290905,0,1206,20,0,20,0.01658374792703151,46,0.03814262023217247,286,854,20.0,0.6160015277519331,0.2909949922547638,443.49,943.1824375,1372.744384765625,nan,1217.7033160820986,1150.2650934596602,-739.5734380942922,-672.1352154718538,0,0,69.68021151226002,66.3260934403618,1081.6970111294768,87.94403533021253
W4,112,4,safety_cap,0,6000,0.0,1,0.7273685625817844,523.407,0.3284975321978498,0.2137867957353592,0.22496297955513,0.22496297955513,4289.992,3766.585,0.5181807792207792,91.193032162077,2010.8126809597015,1486.0036729066073,439.0,0.9181605672657749,0.013212396763265133,0,4082,0,0,0,0.0,156,0.03821656050955414,220,3706,0.0,0.7273685625817844,0.23773315117341645,142.406,332.7250625,1828.1253662109375,nan,1241.9578524842832,1175.0723709220542,-763.8279744964768,-696.9424929342479,0,0,69.24006005793896,155.8389995427862,1016.878792883558,87.94986445731523
W4,113,1,success,1,5161,6.5914530754089355,4,0.4424938854205554,331.668,0.045662965051927136,0.13324972987174988,0.1251697540283203,0.13324972987174988,7824.232,7492.564,0.977172987012987,-156.23938761128827,5932.72117053318,5757.265104164124,317.35533905029297,0.6637429570096567,0.05318175628781319,0,309,59,0,59,0.19093851132686085,118,0.3818770226537217,23,109,59.0,0.0023700604258137174,0.004295911631715006,18.652,29.94948046875,28.131662368774414,29.94948046875,220.49809390779444,189.86133705619858,257.6317840800119,288.2685409316078,1,1,35.79049030646153,63.00959197164394,121.69801162968898,137.81239755008806
W4,114,4,safety_cap,0,6000,0.0,1,0.7543352166420525,279.411,0.20762035758946978,0.25480231642723083,0.19317412376403809,0.25480231642723083,7403.377,7682.788,0.9225164935064935,-155.4123963813195,3893.6338330580293,4967.959817534446,427.71067810058594,0.8945491545113057,0.016991741955280304,0,934,0,1,1,0.0010706638115631692,30,0.032119914346895075,33,870,25.0,0.23662950255671172,0.09088167594115298,20.548,124.45859375,530.740478515625,nan,670.56041872261,612.7266675116024,-192.43054073480369,-134.59678952379602,0,0,61.193337018341154,53.742386765068375,555.6246949392006,136.1167576661549
W4,115,4,safety_cap,0,6000,0.0,1,0.7623422260617173,146.956,0.06604842199903276,0.14336752891540527,0.07785989344120026,0.14336752891540527,2939.073,2792.117,0.34273675324675323,74.6215926003545,1604.310839967966,2078.6776867907492,319.0660171508789,0.6673208093450624,0.05263105407357216,0,2445,15,0,15,0.006134969325153374,71,0.02903885480572597,18,2341,15.0,0.17127136902800674,0.006797846133160253,7.043,35.8577734375,63.73469924926758,37.48255078125,344.5594129874173,281.9179869561134,133.57046500038905,196.21189103169297,1,1,75.35662841000693,52.25991141351368,216.94287316389673,73.62030062399533
W4,116,4,safety_cap,0,6000,0.0,1,0.14687600104577073,91.32,0.31901637191808996,0.17195726931095123,0.15076231956481934,0.17195726931095123,6737.623,6828.943,0.8360549350649351,105.61557047679902,4483.499984493271,4838.8889751966,445.0,0.9307094588457171,0.01119785662740469,0,4038,48,0,48,0.01188707280832095,192,0.0475482912332838,213,3585,48.0,0.3997373014226723,0.2330243352937235,316.208,198.56965625,1646.2823486328125,nan,909.5134090030047,897.2425825147881,-431.3835310151983,-419.1127045269817,0,0,12.357784877699478,19.107593164245564,878.0480309610596,125.12108620367873
W4,117,4,safety_cap,0,6000,0.0,2,0.9568202833727532,467.061,0.08423916075164785,0.06253012269735336,0.025268668308854103,0.06253012269735336,5602.49,6069.551,0.688635064935065,2.742781181489866,4853.786201184466,5755.194843201617,442.0,0.9244350130557459,0.012205639854073524,0,724,41,0,41,0.05662983425414365,138,0.19060773480662985,131,414,77.0,0.2125972018175441,0.041021696482389056,76.226,384.0443125,194.57888793945312,557.7269375,444.2606166143017,367.8118420024694,33.869261373504685,110.31803598533696,1,1,94.24154118833614,109.33459540763033,240.6844800183352,111.85212653147657
W4,118,4,safety_cap,0,6000,0.0,1,0.32865733699934785,341.798,0.16184646550826048,0.06526476889848709,0.09671241790056229,0.09671241790056229,2956.408,2614.61,0.34498805194805193,74.3326618149364,2347.6568724581,1745.5899305885284,449.0,0.9390753865656786,0.009852545335888863,0,4024,1,0,1,0.00024850894632206757,13,0.0032306163021868788,29,3981,1.0,0.19802848835918627,0.04969378121151437,62.646,31.3770078125,382.22100830078125,nan,693.867874942298,658.347117708886,-215.73799695449168,-180.21723972107964,0,0,36.78653083547333,123.16016503639095,533.9211790704338,72.66489065470935
W4,119,4,safety_cap,0,6000,0.0,1,0.7655445175653954,310.803,0.23821247674259263,0.23296748101711273,0.16652923822402954,0.23296748101711273,7155.533,7466.336,0.8903289610389611,115.47584974996124,4004.290680095151,5162.01497687006,439.0,0.9181605672657749,0.013212396763265133,0,3621,6,0,6,0.0016570008285004142,20,0.005523336095001381,0,3595,6.0,0.6966584312478203,0.1020173332988612,100.723,181.644515625,530.1311645507812,nan,773.4031023692712,707.9037430132572,-295.27322438146484,-229.77386502545085,0,0,69.21455931542931,61.308945364242206,642.8795976895998,132.72446851499345
W4,120,4,safety_cap,0,6000,0.0,1,0.8361870297167218,331.026,0.03509743674967924,0.22983378171920776,0.23690375685691833,0.23690375685691833,3709.393,4040.419,0.44277831168831167,-77.27518927782054,1392.57815559417,1573.9147246885002,396.0,0.8282268442761886,0.027530327439308167,0,1272,25,0,25,0.019654088050314465,171,0.13443396226415094,180,896,34.0,0.027981113909840243,0.007642840928121665,14.815,16.428939453125,103.20799255371094,150.817421875,290.4418903676787,236.47134687305999,187.68798762012767,241.65853111474638,1,1,80.21909485546082,100.76691255902038,109.45588295319752,86.01125512830355
W4,121,4,safety_cap,0,6000,0.0,1,0.71408459169805,543.975,0.32421870363724675,0.14737766981124878,0.18107403814792633,0.18107403814792633,7420.93,6876.955,0.9247961038961039,-123.40476917926172,5388.307494400144,4478.094290947989,449.0,0.9390753865656786,0.009852545335888863,0,4341,16,0,16,0.0036857866850956,152,0.0350149735084082,281,3892,16.0,0.5474741864483423,0.21771245062178565,243.395,940.07375,1567.71630859375,nan,1048.595755842423,991.4503588213372,-570.4658778546166,-513.3204808335308,0,0,59.12918441880155,109.25001152043635,880.216559903185,130.3743034969671
W4,122,4,safety_cap,0,6000,0.0,2,0.3474466271170976,133.38,0.043896202601219944,0.07507854700088501,0.05168813467025757,0.07507854700088501,7801.129,7934.509,0.9741725974025974,-94.58170897097358,6737.106146770894,7195.083924281418,305.35533905029297,0.6386451738497722,0.057035837322473526,0,1557,42,1,43,0.027617212588310854,116,0.07450224791265253,58,1340,76.0,0.026566681117319118,0.011420241967074404,4.481,7.521263671875,61.24424362182617,40.251859375,171.82158665358676,144.951572285263,306.3082913342196,333.17830570254335,1,1,30.91455536752307,24.781193785170252,116.12583750089344,140.90963455751628
W4,123,4,safety_cap,0,6000,0.0,1,0.44701128182415195,440.396,0.19875785226977677,0.10096677392721176,0.11642789095640182,0.11642789095640182,6799.27,6358.874,0.844061038961039,-10.650669211003873,5469.51032634966,4876.761618039265,445.0,0.9307094588457171,0.01119785662740469,0,3585,49,0,49,0.013668061366806136,64,0.01785216178521618,104,3368,49.0,0.4943867545678298,0.10421424027038648,199.852,153.548140625,1031.10205078125,nan,685.4150024001052,647.1239985112902,-207.28512441229884,-168.99412052348384,0,0,39.719886353283364,94.34547533070025,551.3496407161215,122.21879822000217
W4,124,4,safety_cap,0,6000,0.0,1,0.520472901194548,400.808,0.0330558119907722,0.05702704191207886,0.044429004192352295,0.05702704191207886,1775.601,2176.409,0.1916364935064935,126.08214844329109,1311.0244433320165,1796.6561297052504,319.0,0.6671827356669298,0.05265231058001518,0,1603,41,0,41,0.025577043044291953,66,0.041172800998128506,14,1482,50.0,0.11131750261815544,0.007083102028227941,52.619,24.7605234375,109.27787780761719,96.1883359375,339.53746138207975,294.6740769866859,138.5924166057266,183.45580100112045,1,1,59.37448602834612,165.9484379473816,114.21453740635208,63.24493417845032
W4,125,4,safety_cap,0,6000,0.0,1,0.47360766492621126,591.943,0.06906554207104695,0.31785348057746887,0.25136756896972656,0.31785348057746887,5825.659,5233.716,0.717618051948052,76.66580265145623,1948.908485433489,2316.6667504959105,410.0,0.8575075912960539,0.022891631349921227,0,1232,9,0,9,0.007305194805194805,577,0.46834415584415584,79,567,9.0,0.04708023381474005,0.009102529405943858,6.482,30.6160625,41.42332458496094,30.6160625,380.36976541068316,347.13561664869405,97.76011257712321,130.9942613391123,1,1,36.54859245914643,143.96650731648722,199.85466563504946,107.66828892626249
W4,126,4,safety_cap,0,6000,0.0,1,0.6401516359140701,245.5505,0.3673186109093049,0.18759731948375702,0.19350962340831757,0.19350962340831757,2010.1105,2255.661,0.22209227272727272,23.811303510415396,437.83663590282947,586.3190786187798,463.0,0.9683561335855438,0.005129525903612375,0,2207,11,0,11,0.004984141368373357,71,0.032170367014046214,142,1983,11.0,0.6111618584773031,0.29634384380331835,222.181,214.394015625,1847.258544921875,2443.89925,1421.3381890489106,1357.934905320906,-943.2083110611043,-879.8050273330996,0,0,65.08669693870256,98.85247342316148,1257.3990186870467,65.03630508070515
W4,127,4,safety_cap,0,6000,0.0,2,0.5475082840333395,216.035,0.38112109077480966,0.21511758863925934,0.22412143647670746,0.22412143647670746,4721.221,4505.186,0.5741845454545454,64.37102289736642,2335.0891658262462,2067.599570292145,437.0,0.913977603405794,0.013882997445762157,0,3055,27,0,27,0.0088379705400982,134,0.043862520458265136,134,2760,27.0,0.31420799176890657,0.29268103349508284,81.644,284.7933125,1625.342529296875,nan,1264.3074177150343,1208.5979934797842,-786.1775397272279,-730.4681154919779,0,0,57.130164521054766,59.24148061332241,1147.9357725806572,95.47344417906336
W4,128,4,safety_cap,0,6000,0.0,1,0.7218155120648583,459.922,0.05865270811151769,0.28890442848205566,0.2738042175769806,0.28890442848205566,3571.191,3111.269,0.42483,4.141694988491539,698.8479912855626,514.9837556005418,445.35533905029297,0.9314526440484248,0.011078420095145702,0,960,6,0,6,0.00625,328,0.3416666666666667,102,524,15.0,0.10798897267675105,0.006627376804565168,24.657,11.6421083984375,93.08089447021484,32.680265625,407.08186334742436,351.346403429304,71.04801464038201,126.78347455850235,1,1,67.48991608835605,151.71760114770788,187.87434611136047,79.37946587720636
W4,129,4,safety_cap,0,6000,0.0,1,0.9902533123080248,340.959,0.01954789372749133,0.04495065286755562,0.02542274072766304,0.04495065286755562,1499.974,1159.015,0.1558407792207792,70.20257138376479,1146.1685799964444,967.5813809795864,406.77669525146484,0.8507661076596404,0.023961583152413368,0,2398,34,0,34,0.014178482068390326,177,0.07381150959132611,0,2187,34.0,0.042323093769212124,0.010184619249818474,161.414,122.8698984375,36.31018829345703,122.8698984375,351.80889833446014,295.6266536127305,126.32097965334623,182.5032243750759,1,1,122.17881114049592,159.3099751560806,70.3201120378836,56.041229779188924
W4,130,4,safety_cap,0,6000,0.0,1,0.9377001292866545,279.247,0.33547210715373565,0.17641210556030273,0.1739664375782013,0.17641210556030273,5290.423,5569.67,0.6481068831168831,84.66125500089241,3233.2068147406576,3492.394177803099,444.0,0.9286179769157267,0.011533898301422596,0,4179,70,0,70,0.01675041876046901,68,0.016271835367312755,270,3771,70.0,0.49642615300446025,0.27444380362210474,79.931,223.847703125,1490.13427734375,nan,1126.729293827898,1047.1463509059824,-648.5994158400915,-569.0164729181761,0,0,83.12014916254829,68.76531317001988,974.8438314953296,106.31891034206528
W4,131,4,safety_cap,0,6000,0.0,1,0.7819593297707873,572.706,0.1304861780924895,0.18438637256622314,0.21689443290233612,0.21689443290233612,4731.601,5304.307,0.5755325974025974,1.5685502051677314,2684.432675559878,2771.9979092743247,446.0,0.9328009407757074,0.010861700400710106,0,4725,47,0,47,0.009947089947089947,119,0.025185185185185185,85,4474,47.0,0.5480014983966084,0.012286057791662622,162.014,165.144578125,93.39043426513672,224.9333125,598.7792383085898,540.031663944735,-120.64936032078344,-61.90178595692862,0,0,64.02105633792632,148.7811308961827,385.9770510744808,100.79883035806694
W4,132,4,safety_cap,0,6000,0.0,1,0.12451887090161494,491.719,0.2948104014210906,0.16642002761363983,0.1303606480360031,0.16642002761363983,4906.123,5397.842,0.5981977922077922,-54.08973547515008,3029.3838789375873,3863.648130246669,462.0,0.9662646516555534,0.005467630457133055,0,3454,0,0,0,0.0,98,0.028372900984365953,0,3356,0.0,0.13710817686220458,0.19237653677239938,180.919,53.09883984375,1713.4046630859375,nan,1003.6706092528171,992.5439526611259,-525.5407312650108,-514.4140746733195,0,0,11.198985179421538,125.51125916337185,866.9603649100237,102.58339971787909
W4,133,4,safety_cap,0,6000,0.0,2,0.3993664968559346,433.746,0.24810788536475528,0.13558509945869446,0.1857137829065323,0.1857137829065323,7433.684,7867.43,0.9264524675324676,150.96887981756936,5561.974546864152,5223.157302050144,448.0,0.9369839046356883,0.010189044289290905,0,5218,2,0,2,0.0003832886163280951,78,0.014948256036795707,70,5068,2.0,0.37633042990002363,0.09514529357625535,233.645,328.81253125,650.3104248046875,1571.0575,776.2500180587051,744.691095777096,-298.12014007089874,-266.5612177892897,0,0,32.34953781616658,82.47436458861988,661.4261156539186,137.6968791211407
W4,134,4,safety_cap,0,6000,0.0,1,0.8377691790049318,90.685,0.23474642930740922,0.1230335608124733,0.1142173707485199,0.1230335608124733,5128.558,5037.873,0.6270854545454545,-10.775747799759475,3713.726431490436,3734.7815227362216,455.0,0.9516242781456208,0.007831146009266376,0,2468,19,0,19,0.007698541329011345,32,0.012965964343598054,56,2361,19.0,0.9210101351629052,0.12283002831110097,272.996,181.722734375,626.4046630859375,nan,798.5299462935583,720.6802407339399,-320.4000683057519,-242.5503627461335,0,0,82.78063289638241,23.35225783576533,692.3970555614105,101.66647338483543
W4,135,4,safety_cap,0,6000,0.0,1,0.5823047361208225,175.438,0.05071791458222039,0.11106602847576141,0.07929342985153198,0.11106602847576141,7551.359,7726.797,0.9417349350649351,-99.55238148166289,6005.057878856227,6608.934322519362,361.0,0.7550249767265256,0.039030950516462326,0,262,39,0,39,0.14885496183206107,183,0.6984732824427481,32,8,48.0,0.07367823108259942,0.006681171579959675,28.057,93.17175,73.59402465820312,103.6881640625,220.8185881521561,178.36823174213367,257.31128983565026,299.7616462456727,1,1,52.158229790031115,33.39705060846202,135.26330775366299,137.52782169085475
W4,136,4,safety_cap,0,6000,0.0,1,0.8034675421063046,365.132,0.2016657671228949,0.13283981382846832,0.146016925573349,0.146016925573349,1948.307,2313.439,0.21406584415584415,148.38280895468415,843.1718069381267,1045.3639168907107,441.0,0.9223435311257556,0.012541339732706547,0,1579,0,0,0,0.0,41,0.025965801139962,2,1536,0.0,0.6878379356258365,0.08966339908244776,472.823,232.506921875,1563.20751953125,1833.26975,920.748377136327,842.4829731819813,-442.61849914852064,-364.3530951941749,0,0,83.26860662212854,147.05912691898408,690.4206435952143,65.0132166807185
W4,137,4,safety_cap,0,6000,0.0,1,0.33289952480416046,440.312,0.1350485801741318,0.09489083290100098,0.04036446660757065,0.09489083290100098,7559.795,7119.483,0.9428305194805194,112.90398741406422,6237.8902594769,6574.9468494265,455.35533905029297,0.9523674633483286,0.007711302954703569,0,4862,15,1,16,0.003290826820238585,221,0.045454545454545456,99,4526,40.0,0.13229561490084304,0.03915626435547272,50.55,197.14125,135.4595947265625,nan,479.2569242386863,451.79070601512876,-1.1270462508799142,26.339171972677605,0,1,28.586771048527034,86.58743340871845,364.08271978144074,133.1423685234795
W4,138,4,safety_cap,0,6000,0.0,1,0.6197998599824007,54.887,0.11564232578551582,0.04988088831305504,0.07040051370859146,0.07040051370859146,2519.034,2573.921,0.28818623376623376,-125.15215194655097,2075.591206946738,1944.1939665172324,421.35533905029297,0.8812570777286558,0.019112959504127502,0,4430,5,1,6,0.0013544018058690745,29,0.00654627539503386,166,4229,30.0,0.39583971800582796,0.023227555830112084,1.25,73.5066953125,208.30068969726562,178.917890625,475.21283369042146,413.097007531979,2.917044297384905,65.03287045582738,1,1,68.06166816715925,20.57533406285127,386.57583146041094,69.83815664487562
W4,139,4,safety_cap,0,6000,0.0,2,0.451915944617603,505.71,0.1836337152155431,0.07940322905778885,0.11832508444786072,0.11832508444786072,6174.725,6680.435,0.7629512987012987,131.2558652860949,5178.553924128972,5136.122851459235,458.0,0.957898723935592,0.006818899419158697,0,5584,0,0,0,0.0,53,0.009491404011461318,246,5285,0.0,0.451915944617603,0.05526208421366819,259.906,193.061,290.2244873046875,nan,662.7029623174976,624.2338096942572,-184.57308432969126,-146.1039317064508,0,0,40.03042567493216,110.27100494360243,512.401531698963,120.08048009435123
W4,140,1,success,1,5642,6.193811893463135,2,0.27574895746071015,360.8615,0.07260652271112912,0.04556770995259285,0.10241326689720154,0.10241326689720154,2298.509,1937.6475,0.2595466233766234,71.57141841852571,1903.4593284566067,1086.7317660277338,356.71067810058594,0.746053937481989,0.04043098911643028,0,623,10,0,10,0.016051364365971106,100,0.16051364365971107,31,482,10.0,0.09125134065158358,0.008932952788478348,8.6025,18.12625390625,49.43891143798828,18.12625390625,424.5664363845043,396.2483412499471,53.56344160330207,81.88153673785928,1,1,30.136957058053863,145.66735221496523,248.76212711148523,64.86651109932461
W4,141,4,safety_cap,0,6000,0.0,1,0.8910395852500066,591.175,0.2587152672406686,0.14581654965877533,0.1209336593747139,0.14581654965877533,2465.636,3056.811,0.2812514285714286,65.81758587061081,1177.1082278894783,1916.671315876819,466.0,0.974630579375515,0.004114523064345121,0,1831,0,0,0,0.0,40,0.02184598580010923,3,1788,0.0,0.7581723422125718,0.13800707523019162,394.248,309.76209375,668.8707275390625,nan,1168.5548411801062,1074.3758788490331,-690.4249631922999,-596.2460008612268,0,0,100.01089731887211,213.92466761087888,854.6192762503553,72.37599246733132
W4,142,4,safety_cap,0,6000,0.0,1,0.5407482110240253,227.643,0.4443206786779228,0.276488721370697,0.2491559386253357,0.276488721370697,4431.386,4659.029,0.5365436363636363,143.13678813440654,1444.6481071072817,1910.8317714403272,449.0,0.9390753865656786,0.009852545335888863,0,1644,49,0,49,0.029805352798053526,76,0.046228710462287104,245,1274,49.0,0.6122983912830227,0.37697814741362384,562.656,870.8178125,1725.33935546875,nan,1455.0791679523127,1406.3800036960297,-976.9492899645063,-928.2501257082233,0,0,49.61572429160698,63.009092695909786,1342.4543509647958,94.58829734759797
W4,143,4,safety_cap,0,6000,0.0,1,0.8763452336635174,505.018,0.10389385681118195,0.18116088211536407,0.20744870603084564,0.20744870603084564,5791.259,6296.277,0.7131505194805194,71.47334130667075,3587.933431044474,3668.466777415708,416.35533905029297,0.8707996680787039,0.020778587087988853,0,1373,41,0,41,0.02986161689730517,131,0.09541150764748725,57,1144,41.0,0.4988421189799408,0.034492306148312266,6.21,83.7457734375,404.83258056640625,482.48284375,481.8534099840171,418.3489531993626,-3.7235319962107383,59.78092478844377,0,1,72.23945388246221,115.26706248734455,294.34689361421033,114.71960596610782
W4,144,4,safety_cap,0,6000,0.0,1,0.9834606891784474,279.02,0.212745674833779,0.18188084661960602,0.17784136533737183,0.18188084661960602,7236.504,6957.484,0.9008446753246753,151.85990394927737,4761.5596521003245,4587.128207562685,462.0,0.9662646516555534,0.005467630457133055,0,2221,9,0,9,0.00405222872579919,40,0.018009905447996397,75,2097,9.0,0.9612662029139025,0.05473084265955571,363.606,194.701078125,1020.5338134765625,nan,715.3582380671654,640.5945810979041,-237.22836007935905,-162.46470311009773,0,0,80.30967774126869,56.35563287590847,578.6929274499882,129.62360805254477
W4,145,4,safety_cap,0,6000,0.0,1,0.9661316454804788,290.64,0.13125209654018105,0.11256260424852371,0.0800105407834053,0.11256260424852371,7984.195,7693.555,0.9979474025974026,-88.72188070213858,6368.336866304614,6568.242348572053,434.0,0.907703157615823,0.014888044446706772,0,719,37,0,37,0.05146036161335188,472,0.6564673157162726,53,157,37.0,0.19126682786449845,0.013982549348839695,26.244,153.53509375,74.85520935058594,263.3479375,481.1550720901489,410.6986817237036,-3.025194102342539,67.43119626410277,0,1,79.4129915023619,54.165895103832824,347.57618548395413,140.4802012821722
W4,146,4,safety_cap,0,6000,0.0,1,0.5910935887570421,516.829,0.103594794734732,0.08394573628902435,0.035166025161743164,0.08394573628902435,3036.453,3553.282,0.3553835064935065,68.11773461528165,2246.737431310609,3204.284449475765,385.71067810058594,0.80670691345171,0.03092549927532673,0,3870,9,0,9,0.002325581395348837,194,0.050129198966408266,42,3625,9.0,0.011052937782869933,0.008839703664987706,0.867,38.85096484375,40.96057891845703,38.85096484375,567.0775640040055,510.2163395275737,-88.9476860161991,-32.086461539767356,0,0,62.723461444754356,171.7279383140755,332.62616424517563,78.81175357319412
W4,147,4,safety_cap,0,6000,0.0,1,0.6287053594430395,387.333,0.4660840390850884,0.2328219711780548,0.23724663257598877,0.23724663257598877,7790.749,7403.416,0.9728245454545454,-41.74761185992514,4493.582682491154,4135.482188299179,457.0,0.9558072420056016,0.007156429812312126,0,1626,11,0,11,0.006765067650676507,40,0.024600246002460024,220,1355,11.0,0.7598728992333461,0.45358424084150883,670.399,757.55675,2202.01416015625,nan,1374.1257191383454,1320.1931290524224,-895.995841150539,-842.063251064616,0,0,55.15374963484166,74.0712229830288,1244.900746520475,136.9099215561861
W4,148,4,safety_cap,0,6000,0.0,1,0.7383639932067413,239.679,0.1724108051252802,0.12535834312438965,0.18072466552257538,0.18072466552257538,5013.049,4773.37,0.6120842857142857,97.97758819940836,3585.963479313135,2759.3074592901767,456.71067810058594,0.9552021304810265,0.007254063151776791,0,3656,3,0,3,0.0008205689277899343,100,0.02735229759299781,13,3540,3.0,0.24306842327290323,0.051712603636895144,135.298,362.98290625,213.8654022216797,nan,645.3464080994834,580.7507924093303,-167.216530111677,-102.62091442152393,0,0,69.25034330380136,63.290165634237724,512.8058991614442,99.14728204267365
W4,149,4,safety_cap,0,6000,0.0,1,0.965258555205481,344.099,0.07728166675454069,0.10597911477088928,0.03144143521785736,0.10597911477088928,7251.493,6907.394,0.9027912987012987,41.31622453466112,5807.793250887365,6489.902235251814,369.35533905029297,0.7725000173691562,0.03629789501428604,0,805,22,0,22,0.02732919254658385,651,0.808695652173913,43,89,22.0,0.16550242050028477,0.018858423960724544,4.445,25.61401171875,114.38530731201172,nan,361.9599280226426,295.39668152494426,116.16994996516377,182.7331964628621,1,1,81.9700823672044,69.637640093058,210.35220556238025,129.3703166753516
W4,150,4,safety_cap,0,6000,0.0,2,0.7572786546483576,443.456,0.2693648875235787,0.18473213911056519,0.1588575839996338,0.18473213911056519,3261.034,2817.578,0.38454987012987013,-77.93949196101268,1481.6877551943064,1357.9026985278128,452.0,0.9453498323556497,0.00884236115962267,0,3906,0,0,0,0.0,45,0.01152073732718894,23,3838,0.0,0.6743959098958398,0.1608908206377831,21.437,50.08896875,1041.3529052734375,nan,1106.2080700396773,1033.2468115035676,-628.0781920518709,-555.1169335157613,0,0,76.27347999590508,153.38194853567694,876.5526415080952,75.7068808057622
W4,151,4,safety_cap,0,6000,0.0,1,0.5026653707287083,339.995,0.1377478534336639,0.12527133524417877,0.17451462149620056,0.17451462149620056,4150.007,3810.012,0.5000009090909091,30.5732648510481,2832.0264049966486,2033.2765443717242,454.0,0.9495327962156305,0.008168332278728485,0,1946,27,0,27,0.013874614594039054,210,0.1079136690647482,157,1552,27.0,0.2890203618635887,0.02226835192139535,34.192,575.4325625,311.3196716308594,nan,576.8435191690236,531.9567119495111,-98.71364118121721,-53.82683396170478,0,0,47.520489652389685,101.92513492951142,427.3978945871225,87.33811114040208
W4,152,4,safety_cap,0,6000,0.0,1,0.4421335662614108,289.719,0.25140107429677977,0.1142050176858902,0.14133760333061218,0.14133760333061218,7569.484,7279.765,0.9440888311688311,116.03704022568189,5977.410778230131,5350.398591270596,286.35533905029297,0.5989070171799551,0.06310606747865677,0,262,0,1,1,0.003816793893129771,232,0.8854961832061069,12,17,25.0,0.2245861715026867,0.17933814742410692,610.337,2905.07525,2531.328125,nan,770.0387266205887,733.1790230196947,-291.90884863278234,-255.04914503188832,0,0,37.923114313688274,56.44451946597998,675.6710928409204,134.38221084381544
W4,153,4,safety_cap,0,6000,0.0,1,0.754092371400547,389.772,0.24823927294264314,0.17169959843158722,0.17331558465957642,0.17331558465957642,3529.824,3919.596,0.41945766233766235,-52.67120883289051,1829.856495058179,2136.0753377645015,448.0,0.9369839046356883,0.010189044289290905,0,4049,0,0,0,0.0,83,0.02049888861447271,42,3924,0.0,0.7121850520568459,0.15495345209392636,111.838,103.591234375,1033.714599609375,nan,969.9880755202535,904.2422688662955,-491.8581975324471,-426.1123908784891,0,0,68.7721062118558,121.31232568501396,779.9036436233837,84.12692886320188
W4,154,4,safety_cap,0,6000,0.0,1,0.8749990460667902,420.728,0.0692221093273602,0.029440883547067642,0.039923179894685745,0.039923179894685745,5728.919,6149.647,0.7050544155844156,-98.32093670457627,5372.686693792049,5649.782957421143,301.35533905029297,0.6302792461298107,0.05831703916192055,0,1135,8,1,9,0.007929515418502203,154,0.1356828193832599,18,954,138.0,0.14703859156452878,0.011737314918703346,2.954,82.202609375,104.2971420288086,160.060203125,378.17188320007364,311.35211323952467,99.95799478773273,166.7777647482817,1,1,83.97558153599124,97.24915072984737,196.94715093423503,113.27440508521718
W4,155,4,safety_cap,0,6000,0.0,1,0.41122146409925536,532.473,0.29433587305458697,0.2645818591117859,0.23287411034107208,0.2645818591117859,3693.487,3161.014,0.4407125974025974,123.81898112642257,1030.6063185335993,941.2547199913562,440.0,0.9202520491957652,0.012876925058662891,0,3998,1,0,1,0.0002501250625312656,107,0.026763381690845422,305,3585,1.0,0.5417303708823317,0.22630225363949905,14.05,164.049921875,1425.807861328125,2538.589,1153.744654618459,1112.9401872296357,-675.6147766306526,-634.8103092418294,0,0,41.731680325820804,173.35403763969833,938.6589366529397,80.43638459475106
W4,156,4,safety_cap,0,6000,0.0,1,0.30257455210636164,308.651,0.24692262839498186,0.14478519558906555,0.17757141590118408,0.17757141590118408,2797.446,2488.795,0.3243436363636364,-87.7507793450375,1469.9907526422144,915.5486572557688,453.0,0.94744131428564,0.008505403995513916,0,4268,2,0,2,0.00046860356138706655,82,0.019212746016869727,143,4041,2.0,0.314499768912513,0.13946698621871764,91.685,206.490859375,1107.5692138671875,nan,966.2504282993619,935.4502188197861,-488.1205503115556,-457.3203408319797,0,0,31.40047816105389,113.85950313881797,820.99044699949,70.97653169829711
W4,157,4,safety_cap,0,6000,0.0,1,0.5854842959011691,235.279,0.4830184105249227,0.25091785192489624,0.23272982239723206,0.25091785192489624,3133.472,3368.751,0.3679833766233766,172.5859727832569,748.6303020796776,1102.0204795767368,456.0,0.9537157600756112,0.00749384518712759,0,4196,6,0,6,0.0014299332697807435,245,0.058388941849380364,444,3501,6.0,0.5296436574549067,0.4700924010763215,31.036,146.88090625,3187.884765625,nan,1696.7879286392538,1634.4140569718845,-1218.6580506514474,-1156.2841789840782,0,0,63.67762127856608,78.69385582779167,1554.4164515328962,78.2772053645839
W4,158,4,safety_cap,0,6000,0.0,1,0.858259212906441,337.051,0.17943425092538096,0.1304386705160141,0.05560196936130524,0.1304386705160141,5896.11,6233.161,0.7267675324675325,-62.13465875755347,4296.004480526299,5532.344826253042,440.71067810058594,0.9217384196011805,0.01263844408094883,0,1178,0,0,0,0.0,46,0.03904923599320883,70,1062,0.0,0.4385082299160149,0.050732171058660035,1.218,213.81028125,204.0940704345703,581.82075,661.9798138100946,590.517156888752,-183.84993582228822,-112.3872789009456,0,0,77.3128357322693,76.72951420535841,507.9374638724669,115.00896905214714
W4,159,4,safety_cap,0,6000,0.0,2,0.3238743903113407,390.705,0.07380876466663552,0.2635093033313751,0.19190822541713715,0.2635093033313751,3352.523,3743.228,0.3964315584415584,-110.16961730562689,790.2842283433973,1802.2244530556798,416.0,0.8700564828759962,0.020896852016448975,0,1993,4,0,4,0.002007024586051179,427,0.21424987456096337,133,1429,13.0,0.14356516022709961,0.014359025931626102,1.081,24.854580078125,170.2268524169922,82.190890625,392.77973512392015,361.268347557883,85.35014286388622,116.86153042992339,1,1,33.963951318415354,124.86979176197943,233.94599204352534,81.92630974304461
W4,160,4,safety_cap,0,6000,0.0,1,0.569517341334089,294.509,0.14636807608030244,0.04735134169459343,0.10291136056184769,0.10291136056184769,5377.018,5671.527,0.6593529870129871,-39.05819300730873,4820.733585447766,4432.214161827214,449.0,0.9390753865656786,0.009852545335888863,0,2853,47,0,47,0.016473887136347704,27,0.00946372239747634,69,2710,47.0,0.12909316331460619,0.04751219593492481,215.69,122.97396875,643.4171142578125,nan,548.0163729442579,498.5717334683177,-69.88649495645154,-20.44185548051132,0,0,52.71133599846608,71.6639644606208,423.641072485171,107.59481113874931
W4,161,4,safety_cap,0,6000,0.0,3,0.8212479652588759,228.958,0.2817388518451936,0.24613919854164124,0.22451011836528778,0.24613919854164124,6236.293,6007.335,0.7709471428571428,97.6049003107936,3133.1440052003563,3228.2735439848157,456.0,0.9537157600756112,0.00749384518712759,0,4685,39,0,39,0.008324439701173959,149,0.03180362860192103,173,4324,39.0,0.7393903358512416,0.19183244448931575,207.483,40.22874609375,1101.5347900390625,nan,912.1416617876073,850.0975196669131,-434.0117837998009,-371.9676416791067,0,0,64.66759051839875,51.76282617419247,795.7112450950161,115.80308934132478
W4,162,4,safety_cap,0,6000,0.0,1,0.8421495714187313,69.802,0.3698415074137238,0.3210653066635132,0.2614002227783203,0.3210653066635132,4032.689,3962.887,0.4847648051948052,87.62649799662805,692.4254007831812,1261.606636034012,441.0,0.9223435311257556,0.012541339732706547,0,2026,38,0,38,0.018756169792694965,55,0.027147087857847977,325,1608,38.0,0.2414819250751826,0.3463523684584728,226.868,77.5872578125,2187.707763671875,nan,1249.8077856112907,1170.3700068658538,-771.6779076234843,-692.2401288780475,0,0,82.39454321155958,20.86971946828291,1146.5435229314483,87.56322065511439
W4,163,4,safety_cap,0,6000,0.0,1,0.8535858160494186,446.689,0.11622041591116383,0.13977517187595367,0.07416044175624847,0.13977517187595367,2322.299,1875.61,0.26263623376623374,-151.56236036634468,1107.1916381059439,1264.0377594085037,420.71067810058594,0.879908781001373,0.01932787150144577,0,4565,0,0,0,0.0,4,0.0008762322015334064,0,4561,0.0,0.4293614059981778,0.057458811945163696,65.7545,652.457875,558.22412109375,nan,670.0234944813403,589.7115097805928,-191.89361649353395,-111.58163179278642,0,0,90.44307016891754,180.94051182753583,398.6399124848869,64.64744278335915
W4,164,4,safety_cap,0,6000,0.0,1,0.38091700864939304,458.985,0.06070152482320871,0.052838440984487534,0.008346212096512318,0.052838440984487534,1978.2295,1519.2445,0.21795188311688313,-23.755349227166466,1537.0692297983076,1453.3908459096606,323.0,0.6755486633868912,0.05136340111494064,0,1647,3,0,3,0.0018214936247723133,88,0.05343047965998786,24,1532,12.0,0.034226631549782636,0.00489952974124854,30.1925,30.30938671875,30.39611053466797,30.30938671875,454.40644259326547,415.17494369878455,23.7234353945409,62.95493428902182,1,1,43.66903371093844,198.08636860198976,212.65104028033727,60.67959567716523
W4,165,4,safety_cap,0,6000,0.0,1,0.10276835360322749,457.771,0.3474001524336357,0.14861531555652618,0.202986940741539,0.202986940741539,7528.566,7986.337,0.9387748051948052,-45.250948118222865,5462.877612811238,5071.985085174695,440.0,0.9202520491957652,0.012876925058662891,0,2819,0,0,0,0.0,88,0.031216743526073076,44,2687,0.0,0.10276835360322749,0.2167824261620885,19.766,318.8921875,1553.8038330078125,3256.459,1016.3688377127136,1008.7067953923141,-538.2389597249072,-530.5769174045078,0,0,7.694124156768587,86.05736998582083,922.6173435701241,139.27449169894663
W4,166,4,safety_cap,0,6000,0.0,1,0.573278854576062,445.316,0.22540604020082544,0.15231174230575562,0.14423100650310516,0.15231174230575562,3451.324,3006.008,0.40926285714285715,-68.08477417313071,1955.2687180683613,1653.5526981723308,436.0,0.9118861214758037,0.014218127354979515,0,3435,7,0,7,0.0020378457059679767,49,0.014264919941775837,128,3251,7.0,0.5164143280845325,0.12244784376872078,311.016,596.01225,1300.8377685546875,nan,930.7452086263728,877.804506664783,-452.61533063856643,-399.6746286769767,0,0,55.02205291485978,149.48948511758073,726.2336705939324,78.00346929438051
W4,167,4,safety_cap,0,6000,0.0,1,0.9648259054102427,226.615,0.02049234076099989,0.10739603638648987,0.12669679522514343,0.12669679522514343,2081.573,2308.188,0.23137311688311687,52.10372698500755,1173.8001625325383,1208.5626952434777,406.35533905029297,0.8498848487788001,0.024101363494992256,0,4415,67,1,68,0.015402038505096263,34,0.007701019252548132,140,4173,110.0,0.1274977271740264,0.007919389082152496,59.927,73.5879375,200.19482421875,nan,260.6047933197199,212.6307554391141,217.5250846680865,265.4991225486923,1,1,100.47027963365122,90.2397798307241,69.89473385534453,65.74878799958323
W4,168,4,safety_cap,0,6000,0.0,1,0.9558400445051505,536.265,0.09624876117898808,0.1289854645729065,0.19601288437843323,0.19601288437843323,7512.105,6975.84,0.936637012987013,145.69646248589643,5721.386251860559,4359.6873942625525,378.0660171508789,0.7907182432144946,0.03344033285975456,0,490,3,0,3,0.006122448979591836,314,0.6408163265306123,38,135,3.0,0.22727763956164196,0.014036711323142905,31.33,69.0183125,100.77821350097656,nan,446.0249819618672,378.70332442174026,32.10489602593918,99.4265535660661,1,1,79.05891712510223,106.57525256175764,260.3908122750073,131.7512933365711
W4,169,4,safety_cap,0,6000,0.0,1,0.5517179217178886,431.882,0.1331444909327411,0.2089928537607193,0.15622201561927795,0.2089928537607193,7789.808,7357.926,0.9727023376623377,9.423543410543875,4830.300324522376,5213.165507992088,427.35533905029297,0.893805969308598,0.017110465094447136,0,2457,56,0,56,0.022792022792022793,436,0.17745217745217745,52,1913,56.0,0.3171504959602862,0.02113936597000737,7.11,24.447623046875,118.64897155761719,272.4845,480.07556419660386,441.11488294516823,-1.9456862087974969,37.014995042638134,0,1,41.35519173260083,82.79831319484722,355.9220592691558,136.56873894417402
W4,170,4,safety_cap,0,6000,0.0,1,0.6691133455422168,257.634,0.05531966585924735,0.010712296701967716,0.04485911875963211,0.04485911875963211,7815.11,7557.476,0.9759883116883117,-125.81172423383148,7663.144180633249,6932.6568409753145,308.35533905029297,0.6449196196397433,0.056073788553476334,0,350,7,1,8,0.022857142857142857,139,0.39714285714285713,33,170,32.0,0.3323543636506024,0.0091834012122051,2.493,375.3626875,203.90074157714844,nan,257.77586473937924,208.48342027133674,220.35401324842712,269.6464577164696,1,1,61.68965554764432,48.79813223692652,147.2880769548084,138.22362550669234
W4,171,1,success,1,1061,5.57806396484375,2,0.7990764775219269,364.815,0.018724082932642345,0.028068579733371735,0.010811722837388515,0.028068579733371735,3348.848,3713.663,0.3959542857142857,40.966566659399625,3076.0256714157463,3604.630418735534,418.71067810058594,0.8757258171413923,0.01999431662261486,0,261,25,2,27,0.10344827586206896,14,0.05363984674329502,49,171,117.0,0.16283041581242136,0.005341846099602028,4.264,29.193318359375,48.00468826293945,29.193318359375,263.618974464875,222.50582294787506,214.51090352293136,255.6240550399313,1,1,87.33404638650224,116.88685117825253,59.39807690012026,81.7204832765919
W4,172,4,safety_cap,0,6000,0.0,1,0.9570528299696509,308.704,0.2107163276803983,0.3077227473258972,0.25073739886283875,0.3077227473258972,6057.587,5748.883,0.7477385714285715,151.6891910570005,2233.028062981069,2709.975062058061,438.71067810058594,0.9175554557411998,0.013309434987604618,0,3649,1,0,1,0.0002740476842970677,218,0.059742395176760756,35,3395,1.0,0.552582154091307,0.10370840016781965,40.171,152.431953125,591.6094360351562,3002.594,773.096508067988,680.5063257709138,-294.96663008018163,-202.37644778310744,0,0,101.03129615925013,71.66634477563913,600.3988671330987,112.77722012805434
W4,173,4,safety_cap,0,6000,0.0,1,0.6006396318957811,503.165,0.16602491118698337,0.1267862170934677,0.07696730643510818,0.1267862170934677,6944.477,6441.312,0.8629190909090909,26.73073490619292,5256.258042374924,5455.182856153786,436.35533905029297,0.9126293066785114,0.014099055901169777,0,1895,0,0,0,0.0,186,0.09815303430079156,122,1587,0.0,0.413383672538814,0.04146202656345537,3.022,127.7760390625,321.84307861328125,nan,616.7492133897276,567.8474038390472,-138.61933540192126,-89.7175258512408,0,0,51.82072156205444,106.3899806545045,458.5385111731686,123.83366632815819
W4,174,4,safety_cap,0,6000,0.0,2,0.8409226986890679,497.439,0.24095177759790407,0.10728421062231064,0.1343584656715393,0.1343584656715393,4591.459,4094.02,0.5573323376623377,-104.97528554644794,3415.360239705555,2687.9559695780276,466.0,0.974630579375515,0.004114523064345121,0,2408,24,0,24,0.009966777408637873,67,0.02782392026578073,75,2242,24.0,0.7216363263208512,0.13340623608051858,256.258,52.1282734375,813.4852294921875,nan,965.1186039683839,881.8061317297892,-486.98872598057756,-403.6762537419828,0,0,88.63908166104423,141.62988261158227,734.8496396957574,91.96897751893901
W4,175,4,safety_cap,0,6000,0.0,2,0.6098378156345255,497.5795,0.24195629946541555,0.13876469433307648,0.15564803779125214,0.15564803779125214,1913.9965,2411.576,0.20960993506493505,44.2669382694572,764.3314931268916,1044.585278847456,451.0,0.9432583504256593,0.009179203771054745,0,1971,0,0,0,0.0,64,0.032470826991374935,43,1864,0.0,0.6128847736954388,0.15173821993051445,319.489,184.477203125,1799.6417236328125,nan,1091.6355374707123,1028.7094795398048,-613.5056594829059,-550.5796015519984,0,0,65.51787600539774,199.30913707256798,826.8085243927467,65.37961750234975
W4,176,4,safety_cap,0,6000,0.0,2,0.12184004936479478,125.074,0.17430328841533282,0.0997481495141983,0.0801117792725563,0.0997481495141983,2360.543,2485.617,0.267602987012987,-92.98015052243771,1489.5877433463484,1776.0976537944302,452.0,0.9453498323556497,0.00884236115962267,0,4420,12,0,12,0.0027149321266968325,39,0.008823529411764706,42,4327,12.0,0.027273564008249117,0.05312475589481983,61.51,41.1353203125,408.9201965332031,447.7924375,648.1247070097985,634.7773497744904,-169.99482902199213,-156.64747178668404,0,0,13.502704926612026,47.877178585022484,586.7448234981639,68.39358244163742
W4,177,4,safety_cap,0,6000,0.0,1,0.56325373770007,344.144,0.24498524554812365,0.17494261264801025,0.1552714705467224,0.17494261264801025,3981.535,4325.679,0.4781214285714286,84.5924790694576,2170.435479570031,2664.7899217037557,457.0,0.9558072420056016,0.007156429812312126,0,4030,16,0,16,0.003970223325062035,49,0.012158808933002481,120,3845,16.0,0.46311836199092293,0.12894552746921709,50.656,95.9155078125,802.8130493164062,nan,905.843478906563,856.2102209278487,-427.7136009187566,-378.0803429400423,0,0,51.38237524160282,100.62683245247808,753.834271212482,89.54442790937055
W4,178,4,safety_cap,0,6000,0.0,1,0.9252484809863096,56.747,0.33469483334947403,0.20021064579486847,0.21185487508773804,0.21185487508773804,2637.192,2580.445,0.30353142857142856,-113.34196976165775,833.6560622358322,684.0377376702428,444.0,0.9286179769157267,0.011533898301422596,0,3049,38,0,38,0.012463102656608724,73,0.02394227615611676,132,2806,38.0,0.9149141913286688,0.23326409869012651,81.217,291.8749375,2424.953125,nan,1230.3736341985764,1139.9852994945886,-752.24375621077,-661.8554215067822,0,0,94.37544321253961,21.051453490049397,1114.9467374959875,70.57178017263813
W4,179,4,safety_cap,0,6000,0.0,1,0.9372791121573465,506.1025,0.09469877050451193,0.06398706138134003,0.03503108397126198,0.06398706138134003,1581.2095,1075.107,0.16639084415584415,67.91810554888534,1072.3709826062247,814.2618004239984,450.35533905029297,0.9419100536983767,0.009396292269229889,0,2110,63,0,63,0.02985781990521327,114,0.05402843601895735,30,1903,63.0,0.32608011452643165,0.015321143118832203,2.6835,29.58048828125,107.34913635253906,84.1767421875,689.6272311149207,595.3242544137556,-211.49735312711437,-117.19437642594926,0,0,112.34976411848567,236.5857228915683,340.69174410486676,56.02664334362882
W4,180,4,safety_cap,0,6000,0.0,1,0.601158246025026,434.026,0.055632032674312736,0.13606612384319305,0.11517281830310822,0.13606612384319305,4634.88,5068.906,0.5629714285714286,25.843795082635683,3137.3525689166786,3751.3397848573627,391.35533905029297,0.8185126198289445,0.029064398258924484,0,697,12,1,13,0.018651362984218076,179,0.2568149210903874,104,401,70.0,0.04776353954632561,0.005403967664456244,33.933,61.073375,73.03558349609375,71.43940625,343.39351695899995,292.3704075198078,134.7363610288064,185.75947046799854,1,1,62.36681687118097,115.2546114259073,165.77208866191168,98.60228241094462
W4,181,4,safety_cap,0,6000,0.0,1,0.7885347208682467,362.609,0.05617028524488306,0.013812221586704254,0.04276733100414276,0.04276733100414276,4350.347,4712.956,0.5260190909090909,173.04104374124674,4202.261379528053,4238.924784912646,364.71067810058594,0.7627857929219121,0.03781813755631447,0,1232,9,2,11,0.008928571428571428,125,0.10146103896103896,43,1053,59.0,0.244010695893674,0.012684134869418896,6.731,31.452203125,100.15811920166016,171.570640625,352.93211895262175,289.38001502358327,125.19775903518462,188.7498629642231,1,1,82.55600571465332,100.55978106332401,169.8163321746444,94.41215914238082
W4,182,4,safety_cap,0,6000,0.0,1,0.6650797453113539,136.197,0.6173537467502686,0.33341050148010254,0.28395876288414,0.33341050148010254,7379.394,7243.197,0.9194018181818182,-92.8818981150139,2794.868240911007,3377.3264622190295,472.0,0.9871794709554572,0.0020814095623791218,0,1637,61,0,61,0.03726328649969456,66,0.04031765424557117,217,1293,61.0,0.9616941569540863,0.5516147979848005,1018.413,450.53,2864.81884765625,nan,1754.1422844158417,1694.0589745645736,-1276.0124064280353,-1215.9290965767673,0,0,61.207230105813196,26.864082929786356,1666.0709713802423,132.7297214837002
W4,183,4,safety_cap,0,6000,0.0,1,0.49458242881538006,113.742,0.32278867160027425,0.1877274364233017,0.16335655748844147,0.1877274364233017,3429.385,3543.127,0.40641363636363637,-159.76982732856177,1589.5838479886204,1923.5893427767903,448.0,0.9369839046356883,0.010189044289290905,0,2080,27,0,27,0.012980769230769231,54,0.025961538461538463,188,1811,27.0,0.3210389013104333,0.22454915668949615,217.778,100.4498671875,2113.5166015625,2344.09275,1108.5357169521208,1064.0096870246805,-630.4058389643144,-585.8798090368741,0,0,45.535704431119555,36.68859835587044,1026.3114141651308,81.16406460906681
W4,184,4,safety_cap,0,6000,0.0,1,0.9562786707159121,544.863,0.044261293860670514,0.22928795218467712,0.22571273148059845,0.22928795218467712,5624.052,6168.915,0.6914353246753246,-24.635069085640698,2873.7310905712843,3338.4965328154713,377.35533905029297,0.7892318728090792,0.033673789352178574,0,746,40,2,42,0.05630026809651475,265,0.3552278820375335,102,337,138.0,0.01150075206548881,0.013503505036997642,26.216,4.26622509765625,72.83001708984375,74.398609375,341.6056232881941,280.90687886762555,136.52425469961224,197.22299912018082,1,1,88.84465409443868,126.61154975638425,126.14941943737118,112.68418247392677
W4,185,4,safety_cap,0,6000,0.0,1,0.652726814588857,507.916,0.07674845562374843,0.12872344255447388,0.08634834736585617,0.12872344255447388,5947.029,6454.945,0.7333803896103896,28.130826763191717,4361.409901634157,5347.445845844634,418.0,0.874239446735977,0.02023102156817913,0,1986,13,0,13,0.006545820745216516,410,0.20644511581067473,86,1477,13.0,0.01243817218369992,0.006485097042680329,13.915,57.652234375,60.62895584106445,58.5083671875,389.42362596927876,337.9021063930968,88.70625201852761,140.22777159470957,1,1,59.58713595667231,113.76046807627637,216.07602193633002,116.90568187425555
W4,186,4,safety_cap,0,6000,0.0,1,0.704227988395487,96.662,0.2642054128849179,0.16660760343074799,0.09920301288366318,0.16660760343074799,2087.021,2183.683,0.23208064935064934,-66.29541598583003,677.8503914230615,1335.0326721353456,454.0,0.9495327962156305,0.008168332278728485,0,764,32,0,32,0.041884816753926704,48,0.06282722513089005,155,529,32.0,0.518023584686011,0.1617878958706006,227.329,292.9935625,1580.3299560546875,nan,1024.7954658426052,946.8616673605485,-546.6655878547988,-468.7317893727421,0,0,81.60876248270664,38.8942052051638,904.2924981547349,65.06459933714875
W4,187,4,safety_cap,0,6000,0.0,1,0.3242200352359403,406.451,0.04190369456707735,0.03073783963918686,0.05555028095841408,0.05555028095841408,5267.565,5674.016,0.6451383116883117,19.30406863462582,4909.820655399747,5004.911977051407,291.35533905029297,0.609364426829907,0.06151243671774864,0,1119,0,0,0,0.0,213,0.1903485254691689,62,844,0.0,0.11236719063579534,0.010054703111792192,18.682,101.6303515625,109.3878173828125,nan,252.96987811238427,225.23599907169432,225.1599998754221,252.89387891611204,1,1,31.83288039920949,99.5792846006881,121.55771311248665,106.86999636866594
W4,188,4,safety_cap,0,6000,0.0,2,0.5700040990341584,434.902,0.1436303468793454,0.09475380927324295,0.10116883367300034,0.10116883367300034,6528.682,6093.78,0.8089197402597402,-25.073387858460716,5306.387992086515,4832.732745409459,432.0,0.9035201937558422,0.015557507053017616,0,3045,25,0,25,0.008210180623973728,129,0.042364532019704436,74,2817,25.0,0.33258445564826716,0.026396996596089687,155.569,309.64290625,295.6849365234375,nan,549.777949295755,501.96925216543275,-71.64807130794861,-23.839374177626382,0,0,51.02973281057987,96.13570030555636,402.6125161796188,118.44677036060243
W4,189,4,safety_cap,0,6000,0.0,1,0.7410800606188792,195.998,0.07779761506315401,0.0927092581987381,0.06764236837625504,0.0927092581987381,7623.78,7819.778,0.9511402597402597,-100.26753993925612,6326.3343275454645,6859.880166978344,417.35533905029297,0.8728911500086942,0.0204456876963377,0,1070,31,1,32,0.029906542056074768,478,0.44672897196261685,136,424,56.0,0.28159293134759655,0.036080910576609795,10.401,504.013,154.20457458496094,nan,306.8043667372195,253.2221877902479,171.32551125058689,224.90769019755848,1,1,62.94680605326856,36.98311136057943,206.8744493233715,138.74734986115007
W4,190,4,safety_cap,0,6000,0.0,1,0.5117697994489236,394.949,0.02757634318841493,0.2464158535003662,0.27349063754081726,0.27349063754081726,3410.539,3015.59,0.4039661038961039,105.98109307976281,1000.2127187678814,448.4455165657401,276.71067810058594,0.578735383082759,0.06617242842912674,0,1087,7,0,7,0.006439742410303588,94,0.08647654093836246,6,980,7.0,0.07615001918031017,0.01032839728893755,0.401,49.8583046875,50.80998992919922,49.89496484375,277.703553528237,237.92256731391666,200.42632445956934,240.2073106738897,1,1,55.88345249569857,132.89984520167295,88.92025583086551,77.81338822287448
W4,191,4,safety_cap,0,6000,0.0,1,0.8543289726476275,500.879,0.37898633342696236,0.16516098380088806,0.21499672532081604,0.21499672532081604,6729.991,7230.87,0.8350637662337662,-150.93072150349667,4566.218437673419,4306.512491760552,453.0,0.94744131428564,0.008505403995513916,0,2007,53,0,53,0.026407573492775286,106,0.05281514698555057,82,1766,53.0,0.7011497075139268,0.2573129876596333,452.191,438.07278125,1199.509765625,nan,1210.1582182383977,1140.3999825319834,-732.0283402505913,-662.270104544177,0,0,72.27797293976975,102.50317750645202,1035.377067792176,127.94444464939609
W4,192,4,safety_cap,0,6000,0.0,1,0.7172850155718771,246.3505,0.11768959145136995,0.07860975712537766,0.04701276868581772,0.07860975712537766,1419.377,1173.0265,0.14537363636363637,-146.14720154775455,806.9773561148718,818.360927195821,459.0,0.9599902058655824,0.00648125447332859,0,4610,29,0,29,0.006290672451193058,309,0.06702819956616052,124,4148,29.0,0.5151299857163055,0.027652448759165824,9.2665,58.38049609375,322.6269226074219,237.099359375,628.6000198547877,549.2565454799094,-150.4701418669813,-71.12666749210302,0,0,88.46874890964902,115.84546623876113,424.2858047063775,55.67818519344798
W4,193,4,safety_cap,0,6000,0.0,1,0.9026045896187189,277.787,0.05869156258689688,0.12141028791666031,0.08726374804973602,0.12141028791666031,7956.706,7678.919,0.9943774025974026,110.29919495701346,6217.175089354739,6452.870408264801,362.0,0.7571164586565159,0.03870425745844841,0,1055,18,0,18,0.017061611374407582,184,0.17440758293838862,67,786,123.0,0.0031292054780110547,0.015206102818883563,11.826,88.820265625,45.29047393798828,88.820265625,285.7308048603886,226.02456007781672,192.39907312741775,252.10531790998965,1,1,78.30534409166555,51.88565956513007,155.53980120359302,140.16797817722926
W4,194,1,success,1,5456,5.917656898498535,1,0.6642055878192981,88.139,0.02777924558789651,0.2965822219848633,0.2842353880405426,0.2965822219848633,4097.805,4185.944,0.4932214285714286,141.82511249315803,992.9435515737533,1185.286925637722,384.35533905029297,0.8038722463190119,0.0313718356192112,0,142,6,1,7,0.04929577464788732,81,0.5704225352112676,54,0,85.0,0.01648942902052623,0.013404309146872294,85.175,29.727201171875,49.381256103515625,29.727201171875,172.7014528260455,131.07455499967767,305.42842516176086,347.0553229881287,1,1,61.36301003541254,25.81235640339051,85.52608638724247,89.39473768944192
W4,195,4,safety_cap,0,6000,0.0,1,0.8761229323503748,168.884,0.4217660736175788,0.24610082805156708,0.25490802526474,0.25490802526474,5008.623,5177.507,0.6115094805194805,153.16762681214897,2208.088356785342,2233.6998858739735,444.0,0.9286179769157267,0.011533898301422596,0,3290,33,0,33,0.010030395136778116,194,0.05896656534954407,182,2881,33.0,0.5333288646772458,0.3514940345912559,63.92,691.8658125,2239.251220703125,3620.684,1357.347662181675,1288.9135214889066,-879.2177841938687,-810.7836435011002,0,0,70.42691572723001,43.43384482026376,1243.4869016341813,101.79763633974214
W4,196,1,success,1,5021,7.640362739562988,1,0.7692955187193489,393.183,0.02076385435178443,0.10427259653806686,0.10659711807966232,0.10659711807966232,6648.859,7042.042,0.8245271428571429,-49.26838660013333,5291.244495510481,5612.25037811853,216.0,0.4517600968779211,0.08524532616138458,0,251,17,0,17,0.06772908366533864,106,0.42231075697211157,23,105,17.0,0.08665894556924916,0.008794262655872563,13.661,29.265666015625,45.205787658691406,29.265666015625,204.95623352149806,169.09802228130775,273.1736444663083,309.0318557064986,1,1,66.24582749186457,81.69536394926061,57.01504208037285,126.00912185829876
W4,197,4,safety_cap,0,6000,0.0,1,0.8917578756907686,400.421,0.12337928150064473,0.19304685294628143,0.21945638954639435,0.21945638954639435,6125.663,6526.084,0.7565796103896104,-4.009129852197589,3713.2215355197636,3695.73650968343,432.0,0.9035201937558422,0.015557507053017616,0,3087,62,0,62,0.02008422416585682,576,0.18658892128279883,102,2347,110.0,0.26397640605467915,0.02738958570201817,41.232,403.29353125,299.9862976074219,nan,523.1444406038164,445.3148992154098,-45.01456261601004,32.81497877239656,0,1,89.13843553111631,88.35905217219519,345.6469529005049,118.65196186204335
W4,198,4,safety_cap,0,6000,0.0,1,0.894931298973033,115.54,0.32298312163191606,0.23240521550178528,0.22037270665168762,0.23240521550178528,3612.643,3728.183,0.4302133766233766,-46.92383071128407,1292.3922970921099,1502.5987073192894,451.0,0.9432583504256593,0.009179203771054745,0,1367,39,0,39,0.02852962692026335,28,0.020482809070958303,207,1093,39.0,0.6753442389734138,0.22902734925421173,161.354,281.97140625,1308.2672119140625,nan,1144.3229142245266,1057.7435548004246,-666.1930362367202,-579.6136768126182,0,0,90.60560641922902,36.24802938713461,1017.4692784181631,83.4491618776519
W4,199,4,safety_cap,0,6000,0.0,1,0.47754318790946104,130.758,0.09442738555768426,0.1535792350769043,0.1573534905910492,0.1573534905910492,7492.681,7623.439,0.9341144155844155,-172.44644342597613,5363.507476669788,5421.365174486488,379.35533905029297,0.79341483666906,0.03301664814352989,0,249,18,0,18,0.07228915662650602,174,0.6987951807228916,44,13,18.0,0.11057366566907198,0.008191244492288413,24.397,697.912625,276.8401794433594,nan,315.95639252960905,280.56013151426504,162.17348545819732,197.56974647354133,1,1,38.280851935626224,25.108920160087678,252.56662043389514,136.33659651625615
W4,200,1,success,1,4167,7.773773670196533,2,0.42428881660067974,338.532,0.006061177271207684,0.016602713614702225,0.021760618314146996,0.021760618314146996,2851.037,2512.505,0.3313035064935065,68.94960011717772,2697.9261607448125,2319.1944384031835,203.35533905029297,0.4253140169907539,0.0891684889793396,0,240,1,1,2,0.008333333333333333,50,0.20833333333333334,20,168,50.0,0.07562925060662976,0.007911561943733677,42.843,28.89512109375,40.32587432861328,28.89512109375,192.6433135902305,160.8093710673726,285.4865643975759,317.3205069204338,1,1,48.44749900009396,124.08613685476493,20.109677735371594,71.43351754271642
