e_sat,e_tgt,entropy,episode_length,episode_return,epoch,explained_var,fuel_used,init_attempts,n_eps,perf,policy_loss,run,steps
0.0,0.0,3.373,931.917,-9.867,3.0,0.707,0.994,1.0,2296.0,0.006,-0.019,t5_w3d_W1_s42,393200.0
0.0,0.0,3.324,931.917,-9.867,4.0,0.821,0.994,1.0,2296.0,0.006,-0.016,t5_w3d_W1_s42,524300.0
0.0,0.0,3.249,1213.109,-9.743,5.0,0.837,0.993,1.0,2337.0,0.006,-0.006,t5_w3d_W1_s42,655400.0
0.0,0.0,3.165,1213.109,-9.743,6.0,0.851,0.993,1.0,2337.0,0.006,0.009,t5_w3d_W1_s42,786400.0
0.0,0.0,3.084,1908.269,-7.887,7.0,0.871,0.945,1.0,1575.5,0.009,0.014,t5_w3d_W1_s42,917500.0
0.0,0.0,3.009,1908.269,-7.887,8.0,0.866,0.945,1.0,1575.5,0.009,0.01,t5_w3d_W1_s42,1000000.0
0.0,0.0,2.933,2692.439,-2.487,9.0,0.819,0.667,1.0,1630.0,0.025,0.019,t5_w3d_W1_s42,1200000.0
0.0,0.0,2.849,2692.439,-2.487,10.0,0.632,0.667,1.0,1630.0,0.025,0.017,t5_w3d_W1_s42,1300000.0
0.0,0.0,2.782,2926.31,0.161,11.0,0.423,0.341,1.0,2436.0,0.04,0.019,t5_w3d_W1_s42,1400000.0
0.0,0.0,2.714,2926.31,0.161,12.0,0.394,0.341,1.0,2436.0,0.04,0.019,t5_w3d_W1_s42,1600000.0
0.0,0.0,2.686,2920.779,0.527,13.0,0.518,0.178,1.0,3378.0,0.056,0.019,t5_w3d_W1_s42,1700000.0
0.0,0.0,2.649,2920.779,0.527,14.0,0.609,0.178,1.0,3378.0,0.056,0.019,t5_w3d_W1_s42,1800000.0
0.0,0.0,2.622,2915.007,0.66,15.0,0.682,0.147,1.0,3817.0,0.069,0.012,t5_w3d_W1_s42,2000000.0
0.0,0.0,2.589,2915.007,0.66,16.0,0.753,0.147,1.0,3817.0,0.069,0.015,t5_w3d_W1_s42,2100000.0
0.0,0.0,2.541,2906.38,0.808,17.0,0.782,0.146,1.0,3959.0,0.083,0.017,t5_w3d_W1_s42,2200000.0
0.0,0.0,2.503,2906.38,0.808,18.0,0.805,0.146,1.0,3959.0,0.083,0.02,t5_w3d_W1_s42,2400000.0
0.0,0.0,2.461,2888.752,0.977,19.0,0.818,0.151,1.0,3774.5,0.101,0.022,t5_w3d_W1_s42,2500000.0
0.0,0.0,2.43,2888.752,0.977,20.0,0.818,0.151,1.0,3774.5,0.101,0.026,t5_w3d_W1_s42,2600000.0
0.0,0.0,2.394,2861.986,1.208,21.0,0.822,0.144,1.0,3729.0,0.124,0.024,t5_w3d_W1_s42,2800000.0
0.0,0.0,2.35,2861.986,1.208,22.0,0.835,0.144,1.0,3729.0,0.124,0.024,t5_w3d_W1_s42,2900000.0
0.0,0.0,2.32,2845.638,1.356,23.0,0.837,0.141,1.0,3590.5,0.14,0.026,t5_w3d_W1_s42,3000000.0
0.0,0.0,2.284,2845.638,1.356,24.0,0.821,0.141,1.0,3590.5,0.14,0.026,t5_w3d_W1_s42,3100000.0
0.0,0.0,2.226,2816.973,1.636,25.0,0.827,0.136,1.0,3561.0,0.169,0.03,t5_w3d_W1_s42,3300000.0
0.0,0.0,2.21,2816.973,1.636,26.0,0.818,0.136,1.0,3561.0,0.169,0.031,t5_w3d_W1_s42,3400000.0
0.0,0.0,2.164,2777.675,2.068,27.0,0.817,0.131,1.0,3651.5,0.214,0.027,t5_w3d_W1_s42,3500000.0
0.0,0.0,2.144,2777.675,2.068,28.0,0.824,0.131,1.0,3651.5,0.214,0.027,t5_w3d_W1_s42,3700000.0
0.0,0.0,2.13,2751.828,2.474,29.0,0.823,0.123,1.0,3672.0,0.256,0.025,t5_w3d_W1_s42,3800000.0
0.0,0.0,2.107,2751.828,2.474,30.0,0.825,0.123,1.0,3672.0,0.256,0.029,t5_w3d_W1_s42,3900000.0
0.0,0.0,2.069,2743.833,2.78,31.0,0.832,0.128,1.0,3321.5,0.289,0.029,t5_w3d_W1_s42,4099999.9999999995
0.0,0.0,2.041,2743.833,2.78,32.0,0.826,0.128,1.0,3321.5,0.289,0.026,t5_w3d_W1_s42,4200000.0
0.0,0.0,2.022,2671.933,3.548,33.0,0.822,0.139,1.0,3092.0,0.371,0.025,t5_w3d_W1_s42,4300000.0
0.0,0.0,1.974,2671.933,3.548,34.0,0.825,0.139,1.0,3092.0,0.371,0.025,t5_w3d_W1_s42,4500000.0
0.0,0.0,1.944,2642.7,3.882,35.0,0.823,0.142,1.0,3070.5,0.407,0.021,t5_w3d_W1_s42,4600000.0
0.0,0.0,1.941,2642.7,3.882,36.0,0.823,0.142,1.0,3070.5,0.407,0.026,t5_w3d_W1_s42,4700000.0
0.0,0.0,1.905,2556.598,4.783,37.0,0.829,0.152,1.0,2892.5,0.505,0.022,t5_w3d_W1_s42,4800000.0
0.0,0.0,1.894,2556.598,4.783,38.0,0.834,0.152,1.0,2892.5,0.505,0.022,t5_w3d_W1_s42,5000000.0
0.0,0.0,1.859,2491.449,5.548,39.0,0.828,0.167,1.0,2759.5,0.591,0.021,t5_w3d_W1_s42,5100000.0
0.0,0.0,1.859,2491.449,5.548,40.0,0.863,0.167,1.0,2759.5,0.591,0.007,t5_w3d_W1_s42,5200000.0
0.0,0.0,1.838,2423.369,6.035,41.0,0.861,0.176,1.0,2765.0,0.646,0.011,t5_w3d_W1_s42,5400000.0
0.0,0.0,1.834,2423.369,6.035,42.0,0.85,0.176,1.0,2765.0,0.646,0.015,t5_w3d_W1_s42,5500000.0
0.0,0.0,1.774,2361.092,6.602,43.0,0.873,0.179,1.0,2747.5,0.71,0.006,t5_w3d_W1_s42,5600000.0
0.0,0.0,1.771,2361.092,6.602,44.0,0.871,0.179,1.0,2747.5,0.71,0.01,t5_w3d_W1_s42,5800000.0
0.0,0.0,1.757,2260.931,7.276,45.0,0.857,0.182,1.0,2752.0,0.787,0.006,t5_w3d_W1_s42,5900000.0
0.0,0.0,1.723,2260.931,7.276,46.0,0.853,0.182,1.0,2752.0,0.787,0.005,t5_w3d_W1_s42,6000000.0
0.0,0.0,1.692,2220.397,7.694,47.0,0.877,0.186,1.0,2677.0,0.838,-0.005,t5_w3d_W1_s42,6200000.0
0.0,0.0,1.674,2220.397,7.694,48.0,0.876,0.186,1.0,2677.0,0.838,-0.002,t5_w3d_W1_s42,6300000.0
0.0,0.0,1.596,2164.048,7.998,49.0,0.88,0.181,1.0,2908.5,0.871,-0.003,t5_w3d_W1_s42,6400000.0
0.0,0.0,1.563,2164.048,7.998,50.0,0.891,0.181,1.0,2908.5,0.871,-0.004,t5_w3d_W1_s42,6600000.0
0.0,0.0,1.555,2084.995,8.366,51.0,0.885,0.177,1.0,3162.5,0.911,-0.005,t5_w3d_W1_s42,6700000.0
0.0,0.0,1.498,2084.995,8.366,52.0,0.893,0.177,1.0,3162.5,0.911,0.005,t5_w3d_W1_s42,6800000.0
0.0,0.0,1.464,2049.03,8.552,53.0,0.919,0.181,1.0,3211.5,0.936,-0.005,t5_w3d_W1_s42,6900000.0
0.0,0.0,1.445,2049.03,8.552,54.0,0.92,0.181,1.0,3211.5,0.936,0.006,t5_w3d_W1_s42,7100000.0
0.0,0.0,1.434,1926.36,8.797,55.0,0.937,0.189,1.0,3347.0,0.969,-0.009,t5_w3d_W1_s42,7200000.0
0.0,0.0,1.404,1926.36,8.797,56.0,0.932,0.189,1.0,3347.0,0.969,-0.007,t5_w3d_W1_s42,7300000.0
0.0,0.0,1.385,1903.852,8.874,57.0,0.934,0.186,1.0,3547.0,0.976,-0.004,t5_w3d_W1_s42,7500000.0
0.0,0.0,1.393,1903.852,8.874,58.0,0.924,0.186,1.0,3547.0,0.976,-0.007,t5_w3d_W1_s42,7600000.0
0.0,0.0,1.392,1900.4,8.889,59.0,0.918,0.186,1.0,3473.0,0.978,-0.011,t5_w3d_W1_s42,7700000.0
0.0,0.0,1.401,1900.4,8.889,60.0,0.921,0.186,1.0,3473.0,0.978,-0.007,t5_w3d_W1_s42,7900000.0
0.0,0.0,1.402,1968.327,8.701,61.0,0.932,0.185,1.0,3342.0,0.954,-0.01,t5_w3d_W1_s42,8000000.0
0.0,0.0,1.403,1968.327,8.701,62.0,0.941,0.185,1.0,3342.0,0.954,-0.018,t5_w3d_W1_s42,8100000.0
0.0,0.0,1.403,1947.384,8.674,63.0,0.95,0.194,1.0,3293.5,0.957,-0.03,t5_w3d_W1_s42,8300000.000000001
0.0,0.0,1.387,1947.384,8.674,64.0,0.953,0.194,1.0,3293.5,0.957,-0.019,t5_w3d_W1_s42,8400000.0
0.0,0.0,1.414,1927.656,8.634,65.0,0.951,0.202,1.0,3263.5,0.956,-0.023,t5_w3d_W1_s42,8500000.0
0.0,0.0,1.363,1927.656,8.634,66.0,0.956,0.202,1.0,3263.5,0.956,-0.025,t5_w3d_W1_s42,8700000.0
0.0,0.0,1.37,1920.579,8.679,67.0,0.958,0.198,1.0,3454.5,0.959,-0.025,t5_w3d_W1_s42,8800000.0
0.0,0.0,1.326,1920.579,8.679,68.0,0.96,0.198,1.0,3454.5,0.959,-0.016,t5_w3d_W1_s42,8900000.0
0.0,0.0,1.303,1879.539,8.815,69.0,0.963,0.194,1.0,3664.0,0.973,-0.02,t5_w3d_W1_s42,9000000.0
0.0,0.0,1.295,1879.539,8.815,70.0,0.965,0.194,1.0,3664.0,0.973,-0.016,t5_w3d_W1_s42,9200000.0
0.0,0.0,1.299,1830.979,8.906,71.0,0.966,0.19,1.0,3726.0,0.983,-0.017,t5_w3d_W1_s42,9300000.0
0.0,0.0,1.204,1830.979,8.906,72.0,0.973,0.19,1.0,3726.0,0.983,-0.007,t5_w3d_W1_s42,9400000.0
0.0,0.0,1.132,1799.6,8.943,73.0,0.97,0.191,1.0,3871.5,0.987,-0.006,t5_w3d_W1_s42,9600000.0
0.0,0.0,1.123,1799.6,8.943,74.0,0.976,0.191,1.0,3871.5,0.987,-0.015,t5_w3d_W1_s42,9700000.0
0.0,0.0,1.053,1708.973,8.983,75.0,0.981,0.194,1.0,4243.0,0.994,-0.009,t5_w3d_W1_s42,9800000.0
0.0,0.0,1.04,1708.973,8.983,76.0,0.983,0.194,1.0,4243.0,0.994,-0.013,t5_w3d_W1_s42,10000000.0
0.0,0.0,1.018,1643.079,8.967,77.0,0.983,0.201,1.0,4464.5,0.997,-0.011,t5_w3d_W1_s42,10100000.0
0.0,0.0,0.985,1643.079,8.967,78.0,0.984,0.201,1.0,4464.5,0.997,-0.009,t5_w3d_W1_s42,10200000.0
0.0,0.0,0.98,1621.268,8.97,79.0,0.983,0.202,1.0,4555.5,0.997,-0.013,t5_w3d_W1_s42,10400000.0
0.0,0.0,0.946,1621.268,8.97,80.0,0.984,0.202,1.0,4555.5,0.997,-0.011,t5_w3d_W1_s42,10500000.0
0.0,0.0,0.91,1641.624,8.976,81.0,0.985,0.201,1.0,4646.5,0.998,-0.006,t5_w3d_W1_s42,10600000.0
0.0,0.0,0.925,1641.624,8.976,82.0,0.985,0.201,1.0,4646.5,0.998,-0.013,t5_w3d_W1_s42,10700000.0
0.0,0.0,0.888,1619.571,8.994,83.0,0.986,0.198,1.0,4799.5,0.998,-0.009,t5_w3d_W1_s42,10900000.0
0.0,0.0,0.864,1619.571,8.994,84.0,0.986,0.198,1.0,4799.5,0.998,-0.009,t5_w3d_W1_s42,11000000.0
0.0,0.0,0.861,1613.385,8.988,85.0,0.986,0.199,1.0,4961.0,0.998,-0.015,t5_w3d_W1_s42,11100000.0
0.0,0.0,0.836,1613.385,8.988,86.0,0.987,0.199,1.0,4961.0,0.998,-0.013,t5_w3d_W1_s42,11300000.0
0.0,0.0,0.807,1598.366,8.983,87.0,0.987,0.2,1.0,5087.0,0.998,-0.007,t5_w3d_W1_s42,11400000.0
0.0,0.0,0.83,1598.366,8.983,88.0,0.987,0.2,1.0,5087.0,0.998,-0.01,t5_w3d_W1_s42,11500000.0
0.0,0.0,0.86,1604.33,8.98,89.0,0.986,0.202,1.0,5100.5,0.999,-0.019,t5_w3d_W1_s42,11700000.0
0.0,0.0,0.849,1604.33,8.98,90.0,0.986,0.202,1.0,5100.5,0.999,-0.017,t5_w3d_W1_s42,11800000.0
0.0,0.0,0.813,1642.714,8.95,91.0,0.987,0.205,1.0,4904.0,0.997,-0.008,t5_w3d_W1_s42,11900000.0
0.0,0.0,0.801,1642.714,8.95,92.0,0.987,0.205,1.0,4904.0,0.997,-0.014,t5_w3d_W1_s42,12100000.0
0.0,0.0,0.85,1634.828,8.984,93.0,0.985,0.202,1.0,4966.0,0.999,-0.021,t5_w3d_W1_s42,12200000.0
0.0,0.0,0.807,1634.828,8.984,94.0,0.986,0.202,1.0,4966.0,0.999,-0.01,t5_w3d_W1_s42,12300000.0
0.0,0.0,0.8,1659.164,8.952,95.0,0.987,0.205,1.0,4903.0,0.997,-0.009,t5_w3d_W1_s42,12500000.0
0.0,0.0,0.803,1659.164,8.952,96.0,0.987,0.205,1.0,4903.0,0.997,-0.025,t5_w3d_W1_s42,12600000.0
0.0,0.0,0.821,1673.799,8.963,97.0,0.985,0.205,1.0,4913.5,0.999,-0.019,t5_w3d_W1_s42,12700000.0
0.0,0.0,0.822,1673.799,8.963,98.0,0.983,0.205,1.0,4913.5,0.999,-0.02,t5_w3d_W1_s42,12800000.0
0.0,0.0,0.83,1723.635,8.948,99.0,0.982,0.206,1.0,4707.5,0.997,-0.02,t5_w3d_W1_s42,13000000.0
0.0,0.0,0.759,1723.635,8.948,100.0,0.986,0.206,1.0,4707.5,0.997,-0.018,t5_w3d_W1_s42,13100000.0
0.0,0.0,0.735,1716.881,8.953,101.0,0.988,0.203,1.0,4918.5,0.996,-0.008,t5_w3d_W1_s42,13200000.0
0.0,0.0,0.706,1716.881,8.953,102.0,0.988,0.203,1.0,4918.5,0.996,-0.01,t5_w3d_W1_s42,13400000.0
0.0,0.0,0.69,1674.467,8.981,103.0,0.989,0.202,1.0,5361.5,0.999,-0.011,t5_w3d_W1_s42,13500000.0
0.0,0.0,0.667,1674.467,8.981,104.0,0.99,0.202,1.0,5361.5,0.999,-0.013,t5_w3d_W1_s42,13600000.0
0.0,0.0,0.663,1667.817,9.015,105.0,0.99,0.196,1.0,5564.5,0.999,-0.008,t5_w3d_W1_s42,13800000.0
0.0,0.0,0.64,1667.817,9.015,106.0,0.991,0.196,1.0,5564.5,0.999,-0.014,t5_w3d_W1_s42,13900000.0
0.0,0.0,0.602,1645.84,8.989,107.0,0.991,0.201,1.0,5671.0,0.999,-0.008,t5_w3d_W1_s42,14000000.0
0.0,0.0,0.574,1645.84,8.989,108.0,0.991,0.201,1.0,5671.0,0.999,-0.004,t5_w3d_W1_s42,14200000.0
0.0,0.0,0.567,1640.889,9.013,109.0,0.992,0.196,1.0,5930.0,0.999,-0.007,t5_w3d_W1_s42,14300000.0
0.0,0.0,0.571,1640.889,9.013,110.0,0.992,0.196,1.0,5930.0,0.999,-0.01,t5_w3d_W1_s42,14400000.0
0.0,0.0,0.577,1657.889,9.014,111.0,0.99,0.197,1.0,5875.0,1.0,-0.014,t5_w3d_W1_s42,14500000.0
0.0,0.0,0.558,1657.889,9.014,112.0,0.991,0.197,1.0,5875.0,1.0,-0.014,t5_w3d_W1_s42,14700000.0
0.0,0.0,0.526,1688.306,9.015,113.0,0.992,0.195,1.0,5824.0,0.999,-0.013,t5_w3d_W1_s42,14800000.0
0.0,0.0,0.515,1688.306,9.015,114.0,0.992,0.195,1.0,5824.0,0.999,-0.012,t5_w3d_W1_s42,14900000.0
0.0,0.0,0.514,1636.951,9.026,115.0,0.992,0.193,1.0,6276.0,0.999,-0.009,t5_w3d_W1_s42,15100000.0
0.0,0.0,0.52,1636.951,9.026,116.0,0.993,0.193,1.0,6276.0,0.999,-0.008,t5_w3d_W1_s42,15200000.0
0.0,0.0,0.493,1608.959,9.004,117.0,0.993,0.198,1.0,6257.5,0.999,-0.007,t5_w3d_W1_s42,15300000.0
0.0,0.0,0.487,1608.959,9.004,118.0,0.993,0.198,1.0,6257.5,0.999,-0.008,t5_w3d_W1_s42,15500000.0
0.0,0.0,0.467,1598.385,8.988,119.0,0.993,0.202,1.0,6321.5,1.0,-0.01,t5_w3d_W1_s42,15600000.0
0.0,0.0,0.464,1598.385,8.988,120.0,0.994,0.202,1.0,6321.5,1.0,-0.007,t5_w3d_W1_s42,15700000.0
0.0,0.0,0.457,1583.682,8.992,121.0,0.994,0.201,1.0,6464.5,1.0,-0.008,t5_w3d_W1_s42,15900000.0
0.0,0.0,0.468,1583.682,8.992,122.0,0.993,0.201,1.0,6464.5,1.0,-0.017,t5_w3d_W1_s42,16000000.0
0.0,0.0,0.452,1599.407,8.987,123.0,0.993,0.202,1.0,6490.5,1.0,-0.008,t5_w3d_W1_s42,16100000.000000002
0.0,0.0,0.437,1599.407,8.987,124.0,0.994,0.202,1.0,6490.5,1.0,-0.006,t5_w3d_W1_s42,16300000.0
0.0,0.0,0.427,1600.175,9.013,125.0,0.994,0.197,1.0,6631.0,1.0,-0.013,t5_w3d_W1_s42,16399999.999999998
0.0,0.0,0.422,1600.175,9.013,126.0,0.994,0.197,1.0,6631.0,1.0,-0.013,t5_w3d_W1_s42,16500000.0
0.0,0.0,0.413,1582.562,9.007,127.0,0.994,0.197,1.0,6769.0,0.999,-0.01,t5_w3d_W1_s42,16600000.000000002
0.0,0.0,0.394,1582.562,9.007,128.0,0.995,0.197,1.0,6769.0,0.999,-0.008,t5_w3d_W1_s42,16800000.0
0.0,0.0,0.381,1584.406,8.996,129.0,0.994,0.2,1.0,6778.5,1.0,-0.011,t5_w3d_W1_s42,16900000.0
0.0,0.0,0.373,1584.406,8.996,130.0,0.994,0.2,1.0,6778.5,1.0,-0.005,t5_w3d_W1_s42,17000000.0
0.0,0.0,0.361,1577.766,9.017,131.0,0.995,0.196,1.0,6995.0,1.0,-0.008,t5_w3d_W1_s42,17200000.0
0.0,0.0,0.35,1577.766,9.017,132.0,0.995,0.196,1.0,6995.0,1.0,-0.001,t5_w3d_W1_s42,17300000.0
0.0,0.0,0.354,1572.433,9.025,133.0,0.995,0.195,1.0,7078.0,1.0,-0.006,t5_w3d_W1_s42,17400000.0
0.0,0.0,0.336,1572.433,9.025,134.0,0.995,0.195,1.0,7078.0,1.0,-0.004,t5_w3d_W1_s42,17600000.0
0.0,0.0,0.334,1584.879,9.027,135.0,0.995,0.195,1.0,7111.0,1.0,-0.004,t5_w3d_W1_s42,17700000.0
0.0,0.0,0.327,1584.879,9.027,136.0,0.995,0.195,1.0,7111.0,1.0,-0.005,t5_w3d_W1_s42,17800000.0
0.0,0.0,0.32,1588.363,9.048,137.0,0.995,0.19,1.0,7290.0,1.0,-0.008,t5_w3d_W1_s42,18000000.0
0.0,0.0,0.319,1588.363,9.048,138.0,0.996,0.19,1.0,7290.0,1.0,-0.004,t5_w3d_W1_s42,18100000.0
0.0,0.0,0.313,1604.866,9.06,139.0,0.996,0.188,1.0,7406.0,1.0,-0.007,t5_w3d_W1_s42,18200000.0
0.0,0.0,0.301,1604.866,9.06,140.0,0.996,0.188,1.0,7406.0,1.0,-0.007,t5_w3d_W1_s42,18400000.0
0.0,0.0,0.306,1620.193,9.06,141.0,0.995,0.188,1.0,7398.0,1.0,-0.01,t5_w3d_W1_s42,18500000.0
0.0,0.0,0.299,1620.193,9.06,142.0,0.995,0.188,1.0,7398.0,1.0,-0.013,t5_w3d_W1_s42,18600000.0
0.0,0.0,0.3,1624.454,9.064,143.0,0.995,0.187,1.0,7404.5,1.0,-0.01,t5_w3d_W1_s42,18700000.0
0.0,0.0,0.287,1624.454,9.064,144.0,0.995,0.187,1.0,7404.5,1.0,-0.012,t5_w3d_W1_s42,18900000.0
0.0,0.0,0.286,1623.149,9.065,145.0,0.996,0.186,1.0,7535.5,1.0,-0.007,t5_w3d_W1_s42,19000000.0
0.0,0.0,0.282,1623.149,9.065,146.0,0.996,0.186,1.0,7535.5,1.0,-0.007,t5_w3d_W1_s42,19100000.0
0.0,0.0,0.28,1595.255,9.065,147.0,0.996,0.187,1.0,7631.0,1.0,-0.005,t5_w3d_W1_s42,19300000.0
0.0,0.0,0.276,1595.255,9.065,148.0,0.996,0.187,1.0,7631.0,1.0,-0.005,t5_w3d_W1_s42,19400000.0
0.0,0.0,0.273,1609.881,9.064,149.0,0.996,0.187,1.0,7712.5,1.0,-0.003,t5_w3d_W1_s42,19500000.0
0.0,0.0,0.266,1609.881,9.064,150.0,0.996,0.187,1.0,7712.5,1.0,-0.003,t5_w3d_W1_s42,19700000.0
0.0,0.0,0.263,1604.968,9.081,151.0,0.996,0.184,1.0,7804.0,1.0,-0.007,t5_w3d_W1_s42,19800000.0
0.0,0.0,0.264,1604.968,9.081,152.0,0.996,0.184,1.0,7804.0,1.0,-0.007,t5_w3d_W1_s42,19900000.0
0.0,0.0,0.257,1609.246,9.076,153.0,0.996,0.185,1.0,7811.5,1.0,-0.006,t5_w3d_W1_s42,20100000.0
0.0,0.0,0.263,1609.246,9.076,154.0,0.996,0.185,1.0,7811.5,1.0,-0.005,t5_w3d_W1_s42,20200000.0
0.0,0.0,0.255,1629.407,9.063,155.0,0.997,0.187,1.0,7744.0,1.0,-0.004,t5_w3d_W1_s42,20300000.0
0.0,0.0,0.251,1629.407,9.063,156.0,0.996,0.187,1.0,7744.0,1.0,-0.011,t5_w3d_W1_s42,20400000.0
0.0,0.0,0.244,1626.764,9.088,157.0,0.996,0.182,1.0,8045.5,1.0,-0.008,t5_w3d_W1_s42,20600000.0
0.0,0.0,0.24,1626.764,9.088,158.0,0.997,0.182,1.0,8045.5,1.0,-0.005,t5_w3d_W1_s42,20700000.0
0.0,0.0,0.242,1614.93,9.085,159.0,0.997,0.183,1.0,8070.0,1.0,-0.007,t5_w3d_W1_s42,20800000.0
0.0,0.0,0.239,1614.93,9.085,160.0,0.997,0.183,1.0,8070.0,1.0,-0.005,t5_w3d_W1_s42,21000000.0
0.0,0.0,0.242,1618.274,9.078,161.0,0.996,0.184,1.0,8072.0,1.0,-0.011,t5_w3d_W1_s42,21100000.0
0.0,0.0,0.241,1618.274,9.078,162.0,0.997,0.184,1.0,8072.0,1.0,-0.005,t5_w3d_W1_s42,21200000.0
0.0,0.0,0.229,1623.949,9.094,163.0,0.997,0.181,1.0,8101.0,1.0,-0.012,t5_w3d_W1_s42,21400000.0
0.0,0.0,0.231,1623.949,9.094,164.0,0.997,0.181,1.0,8101.0,1.0,-0.009,t5_w3d_W1_s42,21500000.0
0.0,0.0,0.223,1634.889,9.099,165.0,0.997,0.18,1.0,8096.0,1.0,-0.004,t5_w3d_W1_s42,21600000.0
0.0,0.0,0.225,1634.889,9.099,166.0,0.997,0.18,1.0,8096.0,1.0,-0.006,t5_w3d_W1_s42,21800000.0
0.0,0.0,0.214,1662.634,9.116,167.0,0.997,0.177,1.0,8139.0,1.0,-0.008,t5_w3d_W1_s42,21900000.0
0.0,0.0,0.214,1662.634,9.116,168.0,0.996,0.177,1.0,8139.0,1.0,-0.011,t5_w3d_W1_s42,22000000.0
0.0,0.0,0.211,1662.977,9.116,169.0,0.997,0.176,1.0,8139.0,1.0,-0.005,t5_w3d_W1_s42,22200000.0
0.0,0.0,0.208,1662.977,9.116,170.0,0.996,0.176,1.0,8139.0,1.0,-0.015,t5_w3d_W1_s42,22300000.0
0.0,0.0,0.209,1666.687,9.124,171.0,0.997,0.175,1.0,8198.0,1.0,-0.01,t5_w3d_W1_s42,22400000.0
0.0,0.0,0.207,1666.687,9.124,172.0,0.996,0.175,1.0,8198.0,1.0,-0.009,t5_w3d_W1_s42,22500000.0
0.0,0.0,0.202,1648.819,9.126,173.0,0.997,0.175,1.0,8287.0,1.0,-0.006,t5_w3d_W1_s42,22700000.0
0.0,0.0,0.203,1648.819,9.126,174.0,0.997,0.175,1.0,8287.0,1.0,-0.007,t5_w3d_W1_s42,22800000.0
0.0,0.0,0.201,1647.565,9.125,175.0,0.996,0.175,1.0,8305.5,1.0,-0.015,t5_w3d_W1_s42,22900000.0
0.0,0.0,0.203,1647.565,9.125,176.0,0.997,0.175,1.0,8305.5,1.0,-0.009,t5_w3d_W1_s42,23100000.0
0.0,0.0,0.201,1663.128,9.128,177.0,0.997,0.174,1.0,8287.5,1.0,-0.012,t5_w3d_W1_s42,23200000.0
0.0,0.0,0.198,1663.128,9.128,178.0,0.997,0.174,1.0,8287.5,1.0,-0.007,t5_w3d_W1_s42,23300000.0
0.0,0.0,0.201,1654.034,9.139,179.0,0.997,0.172,1.0,8359.0,1.0,-0.008,t5_w3d_W1_s42,23500000.0
0.0,0.0,0.204,1654.034,9.139,180.0,0.997,0.172,1.0,8359.0,1.0,-0.01,t5_w3d_W1_s42,23600000.0
0.0,0.0,0.199,1647.662,9.131,181.0,0.997,0.174,1.0,8243.0,1.0,-0.006,t5_w3d_W1_s42,23700000.0
0.0,0.0,0.193,1647.662,9.131,182.0,0.997,0.174,1.0,8243.0,1.0,-0.007,t5_w3d_W1_s42,23900000.0
0.0,0.0,0.197,1644.431,9.138,183.0,0.997,0.172,1.0,8418.5,1.0,-0.017,t5_w3d_W1_s42,24000000.0
0.0,0.0,0.195,1644.431,9.138,184.0,0.997,0.172,1.0,8418.5,1.0,-0.006,t5_w3d_W1_s42,24100000.0
0.0,0.0,0.193,1644.961,9.143,185.0,0.997,0.171,1.0,8425.5,1.0,-0.006,t5_w3d_W1_s42,24200000.0
0.0,0.0,0.187,1644.961,9.143,186.0,0.997,0.171,1.0,8425.5,1.0,-0.01,t5_w3d_W1_s42,24400000.0
0.0,0.0,0.193,1643.651,9.147,187.0,0.997,0.17,1.0,8472.5,1.0,-0.014,t5_w3d_W1_s42,24500000.0
0.0,0.0,0.19,1643.651,9.147,188.0,0.997,0.17,1.0,8472.5,1.0,-0.007,t5_w3d_W1_s42,24600000.0
0.0,0.0,0.18,1658.337,9.147,189.0,0.997,0.17,1.0,8442.5,1.0,-0.006,t5_w3d_W1_s42,24800000.0
0.0,0.0,0.179,1658.337,9.147,190.0,0.997,0.17,1.0,8442.5,1.0,-0.008,t5_w3d_W1_s42,24900000.0
0.0,0.0,0.18,1680.304,9.164,191.0,0.997,0.167,1.0,8508.5,1.0,-0.007,t5_w3d_W1_s42,25000000.0
0.0,0.0,0.182,1680.304,9.164,192.0,0.997,0.167,1.0,8508.5,1.0,-0.016,t5_w3d_W1_s42,25200000.0
0.0,0.0,0.18,1707.431,9.174,193.0,0.997,0.165,1.0,8496.0,1.0,-0.01,t5_w3d_W1_s42,25300000.0
0.0,0.0,0.174,1707.431,9.174,194.0,0.997,0.165,1.0,8496.0,1.0,-0.007,t5_w3d_W1_s42,25400000.0
0.0,0.0,0.172,1710.704,9.173,195.0,0.997,0.165,1.0,8575.5,1.0,-0.005,t5_w3d_W1_s42,25600000.0
0.0,0.0,0.173,1710.704,9.173,196.0,0.997,0.165,1.0,8575.5,1.0,-0.01,t5_w3d_W1_s42,25700000.0
0.0,0.0,0.17,1702.692,9.181,197.0,0.997,0.164,1.0,8650.5,1.0,-0.01,t5_w3d_W1_s42,25800000.0
0.0,0.0,0.171,1702.692,9.181,198.0,0.997,0.164,1.0,8650.5,1.0,-0.02,t5_w3d_W1_s42,26000000.0
0.0,0.0,0.174,1710.386,9.183,199.0,0.997,0.163,1.0,8691.0,1.0,-0.013,t5_w3d_W1_s42,26100000.0
0.0,0.0,0.174,1710.386,9.183,200.0,0.997,0.163,1.0,8691.0,1.0,-0.006,t5_w3d_W1_s42,26200000.0
0.0,0.0,0.171,1721.167,9.175,201.0,0.997,0.165,1.0,8611.0,1.0,-0.007,t5_w3d_W1_s42,26300000.0
0.0,0.0,0.168,1721.167,9.175,202.0,0.997,0.165,1.0,8611.0,1.0,-0.006,t5_w3d_W1_s42,26500000.0
0.0,0.0,0.166,1706.289,9.177,203.0,0.998,0.165,1.0,8691.0,1.0,-0.006,t5_w3d_W1_s42,26600000.0
0.0,0.0,0.167,1706.289,9.177,204.0,0.998,0.165,1.0,8691.0,1.0,-0.007,t5_w3d_W1_s42,26700000.0
0.0,0.0,0.17,1701.735,9.172,205.0,0.998,0.166,1.0,8683.0,1.0,-0.007,t5_w3d_W1_s42,26900000.0
0.0,0.0,0.168,1701.735,9.172,206.0,0.997,0.166,1.0,8683.0,1.0,-0.014,t5_w3d_W1_s42,27000000.0
0.0,0.0,0.17,1696.564,9.178,207.0,0.998,0.164,1.0,8725.0,1.0,-0.007,t5_w3d_W1_s42,27100000.0
0.0,0.0,0.162,1696.564,9.178,208.0,0.997,0.164,1.0,8725.0,1.0,-0.016,t5_w3d_W1_s42,27300000.0
0.0,0.0,0.166,1708.773,9.171,209.0,0.997,0.166,1.0,8691.5,1.0,-0.015,t5_w3d_W1_s42,27400000.0
0.0,0.0,0.167,1708.773,9.171,210.0,0.998,0.166,1.0,8691.5,1.0,-0.008,t5_w3d_W1_s42,27500000.0
0.0,0.0,0.164,1712.654,9.174,211.0,0.998,0.165,1.0,8688.0,1.0,-0.008,t5_w3d_W1_s42,27700000.0
0.0,0.0,0.167,1712.654,9.174,212.0,0.997,0.165,1.0,8688.0,1.0,-0.019,t5_w3d_W1_s42,27800000.0
0.0,0.0,0.163,1700.547,9.178,213.0,0.998,0.164,1.0,8770.5,1.0,-0.014,t5_w3d_W1_s42,27900000.0
0.0,0.0,0.165,1700.547,9.178,214.0,0.998,0.164,1.0,8770.5,1.0,-0.009,t5_w3d_W1_s42,28000000.0
0.0,0.0,0.165,1700.337,9.175,215.0,0.998,0.165,1.0,8820.0,1.0,-0.009,t5_w3d_W1_s42,28200000.0
0.0,0.0,0.16,1700.337,9.175,216.0,0.998,0.165,1.0,8820.0,1.0,-0.017,t5_w3d_W1_s42,28300000.0
0.0,0.0,0.164,1693.906,9.166,217.0,0.998,0.167,1.0,8771.5,1.0,-0.01,t5_w3d_W1_s42,28400000.0
0.0,0.0,0.163,1693.906,9.166,218.0,0.998,0.167,1.0,8771.5,1.0,-0.012,t5_w3d_W1_s42,28600000.0
0.0,0.0,0.159,1707.482,9.184,219.0,0.998,0.163,1.0,8838.5,1.0,-0.008,t5_w3d_W1_s42,28700000.0
0.0,0.0,0.159,1707.482,9.184,220.0,0.998,0.163,1.0,8838.5,1.0,-0.015,t5_w3d_W1_s42,28800000.0
0.0,0.0,0.157,1700.057,9.187,221.0,0.998,0.162,1.0,8906.0,1.0,-0.009,t5_w3d_W1_s42,29000000.0
0.0,0.0,0.158,1700.057,9.187,222.0,0.998,0.162,1.0,8906.0,1.0,-0.008,t5_w3d_W1_s42,29100000.0
0.0,0.0,0.152,1704.612,9.176,223.0,0.998,0.165,1.0,8874.0,1.0,-0.017,t5_w3d_W1_s42,29200000.0
0.0,0.0,0.156,1704.612,9.176,224.0,0.998,0.165,1.0,8874.0,1.0,-0.008,t5_w3d_W1_s42,29400000.0
0.0,0.0,0.151,1706.349,9.177,225.0,0.998,0.164,1.0,8937.0,1.0,-0.009,t5_w3d_W1_s42,29500000.0
0.0,0.0,0.15,1706.349,9.177,226.0,0.998,0.164,1.0,8937.0,1.0,-0.007,t5_w3d_W1_s42,29600000.0
0.0,0.0,0.15,1696.47,9.193,227.0,0.998,0.161,1.0,8999.0,1.0,-0.008,t5_w3d_W1_s42,29800000.0
0.0,0.0,0.147,1696.47,9.193,228.0,0.998,0.161,1.0,8999.0,1.0,-0.009,t5_w3d_W1_s42,29900000.0
0.0,0.0,0.144,1707.972,9.193,229.0,0.998,0.161,1.0,8945.0,1.0,-0.007,t5_w3d_W1_s42,30000000.0
0.0,0.0,0.145,1707.972,9.193,230.0,0.998,0.161,1.0,8945.0,1.0,-0.007,t5_w3d_W1_s42,30100000.0
0.0,0.0,0.146,1723.265,9.199,231.0,0.998,0.16,1.0,8962.5,1.0,-0.013,t5_w3d_W1_s42,30300000.0
0.0,0.0,0.143,1723.265,9.199,232.0,0.998,0.16,1.0,8962.5,1.0,-0.008,t5_w3d_W1_s42,30400000.0
0.0,0.0,0.147,1723.626,9.206,233.0,0.998,0.159,1.0,9058.0,1.0,-0.009,t5_w3d_W1_s42,30500000.0
0.0,0.0,0.144,1723.626,9.206,234.0,0.998,0.159,1.0,9058.0,1.0,-0.01,t5_w3d_W1_s42,30700000.0
0.0,0.0,0.14,1722.03,9.197,235.0,0.998,0.161,1.0,8992.0,1.0,-0.007,t5_w3d_W1_s42,30800000.0
0.0,0.0,0.143,1722.03,9.197,236.0,0.998,0.161,1.0,8992.0,1.0,-0.015,t5_w3d_W1_s42,30900000.0
0.0,0.0,0.139,1715.854,9.201,237.0,0.998,0.16,1.0,9072.5,1.0,-0.009,t5_w3d_W1_s42,31100000.0
0.0,0.0,0.14,1715.854,9.201,238.0,0.998,0.16,1.0,9072.5,1.0,-0.011,t5_w3d_W1_s42,31200000.0
0.0,0.0,0.144,1740.335,9.208,239.0,0.998,0.158,1.0,9042.0,1.0,-0.02,t5_w3d_W1_s42,31300000.0
0.0,0.0,0.141,1740.335,9.208,240.0,0.998,0.158,1.0,9042.0,1.0,-0.009,t5_w3d_W1_s42,31500000.0
0.0,0.0,0.137,1746.696,9.205,241.0,0.998,0.159,1.0,9029.5,1.0,-0.019,t5_w3d_W1_s42,31600000.0
0.0,0.0,0.134,1746.696,9.205,242.0,0.998,0.159,1.0,9029.5,1.0,-0.008,t5_w3d_W1_s42,31700000.0
0.0,0.0,0.136,1733.878,9.208,243.0,0.998,0.158,1.0,9102.5,1.0,-0.009,t5_w3d_W1_s42,31900000.0
0.0,0.0,0.135,1733.878,9.208,244.0,0.998,0.158,1.0,9102.5,1.0,-0.008,t5_w3d_W1_s42,32000000.0
0.0,0.0,0.134,1738.601,9.198,245.0,0.998,0.16,1.0,9070.0,1.0,-0.013,t5_w3d_W1_s42,32100000.0
0.0,0.0,0.135,1738.601,9.198,246.0,0.998,0.16,1.0,9070.0,1.0,-0.009,t5_w3d_W1_s42,32200000.000000004
0.0,0.0,0.135,1741.063,9.202,247.0,0.998,0.159,1.0,9079.0,1.0,-0.009,t5_w3d_W1_s42,32400000.0
0.0,0.0,0.131,1741.063,9.202,248.0,0.998,0.159,1.0,9079.0,1.0,-0.011,t5_w3d_W1_s42,32500000.0
0.0,0.0,0.13,1735.758,9.211,249.0,0.998,0.158,1.0,9151.5,1.0,-0.011,t5_w3d_W1_s42,32600000.0
0.0,0.0,0.134,1735.758,9.211,250.0,0.998,0.158,1.0,9151.5,1.0,-0.012,t5_w3d_W1_s42,32600000.0
0.0,0.0,0.131,1751.198,9.21,251.0,0.998,0.158,1.0,9114.5,1.0,-0.009,t5_w3d_W1_s42,32600000.0
0.0,0.0,0.129,1751.198,9.21,252.0,0.998,0.158,1.0,9114.5,1.0,-0.009,t5_w3d_W1_s42,32600000.0
0.0,0.0,0.13,1758.546,9.208,253.0,0.998,0.158,1.0,9090.0,1.0,-0.018,t5_w3d_W1_s42,32600000.0
0.0,0.0,0.125,1758.546,9.208,254.0,0.998,0.158,1.0,9090.0,1.0,-0.017,t5_w3d_W1_s42,32600000.0
0.0,0.0,0.128,1752.479,9.217,255.0,0.998,0.156,1.0,9224.0,1.0,-0.01,t5_w3d_W1_s42,32600000.0
0.0,0.0,0.128,1752.479,9.217,256.0,0.998,0.156,1.0,9224.0,1.0,-0.01,t5_w3d_W1_s42,32600000.0
0.0,0.0,0.125,1765.541,9.23,257.0,0.998,0.154,1.0,9236.0,1.0,-0.016,t5_w3d_W1_s42,32600000.0
0.0,0.0,0.125,1765.541,9.23,258.0,0.998,0.154,1.0,9236.0,1.0,-0.01,t5_w3d_W1_s42,32600000.0
0.0,0.0,0.127,1768.979,9.221,259.0,0.998,0.156,1.0,9183.0,1.0,-0.017,t5_w3d_W1_s42,32600000.0
0.0,0.0,0.127,1768.979,9.221,260.0,0.998,0.156,1.0,9183.0,1.0,-0.008,t5_w3d_W1_s42,32600000.0
0.0,0.0,0.127,1769.48,9.222,261.0,0.998,0.156,1.0,9191.0,1.0,-0.024,t5_w3d_W1_s42,32600000.0
0.0,0.0,0.126,1769.48,9.222,262.0,0.998,0.156,1.0,9191.0,1.0,-0.01,t5_w3d_W1_s42,32600000.0
0.0,0.0,0.125,1763.63,9.227,263.0,0.998,0.154,1.0,9244.5,1.0,-0.008,t5_w3d_W1_s42,32600000.0
0.0,0.0,0.124,1763.63,9.227,264.0,0.998,0.154,1.0,9244.5,1.0,-0.008,t5_w3d_W1_s42,32600000.0
0.0,0.0,0.124,1766.753,9.229,265.0,0.998,0.154,1.0,9240.0,1.0,-0.01,t5_w3d_W1_s42,34700000.0
0.0,0.0,0.122,1766.753,9.229,266.0,0.998,0.154,1.0,9240.0,1.0,-0.009,t5_w3d_W1_s42,34900000.0
0.0,0.0,0.122,1761.866,9.23,267.0,0.998,0.154,1.0,9241.0,1.0,-0.01,t5_w3d_W1_s42,35000000.0
0.0,0.0,0.123,1761.866,9.23,268.0,0.998,0.154,1.0,9241.0,1.0,-0.011,t5_w3d_W1_s42,35100000.0
0.0,0.0,0.123,1755.561,9.229,269.0,0.998,0.154,1.0,9312.5,1.0,-0.024,t5_w3d_W1_s42,35300000.0
0.0,0.0,0.123,1755.561,9.229,270.0,0.998,0.154,1.0,9312.5,1.0,-0.01,t5_w3d_W1_s42,35300000.0
0.0,0.0,0.124,1779.181,9.229,271.0,0.998,0.154,1.0,9246.5,1.0,-0.009,t5_w3d_W1_s42,35300000.0
0.0,0.0,0.122,1779.181,9.229,272.0,0.998,0.154,1.0,9246.5,1.0,-0.021,t5_w3d_W1_s42,35300000.0
0.0,0.0,0.125,1775.48,9.236,273.0,0.998,0.153,1.0,9321.0,1.0,-0.004,t5_w3d_W1_s42,35300000.0
0.0,0.0,0.123,1775.48,9.236,274.0,0.998,0.153,1.0,9321.0,1.0,-0.006,t5_w3d_W1_s42,35300000.0
0.0,0.0,0.119,1788.714,9.236,275.0,0.998,0.153,1.0,9301.5,1.0,-0.005,t5_w3d_W1_s42,35300000.0
0.0,0.0,0.12,1788.714,9.236,276.0,0.998,0.153,1.0,9301.5,1.0,-0.017,t5_w3d_W1_s42,35300000.0
0.0,0.0,0.12,1788.352,9.234,277.0,0.998,0.153,1.0,9290.0,1.0,-0.006,t5_w3d_W1_s42,35300000.0
0.0,0.0,0.119,1788.352,9.234,278.0,0.998,0.153,1.0,9290.0,1.0,-0.021,t5_w3d_W1_s42,35300000.0
0.0,0.0,0.116,1788.924,9.237,279.0,0.998,0.153,1.0,9358.0,1.0,-0.009,t5_w3d_W1_s42,35300000.0
0.0,0.0,0.118,1788.924,9.237,280.0,0.998,0.153,1.0,9358.0,1.0,-0.013,t5_w3d_W1_s42,36700000.0
0.0,0.0,0.116,1793.035,9.235,281.0,0.998,0.153,1.0,9312.0,1.0,-0.016,t5_w3d_W1_s42,36800000.0
0.0,0.0,0.116,1793.035,9.235,282.0,0.998,0.153,1.0,9312.0,1.0,-0.011,t5_w3d_W1_s42,37000000.0
0.0,0.0,0.116,1796.093,9.241,283.0,0.998,0.152,1.0,9380.0,1.0,-0.018,t5_w3d_W1_s42,37100000.0
0.0,0.0,0.114,1796.093,9.241,284.0,0.998,0.152,1.0,9380.0,1.0,-0.008,t5_w3d_W1_s42,37200000.0
0.0,0.0,0.115,1795.534,9.239,285.0,0.998,0.152,1.0,9369.0,1.0,-0.008,t5_w3d_W1_s42,37200000.0
0.0,0.0,0.113,1795.534,9.239,286.0,0.998,0.152,1.0,9369.0,1.0,-0.012,t5_w3d_W1_s42,37200000.0
0.0,0.0,0.113,1784.664,9.241,287.0,0.998,0.152,1.0,9411.0,1.0,-0.009,t5_w3d_W1_s42,37200000.0
0.0,0.0,0.114,1784.664,9.241,288.0,0.998,0.152,1.0,9411.0,1.0,-0.019,t5_w3d_W1_s42,37200000.0
0.0,0.0,0.114,1795.041,9.237,289.0,0.998,0.152,1.0,9373.5,1.0,-0.014,t5_w3d_W1_s42,37200000.0
0.0,0.0,0.113,1795.041,9.237,290.0,0.998,0.152,1.0,9373.5,1.0,-0.012,t5_w3d_W1_s42,37200000.0
0.0,0.0,0.113,1794.037,9.248,291.0,0.998,0.15,1.0,9425.5,1.0,-0.016,t5_w3d_W1_s42,37200000.0
0.0,0.0,0.113,1794.037,9.248,292.0,0.998,0.15,1.0,9425.5,1.0,-0.007,t5_w3d_W1_s42,37200000.0
0.0,0.0,0.113,1798.691,9.243,293.0,0.998,0.151,1.0,9400.5,1.0,-0.01,t5_w3d_W1_s42,37200000.0
0.0,0.0,0.111,1798.691,9.243,294.0,0.998,0.151,1.0,9400.5,1.0,-0.009,t5_w3d_W1_s42,37200000.0
0.0,0.0,0.111,1797.792,9.242,295.0,0.998,0.152,1.0,9382.5,1.0,-0.016,t5_w3d_W1_s42,37200000.0
0.0,0.0,0.112,1797.792,9.242,296.0,0.998,0.152,1.0,9382.5,1.0,-0.007,t5_w3d_W1_s42,37200000.0
0.0,0.0,0.112,1794.651,9.239,297.0,0.998,0.152,1.0,9375.5,1.0,-0.013,t5_w3d_W1_s42,37200000.0
0.0,0.0,0.111,1794.651,9.239,298.0,0.998,0.152,1.0,9375.5,1.0,-0.027,t5_w3d_W1_s42,37200000.0
0.0,0.0,0.11,1796.145,9.242,299.0,0.998,0.151,1.0,9416.0,1.0,-0.006,t5_w3d_W1_s42,37200000.0
0.0,0.0,0.108,1796.145,9.242,300.0,0.998,0.151,1.0,9416.0,1.0,-0.006,t5_w3d_W1_s42,37200000.0
0.0,0.0,0.11,1794.246,9.244,301.0,0.999,0.151,1.0,9409.0,1.0,-0.006,t5_w3d_W1_s42,37200000.0
0.0,0.0,0.108,1794.246,9.244,302.0,0.998,0.151,1.0,9409.0,1.0,-0.007,t5_w3d_W1_s42,37200000.0
0.0,0.0,0.11,1782.841,9.23,303.0,0.998,0.154,1.0,9404.5,1.0,-0.015,t5_w3d_W1_s42,37200000.0
0.0,0.0,0.11,1782.841,9.23,304.0,0.998,0.154,1.0,9404.5,1.0,-0.02,t5_w3d_W1_s42,37200000.0
0.0,0.0,0.107,1778.726,9.24,305.0,0.998,0.152,1.0,9454.0,1.0,-0.007,t5_w3d_W1_s42,37200000.0
0.0,0.0,0.106,1778.726,9.24,306.0,0.999,0.152,1.0,9454.0,1.0,-0.007,t5_w3d_W1_s42,37200000.0
0.0,0.0,0.108,1786.99,9.24,307.0,0.999,0.152,1.0,9376.0,1.0,-0.006,t5_w3d_W1_s42,37200000.0
0.0,0.0,0.108,1786.99,9.24,308.0,0.999,0.152,1.0,9376.0,1.0,-0.005,t5_w3d_W1_s42,37200000.0
0.0,0.0,0.106,1779.154,9.241,309.0,0.999,0.152,1.0,9471.0,1.0,-0.008,t5_w3d_W1_s42,37200000.0
0.0,0.0,0.107,1779.154,9.241,310.0,0.999,0.152,1.0,9471.0,1.0,-0.013,t5_w3d_W1_s42,37200000.0
0.0,0.0,0.108,1782.551,9.242,311.0,0.998,0.152,1.0,9449.0,1.0,-0.012,t5_w3d_W1_s42,37200000.0
0.0,0.0,0.107,1782.551,9.242,312.0,0.999,0.152,1.0,9449.0,1.0,-0.009,t5_w3d_W1_s42,37200000.0
0.0,0.0,0.106,1787.276,9.244,313.0,0.999,0.151,1.0,9439.5,1.0,-0.008,t5_w3d_W1_s42,37200000.0
0.0,0.0,0.106,1787.276,9.244,314.0,0.998,0.151,1.0,9439.5,1.0,-0.02,t5_w3d_W1_s42,37200000.0
0.0,0.0,0.106,1802.294,9.242,315.0,0.999,0.152,1.0,9397.5,1.0,-0.008,t5_w3d_W1_s42,37200000.0
0.0,0.0,0.106,1802.294,9.242,316.0,0.998,0.152,1.0,9397.5,1.0,-0.01,t5_w3d_W1_s42,37200000.0
0.0,0.0,0.104,1795.351,9.248,317.0,0.999,0.15,1.0,9470.0,1.0,-0.006,t5_w3d_W1_s42,37200000.0
0.0,0.0,0.103,1795.351,9.248,318.0,0.999,0.15,1.0,9470.0,1.0,-0.011,t5_w3d_W1_s42,37200000.0
0.0,0.0,0.105,1800.861,9.238,319.0,0.998,0.152,1.0,9423.0,1.0,-0.017,t5_w3d_W1_s42,37200000.0
0.0,0.0,0.104,1800.861,9.238,320.0,0.998,0.152,1.0,9423.0,1.0,-0.022,t5_w3d_W1_s42,37200000.0
0.0,0.0,0.104,1791.131,9.245,321.0,0.998,0.151,1.0,9487.5,1.0,-0.008,t5_w3d_W1_s42,37200000.0
0.0,0.0,0.104,1791.131,9.245,322.0,0.999,0.151,1.0,9487.5,1.0,-0.007,t5_w3d_W1_s42,37200000.0
0.0,0.0,0.106,1795.573,9.244,323.0,0.999,0.151,1.0,9479.5,1.0,-0.01,t5_w3d_W1_s42,37200000.0
0.0,0.0,0.103,1795.573,9.244,324.0,0.998,0.151,1.0,9479.5,1.0,-0.02,t5_w3d_W1_s42,37200000.0
0.0,0.0,0.105,1799.113,9.245,325.0,0.999,0.151,1.0,9464.0,1.0,-0.013,t5_w3d_W1_s42,37200000.0
0.0,0.0,0.105,1799.113,9.245,326.0,0.998,0.151,1.0,9464.0,1.0,-0.029,t5_w3d_W1_s42,37200000.0
0.0,0.0,0.105,1799.152,9.246,327.0,0.999,0.151,1.0,9504.0,1.0,-0.01,t5_w3d_W1_s42,37200000.0
0.0,0.0,0.104,1799.152,9.246,328.0,0.999,0.151,1.0,9504.0,1.0,-0.008,t5_w3d_W1_s42,37200000.0
0.0,0.0,0.103,1802.621,9.249,329.0,0.998,0.15,1.0,9502.0,1.0,-0.014,t5_w3d_W1_s42,37200000.0
0.0,0.0,0.1,1802.621,9.249,330.0,0.999,0.15,1.0,9502.0,1.0,-0.009,t5_w3d_W1_s42,37200000.0
0.0,0.0,0.103,1811.039,9.246,331.0,0.998,0.151,1.0,9473.0,1.0,-0.014,t5_w3d_W1_s42,37200000.0
0.0,0.0,0.101,1811.039,9.246,332.0,0.999,0.151,1.0,9473.0,1.0,-0.01,t5_w3d_W1_s42,37200000.0
0.0,0.0,0.103,1807.939,9.246,333.0,0.998,0.151,1.0,9469.0,1.0,-0.02,t5_w3d_W1_s42,37200000.0
0.0,0.0,0.101,1807.939,9.246,334.0,0.999,0.151,1.0,9469.0,1.0,-0.008,t5_w3d_W1_s42,37200000.0
0.0,0.0,0.103,1806.298,9.254,335.0,0.999,0.149,1.0,9506.5,1.0,-0.01,t5_w3d_W1_s42,37200000.0
0.0,0.0,0.102,1806.298,9.254,336.0,0.999,0.149,1.0,9506.5,1.0,-0.012,t5_w3d_W1_s42,37200000.0
0.0,0.0,0.102,1812.338,9.252,337.0,0.998,0.15,1.0,9495.5,1.0,-0.02,t5_w3d_W1_s42,37200000.0
0.0,0.0,0.1,1812.338,9.252,338.0,0.999,0.15,1.0,9495.5,1.0,-0.01,t5_w3d_W1_s42,37200000.0
0.0,0.0,0.1,1808.067,9.252,339.0,0.998,0.15,1.0,9517.0,1.0,-0.008,t5_w3d_W1_s42,37200000.0
0.0,0.0,0.102,1808.067,9.252,340.0,0.998,0.15,1.0,9517.0,1.0,-0.019,t5_w3d_W1_s42,37200000.0
0.0,0.0,0.102,1807.689,9.252,341.0,0.998,0.149,1.0,9508.5,1.0,-0.026,t5_w3d_W1_s42,37200000.0
0.0,0.0,0.102,1807.689,9.252,342.0,0.998,0.149,1.0,9508.5,1.0,-0.017,t5_w3d_W1_s42,37200000.0
0.0,0.0,0.103,1808.682,9.247,343.0,0.998,0.15,1.0,9493.0,1.0,-0.039,t5_w3d_W1_s42,37200000.0
0.0,0.0,0.101,1808.682,9.247,344.0,0.998,0.15,1.0,9493.0,1.0,-0.008,t5_w3d_W1_s42,37200000.0
0.0,0.0,0.1,1809.48,9.251,345.0,0.999,0.15,1.0,9499.0,1.0,-0.01,t5_w3d_W1_s42,45200000.0
0.0,0.0,0.099,1809.48,9.251,346.0,0.998,0.15,1.0,9499.0,1.0,-0.03,t5_w3d_W1_s42,45400000.0
0.0,0.0,0.101,1799.71,9.26,347.0,0.999,0.148,1.0,9563.0,1.0,-0.008,t5_w3d_W1_s42,45500000.0
0.0,0.0,0.1,1799.71,9.26,348.0,0.999,0.148,1.0,9563.0,1.0,-0.008,t5_w3d_W1_s42,45600000.0
0.0,0.0,0.101,1796.053,9.246,349.0,0.998,0.151,1.0,9491.5,1.0,-0.02,t5_w3d_W1_s42,45700000.0
0.0,0.0,0.1,1796.053,9.246,350.0,0.999,0.151,1.0,9491.5,1.0,-0.009,t5_w3d_W1_s42,45700000.0
0.0,0.0,0.1,1797.614,9.247,351.0,0.999,0.151,1.0,9484.5,1.0,-0.008,t5_w3d_W1_s42,45700000.0
0.0,0.0,0.1,1797.614,9.247,352.0,0.999,0.151,1.0,9484.5,1.0,-0.008,t5_w3d_W1_s42,45700000.0
0.0,0.0,0.101,1795.813,9.25,353.0,0.999,0.15,1.0,9482.5,1.0,-0.009,t5_w3d_W1_s42,45700000.0
0.0,0.0,0.102,1795.813,9.25,354.0,0.999,0.15,1.0,9482.5,1.0,-0.01,t5_w3d_W1_s42,45700000.0
0.0,0.0,0.101,1795.992,9.254,355.0,0.998,0.149,1.0,9529.0,1.0,-0.026,t5_w3d_W1_s42,45700000.0
0.0,0.0,0.102,1795.992,9.254,356.0,0.998,0.149,1.0,9529.0,1.0,-0.024,t5_w3d_W1_s42,45700000.0
0.0,0.0,0.1,1806.996,9.25,357.0,0.999,0.15,1.0,9511.5,1.0,-0.007,t5_w3d_W1_s42,45700000.0
0.0,0.0,0.099,1806.996,9.25,358.0,0.999,0.15,1.0,9511.5,1.0,-0.012,t5_w3d_W1_s42,45700000.0
0.0,0.0,0.099,1806.56,9.246,359.0,0.999,0.151,1.0,9478.0,1.0,-0.011,t5_w3d_W1_s42,45700000.0
0.0,0.0,0.101,1806.56,9.246,360.0,0.998,0.151,1.0,9478.0,1.0,-0.049,t5_w3d_W1_s42,47200000.0
0.0,0.0,0.1,1809.422,9.252,361.0,0.999,0.149,1.0,9510.0,1.0,-0.007,t5_w3d_W1_s42,47300000.0
0.0,0.0,0.099,1809.422,9.252,362.0,0.999,0.149,1.0,9510.0,1.0,-0.014,t5_w3d_W1_s42,47400000.0
0.0,0.0,0.099,1819.3,9.251,363.0,0.998,0.15,1.0,9453.5,1.0,-0.015,t5_w3d_W1_s42,47600000.0
0.0,0.0,0.1,1819.3,9.251,364.0,0.999,0.15,1.0,9453.5,1.0,-0.008,t5_w3d_W1_s42,47700000.0
0.0,0.0,0.102,1811.887,9.259,365.0,0.998,0.148,1.0,9531.0,1.0,-0.024,t5_w3d_W1_s42,47700000.0
0.0,0.0,0.1,1811.887,9.259,366.0,0.998,0.148,1.0,9531.0,1.0,-0.022,t5_w3d_W1_s42,47700000.0
0.0,0.0,0.1,1811.143,9.251,367.0,0.999,0.15,1.0,9477.5,1.0,-0.006,t5_w3d_W1_s42,47700000.0
0.0,0.0,0.1,1811.143,9.251,368.0,0.999,0.15,1.0,9477.5,1.0,-0.007,t5_w3d_W1_s42,47700000.0
0.0,0.0,0.101,1814.782,9.257,369.0,0.998,0.149,1.0,9511.5,1.0,-0.037,t5_w3d_W1_s42,47700000.0
0.0,0.0,0.1,1814.782,9.257,370.0,0.998,0.149,1.0,9511.5,1.0,-0.015,t5_w3d_W1_s42,47700000.0
0.0,0.0,0.101,1811.71,9.257,371.0,0.999,0.148,1.0,9533.0,1.0,-0.007,t5_w3d_W1_s42,47700000.0
0.0,0.0,0.101,1811.71,9.257,372.0,0.999,0.148,1.0,9533.0,1.0,-0.007,t5_w3d_W1_s42,47700000.0
0.0,0.0,0.1,1816.998,9.252,373.0,0.999,0.15,1.0,9464.5,1.0,-0.008,t5_w3d_W1_s42,47700000.0
0.0,0.0,0.099,1816.998,9.252,374.0,0.999,0.15,1.0,9464.5,1.0,-0.016,t5_w3d_W1_s42,47700000.0
0.0,0.0,0.101,1811.622,9.252,375.0,0.998,0.15,1.0,9494.0,1.0,-0.017,t5_w3d_W1_s42,47700000.0
0.0,0.0,0.101,1811.622,9.252,376.0,0.999,0.15,1.0,9494.0,1.0,-0.008,t5_w3d_W1_s42,47700000.0
0.0,0.0,0.1,1809.313,9.259,377.0,0.999,0.148,1.0,9518.0,1.0,-0.008,t5_w3d_W1_s42,47700000.0
0.0,0.0,0.101,1809.313,9.259,378.0,0.999,0.148,1.0,9518.0,1.0,-0.011,t5_w3d_W1_s42,47700000.0
0.0,0.0,0.101,1809.597,9.253,379.0,0.998,0.149,1.0,9510.0,1.0,-0.026,t5_w3d_W1_s42,47700000.0
0.0,0.0,0.102,1809.597,9.253,380.0,0.998,0.149,1.0,9510.0,1.0,-0.044,t5_w3d_W1_s42,47700000.0
0.0,0.0,0.102,1807.397,9.257,381.0,0.998,0.148,1.0,9525.0,1.0,-0.034,t5_w3d_W1_s42,47700000.0
0.0,0.0,0.1,1811.12,9.253,382.0,0.998,0.149,1.0,9505.235,1.0,-0.037,t5_w3d_W1_s42,47700000.0
0.021,0.022,0.257,1919.939,-5.723,3.0,0.815,0.633,1.49,2156.0,0.008,-0.012,t5_w3d_W2_s42,393200.0
0.021,0.022,0.255,1919.939,-5.723,4.0,0.879,0.633,1.49,2156.0,0.008,-0.009,t5_w3d_W2_s42,524300.0
0.022,0.022,0.271,1839.925,-6.496,5.0,0.903,0.72,1.479,2406.0,0.007,-0.005,t5_w3d_W2_s42,655400.0
0.022,0.022,0.265,1839.925,-6.496,6.0,0.912,0.72,1.479,2406.0,0.007,-0.001,t5_w3d_W2_s42,786400.0
0.022,0.022,0.259,1871.215,-6.437,7.0,0.917,0.73,1.513,2149.5,0.007,0.002,t5_w3d_W2_s42,917500.0
0.022,0.022,0.268,1871.215,-6.437,8.0,0.929,0.73,1.513,2149.5,0.007,0.004,t5_w3d_W2_s42,1000000.0
0.022,0.022,0.271,1927.185,-6.145,9.0,0.933,0.737,1.464,2053.0,0.009,0.006,t5_w3d_W2_s42,1200000.0
0.022,0.022,0.271,1927.185,-6.145,10.0,0.934,0.737,1.464,2053.0,0.009,0.013,t5_w3d_W2_s42,1300000.0
0.022,0.022,0.274,2090.996,-5.35,11.0,0.94,0.711,1.47,1991.5,0.014,0.013,t5_w3d_W2_s42,1400000.0
0.022,0.022,0.289,2090.996,-5.35,12.0,0.94,0.711,1.47,1991.5,0.014,0.017,t5_w3d_W2_s42,1600000.0
0.022,0.022,0.283,2404.542,-3.699,13.0,0.94,0.649,1.474,1947.5,0.015,0.013,t5_w3d_W2_s42,1700000.0
0.022,0.022,0.279,2404.542,-3.699,14.0,0.94,0.649,1.474,1947.5,0.015,0.011,t5_w3d_W2_s42,1800000.0
0.022,0.022,0.286,2574.974,-2.684,15.0,0.942,0.606,1.463,2005.5,0.014,0.011,t5_w3d_W2_s42,2000000.0
0.022,0.022,0.279,2574.974,-2.684,16.0,0.939,0.606,1.463,2005.5,0.014,0.011,t5_w3d_W2_s42,2100000.0
0.022,0.022,0.287,2705.486,-1.853,17.0,0.941,0.566,1.466,2039.0,0.01,0.013,t5_w3d_W2_s42,2200000.0
0.022,0.022,0.295,2705.486,-1.853,18.0,0.942,0.566,1.466,2039.0,0.01,0.009,t5_w3d_W2_s42,2400000.0
0.022,0.022,0.301,2820.229,-1.079,19.0,0.938,0.536,1.471,2024.5,0.011,0.014,t5_w3d_W2_s42,2500000.0
0.022,0.022,0.292,2820.229,-1.079,20.0,0.935,0.536,1.471,2024.5,0.011,0.008,t5_w3d_W2_s42,2600000.0
0.022,0.022,0.301,2875.34,-0.621,21.0,0.931,0.515,1.478,2036.0,0.016,0.007,t5_w3d_W2_s42,2800000.0
0.022,0.022,0.308,2875.34,-0.621,22.0,0.93,0.515,1.478,2036.0,0.016,0.006,t5_w3d_W2_s42,2900000.0
0.022,0.022,0.304,2927.431,-0.302,23.0,0.927,0.502,1.476,2126.0,0.015,0.003,t5_w3d_W2_s42,3000000.0
0.022,0.022,0.313,2927.431,-0.302,24.0,0.927,0.502,1.476,2126.0,0.015,0.004,t5_w3d_W2_s42,3100000.0
0.022,0.022,0.316,2940.642,-0.135,25.0,0.924,0.484,1.486,2263.0,0.017,0.009,t5_w3d_W2_s42,3300000.0
0.022,0.022,0.319,2940.642,-0.135,26.0,0.921,0.484,1.486,2263.0,0.017,0.004,t5_w3d_W2_s42,3400000.0
0.022,0.022,0.327,2955.938,-0.042,27.0,0.924,0.481,1.458,2238.5,0.02,0.006,t5_w3d_W2_s42,3500000.0
0.022,0.022,0.344,2955.938,-0.042,28.0,0.918,0.481,1.458,2238.5,0.02,0.002,t5_w3d_W2_s42,3700000.0
0.022,0.022,0.349,2965.479,0.031,29.0,0.921,0.485,1.466,2228.0,0.018,0.004,t5_w3d_W2_s42,3800000.0
0.022,0.022,0.356,2965.479,0.031,30.0,0.92,0.485,1.466,2228.0,0.018,0.006,t5_w3d_W2_s42,3900000.0
0.022,0.022,0.354,2968.793,0.109,31.0,0.926,0.479,1.502,2281.5,0.023,0.007,t5_w3d_W2_s42,4099999.9999999995
0.022,0.022,0.365,2968.793,0.109,32.0,0.923,0.479,1.502,2281.5,0.023,0.009,t5_w3d_W2_s42,4200000.0
0.022,0.022,0.376,2973.614,0.137,33.0,0.918,0.488,1.451,2264.0,0.023,0.009,t5_w3d_W2_s42,4300000.0
0.022,0.022,0.386,2973.614,0.137,34.0,0.914,0.488,1.451,2264.0,0.023,0.009,t5_w3d_W2_s42,4500000.0
0.022,0.022,0.398,2972.81,0.149,35.0,0.912,0.477,1.468,2298.5,0.024,0.008,t5_w3d_W2_s42,4600000.0
0.022,0.022,0.41,2972.81,0.149,36.0,0.911,0.477,1.468,2298.5,0.024,0.005,t5_w3d_W2_s42,4700000.0
0.022,0.022,0.405,2969.395,0.172,37.0,0.909,0.474,1.496,2374.0,0.027,0.004,t5_w3d_W2_s42,4800000.0
0.022,0.022,0.418,2969.395,0.172,38.0,0.911,0.474,1.496,2374.0,0.027,0.008,t5_w3d_W2_s42,5000000.0
0.022,0.022,0.435,2970.62,0.222,39.0,0.913,0.478,1.474,2292.5,0.031,0.003,t5_w3d_W2_s42,5100000.0
0.022,0.022,0.448,2970.62,0.222,40.0,0.921,0.478,1.474,2292.5,0.031,0.006,t5_w3d_W2_s42,5200000.0
0.022,0.022,0.458,2975.54,0.197,41.0,0.91,0.493,1.493,2189.5,0.027,0.008,t5_w3d_W2_s42,5400000.0
0.022,0.022,0.475,2975.54,0.197,42.0,0.917,0.493,1.493,2189.5,0.027,0.009,t5_w3d_W2_s42,5500000.0
0.022,0.022,0.488,2962.62,0.234,43.0,0.915,0.5,1.507,2049.5,0.036,0.007,t5_w3d_W2_s42,5600000.0
0.022,0.022,0.492,2962.62,0.234,44.0,0.916,0.5,1.507,2049.5,0.036,0.01,t5_w3d_W2_s42,5800000.0
0.022,0.022,0.496,2962.098,0.256,45.0,0.921,0.511,1.483,2024.0,0.038,0.009,t5_w3d_W2_s42,5900000.0
0.022,0.022,0.522,2962.098,0.256,46.0,0.922,0.511,1.483,2024.0,0.038,0.013,t5_w3d_W2_s42,6000000.0
0.022,0.022,0.548,2965.636,0.278,47.0,0.92,0.51,1.482,1986.0,0.037,0.015,t5_w3d_W2_s42,6200000.0
0.022,0.022,0.556,2965.636,0.278,48.0,0.923,0.51,1.482,1986.0,0.037,0.013,t5_w3d_W2_s42,6300000.0
0.022,0.022,0.562,2966.297,0.288,49.0,0.926,0.511,1.491,1957.5,0.039,0.015,t5_w3d_W2_s42,6400000.0
0.022,0.022,0.57,2966.297,0.288,50.0,0.921,0.511,1.491,1957.5,0.039,0.014,t5_w3d_W2_s42,6600000.0
0.022,0.022,0.587,2959.201,0.344,51.0,0.926,0.506,1.495,1973.0,0.045,0.008,t5_w3d_W2_s42,6700000.0
0.022,0.022,0.619,2959.201,0.344,52.0,0.925,0.506,1.495,1973.0,0.045,0.01,t5_w3d_W2_s42,6800000.0
0.022,0.022,0.622,2962.559,0.302,53.0,0.923,0.505,1.472,1909.0,0.04,0.019,t5_w3d_W2_s42,6900000.0
0.022,0.022,0.638,2962.559,0.302,54.0,0.92,0.505,1.472,1909.0,0.04,0.012,t5_w3d_W2_s42,7100000.0
0.022,0.022,0.665,2956.406,0.395,55.0,0.921,0.507,1.497,1869.0,0.052,0.019,t5_w3d_W2_s42,7200000.0
0.022,0.022,0.669,2956.406,0.395,56.0,0.927,0.507,1.497,1869.0,0.052,0.013,t5_w3d_W2_s42,7300000.0
0.022,0.022,0.69,2950.288,0.411,57.0,0.928,0.506,1.485,1795.0,0.053,0.013,t5_w3d_W2_s42,7500000.0
0.022,0.022,0.692,2950.288,0.411,58.0,0.923,0.506,1.485,1795.0,0.053,0.014,t5_w3d_W2_s42,7600000.0
0.022,0.022,0.719,2943.874,0.458,59.0,0.928,0.516,1.48,1727.5,0.059,0.017,t5_w3d_W2_s42,7700000.0
0.022,0.022,0.746,2943.874,0.458,60.0,0.925,0.516,1.48,1727.5,0.059,0.018,t5_w3d_W2_s42,7900000.0
0.022,0.022,0.781,2945.001,0.503,61.0,0.928,0.529,1.455,1642.0,0.066,0.02,t5_w3d_W2_s42,8000000.0
0.022,0.022,0.78,2945.001,0.503,62.0,0.927,0.529,1.455,1642.0,0.066,0.021,t5_w3d_W2_s42,8100000.0
0.022,0.022,0.793,2935.591,0.533,63.0,0.93,0.537,1.505,1591.5,0.069,0.013,t5_w3d_W2_s42,8300000.000000001
0.022,0.022,0.829,2935.591,0.533,64.0,0.928,0.537,1.505,1591.5,0.069,0.013,t5_w3d_W2_s42,8400000.0
0.022,0.022,0.842,2942.021,0.452,65.0,0.925,0.545,1.488,1579.5,0.061,0.017,t5_w3d_W2_s42,8500000.0
0.022,0.022,0.861,2942.021,0.452,66.0,0.926,0.545,1.488,1579.5,0.061,0.028,t5_w3d_W2_s42,8700000.0
0.022,0.022,0.88,2918.636,0.661,67.0,0.935,0.548,1.485,1487.0,0.087,0.017,t5_w3d_W2_s42,8800000.0
0.022,0.022,0.926,2918.636,0.661,68.0,0.926,0.548,1.485,1487.0,0.087,0.021,t5_w3d_W2_s42,8900000.0
0.022,0.023,0.932,2925.611,0.556,69.0,0.931,0.564,1.481,1516.5,0.077,0.02,t5_w3d_W2_s42,9000000.0
0.022,0.023,0.942,2925.611,0.556,70.0,0.924,0.564,1.481,1516.5,0.077,0.03,t5_w3d_W2_s42,9200000.0
0.022,0.022,0.957,2923.941,0.58,71.0,0.928,0.563,1.465,1534.0,0.08,0.025,t5_w3d_W2_s42,9300000.0
0.022,0.022,0.977,2923.941,0.58,72.0,0.917,0.563,1.465,1534.0,0.08,0.027,t5_w3d_W2_s42,9400000.0
0.022,0.022,0.992,2915.346,0.669,73.0,0.93,0.556,1.469,1570.5,0.09,0.021,t5_w3d_W2_s42,9600000.0
0.022,0.022,0.976,2915.346,0.669,74.0,0.929,0.556,1.469,1570.5,0.09,0.022,t5_w3d_W2_s42,9700000.0
0.022,0.022,1.009,2914.691,0.69,75.0,0.926,0.548,1.483,1596.5,0.09,0.026,t5_w3d_W2_s42,9800000.0
0.022,0.022,1.009,2914.691,0.69,76.0,0.928,0.548,1.483,1596.5,0.09,0.018,t5_w3d_W2_s42,10000000.0
0.022,0.022,1.044,2906.229,0.795,77.0,0.938,0.55,1.479,1570.0,0.105,0.015,t5_w3d_W2_s42,10100000.0
0.022,0.022,1.089,2906.229,0.795,78.0,0.924,0.55,1.479,1570.0,0.105,0.023,t5_w3d_W2_s42,10200000.0
0.022,0.022,1.114,2890.371,0.875,79.0,0.93,0.569,1.49,1422.0,0.117,0.016,t5_w3d_W2_s42,10400000.0
0.022,0.022,1.136,2890.371,0.875,80.0,0.935,0.569,1.49,1422.0,0.117,0.023,t5_w3d_W2_s42,10500000.0
0.022,0.022,1.178,2878.594,0.881,81.0,0.926,0.593,1.469,1358.5,0.123,0.021,t5_w3d_W2_s42,10600000.0
0.022,0.022,1.188,2878.594,0.881,82.0,0.917,0.593,1.469,1358.5,0.123,0.029,t5_w3d_W2_s42,10700000.0
0.022,0.022,1.216,2870.361,0.967,83.0,0.932,0.62,1.486,1243.5,0.14,0.018,t5_w3d_W2_s42,10900000.0
0.022,0.022,1.225,2870.361,0.967,84.0,0.926,0.62,1.486,1243.5,0.14,0.022,t5_w3d_W2_s42,11000000.0
0.022,0.022,1.229,2870.915,0.988,85.0,0.931,0.608,1.453,1279.0,0.136,0.019,t5_w3d_W2_s42,11100000.0
0.022,0.022,1.279,2870.915,0.988,86.0,0.926,0.608,1.453,1279.0,0.136,0.026,t5_w3d_W2_s42,11300000.0
0.022,0.022,1.3,2855.704,1.08,87.0,0.921,0.628,1.466,1180.0,0.152,0.036,t5_w3d_W2_s42,11400000.0
0.022,0.022,1.318,2855.704,1.08,88.0,0.922,0.628,1.466,1180.0,0.152,0.036,t5_w3d_W2_s42,11500000.0
0.021,0.022,1.298,2810.662,1.395,89.0,0.923,0.639,1.482,1179.0,0.195,0.031,t5_w3d_W2_s42,11700000.0
0.021,0.022,1.305,2810.662,1.395,90.0,0.919,0.639,1.482,1179.0,0.195,0.032,t5_w3d_W2_s42,11800000.0
0.022,0.022,1.315,2804.925,1.493,91.0,0.92,0.641,1.474,1180.5,0.209,0.029,t5_w3d_W2_s42,11900000.0
0.022,0.022,1.341,2804.925,1.493,92.0,0.915,0.641,1.474,1180.5,0.209,0.028,t5_w3d_W2_s42,12100000.0
0.022,0.022,1.311,2777.836,1.789,93.0,0.92,0.646,1.47,1172.5,0.252,0.035,t5_w3d_W2_s42,12200000.0
0.022,0.022,1.342,2777.836,1.789,94.0,0.919,0.646,1.47,1172.5,0.252,0.033,t5_w3d_W2_s42,12300000.0
0.022,0.022,1.296,2729.19,2.114,95.0,0.924,0.646,1.501,1184.5,0.292,0.034,t5_w3d_W2_s42,12500000.0
0.022,0.022,1.281,2729.19,2.114,96.0,0.921,0.646,1.501,1184.5,0.292,0.029,t5_w3d_W2_s42,12600000.0
0.022,0.022,1.264,2702.831,2.379,97.0,0.921,0.651,1.473,1244.5,0.331,0.031,t5_w3d_W2_s42,12700000.0
0.022,0.022,1.267,2702.831,2.379,98.0,0.925,0.651,1.473,1244.5,0.331,0.022,t5_w3d_W2_s42,12800000.0
0.022,0.022,1.239,2621.324,2.782,99.0,0.928,0.662,1.435,1243.0,0.399,0.028,t5_w3d_W2_s42,13000000.0
0.022,0.022,1.245,2621.324,2.782,100.0,0.928,0.662,1.435,1243.0,0.399,0.028,t5_w3d_W2_s42,13100000.0
0.023,0.022,1.226,2570.216,3.16,101.0,0.935,0.671,1.454,1270.0,0.452,0.025,t5_w3d_W2_s42,13200000.0
0.023,0.022,1.204,2570.216,3.16,102.0,0.935,0.671,1.454,1270.0,0.452,0.025,t5_w3d_W2_s42,13400000.0
0.022,0.022,1.212,2464.804,3.666,103.0,0.931,0.655,1.48,1332.0,0.515,0.021,t5_w3d_W2_s42,13500000.0
0.022,0.022,1.218,2464.804,3.666,104.0,0.934,0.655,1.48,1332.0,0.515,0.016,t5_w3d_W2_s42,13600000.0
0.022,0.021,1.232,2389.071,4.059,105.0,0.936,0.662,1.474,1400.5,0.581,0.022,t5_w3d_W2_s42,13800000.0
0.022,0.021,1.2,2389.071,4.059,106.0,0.937,0.662,1.474,1400.5,0.581,0.023,t5_w3d_W2_s42,13900000.0
0.022,0.022,1.191,2324.99,4.458,107.0,0.933,0.666,1.455,1358.0,0.638,0.019,t5_w3d_W2_s42,14000000.0
0.022,0.022,1.16,2324.99,4.458,108.0,0.932,0.666,1.455,1358.0,0.638,0.015,t5_w3d_W2_s42,14200000.0
0.022,0.022,1.151,2260.738,4.699,109.0,0.934,0.668,1.468,1505.0,0.683,0.012,t5_w3d_W2_s42,14300000.0
0.022,0.022,1.162,2260.738,4.699,110.0,0.935,0.668,1.468,1505.0,0.683,0.011,t5_w3d_W2_s42,14400000.0
0.022,0.022,1.118,2184.107,5.2,111.0,0.933,0.648,1.467,1538.5,0.741,0.005,t5_w3d_W2_s42,14500000.0
0.022,0.022,1.069,2184.107,5.2,112.0,0.926,0.648,1.467,1538.5,0.741,0.004,t5_w3d_W2_s42,14700000.0
0.022,0.022,1.058,2120.939,5.472,113.0,0.931,0.631,1.494,1743.0,0.778,0.002,t5_w3d_W2_s42,14800000.0
0.022,0.022,1.043,2120.939,5.472,114.0,0.938,0.631,1.494,1743.0,0.778,-0.0,t5_w3d_W2_s42,14900000.0
0.022,0.022,1.029,2048.09,5.827,115.0,0.933,0.62,1.489,1850.5,0.826,-0.006,t5_w3d_W2_s42,15100000.0
0.022,0.022,1.014,2048.09,5.827,116.0,0.932,0.62,1.489,1850.5,0.826,0.001,t5_w3d_W2_s42,15200000.0
0.022,0.022,1.017,1960.407,6.104,117.0,0.933,0.618,1.496,1973.5,0.868,-0.007,t5_w3d_W2_s42,15300000.0
0.022,0.022,1.009,1960.407,6.104,118.0,0.939,0.618,1.496,1973.5,0.868,-0.008,t5_w3d_W2_s42,15500000.0
0.022,0.022,0.995,1899.034,6.188,119.0,0.934,0.619,1.473,2014.5,0.884,-0.008,t5_w3d_W2_s42,15600000.0
0.022,0.022,0.983,1899.034,6.188,120.0,0.928,0.619,1.473,2014.5,0.884,-0.008,t5_w3d_W2_s42,15700000.0
0.022,0.022,0.989,1821.705,6.365,121.0,0.935,0.614,1.5,2109.5,0.914,-0.002,t5_w3d_W2_s42,15900000.0
0.022,0.022,0.973,1821.705,6.365,122.0,0.941,0.614,1.5,2109.5,0.914,-0.0,t5_w3d_W2_s42,16000000.0
0.022,0.022,0.95,1801.77,6.433,123.0,0.934,0.611,1.471,2135.0,0.918,-0.0,t5_w3d_W2_s42,16100000.000000002
0.022,0.022,0.929,1801.77,6.433,124.0,0.932,0.611,1.471,2135.0,0.918,-0.007,t5_w3d_W2_s42,16300000.0
0.022,0.022,0.914,1726.595,6.568,125.0,0.932,0.609,1.476,2294.5,0.941,-0.005,t5_w3d_W2_s42,16399999.999999998
0.022,0.022,0.887,1726.595,6.568,126.0,0.943,0.609,1.476,2294.5,0.941,-0.014,t5_w3d_W2_s42,16500000.0
0.022,0.022,0.856,1677.183,6.663,127.0,0.942,0.604,1.473,2392.0,0.954,-0.008,t5_w3d_W2_s42,16600000.000000002
0.022,0.022,0.805,1677.183,6.663,128.0,0.939,0.604,1.473,2392.0,0.954,-0.011,t5_w3d_W2_s42,16800000.0
0.022,0.022,0.812,1633.77,6.768,129.0,0.94,0.599,1.482,2515.5,0.965,-0.018,t5_w3d_W2_s42,16900000.0
0.022,0.022,0.834,1633.77,6.768,130.0,0.945,0.599,1.482,2515.5,0.965,-0.025,t5_w3d_W2_s42,17000000.0
0.022,0.022,0.79,1610.5,6.749,131.0,0.943,0.601,1.484,2574.5,0.966,-0.019,t5_w3d_W2_s42,17200000.0
0.022,0.022,0.8,1610.5,6.749,132.0,0.944,0.601,1.484,2574.5,0.966,-0.01,t5_w3d_W2_s42,17300000.0
0.022,0.022,0.791,1575.112,6.854,133.0,0.945,0.589,1.474,2658.0,0.97,-0.021,t5_w3d_W2_s42,17400000.0
0.022,0.022,0.745,1575.112,6.854,134.0,0.94,0.589,1.474,2658.0,0.97,-0.008,t5_w3d_W2_s42,17600000.0
0.022,0.022,0.713,1541.427,6.887,135.0,0.947,0.591,1.452,2738.5,0.979,-0.009,t5_w3d_W2_s42,17700000.0
0.022,0.022,0.712,1541.427,6.887,136.0,0.953,0.591,1.452,2738.5,0.979,-0.011,t5_w3d_W2_s42,17800000.0
0.022,0.022,0.717,1507.88,6.952,137.0,0.96,0.588,1.476,2807.0,0.984,-0.018,t5_w3d_W2_s42,18000000.0
0.022,0.022,0.702,1507.88,6.952,138.0,0.952,0.588,1.476,2807.0,0.984,-0.01,t5_w3d_W2_s42,18100000.0
0.022,0.022,0.677,1490.324,6.957,139.0,0.959,0.589,1.464,2872.5,0.985,-0.01,t5_w3d_W2_s42,18200000.0
0.022,0.022,0.676,1490.324,6.957,140.0,0.957,0.589,1.464,2872.5,0.985,-0.014,t5_w3d_W2_s42,18400000.0
0.022,0.022,0.695,1465.143,7.022,141.0,0.96,0.581,1.486,2935.5,0.989,-0.02,t5_w3d_W2_s42,18500000.0
0.022,0.022,0.675,1465.143,7.022,142.0,0.963,0.581,1.486,2935.5,0.989,-0.01,t5_w3d_W2_s42,18600000.0
0.022,0.022,0.644,1472.58,7.011,143.0,0.964,0.578,1.488,2967.0,0.985,-0.008,t5_w3d_W2_s42,18700000.0
0.022,0.022,0.629,1472.58,7.011,144.0,0.967,0.578,1.488,2967.0,0.985,-0.012,t5_w3d_W2_s42,18900000.0
0.022,0.022,0.61,1435.897,7.092,145.0,0.97,0.569,1.485,3054.0,0.991,-0.012,t5_w3d_W2_s42,19000000.0
0.022,0.022,0.613,1435.897,7.092,146.0,0.963,0.569,1.485,3054.0,0.991,-0.021,t5_w3d_W2_s42,19100000.0
0.022,0.022,0.584,1429.978,7.079,147.0,0.966,0.57,1.492,3081.5,0.989,-0.009,t5_w3d_W2_s42,19300000.0
0.022,0.022,0.573,1429.978,7.079,148.0,0.966,0.57,1.492,3081.5,0.989,-0.013,t5_w3d_W2_s42,19400000.0
0.022,0.022,0.568,1413.51,7.112,149.0,0.97,0.568,1.468,3179.0,0.993,-0.016,t5_w3d_W2_s42,19500000.0
0.022,0.022,0.566,1413.51,7.112,150.0,0.969,0.568,1.468,3179.0,0.993,-0.013,t5_w3d_W2_s42,19700000.0
0.022,0.022,0.569,1431.802,7.118,151.0,0.969,0.567,1.471,3169.5,0.992,-0.021,t5_w3d_W2_s42,19800000.0
0.022,0.022,0.559,1431.802,7.118,152.0,0.969,0.567,1.471,3169.5,0.992,-0.007,t5_w3d_W2_s42,19900000.0
0.022,0.022,0.554,1412.706,7.138,153.0,0.971,0.565,1.482,3197.0,0.995,-0.021,t5_w3d_W2_s42,20100000.0
0.022,0.022,0.547,1412.706,7.138,154.0,0.973,0.565,1.482,3197.0,0.995,-0.007,t5_w3d_W2_s42,20200000.0
0.022,0.022,0.548,1399.549,7.147,155.0,0.972,0.563,1.484,3252.0,0.995,-0.008,t5_w3d_W2_s42,20300000.0
0.022,0.022,0.535,1399.549,7.147,156.0,0.971,0.563,1.484,3252.0,0.995,-0.02,t5_w3d_W2_s42,20400000.0
0.022,0.022,0.536,1391.402,7.136,157.0,0.969,0.565,1.488,3241.0,0.995,-0.021,t5_w3d_W2_s42,20600000.0
0.022,0.022,0.538,1391.402,7.136,158.0,0.97,0.565,1.488,3241.0,0.995,-0.025,t5_w3d_W2_s42,20700000.0
0.022,0.022,0.525,1383.118,7.111,159.0,0.972,0.567,1.476,3269.0,0.993,-0.006,t5_w3d_W2_s42,20800000.0
0.022,0.022,0.532,1383.118,7.111,160.0,0.973,0.567,1.476,3269.0,0.993,-0.012,t5_w3d_W2_s42,21000000.0
0.022,0.022,0.53,1373.528,7.164,161.0,0.974,0.56,1.477,3338.5,0.995,-0.004,t5_w3d_W2_s42,21100000.0
0.022,0.022,0.525,1373.528,7.164,162.0,0.972,0.56,1.477,3338.5,0.995,-0.008,t5_w3d_W2_s42,21200000.0
0.022,0.022,0.521,1388.109,7.182,163.0,0.976,0.558,1.5,3329.0,0.996,-0.006,t5_w3d_W2_s42,21400000.0
0.022,0.022,0.515,1388.109,7.182,164.0,0.978,0.558,1.5,3329.0,0.996,-0.012,t5_w3d_W2_s42,21500000.0
0.022,0.022,0.521,1355.658,7.194,165.0,0.973,0.558,1.476,3382.0,0.997,-0.013,t5_w3d_W2_s42,21600000.0
0.022,0.022,0.515,1355.658,7.194,166.0,0.974,0.558,1.476,3382.0,0.997,-0.026,t5_w3d_W2_s42,21800000.0
0.022,0.022,0.493,1370.456,7.184,167.0,0.971,0.555,1.466,3411.5,0.994,-0.007,t5_w3d_W2_s42,21900000.0
0.022,0.022,0.479,1370.456,7.184,168.0,0.972,0.555,1.466,3411.5,0.994,-0.02,t5_w3d_W2_s42,22000000.0
0.022,0.022,0.479,1345.367,7.177,169.0,0.975,0.557,1.472,3448.5,0.995,-0.009,t5_w3d_W2_s42,22200000.0
0.022,0.022,0.489,1345.367,7.177,170.0,0.974,0.557,1.472,3448.5,0.995,-0.026,t5_w3d_W2_s42,22300000.0
0.022,0.022,0.465,1367.249,7.198,171.0,0.972,0.554,1.502,3428.0,0.995,-0.0,t5_w3d_W2_s42,22400000.0
0.022,0.022,0.467,1367.249,7.198,172.0,0.976,0.554,1.502,3428.0,0.995,-0.006,t5_w3d_W2_s42,22500000.0
0.022,0.022,0.466,1367.881,7.261,173.0,0.975,0.544,1.463,3505.0,0.997,-0.01,t5_w3d_W2_s42,22700000.0
0.022,0.022,0.465,1367.881,7.261,174.0,0.97,0.544,1.463,3505.0,0.997,-0.023,t5_w3d_W2_s42,22800000.0
0.022,0.022,0.458,1392.172,7.224,175.0,0.975,0.547,1.474,3456.0,0.994,-0.01,t5_w3d_W2_s42,22900000.0
0.022,0.022,0.459,1392.172,7.224,176.0,0.974,0.547,1.474,3456.0,0.994,-0.009,t5_w3d_W2_s42,23100000.0
0.022,0.022,0.459,1397.784,7.264,177.0,0.974,0.543,1.48,3517.5,0.997,-0.015,t5_w3d_W2_s42,23200000.0
0.022,0.022,0.451,1397.784,7.264,178.0,0.976,0.543,1.48,3517.5,0.997,-0.014,t5_w3d_W2_s42,23300000.0
0.022,0.022,0.456,1386.57,7.224,179.0,0.975,0.548,1.484,3499.5,0.995,0.005,t5_w3d_W2_s42,23500000.0
0.022,0.022,0.449,1386.57,7.224,180.0,0.978,0.548,1.484,3499.5,0.995,-0.015,t5_w3d_W2_s42,23600000.0
0.022,0.022,0.45,1347.933,7.25,181.0,0.976,0.547,1.495,3538.5,0.998,-0.018,t5_w3d_W2_s42,23700000.0
0.022,0.022,0.439,1347.933,7.25,182.0,0.98,0.547,1.495,3538.5,0.998,-0.01,t5_w3d_W2_s42,23900000.0
0.022,0.022,0.443,1356.713,7.274,183.0,0.979,0.54,1.47,3604.0,0.996,-0.016,t5_w3d_W2_s42,24000000.0
0.022,0.022,0.442,1356.713,7.274,184.0,0.979,0.54,1.47,3604.0,0.996,-0.017,t5_w3d_W2_s42,24100000.0
0.022,0.022,0.429,1335.165,7.279,185.0,0.977,0.54,1.484,3607.5,0.997,-0.012,t5_w3d_W2_s42,24200000.0
0.022,0.022,0.428,1335.165,7.279,186.0,0.983,0.54,1.484,3607.5,0.997,-0.013,t5_w3d_W2_s42,24400000.0
0.022,0.022,0.424,1335.602,7.282,187.0,0.984,0.54,1.469,3626.0,0.998,-0.018,t5_w3d_W2_s42,24500000.0
0.022,0.022,0.417,1335.602,7.282,188.0,0.982,0.54,1.469,3626.0,0.998,-0.022,t5_w3d_W2_s42,24600000.0
0.022,0.022,0.413,1324.772,7.285,189.0,0.984,0.538,1.473,3680.0,0.997,-0.004,t5_w3d_W2_s42,24800000.0
0.022,0.022,0.42,1324.772,7.285,190.0,0.984,0.538,1.473,3680.0,0.997,-0.006,t5_w3d_W2_s42,24900000.0
0.022,0.022,0.407,1314.425,7.301,191.0,0.984,0.538,1.485,3689.0,0.999,-0.01,t5_w3d_W2_s42,25000000.0
0.022,0.022,0.402,1314.425,7.301,192.0,0.986,0.538,1.485,3689.0,0.999,-0.007,t5_w3d_W2_s42,25200000.0
0.022,0.022,0.405,1299.014,7.321,193.0,0.984,0.534,1.473,3725.0,0.999,-0.026,t5_w3d_W2_s42,25300000.0
0.022,0.022,0.396,1299.014,7.321,194.0,0.981,0.534,1.473,3725.0,0.999,-0.011,t5_w3d_W2_s42,25400000.0
0.022,0.022,0.397,1303.877,7.315,195.0,0.981,0.533,1.473,3709.0,0.998,-0.011,t5_w3d_W2_s42,25600000.0
0.022,0.022,0.4,1303.877,7.315,196.0,0.984,0.533,1.473,3709.0,0.998,-0.003,t5_w3d_W2_s42,25700000.0
0.022,0.022,0.398,1311.583,7.328,197.0,0.983,0.531,1.472,3751.5,0.998,-0.007,t5_w3d_W2_s42,25800000.0
0.022,0.022,0.399,1311.583,7.328,198.0,0.984,0.531,1.472,3751.5,0.998,-0.009,t5_w3d_W2_s42,26000000.0
0.022,0.022,0.396,1317.254,7.354,199.0,0.983,0.528,1.483,3769.5,0.999,-0.013,t5_w3d_W2_s42,26100000.0
0.022,0.022,0.393,1317.254,7.354,200.0,0.985,0.528,1.483,3769.5,0.999,0.0,t5_w3d_W2_s42,26200000.0
0.022,0.022,0.39,1306.277,7.345,201.0,0.984,0.528,1.475,3808.0,0.998,0.002,t5_w3d_W2_s42,26300000.0
0.022,0.022,0.39,1306.277,7.345,202.0,0.986,0.528,1.475,3808.0,0.998,-0.006,t5_w3d_W2_s42,26500000.0
0.022,0.022,0.385,1317.759,7.372,203.0,0.986,0.524,1.466,3810.0,0.999,0.005,t5_w3d_W2_s42,26600000.0
0.022,0.022,0.393,1317.759,7.372,204.0,0.983,0.524,1.466,3810.0,0.999,-0.013,t5_w3d_W2_s42,26700000.0
0.022,0.022,0.383,1340.781,7.39,205.0,0.987,0.52,1.471,3831.0,0.998,-0.01,t5_w3d_W2_s42,26900000.0
0.022,0.022,0.392,1340.781,7.39,206.0,0.986,0.52,1.471,3831.0,0.998,-0.006,t5_w3d_W2_s42,27000000.0
0.022,0.022,0.388,1350.01,7.404,207.0,0.987,0.517,1.468,3857.0,0.998,-0.008,t5_w3d_W2_s42,27100000.0
0.022,0.022,0.386,1350.01,7.404,208.0,0.987,0.517,1.468,3857.0,0.998,-0.008,t5_w3d_W2_s42,27300000.0
0.022,0.022,0.386,1333.115,7.399,209.0,0.983,0.519,1.477,3860.0,0.999,-0.007,t5_w3d_W2_s42,27400000.0
0.022,0.022,0.376,1333.115,7.399,210.0,0.987,0.519,1.477,3860.0,0.999,0.008,t5_w3d_W2_s42,27500000.0
0.022,0.022,0.381,1331.749,7.407,211.0,0.987,0.517,1.476,3897.5,0.999,0.004,t5_w3d_W2_s42,27700000.0
0.022,0.022,0.375,1331.749,7.407,212.0,0.988,0.517,1.476,3897.5,0.999,-0.002,t5_w3d_W2_s42,27800000.0
0.022,0.022,0.379,1339.593,7.415,213.0,0.986,0.516,1.482,3856.5,0.999,-0.007,t5_w3d_W2_s42,27900000.0
0.022,0.022,0.383,1339.593,7.415,214.0,0.987,0.516,1.482,3856.5,0.999,-0.024,t5_w3d_W2_s42,28000000.0
0.022,0.022,0.378,1349.061,7.435,215.0,0.988,0.51,1.471,3864.5,0.998,-0.004,t5_w3d_W2_s42,28200000.0
0.022,0.022,0.38,1349.061,7.435,216.0,0.986,0.51,1.471,3864.5,0.998,-0.027,t5_w3d_W2_s42,28300000.0
0.022,0.022,0.374,1359.857,7.435,217.0,0.986,0.511,1.48,3886.5,0.998,-0.001,t5_w3d_W2_s42,28400000.0
0.022,0.022,0.377,1359.857,7.435,218.0,0.986,0.511,1.48,3886.5,0.998,-0.012,t5_w3d_W2_s42,28600000.0
0.022,0.022,0.378,1350.81,7.443,219.0,0.988,0.509,1.462,3914.5,0.999,-0.01,t5_w3d_W2_s42,28700000.0
0.022,0.022,0.385,1350.81,7.443,220.0,0.987,0.509,1.462,3914.5,0.999,-0.009,t5_w3d_W2_s42,28800000.0
0.022,0.022,0.381,1343.489,7.449,221.0,0.988,0.509,1.496,3939.5,0.999,-0.006,t5_w3d_W2_s42,29000000.0
0.022,0.022,0.384,1343.489,7.449,222.0,0.988,0.509,1.496,3939.5,0.999,-0.019,t5_w3d_W2_s42,29100000.0
0.022,0.022,0.383,1324.917,7.446,223.0,0.988,0.51,1.467,3930.5,1.0,-0.01,t5_w3d_W2_s42,29200000.0
0.022,0.022,0.378,1324.917,7.446,224.0,0.99,0.51,1.467,3930.5,1.0,-0.007,t5_w3d_W2_s42,29400000.0
0.022,0.022,0.377,1318.011,7.435,225.0,0.988,0.512,1.488,3949.0,0.999,-0.038,t5_w3d_W2_s42,29500000.0
0.022,0.022,0.376,1318.011,7.435,226.0,0.986,0.512,1.488,3949.0,0.999,-0.017,t5_w3d_W2_s42,29600000.0
0.022,0.022,0.376,1322.722,7.435,227.0,0.987,0.51,1.476,3982.0,0.998,-0.007,t5_w3d_W2_s42,29800000.0
0.022,0.022,0.377,1322.722,7.435,228.0,0.987,0.51,1.476,3982.0,0.998,-0.0,t5_w3d_W2_s42,29900000.0
0.022,0.022,0.375,1316.287,7.45,229.0,0.988,0.509,1.478,3971.5,0.999,-0.004,t5_w3d_W2_s42,30000000.0
0.022,0.022,0.37,1316.287,7.45,230.0,0.988,0.509,1.478,3971.5,0.999,-0.018,t5_w3d_W2_s42,30100000.0
0.022,0.022,0.371,1299.286,7.426,231.0,0.989,0.513,1.465,4026.5,0.999,0.005,t5_w3d_W2_s42,30300000.0
0.022,0.022,0.367,1299.286,7.426,232.0,0.989,0.513,1.465,4026.5,0.999,-0.004,t5_w3d_W2_s42,30400000.0
0.022,0.022,0.368,1296.391,7.455,233.0,0.989,0.509,1.47,4025.0,1.0,-0.001,t5_w3d_W2_s42,30500000.0
0.022,0.022,0.361,1296.391,7.455,234.0,0.989,0.509,1.47,4025.0,1.0,-0.008,t5_w3d_W2_s42,30700000.0
0.022,0.022,0.365,1289.202,7.455,235.0,0.989,0.508,1.479,4088.0,0.999,-0.007,t5_w3d_W2_s42,30800000.0
0.022,0.022,0.362,1289.202,7.455,236.0,0.989,0.508,1.479,4088.0,0.999,-0.0,t5_w3d_W2_s42,30900000.0
0.022,0.022,0.365,1285.051,7.47,237.0,0.99,0.505,1.488,4094.0,1.0,0.003,t5_w3d_W2_s42,31100000.0
0.022,0.022,0.364,1285.051,7.47,238.0,0.987,0.505,1.488,4094.0,1.0,-0.004,t5_w3d_W2_s42,31200000.0
0.022,0.022,0.365,1269.062,7.455,239.0,0.989,0.507,1.49,4084.5,0.999,-0.022,t5_w3d_W2_s42,31300000.0
0.022,0.022,0.365,1269.062,7.455,240.0,0.987,0.507,1.49,4084.5,0.999,-0.003,t5_w3d_W2_s42,31500000.0
0.022,0.022,0.363,1277.932,7.458,241.0,0.99,0.507,1.472,4098.5,0.999,-0.005,t5_w3d_W2_s42,31600000.0
0.022,0.022,0.357,1277.932,7.458,242.0,0.99,0.507,1.472,4098.5,0.999,-0.026,t5_w3d_W2_s42,31700000.0
0.022,0.022,0.362,1266.089,7.449,243.0,0.987,0.509,1.464,4122.0,0.999,-0.013,t5_w3d_W2_s42,31900000.0
0.022,0.022,0.361,1266.089,7.449,244.0,0.99,0.509,1.464,4122.0,0.999,-0.007,t5_w3d_W2_s42,32000000.0
0.022,0.022,0.356,1289.022,7.458,245.0,0.988,0.507,1.485,4131.5,0.999,-0.004,t5_w3d_W2_s42,32100000.0
0.022,0.022,0.358,1289.022,7.458,246.0,0.991,0.507,1.485,4131.5,0.999,-0.0,t5_w3d_W2_s42,32200000.000000004
0.022,0.022,0.356,1273.901,7.472,247.0,0.991,0.504,1.466,4159.5,0.999,-0.007,t5_w3d_W2_s42,32400000.0
0.022,0.022,0.354,1273.901,7.472,248.0,0.99,0.504,1.466,4159.5,0.999,-0.011,t5_w3d_W2_s42,32500000.0
0.022,0.022,0.351,1249.436,7.459,249.0,0.985,0.507,1.487,4147.5,0.999,-0.039,t5_w3d_W2_s42,32600000.0
0.022,0.022,0.353,1249.436,7.459,250.0,0.989,0.507,1.487,4147.5,0.999,-0.015,t5_w3d_W2_s42,32799999.999999996
0.022,0.022,0.35,1241.06,7.423,251.0,0.989,0.512,1.469,4184.0,0.999,-0.007,t5_w3d_W2_s42,32900000.0
0.022,0.022,0.349,1241.06,7.423,252.0,0.99,0.512,1.469,4184.0,0.999,-0.004,t5_w3d_W2_s42,33000000.0
0.022,0.022,0.352,1250.405,7.447,253.0,0.987,0.51,1.484,4188.5,0.999,-0.021,t5_w3d_W2_s42,33200000.000000004
0.022,0.022,0.356,1250.405,7.447,254.0,0.988,0.51,1.484,4188.5,0.999,-0.015,t5_w3d_W2_s42,33299999.999999996
0.022,0.022,0.355,1251.018,7.436,255.0,0.989,0.511,1.488,4169.0,0.999,-0.009,t5_w3d_W2_s42,33400000.0
0.022,0.022,0.35,1251.018,7.436,256.0,0.985,0.511,1.488,4169.0,0.999,-0.01,t5_w3d_W2_s42,33600000.0
0.022,0.022,0.347,1243.756,7.49,257.0,0.989,0.501,1.464,4243.0,0.999,-0.002,t5_w3d_W2_s42,33700000.0
0.022,0.022,0.349,1243.756,7.49,258.0,0.99,0.501,1.464,4243.0,0.999,-0.014,t5_w3d_W2_s42,33800000.0
0.022,0.022,0.35,1244.159,7.47,259.0,0.987,0.505,1.495,4234.0,0.999,-0.001,t5_w3d_W2_s42,33900000.0
0.022,0.022,0.355,1244.159,7.47,260.0,0.989,0.505,1.495,4234.0,0.999,-0.006,t5_w3d_W2_s42,34100000.0
0.022,0.022,0.352,1257.376,7.48,261.0,0.991,0.503,1.479,4238.5,1.0,0.008,t5_w3d_W2_s42,34200000.0
0.022,0.022,0.348,1257.376,7.48,262.0,0.991,0.503,1.479,4238.5,1.0,0.0,t5_w3d_W2_s42,34300000.0
0.022,0.022,0.346,1262.697,7.479,263.0,0.991,0.504,1.481,4228.5,1.0,-0.002,t5_w3d_W2_s42,34500000.0
0.022,0.022,0.352,1262.697,7.479,264.0,0.991,0.504,1.481,4228.5,1.0,-0.013,t5_w3d_W2_s42,34600000.0
0.022,0.022,0.355,1276.973,7.489,265.0,0.99,0.502,1.482,4238.5,1.0,-0.008,t5_w3d_W2_s42,34700000.0
0.022,0.022,0.348,1276.973,7.489,266.0,0.99,0.502,1.482,4238.5,1.0,-0.006,t5_w3d_W2_s42,34900000.0
0.022,0.022,0.354,1281.899,7.487,267.0,0.988,0.502,1.468,4263.5,0.999,0.008,t5_w3d_W2_s42,35000000.0
0.022,0.022,0.355,1281.899,7.487,268.0,0.988,0.502,1.468,4263.5,0.999,-0.01,t5_w3d_W2_s42,35100000.0
0.022,0.022,0.354,1273.328,7.479,269.0,0.991,0.503,1.488,4266.5,1.0,-0.002,t5_w3d_W2_s42,35300000.0
0.022,0.022,0.358,1273.328,7.479,270.0,0.99,0.503,1.488,4266.5,1.0,-0.015,t5_w3d_W2_s42,35400000.0
0.022,0.022,0.354,1282.441,7.492,271.0,0.991,0.5,1.472,4298.0,0.999,-0.006,t5_w3d_W2_s42,35500000.0
0.022,0.022,0.353,1282.441,7.492,272.0,0.989,0.5,1.472,4298.0,0.999,-0.007,t5_w3d_W2_s42,35700000.0
0.022,0.022,0.355,1272.278,7.511,273.0,0.991,0.497,1.477,4338.0,0.999,-0.023,t5_w3d_W2_s42,35800000.0
0.022,0.022,0.364,1272.278,7.511,274.0,0.99,0.497,1.477,4338.0,0.999,-0.01,t5_w3d_W2_s42,35900000.0
0.022,0.022,0.354,1290.245,7.503,275.0,0.99,0.498,1.466,4312.0,0.999,-0.004,t5_w3d_W2_s42,36000000.0
0.022,0.022,0.357,1290.245,7.503,276.0,0.99,0.498,1.466,4312.0,0.999,-0.005,t5_w3d_W2_s42,36200000.0
0.022,0.022,0.358,1285.062,7.501,277.0,0.991,0.499,1.476,4320.0,0.999,-0.006,t5_w3d_W2_s42,36300000.0
0.022,0.022,0.353,1285.062,7.501,278.0,0.989,0.499,1.476,4320.0,0.999,-0.012,t5_w3d_W2_s42,36400000.0
0.022,0.022,0.356,1281.911,7.516,279.0,0.989,0.496,1.496,4360.0,0.999,-0.012,t5_w3d_W2_s42,36600000.0
0.022,0.022,0.357,1281.911,7.516,280.0,0.99,0.496,1.496,4360.0,0.999,-0.0,t5_w3d_W2_s42,36700000.0
0.022,0.022,0.361,1284.724,7.495,281.0,0.989,0.5,1.485,4340.0,0.999,-0.016,t5_w3d_W2_s42,36800000.0
0.022,0.022,0.36,1284.724,7.495,282.0,0.991,0.5,1.485,4340.0,0.999,0.002,t5_w3d_W2_s42,37000000.0
0.022,0.022,0.36,1283.24,7.49,283.0,0.992,0.501,1.492,4338.5,1.0,-0.005,t5_w3d_W2_s42,37100000.0
0.022,0.022,0.361,1283.24,7.49,284.0,0.99,0.501,1.492,4338.5,1.0,-0.031,t5_w3d_W2_s42,37200000.0
0.022,0.022,0.357,1288.129,7.489,285.0,0.99,0.501,1.489,4361.0,0.999,-0.007,t5_w3d_W2_s42,37400000.0
0.022,0.022,0.356,1288.129,7.489,286.0,0.991,0.501,1.489,4361.0,0.999,-0.003,t5_w3d_W2_s42,37500000.0
0.022,0.022,0.362,1285.554,7.494,287.0,0.991,0.501,1.486,4391.5,1.0,-0.001,t5_w3d_W2_s42,37600000.0
0.022,0.022,0.362,1285.554,7.494,288.0,0.991,0.501,1.486,4391.5,1.0,-0.01,t5_w3d_W2_s42,37700000.0
0.022,0.022,0.361,1286.756,7.51,289.0,0.992,0.497,1.476,4400.5,1.0,-0.005,t5_w3d_W2_s42,37900000.0
0.022,0.022,0.366,1286.756,7.51,290.0,0.989,0.497,1.476,4400.5,1.0,-0.02,t5_w3d_W2_s42,38000000.0
0.022,0.022,0.368,1284.402,7.503,291.0,0.99,0.499,1.475,4402.0,1.0,-0.001,t5_w3d_W2_s42,38100000.0
0.022,0.022,0.37,1284.402,7.503,292.0,0.992,0.499,1.475,4402.0,1.0,0.004,t5_w3d_W2_s42,38300000.0
0.022,0.022,0.373,1285.552,7.499,293.0,0.99,0.5,1.471,4440.0,1.0,-0.015,t5_w3d_W2_s42,38400000.0
0.022,0.022,0.373,1285.552,7.499,294.0,0.99,0.5,1.471,4440.0,1.0,-0.007,t5_w3d_W2_s42,38500000.0
0.022,0.022,0.377,1298.226,7.476,295.0,0.992,0.504,1.47,4400.0,0.999,0.004,t5_w3d_W2_s42,38700000.0
0.022,0.022,0.375,1298.226,7.476,296.0,0.992,0.504,1.47,4400.0,0.999,0.005,t5_w3d_W2_s42,38800000.0
0.022,0.022,0.375,1286.976,7.481,297.0,0.992,0.504,1.475,4438.0,1.0,-0.007,t5_w3d_W2_s42,38900000.0
0.022,0.022,0.376,1286.976,7.481,298.0,0.991,0.504,1.475,4438.0,1.0,-0.01,t5_w3d_W2_s42,39100000.0
0.022,0.022,0.372,1284.439,7.467,299.0,0.992,0.506,1.477,4451.0,1.0,-0.004,t5_w3d_W2_s42,39200000.0
0.022,0.022,0.378,1284.439,7.467,300.0,0.986,0.506,1.477,4451.0,1.0,-0.033,t5_w3d_W2_s42,39300000.0
0.022,0.022,0.382,1299.033,7.455,301.0,0.99,0.507,1.478,4448.5,0.999,-0.022,t5_w3d_W2_s42,39500000.0
0.022,0.022,0.379,1299.033,7.455,302.0,0.991,0.507,1.478,4448.5,0.999,-0.002,t5_w3d_W2_s42,39600000.0
0.022,0.022,0.383,1290.682,7.477,303.0,0.989,0.504,1.496,4503.5,0.999,-0.028,t5_w3d_W2_s42,39700000.0
0.022,0.022,0.381,1290.682,7.477,304.0,0.99,0.504,1.496,4503.5,0.999,-0.001,t5_w3d_W2_s42,39800000.0
0.022,0.022,0.389,1293.86,7.46,305.0,0.99,0.507,1.472,4520.5,0.999,-0.012,t5_w3d_W2_s42,40000000.0
0.022,0.022,0.388,1293.86,7.46,306.0,0.991,0.507,1.472,4520.5,0.999,0.004,t5_w3d_W2_s42,40100000.0
0.022,0.022,0.391,1278.528,7.458,307.0,0.99,0.508,1.481,4558.0,1.0,-0.007,t5_w3d_W2_s42,40200000.0
0.022,0.022,0.39,1278.528,7.458,308.0,0.99,0.508,1.481,4558.0,1.0,0.01,t5_w3d_W2_s42,40400000.0
0.022,0.022,0.394,1289.833,7.444,309.0,0.989,0.511,1.467,4563.0,1.0,-0.024,t5_w3d_W2_s42,40500000.0
0.022,0.022,0.4,1289.833,7.444,310.0,0.99,0.511,1.467,4563.0,1.0,-0.006,t5_w3d_W2_s42,40600000.0
0.022,0.022,0.401,1280.165,7.438,311.0,0.985,0.511,1.467,4584.5,1.0,-0.025,t5_w3d_W2_s42,40800000.0
0.022,0.022,0.401,1280.165,7.438,312.0,0.99,0.511,1.467,4584.5,1.0,-0.011,t5_w3d_W2_s42,40900000.0
0.022,0.022,0.398,1294.368,7.444,313.0,0.988,0.51,1.479,4633.0,0.999,-0.008,t5_w3d_W2_s42,41000000.0
0.022,0.022,0.4,1294.368,7.444,314.0,0.989,0.51,1.479,4633.0,0.999,-0.024,t5_w3d_W2_s42,41200000.0
0.022,0.022,0.405,1306.908,7.442,315.0,0.989,0.511,1.47,4590.5,0.999,-0.005,t5_w3d_W2_s42,41300000.0
0.022,0.022,0.409,1306.908,7.442,316.0,0.99,0.511,1.47,4590.5,0.999,0.001,t5_w3d_W2_s42,41400000.0
0.022,0.022,0.41,1292.367,7.452,317.0,0.987,0.509,1.488,4667.5,1.0,-0.012,t5_w3d_W2_s42,41500000.0
0.022,0.022,0.413,1292.367,7.452,318.0,0.989,0.509,1.488,4667.5,1.0,-0.013,t5_w3d_W2_s42,41700000.0
0.022,0.022,0.416,1301.71,7.43,319.0,0.99,0.513,1.477,4693.0,1.0,-0.001,t5_w3d_W2_s42,41800000.0
0.022,0.022,0.42,1301.71,7.43,320.0,0.99,0.513,1.477,4693.0,1.0,-0.008,t5_w3d_W2_s42,41900000.0
0.022,0.022,0.419,1296.627,7.436,321.0,0.989,0.512,1.481,4724.5,1.0,-0.025,t5_w3d_W2_s42,42100000.0
0.022,0.022,0.42,1296.627,7.436,322.0,0.988,0.512,1.481,4724.5,1.0,-0.015,t5_w3d_W2_s42,42200000.0
0.022,0.022,0.421,1293.745,7.42,323.0,0.986,0.514,1.481,4740.5,0.999,-0.022,t5_w3d_W2_s42,42300000.0
0.022,0.022,0.423,1293.745,7.42,324.0,0.99,0.514,1.481,4740.5,0.999,0.006,t5_w3d_W2_s42,42500000.0
0.022,0.022,0.424,1319.88,7.43,325.0,0.99,0.513,1.486,4734.0,1.0,0.009,t5_w3d_W2_s42,42600000.0
0.022,0.022,0.424,1319.88,7.43,326.0,0.989,0.513,1.486,4734.0,1.0,-0.018,t5_w3d_W2_s42,42700000.0
0.022,0.022,0.425,1308.024,7.43,327.0,0.987,0.513,1.48,4805.0,1.0,-0.036,t5_w3d_W2_s42,42900000.0
0.022,0.022,0.429,1308.024,7.43,328.0,0.99,0.513,1.48,4805.0,1.0,-0.0,t5_w3d_W2_s42,43000000.0
0.022,0.022,0.427,1288.211,7.391,329.0,0.99,0.52,1.475,4779.5,0.999,-0.004,t5_w3d_W2_s42,43100000.0
0.022,0.022,0.433,1288.211,7.391,330.0,0.989,0.52,1.475,4779.5,0.999,-0.015,t5_w3d_W2_s42,43300000.0
0.022,0.022,0.427,1297.775,7.409,331.0,0.987,0.517,1.473,4854.5,1.0,-0.022,t5_w3d_W2_s42,43400000.0
0.022,0.022,0.426,1297.775,7.409,332.0,0.987,0.517,1.473,4854.5,1.0,-0.017,t5_w3d_W2_s42,43500000.0
0.022,0.022,0.431,1292.947,7.395,333.0,0.989,0.52,1.492,4832.0,0.999,-0.032,t5_w3d_W2_s42,43600000.0
0.022,0.022,0.433,1292.947,7.395,334.0,0.987,0.52,1.492,4832.0,0.999,-0.015,t5_w3d_W2_s42,43800000.0
0.022,0.022,0.425,1286.509,7.403,335.0,0.988,0.518,1.476,4874.0,0.999,-0.011,t5_w3d_W2_s42,43900000.0
0.022,0.022,0.428,1286.509,7.403,336.0,0.982,0.518,1.476,4874.0,0.999,-0.019,t5_w3d_W2_s42,44000000.0
0.022,0.022,0.433,1296.599,7.384,337.0,0.99,0.522,1.481,4894.0,0.999,-0.003,t5_w3d_W2_s42,44200000.0
0.022,0.022,0.429,1296.599,7.384,338.0,0.988,0.522,1.481,4894.0,0.999,-0.014,t5_w3d_W2_s42,44300000.0
0.022,0.022,0.43,1288.726,7.383,339.0,0.989,0.523,1.481,4898.5,1.0,-0.019,t5_w3d_W2_s42,44400000.0
0.022,0.022,0.435,1288.726,7.383,340.0,0.99,0.523,1.481,4898.5,1.0,0.009,t5_w3d_W2_s42,44600000.0
0.022,0.022,0.436,1297.117,7.374,341.0,0.987,0.525,1.491,4903.5,1.0,0.001,t5_w3d_W2_s42,44700000.0
0.022,0.022,0.432,1297.117,7.374,342.0,0.99,0.525,1.491,4903.5,1.0,0.008,t5_w3d_W2_s42,44800000.0
0.022,0.022,0.438,1295.714,7.368,343.0,0.988,0.526,1.484,4904.0,1.0,-0.032,t5_w3d_W2_s42,45000000.0
0.022,0.022,0.436,1295.714,7.368,344.0,0.988,0.526,1.484,4904.0,1.0,-0.02,t5_w3d_W2_s42,45100000.0
0.022,0.022,0.432,1291.262,7.368,345.0,0.99,0.525,1.464,4904.0,0.999,-0.003,t5_w3d_W2_s42,45100000.0
0.022,0.022,0.434,1291.262,7.368,346.0,0.989,0.525,1.464,4904.0,0.999,-0.012,t5_w3d_W2_s42,45100000.0
0.022,0.022,0.437,1296.754,7.371,347.0,0.988,0.526,1.472,4942.0,1.0,-0.017,t5_w3d_W2_s42,45100000.0
0.022,0.022,0.434,1296.754,7.371,348.0,0.987,0.526,1.472,4942.0,1.0,-0.021,t5_w3d_W2_s42,45100000.0
0.022,0.022,0.434,1294.191,7.366,349.0,0.989,0.526,1.488,4935.0,0.999,0.0,t5_w3d_W2_s42,45100000.0
0.022,0.022,0.434,1294.191,7.366,350.0,0.988,0.526,1.488,4935.0,0.999,-0.009,t5_w3d_W2_s42,45100000.0
0.022,0.022,0.432,1305.617,7.354,351.0,0.987,0.529,1.481,4922.0,1.0,-0.029,t5_w3d_W2_s42,45100000.0
0.022,0.022,0.435,1305.617,7.354,352.0,0.99,0.529,1.481,4922.0,1.0,-0.005,t5_w3d_W2_s42,45100000.0
0.022,0.022,0.436,1302.979,7.357,353.0,0.99,0.528,1.482,4949.5,1.0,0.0,t5_w3d_W2_s42,45100000.0
0.022,0.022,0.432,1302.979,7.357,354.0,0.987,0.528,1.482,4949.5,1.0,-0.02,t5_w3d_W2_s42,45100000.0
0.022,0.022,0.433,1289.801,7.361,355.0,0.989,0.527,1.479,4956.0,0.999,-0.018,t5_w3d_W2_s42,45100000.0
0.022,0.022,0.434,1289.801,7.361,356.0,0.99,0.527,1.479,4956.0,0.999,-0.004,t5_w3d_W2_s42,45100000.0
0.022,0.022,0.433,1298.029,7.365,357.0,0.991,0.526,1.481,4971.0,1.0,0.004,t5_w3d_W2_s42,45100000.0
0.022,0.022,0.433,1298.029,7.365,358.0,0.99,0.526,1.481,4971.0,1.0,0.003,t5_w3d_W2_s42,45100000.0
0.022,0.022,0.435,1286.369,7.369,359.0,0.99,0.526,1.492,4971.5,1.0,0.01,t5_w3d_W2_s42,45100000.0
0.022,0.022,0.431,1286.369,7.369,360.0,0.988,0.526,1.492,4971.5,1.0,-0.019,t5_w3d_W2_s42,45100000.0
0.022,0.022,0.429,1286.644,7.366,361.0,0.989,0.526,1.486,4998.5,1.0,-0.024,t5_w3d_W2_s42,45100000.0
0.022,0.022,0.434,1286.644,7.366,362.0,0.99,0.526,1.486,4998.5,1.0,-0.002,t5_w3d_W2_s42,45100000.0
0.022,0.022,0.43,1284.627,7.359,363.0,0.99,0.528,1.477,4969.5,1.0,-0.006,t5_w3d_W2_s42,45100000.0
0.022,0.022,0.429,1284.627,7.359,364.0,0.989,0.528,1.477,4969.5,1.0,-0.007,t5_w3d_W2_s42,45100000.0
0.022,0.022,0.433,1283.417,7.368,365.0,0.99,0.526,1.477,5008.5,1.0,0.012,t5_w3d_W2_s42,45100000.0
0.022,0.022,0.432,1283.417,7.368,366.0,0.99,0.526,1.477,5008.5,1.0,-0.016,t5_w3d_W2_s42,45100000.0
0.022,0.022,0.433,1290.314,7.378,367.0,0.989,0.524,1.475,4971.5,1.0,-0.007,t5_w3d_W2_s42,45100000.0
0.022,0.022,0.434,1290.314,7.378,368.0,0.991,0.524,1.475,4971.5,1.0,-0.005,t5_w3d_W2_s42,45100000.0
0.022,0.022,0.434,1295.55,7.376,369.0,0.991,0.524,1.474,5010.5,1.0,0.004,t5_w3d_W2_s42,45100000.0
0.022,0.022,0.432,1295.55,7.376,370.0,0.99,0.524,1.474,5010.5,1.0,0.008,t5_w3d_W2_s42,48500000.0
0.022,0.022,0.435,1294.297,7.379,371.0,0.989,0.524,1.473,5001.5,1.0,-0.026,t5_w3d_W2_s42,48600000.0
0.022,0.022,0.432,1294.297,7.379,372.0,0.99,0.524,1.473,5001.5,1.0,-0.014,t5_w3d_W2_s42,48800000.0
0.022,0.022,0.431,1297.758,7.362,373.0,0.99,0.527,1.485,4985.5,0.999,-0.009,t5_w3d_W2_s42,48900000.0
0.022,0.022,0.432,1297.758,7.362,374.0,0.988,0.527,1.485,4985.5,0.999,-0.027,t5_w3d_W2_s42,49000000.0
0.022,0.022,0.43,1290.89,7.382,375.0,0.988,0.523,1.487,4999.5,1.0,-0.032,t5_w3d_W2_s42,49000000.0
0.022,0.022,0.432,1290.89,7.382,376.0,0.99,0.523,1.487,4999.5,1.0,0.008,t5_w3d_W2_s42,49000000.0
0.022,0.022,0.433,1289.294,7.358,377.0,0.99,0.528,1.493,4987.5,1.0,0.004,t5_w3d_W2_s42,49000000.0
0.022,0.022,0.432,1289.294,7.358,378.0,0.985,0.528,1.493,4987.5,1.0,-0.043,t5_w3d_W2_s42,49000000.0
0.022,0.022,0.432,1292.278,7.367,379.0,0.99,0.526,1.467,5004.5,1.0,-0.014,t5_w3d_W2_s42,49000000.0
0.022,0.022,0.432,1292.278,7.367,380.0,0.99,0.526,1.467,5004.5,1.0,0.006,t5_w3d_W2_s42,49000000.0
0.022,0.022,0.43,1279.946,7.377,381.0,0.988,0.524,1.471,4990.0,1.0,-0.01,t5_w3d_W2_s42,49000000.0
0.022,0.022,0.432,1290.339,7.37,382.0,0.989,0.525,1.483,4997.794,1.0,-0.003,t5_w3d_W2_s42,49000000.0
0.06,0.049,0.574,2228.467,2.241,3.0,0.929,0.773,1.709,1757.5,0.496,-0.007,t5_w3d_W3_s42,393200.0
0.06,0.049,0.561,2228.467,2.241,4.0,0.93,0.773,1.709,1757.5,0.496,-0.001,t5_w3d_W3_s42,524300.0
0.071,0.062,0.579,2559.561,1.013,5.0,0.936,0.801,1.564,1963.5,0.302,0.004,t5_w3d_W3_s42,655400.0
0.071,0.062,0.59,2559.561,1.013,6.0,0.944,0.801,1.564,1963.5,0.302,0.01,t5_w3d_W3_s42,786400.0
0.072,0.063,0.597,2560.798,1.817,7.0,0.948,0.793,1.568,1894.0,0.359,0.009,t5_w3d_W3_s42,917500.0
0.072,0.063,0.615,2560.798,1.817,8.0,0.958,0.793,1.568,1894.0,0.359,0.015,t5_w3d_W3_s42,1000000.0
0.071,0.062,0.611,2523.199,2.38,9.0,0.962,0.796,1.577,1916.5,0.418,0.011,t5_w3d_W3_s42,1200000.0
0.071,0.062,0.619,2523.199,2.38,10.0,0.969,0.796,1.577,1916.5,0.418,0.013,t5_w3d_W3_s42,1300000.0
0.071,0.061,0.608,2406.905,3.018,11.0,0.971,0.793,1.554,1885.5,0.513,0.007,t5_w3d_W3_s42,1400000.0
0.071,0.061,0.638,2406.905,3.018,12.0,0.977,0.793,1.554,1885.5,0.513,0.007,t5_w3d_W3_s42,1600000.0
0.072,0.061,0.633,2310.249,3.388,13.0,0.978,0.791,1.557,1868.0,0.567,0.009,t5_w3d_W3_s42,1700000.0
0.072,0.061,0.642,2310.249,3.388,14.0,0.98,0.791,1.557,1868.0,0.567,0.004,t5_w3d_W3_s42,1800000.0
0.072,0.062,0.662,2184.325,3.674,15.0,0.981,0.78,1.606,1911.5,0.61,-0.006,t5_w3d_W3_s42,2000000.0
0.072,0.062,0.656,2184.325,3.674,16.0,0.983,0.78,1.606,1911.5,0.61,-0.0,t5_w3d_W3_s42,2100000.0
0.072,0.062,0.67,2123.856,3.868,17.0,0.983,0.776,1.568,1904.0,0.634,-0.002,t5_w3d_W3_s42,2200000.0
0.072,0.062,0.672,2123.856,3.868,18.0,0.986,0.776,1.568,1904.0,0.634,-0.003,t5_w3d_W3_s42,2400000.0
0.071,0.061,0.684,2107.275,3.922,19.0,0.985,0.78,1.592,1904.5,0.636,-0.007,t5_w3d_W3_s42,2500000.0
0.071,0.061,0.698,2107.275,3.922,20.0,0.987,0.78,1.592,1904.5,0.636,-0.008,t5_w3d_W3_s42,2600000.0
0.072,0.062,0.682,2095.715,3.893,21.0,0.985,0.779,1.559,1939.0,0.635,-0.006,t5_w3d_W3_s42,2800000.0
0.072,0.062,0.704,2095.715,3.893,22.0,0.988,0.779,1.559,1939.0,0.635,-0.005,t5_w3d_W3_s42,2900000.0
0.071,0.062,0.72,2052.946,4.005,23.0,0.986,0.779,1.543,1906.5,0.651,-0.01,t5_w3d_W3_s42,3000000.0
0.071,0.062,0.736,2052.946,4.005,24.0,0.987,0.779,1.543,1906.5,0.651,-0.001,t5_w3d_W3_s42,3100000.0
0.072,0.061,0.741,2085.338,3.965,25.0,0.989,0.787,1.576,1880.0,0.649,0.001,t5_w3d_W3_s42,3300000.0
0.072,0.061,0.729,2085.338,3.965,26.0,0.987,0.787,1.576,1880.0,0.649,-0.005,t5_w3d_W3_s42,3400000.0
0.071,0.062,0.734,2081.21,4.046,27.0,0.987,0.789,1.549,1898.0,0.662,-0.009,t5_w3d_W3_s42,3500000.0
0.071,0.062,0.747,2081.21,4.046,28.0,0.987,0.789,1.549,1898.0,0.662,-0.006,t5_w3d_W3_s42,3700000.0
0.073,0.062,0.729,2094.344,3.918,29.0,0.989,0.798,1.577,1881.5,0.652,-0.007,t5_w3d_W3_s42,3800000.0
0.073,0.062,0.741,2094.344,3.918,30.0,0.989,0.798,1.577,1881.5,0.652,-0.011,t5_w3d_W3_s42,3900000.0
0.071,0.062,0.732,2052.977,4.043,31.0,0.986,0.799,1.577,1898.0,0.67,-0.007,t5_w3d_W3_s42,4099999.9999999995
0.071,0.062,0.734,2052.977,4.043,32.0,0.987,0.799,1.577,1898.0,0.67,-0.006,t5_w3d_W3_s42,4200000.0
0.073,0.064,0.747,2053.342,3.969,33.0,0.989,0.795,1.57,1878.0,0.666,-0.002,t5_w3d_W3_s42,4300000.0
0.073,0.064,0.755,2053.342,3.969,34.0,0.99,0.795,1.57,1878.0,0.666,0.0,t5_w3d_W3_s42,4500000.0
0.072,0.062,0.756,2059.839,4.1,35.0,0.991,0.789,1.609,1855.5,0.669,-0.009,t5_w3d_W3_s42,4600000.0
0.072,0.062,0.77,2059.839,4.1,36.0,0.99,0.789,1.609,1855.5,0.669,-0.013,t5_w3d_W3_s42,4700000.0
0.071,0.061,0.784,2002.277,4.154,37.0,0.99,0.79,1.563,1923.5,0.688,-0.008,t5_w3d_W3_s42,4800000.0
0.071,0.061,0.798,2002.277,4.154,38.0,0.991,0.79,1.563,1923.5,0.688,-0.009,t5_w3d_W3_s42,5000000.0
0.072,0.062,0.786,2025.795,4.111,39.0,0.989,0.793,1.589,1882.0,0.679,-0.009,t5_w3d_W3_s42,5100000.0
0.072,0.062,0.801,2025.795,4.111,40.0,0.991,0.793,1.589,1882.0,0.679,-0.007,t5_w3d_W3_s42,5200000.0
0.072,0.062,0.801,2034.938,4.047,41.0,0.99,0.8,1.568,1847.0,0.676,-0.011,t5_w3d_W3_s42,5400000.0
0.072,0.062,0.812,2034.938,4.047,42.0,0.991,0.8,1.568,1847.0,0.676,-0.006,t5_w3d_W3_s42,5500000.0
0.074,0.064,0.809,2011.068,4.041,43.0,0.991,0.802,1.576,1852.5,0.669,-0.008,t5_w3d_W3_s42,5600000.0
0.074,0.064,0.816,2011.068,4.041,44.0,0.992,0.802,1.576,1852.5,0.669,-0.001,t5_w3d_W3_s42,5800000.0
0.072,0.062,0.834,2004.072,4.095,45.0,0.991,0.801,1.579,1844.0,0.679,-0.009,t5_w3d_W3_s42,5900000.0
0.072,0.062,0.844,2004.072,4.095,46.0,0.99,0.801,1.579,1844.0,0.679,-0.013,t5_w3d_W3_s42,6000000.0
0.071,0.062,0.842,2001.323,4.122,47.0,0.99,0.798,1.569,1860.0,0.688,-0.018,t5_w3d_W3_s42,6200000.0
0.071,0.062,0.864,2001.323,4.122,48.0,0.991,0.798,1.569,1860.0,0.688,-0.016,t5_w3d_W3_s42,6300000.0
0.071,0.061,0.848,1989.022,4.09,49.0,0.991,0.803,1.554,1802.0,0.692,-0.013,t5_w3d_W3_s42,6400000.0
0.071,0.061,0.89,1989.022,4.09,50.0,0.99,0.803,1.554,1802.0,0.692,-0.004,t5_w3d_W3_s42,6600000.0
0.071,0.062,0.899,1999.296,4.12,51.0,0.99,0.804,1.566,1761.0,0.688,-0.019,t5_w3d_W3_s42,6700000.0
0.071,0.062,0.901,1999.296,4.12,52.0,0.99,0.804,1.566,1761.0,0.688,-0.012,t5_w3d_W3_s42,6800000.0
0.071,0.061,0.923,2002.905,4.024,53.0,0.99,0.819,1.576,1670.5,0.688,-0.015,t5_w3d_W3_s42,6900000.0
0.071,0.061,0.922,2002.905,4.024,54.0,0.991,0.819,1.576,1670.5,0.688,0.002,t5_w3d_W3_s42,7100000.0
0.072,0.064,0.935,2025.107,3.967,55.0,0.991,0.813,1.569,1631.5,0.67,-0.006,t5_w3d_W3_s42,7200000.0
0.072,0.064,0.91,2025.107,3.967,56.0,0.991,0.813,1.569,1631.5,0.67,-0.005,t5_w3d_W3_s42,7300000.0
0.072,0.062,0.894,2036.012,4.002,57.0,0.99,0.809,1.555,1652.5,0.673,-0.009,t5_w3d_W3_s42,7500000.0
0.072,0.062,0.915,2036.012,4.002,58.0,0.991,0.809,1.555,1652.5,0.673,-0.013,t5_w3d_W3_s42,7600000.0
0.071,0.062,0.934,2022.335,4.129,59.0,0.99,0.805,1.592,1676.5,0.695,-0.009,t5_w3d_W3_s42,7700000.0
0.071,0.062,0.956,2022.335,4.129,60.0,0.991,0.805,1.592,1676.5,0.695,-0.021,t5_w3d_W3_s42,7900000.0
0.071,0.062,0.98,2023.62,4.106,61.0,0.99,0.802,1.594,1680.0,0.686,-0.015,t5_w3d_W3_s42,8000000.0
0.071,0.062,0.992,2023.62,4.106,62.0,0.99,0.802,1.594,1680.0,0.686,-0.016,t5_w3d_W3_s42,8100000.0
0.071,0.062,0.991,2049.173,4.015,63.0,0.991,0.804,1.576,1662.0,0.674,-0.009,t5_w3d_W3_s42,8300000.000000001
0.071,0.062,1.016,2049.173,4.015,64.0,0.992,0.804,1.576,1662.0,0.674,-0.013,t5_w3d_W3_s42,8400000.0
0.071,0.061,1.016,2010.463,4.245,65.0,0.991,0.8,1.557,1628.0,0.705,-0.009,t5_w3d_W3_s42,8500000.0
0.071,0.061,1.048,2010.463,4.245,66.0,0.992,0.8,1.557,1628.0,0.705,-0.013,t5_w3d_W3_s42,8700000.0
0.073,0.063,1.04,2027.889,4.151,67.0,0.993,0.811,1.542,1552.0,0.695,-0.003,t5_w3d_W3_s42,8800000.0
0.073,0.063,1.077,2027.889,4.151,68.0,0.993,0.811,1.542,1552.0,0.695,-0.019,t5_w3d_W3_s42,8900000.0
0.071,0.062,1.054,1993.043,4.23,69.0,0.992,0.807,1.59,1444.0,0.708,-0.019,t5_w3d_W3_s42,9000000.0
0.071,0.062,1.074,1993.043,4.23,70.0,0.991,0.807,1.59,1444.0,0.708,-0.013,t5_w3d_W3_s42,9200000.0
0.071,0.061,1.099,2006.697,4.127,71.0,0.991,0.808,1.572,1448.5,0.693,-0.001,t5_w3d_W3_s42,9300000.0
0.071,0.061,1.144,2006.697,4.127,72.0,0.992,0.808,1.572,1448.5,0.693,0.0,t5_w3d_W3_s42,9400000.0
0.072,0.062,1.144,2007.712,4.184,73.0,0.993,0.813,1.58,1380.5,0.695,-0.008,t5_w3d_W3_s42,9600000.0
0.072,0.062,1.127,2007.712,4.184,74.0,0.993,0.813,1.58,1380.5,0.695,-0.006,t5_w3d_W3_s42,9700000.0
0.072,0.062,1.153,2014.362,4.148,75.0,0.993,0.82,1.587,1326.0,0.691,-0.012,t5_w3d_W3_s42,9800000.0
0.072,0.062,1.143,2014.362,4.148,76.0,0.991,0.82,1.587,1326.0,0.691,-0.021,t5_w3d_W3_s42,10000000.0
0.071,0.061,1.126,2008.465,4.038,77.0,0.991,0.831,1.6,1269.0,0.694,-0.026,t5_w3d_W3_s42,10100000.0
0.071,0.061,1.113,2008.465,4.038,78.0,0.99,0.831,1.6,1269.0,0.694,-0.022,t5_w3d_W3_s42,10200000.0
0.073,0.063,1.137,2023.711,3.842,79.0,0.992,0.841,1.567,1235.5,0.674,-0.009,t5_w3d_W3_s42,10400000.0
0.073,0.063,1.149,2023.711,3.842,80.0,0.99,0.841,1.567,1235.5,0.674,-0.019,t5_w3d_W3_s42,10500000.0
0.073,0.062,1.156,1987.363,3.944,81.0,0.992,0.839,1.587,1282.0,0.679,-0.013,t5_w3d_W3_s42,10600000.0
0.073,0.062,1.153,1987.363,3.944,82.0,0.993,0.839,1.587,1282.0,0.679,0.0,t5_w3d_W3_s42,10700000.0
0.073,0.062,1.153,1958.1,4.088,83.0,0.993,0.832,1.608,1231.0,0.693,-0.007,t5_w3d_W3_s42,10900000.0
0.073,0.062,1.131,1958.1,4.088,84.0,0.994,0.832,1.608,1231.0,0.693,-0.012,t5_w3d_W3_s42,11000000.0
0.073,0.062,1.143,1983.007,4.032,85.0,0.993,0.83,1.572,1252.5,0.687,-0.016,t5_w3d_W3_s42,11100000.0
0.073,0.062,1.178,1983.007,4.032,86.0,0.993,0.83,1.572,1252.5,0.687,-0.017,t5_w3d_W3_s42,11300000.0
0.073,0.063,1.152,2014.935,3.956,87.0,0.994,0.826,1.539,1196.5,0.672,-0.007,t5_w3d_W3_s42,11400000.0
0.073,0.063,1.131,2014.935,3.956,88.0,0.994,0.826,1.539,1196.5,0.672,-0.016,t5_w3d_W3_s42,11500000.0
0.073,0.063,1.114,1992.453,3.948,89.0,0.993,0.829,1.561,1270.5,0.669,-0.019,t5_w3d_W3_s42,11700000.0
0.073,0.063,1.122,1992.453,3.948,90.0,0.992,0.829,1.561,1270.5,0.669,-0.017,t5_w3d_W3_s42,11800000.0
0.071,0.062,1.152,2006.928,4.014,91.0,0.994,0.829,1.56,1262.0,0.685,-0.01,t5_w3d_W3_s42,11900000.0
0.071,0.062,1.171,2006.928,4.014,92.0,0.993,0.829,1.56,1262.0,0.685,-0.016,t5_w3d_W3_s42,12100000.0
0.072,0.062,1.149,1985.292,4.018,93.0,0.994,0.83,1.563,1309.5,0.683,-0.009,t5_w3d_W3_s42,12200000.0
0.072,0.062,1.165,1985.292,4.018,94.0,0.993,0.83,1.563,1309.5,0.683,-0.013,t5_w3d_W3_s42,12300000.0
0.072,0.061,1.159,1953.515,4.114,95.0,0.993,0.832,1.572,1294.5,0.696,-0.012,t5_w3d_W3_s42,12500000.0
0.072,0.061,1.185,1953.515,4.114,96.0,0.993,0.832,1.572,1294.5,0.696,-0.012,t5_w3d_W3_s42,12600000.0
0.072,0.061,1.131,1942.608,4.162,97.0,0.992,0.837,1.609,1241.5,0.708,-0.018,t5_w3d_W3_s42,12700000.0
0.072,0.061,1.124,1942.608,4.162,98.0,0.993,0.837,1.609,1241.5,0.708,-0.025,t5_w3d_W3_s42,12800000.0
0.072,0.062,1.127,1963.208,4.0,99.0,0.992,0.832,1.585,1327.5,0.683,-0.021,t5_w3d_W3_s42,13000000.0
0.072,0.062,1.14,1963.208,4.0,100.0,0.992,0.832,1.585,1327.5,0.683,-0.017,t5_w3d_W3_s42,13100000.0
0.07,0.06,1.144,1923.717,4.133,101.0,0.992,0.829,1.593,1258.0,0.712,-0.015,t5_w3d_W3_s42,13200000.0
0.07,0.06,1.126,1923.717,4.133,102.0,0.992,0.829,1.593,1258.0,0.712,-0.02,t5_w3d_W3_s42,13400000.0
0.072,0.064,1.152,1939.616,3.866,103.0,0.993,0.842,1.576,1242.0,0.684,-0.008,t5_w3d_W3_s42,13500000.0
0.072,0.064,1.163,1939.616,3.866,104.0,0.994,0.842,1.576,1242.0,0.684,-0.008,t5_w3d_W3_s42,13600000.0
0.072,0.062,1.16,1924.459,4.037,105.0,0.995,0.841,1.56,1213.0,0.692,-0.01,t5_w3d_W3_s42,13800000.0
0.072,0.062,1.129,1924.459,4.037,106.0,0.994,0.841,1.56,1213.0,0.692,-0.009,t5_w3d_W3_s42,13900000.0
0.072,0.062,1.15,1931.889,4.087,107.0,0.993,0.832,1.606,1249.0,0.694,-0.017,t5_w3d_W3_s42,14000000.0
0.072,0.062,1.21,1931.889,4.087,108.0,0.993,0.832,1.606,1249.0,0.694,-0.021,t5_w3d_W3_s42,14200000.0
0.072,0.063,1.142,1938.187,3.966,109.0,0.993,0.832,1.582,1228.5,0.687,-0.019,t5_w3d_W3_s42,14300000.0
0.072,0.063,1.148,1938.187,3.966,110.0,0.994,0.832,1.582,1228.5,0.687,-0.007,t5_w3d_W3_s42,14400000.0
0.07,0.061,1.145,1938.143,4.123,111.0,0.993,0.829,1.556,1257.5,0.704,-0.02,t5_w3d_W3_s42,14500000.0
0.07,0.061,1.146,1938.143,4.123,112.0,0.992,0.829,1.556,1257.5,0.704,-0.017,t5_w3d_W3_s42,14700000.0
0.072,0.062,1.141,1956.862,4.031,113.0,0.994,0.832,1.56,1272.0,0.691,-0.001,t5_w3d_W3_s42,14800000.0
0.072,0.062,1.123,1956.862,4.031,114.0,0.995,0.832,1.56,1272.0,0.691,-0.004,t5_w3d_W3_s42,14900000.0
0.072,0.061,1.132,1932.456,4.225,115.0,0.994,0.825,1.565,1272.5,0.709,-0.018,t5_w3d_W3_s42,15100000.0
0.072,0.061,1.108,1932.456,4.225,116.0,0.993,0.825,1.565,1272.5,0.709,-0.013,t5_w3d_W3_s42,15200000.0
0.074,0.062,1.118,1921.612,4.095,117.0,0.994,0.824,1.566,1314.5,0.695,-0.017,t5_w3d_W3_s42,15300000.0
0.074,0.062,1.148,1921.612,4.095,118.0,0.994,0.824,1.566,1314.5,0.695,-0.02,t5_w3d_W3_s42,15500000.0
0.072,0.062,1.136,1959.592,4.076,119.0,0.994,0.827,1.582,1329.0,0.691,-0.004,t5_w3d_W3_s42,15600000.0
0.072,0.062,1.164,1959.592,4.076,120.0,0.994,0.827,1.582,1329.0,0.691,-0.016,t5_w3d_W3_s42,15700000.0
0.072,0.062,1.163,1967.076,4.197,121.0,0.994,0.825,1.556,1296.5,0.701,-0.018,t5_w3d_W3_s42,15900000.0
0.072,0.062,1.197,1967.076,4.197,122.0,0.994,0.825,1.556,1296.5,0.701,-0.02,t5_w3d_W3_s42,16000000.0
0.071,0.062,1.179,1933.298,4.062,123.0,0.994,0.832,1.581,1296.5,0.698,-0.023,t5_w3d_W3_s42,16100000.000000002
0.071,0.062,1.172,1933.298,4.062,124.0,0.994,0.832,1.581,1296.5,0.698,-0.015,t5_w3d_W3_s42,16300000.0
0.073,0.062,1.148,1916.466,4.065,125.0,0.994,0.834,1.581,1277.0,0.701,-0.024,t5_w3d_W3_s42,16399999.999999998
0.073,0.062,1.151,1916.466,4.065,126.0,0.994,0.834,1.581,1277.0,0.701,-0.018,t5_w3d_W3_s42,16500000.0
0.071,0.062,1.147,1949.319,4.022,127.0,0.994,0.829,1.572,1286.5,0.692,-0.007,t5_w3d_W3_s42,16600000.000000002
0.071,0.062,1.12,1949.319,4.022,128.0,0.994,0.829,1.572,1286.5,0.692,-0.016,t5_w3d_W3_s42,16800000.0
0.072,0.062,1.136,1917.389,4.124,129.0,0.994,0.826,1.589,1338.0,0.705,-0.019,t5_w3d_W3_s42,16900000.0
0.072,0.062,1.127,1917.389,4.124,130.0,0.994,0.826,1.589,1338.0,0.705,-0.011,t5_w3d_W3_s42,17000000.0
0.072,0.062,1.174,1915.792,4.141,131.0,0.995,0.834,1.568,1365.0,0.707,-0.015,t5_w3d_W3_s42,17200000.0
0.072,0.062,1.178,1915.792,4.141,132.0,0.993,0.834,1.568,1365.0,0.707,-0.02,t5_w3d_W3_s42,17300000.0
0.071,0.062,1.177,1925.105,4.109,133.0,0.995,0.831,1.558,1305.0,0.697,-0.007,t5_w3d_W3_s42,17400000.0
0.071,0.062,1.176,1925.105,4.109,134.0,0.995,0.831,1.558,1305.0,0.697,-0.013,t5_w3d_W3_s42,17600000.0
0.071,0.061,1.185,1888.627,4.232,135.0,0.994,0.832,1.564,1341.0,0.715,-0.022,t5_w3d_W3_s42,17700000.0
0.071,0.061,1.178,1888.627,4.232,136.0,0.994,0.832,1.564,1341.0,0.715,-0.02,t5_w3d_W3_s42,17800000.0
0.071,0.061,1.193,1897.764,4.116,137.0,0.994,0.834,1.571,1323.5,0.704,-0.014,t5_w3d_W3_s42,18000000.0
0.071,0.061,1.203,1897.764,4.116,138.0,0.995,0.834,1.571,1323.5,0.704,-0.012,t5_w3d_W3_s42,18100000.0
0.07,0.06,1.184,1863.872,4.293,139.0,0.995,0.83,1.54,1306.0,0.728,-0.005,t5_w3d_W3_s42,18200000.0
0.07,0.06,1.153,1863.872,4.293,140.0,0.995,0.83,1.54,1306.0,0.728,-0.007,t5_w3d_W3_s42,18400000.0
0.072,0.062,1.153,1922.844,4.225,141.0,0.994,0.832,1.55,1253.0,0.71,-0.02,t5_w3d_W3_s42,18500000.0
0.072,0.062,1.176,1922.844,4.225,142.0,0.995,0.832,1.55,1253.0,0.71,0.004,t5_w3d_W3_s42,18600000.0
0.071,0.062,1.153,1933.495,4.159,143.0,0.995,0.835,1.557,1299.5,0.702,-0.025,t5_w3d_W3_s42,18700000.0
0.071,0.062,1.185,1933.495,4.159,144.0,0.995,0.835,1.557,1299.5,0.702,-0.013,t5_w3d_W3_s42,18900000.0
0.072,0.062,1.166,1952.544,4.117,145.0,0.996,0.833,1.573,1292.0,0.688,-0.009,t5_w3d_W3_s42,19000000.0
0.072,0.062,1.121,1952.544,4.117,146.0,0.995,0.833,1.573,1292.0,0.688,-0.007,t5_w3d_W3_s42,19100000.0
0.073,0.062,1.163,1961.474,4.158,147.0,0.995,0.834,1.561,1306.5,0.693,-0.024,t5_w3d_W3_s42,19300000.0
0.073,0.062,1.163,1961.474,4.158,148.0,0.995,0.834,1.561,1306.5,0.693,-0.013,t5_w3d_W3_s42,19400000.0
0.072,0.063,1.121,1942.133,4.116,149.0,0.994,0.839,1.594,1337.0,0.703,-0.02,t5_w3d_W3_s42,19500000.0
0.072,0.063,1.116,1942.133,4.116,150.0,0.995,0.839,1.594,1337.0,0.703,-0.014,t5_w3d_W3_s42,19700000.0
0.073,0.062,1.104,1929.521,4.105,151.0,0.995,0.838,1.573,1420.5,0.702,-0.01,t5_w3d_W3_s42,19800000.0
0.073,0.062,1.105,1929.521,4.105,152.0,0.994,0.838,1.573,1420.5,0.702,0.006,t5_w3d_W3_s42,19900000.0
0.069,0.06,1.082,1888.644,4.339,153.0,0.994,0.836,1.566,1384.5,0.732,-0.009,t5_w3d_W3_s42,20100000.0
0.069,0.06,1.123,1888.644,4.339,154.0,0.994,0.836,1.566,1384.5,0.732,-0.011,t5_w3d_W3_s42,20200000.0
0.072,0.062,1.123,1931.215,4.161,155.0,0.993,0.838,1.615,1408.5,0.709,-0.014,t5_w3d_W3_s42,20300000.0
0.072,0.062,1.124,1931.215,4.161,156.0,0.994,0.838,1.615,1408.5,0.709,-0.01,t5_w3d_W3_s42,20400000.0
0.073,0.062,1.138,1951.459,4.094,157.0,0.994,0.837,1.591,1374.5,0.697,-0.017,t5_w3d_W3_s42,20600000.0
0.073,0.062,1.114,1951.459,4.094,158.0,0.996,0.837,1.591,1374.5,0.697,-0.004,t5_w3d_W3_s42,20700000.0
0.072,0.061,1.123,1943.372,4.15,159.0,0.995,0.836,1.58,1438.5,0.701,-0.005,t5_w3d_W3_s42,20800000.0
0.072,0.061,1.136,1943.372,4.15,160.0,0.995,0.836,1.58,1438.5,0.701,-0.022,t5_w3d_W3_s42,21000000.0
0.072,0.063,1.102,1936.935,4.224,161.0,0.995,0.842,1.594,1437.5,0.714,-0.016,t5_w3d_W3_s42,21100000.0
0.072,0.063,1.117,1936.935,4.224,162.0,0.996,0.842,1.594,1437.5,0.714,-0.013,t5_w3d_W3_s42,21200000.0
0.072,0.062,1.115,1950.645,4.091,163.0,0.995,0.842,1.569,1438.5,0.696,-0.027,t5_w3d_W3_s42,21400000.0
0.072,0.062,1.107,1950.645,4.091,164.0,0.995,0.842,1.569,1438.5,0.696,-0.015,t5_w3d_W3_s42,21500000.0
0.071,0.06,1.134,1893.122,4.321,165.0,0.995,0.831,1.588,1461.0,0.728,-0.013,t5_w3d_W3_s42,21600000.0
0.071,0.06,1.125,1893.122,4.321,166.0,0.995,0.831,1.588,1461.0,0.728,-0.012,t5_w3d_W3_s42,21800000.0
0.071,0.062,1.128,1913.344,4.224,167.0,0.995,0.838,1.583,1412.5,0.715,-0.024,t5_w3d_W3_s42,21900000.0
0.071,0.062,1.105,1913.344,4.224,168.0,0.995,0.838,1.583,1412.5,0.715,-0.024,t5_w3d_W3_s42,22000000.0
0.072,0.063,1.082,1908.486,4.093,169.0,0.993,0.848,1.586,1374.0,0.704,-0.006,t5_w3d_W3_s42,22200000.0
0.072,0.063,1.099,1908.486,4.093,170.0,0.995,0.848,1.586,1374.0,0.704,-0.024,t5_w3d_W3_s42,22300000.0
0.072,0.063,1.084,1908.498,4.167,171.0,0.995,0.842,1.595,1448.5,0.708,-0.009,t5_w3d_W3_s42,22400000.0
0.072,0.063,1.117,1908.498,4.167,172.0,0.995,0.842,1.595,1448.5,0.708,-0.023,t5_w3d_W3_s42,22500000.0
0.072,0.062,1.092,1900.021,4.168,173.0,0.994,0.847,1.561,1436.5,0.71,-0.016,t5_w3d_W3_s42,22700000.0
0.072,0.062,1.102,1900.021,4.168,174.0,0.994,0.847,1.561,1436.5,0.71,-0.025,t5_w3d_W3_s42,22800000.0
0.072,0.063,1.061,1872.921,4.112,175.0,0.995,0.854,1.561,1514.0,0.713,-0.023,t5_w3d_W3_s42,22900000.0
0.072,0.063,1.105,1872.921,4.112,176.0,0.993,0.854,1.561,1514.0,0.713,-0.016,t5_w3d_W3_s42,23100000.0
0.07,0.061,1.111,1832.476,4.259,177.0,0.994,0.847,1.56,1429.0,0.742,-0.018,t5_w3d_W3_s42,23200000.0
0.07,0.061,1.115,1832.476,4.259,178.0,0.994,0.847,1.56,1429.0,0.742,-0.023,t5_w3d_W3_s42,23300000.0
0.073,0.063,1.135,1881.982,4.121,179.0,0.994,0.843,1.598,1401.0,0.709,-0.036,t5_w3d_W3_s42,23500000.0
0.073,0.063,1.122,1881.982,4.121,180.0,0.994,0.843,1.598,1401.0,0.709,-0.017,t5_w3d_W3_s42,23600000.0
0.073,0.062,1.127,1883.831,4.127,181.0,0.995,0.845,1.575,1384.5,0.713,-0.027,t5_w3d_W3_s42,23700000.0
0.073,0.062,1.12,1883.831,4.127,182.0,0.995,0.845,1.575,1384.5,0.713,-0.002,t5_w3d_W3_s42,23900000.0
0.071,0.062,1.122,1889.0,4.211,183.0,0.994,0.84,1.582,1374.5,0.715,-0.004,t5_w3d_W3_s42,24000000.0
0.071,0.062,1.117,1889.0,4.211,184.0,0.994,0.84,1.582,1374.5,0.715,-0.032,t5_w3d_W3_s42,24100000.0
0.073,0.063,1.147,1878.645,4.173,185.0,0.995,0.848,1.572,1328.5,0.716,-0.012,t5_w3d_W3_s42,24200000.0
0.073,0.063,1.168,1878.645,4.173,186.0,0.996,0.848,1.572,1328.5,0.716,-0.009,t5_w3d_W3_s42,24400000.0
0.072,0.062,1.168,1873.033,4.27,187.0,0.995,0.845,1.591,1260.0,0.722,0.0,t5_w3d_W3_s42,24500000.0
0.072,0.062,1.138,1873.033,4.27,188.0,0.996,0.845,1.591,1260.0,0.722,-0.019,t5_w3d_W3_s42,24600000.0
0.073,0.063,1.109,1914.51,4.184,189.0,0.996,0.844,1.586,1229.5,0.706,-0.001,t5_w3d_W3_s42,24800000.0
0.073,0.063,1.169,1914.51,4.184,190.0,0.996,0.844,1.586,1229.5,0.706,-0.007,t5_w3d_W3_s42,24900000.0
0.071,0.062,1.139,1902.81,4.165,191.0,0.996,0.842,1.58,1328.0,0.697,-0.009,t5_w3d_W3_s42,25000000.0
0.071,0.062,1.159,1902.81,4.165,192.0,0.996,0.842,1.58,1328.0,0.697,-0.0,t5_w3d_W3_s42,25200000.0
0.072,0.062,1.16,1865.747,4.322,193.0,0.995,0.841,1.587,1323.0,0.728,-0.011,t5_w3d_W3_s42,25300000.0
0.072,0.062,1.174,1865.747,4.322,194.0,0.995,0.841,1.587,1323.0,0.728,0.003,t5_w3d_W3_s42,25400000.0
0.072,0.062,1.172,1905.649,4.176,195.0,0.995,0.839,1.568,1294.5,0.706,-0.027,t5_w3d_W3_s42,25600000.0
0.072,0.062,1.178,1905.649,4.176,196.0,0.996,0.839,1.568,1294.5,0.706,0.001,t5_w3d_W3_s42,25700000.0
0.072,0.062,1.182,1915.658,4.153,197.0,0.996,0.843,1.569,1301.5,0.703,-0.01,t5_w3d_W3_s42,25800000.0
0.072,0.062,1.138,1915.658,4.153,198.0,0.996,0.843,1.569,1301.5,0.703,-0.023,t5_w3d_W3_s42,26000000.0
0.074,0.063,1.133,1949.024,4.166,199.0,0.995,0.84,1.571,1431.5,0.698,-0.023,t5_w3d_W3_s42,26100000.0
0.074,0.063,1.096,1949.024,4.166,200.0,0.994,0.84,1.571,1431.5,0.698,-0.014,t5_w3d_W3_s42,26200000.0
0.072,0.063,1.127,1919.661,4.19,201.0,0.995,0.837,1.568,1504.5,0.709,-0.004,t5_w3d_W3_s42,26300000.0
0.072,0.063,1.113,1919.661,4.19,202.0,0.996,0.837,1.568,1504.5,0.709,-0.005,t5_w3d_W3_s42,26500000.0
0.071,0.061,1.094,1915.421,4.283,203.0,0.996,0.835,1.562,1500.0,0.713,-0.016,t5_w3d_W3_s42,26600000.0
0.071,0.061,1.079,1915.421,4.283,204.0,0.996,0.835,1.562,1500.0,0.713,-0.021,t5_w3d_W3_s42,26700000.0
0.072,0.062,1.064,1908.957,4.276,205.0,0.995,0.835,1.579,1564.5,0.717,-0.016,t5_w3d_W3_s42,26900000.0
0.072,0.062,1.073,1908.957,4.276,206.0,0.995,0.835,1.579,1564.5,0.717,-0.009,t5_w3d_W3_s42,27000000.0
0.071,0.062,1.115,1900.944,4.301,207.0,0.994,0.842,1.575,1542.5,0.724,-0.028,t5_w3d_W3_s42,27100000.0
0.071,0.062,1.07,1900.944,4.301,208.0,0.995,0.842,1.575,1542.5,0.724,-0.018,t5_w3d_W3_s42,27300000.0
0.073,0.063,1.07,1924.008,4.18,209.0,0.995,0.841,1.557,1560.5,0.706,-0.025,t5_w3d_W3_s42,27400000.0
0.073,0.063,1.078,1924.008,4.18,210.0,0.994,0.841,1.557,1560.5,0.706,0.003,t5_w3d_W3_s42,27500000.0
0.07,0.06,1.071,1863.243,4.36,211.0,0.994,0.836,1.58,1586.5,0.739,-0.005,t5_w3d_W3_s42,27700000.0
0.07,0.06,1.08,1863.243,4.36,212.0,0.996,0.836,1.58,1586.5,0.739,-0.012,t5_w3d_W3_s42,27800000.0
0.071,0.061,1.07,1863.335,4.35,213.0,0.995,0.839,1.586,1589.0,0.732,-0.019,t5_w3d_W3_s42,27900000.0
0.071,0.061,1.09,1863.335,4.35,214.0,0.996,0.839,1.586,1589.0,0.732,-0.004,t5_w3d_W3_s42,28000000.0
0.072,0.062,1.058,1867.24,4.267,215.0,0.995,0.846,1.556,1517.0,0.719,-0.017,t5_w3d_W3_s42,28200000.0
0.072,0.062,1.044,1867.24,4.267,216.0,0.996,0.846,1.556,1517.0,0.719,-0.013,t5_w3d_W3_s42,28300000.0
0.073,0.063,1.03,1897.438,4.232,217.0,0.996,0.84,1.591,1532.0,0.715,-0.006,t5_w3d_W3_s42,28400000.0
0.073,0.063,1.016,1897.438,4.232,218.0,0.995,0.84,1.591,1532.0,0.715,-0.021,t5_w3d_W3_s42,28600000.0
0.071,0.061,1.026,1863.998,4.323,219.0,0.995,0.838,1.569,1595.0,0.724,-0.019,t5_w3d_W3_s42,28700000.0
0.071,0.061,1.006,1863.998,4.323,220.0,0.995,0.838,1.569,1595.0,0.724,-0.01,t5_w3d_W3_s42,28800000.0
0.071,0.063,1.051,1881.879,4.23,221.0,0.994,0.842,1.575,1651.0,0.714,-0.029,t5_w3d_W3_s42,29000000.0
0.071,0.063,1.023,1881.879,4.23,222.0,0.994,0.842,1.575,1651.0,0.714,-0.019,t5_w3d_W3_s42,29100000.0
0.072,0.062,1.044,1848.971,4.268,223.0,0.995,0.837,1.559,1611.5,0.726,-0.012,t5_w3d_W3_s42,29200000.0
0.072,0.062,1.059,1848.971,4.268,224.0,0.995,0.837,1.559,1611.5,0.726,-0.009,t5_w3d_W3_s42,29400000.0
0.073,0.062,1.073,1866.723,4.323,225.0,0.995,0.832,1.567,1597.0,0.716,-0.006,t5_w3d_W3_s42,29500000.0
0.073,0.062,1.055,1866.723,4.323,226.0,0.995,0.832,1.567,1597.0,0.716,-0.02,t5_w3d_W3_s42,29600000.0
0.072,0.061,1.058,1872.491,4.316,227.0,0.994,0.831,1.593,1587.0,0.719,-0.026,t5_w3d_W3_s42,29800000.0
0.072,0.061,1.041,1872.491,4.316,228.0,0.995,0.831,1.593,1587.0,0.719,-0.005,t5_w3d_W3_s42,29900000.0
0.073,0.064,1.047,1868.585,4.232,229.0,0.995,0.836,1.565,1649.0,0.71,-0.004,t5_w3d_W3_s42,30000000.0
0.073,0.064,1.048,1868.585,4.232,230.0,0.995,0.836,1.565,1649.0,0.71,-0.026,t5_w3d_W3_s42,30100000.0
0.072,0.062,1.066,1892.333,4.284,231.0,0.994,0.833,1.583,1672.5,0.712,-0.021,t5_w3d_W3_s42,30300000.0
0.072,0.062,1.047,1892.333,4.284,232.0,0.995,0.833,1.583,1672.5,0.712,-0.007,t5_w3d_W3_s42,30400000.0
0.072,0.062,1.036,1885.52,4.304,233.0,0.994,0.828,1.613,1705.0,0.713,-0.017,t5_w3d_W3_s42,30500000.0
0.072,0.062,1.045,1885.52,4.304,234.0,0.995,0.828,1.613,1705.0,0.713,-0.011,t5_w3d_W3_s42,30700000.0
0.071,0.061,1.027,1848.017,4.362,235.0,0.995,0.829,1.555,1712.5,0.729,-0.016,t5_w3d_W3_s42,30800000.0
0.071,0.061,1.044,1848.017,4.362,236.0,0.996,0.829,1.555,1712.5,0.729,0.004,t5_w3d_W3_s42,30900000.0
0.071,0.061,1.056,1832.362,4.391,237.0,0.995,0.83,1.581,1727.0,0.735,-0.016,t5_w3d_W3_s42,31100000.0
0.071,0.061,1.011,1832.362,4.391,238.0,0.995,0.83,1.581,1727.0,0.735,-0.021,t5_w3d_W3_s42,31200000.0
0.072,0.062,1.016,1852.397,4.313,239.0,0.995,0.837,1.56,1668.5,0.725,-0.022,t5_w3d_W3_s42,31300000.0
0.072,0.062,1.016,1852.397,4.313,240.0,0.996,0.837,1.56,1668.5,0.725,-0.016,t5_w3d_W3_s42,31500000.0
0.071,0.061,1.035,1836.316,4.328,241.0,0.996,0.836,1.568,1742.0,0.728,-0.001,t5_w3d_W3_s42,31600000.0
0.071,0.061,1.049,1836.316,4.328,242.0,0.995,0.836,1.568,1742.0,0.728,-0.018,t5_w3d_W3_s42,31700000.0
0.07,0.061,1.048,1821.213,4.414,243.0,0.994,0.833,1.568,1689.5,0.735,-0.042,t5_w3d_W3_s42,31900000.0
0.07,0.061,1.058,1821.213,4.414,244.0,0.995,0.833,1.568,1689.5,0.735,-0.019,t5_w3d_W3_s42,32000000.0
0.072,0.062,1.07,1818.155,4.276,245.0,0.994,0.838,1.591,1682.0,0.72,-0.029,t5_w3d_W3_s42,32100000.0
0.072,0.062,1.045,1818.155,4.276,246.0,0.995,0.838,1.591,1682.0,0.72,-0.013,t5_w3d_W3_s42,32200000.000000004
0.072,0.062,1.066,1833.192,4.298,247.0,0.995,0.836,1.599,1681.0,0.722,-0.011,t5_w3d_W3_s42,32400000.0
0.072,0.062,1.085,1833.192,4.298,248.0,0.995,0.836,1.599,1681.0,0.722,-0.011,t5_w3d_W3_s42,32500000.0
0.072,0.063,1.059,1855.949,4.239,249.0,0.995,0.838,1.562,1648.0,0.713,-0.029,t5_w3d_W3_s42,32600000.0
0.072,0.063,1.045,1855.949,4.239,250.0,0.995,0.838,1.562,1648.0,0.713,-0.016,t5_w3d_W3_s42,32799999.999999996
0.072,0.062,1.06,1863.847,4.276,251.0,0.995,0.836,1.585,1696.0,0.718,-0.013,t5_w3d_W3_s42,32900000.0
0.072,0.062,1.057,1863.847,4.276,252.0,0.995,0.836,1.585,1696.0,0.718,-0.023,t5_w3d_W3_s42,33000000.0
0.072,0.062,1.069,1858.407,4.314,253.0,0.996,0.834,1.564,1730.0,0.723,0.003,t5_w3d_W3_s42,33200000.000000004
0.072,0.062,1.077,1858.407,4.314,254.0,0.996,0.834,1.564,1730.0,0.723,-0.018,t5_w3d_W3_s42,33299999.999999996
0.072,0.062,1.077,1843.069,4.411,255.0,0.995,0.831,1.578,1715.5,0.733,-0.027,t5_w3d_W3_s42,33400000.0
0.072,0.062,1.058,1843.069,4.411,256.0,0.996,0.831,1.578,1715.5,0.733,0.003,t5_w3d_W3_s42,33600000.0
0.073,0.063,1.08,1845.067,4.338,257.0,0.995,0.828,1.568,1766.0,0.719,-0.023,t5_w3d_W3_s42,33700000.0
0.073,0.063,1.068,1845.067,4.338,258.0,0.996,0.828,1.568,1766.0,0.719,-0.024,t5_w3d_W3_s42,33800000.0
0.072,0.063,1.038,1850.747,4.33,259.0,0.995,0.829,1.573,1779.0,0.721,-0.027,t5_w3d_W3_s42,33900000.0
0.072,0.063,1.062,1850.747,4.33,260.0,0.996,0.829,1.573,1779.0,0.721,0.004,t5_w3d_W3_s42,34100000.0
0.071,0.061,1.036,1817.213,4.451,261.0,0.995,0.825,1.56,1845.5,0.736,-0.026,t5_w3d_W3_s42,34200000.0
0.071,0.061,1.027,1817.213,4.451,262.0,0.995,0.825,1.56,1845.5,0.736,-0.005,t5_w3d_W3_s42,34300000.0
0.072,0.063,1.051,1849.406,4.404,263.0,0.995,0.829,1.568,1803.0,0.729,-0.02,t5_w3d_W3_s42,34500000.0
0.072,0.063,1.054,1849.406,4.404,264.0,0.995,0.829,1.568,1803.0,0.729,-0.019,t5_w3d_W3_s42,34600000.0
0.072,0.062,1.061,1840.561,4.436,265.0,0.996,0.823,1.588,1864.5,0.734,-0.023,t5_w3d_W3_s42,34700000.0
0.072,0.062,1.05,1840.561,4.436,266.0,0.993,0.823,1.588,1864.5,0.734,-0.021,t5_w3d_W3_s42,34900000.0
0.071,0.061,1.054,1843.717,4.385,267.0,0.996,0.827,1.572,1797.0,0.729,-0.002,t5_w3d_W3_s42,35000000.0
0.071,0.061,1.05,1843.717,4.385,268.0,0.996,0.827,1.572,1797.0,0.729,-0.01,t5_w3d_W3_s42,35100000.0
0.071,0.062,1.03,1830.009,4.451,269.0,0.996,0.823,1.561,1785.5,0.731,-0.001,t5_w3d_W3_s42,35300000.0
0.071,0.062,1.027,1830.009,4.451,270.0,0.995,0.823,1.561,1785.5,0.731,-0.018,t5_w3d_W3_s42,35400000.0
0.071,0.063,1.083,1847.932,4.427,271.0,0.996,0.825,1.608,1807.0,0.73,-0.001,t5_w3d_W3_s42,35500000.0
0.071,0.063,1.05,1847.932,4.427,272.0,0.997,0.825,1.608,1807.0,0.73,0.003,t5_w3d_W3_s42,35700000.0
0.072,0.062,1.057,1850.775,4.419,273.0,0.996,0.824,1.559,1775.0,0.725,-0.021,t5_w3d_W3_s42,35800000.0
0.072,0.062,1.052,1850.775,4.419,274.0,0.996,0.824,1.559,1775.0,0.725,-0.005,t5_w3d_W3_s42,35900000.0
0.072,0.062,1.053,1835.3,4.433,275.0,0.995,0.829,1.588,1720.5,0.732,-0.019,t5_w3d_W3_s42,36000000.0
0.072,0.062,1.038,1835.3,4.433,276.0,0.995,0.829,1.588,1720.5,0.732,-0.023,t5_w3d_W3_s42,36200000.0
0.073,0.063,1.022,1848.335,4.359,277.0,0.994,0.83,1.575,1756.0,0.727,-0.03,t5_w3d_W3_s42,36300000.0
0.073,0.063,1.06,1848.335,4.359,278.0,0.996,0.83,1.575,1756.0,0.727,-0.016,t5_w3d_W3_s42,36400000.0
0.071,0.062,1.064,1814.343,4.434,279.0,0.996,0.826,1.572,1753.5,0.739,-0.026,t5_w3d_W3_s42,36600000.0
0.071,0.062,1.076,1814.343,4.434,280.0,0.996,0.826,1.572,1753.5,0.739,-0.027,t5_w3d_W3_s42,36700000.0
0.071,0.061,1.053,1817.394,4.435,281.0,0.995,0.826,1.571,1679.0,0.736,-0.011,t5_w3d_W3_s42,36800000.0
0.071,0.061,1.08,1817.394,4.435,282.0,0.996,0.826,1.571,1679.0,0.736,-0.014,t5_w3d_W3_s42,37000000.0
0.072,0.062,1.034,1856.512,4.385,283.0,0.995,0.827,1.565,1652.5,0.725,-0.011,t5_w3d_W3_s42,37100000.0
0.072,0.062,1.043,1856.512,4.385,284.0,0.996,0.827,1.565,1652.5,0.725,-0.025,t5_w3d_W3_s42,37200000.0
0.071,0.062,1.041,1843.896,4.379,285.0,0.993,0.831,1.592,1760.0,0.727,-0.028,t5_w3d_W3_s42,37400000.0
0.071,0.062,1.08,1843.896,4.379,286.0,0.995,0.831,1.592,1760.0,0.727,-0.005,t5_w3d_W3_s42,37500000.0
0.071,0.062,1.054,1812.082,4.447,287.0,0.994,0.83,1.552,1756.5,0.744,-0.046,t5_w3d_W3_s42,37600000.0
0.071,0.062,1.023,1812.082,4.447,288.0,0.994,0.83,1.552,1756.5,0.744,-0.007,t5_w3d_W3_s42,37700000.0
0.071,0.062,1.088,1824.269,4.371,289.0,0.995,0.832,1.559,1733.0,0.737,0.001,t5_w3d_W3_s42,37900000.0
0.071,0.062,1.079,1824.269,4.371,290.0,0.994,0.832,1.559,1733.0,0.737,-0.012,t5_w3d_W3_s42,38000000.0
0.072,0.062,1.079,1841.305,4.362,291.0,0.994,0.831,1.588,1672.0,0.727,-0.027,t5_w3d_W3_s42,38100000.0
0.072,0.062,1.085,1841.305,4.362,292.0,0.994,0.831,1.588,1672.0,0.727,-0.032,t5_w3d_W3_s42,38300000.0
0.072,0.062,1.062,1863.329,4.307,293.0,0.994,0.827,1.555,1691.5,0.719,-0.025,t5_w3d_W3_s42,38400000.0
0.072,0.062,1.069,1863.329,4.307,294.0,0.994,0.827,1.555,1691.5,0.719,-0.016,t5_w3d_W3_s42,38500000.0
0.072,0.062,1.065,1854.419,4.331,295.0,0.995,0.829,1.577,1692.5,0.727,-0.033,t5_w3d_W3_s42,38700000.0
0.072,0.062,1.07,1854.419,4.331,296.0,0.995,0.829,1.577,1692.5,0.727,-0.005,t5_w3d_W3_s42,38800000.0
0.072,0.062,1.08,1841.37,4.435,297.0,0.996,0.824,1.559,1699.0,0.737,0.012,t5_w3d_W3_s42,38900000.0
0.072,0.062,1.107,1841.37,4.435,298.0,0.996,0.824,1.559,1699.0,0.737,-0.001,t5_w3d_W3_s42,39100000.0
0.071,0.062,1.097,1850.758,4.445,299.0,0.995,0.824,1.58,1715.0,0.729,-0.037,t5_w3d_W3_s42,39200000.0
0.071,0.062,1.119,1850.758,4.445,300.0,0.995,0.824,1.58,1715.0,0.729,-0.026,t5_w3d_W3_s42,39300000.0
0.073,0.063,1.044,1851.78,4.313,301.0,0.995,0.825,1.566,1713.5,0.716,-0.001,t5_w3d_W3_s42,39500000.0
0.073,0.063,1.072,1851.78,4.313,302.0,0.995,0.825,1.566,1713.5,0.716,-0.021,t5_w3d_W3_s42,39600000.0
0.072,0.061,1.095,1796.491,4.488,303.0,0.996,0.821,1.581,1724.5,0.744,-0.015,t5_w3d_W3_s42,39700000.0
0.072,0.061,1.055,1796.491,4.488,304.0,0.995,0.821,1.581,1724.5,0.744,-0.028,t5_w3d_W3_s42,39800000.0
0.073,0.062,1.074,1847.505,4.366,305.0,0.995,0.825,1.558,1684.0,0.718,-0.008,t5_w3d_W3_s42,40000000.0
0.073,0.062,1.07,1847.505,4.366,306.0,0.995,0.825,1.558,1684.0,0.718,-0.008,t5_w3d_W3_s42,40100000.0
0.072,0.062,1.084,1812.168,4.434,307.0,0.996,0.825,1.57,1693.5,0.731,-0.008,t5_w3d_W3_s42,40200000.0
0.072,0.062,1.079,1812.168,4.434,308.0,0.996,0.825,1.57,1693.5,0.731,-0.033,t5_w3d_W3_s42,40400000.0
0.072,0.061,1.096,1812.764,4.497,309.0,0.996,0.822,1.58,1701.0,0.742,-0.027,t5_w3d_W3_s42,40500000.0
0.072,0.061,1.103,1812.764,4.497,310.0,0.995,0.822,1.58,1701.0,0.742,-0.013,t5_w3d_W3_s42,40600000.0
0.072,0.062,1.118,1820.098,4.448,311.0,0.996,0.819,1.612,1665.5,0.732,0.003,t5_w3d_W3_s42,40800000.0
0.072,0.062,1.096,1820.098,4.448,312.0,0.996,0.819,1.612,1665.5,0.732,-0.016,t5_w3d_W3_s42,40900000.0
0.072,0.062,1.102,1827.799,4.478,313.0,0.995,0.818,1.596,1668.0,0.73,-0.022,t5_w3d_W3_s42,41000000.0
0.072,0.062,1.092,1827.799,4.478,314.0,0.996,0.818,1.596,1668.0,0.73,-0.005,t5_w3d_W3_s42,41200000.0
0.073,0.064,1.119,1848.088,4.409,315.0,0.996,0.821,1.586,1706.0,0.718,-0.009,t5_w3d_W3_s42,41300000.0
0.073,0.064,1.087,1848.088,4.409,316.0,0.997,0.821,1.586,1706.0,0.718,0.001,t5_w3d_W3_s42,41400000.0
0.073,0.064,1.1,1836.244,4.438,317.0,0.996,0.821,1.596,1719.5,0.724,-0.004,t5_w3d_W3_s42,41500000.0
0.073,0.064,1.106,1836.244,4.438,318.0,0.996,0.821,1.596,1719.5,0.724,-0.011,t5_w3d_W3_s42,41700000.0
0.072,0.063,1.074,1847.187,4.41,319.0,0.996,0.82,1.566,1739.0,0.718,-0.036,t5_w3d_W3_s42,41800000.0
0.072,0.063,1.051,1847.187,4.41,320.0,0.996,0.82,1.566,1739.0,0.718,-0.011,t5_w3d_W3_s42,41900000.0
0.072,0.063,1.066,1830.533,4.379,321.0,0.996,0.826,1.553,1819.5,0.719,-0.005,t5_w3d_W3_s42,42100000.0
0.072,0.063,1.068,1830.533,4.379,322.0,0.996,0.826,1.553,1819.5,0.719,0.03,t5_w3d_W3_s42,42200000.0
0.073,0.063,1.063,1830.105,4.462,323.0,0.996,0.829,1.573,1776.0,0.734,-0.008,t5_w3d_W3_s42,42300000.0
0.073,0.063,1.063,1830.105,4.462,324.0,0.996,0.829,1.573,1776.0,0.734,-0.02,t5_w3d_W3_s42,42500000.0
0.073,0.063,1.032,1829.939,4.38,325.0,0.996,0.829,1.564,1786.0,0.721,-0.013,t5_w3d_W3_s42,42600000.0
0.073,0.063,1.041,1829.939,4.38,326.0,0.995,0.829,1.564,1786.0,0.721,-0.009,t5_w3d_W3_s42,42700000.0
0.072,0.063,1.03,1818.387,4.388,327.0,0.996,0.833,1.594,1782.5,0.725,-0.008,t5_w3d_W3_s42,42900000.0
0.072,0.063,1.05,1818.387,4.388,328.0,0.996,0.833,1.594,1782.5,0.725,0.013,t5_w3d_W3_s42,43000000.0
0.073,0.063,1.044,1800.812,4.443,329.0,0.996,0.836,1.594,1798.0,0.735,0.006,t5_w3d_W3_s42,43100000.0
0.073,0.063,1.038,1800.812,4.443,330.0,0.996,0.836,1.594,1798.0,0.735,0.005,t5_w3d_W3_s42,43300000.0
0.072,0.062,1.043,1796.553,4.461,331.0,0.996,0.836,1.604,1785.0,0.739,-0.016,t5_w3d_W3_s42,43400000.0
0.072,0.062,1.069,1796.553,4.461,332.0,0.996,0.836,1.604,1785.0,0.739,-0.033,t5_w3d_W3_s42,43500000.0
0.073,0.062,1.019,1823.643,4.334,333.0,0.996,0.844,1.574,1763.5,0.724,-0.007,t5_w3d_W3_s42,43600000.0
0.073,0.062,1.083,1823.643,4.334,334.0,0.996,0.844,1.574,1763.5,0.724,-0.015,t5_w3d_W3_s42,43800000.0
0.071,0.061,1.076,1798.292,4.445,335.0,0.996,0.839,1.584,1785.0,0.742,0.005,t5_w3d_W3_s42,43900000.0
0.071,0.061,1.005,1798.292,4.445,336.0,0.996,0.839,1.584,1785.0,0.742,-0.017,t5_w3d_W3_s42,44000000.0
0.072,0.062,1.058,1807.132,4.393,337.0,0.996,0.839,1.564,1803.5,0.732,-0.011,t5_w3d_W3_s42,44200000.0
0.072,0.062,1.049,1807.132,4.393,338.0,0.995,0.839,1.564,1803.5,0.732,-0.03,t5_w3d_W3_s42,44300000.0
0.072,0.061,1.029,1806.222,4.412,339.0,0.995,0.84,1.589,1746.5,0.736,-0.014,t5_w3d_W3_s42,44400000.0
0.072,0.061,1.061,1806.222,4.412,340.0,0.997,0.84,1.589,1746.5,0.736,-0.033,t5_w3d_W3_s42,44600000.0
0.072,0.062,1.069,1812.709,4.403,341.0,0.996,0.834,1.591,1738.5,0.73,0.015,t5_w3d_W3_s42,44700000.0
0.072,0.062,1.047,1812.709,4.403,342.0,0.995,0.834,1.591,1738.5,0.73,-0.021,t5_w3d_W3_s42,44800000.0
0.071,0.062,1.065,1820.082,4.412,343.0,0.996,0.834,1.562,1698.5,0.73,0.015,t5_w3d_W3_s42,45000000.0
0.071,0.062,1.081,1820.082,4.412,344.0,0.997,0.834,1.562,1698.5,0.73,-0.008,t5_w3d_W3_s42,45100000.0
0.071,0.062,1.073,1810.141,4.481,345.0,0.996,0.83,1.584,1790.5,0.737,-0.014,t5_w3d_W3_s42,45200000.0
0.071,0.062,1.067,1810.141,4.481,346.0,0.996,0.83,1.584,1790.5,0.737,0.013,t5_w3d_W3_s42,45400000.0
0.071,0.062,1.077,1815.394,4.477,347.0,0.995,0.831,1.581,1664.0,0.737,0.004,t5_w3d_W3_s42,45500000.0
0.071,0.062,1.08,1815.394,4.477,348.0,0.996,0.831,1.581,1664.0,0.737,-0.021,t5_w3d_W3_s42,45600000.0
0.073,0.063,1.073,1835.865,4.397,349.0,0.995,0.829,1.583,1735.0,0.722,-0.044,t5_w3d_W3_s42,45700000.0
0.073,0.063,1.063,1835.865,4.397,350.0,0.996,0.829,1.583,1735.0,0.722,0.011,t5_w3d_W3_s42,45900000.0
0.072,0.062,1.065,1820.079,4.427,351.0,0.996,0.829,1.555,1740.5,0.731,-0.016,t5_w3d_W3_s42,46000000.0
0.072,0.062,1.06,1820.079,4.427,352.0,0.996,0.829,1.555,1740.5,0.731,-0.01,t5_w3d_W3_s42,46100000.0
0.071,0.062,1.061,1799.969,4.477,353.0,0.995,0.828,1.563,1702.0,0.736,-0.003,t5_w3d_W3_s42,46300000.0
0.071,0.062,1.05,1799.969,4.477,354.0,0.995,0.828,1.563,1702.0,0.736,0.007,t5_w3d_W3_s42,46400000.0
0.072,0.062,1.053,1835.766,4.407,355.0,0.996,0.832,1.583,1718.0,0.726,0.006,t5_w3d_W3_s42,46500000.0
0.072,0.062,1.066,1835.766,4.407,356.0,0.996,0.832,1.583,1718.0,0.726,-0.04,t5_w3d_W3_s42,46700000.0
0.072,0.062,1.088,1829.531,4.46,357.0,0.996,0.825,1.597,1803.5,0.728,0.016,t5_w3d_W3_s42,46800000.0
0.072,0.062,1.076,1829.531,4.46,358.0,0.996,0.825,1.597,1803.5,0.728,0.02,t5_w3d_W3_s42,46900000.0
0.073,0.063,1.082,1832.543,4.508,359.0,0.995,0.83,1.578,1740.0,0.741,-0.015,t5_w3d_W3_s42,47100000.0
0.073,0.063,1.056,1832.543,4.508,360.0,0.996,0.83,1.578,1740.0,0.741,-0.01,t5_w3d_W3_s42,47200000.0
0.072,0.062,1.068,1827.548,4.459,361.0,0.995,0.83,1.558,1755.5,0.736,-0.03,t5_w3d_W3_s42,47300000.0
0.072,0.062,1.042,1827.548,4.459,362.0,0.995,0.83,1.558,1755.5,0.736,-0.022,t5_w3d_W3_s42,47400000.0
0.072,0.063,1.058,1858.061,4.418,363.0,0.993,0.831,1.587,1741.0,0.727,-0.033,t5_w3d_W3_s42,47600000.0
0.072,0.063,1.053,1858.061,4.418,364.0,0.995,0.831,1.587,1741.0,0.727,-0.024,t5_w3d_W3_s42,47700000.0
0.072,0.062,1.073,1839.253,4.35,365.0,0.996,0.834,1.572,1724.0,0.72,-0.011,t5_w3d_W3_s42,47800000.0
0.072,0.062,1.038,1839.253,4.35,366.0,0.994,0.834,1.572,1724.0,0.72,-0.032,t5_w3d_W3_s42,48000000.0
0.072,0.061,1.032,1826.502,4.408,367.0,0.993,0.835,1.564,1746.0,0.731,-0.024,t5_w3d_W3_s42,48100000.0
0.072,0.061,1.047,1826.502,4.408,368.0,0.996,0.835,1.564,1746.0,0.731,-0.008,t5_w3d_W3_s42,48200000.0
0.072,0.062,1.039,1801.866,4.477,369.0,0.996,0.831,1.561,1783.0,0.74,-0.016,t5_w3d_W3_s42,48400000.0
0.072,0.062,1.045,1801.866,4.477,370.0,0.995,0.831,1.561,1783.0,0.74,-0.011,t5_w3d_W3_s42,48500000.0
0.072,0.062,1.043,1818.504,4.437,371.0,0.996,0.832,1.562,1765.0,0.732,0.005,t5_w3d_W3_s42,48600000.0
0.072,0.062,1.081,1818.504,4.437,372.0,0.995,0.832,1.562,1765.0,0.732,-0.026,t5_w3d_W3_s42,48800000.0
0.072,0.061,1.058,1831.168,4.457,373.0,0.995,0.83,1.598,1713.5,0.734,-0.031,t5_w3d_W3_s42,48900000.0
0.072,0.061,1.073,1831.168,4.457,374.0,0.995,0.83,1.598,1713.5,0.734,0.01,t5_w3d_W3_s42,49000000.0
0.073,0.062,1.076,1863.615,4.324,375.0,0.995,0.837,1.576,1685.5,0.715,-0.007,t5_w3d_W3_s42,49200000.0
0.073,0.062,1.048,1863.615,4.324,376.0,0.996,0.837,1.576,1685.5,0.715,-0.018,t5_w3d_W3_s42,49300000.0
0.072,0.062,1.045,1833.054,4.423,377.0,0.995,0.834,1.554,1743.0,0.729,-0.007,t5_w3d_W3_s42,49400000.0
0.072,0.062,1.06,1833.054,4.423,378.0,0.996,0.834,1.554,1743.0,0.729,0.005,t5_w3d_W3_s42,49500000.0
0.072,0.063,1.084,1832.983,4.414,379.0,0.996,0.835,1.577,1756.0,0.729,0.001,t5_w3d_W3_s42,49700000.0
0.072,0.063,1.027,1832.983,4.414,380.0,0.994,0.835,1.577,1756.0,0.729,-0.012,t5_w3d_W3_s42,49800000.0
0.072,0.063,1.075,1812.964,4.43,381.0,0.996,0.834,1.565,1763.0,0.732,-0.013,t5_w3d_W3_s42,49900000.0
0.072,0.062,1.06,1814.454,4.447,382.0,0.995,0.832,1.57,1757.706,0.734,-0.016,t5_w3d_W3_s42,54400000.0
0.099,0.087,1.196,3977.609,3.598,3.0,0.94,0.778,1.165,639.0,0.631,-0.03,t5_w3d_W4_s42,393200.0
0.099,0.087,1.156,3977.609,3.598,4.0,0.933,0.778,1.165,639.0,0.631,-0.019,t5_w3d_W4_s42,524300.0
0.148,0.136,1.108,5247.08,0.931,5.0,0.937,0.724,1.255,534.0,0.207,-0.016,t5_w3d_W4_s42,655400.0
0.148,0.136,1.097,5247.08,0.931,6.0,0.949,0.724,1.255,534.0,0.207,-0.008,t5_w3d_W4_s42,786400.0
0.153,0.144,1.085,5350.785,0.556,7.0,0.953,0.775,1.195,695.5,0.159,-0.004,t5_w3d_W4_s42,917500.0
0.153,0.144,1.104,5350.785,0.556,8.0,0.956,0.775,1.195,695.5,0.159,-0.005,t5_w3d_W4_s42,1000000.0
0.149,0.139,1.1,5197.441,0.797,9.0,0.955,0.786,1.209,687.0,0.2,-0.003,t5_w3d_W4_s42,1200000.0
0.149,0.139,1.145,5197.441,0.797,10.0,0.961,0.786,1.209,687.0,0.2,-0.001,t5_w3d_W4_s42,1300000.0
0.15,0.138,1.134,5281.579,0.821,11.0,0.963,0.769,1.231,586.0,0.19,0.001,t5_w3d_W4_s42,1400000.0
0.15,0.138,1.155,5281.579,0.821,12.0,0.967,0.769,1.231,586.0,0.19,0.003,t5_w3d_W4_s42,1600000.0
0.155,0.146,1.157,5324.344,0.904,13.0,0.966,0.782,1.189,487.5,0.185,-0.003,t5_w3d_W4_s42,1700000.0
0.155,0.146,1.163,5324.344,0.904,14.0,0.965,0.782,1.189,487.5,0.185,-0.002,t5_w3d_W4_s42,1800000.0
0.152,0.143,1.174,5314.738,1.017,15.0,0.965,0.79,1.205,470.0,0.195,-0.002,t5_w3d_W4_s42,2000000.0
0.152,0.143,1.182,5314.738,1.017,16.0,0.968,0.79,1.205,470.0,0.195,-0.0,t5_w3d_W4_s42,2100000.0
0.156,0.147,1.194,5266.837,1.064,17.0,0.963,0.8,1.211,431.0,0.209,-0.011,t5_w3d_W4_s42,2200000.0
0.156,0.147,1.184,5266.837,1.064,18.0,0.967,0.8,1.211,431.0,0.209,-0.006,t5_w3d_W4_s42,2400000.0
0.149,0.141,1.234,5187.867,0.948,19.0,0.966,0.812,1.212,443.5,0.226,-0.005,t5_w3d_W4_s42,2500000.0
0.149,0.141,1.261,5187.867,0.948,20.0,0.969,0.812,1.212,443.5,0.226,-0.01,t5_w3d_W4_s42,2600000.0
0.149,0.14,1.245,5219.4,0.792,21.0,0.965,0.827,1.193,368.0,0.209,-0.013,t5_w3d_W4_s42,2800000.0
0.149,0.14,1.225,5219.4,0.792,22.0,0.965,0.827,1.193,368.0,0.209,-0.017,t5_w3d_W4_s42,2900000.0
0.149,0.139,1.203,5312.638,0.327,23.0,0.964,0.856,1.22,315.5,0.189,-0.006,t5_w3d_W4_s42,3000000.0
0.149,0.139,1.172,5312.638,0.327,24.0,0.967,0.856,1.22,315.5,0.189,-0.011,t5_w3d_W4_s42,3100000.0
0.16,0.151,1.194,5338.091,0.525,25.0,0.968,0.869,1.265,291.5,0.193,-0.008,t5_w3d_W4_s42,3300000.0
0.16,0.151,1.161,5338.091,0.525,26.0,0.968,0.869,1.265,291.5,0.193,-0.003,t5_w3d_W4_s42,3400000.0
0.147,0.138,1.13,5288.897,0.786,27.0,0.967,0.861,1.235,282.5,0.21,-0.013,t5_w3d_W4_s42,3500000.0
0.147,0.138,1.13,5288.897,0.786,28.0,0.969,0.861,1.235,282.5,0.21,-0.01,t5_w3d_W4_s42,3700000.0
0.147,0.134,1.128,5335.085,0.568,29.0,0.966,0.88,1.228,252.0,0.202,-0.015,t5_w3d_W4_s42,3800000.0
0.147,0.134,1.118,5335.085,0.568,30.0,0.969,0.88,1.228,252.0,0.202,-0.012,t5_w3d_W4_s42,3900000.0
0.155,0.149,1.123,5352.967,0.255,31.0,0.969,0.886,1.253,236.5,0.175,-0.012,t5_w3d_W4_s42,4099999.9999999995
0.155,0.149,1.11,5352.967,0.255,32.0,0.966,0.886,1.253,236.5,0.175,-0.023,t5_w3d_W4_s42,4200000.0
0.141,0.133,1.105,5321.944,0.086,33.0,0.961,0.894,1.222,252.5,0.178,-0.011,t5_w3d_W4_s42,4300000.0
0.141,0.133,1.067,5321.944,0.086,34.0,0.966,0.894,1.222,252.5,0.178,-0.014,t5_w3d_W4_s42,4500000.0
0.149,0.137,1.044,5193.084,0.242,35.0,0.969,0.895,1.18,225.0,0.221,-0.004,t5_w3d_W4_s42,4600000.0
0.149,0.137,1.088,5193.084,0.242,36.0,0.967,0.895,1.18,225.0,0.221,-0.007,t5_w3d_W4_s42,4700000.0
0.148,0.136,1.073,5267.185,0.905,37.0,0.969,0.884,1.23,214.0,0.248,-0.008,t5_w3d_W4_s42,4800000.0
0.148,0.136,1.085,5267.185,0.905,38.0,0.973,0.884,1.23,214.0,0.248,-0.018,t5_w3d_W4_s42,5000000.0
0.153,0.14,1.039,5277.703,0.215,39.0,0.971,0.897,1.204,211.0,0.185,-0.005,t5_w3d_W4_s42,5100000.0
0.153,0.14,1.034,5277.703,0.215,40.0,0.968,0.897,1.204,211.0,0.185,-0.007,t5_w3d_W4_s42,5200000.0
0.142,0.129,1.009,5272.603,0.835,41.0,0.974,0.891,1.219,188.0,0.229,0.002,t5_w3d_W4_s42,5400000.0
0.142,0.129,1.005,5272.603,0.835,42.0,0.967,0.891,1.219,188.0,0.229,-0.011,t5_w3d_W4_s42,5500000.0
0.147,0.141,1.013,5393.695,0.728,43.0,0.971,0.901,1.241,182.5,0.2,-0.015,t5_w3d_W4_s42,5600000.0
0.147,0.141,0.997,5393.695,0.728,44.0,0.974,0.901,1.241,182.5,0.2,-0.018,t5_w3d_W4_s42,5800000.0
0.151,0.137,1.0,5299.87,0.333,45.0,0.966,0.897,1.173,166.0,0.193,-0.018,t5_w3d_W4_s42,5900000.0
0.151,0.137,0.976,5299.87,0.333,46.0,0.966,0.897,1.173,166.0,0.193,-0.022,t5_w3d_W4_s42,6000000.0
0.153,0.145,0.996,5318.993,-0.037,47.0,0.966,0.903,1.214,175.5,0.168,-0.015,t5_w3d_W4_s42,6200000.0
0.153,0.145,0.961,5318.993,-0.037,48.0,0.968,0.903,1.214,175.5,0.168,-0.012,t5_w3d_W4_s42,6300000.0
0.145,0.136,0.971,5261.003,0.289,49.0,0.968,0.901,1.174,174.0,0.194,-0.017,t5_w3d_W4_s42,6400000.0
0.145,0.136,0.944,5261.003,0.289,50.0,0.963,0.901,1.174,174.0,0.194,-0.01,t5_w3d_W4_s42,6600000.0
0.148,0.138,0.945,5330.896,0.38,51.0,0.965,0.901,1.235,166.0,0.196,-0.015,t5_w3d_W4_s42,6700000.0
0.148,0.138,0.944,5330.896,0.38,52.0,0.97,0.901,1.235,166.0,0.196,-0.013,t5_w3d_W4_s42,6800000.0
0.147,0.137,0.916,5254.514,0.075,53.0,0.972,0.889,1.227,138.0,0.197,-0.017,t5_w3d_W4_s42,6900000.0
0.147,0.137,0.892,5254.514,0.075,54.0,0.967,0.889,1.227,138.0,0.197,-0.009,t5_w3d_W4_s42,7100000.0
0.151,0.138,0.891,5369.57,0.427,55.0,0.964,0.91,1.193,145.0,0.179,-0.021,t5_w3d_W4_s42,7200000.0
0.151,0.138,0.892,5369.57,0.427,56.0,0.962,0.91,1.193,145.0,0.179,-0.016,t5_w3d_W4_s42,7300000.0
0.154,0.144,0.902,5443.891,-0.158,57.0,0.963,0.909,1.178,132.0,0.133,-0.015,t5_w3d_W4_s42,7500000.0
0.154,0.144,0.885,5443.891,-0.158,58.0,0.964,0.909,1.178,132.0,0.133,-0.01,t5_w3d_W4_s42,7600000.0
0.151,0.137,0.89,5501.483,-0.058,59.0,0.966,0.925,1.202,137.0,0.121,-0.017,t5_w3d_W4_s42,7700000.0
0.151,0.137,0.876,5501.483,-0.058,60.0,0.966,0.925,1.202,137.0,0.121,-0.005,t5_w3d_W4_s42,7900000.0
0.148,0.139,0.888,5403.436,0.343,61.0,0.967,0.908,1.213,131.0,0.152,-0.013,t5_w3d_W4_s42,8000000.0
0.148,0.139,0.838,5403.436,0.343,62.0,0.973,0.908,1.213,131.0,0.152,-0.018,t5_w3d_W4_s42,8100000.0
0.148,0.142,0.881,5694.63,0.236,63.0,0.961,0.917,1.209,109.5,0.091,-0.011,t5_w3d_W4_s42,8300000.000000001
0.148,0.142,0.875,5694.63,0.236,64.0,0.962,0.917,1.209,109.5,0.091,-0.022,t5_w3d_W4_s42,8400000.0
0.145,0.136,0.878,5587.891,0.364,65.0,0.956,0.907,1.233,128.5,0.143,-0.017,t5_w3d_W4_s42,8500000.0
0.145,0.136,0.835,5587.891,0.364,66.0,0.955,0.907,1.233,128.5,0.143,-0.005,t5_w3d_W4_s42,8700000.0
0.154,0.146,0.883,5457.68,0.081,67.0,0.957,0.91,1.194,129.5,0.127,-0.003,t5_w3d_W4_s42,8800000.0
0.154,0.146,0.857,5457.68,0.081,68.0,0.952,0.91,1.194,129.5,0.127,-0.02,t5_w3d_W4_s42,8900000.0
0.16,0.146,0.83,5528.659,0.183,69.0,0.953,0.912,1.265,111.0,0.135,-0.013,t5_w3d_W4_s42,9000000.0
0.16,0.146,0.834,5528.659,0.183,70.0,0.952,0.912,1.265,111.0,0.135,-0.02,t5_w3d_W4_s42,9200000.0
0.145,0.133,0.824,5190.524,0.023,71.0,0.954,0.906,1.242,126.0,0.163,-0.025,t5_w3d_W4_s42,9300000.0
0.145,0.133,0.822,5190.524,0.023,72.0,0.961,0.906,1.242,126.0,0.163,-0.018,t5_w3d_W4_s42,9400000.0
0.151,0.141,0.842,5491.55,-0.289,73.0,0.953,0.914,1.263,117.5,0.128,-0.007,t5_w3d_W4_s42,9600000.0
0.151,0.141,0.831,5491.55,-0.289,74.0,0.957,0.914,1.263,117.5,0.128,-0.011,t5_w3d_W4_s42,9700000.0
0.15,0.143,0.855,5242.054,0.138,75.0,0.946,0.903,1.306,111.0,0.166,-0.017,t5_w3d_W4_s42,9800000.0
0.15,0.143,0.849,5242.054,0.138,76.0,0.958,0.903,1.306,111.0,0.166,-0.024,t5_w3d_W4_s42,10000000.0
0.149,0.14,0.849,5166.0,-0.278,77.0,0.946,0.911,1.219,120.0,0.156,-0.015,t5_w3d_W4_s42,10100000.0
0.149,0.14,0.83,5166.0,-0.278,78.0,0.944,0.911,1.219,120.0,0.156,-0.028,t5_w3d_W4_s42,10200000.0
0.156,0.143,0.794,5074.252,-0.855,79.0,0.947,0.915,1.246,115.0,0.137,-0.02,t5_w3d_W4_s42,10400000.0
0.156,0.143,0.771,5074.252,-0.855,80.0,0.954,0.915,1.246,115.0,0.137,-0.023,t5_w3d_W4_s42,10500000.0
0.149,0.141,0.787,5259.875,-1.018,81.0,0.955,0.923,1.251,104.5,0.11,-0.021,t5_w3d_W4_s42,10600000.0
0.149,0.141,0.738,5259.875,-1.018,82.0,0.94,0.923,1.251,104.5,0.11,-0.021,t5_w3d_W4_s42,10700000.0
0.147,0.135,0.764,5142.839,-0.813,83.0,0.956,0.921,1.204,106.5,0.113,-0.012,t5_w3d_W4_s42,10900000.0
0.147,0.135,0.781,5142.839,-0.813,84.0,0.958,0.921,1.204,106.5,0.113,-0.014,t5_w3d_W4_s42,11000000.0
0.152,0.144,0.782,5508.16,0.022,85.0,0.957,0.913,1.233,109.5,0.115,-0.02,t5_w3d_W4_s42,11100000.0
0.152,0.144,0.806,5508.16,0.022,86.0,0.953,0.913,1.233,109.5,0.115,-0.035,t5_w3d_W4_s42,11300000.0
0.154,0.141,0.769,5499.239,-0.821,87.0,0.949,0.912,1.226,95.0,0.069,-0.013,t5_w3d_W4_s42,11400000.0
0.154,0.141,0.765,5499.239,-0.821,88.0,0.954,0.912,1.226,95.0,0.069,-0.022,t5_w3d_W4_s42,11500000.0
0.145,0.137,0.769,5602.81,-0.606,89.0,0.955,0.917,1.226,101.5,0.06,-0.023,t5_w3d_W4_s42,11700000.0
0.145,0.137,0.795,5602.81,-0.606,90.0,0.952,0.917,1.226,101.5,0.06,-0.015,t5_w3d_W4_s42,11800000.0
0.157,0.146,0.782,5687.014,-0.67,91.0,0.948,0.933,1.255,98.5,0.031,-0.009,t5_w3d_W4_s42,11900000.0
0.157,0.146,0.738,5687.014,-0.67,92.0,0.949,0.933,1.255,98.5,0.031,-0.002,t5_w3d_W4_s42,12100000.0
0.157,0.145,0.765,5557.438,-0.148,93.0,0.954,0.911,1.238,87.5,0.087,0.001,t5_w3d_W4_s42,12200000.0
0.157,0.145,0.745,5557.438,-0.148,94.0,0.954,0.911,1.238,87.5,0.087,-0.024,t5_w3d_W4_s42,12300000.0
0.155,0.14,0.739,5715.609,-0.025,95.0,0.957,0.915,1.185,78.5,0.069,-0.013,t5_w3d_W4_s42,12500000.0
0.155,0.14,0.709,5715.609,-0.025,96.0,0.949,0.915,1.185,78.5,0.069,-0.026,t5_w3d_W4_s42,12600000.0
0.16,0.155,0.714,5678.284,-0.152,97.0,0.96,0.92,1.209,81.5,0.061,-0.014,t5_w3d_W4_s42,12700000.0
0.16,0.155,0.702,5678.284,-0.152,98.0,0.957,0.92,1.209,81.5,0.061,-0.011,t5_w3d_W4_s42,12800000.0
0.148,0.139,0.727,5782.822,0.06,99.0,0.952,0.911,1.206,84.5,0.059,0.001,t5_w3d_W4_s42,13000000.0
0.148,0.139,0.708,5782.822,0.06,100.0,0.954,0.911,1.206,84.5,0.059,-0.015,t5_w3d_W4_s42,13100000.0
0.155,0.142,0.706,5632.483,0.066,101.0,0.943,0.901,1.214,85.5,0.093,-0.026,t5_w3d_W4_s42,13200000.0
0.155,0.142,0.736,5632.483,0.066,102.0,0.944,0.901,1.214,85.5,0.093,-0.019,t5_w3d_W4_s42,13400000.0
0.142,0.136,0.732,5489.913,-1.09,103.0,0.946,0.928,1.242,84.5,0.052,-0.018,t5_w3d_W4_s42,13500000.0
0.142,0.136,0.733,5489.913,-1.09,104.0,0.938,0.928,1.242,84.5,0.052,-0.036,t5_w3d_W4_s42,13600000.0
0.17,0.158,0.758,5325.896,-1.634,105.0,0.927,0.927,1.255,98.5,0.044,-0.026,t5_w3d_W4_s42,13800000.0
0.17,0.158,0.761,5325.896,-1.634,106.0,0.944,0.927,1.255,98.5,0.044,-0.029,t5_w3d_W4_s42,13900000.0
0.175,0.164,0.759,5313.12,-1.562,107.0,0.936,0.929,1.199,97.5,0.04,-0.033,t5_w3d_W4_s42,14000000.0
0.175,0.164,0.743,5313.12,-1.562,108.0,0.934,0.929,1.199,97.5,0.04,-0.027,t5_w3d_W4_s42,14200000.0
0.169,0.162,0.695,5296.04,-1.94,109.0,0.937,0.928,1.15,94.0,0.038,-0.031,t5_w3d_W4_s42,14300000.0
0.169,0.162,0.712,5296.04,-1.94,110.0,0.94,0.928,1.15,94.0,0.038,-0.031,t5_w3d_W4_s42,14400000.0
0.161,0.153,0.729,5184.392,-2.117,111.0,0.945,0.94,1.225,83.5,0.033,-0.031,t5_w3d_W4_s42,14500000.0
0.161,0.153,0.705,5184.392,-2.117,112.0,0.936,0.94,1.225,83.5,0.033,-0.033,t5_w3d_W4_s42,14700000.0
0.172,0.162,0.674,5311.924,-2.116,113.0,0.941,0.94,1.214,70.0,0.014,-0.035,t5_w3d_W4_s42,14800000.0
0.172,0.162,0.689,5311.924,-2.116,114.0,0.939,0.94,1.214,70.0,0.014,-0.03,t5_w3d_W4_s42,14900000.0
0.157,0.145,0.666,5375.864,-1.608,115.0,0.944,0.938,1.248,86.0,0.024,-0.035,t5_w3d_W4_s42,15100000.0
0.157,0.145,0.64,5375.864,-1.608,116.0,0.933,0.938,1.248,86.0,0.024,-0.021,t5_w3d_W4_s42,15200000.0
0.159,0.148,0.664,5408.261,-1.801,117.0,0.953,0.943,1.194,74.0,0.027,-0.032,t5_w3d_W4_s42,15300000.0
0.159,0.148,0.641,5408.261,-1.801,118.0,0.95,0.943,1.194,74.0,0.027,-0.037,t5_w3d_W4_s42,15500000.0
0.163,0.155,0.623,5413.48,-1.773,119.0,0.931,0.935,1.181,69.0,0.015,-0.013,t5_w3d_W4_s42,15600000.0
0.163,0.155,0.635,5413.48,-1.773,120.0,0.95,0.935,1.181,69.0,0.015,-0.032,t5_w3d_W4_s42,15700000.0
0.164,0.153,0.637,5418.012,-1.6,121.0,0.934,0.949,1.221,75.0,0.045,-0.004,t5_w3d_W4_s42,15900000.0
0.164,0.153,0.608,5418.012,-1.6,122.0,0.937,0.949,1.221,75.0,0.045,-0.038,t5_w3d_W4_s42,16000000.0
0.16,0.153,0.601,5462.576,-1.38,123.0,0.937,0.941,1.245,71.5,0.042,-0.026,t5_w3d_W4_s42,16100000.000000002
0.16,0.153,0.585,5462.576,-1.38,124.0,0.934,0.941,1.245,71.5,0.042,-0.037,t5_w3d_W4_s42,16300000.0
0.148,0.142,0.589,5307.208,-2.09,125.0,0.953,0.946,1.214,79.5,0.019,-0.036,t5_w3d_W4_s42,16399999.999999998
0.148,0.142,0.601,5307.208,-2.09,126.0,0.937,0.946,1.214,79.5,0.019,-0.031,t5_w3d_W4_s42,16500000.0
0.153,0.15,0.567,5406.474,-1.853,127.0,0.94,0.928,1.211,61.5,0.016,-0.041,t5_w3d_W4_s42,16600000.000000002
0.153,0.15,0.568,5406.474,-1.853,128.0,0.945,0.928,1.211,61.5,0.016,-0.026,t5_w3d_W4_s42,16800000.0
0.159,0.153,0.566,5216.94,-2.046,129.0,0.948,0.941,1.196,71.5,0.012,-0.026,t5_w3d_W4_s42,16900000.0
0.159,0.153,0.569,5216.94,-2.046,130.0,0.941,0.941,1.196,71.5,0.012,-0.012,t5_w3d_W4_s42,17000000.0
0.148,0.137,0.562,5213.499,-1.506,131.0,0.948,0.933,1.152,67.5,0.052,-0.031,t5_w3d_W4_s42,17200000.0
0.148,0.137,0.529,5213.499,-1.506,132.0,0.95,0.933,1.152,67.5,0.052,-0.022,t5_w3d_W4_s42,17300000.0
0.164,0.158,0.52,5371.819,-1.338,133.0,0.954,0.931,1.189,50.5,0.04,-0.009,t5_w3d_W4_s42,17400000.0
0.164,0.158,0.557,5371.819,-1.338,134.0,0.952,0.931,1.189,50.5,0.04,-0.023,t5_w3d_W4_s42,17600000.0
0.168,0.156,0.521,5666.999,-0.895,135.0,0.945,0.937,1.286,55.5,0.019,-0.003,t5_w3d_W4_s42,17700000.0
0.168,0.156,0.526,5666.999,-0.895,136.0,0.948,0.937,1.286,55.5,0.019,-0.019,t5_w3d_W4_s42,17800000.0
0.148,0.137,0.537,5626.346,-0.564,137.0,0.954,0.929,1.137,54.5,0.037,-0.017,t5_w3d_W4_s42,18000000.0
0.148,0.137,0.545,5626.346,-0.564,138.0,0.946,0.929,1.137,54.5,0.037,-0.009,t5_w3d_W4_s42,18100000.0
0.15,0.136,0.5,5509.223,-0.788,139.0,0.946,0.947,1.147,52.5,0.041,-0.001,t5_w3d_W4_s42,18200000.0
0.15,0.136,0.487,5509.223,-0.788,140.0,0.949,0.947,1.147,52.5,0.041,-0.021,t5_w3d_W4_s42,18400000.0
0.129,0.124,0.467,5618.755,-0.411,141.0,0.947,0.939,1.255,47.0,0.043,-0.021,t5_w3d_W4_s42,18500000.0
0.129,0.124,0.51,5618.755,-0.411,142.0,0.939,0.939,1.255,47.0,0.043,-0.008,t5_w3d_W4_s42,18600000.0
0.153,0.142,0.541,5417.887,-1.129,143.0,0.948,0.926,1.259,67.5,0.041,-0.02,t5_w3d_W4_s42,18700000.0
0.153,0.142,0.543,5417.887,-1.129,144.0,0.947,0.926,1.259,67.5,0.041,-0.032,t5_w3d_W4_s42,18900000.0
0.141,0.129,0.527,5519.843,-1.437,145.0,0.946,0.939,1.29,60.5,0.024,-0.046,t5_w3d_W4_s42,19000000.0
0.141,0.129,0.549,5519.843,-1.437,146.0,0.924,0.939,1.29,60.5,0.024,-0.034,t5_w3d_W4_s42,19100000.0
0.148,0.137,0.522,5331.591,-2.006,147.0,0.92,0.952,1.239,61.5,0.017,-0.048,t5_w3d_W4_s42,19300000.0
0.148,0.137,0.501,5331.591,-2.006,148.0,0.94,0.952,1.239,61.5,0.017,-0.03,t5_w3d_W4_s42,19400000.0
0.17,0.156,0.561,5353.09,-2.045,149.0,0.922,0.934,1.254,57.5,0.018,-0.038,t5_w3d_W4_s42,19500000.0
0.17,0.156,0.513,5353.09,-2.045,150.0,0.949,0.934,1.254,57.5,0.018,-0.033,t5_w3d_W4_s42,19700000.0
0.15,0.145,0.478,5238.701,-2.494,151.0,0.947,0.95,1.144,57.0,0.027,-0.039,t5_w3d_W4_s42,19800000.0
0.15,0.145,0.471,5238.701,-2.494,152.0,0.952,0.95,1.144,57.0,0.027,-0.036,t5_w3d_W4_s42,19900000.0
0.16,0.15,0.476,5453.298,-1.897,153.0,0.94,0.94,1.183,55.5,0.0,-0.033,t5_w3d_W4_s42,20100000.0
0.16,0.15,0.47,5453.298,-1.897,154.0,0.948,0.94,1.183,55.5,0.0,-0.031,t5_w3d_W4_s42,20200000.0
0.149,0.135,0.488,5492.489,-1.545,155.0,0.943,0.929,1.257,62.0,0.017,-0.029,t5_w3d_W4_s42,20300000.0
0.149,0.135,0.508,5492.489,-1.545,156.0,0.952,0.929,1.257,62.0,0.017,-0.024,t5_w3d_W4_s42,20400000.0
0.158,0.152,0.493,5589.0,-1.763,157.0,0.948,0.917,1.32,52.0,0.02,-0.021,t5_w3d_W4_s42,20600000.0
0.158,0.152,0.466,5589.0,-1.763,158.0,0.955,0.917,1.32,52.0,0.02,-0.025,t5_w3d_W4_s42,20700000.0
0.147,0.14,0.518,5708.001,-1.103,159.0,0.945,0.943,1.246,50.5,0.01,-0.027,t5_w3d_W4_s42,20800000.0
0.147,0.14,0.532,5708.001,-1.103,160.0,0.931,0.943,1.246,50.5,0.01,-0.023,t5_w3d_W4_s42,21000000.0
0.168,0.159,0.501,5573.195,-1.379,161.0,0.918,0.946,1.256,56.0,0.028,-0.032,t5_w3d_W4_s42,21100000.0
0.168,0.159,0.484,5573.195,-1.379,162.0,0.942,0.946,1.256,56.0,0.028,-0.031,t5_w3d_W4_s42,21200000.0
0.148,0.14,0.493,5379.152,-1.816,163.0,0.939,0.943,1.26,55.5,0.026,-0.027,t5_w3d_W4_s42,21400000.0
0.148,0.14,0.458,5379.152,-1.816,164.0,0.941,0.943,1.26,55.5,0.026,-0.03,t5_w3d_W4_s42,21500000.0
0.147,0.14,0.47,5357.277,-1.328,165.0,0.935,0.943,1.217,58.0,0.025,-0.029,t5_w3d_W4_s42,21600000.0
0.147,0.14,0.493,5357.277,-1.328,166.0,0.932,0.943,1.217,58.0,0.025,-0.024,t5_w3d_W4_s42,21800000.0
0.15,0.141,0.518,5404.745,-1.399,167.0,0.947,0.947,1.223,57.5,0.034,-0.022,t5_w3d_W4_s42,21900000.0
0.15,0.141,0.511,5404.745,-1.399,168.0,0.937,0.947,1.223,57.5,0.034,-0.029,t5_w3d_W4_s42,22000000.0
0.16,0.147,0.55,5568.025,-1.013,169.0,0.93,0.951,1.246,62.5,0.016,-0.037,t5_w3d_W4_s42,22200000.0
0.16,0.147,0.572,5568.025,-1.013,170.0,0.919,0.951,1.246,62.5,0.016,-0.024,t5_w3d_W4_s42,22300000.0
0.142,0.135,0.532,5343.894,-1.496,171.0,0.936,0.942,1.262,67.5,0.052,-0.022,t5_w3d_W4_s42,22400000.0
0.142,0.135,0.546,5343.894,-1.496,172.0,0.937,0.942,1.262,67.5,0.052,-0.037,t5_w3d_W4_s42,22500000.0
0.162,0.154,0.544,5391.569,-1.355,173.0,0.931,0.951,1.198,58.0,0.017,-0.024,t5_w3d_W4_s42,22700000.0
0.162,0.154,0.551,5391.569,-1.355,174.0,0.95,0.951,1.198,58.0,0.017,-0.022,t5_w3d_W4_s42,22800000.0
0.129,0.125,0.542,5498.426,-1.017,175.0,0.931,0.946,1.296,67.0,0.014,-0.016,t5_w3d_W4_s42,22900000.0
0.129,0.125,0.546,5498.426,-1.017,176.0,0.925,0.946,1.296,67.0,0.014,-0.014,t5_w3d_W4_s42,23100000.0
0.152,0.143,0.571,5404.993,-1.188,177.0,0.939,0.946,1.174,57.5,0.051,-0.015,t5_w3d_W4_s42,23200000.0
0.152,0.143,0.532,5404.993,-1.188,178.0,0.937,0.946,1.174,57.5,0.051,-0.033,t5_w3d_W4_s42,23300000.0
0.145,0.132,0.552,5614.024,-0.871,179.0,0.953,0.946,1.199,61.0,0.031,-0.005,t5_w3d_W4_s42,23500000.0
0.145,0.132,0.574,5614.024,-0.871,180.0,0.949,0.946,1.199,61.0,0.031,-0.01,t5_w3d_W4_s42,23600000.0
0.154,0.142,0.551,5692.408,-0.638,181.0,0.947,0.944,1.124,66.0,0.033,0.006,t5_w3d_W4_s42,23700000.0
0.154,0.142,0.564,5692.408,-0.638,182.0,0.942,0.944,1.124,66.0,0.033,-0.032,t5_w3d_W4_s42,23900000.0
0.151,0.138,0.554,5620.834,-0.602,183.0,0.947,0.947,1.113,65.0,0.038,-0.036,t5_w3d_W4_s42,24000000.0
0.151,0.138,0.532,5620.834,-0.602,184.0,0.947,0.947,1.113,65.0,0.038,-0.004,t5_w3d_W4_s42,24100000.0
0.141,0.137,0.53,5525.471,-1.101,185.0,0.944,0.947,1.234,59.5,0.016,0.005,t5_w3d_W4_s42,24200000.0
0.141,0.137,0.535,5525.471,-1.101,186.0,0.958,0.947,1.234,59.5,0.016,-0.013,t5_w3d_W4_s42,24400000.0
0.141,0.138,0.547,5674.788,-0.844,187.0,0.944,0.949,1.327,58.0,0.017,-0.004,t5_w3d_W4_s42,24500000.0
0.141,0.138,0.543,5674.788,-0.844,188.0,0.926,0.949,1.327,58.0,0.017,-0.011,t5_w3d_W4_s42,24600000.0
0.14,0.125,0.559,5569.63,-0.749,189.0,0.942,0.933,1.194,66.5,0.052,-0.037,t5_w3d_W4_s42,24800000.0
0.14,0.125,0.545,5569.63,-0.749,190.0,0.951,0.933,1.194,66.5,0.052,-0.014,t5_w3d_W4_s42,24900000.0
0.156,0.147,0.556,5421.072,-1.519,191.0,0.953,0.96,1.289,53.5,0.01,-0.025,t5_w3d_W4_s42,25000000.0
0.156,0.147,0.534,5421.072,-1.519,192.0,0.951,0.96,1.289,53.5,0.01,-0.037,t5_w3d_W4_s42,25200000.0
0.155,0.144,0.569,5440.543,-1.396,193.0,0.949,0.954,1.211,65.5,0.007,-0.01,t5_w3d_W4_s42,25300000.0
0.155,0.144,0.582,5440.543,-1.396,194.0,0.94,0.954,1.211,65.5,0.007,0.013,t5_w3d_W4_s42,25400000.0
0.167,0.162,0.578,5368.111,-1.053,195.0,0.957,0.947,1.209,67.0,0.037,-0.005,t5_w3d_W4_s42,25600000.0
0.167,0.162,0.58,5368.111,-1.053,196.0,0.954,0.947,1.209,67.0,0.037,-0.023,t5_w3d_W4_s42,25700000.0
0.168,0.155,0.61,5488.282,-1.392,197.0,0.955,0.956,1.24,72.0,0.012,-0.039,t5_w3d_W4_s42,25800000.0
0.168,0.155,0.601,5488.282,-1.392,198.0,0.942,0.956,1.24,72.0,0.012,-0.033,t5_w3d_W4_s42,26000000.0
0.147,0.14,0.605,5296.004,-1.843,199.0,0.947,0.957,1.201,71.0,0.013,-0.023,t5_w3d_W4_s42,26100000.0
0.147,0.14,0.593,5296.004,-1.843,200.0,0.936,0.957,1.201,71.0,0.013,-0.017,t5_w3d_W4_s42,26200000.0
0.142,0.142,0.629,5569.065,-1.31,201.0,0.942,0.945,1.189,75.5,0.019,-0.034,t5_w3d_W4_s42,26300000.0
0.142,0.142,0.611,5569.065,-1.31,202.0,0.936,0.945,1.189,75.5,0.019,-0.035,t5_w3d_W4_s42,26500000.0
0.145,0.14,0.608,5361.884,-1.641,203.0,0.933,0.958,1.234,68.5,0.007,-0.013,t5_w3d_W4_s42,26600000.0
0.145,0.14,0.604,5361.884,-1.641,204.0,0.945,0.958,1.234,68.5,0.007,-0.008,t5_w3d_W4_s42,26700000.0
0.151,0.138,0.596,5500.069,-1.196,205.0,0.956,0.957,1.174,72.0,0.034,-0.034,t5_w3d_W4_s42,26900000.0
0.151,0.138,0.583,5500.069,-1.196,206.0,0.951,0.957,1.174,72.0,0.034,-0.012,t5_w3d_W4_s42,27000000.0
0.155,0.142,0.589,5619.713,-0.891,207.0,0.946,0.956,1.271,66.5,0.016,-0.019,t5_w3d_W4_s42,27100000.0
0.155,0.142,0.601,5619.713,-0.891,208.0,0.948,0.956,1.271,66.5,0.016,-0.02,t5_w3d_W4_s42,27300000.0
0.141,0.13,0.608,5730.268,-0.935,209.0,0.946,0.955,1.253,69.5,0.014,-0.007,t5_w3d_W4_s42,27400000.0
0.141,0.13,0.594,5730.268,-0.935,210.0,0.947,0.955,1.253,69.5,0.014,-0.036,t5_w3d_W4_s42,27500000.0
0.137,0.125,0.591,5654.886,-0.749,211.0,0.943,0.963,1.219,65.5,0.015,-0.009,t5_w3d_W4_s42,27700000.0
0.137,0.125,0.617,5654.886,-0.749,212.0,0.934,0.963,1.219,65.5,0.015,0.021,t5_w3d_W4_s42,27800000.0
0.15,0.138,0.617,5729.812,-0.203,213.0,0.942,0.957,1.28,62.5,0.048,-0.054,t5_w3d_W4_s42,27900000.0
0.15,0.138,0.598,5729.812,-0.203,214.0,0.956,0.957,1.28,62.5,0.048,-0.034,t5_w3d_W4_s42,28000000.0
0.151,0.138,0.627,5496.745,-1.571,215.0,0.95,0.957,1.235,71.5,0.0,-0.018,t5_w3d_W4_s42,28200000.0
0.151,0.138,0.617,5496.745,-1.571,216.0,0.936,0.957,1.235,71.5,0.0,0.001,t5_w3d_W4_s42,28300000.0
0.146,0.137,0.581,5701.356,-0.516,217.0,0.95,0.939,1.177,65.0,0.046,0.008,t5_w3d_W4_s42,28400000.0
0.146,0.137,0.598,5701.356,-0.516,218.0,0.947,0.939,1.177,65.0,0.046,-0.021,t5_w3d_W4_s42,28600000.0
0.15,0.141,0.601,5674.671,-0.78,219.0,0.939,0.957,1.16,68.5,0.015,-0.025,t5_w3d_W4_s42,28700000.0
0.15,0.141,0.594,5674.671,-0.78,220.0,0.952,0.957,1.16,68.5,0.015,-0.019,t5_w3d_W4_s42,28800000.0
0.152,0.14,0.604,5589.751,-1.063,221.0,0.951,0.959,1.255,57.0,0.028,-0.023,t5_w3d_W4_s42,29000000.0
0.152,0.14,0.608,5589.751,-1.063,222.0,0.941,0.959,1.255,57.0,0.028,-0.017,t5_w3d_W4_s42,29100000.0
0.141,0.127,0.587,5632.95,-1.022,223.0,0.945,0.96,1.19,68.0,0.015,-0.042,t5_w3d_W4_s42,29200000.0
0.141,0.127,0.566,5632.95,-1.022,224.0,0.945,0.96,1.19,68.0,0.015,0.027,t5_w3d_W4_s42,29400000.0
0.144,0.132,0.628,5739.375,-0.591,225.0,0.96,0.95,1.252,68.0,0.028,-0.03,t5_w3d_W4_s42,29500000.0
0.144,0.132,0.618,5739.375,-0.591,226.0,0.948,0.95,1.252,68.0,0.028,-0.005,t5_w3d_W4_s42,29600000.0
0.144,0.131,0.617,5698.152,-0.586,227.0,0.95,0.952,1.259,67.5,0.019,-0.007,t5_w3d_W4_s42,29800000.0
0.144,0.131,0.626,5698.152,-0.586,228.0,0.946,0.952,1.259,67.5,0.019,-0.046,t5_w3d_W4_s42,29900000.0
0.162,0.148,0.627,5459.687,-1.417,229.0,0.96,0.957,1.169,71.0,0.019,-0.013,t5_w3d_W4_s42,30000000.0
0.162,0.148,0.592,5459.687,-1.417,230.0,0.957,0.957,1.169,71.0,0.019,-0.039,t5_w3d_W4_s42,30100000.0
0.136,0.125,0.608,5726.339,-0.837,231.0,0.964,0.964,1.136,67.0,0.007,-0.029,t5_w3d_W4_s42,30300000.0
0.136,0.125,0.593,5726.339,-0.837,232.0,0.945,0.964,1.136,67.0,0.007,-0.011,t5_w3d_W4_s42,30400000.0
0.147,0.135,0.595,5711.715,-0.783,233.0,0.952,0.947,1.282,77.5,0.006,0.013,t5_w3d_W4_s42,30500000.0
0.147,0.135,0.633,5711.715,-0.783,234.0,0.955,0.947,1.282,77.5,0.006,-0.029,t5_w3d_W4_s42,30700000.0
0.143,0.132,0.608,5707.608,-0.734,235.0,0.948,0.946,1.148,65.5,0.014,-0.015,t5_w3d_W4_s42,30800000.0
0.143,0.132,0.611,5707.608,-0.734,236.0,0.956,0.946,1.148,65.5,0.014,0.004,t5_w3d_W4_s42,30900000.0
0.136,0.129,0.614,5682.494,-0.618,237.0,0.946,0.937,1.231,82.0,0.019,0.018,t5_w3d_W4_s42,31100000.0
0.136,0.129,0.65,5682.494,-0.618,238.0,0.953,0.937,1.231,82.0,0.019,0.022,t5_w3d_W4_s42,31200000.0
0.146,0.136,0.638,5800.898,-0.171,239.0,0.955,0.943,1.294,76.5,0.046,0.0,t5_w3d_W4_s42,31300000.0
0.146,0.136,0.631,5800.898,-0.171,240.0,0.933,0.943,1.294,76.5,0.046,-0.01,t5_w3d_W4_s42,31500000.0
0.133,0.123,0.631,5635.627,-0.872,241.0,0.952,0.937,1.215,72.5,0.04,0.002,t5_w3d_W4_s42,31600000.0
0.133,0.123,0.634,5635.627,-0.872,242.0,0.941,0.937,1.215,72.5,0.04,-0.009,t5_w3d_W4_s42,31700000.0
0.155,0.146,0.609,5580.684,-0.92,243.0,0.96,0.938,1.258,70.5,0.029,0.01,t5_w3d_W4_s42,31900000.0
0.155,0.146,0.616,5580.684,-0.92,244.0,0.95,0.938,1.258,70.5,0.029,-0.016,t5_w3d_W4_s42,32000000.0
0.143,0.136,0.637,5760.206,-0.378,245.0,0.954,0.949,1.243,76.5,0.019,-0.024,t5_w3d_W4_s42,32100000.0
0.143,0.136,0.638,5760.206,-0.378,246.0,0.957,0.949,1.243,76.5,0.019,0.009,t5_w3d_W4_s42,32200000.000000004
0.132,0.118,0.626,5865.545,-0.402,247.0,0.953,0.943,1.186,70.5,0.021,-0.002,t5_w3d_W4_s42,32400000.0
0.132,0.118,0.655,5865.545,-0.402,248.0,0.945,0.943,1.186,70.5,0.021,0.011,t5_w3d_W4_s42,32500000.0
0.157,0.143,0.675,5842.638,-0.235,249.0,0.949,0.947,1.285,77.0,0.026,0.015,t5_w3d_W4_s42,32600000.0
0.157,0.143,0.661,5842.638,-0.235,250.0,0.951,0.947,1.285,77.0,0.026,0.002,t5_w3d_W4_s42,32799999.999999996
0.136,0.125,0.67,5788.872,-0.283,251.0,0.944,0.938,1.264,70.5,0.035,0.023,t5_w3d_W4_s42,32900000.0
0.136,0.125,0.688,5788.872,-0.283,252.0,0.945,0.938,1.264,70.5,0.035,0.048,t5_w3d_W4_s42,33000000.0
0.156,0.141,0.663,5868.838,0.228,253.0,0.96,0.939,1.328,73.0,0.069,0.024,t5_w3d_W4_s42,33200000.000000004
0.156,0.141,0.663,5868.838,0.228,254.0,0.947,0.939,1.328,73.0,0.069,0.024,t5_w3d_W4_s42,33299999.999999996
0.146,0.14,0.704,5757.126,-0.16,255.0,0.956,0.951,1.187,81.0,0.044,0.015,t5_w3d_W4_s42,33400000.0
0.146,0.14,0.685,5757.126,-0.16,256.0,0.966,0.951,1.187,81.0,0.044,-0.011,t5_w3d_W4_s42,33600000.0
0.154,0.143,0.664,5873.274,-0.018,257.0,0.956,0.954,1.248,69.5,0.029,0.004,t5_w3d_W4_s42,33700000.0
0.154,0.143,0.677,5873.274,-0.018,258.0,0.954,0.954,1.248,69.5,0.029,-0.043,t5_w3d_W4_s42,33800000.0
0.146,0.141,0.654,5939.071,-0.43,259.0,0.963,0.938,1.3,84.5,0.011,-0.001,t5_w3d_W4_s42,33900000.0
0.146,0.141,0.691,5939.071,-0.43,260.0,0.951,0.938,1.3,84.5,0.011,0.018,t5_w3d_W4_s42,34100000.0
0.135,0.129,0.675,5824.921,-0.148,261.0,0.938,0.95,1.22,70.5,0.021,0.021,t5_w3d_W4_s42,34200000.0
0.135,0.129,0.701,5824.921,-0.148,262.0,0.949,0.95,1.22,70.5,0.021,0.014,t5_w3d_W4_s42,34300000.0
0.146,0.138,0.705,5593.087,-0.514,263.0,0.951,0.939,1.201,87.0,0.057,0.003,t5_w3d_W4_s42,34500000.0
0.146,0.138,0.689,5593.087,-0.514,264.0,0.94,0.939,1.201,87.0,0.057,-0.014,t5_w3d_W4_s42,34600000.0
0.146,0.134,0.717,5617.376,-0.642,265.0,0.939,0.955,1.237,78.0,0.044,-0.011,t5_w3d_W4_s42,34700000.0
0.146,0.134,0.733,5617.376,-0.642,266.0,0.948,0.955,1.237,78.0,0.044,-0.005,t5_w3d_W4_s42,34900000.0
0.153,0.146,0.715,5560.965,-0.679,267.0,0.948,0.946,1.248,86.5,0.036,-0.001,t5_w3d_W4_s42,35000000.0
0.153,0.146,0.736,5560.965,-0.679,268.0,0.952,0.946,1.248,86.5,0.036,0.012,t5_w3d_W4_s42,35100000.0
0.146,0.136,0.712,5671.086,-0.451,269.0,0.953,0.942,1.21,81.0,0.037,-0.003,t5_w3d_W4_s42,35300000.0
0.146,0.136,0.738,5671.086,-0.451,270.0,0.939,0.942,1.21,81.0,0.037,-0.014,t5_w3d_W4_s42,35400000.0
0.138,0.129,0.735,5752.268,-0.408,271.0,0.949,0.96,1.23,90.0,0.045,0.024,t5_w3d_W4_s42,35500000.0
0.138,0.129,0.707,5752.268,-0.408,272.0,0.95,0.96,1.23,90.0,0.045,0.004,t5_w3d_W4_s42,35700000.0
0.145,0.135,0.723,5804.942,-0.31,273.0,0.941,0.947,1.155,74.5,0.04,0.007,t5_w3d_W4_s42,35800000.0
0.145,0.135,0.715,5804.942,-0.31,274.0,0.945,0.947,1.155,74.5,0.04,-0.009,t5_w3d_W4_s42,35900000.0
0.141,0.133,0.717,5611.351,-0.527,275.0,0.952,0.956,1.239,81.0,0.052,-0.01,t5_w3d_W4_s42,36000000.0
0.141,0.133,0.705,5611.351,-0.527,276.0,0.936,0.956,1.239,81.0,0.052,-0.002,t5_w3d_W4_s42,36200000.0
0.16,0.149,0.711,5643.289,-0.786,277.0,0.944,0.952,1.195,67.0,0.045,0.043,t5_w3d_W4_s42,36300000.0
0.16,0.149,0.716,5643.289,-0.786,278.0,0.947,0.952,1.195,67.0,0.045,0.003,t5_w3d_W4_s42,36400000.0
0.136,0.129,0.718,5633.459,-0.384,279.0,0.956,0.951,1.231,69.0,0.073,-0.011,t5_w3d_W4_s42,36600000.0
0.136,0.129,0.74,5633.459,-0.384,280.0,0.946,0.951,1.231,69.0,0.073,-0.003,t5_w3d_W4_s42,36700000.0
0.151,0.139,0.75,5730.852,-0.686,281.0,0.935,0.948,1.176,87.5,0.016,0.017,t5_w3d_W4_s42,36800000.0
0.151,0.139,0.762,5730.852,-0.686,282.0,0.953,0.948,1.176,87.5,0.016,-0.019,t5_w3d_W4_s42,37000000.0
0.154,0.147,0.78,5611.364,-0.421,283.0,0.953,0.947,1.225,90.0,0.045,-0.03,t5_w3d_W4_s42,37100000.0
0.154,0.147,0.773,5611.364,-0.421,284.0,0.951,0.947,1.225,90.0,0.045,0.001,t5_w3d_W4_s42,37200000.0
0.154,0.145,0.746,5691.944,-0.715,285.0,0.936,0.94,1.196,92.0,0.022,0.001,t5_w3d_W4_s42,37400000.0
0.154,0.145,0.746,5691.944,-0.715,286.0,0.94,0.94,1.196,92.0,0.022,0.015,t5_w3d_W4_s42,37500000.0
0.167,0.153,0.77,5373.028,-0.833,287.0,0.957,0.954,1.298,82.5,0.085,-0.012,t5_w3d_W4_s42,37600000.0
0.167,0.153,0.762,5373.028,-0.833,288.0,0.956,0.954,1.298,82.5,0.085,0.025,t5_w3d_W4_s42,37700000.0
0.158,0.145,0.77,5699.046,-0.418,289.0,0.961,0.942,1.239,97.0,0.041,-0.011,t5_w3d_W4_s42,37900000.0
0.158,0.145,0.774,5699.046,-0.418,290.0,0.956,0.942,1.239,97.0,0.041,-0.001,t5_w3d_W4_s42,38000000.0
0.15,0.139,0.776,5665.769,-0.58,291.0,0.955,0.969,1.227,91.5,0.038,0.003,t5_w3d_W4_s42,38100000.0
0.15,0.139,0.79,5665.769,-0.58,292.0,0.961,0.969,1.227,91.5,0.038,-0.016,t5_w3d_W4_s42,38300000.0
0.151,0.147,0.765,5553.959,-0.72,293.0,0.963,0.953,1.205,92.0,0.057,0.015,t5_w3d_W4_s42,38400000.0
0.151,0.147,0.762,5553.959,-0.72,294.0,0.952,0.953,1.205,92.0,0.057,0.005,t5_w3d_W4_s42,38500000.0
0.139,0.131,0.754,5658.99,-0.346,295.0,0.953,0.954,1.171,91.5,0.056,0.024,t5_w3d_W4_s42,38700000.0
0.139,0.131,0.732,5658.99,-0.346,296.0,0.965,0.954,1.171,91.5,0.056,-0.013,t5_w3d_W4_s42,38800000.0
0.148,0.138,0.739,5638.948,-0.278,297.0,0.958,0.946,1.224,82.5,0.073,-0.014,t5_w3d_W4_s42,38900000.0
0.148,0.138,0.752,5638.948,-0.278,298.0,0.962,0.946,1.224,82.5,0.073,0.021,t5_w3d_W4_s42,39100000.0
0.152,0.136,0.725,5697.035,-0.429,299.0,0.962,0.951,1.215,94.0,0.054,0.008,t5_w3d_W4_s42,39200000.0
0.152,0.136,0.698,5697.035,-0.429,300.0,0.965,0.951,1.215,94.0,0.054,-0.009,t5_w3d_W4_s42,39300000.0
0.149,0.132,0.774,5784.862,-0.251,301.0,0.962,0.958,1.287,99.5,0.046,0.017,t5_w3d_W4_s42,39500000.0
0.149,0.132,0.745,5784.862,-0.251,302.0,0.958,0.958,1.287,99.5,0.046,0.017,t5_w3d_W4_s42,39600000.0
0.14,0.129,0.754,5761.885,-0.184,303.0,0.966,0.954,1.203,91.5,0.054,0.022,t5_w3d_W4_s42,39700000.0
0.14,0.129,0.748,5761.885,-0.184,304.0,0.951,0.954,1.203,91.5,0.054,-0.014,t5_w3d_W4_s42,39800000.0
0.151,0.141,0.783,5707.071,-0.194,305.0,0.966,0.953,1.254,82.5,0.061,-0.009,t5_w3d_W4_s42,40000000.0
0.151,0.141,0.783,5707.071,-0.194,306.0,0.966,0.953,1.254,82.5,0.061,0.007,t5_w3d_W4_s42,40100000.0
0.149,0.139,0.794,5837.383,-0.278,307.0,0.953,0.948,1.176,94.5,0.03,0.019,t5_w3d_W4_s42,40200000.0
0.149,0.139,0.778,5837.383,-0.278,308.0,0.963,0.948,1.176,94.5,0.03,-0.005,t5_w3d_W4_s42,40400000.0
0.144,0.131,0.799,5835.383,-0.404,309.0,0.962,0.949,1.222,92.5,0.033,0.024,t5_w3d_W4_s42,40500000.0
0.144,0.131,0.773,5835.383,-0.404,310.0,0.964,0.949,1.222,92.5,0.033,-0.008,t5_w3d_W4_s42,40600000.0
0.144,0.13,0.789,5792.766,-0.182,311.0,0.949,0.956,1.196,91.5,0.027,0.015,t5_w3d_W4_s42,40800000.0
0.144,0.13,0.769,5792.766,-0.182,312.0,0.956,0.956,1.196,91.5,0.027,0.018,t5_w3d_W4_s42,40900000.0
0.149,0.14,0.774,5699.96,-0.014,313.0,0.96,0.956,1.179,89.5,0.079,0.018,t5_w3d_W4_s42,41000000.0
0.149,0.14,0.795,5699.96,-0.014,314.0,0.962,0.956,1.179,89.5,0.079,0.015,t5_w3d_W4_s42,41200000.0
0.144,0.133,0.827,5807.315,-0.047,315.0,0.933,0.952,1.249,87.0,0.044,0.023,t5_w3d_W4_s42,41300000.0
0.144,0.133,0.795,5807.315,-0.047,316.0,0.97,0.952,1.249,87.0,0.044,-0.0,t5_w3d_W4_s42,41400000.0
0.156,0.144,0.794,5677.492,-0.102,317.0,0.953,0.956,1.212,96.5,0.067,0.023,t5_w3d_W4_s42,41500000.0
0.156,0.144,0.8,5677.492,-0.102,318.0,0.951,0.956,1.212,96.5,0.067,0.014,t5_w3d_W4_s42,41700000.0
0.147,0.133,0.792,5581.029,0.019,319.0,0.967,0.952,1.174,86.0,0.093,0.004,t5_w3d_W4_s42,41800000.0
0.147,0.133,0.783,5581.029,0.019,320.0,0.956,0.952,1.174,86.0,0.093,0.008,t5_w3d_W4_s42,41900000.0
0.145,0.136,0.773,5827.021,-0.013,321.0,0.964,0.948,1.185,97.0,0.042,0.029,t5_w3d_W4_s42,42100000.0
0.145,0.136,0.787,5827.021,-0.013,322.0,0.956,0.948,1.185,97.0,0.042,0.019,t5_w3d_W4_s42,42200000.0
0.148,0.135,0.822,5807.881,0.146,323.0,0.954,0.949,1.231,103.0,0.058,0.026,t5_w3d_W4_s42,42300000.0
0.148,0.135,0.806,5807.881,0.146,324.0,0.961,0.949,1.231,103.0,0.058,0.001,t5_w3d_W4_s42,42500000.0
0.146,0.14,0.814,5764.319,0.11,325.0,0.959,0.95,1.149,91.0,0.065,0.037,t5_w3d_W4_s42,42600000.0
0.146,0.14,0.806,5764.319,0.11,326.0,0.959,0.95,1.149,91.0,0.065,0.047,t5_w3d_W4_s42,42700000.0
0.15,0.14,0.804,5851.961,0.35,327.0,0.964,0.944,1.258,91.0,0.068,0.039,t5_w3d_W4_s42,42900000.0
0.15,0.14,0.817,5851.961,0.35,328.0,0.963,0.944,1.258,91.0,0.068,0.042,t5_w3d_W4_s42,43000000.0
0.133,0.123,0.795,5836.421,0.286,329.0,0.952,0.95,1.18,95.0,0.057,0.055,t5_w3d_W4_s42,43100000.0
0.133,0.123,0.809,5836.421,0.286,330.0,0.949,0.95,1.18,95.0,0.057,0.003,t5_w3d_W4_s42,43300000.0
0.139,0.126,0.822,5616.492,-0.102,331.0,0.957,0.953,1.242,105.0,0.09,0.024,t5_w3d_W4_s42,43400000.0
0.139,0.126,0.798,5616.492,-0.102,332.0,0.961,0.953,1.242,105.0,0.09,0.011,t5_w3d_W4_s42,43500000.0
0.142,0.131,0.814,5680.887,0.146,333.0,0.962,0.951,1.215,81.5,0.098,-0.007,t5_w3d_W4_s42,43600000.0
0.142,0.131,0.81,5680.887,0.146,334.0,0.968,0.951,1.215,81.5,0.098,0.023,t5_w3d_W4_s42,43800000.0
0.147,0.134,0.753,5798.615,0.008,335.0,0.977,0.96,1.219,88.0,0.064,0.016,t5_w3d_W4_s42,43900000.0
0.147,0.134,0.809,5798.615,0.008,336.0,0.963,0.96,1.219,88.0,0.064,0.028,t5_w3d_W4_s42,44000000.0
0.147,0.139,0.781,5846.424,0.265,337.0,0.962,0.95,1.228,83.5,0.054,0.011,t5_w3d_W4_s42,44200000.0
0.147,0.139,0.765,5846.424,0.265,338.0,0.96,0.95,1.228,83.5,0.054,0.02,t5_w3d_W4_s42,44300000.0
0.14,0.13,0.809,5813.555,0.208,339.0,0.968,0.952,1.179,86.5,0.069,-0.004,t5_w3d_W4_s42,44400000.0
0.14,0.13,0.766,5813.555,0.208,340.0,0.96,0.952,1.179,86.5,0.069,-0.024,t5_w3d_W4_s42,44600000.0
0.149,0.142,0.781,5911.082,-0.219,341.0,0.959,0.95,1.151,88.5,0.027,0.006,t5_w3d_W4_s42,44700000.0
0.149,0.142,0.763,5911.082,-0.219,342.0,0.968,0.95,1.151,88.5,0.027,-0.009,t5_w3d_W4_s42,44800000.0
0.151,0.143,0.772,5808.392,-0.055,343.0,0.962,0.951,1.225,83.0,0.041,-0.0,t5_w3d_W4_s42,45000000.0
0.151,0.143,0.767,5808.392,-0.055,344.0,0.966,0.951,1.225,83.0,0.041,-0.016,t5_w3d_W4_s42,45100000.0
0.155,0.147,0.752,5902.094,-0.329,345.0,0.962,0.948,1.204,86.0,0.024,0.019,t5_w3d_W4_s42,45200000.0
0.155,0.147,0.775,5902.094,-0.329,346.0,0.961,0.948,1.204,86.0,0.024,0.02,t5_w3d_W4_s42,45400000.0
0.141,0.125,0.766,5749.375,0.127,347.0,0.965,0.937,1.221,91.5,0.06,0.003,t5_w3d_W4_s42,45500000.0
0.141,0.125,0.763,5749.375,0.127,348.0,0.963,0.937,1.221,91.5,0.06,0.032,t5_w3d_W4_s42,45600000.0
0.149,0.145,0.772,5806.876,0.131,349.0,0.957,0.947,1.215,85.0,0.051,0.027,t5_w3d_W4_s42,45700000.0
0.149,0.145,0.793,5806.876,0.131,350.0,0.953,0.947,1.215,85.0,0.051,0.022,t5_w3d_W4_s42,45900000.0
0.145,0.137,0.777,5839.823,0.292,351.0,0.964,0.945,1.222,85.5,0.079,0.011,t5_w3d_W4_s42,46000000.0
0.145,0.137,0.799,5839.823,0.292,352.0,0.959,0.945,1.222,85.5,0.079,0.025,t5_w3d_W4_s42,46100000.0
0.149,0.141,0.787,5839.837,0.054,353.0,0.96,0.949,1.221,90.5,0.05,0.059,t5_w3d_W4_s42,46300000.0
0.149,0.141,0.78,5839.837,0.054,354.0,0.965,0.949,1.221,90.5,0.05,0.002,t5_w3d_W4_s42,46400000.0
0.145,0.135,0.788,5765.081,0.205,355.0,0.955,0.947,1.244,87.5,0.064,0.038,t5_w3d_W4_s42,46500000.0
0.145,0.135,0.76,5765.081,0.205,356.0,0.946,0.947,1.244,87.5,0.064,0.038,t5_w3d_W4_s42,46700000.0
0.154,0.146,0.768,5673.695,0.149,357.0,0.973,0.944,1.201,85.0,0.088,-0.005,t5_w3d_W4_s42,46800000.0
0.154,0.146,0.783,5673.695,0.149,358.0,0.965,0.944,1.201,85.0,0.088,0.031,t5_w3d_W4_s42,46900000.0
0.148,0.141,0.771,5850.023,0.019,359.0,0.967,0.947,1.207,90.0,0.028,0.041,t5_w3d_W4_s42,47100000.0
0.148,0.141,0.778,5850.023,0.019,360.0,0.976,0.947,1.207,90.0,0.028,0.015,t5_w3d_W4_s42,47200000.0
0.146,0.136,0.803,5918.372,0.208,361.0,0.96,0.948,1.235,88.0,0.036,0.016,t5_w3d_W4_s42,47300000.0
0.146,0.136,0.805,5918.372,0.208,362.0,0.963,0.948,1.235,88.0,0.036,0.049,t5_w3d_W4_s42,47400000.0
0.157,0.148,0.8,5843.268,0.205,363.0,0.952,0.946,1.284,88.0,0.062,0.027,t5_w3d_W4_s42,47600000.0
0.157,0.148,0.777,5843.268,0.205,364.0,0.962,0.946,1.284,88.0,0.062,0.011,t5_w3d_W4_s42,47700000.0
0.158,0.146,0.765,5816.963,0.084,365.0,0.97,0.945,1.244,88.0,0.056,0.035,t5_w3d_W4_s42,47800000.0
0.158,0.146,0.781,5816.963,0.084,366.0,0.96,0.945,1.244,88.0,0.056,0.053,t5_w3d_W4_s42,48000000.0
0.146,0.134,0.784,5767.227,0.28,367.0,0.962,0.942,1.238,83.5,0.065,0.034,t5_w3d_W4_s42,48100000.0
0.146,0.134,0.776,5767.227,0.28,368.0,0.956,0.942,1.238,83.5,0.065,0.018,t5_w3d_W4_s42,48200000.0
0.151,0.144,0.774,5829.938,0.132,369.0,0.965,0.948,1.206,80.0,0.056,0.015,t5_w3d_W4_s42,48400000.0
0.151,0.144,0.779,5829.938,0.132,370.0,0.96,0.948,1.206,80.0,0.056,0.018,t5_w3d_W4_s42,48500000.0
0.158,0.149,0.776,5801.848,-0.017,371.0,0.962,0.954,1.179,91.5,0.044,-0.029,t5_w3d_W4_s42,48600000.0
0.158,0.149,0.789,5801.848,-0.017,372.0,0.964,0.954,1.179,91.5,0.044,0.017,t5_w3d_W4_s42,48800000.0
0.145,0.132,0.803,5800.558,-0.154,373.0,0.966,0.95,1.216,83.0,0.036,-0.007,t5_w3d_W4_s42,48900000.0
0.145,0.132,0.792,5800.558,-0.154,374.0,0.954,0.95,1.216,83.0,0.036,0.046,t5_w3d_W4_s42,49000000.0
0.161,0.146,0.78,5757.873,0.087,375.0,0.959,0.941,1.255,80.0,0.056,0.013,t5_w3d_W4_s42,49200000.0
0.161,0.146,0.749,5757.873,0.087,376.0,0.956,0.941,1.255,80.0,0.056,0.055,t5_w3d_W4_s42,49300000.0
0.153,0.14,0.787,5763.763,0.431,377.0,0.959,0.949,1.236,89.0,0.096,-0.001,t5_w3d_W4_s42,49400000.0
0.153,0.14,0.788,5763.763,0.431,378.0,0.949,0.949,1.236,89.0,0.096,0.009,t5_w3d_W4_s42,49500000.0
0.148,0.133,0.756,5696.885,0.172,379.0,0.961,0.935,1.272,81.0,0.08,0.015,t5_w3d_W4_s42,49700000.0
0.148,0.133,0.769,5696.885,0.172,380.0,0.957,0.935,1.272,81.0,0.08,-0.002,t5_w3d_W4_s42,49800000.0
0.152,0.139,0.756,5805.06,-0.018,381.0,0.926,0.942,1.242,86.5,0.046,0.006,t5_w3d_W4_s42,49900000.0
0.149,0.138,0.753,5808.807,0.176,382.0,0.969,0.948,1.227,84.853,0.062,0.023,t5_w3d_W4_s42,54400000.0
