geom,burn_dv_ms,t_min,k,rho_km,dbeta_nl_mrad,dbeta_lin_mrad
A1_leo_5km_box,0.0,0.0,2.0,5.011105610535344,0.0,0.0
A1_leo_5km_box,0.0,1.0,2.0,5.051770730506343,0.002452989346313217,0.0
A1_leo_5km_box,0.0,2.0,2.0,5.092414616336867,0.009670886553347913,0.0
A1_leo_5km_box,0.0,3.0,2.0,5.133036936020641,0.021431827002427184,0.0
A1_leo_5km_box,0.0,4.0,2.0,5.17363747273158,0.03750106442090839,0.0
A1_leo_5km_box,0.0,5.0,2.0,5.21421612726305,0.057631993851003926,0.0
A1_leo_5km_box,0.0,6.0,2.0,5.254772919884943,0.08156721227292607,0.0
A1_leo_5km_box,0.0,7.0,2.0,5.295307991620988,0.10903960913033472,0.0
A1_leo_5km_box,0.0,8.0,2.0,5.33582160490177,0.13977348448213078,0.0
A1_leo_5km_box,0.0,9.0,2.0,5.376314143609494,0.17348568341235548,0.0
A1_leo_5km_box,0.0,10.0,2.0,5.416786112488991,0.20988675415978264,0.0
A1_leo_5km_box,0.0,11.0,2.0,5.457238135942177,0.248682115527199,0.0
A1_leo_5km_box,0.0,12.0,2.0,5.497670956188709,0.2895732333763057,0.0
A1_leo_5km_box,0.0,13.0,2.0,5.538085430800799,0.3322588006264837,0.0
A1_leo_5km_box,0.0,14.0,2.0,5.578482529630117,0.3764359185414179,0.0
A1_leo_5km_box,0.0,15.0,2.0,5.618863331119756,0.4218012740064836,0.0
A1_leo_5km_box,0.0,16.0,2.0,5.659229018040604,0.4680523066582509,0.0
A1_leo_5km_box,0.0,17.0,2.0,5.6995808726360915,0.5148883637842161,0.0
A1_leo_5km_box,0.0,18.0,2.0,5.739920271225093,0.5620118406106656,0.0
A1_leo_5km_box,0.0,19.0,2.0,5.780248678286453,0.6091292980667795,0.0
A1_leo_5km_box,0.0,20.0,2.0,5.820567640011645,0.655952556672279,0.0
A1_leo_5km_box,0.0,21.0,2.0,5.860878777420567,0.7021997618839038,0.0
A1_leo_5km_box,0.0,22.0,2.0,5.901183779010304,0.7475964206218322,0.0
A1_leo_5km_box,0.0,23.0,2.0,5.9414843930019865,0.7918763951884067,0.0
A1_leo_5km_box,0.0,24.0,2.0,5.981782419225135,0.8347828648815891,0.0
A1_leo_5km_box,0.0,25.0,2.0,6.022079700663133,0.8760692431208916,0.0
A1_leo_5km_box,0.0,26.0,2.0,6.062378114711553,0.915500047131701,0.0
A1_leo_5km_box,0.0,27.0,2.0,6.102679564160544,0.9528517181500717,0.0
A1_leo_5km_box,0.0,28.0,2.0,6.142985968018757,0.9879133940202678,0.0
A1_leo_5km_box,0.0,29.0,2.0,6.183299252109409,1.0204876215764713,0.0
A1_leo_5km_box,0.0,30.0,2.0,6.223621339612756,1.0503910162045216,0.0
A1_leo_5km_box,0.0,31.0,2.0,6.2639541414664,1.077454855671789,0.0
A1_leo_5km_box,0.0,32.0,2.0,6.304299546774144,1.1015256181474697,0.0
A1_leo_5km_box,0.0,33.0,2.0,6.344659413276955,1.1224654517656418,0.0
A1_leo_5km_box,0.0,34.0,2.0,6.385035557747844,1.1401525782952504,0.0
A1_leo_5km_box,0.0,35.0,2.0,6.425429746657605,1.1544816289994486,0.0
A1_leo_5km_box,0.0,36.0,2.0,6.4658436868983555,1.1653639149709072,0.0
A1_leo_5km_box,0.0,37.0,2.0,6.506279016727587,1.1727276200064196,0.0
A1_leo_5km_box,0.0,38.0,2.0,6.54673729695936,1.176517930682408,0.0
A1_leo_5km_box,0.0,39.0,2.0,6.587220002455279,1.1766970893698492,0.0
A1_leo_5km_box,0.0,40.0,2.0,6.627728513914326,1.1732443749958854,0.0
A1_leo_5km_box,0.0,41.0,2.0,6.668264110045248,1.166156020119935,0.0
A1_leo_5km_box,0.0,42.0,2.0,6.70882796020768,1.1554450459536625,0.0
A1_leo_5km_box,0.0,43.0,2.0,6.749421117400433,1.1411410363084684,0.0
A1_leo_5km_box,0.0,44.0,2.0,6.790044511794743,1.123289836741037,0.0
A1_leo_5km_box,0.0,45.0,2.0,6.830698944821497,1.1019531894036483,0.0
A1_leo_5km_box,0.0,46.0,2.0,6.871385083696266,1.077208297999288,0.0
A1_leo_5km_box,0.0,47.0,2.0,6.912103456671298,1.0491473361389225,0.0
A1_leo_5km_box,0.0,48.0,2.0,6.952854448847369,1.0178768819759654,0.0
A1_leo_5km_box,0.0,49.0,2.0,6.993638298483019,0.9835173095189553,0.0
A1_leo_5km_box,0.0,50.0,2.0,7.034455094219916,0.9462021106525498,0.0
A1_leo_5km_box,0.0,51.0,2.0,7.07530477285615,0.9060771712912086,0.0
A1_leo_5km_box,0.0,52.0,2.0,7.1161871177022675,0.863299997330369,0.0
A1_leo_5km_box,0.0,53.0,2.0,7.1571017579442335,0.8180388956615658,0.0
A1_leo_5km_box,0.0,54.0,2.0,7.198048168438077,0.7704721120633806,0.0
A1_leo_5km_box,0.0,55.0,2.0,7.239025670474017,0.7207869332450656,0.0
A1_leo_5km_box,0.0,56.0,2.0,7.280033433046757,0.6691787602304267,0.0
A1_leo_5km_box,0.0,57.0,2.0,7.3210704751873115,0.6158501420046036,0.0
A1_leo_5km_box,0.0,58.0,2.0,7.362135668692966,0.5610098014798837,0.0
A1_leo_5km_box,0.0,59.0,2.0,7.40322774191606,0.5048716239564044,0.0
A1_leo_5km_box,0.0,60.0,2.0,7.444345283996036,0.44765365635868193,0.0
A1_leo_5km_box,0.0,61.0,2.0,7.485486750031736,0.3895770690660605,0.0
A1_leo_5km_box,0.0,62.0,2.0,7.526650466958968,0.33086513493874037,0.0
A1_leo_5km_box,0.0,63.0,2.0,7.5678346398563425,0.2717422015208193,0.0
A1_leo_5km_box,0.0,64.0,2.0,7.6090373593232465,0.21243266575154962,0.0
A1_leo_5km_box,0.0,65.0,2.0,7.650256609148379,0.15315996258280506,0.0
A1_leo_5km_box,0.0,66.0,2.0,7.691490274776701,0.09414556743525537,0.0
A1_leo_5km_box,0.0,67.0,2.0,7.732736152317443,0.03560802177826616,0.0
A1_leo_5km_box,0.0,68.0,2.0,7.77399195810508,-0.022238026611720585,0.0
A1_leo_5km_box,0.0,69.0,2.0,7.815255338733918,-0.07918274850560181,0.0
A1_leo_5km_box,0.0,70.0,2.0,7.856523881581328,-0.13502202282156262,0.0
A1_leo_5km_box,0.0,71.0,2.0,7.8977951257699885,-0.18955830625166925,0.0
A1_leo_5km_box,0.0,72.0,2.0,7.939066573455281,-0.24260144144072626,0.0
A1_leo_5km_box,0.0,73.0,2.0,7.980335701455439,-0.29396944125004154,0.0
A1_leo_5km_box,0.0,74.0,2.0,8.021599973159518,-0.3434892201092943,0.0
A1_leo_5km_box,0.0,75.0,2.0,8.062856850626618,-0.39099727321412203,0.0
A1_leo_5km_box,0.0,76.0,2.0,8.10410380681496,-0.4363403169804769,0.0
A1_leo_5km_box,0.0,77.0,2.0,8.145338337958595,-0.4793758643257817,0.0
A1_leo_5km_box,0.0,78.0,2.0,8.186557975899548,-0.5199727489442196,0.0
A1_leo_5km_box,0.0,79.0,2.0,8.227760300468647,-0.558011595170882,0.0
A1_leo_5km_box,0.0,80.0,2.0,8.268942951674285,-0.5933852316051258,0.0
A1_leo_5km_box,0.0,81.0,2.0,8.310103641836795,-0.6259990381463076,0.0
A1_leo_5km_box,0.0,82.0,2.0,8.35124016739272,-0.6557712482377909,0.0
A1_leo_5km_box,0.0,83.0,2.0,8.392350420490756,-0.6826331724223422,0.0
A1_leo_5km_box,0.0,84.0,2.0,8.433432400200495,-0.706529375705589,0.0
A1_leo_5km_box,0.0,85.0,2.0,8.474484223308707,-0.7274177908578316,0.0
A1_leo_5km_box,0.0,86.0,2.0,8.51550413462766,-0.7452697725338631,0.0
A1_leo_5km_box,0.0,87.0,2.0,8.55649051682465,-0.7600700888876766,0.0
A1_leo_5km_box,0.0,88.0,2.0,8.597441899623233,-0.7718168629295974,0.0
A1_leo_5km_box,0.0,89.0,2.0,8.63835696830213,-0.7805214481484413,0.0
A1_leo_5km_box,0.0,90.0,2.0,8.679234571640572,-0.7862082547540616,0.0
A1_leo_5km_box,0.0,91.0,2.0,8.720073729024287,-0.7889145177197854,0.0
A1_leo_5km_box,0.0,92.0,2.0,8.760873636748002,-0.7886900155233967,0.0
A1_leo_5km_box,0.0,93.0,2.0,8.801633673590098,-0.7855967351670934,0.0
A1_leo_5km_box,0.0,94.0,2.0,8.842353405431016,-0.7797084917329222,0.0
A1_leo_5km_box,0.0,95.0,2.0,8.883032589040152,-0.7711104979541972,0.0
A1_leo_5km_box,0.0,96.0,2.0,8.923671174895079,-0.7598988921246885,0.0
A1_leo_5km_box,0.0,97.0,2.0,8.964269309119329,-0.7461802244272953,0.0
A1_leo_5km_box,0.0,98.0,2.0,9.004827334414394,-0.7300709024438135,0.0
A1_leo_5km_box,0.0,99.0,2.0,9.045345790056748,-0.711696600614431,0.0
A1_leo_5km_box,0.0,100.0,2.0,9.085825410902702,-0.691191637723243,0.0
A1_leo_5km_box,0.0,101.0,2.0,9.126267125368106,-0.6686983210157926,0.0
A1_leo_5km_box,0.0,102.0,2.0,9.166672052601955,-0.6443662656745452,0.0
A1_leo_5km_box,0.0,103.0,2.0,9.207041498473133,-0.6183516825215563,0.0
A1_leo_5km_box,0.0,104.0,2.0,9.247376950806498,-0.5908166543813209,0.0
A1_leo_5km_box,0.0,105.0,2.0,9.28768007354671,-0.5619283857596358,0.0
A1_leo_5km_box,0.0,106.0,2.0,9.327952700114745,-0.5318584344826682,0.0
A1_leo_5km_box,0.0,107.0,2.0,9.368196825853378,-0.500781942877282,0.0
A1_leo_5km_box,0.0,108.0,2.0,9.408414599621057,-0.4688768455860526,0.0
A1_leo_5km_box,0.0,109.0,2.0,9.448608314619838,-0.4363230799828699,0.0
A1_leo_5km_box,0.0,110.0,2.0,9.488780398438909,-0.40330179559955326,0.0
A1_leo_5km_box,0.0,111.0,2.0,9.528933402394586,-0.36999454519381914,0.0
A1_leo_5km_box,0.0,112.0,2.0,9.569069990184687,-0.3365825146968149,0.0
A1_leo_5km_box,0.0,113.0,2.0,9.609192926000134,-0.3032457215139672,0.0
A1_leo_5km_box,0.0,114.0,2.0,9.649305061961387,-0.27016224781295506,0.0
A1_leo_5km_box,0.0,115.0,2.0,9.689409325244643,-0.23750747518569426,0.0
A1_leo_5km_box,0.0,116.0,2.0,9.729508704563235,-0.20545334246246938,0.0
A1_leo_5km_box,0.0,117.0,2.0,9.76960623643903,-0.17416761536015457,0.0
A1_leo_5km_box,0.0,118.0,2.0,9.809704991132792,-0.14381318362666207,0.0
A1_leo_5km_box,0.0,119.0,2.0,9.8498080582431,-0.11454737888749733,0.0
A1_leo_5km_box,0.0,120.0,2.0,9.889918532257674,-0.08652132672093416,0.0
A1_leo_5km_box,0.0,121.0,2.0,9.930039497973054,-0.059879315876365524,0.0
A1_leo_5km_box,0.0,122.0,2.0,9.97017401578731,-0.034758215650132485,0.0
A1_leo_5km_box,0.0,123.0,2.0,10.010325107101703,-0.01128692146101784,0.0
A1_leo_5km_box,0.0,124.0,2.0,10.050495739894505,0.010414169468120349,0.0
A1_leo_5km_box,0.0,125.0,2.0,10.09068881426301,0.0302336274171644,0.0
A1_leo_5km_box,0.0,126.0,2.0,10.130907148455595,0.048069432164954407,0.0
A1_leo_5km_box,0.0,127.0,2.0,10.171153464851095,0.06382935863413763,0.0
A1_leo_5km_box,0.0,128.0,2.0,10.211430376753428,0.07743133119220147,0.0
A1_leo_5km_box,0.0,129.0,2.0,10.251740375254268,0.08880372195685382,0.0
A1_leo_5km_box,0.0,130.0,2.0,10.292085816689726,0.09788560099233123,0.0
A1_leo_5km_box,0.0,131.0,2.0,10.33246891077153,0.10462694355695135,0.0
A1_leo_5km_box,0.0,132.0,2.0,10.372891708992782,0.10898878290532821,0.0
A1_leo_5km_box,0.0,133.0,2.0,10.413356094199024,0.11094331634353694,0.0
A1_leo_5km_box,0.0,134.0,2.0,10.453863770272976,0.11047395568253293,0.0
A1_leo_5km_box,0.0,135.0,2.0,10.494416253186456,0.1075753336743368,0.0
A1_leo_5km_box,0.0,136.0,2.0,10.535014862244159,0.10225325147583675,0.0
A1_leo_5km_box,0.0,137.0,2.0,10.575660712702067,0.09452458398762076,0.0
A1_leo_5km_box,0.0,138.0,2.0,10.61635470902189,0.0844171297638141,0.0
A1_leo_5km_box,0.0,139.0,2.0,10.65709753890671,0.07196941485210218,0.0
A1_leo_5km_box,0.0,140.0,2.0,10.697889668585994,0.05723044598671123,0.0
A1_leo_5km_box,0.0,141.0,2.0,10.738731339108138,0.04025942129404214,0.0
A1_leo_5km_box,0.0,142.0,2.0,10.779622563189829,0.021125390280207768,0.0
A1_leo_5km_box,0.0,143.0,2.0,10.820563123459088,-9.312172055686574e-05,0.0
A1_leo_5km_box,0.0,144.0,2.0,10.861552571889138,-0.023308540248123677,0.0
A1_leo_5km_box,0.0,145.0,2.0,10.902590229795655,-0.048424698930737975,0.0
A1_leo_5km_box,0.0,146.0,2.0,10.943675189364441,-0.07533734008946524,0.0
A1_leo_5km_box,0.0,147.0,2.0,10.984806315913199,-0.10393464061131397,0.0
A1_leo_5km_box,0.0,148.0,2.0,11.02598225150829,-0.13409778427186936,0.0
A1_leo_5km_box,0.0,149.0,2.0,11.06720141949128,-0.16570154965034334,0.0
A1_leo_5km_box,0.0,150.0,2.0,11.108462029854698,-0.19861492260986324,0.0
A1_leo_5km_box,0.0,151.0,2.0,11.149762086101065,-0.2327017454040181,0.0
A1_leo_5km_box,0.0,152.0,2.0,11.191099392900362,-0.267821380100397,0.0
A1_leo_5km_box,0.0,153.0,2.0,11.232471564474485,-0.30382936687001205,0.0
A1_leo_5km_box,0.0,154.0,2.0,11.27387603452431,-0.34057813906596124,0.0
A1_leo_5km_box,0.0,155.0,2.0,11.315310066513772,-0.37791769399930786,0.0
A1_leo_5km_box,0.0,156.0,2.0,11.356770765201839,-0.41569632205806784,0.0
A1_leo_5km_box,0.0,157.0,2.0,11.3982550889124,-0.453761298345956,0.0
A1_leo_5km_box,0.0,158.0,2.0,11.439759862585154,-0.49195959436953984,0.0
A1_leo_5km_box,0.0,159.0,2.0,11.481281791681416,-0.5301385891405275,0.0
A1_leo_5km_box,0.0,160.0,2.0,11.522817476528893,-0.5681467415996622,0.0
A1_leo_5km_box,0.0,161.0,2.0,11.56436342769012,-0.6058343014414547,0.0
A1_leo_5km_box,0.0,162.0,2.0,11.605916081516266,-0.6430539593593743,0.0
A1_leo_5km_box,0.0,163.0,2.0,11.647471816418697,-0.6796615172772746,0.0
A1_leo_5km_box,0.0,164.0,2.0,11.689026969473773,-0.7155165027565857,0.0
A1_leo_5km_box,0.0,165.0,2.0,11.730577853525025,-0.7504828041078326,0.0
A1_leo_5km_box,0.0,166.0,2.0,11.772120774308759,-0.7844292393324181,0.0
A1_leo_5km_box,0.0,167.0,2.0,11.813652048016687,-0.8172301217062028,0.0
A1_leo_5km_box,0.0,168.0,2.0,11.855168018752895,-0.8487657859106434,0.0
A1_leo_5km_box,0.0,169.0,2.0,11.896665076222913,-0.8789230909354018,0.0
A1_leo_5km_box,0.0,170.0,2.0,11.93813967319876,-0.9075958767557069,0.0
A1_leo_5km_box,0.0,171.0,2.0,11.979588342899444,-0.934685399192059,0.0
A1_leo_5km_box,0.0,172.0,2.0,12.021007716172567,-0.9601007083102076,0.0
A1_leo_5km_box,0.0,173.0,2.0,12.062394538250485,-0.9837590147312447,0.0
A1_leo_5km_box,0.0,174.0,2.0,12.103745685178213,-1.0055859896227481,0.0
A1_leo_5km_box,0.0,175.0,2.0,12.145058179679479,-1.0255160445984401,0.0
A1_leo_5km_box,0.0,176.0,2.0,12.18632920649628,-1.0434925518425509,0.0
A1_leo_5km_box,0.0,177.0,2.0,12.227556127089763,-1.059468043190126,0.0
A1_leo_5km_box,0.0,178.0,2.0,12.268736493469621,-1.0734043475348898,0.0
A1_leo_5km_box,0.0,179.0,2.0,12.309868061291237,-1.0852726924186484,0.0
A1_leo_5km_box,0.0,180.0,2.0,12.35094880208968,-1.095053770308052,0.0
A1_leo_5km_box,0.0,181.0,2.0,12.39197691442902,-1.1027377533618932,0.0
A1_leo_5km_box,0.0,182.0,2.0,12.43295083419809,-1.1083242672347282,0.0
A1_leo_5km_box,0.0,183.0,2.0,12.473869243618307,-1.111822327932277,0.0
A1_leo_5km_box,0.0,184.0,2.0,12.51473107928424,-1.113250233481189,0.0
A1_leo_5km_box,0.0,185.0,2.0,12.555535538829082,-1.1126354184947118,0.0
A1_leo_5km_box,0.0,186.0,2.0,12.59628208662226,-1.1100142677622493,0.0
A1_leo_5km_box,0.0,187.0,2.0,12.636970457932433,-1.105431894255826,0.0
A1_leo_5km_box,0.0,188.0,2.0,12.677600661878602,-1.0989418779603355,0.0
A1_leo_5km_box,0.0,189.0,2.0,12.71817298314241,-1.090605971192815,0.0
A1_leo_5km_box,0.0,190.0,2.0,12.758687982316381,-1.0804937733559505,0.0
A1_leo_5km_box,0.0,191.0,2.0,12.799146494805502,-1.0686823654908473,0.0
A1_leo_5km_box,0.0,192.0,2.0,12.839549628426584,-1.0552559249399351,0.0
A1_leo_5km_box,0.0,193.0,2.0,12.879898759813798,-1.0403053031970977,0.0
A1_leo_5km_box,0.0,194.0,2.0,12.92019552927588,-1.023927584136164,0.0
A1_leo_5km_box,0.0,195.0,2.0,12.960441834543785,-1.0062256105611844,0.0
A1_leo_5km_box,0.0,196.0,2.0,13.000639823019704,-0.987307500185608,0.0
A1_leo_5km_box,0.0,197.0,2.0,13.040791883071858,-0.9672861246405873,0.0
A1_leo_5km_box,0.0,198.0,2.0,13.08090063385452,-0.9462785874667645,0.0
A1_leo_5km_box,0.0,199.0,2.0,13.12096891411307,-0.9244056831332337,0.0
A1_leo_5km_box,0.0,200.0,2.0,13.16099976984574,-0.9017913253508425,0.0
A1_leo_5km_box,0.0,201.0,2.0,13.200996440955612,-0.8785619913833642,0.0
A1_leo_5km_box,0.0,202.0,2.0,13.240962346851687,-0.8548461443216304,0.0
A1_leo_5km_box,0.0,203.0,2.0,13.280901071250838,-0.8307736422299428,0.0
A1_leo_5km_box,0.0,204.0,2.0,13.320816345927126,-0.8064751618452881,0.0
A1_leo_5km_box,0.0,205.0,2.0,13.360712033983697,-0.7820816080248427,0.0
A1_leo_5km_box,0.0,206.0,2.0,13.400592112126208,-0.7577235289177864,0.0
A1_leo_5km_box,0.0,207.0,2.0,13.440460652717784,-0.7335305322548891,0.0
A1_leo_5km_box,0.0,208.0,2.0,13.480321804752297,-0.7096307176759353,0.0
A1_leo_5km_box,0.0,209.0,2.0,13.520179775153249,-0.6861501016417471,0.0
A1_leo_5km_box,0.0,210.0,2.0,13.560038808979144,-0.6632120735710068,0.0
A1_leo_5km_box,0.0,211.0,2.0,13.599903169888352,-0.6409368484208144,0.0
A1_leo_5km_box,0.0,212.0,2.0,13.639777120321261,-0.6194409458499806,0.0
A1_leo_5km_box,0.0,213.0,2.0,13.679664901359057,-0.5988366813785007,0.0
A1_leo_5km_box,0.0,214.0,2.0,13.719570713159163,-0.5792316841257694,0.0
A1_leo_5km_box,0.0,215.0,2.0,13.759498694918793,-0.5607284328550399,0.0
A1_leo_5km_box,0.0,216.0,2.0,13.799452905415787,-0.5434238173069872,0.0
A1_leo_5km_box,0.0,217.0,2.0,13.839437303804955,-0.5274087262012728,0.0
A1_leo_5km_box,0.0,218.0,2.0,13.879455730609575,-0.5127676644165469,0.0
A1_leo_5km_box,0.0,219.0,2.0,13.919511889496949,-0.49957840231140693,0.0
A1_leo_5km_box,0.0,220.0,2.0,13.959609329258823,-0.4879116519020954,0.0
A1_leo_5km_box,0.0,221.0,2.0,13.999751426791057,-0.47783077496932336,0.0
A1_leo_5km_box,0.0,222.0,2.0,14.039941370540278,-0.46939153608516193,0.0
A1_leo_5km_box,0.0,223.0,2.0,14.080182144768377,-0.46264187802957935,0.0
A1_leo_5km_box,0.0,224.0,2.0,14.12047651483857,-0.45762174220875806,0.0
A1_leo_5km_box,0.0,225.0,2.0,14.16082701311739,-0.4543629232189872,0.0
A1_leo_5km_box,0.0,226.0,2.0,14.201235926504248,-0.45288895966288933,0.0
A1_leo_5km_box,0.0,227.0,2.0,14.24170528401896,-0.45321506831674796,0.0
A1_leo_5km_box,0.0,228.0,2.0,14.282236846647312,-0.45534810967229333,0.0
A1_leo_5km_box,0.0,229.0,2.0,14.3228320974141,-0.45928659983385245,0.0
A1_leo_5km_box,0.0,230.0,2.0,14.363492233220787,-0.465020753976475,0.0
A1_leo_5km_box,0.0,231.0,2.0,14.404218157753842,-0.4725325727954477,0.0
A1_leo_5km_box,0.0,232.0,2.0,14.445010475529344,-0.4817959646525871,0.0
A1_leo_5km_box,0.0,233.0,2.0,14.485869487509678,-0.4927769043665542,0.0
A1_leo_5km_box,0.0,234.0,2.0,14.526795188368512,-0.5054336299634699,0.0
A1_leo_5km_box,0.0,235.0,2.0,14.5677872639166,-0.5197168721520207,0.0
A1_leo_5km_box,0.0,236.0,2.0,14.608845091742763,-0.5355701214191377,0.0
A1_leo_5km_box,0.0,237.0,2.0,14.649967741292556,-0.5529299215352168,0.0
A1_leo_5km_box,0.0,238.0,2.0,14.691153977193478,-0.5717262020272784,0.0
A1_leo_5km_box,0.0,239.0,2.0,14.73240226238826,-0.5918826314639247,0.0
A1_leo_5km_box,0.0,240.0,2.0,14.773710763921123,-0.6133170050257597,0.0
A1_leo_5km_box,0.0,241.0,2.0,14.815077359158163,-0.6359416541497076,0.0
A1_leo_5km_box,0.0,242.0,2.0,14.856499644548094,-0.6596638906803953,0.0
A1_leo_5km_box,0.0,243.0,2.0,14.89797494367735,-0.6843864341106176,0.0
A1_leo_5km_box,0.0,244.0,2.0,14.93950031933382,-0.7100079217225996,0.0
A1_leo_5km_box,0.0,245.0,2.0,14.981072584593678,-0.7364233728379688,0.0
A1_leo_5km_box,0.0,246.0,2.0,15.022688315987743,-0.7635246955546293,0.0
A1_leo_5km_box,0.0,247.0,2.0,15.064343868680897,-0.7912012276922731,0.0
A1_leo_5km_box,0.0,248.0,2.0,15.106035390837539,-0.8193402274097039,0.0
A1_leo_5km_box,0.0,249.0,2.0,15.14775884101884,-0.8478274257042173,0.0
A1_leo_5km_box,0.0,250.0,2.0,15.189510005568865,-0.8765475705612147,0.0
A1_leo_5km_box,0.0,251.0,2.0,15.231284516742674,-0.9053849279077042,0.0
A1_leo_5km_box,0.0,252.0,2.0,15.273077872657298,-0.9342238585174911,0.0
A1_leo_5km_box,0.0,253.0,2.0,15.314885456924708,-0.9629493214839968,0.0
A1_leo_5km_box,0.0,254.0,2.0,15.356702559750017,-0.99144741178403,0.0
A1_leo_5km_box,0.0,255.0,2.0,15.398524399435265,-1.0196058863600754,0.0
A1_leo_5km_box,0.0,256.0,2.0,15.440346143980948,-1.0473146347624862,0.0
A1_leo_5km_box,0.0,257.0,2.0,15.482162933676863,-1.074466211528069,0.0
A1_leo_5km_box,0.0,258.0,2.0,15.523969903752905,-1.1009562923529614,0.0
A1_leo_5km_box,0.0,259.0,2.0,15.565762207011037,-1.1266841302464137,0.0
A1_leo_5km_box,0.0,260.0,2.0,15.607535037039234,-1.1515530074746039,0.0
A1_leo_5km_box,0.0,261.0,2.0,15.649283650785735,-1.1754706478934729,0.0
A1_leo_5km_box,0.0,262.0,2.0,15.691003391559226,-1.1983495970615543,0.0
A1_leo_5km_box,0.0,263.0,2.0,15.732689711402687,-1.220107623093547,0.0
A1_leo_5km_box,0.0,264.0,2.0,15.774338193443366,-1.2406680248568946,0.0
A1_leo_5km_box,0.0,265.0,2.0,15.815944573374876,-1.2599599708376097,0.0
A1_leo_5km_box,0.0,266.0,2.0,15.857504760670762,-1.2779187823199756,0.0
A1_leo_5km_box,0.0,267.0,2.0,15.899014859052869,-1.2944861829207177,0.0
A1_leo_5km_box,0.0,268.0,2.0,15.940471185996442,-1.3096105328420649,0.0
A1_leo_5km_box,0.0,269.0,2.0,15.981870291603054,-1.3232470113568873,0.0
A1_leo_5km_box,0.0,270.0,2.0,16.023208976198283,-1.3353577977044395,0.0
A1_leo_5km_box,0.0,271.0,2.0,16.06448430710087,-1.3459121873427016,0.0
A1_leo_5km_box,0.0,272.0,2.0,16.10569363382719,-1.3548866937109771,0.0
A1_leo_5km_box,0.0,273.0,2.0,16.14683460252989,-1.3622651125455576,0.0
A1_leo_5km_box,0.0,274.0,2.0,16.187905168698027,-1.3680385515613125,0.0
A1_leo_5km_box,0.0,275.0,2.0,16.228903608447233,-1.3722054339044831,0.0
A1_leo_5km_box,0.0,276.0,2.0,16.26982852858745,-1.3747714597385219,0.0
A1_leo_5km_box,0.0,277.0,2.0,16.310678874905822,-1.3757495423631916,0.0
A1_leo_5km_box,0.0,278.0,2.0,16.351453938744235,-1.3751597103897062,0.0
A1_leo_5km_box,0.0,279.0,2.0,16.39215336242982,-1.373028979307911,0.0
A1_leo_5km_box,0.0,280.0,2.0,16.43277714235889,-1.3693911926733193,0.0
A1_leo_5km_box,0.0,281.0,2.0,16.47332563094052,-1.364286834687256,0.0
A1_leo_5km_box,0.0,282.0,2.0,16.513799536654254,-1.357762815564989,0.0
A1_leo_5km_box,0.0,283.0,2.0,16.554199921912623,-1.3498722236726657,0.0
A1_leo_5km_box,0.0,284.0,2.0,16.594528200258697,-1.3406740630554914,0.0
A1_leo_5km_box,0.0,285.0,2.0,16.63478613057342,-1.3302329504059074,0.0
A1_leo_5km_box,0.0,286.0,2.0,16.67497581073631,-1.3186188119198583,0.0
A1_leo_5km_box,0.0,287.0,2.0,16.715099668899544,-1.3059065281764148,0.0
A1_leo_5km_box,0.0,288.0,2.0,16.75516045325135,-1.2921755870700657,0.0
A1_leo_5km_box,0.0,289.0,2.0,16.79516122062792,-1.2775096985291334,0.0
A1_leo_5km_box,0.0,290.0,2.0,16.835105323095444,-1.2619964063320666,0.0
A1_leo_5km_box,0.0,291.0,2.0,16.874996393263636,-1.2457266684959833,0.0
A1_leo_5km_box,0.0,292.0,2.0,16.914838328338675,-1.2287944505153803,0.0
A1_leo_5km_box,0.0,293.0,2.0,16.954635272727874,-1.211296266840023,0.0
A1_leo_5km_box,0.0,294.0,2.0,16.994391599357133,-1.1933307587632669,0.0
A1_leo_5km_box,0.0,295.0,2.0,17.034111890124073,-1.1749982296653805,0.0
A1_leo_5km_box,0.0,296.0,2.0,17.073800914874514,-1.1564001881740893,0.0
A1_leo_5km_box,0.0,297.0,2.0,17.113463610027665,-1.1376388834332118,0.0
A1_leo_5km_box,0.0,298.0,2.0,17.153105055669254,-1.1188168554223665,0.0
A1_leo_5km_box,0.0,299.0,2.0,17.192730452493034,-1.1000364555875386,0.0
A1_leo_5km_box,0.0,300.0,2.0,17.23234509788962,-1.0813993880942618,0.0
A1_leo_5km_box,0.0,301.0,2.0,17.271954361410675,-1.0630062625107684,0.0
A1_leo_5km_box,0.0,302.0,2.0,17.31156366016206,-1.0449561298671028,0.0
A1_leo_5km_box,0.0,303.0,2.0,17.35117843351131,-1.0273460525631606,0.0
A1_leo_5km_box,0.0,304.0,2.0,17.39080411803439,-1.010270662680668,0.0
A1_leo_5km_box,0.0,305.0,2.0,17.430446122014274,-0.9938217421421314,0.0
A1_leo_5km_box,0.0,306.0,2.0,17.470109800526508,-0.9780878216858468,0.0
A1_leo_5km_box,0.0,307.0,2.0,17.509800430167402,-0.9631537888279418,0.0
A1_leo_5km_box,0.0,308.0,2.0,17.5495231844484,-0.9491005088011484,0.0
A1_leo_5km_box,0.0,309.0,2.0,17.589283109484434,-0.936004475422969,0.0
A1_leo_5km_box,0.0,310.0,2.0,17.629085100221026,-0.9239374734466566,0.0
A1_leo_5km_box,0.0,311.0,2.0,17.668933877222255,-0.9129662794542526,0.0
A1_leo_5km_box,0.0,312.0,2.0,17.708833964435446,-0.9031523538167718,0.0
A1_leo_5km_box,0.0,313.0,2.0,17.748789667258777,-0.8945515995457676,0.0
A1_leo_5km_box,0.0,314.0,2.0,17.788805052565266,-0.8872141074682816,0.0
A1_leo_5km_box,0.0,315.0,2.0,17.828883928292065,-0.8811839626234885,0.0
A1_leo_5km_box,0.0,316.0,2.0,17.86902982537839,-0.8764990538412398,0.0
A1_leo_5km_box,0.0,317.0,2.0,17.90924598063523,-0.8731909220718315,0.0
A1_leo_5km_box,0.0,318.0,2.0,17.949535320259695,-0.8712846435376953,0.0
A1_leo_5km_box,0.0,319.0,2.0,17.989900445730093,-0.870798732268252,0.0
A1_leo_5km_box,0.0,320.0,2.0,18.03034361977348,-0.8717450828998885,0.0
A1_leo_5km_box,0.0,321.0,2.0,18.07086675553828,-0.8741289373266348,0.0
A1_leo_5km_box,0.0,322.0,2.0,18.111471405703977,-0.8779488870152008,0.0
A1_leo_5km_box,0.0,323.0,2.0,18.152158753705393,-0.8831969049962751,0.0
A1_leo_5km_box,0.0,324.0,2.0,18.192929607250687,-0.8898584061411974,0.0
A1_leo_5km_box,0.0,325.0,2.0,18.23378439268597,-0.8979123418302315,0.0
A1_leo_5km_box,0.0,326.0,2.0,18.27472315114692,-0.9073313211542811,0.0
A1_leo_5km_box,0.0,327.0,2.0,18.31574553686996,-0.9180817643077432,0.0
A1_leo_5km_box,0.0,328.0,2.0,18.35685081703844,-0.930124081270467,0.0
A1_leo_5km_box,0.0,329.0,2.0,18.39803787293533,-0.9434128811274256,0.0
A1_leo_5km_box,0.0,330.0,2.0,18.43930520356789,-0.957897205817293,0.0
A1_leo_5km_box,0.0,331.0,2.0,18.480650930500477,-0.973520787434623,0.0
A1_leo_5km_box,0.0,332.0,2.0,18.522072804779153,-0.9902223344213645,0.0
A1_leo_5km_box,0.0,333.0,2.0,18.56356821533402,-1.0079358362120594,0.0
A1_leo_5km_box,0.0,334.0,2.0,18.605134199117572,-1.0265908896398557,0.0
A1_leo_5km_box,0.0,335.0,2.0,18.64676745298201,-1.0461130426793197,0.0
A1_leo_5km_box,0.0,336.0,2.0,18.688464347024414,-1.0664241620421677,0.0
A1_leo_5km_box,0.0,337.0,2.0,18.73022093987762,-1.0874428058240682,0.0
A1_leo_5km_box,0.0,338.0,2.0,18.772032994805333,-1.1090846209782512,0.0
A1_leo_5km_box,0.0,339.0,2.0,18.813895998190755,-1.1312627466018021,0.0
A1_leo_5km_box,0.0,340.0,2.0,18.855805178436572,-1.1538882232446923,0.0
A1_leo_5km_box,0.0,341.0,2.0,18.897755527064522,-1.1768704210624037,0.0
A1_leo_5km_box,0.0,342.0,2.0,18.93974182030863,-1.2001174606357523,0.0
A1_leo_5km_box,0.0,343.0,2.0,18.981758642240813,-1.2235366483772658,0.0
A1_leo_5km_box,0.0,344.0,2.0,19.023800409075605,-1.24703491011946,0.0
A1_leo_5km_box,0.0,345.0,2.0,19.065861393791117,-1.2705192114350616,0.0
A1_leo_5km_box,0.0,346.0,2.0,19.107935752273836,-1.2938970039653164,0.0
A1_leo_5km_box,0.0,347.0,2.0,19.15001754991954,-1.317076634018477,0.0
A1_leo_5km_box,0.0,348.0,2.0,19.19210078855214,-1.3399677714858171,0.0
A1_leo_5km_box,0.0,349.0,2.0,19.234179434266444,-1.3624818083375345,0.0
A1_leo_5km_box,0.0,350.0,2.0,19.276247445422648,-1.384532269590899,0.0
A1_leo_5km_box,0.0,351.0,2.0,19.318298800830625,-1.406035191576116,0.0
A1_leo_5km_box,0.0,352.0,2.0,19.360327527988897,-1.4269094971783858,0.0
A1_leo_5km_box,0.0,353.0,2.0,19.40232773151578,-1.447077348890602,0.0
A1_leo_5km_box,0.0,354.0,2.0,19.44429362109092,-1.4664644971165153,0.0
A1_leo_5km_box,0.0,355.0,2.0,19.48621953931373,-1.4850006002702365,0.0
A1_leo_5km_box,0.0,356.0,2.0,19.528099988969707,-1.5026195185838809,0.0
A1_leo_5km_box,0.0,357.0,2.0,19.569929659783256,-1.519259604419787,0.0
A1_leo_5km_box,0.0,358.0,2.0,19.61170345426521,-1.5348639584371604,0.0
A1_leo_5km_box,0.0,359.0,2.0,19.653416513107775,-1.5493806611930339,0.0
A1_leo_5km_box,0.0,360.0,2.0,19.6950642390748,-1.5627629900283324,0.0
A1_leo_5km_box,1.0,0.0,2.0,5.011105610535344,0.0,0.0
A1_leo_5km_box,1.0,1.0,2.0,5.051770730506343,0.002452989346313217,0.0
A1_leo_5km_box,1.0,2.0,2.0,5.092414616336867,0.009670886553347913,0.0
A1_leo_5km_box,1.0,3.0,2.0,5.133036936020641,0.021431827002427184,0.0
A1_leo_5km_box,1.0,4.0,2.0,5.17363747273158,0.03750106442090839,0.0
A1_leo_5km_box,1.0,5.0,2.0,5.21421612726305,0.057631993851003926,0.0
A1_leo_5km_box,1.0,6.0,2.0,5.254772919884943,0.08156721227292607,0.0
A1_leo_5km_box,1.0,7.0,2.0,5.295307991620988,0.10903960913033472,0.0
A1_leo_5km_box,1.0,8.0,2.0,5.33582160490177,0.13977348448213078,0.0
A1_leo_5km_box,1.0,9.0,2.0,5.376314143609494,0.17348568341235548,0.0
A1_leo_5km_box,1.0,10.0,2.0,5.416786112488991,0.20988675415978264,0.0
A1_leo_5km_box,1.0,11.0,2.0,5.457238135942177,0.248682115527199,0.0
A1_leo_5km_box,1.0,12.0,2.0,5.497670956188709,0.2895732333763057,0.0
A1_leo_5km_box,1.0,13.0,2.0,5.538085430800799,0.3322588006264837,0.0
A1_leo_5km_box,1.0,14.0,2.0,5.578482529630117,0.3764359185414179,0.0
A1_leo_5km_box,1.0,15.0,2.0,5.618863331119756,0.4218012740064836,0.0
A1_leo_5km_box,1.0,16.0,2.0,5.659229018040604,0.4680523066582509,0.0
A1_leo_5km_box,1.0,17.0,2.0,5.6995808726360915,0.5148883637842161,0.0
A1_leo_5km_box,1.0,18.0,2.0,5.739920271225093,0.5620118406106656,0.0
A1_leo_5km_box,1.0,19.0,2.0,5.780248678286453,0.6091292980667795,0.0
A1_leo_5km_box,1.0,20.0,2.0,5.820567640011645,0.655952556672279,0.0
A1_leo_5km_box,1.0,21.0,2.0,5.860878777420567,0.7021997618839038,0.0
A1_leo_5km_box,1.0,22.0,2.0,5.901183779010304,0.7475964206218322,0.0
A1_leo_5km_box,1.0,23.0,2.0,5.9414843930019865,0.7918763951884067,0.0
A1_leo_5km_box,1.0,24.0,2.0,5.981782419225135,0.8347828648815891,0.0
A1_leo_5km_box,1.0,25.0,2.0,6.022079700663133,0.8760692431208916,0.0
A1_leo_5km_box,1.0,26.0,2.0,6.062378114711553,0.915500047131701,0.0
A1_leo_5km_box,1.0,27.0,2.0,6.102679564160544,0.9528517181500717,0.0
A1_leo_5km_box,1.0,28.0,2.0,6.142985968018757,0.9879133940202678,0.0
A1_leo_5km_box,1.0,29.0,2.0,6.183299252109409,1.0204876215764713,0.0
A1_leo_5km_box,1.0,30.0,2.0,6.223621339612756,1.0503910162045216,0.0
A1_leo_5km_box,1.0,31.0,2.0,6.2639541414664,1.077454855671789,0.0
A1_leo_5km_box,1.0,32.0,2.0,6.304299546774144,1.1015256181474697,0.0
A1_leo_5km_box,1.0,33.0,2.0,6.344659413276955,1.1224654517656418,0.0
A1_leo_5km_box,1.0,34.0,2.0,6.385035557747844,1.1401525782952504,0.0
A1_leo_5km_box,1.0,35.0,2.0,6.425429746657605,1.1544816289994486,0.0
A1_leo_5km_box,1.0,36.0,2.0,6.4658436868983555,1.1653639149709072,0.0
A1_leo_5km_box,1.0,37.0,2.0,6.514297416916538,5.726586584224869,4.553967452280094
A1_leo_5km_box,1.0,38.0,2.0,6.571348515826313,10.133561205103003,8.95739553416508
A1_leo_5km_box,1.0,39.0,2.0,6.6368831279220535,14.345910071020374,13.170119042848594
A1_leo_5km_box,1.0,40.0,2.0,6.710740424324269,18.327829518867134,17.156535169681852
A1_leo_5km_box,1.0,41.0,2.0,6.792715047876346,22.04865443960058,20.886154320482575
A1_leo_5km_box,1.0,42.0,2.0,6.882559896911,25.48321131448761,24.333941349798494
A1_leo_5km_box,1.0,43.0,2.0,6.979989145316643,28.61196349508477,27.48044984340625
A1_leo_5km_box,1.0,44.0,2.0,7.084681401261595,31.42096400057648,30.3117673428277
A1_leo_5km_box,1.0,45.0,2.0,7.196282917520589,33.901640065282294,32.819294740815685
A1_leo_5km_box,1.0,46.0,2.0,7.314410779937495,36.05043954919829,34.99939012977427
A1_leo_5km_box,1.0,47.0,2.0,7.438656016839963,37.868372221883995,36.852912096533075
A1_leo_5km_box,1.0,48.0,2.0,7.56858658818738,39.36047908694018,38.3846920530182
A1_leo_5km_box,1.0,49.0,2.0,7.703750228940952,40.53526096976823,39.602968528081206
A1_leo_5km_box,1.0,50.0,2.0,7.8436771346845955,41.40409398518629,40.51881031755045
A1_leo_5km_box,1.0,51.0,2.0,7.987882488625381,41.98065505941262,41.145550650560025
A1_leo_5km_box,1.0,52.0,2.0,8.135868838018844,42.28037574169896,41.49824933025137
A1_leo_5km_box,1.0,53.0,2.0,8.28712833410576,42.31993770988751,41.59319760629599
A1_leo_5km_box,1.0,54.0,2.0,8.441144853045962,42.11681886150931,41.447472542430305
A1_leo_5km_box,1.0,55.0,2.0,8.597396017597227,41.688894971419366,41.078546751259104
A1_leo_5km_box,1.0,56.0,2.0,8.755355138696116,41.054098629896615,40.50395459063871
A1_leo_5km_box,1.0,57.0,2.0,8.914493095553768,40.23013461069303,39.74101258643259
A1_leo_5km_box,1.0,58.0,2.0,9.074280170176324,39.234248942746405,38.806594280084816
A1_leo_5km_box,1.0,59.0,2.0,9.234187850256388,38.083047608680864,37.716953501067074
A1_leo_5km_box,1.0,60.0,2.0,9.393690610629665,36.79236006239961,36.48758847400657
A1_leo_5km_box,1.0,61.0,2.0,9.55226768172616,35.37714226202748,35.133149289166
A1_leo_5km_box,1.0,62.0,2.0,9.709404809225505,33.85141394996083,33.66737432419775
A1_leo_5km_box,1.0,63.0,2.0,9.86459600748505,32.228224967889574,32.103059671729994
A1_leo_5km_box,1.0,64.0,2.0,10.01734530649376,30.519645780866078,30.452046114566755
A1_leo_5km_box,1.0,65.0,2.0,10.167168489674278,28.736777760562493,28.725231917257066
A1_leo_5km_box,1.0,66.0,2.0,10.313594818839508,26.889779274895886,26.93259702863049
A1_leo_5km_box,1.0,67.0,2.0,10.4561687404395,24.987904107560688,25.08323862570805
A1_leo_5km_box,1.0,68.0,2.0,10.594451566241741,23.039549237749313,23.185418467924546
A1_leo_5km_box,1.0,69.0,2.0,10.728023121107196,21.05230944005232,21.246619607746098
A1_leo_5km_box,1.0,70.0,2.0,10.856483349141486,19.033036644685808,19.273596330784848
A1_leo_5km_box,1.0,71.0,2.0,10.979453869974884,16.987902317520565,17.272442862851456
A1_leo_5km_box,1.0,72.0,2.0,11.096579475924989,14.922461527565822,15.248651512322464
A1_leo_5km_box,1.0,73.0,2.0,11.20752956138161,12.841717604993086,13.207174950043754
A1_leo_5km_box,1.0,74.0,2.0,11.311999475655803,10.750186591134803,11.152492626263832
A1_leo_5km_box,1.0,75.0,2.0,11.409711790721149,8.651960877641418,9.088671231344936
A1_leo_5km_box,1.0,76.0,2.0,11.500417476052014,6.550771583268222,7.019424820349229
A1_leo_5km_box,1.0,77.0,2.0,11.583896972733863,4.450049412134227,4.94817689061211
A1_leo_5km_box,1.0,78.0,2.0,11.65996116014041,2.3529837904070483,2.8781162201201305
A1_leo_5km_box,1.0,79.0,2.0,11.728452208714996,0.26258019611535843,0.8122547541811187
A1_leo_5km_box,1.0,80.0,2.0,11.789244313469878,-1.818284349373922,-1.246517721129603
A1_leo_5km_box,1.0,81.0,2.0,11.842244303285941,-3.8868076297084997,-3.295381734655045
A1_leo_5km_box,1.0,82.0,2.0,11.887392121917578,-5.9402104000652045,-5.3315356152476845
A1_leo_5km_box,1.0,83.0,2.0,11.924661177800456,-7.975686335013332,-7.352146005587201
A1_leo_5km_box,1.0,84.0,2.0,11.954058560175973,-9.99035376354973,-9.354301149736788
A1_leo_5km_box,1.0,85.0,2.0,11.97562511988616,-11.981209197788889,-11.334962284930583
A1_leo_5km_box,1.0,86.0,2.0,11.98943541454621,-13.945082719335034,-13.290922167977559
A1_leo_5km_box,1.0,87.0,2.0,11.99559751804107,-15.878595337514234,-15.21875982939802
A1_leo_5km_box,1.0,88.0,2.0,11.994252695302695,-17.77811850838118,-17.11480096776663
A1_leo_5km_box,1.0,89.0,2.0,11.985574944204602,-19.639736069612557,-18.975080888649742
A1_leo_5km_box,1.0,90.0,2.0,11.96977040693266,-21.45920895831921,-20.79530794541018
A1_leo_5km_box,1.0,91.0,2.0,11.947076653866134,-23.23194316109145,-22.570831682287462
A1_leo_5km_box,1.0,92.0,2.0,11.917761843648059,-24.95296147487247,-24.29661434135255
A1_leo_5km_box,1.0,93.0,2.0,11.88212376332295,-26.61687976363769,-25.967207225846778
A1_leo_5km_box,1.0,94.0,2.0,11.840488753154807,-28.21788853450702,-27.5767323145506
A1_leo_5km_box,1.0,95.0,2.0,11.79321052056168,-29.74974077372794,-29.118869782806645
A1_leo_5km_box,1.0,96.0,2.0,11.74066884802114,-31.20574712145663,-30.586852573541545
A1_leo_5km_box,1.0,97.0,2.0,11.683268199563825,-32.57877957558186,-31.973471572773082
A1_leo_5km_box,1.0,98.0,2.0,11.621436230225212,-33.86128502549779,-33.27108724832462
A1_leo_5km_box,1.0,99.0,2.0,11.555622202890074,-35.04530999913946,-34.471656934514705
A1_leo_5km_box,1.0,100.0,2.0,11.486295315757921,-36.1225380575636,-35.566770903316055
A1_leo_5km_box,1.0,101.0,2.0,11.41394294382993,-37.08434127348825,-36.547704251573606
A1_leo_5km_box,1.0,102.0,2.0,11.33906879656962,-37.921847182679436,-37.405485110425296
A1_leo_5km_box,1.0,103.0,2.0,11.26219099307097,-38.62602245917435,-38.13097760719897
A1_leo_5km_box,1.0,104.0,2.0,11.183840055702367,-39.18777436940468,-38.71498653502403
A1_leo_5km_box,1.0,105.0,2.0,11.104556821710128,-39.598070712490774,-39.148374718051215
A1_leo_5km_box,1.0,106.0,2.0,11.024890271898371,-39.84807853580552,-39.422203873708206
A1_leo_5km_box,1.0,107.0,2.0,10.945395275085822,-39.929321359035264,-39.52789525758682
A1_leo_5km_box,1.0,108.0,2.0,10.866630246109915,-39.83385389594307,-39.45739926398062
A1_leo_5km_box,1.0,109.0,2.0,10.78915471590656,-39.55445250319656,-39.203392148924095
A1_leo_5km_box,1.0,110.0,2.0,10.713526812424856,-39.08481858924873,-38.75947548897507
A1_leo_5km_box,1.0,111.0,2.0,10.640300652139757,-38.41979118641703,-38.12039189097938
A1_leo_5km_box,1.0,112.0,2.0,10.570023643991206,-37.55556384768788,-37.28224068324515
A1_leo_5km_box,1.0,113.0,2.0,10.503233710199341,-36.489899883170196,-36.242691505700364
A1_leo_5km_box,1.0,114.0,2.0,10.440456431457607,-35.22233898750127,-35.00119285953485
A1_leo_5km_box,1.0,115.0,2.0,10.382202128364867,-33.75438745785875,-33.55915756714323
A1_leo_5km_box,1.0,116.0,2.0,10.328962895791426,-32.089683576930206,-31.920129852441192
A1_leo_5km_box,1.0,117.0,2.0,10.28120961182013,-30.234129514660424,-30.089914137812368
A1_leo_5km_box,1.0,118.0,2.0,10.239388949052703,-28.195981261405212,-28.076663217220243
A1_leo_5km_box,1.0,119.0,2.0,10.203920420977674,-25.985888810584612,-25.890915695572225
A1_leo_5km_box,1.0,120.0,2.0,10.175193501675349,-23.61688002958573,-23.545579148395834
A1_leo_5km_box,1.0,121.0,2.0,10.15356486130624,-21.104283429481008,-21.055851290366245
A1_leo_5km_box,1.0,122.0,2.0,10.139355762555406,-18.465587359580926,-18.43907665536637
A1_leo_5km_box,1.0,123.0,2.0,10.132849665156384,-15.720235792526793,-15.714543723355234
A1_leo_5km_box,1.0,124.0,2.0,10.1342900846644,-12.889363813207044,-12.903219745574734
A1_leo_5km_box,1.0,125.0,2.0,10.14387874886268,-9.995478960379778,-10.027433696335297
A1_leo_5km_box,1.0,126.0,2.0,10.16177409076515,-7.062097341084428,-7.110514573657856
A1_leo_5km_box,1.0,127.0,2.0,10.18809010973281,-4.11334598309443,-4.1763967201382535
A1_leo_5km_box,1.0,128.0,2.0,10.222895623816946,-1.1735447224130446,-1.2492060650006742
A1_leo_5km_box,1.0,129.0,2.0,10.266213926484234,1.7332178844049473,1.6471594938560763
A1_leo_5km_box,1.0,130.0,2.0,10.318022850144873,4.583499834120097,4.489440003592193
A1_leo_5km_box,1.0,131.0,2.0,10.37825522810982,7.354897900455626,7.25540045237949
A1_leo_5km_box,1.0,132.0,2.0,10.446799736698768,10.026403916727933,9.92418184356536
A1_leo_5km_box,1.0,133.0,2.0,10.523502090194992,12.578714300881533,12.476604991318307
A1_leo_5km_box,1.0,134.0,2.0,10.608166553723585,14.994484564501143,14.895422257751534
A1_leo_5km_box,1.0,135.0,2.0,10.70055773466593,17.258523447549745,17.165506752919946
A1_leo_5km_box,1.0,136.0,2.0,10.800402608845825,19.357924270959614,19.273981776285698
A1_leo_5km_box,1.0,137.0,2.0,10.90739273791749,21.282133973008044,21.210288189527304
A1_leo_5km_box,1.0,138.0,2.0,11.021186634451354,23.02296282480798,22.96619508949993
A1_leo_5km_box,1.0,139.0,2.0,11.141412233477451,24.574539967076703,24.53575417976772
A1_leo_5km_box,1.0,140.0,2.0,11.267669434802386,25.933221499808035,25.915210817051726
A1_leo_5km_box,1.0,141.0,2.0,11.39953268275043,27.09745895055571,27.10287489954588
A1_leo_5km_box,1.0,142.0,2.0,11.53655355696926,28.067636469290225,28.098962624074186
A1_leo_5km_box,1.0,143.0,2.0,11.678263352462062,28.84588518407405,28.90541163771676
A1_leo_5km_box,1.0,144.0,2.0,11.824175633065522,29.435882776077005,29.525688551827134
A1_leo_5km_box,1.0,145.0,2.0,11.973788745352707,29.842645750987273,29.96458206692898
A1_leo_5km_box,1.0,146.0,2.0,12.126588286735876,30.072320935275787,30.228002521491604
A1_leo_5km_box,1.0,147.0,2.0,12.282049522415937,30.131981789473183,30.322778774282355
A1_leo_5km_box,1.0,148.0,2.0,12.439639750488451,30.029434030664603,30.256469948025444
A1_leo_5km_box,1.0,149.0,2.0,12.598820614831398,29.773034054617398,30.03718689599877
A1_leo_5km_box,1.0,150.0,2.0,12.759050367838716,29.371522623926616,29.6734289485987
A1_leo_5km_box,1.0,151.0,2.0,12.919786085289926,28.833875425950062,29.173937864974242
A1_leo_5km_box,1.0,152.0,2.0,13.080485835521202,28.16917132579011,28.547566854723705
A1_leo_5km_box,1.0,153.0,2.0,13.240610805333787,27.38647850653564,27.80317096502971
A1_leo_5km_box,1.0,154.0,2.0,13.399627384299857,26.494758115617856,26.949509940527694
A1_leo_5km_box,1.0,155.0,2.0,13.557009208037037,25.50278473321299,25.99517024725273
A1_leo_5km_box,1.0,156.0,2.0,13.71223916110431,24.4190825562276,24.94850301235685
A1_leo_5km_box,1.0,157.0,2.0,13.864811337573837,23.2518761360061,23.81757496265724
A1_leo_5km_box,1.0,158.0,2.0,14.0142329582593,22.009054275625495,22.610129607933516
A1_leo_5km_box,1.0,159.0,2.0,14.16002624130679,20.69814570086681,21.333568733754138
A1_leo_5km_box,1.0,160.0,2.0,14.301730222099874,19.326305147743916,19.994930542345468
A1_leo_5km_box,1.0,161.0,2.0,14.438902518630618,17.900308454077418,18.600890641794265
A1_leo_5km_box,1.0,162.0,2.0,14.571121036658058,16.42655544728644,17.15775963703514
A1_leo_5km_box,1.0,163.0,2.0,14.697985608996188,14.911079385800718,15.671496160262421
A1_leo_5km_box,1.0,164.0,2.0,14.819119563535102,13.359561931499009,14.14771948990401
A1_leo_5km_box,1.0,165.0,2.0,14.93417121233963,11.777352605387037,12.591724395584869
A1_leo_5km_box,1.0,166.0,2.0,15.042815256908751,10.16949193640837,11.008509703521074
A1_leo_5km_box,1.0,167.0,2.0,15.144754101814982,8.540737477714444,9.402800217076734
A1_leo_5km_box,1.0,168.0,2.0,15.23971907118759,6.895592059172451,7.7790727954294425
A1_leo_5km_box,1.0,169.0,2.0,15.327471521293948,5.238333677410889,6.141591017094328
A1_leo_5km_box,1.0,170.0,2.0,15.407803843854053,3.573046539928626,4.49442737470962
A1_leo_5km_box,1.0,171.0,2.0,15.480540354261613,1.903652808930456,2.841502934816109
A1_leo_5km_box,1.0,172.0,2.0,15.545538059476963,0.23394469327309153,1.1866119432331068
A1_leo_5km_box,1.0,173.0,2.0,15.602687301925705,-1.4323834684444314,-0.4665423613481323
A1_leo_5km_box,1.0,174.0,2.0,15.651912274426817,-3.0917033978119512,-2.114317586547454
A1_leo_5km_box,1.0,175.0,2.0,15.693171403961644,-4.74042164411248,-3.7531040803986393
A1_leo_5km_box,1.0,176.0,2.0,15.726457600331841,-6.374949147417652,-5.379288183856801
A1_leo_5km_box,1.0,177.0,2.0,15.751798369393457,-7.991671889809648,-6.989231926050277
A1_leo_5km_box,1.0,178.0,2.0,15.769255788155693,-9.586922848236146,-8.579238432225633
A1_leo_5km_box,1.0,179.0,2.0,15.778926341939679,-11.156955538493829,-10.145527982821978
A1_leo_5km_box,1.0,180.0,2.0,15.780940623737978,-12.69791944225851,-11.684215684242272
A1_leo_5km_box,1.0,181.0,2.0,15.77546289617912,-14.205837605053784,-13.191285720220325
A1_leo_5km_box,1.0,182.0,2.0,15.76269051786929,-15.676586770739576,-14.66257479067945
A1_leo_5km_box,1.0,183.0,2.0,15.742853236053953,-17.105880428545106,-16.093752810567352
A1_leo_5km_box,1.0,184.0,2.0,15.716212347839912,-18.489255182662312,-17.48031184509058
A1_leo_5km_box,1.0,185.0,2.0,15.683059733279816,-19.822060922654483,-18.817555020346433
A1_leo_5km_box,1.0,186.0,2.0,15.643716763606573,-21.099455277600487,-20.100590398518303
A1_leo_5km_box,1.0,187.0,2.0,15.598533088510958,-22.316402910978805,-21.32433354386487
A1_leo_5km_box,1.0,188.0,2.0,15.547885306044465,-23.467680208363983,-22.483508508436945
A1_leo_5km_box,1.0,189.0,2.0,15.492175519389944,-24.54788595763624,-23.57266209489106
A1_leo_5km_box,1.0,190.0,2.0,15.431829785057095,-25.551458625474144,-24.586178579613982
A1_leo_5km_box,1.0,191.0,2.0,15.367296456058856,-26.472700805311167,-25.518306325607032
A1_leo_5km_box,1.0,192.0,2.0,15.299044424527796,-27.30581141713273,-26.363190396387903
A1_leo_5km_box,1.0,193.0,2.0,15.227561267762452,-28.044926147461346,-27.114910746747878
A1_leo_5km_box,1.0,194.0,2.0,15.153351301139836,-28.684166549150625,-27.76753505872165
A1_leo_5km_box,1.0,195.0,2.0,15.07693354177225,-29.217698093599864,-28.315173914088998
A1_leo_5km_box,1.0,196.0,2.0,14.998839586256736,-29.639797301880044,-28.752049958602033
A1_leo_5km_box,1.0,197.0,2.0,14.919611405412459,-29.944927854124614,-29.072572689262444
A1_leo_5km_box,1.0,198.0,2.0,14.839799059836729,-30.12782537307679,-29.271425385301253
A1_leo_5km_box,1.0,199.0,2.0,14.759958339001145,-30.183590225718593,-29.343656216995306
A1_leo_5km_box,1.0,200.0,2.0,14.680648327549514,-30.107787343695236,-29.28477806933616
A1_leo_5km_box,1.0,201.0,2.0,14.6024289033851,-29.896551777763847,-29.09087362663243
A1_leo_5km_box,1.0,202.0,2.0,14.525858171425012,-29.54669816777944,-28.758706240607168
A1_leo_5km_box,1.0,203.0,2.0,14.451489839710748,-29.055831990577374,-28.285828971176485
A1_leo_5km_box,1.0,204.0,2.0,14.379870544806304,-28.422460024429608,-27.670693790628142
A1_leo_5km_box,1.0,205.0,2.0,14.311537135584453,-27.646097048676488,-26.912759381288787
A1_leo_5km_box,1.0,206.0,2.0,14.247013926473159,-26.72736554346722,-26.012588680071502
A1_leo_5km_box,1.0,207.0,2.0,14.186809933618688,-25.668084851029782,-24.971937509210562
A1_leo_5km_box,1.0,208.0,2.0,14.131416110318026,-24.471346167792785,-23.793827331831885
A1_leo_5km_box,1.0,209.0,2.0,14.081302600080962,-23.141569759476344,-22.48260482805886
A1_leo_5km_box,1.0,210.0,2.0,14.036916029235153,-21.684540936151464,-21.043971926855143
A1_leo_5km_box,1.0,211.0,2.0,13.998676863292951,-20.10742168871449,-19.485000648495454
A1_leo_5km_box,1.0,212.0,2.0,13.966976853221048,-18.41873546370909,-17.814115709726686
A1_leo_5km_box,1.0,213.0,2.0,13.942176600521275,-16.628323221868246,-16.04105005210954
A1_leo_5km_box,1.0,214.0,2.0,13.924603270187815,-14.747269872927848,-14.176771388190623
A1_leo_5km_box,1.0,215.0,2.0,13.914548481652378,-12.787801149423572,-12.233380933206917
A1_leo_5km_box,1.0,216.0,2.0,13.912266407125816,-10.763152112165386,-10.223980142719746
A1_leo_5km_box,1.0,217.0,2.0,13.917972104987184,-8.68740960929415,-8.162517018501791
A1_leo_5km_box,1.0,218.0,2.0,13.931840113584952,-6.575332087700225,-6.063607023836681
A1_leo_5km_box,1.0,219.0,2.0,13.954003326669431,-4.442151173440045,-3.942335792782359
A1_leo_5km_box,1.0,220.0,2.0,13.984552167924637,-2.303360213908423,-1.8140520752703004
A1_leo_5km_box,1.0,221.0,2.0,14.023534076014487,-0.17449561716453843,0.30584901768770933
A1_leo_5km_box,1.0,222.0,2.0,14.070953306435126,1.9290828723512732,2.4021424406215353
A1_leo_5km_box,1.0,223.0,2.0,14.12677105040677,3.992406791813785,4.459984502567238
A1_leo_5km_box,1.0,224.0,2.0,14.190905864651793,6.001102513522927,6.465113535996991
A1_leo_5km_box,1.0,225.0,2.0,14.263234401036275,7.941578336753352,8.4040339293594
A1_leo_5km_box,1.0,226.0,2.0,14.343592419595309,9.801190458578635,10.264179506879856
A1_leo_5km_box,1.0,227.0,2.0,14.431776063711778,11.5683841002725,12.034053228244801
A1_leo_5km_box,1.0,228.0,2.0,14.527543374233181,13.232807161668081,13.703337576929542
A1_leo_5km_box,1.0,229.0,2.0,14.63061601541791,14.785394849898381,15.262979647648223
A1_leo_5km_box,1.0,230.0,2.0,14.74068118528077,16.218424875881432,16.705245825221926
A1_leo_5km_box,1.0,231.0,2.0,14.857393682235745,17.52554383259408,18.023748056086752
A1_leo_5km_box,1.0,232.0,2.0,14.980378100216681,18.701766289778377,19.213441744909243
A1_leo_5km_box,1.0,233.0,2.0,15.109231126850649,19.743448911012873,20.270604707289586
A1_leo_5km_box,1.0,234.0,2.0,15.243523919418882,20.648242491246638,21.19278821663828
A1_leo_5km_box,1.0,235.0,2.0,15.382804537025628,21.415025205536953,21.97875260118698
A1_leo_5km_box,1.0,236.0,2.0,15.526600410198737,22.043820597752894,22.628388676987576
A1_leo_5km_box,1.0,237.0,2.0,15.674420829592988,22.535703897470505,23.142626662524535
A1_leo_5km_box,1.0,238.0,2.0,15.825759442090463,22.892700145190403,23.52333346297719
A1_leo_5km_box,1.0,239.0,2.0,15.980096739792915,23.117677447483054,23.773213959438433
A1_leo_5km_box,1.0,240.0,2.0,16.136902535491927,23.214238328531422,23.895700791555452
A1_leo_5km_box,1.0,241.0,2.0,16.295638414757253,23.18661183725368,23.89485081974163
A1_leo_5km_box,1.0,242.0,2.0,16.455760160018187,23.039548665403586,23.77524188286184
A1_leo_5km_box,1.0,243.0,2.0,16.616720141647207,22.778221125828058,23.54187551271103
A1_leo_5km_box,1.0,244.0,2.0,16.77796967280983,22.408129396738197,23.20008348865077
A1_leo_5km_box,1.0,245.0,2.0,16.938961324118903,21.935015172156014,22.755445802732144
A1_leo_5km_box,1.0,246.0,2.0,17.099151196426437,21.364783380393604,22.213710140631004
A1_leo_5km_box,1.0,247.0,2.0,17.258001148548043,20.70343240961936,21.580728004952476
A1_leo_5km_box,1.0,248.0,2.0,17.414980977100196,19.956993027400394,20.862389542248394
A1_leo_5km_box,1.0,249.0,2.0,17.56957054645763,19.131475870729275,20.064575009796748
A1_leo_5km_box,1.0,250.0,2.0,17.721261864968426,18.23282728508424,19.193108964037364
A1_leo_5km_box,1.0,251.0,2.0,17.869561103565903,17.266893195341027,18.253728031973004
A1_leo_5km_box,1.0,252.0,2.0,18.01399055450544,16.239390393519848,17.252045389824833
A1_leo_5km_box,1.0,253.0,2.0,18.154090523557787,15.155884827004584,16.193537735492036
A1_leo_5km_box,1.0,254.0,2.0,18.289421152955974,14.021776213020587,15.083523220271289
A1_leo_5km_box,1.0,255.0,2.0,18.41956416937666,12.84228838062873,13.927153040461882
A1_leo_5km_box,1.0,256.0,2.0,18.54412455084908,11.622464773601848,12.729409506997857
A1_leo_5km_box,1.0,257.0,2.0,18.662732108938798,10.367168403505822,11.495101005248642
A1_leo_5km_box,1.0,258.0,2.0,18.775042978789607,9.081085799174993,10.228870651150856
A1_leo_5km_box,1.0,259.0,2.0,18.880741012179918,7.768734301874414,8.93519682964028
A1_leo_5km_box,1.0,260.0,2.0,18.979539068518523,6.434472234237543,7.618408229876472
A1_leo_5km_box,1.0,261.0,2.0,19.071180196906155,5.082511446016014,6.282694784888854
A1_leo_5km_box,1.0,262.0,2.0,19.155438705400428,3.7169318004126595,4.932120324651734
A1_leo_5km_box,1.0,263.0,2.0,19.23212111176646,2.34169714711685,3.5706375976833904
A1_leo_5km_box,1.0,264.0,2.0,19.301066970926982,0.9606724683646206,2.2021078093472646
A1_leo_5km_box,1.0,265.0,2.0,19.362149575561137,-0.4223582347377963,0.8303151316098045
A1_leo_5km_box,1.0,266.0,2.0,19.415276525254615,-1.8036735972670748,-0.541013136452051
A1_leo_5km_box,1.0,267.0,2.0,19.46039016164237,-3.1795964106091645,-1.908190639257512
A1_leo_5km_box,1.0,268.0,2.0,19.497467866708945,-4.546475314511245,-3.267553317547023
A1_leo_5km_box,1.0,269.0,2.0,19.52652222128171,-5.900666942255217,-4.615439517420938
A1_leo_5km_box,1.0,270.0,2.0,19.5476010239024,-7.238518813681427,-5.948177644777619
A1_leo_5km_box,1.0,271.0,2.0,19.56078716738607,-8.556353227643143,-7.262065766011627
A1_leo_5km_box,1.0,272.0,2.0,19.566198374233124,-9.850452479470473,-8.553361061333309
A1_leo_5km_box,1.0,273.0,2.0,19.563986790053626,-11.117045660089087,-9.818264448517855
A1_leo_5km_box,1.0,274.0,2.0,19.554338436926614,-12.352297350589403,-11.052910161178708
A1_leo_5km_box,1.0,275.0,2.0,19.53747252761239,-13.552298526565032,-12.253357190617375
A1_leo_5km_box,1.0,276.0,2.0,19.513640642714872,-14.713059972174758,-13.415583177562418
A1_leo_5km_box,1.0,277.0,2.0,19.483125773624522,-15.830508556743617,-14.535479269201623
A1_leo_5km_box,1.0,278.0,2.0,19.446241233949475,-16.900486698872896,-15.608852602860601
A1_leo_5km_box,1.0,279.0,2.0,19.403329442632845,-17.91875536154297,-16.631426908567448
A1_leo_5km_box,1.0,280.0,2.0,19.354760583348128,-18.881000934860115,-17.598851751737588
A1_leo_5km_box,1.0,281.0,2.0,19.300931143075122,-19.782846324909897,-18.506710263071824
A1_leo_5km_box,1.0,282.0,2.0,19.242262334893507,-20.619866585559254,-19.350540662646853
A1_leo_5km_box,1.0,283.0,2.0,19.17919840909901,-21.387609373358707,-20.125852077952366
A1_leo_5km_box,1.0,284.0,2.0,19.112204857496703,-22.08162048343265,-20.828151958552255
A1_leo_5km_box,1.0,285.0,2.0,19.04176651541369,-22.697474666812933,-21.452976465319296
A1_leo_5km_box,1.0,286.0,2.0,18.96838556623778,-23.23081183813258,-21.99592639359782
A1_leo_5km_box,1.0,287.0,2.0,18.892579453413262,-23.677378701165708,-22.45271296066864
A1_leo_5km_box,1.0,288.0,2.0,18.814878704916286,-24.033075726566544,-22.819197135103497
A1_leo_5km_box,1.0,289.0,2.0,18.735824675720295,-24.29400922565339,-23.091449216900095
A1_leo_5km_box,1.0,290.0,2.0,18.655967213020986,-24.45654818592624,-23.26580161184877
A1_leo_5km_box,1.0,291.0,2.0,18.575862250111026,-24.51738526284286,-23.338909484519554
A1_leo_5km_box,1.0,292.0,2.0,18.496069335839174,-24.473601261850053,-23.30781673548943
A1_leo_5km_box,1.0,293.0,2.0,18.41714910473583,-24.322732069873787,-23.170019620653015
A1_leo_5km_box,1.0,294.0,2.0,18.339660696534633,-24.0628369943634,-22.92354124870233
A1_leo_5km_box,1.0,295.0,2.0,18.26415913332703,-23.692567070904502,-22.566990219962335
A1_leo_5km_box,1.0,296.0,2.0,18.191192662428254,-23.21123182534013,-22.09963448848562
A1_leo_5km_box,1.0,297.0,2.0,18.121300077329952,-22.61886277944747,-21.521460460544706
A1_leo_5km_box,1.0,298.0,2.0,18.05500802713207,-21.916271840030532,-20.833229914633655
A1_leo_5km_box,1.0,299.0,2.0,17.992828329432548,-21.105102606293613,-20.03653674616812
A1_leo_5km_box,1.0,300.0,2.0,17.935255300684226,-20.187872660850203,-19.133838880699194
A1_leo_5km_box,1.0,301.0,2.0,17.882763121517865,-19.168004888806767,-18.128496855394527
A1_leo_5km_box,1.0,302.0,2.0,17.835803255653833,-18.04984600964321,-17.024788879477892
A1_leo_5km_box,1.0,303.0,2.0,17.79480194155793,-16.838670729773852,-15.827916880255533
A1_leo_5km_box,1.0,304.0,2.0,17.76015777912313,-15.540670180713256,-14.543989511486721
A1_leo_5km_box,1.0,305.0,2.0,17.732239432544414,-14.162923702909502,-13.179999451835567
A1_leo_5km_box,1.0,306.0,2.0,17.711383473043146,-12.713353490917179,-11.743774889287906
A1_leo_5km_box,1.0,307.0,2.0,17.697892383074148,-11.200662101503056,-10.243919215027653
A1_leo_5km_box,1.0,308.0,2.0,17.69203274563403,-9.634253357206468,-8.689731906472709
A1_leo_5km_box,1.0,309.0,2.0,17.694033638098762,-8.024137831323053,-7.0911165684761635
A1_leo_5km_box,1.0,310.0,2.0,17.704085251604763,-6.380824518928296,-5.458470466018994
A1_leo_5km_box,1.0,311.0,2.0,17.722337751345545,-4.715200943325115,-3.802570056576915
A1_leo_5km_box,1.0,312.0,2.0,17.74890039255694,-3.038404276520801,-2.134441456139058
A1_leo_5km_box,1.0,313.0,2.0,17.78384090317998,-1.3616865021015556,-0.46522878410737434
A1_leo_5km_box,1.0,314.0,2.0,17.827185138676477,0.30372319016347404,1.1939421032232111
A1_leo_5km_box,1.0,315.0,2.0,17.878917013248948,1.9467554301213497,2.832098379940362
A1_leo_5km_box,1.0,316.0,2.0,17.938978704975185,3.55663382412974,4.438550914338535
A1_leo_5km_box,1.0,317.0,2.0,18.007271130306545,5.123001091072332,6.0030193848024105
A1_leo_5km_box,1.0,318.0,2.0,18.083654678737936,6.636035317091782,7.515745851118361
A1_leo_5km_box,1.0,319.0,2.0,18.167950194663405,8.086553864552481,8.967598225858353
A1_leo_5km_box,1.0,320.0,2.0,18.259940191547237,9.466102923109343,10.350156797050758
A1_leo_5km_box,1.0,321.0,2.0,18.359370280700727,10.767031244656167,11.6557894956415
A1_leo_5km_box,1.0,322.0,2.0,18.465950794099086,11.982547137598054,12.877706208652029
A1_leo_5km_box,1.0,323.0,2.0,18.579358581683447,13.106758369469063,14.010000021256186
A1_leo_5km_box,1.0,324.0,2.0,18.699238961548982,14.134695158484423,15.047670557478021
A1_leo_5km_box,1.0,325.0,2.0,18.82520780111719,15.062316898836414,15.986628503088962
A1_leo_5km_box,1.0,326.0,2.0,18.956853708801404,15.886503710351274,16.823692072513552
A1_leo_5km_box,1.0,327.0,2.0,19.09374031761882,16.605034210083858,17.556562834841305
A1_leo_5km_box,1.0,328.0,2.0,19.23540863963716,17.216551198929952,18.18379461507469
A1_leo_5km_box,1.0,329.0,2.0,19.381379476381223,17.720517084423903,18.704749052489422
A1_leo_5km_box,1.0,330.0,2.0,19.53115586864178,18.117160965655632,19.119546101448837
A1_leo_5km_box,1.0,331.0,2.0,19.68422557158085,18.407419347695964,19.429004411646744
A1_leo_5km_box,1.0,332.0,2.0,19.84006354350187,18.592872325633003,19.634580315741168
A1_leo_5km_box,1.0,333.0,2.0,19.99813443723763,18.67567706729467,19.73830374562091
A1_leo_5km_box,1.0,334.0,2.0,20.157895083493226,18.658500194261407,19.742712031056264
A1_leo_5km_box,1.0,335.0,2.0,20.318796960441855,18.544450527827383,19.650782331649186
A1_leo_5km_box,1.0,336.0,2.0,20.480288640099094,18.337013455088425,19.46586949329898
A1_leo_5km_box,1.0,337.0,2.0,20.641818205794184,18.039987972855442,19.191645646301936
A1_leo_5km_box,1.0,338.0,2.0,20.80283563546423,17.657427254149205,18.83203782763454
A1_leo_5km_box,1.0,339.0,2.0,20.962795144876715,17.193583401149848,18.391178663088148
A1_leo_5km_box,1.0,340.0,2.0,21.12115748628769,16.652856847484188,17.873352066344772
A1_leo_5km_box,1.0,341.0,2.0,21.277392196892663,16.03975073132924,17.282951891520515
A1_leo_5km_box,1.0,342.0,2.0,21.430979793927015,15.358830382528055,16.6244398337434
A1_leo_5km_box,1.0,343.0,2.0,21.581413909659275,14.61468796761567,15.902310705731004
A1_leo_5km_box,1.0,344.0,2.0,21.728203363020693,13.811912225322853,15.121066972483277
A1_leo_5km_box,1.0,345.0,2.0,21.870874162593182,12.955063130324795,14.285184268880702
A1_leo_5km_box,1.0,346.0,2.0,22.008971434734246,12.04865124528931,13.3990989476791
A1_leo_5km_box,1.0,347.0,2.0,22.142061273275008,11.097121502183782,12.467189439790527
A1_leo_5km_box,1.0,348.0,2.0,22.269732504723603,10.104841096192807,11.493762718731482
A1_leo_5km_box,1.0,349.0,2.0,22.39159836284041,9.076091129108121,10.483048782103488
A1_leo_5km_box,1.0,350.0,2.0,22.50729806864127,8.015061678214419,9.439190424770594
A1_leo_5km_box,1.0,351.0,2.0,22.61649830873456,6.925849902797321,8.366246746889239
A1_leo_5km_box,1.0,352.0,2.0,22.71889460839072,5.81246086031495,7.268189220741572
A1_leo_5km_box,1.0,353.0,2.0,22.814212591913236,4.678810647297471,6.148909545672154
A1_leo_5km_box,1.0,354.0,2.0,22.902209127849485,3.5287315333154545,5.012216614654008
A1_leo_5km_box,1.0,355.0,2.0,22.982673351513107,2.365978767460142,3.8618526789808705
A1_leo_5km_box,1.0,356.0,2.0,23.055427562787283,1.1942387273782273,2.7014918660372977
A1_leo_5km_box,1.0,357.0,2.0,23.12032799319287,0.017138092980317765,1.5347568288652802
A1_leo_5km_box,1.0,358.0,2.0,23.177265439160546,-1.1617462281123814,0.36522261949656354
A1_leo_5km_box,1.0,359.0,2.0,23.22616575910396,-2.338876722351557,-0.8035708840301581
A1_leo_5km_box,1.0,360.0,2.0,23.266990229740944,-3.510744707250435,-1.9681088256540136
A2_leo_10km_drift,0.0,0.0,2.0,10.189288204268129,0.0,0.0
A2_leo_10km_drift,0.0,1.0,2.0,10.389374206513766,0.004022472324116677,0.0
A2_leo_10km_drift,0.0,2.0,2.0,10.589562610385757,0.015564327674688627,0.0
A2_leo_10km_drift,0.0,3.0,2.0,10.789843133652916,0.033862219958269435,0.0
A2_leo_10km_drift,0.0,4.0,2.0,10.990206342976686,0.058184126270344194,0.0
A2_leo_10km_drift,0.0,5.0,2.0,11.19064361762792,0.08782720668731869,0.0
A2_leo_10km_drift,0.0,6.0,2.0,11.391147117215658,0.12211604620793182,0.0
A2_leo_10km_drift,0.0,7.0,2.0,11.591709752728057,0.16040123048011168,0.0
A2_leo_10km_drift,0.0,8.0,2.0,11.792325160186751,0.20205820441265843,0.0
A2_leo_10km_drift,0.0,9.0,2.0,11.992987676390213,0.24648637746604862,0.0
A2_leo_10km_drift,0.0,10.0,2.0,12.193692316176856,0.2931084380128901,0.0
A2_leo_10km_drift,0.0,11.0,2.0,12.394434750845535,0.34136984646382373,0.0
A2_leo_10km_drift,0.0,12.0,2.0,12.595211287264222,0.39073847928650096,0.0
A2_leo_10km_drift,0.0,13.0,2.0,12.796018847426781,0.4407044020910966,0.0
A2_leo_10km_drift,0.0,14.0,2.0,12.996854948074855,0.49077974681832615,0.0
A2_leo_10km_drift,0.0,15.0,2.0,13.197717680212476,0.5404986766608388,0.0
A2_leo_10km_drift,0.0,16.0,2.0,13.398605688275685,0.5894174218887827,0.0
A2_leo_10km_drift,0.0,17.0,2.0,13.599518148773111,0.6371143692707193,0.0
A2_leo_10km_drift,0.0,18.0,2.0,13.800454748283734,0.6831901934543083,0.0
A2_leo_10km_drift,0.0,19.0,2.0,14.001415660663808,0.727268016028848,0.0
A2_leo_10km_drift,0.0,20.0,2.0,14.202401523427477,0.7689935846735274,0.0
A2_leo_10km_drift,0.0,21.0,2.0,14.403413413170867,0.8080354568340553,0.0
A2_leo_10km_drift,0.0,22.0,2.0,14.604452820071579,0.8440851847937303,0.0
A2_leo_10km_drift,0.0,23.0,2.0,14.8055216214009,0.8768574894726378,0.0
A2_leo_10km_drift,0.0,24.0,2.0,15.00662205405704,0.9060904164370776,0.0
A2_leo_10km_drift,0.0,25.0,2.0,15.207756686170537,0.9315454699043713,0.0
A2_leo_10km_drift,0.0,26.0,2.0,15.408928387775964,0.9530077143220517,0.0
A2_leo_10km_drift,0.0,27.0,2.0,15.610140300627013,0.970285841900953,0.0
A2_leo_10km_drift,0.0,28.0,2.0,15.811395807217766,0.983212197769312,0.0
A2_leo_10km_drift,0.0,29.0,2.0,16.012698499077832,0.9916427619591772,0.0
A2_leo_10km_drift,0.0,30.0,2.0,16.21405214445565,0.9954570803447638,0.0
A2_leo_10km_drift,0.0,31.0,2.0,16.41546065546457,0.9945581452286412,0.0
A2_leo_10km_drift,0.0,32.0,2.0,16.61692805479048,0.988872217803749,0.0
A2_leo_10km_drift,0.0,33.0,2.0,16.81845844213392,0.9783485966763372,0.0
A2_leo_10km_drift,0.0,34.0,2.0,17.020055960448666,0.9629593229716349,0.0
A2_leo_10km_drift,0.0,35.0,2.0,17.221724762106255,0.9426988272922543,0.0
A2_leo_10km_drift,0.0,36.0,2.0,17.42346897522176,0.9175835120900366,0.0
A2_leo_10km_drift,0.0,37.0,2.0,17.62529267009467,0.8876512745423781,0.0
A2_leo_10km_drift,0.0,38.0,2.0,17.82719982614392,0.8529609635932189,0.0
A2_leo_10km_drift,0.0,39.0,2.0,18.029194299211145,0.8135917768568035,0.0
A2_leo_10km_drift,0.0,40.0,2.0,18.231279789586353,0.7696425945513674,0.0
A2_leo_10km_drift,0.0,41.0,2.0,18.433459810902658,0.7212312559605749,0.0
A2_leo_10km_drift,0.0,42.0,2.0,18.63573765980155,0.6684937729528606,0.0
A2_leo_10km_drift,0.0,43.0,2.0,18.838116386844362,0.6115834918691831,0.0
A2_leo_10km_drift,0.0,44.0,2.0,19.04059876853796,0.550670198218306,0.0
A2_leo_10km_drift,0.0,45.0,2.0,19.243187280811156,0.48593917124684083,0.0
A2_leo_10km_drift,0.0,46.0,2.0,19.445884073908534,0.4175901906653401,0.0
A2_leo_10km_drift,0.0,47.0,2.0,19.648690948961868,0.34583649993891186,0.0
A2_leo_10km_drift,0.0,48.0,2.0,19.85160933635015,0.27090372627913695,0.0
A2_leo_10km_drift,0.0,49.0,2.0,20.054640275805642,0.19302876861049256,0.0
A2_leo_10km_drift,0.0,50.0,2.0,20.257784398653158,0.11245864915077064,0.0
A2_leo_10km_drift,0.0,51.0,2.0,20.46104191210132,0.029449340303244753,0.0
A2_leo_10km_drift,0.0,52.0,2.0,20.664412585599273,-0.055735431542913716,0.0
A2_leo_10km_drift,0.0,53.0,2.0,20.867895739687935,-0.1428254002266982,0.0
A2_leo_10km_drift,0.0,54.0,2.0,21.0714902370453,-0.23154498634880838,0.0
A2_leo_10km_drift,0.0,55.0,2.0,21.27519447607853,-0.3216145308382323,0.0
A2_leo_10km_drift,0.0,56.0,2.0,21.47900638685411,-0.4127515305478724,0.0
A2_leo_10km_drift,0.0,57.0,2.0,21.682923429800987,-0.504671872217255,0.0
A2_leo_10km_drift,0.0,58.0,2.0,21.8869425967215,-0.5970910541694963,0.0
A2_leo_10km_drift,0.0,59.0,2.0,22.09106041473705,-0.6897254005857612,0.0
A2_leo_10km_drift,0.0,60.0,2.0,22.295272952559383,-0.7822932488275036,0.0
A2_leo_10km_drift,0.0,61.0,2.0,22.49957582960347,-0.8745161237517785,0.0
A2_leo_10km_drift,0.0,62.0,2.0,22.703964227494517,-0.9661198709842722,0.0
A2_leo_10km_drift,0.0,63.0,2.0,22.908432904547364,-1.056835767451414,0.0
A2_leo_10km_drift,0.0,64.0,2.0,23.11297621231133,-1.14640158900281,0.0
A2_leo_10km_drift,0.0,65.0,2.0,23.3175881151085,-1.2345626380856345,0.0
A2_leo_10km_drift,0.0,66.0,2.0,23.52226221163291,-1.3210727236065978,0.0
A2_leo_10km_drift,0.0,67.0,2.0,23.726991759169145,-1.4056950941028212,0.0
A2_leo_10km_drift,0.0,68.0,2.0,23.931769699945534,-1.4882033151915053,0.0
A2_leo_10km_drift,0.0,69.0,2.0,24.136588689732225,-1.568382092774545,0.0
A2_leo_10km_drift,0.0,70.0,2.0,24.34144112844723,-1.6460280376020542,0.0
A2_leo_10km_drift,0.0,71.0,2.0,24.546319192738014,-1.720950367655405,0.0
A2_leo_10km_drift,0.0,72.0,2.0,24.751214870235934,-1.792971546798583,0.0
A2_leo_10km_drift,0.0,73.0,2.0,24.95611999553759,-1.8619278606353262,0.0
A2_leo_10km_drift,0.0,74.0,2.0,25.161026287564404,-1.9276699237824602,0.0
A2_leo_10km_drift,0.0,75.0,2.0,25.36592538825645,-1.9900631201963392,0.0
A2_leo_10km_drift,0.0,76.0,2.0,25.5708089022691,-2.0489879756597773,0.0
A2_leo_10km_drift,0.0,77.0,2.0,25.775668437600604,-2.104340461468013,0.0
A2_leo_10km_drift,0.0,78.0,2.0,25.980495646867922,-2.1560322277913713,0.0
A2_leo_10km_drift,0.0,79.0,2.0,26.185282269110814,-2.2039907713167217,0.0
A2_leo_10km_drift,0.0,80.0,2.0,26.390020171685784,-2.2481595321455217,0.0
A2_leo_10km_drift,0.0,81.0,2.0,26.594701392359955,-2.288497923826238,0.0
A2_leo_10km_drift,0.0,82.0,2.0,26.79931818101292,-2.324981299808293,0.0
A2_leo_10km_drift,0.0,83.0,2.0,27.003863041017123,-2.357600851270014,0.0
A2_leo_10km_drift,0.0,84.0,2.0,27.208328769863144,-2.3863634427243596,0.0
A2_leo_10km_drift,0.0,85.0,2.0,27.4127084988987,-2.411291388606074,0.0
A2_leo_10km_drift,0.0,86.0,2.0,27.61699573190361,-2.4324221658753586,0.0
A2_leo_10km_drift,0.0,87.0,2.0,27.821184382315757,-2.449808072094939,0.0
A2_leo_10km_drift,0.0,88.0,2.0,28.025268808863885,-2.4635158281980374,0.0
A2_leo_10km_drift,0.0,89.0,2.0,28.229243849315267,-2.4736261273288207,0.0
A2_leo_10km_drift,0.0,90.0,2.0,28.433104852312646,-2.480233134667831,0.0
A2_leo_10km_drift,0.0,91.0,2.0,28.63684770695445,-2.4834439389751495,0.0
A2_leo_10km_drift,0.0,92.0,2.0,28.84046886988173,-2.483377961391753,0.0
A2_leo_10km_drift,0.0,93.0,2.0,29.04396538993606,-2.4801663206774904,0.0
A2_leo_10km_drift,0.0,94.0,2.0,29.24733492995842,-2.473951161637622,0.0
A2_leo_10km_drift,0.0,95.0,2.0,29.450575785692692,-2.464884947192658,0.0
A2_leo_10km_drift,0.0,96.0,2.0,29.653686901728882,-2.4531297185408363,0.0
A2_leo_10km_drift,0.0,97.0,2.0,29.856667884273588,-2.4388563267612184,0.0
A2_leo_10km_drift,0.0,98.0,2.0,30.059519010560305,-2.4222436378509293,0.0
A2_leo_10km_drift,0.0,99.0,2.0,30.262241235114768,-2.403477714683966,0.0
A2_leo_10km_drift,0.0,100.0,2.0,30.464836192540318,-2.3827509828544535,0.0
A2_leo_10km_drift,0.0,101.0,2.0,30.667306196728365,-2.3602613767712555,0.0
A2_leo_10km_drift,0.0,102.0,2.0,30.869654236830264,-2.336211474454508,0.0
A2_leo_10km_drift,0.0,103.0,2.0,31.071883969612358,-2.3108076247781995,0.0
A2_leo_10km_drift,0.0,104.0,2.0,31.27399970834078,-2.2842590656857453,0.0
A2_leo_10km_drift,0.0,105.0,2.0,31.476006408248978,-2.2567770423891353,0.0
A2_leo_10km_drift,0.0,106.0,2.0,31.677909648641194,-2.228573923980015,0.0
A2_leo_10km_drift,0.0,107.0,2.0,31.87971561165791,-2.199862325886759,0.0
A2_leo_10km_drift,0.0,108.0,2.0,32.08143105776658,-2.1708542366702943,0.0
A2_leo_10km_drift,0.0,109.0,2.0,32.283063298186455,-2.141760157652328,0.0
A2_leo_10km_drift,0.0,110.0,2.0,32.48462016428253,-2.112788253649356,0.0
A2_leo_10km_drift,0.0,111.0,2.0,32.68610997399206,-2.08414352162567,0.0
A2_leo_10km_drift,0.0,112.0,2.0,32.887541495715496,-2.0560269780576235,0.0
A2_leo_10km_drift,0.0,113.0,2.0,33.08892390942785,-2.028634868886936,0.0
A2_leo_10km_drift,0.0,114.0,2.0,33.290266765620856,-2.0021579024507297,0.0
A2_leo_10km_drift,0.0,115.0,2.0,33.49157994190066,-1.976780515891452,0.0
A2_leo_10km_drift,0.0,116.0,2.0,33.69287359763415,-1.9526801663527493,0.0
A2_leo_10km_drift,0.0,117.0,2.0,33.89415812694281,-1.930026658189643,0.0
A2_leo_10km_drift,0.0,118.0,2.0,34.09544411000028,-1.9089815049828651,0.0
A2_leo_10km_drift,0.0,119.0,2.0,34.29674226299079,-1.8896973338584644,0.0
A2_leo_10km_drift,0.0,120.0,2.0,34.498063387179634,-1.8723173239258983,0.0
A2_leo_10km_drift,0.0,121.0,2.0,34.69941831699646,-1.8569746899284034,0.0
A2_leo_10km_drift,0.0,122.0,2.0,34.90081786747875,-1.8437922132883422,0.0
A2_leo_10km_drift,0.0,123.0,2.0,35.10227278146974,-1.8328818163158012,0.0
A2_leo_10km_drift,0.0,124.0,2.0,35.30379367666283,-1.8243441838339258,0.0
A2_leo_10km_drift,0.0,125.0,2.0,35.50539099286703,-1.818268437045134,0.0
A2_leo_10km_drift,0.0,126.0,2.0,35.70707493966269,-1.8147318555548075,0.0
A2_leo_10km_drift,0.0,127.0,2.0,35.90885544450276,-1.8137996534872691,0.0
A2_leo_10km_drift,0.0,128.0,2.0,36.110742102232045,-1.8155248053801643,0.0
A2_leo_10km_drift,0.0,129.0,2.0,36.31274412503233,-1.819947927593546,0.0
A2_leo_10km_drift,0.0,130.0,2.0,36.51487029446242,-1.8270972130025598,0.0
A2_leo_10km_drift,0.0,131.0,2.0,36.717128914679556,-1.8369884171924866,0.0
A2_leo_10km_drift,0.0,132.0,2.0,36.91952776757598,-1.849624902550584,0.0
A2_leo_10km_drift,0.0,133.0,2.0,37.122074070309786,-1.8649977305269516,0.0
A2_leo_10km_drift,0.0,134.0,2.0,37.324774434517565,-1.8830858117615534,0.0
A2_leo_10km_drift,0.0,135.0,2.0,37.52763482863783,-1.9038561044890656,0.0
A2_leo_10km_drift,0.0,136.0,2.0,37.730660542572416,-1.9272638660190466,0.0
A2_leo_10km_drift,0.0,137.0,2.0,37.93385615525001,-1.9532529529517895,0.0
A2_leo_10km_drift,0.0,138.0,2.0,38.13722550544716,-1.9817561695170127,0.0
A2_leo_10km_drift,0.0,139.0,2.0,38.34077166533717,-2.012695662904296,0.0
A2_leo_10km_drift,0.0,140.0,2.0,38.544496918098986,-2.0459833626915724,0.0
A2_leo_10km_drift,0.0,141.0,2.0,38.748402738413766,-2.081521461998914,0.0
A2_leo_10km_drift,0.0,142.0,2.0,38.95248977698972,-2.119202939582898,0.0
A2_leo_10km_drift,0.0,143.0,2.0,39.15675784824171,-2.158912117410594,0.0
A2_leo_10km_drift,0.0,144.0,2.0,39.36120592280244,-2.2005252554904153,0.0
A2_leo_10km_drift,0.0,145.0,2.0,39.56583212267564,-2.2439111740140127,0.0
A2_leo_10km_drift,0.0,146.0,2.0,39.77063372152575,-2.2889319094669958,0.0
A2_leo_10km_drift,0.0,147.0,2.0,39.975607148065244,-2.3354433893105764,0.0
A2_leo_10km_drift,0.0,148.0,2.0,40.18074799413302,-2.383296135263002,0.0
A2_leo_10km_drift,0.0,149.0,2.0,40.38605102641011,-2.432335980865563,0.0
A2_leo_10km_drift,0.0,150.0,2.0,40.591510202244734,-2.4824048031439894,0.0
A2_leo_10km_drift,0.0,151.0,2.0,40.797118689824885,-2.5333412711336933,0.0
A2_leo_10km_drift,0.0,152.0,2.0,41.002868891824704,-2.584981595717739,0.0
A2_leo_10km_drift,0.0,153.0,2.0,41.20875247330378,-2.637160289167717,0.0
A2_leo_10km_drift,0.0,154.0,2.0,41.41476039341714,-2.6897109211159176,0.0
A2_leo_10km_drift,0.0,155.0,2.0,41.62088294058742,-2.7424668741926617,0.0
A2_leo_10km_drift,0.0,156.0,2.0,41.827109771727045,-2.7952620936351202,0.0
A2_leo_10km_drift,0.0,157.0,2.0,42.03342995449402,-2.8479318255647534,0.0
A2_leo_10km_drift,0.0,158.0,2.0,42.239832013190714,-2.900313342621086,0.0
A2_leo_10km_drift,0.0,159.0,2.0,42.44630397751156,-2.9522466532703184,0.0
A2_leo_10km_drift,0.0,160.0,2.0,42.652833434586384,-3.0035751936230426,0.0
A2_leo_10km_drift,0.0,161.0,2.0,42.85940758344722,-3.0541464924649375,0.0
A2_leo_10km_drift,0.0,162.0,2.0,43.066013292080484,-3.1038128146381183,0.0
A2_leo_10km_drift,0.0,163.0,2.0,43.27263715689237,-3.152431778500553,0.0
A2_leo_10km_drift,0.0,164.0,2.0,43.479265563918055,-3.199866934914919,0.0
A2_leo_10km_drift,0.0,165.0,2.0,43.68588475199508,-3.245988322714499,0.0
A2_leo_10km_drift,0.0,166.0,2.0,43.89248087711618,-3.290672983118803,0.0
A2_leo_10km_drift,0.0,167.0,2.0,44.09904007823207,-3.333805440933979,0.0
A2_leo_10km_drift,0.0,168.0,2.0,44.30554854346215,-3.375278145477445,0.0
A2_leo_10km_drift,0.0,169.0,2.0,44.51199257718706,-3.4149918729671214,0.0
A2_leo_10km_drift,0.0,170.0,2.0,44.71835866707091,-3.4528560859534707,0.0
A2_leo_10km_drift,0.0,171.0,2.0,44.92463355095892,-3.4887892528638886,0.0
A2_leo_10km_drift,0.0,172.0,2.0,45.13080428337451,-3.522719121466622,0.0
A2_leo_10km_drift,0.0,173.0,2.0,45.33685830092052,-3.5545829515153393,0.0
A2_leo_10km_drift,0.0,174.0,2.0,45.54278348674536,-3.584327702623291,0.0
A2_leo_10km_drift,0.0,175.0,2.0,45.74856823331859,-3.6119101749236826,0.0
A2_leo_10km_drift,0.0,176.0,2.0,45.954201503313584,-3.637297108379123,0.0
A2_leo_10km_drift,0.0,177.0,2.0,46.15967288840567,-3.6604652380218816,0.0
A2_leo_10km_drift,0.0,178.0,2.0,46.364972665399556,-3.681401301601106,0.0
A2_leo_10km_drift,0.0,179.0,2.0,46.570091849557926,-3.700102006607864,0.0
A2_leo_10km_drift,0.0,180.0,2.0,46.77502224484054,-3.7165739557321054,0.0
A2_leo_10km_drift,0.0,181.0,2.0,46.97975649049786,-3.7308335264381043,0.0
A2_leo_10km_drift,0.0,182.0,2.0,47.184288104324686,-3.7429067125396287,0.0
A2_leo_10km_drift,0.0,183.0,2.0,47.38861152141837,-3.752828925161822,0.0
A2_leo_10km_drift,0.0,184.0,2.0,47.59272212927057,-3.7606447548528266,0.0
A2_leo_10km_drift,0.0,185.0,2.0,47.7966162979908,-3.766407697442631,0.0
A2_leo_10km_drift,0.0,186.0,2.0,48.00029140622216,-3.7701798433333877,0.0
A2_leo_10km_drift,0.0,187.0,2.0,48.203745862099396,-3.772031533837872,0.0
A2_leo_10km_drift,0.0,188.0,2.0,48.40697911931838,-3.7720409846144776,0.0
A2_leo_10km_drift,0.0,189.0,2.0,48.60999168814248,-3.7702938792847362,0.0
A2_leo_10km_drift,0.0,190.0,2.0,48.812785141406124,-3.7668829351020783,0.0
A2_leo_10km_drift,0.0,191.0,2.0,49.01536211509233,-3.761907440934742,0.0
A2_leo_10km_drift,0.0,192.0,2.0,49.21772630376357,-3.755472773056212,0.0
A2_leo_10km_drift,0.0,193.0,2.0,49.41988245086992,-3.747689886832717,0.0
A2_leo_10km_drift,0.0,194.0,2.0,49.62183633359221,-3.7386747906991147,0.0
A2_leo_10km_drift,0.0,195.0,2.0,49.82359474276558,-3.728548000755172,0.0
A2_leo_10km_drift,0.0,196.0,2.0,50.025165457499675,-3.717433982155516,0.0
A2_leo_10km_drift,0.0,197.0,2.0,50.22655721485991,-3.7054605748085834,0.0
A2_leo_10km_drift,0.0,198.0,2.0,50.42777967475761,-3.6927584122929957,0.0
A2_leo_10km_drift,0.0,199.0,2.0,50.62884338000524,-3.6794603310017493,0.0
A2_leo_10km_drift,0.0,200.0,2.0,50.82975971194984,-3.665700771869229,0.0
A2_leo_10km_drift,0.0,201.0,2.0,51.03054084169338,-3.6516151834087296,0.0
A2_leo_10km_drift,0.0,202.0,2.0,51.231199677309334,-3.637339420490271,0.0
A2_leo_10km_drift,0.0,203.0,2.0,51.431749807080585,-3.6230091457274405,0.0
A2_leo_10km_drift,0.0,204.0,2.0,51.6322054392059,-3.6087592370379618,0.0
A2_leo_10km_drift,0.0,205.0,2.0,51.83258133830947,-3.5947232001571905,0.0
A2_leo_10km_drift,0.0,206.0,2.0,52.032892758687126,-3.5810325898104622,0.0
A2_leo_10km_drift,0.0,207.0,2.0,52.233155375204035,-3.5678164455328343,0.0
A2_leo_10km_drift,0.0,208.0,2.0,52.43338521139624,-3.555200736452324,0.0
A2_leo_10km_drift,0.0,209.0,2.0,52.63359856610497,-3.5433078266846607,0.0
A2_leo_10km_drift,0.0,210.0,2.0,52.83381193777329,-3.532255957771291,0.0
A2_leo_10km_drift,0.0,211.0,2.0,53.03404194802985,-3.5221587502993756,0.0
A2_leo_10km_drift,0.0,212.0,2.0,53.23430526390284,-3.513124728314665,0.0
A2_leo_10km_drift,0.0,213.0,2.0,53.4346185195552,-3.505256870598661,0.0
A2_leo_10km_drift,0.0,214.0,2.0,53.6349982377445,-3.4986521863009656,0.0
A2_leo_10km_drift,0.0,215.0,2.0,53.8354607515965,-3.493401318560796,0.0
A2_leo_10km_drift,0.0,216.0,2.0,54.03602212647458,-3.489588178722247,0.0
A2_leo_10km_drift,0.0,217.0,2.0,54.236698083090076,-3.487289613820721,0.0
A2_leo_10km_drift,0.0,218.0,2.0,54.43750392163615,-3.4865751025483505,0.0
A2_leo_10km_drift,0.0,219.0,2.0,54.63845444746803,-3.487506489453285,0.0
A2_leo_10km_drift,0.0,220.0,2.0,54.839563898593596,-3.490137753757061,0.0
A2_leo_10km_drift,0.0,221.0,2.0,55.04084587578781,-3.494514810641114,0.0
A2_leo_10km_drift,0.0,222.0,2.0,55.242313274687845,-3.500675355501137,0.0
A2_leo_10km_drift,0.0,223.0,2.0,55.44397822127245,-3.5086487410000977,0.0
A2_leo_10km_drift,0.0,224.0,2.0,55.64585201021361,-3.518455895072492,0.0
A2_leo_10km_drift,0.0,225.0,2.0,55.84794504674974,-3.530109275562854,0.0
A2_leo_10km_drift,0.0,226.0,2.0,56.05026679251104,-3.5436128650809806,0.0
A2_leo_10km_drift,0.0,227.0,2.0,56.25282571491685,-3.5589622035416824,0.0
A2_leo_10km_drift,0.0,228.0,2.0,56.455629241314874,-3.5761444582051993,0.0
A2_leo_10km_drift,0.0,229.0,2.0,56.658683717231526,-3.5951385333010677,0.0
A2_leo_10km_drift,0.0,230.0,2.0,56.86199436951991,-3.6159152152532847,0.0
A2_leo_10km_drift,0.0,231.0,2.0,57.06556527411706,-3.6384373549696036,0.0
A2_leo_10km_drift,0.0,232.0,2.0,57.269399329312456,-3.662660085579361,0.0
A2_leo_10km_drift,0.0,233.0,2.0,57.473498233739896,-3.688531074287127,0.0
A2_leo_10km_drift,0.0,234.0,2.0,57.67786247008323,-3.715990807230618,0.0
A2_leo_10km_drift,0.0,235.0,2.0,57.88249129370371,-3.744972905427524,0.0
A2_leo_10km_drift,0.0,236.0,2.0,58.087382727846226,-3.775404471691779,0.0
A2_leo_10km_drift,0.0,237.0,2.0,58.292533563030716,-3.807206463948276,0.0
A2_leo_10km_drift,0.0,238.0,2.0,58.497939363398764,-3.840294095576624,0.0
A2_leo_10km_drift,0.0,239.0,2.0,58.70359447794142,-3.874577260467582,0.0
A2_leo_10km_drift,0.0,240.0,2.0,58.90949205761579,-3.9099609787269785,0.0
A2_leo_10km_drift,0.0,241.0,2.0,59.11562407840527,-3.946345862892553,0.0
A2_leo_10km_drift,0.0,242.0,2.0,59.32198136949049,-3.983628602453493,0.0
A2_leo_10km_drift,0.0,243.0,2.0,59.52855364734199,-4.021702459644505,0.0
A2_leo_10km_drift,0.0,244.0,2.0,59.73532955483807,-4.060457782526949,0.0
A2_leo_10km_drift,0.0,245.0,2.0,59.94229670628412,-4.099782526587159,0.0
A2_leo_10km_drift,0.0,246.0,2.0,60.14944173673766,-4.139562777196737,0.0
A2_leo_10km_drift,0.0,247.0,2.0,60.35675035765469,-4.179683293490832,0.0
A2_leo_10km_drift,0.0,248.0,2.0,60.564207415413314,-4.2200280325896955,0.0
A2_leo_10km_drift,0.0,249.0,2.0,60.771796956229814,-4.260480690622792,0.0
A2_leo_10km_drift,0.0,250.0,2.0,60.97950229433111,-4.300925237282538,0.0
A2_leo_10km_drift,0.0,251.0,2.0,61.187306084287144,-4.341246436333268,0.0
A2_leo_10km_drift,0.0,252.0,2.0,61.395190397557464,-4.381330371347136,0.0
A2_leo_10km_drift,0.0,253.0,2.0,61.60313680179772,-4.421064951378728,0.0
A2_leo_10km_drift,0.0,254.0,2.0,61.81112644366969,-4.4603404087060206,0.0
A2_leo_10km_drift,0.0,255.0,2.0,62.01914013469747,-4.499049787917375,0.0
A2_leo_10km_drift,0.0,256.0,2.0,62.22715843821262,-4.537089398223948,0.0
A2_leo_10km_drift,0.0,257.0,2.0,62.43516175997183,-4.574359274335915,0.0
A2_leo_10km_drift,0.0,258.0,2.0,62.64313043885772,-4.610763596187617,0.0
A2_leo_10km_drift,0.0,259.0,2.0,62.851044839545956,-4.646211095298725,0.0
A2_leo_10km_drift,0.0,260.0,2.0,63.05888544557634,-4.6806154356717755,0.0
A2_leo_10km_drift,0.0,261.0,2.0,63.266632952577325,-4.713895569507187,0.0
A2_leo_10km_drift,0.0,262.0,2.0,63.474268361509786,-4.745976062043855,0.0
A2_leo_10km_drift,0.0,263.0,2.0,63.68177307095254,-4.776787399691784,0.0
A2_leo_10km_drift,0.0,264.0,2.0,63.889128968487555,-4.80626625265268,0.0
A2_leo_10km_drift,0.0,265.0,2.0,64.09631852033506,-4.834355723525974,0.0
A2_leo_10km_drift,0.0,266.0,2.0,64.30332485895514,-4.861005553998599,0.0
A2_leo_10km_drift,0.0,267.0,2.0,64.51013186827375,-4.886172307546843,0.0
A2_leo_10km_drift,0.0,268.0,2.0,64.71672426556864,-4.909819513551739,0.0
A2_leo_10km_drift,0.0,269.0,2.0,64.92308768036757,-4.931917785075957,0.0
A2_leo_10km_drift,0.0,270.0,2.0,65.1292087293739,-4.95244490240232,0.0
A2_leo_10km_drift,0.0,271.0,2.0,65.33507508696115,-4.9713858622699725,0.0
A2_leo_10km_drift,0.0,272.0,2.0,65.54067555112272,-4.988732897322379,0.0
A2_leo_10km_drift,0.0,273.0,2.0,65.74600010481961,-5.004485462202446,0.0
A2_leo_10km_drift,0.0,274.0,2.0,65.9510399713307,-5.0186501880604695,0.0
A2_leo_10km_drift,0.0,275.0,2.0,66.15578766422094,-5.031240806323112,0.0
A2_leo_10km_drift,0.0,276.0,2.0,66.36023703150327,-5.0422780411301105,0.0
A2_leo_10km_drift,0.0,277.0,2.0,66.5643832935382,-5.0517894723443035,0.0
A2_leo_10km_drift,0.0,278.0,2.0,66.76822307396961,-5.059809369227342,0.0
A2_leo_10km_drift,0.0,279.0,2.0,66.97175442484298,-5.066378496009438,0.0
A2_leo_10km_drift,0.0,280.0,2.0,67.1749768440994,-5.0715438903292664,0.0
A2_leo_10km_drift,0.0,281.0,2.0,67.37789128672136,-5.075358615580505,0.0
A2_leo_10km_drift,0.0,282.0,2.0,67.58050016859663,-5.077881489666591,0.0
A2_leo_10km_drift,0.0,283.0,2.0,67.78280736310057,-5.079176787157191,0.0
A2_leo_10km_drift,0.0,284.0,2.0,67.98481819096628,-5.07931392435923,0.0
A2_leo_10km_drift,0.0,285.0,2.0,68.18653940271042,-5.078367117678173,0.0
A2_leo_10km_drift,0.0,286.0,2.0,68.38797915438231,-5.0764150300905975,0.0
A2_leo_10km_drift,0.0,287.0,2.0,68.5891469760906,-5.073540393385478,0.0
A2_leo_10km_drift,0.0,288.0,2.0,68.79005373372263,-5.0698296183924185,0.0
A2_leo_10km_drift,0.0,289.0,2.0,68.99071158441602,-5.065372391025225,0.0
A2_leo_10km_drift,0.0,290.0,2.0,69.191133925206,-5.0602612552594906,0.0
A2_leo_10km_drift,0.0,291.0,2.0,69.39133533558763,-5.0545911849626535,0.0
A2_leo_10km_drift,0.0,292.0,2.0,69.59133151439832,-5.048459150289286,0.0
A2_leo_10km_drift,0.0,293.0,2.0,69.79113921074509,-5.041963670797234,0.0
A2_leo_10km_drift,0.0,294.0,2.0,69.99077614986726,-5.035204373091684,0.0
A2_leo_10km_drift,0.0,295.0,2.0,70.19026095406792,-5.0282815354352195,0.0
A2_leo_10km_drift,0.0,296.0,2.0,70.3896130589078,-5.021295638736767,0.0
A2_leo_10km_drift,0.0,297.0,2.0,70.58885262542043,-5.014346917322943,0.0
A2_leo_10km_drift,0.0,298.0,2.0,70.78800044863878,-5.007534907444988,0.0
A2_leo_10km_drift,0.0,299.0,2.0,70.98707786247903,-5.000958008537282,0.0
A2_leo_10km_drift,0.0,300.0,2.0,71.1861066421928,-4.994713042920651,0.0
A2_leo_10km_drift,0.0,301.0,2.0,71.38510890416107,-4.988894831161161,0.0
A2_leo_10km_drift,0.0,302.0,2.0,71.58410700382476,-4.983595772425797,0.0
A2_leo_10km_drift,0.0,303.0,2.0,71.78312343213861,-4.978905442362791,0.0
A2_leo_10km_drift,0.0,304.0,2.0,71.98218071133543,-4.974910197044213,0.0
A2_leo_10km_drift,0.0,305.0,2.0,72.18130128958236,-4.971692803530825,0.0
A2_leo_10km_drift,0.0,306.0,2.0,72.38050743638487,-4.96933207778083,0.0
A2_leo_10km_drift,0.0,307.0,2.0,72.57982113793817,-4.967902545864433,0.0
A2_leo_10km_drift,0.0,308.0,2.0,72.77926399380264,-4.96747412622911,0.0
A2_leo_10km_drift,0.0,309.0,2.0,72.97885711470796,-4.968111832460487,0.0
A2_leo_10km_drift,0.0,310.0,2.0,73.17862102262278,-4.969875497694343,0.0
A2_leo_10km_drift,0.0,311.0,2.0,73.37857555275589,-4.972819528497041,0.0
A2_leo_10km_drift,0.0,312.0,2.0,73.5787397589464,-4.976992677496739,0.0
A2_leo_10km_drift,0.0,313.0,2.0,73.77913182140999,-4.982437847816712,0.0
A2_leo_10km_drift,0.0,314.0,2.0,73.97976895928508,-4.9891919213189695,0.0
A2_leo_10km_drift,0.0,315.0,2.0,74.18066734632549,-4.997285617800884,0.0
A2_leo_10km_drift,0.0,316.0,2.0,74.38184203123892,-5.006743380159051,0.0
A2_leo_10km_drift,0.0,317.0,2.0,74.58330686323875,-5.017583290787275,0.0
A2_leo_10km_drift,0.0,318.0,2.0,74.78507442198965,-5.029817016873217,0.0
A2_leo_10km_drift,0.0,319.0,2.0,74.98715595409462,-5.043449784169596,0.0
A2_leo_10km_drift,0.0,320.0,2.0,75.1895613138296,-5.058480382925445,0.0
A2_leo_10km_drift,0.0,321.0,2.0,75.39229891168458,-5.074901201659987,0.0
A2_leo_10km_drift,0.0,322.0,2.0,75.59537566775084,-5.092698290727782,0.0
A2_leo_10km_drift,0.0,323.0,2.0,75.79879697232137,-5.111851455820382,0.0
A2_leo_10km_drift,0.0,324.0,2.0,76.00256665319169,-5.132334378846082,0.0
A2_leo_10km_drift,0.0,325.0,2.0,76.20668694984337,-5.154114767864648,0.0
A2_leo_10km_drift,0.0,326.0,2.0,76.41115849419694,-5.177154533030581,0.0
A2_leo_10km_drift,0.0,327.0,2.0,76.61598029968582,-5.201409989992634,0.0
A2_leo_10km_drift,0.0,328.0,2.0,76.82114975597855,-5.226832086909994,0.0
A2_leo_10km_drift,0.0,329.0,2.0,77.02666263265687,-5.2533666572713855,0.0
A2_leo_10km_drift,0.0,330.0,2.0,77.23251308920963,-5.280954693345663,0.0
A2_leo_10km_drift,0.0,331.0,2.0,77.43869369274665,-5.309532642412407,0.0
A2_leo_10km_drift,0.0,332.0,2.0,77.64519544288501,-5.339032721682901,0.0
A2_leo_10km_drift,0.0,333.0,2.0,77.85200780453916,-5.3693832531087615,0.0
A2_leo_10km_drift,0.0,334.0,2.0,78.05911874684742,-5.400509011721066,0.0
A2_leo_10km_drift,0.0,335.0,2.0,78.26651479025308,-5.432331591076256,0.0
A2_leo_10km_drift,0.0,336.0,2.0,78.47418105983982,-5.4647697819367735,0.0
A2_leo_10km_drift,0.0,337.0,2.0,78.68210134567067,-5.497739957549097,0.0
A2_leo_10km_drift,0.0,338.0,2.0,78.89025816955466,-5.531156475688803,0.0
A2_leo_10km_drift,0.0,339.0,2.0,79.09863285831517,-5.5649320790442935,0.0
A2_leo_10km_drift,0.0,340.0,2.0,79.30720562301394,-5.5989783093362,0.0
A2_leo_10km_drift,0.0,341.0,2.0,79.51595564353978,-5.633205916484307,0.0
A2_leo_10km_drift,0.0,342.0,2.0,79.72486115919514,-5.667525275557139,0.0
A2_leo_10km_drift,0.0,343.0,2.0,79.93389956380769,-5.7018467990537225,0.0
A2_leo_10km_drift,0.0,344.0,2.0,80.1430475056246,-5.736081348088007,0.0
A2_leo_10km_drift,0.0,345.0,2.0,80.35228099158992,-5.770140639796306,0.0
A2_leo_10km_drift,0.0,346.0,2.0,80.56157549493969,-5.80393764289866,0.0
A2_leo_10km_drift,0.0,347.0,2.0,80.77090606683484,-5.83738697541758,0.0
A2_leo_10km_drift,0.0,348.0,2.0,80.98024744981893,-5.870405279850832,0.0
A2_leo_10km_drift,0.0,349.0,2.0,81.18957419460556,-5.902911597113203,0.0
A2_leo_10km_drift,0.0,350.0,2.0,81.39886077779092,-5.934827720482261,0.0
A2_leo_10km_drift,0.0,351.0,2.0,81.60808172116529,-5.9660785381008274,0.0
A2_leo_10km_drift,0.0,352.0,2.0,81.81721171182897,-5.996592358290975,0.0
A2_leo_10km_drift,0.0,353.0,2.0,82.02622572198909,-6.026301212751495,0.0
A2_leo_10km_drift,0.0,354.0,2.0,82.23509912861535,-6.055141151098731,0.0
A2_leo_10km_drift,0.0,355.0,2.0,82.44380783191295,-6.083052505532649,0.0
A2_leo_10km_drift,0.0,356.0,2.0,82.65232837195245,-6.109980138237159,0.0
A2_leo_10km_drift,0.0,357.0,2.0,82.8606380434285,-6.135873666876179,0.0
A2_leo_10km_drift,0.0,358.0,2.0,83.0687150071789,-6.160687666196374,0.0
A2_leo_10km_drift,0.0,359.0,2.0,83.27653839871206,-6.1843818467473,0.0
A2_leo_10km_drift,0.0,360.0,2.0,83.48408843230297,-6.206921208830707,0.0
A2_leo_10km_drift,1.0,0.0,2.0,10.189288204268129,0.0,0.0
A2_leo_10km_drift,1.0,1.0,2.0,10.389374206513766,0.004022472324116677,0.0
A2_leo_10km_drift,1.0,2.0,2.0,10.589562610385757,0.015564327674688627,0.0
A2_leo_10km_drift,1.0,3.0,2.0,10.789843133652916,0.033862219958269435,0.0
A2_leo_10km_drift,1.0,4.0,2.0,10.990206342976686,0.058184126270344194,0.0
A2_leo_10km_drift,1.0,5.0,2.0,11.19064361762792,0.08782720668731869,0.0
A2_leo_10km_drift,1.0,6.0,2.0,11.391147117215658,0.12211604620793182,0.0
A2_leo_10km_drift,1.0,7.0,2.0,11.591709752728057,0.16040123048011168,0.0
A2_leo_10km_drift,1.0,8.0,2.0,11.792325160186751,0.20205820441265843,0.0
A2_leo_10km_drift,1.0,9.0,2.0,11.992987676390213,0.24648637746604862,0.0
A2_leo_10km_drift,1.0,10.0,2.0,12.193692316176856,0.2931084380128901,0.0
A2_leo_10km_drift,1.0,11.0,2.0,12.394434750845535,0.34136984646382373,0.0
A2_leo_10km_drift,1.0,12.0,2.0,12.595211287264222,0.39073847928650096,0.0
A2_leo_10km_drift,1.0,13.0,2.0,12.796018847426781,0.4407044020910966,0.0
A2_leo_10km_drift,1.0,14.0,2.0,12.996854948074855,0.49077974681832615,0.0
A2_leo_10km_drift,1.0,15.0,2.0,13.197717680212476,0.5404986766608388,0.0
A2_leo_10km_drift,1.0,16.0,2.0,13.398605688275685,0.5894174218887827,0.0
A2_leo_10km_drift,1.0,17.0,2.0,13.599518148773111,0.6371143692707193,0.0
A2_leo_10km_drift,1.0,18.0,2.0,13.800454748283734,0.6831901934543083,0.0
A2_leo_10km_drift,1.0,19.0,2.0,14.001415660663808,0.727268016028848,0.0
A2_leo_10km_drift,1.0,20.0,2.0,14.202401523427477,0.7689935846735274,0.0
A2_leo_10km_drift,1.0,21.0,2.0,14.403413413170867,0.8080354568340553,0.0
A2_leo_10km_drift,1.0,22.0,2.0,14.604452820071579,0.8440851847937303,0.0
A2_leo_10km_drift,1.0,23.0,2.0,14.8055216214009,0.8768574894726378,0.0
A2_leo_10km_drift,1.0,24.0,2.0,15.00662205405704,0.9060904164370776,0.0
A2_leo_10km_drift,1.0,25.0,2.0,15.207756686170537,0.9315454699043713,0.0
A2_leo_10km_drift,1.0,26.0,2.0,15.408928387775964,0.9530077143220517,0.0
A2_leo_10km_drift,1.0,27.0,2.0,15.610140300627013,0.970285841900953,0.0
A2_leo_10km_drift,1.0,28.0,2.0,15.811395807217766,0.983212197769312,0.0
A2_leo_10km_drift,1.0,29.0,2.0,16.012698499077832,0.9916427619591772,0.0
A2_leo_10km_drift,1.0,30.0,2.0,16.21405214445565,0.9954570803447638,0.0
A2_leo_10km_drift,1.0,31.0,2.0,16.41546065546457,0.9945581452286412,0.0
A2_leo_10km_drift,1.0,32.0,2.0,16.61692805479048,0.988872217803749,0.0
A2_leo_10km_drift,1.0,33.0,2.0,16.81845844213392,0.9783485966763372,0.0
A2_leo_10km_drift,1.0,34.0,2.0,17.020055960448666,0.9629593229716349,0.0
A2_leo_10km_drift,1.0,35.0,2.0,17.221724762106255,0.9426988272922543,0.0
A2_leo_10km_drift,1.0,36.0,2.0,17.42346897522176,0.9175835120900366,0.0
A2_leo_10km_drift,1.0,37.0,2.0,17.636285302477773,2.5525061565669915,1.6649894430837975
A2_leo_10km_drift,1.0,38.0,2.0,17.857263031937688,4.106307414418087,3.253678829786555
A2_leo_10km_drift,1.0,39.0,2.0,18.086307745290796,5.572328187985587,4.7593599172612855
A2_leo_10km_drift,1.0,40.0,2.0,18.323287141813328,6.944807021870503,6.176200292601131
A2_leo_10km_drift,1.0,41.0,2.0,18.568032026572684,8.218899602074003,7.499261853371131
A2_leo_10km_drift,1.0,42.0,2.0,18.820337469110086,9.390682845238807,8.724504448262671
A2_leo_10km_drift,1.0,43.0,2.0,19.07996411703977,10.457144673548857,9.848775327472303
A2_leo_10km_drift,1.0,44.0,2.0,19.346639648608438,11.416160851550394,10.869785967677181
A2_leo_10km_drift,1.0,45.0,2.0,19.620060349460584,12.266460490456765,11.786078240907827
A2_leo_10km_drift,1.0,46.0,2.0,19.89989279911446,13.007581960447823,12.596981096100635
A2_leo_10km_drift,1.0,47.0,2.0,20.185775653992916,13.63982101850425,13.302560001696051
A2_leo_10km_drift,1.0,48.0,2.0,20.477321514627402,14.164172958415655,13.90356058933806
A2_leo_10km_drift,1.0,49.0,2.0,20.774118865958524,14.582270538670006,14.401348458899399
A2_leo_10km_drift,1.0,50.0,2.0,21.075734080726544,14.896319326981988,14.79784696958708
A2_leo_10km_drift,1.0,51.0,2.0,21.38171347670244,15.10903197500646,15.095473472918286
A2_leo_10km_drift,1.0,52.0,2.0,21.691585419778377,15.223562759878018,15.297076445419222
A2_leo_10km_drift,1.0,53.0,2.0,22.004862465576334,15.243443552538594,15.405874105873352
A2_leo_10km_drift,1.0,54.0,2.0,22.321043532671442,15.172522187178572,15.425395051103852
A2_leo_10km_drift,1.0,55.0,2.0,22.639616101494198,15.014904016402042,15.359422553997248
A2_leo_10km_drift,1.0,56.0,2.0,22.96005843283254,14.774897261342623,15.21194240857282
A2_leo_10km_drift,1.0,57.0,2.0,23.281841800616448,14.45696259477458,14.987094414832924
A2_leo_10km_drift,1.0,58.0,2.0,23.60443273323897,14.065667251329295,14.689128995880818
A2_leo_10km_drift,1.0,59.0,2.0,23.9272952582664,13.605643811536172,14.322367808226044
A2_leo_10km_drift,1.0,60.0,2.0,24.249893144626483,13.081553709162641,13.891168937745224
A2_leo_10km_drift,1.0,61.0,2.0,24.571692137124693,12.498055384321027,13.399896994251037
A2_leo_10km_drift,1.0,62.0,2.0,24.892162176917633,11.859776964908253,12.852896540607173
A2_leo_10km_drift,1.0,63.0,2.0,25.21077960223576,11.171293253334103,12.254470797717243
A2_leo_10km_drift,1.0,64.0,2.0,25.52702932305684,10.437106770190052,11.60886357183788
A2_leo_10km_drift,1.0,65.0,2.0,25.840406962905448,9.661632576147383,10.920244568827009
A2_leo_10km_drift,1.0,66.0,2.0,26.150420961311212,8.849186549626076,10.192698394555055
A2_leo_10km_drift,1.0,67.0,2.0,26.456594629951965,8.003976798901746,9.430216469914487
A2_leo_10km_drift,1.0,68.0,2.0,26.75846815508171,7.130097883529363,8.636692289242909
A2_leo_10km_drift,1.0,69.0,2.0,27.05560053940749,6.231527509381163,7.815916585492744
A2_leo_10km_drift,1.0,70.0,2.0,27.347571475699933,5.312125377614052,6.971577502739024
A2_leo_10km_drift,1.0,71.0,2.0,27.633983145007406,4.37563388033313,6.107261851528545
A2_leo_10km_drift,1.0,72.0,2.0,27.91446193200531,3.425680341220705,5.226455100927119
A2_leo_10km_drift,1.0,73.0,2.0,28.188660050389,2.4657805140044786,4.332547099672013
A2_leo_10km_drift,1.0,74.0,2.0,28.456257070845094,1.4993430840144484,3.428834905562006
A2_leo_10km_drift,1.0,75.0,2.0,28.7169613450923,0.5296749093659514,2.518528492091221
A2_leo_10km_drift,1.0,76.0,2.0,28.970511318954824,-0.4400132218718156,1.6047556835361299
A2_leo_10km_drift,1.0,77.0,2.0,29.21667672821658,-1.4066005416277783,0.6905680343218812
A2_leo_10km_drift,1.0,78.0,2.0,29.455259671204267,-2.367050157493278,-0.22105276588302303
A2_leo_10km_drift,1.0,79.0,2.0,29.68609555247085,-3.3184030057338276,-1.12718962630165
A2_leo_10km_drift,1.0,80.0,2.0,29.909053892257557,-4.257772069668153,-2.0249842796733475
A2_leo_10km_drift,1.0,81.0,2.0,30.124038997210576,-5.182337029639328,-2.9116328097669175
A2_leo_10km_drift,1.0,82.0,2.0,30.33099048784806,-6.089339492802104,-3.7843803172803447
A2_leo_10km_drift,1.0,83.0,2.0,30.529883679495992,-6.9760789357440345,-4.640517476512951
A2_leo_10km_drift,1.0,84.0,2.0,30.720729813255463,-7.839909492051156,-5.477377944994366
A2_leo_10km_drift,1.0,85.0,2.0,30.90357613468418,-8.678237699000668,-6.292335690213591
A2_leo_10km_drift,1.0,86.0,2.0,31.07850581829346,-9.48852130520983,-7.082804496497452
A2_leo_10km_drift,1.0,87.0,2.0,31.24563773661073,-10.268269238317806,-7.846237968459846
A2_leo_10km_drift,1.0,88.0,2.0,31.405126073213427,-11.015042810611497,-8.580130973123268
A2_leo_10km_drift,1.0,89.0,2.0,31.55715977964063,-11.726458234019965,-9.282022408036994
A2_leo_10km_drift,1.0,90.0,2.0,31.70196187715506,-12.400190499183061,-9.949499404540596
A2_leo_10km_drift,1.0,91.0,2.0,31.83978860431752,-13.033978659271472,-10.580202885259293
A2_leo_10km_drift,1.0,92.0,2.0,31.970928412577056,-13.625632541100607,-11.171834377437406
A2_leo_10km_drift,1.0,93.0,2.0,32.09570081256558,-14.173040888602273,-11.722164527195655
A2_leo_10km_drift,1.0,94.0,2.0,32.21445507397924,-14.674180919740376,-12.229043196433587
A2_leo_10km_drift,1.0,95.0,2.0,32.32756878343215,-15.127129259189243,-12.690410733916302
A2_leo_10km_drift,1.0,96.0,2.0,32.43544626428742,-15.530074178490505,-13.104310092817872
A2_leo_10km_drift,1.0,97.0,2.0,32.538516863938725,-15.881329052441995,-13.468901752271112
A2_leo_10km_drift,1.0,98.0,2.0,32.63723311439187,-16.179346910875303,-13.782477685008843
A2_leo_10km_drift,1.0,99.0,2.0,32.73206877193499,-16.422735926164833,-14.043478332931514
A2_leo_10km_drift,1.0,100.0,2.0,32.8235167437356,-16.61027566318829,-14.250508500332604
A2_leo_10km_drift,1.0,101.0,2.0,32.912086908336896,-16.740933863470087,-14.40235588094163
A2_leo_10km_drift,1.0,102.0,2.0,32.99830383870558,-16.81388352207369,-14.498007966551985
A2_leo_10km_drift,1.0,103.0,2.0,33.082704436635936,-16.82851997692625,-14.536669876154651
A2_leo_10km_drift,1.0,104.0,2.0,33.165835488127016,-16.784477703236877,-14.517782465678142
A2_leo_10km_drift,1.0,105.0,2.0,33.24825114995123,-16.681646481641277,-14.441038760796943
A2_leo_10km_drift,1.0,106.0,2.0,33.33051037829701,-16.52018658834109,-14.306399948494253
A2_leo_10km_drift,1.0,107.0,2.0,33.413174311097244,-16.300542642923244,-14.11411055431877
A2_leo_10km_drift,1.0,108.0,2.0,33.49680361625552,-16.023455737911085,-13.864710877217412
A2_leo_10km_drift,1.0,109.0,2.0,33.581955818458184,-15.689973482777564,-13.559047860382645
A2_leo_10km_drift,1.0,110.0,2.0,33.66918261811246,-15.301457596273771,-13.198283902202679
A2_leo_10km_drift,1.0,111.0,2.0,33.7590272163937,-14.859588707110571,-12.783902165736105
A2_leo_10km_drift,1.0,112.0,2.0,33.852021660694845,-14.366368054189227,-12.317708854928
A2_leo_10km_drift,1.0,113.0,2.0,33.94868422539813,-13.824115810932902,-11.801832842513793
A2_leo_10km_drift,1.0,114.0,2.0,34.04951684322217,-13.235465818052017,-11.238720903099964
A2_leo_10km_drift,1.0,115.0,2.0,34.15500260216679,-12.603356569221624,-10.631129275079587
A2_leo_10km_drift,1.0,116.0,2.0,34.26560332376751,-11.931018353129375,-9.982111664583737
A2_leo_10km_drift,1.0,117.0,2.0,34.381757237606976,-11.221956548026935,-9.295003241791555
A2_leo_10km_drift,1.0,118.0,2.0,34.50387676735754,-10.479931132969966,-8.573400528812947
A2_leo_10km_drift,1.0,119.0,2.0,34.63234644251379,-9.708932575192009,-7.821138215991397
A2_leo_10km_drift,1.0,120.0,2.0,34.767520950077504,-8.913154322888417,-7.042262240366082
A2_leo_10km_drift,1.0,121.0,2.0,34.90972333910819,-8.096962230404348,-6.240999573325912
A2_leo_10km_drift,1.0,122.0,2.0,35.05924338989505,-7.264861313789783,-5.421725545807998
A2_leo_10km_drift,1.0,123.0,2.0,35.21633615913582,-6.421460294128156,-4.588928998847219
A2_leo_10km_drift,1.0,124.0,2.0,35.381220710313315,-5.571434454198165,-3.7471758989182646
A2_leo_10km_drift,1.0,125.0,2.0,35.55407903730474,-4.7194873794667025,-2.9010711196000294
A2_leo_10km_drift,1.0,126.0,2.0,35.73505518779183,-3.870312171876833,-2.0552204584589617
A2_leo_10km_drift,1.0,127.0,2.0,35.92425459124657,-3.0285527544209323,-1.2141924115587344
A2_leo_10km_drift,1.0,128.0,2.0,36.12174359444761,-2.1987658706459356,-0.3824802950096462
A2_leo_10km_drift,1.0,129.0,2.0,36.32754920591296,-1.3853843710727176,0.43553374961646796
A2_leo_10km_drift,1.0,130.0,2.0,36.541659049005965,-0.5926823449504681,1.235613426264326
A2_leo_10km_drift,1.0,131.0,2.0,36.764021521389466,0.17525739965051912,2.013700564129195
A2_leo_10km_drift,1.0,132.0,2.0,36.99454615734201,0.9145730505624172,2.7659444310161874
A2_leo_10km_drift,1.0,133.0,2.0,37.233104187964834,1.621650332532809,3.4887283064968244
A2_leo_10km_drift,1.0,134.0,2.0,37.47952929251999,2.2931455650718746,4.178692389637639
A2_leo_10km_drift,1.0,135.0,2.0,37.7336185337129,2.9260050247397196,4.832753088994224
A2_leo_10km_drift,1.0,136.0,2.0,37.99513346776232,3.517480473217205,5.448118900043042
A2_leo_10km_drift,1.0,137.0,2.0,38.26380142027733,4.065140801669642,6.022301930091789
A2_leo_10km_drift,1.0,138.0,2.0,38.539316917592465,4.566879817176073,6.553126196296333
A2_leo_10km_drift,1.0,139.0,2.0,38.82134326221234,5.020920274135143,7.03873219383766
A2_leo_10km_drift,1.0,140.0,2.0,39.109514242659834,5.425814315295874,7.477577316650219
A2_leo_10km_drift,1.0,141.0,2.0,39.403435965081655,5.780440552064281,7.868434293067494
A2_leo_10km_drift,1.0,142.0,2.0,39.70268879585516,6.083998050856021,8.210385149571398
A2_leo_10km_drift,1.0,143.0,2.0,40.00682940353525,6.335997541094152,8.502814016216664
A2_leo_10km_drift,1.0,144.0,2.0,40.31539288944866,6.536250174193903,8.745395690542335
A2_leo_10km_drift,1.0,145.0,2.0,40.62789499453872,6.684854195865064,8.938084043783157
A2_leo_10km_drift,1.0,146.0,2.0,40.94383437298169,6.782179879977868,9.081097759481516
A2_leo_10km_drift,1.0,147.0,2.0,41.26269492058285,6.8288530932876235,9.174904768841863
A2_leo_10km_drift,1.0,148.0,2.0,41.58394814876983,6.825737829591727,9.220205800366088
A2_leo_10km_drift,1.0,149.0,2.0,41.90705559289416,6.773918050883232,9.217917415414334
A2_leo_10km_drift,1.0,150.0,2.0,42.23147124573847,6.6746791442948705,9.169154263342971
A2_leo_10km_drift,1.0,151.0,2.0,42.55664400656998,6.529489275854505,9.075212003847088
A2_leo_10km_drift,1.0,152.0,2.0,42.88202013604048,6.339980900201159,8.93754900784316
A2_leo_10km_drift,1.0,153.0,2.0,43.20704570817823,6.107932644289882,8.757770298638334
A2_leo_10km_drift,1.0,154.0,2.0,43.53116905051634,5.835251766113547,8.537609608445962
A2_leo_10km_drift,1.0,155.0,2.0,43.85384316331714,5.523957336403207,8.278914619604727
A2_leo_10km_drift,1.0,156.0,2.0,44.17452811011911,5.176164279603324,7.983631766272037
A2_leo_10km_drift,1.0,157.0,2.0,44.49269337009781,4.794068369539328,7.653791048595426
A2_leo_10km_drift,1.0,158.0,2.0,44.80782014504746,4.379932252014829,7.291493836392604
A2_leo_10km_drift,1.0,159.0,2.0,45.11940361228606,3.9360725302177713,6.8989003000927696
A2_leo_10km_drift,1.0,160.0,2.0,45.426955115461645,3.4648479425540835,6.47821789942471
A2_leo_10km_drift,1.0,161.0,2.0,45.73000428574714,2.96864862206192,6.031691709298848
A2_leo_10km_drift,1.0,162.0,2.0,46.028101085137166,2.4498864228186257,5.561594564343242
A2_leo_10km_drift,1.0,163.0,2.0,46.32081776502818,1.9109862656812027,5.070219881436078
A2_leo_10km_drift,1.0,164.0,2.0,46.607750731964785,1.3543784694247663,4.559873096857459
A2_leo_10km_drift,1.0,165.0,2.0,46.8885223136125,0.7824919830814459,4.032866684025915
A2_leo_10km_drift,1.0,166.0,2.0,47.162782418135244,0.19774846227660348,3.4915127166175175
A2_leo_10km_drift,1.0,167.0,2.0,47.43021008000295,-0.39744289825716095,2.9381197198827813
A2_leo_10km_drift,1.0,168.0,2.0,47.69051488593934,-1.0006898599748126,2.3749871715272874
A2_leo_10km_drift,1.0,169.0,2.0,47.94343827463697,-1.6096210521880927,1.804402311959663
A2_leo_10km_drift,1.0,170.0,2.0,48.18875470488347,-2.2218893958312336,1.2286366426761397
A2_leo_10km_drift,1.0,171.0,2.0,48.42627268637861,-2.835175128738321,0.6499429089701358
A2_leo_10km_drift,1.0,172.0,2.0,48.65583566853638,-3.4471885275650926,0.07055275444400877
A2_leo_10km_drift,1.0,173.0,2.0,48.87732278239804,-4.0556724199980465,-0.5073262038903792
A2_leo_10km_drift,1.0,174.0,2.0,49.09064943230152,-4.658404574277242,-1.081512273656049
A2_leo_10km_drift,1.0,175.0,2.0,49.29576773357754,-5.253200051772655,-1.6498526380450684
A2_leo_10km_drift,1.0,176.0,2.0,49.49266679285718,-5.8379136100805695,-2.210224984762199
A2_leo_10km_drift,1.0,177.0,2.0,49.681372829968595,-6.410442230214031,-2.7605410828255295
A2_leo_10km_drift,1.0,178.0,2.0,49.86194913838907,-6.9687278396743935,-3.298748780050431
A2_leo_10km_drift,1.0,179.0,2.0,50.034495884253964,-7.510760299920705,-3.822835231062971
A2_leo_10km_drift,1.0,180.0,2.0,50.19914974290326,-8.034580716484108,-4.33083064331008
A2_leo_10km_drift,1.0,181.0,2.0,50.356083373703584,-8.538285118869116,-4.82081185551797
A2_leo_10km_drift,1.0,182.0,2.0,50.50550473414328,-9.020028557556348,-5.290906415546637
A2_leo_10km_drift,1.0,183.0,2.0,50.64765623396052,-9.47802964571487,-5.739297717856751
A2_leo_10km_drift,1.0,184.0,2.0,50.7828137334005,-9.910575571947966,-6.164229579148639
A2_leo_10km_drift,1.0,185.0,2.0,50.9112853868572,-10.316027592914168,-6.5640126607662275
A2_leo_10km_drift,1.0,186.0,2.0,51.03341033699447,-10.69282700606422,-6.937029875171419
A2_leo_10km_drift,1.0,187.0,2.0,51.14955726302142,-11.03950159004441,-7.281743590972667
A2_leo_10km_drift,1.0,188.0,2.0,51.2601227887783,-11.354672487504658,-7.596702768561947
A2_leo_10km_drift,1.0,189.0,2.0,51.365529755859235,-11.637061487666855,-7.8805503006149635
A2_leo_10km_drift,1.0,190.0,2.0,51.46622536903237,-11.885498661418303,-8.132030876286223
A2_leo_10km_drift,1.0,191.0,2.0,51.562679220392674,-12.098930274130115,-8.349999697456756
A2_leo_10km_drift,1.0,192.0,2.0,51.65538120040114,-12.276426902666948,-8.533430205384551
A2_leo_10km_drift,1.0,193.0,2.0,51.744839304134636,-12.417191652328352,-8.681423202369754
A2_leo_10km_drift,1.0,194.0,2.0,51.8315773419795,-12.52056837736193,-8.793215645375163
A2_leo_10km_drift,1.0,195.0,2.0,51.91613256385193,-12.586049770025198,-8.868188555015255
A2_leo_10km_drift,1.0,196.0,2.0,51.999053207739465,-12.61328519926197,-8.90587571945467
A2_leo_10km_drift,1.0,197.0,2.0,52.08089598293811,-12.602088148236046,-8.905971253188927
A2_leo_10km_drift,1.0,198.0,2.0,52.162223499260094,-12.552443109763445,-8.868337304969831
A2_leo_10km_drift,1.0,199.0,2.0,52.24360165414456,-12.464511779392673,-8.793010739498897
A2_leo_10km_drift,1.0,200.0,2.0,52.32559698954833,-12.33863839252436,-8.680208567015235
A2_leo_10km_drift,1.0,201.0,2.0,52.40877403145528,-12.175354052444298,-8.530333188784489
A2_leo_10km_drift,1.0,202.0,2.0,52.493692624792025,-11.97537989271824,-8.3439761685411
A2_leo_10km_drift,1.0,203.0,2.0,52.580905277054164,-11.739628933746804,-8.121920149353201
A2_leo_10km_drift,1.0,204.0,2.0,52.67095452402607,-11.469206504341578,-7.865140150958183
A2_leo_10km_drift,1.0,205.0,2.0,52.76437033141732,-11.165409101137058,-7.574803374100991
A2_leo_10km_drift,1.0,206.0,2.0,52.86166754580374,-10.829721597464204,-7.2522654970486045
A2_leo_10km_drift,1.0,207.0,2.0,52.9633434088613,-10.463812723433108,-6.899068635485062
A2_leo_10km_drift,1.0,208.0,2.0,53.069875148446535,-10.06952875973166,-6.516934447745815
A2_leo_10km_drift,1.0,209.0,2.0,53.18171765977683,-9.64888543630149,-6.107756471164016
A2_leo_10km_drift,1.0,210.0,2.0,53.29930128985375,-9.204058030394258,-5.673591663461153
A2_leo_10km_drift,1.0,211.0,2.0,53.42302973793282,-8.73736971611594,-5.216648122303269
A2_leo_10km_drift,1.0,212.0,2.0,53.553278083955306,-8.251278226778958,-4.739273300748081
A2_leo_10km_drift,1.0,213.0,2.0,53.690390956295666,-7.748360950002198,-4.243938813471626
A2_leo_10km_drift,1.0,214.0,2.0,53.834680850102465,-7.231298578417533,-3.733225087114267
A2_leo_10km_drift,1.0,215.0,2.0,53.98642660507384,-6.702857493681602,-3.2098041306989344
A2_leo_10km_drift,1.0,216.0,2.0,54.14587205236131,-6.165871070335616,-2.676421054553124
A2_leo_10km_drift,1.0,217.0,2.0,54.3132248378133,-5.623220123867956,-2.1358752682880677
A2_leo_10km_drift,1.0,218.0,2.0,54.48865542838237,-5.077812730691189,-1.5910005268735539
A2_leo_10km_drift,1.0,219.0,2.0,54.67229630687561,-4.5325636775221945,-1.0446448123953012
A2_leo_10km_drift,1.0,220.0,2.0,54.864241359374546,-3.9903737955846452,-0.4996500887415323
A2_leo_10km_drift,1.0,221.0,2.0,55.064545457678854,-3.454109440565567,0.041168021581494685
A2_leo_10km_drift,1.0,222.0,2.0,55.273224238911574,-2.9265823817556935,0.5750399313941834
A2_leo_10km_drift,1.0,223.0,2.0,55.49025408160293,-2.4105303464208028,1.0992613950584484
A2_leo_10km_drift,1.0,224.0,2.0,55.71557227780608,-1.9085984598992134,1.611211831670456
A2_leo_10km_drift,1.0,225.0,2.0,55.94907739839838,-1.4233217976444834,2.10837153031207
A2_leo_10km_drift,1.0,226.0,2.0,56.19062984832758,-0.957109246902732,2.5883379349327384
A2_leo_10km_drift,1.0,227.0,2.0,56.44005260640349,-0.5122288452605872,3.04883993401317
A2_leo_10km_drift,1.0,228.0,2.0,56.697132144894724,-0.09079473483541989,3.4877512397661903
A2_leo_10km_drift,1.0,229.0,2.0,56.961619521140285,0.30524415777488656,3.903101371968809
A2_leo_10km_drift,1.0,230.0,2.0,57.23323163424156,0.6741136423968896,4.2930858732890265
A2_leo_10km_drift,1.0,231.0,2.0,57.51165263837798,1.0142219428503907,4.656073519041293
A2_leo_10km_drift,1.0,232.0,2.0,57.7965355031724,1.3241655198172886,4.990612940175332
A2_leo_10km_drift,1.0,233.0,2.0,58.087503712731454,1.6027330605110635,5.2954366355510984
A2_leo_10km_drift,1.0,234.0,2.0,58.38415309217158,1.8489076792942427,5.569463350795445
A2_leo_10km_drift,1.0,235.0,2.0,58.68605375159842,2.0618674058821007,5.811799427124065
A2_leo_10km_drift,1.0,236.0,2.0,58.992752137808104,2.2409840532873204,6.0217381010923
A2_leo_10km_drift,1.0,237.0,2.0,59.30377318105718,2.3858205838407365,6.198756512660886
A2_leo_10km_drift,1.0,238.0,2.0,59.61862252823324,2.4961270992123197,6.3425136801553705
A2_leo_10km_drift,1.0,239.0,2.0,59.936788849374565,2.5718355974948537,6.452844218346687
A2_leo_10km_drift,1.0,240.0,2.0,60.25774620806799,2.6130536455184483,6.529754016660672
A2_leo_10km_drift,1.0,241.0,2.0,60.580956483865535,2.62005712338631,6.573412787758137
A2_leo_10km_drift,1.0,242.0,2.0,60.90587183655465,2.593282185429757,6.5841468863210295
A2_leo_10km_drift,1.0,243.0,2.0,61.23193720065808,2.533316606378566,6.562431081371223
A2_leo_10km_drift,1.0,244.0,2.0,61.5585928007521,2.4408906388146967,6.508880820293328
A2_leo_10km_drift,1.0,245.0,2.0,61.88527667621685,2.316867542359713,6.424242209907227
A2_leo_10km_drift,1.0,246.0,2.0,62.21142720539102,2.1622339035056726,6.309383914936628
A2_leo_10km_drift,1.0,247.0,2.0,62.53648561938525,1.9780898645587186,6.165288077027764
A2_leo_10km_drift,1.0,248.0,2.0,62.859898494733976,1.765639386174911,5.99303999345091
A2_leo_10km_drift,1.0,249.0,2.0,63.18112021632502,1.526180620966766,5.793820528539051
A2_leo_10km_drift,1.0,250.0,2.0,63.49961540027062,1.26109648565631,5.568896606018114
A2_leo_10km_drift,1.0,251.0,2.0,63.814861266932795,0.9718455214255961,5.319612330751511
A2_leo_10km_drift,1.0,252.0,2.0,64.12634995676437,0.659953063818719,5.047381387528471
A2_leo_10km_drift,1.0,253.0,2.0,64.43359077739161,0.32700280075514954,4.753677980142701
A2_leo_10km_drift,1.0,254.0,2.0,64.73611237567678,-0.025371271620500124,4.440030820524576
A2_leo_10km_drift,1.0,255.0,2.0,65.03346482486347,-0.39549246831382945,4.108014127190973
A2_leo_10km_drift,1.0,256.0,2.0,65.32522161865658,-0.7816485862250921,3.7592424781087708
A2_leo_10km_drift,1.0,257.0,2.0,65.61098156528544,-1.1820986578916504,3.3953632188774563
A2_leo_10km_drift,1.0,258.0,2.0,65.89037057261403,-1.5950792624184196,3.0180509867019367
A2_leo_10km_drift,1.0,259.0,2.0,66.16304331779946,-2.0188104321219313,2.6290022596313634
A2_leo_10km_drift,1.0,260.0,2.0,66.42868479448359,-2.4515011697197053,2.229929332795866
A2_leo_10km_drift,1.0,261.0,2.0,66.68701173060524,-2.89135460684653,1.8225566985203834
A2_leo_10km_drift,1.0,262.0,2.0,66.93777387078582,-3.336572835583862,1.4086147692773388
A2_leo_10km_drift,1.0,263.0,2.0,67.18075511803386,-3.7853614597200824,0.989836819574208
A2_leo_10km_drift,1.0,264.0,2.0,67.41577452863903,-4.2359338873407815,0.5679545560210997
A2_leo_10km_drift,1.0,265.0,2.0,67.64268715618715,-4.6865154309228,0.14469343569700754
A2_leo_10km_drift,1.0,266.0,2.0,67.86138474048508,-5.135347238884869,-0.2782302933574954
A2_leo_10km_drift,1.0,267.0,2.0,68.0717962372023,-5.580690115746023,-0.6991136347846982
A2_leo_10km_drift,1.0,268.0,2.0,68.2738881862499,-6.020828261893207,-1.1162709926111347
A2_leo_10km_drift,1.0,269.0,2.0,68.46766491476292,-6.454072990954796,-1.5280369318206866
A2_leo_10km_drift,1.0,270.0,2.0,68.6531685751325,-6.878766449241791,-1.932770714113019
A2_leo_10km_drift,1.0,271.0,2.0,68.83047901497852,-7.293285382192316,-2.328859701139052
A2_leo_10km_drift,1.0,272.0,2.0,68.99971347998274,-7.696044983318551,-2.7147231992947773
A2_leo_10km_drift,1.0,273.0,2.0,69.16102614905887,-8.085502849189297,-3.0888165942073442
A2_leo_10km_drift,1.0,274.0,2.0,69.31460750375031,-8.460163071562832,-3.4496353631348065
A2_leo_10km_drift,1.0,275.0,2.0,69.46068353250232,-8.818580482909066,-3.7957197448088564
A2_leo_10km_drift,1.0,276.0,2.0,69.59951477325703,-9.159365069649095,-4.125658413162814
A2_leo_10km_drift,1.0,277.0,2.0,69.73139519661179,-9.48118656152186,-4.438094446103769
A2_leo_10km_drift,1.0,278.0,2.0,69.85665093520096,-9.782779198987068,-4.731728895274401
A2_leo_10km_drift,1.0,279.0,2.0,69.97563886108799,-10.062946667304562,-5.005326764491613
A2_leo_10km_drift,1.0,280.0,2.0,70.08874501990894,-10.320567190302832,-5.257722036160928
A2_leo_10km_drift,1.0,281.0,2.0,70.19638292516912,-10.554598756030487,-5.487823106249845
A2_leo_10km_drift,1.0,282.0,2.0,70.29899172057159,-10.764084446949429,-5.694617780577005
A2_leo_10km_drift,1.0,283.0,2.0,70.39703421832014,-10.948157837630479,-5.877179865328763
A2_leo_10km_drift,1.0,284.0,2.0,70.4909948201815,-11.106048412004021,-6.034674003748908
A2_leo_10km_drift,1.0,285.0,2.0,70.58137733151047,-11.237086950140807,-6.166361962297806
A2_leo_10km_drift,1.0,286.0,2.0,70.66870267605887,-11.340710820094024,-6.271607376461041
A2_leo_10km_drift,1.0,287.0,2.0,70.75350652313912,-11.416469109915006,-6.349882143835028
A2_leo_10km_drift,1.0,288.0,2.0,70.83633683584021,-11.464027527454235,-6.400770888471907
A2_leo_10km_drift,1.0,289.0,2.0,70.91775135270437,-11.483172985260914,-6.423975772947177
A2_leo_10km_drift,1.0,290.0,2.0,70.99831501376522,-11.473817797331254,-6.419322223136348
A2_leo_10km_drift,1.0,291.0,2.0,71.07859734214763,-11.43600338939521,-6.386761444108213
A2_leo_10km_drift,1.0,292.0,2.0,71.15916979478028,-11.369903452853158,-6.3263751467239615
A2_leo_10km_drift,1.0,293.0,2.0,71.24060309331475,-11.27582643981162,-6.238377390778815
A2_leo_10km_drift,1.0,294.0,2.0,71.32346454932207,-11.154217332688177,-6.123118022631324
A2_leo_10km_drift,1.0,295.0,2.0,71.40831539614295,-11.00565859741387,-5.981082395559945
A2_leo_10km_drift,1.0,296.0,2.0,71.4957081401821,-10.830870246988589,-5.812893467357139
A2_leo_10km_drift,1.0,297.0,2.0,71.58618394617358,-10.630708962897195,-5.6193102286332675
A2_leo_10km_drift,1.0,298.0,2.0,71.68027006803969,-10.406166199339317,-5.401226863417374
A2_leo_10km_drift,1.0,299.0,2.0,71.77847734012303,-10.158365242728618,-5.159669890416829
A2_leo_10km_drift,1.0,300.0,2.0,71.8812977401718,-9.88855718572923,-4.895794748598359
A2_leo_10km_drift,1.0,301.0,2.0,71.98920203861049,-9.598115802885498,-4.610880952733432
A2_leo_10km_drift,1.0,302.0,2.0,72.10263754484465,-9.288531327230842,-4.306326003239214
A2_leo_10km_drift,1.0,303.0,2.0,72.22202596388748,-8.96140314771543,-3.9836396862171775
A2_leo_10km_drift,1.0,304.0,2.0,72.34776137427725,-8.618431447374508,-3.6444348038902064
A2_leo_10km_drift,1.0,305.0,2.0,72.48020833772631,-8.261407856699154,-3.290418533819839
A2_leo_10km_drift,1.0,306.0,2.0,72.61970015221759,-7.892205165852317,-2.92338337336151
A2_leo_10km_drift,1.0,307.0,2.0,72.76653725603423,-7.512766197351084,-2.5451954471722438
A2_leo_10km_drift,1.0,308.0,2.0,72.92098579298384,-7.125091932170147,-2.1577834799786366
A2_leo_10km_drift,1.0,309.0,2.0,73.08327634533157,-6.731229006287975,-1.763126421459038
A2_leo_10km_drift,1.0,310.0,2.0,73.25360284206506,-6.333256700268297,-1.363240963075274
A2_leo_10km_drift,1.0,311.0,2.0,73.4321216472381,-5.933273565780883,-0.960168563421071
A2_leo_10km_drift,1.0,312.0,2.0,73.61895083325518,-5.533383822607263,-0.5559618167207958
A2_leo_10km_drift,1.0,313.0,2.0,73.81416964341574,-5.135683680697056,-0.15267134989294107
A2_leo_10km_drift,1.0,314.0,2.0,74.01781814407481,-4.742247738492189,0.24766766692074782
A2_leo_10km_drift,1.0,315.0,2.0,74.22989706954698,-4.355115602135307,0.6430486662738488
A2_leo_10km_drift,1.0,316.0,2.0,74.45036785859482,-3.9762788722583764,1.0315065142076918
A2_leo_10km_drift,1.0,317.0,2.0,74.6791528810846,-3.6076686409667325,1.411129810903411
A2_leo_10km_drift,1.0,318.0,2.0,74.91613585420296,-3.2511436216329237,1.7800727270751437
A2_leo_10km_drift,1.0,319.0,2.0,75.16116244281584,-2.9084790355939916,2.136566140233498
A2_leo_10km_drift,1.0,320.0,2.0,75.41404104103742,-2.58135635690504,2.4789275846468506
A2_leo_10km_drift,1.0,321.0,2.0,75.67454372964147,-2.2713540063890036,2.80557087631772
A2_leo_10km_drift,1.0,322.0,2.0,75.94240740220447,-1.9799390655390603,3.11501390416824
A2_leo_10km_drift,1.0,323.0,2.0,76.2173350543143,-1.7084600720442822,3.4058869878048625
A2_leo_10km_drift,1.0,324.0,2.0,76.4989972274731,-1.458140926920315,3.6769377336023368
A2_leo_10km_drift,1.0,325.0,2.0,76.78703359917138,-1.2300759442460674,3.9270375692472825
A2_leo_10km_drift,1.0,326.0,2.0,77.08105471017153,-1.025226039599314,4.155184366879894
A2_leo_10km_drift,1.0,327.0,2.0,77.38064382091257,-0.8444160505236553,4.3605066821630345
A2_leo_10km_drift,1.0,328.0,2.0,77.68535888469974,-0.6883331590827879,4.542264375789973
A2_leo_10km_drift,1.0,329.0,2.0,77.99473462984487,-0.5575263781252282,4.699850897425861
A2_leo_10km_drift,1.0,330.0,2.0,78.30828473890946,-0.4524070445364181,4.832791313412965
A2_leo_10km_drift,1.0,331.0,2.0,78.6255041147641,-0.37325026150281104,4.940743425964289
A2_leo_10km_drift,1.0,332.0,2.0,78.94587122245385,-0.32019721378340193,5.023493687140945
A2_leo_10km_drift,1.0,333.0,2.0,79.26885049652086,-0.2932582795045491,5.08095597624747
A2_leo_10km_drift,1.0,334.0,2.0,79.59389480099875,-0.2923168533994769,5.113167623782111
A2_leo_10km_drift,1.0,335.0,2.0,79.92044793373283,-0.31713379996967106,5.120285716516904
A2_leo_10km_drift,1.0,336.0,2.0,80.24794716154697,-0.367352442303126,5.102582263322386
A2_leo_10km_drift,1.0,337.0,2.0,80.57582577649603,-0.4425040058957386,5.060439153959706
A2_leo_10km_drift,1.0,338.0,2.0,80.90351566203405,-0.5420134322320358,4.994343420186453
A2_leo_10km_drift,1.0,339.0,2.0,81.23044985844726,-0.6652054738300883,4.90488081182594
A2_leo_10km_drift,1.0,340.0,2.0,81.55606511674671,-0.8113110035048443,4.792730603497386
A2_leo_10km_drift,1.0,341.0,2.0,81.87980443038794,-0.9794734551848983,4.658658833044171
A2_leo_10km_drift,1.0,342.0,2.0,82.20111953470976,-1.1687553440311582,4.50351358858736
A2_leo_10km_drift,1.0,343.0,2.0,82.51947336409295,-1.3781447880165665,4.328217139653923
A2_leo_10km_drift,1.0,344.0,2.0,82.83434245665065,-1.6065619987637447,4.133761207504527
A2_leo_10km_drift,1.0,345.0,2.0,83.14521929620723,-1.8528656815717248,3.9212006215785244
A2_leo_10km_drift,1.0,346.0,2.0,83.4516145829458,-2.1158593102037493,3.691647011365262
A2_leo_10km_drift,1.0,347.0,2.0,83.75305942391613,-2.394297252859001,3.446263518693371
A2_leo_10km_drift,1.0,348.0,2.0,84.04910743227103,-2.686890714503676,3.186258998976399
A2_leo_10km_drift,1.0,349.0,2.0,84.33933672933038,-2.99231348796436,2.91288261399103
A2_leo_10km_drift,1.0,350.0,2.0,84.62335183925292,-3.3092074959970574,2.6274185929491267
A2_leo_10km_drift,1.0,351.0,2.0,84.90078546934306,-3.636188125458517,2.331180921078424
A2_leo_10km_drift,1.0,352.0,2.0,85.17130016772016,-3.971849349386325,2.0255093385479483
A2_leo_10km_drift,1.0,353.0,2.0,85.43458985223184,-4.3147686414322095,1.7117633725574066
A2_leo_10km_drift,1.0,354.0,2.0,85.69038120295836,-4.663511704034118,1.3913189215739585
A2_leo_10km_drift,1.0,355.0,2.0,85.93843491231804,-5.01663700517696,1.065562889815297
A2_leo_10km_drift,1.0,356.0,2.0,86.17854678777923,-5.372700154296695,0.7358903226299951
A2_leo_10km_drift,1.0,357.0,2.0,86.41054870070207,-5.730258130824062,0.40369892259395357
A2_leo_10km_drift,1.0,358.0,2.0,86.63430937817661,-6.087873385918208,0.07038606825382487
A2_leo_10km_drift,1.0,359.0,2.0,86.8497350325695,-6.444117841455377,-0.26265578788020605
A2_leo_10km_drift,1.0,360.0,2.0,87.05676982645845,-6.797576804963512,-0.5940421963126497
A3_leo_100km,0.0,0.0,2.0,101.61433918643861,0.0,0.0
A3_leo_100km,0.0,1.0,2.0,103.61329851840584,0.04152849130667491,0.0
A3_leo_100km,0.0,2.0,2.0,105.61144813600593,0.1609620339171336,0.0
A3_leo_100km,0.0,3.0,2.0,107.6086022533655,0.3508471221200793,0.0
A3_leo_100km,0.0,4.0,2.0,109.604594071682,0.6040732735193011,0.0
A3_leo_100km,0.0,5.0,2.0,111.59927608332642,0.9138471995582265,0.0
A3_leo_100km,0.0,6.0,2.0,113.59252035101294,1.2736699161934872,0.0
A3_leo_100km,0.0,7.0,2.0,115.58421874935212,1.677316481767832,0.0
A3_leo_100km,0.0,8.0,2.0,117.57428315767443,2.118818099334785,0.0
A3_leo_100km,0.0,9.0,2.0,119.562645594547,2.592446361652012,0.0
A3_leo_100km,0.0,10.0,2.0,121.54925828580748,3.092699451673564,0.0
A3_leo_100km,0.0,11.0,2.0,123.53409365934941,3.614290139171139,0.0
A3_leo_100km,0.0,12.0,2.0,125.5171442611728,4.152135437407001,0.0
A3_leo_100km,0.0,13.0,2.0,127.49842258848007,4.7013478015083265,0.0
A3_leo_100km,0.0,14.0,2.0,129.47796083676604,5.25722776554538,0.0
A3_leo_100km,0.0,15.0,2.0,131.45581055897168,5.815257926014894,0.0
A3_leo_100km,0.0,16.0,2.0,133.43204223581017,6.371098188217683,0.0
A3_leo_100km,0.0,17.0,2.0,135.40674475736765,6.920582197895708,0.0
A3_leo_100km,0.0,18.0,2.0,137.38002481695153,7.45971488470909,0.0
A3_leo_100km,0.0,19.0,2.0,139.35200621901336,7.984671046168401,0.0
A3_leo_100km,0.0,20.0,2.0,141.32282910369437,8.491794901512417,0.0
A3_leo_100km,0.0,21.0,2.0,143.2926490912636,8.977600544655573,0.0
A3_leo_100km,0.0,22.0,2.0,145.26163635022067,9.438773223227948,0.0
A3_leo_100km,0.0,23.0,2.0,147.2299745934887,9.872171369346816,0.0
A3_leo_100km,0.0,24.0,2.0,149.19786000737795,10.27482930335255,0.0
A3_leo_100km,0.0,25.0,2.0,151.165500118636,10.64396052950034,0.0
A3_leo_100km,0.0,26.0,2.0,153.133112604871,10.976961537536134,0.0
A3_leo_100km,0.0,27.0,2.0,155.10092405422722,11.271416020852243,0.0
A3_leo_100km,0.0,28.0,2.0,157.06916868011587,11.525099417149853,0.0
A3_leo_100km,0.0,29.0,2.0,159.03808699697805,11.735983673733408,0.0
A3_leo_100km,0.0,30.0,2.0,161.00792446331783,11.90224213581681,0.0
A3_leo_100km,0.0,31.0,2.0,162.97893009801044,12.022254452940473,0.0
A3_leo_100km,0.0,32.0,2.0,164.95135507607114,12.094611395393251,0.0
A3_leo_100km,0.0,33.0,2.0,166.92545131001282,12.118119471089539,0.0
A3_leo_100km,0.0,34.0,2.0,168.90147002279787,12.091805231545294,0.0
A3_leo_100km,0.0,35.0,2.0,170.87966031837948,12.01491915583297,0.0
A3_leo_100km,0.0,36.0,2.0,172.860267755736,11.886939001944263,0.0
A3_leo_100km,0.0,37.0,2.0,174.84353293209216,11.707572517648757,0.0
A3_leo_100km,0.0,38.0,2.0,176.829690081174,11.47675940572368,0.0
A3_leo_100km,0.0,39.0,2.0,178.81896569177133,11.194672443934017,0.0
A3_leo_100km,0.0,40.0,2.0,180.81157715245467,10.861717666695636,0.0
A3_leo_100km,0.0,41.0,2.0,182.80773142741597,10.478533522384481,0.0
A3_leo_100km,0.0,42.0,2.0,184.80762376890348,10.045988930908134,0.0
A3_leo_100km,0.0,43.0,2.0,186.81143647142719,9.565180176130283,0.0
A3_leo_100km,0.0,44.0,2.0,188.81933767263448,9.037426580669639,0.0
A3_leo_100km,0.0,45.0,2.0,190.83148020609232,8.464264924046727,0.0
A3_leo_100km,0.0,46.0,2.0,192.84800051067435,7.8474425796875025,0.0
A3_leo_100km,0.0,47.0,2.0,194.86901760166376,7.188909362881191,0.0
A3_leo_100km,0.0,48.0,2.0,196.89463210813506,6.490808097169065,0.0
A3_leo_100km,0.0,49.0,2.0,198.92492538155915,5.755463924687287,0.0
A3_leo_100km,0.0,50.0,2.0,200.95995868027333,4.9853724026931445,0.0
A3_leo_100km,0.0,51.0,2.0,202.99977243440094,4.183186445500198,0.0
A3_leo_100km,0.0,52.0,2.0,205.04438559577312,3.3517021882358833,0.0
A3_leo_100km,0.0,53.0,2.0,207.09379507756145,2.493843864168177,0.0
A3_leo_100km,0.0,54.0,2.0,209.14797528742324,1.6126478030269453,0.0
A3_leo_100km,0.0,55.0,2.0,211.20687775926078,0.7112456700637537,0.0
A3_leo_100km,0.0,56.0,2.0,213.2704308868545,-0.20715292143380637,0.0
A3_leo_100km,0.0,57.0,2.0,215.33853976374573,-1.139278281988343,0.0
A3_leo_100km,0.0,58.0,2.0,217.41108613306162,-2.0818188530200565,0.0
A3_leo_100km,0.0,59.0,2.0,219.487928450493,-3.031439593422114,0.0
A3_leo_100km,0.0,60.0,2.0,221.56890206356334,-3.984800387686782,0.0
A3_leo_100km,0.0,61.0,2.0,223.6538195104514,-4.938574317868483,0.0
A3_leo_100km,0.0,62.0,2.0,225.74247093977868,-5.889465642051395,0.0
A3_leo_100km,0.0,63.0,2.0,227.83462465423685,-6.834227328978315,0.0
A3_leo_100km,0.0,64.0,2.0,229.93002777865075,-7.76967800339845,0.0
A3_leo_100km,0.0,65.0,2.0,232.02840705363175,-8.692718167113256,0.0
A3_leo_100km,0.0,66.0,2.0,234.12946975498434,-9.60034557227507,0.0
A3_leo_100km,0.0,67.0,2.0,236.2329047379046,-10.489669634268228,0.0
A3_leo_100km,0.0,68.0,2.0,238.33838360495048,-11.357924788552243,0.0
A3_leo_100km,0.0,69.0,2.0,240.44556199549683,-12.202482709597007,0.0
A3_leo_100km,0.0,70.0,2.0,242.55408099359548,-13.020863325911236,0.0
A3_leo_100km,0.0,71.0,2.0,244.66356865032947,-13.81074458336684,0.0
A3_leo_100km,0.0,72.0,2.0,246.77364161568858,-14.569970923731468,0.0
A3_leo_100km,0.0,73.0,2.0,248.88390687414426,-15.29656046304062,0.0
A3_leo_100km,0.0,74.0,2.0,250.9939635769808,-15.988710869022427,0.0
A3_leo_100km,0.0,75.0,2.0,253.10340496363003,-16.644803953483667,0.0
A3_leo_100km,0.0,76.0,2.0,255.21182036297336,-17.263409006806008,0.0
A3_leo_100km,0.0,77.0,2.0,257.31879726498534,-17.84328491639897,0.0
A3_leo_100km,0.0,78.0,2.0,259.4239234517391,-18.383381121145792,0.0
A3_leo_100km,0.0,79.0,2.0,261.5267891763676,-18.882837463065627,0.0
A3_leo_100km,0.0,80.0,2.0,263.6269893773639,-19.340983005162737,0.0
A3_leo_100km,0.0,81.0,2.0,265.7241259150362,-19.7573338915511,0.0
A3_leo_100km,0.0,82.0,2.0,267.81780981647853,-20.13159032865719,0.0
A3_leo_100km,0.0,83.0,2.0,269.90766351438026,-20.46363277037866,0.0
A3_leo_100km,0.0,84.0,2.0,271.9933230652109,-20.75351739069209,0.0
A3_leo_100km,0.0,85.0,2.0,274.07444033158396,-21.00147092689797,0.0
A3_leo_100km,0.0,86.0,2.0,276.1506851135369,-21.20788497540227,0.0
A3_leo_100km,0.0,87.0,2.0,278.22174721382936,-21.37330981840657,0.0
A3_leo_100km,0.0,88.0,2.0,280.2873384218633,-21.498447857283942,0.0
A3_leo_100km,0.0,89.0,2.0,282.3471944019715,-21.58414672225506,0.0
A3_leo_100km,0.0,90.0,2.0,284.40107647145476,-21.631392123964588,0.0
A3_leo_100km,0.0,91.0,2.0,286.44877325519803,-21.641300505653938,0.0
A3_leo_100km,0.0,92.0,2.0,288.4901022036607,-21.615111549111887,0.0
A3_leo_100km,0.0,93.0,2.0,290.5249109628715,-21.554180580759308,0.0
A3_leo_100km,0.0,94.0,2.0,292.55307858517017,-21.459970917926174,0.0
A3_leo_100km,0.0,95.0,2.0,294.5745165713375,-21.334046188983713,0.0
A3_leo_100km,0.0,96.0,2.0,296.5891697356973,-21.178062654861662,0.0
A3_leo_100km,0.0,97.0,2.0,298.5970168872462,-20.993761553635082,0.0
A3_leo_100km,0.0,98.0,2.0,300.59807132112707,-20.782961484325124,0.0
A3_leo_100km,0.0,99.0,2.0,302.59238111654423,-20.547550841501394,0.0
A3_leo_100km,0.0,100.0,2.0,304.5800292384119,-20.28948030711497,0.0
A3_leo_100km,0.0,101.0,2.0,306.5611334418713,-20.010755403306657,0.0
A3_leo_100km,0.0,102.0,2.0,308.53584597987054,-19.713429105368885,0.0
A3_leo_100km,0.0,103.0,2.0,310.50435311601143,-19.399594512694573,0.0
A3_leo_100km,0.0,104.0,2.0,312.466874445882,-19.071377572871917,0.0
A3_leo_100km,0.0,105.0,2.0,314.423662031605,-18.730929852945,0.0
A3_leo_100km,0.0,106.0,2.0,316.37499935569895,-18.380421351307685,0.0
A3_leo_100km,0.0,107.0,2.0,318.32120010135617,-18.022033343301214,0.0
A3_leo_100km,0.0,108.0,2.0,320.26260676739435,-17.657951254264947,0.0
A3_leo_100km,0.0,109.0,2.0,322.19958912727924,-17.290357555026947,0.0
A3_leo_100km,0.0,110.0,2.0,324.1325425420781,-16.921424674660734,0.0
A3_leo_100km,0.0,111.0,2.0,326.0618861383583,-16.553307930216477,0.0
A3_leo_100km,0.0,112.0,2.0,327.988060862258,-16.188138472034375,0.0
A3_leo_100km,0.0,113.0,2.0,329.9115274217998,-15.828016247804388,0.0
A3_leo_100km,0.0,114.0,2.0,331.8327641294117,-15.475002990904319,0.0
A3_leo_100km,0.0,115.0,2.0,333.7522646573251,-15.131115241871829,0.0
A3_leo_100km,0.0,116.0,2.0,335.6705357182507,-14.79831741352422,0.0
A3_leo_100km,0.0,117.0,2.0,337.588094684,-14.478514916261176,0.0
A3_leo_100km,0.0,118.0,2.0,339.5054671544032,-14.173547360304628,0.0
A3_leo_100km,0.0,119.0,2.0,341.4231844889293,-13.88518185763754,0.0
A3_leo_100km,0.0,120.0,2.0,343.341781313099,-13.615106447378178,0.0
A3_leo_100km,0.0,121.0,2.0,345.26179301113194,-13.364923673686135,0.0
A3_leo_100km,0.0,122.0,2.0,347.1837532167957,-13.136144345063716,0.0
A3_leo_100km,0.0,123.0,2.0,349.10819131265663,-12.930181510654393,0.0
A3_leo_100km,0.0,124.0,2.0,351.03562994890854,-12.748344687262048,0.0
A3_leo_100km,0.0,125.0,2.0,352.9665825916378,-12.591834375760502,0.0
A3_leo_100km,0.0,126.0,2.0,354.9015511097725,-12.461736905975407,0.0
A3_leo_100km,0.0,127.0,2.0,356.8410234106319,-12.359019649777814,0.0
A3_leo_100km,0.0,128.0,2.0,358.78547113191587,-12.28452664391444,0.0
A3_leo_100km,0.0,129.0,2.0,360.73534739889806,-12.238974663074664,0.0
A3_leo_100km,0.0,130.0,2.0,362.69108465444714,-12.222949783557535,0.0
A3_leo_100km,0.0,131.0,2.0,364.6530925691098,-12.236904477281652,0.0
A3_leo_100km,0.0,132.0,2.0,366.6217560386392,-12.28115527266782,0.0
A3_leo_100km,0.0,133.0,2.0,368.59743327522904,-12.355881018883075,0.0
A3_leo_100km,0.0,134.0,2.0,370.5804539990571,-12.46112178425074,0.0
A3_leo_100km,0.0,135.0,2.0,372.5711177359677,-12.596778418327403,0.0
A3_leo_100km,0.0,136.0,2.0,374.56969222766037,-12.76261280145663,0.0
A3_leo_100km,0.0,137.0,2.0,376.576411958973,-12.958248801496541,0.0
A3_leo_100km,0.0,138.0,2.0,378.59147680883564,-13.183173951752725,0.0
A3_leo_100km,0.0,139.0,2.0,380.6150508292245,-13.436741858840584,0.0
A3_leo_100km,0.0,140.0,2.0,382.6472611575663,-13.718175342457783,0.0
A3_leo_100km,0.0,141.0,2.0,384.68819706754743,-14.02657030295007,0.0
A3_leo_100km,0.0,142.0,2.0,386.7379091631451,-14.36090030578585,0.0
A3_leo_100km,0.0,143.0,2.0,388.7964087200403,-14.720021864810917,0.0
A3_leo_100km,0.0,144.0,2.0,390.8636671800563,-15.102680400050694,0.0
A3_leo_100km,0.0,145.0,2.0,392.9396158014508,-15.507516837813373,0.0
A3_leo_100km,0.0,146.0,2.0,395.0241454709242,-15.933074815662973,0.0
A3_leo_100km,0.0,147.0,2.0,397.11710668003826,-16.377808447198827,0.0
A3_leo_100km,0.0,148.0,2.0,399.2183096701441,-16.840090596185853,0.0
A3_leo_100km,0.0,149.0,2.0,401.32752474971403,-17.318221604610162,0.0
A3_leo_100km,0.0,150.0,2.0,403.4444827867123,-17.810438413516927,0.0
A3_leo_100km,0.0,151.0,2.0,405.56887587847524,-18.314924012010625,0.0
A3_leo_100km,0.0,152.0,2.0,407.7003582022744,-18.829817146752248,0.0
A3_leo_100km,0.0,153.0,2.0,409.8385470466987,-19.353222220304556,0.0
A3_leo_100km,0.0,154.0,2.0,411.98302402685084,-19.883219307856415,0.0
A3_leo_100km,0.0,155.0,2.0,414.1333364815126,-20.417874217787624,0.0
A3_leo_100km,0.0,156.0,2.0,416.2889990535862,-20.955248524729964,0.0
A3_leo_100km,0.0,157.0,2.0,418.44949545166236,-21.493409503317906,0.0
A3_leo_100km,0.0,158.0,2.0,420.61428039006285,-22.03043989295228,0.0
A3_leo_100km,0.0,159.0,2.0,422.78278170516273,-22.564447428340184,0.0
A3_leo_100km,0.0,160.0,2.0,424.95440264203216,-23.093574071326728,0.0
A3_leo_100km,0.0,161.0,2.0,427.12852430709074,-23.616004887660136,0.0
A3_leo_100km,0.0,162.0,2.0,429.3045082787618,-24.12997651385629,0.0
A3_leo_100km,0.0,163.0,2.0,431.48169936858875,-24.63378516738768,0.0
A3_leo_100km,0.0,164.0,2.0,433.6594285229596,-25.12579415799454,0.0
A3_leo_100km,0.0,165.0,2.0,435.83701585444464,-25.60444086480196,0.0
A3_leo_100km,0.0,166.0,2.0,438.01377379045726,-26.06824314969103,0.0
A3_leo_100km,0.0,167.0,2.0,440.18901032552475,-26.515805185156616,0.0
A3_leo_100km,0.0,168.0,2.0,442.36203236209604,-26.945822679372178,0.0
A3_leo_100km,0.0,169.0,2.0,444.5321491234678,-27.357087489336962,0.0
A3_leo_100km,0.0,170.0,2.0,446.69867562137523,-27.748491617612725,0.0
A3_leo_100km,0.0,171.0,2.0,448.86093615922056,-28.119030594885075,0.0
A3_leo_100km,0.0,172.0,2.0,451.01826785162706,-28.467806254687922,0.0
A3_leo_100km,0.0,173.0,2.0,453.1700241391601,-28.794028912601632,0.0
A3_leo_100km,0.0,174.0,2.0,455.31557827725584,-29.097018964824972,0.0
A3_leo_100km,0.0,175.0,2.0,457.4543267773043,-29.376207926895326,0.0
A3_leo_100km,0.0,176.0,2.0,459.5856927772933,-29.63113893377134,0.0
A3_leo_100km,0.0,177.0,2.0,461.70912931997464,-29.86146672727452,0.0
A3_leo_100km,0.0,178.0,2.0,463.8241225159511,-30.06695715655683,0.0
A3_leo_100km,0.0,179.0,2.0,465.9301945693333,-30.24748622058082,0.0
A3_leo_100km,0.0,180.0,2.0,468.0269066447907,-30.403038680587358,0.0
A3_leo_100km,0.0,181.0,2.0,470.11386155469097,-30.533706271767436,0.0
A3_leo_100km,0.0,182.0,2.0,472.1907062467163,-30.639685542451556,0.0
A3_leo_100km,0.0,183.0,2.0,474.2571340731754,-30.721275349082866,0.0
A3_leo_100km,0.0,184.0,2.0,476.3128868245302,-30.778874033653203,0.0
A3_leo_100km,0.0,185.0,2.0,478.3577565119046,-30.81297630915003,0.0
A3_leo_100km,0.0,186.0,2.0,480.3915868842325,-30.824169877364138,0.0
A3_leo_100km,0.0,187.0,2.0,482.4142746683436,-30.81313180120482,0.0
A3_leo_100km,0.0,188.0,2.0,484.4257705221251,-30.7806246523592,0.0
A3_leo_100km,0.0,189.0,2.0,486.4260796930992,-30.727492453064276,0.0
A3_leo_100km,0.0,190.0,2.0,488.4152623768633,-30.654656428940275,0.0
A3_leo_100km,0.0,191.0,2.0,490.39343377261395,-30.563110588521347,0.0
A3_leo_100km,0.0,192.0,2.0,492.360763834659,-30.453917142774678,0.0
A3_leo_100km,0.0,193.0,2.0,494.317476721677,-30.328201777203745,0.0
A3_leo_100km,0.0,194.0,2.0,496.2638499476172,-30.187148787463425,0.0
A3_leo_100km,0.0,195.0,2.0,498.2002132400476,-30.03199608804774,0.0
A3_leo_100km,0.0,196.0,2.0,500.1269471142179,-29.864030103657235,0.0
A3_leo_100km,0.0,197.0,2.0,502.04448117302076,-29.68458055108858,0.0
A3_leo_100km,0.0,198.0,2.0,503.95329214446724,-29.4950151200708,0.0
A3_leo_100km,0.0,199.0,2.0,505.8539016706547,-29.296734060622942,0.0
A3_leo_100km,0.0,200.0,2.0,507.7468738629194,-29.091164685736803,0.0
A3_leo_100km,0.0,201.0,2.0,509.6328126397832,-28.879755796315187,0.0
A3_leo_100km,0.0,202.0,2.0,511.5123588650459,-28.663972038735164,0.0
A3_leo_100km,0.0,203.0,2.0,513.3861873042365,-28.445288203959862,0.0
A3_leo_100km,0.0,204.0,2.0,515.2550034186746,-28.22518347909142,0.0
A3_leo_100km,0.0,205.0,2.0,517.119540016428,-28.005135662462433,0.0
A3_leo_100km,0.0,206.0,2.0,518.9805537800496,-27.786615356542477,0.0
A3_leo_100km,0.0,207.0,2.0,520.83882169106,-27.57108015172749,0.0
A3_leo_100km,0.0,208.0,2.0,522.6951373707212,-27.359968816930813,0.0
A3_leo_100km,0.0,209.0,2.0,524.5503073573351,-27.154695515303473,0.0
A3_leo_100km,0.0,210.0,2.0,526.4051473385365,-26.956644062023916,0.0
A3_leo_100km,0.0,211.0,2.0,528.2604783579817,-26.76716224593001,0.0
A3_leo_100km,0.0,212.0,2.0,530.1171230143399,-26.58755623569009,0.0
A3_leo_100km,0.0,213.0,2.0,531.9759016701029,-26.419085093972505,0.0
A3_leo_100km,0.0,214.0,2.0,533.8376286870832,-26.26295542331647,0.0
A3_leo_100km,0.0,215.0,2.0,535.7031087042836,-26.120316169713664,0.0
A3_leo_100km,0.0,216.0,2.0,537.5731329736218,-25.992253609743443,0.0
A3_leo_100km,0.0,217.0,2.0,539.4484757673538,-25.87978654851275,0.0
A3_leo_100km,0.0,218.0,2.0,541.329890870782,-25.783861755829918,0.0
A3_leo_100km,0.0,219.0,2.0,543.2181081727305,-25.705349668552202,0.0
A3_leo_100km,0.0,220.0,2.0,545.1138303653859,-25.64504038698967,0.0
A3_leo_100km,0.0,221.0,2.0,547.0177297645483,-25.603639992668903,0.0
A3_leo_100km,0.0,222.0,2.0,548.9304452602778,-25.5817672146601,0.0
A3_leo_100km,0.0,223.0,2.0,550.852579407136,-25.579950470435264,0.0
A3_leo_100km,0.0,224.0,2.0,552.7846956631978,-25.5986253058329,0.0
A3_leo_100km,0.0,225.0,2.0,554.7273157857095,-25.638132257313817,0.0
A3_leo_100km,0.0,226.0,2.0,556.6809173907309,-25.69871515794908,0.0
A3_leo_100km,0.0,227.0,2.0,558.6459316844422,-25.78051990573682,0.0
A3_leo_100km,0.0,228.0,2.0,560.6227413721326,-25.88359371082616,0.0
A3_leo_100km,0.0,229.0,2.0,562.6116787515061,-26.00788483492078,0.0
A3_leo_100km,0.0,230.0,2.0,564.6130239963171,-26.153242833272028,0.0
A3_leo_100km,0.0,231.0,2.0,566.6270036353794,-26.319419305986358,0.0
A3_leo_100km,0.0,232.0,2.0,568.653789233351,-26.506069161888135,0.0
A3_leo_100km,0.0,233.0,2.0,570.6934962774942,-26.71275239433868,0.0
A3_leo_100km,0.0,234.0,2.0,572.7461832756243,-26.93893636418565,0.0
A3_leo_100km,0.0,235.0,2.0,574.811851070618,-27.18399858166398,0.0
A3_leo_100km,0.0,236.0,2.0,576.890442374536,-27.447229973807552,0.0
A3_leo_100km,0.0,237.0,2.0,578.9818415290935,-27.727838621443457,0.0
A3_leo_100km,0.0,238.0,2.0,581.0858744934894,-28.0249539441928,0.0
A3_leo_100km,0.0,239.0,2.0,583.2023090659403,-28.337631309315547,0.0
A3_leo_100km,0.0,240.0,2.0,585.3308553417636,-28.664857036282854,0.0
A3_leo_100km,0.0,241.0,2.0,587.4711664094651,-29.005553764765768,0.0
A3_leo_100km,0.0,242.0,2.0,589.622839290471,-29.35858615209863,0.0
A3_leo_100km,0.0,243.0,2.0,591.785416121246,-29.7227668618385,0.0
A3_leo_100km,0.0,244.0,2.0,593.9583855828625,-30.096862804666724,0.0
A3_leo_100km,0.0,245.0,2.0,596.1411845747397,-30.479601588250027,0.0
A3_leo_100km,0.0,246.0,2.0,598.3332001370094,-30.86967813455299,0.0
A3_leo_100km,0.0,247.0,2.0,600.5337716167282,-31.265761419009053,0.0
A3_leo_100km,0.0,248.0,2.0,602.7421930779187,-31.666501287237026,0.0
A3_leo_100km,0.0,249.0,2.0,604.9577159524891,-32.070535304886235,0.0
A3_leo_100km,0.0,250.0,2.0,607.1795519262088,-32.476495595413994,0.0
A3_leo_100km,0.0,251.0,2.0,609.4068760556729,-32.88301562332707,0.0
A3_leo_100km,0.0,252.0,2.0,611.6388301086974,-33.28873688143297,0.0
A3_leo_100km,0.0,253.0,2.0,613.8745261176128,-33.692315439651566,0.0
A3_leo_100km,0.0,254.0,2.0,616.1130501387705,-34.09242832125648,0.0
A3_leo_100km,0.0,255.0,2.0,618.353466202177,-34.48777966769967,0.0
A3_leo_100km,0.0,256.0,2.0,620.5948204406188,-34.87710666211363,0.0
A3_leo_100km,0.0,257.0,2.0,622.8361453810217,-35.25918518124893,0.0
A3_leo_100km,0.0,258.0,2.0,625.076464381226,-35.63283514972593,0.0
A3_leo_100km,0.0,259.0,2.0,627.3147961933273,-35.996925574638624,0.0
A3_leo_100km,0.0,260.0,2.0,629.5501596317215,-36.350379240252195,0.0
A3_leo_100km,0.0,261.0,2.0,631.7815783247939,-36.69217704842609,0.0
A3_leo_100km,0.0,262.0,2.0,634.0080855250711,-37.02136199184736,0.0
A3_leo_100km,0.0,263.0,2.0,636.2287289524769,-37.33704275058969,0.0
A3_leo_100km,0.0,264.0,2.0,638.4425756442828,-37.63839690692716,0.0
A3_leo_100km,0.0,265.0,2.0,640.6487167831904,-37.92467377562936,0.0
A3_leo_100km,0.0,266.0,2.0,642.8462724753584,-38.19519684884831,0.0
A3_leo_100km,0.0,267.0,2.0,645.0343964481381,-38.44936585830627,0.0
A3_leo_100km,0.0,268.0,2.0,647.2122806380095,-38.686658460155954,0.0
A3_leo_100km,0.0,269.0,2.0,649.3791596386372,-38.906631547376946,0.0
A3_leo_100km,0.0,270.0,2.0,651.5343149786867,-39.108922199767804,0.0
A3_leo_100km,0.0,271.0,2.0,653.677079200531,-39.293248279298695,0.0
A3_leo_100km,0.0,272.0,2.0,655.8068397104156,-39.45940868290565,0.0
A3_leo_100km,0.0,273.0,2.0,657.9230423731343,-39.60728326306962,0.0
A3_leo_100km,0.0,274.0,2.0,660.0251948242069,-39.736832428761474,0.0
A3_leo_100km,0.0,275.0,2.0,662.1128694756517,-39.84809643859499,0.0
A3_leo_100km,0.0,276.0,2.0,664.1857061922916,-39.94119439910149,0.0
A3_leo_100km,0.0,277.0,2.0,666.2434146184854,-40.016322980144906,0.0
A3_leo_100km,0.0,278.0,2.0,668.2857761368252,-40.07375485991904,0.0
A3_leo_100km,0.0,279.0,2.0,670.3126454442497,-40.11383691136183,0.0
A3_leo_100km,0.0,280.0,2.0,672.3239517328294,-40.136988141603155,0.0
A3_leo_100km,0.0,281.0,2.0,674.3196994656854,-40.14369739574608,0.0
A3_leo_100km,0.0,282.0,2.0,676.2999687419879,-40.13452083554725,0.0
A3_leo_100km,0.0,283.0,2.0,678.2649152477848,-40.11007920358311,0.0
A3_leo_100km,0.0,284.0,2.0,680.2147697928367,-40.0710548826555,0.0
A3_leo_100km,0.0,285.0,2.0,682.1498374360255,-40.01818876021268,0.0
A3_leo_100km,0.0,286.0,2.0,684.0704962067798,-39.95227690741476,0.0
A3_leo_100km,0.0,287.0,2.0,685.9771954303009,-39.87416708140401,0.0
A3_leo_100km,0.0,288.0,2.0,687.8704536697867,-39.78475506081081,0.0
A3_leo_100km,0.0,289.0,2.0,689.7508563000107,-39.684980823354365,0.0
A3_leo_100km,0.0,290.0,2.0,691.6190527290662,-39.57582457451281,0.0
A3_leo_100km,0.0,291.0,2.0,693.4757532882219,-39.45830263736427,0.0
A3_leo_100km,0.0,292.0,2.0,695.3217258111415,-39.33346321412046,0.0
A3_leo_100km,0.0,293.0,2.0,697.1577919251403,-39.20238202836535,0.0
A3_leo_100km,0.0,294.0,2.0,698.9848230797829,-39.066157860584205,0.0
A3_leo_100km,0.0,295.0,2.0,700.8037363376254,-38.925907987821695,0.0
A3_leo_100km,0.0,296.0,2.0,702.6154899542237,-38.7827635406981,0.0
A3_leo_100km,0.0,297.0,2.0,704.4210787745645,-38.63786478981845,0.0
A3_leo_100km,0.0,298.0,2.0,706.2215294728102,-38.49235637796955,0.0
A3_leo_100km,0.0,299.0,2.0,708.01789566362,-38.347382510554255,0.0
A3_leo_100km,0.0,300.0,2.0,709.8112529120871,-38.204082122162305,0.0
A3_leo_100km,0.0,301.0,2.0,711.6026936688859,-38.06358403585497,0.0
A3_leo_100km,0.0,302.0,2.0,713.3933221580318,-37.927002132527306,0.0
A3_leo_100km,0.0,303.0,2.0,715.1842492418432,-37.795430549445456,0.0
A3_leo_100km,0.0,304.0,2.0,716.97658728847,-37.669938927261,0.0
A3_leo_100km,0.0,305.0,2.0,718.7714450656457,-37.55156772677548,0.0
A3_leo_100km,0.0,306.0,2.0,720.569922682996,-37.44132363474595,0.0
A3_leo_100km,0.0,307.0,2.0,722.3731066049069,-37.34017508177434,0.0
A3_leo_100km,0.0,308.0,2.0,724.1820647531192,-37.24904789373973,0.0
A3_leo_100km,0.0,309.0,2.0,725.9978417191556,-37.16882109886921,0.0
A3_leo_100km,0.0,310.0,2.0,727.8214541032181,-37.10032291316922,0.0
A3_leo_100km,0.0,311.0,2.0,729.6538859962473,-37.04432692644089,0.0
A3_leo_100km,0.0,312.0,2.0,731.4960846208868,-37.00154851073201,0.0
A3_leo_100km,0.0,313.0,2.0,733.348956143812,-36.9726414741427,0.0
A3_leo_100km,0.0,314.0,2.0,735.2133616743016,-36.958194979195724,0.0
A3_leo_100km,0.0,315.0,2.0,737.0901134585039,-36.958730747956636,0.0
A3_leo_100km,0.0,316.0,2.0,738.9799712825568,-36.97470057191188,0.0
A3_leo_100km,0.0,317.0,2.0,740.8836390922164,-37.0064841451514,0.0
A3_leo_100km,0.0,318.0,2.0,742.801761840302,-37.054387236814534,0.0
A3_leo_100km,0.0,319.0,2.0,744.734922568036,-37.1186402184005,0.0
A3_leo_100km,0.0,320.0,2.0,746.6836397297434,-37.19939695800312,0.0
A3_leo_100km,0.0,321.0,2.0,748.6483647676864,-37.29673409259382,0.0
A3_leo_100km,0.0,322.0,2.0,750.6294799420862,-37.41065068701354,0.0
A3_leo_100km,0.0,323.0,2.0,752.627296425876,-37.54106828540537,0.0
A3_leo_100km,0.0,324.0,2.0,754.6420526658843,-37.68783135886,0.0
A3_leo_100km,0.0,325.0,2.0,756.6739130197191,-37.85070814998193,0.0
A3_leo_100km,0.0,326.0,2.0,758.7229666704363,-38.02939191242993,0.0
A3_leo_100km,0.0,327.0,2.0,760.7892268264011,-38.22350254068407,0.0
A3_leo_100km,0.0,328.0,2.0,762.8726302091909,-38.4325885824115,0.0
A3_leo_100km,0.0,329.0,2.0,764.9730368350054,-38.65612962301546,0.0
A3_leo_100km,0.0,330.0,2.0,767.0902300929939,-38.89353902907678,0.0
A3_leo_100km,0.0,331.0,2.0,769.2239171243848,-39.14416703478763,0.0
A3_leo_100km,0.0,332.0,2.0,771.3737295060872,-39.40730415303051,0.0
A3_leo_100km,0.0,333.0,2.0,773.5392242408896,-39.68218488966091,0.0
A3_leo_100km,0.0,334.0,2.0,775.7198850578633,-39.96799173871635,0.0
A3_leo_100km,0.0,335.0,2.0,777.9151240225732,-40.26385943206057,0.0
A3_leo_100km,0.0,336.0,2.0,780.1242834610446,-40.56887941801168,0.0
A3_leo_100km,0.0,337.0,2.0,782.3466381944703,-40.88210453901642,0.0
A3_leo_100km,0.0,338.0,2.0,784.5813980862474,-41.20255387944649,0.0
A3_leo_100km,0.0,339.0,2.0,786.8277108984698,-41.529217753019324,0.0
A3_leo_100km,0.0,340.0,2.0,789.0846654543393,-41.86106279754398,0.0
A3_leo_100km,0.0,341.0,2.0,791.3512951030433,-42.19703714694134,0.0
A3_leo_100km,0.0,342.0,2.0,793.6265814801568,-42.53607564724193,0.0
A3_leo_100km,0.0,343.0,2.0,795.9094585565146,-42.8771050872796,0.0
A3_leo_100km,0.0,344.0,2.0,798.1988169655107,-43.21904941110244,0.0
A3_leo_100km,0.0,345.0,2.0,800.4935085989044,-43.5608348853469,0.0
A3_leo_100km,0.0,346.0,2.0,802.7923514559478,-43.90139518976311,0.0
A3_leo_100km,0.0,347.0,2.0,805.0941347320137,-44.23967640668059,0.0
A3_leo_100km,0.0,348.0,2.0,807.3976241288578,-44.57464188152738,0.0
A3_leo_100km,0.0,349.0,2.0,809.7015673667004,-44.905276932602156,0.0
A3_leo_100km,0.0,350.0,2.0,812.0046998764207,-45.23059338639035,0.0
A3_leo_100km,0.0,351.0,2.0,814.30575064759,-45.549633920100696,0.0
A3_leo_100km,0.0,352.0,2.0,816.6034482070518,-45.861476192603504,0.0
A3_leo_100km,0.0,353.0,2.0,818.8965266986013,-46.16523674893269,0.0
A3_leo_100km,0.0,354.0,2.0,821.1837320342995,-46.46007468362967,0.0
A3_leo_100km,0.0,355.0,2.0,823.4638280856452,-46.74519505348762,0.0
A3_leo_100km,0.0,356.0,2.0,825.7356028801831,-47.01985202793768,0.0
A3_leo_100km,0.0,357.0,2.0,827.9978747692797,-47.28335177123011,0.0
A3_leo_100km,0.0,358.0,2.0,830.249498530588,-47.53505505075939,0.0
A3_leo_100km,0.0,359.0,2.0,832.4893713679215,-47.77437956627395,0.0
A3_leo_100km,0.0,360.0,2.0,834.7164387715097,-48.00080199927193,0.0
A3_leo_100km,1.0,0.0,2.0,101.61433918643861,0.0,0.0
A3_leo_100km,1.0,1.0,2.0,103.61329851840584,0.04152849130667491,0.0
A3_leo_100km,1.0,2.0,2.0,105.61144813600593,0.1609620339171336,0.0
A3_leo_100km,1.0,3.0,2.0,107.6086022533655,0.3508471221200793,0.0
A3_leo_100km,1.0,4.0,2.0,109.604594071682,0.6040732735193011,0.0
A3_leo_100km,1.0,5.0,2.0,111.59927608332642,0.9138471995582265,0.0
A3_leo_100km,1.0,6.0,2.0,113.59252035101294,1.2736699161934872,0.0
A3_leo_100km,1.0,7.0,2.0,115.58421874935212,1.677316481767832,0.0
A3_leo_100km,1.0,8.0,2.0,117.57428315767443,2.118818099334785,0.0
A3_leo_100km,1.0,9.0,2.0,119.562645594547,2.592446361652012,0.0
A3_leo_100km,1.0,10.0,2.0,121.54925828580748,3.092699451673564,0.0
A3_leo_100km,1.0,11.0,2.0,123.53409365934941,3.614290139171139,0.0
A3_leo_100km,1.0,12.0,2.0,125.5171442611728,4.152135437407001,0.0
A3_leo_100km,1.0,13.0,2.0,127.49842258848007,4.7013478015083265,0.0
A3_leo_100km,1.0,14.0,2.0,129.47796083676604,5.25722776554538,0.0
A3_leo_100km,1.0,15.0,2.0,131.45581055897168,5.815257926014894,0.0
A3_leo_100km,1.0,16.0,2.0,133.43204223581017,6.371098188217683,0.0
A3_leo_100km,1.0,17.0,2.0,135.40674475736765,6.920582197895708,0.0
A3_leo_100km,1.0,18.0,2.0,137.38002481695153,7.45971488470909,0.0
A3_leo_100km,1.0,19.0,2.0,139.35200621901336,7.984671046168401,0.0
A3_leo_100km,1.0,20.0,2.0,141.32282910369437,8.491794901512417,0.0
A3_leo_100km,1.0,21.0,2.0,143.2926490912636,8.977600544655573,0.0
A3_leo_100km,1.0,22.0,2.0,145.26163635022067,9.438773223227948,0.0
A3_leo_100km,1.0,23.0,2.0,147.2299745934887,9.872171369346816,0.0
A3_leo_100km,1.0,24.0,2.0,149.19786000737795,10.27482930335255,0.0
A3_leo_100km,1.0,25.0,2.0,151.165500118636,10.64396052950034,0.0
A3_leo_100km,1.0,26.0,2.0,153.133112604871,10.976961537536134,0.0
A3_leo_100km,1.0,27.0,2.0,155.10092405422722,11.271416020852243,0.0
A3_leo_100km,1.0,28.0,2.0,157.06916868011587,11.525099417149853,0.0
A3_leo_100km,1.0,29.0,2.0,159.03808699697805,11.735983673733408,0.0
A3_leo_100km,1.0,30.0,2.0,161.00792446331783,11.90224213581681,0.0
A3_leo_100km,1.0,31.0,2.0,162.97893009801044,12.022254452940473,0.0
A3_leo_100km,1.0,32.0,2.0,164.95135507607114,12.094611395393251,0.0
A3_leo_100km,1.0,33.0,2.0,166.92545131001282,12.118119471089539,0.0
A3_leo_100km,1.0,34.0,2.0,168.90147002279787,12.091805231545294,0.0
A3_leo_100km,1.0,35.0,2.0,170.87966031837948,12.01491915583297,0.0
A3_leo_100km,1.0,36.0,2.0,172.860267755736,11.886939001944263,0.0
A3_leo_100km,1.0,37.0,2.0,174.85500792842728,11.865424001934244,0.15914028415275894
A3_leo_100km,1.0,38.0,2.0,176.86049858108947,11.78436301493102,0.31046990756955495
A3_leo_100km,1.0,39.0,2.0,178.87688290903358,11.643601885337418,0.45366068591157216
A3_leo_100km,1.0,40.0,2.0,180.90426038162033,11.443272453907749,0.5884299313683172
A3_leo_100km,1.0,41.0,2.0,182.9426860214266,11.183791002308485,0.7145396050254327
A3_leo_100km,1.0,42.0,2.0,184.99216985811015,10.865855139085667,0.8317952447236543
A3_leo_100km,1.0,43.0,2.0,187.05267655768947,10.490439098192361,0.9400446260419137
A3_leo_100km,1.0,44.0,2.0,189.1241252272584,10.058787439656047,1.039176316062207
A3_leo_100km,1.0,45.0,2.0,191.2063893951242,9.572407160649554,1.1291180243389043
A3_leo_100km,1.0,46.0,2.0,193.29929716605128,9.033058243772096,1.209834877456295
A3_leo_100km,1.0,47.0,2.0,195.4026315509535,8.442742688745675,1.2813276040204435
A3_leo_100km,1.0,48.0,2.0,197.516130970147,7.803692091409964,1.3436306652225838
A3_leo_100km,1.0,49.0,2.0,199.63948992932822,7.11835385243198,1.3968103516219799
A3_leo_100km,1.0,50.0,2.0,201.77235986695675,6.38937611463497,1.4409628958467202
A3_leo_100km,1.0,51.0,2.0,203.91435017167157,5.619591543241764,1.4762125750897859
A3_leo_100km,1.0,52.0,2.0,206.0650293681955,4.812000077862866,1.502709854680262
A3_leo_100km,1.0,53.0,2.0,208.22392647007433,3.969750796782634,1.5206295890308752
A3_leo_100km,1.0,54.0,2.0,210.39053249687413,3.0961230447057453,1.530169262507819
A3_leo_100km,1.0,55.0,2.0,212.56430215410703,2.1945069826183605,1.5315472952290854
A3_leo_100km,1.0,56.0,2.0,214.7446556728873,1.2683837243456786,1.5250014360410624
A3_leo_100km,1.0,57.0,2.0,216.9309808064595,0.3213052279202877,1.5107872516852972
A3_leo_100km,1.0,58.0,2.0,219.1226349805377,-0.6431258906882675,1.4891766314026889
A3_leo_100km,1.0,59.0,2.0,221.31894759338292,-1.6212764545997516,1.4604564426279332
A3_leo_100km,1.0,60.0,2.0,223.51922246127532,-2.6095025713530617,1.4249272699853321
A3_leo_100km,1.0,61.0,2.0,225.72274040494412,-3.60416907184824,1.3829021596376556
A3_leo_100km,1.0,62.0,2.0,227.92876197067216,-4.6016683950851345,1.334705507407108
A3_leo_100km,1.0,63.0,2.0,230.1365302804213,-5.598438783163573,1.2806720469953348
A3_leo_100km,1.0,64.0,2.0,232.3452740035957,-6.5909816626748,1.2211458018338561
A3_leo_100km,1.0,65.0,2.0,234.55421044243923,-7.575878101926392,1.1564791628813076
A3_leo_100km,1.0,66.0,2.0,236.76254872254967,-8.549804249979864,1.0870321164953012
A3_leo_100km,1.0,67.0,2.0,238.96949307834933,-9.509545676688269,1.0131712744732013
A3_leo_100km,1.0,68.0,2.0,241.1742462228693,-10.452010551121216,0.9352691653941037
A3_leo_100km,1.0,69.0,2.0,243.37601279004292,-11.374241611505465,0.8537035649744951
A3_leo_100km,1.0,70.0,2.0,245.57400283652848,-12.273426894896744,0.7688565865553443
A3_leo_100km,1.0,71.0,2.0,247.76743538918623,-13.146909212021551,0.6811141708968904
A3_leo_100km,1.0,72.0,2.0,249.95554202310174,-13.992194366510446,0.5908651736827863
A3_leo_100km,1.0,73.0,2.0,252.13757045434315,-14.80695813244548,0.4985008529283519
A3_leo_100km,1.0,74.0,2.0,254.31278813028263,-15.58905201591898,0.4044140160432974
A3_leo_100km,1.0,75.0,2.0,256.4804857997826,-16.336507839645797,0.3089983782884609
A3_leo_100km,1.0,76.0,2.0,258.63998104447097,-17.047541197552363,0.21264776555351972
A3_leo_100km,1.0,77.0,2.0,260.7906217517048,-17.72055383589466,0.11575528333906959
A3_leo_100km,1.0,78.0,2.0,262.9317895094475,-18.354135024850393,0.018712602774417775
A3_leo_100km,1.0,79.0,2.0,265.0629029022562,-18.947061988559,-0.07809097751021454
A3_leo_100km,1.0,80.0,2.0,267.1834206882464,-19.498299465580793,-0.1742694954867119
A3_leo_100km,1.0,81.0,2.0,269.2928448357382,-20.006998475038174,-0.2694411312074152
A3_leo_100km,1.0,82.0,2.0,271.3907233992955,-20.472494362644866,-0.3632293742539261
A3_leo_100km,1.0,83.0,2.0,273.47665321439956,-20.894304201289238,-0.45526398039186233
A3_leo_100km,1.0,84.0,2.0,275.5502823913454,-21.272123618769623,-0.5451821247328681
A3_leo_100km,1.0,85.0,2.0,277.6113125887025,-21.605823121703338,-0.6326295751790667
A3_leo_100km,1.0,86.0,2.0,279.6595010484469,-21.8954439815513,-0.7172618999731206
A3_leo_100km,1.0,87.0,2.0,281.6946623756788,-22.141193742905685,-0.7987456498401713
A3_leo_100km,1.0,88.0,2.0,283.71667004696343,-22.343441409918174,-0.8767597787144865
A3_leo_100km,1.0,89.0,2.0,285.72545763357545,-22.502712359828703,-0.9509968359893151
A3_leo_100km,1.0,90.0,2.0,287.7210197269684,-22.619683027290893,-1.0211643536743864
A3_leo_100km,1.0,91.0,2.0,289.7034125561205,-22.69517539607868,-1.0869861953404225
A3_leo_100km,1.0,92.0,2.0,291.6727542882903,-22.730151329016568,-1.148203880340759
A3_leo_100km,1.0,93.0,2.0,293.6292250074099,-22.725706760458486,-1.204577889048597
A3_leo_100km,1.0,94.0,2.0,295.57306636562214,-22.683065769488753,-1.2558890395837352
A3_leo_100km,1.0,95.0,2.0,297.5045809069428,-22.603574546637528,-1.3019396479876377
A3_leo_100km,1.0,96.0,2.0,299.4241310639448,-22.488695261674962,-1.342554744318214
A3_leo_100km,1.0,97.0,2.0,301.33213783059284,-22.339999834955382,-1.377583249670078
A3_leo_100km,1.0,98.0,2.0,303.229079117157,-22.15916361113246,-1.4068989257696174
A3_leo_100km,1.0,99.0,2.0,305.11548779546837,-21.947958930468747,-1.430401322568109
A3_leo_100km,1.0,100.0,2.0,306.9919494445371,-21.708248589632717,-1.448016637664029
A3_leo_100km,1.0,101.0,2.0,308.85909980974037,-21.441979183149495,-1.4596982503478628
A3_leo_100km,1.0,102.0,2.0,310.7176219895943,-21.15117431335456,-1.4654273950540642
A3_leo_100km,1.0,103.0,2.0,312.56824336697167,-20.837927657776145,-1.4652133999937256
A3_leo_100km,1.0,104.0,2.0,314.4117323030595,-20.504395882422255,-1.4590939089917931
A3_leo_100km,1.0,105.0,2.0,316.2488946134755,-20.152791389246083,-1.4471348678704032
A3_leo_100km,1.0,106.0,2.0,318.08056984798816,-19.785374889480067,-1.4294303640585149
A3_leo_100km,1.0,107.0,2.0,319.9076273956041,-19.40444779432049,-1.4061022384623811
A3_leo_100km,1.0,108.0,2.0,321.7309624382295,-19.012344418755323,-1.3772994879324152
A3_leo_100km,1.0,109.0,2.0,323.55149177644324,-18.61142399706095,-1.3431975309647903
A3_leo_100km,1.0,110.0,2.0,325.3701495514846,-18.204062511007812,-1.303997219462616
A3_leo_100km,1.0,111.0,2.0,327.18788288752023,-17.792644337847108,-1.259923744403313
A3_leo_100km,1.0,112.0,2.0,329.0056474785421,-17.37955372750566,-1.211225247478076
A3_leo_100km,1.0,113.0,2.0,330.8244031437646,-16.96716612400362,-1.1581714106130292
A3_leo_100km,1.0,114.0,2.0,332.64510937518054,-16.557839350338277,-1.1010517600760217
A3_leo_100km,1.0,115.0,2.0,334.46872089997925,-16.15390468227318,-1.0401739413192779
A3_leo_100km,1.0,116.0,2.0,336.29618328053584,-15.757657837988326,-0.975861774166642
A3_leo_100km,1.0,117.0,2.0,338.1284285727812,-15.371349919774957,-0.9084532651097987
A3_leo_100km,1.0,118.0,2.0,339.96637106376966,-14.997178344284379,-0.8382985334223214
A3_leo_100km,1.0,119.0,2.0,341.8109031074098,-14.637277805220172,-0.7657576549569001
A3_leo_100km,1.0,120.0,2.0,343.6628910767477,-14.293711314176782,-0.6911984602391286
A3_leo_100km,1.0,121.0,2.0,345.5231714495334,-13.968461370886587,-0.6149943248865419
A3_leo_100km,1.0,122.0,2.0,347.39254704273986,-13.663421314866753,-0.5375219304335488
A3_leo_100km,1.0,123.0,2.0,349.2717834105215,-13.380386915784914,-0.4591590949720725
A3_leo_100km,1.0,124.0,2.0,351.1616054186039,-13.12104825909266,-0.3802825928933551
A3_leo_100km,1.0,125.0,2.0,353.0626940070273,-12.886981986715007,-0.3012660423871161
A3_leo_100km,1.0,126.0,2.0,354.97568315170645,-12.679643952281161,-0.22247788236917643
A3_leo_100km,1.0,127.0,2.0,356.90115703455126,-12.50036235004437,-0.1442794140196213
A3_leo_100km,1.0,128.0,2.0,358.8396474299967,-12.350331376411283,-0.06702297303640137
A3_leo_100km,1.0,129.0,2.0,360.79163131519283,-12.230605480545442,0.008949814653824717
A3_leo_100km,1.0,130.0,2.0,362.75752871057887,-12.14209425789825,0.08330962668523512
A3_leo_100km,1.0,131.0,2.0,364.7377007549308,-12.08555803825595,0.15574092017134333
A3_leo_100km,1.0,132.0,2.0,366.7324480205109,-12.061604213637445,0.22594326934832765
A3_leo_100km,1.0,133.0,2.0,368.7420090705059,-12.070684349243521,0.2936325499360848
A3_leo_100km,1.0,134.0,2.0,370.76655926260196,-12.113092112172374,0.35854198312801344
A3_leo_100km,1.0,135.0,2.0,372.80620980028704,-12.188962048723884,0.42042305750200626
A3_leo_100km,1.0,136.0,2.0,374.8610070332025,-12.298269232925207,0.47904624391925665
A3_leo_100km,1.0,137.0,2.0,376.9309320080292,-12.440829802016662,0.5342016466824973
A3_leo_100km,1.0,138.0,2.0,379.0159002700892,-12.616302386968314,0.5856994607191801
A3_leo_100km,1.0,139.0,2.0,381.1157619156249,-12.82419043805838,0.6333703268772695
A3_leo_100km,1.0,140.0,2.0,383.23030189472183,-13.063845437235155,0.6770655359318312
A3_leo_100km,1.0,141.0,2.0,385.35924056392867,-13.334470980964852,0.7166571128607302
A3_leo_100km,1.0,142.0,2.0,387.5022344878885,-13.635127708711003,0.7520378489003221
A3_leo_100km,1.0,143.0,2.0,389.6588774879147,-13.964739044601604,0.7831211208930711
A3_leo_100km,1.0,144.0,2.0,391.82870193695,-14.322097711876758,0.8098407288659182
A3_leo_100km,1.0,145.0,2.0,394.011180297595,-14.705872972128109,0.8321505621471381
A3_leo_100km,1.0,146.0,2.0,396.2057269020373,-15.114618535487345,0.8500242199791508
A3_leo_100km,1.0,147.0,2.0,398.4116999703223,-15.54678108074814,0.8634545900658708
A3_leo_100km,1.0,148.0,2.0,400.6284038639456,-16.000709319591966,0.8724532967541165
A3_leo_100km,1.0,149.0,2.0,402.8550915711126,-16.474663534741918,0.8770501801649289
A3_leo_100km,1.0,150.0,2.0,405.09096741965453,-16.96682551773776,0.8772926356939159
A3_leo_100km,1.0,151.0,2.0,407.3351900120982,-17.475308829313363,0.8732450063981823
A3_leo_100km,1.0,152.0,2.0,409.58687537801353,-17.998169304633826,0.864987883783197
A3_leo_100km,1.0,153.0,2.0,411.8451003366532,-18.53341572279943,0.8526174167657885
A3_leo_100km,1.0,154.0,2.0,414.1089060633558,-19.079020563317783,0.8362445222429571
A3_leo_100km,1.0,155.0,2.0,416.37730185057507,-19.632930770034474,0.815994246269991
A3_leo_100km,1.0,156.0,2.0,418.6492690554517,-20.19307844845919,0.7920048995382345
A3_leo_100km,1.0,157.0,2.0,420.9237652222925,-20.75739142258559,0.7644273395728263
A3_leo_100km,1.0,158.0,2.0,423.19972836964837,-21.323803583518153,0.7334242330450103
A3_leo_100km,1.0,159.0,2.0,425.4760814283231,-21.89026496529589,0.699169224855023
A3_leo_100km,1.0,160.0,2.0,427.7517368161717,-22.454751488582225,0.6618461806571219
A3_leo_100km,1.0,161.0,2.0,430.02560113469247,-23.01527431977224,0.6216483864287525
A3_leo_100km,1.0,162.0,2.0,432.29657996977954,-23.56988879733901,0.578777843607714
A3_leo_100km,1.0,163.0,2.0,434.56358277827434,-24.116702885291552,0.5334444265212568
A3_leo_100km,1.0,164.0,2.0,436.825527841318,-24.653885118735896,0.4858651170840389
A3_leo_100km,1.0,165.0,2.0,439.081347261621,-25.17967201463378,0.43626323774237363
A3_leo_100km,1.0,166.0,2.0,441.3299919837276,-25.692374925149863,0.38486767678502787
A3_leo_100km,1.0,167.0,2.0,443.57043681202725,-26.190386320246617,0.33191214505912114
A3_leo_100km,1.0,168.0,2.0,445.8016854021338,-26.67218548921424,0.27763427103266736
A3_leo_100km,1.0,169.0,2.0,448.0227751991991,-27.136343658275663,0.22227498943871993
A3_leo_100km,1.0,170.0,2.0,450.2327822964326,-27.581528526904098,0.16607762525300274
A3_leo_100km,1.0,171.0,2.0,452.430826185255,-28.006508228695992,0.10928713677982316
A3_leo_100km,1.0,172.0,2.0,454.61607436956575,-28.410154728257808,0.05214930921404459
A3_leo_100km,1.0,173.0,2.0,456.78774681532667,-28.79144666859279,-0.005090026685472537
A3_leo_100km,1.0,174.0,2.0,458.94512020640053,-29.149471686073625,-0.06218588868334152
A3_leo_100km,1.0,175.0,2.0,461.087531978894,-29.483428213798568,-0.11889488388572289
A3_leo_100km,1.0,176.0,2.0,463.21438410554447,-29.79262679425343,-0.17497611390870915
A3_leo_100km,1.0,177.0,2.0,465.3251466029214,-30.07649092488629,-0.23019198735685364
A3_leo_100km,1.0,178.0,2.0,467.4193607365673,-30.334557459249734,-0.2843090839261819
A3_leo_100km,1.0,179.0,2.0,469.49664189755595,-30.566476588628877,-0.33709901668022013
A3_leo_100km,1.0,180.0,2.0,471.55668212915555,-30.772011426401402,-0.3883393190986517
A3_leo_100km,1.0,181.0,2.0,473.5992522819282,-30.9510372185291,-0.43781425324329604
A3_leo_100km,1.0,182.0,2.0,475.6242037784908,-31.10354020103534,-0.4853157363973182
A3_leo_100km,1.0,183.0,2.0,477.6314699715048,-31.229616125101334,-0.5306441951713481
A3_leo_100km,1.0,184.0,2.0,479.62106708187804,-31.32946846797946,-0.5736093802921616
A3_leo_100km,1.0,185.0,2.0,481.5930947057937,-31.40340634623051,-0.6140312288045457
A3_leo_100km,1.0,186.0,2.0,483.5477358835417,-31.451842146583697,-0.6517407357073957
A3_leo_100km,1.0,187.0,2.0,485.48525672498465,-31.475288886657626,-0.6865806778728611
A3_leo_100km,1.0,188.0,2.0,487.4060055912069,-31.47435731724446,-0.7184064212872876
A3_leo_100km,1.0,189.0,2.0,489.31041183393063,-31.449752774971973,-0.7470866586696268
A3_leo_100km,1.0,190.0,2.0,491.1989840978644,-31.4022717927962,-0.7725041052175641
A3_leo_100km,1.0,191.0,2.0,493.07230819528525,-31.33279847517967,-0.7945560978974697
A3_leo_100km,1.0,192.0,2.0,494.93104456398305,-31.242300641947995,-0.8131552496850603
A3_leo_100km,1.0,193.0,2.0,496.7759253235352,-31.131825745431385,-0.8282299191852971
A3_leo_100km,1.0,194.0,2.0,498.60775094807093,-31.00249656403875,-0.8397246832796412
A3_leo_100km,1.0,195.0,2.0,500.42738657479543,-30.855506674452915,-0.8476007255353579
A3_leo_100km,1.0,196.0,2.0,502.2357579723911,-30.692115706438816,-0.8518361321798729
A3_leo_100km,1.0,197.0,2.0,504.0338471931852,-30.513644381989113,-0.8524260772770909
A3_leo_100km,1.0,198.0,2.0,505.82268793668595,-30.32146934329205,-0.8493829951823351
A3_leo_100km,1.0,199.0,2.0,507.60336065277005,-30.117017773458876,-0.8427365303846912
A3_leo_100km,1.0,200.0,2.0,509.3769874142496,-29.90176181602866,-0.8325335320651384
A3_leo_100km,1.0,201.0,2.0,511.1447265901329,-29.677212799806174,-0.81883782752179
A3_leo_100km,1.0,202.0,2.0,512.9077673508539,-29.444915278081574,-0.8017299656342125
A3_leo_100km,1.0,203.0,2.0,514.6673240374733,-29.206440892976637,-0.7813068208517571
A3_leo_100km,1.0,204.0,2.0,516.4246304273356,-28.963382077694444,-0.7576811437308706
A3_leo_100km,1.0,205.0,2.0,518.1809339279159,-28.717345610984157,-0.7309808955175967
A3_leo_100km,1.0,206.0,2.0,519.9374897304343,-28.469946042715133,-0.7013486873064245
A3_leo_100km,1.0,207.0,2.0,521.6955549541896,-28.222799009240074,-0.6689408273166109
A3_leo_100km,1.0,208.0,2.0,523.4563828119582,-27.977514460894692,-0.6339266340762428
A3_leo_100km,1.0,209.0,2.0,525.2212168248127,-27.73568982803365,-0.5964874078183691
A3_leo_100km,1.0,210.0,2.0,526.9912851147759,-27.498903150746656,-0.5568153927653086
A3_leo_100km,1.0,211.0,2.0,528.7677948011808,-27.268706203719795,-0.5151126956244312
A3_leo_100km,1.0,212.0,2.0,530.5519265258654,-27.046617647022764,-0.4715901852399007
A3_leo_100km,1.0,213.0,2.0,532.3448291304509,-26.83411623713372,-0.4264662388502316
A3_leo_100km,1.0,214.0,2.0,534.1476145073566,-26.632634133258115,-0.37996550906838067
A3_leo_100km,1.0,215.0,2.0,535.9613526445538,-26.44355033634671,-0.3323177032870106
A3_leo_100km,1.0,216.0,2.0,537.7870668824256,-26.268184298991137,-0.28375624720622383
A3_leo_100km,1.0,217.0,2.0,539.6257293993485,-26.107789744813203,-0.23451701514076717
A3_leo_100km,1.0,218.0,2.0,541.4782569410913,-25.963548736955833,-0.18483702827643
A3_leo_100km,1.0,219.0,2.0,543.3455068072124,-25.836566035039255,-0.1349531735623799
A3_leo_100km,1.0,220.0,2.0,545.2282731067883,-25.727863779584137,-0.08510093815194963
A3_leo_100km,1.0,221.0,2.0,547.1272832934311,-25.63837654185175,-0.035513180293378355
A3_leo_100km,1.0,222.0,2.0,549.0431949892295,-25.56894677597432,0.013581070231083459
A3_leo_100km,1.0,223.0,2.0,550.976593104531,-25.520320708637634,0.06195775908324208
A3_leo_100km,1.0,224.0,2.0,552.9279872612867,-25.493144698679693,0.10939889440564343
A3_leo_100km,1.0,225.0,2.0,554.897809524489,-25.487962096983452,0.1556935971942508
A3_leo_100km,1.0,226.0,2.0,556.8864124467852,-25.50521063385025,0.20063905542944127
A3_leo_100km,1.0,227.0,2.0,558.8940674294959,-25.54522035722595,0.2440414374236255
A3_leo_100km,1.0,228.0,2.0,560.9209634031823,-25.60821214157727,0.2857166937957345
A3_leo_100km,1.0,229.0,2.0,562.9672058297533,-25.694296783078663,0.3254913499386447
A3_leo_100km,1.0,230.0,2.0,565.0328160270891,-25.803474692168038,0.3632031167302152
A3_leo_100km,1.0,231.0,2.0,567.1177308180595,-25.935636190068223,0.398701527960732
A3_leo_100km,1.0,232.0,2.0,569.2218025026009,-26.09056241084584,0.43184843681220997
A3_leo_100km,1.0,233.0,2.0,571.3447991549999,-26.267926805827457,0.4625184034745544
A3_leo_100km,1.0,234.0,2.0,573.4864052430112,-26.467297241968613,0.4905991449044578
A3_leo_100km,1.0,235.0,2.0,575.6462225705392,-26.688138681462803,0.5159916815911103
A3_leo_100km,1.0,236.0,2.0,577.8237715398964,-26.929816423797437,0.5386106017231107
A3_leo_100km,1.0,237.0,2.0,580.0184927340548,-27.191599888364948,0.558384196466033
A3_leo_100km,1.0,238.0,2.0,582.2297488147896,-27.472666910008492,0.5752544713302221
A3_leo_100km,1.0,239.0,2.0,584.4568267344307,-27.772108516032734,0.5891771990134131
A3_leo_100km,1.0,240.0,2.0,586.6989402588547,-28.088934150138467,0.6001217161459849
A3_leo_100km,1.0,241.0,2.0,588.9552327957563,-28.422077303994264,0.6080709336351298
A3_leo_100km,1.0,242.0,2.0,591.2247805254001,-28.770401515332278,0.6130210665009628
A3_leo_100km,1.0,243.0,2.0,593.5065958274861,-29.132706688479892,0.6149813986393582
A3_leo_100km,1.0,244.0,2.0,595.7996309983238,-29.507735691339132,0.6139740346511324
A3_leo_100km,1.0,245.0,2.0,598.1027822504057,-29.89418118119458,0.6100335177379179
A3_leo_100km,1.0,246.0,2.0,600.4148939873094,-30.290692611328662,0.6032064990901809
A3_leo_100km,1.0,247.0,2.0,602.7347633429295,-30.69588336984541,0.5935513356569722
A3_leo_100km,1.0,248.0,2.0,605.061144975963,-31.10833800197943,0.5811376041897631
A3_leo_100km,1.0,249.0,2.0,607.392756106162,-31.526619468792205,0.5660457046516854
A3_leo_100km,1.0,250.0,2.0,609.7282817792585,-31.949276395201842,0.5483663340828393
A3_leo_100km,1.0,251.0,2.0,612.0663803456627,-32.374850263238386,0.5281999991475494
A3_leo_100km,1.0,252.0,2.0,614.4056891356064,-32.80188250844951,0.5056564794996277
A3_leo_100km,1.0,253.0,2.0,616.7448303117683,-33.22892147760692,0.4808542182526132
A3_leo_100km,1.0,254.0,2.0,619.0824168797703,-33.65452921343248,0.45391991790388886
A3_leo_100km,1.0,255.0,2.0,621.4170588336606,-34.07728802951038,0.42498773263766054
A3_leo_100km,1.0,256.0,2.0,623.747369411919,-34.4958068465937,0.3941989527644907
A3_leo_100km,1.0,257.0,2.0,626.0719714389095,-34.908727262403794,0.3617011800236547
A3_leo_100km,1.0,258.0,2.0,628.3895037231943,-35.31472933112312,0.3276478486275991
A3_leo_100km,1.0,259.0,2.0,630.6986274830257,-35.7125370324658,0.2921975700189705
A3_leo_100km,1.0,260.0,2.0,632.9980327690666,-36.10092341379012,0.2555135083532889
A3_leo_100km,1.0,261.0,2.0,635.2864448501377,-36.47871539177405,0.21776279673169086
A3_leo_100km,1.0,262.0,2.0,637.5626305295017,-36.84479820415021,0.17911585492669246
A3_leo_100km,1.0,263.0,2.0,639.8254043558375,-37.19811950370211,0.13974575867692351
A3_leo_100km,1.0,264.0,2.0,642.0736346933038,-37.537693090884176,0.09982764140437084
A3_leo_100km,1.0,265.0,2.0,644.3062496145775,-37.86260228419236,0.0595379822367903
A3_leo_100km,1.0,266.0,2.0,646.5222425798032,-38.17200292752343,0.019054011097807688
A3_leo_100km,1.0,267.0,2.0,648.7206778650971,-38.46512603861196,-0.02144699032413655
A3_leo_100km,1.0,268.0,2.0,650.9006957046079,-38.74128010244604,-0.061788314059896265
A3_leo_100km,1.0,269.0,2.0,653.0615171098733,-38.99985301520026,-0.10179449887104397
A3_leo_100km,1.0,270.0,2.0,655.2024483336921,-39.24031368641678,-0.1412920150896113
A3_leo_100km,1.0,271.0,2.0,657.3228849438407,-39.46221330584532,-0.1801098655862532
A3_leo_100km,1.0,272.0,2.0,659.4223154775567,-39.66518628457383,-0.21808032870396232
A3_leo_100km,1.0,273.0,2.0,661.5003246473011,-39.84895087769891,-0.2550395608444944
A3_leo_100km,1.0,274.0,2.0,663.5565960713355,-40.01330949787807,-0.2908282581857158
A3_leo_100km,1.0,275.0,2.0,665.590914507643,-40.158148727543534,-0.32529231984890217
A3_leo_100km,1.0,276.0,2.0,667.6031675692768,-40.28343903837106,-0.3582835122641903
A3_leo_100km,1.0,277.0,2.0,669.5933469073934,-40.38923422552854,-0.3896600189117194
A3_leo_100km,1.0,278.0,2.0,671.5615488465891,-40.47567056372525,-0.41928716522843246
A3_leo_100km,1.0,279.0,2.0,673.507974466544,-40.542965692131894,-0.44703792669231746
A3_leo_100km,1.0,280.0,2.0,675.4329291238827,-40.591417233901254,-0.4727935884996093
A3_leo_100km,1.0,281.0,2.0,677.3368214139464,-40.621401156217814,-0.49644419622829616
A3_leo_100km,1.0,282.0,2.0,679.2201615771801,-40.633369875890054,-0.5178891890342818
A3_leo_100km,1.0,283.0,2.0,681.083559357233,-40.62785011528236,-0.5370378740474635
A3_leo_100km,1.0,284.0,2.0,682.9277213225163,-40.60544051274029,-0.5538098442969819
A3_leo_100km,1.0,285.0,2.0,684.7534476682418,-40.56680899231946,-0.5681354550373108
A3_leo_100km,1.0,286.0,2.0,686.5616285180569,-40.512689896871734,-0.5799561228894135
A3_leo_100km,1.0,287.0,2.0,688.3532397478674,-40.443880888281214,-0.589224814725231
A3_leo_100km,1.0,288.0,2.0,690.1293383595807,-40.361239620590794,-0.5959062015041816
A3_leo_100km,1.0,289.0,2.0,691.8910574334633,-40.265680190352704,-0.5999768675004624
A3_leo_100km,1.0,290.0,2.0,693.6396006914309,-40.158169370163144,-0.6014256645041627
A3_leo_100km,1.0,291.0,2.0,695.3762367056104,-40.03972263174704,-0.6002535916675988
A3_leo_100km,1.0,292.0,2.0,697.1022927886235,-39.911399966922275,-0.596473977165779
A3_leo_100km,1.0,293.0,2.0,698.8191486033304,-39.77430151352124,-0.5901125157068421
A3_leo_100km,1.0,294.0,2.0,700.528229530807,-39.62956299769216,-0.5812069995712044
A3_leo_100km,1.0,295.0,2.0,702.2309998367747,-39.478351002528726,-0.5698073994722108
A3_leo_100km,1.0,296.0,2.0,703.9289556756249,-39.321858076630356,-0.5559754487758362
A3_leo_100km,1.0,297.0,2.0,705.6236179734252,-39.161297695576636,-0.5397844439332111
A3_leo_100km,1.0,298.0,2.0,707.3165252281881,-38.997899094101115,-0.5213189228285842
A3_leo_100km,1.0,299.0,2.0,709.0092262676574,-38.832901983640866,-0.5006741470663378
A3_leo_100km,1.0,300.0,2.0,710.7032730021476,-38.6675511769079,-0.4779557163194781
A3_leo_100km,1.0,301.0,2.0,712.4002132093673,-38.50309113850159,-0.4532789363964618
A3_leo_100km,1.0,302.0,2.0,714.1015833872058,-38.34076048469193,-0.42676825550458375
A3_leo_100km,1.0,303.0,2.0,715.8089017075017,-38.18178645553694,-0.39855665474952673
A3_leo_100km,1.0,304.0,2.0,717.52366110375,-38.02737938462375,-0.36878474078072543
A3_leo_100km,1.0,305.0,2.0,719.247322522328,-37.87872719381946,-0.3376002766621866
A3_leo_100km,1.0,306.0,2.0,720.9813083656038,-37.73698993861352,-0.3051571168750655
A3_leo_100km,1.0,307.0,2.0,722.726996152925,-37.60329443446064,-0.2716145493746325
A3_leo_100km,1.0,308.0,2.0,724.4857124238163,-37.47872899214988,-0.23713635860067583
A3_leo_100km,1.0,309.0,2.0,726.2587269046079,-37.36433829249197,-0.2018899333204871
A3_leo_100km,1.0,310.0,2.0,728.047246959322,-37.26111842974289,-0.16604542995279914
A3_leo_100km,1.0,311.0,2.0,729.8524123416155,-37.1700121542311,-0.129774795155857
A3_leo_100km,1.0,312.0,2.0,731.6752902646105,-37.091904343076635,-0.09325088715828045
A3_leo_100km,1.0,313.0,2.0,733.516870801859,-37.02761772928831,-0.056646577915042684
A3_leo_100km,1.0,314.0,2.0,735.3780626325387,-36.97790891564523,-0.02013383509602562
A3_leo_100km,1.0,315.0,2.0,737.2596891408597,-36.943464701777,0.01611714807348008
A3_leo_100km,1.0,316.0,2.0,739.162484879054,-36.92489874933314,0.051938810534224444
A3_leo_100km,1.0,317.0,2.0,741.0870924014484,-36.922748608814175,0.08716705903921707
A3_leo_100km,1.0,318.0,2.0,743.0340594770748,-36.93747312963236,0.12164206311737757
A3_leo_100km,1.0,319.0,2.0,745.0038366841372,-36.9694502732445,0.1552090266021544
A3_leo_100km,1.0,320.0,2.0,746.9967753926466,-37.01897534534737,0.18771887443325141
A3_leo_100km,1.0,321.0,2.0,749.0131261372626,-37.08625966129331,0.2190289819590241
A3_leo_100km,1.0,322.0,2.0,751.0530373825495,-37.171429655836974,0.24900375455905177
A3_leo_100km,1.0,323.0,2.0,753.1165546839495,-37.27452644436635,0.2775152300533712
A3_leo_100km,1.0,324.0,2.0,755.2036202436117,-37.39550584059303,0.30444358133463467
A3_leo_100km,1.0,325.0,2.0,757.3140728630523,-37.53423883125073,0.32967760858415573
A3_leo_100km,1.0,326.0,2.0,759.4476482909059,-37.69051250561661,0.35311512034130743
A3_leo_100km,1.0,327.0,2.0,761.6039799674072,-37.864031433783474,0.37466333918123595
A3_leo_100km,1.0,328.0,2.0,763.7826001619233,-38.05441948458066,0.3942391428468639
A3_leo_100km,1.0,329.0,2.0,765.9829415039679,-38.26122207005245,0.4117693605776296
A3_leo_100km,1.0,330.0,2.0,768.2043389044679,-38.48390880111463,0.427190968043778
A3_leo_100km,1.0,331.0,2.0,770.4460318641065,-38.7218765349191,0.44045113323587515
A3_leo_100km,1.0,332.0,2.0,772.7071671676206,-38.974452792805536,0.45150744508104523
A3_leo_100km,1.0,333.0,2.0,774.9868019567741,-39.24089952313459,0.46032781293270375
A3_leo_100km,1.0,334.0,2.0,777.2839071799626,-39.52041718397581,0.46689053324389107
A3_leo_100km,1.0,335.0,2.0,779.5973714116197,-39.812149115071804,0.4711842440894287
A3_leo_100km,1.0,336.0,2.0,781.9260050347985,-40.11518616960785,0.4732076605793445
A3_leo_100km,1.0,337.0,2.0,784.2685447792651,-40.42857157349333,0.4729696853895682
A3_leo_100km,1.0,338.0,2.0,786.6236586067829,-40.75130597852849,0.47048900619417466
A3_leo_100km,1.0,339.0,2.0,788.9899509320203,-41.08235267755678,0.4657939754335594
A3_leo_100km,1.0,340.0,2.0,791.3659681688302,-41.420642944821395,0.45892233197886156
A3_leo_100km,1.0,341.0,2.0,793.7502045869606,-41.76508147019264,0.4499208984061198
A3_leo_100km,1.0,342.0,2.0,796.1411084655787,-42.11455185202695,0.43884526884996333
A3_leo_100km,1.0,343.0,2.0,798.5370885247456,-42.46792211641903,0.42575949796930246
A3_leo_100km,1.0,344.0,2.0,800.9365206175237,-42.82405023032254,0.41073568043703546
A3_leo_100km,1.0,345.0,2.0,803.3377546605709,-43.181789579054275,0.39385360640853406
A3_leo_100km,1.0,346.0,2.0,805.7391217795013,-43.53999437709844,0.3752003094836809
A3_leo_100km,1.0,347.0,2.0,808.1389416449593,-43.89752498711541,0.35486967584086315
A3_leo_100km,1.0,348.0,2.0,810.5355299697334,-44.25325311917394,0.3329619896819125
A3_leo_100km,1.0,349.0,2.0,812.9272061373947,-44.60606688908841,0.3095834438413547
A3_leo_100km,1.0,350.0,2.0,815.312300931865,-44.9548757119218,0.28484571356912625
A3_leo_100km,1.0,351.0,2.0,817.6891643294318,-45.29861501402532,0.25886545993225596
A3_leo_100km,1.0,352.0,2.0,820.0561733210058,-45.63625074398914,0.23176382117107153
A3_leo_100km,1.0,353.0,2.0,822.4117397229495,-45.96678366976148,0.20366591938536516
A3_leo_100km,1.0,354.0,2.0,824.7543179374302,-46.28925344728607,0.17470035782185533
A3_leo_100km,1.0,355.0,2.0,827.0824126214541,-46.602742451776535,0.14499869688844313
A3_leo_100km,1.0,356.0,2.0,829.3945862185361,-46.906379360974526,0.11469493055038527
A3_leo_100km,1.0,357.0,2.0,831.6894663138002,-47.19934248429914,0.08392496900810897
A3_leo_100km,1.0,358.0,2.0,833.9657527633544,-47.48086283282227,0.05282609722900844
A3_leo_100km,1.0,359.0,2.0,836.2222245563123,-47.75022692493103,0.021536456137560833
A3_leo_100km,1.0,360.0,2.0,838.4577463640035,-48.006779326135614,-0.00980552704588078
A4_leo_300km_drift,0.0,0.0,2.0,301.49051405473836,0.0,0.0
A4_leo_300km_drift,0.0,1.0,2.0,305.68393323981184,0.14246339545165299,0.0
A4_leo_300km_drift,0.0,2.0,2.0,309.8784186558078,0.5574758085571396,0.0
A4_leo_300km_drift,0.0,3.0,2.0,314.081515324796,1.226522159615051,0.0
A4_leo_300km_drift,0.0,4.0,2.0,318.30080666787416,2.131126252015836,0.0
A4_leo_300km_drift,0.0,5.0,2.0,322.54387035293064,3.2528236445874548,0.0
A4_leo_300km_drift,0.0,6.0,2.0,326.8182343243476,4.573146429371455,0.0
A4_leo_300km_drift,0.0,7.0,2.0,331.1313333307202,6.073619426665733,0.0
A4_leo_300km_drift,0.0,8.0,2.0,335.490466271048,7.735767232910806,0.0
A4_leo_300km_drift,0.0,9.0,2.0,339.9027546785872,9.541131464208874,0.0
A4_leo_300km_drift,0.0,10.0,2.0,344.37510265442404,11.47129743523001,0.0
A4_leo_300km_drift,0.0,11.0,2.0,348.91415854998684,13.507929407329033,0.0
A4_leo_300km_drift,0.0,12.0,2.0,353.5262786796957,15.632813437871373,0.0
A4_leo_300km_drift,0.0,13.0,2.0,358.2174933216848,17.827906770710555,0.0
A4_leo_300km_drift,0.0,14.0,2.0,362.9934752371021,20.075392631336175,0.0
A4_leo_300km_drift,0.0,15.0,2.0,367.85951090707766,22.357739234259544,0.0
A4_leo_300km_drift,0.0,16.0,2.0,372.82047465220455,24.65776177734691,0.0
A4_leo_300km_drift,0.0,17.0,2.0,377.8808057628011,26.958686191221215,0.0
A4_leo_300km_drift,0.0,18.0,2.0,383.04448873053997,29.244213431581123,0.0
A4_leo_300km_drift,0.0,19.0,2.0,388.3150366338654,31.498583148363846,0.0
A4_leo_300km_drift,0.0,20.0,2.0,393.6954776920705,33.7066356365856,0.0
A4_leo_300km_drift,0.0,21.0,2.0,399.188344966771,35.8538710657621,0.0
A4_leo_300km_drift,0.0,22.0,2.0,404.7956691554535,37.92650509575601,0.0
A4_leo_300km_drift,0.0,23.0,2.0,410.51897439083217,39.91152011136556,0.0
A4_leo_300km_drift,0.0,24.0,2.0,416.359276931858,41.79671144145169,0.0
A4_leo_300km_drift,0.0,25.0,2.0,422.31708660857515,43.570728066765874,0.0
A4_leo_300km_drift,0.0,26.0,2.0,428.39241086328553,45.223107458234324,0.0
A4_leo_300km_drift,0.0,27.0,2.0,434.58476121504634,46.744304320623264,0.0
A4_leo_300km_drift,0.0,28.0,2.0,440.8931619634425,48.12571314136882,0.0
A4_leo_300km_drift,0.0,29.0,2.0,447.316160940813,49.359684557571,0.0
A4_leo_300km_drift,0.0,30.0,2.0,453.8518421188593,50.439535653537874,0.0
A4_leo_300km_drift,0.0,31.0,2.0,460.4978398765881,51.35955438547857,0.0
A4_leo_300km_drift,0.0,32.0,2.0,467.25135474031816,52.1149983977196,0.0
A4_leo_300km_drift,0.0,33.0,2.0,474.1091704132864,52.7020885468219,0.0
A4_leo_300km_drift,0.0,34.0,2.0,481.0676719218196,53.117997486275215,0.0
A4_leo_300km_drift,0.0,35.0,2.0,488.1228647158135,53.36083368644174,0.0
A4_leo_300km_drift,0.0,36.0,2.0,495.27039457422364,53.429621274021514,0.0
A4_leo_300km_drift,0.0,37.0,2.0,502.5055681794711,53.32427607367496,0.0
A4_leo_300km_drift,0.0,38.0,2.0,509.82337423936883,53.04557822456246,0.0
A4_leo_300km_drift,0.0,39.0,2.0,517.2185050490272,52.59514172779056,0.0
A4_leo_300km_drift,0.0,40.0,2.0,524.6853784001961,51.97538125989709,0.0
A4_leo_300km_drift,0.0,41.0,2.0,532.2181597588528,51.189476563595626,0.0
A4_leo_300km_drift,0.0,42.0,2.0,539.8107846457,50.24133470302683,0.0
A4_leo_300km_drift,0.0,43.0,2.0,547.4569811661867,49.13555044698725,0.0
A4_leo_300km_drift,0.0,44.0,2.0,555.1502926489003,47.877365022391146,0.0
A4_leo_300km_drift,0.0,45.0,2.0,562.8841003610136,46.47262346126091,0.0
A4_leo_300km_drift,0.0,46.0,2.0,570.6516462786037,44.92773074982681,0.0
A4_leo_300km_drift,0.0,47.0,2.0,578.4460558984705,43.249606977164845,0.0
A4_leo_300km_drift,0.0,48.0,2.0,586.2603610835187,41.445641673268696,0.0
A4_leo_300km_drift,0.0,49.0,2.0,594.0875229401075,39.52364752322435,0.0
A4_leo_300km_drift,0.0,50.0,2.0,601.9204547292152,37.491813643709015,0.0
A4_leo_300km_drift,0.0,51.0,2.0,609.7520448160459,35.358658610524344,0.0
A4_leo_300km_drift,0.0,52.0,2.0,617.5751796642322,33.13298343010196,0.0
A4_leo_300km_drift,0.0,53.0,2.0,625.3827668808073,30.82382465350353,0.0
A4_leo_300km_drift,0.0,54.0,2.0,633.1677583167424,28.44040783701418,0.0
A4_leo_300km_drift,0.0,55.0,2.0,640.9231732258072,25.992101558812486,0.0
A4_leo_300km_drift,0.0,56.0,2.0,648.642121480954,23.488372204451213,0.0
A4_leo_300km_drift,0.0,57.0,2.0,656.3178268425604,20.938739735933076,0.0
A4_leo_300km_drift,0.0,58.0,2.0,663.9436502670433,18.35273465751497,0.0
A4_leo_300km_drift,0.0,59.0,2.0,671.5131132383852,15.739856386890683,0.0
A4_leo_300km_drift,0.0,60.0,2.0,679.0199210964442,13.109533232370296,0.0
A4_leo_300km_drift,0.0,61.0,2.0,686.4579863278053,10.47108416445397,0.0
A4_leo_300km_drift,0.0,62.0,2.0,693.8214517762905,7.833682554054366,0.0
A4_leo_300km_drift,0.0,63.0,2.0,701.1047137189668,5.206322030750776,0.0
A4_leo_300km_drift,0.0,64.0,2.0,708.302444744122,2.5977845902973584,0.0
A4_leo_300km_drift,0.0,65.0,2.0,715.4096163563189,0.01661105588723899,0.0
A4_leo_300km_drift,0.0,66.0,2.0,722.4215212224518,-2.5289260319776297,0.0
A4_leo_300km_drift,0.0,67.0,2.0,729.3337949615635,-5.030847051204823,0.0
A4_leo_300km_drift,0.0,68.0,2.0,736.1424373701021,-7.481487445568646,0.0
A4_leo_300km_drift,0.0,69.0,2.0,742.8438329631846,-9.87351740083664,0.0
A4_leo_300km_drift,0.0,70.0,2.0,749.4347707027175,-12.199959097707325,0.0
A4_leo_300km_drift,0.0,71.0,2.0,755.9124627727821,-14.454201618573137,0.0
A4_leo_300km_drift,0.0,72.0,2.0,762.2745622552972,-16.630013612991768,0.0
A4_leo_300km_drift,0.0,73.0,2.0,768.5191795506232,-18.721553850641115,0.0
A4_leo_300km_drift,0.0,74.0,2.0,774.6448973828609,-20.723379811767195,0.0
A4_leo_300km_drift,0.0,75.0,2.0,780.6507842253433,-22.63045448226464,0.0
A4_leo_300km_drift,0.0,76.0,2.0,786.5364059798238,-24.43815153273121,0.0
A4_leo_300km_drift,0.0,77.0,2.0,792.3018357433739,-26.14225906932255,0.0
A4_leo_300km_drift,0.0,78.0,2.0,797.9476614998357,-27.73898214683479,0.0
A4_leo_300km_drift,0.0,79.0,2.0,803.4749915778315,-29.224944232852934,0.0
A4_leo_300km_drift,0.0,80.0,2.0,808.885457725803,-30.59718780506948,0.0
A4_leo_300km_drift,0.0,81.0,2.0,814.1812156656654,-31.853174252433725,0.0
A4_leo_300km_drift,0.0,82.0,2.0,819.3649429999789,-32.99078323532534,0.0
A4_leo_300km_drift,0.0,83.0,2.0,824.4398343652142,-34.008311640065344,0.0
A4_leo_300km_drift,0.0,84.0,2.0,829.4095937424743,-34.90447224033488,0.0
A4_leo_300km_drift,0.0,85.0,2.0,834.2784238595456,-35.678392152200814,0.0
A4_leo_300km_drift,0.0,86.0,2.0,839.0510126426557,-36.32961114121969,0.0
A4_leo_300km_drift,0.0,87.0,2.0,843.7325167028021,-36.858079811181724,0.0
A4_leo_300km_drift,0.0,88.0,2.0,848.3285418700237,-37.26415767369762,0.0
A4_leo_300km_drift,0.0,89.0,2.0,852.8451208186952,-37.548611068038085,0.0
A4_leo_300km_drift,0.0,90.0,2.0,857.2886878572727,-37.71261087176781,0.0
A4_leo_300km_drift,0.0,91.0,2.0,861.6660509870933,-37.7577299153975,0.0
A4_leo_300km_drift,0.0,92.0,2.0,865.9843613655913,-37.68593998957037,0.0
A4_leo_300km_drift,0.0,93.0,2.0,870.2510803389051,-37.49960831169696,0.0
A4_leo_300km_drift,0.0,94.0,2.0,874.4739442384257,-37.20149330110934,0.0
A4_leo_300km_drift,0.0,95.0,2.0,878.6609271619654,-36.794739498403395,0.0
A4_leo_300km_drift,0.0,96.0,2.0,882.8202019853486,-36.28287145592823,0.0
A4_leo_300km_drift,0.0,97.0,2.0,886.9600998721501,-35.669786422844574,0.0
A4_leo_300km_drift,0.0,98.0,2.0,891.0890685675179,-34.95974564995308,0.0
A4_leo_300km_drift,0.0,99.0,2.0,895.215629777475,-34.15736414665638,0.0
A4_leo_300km_drift,0.0,100.0,2.0,899.3483359461134,-33.2675987349682,0.0
A4_leo_300km_drift,0.0,101.0,2.0,903.4957267501658,-32.295734263072085,0.0
A4_leo_300km_drift,0.0,102.0,2.0,907.6662856334746,-31.24736786331006,0.0
A4_leo_300km_drift,0.0,103.0,2.0,911.8683967023886,-30.128391166442725,0.0
A4_leo_300km_drift,0.0,104.0,2.0,916.1103022979917,-28.944970414118476,0.0
A4_leo_300km_drift,0.0,105.0,2.0,920.4000615508662,-27.703524445131578,0.0
A4_leo_300km_drift,0.0,106.0,2.0,924.7455102115517,-26.4107005668488,0.0
A4_leo_300km_drift,0.0,107.0,2.0,929.1542220322137,-25.073348359812453,0.0
A4_leo_300km_drift,0.0,108.0,2.0,933.6334719554407,-23.698491501608743,0.0
A4_leo_300km_drift,0.0,109.0,2.0,938.1902013430362,-22.293297732630002,0.0
A4_leo_300km_drift,0.0,110.0,2.0,942.8309854524317,-20.86504712255355,0.0
A4_leo_300km_drift,0.0,111.0,2.0,947.5620033414148,-19.42109882974119,0.0
A4_leo_300km_drift,0.0,112.0,2.0,952.389010353562,-17.96885657663516,0.0
A4_leo_300km_drift,0.0,113.0,2.0,957.3173133072647,-16.51573309085652,0.0
A4_leo_300km_drift,0.0,114.0,2.0,962.351748482336,-15.069113785085797,0.0
A4_leo_300km_drift,0.0,115.0,2.0,967.496662468032,-13.636319966369825,0.0
A4_leo_300km_drift,0.0,116.0,2.0,972.7558959085334,-12.224571878909352,0.0
A4_leo_300km_drift,0.0,117.0,2.0,978.132770153729,-10.840951892145956,0.0
A4_leo_300km_drift,0.0,118.0,2.0,983.6300767970799,-9.492368148957375,0.0
A4_leo_300km_drift,0.0,119.0,2.0,989.250070058669,-8.185518985677653,0.0
A4_leo_300km_drift,0.0,120.0,2.0,994.994461948362,-6.9268584292991875,0.0
A4_leo_300km_drift,0.0,121.0,2.0,1000.8644201251878,-5.722563064177066,0.0
A4_leo_300km_drift,0.0,122.0,2.0,1006.8605683510344,-4.578500545817654,0.0
A4_leo_300km_drift,0.0,123.0,2.0,1012.9829894224882,-3.500200018347055,0.0
A4_leo_300km_drift,0.0,124.0,2.0,1019.2312304525983,-2.492824670705218,0.0
A4_leo_300km_drift,0.0,125.0,2.0,1025.6043103651316,-1.5611466407481345,0.0
A4_leo_300km_drift,0.0,126.0,2.0,1032.1007294572944,-0.7095244496095887,0.0
A4_leo_300km_drift,0.0,127.0,2.0,1038.7184808828943,0.05811687972734347,0.0
A4_leo_300km_drift,0.0,128.0,2.0,1045.4550639064591,0.7383028948471093,0.0
A4_leo_300km_drift,0.0,129.0,2.0,1052.3074987794726,1.3280238816744117,0.0
A4_leo_300km_drift,0.0,130.0,2.0,1059.2723430925819,1.824746061430016,0.0
A4_leo_300km_drift,0.0,131.0,2.0,1066.3457094623998,2.226419778929678,0.0
A4_leo_300km_drift,0.0,132.0,2.0,1073.5232844177465,2.5314846719193262,0.0
A4_leo_300km_drift,0.0,133.0,2.0,1080.8003483570294,2.7388718377072685,0.0
A4_leo_300km_drift,0.0,134.0,2.0,1088.1717964590102,2.8480030383892796,0.0
A4_leo_300km_drift,0.0,135.0,2.0,1095.632160435719,2.858787009146546,0.0
A4_leo_300km_drift,0.0,136.0,2.0,1103.1756310291873,2.7716129564177017,0.0
A4_leo_300km_drift,0.0,137.0,2.0,1110.796081162654,2.5873413523180844,0.0
A4_leo_300km_drift,0.0,138.0,2.0,1118.487089666582,2.307292150528717,0.0
A4_leo_300km_drift,0.0,139.0,2.0,1126.241965512554,1.933230565345223,0.0
A4_leo_300km_drift,0.0,140.0,2.0,1134.0537724953103,1.4673505705342649,0.0
A4_leo_300km_drift,0.0,141.0,2.0,1141.9153543151567,0.9122562879189111,0.0
A4_leo_300km_drift,0.0,142.0,2.0,1149.8193600197349,0.27094144698036615,0.0
A4_leo_300km_drift,0.0,143.0,2.0,1157.7582697732903,-0.45323289334042727,0.0
A4_leo_300km_drift,0.0,144.0,2.0,1165.724420928601,-1.256562161619179,0.0
A4_leo_300km_drift,0.0,145.0,2.0,1173.7100343817156,-2.135023424329141,0.0
A4_leo_300km_drift,0.0,146.0,2.0,1181.7072411944864,-3.084301659904032,0.0
A4_leo_300km_drift,0.0,147.0,2.0,1189.7081094748676,-4.099816944276746,0.0
A4_leo_300km_drift,0.0,148.0,2.0,1197.7046715037447,-5.176752334836721,0.0
A4_leo_300km_drift,0.0,149.0,2.0,1205.688951101489,-6.310082241320014,0.0
A4_leo_300km_drift,0.0,150.0,2.0,1213.6529912232652,-7.494601075174412,0.0
A4_leo_300km_drift,0.0,151.0,2.0,1221.5888817718394,-8.72495197421852,0.0
A4_leo_300km_drift,0.0,152.0,2.0,1229.4887876124758,-9.995655406883852,0.0
A4_leo_300km_drift,0.0,153.0,2.0,1237.34497676908,-11.301137469216016,0.0
A4_leo_300km_drift,0.0,154.0,2.0,1245.1498487738552,-12.63575769892622,0.0
A4_leo_300km_drift,0.0,155.0,2.0,1252.8959631362022,-13.993836243828106,0.0
A4_leo_300km_drift,0.0,156.0,2.0,1260.5760678856652,-15.369680236274608,0.0
A4_leo_300km_drift,0.0,157.0,2.0,1268.1831281350255,-16.757609241116356,0.0
A4_leo_300km_drift,0.0,158.0,2.0,1275.710354596661,-18.151979661779283,0.0
A4_leo_300km_drift,0.0,159.0,2.0,1283.1512319751712,-19.5472080077419,0.0
A4_leo_300km_drift,0.0,160.0,2.0,1290.4995471441302,-20.937792944383027,0.0
A4_leo_300km_drift,0.0,161.0,2.0,1297.7494170031139,-22.318336066583733,0.0
A4_leo_300km_drift,0.0,162.0,2.0,1304.8953158966294,-23.683561355494653,0.0
A4_leo_300km_drift,0.0,163.0,2.0,1311.9321024632877,-25.02833329778298,0.0
A4_leo_300km_drift,0.0,164.0,2.0,1318.8550457702872,-26.34767366395252,0.0
A4_leo_300km_drift,0.0,165.0,2.0,1325.6598505748493,-27.63677695990463,0.0
A4_leo_300km_drift,0.0,166.0,2.0,1332.3426815436417,-28.891024582066827,0.0
A4_leo_300km_drift,0.0,167.0,2.0,1338.9001862491548,-30.105997719577893,0.0
A4_leo_300km_drift,0.0,168.0,2.0,1345.329516754488,-31.277489060112185,0.0
A4_leo_300km_drift,0.0,169.0,2.0,1351.6283495893917,-32.401513365638124,0.0
A4_leo_300km_drift,0.0,170.0,2.0,1357.7949039172288,-33.474316991649374,0.0
A4_leo_300km_drift,0.0,171.0,2.0,1363.8279576886302,-34.49238642933672,0.0
A4_leo_300km_drift,0.0,172.0,2.0,1369.7268615797,-35.45245595185342,0.0
A4_leo_300km_drift,0.0,173.0,2.0,1375.4915505154092,-36.35151444650386,0.0
A4_leo_300km_drift,0.0,174.0,2.0,1381.1225525862346,-37.18681151169933,0.0
A4_leo_300km_drift,0.0,175.0,2.0,1386.6209951764824,-37.9558628925043,0.0
A4_leo_300km_drift,0.0,176.0,2.0,1391.9886081369373,-38.656455321587124,0.0
A4_leo_300km_drift,0.0,177.0,2.0,1397.2277238517868,-39.28665082277982,0.0
A4_leo_300km_drift,0.0,178.0,2.0,1402.3412740711,-39.84479052355283,0.0
A4_leo_300km_drift,0.0,179.0,2.0,1407.3327834038867,-40.32949801012009,0.0
A4_leo_300km_drift,0.0,180.0,2.0,1412.2063593950988,-40.73968224541513,0.0
A4_leo_300km_drift,0.0,181.0,2.0,1416.966679138536,-41.07454005602662,0.0
A4_leo_300km_drift,0.0,182.0,2.0,1421.6189724119813,-41.33355817937678,0.0
A4_leo_300km_drift,0.0,183.0,2.0,1426.1690013526722,-41.516514848710884,0.0
A4_leo_300km_drift,0.0,184.0,2.0,1430.623036728804,-41.62348087922041,0.0
A4_leo_300km_drift,0.0,185.0,2.0,1434.9878308977554,-41.6548202061211,0.0
A4_leo_300km_drift,0.0,186.0,2.0,1439.2705875778236,-41.61118981422929,0.0
A4_leo_300km_drift,0.0,187.0,2.0,1443.478928596124,-41.49353898870789,0.0
A4_leo_300km_drift,0.0,188.0,2.0,1447.6208578094095,-41.303107809206985,0.0
A4_leo_300km_drift,0.0,189.0,2.0,1451.704722426614,-41.0414248040305,0.0
A4_leo_300km_drift,0.0,190.0,2.0,1455.7391719916338,-40.71030367817308,0.0
A4_leo_300km_drift,0.0,191.0,2.0,1459.7331153115613,-40.31183902851243,0.0
A4_leo_300km_drift,0.0,192.0,2.0,1463.6956756381958,-39.848400961840284,0.0
A4_leo_300km_drift,0.0,193.0,2.0,1467.6361444297825,-39.32262853612167,0.0
A4_leo_300km_drift,0.0,194.0,2.0,1471.563934034176,-38.7374219529888,0.0
A4_leo_300km_drift,0.0,195.0,2.0,1475.488529644659,-38.09593343927187,0.0
A4_leo_300km_drift,0.0,196.0,2.0,1479.4194408845672,-37.40155676738777,0.0
A4_leo_300km_drift,0.0,197.0,2.0,1483.3661533775971,-36.657915379092465,0.0
A4_leo_300km_drift,0.0,198.0,2.0,1487.3380806558994,-35.86884909223098,0.0
A4_leo_300km_drift,0.0,199.0,2.0,1491.3445167495959,-35.03839938819375,0.0
A4_leo_300km_drift,0.0,200.0,2.0,1495.3945897883202,-34.17079329582151,0.0
A4_leo_300km_drift,0.0,201.0,2.0,1499.4972169283008,-33.27042590663653,0.0
A4_leo_300km_drift,0.0,202.0,2.0,1503.6610608981484,-32.3418415759611,0.0
A4_leo_300km_drift,0.0,203.0,2.0,1507.8944884334326,-31.389713883274162,0.0
A4_leo_300km_drift,0.0,204.0,2.0,1512.2055308436131,-30.418824444918613,0.0
A4_leo_300km_drift,0.0,205.0,2.0,1516.6018469280034,-29.434040689365837,0.0
A4_leo_300km_drift,0.0,206.0,2.0,1521.0906884271933,-28.440292722972327,0.0
A4_leo_300km_drift,0.0,207.0,2.0,1525.6788681670237,-27.442549428997154,0.0
A4_leo_300km_drift,0.0,208.0,2.0,1530.372731021399,-26.44579395669977,0.0
A4_leo_300km_drift,0.0,209.0,2.0,1535.178127789829,-25.454998768609016,0.0
A4_leo_300km_drift,0.0,210.0,2.0,1540.1003920566518,-24.475100423916984,0.0
A4_leo_300km_drift,0.0,211.0,2.0,1545.1443200689775,-23.510974282462183,0.0
A4_leo_300km_drift,0.0,212.0,2.0,1550.3141536446035,-22.567409319294462,0.0
A4_leo_300km_drift,0.0,213.0,2.0,1555.6135660954433,-21.649083240649514,0.0
A4_leo_300km_drift,0.0,214.0,2.0,1561.0456511273972,-20.760538093441916,0.0
A4_leo_300km_drift,0.0,215.0,2.0,1566.6129146587266,-19.906156556091403,0.0
A4_leo_300km_drift,0.0,216.0,2.0,1572.31726947842,-19.090139094333658,0.0
A4_leo_300km_drift,0.0,217.0,2.0,1578.160032650823,-18.316482158031278,0.0
A4_leo_300km_drift,0.0,218.0,2.0,1584.141925558956,-17.588957585194187,0.0
A4_leo_300km_drift,0.0,219.0,2.0,1590.2630764681433,-16.91109336878993,0.0
A4_leo_300km_drift,0.0,220.0,2.0,1596.5230254828468,-16.286155928297852,0.0
A4_leo_300km_drift,0.0,221.0,2.0,1602.9207317642088,-15.717134013505607,0.0
A4_leo_300km_drift,0.0,222.0,2.0,1609.4545828709497,-15.206724353300949,0.0
A4_leo_300km_drift,0.0,223.0,2.0,1616.1224060868944,-14.757319143865466,0.0
A4_leo_300km_drift,0.0,224.0,2.0,1622.9214815967978,-14.370995455004643,0.0
A4_leo_300km_drift,0.0,225.0,2.0,1629.8485573764494,-14.049506614180807,0.0
A4_leo_300km_drift,0.0,226.0,2.0,1636.899865666391,-13.794275610269136,0.0
A4_leo_300km_drift,0.0,227.0,2.0,1644.0711409042567,-13.606390540459756,0.0
A4_leo_300km_drift,0.0,228.0,2.0,1651.3576389969949,-13.486602105852619,0.0
A4_leo_300km_drift,0.0,229.0,2.0,1658.7541578243952,-13.435323143164535,0.0
A4_leo_300km_drift,0.0,230.0,2.0,1666.255058870538,-13.452630163043988,0.0
A4_leo_300km_drift,0.0,231.0,2.0,1673.85428989096,-13.53826684863213,0.0
A4_leo_300km_drift,0.0,232.0,2.0,1681.5454085333959,-13.691649452315158,0.0
A4_leo_300km_drift,0.0,233.0,2.0,1689.3216068370539,-13.91187401383931,0.0
A4_leo_300km_drift,0.0,234.0,2.0,1697.1757365467702,-14.197725309253784,0.0
A4_leo_300km_drift,0.0,235.0,2.0,1705.1003351875547,-14.547687427631573,0.0
A4_leo_300km_drift,0.0,236.0,2.0,1713.0876528506878,-14.959955861448826,0.0
A4_leo_300km_drift,0.0,237.0,2.0,1721.1296796563452,-15.432450986733404,0.0
A4_leo_300km_drift,0.0,238.0,2.0,1729.218173856059,-15.962832800823445,0.0
A4_leo_300km_drift,0.0,239.0,2.0,1737.3446905541396,-16.548516779041123,0.0
A4_leo_300km_drift,0.0,240.0,2.0,1745.5006110238423,-17.18669070645662,0.0
A4_leo_300km_drift,0.0,241.0,2.0,1753.6771726024758,-17.87433233762581,0.0
A4_leo_300km_drift,0.0,242.0,2.0,1761.86549915007,-18.60822773542825,0.0
A4_leo_300km_drift,0.0,243.0,2.0,1770.0566320570538,-19.384990140335123,0.0
A4_leo_300km_drift,0.0,244.0,2.0,1778.2415617859685,-20.201079223056695,0.0
A4_leo_300km_drift,0.0,245.0,2.0,1786.4112599295802,-21.052820576709763,0.0
A4_leo_300km_drift,0.0,246.0,2.0,1794.5567117639796,-21.936425310211227,0.0
A4_leo_300km_drift,0.0,247.0,2.0,1802.6689492678922,-22.84800961018396,0.0
A4_leo_300km_drift,0.0,248.0,2.0,1810.7390845754303,-23.78361414741459,0.0
A4_leo_300km_drift,0.0,249.0,2.0,1818.7583438166728,-24.739223212562944,0.0
A4_leo_300km_drift,0.0,250.0,2.0,1826.7181012922747,-25.710783476204035,0.0
A4_leo_300km_drift,0.0,251.0,2.0,1834.6099139154392,-26.694222279389557,0.0
A4_leo_300km_drift,0.0,252.0,2.0,1842.4255558421607,-27.685465373482376,0.0
A4_leo_300km_drift,0.0,253.0,2.0,1850.1570531938044,-28.680454039228476,0.0
A4_leo_300km_drift,0.0,254.0,2.0,1857.7967187642428,-29.67516152946237,0.0
A4_leo_300km_drift,0.0,255.0,2.0,1865.337186584201,-30.665608791129007,0.0
A4_leo_300km_drift,0.0,256.0,2.0,1872.771446200575,-31.647879436003556,0.0
A4_leo_300km_drift,0.0,257.0,2.0,1880.0928765120204,-32.61813394112689,0.0
A4_leo_300km_drift,0.0,258.0,2.0,1887.2952789847968,-33.57262307188602,0.0
A4_leo_300km_drift,0.0,259.0,2.0,1894.3729100568448,-34.50770053099017,0.0
A4_leo_300km_drift,0.0,260.0,2.0,1901.3205125242864,-35.41983484606792,0.0
A4_leo_300km_drift,0.0,261.0,2.0,1908.1333456895036,-36.30562051724606,0.0
A4_leo_300km_drift,0.0,262.0,2.0,1914.807214040111,-37.16178845248086,0.0
A4_leo_300km_drift,0.0,263.0,2.0,1921.3384942165685,-37.98521572353053,0.0
A4_leo_300km_drift,0.0,264.0,2.0,1927.7241600214334,-38.77293467908416,0.0
A4_leo_300km_drift,0.0,265.0,2.0,1933.961805218178,-39.522141453524284,0.0
A4_leo_300km_drift,0.0,266.0,2.0,1940.0496638682625,-40.23020390951082,0.0
A4_leo_300km_drift,0.0,267.0,2.0,1945.986627957562,-40.894669051179555,0.0
A4_leo_300km_drift,0.0,268.0,2.0,1951.7722620720133,-41.51326994143556,0.0
A4_leo_300km_drift,0.0,269.0,2.0,1957.4068148926128,-42.08393215244355,0.0
A4_leo_300km_drift,0.0,270.0,2.0,1962.8912272971866,-42.60477977198329,0.0
A4_leo_300km_drift,0.0,271.0,2.0,1968.227136875495,-43.0741409816191,0.0
A4_leo_300km_drift,0.0,272.0,2.0,1973.41687868877,-43.490553214847516,0.0
A4_leo_300km_drift,0.0,273.0,2.0,1978.463482134464,-43.85276789433546,0.0
A4_leo_300km_drift,0.0,274.0,2.0,1983.3706638061997,-44.1597547392214,0.0
A4_leo_300km_drift,0.0,275.0,2.0,1988.1428162779089,-44.41070562391314,0.0
A4_leo_300km_drift,0.0,276.0,2.0,1992.7849927759314,-44.60503796176596,0.0
A4_leo_300km_drift,0.0,277.0,2.0,1997.302887745147,-44.7423975783412,0.0
A4_leo_300km_drift,0.0,278.0,2.0,2001.702813356582,-44.82266103199084,0.0
A4_leo_300km_drift,0.0,279.0,2.0,2005.9916720460594,-44.845937332972596,0.0
A4_leo_300km_drift,0.0,280.0,2.0,2010.176925216505,-44.812569007136815,0.0
A4_leo_300km_drift,0.0,281.0,2.0,2014.2665582791183,-44.72313244665482,0.0
A4_leo_300km_drift,0.0,282.0,2.0,2018.2690422463413,-44.578437487824644,0.0
A4_leo_300km_drift,0.0,283.0,2.0,2022.1932921321732,-44.37952615564767,0.0
A4_leo_300km_drift,0.0,284.0,2.0,2026.048622445296,-44.12767051575006,0.0
A4_leo_300km_drift,0.0,285.0,2.0,2029.8447000951062,-43.82436957729796,0.0
A4_leo_300km_drift,0.0,286.0,2.0,2033.5914950573597,-43.47134519467532,0.0
A4_leo_300km_drift,0.0,287.0,2.0,2037.299229166926,-43.070536922260594,0.0
A4_leo_300km_drift,0.0,288.0,2.0,2040.978323424381,-42.624095783545535,0.0
A4_leo_300km_drift,0.0,289.0,2.0,2044.6393442132778,-42.13437692577271,0.0
A4_leo_300km_drift,0.0,290.0,2.0,2048.2929488325176,-41.6039311400298,0.0
A4_leo_300km_drift,0.0,291.0,2.0,2051.949830748784,-41.03549523957284,0.0
A4_leo_300km_drift,0.0,292.0,2.0,2055.620664969745,-40.43198129927905,0.0
A4_leo_300km_drift,0.0,293.0,2.0,2059.3160539281575,-39.79646477374877,0.0
A4_leo_300km_drift,0.0,294.0,2.0,2063.046474254809,-39.13217152201342,0.0
A4_leo_300km_drift,0.0,295.0,2.0,2066.8222247974795,-38.442463782794704,0.0
A4_leo_300km_drift,0.0,296.0,2.0,2070.6533762210856,-37.730825154351336,0.0
A4_leo_300km_drift,0.0,297.0,2.0,2074.549722500104,-37.00084464794173,0.0
A4_leo_300km_drift,0.0,298.0,2.0,2078.5207345820236,-36.256199894623805,0.0
A4_leo_300km_drift,0.0,299.0,2.0,2082.5755164743287,-35.5006395972568,0.0
A4_leo_300km_drift,0.0,300.0,2.0,2086.7227639714574,-34.73796533002993,0.0
A4_leo_300km_drift,0.0,301.0,2.0,2090.970726207903,-33.97201279710282,0.0
A4_leo_300km_drift,0.0,302.0,2.0,2095.3271701882836,-33.20663267075163,0.0
A4_leo_300km_drift,0.0,303.0,2.0,2099.7993484142326,-32.44567113543084,0.0
A4_leo_300km_drift,0.0,304.0,2.0,2104.393969692399,-31.69295027142427,0.0
A4_leo_300km_drift,0.0,305.0,2.0,2109.117173181554,-30.95224841311417,0.0
A4_leo_300km_drift,0.0,306.0,2.0,2113.9745057018226,-30.227280622688646,0.0
A4_leo_300km_drift,0.0,307.0,2.0,2118.9709023065216,-29.5216794183073,0.0
A4_leo_300km_drift,0.0,308.0,2.0,2124.1106700884875,-28.83897589624418,0.0
A4_leo_300km_drift,0.0,309.0,2.0,2129.3974751721075,-28.182581384372796,0.0
A4_leo_300km_drift,0.0,310.0,2.0,2134.8343328201036,-27.555769760486015,0.0
A4_leo_300km_drift,0.0,311.0,2.0,2140.423600569828,-26.961660563057155,0.0
A4_leo_300km_drift,0.0,312.0,2.0,2146.166974295286,-26.403203016667653,0.0
A4_leo_300km_drift,0.0,313.0,2.0,2152.065487082013,-25.883161085351603,0.0
A4_leo_300km_drift,0.0,314.0,2.0,2158.1195107917797,-25.404099658738133,0.0
A4_leo_300km_drift,0.0,315.0,2.0,2164.328760188084,-24.968371964993352,0.0
A4_leo_300km_drift,0.0,316.0,2.0,2170.6922994867095,-24.578108294697643,0.0
A4_leo_300km_drift,0.0,317.0,2.0,2177.208551198137,-24.235206106459017,0.0
A4_leo_300km_drift,0.0,318.0,2.0,2183.875307124527,-23.941321574038277,0.0
A4_leo_300km_drift,0.0,319.0,2.0,2190.689741378882,-23.697862620896792,0.0
A4_leo_300km_drift,0.0,320.0,2.0,2197.648425298593,-23.505983475004655,0.0
A4_leo_300km_drift,0.0,321.0,2.0,2204.747344125277,-23.366580763899858,0.0
A4_leo_300km_drift,0.0,322.0,2.0,2211.9819153404487,-23.28029115550878,0.0
A4_leo_300km_drift,0.0,323.0,2.0,2219.347008541079,-23.24749053820785,0.0
A4_leo_300km_drift,0.0,324.0,2.0,2226.836966759362,-23.268294719406946,0.0
A4_leo_300km_drift,0.0,325.0,2.0,2234.4456291322326,-23.34256161039505,0.0
A4_leo_300km_drift,0.0,326.0,2.0,2242.1663548400275,-23.469894852511608,0.0
A4_leo_300km_drift,0.0,327.0,2.0,2249.9920482403218,-23.649648828872216,0.0
A4_leo_300km_drift,0.0,328.0,2.0,2257.915185135227,-23.880934995190728,0.0
A4_leo_300km_drift,0.0,329.0,2.0,2265.927840117652,-24.162629453813533,0.0
A4_leo_300km_drift,0.0,330.0,2.0,2274.0217149499904,-24.493381686715665,0.0
A4_leo_300km_drift,0.0,331.0,2.0,2282.1881679392673,-24.871624355677913,0.0
A4_leo_300km_drift,0.0,332.0,2.0,2290.41824427716,-25.29558407194754,0.0
A4_leo_300km_drift,0.0,333.0,2.0,2298.7027073199224,-25.7632930326559,0.0
A4_leo_300km_drift,0.0,334.0,2.0,2307.0320707872693,-26.272601417814734,0.0
A4_leo_300km_drift,0.0,335.0,2.0,2315.396631864693,-26.821190439517917,0.0
A4_leo_300km_drift,0.0,336.0,2.0,2323.786505192322,-27.406585934103944,0.0
A4_leo_300km_drift,0.0,337.0,2.0,2332.191657723367,-28.026172388319726,0.0
A4_leo_300km_drift,0.0,338.0,2.0,2340.601944437265,-28.677207292840734,0.0
A4_leo_300km_drift,0.0,339.0,2.0,2349.007144884118,-29.356835719098306,0.0
A4_leo_300km_drift,0.0,340.0,2.0,2357.3970005334722,-30.062105019587726,0.0
A4_leo_300km_drift,0.0,341.0,2.0,2365.7612528950363,-30.7899795580604,0.0
A4_leo_300km_drift,0.0,342.0,2.0,2374.089682364009,-31.53735538076985,0.0
A4_leo_300km_drift,0.0,343.0,2.0,2382.3721477395165,-32.30107474914634,0.0
A4_leo_300km_drift,0.0,344.0,2.0,2390.5986263447076,-33.0779404606476,0.0
A4_leo_300km_drift,0.0,345.0,2.0,2398.75925466781,-33.86472989372802,0.0
A4_leo_300km_drift,0.0,346.0,2.0,2406.8443694224134,-34.65820872192316,0.0
A4_leo_300km_drift,0.0,347.0,2.0,2414.8445489121127,-35.455144250822634,0.0
A4_leo_300km_drift,0.0,348.0,2.0,2422.75065456159,-36.25231834097953,0.0
A4_leo_300km_drift,0.0,349.0,2.0,2430.553872460022,-37.04653988866147,0.0
A4_leo_300km_drift,0.0,350.0,2.0,2438.2457547405147,-37.834656845158854,0.0
A4_leo_300km_drift,0.0,351.0,2.0,2445.818260600342,-38.613567763253975,0.0
A4_leo_300km_drift,0.0,352.0,2.0,2453.263796746521,-39.38023286649628,0.0
A4_leo_300km_drift,0.0,353.0,2.0,2460.575257032215,-40.13168464387462,0.0
A4_leo_300km_drift,0.0,354.0,2.0,2467.746061032238,-40.86503797757324,0.0
A4_leo_300km_drift,0.0,355.0,2.0,2474.770191288867,-41.57749981566905,0.0
A4_leo_300km_drift,0.0,356.0,2.0,2481.6422289474067,-42.266378405119376,0.0
A4_leo_300km_drift,0.0,357.0,2.0,2488.3573874880663,-42.92909210176621,0.0
A4_leo_300km_drift,0.0,358.0,2.0,2494.911544254089,-43.563177775002515,0.0
A4_leo_300km_drift,0.0,359.0,2.0,2501.301269472688,-44.16629882386091,0.0
A4_leo_300km_drift,0.0,360.0,2.0,2507.5238524641322,-44.73625281925031,0.0
A4_leo_300km_drift,1.0,0.0,2.0,301.49051405473836,0.0,0.0
A4_leo_300km_drift,1.0,1.0,2.0,305.68393323981184,0.14246339545165299,0.0
A4_leo_300km_drift,1.0,2.0,2.0,309.8784186558078,0.5574758085571396,0.0
A4_leo_300km_drift,1.0,3.0,2.0,314.081515324796,1.226522159615051,0.0
A4_leo_300km_drift,1.0,4.0,2.0,318.30080666787416,2.131126252015836,0.0
A4_leo_300km_drift,1.0,5.0,2.0,322.54387035293064,3.2528236445874548,0.0
A4_leo_300km_drift,1.0,6.0,2.0,326.8182343243476,4.573146429371455,0.0
A4_leo_300km_drift,1.0,7.0,2.0,331.1313333307202,6.073619426665733,0.0
A4_leo_300km_drift,1.0,8.0,2.0,335.490466271048,7.735767232910806,0.0
A4_leo_300km_drift,1.0,9.0,2.0,339.9027546785872,9.541131464208874,0.0
A4_leo_300km_drift,1.0,10.0,2.0,344.37510265442404,11.47129743523001,0.0
A4_leo_300km_drift,1.0,11.0,2.0,348.91415854998684,13.507929407329033,0.0
A4_leo_300km_drift,1.0,12.0,2.0,353.5262786796957,15.632813437871373,0.0
A4_leo_300km_drift,1.0,13.0,2.0,358.2174933216848,17.827906770710555,0.0
A4_leo_300km_drift,1.0,14.0,2.0,362.9934752371021,20.075392631336175,0.0
A4_leo_300km_drift,1.0,15.0,2.0,367.85951090707766,22.357739234259544,0.0
A4_leo_300km_drift,1.0,16.0,2.0,372.82047465220455,24.65776177734691,0.0
A4_leo_300km_drift,1.0,17.0,2.0,377.8808057628011,26.958686191221215,0.0
A4_leo_300km_drift,1.0,18.0,2.0,383.04448873053997,29.244213431581123,0.0
A4_leo_300km_drift,1.0,19.0,2.0,388.3150366338654,31.498583148363846,0.0
A4_leo_300km_drift,1.0,20.0,2.0,393.6954776920705,33.7066356365856,0.0
A4_leo_300km_drift,1.0,21.0,2.0,399.188344966771,35.8538710657621,0.0
A4_leo_300km_drift,1.0,22.0,2.0,404.7956691554535,37.92650509575601,0.0
A4_leo_300km_drift,1.0,23.0,2.0,410.51897439083217,39.91152011136556,0.0
A4_leo_300km_drift,1.0,24.0,2.0,416.359276931858,41.79671144145169,0.0
A4_leo_300km_drift,1.0,25.0,2.0,422.31708660857515,43.570728066765874,0.0
A4_leo_300km_drift,1.0,26.0,2.0,428.39241086328553,45.223107458234324,0.0
A4_leo_300km_drift,1.0,27.0,2.0,434.58476121504634,46.744304320623264,0.0
A4_leo_300km_drift,1.0,28.0,2.0,440.8931619634425,48.12571314136882,0.0
A4_leo_300km_drift,1.0,29.0,2.0,447.316160940813,49.359684557571,0.0
A4_leo_300km_drift,1.0,30.0,2.0,453.8518421188593,50.439535653537874,0.0
A4_leo_300km_drift,1.0,31.0,2.0,460.4978398765881,51.35955438547857,0.0
A4_leo_300km_drift,1.0,32.0,2.0,467.25135474031816,52.1149983977196,0.0
A4_leo_300km_drift,1.0,33.0,2.0,474.1091704132864,52.7020885468219,0.0
A4_leo_300km_drift,1.0,34.0,2.0,481.0676719218196,53.117997486275215,0.0
A4_leo_300km_drift,1.0,35.0,2.0,488.1228647158135,53.36083368644174,0.0
A4_leo_300km_drift,1.0,36.0,2.0,495.27039457422364,53.429621274021514,0.0
A4_leo_300km_drift,1.0,37.0,2.0,502.519710536605,53.36930003336793,0.049173377267397456
A4_leo_300km_drift,1.0,38.0,2.0,509.85940702857243,53.131349074715395,0.09494780803231961
A4_leo_300km_drift,1.0,39.0,2.0,517.2840594509221,52.71742485510566,0.1373362675192169
A4_leo_300km_drift,1.0,40.0,2.0,524.7879381212796,52.13002531039068,0.17637166984085795
A4_leo_300km_drift,1.0,41.0,2.0,532.3650314985538,51.37245022926473,0.21210396008353172
A4_leo_300km_drift,1.0,42.0,2.0,540.0090696586788,50.44875919049518,0.24459738954751842
A4_leo_300km_drift,1.0,43.0,2.0,547.7135479612604,49.36372741662165,0.2739279942227668
A4_leo_300km_drift,1.0,44.0,2.0,555.4717508597339,48.122799872834854,0.3001812978062901
A4_leo_300km_drift,1.0,45.0,2.0,563.2767758193972,46.73204391647712,0.32345023594926303
A4_leo_300km_drift,1.0,46.0,2.0,571.121557318137,45.19810078269959,0.34383330849019345
A4_leo_300km_drift,1.0,47.0,2.0,578.9988909138285,43.528136174963535,0.36143295302171197
A4_leo_300km_drift,1.0,48.0,2.0,586.901457369885,41.729790215177864,0.37635412018754977
A4_leo_300km_drift,1.0,49.0,2.0,594.8218468368389,39.81112699835654,0.38870305790794646
A4_leo_300km_drift,1.0,50.0,2.0,602.7525830924104,37.78058398927398,0.3985862778312921
A4_leo_300km_drift,1.0,51.0,2.0,610.6861478457062,35.64692149383353,0.406109681749367
A4_leo_300km_drift,1.0,52.0,2.0,618.6150051134194,33.419172434721474,0.4113778625414177
A4_leo_300km_drift,1.0,53.0,2.0,626.5316256758422,31.106592659095433,0.41449352445566134
A4_leo_300km_drift,1.0,54.0,2.0,634.4285116198265,28.71861200408654,0.4155570508403983
A4_leo_300km_drift,1.0,55.0,2.0,642.2982209734973,26.26478634389029,0.41466616576180115
A4_leo_300km_drift,1.0,56.0,2.0,650.1333924341262,23.754750838213212,0.41191571052312526
A4_leo_300km_drift,1.0,57.0,2.0,657.9267701852528,21.198174596817942,0.40739750027807276
A4_leo_300km_drift,1.0,58.0,2.0,665.6712287938667,18.60471696631416,0.4012002538966719
A4_leo_300km_drift,1.0,59.0,2.0,673.3597981709657,15.983985634807851,0.3934096148854316
A4_leo_300km_drift,1.0,60.0,2.0,680.9856885706054,13.345496735733153,0.3841081921160949
A4_leo_300km_drift,1.0,61.0,2.0,688.5423155938657,10.698637114756604,0.37337568041007074
A4_leo_300km_drift,1.0,62.0,2.0,696.0233251539531,8.052628902952996,0.3612890320301432
A4_leo_300km_drift,1.0,63.0,2.0,703.4226183479975,5.416496516153391,0.34792263378147226
A4_leo_300km_drift,1.0,64.0,2.0,710.7343761701572,2.79903617331545,0.33334852654398617
A4_leo_300km_drift,1.0,65.0,2.0,717.9530839881606,0.2087879994570052,0.3176366801733721
A4_leo_300km_drift,1.0,66.0,2.0,725.0735556942824,-2.345989252902747,0.3008552421412958
A4_leo_300km_drift,1.0,67.0,2.0,732.0909574288377,-4.8573408594330125,0.2830708649534941
A4_leo_300km_drift,1.0,68.0,2.0,739.0008307622305,-7.317636184797749,0.26434896364690985
A4_leo_300km_drift,1.0,69.0,2.0,745.7991152100275,-9.719586206779152,0.2447540968879558
A4_leo_300km_drift,1.0,70.0,2.0,752.482169943935,-12.05625859176429,0.22435022230204993
A4_leo_300km_drift,1.0,71.0,2.0,759.0467945509102,-14.32109043682761,0.2032010828214581
A4_leo_300km_drift,1.0,72.0,2.0,765.4902486832644,-16.507898819103417,0.18137051321165387
A4_leo_300km_drift,1.0,73.0,2.0,771.8102704343383,-18.610889314426338,0.15892275177087356
A4_leo_300km_drift,1.0,74.0,2.0,778.0050932673647,-20.624662665194915,0.13592279811991403
A4_leo_300km_drift,1.0,75.0,2.0,784.0734613208709,-22.54421979144583,0.11243668523075456
A4_leo_300km_drift,1.0,76.0,2.0,790.0146429106403,-24.364965347727807,0.08853180782031345
A4_leo_300km_drift,1.0,77.0,2.0,795.8284420484048,-26.08271003344731,0.06427718885193556
A4_leo_300km_drift,1.0,78.0,2.0,801.5152077993894,-27.693671863332714,0.0397437039585391
A4_leo_300km_drift,1.0,79.0,2.0,807.0758413060807,-29.19447659969654,0.015004358064452106
A4_leo_300km_drift,1.0,80.0,2.0,812.511800313387,-30.582157538011856,-0.009865554021271095
A4_leo_300km_drift,1.0,81.0,2.0,817.8251010415894,-31.85415482270848,-0.03478829361514002
A4_leo_300km_drift,1.0,82.0,2.0,823.0183172672671,-33.008314451451696,-0.05968356959673571
A4_leo_300km_drift,1.0,83.0,2.0,828.0945764898912,-34.04288710357228,-0.08446847483689623
A4_leo_300km_drift,1.0,84.0,2.0,833.0575530818579,-34.956526902594206,-0.10905749901102268
A4_leo_300km_drift,1.0,85.0,2.0,837.911458342334,-35.74829019459224,-0.13336258514495825
A4_leo_300km_drift,1.0,86.0,2.0,842.6610274017065,-36.417634393293596,-0.15729327598368315
A4_leo_300km_drift,1.0,87.0,2.0,847.311502950597,-36.964416911756004,-0.1807569020884081
A4_leo_300km_drift,1.0,88.0,2.0,851.8686157975973,-37.38889416783575,-0.20365888297391166
A4_leo_300km_drift,1.0,89.0,2.0,856.338562291378,-37.69172061885095,-0.22590308506442724
A4_leo_300km_drift,1.0,90.0,2.0,860.7279786752314,-37.87394774998276,-0.24739227455317092
A4_leo_300km_drift,1.0,91.0,2.0,865.0439124747937,-37.937022911708866,-0.2680286502658724
A4_leo_300km_drift,1.0,92.0,2.0,869.2937910533149,-37.882787875102686,-0.28771446462361183
A4_leo_300km_drift,1.0,93.0,2.0,873.4853875002686,-37.71347695045435,-0.30635271863133084
A4_leo_300km_drift,1.0,94.0,2.0,877.626784051076,-37.43171449527294,-0.3238479352445367
A4_leo_300km_drift,1.0,95.0,2.0,881.7263332646319,-37.04051162285271,-0.34010700896613955
A4_leo_300km_drift,1.0,96.0,2.0,885.7926172120893,-36.543261912594716,-0.3550400995422365
A4_leo_300km_drift,1.0,97.0,2.0,889.8344049554098,-35.943735918748665,-0.3685615670483422
A4_leo_300km_drift,1.0,98.0,2.0,893.8606086140518,-35.24607427518678,-0.3805909899776694
A4_leo_300km_drift,1.0,99.0,2.0,897.8802383359116,-34.454779200578045,-0.39105412630435765
A4_leo_300km_drift,1.0,100.0,2.0,901.9023565020668,-33.57470422093512,-0.3998839262311371
A4_leo_300km_drift,1.0,101.0,2.0,905.9360315029056,-32.6110419443193,-0.40702148875659816
A4_leo_300km_drift,1.0,102.0,2.0,909.9902914286655,-31.56930974588601,-0.41241701147232135
A4_leo_300km_drift,1.0,103.0,2.0,914.0740780166999,-30.45533324980454,-0.4160306412823722
A4_leo_300km_drift,1.0,104.0,2.0,918.1962011942145,-29.275227526581737,-0.41783326642041985
A4_leo_300km_drift,1.0,105.0,2.0,922.3652945452958,-28.035375960433928,-0.4178071652209958
A4_leo_300km_drift,1.0,106.0,2.0,926.5897720195139,-26.742406780297046,-0.41594658011145924
A4_leo_300km_drift,1.0,107.0,2.0,930.8777861817471,-25.403167288112982,-0.41225812104306314
A4_leo_300km_drift,1.0,108.0,2.0,935.2371882830788,-24.024695860053402,-0.4067609865492372
A4_leo_300km_drift,1.0,109.0,2.0,939.6754904094124,-22.614191837448505,-0.3994870812484841
A4_leo_300km_drift,1.0,110.0,2.0,944.1998299383561,-21.178983464756662,-0.3904809010477628
A4_leo_300km_drift,1.0,111.0,2.0,948.8169365070967,-19.72649407027216,-0.37979926850972845
A4_leo_300km_drift,1.0,112.0,2.0,953.5331016643173,-18.26420672108764,-0.3675109076479721
A4_leo_300km_drift,1.0,113.0,2.0,958.3541513485452,-16.79962761500775,-0.35369580208266527
A4_leo_300km_drift,1.0,114.0,2.0,963.2854213041567,-15.340248500427922,-0.33844446131858774
A4_leo_300km_drift,1.0,115.0,2.0,968.3317355148835,-13.893508436790825,-0.32185697498388066
A4_leo_300km_drift,1.0,116.0,2.0,973.4973877043108,-12.46675522565166,-0.3040420110007602
A4_leo_300km_drift,1.0,117.0,2.0,978.7861259226426,-11.067206853328848,-0.2851156454672932
A4_leo_300km_drift,1.0,118.0,2.0,984.2011402110361,-9.701913291758846,-0.26520015866715596
A4_leo_300km_drift,1.0,119.0,2.0,989.7450533082052,-8.377719003070272,-0.24442275388647516
A4_leo_300km_drift,1.0,120.0,2.0,995.419914339249,-7.101226488027024,-0.22291424121823056
A4_leo_300km_drift,1.0,121.0,2.0,1001.2271954053326,-5.878761205872163,-0.2008077273361053
A4_leo_300km_drift,1.0,122.0,2.0,1007.1677909722689,-4.716338177922275,-0.17823731277211152
A4_leo_300km_drift,1.0,123.0,2.0,1013.2420199410109,-3.6196305648261706,-0.15533683632851236
A4_leo_300km_drift,1.0,124.0,2.0,1019.4496302675947,-2.5939404841563984,-0.13223867380762755
A4_leo_300km_drift,1.0,125.0,2.0,1025.7898059904417,-1.6441723062192715,-0.10907260473480562
A4_leo_300km_drift,1.0,126.0,2.0,1032.2611765142276,-0.7748086359935513,-0.08596480150302455
A4_leo_300km_drift,1.0,127.0,2.0,1038.861827994621,0.010110842971755574,-0.06303688879061298
A4_leo_300km_drift,1.0,128.0,2.0,1045.589316665078,0.7070075202140202,-0.040405129067444534
A4_leo_300km_drift,1.0,129.0,2.0,1052.440683947886,1.3127788966187381,-0.018179730874923195
A4_leo_300km_drift,1.0,130.0,2.0,1059.4124731922484,1.8248104342442062,0.0035357352747844573
A4_leo_300km_drift,1.0,131.0,2.0,1066.5007478882342,2.240984175705396,0.024644795302286582
A4_leo_300km_drift,1.0,132.0,2.0,1073.7011112100097,2.5596841229993395,0.04505841612134631
A4_leo_300km_drift,1.0,133.0,2.0,1081.00872675004,2.779798396710831,0.0646952395442213
A4_leo_300km_drift,1.0,134.0,2.0,1088.4183403152406,2.900718225498089,0.08348171129668458
A4_leo_300km_drift,1.0,135.0,2.0,1095.9243026647466,2.9223338428367995,0.10135212054640519
A4_leo_300km_drift,1.0,136.0,2.0,1103.5205930808324,2.845027393534316,0.11824854560416043
A4_leo_300km_drift,1.0,137.0,2.0,1111.200843674735,2.6696629750846412,0.13412072116247842
A4_leo_300km_drift,1.0,138.0,2.0,1118.9583643401056,2.3975739601080903,0.1489258586913067
A4_leo_300km_drift,1.0,139.0,2.0,1126.7861682791129,2.0305477645115033,0.1626283831668296
A4_leo_300km_drift,1.0,140.0,2.0,1134.676998035474,1.5708082422660752,0.1751996557599611
A4_leo_300km_drift,1.0,141.0,2.0,1142.6233519803693,1.0209959017823955,0.18661762030625084
A4_leo_300km_drift,1.0,142.0,2.0,1150.617511205924,0.38414615052673184,0.1968664693836608
A4_leo_300km_drift,1.0,143.0,2.0,1158.6515667898948,-0.3363342159050653,0.20593626069187465
A4_leo_300km_drift,1.0,144.0,2.0,1166.7174474033684,-1.1366920568001149,0.21382252579993377
A4_leo_300km_drift,1.0,145.0,2.0,1174.8069472392121,-2.012854232923189,0.22052589320376015
A4_leo_300km_drift,1.0,146.0,2.0,1182.9117542441636,-2.9604550253301554,0.22605168897893435
A4_leo_300km_drift,1.0,147.0,2.0,1191.0234786428155,-3.9748643945203277,0.23040957018727326
A4_leo_300km_drift,1.0,148.0,2.0,1199.1336817416957,-5.051216849436546,0.2336131499602878
A4_leo_300km_drift,1.0,149.0,2.0,1207.2339050052492,-6.184440699851468,0.2356796440645681
A4_leo_300km_drift,1.0,150.0,2.0,1215.3156993930975,-7.36928747141663,0.23662955320302714
A4_leo_300km_drift,1.0,151.0,2.0,1223.3706549462652,-8.600361270626244,0.2364863354737956
A4_leo_300km_drift,1.0,152.0,2.0,1231.390430607202,-9.87214789742552,0.23527613069607156
A4_leo_300km_drift,1.0,153.0,2.0,1239.366784251804,-11.179043514716103,0.23302748114240046
A4_leo_300km_drift,1.0,154.0,2.0,1247.2916029056598,-12.515382698158106,0.22977110232336173
A4_leo_300km_drift,1.0,155.0,2.0,1255.1569331085564,-13.87546570519893,0.22553967619698412
A4_leo_300km_drift,1.0,156.0,2.0,1262.9550113814203,-15.253584819253874,0.22036762719457315
A4_leo_300km_drift,1.0,157.0,2.0,1270.678294739006,-16.644049642946968,0.21429098732417273
A4_leo_300km_drift,1.0,158.0,2.0,1278.3194911798034,-18.04121123388569,0.20734723076198947
A4_leo_300km_drift,1.0,159.0,2.0,1285.8715900717266,-19.43948499644854,0.19957516829061106
A4_leo_300km_drift,1.0,160.0,2.0,1293.3278923384155,-20.833372262798022,0.19101482333505615
A4_leo_300km_drift,1.0,161.0,2.0,1300.6820403365903,-22.217480517555455,0.181707363871908
A4_leo_300km_drift,1.0,162.0,2.0,1307.9280473003769,-23.586542239856012,0.17169503006098097
A4_leo_300km_drift,1.0,163.0,2.0,1315.0603262140016,-24.9354323568034,0.1610210951579205
A4_leo_300km_drift,1.0,164.0,2.0,1322.0737179604712,-26.259184320026385,0.1497298051411633
A4_leo_300km_drift,1.0,165.0,2.0,1328.9635185781742,-27.553004834726558,0.13786637775448085
A4_leo_300km_drift,1.0,166.0,2.0,1335.7255054477432,-28.812287286327454,0.12547697956000192
A4_leo_300km_drift,1.0,167.0,2.0,1342.3559622162459,-30.03262392278394,0.11260871612872592
A4_leo_300km_drift,1.0,168.0,2.0,1348.851702259664,-31.20981686275215,0.09930963355575528
A4_leo_300km_drift,1.0,169.0,2.0,1355.2100904731888,-32.339888008829476,0.08562871922812576
A4_leo_300km_drift,1.0,170.0,2.0,1361.4290631764527,-33.41908795125592,0.07161589263482426
A4_leo_300km_drift,1.0,171.0,2.0,1367.5071459160188,-34.44390395209229,0.05732202364683303
A4_leo_300km_drift,1.0,172.0,2.0,1373.4434689481088,-35.41106710047348,0.04279891588554463
A4_leo_300km_drift,1.0,173.0,2.0,1379.2377801891334,-36.31755872875697,0.028099287885829938
A4_leo_300km_drift,1.0,174.0,2.0,1384.890455426598,-37.16061617505551,0.013276763978442574
A4_leo_300km_drift,1.0,175.0,2.0,1390.4025055960103,-37.93773797112587,-0.0016141592640295244
A4_leo_300km_drift,1.0,176.0,2.0,1395.7755809412845,-38.646688526264406,-0.016518183360680894
A4_leo_300km_drift,1.0,177.0,2.0,1401.0119718966953,-39.28550236673311,-0.03137924847074203
A4_leo_300km_drift,1.0,178.0,2.0,1406.1146065483997,-39.852487977928504,-0.0461406364618
A4_leo_300km_drift,1.0,179.0,2.0,1411.0870445601906,-40.34623128264503,-0.060745067406831055
A4_leo_300km_drift,1.0,180.0,2.0,1415.933467475868,-40.76559877389929,-0.07513484497900791
A4_leo_300km_drift,1.0,181.0,2.0,1420.6586653429938,-41.10974030536818,-0.08925199675857698
A4_leo_300km_drift,1.0,182.0,2.0,1425.2680196363933,-41.37809152652183,-0.10303846354542401
A4_leo_300km_drift,1.0,183.0,2.0,1429.7674824955427,-41.57037593458534,-0.1164363133776547
A4_leo_300km_drift,1.0,184.0,2.0,1434.1635523283016,-41.68660650018463,-0.12938796896211358
A4_leo_300km_drift,1.0,185.0,2.0,1438.4632458708113,-41.727086809984385,-0.14183647613963402
A4_leo_300km_drift,1.0,186.0,2.0,1442.6740668322516,-41.692411657391574,-0.15372580134664915
A4_leo_300km_drift,1.0,187.0,2.0,1446.803971291126,-41.58346700175164,-0.16500113422246443
A4_leo_300km_drift,1.0,188.0,2.0,1450.8613300448333,-41.401429208091756,-0.17560923717807597
A4_leo_300km_drift,1.0,189.0,2.0,1454.854888151278,-41.14776347346183,-0.18549879053786356
A4_leo_300km_drift,1.0,190.0,2.0,1458.793721930135,-40.82422134230779,-0.19462079204402016
A4_leo_300km_drift,1.0,191.0,2.0,1462.6871937228152,-40.43283721263702,-0.20292891616646713
A4_leo_300km_drift,1.0,192.0,2.0,1466.5449047326545,-39.975923736624175,-0.21037993194106264
A4_leo_300km_drift,1.0,193.0,2.0,1470.376646289701,-39.45606602410079,-0.21693409233547456
A4_leo_300km_drift,1.0,194.0,2.0,1474.192349897889,-38.87611456485551,-0.22255551825844933
A4_leo_300km_drift,1.0,195.0,2.0,1478.002036436899,-38.23917679594668,-0.22721260629410267
A4_leo_300km_drift,1.0,196.0,2.0,1481.8157648936449,-37.54860725244935,-0.23087837481883255
A4_leo_300km_drift,1.0,197.0,2.0,1485.6435810026794,-36.80799625552878,-0.2335308201342201
A4_leo_300km_drift,1.0,198.0,2.0,1489.49546616908,-36.02115710768361,-0.2351532181235072
A4_leo_300km_drift,1.0,199.0,2.0,1493.381287039588,-35.19211178399617,-0.2357344076728829
A4_leo_300km_drift,1.0,200.0,2.0,1497.3107460748217,-34.32507512762584,-0.23526902678350226
A4_leo_300km_drift,1.0,201.0,2.0,1501.293333458041,-33.42443757820979,-0.23375767991673513
A4_leo_300km_drift,1.0,202.0,2.0,1505.338280655224,-32.494746483185736,-0.2312070916925535
A4_leo_300km_drift,1.0,203.0,2.0,1509.4545159167826,-31.540686062364376,-0.22763013600890503
A4_leo_300km_drift,1.0,204.0,2.0,1513.6506219848309,-30.56705611783883,-0.2230458813357039
A4_leo_300km_drift,1.0,205.0,2.0,1517.9347962407326,-29.57874960018847,-0.21747951876971428
A4_leo_300km_drift,1.0,206.0,2.0,1522.314813496871,-28.580729161504337,-0.2109622287487234
A4_leo_300km_drift,1.0,207.0,2.0,1526.79799160528,-27.578002842644445,-0.2035310104835375
A4_leo_300km_drift,1.0,208.0,2.0,1531.3911600238139,-26.575599057873323,-0.19522842029262577
A4_leo_300km_drift,1.0,209.0,2.0,1536.1006314477381,-25.578541053203896,-0.18610226162341093
A4_leo_300km_drift,1.0,210.0,2.0,1540.9321765846337,-24.591821026057836,-0.1762052227616273
A4_leo_300km_drift,1.0,211.0,2.0,1545.8910021184904,-23.62037410200646,-0.16559444862940254
A4_leo_300km_drift,1.0,212.0,2.0,1550.981731880918,-22.669052370901,-0.1543310782583518
A4_leo_300km_drift,1.0,213.0,2.0,1556.2083912203314,-21.742599186665323,-0.1424797591296212
A4_leo_300km_drift,1.0,214.0,2.0,1561.5743945339027,-20.845623936843083,-0.13010808609692504
A4_leo_300km_drift,1.0,215.0,2.0,1567.082535904929,-19.98257748428145,-0.11728606988459234
A4_leo_300km_drift,1.0,216.0,2.0,1572.7349827686105,-19.15772847907249,-0.10408555402952047
A4_leo_300km_drift,1.0,217.0,2.0,1578.5332725096728,-18.375140731205164,-0.09057964912217997
A4_leo_300km_drift,1.0,218.0,2.0,1584.4783118828716,-17.638651823861373,-0.07684215103687109
A4_leo_300km_drift,1.0,219.0,2.0,1590.5703791324827,-16.951853136125905,-0.06294698372411034
A4_leo_300km_drift,1.0,220.0,2.0,1596.8091286797626,-16.318071428898406,-0.048967651839593174
A4_leo_300km_drift,1.0,221.0,2.0,1603.1935982388652,-15.740352132261215,-0.034976718180423916
A4_leo_300km_drift,1.0,222.0,2.0,1609.7222182175428,-15.221444456142486,-0.02104531060975745
A4_leo_300km_drift,1.0,223.0,2.0,1616.3928232578064,-14.763788426151336,-0.007242666190343527
A4_leo_300km_drift,1.0,224.0,2.0,1623.2026657708286,-14.369503928936211,0.006364289906635179
A4_leo_300km_drift,1.0,225.0,2.0,1630.1484313230344,-14.040381830381143,0.019711319392268223
A4_leo_300km_drift,1.0,226.0,2.0,1637.2262557345741,-13.77787721039958,0.03273720670238234
A4_leo_300km_drift,1.0,227.0,2.0,1644.4317437563373,-13.583104737600049,0.04538404537157703
A4_leo_300km_drift,1.0,228.0,2.0,1651.7599891989898,-13.45683618729554,0.05759747982159169
A4_leo_300km_drift,1.0,229.0,2.0,1659.2055963959099,-13.399500086388016,0.06932690744143599
A4_leo_300km_drift,1.0,230.0,2.0,1666.7627028896445,-13.411183450082298,0.08052562592419932
A4_leo_300km_drift,1.0,231.0,2.0,1674.4250032422497,-13.491635556958759,0.09115094063005813
A4_leo_300km_drift,1.0,232.0,2.0,1682.185773878772,-13.640273691940763,0.10116425273620777
A4_leo_300km_drift,1.0,233.0,2.0,1690.0378988844125,-13.856190770782373,0.11053106767899834
A4_leo_300km_drift,1.0,234.0,2.0,1697.9738966837156,-14.138164745109982,0.11922101421246722
A4_leo_300km_drift,1.0,235.0,2.0,1705.9859475424596,-14.484669673893613,0.12720780072639215
A4_leo_300km_drift,1.0,236.0,2.0,1714.0659218396713,-14.893888335739902,0.13446916095638528
A4_leo_300km_drift,1.0,237.0,2.0,1722.2054090674337,-15.363726246480969,0.14098676298779367
A4_leo_300km_drift,1.0,238.0,2.0,1730.3957475223206,-15.89182693846114,0.14674611030951468
A4_leo_300km_drift,1.0,239.0,2.0,1738.6280546597006,-16.475588351488657,0.15173642584320746
A4_leo_300km_drift,1.0,240.0,2.0,1746.8932580875198,-17.112180181150904,0.15595050295402757
A4_leo_300km_drift,1.0,241.0,2.0,1755.182127179493,-17.798562027393938,0.15938455940212037
A4_leo_300km_drift,1.0,242.0,2.0,1763.4853052901587,-18.531502185580084,0.16203809458703589
A4_leo_300km_drift,1.0,243.0,2.0,1771.7933425571377,-19.307596923510584,0.16391372286284067
A4_leo_300km_drift,1.0,244.0,2.0,1780.0967292715027,-20.12329009067182,0.1650170174603005
A4_leo_300km_drift,1.0,245.0,2.0,1788.3859297993863,-20.97489291050758,0.1653563261645452
A4_leo_300km_drift,1.0,246.0,2.0,1796.6514170299045,-21.858603813373012,0.16494264778499357
A4_leo_300km_drift,1.0,247.0,2.0,1804.8837073205164,-22.770528174919313,0.1637894469026513
A4_leo_300km_drift,1.0,248.0,2.0,1813.073395903879,-23.706697834636525,0.16191250407615598
A4_leo_300km_drift,1.0,249.0,2.0,1821.2111927088765,-24.663090279374522,0.15932978124055808
A4_leo_300km_drift,1.0,250.0,2.0,1829.2879585397914,-25.635647388437377,0.15606126625034022
A4_leo_300km_drift,1.0,251.0,2.0,1837.2947415425747,-26.620293648902837,0.15212885664039888
A4_leo_300km_drift,1.0,252.0,2.0,1845.2228138768883,-27.612953763870962,0.14755621540585295
A4_leo_300km_drift,1.0,253.0,2.0,1853.063708492122,-28.60956958814409,0.14236867708738998
A4_leo_300km_drift,1.0,254.0,2.0,1860.8092558954352,-29.606116341525546,0.13659311718061673
A4_leo_300km_drift,1.0,255.0,2.0,1868.4516207780305,-30.598618061577376,0.13025786628695357
A4_leo_300km_drift,1.0,256.0,2.0,1875.983338350799,-31.583162272263543,0.12339261121319112
A4_leo_300km_drift,1.0,257.0,2.0,1883.3973502229144,-32.555913856638696,0.11602831109680523
A4_leo_300km_drift,1.0,258.0,2.0,1890.6870396382997,-33.51312813421403,0.10819712592979869
A4_leo_300km_drift,1.0,259.0,2.0,1897.8462658695146,-34.451163153812026,0.09993231743221642
A4_leo_300km_drift,1.0,260.0,2.0,1904.869397551854,-35.36649122238611,0.09126822433502824
A4_leo_300km_drift,1.0,261.0,2.0,1911.75134472651,-36.255709698531206,0.0822401597071476
A4_leo_300km_drift,1.0,262.0,2.0,1918.48758934959,-37.1155510857486,0.07288437314922902
A4_leo_300km_drift,1.0,263.0,2.0,1925.0742140128223,-37.94289246511173,0.0632379827640861
A4_leo_300km_drift,1.0,264.0,2.0,1931.5079286155228,-38.734764310140335,0.053338916975231854
A4_leo_300km_drift,1.0,265.0,2.0,1937.7860947225247,-39.48835872816758,0.043225872944141486
A4_leo_300km_drift,1.0,266.0,2.0,1943.9067473428709,-40.20103717137857,0.0329382365475972
A4_leo_300km_drift,1.0,267.0,2.0,1949.8686138670826,-40.870337658850175,0.022516023161500698
A4_leo_300km_drift,1.0,268.0,2.0,1955.671129908705,-41.49398154658979,0.011999833967379914
A4_leo_300km_drift,1.0,269.0,2.0,1961.3144518076328,-42.06987987770017,0.0014307463636065165
A4_leo_300km_drift,1.0,270.0,2.0,1966.7994655690586,-42.5961393373413,-0.009149733621427458
A4_leo_300km_drift,1.0,271.0,2.0,1972.127792034184,-43.071067829860695,-0.019699766550473896
A4_leo_300km_drift,1.0,272.0,2.0,1977.3017881009769,-43.4931796867084,-0.030177288440569328
A4_leo_300km_drift,1.0,273.0,2.0,1982.324543847275,-43.86120050403042,-0.040540098986241446
A4_leo_300km_drift,1.0,274.0,2.0,1987.199875438048,-44.174071599906384,-0.05074598994436741
A4_leo_300km_drift,1.0,275.0,2.0,1991.932313738096,-44.430954070906466,-0.060752870350011534
A4_leo_300km_drift,1.0,276.0,2.0,1996.5270885901814,-44.63123241888,-0.07051890476938993
A4_leo_300km_drift,1.0,277.0,2.0,2000.9901087609767,-44.77451770957552,-0.0800026712277635
A4_leo_300km_drift,1.0,278.0,2.0,2005.3279376022579,-44.860650217056545,-0.08916332298847252
A4_leo_300km_drift,1.0,279.0,2.0,2009.5477645167912,-44.88970150075566,-0.09796077122770086
A4_leo_300km_drift,1.0,280.0,2.0,2013.6573723666568,-44.861975856359315,-0.10635586579832434
A4_leo_300km_drift,1.0,281.0,2.0,2017.6651010039197,-44.77801107763035,-0.1143106150043316
A4_leo_300km_drift,1.0,282.0,2.0,2021.579807145116,-44.63857846340069,-0.1217883629642813
A4_leo_300km_drift,1.0,283.0,2.0,2025.4108208548248,-44.4446820033777,-0.12875404329104612
A4_leo_300km_drift,1.0,284.0,2.0,2029.1678989356735,-44.19755667688064,-0.13517437400478727
A4_leo_300km_drift,1.0,285.0,2.0,2032.8611755606319,-43.89866580169066,-0.14101810051769803
A4_leo_300km_drift,1.0,286.0,2.0,2036.501110507398,-43.549697373971966,-0.1462562343439444
A4_leo_300km_drift,1.0,287.0,2.0,2040.0984353824547,-43.15255934712381,-0.1508622595784992
A4_leo_300km_drift,1.0,288.0,2.0,2043.6640982382337,-42.709373804007186,-0.15481236637793216
A4_leo_300km_drift,1.0,289.0,2.0,2047.2092070013007,-42.22246998752111,-0.15808567710040577
A4_leo_300km_drift,1.0,290.0,2.0,2050.744972135968,-41.694376163289526,-0.16066443575013523
A4_leo_300km_drift,1.0,291.0,2.0,2054.2826489696345,-41.12781030154622,-0.16253420110690087
A4_leo_300km_drift,1.0,292.0,2.0,2057.8334801019646,-40.52566957600057,-0.1636840455914168
A4_leo_300km_drift,1.0,293.0,2.0,2061.408638309494,-39.89101869255451,-0.16410667326205441
A4_leo_300km_drift,1.0,294.0,2.0,2065.0191703451233,-39.22707707209527,-0.16379857764592387
A4_leo_300km_drift,1.0,295.0,2.0,2068.6759420099606,-38.53720492812229,-0.16276010934435092
A4_leo_300km_drift,1.0,296.0,2.0,2072.3895848532466,-37.82488829110741,-0.16099559267335195
A4_leo_300km_drift,1.0,297.0,2.0,2076.170444829725,-37.09372304736824,-0.15851332114635852
A4_leo_300km_drift,1.0,298.0,2.0,2080.0285332123185,-36.347398071877365,-0.15532560862219214
A4_leo_300km_drift,1.0,299.0,2.0,2083.9734800282363,-35.58967754760367,-0.1514487001639253
A4_leo_300km_drift,1.0,300.0,2.0,2088.0144902509182,-34.82438257544018,-0.14690279101392534
A4_leo_300km_drift,1.0,301.0,2.0,2092.1603029474213,-34.055372189041755,-0.14171182294253626
A4_leo_300km_drift,1.0,302.0,2.0,2096.419153544338,-33.28652389881404,-0.13590344708047652
A4_leo_300km_drift,1.0,303.0,2.0,2100.798739342307,-32.52171389586689,-0.129508792201527
A4_leo_300km_drift,1.0,304.0,2.0,2105.306188372987,-31.76479705537094,-0.1225622799756465
A4_leo_300km_drift,1.0,305.0,2.0,2109.9480316621166,-31.019586880385752,-0.11510139531090147
A4_leo_300km_drift,1.0,306.0,2.0,2114.7301789290723,-30.28983553387299,-0.10716641886965306
A4_leo_300km_drift,1.0,307.0,2.0,2119.6578977253052,-29.57921410537967,-0.09880013366370122
A4_leo_300km_drift,1.0,308.0,2.0,2124.7357959874266,-28.891293259495576,-0.09004754523633807
A4_leo_300km_drift,1.0,309.0,2.0,2129.967807955331,-28.229524411490736,-0.0809555205725232
A4_leo_300km_drift,1.0,310.0,2.0,2135.3571833859264,-27.597221571483033,-0.07157247713118764
A4_leo_300km_drift,1.0,311.0,2.0,2140.9064799726834,-26.997543992691497,-0.06194803054793141
A4_leo_300km_drift,1.0,312.0,2.0,2146.617558866637,-26.433479753521283,-0.052132636241708497
A4_leo_300km_drift,1.0,313.0,2.0,2152.491583180893,-25.907830393797404,-0.042177246968755355
A4_leo_300km_drift,1.0,314.0,2.0,2158.529019349943,-25.423196716741536,-0.032132962027198175
A4_leo_300km_drift,1.0,315.0,2.0,2164.729641210503,-24.981965856375687,-0.022050683150531825
A4_leo_300km_drift,1.0,316.0,2.0,2171.092536660898,-24.586299699586256,-0.011980795760813123
A4_leo_300km_drift,1.0,317.0,2.0,2177.616116758741,-24.238124737740563,-0.0019728467188784293
A4_leo_300km_drift,1.0,318.0,2.0,2184.2981271134677,-23.939123410691376,0.007924748990362218
A4_leo_300km_drift,1.0,319.0,2.0,2191.135661432727,-23.69072699117325,0.01766498689592666
A4_leo_300km_drift,1.0,320.0,2.0,2198.125177087131,-23.4941100433681,0.027202525253233745
A4_leo_300km_drift,1.0,321.0,2.0,2205.262512560389,-23.350186475516566,0.0364939176478174
A4_leo_300km_drift,1.0,322.0,2.0,2212.5429066616625,-23.259607190974307,0.045497817594331025
A4_leo_300km_drift,1.0,323.0,2.0,2219.9610193825356,-23.222759328938913,0.05417516571748493
A4_leo_300km_drift,1.0,324.0,2.0,2227.510954291766,-23.23976707104336,0.06248933515706767
A4_leo_300km_drift,1.0,325.0,2.0,2235.186282368476,-23.310493977577007,0.07040626648446846
A4_leo_300km_drift,1.0,326.0,2.0,2242.980067186169,-23.43454680361301,0.07789458082774203
A4_leo_300km_drift,1.0,327.0,2.0,2250.8848913679662,-23.611280733909723,0.08492563216799809
A4_leo_300km_drift,1.0,328.0,2.0,2258.892884245366,-23.839805964225302,0.091473606345982
A4_leo_300km_drift,1.0,329.0,2.0,2266.9957506609117,-24.118995546873467,0.0975155115439108
A4_leo_300km_drift,1.0,330.0,2.0,2275.1848008646525,-24.447494409787662,0.1030312238357034
A4_leo_300km_drift,1.0,331.0,2.0,2283.450981462433,-24.82372945069855,0.1080034661846696
A4_leo_300km_drift,1.0,332.0,2.0,2291.7849073820666,-25.245920602228633,0.11241779660142726
A4_leo_300km_drift,1.0,333.0,2.0,2300.1768948287186,-25.712092758751748,0.11626255782326567
A4_leo_300km_drift,1.0,334.0,2.0,2308.616995204997,-26.22008845293422,0.11952883945243187
A4_leo_300km_drift,1.0,335.0,2.0,2317.0950299784045,-26.767581167847165,0.12221039721937998
A4_leo_300km_drift,1.0,336.0,2.0,2325.6006264756356,-27.35208917045595,0.12430360296766807
A4_leo_300km_drift,1.0,337.0,2.0,2334.1232545854355,-27.970989753083764,0.1258073473962007
A4_leo_300km_drift,1.0,338.0,2.0,2342.65226435226,-28.62153377241139,0.1267229422281524
A4_leo_300km_drift,1.0,339.0,2.0,2351.1769244353277,-29.30086037907209,0.1270540614815019
A4_leo_300km_drift,1.0,340.0,2.0,2359.6864614038377,-30.006011835820523,0.1268066079780361
A4_leo_300km_drift,1.0,341.0,2.0,2368.170099832598,-30.73394832919174,0.12598862636936659
A4_leo_300km_drift,1.0,342.0,2.0,2376.617103149859,-31.481562685450992,0.1246102221132972
A4_leo_300km_drift,1.0,343.0,2.0,2385.0168151803423,-32.245694911241074,0.1226834177252556
A4_leo_300km_drift,1.0,344.0,2.0,2393.358702310735,-33.02314648678362,0.12022209173512266
A4_leo_300km_drift,1.0,345.0,2.0,2401.6323961908033,-33.810694349170056,0.11724186575667872
A4_leo_300km_drift,1.0,346.0,2.0,2409.8277368659446,-34.6051045132203,0.11375999547214022
A4_leo_300km_drift,1.0,347.0,2.0,2417.9348162188003,-35.4031452864092,0.10979530314658703
A4_leo_300km_drift,1.0,348.0,2.0,2425.944021577694,-36.201600044545756,0.1053680589175876
A4_leo_300km_drift,1.0,349.0,2.0,2433.8460793302515,-36.99727954378762,0.10049991201421804
A4_leo_300km_drift,1.0,350.0,2.0,2441.6320983585047,-37.78703375397807,0.09521378492749477
A4_leo_300km_drift,1.0,351.0,2.0,2449.293613091518,-38.567763206296846,0.08953381361642698
A4_leo_300km_drift,1.0,352.0,2.0,2456.8226259521252,-39.33642985538377,0.08348525346546509
A4_leo_300km_drift,1.0,353.0,2.0,2464.211648951304,-40.090067463218304,0.07709440663727918
A4_leo_300km_drift,1.0,354.0,2.0,2471.453744169791,-40.82579151695764,0.07038855008456579
A4_leo_300km_drift,1.0,355.0,2.0,2478.5425628451594,-41.54080869716292,0.06339586334824787
A4_leo_300km_drift,1.0,356.0,2.0,2485.4723827730345,-42.23242591594855,0.056145347459235495
A4_leo_300km_drift,1.0,357.0,2.0,2492.238143715711,-42.89805894593579,0.04866677078574355
A4_leo_300km_drift,1.0,358.0,2.0,2498.8354805047675,-43.53524066135961,0.04099059287687723
A4_leo_300km_drift,1.0,359.0,2.0,2505.2607535227326,-44.14162891147644,0.033147896637775176
A4_leo_300km_drift,1.0,360.0,2.0,2511.5110762440727,-44.71501404398737,0.0251703098266276
A5_leo_180deg,0.0,0.0,2.0,13572.600000000002,0.0,0.0
A5_leo_180deg,0.0,1.0,2.0,13572.569235314959,0.07532480568528399,0.0
A5_leo_180deg,0.0,2.0,2.0,13572.477444340715,0.5987808834664321,0.0
A5_leo_180deg,0.0,3.0,2.0,13572.326127484703,1.999846882727141,0.0
A5_leo_180deg,0.0,4.0,2.0,13572.117756142734,4.672639470536311,0.0
A5_leo_180deg,0.0,5.0,2.0,13571.855729356592,8.962723433294073,0.0
A5_leo_180deg,0.0,6.0,2.0,13571.544314286464,15.158390996504068,0.0
A5_leo_180deg,0.0,7.0,2.0,13571.188571619556,23.486645121888472,0.0
A5_leo_180deg,0.0,8.0,2.0,13570.79426731461,34.113487156944174,0.0
A5_leo_180deg,0.0,9.0,2.0,13570.367772329999,47.14766991275976,0.0
A5_leo_180deg,0.0,10.0,2.0,13569.915952196758,62.64687155370385,0.0
A5_leo_180deg,0.0,11.0,2.0,13569.446048472768,80.6252467641877,0.0
A5_leo_180deg,0.0,12.0,2.0,13568.965554248025,101.06145562045566,0.0
A5_leo_180deg,0.0,13.0,2.0,13568.48208596148,123.90648591510268,0.0
A5_leo_180deg,0.0,14.0,2.0,13568.00325383691,149.09081230184373,0.0
A5_leo_180deg,0.0,15.0,2.0,13567.536533248784,176.53063725775687,0.0
A5_leo_180deg,0.0,16.0,2.0,13567.08913929021,206.13311630558817,0.0
A5_leo_180deg,0.0,17.0,2.0,13566.667906736178,237.8005798948859,0.0
A5_leo_180deg,0.0,18.0,2.0,13566.279177478473,271.4338322726331,0.0
A5_leo_180deg,0.0,19.0,2.0,13565.928697357465,306.9346427877431,0.0
A5_leo_180deg,0.0,20.0,2.0,13565.621524133692,344.2075570163081,0.0
A5_leo_180deg,0.0,21.0,2.0,13565.361948132973,383.16115221810463,0.0
A5_leo_180deg,0.0,22.0,2.0,13565.153426866127,423.7088503682509,0.0
A5_leo_180deg,0.0,23.0,2.0,13564.998534673208,465.7693868705026,0.0
A5_leo_180deg,0.0,24.0,2.0,13564.898928175824,509.2670169728093,0.0
A5_leo_180deg,0.0,25.0,2.0,13564.85532804456,554.1315265915774,0.0
A5_leo_180deg,0.0,26.0,2.0,13564.867517305294,600.298100593581,0.0
A5_leo_180deg,0.0,27.0,2.0,13564.93435612275,647.7070899284927,0.0
A5_leo_180deg,0.0,28.0,2.0,13565.053812716307,696.3037093723611,0.0
A5_leo_180deg,0.0,29.0,2.0,13565.223009785099,746.0376898797527,0.0
A5_leo_180deg,0.0,30.0,2.0,13565.438285551912,796.8629034169936,0.0
A5_leo_180deg,0.0,31.0,2.0,13565.6952682815,848.7369734063592,0.0
A5_leo_180deg,0.0,32.0,2.0,13565.988962892925,901.6208803063171,0.0
A5_leo_180deg,0.0,33.0,2.0,13566.31384807131,955.47856916681,0.0
A5_leo_180deg,0.0,34.0,2.0,13566.663982095848,1010.2765640426962,0.0
A5_leo_180deg,0.0,35.0,2.0,13567.033115441214,1065.9835927658605,0.0
A5_leo_180deg,0.0,36.0,2.0,13567.414808082169,1122.5702246381547,0.0
A5_leo_180deg,0.0,37.0,2.0,13567.802549339924,1180.0085230083796,0.0
A5_leo_180deg,0.0,38.0,2.0,13568.189878054583,1238.2717143522138,0.0
A5_leo_180deg,0.0,39.0,2.0,13568.570500854361,1297.3338753149176,0.0
A5_leo_180deg,0.0,40.0,2.0,13568.93840631977,1357.1696391460328,0.0
A5_leo_180deg,0.0,41.0,2.0,13569.287972909853,1417.7539230055788,0.0
A5_leo_180deg,0.0,42.0,2.0,13569.614068628462,1479.0616777120053,0.0
A5_leo_180deg,0.0,43.0,2.0,13569.912140559058,1541.0676615988787,0.0
A5_leo_180deg,0.0,44.0,2.0,13570.178292585308,1603.7462402197243,0.0
A5_leo_180deg,0.0,45.0,2.0,13570.409349838068,1667.0712136629752,0.0
A5_leo_180deg,0.0,46.0,2.0,13570.60290866339,1731.0156731899972,0.0
A5_leo_180deg,0.0,47.0,2.0,13570.757371185768,1795.551888771696,0.0
A5_leo_180deg,0.0,48.0,2.0,13570.871963840402,1860.6512288616805,0.0
A5_leo_180deg,0.0,49.0,2.0,13570.946739561306,1926.2841134005057,0.0
A5_leo_180deg,0.0,50.0,2.0,13570.982563632282,1992.4200005971268,0.0
A5_leo_180deg,0.0,51.0,2.0,13570.981083527699,2059.0274074882122,0.0
A5_leo_180deg,0.0,52.0,2.0,13570.944683382966,2126.073963648885,0.0
A5_leo_180deg,0.0,53.0,2.0,13570.876424034052,2193.526496741574,0.0
A5_leo_180deg,0.0,54.0,2.0,13570.779969844489,2261.351147871725,0.0
A5_leo_180deg,0.0,55.0,2.0,13570.659503791749,2329.513514002465,0.0
A5_leo_180deg,0.0,56.0,2.0,13570.519632507385,2397.978814001136,0.0
A5_leo_180deg,0.0,57.0,2.0,13570.365283152456,2466.712074284301,0.0
A5_leo_180deg,0.0,58.0,2.0,13570.20159415925,2535.6783295287437,0.0
A5_leo_180deg,0.0,59.0,2.0,13570.033801977981,2604.8428335525546,0.0
A5_leo_180deg,0.0,60.0,2.0,13569.867126033754,2674.1712752650847,0.0
A5_leo_180deg,0.0,61.0,2.0,13569.706654123036,2743.6299945503883,0.0
A5_leo_180deg,0.0,62.0,2.0,13569.557230460012,2813.186193088891,0.0
A5_leo_180deg,0.0,63.0,2.0,13569.423348525239,2882.808135430106,0.0
A5_leo_180deg,0.0,64.0,2.0,13569.309050771075,2952.4653360883162,0.0
A5_leo_180deg,0.0,65.0,2.0,13569.217837104148,3022.1287290191804,0.0
A5_leo_180deg,0.0,66.0,2.0,13569.15258389965,3091.770816517342,0.0
A5_leo_180deg,0.0,67.0,2.0,13569.115475104705,-3121.81951186088,0.0
A5_leo_180deg,0.0,68.0,2.0,13569.10794676652,-3052.2956487191564,0.0
A5_leo_180deg,0.0,69.0,2.0,13569.130646076615,-2982.865034967271,0.0
A5_leo_180deg,0.0,70.0,2.0,13569.183405760858,-2913.547879065725,0.0
A5_leo_180deg,0.0,71.0,2.0,13569.265234368577,-2844.3624363740378,0.0
A5_leo_180deg,0.0,72.0,2.0,13569.374322730308,-2775.325004268559,0.0
A5_leo_180deg,0.0,73.0,2.0,13569.508066562812,-2706.449938484532,0.0
A5_leo_180deg,0.0,74.0,2.0,13569.663104909698,-2637.7496885960213,0.0
A5_leo_180deg,0.0,75.0,2.0,13569.835373819571,-2569.2348502932755,0.0
A5_leo_180deg,0.0,76.0,2.0,13570.020174384572,-2500.914231966211,0.0
A5_leo_180deg,0.0,77.0,2.0,13570.212253996115,-2432.794933046434,0.0
A5_leo_180deg,0.0,78.0,2.0,13570.405899426438,-2364.8824315869124,0.0
A5_leo_180deg,0.0,79.0,2.0,13570.595040116707,-2297.180678655001,0.0
A5_leo_180deg,0.0,80.0,2.0,13570.77335985027,-2229.692197266583,0.0
A5_leo_180deg,0.0,81.0,2.0,13570.934414819174,-2162.41818378275,0.0
A5_leo_180deg,0.0,82.0,2.0,13571.071755952225,-2095.358609912497,0.0
A5_leo_180deg,0.0,83.0,2.0,13571.179053272683,-2028.5123237032342,0.0
A5_leo_180deg,0.0,84.0,2.0,13571.250219992033,-1961.877148145362,0.0
A5_leo_180deg,0.0,85.0,2.0,13571.279534026788,-1895.449976259061,0.0
A5_leo_180deg,0.0,86.0,2.0,13571.261754650353,-1829.2268617639377,0.0
A5_leo_180deg,0.0,87.0,2.0,13571.1922320605,-1763.2031046503143,0.0
A5_leo_180deg,0.0,88.0,2.0,13571.06700775579,-1697.3733311709336,0.0
A5_leo_180deg,0.0,89.0,2.0,13570.8829037702,-1631.7315679516605,0.0
A5_leo_180deg,0.0,90.0,2.0,13570.637599010717,-1566.2713100781077,0.0
A5_leo_180deg,0.0,91.0,2.0,13570.329691175584,-1500.985583151948,0.0
A5_leo_180deg,0.0,92.0,2.0,13569.958742995826,-1435.8669994263262,0.0
A5_leo_180deg,0.0,93.0,2.0,13569.525311834874,-1370.9078082255223,0.0
A5_leo_180deg,0.0,94.0,2.0,13569.030961994016,-1306.0999409309852,0.0
A5_leo_180deg,0.0,95.0,2.0,13568.478259398513,-1241.4350508759012,0.0
A5_leo_180deg,0.0,96.0,2.0,13567.870748673178,-1176.9045485352212,0.0
A5_leo_180deg,0.0,97.0,2.0,13567.2129129499,-1112.4996324294032,0.0
A5_leo_180deg,0.0,98.0,2.0,13566.510117075259,-1048.2113161797959,0.0
A5_leo_180deg,0.0,99.0,2.0,13565.76853519737,-984.0304521633332,0.0
A5_leo_180deg,0.0,100.0,2.0,13564.995064000846,-919.9477522156023,0.0
A5_leo_180deg,0.0,101.0,2.0,13564.197223120476,-855.9538058259584,0.0
A5_leo_180deg,0.0,102.0,2.0,13563.383044494369,-792.0390962574127,0.0
A5_leo_180deg,0.0,103.0,2.0,13562.560952609996,-728.1940150088686,0.0
A5_leo_180deg,0.0,104.0,2.0,13561.739637750108,-664.408875018835,0.0
A5_leo_180deg,0.0,105.0,2.0,13560.92792445637,-600.6739229890186,0.0
A5_leo_180deg,0.0,106.0,2.0,13560.13463749777,-536.9793511838177,0.0
A5_leo_180deg,0.0,107.0,2.0,13559.368467655357,-473.3153090384601,0.0
A5_leo_180deg,0.0,108.0,2.0,13558.637839618728,-409.67191488460486,0.0
A5_leo_180deg,0.0,109.0,2.0,13557.950784232451,-346.0392680782314,0.0
A5_leo_180deg,0.0,110.0,2.0,13557.314817234826,-282.40746179049347,0.0
A5_leo_180deg,0.0,111.0,2.0,13556.736826501005,-218.76659669827524,0.0
A5_leo_180deg,0.0,112.0,2.0,13556.22296964025,-155.1067957872432,0.0
A5_leo_180deg,0.0,113.0,2.0,13555.778583605632,-91.41822045618665,0.0
A5_leo_180deg,0.0,114.0,2.0,13555.40810775979,-27.691088087288485,0.0
A5_leo_180deg,0.0,115.0,2.0,13555.115021604255,36.084308777727614,0.0
A5_leo_180deg,0.0,116.0,2.0,13554.901798127683,99.91758154101716,0.0
A5_leo_180deg,0.0,117.0,2.0,13554.76987346332,163.81822284349258,0.0
A5_leo_180deg,0.0,118.0,2.0,13554.719633272885,227.79558199087325,0.0
A5_leo_180deg,0.0,119.0,2.0,13554.750415995097,291.858838480076,0.0
A5_leo_180deg,0.0,120.0,2.0,13554.860532818535,356.0169736264953,0.0
A5_leo_180deg,0.0,121.0,2.0,13555.047303961821,420.27874032622805,0.0
A5_leo_180deg,0.0,122.0,2.0,13555.30711057451,484.6526310229851,0.0
A5_leo_180deg,0.0,123.0,2.0,13555.635461312115,549.1468439875717,0.0
A5_leo_180deg,0.0,124.0,2.0,13556.027072394181,613.7692480578934,0.0
A5_leo_180deg,0.0,125.0,2.0,13556.475959725838,678.5273460297958,0.0
A5_leo_180deg,0.0,126.0,2.0,13556.975541457841,743.4282369327736,0.0
A5_leo_180deg,0.0,127.0,2.0,13557.518749178416,808.4785774696757,0.0
A5_leo_180deg,0.0,128.0,2.0,13558.098145778069,873.6845429448117,0.0
A5_leo_180deg,0.0,129.0,2.0,13558.706047907523,939.0517880499782,0.0
A5_leo_180deg,0.0,130.0,2.0,13559.334650862538,1004.5854079214757,0.0
A5_leo_180deg,0.0,131.0,2.0,13559.976153680851,1070.2898999221873,0.0
A5_leo_180deg,0.0,132.0,2.0,13560.622882225962,1136.1691266400662,0.0
A5_leo_180deg,0.0,133.0,2.0,13561.267408064054,1202.2262806261085,0.0
A5_leo_180deg,0.0,134.0,2.0,13561.902661010687,1268.4638514204023,0.0
A5_leo_180deg,0.0,135.0,2.0,13562.522033337902,1334.883595431524,0.0
A5_leo_180deg,0.0,136.0,2.0,13563.11947378311,1401.4865092422833,0.0
A5_leo_180deg,0.0,137.0,2.0,13563.689569691416,1468.2728069110924,0.0
A5_leo_180deg,0.0,138.0,2.0,13564.227615846674,1535.2419018226335,0.0
A5_leo_180deg,0.0,139.0,2.0,13564.729668800639,1602.392393612787,0.0
A5_leo_180deg,0.0,140.0,2.0,13565.192585789167,1669.722060650461,0.0
A5_leo_180deg,0.0,141.0,2.0,13565.614047623869,1737.227858502675,0.0
A5_leo_180deg,0.0,142.0,2.0,13565.992565260163,1804.9059247393639,0.0
A5_leo_180deg,0.0,143.0,2.0,13566.327470062566,1872.7515903515366,0.0
A5_leo_180deg,0.0,144.0,2.0,13566.61888810742,1940.75939796174,0.0
A5_leo_180deg,0.0,145.0,2.0,13566.86769917553,2008.9231269011254,0.0
A5_leo_180deg,0.0,146.0,2.0,13567.075481386333,2077.2358251149894,0.0
A5_leo_180deg,0.0,147.0,2.0,13567.24444270295,2145.689847741025,0.0
A5_leo_180deg,0.0,148.0,2.0,13567.377340790199,2214.2769020847577,0.0
A5_leo_180deg,0.0,149.0,2.0,13567.47739292858,2282.9880985982954,0.0
A5_leo_180deg,0.0,150.0,2.0,13567.54817787299,2351.814007354646,0.0
A5_leo_180deg,0.0,151.0,2.0,13567.59353169166,2420.7447194042775,0.0
A5_leo_180deg,0.0,152.0,2.0,13567.617439725987,2489.769912306464,0.0
A5_leo_180deg,0.0,153.0,2.0,13567.623926875955,2558.878919048493,0.0
A5_leo_180deg,0.0,154.0,2.0,13567.616948433995,2628.0607995032865,0.0
A5_leo_180deg,0.0,155.0,2.0,13567.600283668695,2697.3044135328355,0.0
A5_leo_180deg,0.0,156.0,2.0,13567.577434295215,2766.5984948223663,0.0
A5_leo_180deg,0.0,157.0,2.0,13567.551529864812,2835.931724528576,0.0
A5_leo_180deg,0.0,158.0,2.0,13567.525241966752,2905.2928038452583,0.0
A5_leo_180deg,0.0,159.0,2.0,13567.500708961394,2974.6705246297083,0.0
A5_leo_180deg,0.0,160.0,2.0,13567.479472758996,3044.053837292017,0.0
A5_leo_180deg,0.0,161.0,2.0,13567.462428929262,3113.431915224802,0.0
A5_leo_180deg,0.0,162.0,2.0,13567.449791174275,-3100.3910920395147,0.0
A5_leo_180deg,0.0,163.0,2.0,13567.441070927789,-3031.0547743998295,0.0
A5_leo_180deg,0.0,164.0,2.0,13567.435072561317,-2961.7542536058013,0.0
A5_leo_180deg,0.0,165.0,2.0,13567.429904385881,-2892.4989092488904,0.0
A5_leo_180deg,0.0,166.0,2.0,13567.42300534228,-2823.2976462219976,0.0
A5_leo_180deg,0.0,167.0,2.0,13567.411186979689,-2754.158860664209,0.0
A5_leo_180deg,0.0,168.0,2.0,13567.390690030936,-2685.0904115607427,0.0
A5_leo_180deg,0.0,169.0,2.0,13567.357254616107,-2616.0995978928813,0.0
A5_leo_180deg,0.0,170.0,2.0,13567.306202840095,-2547.1931411472447,0.0
A5_leo_180deg,0.0,171.0,2.0,13567.232532306038,-2478.3771729197347,0.0
A5_leo_180deg,0.0,172.0,2.0,13567.131018845634,-2409.657227288215,0.0
A5_leo_180deg,0.0,173.0,2.0,13566.996326575241,-2341.0382375798745,0.0
A5_leo_180deg,0.0,174.0,2.0,13566.823123226144,-2272.524537124261,0.0
A5_leo_180deg,0.0,175.0,2.0,13566.60619857511,-2204.1198635610867,0.0
A5_leo_180deg,0.0,176.0,2.0,13566.340583715233,-2135.827366261997,0.0
A5_leo_180deg,0.0,177.0,2.0,13566.021668866199,-2067.6496164269397,0.0
A5_leo_180deg,0.0,178.0,2.0,13565.64531742315,-1999.5886194270468,0.0
A5_leo_180deg,0.0,179.0,2.0,13565.20797399054,-1931.6458289858272,0.0
A5_leo_180deg,0.0,180.0,2.0,13564.706764237444,-1863.822162817421,0.0
A5_leo_180deg,0.0,181.0,2.0,13564.139584546367,-1796.1180193731484,0.0
A5_leo_180deg,0.0,182.0,2.0,13563.50517960395,-1728.5332953841978,0.0
A5_leo_180deg,0.0,183.0,2.0,13562.803206297867,-1661.0674039274268,0.0
A5_leo_180deg,0.0,184.0,2.0,13562.034282534449,-1593.7192927818696,0.0
A5_leo_180deg,0.0,185.0,2.0,13561.200019871663,-1526.4874628841203,0.0
A5_leo_180deg,0.0,186.0,2.0,13560.303039165881,-1459.369986730523,0.0
A5_leo_180deg,0.0,187.0,2.0,13559.346968751914,-1392.3645266120477,0.0
A5_leo_180deg,0.0,188.0,2.0,13558.336425007023,-1325.4683526032286,0.0
A5_leo_180deg,0.0,189.0,2.0,13557.276975483504,-1258.6783602589082,0.0
A5_leo_180deg,0.0,190.0,2.0,13556.175085124085,-1191.991088001671,0.0
A5_leo_180deg,0.0,191.0,2.0,13555.03804639198,-1125.402734208203,0.0
A5_leo_180deg,0.0,192.0,2.0,13553.873894446782,-1058.9091740245901,0.0
A5_leo_180deg,0.0,193.0,2.0,13552.691308771626,-992.5059759585793,0.0
A5_leo_180deg,0.0,194.0,2.0,13551.499502901876,-926.1884183113214,0.0
A5_leo_180deg,0.0,195.0,2.0,13550.308104114709,-859.9515055222655,0.0
A5_leo_180deg,0.0,196.0,2.0,13549.127025111218,-793.7899845088192,0.0
A5_leo_180deg,0.0,197.0,2.0,13547.966329853174,-727.698361087676,0.0
A5_leo_180deg,0.0,198.0,2.0,13546.836095805611,-661.6709165672696,0.0
A5_leo_180deg,0.0,199.0,2.0,13545.746274883493,-595.70172460131,0.0
A5_leo_180deg,0.0,200.0,2.0,13544.70655540389,-529.7846683917493,0.0
A5_leo_180deg,0.0,201.0,2.0,13543.72622731127,-463.91345832633624,0.0
A5_leo_180deg,0.0,202.0,2.0,13542.814052866814,-398.0816501310578,0.0
A5_leo_180deg,0.0,203.0,2.0,13541.978144884344,-332.28266361178703,0.0
A5_leo_180deg,0.0,204.0,2.0,13541.22585445119,-266.5098020519974,0.0
A5_leo_180deg,0.0,205.0,2.0,13540.563669901121,-200.7562723250791,0.0
A5_leo_180deg,0.0,206.0,2.0,13539.997128608182,-135.01520577014415,0.0
A5_leo_180deg,0.0,207.0,2.0,13539.5307429512,-69.27967986964178,0.0
A5_leo_180deg,0.0,208.0,2.0,13539.167941560618,-3.542740755298812,0.0
A5_leo_180deg,0.0,209.0,2.0,13538.911026708925,62.202573443891126,0.0
A5_leo_180deg,0.0,210.0,2.0,13538.761148441772,127.96320841204833,0.0
A5_leo_180deg,0.0,211.0,2.0,13538.718295779598,193.74606863076016,0.0
A5_leo_180deg,0.0,212.0,2.0,13538.7813050463,259.5579915694897,0.0
A5_leo_180deg,0.0,213.0,2.0,13538.947885109195,325.4057211318173,0.0
A5_leo_180deg,0.0,214.0,2.0,13539.214659046916,391.2958804260285,0.0
A5_leo_180deg,0.0,215.0,2.0,13539.57722149925,457.2349439484311,0.0
A5_leo_180deg,0.0,216.0,2.0,13540.030210703499,523.2292092884423,0.0
A5_leo_180deg,0.0,217.0,2.0,13540.567393983863,589.2847684858249,0.0
A5_leo_180deg,0.0,218.0,2.0,13541.181765242814,655.4074791920539,0.0
A5_leo_180deg,0.0,219.0,2.0,13541.865652803432,721.602935809479,0.0
A5_leo_180deg,0.0,220.0,2.0,13542.610835780006,787.876440803037,0.0
A5_leo_180deg,0.0,221.0,2.0,13543.408667007,854.2329763995249,0.0
A5_leo_180deg,0.0,222.0,2.0,13544.250200442171,920.677176908197,0.0
A5_leo_180deg,0.0,223.0,2.0,13545.126320878888,987.2133019130409,0.0
A5_leo_180deg,0.0,224.0,2.0,13546.027873757745,1053.8452106011462,0.0
A5_leo_180deg,0.0,225.0,2.0,13546.945792861732,1120.576337502243,0.0
A5_leo_180deg,0.0,226.0,2.0,13547.871223711863,1187.409669921438,0.0
A5_leo_180deg,0.0,227.0,2.0,13548.795640555258,1254.3477273494173,0.0
A5_leo_180deg,0.0,228.0,2.0,13549.710954950137,1321.392543132104,0.0
A5_leo_180deg,0.0,229.0,2.0,13550.609614106264,1388.5456486737535,0.0
A5_leo_180deg,0.0,230.0,2.0,13551.48468732855,1455.8080604341583,0.0
A5_leo_180deg,0.0,231.0,2.0,13552.329939135954,1523.1802699612585,0.0
A5_leo_180deg,0.0,232.0,2.0,13553.139887881202,1590.6622371755157,0.0
A5_leo_180deg,0.0,233.0,2.0,13553.909848976193,1658.2533870916425,0.0
A5_leo_180deg,0.0,234.0,2.0,13554.635962126556,1725.9526101272265,0.0
A5_leo_180deg,0.0,235.0,2.0,13555.315202290578,1793.7582661068366,0.0
A5_leo_180deg,0.0,236.0,2.0,13555.945374396973,1861.6681920253884,0.0
A5_leo_180deg,0.0,237.0,2.0,13556.52509217384,1929.6797135856539,0.0
A5_leo_180deg,0.0,238.0,2.0,13557.053741753263,1997.7896604747566,0.0
A5_leo_180deg,0.0,239.0,2.0,13557.531431012856,2065.9943852918054,0.0
A5_leo_180deg,0.0,240.0,2.0,13557.958925893112,2134.289785987413,0.0
A5_leo_180deg,0.0,241.0,2.0,13558.337575179712,2202.6713316245186,0.0
A5_leo_180deg,0.0,242.0,2.0,13558.669225459722,2271.134091221931,0.0
A5_leo_180deg,0.0,243.0,2.0,13558.956128143604,2339.6727653970347,0.0
A5_leo_180deg,0.0,244.0,2.0,13559.200840589432,2408.281720484305,0.0
A5_leo_180deg,0.0,245.0,2.0,13559.406123467867,2476.9550247722627,0.0
A5_leo_180deg,0.0,246.0,2.0,13559.574836565938,2545.686486474076,0.0
A5_leo_180deg,0.0,247.0,2.0,13559.709835242631,2614.4696930270948,0.0
A5_leo_180deg,0.0,248.0,2.0,13559.813869722066,2683.2980513046555,0.0
A5_leo_180deg,0.0,249.0,2.0,13559.889489339415,2752.164828319393,0.0
A5_leo_180deg,0.0,250.0,2.0,13559.938953746021,2821.0631920016426,0.0
A5_leo_180deg,0.0,251.0,2.0,13559.964152931292,2889.9862516484536,0.0
A5_leo_180deg,0.0,252.0,2.0,13559.966537740143,2958.9270976583607,0.0
A5_leo_180deg,0.0,253.0,2.0,13559.947062350466,3027.878840193094,0.0
A5_leo_180deg,0.0,254.0,2.0,13559.906139940047,3096.8346464398423,0.0
A5_leo_180deg,0.0,255.0,2.0,13559.843612511017,-3117.3975309951097,0.0
A5_leo_180deg,0.0,256.0,2.0,13559.758735563742,-3048.4536917324704,0.0
A5_leo_180deg,0.0,257.0,2.0,13559.650178023,-2979.5255992047205,0.0
A5_leo_180deg,0.0,258.0,2.0,13559.51603752121,-2910.6195227481708,0.0
A5_leo_180deg,0.0,259.0,2.0,13559.353870844508,-2841.741518011273,0.0
A5_leo_180deg,0.0,260.0,2.0,13559.160739050478,-2772.8974026726246,0.0
A5_leo_180deg,0.0,261.0,2.0,13558.933266474234,-2704.092734676982,0.0
A5_leo_180deg,0.0,262.0,2.0,13558.667712563856,-2635.3327929786674,0.0
A5_leo_180deg,0.0,263.0,2.0,13558.36005522333,-2566.6225607460087,0.0
A5_leo_180deg,0.0,264.0,2.0,13558.00608410378,-2497.9667109491957,0.0
A5_leo_180deg,0.0,265.0,2.0,13557.601502071704,-2429.3695942272975,0.0
A5_leo_180deg,0.0,266.0,2.0,13557.142032899857,-2360.835228908815,0.0
A5_leo_180deg,0.0,267.0,2.0,13556.623533082868,-2292.367293043867,0.0
A5_leo_180deg,0.0,268.0,2.0,13556.042105570094,-2223.96911829516,0.0
A5_leo_180deg,0.0,269.0,2.0,13555.39421314349,-2155.6436855288107,0.0
A5_leo_180deg,0.0,270.0,2.0,13554.676789143821,-2087.393621945004,0.0
A5_leo_180deg,0.0,271.0,2.0,13553.887343273576,-2019.2211995913483,0.0
A5_leo_180deg,0.0,272.0,2.0,13553.024060270714,-1951.1283351086543,0.0
A5_leo_180deg,0.0,273.0,2.0,13552.085889361542,-1883.1165905689802,0.0
A5_leo_180deg,0.0,274.0,2.0,13551.072622557733,-1815.1871752782588,0.0
A5_leo_180deg,0.0,275.0,2.0,13549.984960058293,-1747.340948430498,0.0
A5_leo_180deg,0.0,276.0,2.0,13548.824561252499,-1679.5784225161915,0.0
A5_leo_180deg,0.0,277.0,2.0,13547.594080085843,-1611.8997674043437,0.0
A5_leo_180deg,0.0,278.0,2.0,13546.297183843244,-1544.3048150338807,0.0
A5_leo_180deg,0.0,279.0,2.0,13544.938554717974,-1476.793064666575,0.0
A5_leo_180deg,0.0,280.0,2.0,13543.523873860231,-1409.3636886689574,0.0
A5_leo_180deg,0.0,281.0,2.0,13542.059787932672,-1342.0155388047167,0.0
A5_leo_180deg,0.0,282.0,2.0,13540.553858530915,-1274.7471530318758,0.0
A5_leo_180deg,0.0,283.0,2.0,13539.01449515027,-1207.556762809814,0.0
A5_leo_180deg,0.0,284.0,2.0,13537.450872686362,-1140.4423009304737,0.0
A5_leo_180deg,0.0,285.0,2.0,13535.872834743668,-1073.4014098951957,0.0
A5_leo_180deg,0.0,286.0,2.0,13534.290784282224,-1006.4314508641678,0.0
A5_leo_180deg,0.0,287.0,2.0,13532.715563358726,-939.5295132090897,0.0
A5_leo_180deg,0.0,288.0,2.0,13531.158323906846,-872.692424701662,0.0
A5_leo_180deg,0.0,289.0,2.0,13529.630391650326,-805.9167623710764,0.0
A5_leo_180deg,0.0,290.0,2.0,13528.143125352131,-739.1988640629199,0.0
A5_leo_180deg,0.0,291.0,2.0,13526.707773668191,-672.5348407298978,0.0
A5_leo_180deg,0.0,292.0,2.0,13525.335331900596,-605.9205894819404,0.0
A5_leo_180deg,0.0,293.0,2.0,13524.036400930332,-539.3518074194512,0.0
A5_leo_180deg,0.0,294.0,2.0,13522.821050552177,-472.82400626898277,0.0
A5_leo_180deg,0.0,295.0,2.0,13521.69868935026,-406.3325278355503,0.0
A5_leo_180deg,0.0,296.0,2.0,13520.677943122968,-339.87256028013314,0.0
A5_leo_180deg,0.0,297.0,2.0,13519.766543716822,-273.4391552247981,0.0
A5_leo_180deg,0.0,298.0,2.0,13518.971229947043,-207.02724568111242,0.0
A5_leo_180deg,0.0,299.0,2.0,13518.29766207985,-140.6316647904866,0.0
A5_leo_180deg,0.0,300.0,2.0,13517.750351130797,-74.24716535731113,0.0
A5_leo_180deg,0.0,301.0,2.0,13517.332603993242,-7.868440147331235,0.0
A5_leo_180deg,0.0,302.0,2.0,13517.046485164405,58.5098570849687,0.0
A5_leo_180deg,0.0,303.0,2.0,13516.892795575672,124.89308988606408,0.0
A5_leo_180deg,0.0,304.0,2.0,13516.871068771661,191.28661676632186,0.0
A5_leo_180deg,0.0,305.0,2.0,13516.97958441777,257.69576830326235,0.0
A5_leo_180deg,0.0,306.0,2.0,13517.215398847604,324.125823764021,0.0
A5_leo_180deg,0.0,307.0,2.0,13517.574392108509,390.58198733760776,0.0
A5_leo_180deg,0.0,308.0,2.0,13518.051330702867,457.0693640805299,0.0
A5_leo_180deg,0.0,309.0,2.0,13518.639944988532,523.5929356917617,0.0
A5_leo_180deg,0.0,310.0,2.0,13519.33301996755,590.1575362463296,0.0
A5_leo_180deg,0.0,311.0,2.0,13520.122497987293,656.7678280289445,0.0
A5_leo_180deg,0.0,312.0,2.0,13520.999591682765,723.4282776218919,0.0
A5_leo_180deg,0.0,313.0,2.0,13521.954905326482,790.1431324122026,0.0
A5_leo_180deg,0.0,314.0,2.0,13522.978562611837,856.9163976935208,0.0
A5_leo_180deg,0.0,315.0,2.0,13524.060338785459,923.751814546712,0.0
A5_leo_180deg,0.0,316.0,2.0,13525.18979497085,990.6528386895967,0.0
A5_leo_180deg,0.0,317.0,2.0,13526.356412482255,1057.6226204906459,0.0
A5_leo_180deg,0.0,318.0,2.0,13527.54972492639,1124.6639863430569,0.0
A5_leo_180deg,0.0,319.0,2.0,13528.759445925269,1191.7794215937968,0.0
A5_leo_180deg,0.0,320.0,2.0,13529.975590368102,1258.9710552179429,0.0
A5_leo_180deg,0.0,321.0,2.0,13531.188587216107,1326.240646419974,0.0
A5_leo_180deg,0.0,322.0,2.0,13532.389382036876,1393.589573331976,0.0
A5_leo_180deg,0.0,323.0,2.0,13533.569527635069,1461.0188239633972,0.0
A5_leo_180deg,0.0,324.0,2.0,13534.721261369597,1528.5289895376995,0.0
A5_leo_180deg,0.0,325.0,2.0,13535.837568000572,1596.1202603292638,0.0
A5_leo_180deg,0.0,326.0,2.0,13536.912227187524,1663.792424088104,0.0
A5_leo_180deg,0.0,327.0,2.0,13537.939845057617,1731.544867112321,0.0
A5_leo_180deg,0.0,328.0,2.0,13538.915869573739,1799.3765779977266,0.0
A5_leo_180deg,0.0,329.0,2.0,13539.836589749168,1867.286154062196,0.0
A5_leo_180deg,0.0,330.0,2.0,13540.699119073663,1935.2718104101098,0.0
A5_leo_180deg,0.0,331.0,2.0,13541.501363824209,2003.331391568352,0.0
A5_leo_180deg,0.0,332.0,2.0,13542.241977231215,2071.4623855939294,0.0
A5_leo_180deg,0.0,333.0,2.0,13542.9203007448,2139.661940521118,0.0
A5_leo_180deg,0.0,334.0,2.0,13543.536293895144,2207.926882987257,0.0
A5_leo_180deg,0.0,335.0,2.0,13544.090454458761,2276.253738849685,0.0
A5_leo_180deg,0.0,336.0,2.0,13544.583730820625,2344.638755582327,0.0
A5_leo_180deg,0.0,337.0,2.0,13545.01742856738,2413.077926221754,0.0
A5_leo_180deg,0.0,338.0,2.0,13545.393113441018,2481.5670146160924,0.0
A5_leo_180deg,0.0,339.0,2.0,13545.712512841726,2550.101581720157,0.0
A5_leo_180deg,0.0,340.0,2.0,13545.977418075643,2618.6770126733504,0.0
A5_leo_180deg,0.0,341.0,2.0,13546.189589513295,2687.2885443960363,0.0
A5_leo_180deg,0.0,342.0,2.0,13546.350666746595,2755.9312934431314,0.0
A5_leo_180deg,0.0,343.0,2.0,13546.462085716877,2824.600283861695,0.0
A5_leo_180deg,0.0,344.0,2.0,13546.52500463267,2893.2904748115293,0.0
A5_leo_180deg,0.0,345.0,2.0,13546.54024030683,2961.9967877235663,0.0
A5_leo_180deg,0.0,346.0,2.0,13546.50821632415,3030.7141327903223,0.0
A5_leo_180deg,0.0,347.0,2.0,13546.428924206462,3099.4374346046225,0.0
A5_leo_180deg,0.0,348.0,2.0,13546.30189847369,-3115.023650392714,0.0
A5_leo_180deg,0.0,349.0,2.0,13546.126206217985,-3046.3034817127664,0.0
A5_leo_180deg,0.0,350.0,2.0,13545.900451510686,-2977.5922556676614,0.0
A5_leo_180deg,0.0,351.0,2.0,13545.622794663099,-2908.894755758555,0.0
A5_leo_180deg,0.0,352.0,2.0,13545.290986056034,-2840.2156403520034,0.0
A5_leo_180deg,0.0,353.0,2.0,13544.902413956055,-2771.5594245980615,0.0
A5_leo_180deg,0.0,354.0,2.0,13544.454165445386,-2702.930463777828,0.0
A5_leo_180deg,0.0,355.0,2.0,13543.943099318094,-2634.332938067729,0.0
A5_leo_180deg,0.0,356.0,2.0,13543.365929539066,-2565.7708386897048,0.0
A5_leo_180deg,0.0,357.0,2.0,13542.719317630208,-2497.2479554012384,0.0
A5_leo_180deg,0.0,358.0,2.0,13541.999972147552,-2428.767865266819,0.0
A5_leo_180deg,0.0,359.0,2.0,13541.204753245172,-2360.333922643487,0.0
A5_leo_180deg,0.0,360.0,2.0,13540.330780188024,-2291.9492503071574,0.0
A5_leo_180deg,1.0,0.0,2.0,13572.600000000002,0.0,0.0
A5_leo_180deg,1.0,1.0,2.0,13572.569235314959,0.07532480568528399,0.0
A5_leo_180deg,1.0,2.0,2.0,13572.477444340715,0.5987808834664321,0.0
A5_leo_180deg,1.0,3.0,2.0,13572.326127484703,1.999846882727141,0.0
A5_leo_180deg,1.0,4.0,2.0,13572.117756142734,4.672639470536311,0.0
A5_leo_180deg,1.0,5.0,2.0,13571.855729356592,8.962723433294073,0.0
A5_leo_180deg,1.0,6.0,2.0,13571.544314286464,15.158390996504068,0.0
A5_leo_180deg,1.0,7.0,2.0,13571.188571619556,23.486645121888472,0.0
A5_leo_180deg,1.0,8.0,2.0,13570.79426731461,34.113487156944174,0.0
A5_leo_180deg,1.0,9.0,2.0,13570.367772329999,47.14766991275976,0.0
A5_leo_180deg,1.0,10.0,2.0,13569.915952196758,62.64687155370385,0.0
A5_leo_180deg,1.0,11.0,2.0,13569.446048472768,80.6252467641877,0.0
A5_leo_180deg,1.0,12.0,2.0,13568.965554248025,101.06145562045566,0.0
A5_leo_180deg,1.0,13.0,2.0,13568.48208596148,123.90648591510268,0.0
A5_leo_180deg,1.0,14.0,2.0,13568.00325383691,149.09081230184373,0.0
A5_leo_180deg,1.0,15.0,2.0,13567.536533248784,176.53063725775687,0.0
A5_leo_180deg,1.0,16.0,2.0,13567.08913929021,206.13311630558817,0.0
A5_leo_180deg,1.0,17.0,2.0,13566.667906736178,237.8005798948859,0.0
A5_leo_180deg,1.0,18.0,2.0,13566.279177478473,271.4338322726331,0.0
A5_leo_180deg,1.0,19.0,2.0,13565.928697357465,306.9346427877431,0.0
A5_leo_180deg,1.0,20.0,2.0,13565.621524133692,344.2075570163081,0.0
A5_leo_180deg,1.0,21.0,2.0,13565.361948132973,383.16115221810463,0.0
A5_leo_180deg,1.0,22.0,2.0,13565.153426866127,423.7088503682509,0.0
A5_leo_180deg,1.0,23.0,2.0,13564.998534673208,465.7693868705026,0.0
A5_leo_180deg,1.0,24.0,2.0,13564.898928175824,509.2670169728093,0.0
A5_leo_180deg,1.0,25.0,2.0,13564.85532804456,554.1315265915774,0.0
A5_leo_180deg,1.0,26.0,2.0,13564.867517305294,600.298100593581,0.0
A5_leo_180deg,1.0,27.0,2.0,13564.93435612275,647.7070899284927,0.0
A5_leo_180deg,1.0,28.0,2.0,13565.053812716307,696.3037093723611,0.0
A5_leo_180deg,1.0,29.0,2.0,13565.223009785099,746.0376898797527,0.0
A5_leo_180deg,1.0,30.0,2.0,13565.438285551912,796.8629034169936,0.0
A5_leo_180deg,1.0,31.0,2.0,13565.6952682815,848.7369734063592,0.0
A5_leo_180deg,1.0,32.0,2.0,13565.988962892925,901.6208803063171,0.0
A5_leo_180deg,1.0,33.0,2.0,13566.31384807131,955.47856916681,0.0
A5_leo_180deg,1.0,34.0,2.0,13566.663982095848,1010.2765640426962,0.0
A5_leo_180deg,1.0,35.0,2.0,13567.033115441214,1065.9835927658605,0.0
A5_leo_180deg,1.0,36.0,2.0,13567.414808082169,1122.5702246381547,0.0
A5_leo_180deg,1.0,37.0,2.0,13567.862332126891,1180.0071357264503,0.00014363800326933074
A5_leo_180deg,1.0,38.0,2.0,13568.308913391578,1238.2683718445273,0.0002644306809074237
A5_leo_180deg,1.0,39.0,2.0,13568.748012356828,1297.3280023665393,0.0003655651368283941
A5_leo_180deg,1.0,40.0,2.0,13569.173377072997,1357.1606565282082,0.0004497715906381927
A5_leo_180deg,1.0,41.0,2.0,13569.579151590811,1417.741250936361,0.0005193887120391594
A5_leo_180deg,1.0,42.0,2.0,13569.959976068792,1479.0447395152162,0.0005764197443802743
A5_leo_180deg,1.0,43.0,2.0,13570.31107669767,1541.0458875493234,0.0006225806052917449
A5_leo_180deg,1.0,44.0,2.0,13570.628343771472,1603.7190715548454,0.0006593410537547584
A5_leo_180deg,1.0,45.0,2.0,13570.908396459083,1667.0381067328703,0.0006879598970499501
A5_leo_180deg,1.0,46.0,2.0,13571.148633084089,1730.9761037091773,0.0007095150360569846
A5_leo_180deg,1.0,47.0,2.0,13571.347266000115,1795.5053561275704,0.0007249291917865719
A5_leo_180deg,1.0,48.0,2.0,13571.503340447509,1860.5972604268218,0.000734991797646245
A5_leo_180deg,1.0,49.0,2.0,13571.616737089178,1926.2222687887559,0.0007403777857462046
A5_leo_180deg,1.0,50.0,2.0,13571.68815824181,1992.349875797924,0.0007416635852131037
A5_leo_180deg,1.0,51.0,2.0,13571.7190981368,2058.9486388096675,0.0007393408321121342
A5_leo_180deg,1.0,52.0,2.0,13571.711797855865,2125.986231398352,0.0007338281045043971
A5_leo_180deg,1.0,53.0,2.0,13571.669185883302,2193.4295285731614,0.0007254809828438624
A5_leo_180deg,1.0,54.0,2.0,13571.594805493516,2261.2447217334256,0.000714600674633914
A5_leo_180deg,1.0,55.0,2.0,13571.492730443135,2329.3974606215047,0.0007014414351580456
A5_leo_180deg,1.0,56.0,2.0,13571.367470657216,2397.853018854537,0.0006862169672494645
A5_leo_180deg,1.0,57.0,2.0,13571.223869783647,2466.5764790123353,0.000669105923112312
A5_leo_180deg,1.0,58.0,2.0,13571.066996637193,2535.5329327614572,0.000650256696044238
A5_leo_180deg,1.0,59.0,2.0,13570.902032660524,2604.687691133342,0.0006297915526864983
A5_leo_180deg,1.0,60.0,2.0,13570.734157594416,2674.0064998698313,0.0006078102590123535
A5_leo_180deg,1.0,61.0,2.0,13570.56843557222,2743.455754715164,0.0005843932524562945
A5_leo_180deg,1.0,62.0,2.0,13570.409703833982,2813.0027116731294,0.0005596044228006747
A5_leo_180deg,1.0,63.0,2.0,13570.26246619716,2882.6156875546935,0.000533493600407553
A5_leo_180deg,1.0,64.0,2.0,13570.130793322734,2952.2642465989143,0.000506098770447494
A5_leo_180deg,1.0,65.0,2.0,13570.018231682283,3021.919369533623,0.0004774480770741718
A5_leo_180deg,1.0,66.0,2.0,13569.927722965806,3091.553602122116,0.00044756164330195247
A5_leo_180deg,1.0,67.0,2.0,13569.861535474529,-3122.0441261965684,0.0004164532803052623
A5_leo_180deg,1.0,68.0,2.0,13569.821208821975,-3052.5271719421976,0.0003841320515007851
A5_leo_180deg,1.0,69.0,2.0,13569.807513024054,-2983.102943884181,0.0003506037855594002
A5_leo_180deg,1.0,70.0,2.0,13569.820422798835,-2913.791622366176,0.000315872514811133
A5_leo_180deg,1.0,71.0,2.0,13569.859107622407,-2844.6114386747777,0.0002799418954424482
A5_leo_180deg,1.0,72.0,2.0,13569.921937804973,-2775.5786701245984,0.00024281660193636867
A5_leo_180deg,1.0,73.0,2.0,13570.006506562773,-2706.7076563217274,0.00020450370419311525
A5_leo_180deg,1.0,74.0,2.0,13570.109667773231,-2638.0108345269796,0.00016501408728331057
A5_leo_180deg,1.0,75.0,2.0,13570.227588815898,-2569.4987917862877,0.00012436385965486352
A5_leo_180deg,1.0,76.0,2.0,13570.355817625014,-2501.1803313445603,8.25758119660236e-05
A5_leo_180deg,1.0,77.0,2.0,13570.4893628156,-2433.062550802396,3.968088568839789e-05
A5_leo_180deg,1.0,78.0,2.0,13570.622785497817,-2365.150929501212,-4.280312992932522e-06
A5_leo_180deg,1.0,79.0,2.0,13570.750301168971,-2297.449422717936,-4.925598950933363e-05
A5_leo_180deg,1.0,80.0,2.0,13570.865889871782,-2229.96056040166,-9.518161192545449e-05
A5_leo_180deg,1.0,81.0,2.0,13570.963412637926,-2162.685548377411,-0.00014197836950557985
A5_leo_180deg,1.0,82.0,2.0,13571.036732098366,-2095.624370163267,-0.00018955166147804903
A5_leo_180deg,1.0,83.0,2.0,13571.079835041848,-2028.7758877846547,-0.00023778961022458134
A5_leo_180deg,1.0,84.0,2.0,13571.086954643104,-1962.1379402133136,-0.00028656169703822343
A5_leo_180deg,1.0,85.0,2.0,13571.052690063163,-1895.7074382996846,-0.00033571749380456595
A5_leo_180deg,1.0,86.0,2.0,13570.972121150055,-1829.4804552994394,-0.0003850855874176773
A5_leo_180deg,1.0,87.0,2.0,13570.840916037072,-1763.4523123126041,-0.00043447273423424804
A5_leo_180deg,1.0,88.0,2.0,13570.655429548939,-1697.6176581533446,-0.00048366332672244994
A5_leo_180deg,1.0,89.0,2.0,13570.412790482162,-1631.9705433480995,-0.0005324191914013454
A5_leo_180deg,1.0,90.0,2.0,13570.110976021238,-1566.5044881179158,-0.000580479888157015
A5_leo_180deg,1.0,91.0,2.0,13569.748871785147,-1501.2125443375758,-0.0006275634620855897
A5_leo_180deg,1.0,92.0,2.0,13569.326316262941,-1436.087351579776,-0.0006733678228343365
A5_leo_180deg,1.0,93.0,2.0,13568.844128688952,-1371.1211874483195,-0.0007175727922970054
A5_leo_180deg,1.0,94.0,2.0,13568.304119720053,-1306.3060124813703,-0.0007598428215516151
A5_leo_180deg,1.0,95.0,2.0,13567.709084603912,-1241.6335099658781,-0.0007998304911716048
A5_leo_180deg,1.0,96.0,2.0,13567.062778859696,-1177.0951210492256,-0.0008371807895812822
A5_leo_180deg,1.0,97.0,2.0,13566.369876825378,-1112.682075565515,-0.0008715361201616645
A5_leo_180deg,1.0,98.0,2.0,13565.635913750095,-1048.3854190137665,-0.0009025420539821027
A5_leo_180deg,1.0,99.0,2.0,13564.86721241956,-984.1960361351303,-0.0009298536784996259
A5_leo_180deg,1.0,100.0,2.0,13564.07079559062,-920.1046715377377,-0.0009531425178010977
A5_leo_180deg,1.0,101.0,2.0,13563.254285771418,-856.1019478125233,-0.0009721037073084915
A5_leo_180deg,1.0,102.0,2.0,13562.42579411184,-792.1783815725503,-0.0009864634153977647
A5_leo_180deg,1.0,103.0,2.0,13561.593800360222,-728.3243978332355,-0.000995986008334171
A5_leo_180deg,1.0,104.0,2.0,13560.767025993693,-664.5303431325887,-0.001000481004709286
A5_leo_180deg,1.0,105.0,2.0,13559.95430273929,-600.7864977698558,-0.0009998092975749273
A5_leo_180deg,1.0,106.0,2.0,13559.164438769843,-537.0830875186643,-0.000993888460421033
A5_leo_180deg,1.0,107.0,2.0,13558.406084881874,-473.4102951475112,-0.0009826968287995896
A5_leo_180deg,1.0,108.0,2.0,13557.687602944896,-409.7582720565667,-0.0009662763083007064
A5_leo_180deg,1.0,109.0,2.0,13557.016938852588,-346.1171503157168,-0.0009447333768619615
A5_leo_180deg,1.0,110.0,2.0,13556.401502109118,-282.4770553647231,-0.0009182386420114597
A5_leo_180deg,1.0,111.0,2.0,13555.848054052149,-218.82811961232386,-0.0008870245058467674
A5_leo_180deg,1.0,112.0,2.0,13555.3626065503,-155.16049714720248,-0.0008513812157495693
A5_leo_180deg,1.0,113.0,2.0,13554.950332820552,-91.46437974970124,-0.0008116514274014719
A5_leo_180deg,1.0,114.0,2.0,13554.61549179487,-27.730014368968714,-0.0007682233205130728
A5_leo_180deg,1.0,115.0,2.0,13554.361367228872,36.052277794517806,-0.0007215227659784773
A5_leo_180deg,1.0,116.0,2.0,13554.190222492069,99.89208048649756,-0.0006720045968577892
A5_leo_180deg,1.0,117.0,2.0,13554.103271713782,163.79885978853002,-0.0006201435751584938
A5_leo_180deg,1.0,118.0,2.0,13554.100667685714,227.78193963943627,-0.0005664251272463616
A5_leo_180deg,1.0,119.0,2.0,13554.181506642664,291.8504754578835,-0.000511336365693893
A5_leo_180deg,1.0,120.0,2.0,13554.343849765046,356.01342586677197,-0.00045535763426585163
A5_leo_180deg,1.0,121.0,2.0,13554.58476097011,420.2795225535918,-0.000398954747904412
A5_leo_180deg,1.0,122.0,2.0,13554.9003602902,484.6572383365948,-0.0003425722097105677
A5_leo_180deg,1.0,123.0,2.0,13555.285891877635,549.1547535446628,-0.0002866274919632872
A5_leo_180deg,1.0,124.0,2.0,13555.73580543202,613.7799208587965,-0.00023150648686964814
A5_leo_180deg,1.0,125.0,2.0,13556.243849619279,678.5402288053764,-0.0001775600928510812
A5_leo_180deg,1.0,126.0,2.0,13556.803175847965,743.4427641349406,-0.00012510196878423585
A5_leo_180deg,1.0,127.0,2.0,13557.40645058857,808.494173365145,-7.440734517416558e-05
A5_leo_180deg,1.0,128.0,2.0,13558.045974271883,873.700623811688,-2.5712816764666968e-05
A5_leo_180deg,1.0,129.0,2.0,13558.713804683226,939.0677644758645,2.078302419050715e-05
A5_leo_180deg,1.0,130.0,2.0,13559.401882686114,1004.6006872007531,6.491822723830865e-05
A5_leo_180deg,1.0,131.0,2.0,13560.102158061987,1070.303888548798,0.00010656555371468812
A5_leo_180deg,1.0,132.0,2.0,13560.806713245127,1136.1812328906024,0.0001456300915414488
A5_leo_180deg,1.0,133.0,2.0,13561.50788276514,1202.235917226263,0.00018204657248332978
A5_leo_180deg,1.0,134.0,2.0,13562.19836628233,1268.4704382857888,0.0002157764718013766
A5_leo_180deg,1.0,135.0,2.0,13562.871333216339,1334.8865624718478,0.00024680502042073726
A5_leo_180deg,1.0,136.0,2.0,13563.520517121324,1401.4852992154463,0.00027513821843072606
A5_leo_180deg,1.0,137.0,2.0,13564.140298151817,1468.2668783115016,0.0003007998996551464
A5_leo_180deg,1.0,138.0,2.0,13564.72577218764,1535.2307317856234,0.0003238289285611984
A5_leo_180deg,1.0,139.0,2.0,13565.272805441022,1602.375480814704,0.00034427654460600365
A5_leo_180deg,1.0,140.0,2.0,13565.778073647674,1669.698928181818,0.0003622039481676609
A5_leo_180deg,1.0,141.0,2.0,13566.239085242742,1737.1980566898096,0.0003776800472365949
A5_leo_180deg,1.0,142.0,2.0,13566.654188233913,1804.869033888421,0.000390779475445413
A5_leo_180deg,1.0,143.0,2.0,13567.022560801823,1872.7072233873532,0.00040158082414976093
A5_leo_180deg,1.0,144.0,2.0,13567.344185975831,1940.7072029334386,0.0004101651209786894
A5_leo_180deg,1.0,145.0,2.0,13567.619811043176,2008.862789326029,0.0004166144771389213
A5_leo_180deg,1.0,146.0,2.0,13567.850892645796,2077.1670701328303,0.00042101104336111916
A5_leo_180deg,1.0,147.0,2.0,13568.039528794905,2145.612442051382,0.0004234360542199056
A5_leo_180deg,1.0,148.0,2.0,13568.188379283281,2214.1906556423905,0.00042396913180198226
A5_leo_180deg,1.0,149.0,2.0,13568.300576193455,2282.8928660431807,0.00042268770128472966
A5_leo_180deg,1.0,150.0,2.0,13568.379626383447,2351.7096891564424,0.0004196666321121256
A5_leo_180deg,1.0,151.0,2.0,13568.429307976638,2420.631262704317,0.00041497792313549553
A5_leo_180deg,1.0,152.0,2.0,13568.453562984856,2489.64731144415,0.0004086905698308385
A5_leo_180deg,1.0,153.0,2.0,13568.456388256698,2558.747215763223,0.0004008705283276015
A5_leo_180deg,1.0,154.0,2.0,13568.441726960029,2627.920082807359,0.00039158074338629945
A5_leo_180deg,1.0,155.0,2.0,13568.41336278504,2697.154819255446,0.00038088129228341927
A5_leo_180deg,1.0,156.0,2.0,13568.374818989267,2766.440204829145,0.000368829596641973
A5_leo_180deg,1.0,157.0,2.0,13568.329264301947,2835.7649656257145,0.00035548065957513586
A5_leo_180deg,1.0,158.0,2.0,13568.279427565467,2905.11784638123,0.0003408873920918154
A5_leo_180deg,1.0,159.0,2.0,13568.227522818413,2974.487680811456,0.000325100982134785
A5_leo_180deg,1.0,160.0,2.0,13568.17518632145,3043.863459235774,0.0003081712809382964
A5_leo_180deg,1.0,161.0,2.0,13568.123426798717,3113.2343927645093,0.00029014722358056133
A5_leo_180deg,1.0,162.0,2.0,13568.0725899168,-3100.595333760987,0.00027107729350106524
A5_leo_180deg,1.0,163.0,2.0,13568.022337755463,-3031.265277529805,0.0002510100016728245
A5_leo_180deg,1.0,164.0,2.0,13567.97164374346,-2961.970530343443,0.00022999434978743238
A5_leo_180deg,1.0,165.0,2.0,13567.918803242841,-2892.720444740997,0.00020808037026753823
A5_leo_180deg,1.0,166.0,2.0,13567.861459672273,-2823.5239015647776,0.0001853196027745696
A5_leo_180deg,1.0,167.0,2.0,13567.796645767568,-2754.389275983401,0.00016176561334901862
A5_leo_180deg,1.0,168.0,2.0,13567.720839289123,-2685.3244091434935,0.00013747450466894406
A5_leo_180deg,1.0,169.0,2.0,13567.630032210958,-2616.3365853462515,0.00011250541076535114
A5_leo_180deg,1.0,170.0,2.0,13567.519812161885,-2547.4325145598323,8.692096375995106e-05
A5_leo_180deg,1.0,171.0,2.0,13567.385454647558,-2478.6183200048686,6.0787776146042916e-05
A5_leo_180deg,1.0,172.0,2.0,13567.22202436321,-2409.8995304892183,3.41768569001033e-05
A5_leo_180deg,1.0,173.0,2.0,13567.02448371575,-2341.2810771200097,7.164015158878101e-06
A5_leo_180deg,1.0,174.0,2.0,13566.78780651572,-2272.767293986085,-2.01698040491749e-05
A5_leo_180deg,1.0,175.0,2.0,13566.507094677589,-2204.361922382099,-4.7738218267312504e-05
A5_leo_180deg,1.0,176.0,2.0,13566.177695682947,-2136.0681181353816,-7.544918112500909e-05
A5_leo_180deg,1.0,177.0,2.0,13565.795318520451,-2067.8884615981224,-0.00010320483712078499
A5_leo_180deg,1.0,178.0,2.0,13565.356145817606,-1999.824969878493,-0.00013090145678518184
A5_leo_180deg,1.0,179.0,2.0,13564.856939927156,-1931.8791109040617,-0.00015842947664879148
A5_leo_180deg,1.0,180.0,2.0,13564.295140821387,-1864.051818937622,-0.0001856736449035168
A5_leo_180deg,1.0,181.0,2.0,13563.66895378347,-1796.3435111978129,-0.0002125133109487365
A5_leo_180deg,1.0,182.0,2.0,13562.977425061279,-1728.7541052734784,-0.0002388228192984343
A5_leo_180deg,1.0,183.0,2.0,13562.22050386498,-1661.2830370594716,-0.00026447205758728387
A5_leo_180deg,1.0,184.0,2.0,13561.399089339522,-1593.9292789822591,-0.0002893271688897414
A5_leo_180deg,1.0,185.0,2.0,13560.515061422817,-1526.6913583239934,-0.00031325141058857753
A5_leo_180deg,1.0,186.0,2.0,13559.571294803569,-1459.5673754933998,-0.00033610616112511593
A5_leo_180deg,1.0,187.0,2.0,13558.571655512627,-1392.5550221297133,-0.0003577521066056022
A5_leo_180deg,1.0,188.0,2.0,13557.520980012314,-1325.6515989611999,-0.0003780505339889828
A5_leo_180deg,1.0,189.0,2.0,13556.425036981043,-1258.8540333721608,-0.00039686482988798844
A5_leo_180deg,1.0,190.0,2.0,13555.290472318284,-1192.1588966614465,-0.0004140620353254576
A5_leo_180deg,1.0,191.0,2.0,13554.124738211885,-1125.5624210007072,-0.00042951456302731117
A5_leo_180deg,1.0,192.0,2.0,13552.936007407268,-1059.0605161224396,-0.0004431019116069024
A5_leo_180deg,1.0,193.0,2.0,13551.73307409078,-992.6487857858666,-0.0004547125214138248
A5_leo_180deg,1.0,194.0,2.0,13550.525243042775,-926.3225440831561,-0.00046424553978852146
A5_leo_180deg,1.0,195.0,2.0,13549.322208923297,-860.0768316596454,-0.0004716126591475245
A5_leo_180deg,1.0,196.0,2.0,13548.133927724042,-793.9064319297242,-0.0004767397214777702
A5_leo_180deg,1.0,197.0,2.0,13546.970482548944,-727.8058873752365,-0.00047956835436124834
A5_leo_180deg,1.0,198.0,2.0,13545.841945973065,-661.7695160159567,-0.00048005733255251926
A5_leo_180deg,1.0,199.0,2.0,13544.758241274798,-595.7914281420713,-0.00047818376502917204
A5_leo_180deg,1.0,200.0,2.0,13543.729004838604,-529.8655433970936,-0.00047394401647693485
A5_leo_180deg,1.0,201.0,2.0,13542.763451988645,-463.98560829643196,-0.000467354323241409
A5_leo_180deg,1.0,202.0,2.0,13541.870248437119,-398.1452142619473,-0.0004584510766569849
A5_leo_180deg,1.0,203.0,2.0,13541.057389420192,-332.3378162468957,-0.0004472908599062464
A5_leo_180deg,1.0,204.0,2.0,13540.332088448924,-266.55675201817974,-0.00043394993554102257
A5_leo_180deg,1.0,205.0,2.0,13539.70067743086,-200.79526215448107,-0.0004185236073261933
A5_leo_180deg,1.0,206.0,2.0,13539.168519717488,-135.04651080922292,-0.0004011250731572602
A5_leo_180deg,1.0,207.0,2.0,13538.739937413417,-69.30360727671302,-0.00038188405238059886
A5_leo_180deg,1.0,208.0,2.0,13538.41815404387,-3.559628388014602,-0.0003609451004749076
A5_leo_180deg,1.0,209.0,2.0,13538.205253426098,62.19235824972191,-0.00033846567681905526
A5_leo_180deg,1.0,210.0,2.0,13538.102155325449,127.95927017085029,-0.00031461401306387415
A5_leo_180deg,1.0,211.0,2.0,13538.108608209894,193.74798514134372,-0.00028956689135384295
A5_leo_180deg,1.0,212.0,2.0,13538.223199142403,259.5653154534863,-0.0002635072502421565
A5_leo_180deg,1.0,213.0,2.0,13538.443380579725,325.41798147485014,-0.00023662185233419564
A5_leo_180deg,1.0,214.0,2.0,13538.765513577771,391.3125845200334,-0.00020909892128884167
A5_leo_180deg,1.0,215.0,2.0,13539.184926643076,457.25557913337235,-0.0001811259080497507
A5_leo_180deg,1.0,216.0,2.0,13539.695989220078,523.2532448915248,-0.00015288733656859677
A5_leo_180deg,1.0,217.0,2.0,13540.292198568512,589.3116578560158,-0.0001245628675761168
A5_leo_180deg,1.0,218.0,2.0,13540.966278567985,655.436661827399,-9.632553421567991e-05
A5_leo_180deg,1.0,219.0,2.0,13541.710288789534,721.633839574245,-6.834020904733507e-05
A5_leo_180deg,1.0,220.0,2.0,13542.515742003441,787.9084842311368,-4.076232595906504e-05
A5_leo_180deg,1.0,221.0,2.0,13543.373728148366,854.2655710800102,-1.3736840109856985e-05
A5_leo_180deg,1.0,222.0,2.0,13544.275042674259,920.7097299477454,1.2602553223217683e-05
A5_leo_180deg,1.0,223.0,2.0,13545.210317093299,987.2452184694484,3.813396043383932e-05
A5_leo_180deg,1.0,224.0,2.0,13546.170149530857,1053.8758964807168,6.274759645208405e-05
A5_leo_180deg,1.0,225.0,2.0,13547.145233064346,1120.605201812781,8.634587711497943e-05
A5_leo_180deg,1.0,226.0,2.0,13548.126479673709,1187.4361277712167,0.00010884332279914588
A5_leo_180deg,1.0,227.0,2.0,13549.105137703194,1254.3712025811483,0.00013016628841455713
A5_leo_180deg,1.0,228.0,2.0,13550.07290084954,1321.412471079417,0.00015025254507250452
A5_leo_180deg,1.0,229.0,2.0,13551.022006846324,1388.5614789263352,0.00016905075783668622
A5_leo_180deg,1.0,230.0,2.0,13551.945324205066,1455.8192595961348,0.00018651984179385295
A5_leo_180deg,1.0,231.0,2.0,13552.836425598509,1523.1863243861703,0.00020262828837047664
A5_leo_180deg,1.0,232.0,2.0,13553.689646725108,1590.662655659889,0.00021735339528206055
A5_leo_180deg,1.0,233.0,2.0,13554.500129772978,1658.247703508091,0.00023068052801278327
A5_leo_180deg,1.0,234.0,2.0,13555.263850899511,1725.9403859771662,0.0002426023231194563
A5_leo_180deg,1.0,235.0,2.0,13555.977631453066,1793.7390929722721,0.0002531179297271535
A5_leo_180deg,1.0,236.0,2.0,13556.639132981303,1861.6416938988411,0.00026223225590982224
A5_leo_180deg,1.0,237.0,2.0,13557.246836386641,1929.6455490574376,0.0002699552803520078
A5_leo_180deg,1.0,238.0,2.0,13557.80000589845,1997.7475247570205,0.00027630135557288327
A5_leo_180deg,1.0,239.0,2.0,13558.298638827642,2065.944012059627,0.0002812886150671545
A5_leo_180deg,1.0,240.0,2.0,13558.743402342207,2134.2309490182247,0.00028493841597310166
A5_leo_180deg,1.0,241.0,2.0,13559.135558752108,2202.60384621875,0.0002872747910664941
A5_leo_180deg,1.0,242.0,2.0,13559.476881007084,2271.0578153894066,0.0002883240783901897
A5_leo_180deg,1.0,243.0,2.0,13559.769560293778,2339.5876007960023,0.00028811444918730444
A5_leo_180deg,1.0,244.0,2.0,13560.016107757992,2408.1876131022104,0.000286675688521143
A5_leo_180deg,1.0,245.0,2.0,13560.219252481374,2476.8519653401395,0.00028403882845751127
A5_leo_180deg,1.0,246.0,2.0,13560.381837896759,2545.574510609187,0.0002802360041798124
A5_leo_180deg,1.0,247.0,2.0,13560.506718841785,2614.3488811014086,0.000275300287011504
A5_leo_180deg,1.0,248.0,2.0,13560.596661421765,2683.168528039647,0.000269265553409781
A5_leo_180deg,1.0,249.0,2.0,13560.654247781944,2752.026762110673,0.0002621664356716735
A5_leo_180deg,1.0,250.0,2.0,13560.68178777986,2820.916793979679,0.00025403832992765274
A5_leo_180deg,1.0,251.0,2.0,13560.681239400394,2889.8317744844258,0.00024491737660170543
A5_leo_180deg,1.0,252.0,2.0,13560.65413957855,2958.7648341266004,0.00023484053013334005
A5_leo_180deg,1.0,253.0,2.0,13560.60154688022,3027.709121503951,0.0002238456433545366
A5_leo_180deg,1.0,254.0,2.0,13560.523997258562,3096.657840358614,0.00021197158783792247
A5_leo_180deg,1.0,255.0,2.0,13560.421473843797,-3117.581022225741,0.0001992583698040562
A5_leo_180deg,1.0,256.0,2.0,13560.29339144891,-3048.6434336478083,0.00018574728333220492
A5_leo_180deg,1.0,257.0,2.0,13560.138596187413,-2979.721127531499,0.00017148108044651167
A5_leo_180deg,1.0,258.0,2.0,13559.95538030303,-2910.8203459557026,0.0001565041403139844
A5_leo_180deg,1.0,259.0,2.0,13559.741512013965,-2841.9471199795416,0.00014086265887058858
A5_leo_180deg,1.0,260.0,2.0,13559.494279879547,-2773.1072454565897,0.00012460480958154108
A5_leo_180deg,1.0,261.0,2.0,13559.210550907721,-2704.306261346493,0.00010778094061691945
A5_leo_180deg,1.0,262.0,2.0,13558.886841346857,-2635.5494305139428,9.04437382764911e-05
A5_leo_180deg,1.0,263.0,2.0,13558.519398846163,-2566.8417229692704,7.264837798004464e-05
A5_leo_180deg,1.0,264.0,2.0,13558.104294431478,-2498.1878014739414,5.445268147497018e-05
A5_leo_180deg,1.0,265.0,2.0,13557.637522535022,-2429.592009407699,3.5917220309045206e-05
A5_leo_180deg,1.0,266.0,2.0,13557.115107134194,-2361.0583607728227,1.7105427296826292e-05
A5_leo_180deg,1.0,267.0,2.0,13556.533211914244,-2292.5905321947926,-1.9163617359652108e-06
A5_leo_180deg,1.0,268.0,2.0,13555.888252260089,-2224.191856767793,-2.1078868428503483e-05
A5_leo_180deg,1.0,269.0,2.0,13555.177006819004,-2155.865319587232,-4.0309888760248214e-05
A5_leo_180deg,1.0,270.0,2.0,13554.396726353672,-2087.6135548106536,-5.953436721384264e-05
A5_leo_180deg,1.0,271.0,2.0,13553.545237628983,-2019.4388440909615,-7.867449891563183e-05
A5_leo_180deg,1.0,272.0,2.0,13552.621040143935,-1951.3431162329225,-9.764991792948763e-05
A5_leo_180deg,1.0,273.0,2.0,13551.623393633838,-1883.3279479338141,-0.00011637790642282653
A5_leo_180deg,1.0,274.0,2.0,13550.55239442432,-1815.3945654815923,-0.00013477370641723496
A5_leo_180deg,1.0,275.0,2.0,13549.409038916121,-1747.543847298421,-0.00015275088127708614
A5_leo_180deg,1.0,276.0,2.0,13548.195272712688,-1679.7763272331865,-0.00017022174159109227
A5_leo_180deg,1.0,277.0,2.0,13546.914024169622,-1612.0921985230314,-0.00018709783056181095
A5_leo_180deg,1.0,278.0,2.0,13545.56922143604,-1544.4913183604713,-0.0002032905292992382
A5_leo_180deg,1.0,279.0,2.0,13544.16579237177,-1476.9732130187447,-0.00021871162747544304
A5_leo_180deg,1.0,280.0,2.0,13542.709647048288,-1409.5370835035053,-0.00023327406717399413
A5_leo_180deg,1.0,281.0,2.0,13541.207642874464,-1342.1818117127527,-0.00024689268363076167
A5_leo_180deg,1.0,282.0,2.0,13539.667532716638,-1274.905967099809,-0.00025948495263605764
A5_leo_180deg,1.0,283.0,2.0,13538.097896705982,-1207.707813844662,-0.00027097191246383545
A5_leo_180deg,1.0,284.0,2.0,13536.5080587297,-1140.585318548422,-0.00028127891882334666
A5_leo_180deg,1.0,285.0,2.0,13534.907988887644,-1073.5361584726934,-0.00029033660409183426
A5_leo_180deg,1.0,286.0,2.0,13533.308193452436,-1006.5577303509334,-0.00029808170420864144
A5_leo_180deg,1.0,287.0,2.0,13531.719594092234,-939.6471598028637,-0.0003044579175437434
A5_leo_180deg,1.0,288.0,2.0,13530.15339830611,-872.801311384575,-0.0003094167131401093
A5_leo_180deg,1.0,289.0,2.0,13528.620963165411,-806.0167993079084,-0.0003129181411765103
A5_leo_180deg,1.0,290.0,2.0,13527.133654564974,-739.2899988615919,-0.0003149314138362058
A5_leo_180deg,1.0,291.0,2.0,13525.702704251506,-672.6170585647848,-0.00031543567091674163
A5_leo_180deg,1.0,292.0,2.0,13524.339066919136,-605.9939130808534,-0.00031442029735373467
A5_leo_180deg,1.0,293.0,2.0,13523.053279648182,-539.4162969151988,-0.0003118854365879997
A5_leo_180deg,1.0,294.0,2.0,13521.855325903116,-472.8797589167586,-0.0003078421673130549
A5_leo_180deg,1.0,295.0,2.0,13520.754506219671,-406.37967759741844,-0.00030231259851021264
A5_leo_180deg,1.0,296.0,2.0,13519.759317580067,-339.9112772781918,-0.0002953298579022601
A5_leo_180deg,1.0,297.0,2.0,13518.877343326312,-273.469645064635,-0.0002869378299408254
A5_leo_180deg,1.0,298.0,2.0,13518.115155275502,-207.049748647413,-0.0002771908564902503
A5_leo_180deg,1.0,299.0,2.0,13517.478229500546,-140.6464549167592,-0.00026615319725920017
A5_leo_180deg,1.0,300.0,2.0,13516.970877014966,-74.25454937178344,-0.0002538983752131685
A5_leo_180deg,1.0,301.0,2.0,13516.596190362185,-7.868756297277901,-0.00024050843228096142
A5_leo_180deg,1.0,302.0,2.0,13516.356006859834,58.51624032818626,-0.00022607302430088794
A5_leo_180deg,1.0,303.0,2.0,13516.2508889906,124.9057752387479,-0.0002106884089414507
A5_leo_180deg,1.0,304.0,2.0,13516.280122166965,191.30517965844396,-0.00019445644872106982
A5_leo_180deg,1.0,305.0,2.0,13516.441729832946,257.71975851602934,-0.0001774834523793345
A5_leo_180deg,1.0,306.0,2.0,13516.732505598799,324.1547671761027,-0.00015987902823866307
A5_leo_180deg,1.0,307.0,2.0,13517.14806184984,390.61538777700247,-0.0001417549402304985
A5_leo_180deg,1.0,308.0,2.0,13517.68289401275,457.10670527878915,-0.00012322400788633558
A5_leo_180deg,1.0,309.0,2.0,13518.33045942816,523.6336833369882,-0.0001043989028559622
A5_leo_180deg,1.0,310.0,2.0,13519.083269545758,590.201140131025,-8.539119988881794e-05
A5_leo_180deg,1.0,311.0,2.0,13519.932993954175,656.8137242884187,-6.63103167930501e-05
A5_leo_180deg,1.0,312.0,2.0,13520.870574565843,723.4758910582829,-4.726265512289274e-05
A5_leo_180deg,1.0,313.0,2.0,13521.886348114129,790.1918788987348,-2.8350771064111768e-05
A5_leo_180deg,1.0,314.0,2.0,13522.970174984002,856.9656866528161,-9.672682654837672e-06
A5_leo_180deg,1.0,315.0,2.0,13524.111572288177,923.8010514961967,8.678732399403088e-06
A5_leo_180deg,1.0,316.0,2.0,13525.299849030045,990.7014278461777,2.6616218562480753e-05
A5_leo_180deg,1.0,317.0,2.0,13526.524241153991,1057.6699674259178,4.4058523940293526e-05
A5_leo_180deg,1.0,318.0,2.0,13527.774044284723,1124.709500679085,6.093066140522296e-05
A5_leo_180deg,1.0,319.0,2.0,13529.038741994751,1191.8225197286727,7.716409200497765e-05
A5_leo_180deg,1.0,320.0,2.0,13530.308127516395,1259.0111630689612,9.269678535872572e-05
A5_leo_180deg,1.0,321.0,2.0,13531.572416932306,1326.2772021713022,0.00010747321654847042
A5_leo_180deg,1.0,322.0,2.0,13532.822352032512,1393.62203017253,0.00012144427063986996
A5_leo_180deg,1.0,323.0,2.0,13534.049291217545,1461.0466527995686,0.0001345670970209767
A5_leo_180deg,1.0,324.0,2.0,13535.245287051504,1528.5516816647107,0.0001468048873576322
A5_leo_180deg,1.0,325.0,2.0,13536.403149321533,1596.1373300440548,0.00015812663578529396
A5_leo_180deg,1.0,326.0,2.0,13537.516492739176,1663.8034112260414,0.00016850681383573374
A5_leo_180deg,1.0,327.0,2.0,13538.57976871498,1731.5493394895843,0.00017792510176306564
A5_leo_180deg,1.0,328.0,2.0,13539.588280947773,1799.3741337409767,0.0001863660239465048
A5_leo_180deg,1.0,329.0,2.0,13540.538184886047,1867.2764238073007,0.0001938185913985535
A5_leo_180deg,1.0,330.0,2.0,13541.42647143368,1935.254459351814,0.00020027601133065787
A5_leo_180deg,1.0,331.0,2.0,13542.250935580509,2003.3061213436242,0.0002057353087892011
A5_leo_180deg,1.0,332.0,2.0,13543.010130931103,2071.428935982463,0.00021019701357261056
A5_leo_180deg,1.0,333.0,2.0,13543.703311378358,2139.6200909476593,0.00021366484848073242
A5_leo_180deg,1.0,334.0,2.0,13544.33036141405,2207.8764538119904,0.00021614548595394467
A5_leo_180deg,1.0,335.0,2.0,13544.891716784157,2276.1945924344163,0.0002176482301052829
A5_leo_180deg,1.0,336.0,2.0,13545.388277372736,2344.570797122374,0.00021818481199531448
A5_leo_180deg,1.0,337.0,2.0,13545.821314340536,2413.001104335278,0.0002177691666993553
A5_leo_180deg,1.0,338.0,2.0,13546.192373637532,2481.4813216850816,0.00021641726455357002
A5_leo_180deg,1.0,339.0,2.0,13546.503178064555,2550.00705397946,0.00021414695350330248
A5_leo_180deg,1.0,340.0,2.0,13546.755530068052,2618.5737300466785,0.0002109778276526697
A5_leo_180deg,1.0,341.0,2.0,13546.951217417052,2687.176630080125,0.00020693113755854142
A5_leo_180deg,1.0,342.0,2.0,13547.091923837015,2755.810913243698,0.00020202971828808813
A5_leo_180deg,1.0,343.0,2.0,13547.179146556076,2824.4716452870866,0.00019629792058495354
A5_leo_180deg,1.0,344.0,2.0,13547.214122568768,2893.1538259320746,0.00018976162596828772
A5_leo_180deg,1.0,345.0,2.0,13547.197765232007,2961.8524158066607,0.00018244817434620586
A5_leo_180deg,1.0,346.0,2.0,13547.130612591269,3030.5623627230602,0.00017438645150136267
A5_leo_180deg,1.0,347.0,2.0,13547.012788591679,3099.278627117389,0.00016560685267563713
A5_leo_180deg,1.0,348.0,2.0,13546.843978062101,-3115.1891006869637,0.00015614136827935
A5_leo_180deg,1.0,349.0,2.0,13546.62341608076,-3046.47514844766,0.00014602358522353143
A5_leo_180deg,1.0,350.0,2.0,13546.349892034912,-2977.7696830042164,0.00013528879128088533
A5_leo_180deg,1.0,351.0,2.0,13546.021768390814,-2909.0774608003762,0.00012397400661612323
A5_leo_180deg,1.0,352.0,2.0,13545.637013886097,-2840.4031156770043,0.00011211805928112994
A5_leo_180deg,1.0,353.0,2.0,13545.193250561733,-2771.7511408888745,9.976164738745297e-05
A5_leo_180deg,1.0,354.0,2.0,13544.687813762052,-2703.1258725329676,8.69473897324724e-05
A5_leo_180deg,1.0,355.0,2.0,13544.117823958724,-2634.5314743758745,7.371988086646297e-05
A5_leo_180deg,1.0,356.0,2.0,13543.480269000647,-2565.971924049827,6.012573372515817e-05
A5_leo_180deg,1.0,357.0,2.0,13542.772095161376,-2497.451000571849,4.621360716328127e-05
A5_leo_180deg,1.0,358.0,2.0,13541.990305157653,-2428.9722731282463,3.2034207286812943e-05
A5_leo_180deg,1.0,359.0,2.0,13541.132061143768,-2360.539091057859,1.7640288341169708e-05
A5_leo_180deg,1.0,360.0,2.0,13540.194790558278,-2292.154574961638,3.0866118549965904e-06
A6_wide_e30_90deg,0.0,0.0,2.0,14215.728999611663,0.0,0.0
A6_wide_e30_90deg,0.0,1.0,2.0,14117.506758497804,-0.43655946017961966,0.0
A6_wide_e30_90deg,0.0,2.0,2.0,14016.897503192076,-1.7164001781013738,0.0
A6_wide_e30_90deg,0.0,3.0,2.0,13914.082364888109,-3.78899143238165,0.0
A6_wide_e30_90deg,0.0,4.0,2.0,13809.25121053345,-6.596342536574262,0.0
A6_wide_e30_90deg,0.0,5.0,2.0,13702.601051772699,-10.07346902788786,0.0
A6_wide_e30_90deg,0.0,6.0,2.0,13594.334338734106,-14.149057668559895,0.0
A6_wide_e30_90deg,0.0,7.0,2.0,13484.657188341602,-18.746318921753158,0.0
A6_wide_e30_90deg,0.0,8.0,2.0,13373.777596735923,-23.784005368765015,0.0
A6_wide_e30_90deg,0.0,9.0,2.0,13261.903682916427,-29.177565053772447,0.0
A6_wide_e30_90deg,0.0,10.0,2.0,13149.24200621713,-34.84039082098667,0.0
A6_wide_e30_90deg,0.0,11.0,2.0,13035.995994168095,-40.68512108832279,0.0
A6_wide_e30_90deg,0.0,12.0,2.0,12922.364510189567,-46.62494472058487,0.0
A6_wide_e30_90deg,0.0,13.0,2.0,12808.540582950873,-52.574862985487854,0.0
A6_wide_e30_90deg,0.0,14.0,2.0,12694.710311591823,-58.45286494428237,0.0
A6_wide_e30_90deg,0.0,15.0,2.0,12581.051953768512,-64.18097868401196,0.0
A6_wide_e30_90deg,0.0,16.0,2.0,12467.735196973086,-69.68616892341473,0.0
A6_wide_e30_90deg,0.0,17.0,2.0,12354.920608007975,-74.90106093253068,0.0
A6_wide_e30_90deg,0.0,18.0,2.0,12242.759250990723,-79.7644805471247,0.0
A6_wide_e30_90deg,0.0,19.0,2.0,12131.392460857069,-84.22180952498293,0.0
A6_wide_e30_90deg,0.0,20.0,2.0,12020.951756977936,-88.22516390470003,0.0
A6_wide_e30_90deg,0.0,21.0,2.0,11911.558880116223,-91.73340990134405,0.0
A6_wide_e30_90deg,0.0,22.0,2.0,11803.325935394574,-94.71203693467433,0.0
A6_wide_e30_90deg,0.0,23.0,2.0,11696.355624080032,-97.13291056907858,0.0
A6_wide_e30_90deg,0.0,24.0,2.0,11590.741547666034,-98.97392955960171,0.0
A6_wide_e30_90deg,0.0,25.0,2.0,11486.568568804527,-100.2186110826857,0.0
A6_wide_e30_90deg,0.0,26.0,2.0,11383.91321498172,-100.85562689647799,0.0
A6_wide_e30_90deg,0.0,27.0,2.0,11282.844112329472,-100.87831096449618,0.0
A6_wide_e30_90deg,0.0,28.0,2.0,11183.422438528925,-100.28415631724829,0.0
A6_wide_e30_90deg,0.0,29.0,2.0,11085.702385322154,-99.07431590967475,0.0
A6_wide_e30_90deg,0.0,30.0,2.0,10989.731622647269,-97.25311919437907,0.0
A6_wide_e30_90deg,0.0,31.0,2.0,10895.551757815356,-94.8276132482091,0.0
A6_wide_e30_90deg,0.0,32.0,2.0,10803.198784429329,-91.8071346822189,0.0
A6_wide_e30_90deg,0.0,33.0,2.0,10712.703516892574,-88.2029163009821,0.0
A6_wide_e30_90deg,0.0,34.0,2.0,10624.092007364428,-84.02773058470059,0.0
A6_wide_e30_90deg,0.0,35.0,2.0,10537.385942892162,-79.29557054360936,0.0
A6_wide_e30_90deg,0.0,36.0,2.0,10452.60302119125,-74.02136731488707,0.0
A6_wide_e30_90deg,0.0,37.0,2.0,10369.757304167737,-68.22074300071579,0.0
A6_wide_e30_90deg,0.0,38.0,2.0,10288.859548788118,-61.909796638950354,0.0
A6_wide_e30_90deg,0.0,39.0,2.0,10209.91751531669,-55.10492081021923,0.0
A6_wide_e30_90deg,0.0,40.0,2.0,10132.936253269238,-47.82264617404408,0.0
A6_wide_e30_90deg,0.0,41.0,2.0,10057.918365686355,-40.07951115251585,0.0
A6_wide_e30_90deg,0.0,42.0,2.0,9984.864252522071,-31.89195400888467,0.0
A6_wide_e30_90deg,0.0,43.0,2.0,9913.772334081674,-23.27622467114443,0.0
A6_wide_e30_90deg,0.0,44.0,2.0,9844.639255537832,-14.248313803553625,0.0
A6_wide_e30_90deg,0.0,45.0,2.0,9777.460073612683,-4.823896813139772,0.0
A6_wide_e30_90deg,0.0,46.0,2.0,9712.228426542884,4.981709321126626,0.0
A6_wide_e30_90deg,0.0,47.0,2.0,9648.93668845121,15.153578302600224,0.0
A6_wide_e30_90deg,0.0,48.0,2.0,9587.576109236095,25.677197557060882,0.0
A6_wide_e30_90deg,0.0,49.0,2.0,9528.136941064802,36.53848356536082,0.0
A6_wide_e30_90deg,0.0,50.0,2.0,9470.608552519641,47.723790811348806,0.0
A6_wide_e30_90deg,0.0,51.0,2.0,9414.979531402878,59.21991549769912,0.0
A6_wide_e30_90deg,0.0,52.0,2.0,9361.237777157154,71.01409502710342,0.0
A6_wide_e30_90deg,0.0,53.0,2.0,9309.370583806107,83.09400410632418,0.0
A6_wide_e30_90deg,0.0,54.0,2.0,9259.364714266118,95.44774820554692,0.0
A6_wide_e30_90deg,0.0,55.0,2.0,9211.206466825859,108.0638549946209,0.0
A6_wide_e30_90deg,0.0,56.0,2.0,9164.881734536353,120.93126428017342,0.0
A6_wide_e30_90deg,0.0,57.0,2.0,9120.376058201547,134.0393168822569,0.0
A6_wide_e30_90deg,0.0,58.0,2.0,9077.674673608206,147.377742814907,0.0
A6_wide_e30_90deg,0.0,59.0,2.0,9036.762553584647,160.93664907072468,0.0
A6_wide_e30_90deg,0.0,60.0,2.0,8997.62444543109,174.70650725421154,0.0
A6_wide_e30_90deg,0.0,61.0,2.0,8960.244904219293,188.67814126110892,0.0
A6_wide_e30_90deg,0.0,62.0,2.0,8924.608322417831,202.84271516043884,0.0
A6_wide_e30_90deg,0.0,63.0,2.0,8890.69895625834,217.19172140145693,0.0
A6_wide_e30_90deg,0.0,64.0,2.0,8858.50094922242,231.7169694385841,0.0
A6_wide_e30_90deg,0.0,65.0,2.0,8827.99835299239,246.41057484276052,0.0
A6_wide_e30_90deg,0.0,66.0,2.0,8799.175146177799,261.26494894713926,0.0
A6_wide_e30_90deg,0.0,67.0,2.0,8772.015251098393,276.2727890578427,0.0
A6_wide_e30_90deg,0.0,68.0,2.0,8746.502548876695,291.4270692463439,0.0
A6_wide_e30_90deg,0.0,69.0,2.0,8722.620893066534,306.72103172840923,0.0
A6_wide_e30_90deg,0.0,70.0,2.0,8700.354122020048,322.1481788250715,0.0
A6_wide_e30_90deg,0.0,71.0,2.0,8679.686070173098,337.702265493534,0.0
A6_wide_e30_90deg,0.0,72.0,2.0,8660.600578408264,353.377292409943,0.0
A6_wide_e30_90deg,0.0,73.0,2.0,8643.08150363512,369.16749958130833,0.0
A6_wide_e30_90deg,0.0,74.0,2.0,8627.112727710668,385.06736046044665,0.0
A6_wide_e30_90deg,0.0,75.0,2.0,8612.678165805533,401.07157653530925,0.0
A6_wide_e30_90deg,0.0,76.0,2.0,8599.761774307413,417.1750723624532,0.0
A6_wide_e30_90deg,0.0,77.0,2.0,8588.347558339236,433.3729910134574,0.0
A6_wide_e30_90deg,0.0,78.0,2.0,8578.419578957113,449.66068990275687,0.0
A6_wide_e30_90deg,0.0,79.0,2.0,8569.961960081622,466.0337369655352,0.0
A6_wide_e30_90deg,0.0,80.0,2.0,8562.958895205851,482.48790715483915,0.0
A6_wide_e30_90deg,0.0,81.0,2.0,8557.394653913807,499.01917922804364,0.0
A6_wide_e30_90deg,0.0,82.0,2.0,8553.253588234562,515.6237327938928,0.0
A6_wide_e30_90deg,0.0,83.0,2.0,8550.520138849752,532.2979455928198,0.0
A6_wide_e30_90deg,0.0,84.0,2.0,8549.178841164772,549.0383909847427,0.0
A6_wide_e30_90deg,0.0,85.0,2.0,8549.214331248415,565.8418356202617,0.0
A6_wide_e30_90deg,0.0,86.0,2.0,8550.61135163913,582.7052372729718,0.0
A6_wide_e30_90deg,0.0,87.0,2.0,8553.354757012417,599.6257428124192,0.0
A6_wide_e30_90deg,0.0,88.0,2.0,8557.429519698175,616.6006862991535,0.0
A6_wide_e30_90deg,0.0,89.0,2.0,8562.820735033536,633.6275871851598,0.0
A6_wide_e30_90deg,0.0,90.0,2.0,8569.513626533646,650.7041486048806,0.0
A6_wide_e30_90deg,0.0,91.0,2.0,8577.493550858535,667.8282557438298,0.0
A6_wide_e30_90deg,0.0,92.0,2.0,8586.74600255322,684.997974273653,0.0
A6_wide_e30_90deg,0.0,93.0,2.0,8597.2566185344,702.2115488441507,0.0
A6_wide_e30_90deg,0.0,94.0,2.0,8609.011182295679,719.4674016245485,0.0
A6_wide_e30_90deg,0.0,95.0,2.0,8621.995627801398,736.7641308877593,0.0
A6_wide_e30_90deg,0.0,96.0,2.0,8636.196043037362,754.1005096330284,0.0
A6_wide_e30_90deg,0.0,97.0,2.0,8651.598673185415,771.4754842436075,0.0
A6_wide_e30_90deg,0.0,98.0,2.0,8668.189923386777,788.8881731775648,0.0
A6_wide_e30_90deg,0.0,99.0,2.0,8685.956361059234,806.337865690935,0.0
A6_wide_e30_90deg,0.0,100.0,2.0,8704.88471773,823.8240205935963,0.0
A6_wide_e30_90deg,0.0,101.0,2.0,8724.961890346483,841.3462650392231,0.0
A6_wide_e30_90deg,0.0,102.0,2.0,8746.174942025007,858.9043933516436,0.0
A6_wide_e30_90deg,0.0,103.0,2.0,8768.511102196462,876.4983658906367,0.0
A6_wide_e30_90deg,0.0,104.0,2.0,8791.957766106203,894.1283079610196,0.0
A6_wide_e30_90deg,0.0,105.0,2.0,8816.502493624166,911.7945087694021,0.0
A6_wide_e30_90deg,0.0,106.0,2.0,8842.133007319144,929.4974204335729,0.0
A6_wide_e30_90deg,0.0,107.0,2.0,8868.837189749522,947.2376570498433,0.0
A6_wide_e30_90deg,0.0,108.0,2.0,8896.60307992022,965.0159938240606,0.0
A6_wide_e30_90deg,0.0,109.0,2.0,8925.418868853445,982.8333662722315,0.0
A6_wide_e30_90deg,0.0,110.0,2.0,8955.272894218395,1000.6908694968333,0.0
A6_wide_e30_90deg,0.0,111.0,2.0,8986.153633961136,1018.5897575450706,0.0
A6_wide_e30_90deg,0.0,112.0,2.0,9018.049698874007,1036.531442855173,0.0
A6_wide_e30_90deg,0.0,113.0,2.0,9050.949824038966,1054.5174957969543,0.0
A6_wide_e30_90deg,0.0,114.0,2.0,9084.842859075727,1072.5496443125307,0.0
A6_wide_e30_90deg,0.0,115.0,2.0,9119.717757121916,1090.6297736629806,0.0
A6_wide_e30_90deg,0.0,116.0,2.0,9155.563562466114,1108.759926286372,0.0
A6_wide_e30_90deg,0.0,117.0,2.0,9192.369396750952,1126.9423017722424,0.0
A6_wide_e30_90deg,0.0,118.0,2.0,9230.124443656978,1145.179256957099,0.0
A6_wide_e30_90deg,0.0,119.0,2.0,9268.817931972297,1163.4733061450727,0.0
A6_wide_e30_90deg,0.0,120.0,2.0,9308.439116946065,1181.82712145709,0.0
A6_wide_e30_90deg,0.0,121.0,2.0,9348.977259817795,1200.2435333113795,0.0
A6_wide_e30_90deg,0.0,122.0,2.0,9390.421605405962,1218.725531037152,0.0
A6_wide_e30_90deg,0.0,123.0,2.0,9432.761357632808,1237.2762636225189,0.0
A6_wide_e30_90deg,0.0,124.0,2.0,9475.985652852985,1255.8990405965922,0.0
A6_wide_e30_90deg,0.0,125.0,2.0,9520.083530845794,1274.5973330445856,0.0
A6_wide_e30_90deg,0.0,126.0,2.0,9565.043903321704,1293.3747747534508,0.0
A6_wide_e30_90deg,0.0,127.0,2.0,9610.855519784813,1312.2351634841154,0.0
A6_wide_e30_90deg,0.0,128.0,2.0,9657.506930582855,1331.1824623647963,0.0
A6_wide_e30_90deg,0.0,129.0,2.0,9704.98644696843,1350.2208013980558,0.0
A6_wide_e30_90deg,0.0,130.0,2.0,9753.28209798394,1369.3544790722426,0.0
A6_wide_e30_90deg,0.0,131.0,2.0,9802.381583974506,1388.5879640657643,0.0
A6_wide_e30_90deg,0.0,132.0,2.0,9852.272226524487,1407.9258970300953,0.0
A6_wide_e30_90deg,0.0,133.0,2.0,9902.94091460339,1427.3730924347037,0.0
A6_wide_e30_90deg,0.0,134.0,2.0,9954.374046701323,1446.9345404539604,0.0
A6_wide_e30_90deg,0.0,135.0,2.0,10006.557468725912,1466.6154088727285,0.0
A6_wide_e30_90deg,0.0,136.0,2.0,10059.476407429107,1486.4210449834889,0.0
A6_wide_e30_90deg,0.0,137.0,2.0,10113.115399127793,1506.3569774437183,0.0
A6_wide_e30_90deg,0.0,138.0,2.0,10167.458213483027,1526.4289180575918,0.0
A6_wide_e30_90deg,0.0,139.0,2.0,10222.487772103534,1546.642763440998,0.0
A6_wide_e30_90deg,0.0,140.0,2.0,10278.18606174585,1567.0045965232723,0.0
A6_wide_e30_90deg,0.0,141.0,2.0,10334.53404189419,1587.5206878329413,0.0
A6_wide_e30_90deg,0.0,142.0,2.0,10391.511546517244,1608.197496508068,0.0
A6_wide_e30_90deg,0.0,143.0,2.0,10449.097179822995,1629.041670964595,0.0
A6_wide_e30_90deg,0.0,144.0,2.0,10507.268205859937,1650.0600491481982,0.0
A6_wide_e30_90deg,0.0,145.0,2.0,10566.000431851953,1671.2596582867513,0.0
A6_wide_e30_90deg,0.0,146.0,2.0,10625.268085201866,1692.6477140515256,0.0
A6_wide_e30_90deg,0.0,147.0,2.0,10685.04368415604,1714.231619025612,0.0
A6_wide_e30_90deg,0.0,148.0,2.0,10745.297902196253,1736.01896036811,0.0
A6_wide_e30_90deg,0.0,149.0,2.0,10805.999426309927,1758.0175065520293,0.0
A6_wide_e30_90deg,0.0,150.0,2.0,10867.114809392371,1780.235203043116,0.0
A6_wide_e30_90deg,0.0,151.0,2.0,10928.608317155193,1802.680166775829,0.0
A6_wide_e30_90deg,0.0,152.0,2.0,10990.441770054376,1825.3606792717721,0.0
A6_wide_e30_90deg,0.0,153.0,2.0,11052.574380912,1848.285178235204,0.0
A6_wide_e30_90deg,0.0,154.0,2.0,11114.962589087803,1871.4622474501352,0.0
A6_wide_e30_90deg,0.0,155.0,2.0,11177.559892262792,1894.9006047944792,0.0
A6_wide_e30_90deg,0.0,156.0,2.0,11240.316677125582,1918.6090881789105,0.0
A6_wide_e30_90deg,0.0,157.0,2.0,11303.180050503766,1942.5966392122955,0.0
A6_wide_e30_90deg,0.0,158.0,2.0,11366.093672756246,1966.8722843923865,0.0
A6_wide_e30_90deg,0.0,159.0,2.0,11428.997595535688,1991.4451136203227,0.0
A6_wide_e30_90deg,0.0,160.0,2.0,11491.828106337884,2016.3242558415088,0.0
A6_wide_e30_90deg,0.0,161.0,2.0,11554.517582574183,2041.5188516242351,0.0
A6_wide_e30_90deg,0.0,162.0,2.0,11616.99435822427,2067.0380225018644,0.0
A6_wide_e30_90deg,0.0,163.0,2.0,11679.182606441893,2092.890836925607,0.0
A6_wide_e30_90deg,0.0,164.0,2.0,11741.002241782506,2119.086272703447,0.0
A6_wide_e30_90deg,0.0,165.0,2.0,11802.368845986264,2145.6331758378246,0.0
A6_wide_e30_90deg,0.0,166.0,2.0,11863.193621465507,2172.540215720673,0.0
A6_wide_e30_90deg,0.0,167.0,2.0,11923.383376791544,2199.8158367000915,0.0
A6_wide_e30_90deg,0.0,168.0,2.0,11982.84054853603,2227.4682060982204,0.0
A6_wide_e30_90deg,0.0,169.0,2.0,12041.46326376985,2255.505158835213,0.0
A6_wide_e30_90deg,0.0,170.0,2.0,12099.145447336585,2283.9341388982925,0.0
A6_wide_e30_90deg,0.0,171.0,2.0,12155.776977681899,2312.762137987244,0.0
A6_wide_e30_90deg,0.0,172.0,2.0,12211.243894506872,2341.9956317661504,0.0
A6_wide_e30_90deg,0.0,173.0,2.0,12265.428660817279,2371.6405142534586,0.0
A6_wide_e30_90deg,0.0,174.0,2.0,12318.210481049022,2401.7020309853583,0.0
A6_wide_e30_90deg,0.0,175.0,2.0,12369.465675864312,2432.184711687171,0.0
A6_wide_e30_90deg,0.0,176.0,2.0,12419.068112947567,2463.092303279196,0.0
A6_wide_e30_90deg,0.0,177.0,2.0,12466.88969170639,2494.4277041229384,0.0
A6_wide_e30_90deg,0.0,178.0,2.0,12512.800878242164,2526.192900474773,0.0
A6_wide_e30_90deg,0.0,179.0,2.0,12556.67128534915,2558.388906152526,0.0
A6_wide_e30_90deg,0.0,180.0,2.0,12598.370290696887,2591.0157064309037,0.0
A6_wide_e30_90deg,0.0,181.0,2.0,12637.7676848297,2624.0722071603627,0.0
A6_wide_e30_90deg,0.0,182.0,2.0,12674.734339264394,2657.5561900481366,0.0
A6_wide_e30_90deg,0.0,183.0,2.0,12709.142883879433,2691.464274948529,0.0
A6_wide_e30_90deg,0.0,184.0,2.0,12740.868382051769,2725.7918898829603,0.0
A6_wide_e30_90deg,0.0,185.0,2.0,12769.788991698895,2760.533249351642,0.0
A6_wide_e30_90deg,0.0,186.0,2.0,12795.786600585694,2795.681341313349,0.0
A6_wide_e30_90deg,0.0,187.0,2.0,12818.74742500559,2831.2279230046383,0.0
A6_wide_e30_90deg,0.0,188.0,2.0,12838.562562256751,2867.163525554709,0.0
A6_wide_e30_90deg,0.0,189.0,2.0,12855.128489189216,2903.4774671369983,0.0
A6_wide_e30_90deg,0.0,190.0,2.0,12868.347501444347,2940.157874195429,0.0
A6_wide_e30_90deg,0.0,191.0,2.0,12878.128090754042,2977.191710103243,0.0
A6_wide_e30_90deg,0.0,192.0,2.0,12884.385260690726,3014.564810466254,0.0
A6_wide_e30_90deg,0.0,193.0,2.0,12887.040784414074,3052.2619241798548,0.0
A6_wide_e30_90deg,0.0,194.0,2.0,12886.023411070646,3090.2667592967637,0.0
A6_wide_e30_90deg,0.0,195.0,2.0,12881.269030395373,3128.5620327653005,0.0
A6_wide_e30_90deg,0.0,196.0,2.0,12872.720807548216,-3116.0557840228016,0.0
A6_wide_e30_90deg,0.0,197.0,2.0,12860.32930213107,-3077.235181565735,0.0
A6_wide_e30_90deg,0.0,198.0,2.0,12844.05258650511,-3038.1813987659834,0.0
A6_wide_e30_90deg,0.0,199.0,2.0,12823.856378847984,-2998.915136437338,0.0
A6_wide_e30_90deg,0.0,200.0,2.0,12799.714205753797,-2959.4578056693763,0.0
A6_wide_e30_90deg,0.0,201.0,2.0,12771.60760754128,-2919.831467894696,0.0
A6_wide_e30_90deg,0.0,202.0,2.0,12739.526396790952,-2880.0587735123527,0.0
A6_wide_e30_90deg,0.0,203.0,2.0,12703.468977029843,-2840.162898508263,0.0
A6_wide_e30_90deg,0.0,204.0,2.0,12663.442724032146,-2800.167478313159,0.0
A6_wide_e30_90deg,0.0,205.0,2.0,12619.464427063587,-2760.0965379882255,0.0
A6_wide_e30_90deg,0.0,206.0,2.0,12571.560781798164,-2719.9744177433586,0.0
A6_wide_e30_90deg,0.0,207.0,2.0,12519.76892085118,-2679.8256927866005,0.0
A6_wide_e30_90deg,0.0,208.0,2.0,12464.136962234214,-2639.6750865858553,0.0
A6_wide_e30_90deg,0.0,209.0,2.0,12404.72455091064,-2599.5473768010606,0.0
A6_wide_e30_90deg,0.0,210.0,2.0,12341.603364394818,-2559.467293416633,0.0
A6_wide_e30_90deg,0.0,211.0,2.0,12274.857550370567,-2519.4594089636685,0.0
A6_wide_e30_90deg,0.0,212.0,2.0,12204.584062937418,-2479.5480211549375,0.0
A6_wide_e30_90deg,0.0,213.0,2.0,12130.892864588648,-2439.757028742157,0.0
A6_wide_e30_90deg,0.0,214.0,2.0,12053.90696353681,-2400.1098019162387,0.0
A6_wide_e30_90deg,0.0,215.0,2.0,11973.76226054245,-2360.6290490738857,0.0
A6_wide_e30_90deg,0.0,216.0,2.0,11890.607185833009,-2321.336682231939,0.0
A6_wide_e30_90deg,0.0,217.0,2.0,11804.602114713622,-2282.253683747866,0.0
A6_wide_e30_90deg,0.0,218.0,2.0,11715.918559616293,-2243.399977268,0.0
A6_wide_e30_90deg,0.0,219.0,2.0,11624.738146039836,-2204.7943059486556,0.0
A6_wide_e30_90deg,0.0,220.0,2.0,11531.251389451922,-2166.4541209628974,0.0
A6_wide_e30_90deg,0.0,221.0,2.0,11435.656299107199,-2128.3954831134943,0.0
A6_wide_e30_90deg,0.0,222.0,2.0,11338.156842276589,-2090.6329800291037,0.0
A6_wide_e30_90deg,0.0,223.0,2.0,11238.961308091595,-2053.17966094685,0.0
A6_wide_e30_90deg,0.0,224.0,2.0,11138.280613752166,-2016.046990511276,0.0
A6_wide_e30_90deg,0.0,225.0,2.0,11036.326597074196,-1979.2448223852368,0.0
A6_wide_e30_90deg,0.0,226.0,2.0,10933.310338308089,-1942.7813928140044,0.0
A6_wide_e30_90deg,0.0,227.0,2.0,10829.44055105525,-1906.663333650088,0.0
A6_wide_e30_90deg,0.0,228.0,2.0,10724.922077301875,-1870.8957037693415,0.0
A6_wide_e30_90deg,0.0,229.0,2.0,10619.954515524929,-1835.4820373174139,0.0
A6_wide_e30_90deg,0.0,230.0,2.0,10514.731003997626,-1800.4244068395412,0.0
A6_wide_e30_90deg,0.0,231.0,2.0,10409.437174314322,-1765.7234990762313,0.0
A6_wide_e30_90deg,0.0,232.0,2.0,10304.250283206022,-1731.3787010534556,0.0
A6_wide_e30_90deg,0.0,233.0,2.0,10199.33852428993,-1697.3881940518786,0.0
A6_wide_e30_90deg,0.0,234.0,2.0,10094.860515758053,-1663.7490530921987,0.0
A6_wide_e30_90deg,0.0,235.0,2.0,9990.964955331081,-1630.4573497062981,0.0
A6_wide_e30_90deg,0.0,236.0,2.0,9887.7904301638,-1597.5082559571522,0.0
A6_wide_e30_90deg,0.0,237.0,2.0,9785.465366786048,-1564.8961479058296,0.0
A6_wide_e30_90deg,0.0,238.0,2.0,9684.108104534684,-1532.6147069830477,0.0
A6_wide_e30_90deg,0.0,239.0,2.0,9583.827075170104,-1500.6570179901805,0.0
A6_wide_e30_90deg,0.0,240.0,2.0,9484.721071341644,-1469.0156627175495,0.0
A6_wide_e30_90deg,0.0,241.0,2.0,9386.879587123318,-1437.6828084159008,0.0
A6_wide_e30_90deg,0.0,242.0,2.0,9290.38321484262,-1406.6502905838315,0.0
A6_wide_e30_90deg,0.0,243.0,2.0,9195.304083734145,-1375.9096897344848,0.0
A6_wide_e30_90deg,0.0,244.0,2.0,9101.70632745111,-1345.4524019775013,0.0
A6_wide_e30_90deg,0.0,245.0,2.0,9009.646569059305,-1315.26970339637,0.0
A6_wide_e30_90deg,0.0,246.0,2.0,8919.174413742432,-1285.352808318106,0.0
A6_wide_e30_90deg,0.0,247.0,2.0,8830.332941003453,-1255.6929216634223,0.0
A6_wide_e30_90deg,0.0,248.0,2.0,8743.15918960816,-1226.2812856341166,0.0
A6_wide_e30_90deg,0.0,249.0,2.0,8657.684629861027,-1197.1092210428499,0.0
A6_wide_e30_90deg,0.0,250.0,2.0,8573.935619005993,-1168.1681636219,0.0
A6_wide_e30_90deg,0.0,251.0,2.0,8491.933836606762,-1139.4496956648993,0.0
A6_wide_e30_90deg,0.0,252.0,2.0,8411.696697676558,-1110.9455733613602,0.0
A6_wide_e30_90deg,0.0,253.0,2.0,8333.237742107167,-1082.6477501807758,0.0
A6_wide_e30_90deg,0.0,254.0,2.0,8256.566999597191,-1054.5483966530242,0.0
A6_wide_e30_90deg,0.0,255.0,2.0,8181.69132981336,-1026.6399168768467,0.0
A6_wide_e30_90deg,0.0,256.0,2.0,8108.614737948164,-998.9149620697515,0.0
A6_wide_e30_90deg,0.0,257.0,2.0,8037.338666175769,-971.3664414518886,0.0
A6_wide_e30_90deg,0.0,258.0,2.0,7967.862261767004,-943.9875307347485,0.0
A6_wide_e30_90deg,0.0,259.0,2.0,7900.182622817293,-916.7716784631485,0.0
A6_wide_e30_90deg,0.0,260.0,2.0,7834.29502267649,-889.7126104371375,0.0
A6_wide_e30_90deg,0.0,261.0,2.0,7770.193114260375,-862.8043324190706,0.0
A6_wide_e30_90deg,0.0,262.0,2.0,7707.8691154747685,-836.0411313109099,0.0
A6_wide_e30_90deg,0.0,263.0,2.0,7647.313977003861,-809.417574967907,0.0
A6_wide_e30_90deg,0.0,264.0,2.0,7588.517533713054,-782.928510797114,0.0
A6_wide_e30_90deg,0.0,265.0,2.0,7531.468640893672,-756.5690632732625,0.0
A6_wide_e30_90deg,0.0,266.0,2.0,7476.155296542654,-730.3346304898236,0.0
A6_wide_e30_90deg,0.0,267.0,2.0,7422.564750824122,-704.2208798499945,0.0
A6_wide_e30_90deg,0.0,268.0,2.0,7370.683603806834,-678.2237429907592,0.0
A6_wide_e30_90deg,0.0,269.0,2.0,7320.497892514626,-652.339410022646,0.0
A6_wide_e30_90deg,0.0,270.0,2.0,7271.9931682652905,-626.5643231589947,0.0
A6_wide_e30_90deg,0.0,271.0,2.0,7225.154565213909,-600.8951698005243,0.0
A6_wide_e30_90deg,0.0,272.0,2.0,7179.9668609530745,-575.3288751342014,0.0
A6_wide_e30_90deg,0.0,273.0,2.0,7136.414529964413,-549.8625942997468,0.0
A6_wide_e30_90deg,0.0,274.0,2.0,7094.481790654727,-524.493704172103,0.0
A6_wide_e30_90deg,0.0,275.0,2.0,7054.152646656073,-499.2197948040284,0.0
A6_wide_e30_90deg,0.0,276.0,2.0,7015.410923012831,-474.03866056974795,0.0
A6_wide_e30_90deg,0.0,277.0,2.0,6978.240297828448,-448.9482910475222,0.0
A6_wide_e30_90deg,0.0,278.0,2.0,6942.624329896739,-423.94686167692396,0.0
A6_wide_e30_90deg,0.0,279.0,2.0,6908.546482794953,-399.0327242245977,0.0
A6_wide_e30_90deg,0.0,280.0,2.0,6875.990145874839,-374.2043970908622,0.0
A6_wide_e30_90deg,0.0,281.0,2.0,6844.938652546635,-349.46055548833675,0.0
A6_wide_e30_90deg,0.0,282.0,2.0,6815.375296214026,-324.80002152272425,0.0
A6_wide_e30_90deg,0.0,283.0,2.0,6787.283344182564,-300.221754205213,0.0
A6_wide_e30_90deg,0.0,284.0,2.0,6760.646049832352,-275.72483942513816,0.0
A6_wide_e30_90deg,0.0,285.0,2.0,6735.446663315344,-251.30847991118532,0.0
A6_wide_e30_90deg,0.0,286.0,2.0,6711.668441009167,-226.9719852085479,0.0
A6_wide_e30_90deg,0.0,287.0,2.0,6689.294653934333,-202.71476169925995,0.0
A6_wide_e30_90deg,0.0,288.0,2.0,6668.308595317625,-178.53630269197706,0.0
A6_wide_e30_90deg,0.0,289.0,2.0,6648.693587461476,-154.43617860709313,0.0
A6_wide_e30_90deg,0.0,290.0,2.0,6630.432988060521,-130.41402728220498,0.0
A6_wide_e30_90deg,0.0,291.0,2.0,6613.510196085744,-106.46954442219369,0.0
A6_wide_e30_90deg,0.0,292.0,2.0,6597.90865734151,-82.60247421719846,0.0
A6_wide_e30_90deg,0.0,293.0,2.0,6583.6118697835245,-58.81260015077405,0.0
A6_wide_e30_90deg,0.0,294.0,2.0,6570.603388671531,-35.099736019300835,0.0
A6_wide_e30_90deg,0.0,295.0,2.0,6558.866831618671,-11.463717182520483,0.0
A6_wide_e30_90deg,0.0,296.0,2.0,6548.385883586007,12.09560793642206,0.0
A6_wide_e30_90deg,0.0,297.0,2.0,6539.144301860553,35.5783860844161,0.0
A6_wide_e30_90deg,0.0,298.0,2.0,6531.125921045344,58.98476713002454,0.0
A6_wide_e30_90deg,0.0,299.0,2.0,6524.314658081639,82.31491171957516,0.0
A6_wide_e30_90deg,0.0,300.0,2.0,6518.6945173151435,105.56899862579883,0.0
A6_wide_e30_90deg,0.0,301.0,2.0,6514.24959561088,128.7472317788878,0.0
A6_wide_e30_90deg,0.0,302.0,2.0,6510.964087516676,151.84984697166382,0.0
A6_wide_e30_90deg,0.0,303.0,2.0,6508.822290467659,174.87711823248952,0.0
A6_wide_e30_90deg,0.0,304.0,2.0,6507.808610021707,197.82936386123495,0.0
A6_wide_e30_90deg,0.0,305.0,2.0,6507.907565110347,220.70695212580472,0.0
A6_wide_e30_90deg,0.0,306.0,2.0,6509.103793287405,243.51030661826246,0.0
A6_wide_e30_90deg,0.0,307.0,2.0,6511.382055953058,266.2399112714899,0.0
A6_wide_e30_90deg,0.0,308.0,2.0,6514.727243531625,288.8963150392709,0.0
A6_wide_e30_90deg,0.0,309.0,2.0,6519.1243805758995,311.4801362439059,0.0
A6_wide_e30_90deg,0.0,310.0,2.0,6524.558630773626,333.9920665976277,0.0
A6_wide_e30_90deg,0.0,311.0,2.0,6531.015301825528,356.4328749050669,0.0
A6_wide_e30_90deg,0.0,312.0,2.0,6538.479850170044,378.8034104558755,0.0
A6_wide_e30_90deg,0.0,313.0,2.0,6546.93788552295,401.1046061175274,0.0
A6_wide_e30_90deg,0.0,314.0,2.0,6556.375175203972,423.3374811397512,0.0
A6_wide_e30_90deg,0.0,315.0,2.0,6566.77764822221,445.5031436830761,0.0
A6_wide_e30_90deg,0.0,316.0,2.0,6578.131399089762,467.6027930848461,0.0
A6_wide_e30_90deg,0.0,317.0,2.0,6590.422691336559,489.6377218768118,0.0
A6_wide_e30_90deg,0.0,318.0,2.0,6603.637960696738,511.6093175694121,0.0
A6_wide_e30_90deg,0.0,319.0,2.0,6617.763817940588,533.5190642180776,0.0
A6_wide_e30_90deg,0.0,320.0,2.0,6632.787051321805,555.3685437874965,0.0
A6_wide_e30_90deg,0.0,321.0,2.0,6648.694628616683,577.1594373302702,0.0
A6_wide_e30_90deg,0.0,322.0,2.0,6665.473698724489,598.8935259962442,0.0
A6_wide_e30_90deg,0.0,323.0,2.0,6683.111592806186,620.5726918894259,0.0
A6_wide_e30_90deg,0.0,324.0,2.0,6701.595824932324,642.198918788897,0.0
A6_wide_e30_90deg,0.0,325.0,2.0,6720.914092216309,663.7742927505918,0.0
A6_wide_e30_90deg,0.0,326.0,2.0,6741.054274404724,685.3010026060193,0.0
A6_wide_e30_90deg,0.0,327.0,2.0,6762.004432898928,706.7813403745786,0.0
A6_wide_e30_90deg,0.0,328.0,2.0,6783.752809181153,728.2177016049989,0.0
A6_wide_e30_90deg,0.0,329.0,2.0,6806.287822616032,749.6125856615868,0.0
A6_wide_e30_90deg,0.0,330.0,2.0,6829.598067600795,770.9685959704085,0.0
A6_wide_e30_90deg,0.0,331.0,2.0,6853.672310031678,792.2884402398212,0.0
A6_wide_e30_90deg,0.0,332.0,2.0,6878.499483057968,813.5749306696498,0.0
A6_wide_e30_90deg,0.0,333.0,2.0,6904.06868208831,834.8309841622128,0.0
A6_wide_e30_90deg,0.0,334.0,2.0,6930.369159015929,856.0596225482664,0.0
A6_wide_e30_90deg,0.0,335.0,2.0,6957.390315624634,877.2639728399163,0.0
A6_wide_e30_90deg,0.0,336.0,2.0,6985.121696135991,898.4472675220916,0.0
A6_wide_e30_90deg,0.0,337.0,2.0,7013.552978854601,919.612844893292,0.0
A6_wide_e30_90deg,0.0,338.0,2.0,7042.673966865642,940.7641494656654,0.0
A6_wide_e30_90deg,0.0,339.0,2.0,7072.474577734924,961.9047324338181,0.0
A6_wide_e30_90deg,0.0,340.0,2.0,7102.944832157263,983.0382522206138,0.0
A6_wide_e30_90deg,0.0,341.0,2.0,7134.074841495502,1004.1684751078153,0.0
A6_wide_e30_90deg,0.0,342.0,2.0,7165.854794146892,1025.2992759583676,0.0
A6_wide_e30_90deg,0.0,343.0,2.0,7198.274940668654,1046.4346390361054,0.0
A6_wide_e30_90deg,0.0,344.0,2.0,7231.3255775898315,1067.5786589281256,0.0
A6_wide_e30_90deg,0.0,345.0,2.0,7264.997029828139,1088.7355415737127,0.0
A6_wide_e30_90deg,0.0,346.0,2.0,7299.279631627796,1109.9096054029571,0.0
A6_wide_e30_90deg,0.0,347.0,2.0,7334.163705922846,1131.10528258711,0.0
A6_wide_e30_90deg,0.0,348.0,2.0,7369.639542028459,1152.3271204014004,0.0
A6_wide_e30_90deg,0.0,349.0,2.0,7405.697371550276,1173.5797827002248,0.0
A6_wide_e30_90deg,0.0,350.0,2.0,7442.3273423971605,1194.86805150291,0.0
A6_wide_e30_90deg,0.0,351.0,2.0,7479.5194907720615,1216.1968286871688,0.0
A6_wide_e30_90deg,0.0,352.0,2.0,7517.263711009007,1237.5711377857667,0.0
A6_wide_e30_90deg,0.0,353.0,2.0,7555.549723113274,1258.9961258802537,0.0
A6_wide_e30_90deg,0.0,354.0,2.0,7594.367037853646,1280.4770655839927,0.0
A6_wide_e30_90deg,0.0,355.0,2.0,7633.704919245641,1302.0193571045108,0.0
A6_wide_e30_90deg,0.0,356.0,2.0,7673.552344255728,1323.6285303733926,0.0
A6_wide_e30_90deg,0.0,357.0,2.0,7713.897959545899,1345.310247229273,0.0
A6_wide_e30_90deg,0.0,358.0,2.0,7754.730035070278,1367.07030363723,0.0
A6_wide_e30_90deg,0.0,359.0,2.0,7796.0364143236575,1388.9146319246838,0.0
A6_wide_e30_90deg,0.0,360.0,2.0,7837.804461037383,1410.8493030110835,0.0
A6_wide_e30_90deg,1.0,0.0,2.0,14215.728999611663,0.0,0.0
A6_wide_e30_90deg,1.0,1.0,2.0,14117.506758497804,-0.43655946017961966,0.0
A6_wide_e30_90deg,1.0,2.0,2.0,14016.897503192076,-1.7164001781013738,0.0
A6_wide_e30_90deg,1.0,3.0,2.0,13914.082364888109,-3.78899143238165,0.0
A6_wide_e30_90deg,1.0,4.0,2.0,13809.25121053345,-6.596342536574262,0.0
A6_wide_e30_90deg,1.0,5.0,2.0,13702.601051772699,-10.07346902788786,0.0
A6_wide_e30_90deg,1.0,6.0,2.0,13594.334338734106,-14.149057668559895,0.0
A6_wide_e30_90deg,1.0,7.0,2.0,13484.657188341602,-18.746318921753158,0.0
A6_wide_e30_90deg,1.0,8.0,2.0,13373.777596735923,-23.784005368765015,0.0
A6_wide_e30_90deg,1.0,9.0,2.0,13261.903682916427,-29.177565053772447,0.0
A6_wide_e30_90deg,1.0,10.0,2.0,13149.24200621713,-34.84039082098667,0.0
A6_wide_e30_90deg,1.0,11.0,2.0,13035.995994168095,-40.68512108832279,0.0
A6_wide_e30_90deg,1.0,12.0,2.0,12922.364510189567,-46.62494472058487,0.0
A6_wide_e30_90deg,1.0,13.0,2.0,12808.540582950873,-52.574862985487854,0.0
A6_wide_e30_90deg,1.0,14.0,2.0,12694.710311591823,-58.45286494428237,0.0
A6_wide_e30_90deg,1.0,15.0,2.0,12581.051953768512,-64.18097868401196,0.0
A6_wide_e30_90deg,1.0,16.0,2.0,12467.735196973086,-69.68616892341473,0.0
A6_wide_e30_90deg,1.0,17.0,2.0,12354.920608007975,-74.90106093253068,0.0
A6_wide_e30_90deg,1.0,18.0,2.0,12242.759250990723,-79.7644805471247,0.0
A6_wide_e30_90deg,1.0,19.0,2.0,12131.392460857069,-84.22180952498293,0.0
A6_wide_e30_90deg,1.0,20.0,2.0,12020.951756977936,-88.22516390470003,0.0
A6_wide_e30_90deg,1.0,21.0,2.0,11911.558880116223,-91.73340990134405,0.0
A6_wide_e30_90deg,1.0,22.0,2.0,11803.325935394574,-94.71203693467433,0.0
A6_wide_e30_90deg,1.0,23.0,2.0,11696.355624080032,-97.13291056907858,0.0
A6_wide_e30_90deg,1.0,24.0,2.0,11590.741547666034,-98.97392955960171,0.0
A6_wide_e30_90deg,1.0,25.0,2.0,11486.568568804527,-100.2186110826857,0.0
A6_wide_e30_90deg,1.0,26.0,2.0,11383.91321498172,-100.85562689647799,0.0
A6_wide_e30_90deg,1.0,27.0,2.0,11282.844112329472,-100.87831096449618,0.0
A6_wide_e30_90deg,1.0,28.0,2.0,11183.422438528925,-100.28415631724829,0.0
A6_wide_e30_90deg,1.0,29.0,2.0,11085.702385322154,-99.07431590967475,0.0
A6_wide_e30_90deg,1.0,30.0,2.0,10989.731622647269,-97.25311919437907,0.0
A6_wide_e30_90deg,1.0,31.0,2.0,10895.551757815356,-94.8276132482091,0.0
A6_wide_e30_90deg,1.0,32.0,2.0,10803.198784429329,-91.8071346822189,0.0
A6_wide_e30_90deg,1.0,33.0,2.0,10712.703516892574,-88.2029163009821,0.0
A6_wide_e30_90deg,1.0,34.0,2.0,10624.092007364428,-84.02773058470059,0.0
A6_wide_e30_90deg,1.0,35.0,2.0,10537.385942892162,-79.29557054360936,0.0
A6_wide_e30_90deg,1.0,36.0,2.0,10452.60302119125,-74.02136731488707,0.0
A6_wide_e30_90deg,1.0,37.0,2.0,10369.794199077867,-68.2240856966021,-0.0003024795067751995
A6_wide_e30_90deg,1.0,38.0,2.0,10288.93078626122,-61.91675932765328,-0.000585273713937795
A6_wide_e30_90deg,1.0,39.0,2.0,10210.020517130079,-55.11577945955448,-0.0008485956755066582
A6_wide_e30_90deg,1.0,40.0,2.0,10133.068416487624,-47.83767459739829,-0.0010928171141344478
A6_wide_e30_90deg,1.0,41.0,2.0,10058.07706378859,-40.098980233108875,-0.0013184424645373838
A6_wide_e30_90deg,1.0,42.0,2.0,9985.046836501708,-31.916130970764733,-0.0015260850996234865
A6_wide_e30_90deg,1.0,43.0,2.0,9913.976133530585,-23.30537239392738,-0.0017164454639839732
A6_wide_e30_90deg,1.0,44.0,2.0,9844.861579721284,-14.282690177972679,-0.0018902913474505567
A6_wide_e30_90deg,1.0,45.0,2.0,9777.698212543315,-4.863754134592835,-0.0020484399194664604
A6_wide_e30_90deg,1.0,46.0,2.0,9712.479652060278,4.936124923574425,-0.002191741832469063
A6_wide_e30_90deg,1.0,47.0,2.0,9649.19825531283,15.102027404027218,-0.0023210670039297554
A6_wide_e30_90deg,1.0,48.0,2.0,9587.845256224597,25.619447943263207,-0.002437292322632345
A6_wide_e30_90deg,1.0,49.0,2.0,9528.41089211593,36.474310709806886,-0.0025412910122923904
A6_wide_e30_90deg,1.0,50.0,2.0,9470.884517874072,47.65297832380799,-0.00263392342603197
A6_wide_e30_90deg,1.0,51.0,2.0,9415.254708784767,59.14225554553365,-0.0027160296038886145
A6_wide_e30_90deg,1.0,52.0,2.0,9361.509352981291,70.92938872992693,-0.002788423080879454
A6_wide_e30_90deg,1.0,53.0,2.0,9309.63573441501,83.00206190446869,-0.0028518859793713602
A6_wide_e30_90deg,1.0,54.0,2.0,9259.620607197685,95.34839020256581,-0.002907165277399315
A6_wide_e30_90deg,1.0,55.0,2.0,9211.450262111659,107.95691127383655,-0.0029549700291120473
A6_wide_e30_90deg,1.0,56.0,2.0,9165.110586029961,120.81657519514755,-0.0029959696723480533
A6_wide_e30_90deg,1.0,57.0,2.0,9120.587114935937,133.9167333209179,-0.0030307929135275913
A6_wide_e30_90deg,1.0,58.0,2.0,9077.865081180535,147.24712643696546,-0.003060027473189564
A6_wide_e30_90deg,1.0,59.0,2.0,9036.929455566533,160.79787251795307,-0.003084220218774192
A6_wide_e30_90deg,1.0,60.0,2.0,8997.764984801846,174.55945433313147,-0.003103878018162476
A6_wide_e30_90deg,1.0,61.0,2.0,8960.356224819365,188.52270709759546,-0.003119468700241157
A6_wide_e30_90deg,1.0,62.0,2.0,8924.687570419303,202.67880632579426,-0.0031314224555600845
A6_wide_e30_90deg,1.0,63.0,2.0,8890.743281649044,217.01925600952165,-0.003140133539858425
A6_wide_e30_90deg,1.0,64.0,2.0,8858.507507300004,231.5358772135072,-0.00314596198425221
A6_wide_e30_90deg,1.0,65.0,2.0,8827.96430586446,246.22079715714617,-0.0031492355443418774
A6_wide_e30_90deg,1.0,66.0,2.0,8799.09766426408,261.0664388303481,-0.003150251564498774
A6_wide_e30_90deg,1.0,67.0,2.0,8771.891514630768,276.0655111743393,-0.0031492790810716542
A6_wide_e30_90deg,1.0,68.0,2.0,8746.329749392866,291.21099984410614,-0.003146560684008648
A6_wide_e30_90deg,1.0,69.0,2.0,8722.396234893058,306.4961585575072,-0.003142314597859297
A6_wide_e30_90deg,1.0,70.0,2.0,8700.074823740453,321.91450102666596,-0.0031367364483614324
A6_wide_e30_90deg,1.0,71.0,2.0,8679.349366076905,337.4597934596832,-0.003130001073436972
A6_wide_e30_90deg,1.0,72.0,2.0,8660.203719916699,353.1260476147149,-0.003122264375043926
A6_wide_e30_90deg,1.0,73.0,2.0,8642.621760699578,368.9075143838387,-0.0031136648939167344
A6_wide_e30_90deg,1.0,74.0,2.0,8626.587390180008,384.7986778807151,-0.0031043253057028153
A6_wide_e30_90deg,1.0,75.0,2.0,8612.084544758545,400.79425000352666,-0.0030943540809680314
A6_wide_e30_90deg,1.0,76.0,2.0,8599.09720334696,416.88916544306664,-0.003083846504825516
A6_wide_e30_90deg,1.0,77.0,2.0,8587.609394844903,433.0785771049035,-0.003072886329835711
A6_wide_e30_90deg,1.0,78.0,2.0,8577.605205293308,449.35785191419785,-0.003061546616223154
A6_wide_e30_90deg,1.0,79.0,2.0,8569.068784758561,465.72256697188766,-0.0030498910001952595
A6_wide_e30_90deg,1.0,80.0,2.0,8561.984353991002,482.16850603152926,-0.0030379745998843077
A6_wide_e30_90deg,1.0,81.0,2.0,8556.336210891708,498.691656266951,-0.003025844909743114
A6_wide_e30_90deg,1.0,82.0,2.0,8552.108736813476,515.2882053020527,-0.0030135426847266444
A6_wide_e30_90deg,1.0,83.0,2.0,8549.286402713598,531.9545384754712,-0.0030011026392884332
A6_wide_e30_90deg,1.0,84.0,2.0,8547.853775169468,548.6872363143593,-0.0029885541339425004
A6_wide_e30_90deg,1.0,85.0,2.0,8547.795522261958,565.4830721932437,-0.0029759217921032644
A6_wide_e30_90deg,1.0,86.0,2.0,8549.09641932516,582.3390101556676,-0.002963226100494154
A6_wide_e30_90deg,1.0,87.0,2.0,8551.7413545573,599.2522028781622,-0.0029504838003902023
A6_wide_e30_90deg,1.0,88.0,2.0,8555.715334482155,616.2199897579859,-0.0029377084933557285
A6_wide_e30_90deg,1.0,89.0,2.0,8561.003489246694,633.2398951079066,-0.0029249108766116194
A6_wide_e30_90deg,1.0,90.0,2.0,8567.591077737836,650.3096264431765,-0.0029120992737219353
A6_wide_e30_90deg,1.0,91.0,2.0,8575.4634924969,667.4270728476994,-0.0028992798184468427
A6_wide_e30_90deg,1.0,92.0,2.0,8584.606264409034,684.5903034081599,-0.0028864568402120483
A6_wide_e30_90deg,1.0,93.0,2.0,8595.005067141417,701.7975657066033,-0.0028736330524026243
A6_wide_e30_90deg,1.0,94.0,2.0,8606.645721302617,719.0472843636471,-0.0028608098507909574
A6_wide_e30_90deg,1.0,95.0,2.0,8619.51419829318,736.338059626048,-0.002847987476073399
A6_wide_e30_90deg,1.0,96.0,2.0,8633.596623816275,753.6686659938807,-0.0028351651657487764
A6_wide_e30_90deg,1.0,97.0,2.0,8648.879281015616,771.0380508839352,-0.002822341417019203
A6_wide_e30_90deg,1.0,98.0,2.0,8665.348613205737,788.445333327334,-0.0028095140036654698
A6_wide_e30_90deg,1.0,99.0,2.0,8682.991226159922,805.8898027004843,-0.002796680191430312
A6_wide_e30_90deg,1.0,100.0,2.0,8701.793889918077,823.3709174896679,-0.0027838367748778126
A6_wide_e30_90deg,1.0,101.0,2.0,8721.74354007684,840.8883040905301,-0.002770980254140909
A6_wide_e30_90deg,1.0,102.0,2.0,8742.827278522169,858.4417556446731,-0.0027581069050874873
A6_wide_e30_90deg,1.0,103.0,2.0,8765.032373563758,876.0312309163601,-0.002745212737131908
A6_wide_e30_90deg,1.0,104.0,2.0,8788.346259428645,893.6568532130176,-0.002732293727714108
A6_wide_e30_90deg,1.0,105.0,2.0,8812.75653507031,911.3189093538833,-0.0027193457659002718
A6_wide_e30_90deg,1.0,106.0,2.0,8838.25096224725,929.0178486916583,-0.0027063647460856544
A6_wide_e30_90deg,1.0,107.0,2.0,8864.817462823708,946.7542821923906,-0.0026933465751000085
A6_wide_e30_90deg,1.0,108.0,2.0,8892.44411524232,964.528981579269,-0.0026802872818976198
A6_wide_e30_90deg,1.0,109.0,2.0,8921.119150116636,982.3428785461506,-0.002667182930071732
A6_wide_e30_90deg,1.0,110.0,2.0,8950.830944888628,1000.1970640468655,-0.0026540297701771465
A6_wide_e30_90deg,1.0,111.0,2.0,8981.568017492844,1018.0927876664754,-0.0026408241904363194
A6_wide_e30_90deg,1.0,112.0,2.0,9013.319018966613,1036.0314570805347,-0.002627562741608358
A6_wide_e30_90deg,1.0,113.0,2.0,9046.072724940843,1054.014637608515,-0.0026142422138164534
A6_wide_e30_90deg,1.0,114.0,2.0,9079.818025942785,1072.044051867275,-0.0026008595379600763
A6_wide_e30_90deg,1.0,115.0,2.0,9114.543916437775,1090.121579530276,-0.00258741193581713
A6_wide_e30_90deg,1.0,116.0,2.0,9150.239482531435,1108.2492571979853,-0.002573896797919417
A6_wide_e30_90deg,1.0,117.0,2.0,9186.893888249473,1126.4292783844905,-0.002560311805233084
A6_wide_e30_90deg,1.0,118.0,2.0,9224.496360306253,1144.6639936249178,-0.002546654896740108
A6_wide_e30_90deg,1.0,119.0,2.0,9263.036171267118,1162.9559107077246,-0.002532924218812127
A6_wide_e30_90deg,1.0,120.0,2.0,9302.502621003276,1181.3076950353043,-0.002519118251775865
A6_wide_e30_90deg,1.0,121.0,2.0,9342.885016330878,1199.7221701156366,-0.0025052357006671855
A6_wide_e30_90deg,1.0,122.0,2.0,9384.172648718746,1218.2023181869379,-0.0024912755840489353
A6_wide_e30_90deg,1.0,123.0,2.0,9426.354769941383,1236.7512809763132,-0.0024772371913783786
A6_wide_e30_90deg,1.0,124.0,2.0,9469.420565545486,1255.3723605924283,-0.0024631201229752264
A6_wide_e30_90deg,1.0,125.0,2.0,9513.359125990142,1274.069020551078,-0.002448924250497697
A6_wide_e30_90deg,1.0,126.0,2.0,9558.159415311413,1292.8448869311894,-0.0024346498230798375
A6_wide_e30_90deg,1.0,127.0,2.0,9603.810237153379,1311.7037496574292,-0.002420297309679853
A6_wide_e30_90deg,1.0,128.0,2.0,9650.300197998004,1330.649563903946,-0.002405867574495346
A6_wide_e30_90deg,1.0,129.0,2.0,9697.617667416842,1349.6864516119808,-0.0023913617894777417
A6_wide_e30_90deg,1.0,130.0,2.0,9745.750735158306,1368.8187031121224,-0.002376781475188494
A6_wide_e30_90deg,1.0,131.0,2.0,9794.687164874475,1388.0507788397142,-0.002362128507460426
A6_wide_e30_90deg,1.0,132.0,2.0,9844.414344283125,1407.3873111294636,-0.0023474050796501444
A6_wide_e30_90deg,1.0,133.0,2.0,9894.919231551472,1426.8331060725661,-0.002332613810107631
A6_wide_e30_90deg,1.0,134.0,2.0,9946.188297681194,1446.3931454165504,-0.0023177576742305916
A6_wide_e30_90deg,1.0,135.0,2.0,9998.207464666957,1466.0725884846925,-0.0023028400626401435
A6_wide_e30_90deg,1.0,136.0,2.0,10050.962039196334,1485.8767740880553,-0.002287864738548251
A6_wide_e30_90deg,1.0,137.0,2.0,10104.436641655397,1505.8112223990393,-0.0022728359252432995
A6_wide_e30_90deg,1.0,138.0,2.0,10158.615130203209,1525.8816367507472,-0.002257758248358499
A6_wide_e30_90deg,1.0,139.0,2.0,10213.480519681161,1546.0939053213513,-0.002242636828242439
A6_wide_e30_90deg,1.0,140.0,2.0,10269.014895127935,1566.4541026571478,-0.0022274772302210977
A6_wide_e30_90deg,1.0,141.0,2.0,10325.19931968174,1586.9684909818159,-0.0022122855320994006
A6_wide_e30_90deg,1.0,142.0,2.0,10382.013736666115,1607.6435212327756,-0.0021970682912986206
A6_wide_e30_90deg,1.0,143.0,2.0,10439.436865677419,1628.485833758333,-0.002181832613246115
A6_wide_e30_90deg,1.0,144.0,2.0,10497.44609252047,1649.5022586014177,-0.002166586163809825
A6_wide_e30_90deg,1.0,145.0,2.0,10556.017352876435,1670.6998152873664,-0.0021513371635251133
A6_wide_e30_90deg,1.0,146.0,2.0,10615.125009633854,1692.0857120241656,-0.0021360944142401195
A6_wide_e30_90deg,1.0,147.0,2.0,10674.741723871539,1713.6673442140377,-0.0021208673630646047
A6_wide_e30_90deg,1.0,148.0,2.0,10734.838319554148,1735.4522921651946,-0.002105666077056867
A6_wide_e30_90deg,1.0,149.0,2.0,10795.383642085118,1757.4483178820692,-0.0020905012578786852
A6_wide_e30_90deg,1.0,150.0,2.0,10856.344410964748,1779.6633608015586,-0.002075384344379927
A6_wide_e30_90deg,1.0,151.0,2.0,10917.6850669192,1802.1055323317842,-0.0020603274273334193
A6_wide_e30_90deg,1.0,152.0,2.0,10979.367614005023,1824.7831090389245,-0.0020453433520195574
A6_wide_e30_90deg,1.0,153.0,2.0,11041.351457353518,1847.7045243169678,-0.002030445655609725
A6_wide_e30_90deg,1.0,154.0,2.0,11103.593237400308,1870.8783583650081,-0.0020156487017253255
A6_wide_e30_90deg,1.0,155.0,2.0,11166.046661649927,1894.3133262876008,-0.0020009675867349586
A6_wide_e30_90deg,1.0,156.0,2.0,11228.662335253028,1918.0182641257534,-0.0019864181708406647
A6_wide_e30_90deg,1.0,157.0,2.0,11291.387591924715,1942.002112620198,-0.001972017144247218
A6_wide_e30_90deg,1.0,158.0,2.0,11354.166327004814,1966.273898505282,-0.0019577819752036874
A6_wide_e30_90deg,1.0,159.0,2.0,11416.938834753555,1990.8427131313706,-0.0019437309060066355
A6_wide_e30_90deg,1.0,160.0,2.0,11479.641652284186,2015.7176882175909,-0.0019298830116198928
A6_wide_e30_90deg,1.0,161.0,2.0,11542.207412852433,2040.9079685451256,-0.001916258069112331
A6_wide_e30_90deg,1.0,162.0,2.0,11604.564711545267,2066.4226814155304,-0.0019028766797823948
A6_wide_e30_90deg,1.0,163.0,2.0,11666.637986727457,2092.270902719341,-0.0018897600817524562
A6_wide_e30_90deg,1.0,164.0,2.0,11728.347420902717,2118.4616194884784,-0.0018769302339016747
A6_wide_e30_90deg,1.0,165.0,2.0,11789.608864914073,2145.0036888425793,-0.0018644096804187882
A6_wide_e30_90deg,1.0,166.0,2.0,11850.333789625909,2171.905793285,-0.0018522215579075407
A6_wide_e30_90deg,1.0,167.0,2.0,11910.429269382566,2199.176392359564,-0.0018403894239682472
A6_wide_e30_90deg,1.0,168.0,2.0,11969.79800160314,2226.8236707440074,-0.0018289372483160093
A6_wide_e30_90deg,1.0,169.0,2.0,12028.338366826376,2254.855482931144,-0.001817889257349492
A6_wide_e30_90deg,1.0,170.0,2.0,12085.944533343476,2283.279294732587,-0.0018072698204640858
A6_wide_e30_90deg,1.0,171.0,2.0,12142.506610227163,2312.1021219320914,-0.0017971032892916128
A6_wide_e30_90deg,1.0,172.0,2.0,12197.910852063316,2341.330466514024,-0.0017874139044415926
A6_wide_e30_90deg,1.0,173.0,2.0,12252.039918005157,2370.970250994889,-0.0017782255352649656
A6_wide_e30_90deg,1.0,174.0,2.0,12304.773186886927,2401.0267514890593,-0.0017695615395219022
A6_wide_e30_90deg,1.0,175.0,2.0,12355.987129058796,2431.5045302400913,-0.0017614445502189824
A6_wide_e30_90deg,1.0,176.0,2.0,12405.555734347576,2462.4073684415553,-0.0017538962735486052
A6_wide_e30_90deg,1.0,177.0,2.0,12453.350994129134,2493.7382002517243,-0.0017469372219913737
A6_wide_e30_90deg,1.0,178.0,2.0,12499.243433963922,2525.4990489688585,-0.0017405864705111185
A6_wide_e30_90deg,1.0,179.0,2.0,12543.102691640637,2557.690966373623,-0.0017348614842482846
A6_wide_e30_90deg,1.0,180.0,2.0,12584.798133867118,2590.3139762572137,-0.0017297777712421691
A6_wide_e30_90deg,1.0,181.0,2.0,12624.199503319409,2623.3670231340743,-0.0017253486945811858
A6_wide_e30_90deg,1.0,182.0,2.0,12661.17758639756,2656.8479270839393,-0.001721585219272015
A6_wide_e30_90deg,1.0,183.0,2.0,12695.604890931801,2690.7533455778994,-0.0017184956480065239
A6_wide_e30_90deg,1.0,184.0,2.0,12727.356322328438,2725.078743018119,-0.00171608541155166
A6_wide_e30_90deg,1.0,185.0,2.0,12756.309846322405,2759.8183685633016,-0.0017143569066568887
A6_wide_e30_90deg,1.0,186.0,2.0,12782.347126682324,2794.9652426276207,-0.0017133091927412636
A6_wide_e30_90deg,1.0,187.0,2.0,12805.354126936438,2830.5111522360116,-0.0017129379878966233
A6_wide_e30_90deg,1.0,188.0,2.0,12825.221666475398,2866.446655203635,-0.0017132353922200139
A6_wide_e30_90deg,1.0,189.0,2.0,12841.845923218245,2902.7610928916515,-0.0017141898727146554
A6_wide_e30_90deg,1.0,190.0,2.0,12855.12887735356,2939.4426110872864,-0.0017157861602612456
A6_wide_e30_90deg,1.0,191.0,2.0,12864.97869339746,2976.478188374699,-0.001718005241624354
A6_wide_e30_90deg,1.0,192.0,2.0,12871.310040823993,3013.85367121528,-0.0017208243501265486
A6_wide_e30_90deg,1.0,193.0,2.0,12874.04435667272,3051.553814851383,-0.0017242169625397707
A6_wide_e30_90deg,1.0,194.0,2.0,12873.110056651663,3089.562329092941,-0.0017281529665069684
A6_wide_e30_90deg,1.0,195.0,2.0,12868.442704153415,3127.8619280468743,-0.0017325986321203857
A6_wide_e30_90deg,1.0,196.0,2.0,12859.985149101176,-3116.750924273667,-0.001737516877486911
A6_wide_e30_90deg,1.0,197.0,2.0,12847.687650469821,-3077.9247301549544,-0.001742867316245622
A6_wide_e30_90deg,1.0,198.0,2.0,12831.507997525407,-3038.864744508761,-0.001748606500484584
A6_wide_e30_90deg,1.0,199.0,2.0,12811.411645167533,-2999.591688137512,-0.001754688116584191
A6_wide_e30_90deg,1.0,200.0,2.0,12787.37187814879,-2960.12699581131,-0.0017610631517506192
A6_wide_e30_90deg,1.0,201.0,2.0,12759.37001732999,-2920.492756010619,-0.00176768017379203
A6_wide_e30_90deg,1.0,202.0,2.0,12727.395678509467,-2880.7116491967627,-0.0017744855620449584
A6_wide_e30_90deg,1.0,203.0,2.0,12691.447090781707,-2840.8068840595197,-0.0017814236774604808
A6_wide_e30_90deg,1.0,204.0,2.0,12651.531476947817,-2800.802130990534,-0.001788437163696699
A6_wide_e30_90deg,1.0,205.0,2.0,12607.665493373077,-2760.721451880105,-0.001795467171383791
A6_wide_e30_90deg,1.0,206.0,2.0,12559.875721099408,-2720.5892252489657,-0.0018024535424210342
A6_wide_e30_90deg,1.0,207.0,2.0,12508.199194240662,-2680.4300657194062,-0.0018093350631076532
A6_wide_e30_90deg,1.0,208.0,2.0,12452.683946055375,-2640.268736911775,-0.0018160496955132999
A6_wide_e30_90deg,1.0,209.0,2.0,12393.38954796494,-2600.1300570285302,-0.001822534716922064
A6_wide_e30_90deg,1.0,210.0,2.0,12330.387612546288,-2560.0387966589847,-0.001828726973407413
A6_wide_e30_90deg,1.0,211.0,2.0,12263.762228557407,-2520.0195686966467,-0.0018345629815286202
A6_wide_e30_90deg,1.0,212.0,2.0,12193.610294679393,-2480.0967106941966,-0.0018399792063306109
A6_wide_e30_90deg,1.0,213.0,2.0,12120.041719145804,-2440.294160466882,-0.0018449120959829202
A6_wide_e30_90deg,1.0,214.0,2.0,12043.179454932262,-2400.635326265978,-0.0018492983135942609
A6_wide_e30_90deg,1.0,215.0,2.0,11963.159344708563,-2361.1429533462065,-0.0018530747931677638
A6_wide_e30_90deg,1.0,216.0,2.0,11880.12975617427,-2321.83898920872,-0.0018561789856264
A6_wide_e30_90deg,1.0,217.0,2.0,11794.250996402794,-2282.744450177938,-0.0018585488446021259
A6_wide_e30_90deg,1.0,218.0,2.0,11705.694502950822,-2243.8792922334674,-0.0018601230156178872
A6_wide_e30_90deg,1.0,219.0,2.0,11614.64181918491,-2205.2622891415767,-0.0018608409333431553
A6_wide_e30_90deg,1.0,220.0,2.0,11521.283370884634,-2166.910920898019,-0.0018606428766609895
A6_wide_e30_90deg,1.0,221.0,2.0,11425.817070055751,-2128.8412753015714,-0.0018594701405305614
A6_wide_e30_90deg,1.0,222.0,2.0,11328.446779418813,-2091.067965133796,-0.0018572650732906482
A6_wide_e30_90deg,1.0,223.0,2.0,11229.380676742112,-2053.6040629464205,-0.0018539711925669167
A6_wide_e30_90deg,1.0,224.0,2.0,11128.82956172763,-2016.4610548843457,-0.0018495332643198026
A6_wide_e30_90deg,1.0,225.0,2.0,11027.005149384382,-1979.6488143376312,-0.001843897437403541
A6_wide_e30_90deg,1.0,226.0,2.0,10924.118392777893,-1943.1755955613692,-0.0018370112764287683
A6_wide_e30_90deg,1.0,227.0,2.0,10820.377874942327,-1907.0480467685247,-0.0018288239518327032
A6_wide_e30_90deg,1.0,228.0,2.0,10715.988304935956,-1871.271241623834,-0.0018192862465404858
A6_wide_e30_90deg,1.0,229.0,2.0,10611.149146961583,-1835.848727575362,-0.0018083507145050248
A6_wide_e30_90deg,1.0,230.0,2.0,10506.053404649785,-1800.7825890744086,-0.001795971805496066
A6_wide_e30_90deg,1.0,231.0,2.0,10400.886575501507,-1766.0735234640822,-0.0017821059627998181
A6_wide_e30_90deg,1.0,232.0,2.0,10295.825783543029,-1731.720927163165,-0.0017667117262476495
A6_wide_e30_90deg,1.0,233.0,2.0,10191.039091824014,-1697.7229897280345,-0.0017497499280594297
A6_wide_e30_90deg,1.0,234.0,2.0,10086.684990755895,-1664.076793428156,-0.001731183743913789
A6_wide_e30_90deg,1.0,235.0,2.0,9982.912053613612,-1630.7784161035802,-0.0017109789092195626
A6_wide_e30_90deg,1.0,236.0,2.0,9879.858746887427,-1597.8230352663873,-0.0016891038319144513
A6_wide_e30_90deg,1.0,237.0,2.0,9777.653380572314,-1565.205031643585,-0.001665529724803605
A6_wide_e30_90deg,1.0,238.0,2.0,9676.414181856373,-1532.918090618422,-0.0016402308276042277
A6_wide_e30_90deg,1.0,239.0,2.0,9576.249474909515,-1500.9553002946286,-0.0016131845343991813
A6_wide_e30_90deg,1.0,240.0,2.0,9477.257949445373,-1469.3092451712635,-0.00158437155395319
A6_wide_e30_90deg,1.0,241.0,2.0,9379.529001287454,-1437.9720946640628,-0.0015537760940098622
A6_wide_e30_90deg,1.0,242.0,2.0,9283.143129171562,-1406.9356859361487,-0.0015213860722340655
A6_wide_e30_90deg,1.0,243.0,2.0,9188.172373325546,-1376.1916007016705,-0.001487193249882779
A6_wide_e30_90deg,1.0,244.0,2.0,9094.680782868689,-1345.731235838638,-0.0014511934258720771
A6_wide_e30_90deg,1.0,245.0,2.0,9002.724900663117,-1315.5458677914746,-0.0014133866281795804
A6_wide_e30_90deg,1.0,246.0,2.0,8912.354255854027,-1285.6267108606214,-0.001373777284374711
A6_wide_e30_90deg,1.0,247.0,2.0,8823.611855889909,-1255.9649695677747,-0.0013323744241233726
A6_wide_e30_90deg,1.0,248.0,2.0,8736.534671275122,-1226.5518853539904,-0.0012891917862134505
A6_wide_e30_90deg,1.0,249.0,2.0,8651.1541076495,-1197.3787779162155,-0.0012442480588070737
A6_wide_e30_90deg,1.0,250.0,2.0,8567.49646099273,-1168.437081519354,-0.0011975669842456682
A6_wide_e30_90deg,1.0,251.0,2.0,8485.583352810789,-1139.7183766382905,-0.0011491775215866085
A6_wide_e30_90deg,1.0,252.0,2.0,8405.432143078166,-1111.214417290142,-0.0010991139736127309
A6_wide_e30_90deg,1.0,253.0,2.0,8327.05631948713,-1082.917154413928,-0.0010474161213913646
A6_wide_e30_90deg,1.0,254.0,2.0,8250.465862206724,-1054.8187556448165,-0.0009941292793413936
A6_wide_e30_90deg,1.0,255.0,2.0,8175.667583885778,-1026.9116218151005,-0.0009393044435590525
A6_wide_e30_90deg,1.0,256.0,2.0,8102.665445064573,-999.1884004956271,-0.0008829982647284851
A6_wide_e30_90deg,1.0,257.0,2.0,8031.460845497733,-971.6419968705918,-0.0008252731520386192
A6_wide_e30_90deg,1.0,258.0,2.0,7962.052892148991,-944.2655822168606,-0.0007661972345474055
A6_wide_e30_90deg,1.0,259.0,2.0,7894.438644812155,-917.0526002366208,-0.0007058443634022638
A6_wide_e30_90deg,1.0,260.0,2.0,7828.613340446686,-889.9967714702904,-0.000644294026130865
A6_wide_e30_90deg,1.0,261.0,2.0,7764.570597407668,-863.0920959951828,-0.0005816312937945156
A6_wide_e30_90deg,1.0,262.0,2.0,7702.302600800134,-836.3328545952937,-0.0005179466766591645
A6_wide_e30_90deg,1.0,263.0,2.0,7641.800270209101,-809.7136085685404,-0.00045333594744789707
A6_wide_e30_90deg,1.0,264.0,2.0,7583.053411054911,-783.2291983201744,-0.00038789998058064157
A6_wide_e30_90deg,1.0,265.0,2.0,7526.0508508001085,-756.874740875086,-0.00032174451103372803
A6_wide_e30_90deg,1.0,266.0,2.0,7470.780561200698,-730.6456264269747,-0.00025497983013877956
A6_wide_e30_90deg,1.0,267.0,2.0,7417.22976774725,-704.5375140293539,-0.0001877205004774396
A6_wide_e30_90deg,1.0,268.0,2.0,7365.385047389611,-678.5463265215767,-0.00012008500371862851
A6_wide_e30_90deg,1.0,269.0,2.0,7315.23241558081,-652.6682447727277,-5.219534626732525e-05
A6_wide_e30_90deg,1.0,270.0,2.0,7266.757403615214,-626.8997013172437,1.5823356847022296e-05
A6_wide_e30_90deg,1.0,271.0,2.0,7219.945127175955,-601.23737344807,8.384334160282947e-05
A6_wide_e30_90deg,1.0,272.0,2.0,7174.780346943055,-575.678175826559,0.00015173469147811147
A6_wide_e30_90deg,1.0,273.0,2.0,7131.247522055994,-550.2192526623118,0.00021936582461634657
A6_wide_e30_90deg,1.0,274.0,2.0,7089.330857163195,-524.8579695113955,0.00028660405071434525
A6_wide_e30_90deg,1.0,275.0,2.0,7049.014343736919,-499.5919047370601,0.00035331616388134535
A6_wide_e30_90deg,1.0,276.0,2.0,7010.281796275947,-474.4188406738008,0.00041936895911476313
A6_wide_e30_90deg,1.0,277.0,2.0,6973.116883967961,-449.3367545326734,0.00048462986157460364
A6_wide_e30_90deg,1.0,278.0,2.0,6937.503158335867,-424.3438090834353,0.0005489675132253069
A6_wide_e30_90deg,1.0,279.0,2.0,6903.424077344733,-399.4383431472768,0.0006122523776852518
A6_wide_e30_90deg,1.0,280.0,2.0,6870.863026404821,-374.6188619323645,0.0006743573432999028
A6_wide_e30_90deg,1.0,281.0,2.0,6839.803336665314,-349.88402724317245,0.0007351582991255157
A6_wide_e30_90deg,1.0,282.0,2.0,6810.2283009561825,-325.232647593646,0.000794534710912842
A6_wide_e30_90deg,1.0,283.0,2.0,6782.121187700335,-300.66366825341805,0.0008523701802154449
A6_wide_e30_90deg,1.0,284.0,2.0,6755.465253086414,-276.17616125560795,0.0009085529857344454
A6_wide_e30_90deg,1.0,285.0,2.0,6730.243751762407,-251.76931539413783,0.0009629765682639402
A6_wide_e30_90deg,1.0,286.0,2.0,6706.439946281574,-227.44242623795552,0.0010155399992051173
A6_wide_e30_90deg,1.0,287.0,2.0,6684.037115507544,-203.1948861889532,0.0010661484672880306
A6_wide_e30_90deg,1.0,288.0,2.0,6663.018562161008,-179.0261746097741,0.0011147135703382105
A6_wide_e30_90deg,1.0,289.0,2.0,6643.367619667924,-154.93584804710147,0.0011611537518163573
A6_wide_e30_90deg,1.0,290.0,2.0,6625.06765845034,-130.9235305752212,0.0012053945468437632
A6_wide_e30_90deg,1.0,291.0,2.0,6608.102091780144,-106.9889042838601,0.001247368855317177
A6_wide_e30_90deg,1.0,292.0,2.0,6592.454381301234,-83.13169993340664,0.0012870171675061215
A6_wide_e30_90deg,1.0,293.0,2.0,6578.1080423084195,-59.35168779950084,0.0013242876049091024
A6_wide_e30_90deg,1.0,294.0,2.0,6565.046648856409,-35.64866872796601,0.0013591361431863902
A6_wide_e30_90deg,1.0,295.0,2.0,6553.253838761914,-12.022465419601502,0.0013915266290354111
A6_wide_e30_90deg,1.0,296.0,2.0,6542.713318546782,11.527086036832834,0.0014214306722770687
A6_wide_e30_90deg,1.0,297.0,2.0,6533.40886836125,35.00014436670451,0.0014488277626512058
A6_wide_e30_90deg,1.0,298.0,2.0,6525.324346915958,58.396871031479506,0.0014737049927049384
A6_wide_e30_90deg,1.0,299.0,2.0,6518.443696443324,81.71743785701402,0.0014960570258182315
A6_wide_e30_90deg,1.0,300.0,2.0,6512.750947700162,104.96203435638574,0.001515885895031488
A6_wide_e30_90deg,1.0,301.0,2.0,6508.230225017082,128.13087473721518,0.0015332007463619846
A6_wide_e30_90deg,1.0,302.0,2.0,6504.865751394411,151.22420458527498,0.001548017558583581
A6_wide_e30_90deg,1.0,303.0,2.0,6502.6418536378305,174.24230721805012,0.0015603589336166124
A6_wide_e30_90deg,1.0,304.0,2.0,6501.542967524098,197.1855097036923,0.001570253732818827
A6_wide_e30_90deg,1.0,305.0,2.0,6501.553642981397,220.05418854282067,0.0015777367106117879
A6_wide_e30_90deg,1.0,306.0,2.0,6502.658549267361,242.84877501219304,0.0015828481885193924
A6_wide_e30_90deg,1.0,307.0,2.0,6504.842480122852,265.56976017132473,0.00158563364083264
A6_wide_e30_90deg,1.0,308.0,2.0,6508.090358879582,288.217699534679,0.0015861433846353634
A6_wide_e30_90deg,1.0,309.0,2.0,6512.387243495873,310.79321741374247,0.0015844320770952436
A6_wide_e30_90deg,1.0,310.0,2.0,6517.718331495506,333.2970109349951,0.0015805584725470112
A6_wide_e30_90deg,1.0,311.0,2.0,6524.068964780055,355.7298537410953,0.0015745847870007879
A6_wide_e30_90deg,1.0,312.0,2.0,6531.424634289738,378.09259938416375,0.00156657654404313
A6_wide_e30_90deg,1.0,313.0,2.0,6539.770984481789,400.3861844212335,0.001556602034380461
A6_wide_e30_90deg,1.0,314.0,2.0,6549.093817598496,422.6116312231105,0.0015447319774430923
A6_wide_e30_90deg,1.0,315.0,2.0,6559.379097696962,444.7700505090486,0.001531039164781589
A6_wide_e30_90deg,1.0,316.0,2.0,6570.612954410154,466.8626436204364,0.0015155980186420948
A6_wide_e30_90deg,1.0,317.0,2.0,6582.781686413276,488.8907045475945,0.0014984843801357783
A6_wide_e30_90deg,1.0,318.0,2.0,6595.871764564821,510.85562172449886,0.0014797750083062056
A6_wide_e30_90deg,1.0,319.0,2.0,6609.8698346975025,532.7588796067264,0.001459547432247632
A6_wide_e30_90deg,1.0,320.0,2.0,6624.762720028839,554.6020600485116,0.0014378794843672438
A6_wide_e30_90deg,1.0,321.0,2.0,6640.537423167502,576.3868434949302,0.0014148491991328171
A6_wide_e30_90deg,1.0,322.0,2.0,6657.181127686339,598.1150100057779,0.00139053438541481
A6_wide_e30_90deg,1.0,323.0,2.0,6674.68119923755,619.7884401275262,0.0013650124843778144
A6_wide_e30_90deg,1.0,324.0,2.0,6693.025186182708,641.4091156299224,0.0013383602786021243
A6_wide_e30_90deg,1.0,325.0,2.0,6712.200819712336,662.9791201237616,0.0013106537801732543
A6_wide_e30_90deg,1.0,326.0,2.0,6732.196013428912,684.5006395760986,0.0012819679220399394
A6_wide_e30_90deg,1.0,327.0,2.0,6752.998862365307,705.9759627390694,0.0012523764993943587
A6_wide_e30_90deg,1.0,328.0,2.0,6774.597641413849,727.4074815080489,0.0012219519609502072
A6_wide_e30_90deg,1.0,329.0,2.0,6796.980803136353,748.7976912245932,0.001190765253067383
A6_wide_e30_90deg,1.0,330.0,2.0,6820.136974928059,770.1491909392146,0.001158885747809535
A6_wide_e30_90deg,1.0,331.0,2.0,6844.054955504594,791.4646836484258,0.0011263811670048085
A6_wide_e30_90deg,1.0,332.0,2.0,6868.72371068128,812.7469765200699,0.0010933173824057008
A6_wide_e30_90deg,1.0,333.0,2.0,6894.132368412106,833.9989811203403,0.0010597584445548591
A6_wide_e30_90deg,1.0,334.0,2.0,6920.270213053138,855.2237136552981,0.0010257665357116252
A6_wide_e30_90deg,1.0,335.0,2.0,6947.126678813518,876.4242952389747,0.000991401794436797
A6_wide_e30_90deg,1.0,336.0,2.0,6974.691342354036,897.6039521995851,0.0009567224035222921
A6_wide_e30_90deg,1.0,337.0,2.0,7002.95391449104,918.766016434593,0.0009217845446940487
A6_wide_e30_90deg,1.0,338.0,2.0,7031.904230959685,939.9139258246025,0.0008866422911424365
A6_wide_e30_90deg,1.0,339.0,2.0,7061.532242186493,961.0512247154261,0.0008513477127713998
A6_wide_e30_90deg,1.0,340.0,2.0,7091.828002018506,982.1815644767016,0.0008159508748661892
A6_wide_e30_90deg,1.0,341.0,2.0,7122.781655350964,1003.3087041448479,0.0007804996764448902
A6_wide_e30_90deg,1.0,342.0,2.0,7154.383424589773,1024.4365111570594,0.0007450400971720228
A6_wide_e30_90deg,1.0,343.0,2.0,7186.623594882918,1045.568962182367,0.0007096160388186945
A6_wide_e30_90deg,1.0,344.0,2.0,7219.492498046034,1066.7101440548379,0.0006742694647066116
A6_wide_e30_90deg,1.0,345.0,2.0,7252.980495103075,1087.8642548128942,0.0006390403486378204
A6_wide_e30_90deg,1.0,346.0,2.0,7287.077957357195,1109.0356048479775,0.0006039667352908396
A6_wide_e30_90deg,1.0,347.0,2.0,7321.775245897775,1130.2286181645788,0.0005690848023931494
A6_wide_e30_90deg,1.0,348.0,2.0,7357.062689446009,1151.447833752484,0.0005344288505071404
A6_wide_e30_90deg,1.0,349.0,2.0,7392.930560429592,1172.697907071127,0.0005000313829661707
A6_wide_e30_90deg,1.0,350.0,2.0,7429.3690491727675,1193.9836116444305,0.00046592313474036473
A6_wide_e30_90deg,1.0,351.0,2.0,7466.368236076991,1215.3098407632576,0.0004321330591139372
A6_wide_e30_90deg,1.0,352.0,2.0,7503.918061660295,1236.681609291101,0.00039868850620905505
A6_wide_e30_90deg,1.0,353.0,2.0,7542.008294313848,1258.104055567026,0.00036561512573030086
A6_wide_e30_90deg,1.0,354.0,2.0,7580.6284956240515,1279.5824433981,0.00033293696777292325
A6_wide_e30_90deg,1.0,355.0,2.0,7619.767983101229,1301.122164131601,0.00030067655876209187
A6_wide_e30_90deg,1.0,356.0,2.0,7659.415790144158,1322.7287387952717,0.0002688549036733434
A6_wide_e30_90deg,1.0,357.0,2.0,7699.560623061208,1344.4078202913374,0.0002374915020197932
A6_wide_e30_90deg,1.0,358.0,2.0,7740.190814959442,1366.165195627766,0.00020660448818432542
A6_wide_e30_90deg,1.0,359.0,2.0,7781.294276303861,1388.0067881671287,0.0001762105616975873
A6_wide_e30_90deg,1.0,360.0,2.0,7822.858441940351,1409.9386598703916,0.0001463250889344181
