a_sat_km,a_tgt_km,dv_coarse,dv_fine,dv_inplane,dv_plane,dv_radial,dv_tangential,dv_total,episode,episode_orbits,hohmann_dv,inplane_oop_frac,lambert_dv1,lambert_dv2,lambert_dv_boxcredited,lambert_dv_timematched,lambert_revs,lambert_tof_s,lambert_wait_s,lineage,n_burns,ratio_boxcredited,ratio_inplane,ratio_total,steps,success,teleport_abs_deg,terminal_cause,di_rel_deg,plane_opt_dv,plane_ratio
6921.18,7154.613,240.0,0.0,240.0,0.0,0.0,240.0,240.0,ep_0000001.npz,11.576230801683982,124.81926691019453,0.0,150.5931162875068,141.16201478123568,241.7551310687425,291.7551310687419,11,67083.00333189171,1187.2963483146068,T3-canonical,11,0.992740046256791,0.8226076405951962,0.8226076405951962,1162,1,0.0009006740889946817,1,0.0,0.0,nan
6946.687,7144.4385,195.0,0.0,195.0,0.0,0.0,195.0,195.0,ep_0000002.npz,4.931909123758993,105.56433731488323,0.0,133.9340190256798,118.8255763626411,202.7595953883209,252.7595953883246,4,29110.11431838736,529.8780942766854,T3-canonical,9,0.9617300706609723,0.7714840645333909,0.7714840645333909,494,1,0.00035191052920806494,1,0.0,0.0,nan
6710.264,7077.12,210.0,0.0,210.0,0.0,0.0,210.0,210.0,ep_0000003.npz,4.921434390895698,202.3820773135103,0.0,108.07405319667522,93.9441252267418,152.01817842341703,202.01817842341683,2,13781.312618160395,11669.391349192418,T3-canonical,9,1.3814137373432136,1.0395104125721488,1.0395104125721488,486,1,0.0003466352608826119,1,0.0,0.0,nan
7016.535,7080.4885,210.0,0.0,210.0,0.0,0.0,210.0,210.0,ep_0000004.npz,6.5673495750069195,34.11618173840725,0.0,98.17448777397973,131.2579149540986,179.43240272807833,229.43240272807833,5,33320.7628512607,4702.679237622893,T3-canonical,9,1.1703571752212754,0.9153022742340825,0.9153022742340825,649,1,0.0004729245737437508,1,0.0,0.0,nan
7146.8635,7011.001,230.0,0.0,230.0,0.0,0.0,230.0,230.0,ep_0000005.npz,6.4495567730553915,72.0115001647946,0.0,43.07448980063673,115.79218744062811,108.86667724126484,158.86667724126485,3,21785.40377844266,8044.044943820224,T3-canonical,11,2.112675851126471,1.4477548343930404,1.4477548343930404,628,1,0.0004994418350113992,1,0.0,0.0,nan
7012.485,6758.438,135.0,0.0,135.0,0.0,0.0,135.0,135.0,ep_0000006.npz,9.234222375849013,140.38115700652907,0.0,77.18284607022424,63.25671636265949,90.43956243288373,140.43956243288375,3,19813.77654663728,29251.117395979636,T3-canonical,6,1.4927095661280438,0.9612675919900895,0.9612675919900895,851,1,0.0006002465185655424,1,0.0,0.0,nan
6703.806,7039.665,195.0,0.0,195.0,0.0,0.0,195.0,195.0,ep_0000007.npz,6.369375757715102,186.16306487198926,0.0,117.761457336335,67.93161985203314,135.69307718836814,185.69307718836686,0,3274.335141941536,26383.84919241573,T3-canonical,9,1.4370666804858616,1.0501199234379224,1.0501199234379224,624,1,0.00046760081809117877,1,0.0,0.0,nan
7150.0355,6823.892,175.0,0.0,175.0,0.0,0.0,175.0,175.0,ep_0000008.npz,7.144445295951488,176.3208308426656,0.0,66.60997738558902,108.95077153990631,125.56074892549533,175.56074892549532,0,3522.8621750753673,30974.307408707864,T3-canonical,7,1.3937476599780454,0.9968059550387696,0.9968059550387696,668,1,0.0005032557707972391,1,0.0,0.0,nan
6810.1515,6892.916,120.0,0.0,120.0,0.0,0.0,120.0,120.0,ep_0000009.npz,3.0656938301215093,46.06883470919911,0.0,62.064088093365214,17.057123880324376,62.064088093365214,79.1212119736895,1,9119.356673498965,3860.373507724719,T3-canonical,6,1.9334852679939443,1.5166602862441503,1.5166602862441503,291,1,0.0002264831703798183,1,0.0,0.0,nan
6956.068,6804.855,95.0,0.0,95.0,0.0,0.0,95.0,95.0,ep_0000010.npz,2.491724035323807,83.64140793516253,0.0,35.25899588917394,49.09134306469907,35.25899588917394,84.350338953873,0,4361.755842013079,123.45110603932585,T3-canonical,5,2.694347856603857,1.1262551067157034,1.1262551067157034,232,1,0.00015726042660087395,1,0.0,0.0,nan
6971.556,7113.8215,50.0,0.0,50.0,0.0,0.0,50.0,50.0,ep_0000011.npz,1.7684732384126094,75.98841026474656,0.0,29.185579903254403,45.90677832761085,29.185579903254403,75.09235823086269,0,3870.528550369658,5505.39764747191,T3-canonical,2,1.7131747995325814,0.665846714339172,0.665846714339172,176,1,0.0001271419917095803,1,0.0,0.0,nan
6968.9755,6747.2325,225.0,0.0,225.0,0.0,0.0,225.0,225.0,ep_0000012.npz,10.92157995029321,123.2608848483469,0.0,8.14200761099603,129.71324996326388,87.85525757425991,137.85525757426137,8,49228.25223755123,10069.854722612361,T3-canonical,11,2.561030565641653,1.63214667296091,1.63214667296091,1004,1,0.0007221320487476122,1,0.0,0.0,nan
6963.9465,6722.683,235.0,0.0,235.0,0.0,0.0,235.0,235.0,ep_0000013.npz,9.537681271435618,134.54927357518955,0.0,20.96796033960742,151.96971443129124,122.93767477089865,172.937674768136,4,26256.84881509938,9993.707865168539,T3-canonical,10,1.9115376993906534,1.358871051753606,1.358871051753606,872,1,0.0006471163041710555,1,0.0,0.0,nan
7050.4825,7130.72,285.0,0.0,285.0,0.0,0.0,285.0,285.0,ep_0000014.npz,8.54061659281872,42.42256270861344,0.0,115.40988058546407,161.67920166865278,227.08908225411685,277.08908225370936,7,43807.60489230371,2795.5367801966295,T3-canonical,12,1.2550140991854455,1.0285500882313623,1.0285500882313623,853,1,0.0006090881647375367,1,0.0,0.0,nan
6957.7255,7165.348,120.0,0.0,120.0,0.0,0.0,120.0,120.0,ep_0000015.npz,3.0813854833117604,110.45863540648315,0.0,41.122447543397804,69.42265553032027,60.545103073718074,110.54510307371807,1,8869.526534406785,559.3612842345506,T3-canonical,6,1.981993487630061,1.0855297671573643,1.0855297671573643,310,1,0.00022583010723974004,1,0.0,0.0,nan
7043.9845,6922.784,125.0,0.0,125.0,0.0,0.0,125.0,125.0,ep_0000016.npz,1.884046438066809,65.56267420827953,0.0,93.72741228347635,30.692732035698306,93.72741228347635,124.42014431917465,1,9098.291406534725,1701.7056925912918,T3-canonical,5,1.3336546582758568,1.0046604646216921,1.0046604646216921,180,1,0.0001280690495849139,1,0.0,0.0,nan
7101.4405,6822.5565,145.0,0.0,145.0,0.0,0.0,145.0,145.0,ep_0000017.npz,10.024417579189528,151.5747810043822,0.0,67.56615340714502,83.59513158108501,101.16128498823004,151.16128498823002,0,3808.141034595453,44289.07297884481,T3-canonical,7,1.4333546674191666,0.9592403240769635,0.9592403240769635,937,1,0.0007259389138296174,1,0.0,0.0,nan
7116.674,6946.0285,185.0,0.0,185.0,0.0,0.0,185.0,185.0,ep_0000018.npz,7.498388275343879,91.36913739889224,0.0,19.47385917493117,116.41793379328448,85.89179296821564,135.89179296822869,2,15088.123004688656,20846.43170646067,T3-canonical,8,2.153872839381284,1.3613772837867608,1.3613772837867608,720,1,0.000554503080880371,1,0.0,0.0,nan
7114.815,6871.4675,235.0,0.0,235.0,0.0,0.0,235.0,235.0,ep_0000019.npz,10.594979048649257,131.37315808860876,0.0,27.121125150783975,102.93585537313537,80.05698052391935,130.0569805239187,9,54844.2903341095,3915.208699087078,T3-canonical,10,2.93540923554801,1.8069003220998299,1.8069003220998299,1001,1,0.0007241990439593306,1,0.0,0.0,nan
6975.449,7049.3435,175.0,0.0,175.0,0.0,0.0,175.0,175.0,ep_0000020.npz,4.644961327176206,39.72426359333531,0.0,61.37071957228929,99.74678786511421,111.1175074374035,161.11750743740328,1,8996.936470262828,6576.565133426966,T3-canonical,7,1.5749093372939795,1.086163774399193,1.086163774399193,456,1,0.00036306143219508725,1,0.0,0.0,nan
7131.975,6775.8395,210.0,0.0,210.0,0.0,0.0,210.0,210.0,ep_0000021.npz,4.366937432580237,193.9177853911915,0.0,41.86265818880936,149.06827049359225,140.9309286824016,190.9309286824016,2,16221.640205147014,522.9090589887641,T3-canonical,9,1.4900916495998597,1.099874187221486,1.099874187221486,404,1,0.00029917527753052135,1,0.0,0.0,nan
6945.483,7114.794,250.0,0.0,250.0,0.0,0.0,250.0,250.0,ep_0000022.npz,6.771060140347813,90.67798536076953,0.0,62.07878089810469,150.46923426879178,162.54801516689648,212.54801516690424,6,34720.04540313049,1071.1701193820222,T3-canonical,10,1.5380070912789185,1.1762048203728763,1.1762048203728763,674,1,0.0005144188793791292,1,0.0,0.0,nan
6993.9315,6676.7185,335.0,0.0,335.0,0.0,0.0,335.0,335.0,ep_0000023.npz,3.5583735907847136,177.23064890309706,0.0,215.87818204486015,71.5619227484946,237.44010479335475,287.44010479335475,2,15482.69454309482,760.1462649227528,T3-canonical,14,1.4108821266380087,1.1654601929707644,1.1654601929707644,322,1,0.00024725388587886523,1,0.0,0.0,nan
6841.5825,7153.2555,160.0,0.0,160.0,0.0,0.0,160.0,160.0,ep_0000024.npz,11.838620646064635,168.1171615631065,0.0,106.55116937170021,60.78297131575109,117.33414068745131,167.33414068744963,1,9178.725323900188,60588.89944698033,T3-canonical,7,1.3636269807114352,0.9561706854481746,0.9561706854481746,1188,1,0.0009176867786608567,1,0.0,0.0,nan
6985.7255,6759.5705,285.0,0.0,285.0,0.0,0.0,285.0,285.0,ep_0000025.npz,7.778229850881357,125.31499136158982,0.0,181.1499041706351,57.65917013480677,188.80907430544187,238.80907430544497,7,38791.97159118278,2109.7907522823034,T3-canonical,12,1.509461348975989,1.1934219871204528,1.1934219871204528,717,1,0.0005258705585422689,1,0.0,0.0,nan
6946.9455,6844.363,100.0,0.0,100.0,0.0,0.0,100.0,100.0,ep_0000026.npz,10.562151430980018,56.553301737306356,0.0,22.572646772937144,34.29070139532385,22.572646772937144,56.86334816828351,1,8921.02968484634,48375.02106741573,T3-canonical,4,4.430140647923142,1.7586020384177217,1.7586020384177217,992,1,0.0007446779535151282,1,0.0,0.0,nan
7118.6345,7067.719,100.0,0.0,100.0,0.0,0.0,100.0,100.0,ep_0000027.npz,2.384455493177226,26.90480385468254,0.0,70.7018237279875,46.3894580567295,70.7018237279875,117.09128178472473,0,4101.111346059802,5256.944017731742,T3-canonical,6,1.414390672364152,0.8540345487365363,0.8540345487365363,235,1,0.00016173039295886538,1,0.0,0.0,nan
7029.1475,7148.422,160.0,0.0,160.0,0.0,0.0,160.0,160.0,ep_0000028.npz,4.1197896997103784,63.087067463105996,0.0,27.66220797471625,92.64183332764453,70.30404130236079,120.30404130236096,0,2884.774182481332,11886.030876931178,T3-canonical,7,2.275829341187919,1.329963634370943,1.329963634370943,413,1,0.0002952013337891,1,0.0,0.0,nan
6782.2605,7128.397,360.0,0.0,360.0,0.0,0.0,360.0,360.0,ep_0000029.npz,10.638415993227055,188.41291295944666,0.0,41.43399901967446,226.6533193995933,218.08731841926777,268.0873184192675,4,25169.312691114217,26727.18256232444,T3-canonical,15,1.6507149641223449,1.342846062703303,1.342846062703303,1062,1,0.0007547473875060306,1,0.0,0.0,nan
6798.6695,6908.769,245.0,0.0,245.0,0.0,0.0,245.0,245.0,ep_0000030.npz,7.6536181397444825,61.25552699297623,0.0,45.604532744812715,98.98341651341231,94.58794925822502,144.58794925822576,6,36053.98096938447,4731.028901860955,T3-canonical,12,2.590181962092763,1.6944703985146377,1.6944703985146377,729,1,0.000547801231900754,1,0.0,0.0,nan
6864.304,7028.1785,255.0,0.0,255.0,0.0,0.0,255.0,255.0,ep_0000031.npz,7.909619451968111,89.36102472203947,0.0,34.53503100090128,124.5298201890549,109.06485118995619,159.0648511899543,7,44645.63446058591,1734.364466292135,T3-canonical,12,2.3380584782156015,1.603119721876711,1.603119721876711,773,1,0.0005886356868888083,1,0.0,0.0,nan
7116.9615,6949.93,270.0,0.0,270.0,0.0,0.0,270.0,270.0,ep_0000032.npz,7.8458675116373575,89.39392874246914,0.0,47.24408932017777,140.89695909460718,138.14104841478496,188.1410484147903,3,21479.43256598075,14741.123595505618,T3-canonical,12,1.9545240397285304,1.4350935230505206,1.4350935230505206,754,1,0.0005834188930866184,1,0.0,0.0,nan
6939.7195,7039.105,265.0,0.0,265.0,0.0,0.0,265.0,265.0,ep_0000033.npz,7.962669814745143,53.691948682293514,0.0,52.65151218926467,105.77142500006323,108.42293718932791,158.42293718932018,8,45260.246709588435,399.77396418539325,T3-canonical,12,2.444132273757328,1.6727375763985302,1.6727375763985302,780,1,0.0005938391582634374,1,0.0,0.0,nan
7100.373,6767.6565,250.0,0.0,250.0,0.0,0.0,250.0,250.0,ep_0000034.npz,7.233679640081623,181.94069879619565,0.0,224.35652686798227,418.54673503916933,592.9032619071515,642.9032619071534,6,36944.2302261572,2859.134699789326,T3-canonical,10,0.4216539460347073,0.38886099171185173,0.38886099171185173,668,1,0.0005008812630709213,1,0.0,0.0,nan
6993.417,6733.3595,300.0,0.0,300.0,0.0,0.0,300.0,300.0,ep_0000035.npz,10.78076329814332,144.39723926746046,0.0,271.76322721714035,190.7893108458619,412.55253806300226,462.5525380630022,8,52313.245099680214,6345.365387991573,T3-canonical,12,0.7271801099771347,0.6485749732479867,0.6485749732479867,988,1,0.0007389061120063675,1,0.0,0.0,nan
6993.5705,7112.7145,240.0,0.0,240.0,0.0,0.0,240.0,240.0,ep_0000036.npz,5.809182805230813,63.49634101357242,0.0,99.89483271520773,35.58264608349992,99.89483271520773,135.47747879869627,0,3806.2194946048335,25615.770716292136,T3-canonical,11,2.4025266720674234,1.7715121518950911,1.7715121518950911,578,1,0.00043611611189281344,1,0.0,0.0,nan
6933.41,6996.0985,260.0,0.0,260.0,0.0,0.0,260.0,260.0,ep_0000037.npz,3.95628547106515,34.04641381471811,0.0,114.84530075541544,100.58691174855484,165.43221250397028,215.4322125003285,3,21299.39896204999,424.6558988764045,T3-canonical,11,1.571640710504069,1.2068761536745742,1.2068761536745742,384,1,0.0002975512203072953,1,0.0,0.0,nan
6883.5365,6774.588,235.0,0.0,235.0,0.0,0.0,235.0,235.0,ep_0000038.npz,12.607079385366918,60.94371204076924,0.0,205.14482931448944,136.74291315466215,291.8877424691516,341.8877424691573,10,63685.595661660744,4654.992977528091,T3-canonical,10,0.8051040376415812,0.6873601209063529,0.6873601209063529,1166,1,0.0008671405190617261,1,0.0,0.0,nan
6882.348,6799.4905,200.0,0.0,200.0,0.0,0.0,200.0,200.0,ep_0000039.npz,7.6238079594473245,46.227988301100595,0.0,106.703423263228,62.096111264841284,118.79953452806929,168.7995345280693,6,37047.57551263114,3018.400083391854,T3-canonical,8,1.6835082796788663,1.1848373904534817,1.1848373904534817,709,1,0.0005532226127963852,1,0.0,0.0,nan
6875.069,6958.0895,75.0,0.0,75.0,0.0,0.0,75.0,75.0,ep_0000040.npz,4.747024290111559,45.560981025981164,0.0,36.80301014791897,69.60436084075035,56.407370988669314,106.4073709886693,3,21993.628551756698,2618.7640449438204,T3-canonical,3,1.3296134651456355,0.7048383895133197,0.7048383895133197,457,1,0.00034016182656710996,1,0.0,0.0,nan
6995.147,7108.504,325.0,0.0,325.0,0.0,0.0,325.0,325.0,ep_0000041.npz,11.548214440129176,60.42900197317795,0.0,76.76159033603034,141.47394484436032,168.23553518039066,218.23553518039492,10,59885.355711548465,3109.3346207865166,T3-canonical,13,1.9318154137383552,1.489216683851935,1.489216683851935,1148,1,0.0008338079583526395,1,0.0,0.0,nan
7152.8395,6946.4105,335.0,0.0,335.0,0.0,0.0,335.0,335.0,ep_0000042.npz,8.487058816441172,110.10207212196565,0.0,195.64496815184043,84.46786324567617,230.1128313975166,280.11283139751646,8,45852.80353596729,1770.6504564606744,T3-canonical,14,1.4558075617317154,1.195946641675231,1.195946641675231,815,1,0.0006379875350281916,1,0.0,0.0,nan
6940.08,7094.923,360.0,0.0,360.0,0.0,0.0,360.0,360.0,ep_0000043.npz,5.326631618304254,83.15273194728161,0.0,183.5455774423851,109.14728723115498,242.6928646735401,292.692864673543,4,26613.190629987257,5066.797752808989,T3-canonical,15,1.4833563421168412,1.2299582376274478,1.2299582376274478,528,1,0.0004087867025264737,1,0.0,0.0,nan
6931.2085,6999.188,185.0,0.0,185.0,0.0,0.0,185.0,185.0,ep_0000044.npz,4.962674829257056,36.91649946496818,0.0,52.194161807289,86.75786971192343,88.95203151921243,138.95203151920964,1,8405.609555295094,16390.78190835674,T3-canonical,8,2.0797726239680374,1.3313947120983574,1.3313947120983574,482,1,0.0003683444068518669,1,0.0,0.0,nan
7108.148,6813.712,345.0,0.0,345.0,0.0,0.0,345.0,345.0,ep_0000045.npz,12.370020496356137,160.06698452175533,0.0,9.35770727467802,155.98365749366906,115.34136476834708,165.34136476834942,7,46236.986222766995,13954.592038272473,T3-canonical,15,2.991121187900819,2.0865921875228275,2.0865921875228275,1154,1,0.0008696631955232124,1,0.0,0.0,nan
7053.6745,6778.7985,330.0,0.0,330.0,0.0,0.0,330.0,330.0,ep_0000046.npz,3.5215088399771606,150.88125424433565,0.0,236.59386255285185,88.84303740683843,275.43689995969027,325.43689995968884,0,3593.027288989969,7939.918583216293,T3-canonical,15,1.1980965515088753,1.0140214586633427,1.0140214586633427,326,1,0.0002517192441474564,1,0.0,0.0,nan
7135.9435,6978.631,270.0,0.0,270.0,0.0,0.0,270.0,270.0,ep_0000047.npz,5.67750154894784,83.76559250630908,0.0,132.54323507142624,46.70838181553976,132.54323507142624,179.2516168869703,4,26257.846463535105,2406.091774929775,T3-canonical,12,2.0370711477994305,1.5062625637025768,1.5062625637025768,549,1,0.0004125193324953249,1,0.0,0.0,nan
6983.7555,7153.516,260.0,0.0,260.0,0.0,0.0,260.0,260.0,ep_0000048.npz,10.841511528525487,90.17696582234203,0.0,174.31129818526853,123.31088190507641,247.62218009034495,297.62218009034495,10,61993.98715810608,2200.449438202247,T3-canonical,11,1.0499867172849338,0.8735908053663053,0.8735908053663053,1088,1,0.000849383848522348,1,0.0,0.0,nan
6936.947,6747.852,185.0,0.0,185.0,0.0,0.0,185.0,185.0,ep_0000049.npz,6.275780711093045,105.47205196778305,0.0,150.30171586006765,53.97129560823854,154.27301146830618,204.27301146830885,5,32405.940635725492,0.0,T3-canonical,8,1.1991728056595716,0.9056507204266733,0.9056507204266733,577,1,0.0004603692312922574,1,0.0,0.0,nan
6847.413,7143.429,185.0,0.0,185.0,0.0,0.0,185.0,185.0,ep_0000050.npz,8.04850490153397,159.73725419339917,0.0,93.14052873482501,66.36023541062934,109.50076414545435,159.50076414545435,2,14168.4655832284,28970.312280547754,T3-canonical,10,1.6894859268219984,1.1598690513563432,1.1598690513563432,806,1,0.000602711227382404,1,0.0,0.0,nan
6856.246,7098.294,245.0,0.0,245.0,0.0,0.0,245.0,245.0,ep_0000051.npz,9.335128098871722,131.1176338191235,0.0,60.51753850162848,153.00418927922587,163.52172778085435,213.5217277808593,9,51352.84365645667,2295.440769838483,T3-canonical,11,1.4982718402311634,1.1474242108580508,1.1474242108580508,926,1,0.00073382035904172,1,0.0,0.0,nan
7163.1015,6918.2815,205.0,0.0,205.0,0.0,0.0,205.0,205.0,ep_0000052.npz,5.856723673254963,130.8314181369651,0.0,19.525703181780983,144.23569865169148,113.76140183347246,163.76140183025993,3,21846.338822614554,0.0,T3-canonical,10,1.8020171753868284,1.2518212332627943,1.2518212332627943,559,1,0.0004365716121817422,1,0.0,0.0,nan
6970.839,7060.896,360.0,0.0,360.0,0.0,0.0,360.0,360.0,ep_0000053.npz,6.706477674897464,48.3772312237852,0.0,131.95793442401157,87.24683311531882,169.2047675393304,219.2047675393304,5,33938.39821807765,1016.4402650983146,T3-canonical,17,2.127599625207491,1.6423000468518902,1.6423000468518902,660,1,0.00048197071566365596,1,0.0,0.0,nan
6747.2535,7108.5095,195.0,0.0,195.0,0.0,0.0,195.0,195.0,ep_0000054.npz,6.126179818671252,197.81719182005054,0.0,135.6376511896801,61.18205597228835,146.81970716196844,196.81970716196844,2,14124.420942998717,22335.82475640801,T3-canonical,9,1.3281595759136071,0.9907544463498721,0.9907544463498721,609,1,0.00046214736588158376,1,0.0,0.0,nan
7153.8565,7036.2385,215.0,0.0,215.0,0.0,0.0,215.0,215.0,ep_0000055.npz,11.573357055347715,62.12850609200814,0.0,148.86328991623628,112.88538080558081,211.7486707218171,261.74867072181564,10,62374.59270850492,865.4515778616573,T3-canonical,10,1.015354662048643,0.821398631775671,0.821398631775671,1133,1,0.0008500614677073444,1,0.0,0.0,nan
6911.5975,6796.1085,315.0,0.0,315.0,0.0,0.0,315.0,315.0,ep_0000056.npz,7.317432533412303,64.25233210157694,0.0,92.45293725341955,154.0369029751949,196.48984022861444,246.4898402302725,4,26133.041125775726,7071.482180477527,T3-canonical,14,1.603136323147802,1.2779431383692117,1.2779431383692117,680,1,0.0005183510885690202,1,0.0,0.0,nan
6840.427,6732.4095,235.0,0.0,235.0,0.0,0.0,235.0,235.0,ep_0000057.npz,6.548408055152983,60.993337203944975,0.0,33.885586220630806,92.85108919435214,76.73667541498295,126.73667541498295,5,32420.586875966794,404.4943820224719,T3-canonical,10,3.0624209184089293,1.8542383191804797,1.8542383191804797,600,1,0.00040164861619830066,1,0.0,0.0,nan
6808.811,6862.454,290.0,0.0,290.0,0.0,0.0,290.0,290.0,ep_0000058.npz,4.051207269533545,29.963076188160812,0.0,127.09373054696808,96.57932731448814,173.67305786145621,223.67305785953528,0,2807.4082721029645,9346.144553195227,T3-canonical,14,1.6698041916860875,1.296535232160672,1.296535232160672,382,1,0.00027512922875428053,1,0.0,0.0,nan
7016.0915,7123.641,215.0,0.0,215.0,0.0,0.0,215.0,215.0,ep_0000059.npz,11.461288987137094,57.11364972106912,0.0,66.15962732689626,123.8081265202406,139.96775384713686,189.96775384713297,10,57495.019125835846,6560.498430916432,T3-canonical,10,1.5360680877597577,1.1317710276924708,1.1317710276924708,1143,1,0.0008868638262774035,1,0.0,0.0,nan
7146.535,6985.158,210.0,0.0,210.0,0.0,0.0,210.0,210.0,ep_0000060.npz,6.454400886438589,85.77396204847355,0.0,67.3879600170969,151.6488431739144,169.0368031910113,219.0368031910116,5,31802.82232191695,547.0533049508426,T3-canonical,9,1.242333006988427,0.9587429917741677,0.9587429917741677,625,1,0.0004537455128165016,1,0.0,0.0,nan
7095.904,7028.857,230.0,0.0,230.0,0.0,0.0,230.0,230.0,ep_0000061.npz,11.161895667352018,35.66114173200913,0.0,94.71486977303996,126.91026513919519,171.62513491223515,221.6251349122357,9,60210.36510397521,710.904966204354,T3-canonical,11,1.3401300463222727,1.037788426349208,1.037788426349208,1091,1,0.000770287387813269,1,0.0,0.0,nan
7003.3415,6832.544,100.0,0.0,100.0,0.0,0.0,100.0,100.0,ep_0000062.npz,3.8002888912192487,93.70867043430007,0.0,50.167409412318605,42.00973716425592,50.167409412318605,92.17714657657453,3,17916.241707868645,3083.90625,T3-canonical,4,1.9933259694180063,1.0848676023717743,1.0848676023717743,356,1,0.00027130550617268597,1,0.0,0.0,nan
6739.4525,7152.4465,220.0,0.0,220.0,0.0,0.0,220.0,220.0,ep_0000063.npz,10.714374128636821,225.28340694631697,0.0,130.6900001876583,94.1648684612871,174.8548686489454,224.85486864894733,1,8718.383577039924,45932.43476781952,T3-canonical,10,1.2581862987280732,0.9784088791222619,0.9784088791222619,1075,1,0.0008145545448861576,1,0.0,0.0,nan
7101.356,7164.61,215.0,0.0,215.0,0.0,0.0,215.0,215.0,ep_0000064.npz,8.539739075299956,33.14540307675543,0.0,102.22100566317843,69.26364309923302,121.48464876241145,171.48464876208442,7,49415.10048446033,1050.6104612886236,T3-canonical,10,1.7697709314736325,1.2537565406119133,1.2537565406119133,859,1,0.0006285626682797025,1,0.0,0.0,nan
6693.3965,7088.948,325.0,0.0,325.0,0.0,0.0,325.0,325.0,ep_0000065.npz,6.010139461271314,218.34159080977315,0.0,267.136669533388,181.0405585060322,398.1772280394202,448.17722803942036,4,29479.840957935063,4772.646100333568,T3-canonical,13,0.8162194548399048,0.7251595566819249,0.7251595566819249,595,1,0.0004634319820704296,1,0.0,0.0,nan
6984.0765,7045.908,170.0,0.0,170.0,0.0,0.0,170.0,170.0,ep_0000066.npz,8.481216388527299,33.22087326625933,0.0,59.79700162684645,92.99698463904706,102.79398626589351,152.79398626673537,8,45397.188054132115,2.191011235955056,T3-canonical,8,1.653793243899182,1.1126092338688498,1.1126092338688498,832,1,0.0006178954113277627,1,0.0,0.0,nan
7055.47,6958.609,325.0,0.0,325.0,0.0,0.0,325.0,325.0,ep_0000067.npz,5.026920070529548,52.13072589899821,0.0,154.63850581392848,99.21631849541743,203.8548243093459,253.8548243093524,1,8413.700844856181,10209.61398349719,T3-canonical,15,1.5942718113299028,1.280259301292414,1.280259301292414,484,1,0.0003592075875724376,1,0.0,0.0,nan
6978.289,6773.913,135.0,0.0,135.0,0.0,0.0,135.0,135.0,ep_0000068.npz,7.59133156137446,113.15959632781869,0.0,118.71369635143078,121.06052833839857,189.77422468982934,239.77422468982678,6,39367.99035657359,1419.7752808988764,T3-canonical,6,0.7113716323733985,0.5630296591497136,0.5630296591497136,702,1,0.0005227851621129869,1,0.0,0.0,nan
7026.828,6747.487,195.0,0.0,195.0,0.0,0.0,195.0,195.0,ep_0000069.npz,14.151565365657598,154.30519482391173,0.0,59.8282025380299,94.07671268855357,103.90491522658347,153.90491522658346,6,36688.07264838869,40210.07335191363,T3-canonical,9,1.876715837501693,1.2670160645156467,1.2670160645156467,1301,1,0.0009829281190508743,1,0.0,0.0,nan
6821.4265,6888.095,270.0,0.0,270.0,0.0,0.0,270.0,270.0,ep_0000070.npz,5.958542280523464,37.083009763567134,0.0,76.01513581312945,113.5952214936093,139.61035730673876,189.61035730674155,1,8742.373205666301,6105.3551834620785,T3-canonical,12,1.933953935858651,1.4239728453399219,1.4239728453399219,565,1,0.0004256758001887259,1,0.0,0.0,nan
6878.8895,7167.814,255.0,0.0,255.0,0.0,0.0,255.0,255.0,ep_0000071.npz,7.659749328359496,154.97996204264837,0.0,27.973258870816675,179.49797813331838,157.47123700413505,207.4712370041321,7,41247.919397942154,678.0174135358146,T3-canonical,12,1.61934334708569,1.2290860346821053,1.2290860346821053,771,1,0.0006033875171718769,1,0.0,0.0,nan
6937.6855,6855.015,300.0,0.0,300.0,0.0,0.0,300.0,300.0,ep_0000072.npz,11.058045822401354,45.568668844565764,0.0,83.77003429108451,129.10319211386576,162.8732264049503,212.87322640495017,9,57311.20927749593,2017.6685393258426,T3-canonical,14,1.8419233573362919,1.4092894868296306,1.4092894868296306,1041,1,0.0007798247684138368,1,0.0,0.0,nan
6923.2495,6727.9535,210.0,0.0,210.0,0.0,0.0,210.0,210.0,ep_0000073.npz,8.040695438616263,109.33373437257887,0.0,10.699858550124551,119.86720525996186,80.56706381008641,130.56706381008556,3,20476.06577529583,17366.29213483146,T3-canonical,9,2.6065241808366553,1.6083688632644177,1.6083688632644177,736,1,0.0005726540157006181,1,0.0,0.0,nan
7132.598,6748.6485,215.0,0.0,215.0,0.0,0.0,215.0,215.0,ep_0000074.npz,6.20942184298563,209.67175818633677,0.0,68.27612498261979,139.48016049788185,157.75628548050165,207.75628548050165,0,4096.684445745568,13519.554018170646,T3-canonical,10,1.3628617037041835,1.0348664036938522,1.0348664036938522,571,1,0.0004260905790981793,1,0.0,0.0,nan
6782.5655,7126.858,225.0,0.0,225.0,0.0,0.0,225.0,225.0,ep_0000075.npz,9.048588984056265,187.43365112367883,0.0,68.51172643603567,119.1266892314215,137.63841566745717,187.63841566745714,1,9234.867331046706,42083.48983936095,T3-canonical,9,1.634718032090792,1.1991147932028858,1.1991147932028858,903,1,0.0007067493710663599,1,0.0,0.0,nan
7102.6305,6923.737,235.0,0.0,235.0,0.0,0.0,235.0,235.0,ep_0000076.npz,9.88920168784522,96.15837612050473,0.0,60.45722284885152,154.89276241398278,165.3499852628343,215.3499852628343,8,52470.53477899507,890.7591401860956,T3-canonical,10,1.4212278254905955,1.0912468822005392,1.0912468822005392,945,1,0.0007056400371034536,1,0.0,0.0,nan
6938.9215,7129.553,345.0,0.0,345.0,0.0,0.0,345.0,345.0,ep_0000077.npz,13.850613077171115,102.0088718884681,0.0,109.35642621647239,112.38616772439225,171.74259394086465,221.74259394086636,13,78854.05896810931,1165.4494382022472,T3-canonical,15,2.0088202471123284,1.5558580508533402,1.5558580508533402,1383,1,0.0010493179427495947,1,0.0,0.0,nan
6692.9205,7084.8185,245.0,0.0,245.0,0.0,0.0,245.0,245.0,ep_0000078.npz,9.94814885354797,216.43217447706684,0.0,102.80667821091286,113.66727574233687,166.47395395324975,216.47395395324975,2,14148.253577157646,37301.8122366573,T3-canonical,11,1.4717016937604692,1.131775881235628,1.131775881235628,984,1,0.0007262686873517655,1,0.0,0.0,nan
6712.894,6780.8055,195.0,0.0,195.0,0.0,0.0,195.0,195.0,ep_0000079.npz,14.738422100532555,38.68430354992415,0.0,47.109881216406734,86.33758605222192,83.44746726862866,133.44746726862866,13,74520.09489701803,5908.894125263342,T3-canonical,9,2.336799502521373,1.4612491641183913,1.4612491641183913,1365,1,0.00105085804170045,1,0.0,0.0,nan
6781.6435,6977.49,195.0,0.0,195.0,0.0,0.0,195.0,195.0,ep_0000080.npz,5.7099264422246785,108.35428064107782,0.0,137.4404102299469,29.008050576818743,137.4404102299469,166.44846080676686,4,28582.6907307444,55.87473665730337,T3-canonical,9,1.418796696501066,1.171533813258743,1.171533813258743,552,1,0.0004122376392401854,1,0.0,0.0,nan
7020.833,6816.7535,210.0,0.0,210.0,0.0,0.0,210.0,210.0,ep_0000081.npz,10.690657754501684,111.9510501308423,0.0,179.8390544713043,148.12642930875847,277.96548378006275,327.96548378006526,8,52424.57980691545,4036.8539325842694,T3-canonical,9,0.7554894843208673,0.6403112839179952,0.6403112839179952,998,1,0.0007385153018078825,1,0.0,0.0,nan
6918.8745,6695.4615,345.0,0.0,345.0,0.0,0.0,345.0,345.0,ep_0000082.npz,10.927447853982542,125.58607628749905,0.0,194.53591329662453,70.55994772739795,215.0958610240225,265.09586102402375,10,53882.626005061495,3435.7738983497197,T3-canonical,15,1.6039360234898683,1.3014160185953831,1.3014160185953831,993,1,0.0007742079444685847,1,0.0,0.0,nan
7101.9885,6793.187,275.0,0.0,275.0,0.0,0.0,275.0,275.0,ep_0000083.npz,9.012709502822217,168.3633999779504,0.0,20.74657240579612,185.58186331090369,156.3284357166998,206.3284357173081,7,45579.26239559721,3363.576193820225,T3-canonical,11,1.7591169433714426,1.3328264669091914,1.3328264669091914,837,1,0.000582293465415246,1,0.0,0.0,nan
6885.5455,7035.0055,370.0,0.0,370.0,0.0,0.0,370.0,370.0,ep_0000084.npz,8.419199868643625,81.25367260574058,0.0,173.2856099321093,91.47913910099335,214.76474903310265,264.76474903310265,6,39749.327703793184,2514.1511587078658,T3-canonical,16,1.722815320790705,1.3974670017485604,1.3974670017485604,824,1,0.0005942359882087124,1,0.0,0.0,nan
7027.6295,6865.7635,245.0,0.0,245.0,0.0,0.0,245.0,245.0,ep_0000085.npz,4.143656708318368,88.25699711802827,0.0,151.7029080362861,43.78791275160769,151.7029080362861,195.49082078789377,0,2486.1727574832726,6812.231993943118,T3-canonical,11,1.6149987048461723,1.253255774427503,1.253255774427503,391,1,0.0002945603996561328,1,0.0,0.0,nan
7152.3905,6900.6125,325.0,0.0,325.0,0.0,0.0,325.0,325.0,ep_0000086.npz,7.583052692980668,134.9584998963337,0.0,171.40992428026124,40.3691639975222,171.40992428026124,211.77908827778222,6,36570.14187923201,2937.2902036516853,T3-canonical,13,1.8960395750984267,1.5346179957754393,1.5346179957754393,721,1,0.0005622275267635097,1,0.0,0.0,nan
7064.0515,6691.386,200.0,0.0,200.0,0.0,0.0,200.0,200.0,ep_0000087.npz,3.3484184670004984,206.3056132826432,0.0,65.37447800896476,138.27522987474052,153.64970788370528,203.64970788370755,1,7919.995868657848,499.90080758426967,T3-canonical,8,1.3016620907042429,0.9820785017487397,0.9820785017487397,304,1,0.00020082020062905692,1,0.0,0.0,nan
6888.6685,7027.505,270.0,0.0,270.0,0.0,0.0,270.0,270.0,ep_0000088.npz,8.371279235274164,75.51339589795316,0.0,163.38443645873818,116.09530691537891,229.4797433741171,279.4797433741171,7,42923.236986024014,4754.328805301966,T3-canonical,12,1.1765744375956677,0.9660807496827155,0.9660807496827155,818,1,0.0005973255821559518,1,0.0,0.0,nan
6687.578,6793.874,235.0,0.0,235.0,0.0,0.0,235.0,235.0,ep_0000089.npz,8.02084844638533,60.632563170473986,0.0,132.52364974567428,71.94068546693485,154.46433521260911,204.4643352126106,7,40626.039560314726,3439.8292112886234,T3-canonical,10,1.5213867957062017,1.1493446999235204,1.1493446999235204,745,1,0.0006016465741061072,1,0.0,0.0,nan
7079.5975,6970.584,285.0,0.0,285.0,0.0,0.0,285.0,285.0,ep_0000090.npz,5.272957908581221,58.44549912193543,0.0,140.12746629869665,84.8261779287043,174.95364422740096,224.95364422740096,5,29125.005506724996,1360.604316625702,T3-canonical,12,1.6290029353693438,1.2669276862743306,1.2669276862743306,509,1,0.0003935994051997485,1,0.0,0.0,nan
6841.882,6688.5615,195.0,0.0,195.0,0.0,0.0,195.0,195.0,ep_0000091.npz,10.756995836779124,86.98351982290478,0.0,116.3655279034905,102.54227760299659,168.90780550648708,218.90780550648708,9,55544.97692263329,1891.6853932584272,T3-canonical,9,1.154475954591162,0.8907859614636784,0.8907859614636784,976,1,0.0007434085990525326,1,0.0,0.0,nan
7019.362,7090.334,245.0,0.0,245.0,0.0,0.0,245.0,245.0,ep_0000092.npz,9.75477722750703,37.80929373819254,0.0,76.99988443474021,133.23345685145412,160.23334128619433,210.2333412861905,9,55357.913453689485,2602.081943469101,T3-canonical,11,1.529020103015908,1.1653717650164808,1.1653717650164808,966,1,0.0006869812929635422,1,0.0,0.0,nan
6672.579,7053.602,230.0,0.0,230.0,0.0,0.0,230.0,230.0,ep_0000093.npz,8.599645571258204,211.6099267273039,0.0,114.13117508139943,94.65175186717785,158.78292694857728,208.7829269485797,0,4040.1987624144726,35937.580374385536,T3-canonical,11,1.4485184548492847,1.1016226439657384,1.1016226439657384,845,1,0.0006318362188178307,1,0.0,0.0,nan
6853.5295,6942.8205,420.0,0.0,420.0,0.0,0.0,420.0,420.0,ep_0000094.npz,7.003346871871964,49.19852576299763,0.0,184.0689738586972,137.02422868314224,271.09320254183945,321.09320254184337,3,21592.395384948206,4943.774578651685,T3-canonical,18,1.5492826675917073,1.3080314272466342,1.3080314272466342,672,1,0.0004784820832957484,1,0.0,0.0,nan
6762.7335,6938.0425,125.0,0.0,125.0,0.0,0.0,125.0,125.0,ep_0000095.npz,6.23858390009738,97.61060755881044,0.0,124.56013884660382,102.03800853665592,176.59814738325974,226.598147383259,5,31779.370076989806,4015.712780898876,T3-canonical,5,0.7078216949168806,0.5516373432152559,0.5516373432152559,598,1,0.0004633453452875728,1,0.0,0.0,nan
7052.3935,6751.184,325.0,0.0,325.0,0.0,0.0,325.0,325.0,ep_0000096.npz,9.49908525668287,165.8603701506745,0.0,144.12699826338545,222.12750509393356,316.254503357319,366.254503357319,6,41479.23573439781,8248.988764044945,T3-canonical,13,1.0276533505447034,0.8873611027873943,0.8873611027873943,874,1,0.00062181957211131,1,0.0,0.0,nan
6912.4785,6696.883,180.0,0.0,180.0,0.0,0.0,180.0,180.0,ep_0000097.npz,6.28155708467092,121.25728185773823,0.0,33.40756526130019,87.08544130096067,70.49300656226086,120.49300656226086,4,26335.15500961707,4355.61677054073,T3-canonical,9,2.5534447852074567,1.4938626326581936,1.4938626326581936,571,1,0.0004276820364501423,1,0.0,0.0,nan
7088.515,6844.381,135.0,0.0,135.0,0.0,0.0,135.0,135.0,ep_0000098.npz,4.642217598322815,132.55620724168512,0.0,45.51068259598636,86.62901597668908,82.13969857267543,132.13969857267543,3,20864.022702967442,2289.459269662921,T3-canonical,6,1.6435414585866166,1.0216460417135842,1.0216460417135842,436,1,0.0003281669982033517,1,0.0,0.0,nan
6840.203,6965.8715,160.0,0.0,160.0,0.0,0.0,160.0,160.0,ep_0000099.npz,5.941987088256704,69.17011413300133,0.0,11.766198844495229,78.78597633903827,40.5521751835335,90.55217518353476,4,26100.54950857617,3714.4780328300562,T3-canonical,7,3.945534346206147,1.7669371241022718,1.7669371241022718,573,1,0.0004371832733545321,1,0.0,0.0,nan
6780.3775,6976.5285,170.0,0.0,170.0,0.0,0.0,170.0,170.0,ep_0000100.npz,11.02905787024084,108.54913590049091,0.0,86.4451228243348,97.20688645487313,133.65200927920793,183.65200927920796,0,2694.9435391014167,61265.056179775274,T3-canonical,8,1.2719599272530104,0.9256637085932848,0.9256637085932848,1066,1,0.000797923736176588,1,0.0,0.0,nan
6718.26,6966.148,335.0,0.0,335.0,0.0,0.0,335.0,335.0,ep_0000101.npz,8.253996721245754,138.2782318838963,0.0,207.9022937872304,303.5839889244244,461.4862827116548,511.4862827116548,6,40680.727707220016,3287.2469715589887,T3-canonical,14,0.7259154010636416,0.6549540257932056,0.6549540257932056,796,1,0.0006102903308730417,1,0.0,0.0,nan
7170.9965,7115.1665,330.0,0.0,330.0,0.0,0.0,330.0,330.0,ep_0000102.npz,8.578681410232036,29.193125841507026,0.0,129.5580831655063,104.72224193425902,184.28032509976532,234.28032509976532,6,37761.63725568464,476.60098643785113,T3-canonical,14,1.7907500424765652,1.408568986147145,1.408568986147145,854,1,0.000669804173480223,1,0.0,0.0,nan
7150.11,7070.441,375.0,0.0,375.0,0.0,0.0,375.0,375.0,ep_0000103.npz,8.497957105583083,41.94727247394894,0.0,144.5107328809873,185.15612704872723,279.6668599297145,329.66685992970827,3,21632.234097688466,10778.758448911518,T3-canonical,17,1.3408810757708098,1.1375119721768747,1.1375119721768747,838,1,0.0006179565215639681,1,0.0,0.0,nan
6789.8205,6691.294,70.0,0.0,70.0,0.0,0.0,70.0,70.0,ep_0000104.npz,2.8968822990663514,56.20266953992905,0.0,47.366028954842875,8.54488268635204,47.366028954842875,55.91091164119471,0,2479.4128698535224,4327.180532391152,T3-canonical,4,1.4778524090912406,1.251991748036971,1.251991748036971,263,1,0.00021268938621812257,1,0.0,0.0,nan
6937.0465,7116.403,380.0,0.0,380.0,0.0,0.0,380.0,380.0,ep_0000105.npz,3.8061743546003712,96.12871322759474,0.0,202.3545517761045,105.33427893459013,257.6888307106946,307.6888307106946,0,4290.242539760636,11174.31613193469,T3-canonical,17,1.4746467627330857,1.2350139558926536,1.2350139558926536,379,1,0.00027652741405235934,1,0.0,0.0,nan
7110.2915,6844.923,135.0,0.0,135.0,0.0,0.0,135.0,135.0,ep_0000106.npz,11.742563889454594,143.74322405503335,0.0,84.81087423736419,59.17888296295825,93.98975720032243,143.98975720032243,1,9038.414954137126,55339.227144048455,T3-canonical,6,1.4363267234776609,0.937566689637405,0.937566689637405,1103,1,0.0008037082058359893,1,0.0,0.0,nan
7088.921,7170.3445,360.0,0.0,360.0,0.0,0.0,360.0,360.0,ep_0000107.npz,4.488163524181364,42.696593786222365,0.0,131.1021265329617,171.29139120248885,252.39351773545056,302.3935177354472,1,8518.819905904815,9469.949525983146,T3-canonical,15,1.426344080585059,1.1905017101423139,1.1905017101423139,452,1,0.0003346305488052366,1,0.0,0.0,nan
7045.0975,7126.586,300.0,0.0,300.0,0.0,0.0,300.0,300.0,ep_0000108.npz,9.580228477729266,43.127414941256575,0.0,153.38826149281005,108.29557338127775,211.68383487408778,261.6838348740878,8,55552.61486084221,472.671172752809,T3-canonical,12,1.4172078854223507,1.1464215974377954,1.1464215974377954,956,1,0.0007212826197644999,1,0.0,0.0,nan
6871.86,7028.2535,235.0,0.0,235.0,0.0,0.0,235.0,235.0,ep_0000109.npz,8.175530119930414,85.21100409544579,0.0,28.02322698513628,111.14022186247962,89.1634488476159,139.16344884761313,7,43947.50313813722,1327.0347063728932,T3-canonical,10,2.6356091317376578,1.6886617998187865,1.6886617998187865,799,1,0.0005778427972636176,1,0.0,0.0,nan
7008.257,6945.315,200.0,0.0,200.0,0.0,0.0,200.0,200.0,ep_0000110.npz,8.030761466318577,34.095702396009074,0.0,115.635131490922,81.77941016627544,147.41454165719745,197.4145416571965,6,38811.171358471925,4238.528846997894,T3-canonical,8,1.356718256907697,1.0130965952208983,1.0130965952208983,771,1,0.0005802909671961357,1,0.0,0.0,nan
6976.408,7166.702,145.0,0.0,145.0,0.0,0.0,145.0,145.0,ep_0000111.npz,6.42932723942503,101.02319231537786,0.0,67.44871646999356,32.71843113707954,67.44871646999356,100.16714760707227,0,3667.433357797304,35015.14077861657,T3-canonical,7,2.149781457509385,1.4475804039942766,1.4475804039942766,647,1,0.00047847657793370586,1,0.0,0.0,nan
6905.8335,7013.8305,310.0,0.0,310.0,0.0,0.0,310.0,310.0,ep_0000112.npz,6.117213386127865,58.71678294119556,0.0,83.62380990221433,138.52058273835718,172.1443926405715,222.14439264057063,4,25536.266382234768,6807.509436446629,T3-canonical,13,1.8008138124328208,1.395488746373984,1.395488746373984,596,1,0.00043475149271850986,1,0.0,0.0,nan
6834.2455,7124.447,235.0,0.0,235.0,0.0,0.0,235.0,235.0,ep_0000113.npz,5.714633536402727,157.14003151521774,0.0,76.0688827277482,83.35620476860308,109.42508749635128,159.42508749635203,3,22552.19581551718,3174.446431706461,T3-canonical,12,2.147587956078499,1.474046548698788,1.474046548698788,570,1,0.0004831771397985464,1,0.0,0.0,nan
7108.205,6777.2085,235.0,0.0,235.0,0.0,0.0,235.0,235.0,ep_0000114.npz,8.461079226622287,180.6598439519057,0.0,19.020351303575495,158.10862359631963,127.12897489989513,177.12897489989504,5,33846.47879662821,4113.507889308287,T3-canonical,10,1.848516439191345,1.3267168747112714,1.3267168747112714,783,1,0.0006057234849975641,1,0.0,0.0,nan
7126.808,6933.8595,200.0,0.0,200.0,0.0,0.0,200.0,200.0,ep_0000115.npz,8.217740939780104,103.33490767253807,0.0,44.022428273279495,149.48052266126146,143.50295093454096,193.5029509345413,3,20954.659824564424,21222.47191011236,T3-canonical,8,1.3936995629534492,1.0335759689145854,1.0335759689145854,787,1,0.0005738723589768995,1,0.0,0.0,nan
7132.2585,7038.4555,295.0,0.0,295.0,0.0,0.0,295.0,295.0,ep_0000116.npz,11.036971220107231,49.65010264940247,0.0,137.37006470073405,112.57987429829215,199.9499389990262,249.94993899902488,10,62121.86995857683,1365.7209006320222,T3-canonical,13,1.4753692923178974,1.1802363352493193,1.1802363352493193,1081,1,0.0008284433946822825,1,0.0,0.0,nan
7046.53,6703.5265,185.0,0.0,185.0,0.0,0.0,185.0,185.0,ep_0000117.npz,8.65588527281524,189.98840208359252,0.0,62.95400381247704,127.2846695527786,140.23867336525564,190.23867336525564,2,13398.43164551751,29575.550166783712,T3-canonical,8,1.3191796211460316,0.9724626266963213,0.9724626266963213,788,1,0.0005622285255085685,1,0.0,0.0,nan
6961.5925,7160.316,385.0,0.0,385.0,0.0,0.0,385.0,385.0,ep_0000118.npz,8.895687235119961,105.73658417009028,0.0,192.045555870353,86.589759735319,228.63531560567202,278.63531560566776,8,51745.93331242405,1070.6105161516853,T3-canonical,16,1.6839043390130097,1.3817343977490004,1.3817343977490004,894,1,0.0006338322856500418,1,0.0,0.0,nan
6796.9305,6685.548,340.0,0.0,340.0,0.0,0.0,340.0,340.0,ep_0000119.npz,16.59859211549476,63.526855371977035,0.0,183.67089722671147,99.9163585552675,233.58725578197897,283.58725578198,15,85936.76154823095,1014.6067415730337,T3-canonical,15,1.4555588611278625,1.1989255266865368,1.1989255266865368,1505,1,0.0011086732709133394,1,0.0,0.0,nan
6843.494,6778.584,115.0,0.0,115.0,0.0,0.0,115.0,115.0,ep_0000120.npz,3.8673619790104112,36.45307328240506,0.0,30.73362723915583,67.50203945769972,48.23566669685555,98.23566669685556,0,3097.0030251685116,2255.4518521769664,T3-canonical,6,2.384127925975091,1.170654242668066,1.170654242668066,358,1,0.0002683031900809049,1,0.0,0.0,nan
6826.614,7077.9105,300.0,0.0,300.0,0.0,0.0,300.0,300.0,ep_0000121.npz,3.898014042839758,136.86402799850748,0.0,185.28826464222854,50.66116448611806,185.9494291283466,235.9494291283466,3,19573.583766215856,3459.1322309515454,T3-canonical,12,1.6133418715307433,1.2714588931546538,1.2714588931546538,385,1,0.00029457482197039147,1,0.0,0.0,nan
6739.874,7090.4295,245.0,0.0,245.0,0.0,0.0,245.0,245.0,ep_0000122.npz,9.865657149215043,192.4853898513784,0.0,168.93598038222447,21.528609917499985,168.93598038222447,190.46459029972206,0,3361.5839891959645,40810.032698384835,T3-canonical,11,1.4502535187926078,1.2863283385875506,1.2863283385875506,977,1,0.0007349811112001621,1,0.0,0.0,nan
6972.79,6856.6425,145.0,0.0,145.0,0.0,0.0,145.0,145.0,ep_0000123.npz,4.449252298141257,63.76739879778779,0.0,34.65357128454212,97.3801679806579,82.03373926520001,132.03373926589143,2,14640.702058712477,3940.2624648876404,T3-canonical,7,1.767565410266642,1.0982041469566877,1.0982041469566877,419,1,0.0003032322628321209,1,0.0,0.0,nan
7159.837,7054.893,200.0,0.0,200.0,0.0,0.0,200.0,200.0,ep_0000124.npz,5.9723152528737025,55.28947343253549,0.0,49.77713514790542,102.55268301052064,102.32981815842606,152.32981815842606,5,32520.246529430504,1144.6809164325841,T3-canonical,8,1.9544645304691335,1.3129405812852477,1.3129405812852477,587,1,0.0004107699565068728,1,0.0,0.0,nan
6963.9265,6884.529,250.0,0.0,250.0,0.0,0.0,250.0,250.0,ep_0000125.npz,11.34585904026986,43.500480825282466,0.0,117.66185478022958,72.69879280127233,140.3606475815019,190.36064758149917,11,62099.44012650262,2181.057704968399,T3-canonical,10,1.7811260086616147,1.3132966460043556,1.3132966460043556,1075,1,0.000807702922288924,1,0.0,0.0,nan
6842.6605,6770.913,235.0,0.0,235.0,0.0,0.0,235.0,235.0,ep_0000126.npz,9.068040230148046,40.330812524562134,0.0,68.9471565656076,110.32337089632361,129.2705274619312,179.27052746193425,7,45371.36199527468,1704.4862622893256,T3-canonical,10,1.8178931007240222,1.3108680123111658,1.3108680123111658,838,1,0.0005824085262555134,1,0.0,0.0,nan
7052.1035,6875.904,300.0,0.0,300.0,0.0,0.0,300.0,300.0,ep_0000127.npz,9.368698977170391,95.71524952473828,0.0,175.24325992784424,80.33742057573656,205.5806805035808,255.58068050358196,8,47709.41665844982,4181.123595505618,T3-canonical,12,1.459281092294928,1.1737976415466798,1.1737976415466798,886,1,0.0006501870449096986,1,0.0,0.0,nan
6686.114,6861.1975,200.0,0.0,200.0,0.0,0.0,200.0,200.0,ep_0000128.npz,11.244658076522134,99.14632803227414,0.0,129.63993367377307,137.22619474418408,216.86612841795716,266.86612841795613,10,58085.332222868805,1697.191011235955,T3-canonical,8,0.9222279267813932,0.7494394331181933,0.7494394331181933,1060,1,0.0008320721929245581,1,0.0,0.0,nan
7007.6565,6859.9305,125.0,0.0,125.0,0.0,0.0,125.0,125.0,ep_0000129.npz,4.965998103009653,80.7714645566557,0.0,19.893163445077374,101.10300926234316,70.99617270742054,120.99617270742053,0,2793.9573105145337,10101.571716994384,T3-canonical,5,1.760658289498681,1.0330905284273832,1.0330905284273832,468,1,0.0003248174016969005,1,0.0,0.0,nan
6729.366,7127.3405,225.0,0.0,225.0,0.0,0.0,225.0,225.0,ep_0000130.npz,7.123913045863765,217.9131806946143,0.0,172.9309184936477,44.69801879567499,172.9309184936477,217.62893728932698,1,9589.128483263923,30295.242220417837,T3-canonical,9,1.3010975825486346,1.0338698649291915,1.0338698649291915,711,1,0.0005801662289203056,1,0.0,0.0,nan
6896.8035,6748.9205,175.0,0.0,175.0,0.0,0.0,175.0,175.0,ep_0000131.npz,11.51555201912371,82.83738718851328,0.0,63.13829919619192,126.41350310317503,139.55180229936695,189.55180229936695,10,58433.72173000047,535.4494382022472,T3-canonical,7,1.254014617629871,0.9232304724996246,0.9232304724996246,1059,1,0.0007813334255206665,1,0.0,0.0,nan
6933.61,6856.303,260.0,0.0,260.0,0.0,0.0,260.0,260.0,ep_0000132.npz,11.033690924127285,42.62511218277996,0.0,70.73987518315187,113.70406481293901,134.44393999609088,184.44393999609701,10,59527.88120933253,2378.2105315133426,T3-canonical,11,1.9338915536658612,1.4096424095337685,1.4096424095337685,1039,1,0.0007819281184851196,1,0.0,0.0,nan
6876.536,7110.6555,180.0,0.0,180.0,0.0,0.0,180.0,180.0,ep_0000133.npz,7.219385896999231,126.3779558771057,0.0,36.1033603917401,90.88818101383616,76.99154140557626,126.99154140557448,3,22017.976419420265,10250.62072068118,T3-canonical,8,2.337919162467413,1.41741723903588,1.41741723903588,718,1,0.0005231517648807913,1,0.0,0.0,nan
6745.3725,7151.5675,235.0,0.0,235.0,0.0,0.0,235.0,235.0,ep_0000134.npz,3.11023354288642,221.45163082872205,0.0,170.16527058726663,48.23166802612681,170.16527058726663,218.39693861339393,2,15097.47496334299,3373.3014396067415,T3-canonical,10,1.3810103506372287,1.0760224089770636,1.0760224089770636,312,1,0.0002110663080459608,1,0.0,0.0,nan
7125.883,6888.2675,300.0,0.0,300.0,0.0,0.0,300.0,300.0,ep_0000135.npz,10.830430184630432,127.89551458323058,0.0,239.84074601979592,174.16540181710582,364.00614783690173,414.00614783690173,8,53797.09038766145,4759.971910112359,T3-canonical,12,0.8241619043599763,0.7246269205600913,0.7246269205600913,1027,1,0.0007628405104129592,1,0.0,0.0,nan
6695.928,7134.226,270.0,0.0,270.0,0.0,0.0,270.0,270.0,ep_0000136.npz,8.944529367148094,240.70022795528075,0.0,141.77826266125493,95.54760446908956,187.32586713034448,237.3258671303419,2,13297.959364158303,34526.453432233146,T3-canonical,12,1.4413385835931003,1.1376762392769986,1.1376762392769986,894,1,0.0006860501654031048,1,0.0,0.0,nan
7020.3565,6806.0145,170.0,0.0,170.0,0.0,0.0,170.0,170.0,ep_0000137.npz,8.761755374134943,117.72481034293378,0.0,23.81839796689214,93.318701237638,67.13709920453013,117.13709920453013,5,33224.810399813345,11709.49613764045,T3-canonical,8,2.532132040469945,1.4512908476858155,1.4512908476858155,816,1,0.0005906488349535473,1,0.0,0.0,nan
7112.968,6827.1135,250.0,0.0,250.0,0.0,0.0,250.0,250.0,ep_0000138.npz,4.381960335368514,155.09558884268336,0.0,133.60735919922917,106.90294392719325,190.5103031264224,240.5103031264224,2,15709.299744126627,8890.696321980337,T3-canonical,10,1.3122649846087344,1.0394565087242413,1.0394565087242413,410,1,0.0002875432026237365,1,0.0,0.0,nan
7089.822,6810.9295,205.0,0.0,205.0,0.0,0.0,205.0,205.0,ep_0000139.npz,10.843808717207382,151.9598551151803,0.0,58.23993728750555,94.16039128895329,102.40032857645883,152.4003285764581,1,9170.466881337365,47809.45296041082,T3-canonical,10,2.001946701244552,1.3451414568122342,1.3451414568122342,1011,1,0.000763666272379798,1,0.0,0.0,nan
7040.735,6803.1555,140.0,0.0,140.0,0.0,0.0,140.0,140.0,ep_0000140.npz,12.022776112564024,130.24275904095884,0.0,72.63971569557751,57.74829025991951,80.38800595549702,130.38800595549702,2,14908.758666326727,48603.12456109551,T3-canonical,7,1.7415533366694567,1.0737183913049768,1.0737183913049768,1119,1,0.000831643029791169,1,0.0,0.0,nan
6993.791,6817.0445,235.0,0.0,235.0,0.0,0.0,235.0,235.0,ep_0000141.npz,4.862973794787398,97.23697844240542,0.0,54.04468128248329,147.23079847492207,151.27547975740535,201.27547975740535,1,9361.487723608312,7716.844276685393,T3-canonical,10,1.553457310972409,1.1675540422670578,1.1675540422670578,454,1,0.00032918064337211127,1,0.0,0.0,nan
7092.8525,6749.0065,225.0,0.0,225.0,0.0,0.0,225.0,225.0,ep_0000142.npz,6.51339359352983,188.56312157084358,0.0,226.34306714063774,412.77123053666526,589.1142976773031,639.1142976772998,5,31388.48740251182,3305.3907895891857,T3-canonical,9,0.3819292807645409,0.35204970506481537,0.35204970506481537,599,1,0.0004434595540672165,1,0.0,0.0,nan
6788.334,6706.823,195.0,0.0,195.0,0.0,0.0,195.0,195.0,ep_0000143.npz,9.275166433267664,46.42363428977205,0.0,56.28029315221667,92.7890840026284,99.06937715484507,149.06937715484696,7,45100.17008649309,2421.067415730337,T3-canonical,9,1.9683176133752787,1.3081157493362454,1.3081157493362454,845,1,0.0006312641051962833,1,0.0,0.0,nan
7052.4755,7131.7125,240.0,0.0,240.0,0.0,0.0,240.0,240.0,ep_0000144.npz,5.1152919921580455,41.88034726600745,0.0,56.041976923118675,97.8427212850851,103.88469820820379,153.8846982082042,1,9460.00574228785,4393.9013671875,T3-canonical,11,2.3102536190555845,1.5596092580646503,1.5596092580646503,511,1,0.00039930293887705963,1,0.0,0.0,nan
6886.4925,6950.831,260.0,0.0,260.0,0.0,0.0,260.0,260.0,ep_0000145.npz,4.088629202718668,35.292319041271185,0.0,81.37280794128468,129.55354716931285,160.9263551105975,210.92635511059007,1,8366.652269541166,13333.996335147473,T3-canonical,11,1.6156458637325974,1.2326577201017876,1.2326577201017876,393,1,0.00029572314187491694,1,0.0,0.0,nan
7053.161,7153.5095,70.0,0.0,70.0,0.0,0.0,70.0,70.0,ep_0000146.npz,4.344582232580598,52.913249693511716,0.0,47.14417037687026,27.499874176718492,47.14417037687026,74.64404455358874,2,16918.423597577694,6912.726035814607,T3-canonical,4,1.484807123349936,0.9377841248908388,0.9377841248908388,436,1,0.00033025673717993067,1,0.0,0.0,nan
7069.345,7156.0385,210.0,0.0,210.0,0.0,0.0,210.0,210.0,ep_0000147.npz,2.9977662292085308,45.62264878934093,0.0,122.95073297811777,73.21725507653461,146.16798805465237,196.16798805465237,0,3920.8609493564363,13604.895485867277,T3-canonical,9,1.436703089334997,1.070511055766622,1.070511055766622,301,1,0.00026543067125523026,1,0.0,0.0,nan
6729.8345,7004.7375,195.0,0.0,195.0,0.0,0.0,195.0,195.0,ep_0000148.npz,4.370603433543329,152.5126709936785,0.0,32.40279792232888,120.5864286693364,102.98922659166527,152.98922659166465,3,20842.396623796616,426.87233914150283,T3-canonical,9,1.8934019261368158,1.274599554127194,1.274599554127194,425,1,0.00034110966303162193,1,0.0,0.0,nan
6811.6255,7167.323,310.0,0.0,310.0,0.0,0.0,310.0,310.0,ep_0000149.npz,7.869189186172227,192.20222938547704,0.0,219.0463899932828,305.9578381688281,475.0042281621109,525.0042281621111,7,47520.0,0.0,T3-canonical,13,0.6526257696683118,0.5904714350305729,0.5904714350305729,792,1,0.0005882667585503097,1,0.0,0.0,nan
6959.579,6817.209,310.0,0.0,310.0,0.0,0.0,310.0,310.0,ep_0000150.npz,7.51912784440298,78.61362102203202,0.0,148.9452521891198,65.09258827337167,164.0378404624915,214.0378404624915,7,41459.70442568281,473.2584269662921,T3-canonical,13,1.8898078585159372,1.4483420283542112,1.4483420283542112,702,1,0.000533534731412972,1,0.0,0.0,nan
7154.795,6816.277,250.0,0.0,250.0,0.0,0.0,250.0,250.0,ep_0000151.npz,9.984707245771492,183.06979597235386,0.0,42.93856876082735,136.81526994467472,129.75383870550206,179.75383870550476,2,15459.312161702988,35826.511148174155,T3-canonical,10,1.926725270667457,1.3907908826891942,1.3907908826891942,932,1,0.0006561213790488024,1,0.0,0.0,nan
6919.3865,6804.7415,200.0,0.0,200.0,0.0,0.0,200.0,200.0,ep_0000152.npz,8.044603432070431,63.668296415678014,0.0,42.10827483425558,107.43471849053978,99.54299332479536,149.54299332479656,7,42116.549716919406,139.9197353405899,T3-canonical,8,2.0091820962970943,1.337408029312443,1.337408029312443,749,1,0.0005718786589353713,1,0.0,0.0,nan
7050.8085,7114.9815,250.0,0.0,250.0,0.0,0.0,250.0,250.0,ep_0000153.npz,8.09682306317306,33.984303329775685,0.0,120.73723062613333,91.08956716465582,161.82679779078916,211.82679779078933,7,48209.678671927104,144.73084181882024,T3-canonical,10,1.5448615644190264,1.1802095042144405,1.1802095042144405,806,1,0.0005969402110876387,1,0.0,0.0,nan
7137.721,6847.7185,170.0,0.0,170.0,0.0,0.0,170.0,170.0,ep_0000154.npz,9.969216154728976,156.58187580291997,0.0,45.77045263355645,110.458092112499,106.22854474605546,156.22854474605867,3,19371.416452661073,21904.184515449437,T3-canonical,8,1.6003231561384308,1.088149417741336,1.088149417741336,937,1,0.0007563590653997699,1,0.0,0.0,nan
6952.0125,7148.9065,300.0,0.0,300.0,0.0,0.0,300.0,300.0,ep_0000155.npz,10.752256230493236,104.99702575806259,0.0,174.03067684099253,68.92143160648237,192.9521084474749,242.95210844747496,9,56457.51617314107,3494.2501316713483,T3-canonical,14,1.5547899549471131,1.234811263491704,1.234811263491704,1078,1,0.0008076181511685545,1,0.0,0.0,nan
7066.411,6844.6485,150.0,0.0,150.0,0.0,0.0,150.0,150.0,ep_0000156.npz,9.603290842881822,120.69049688884024,0.0,25.398476538784344,94.54476135821507,69.94323789699942,119.94323789699942,2,14997.107010876307,38385.525697858146,T3-canonical,6,2.144596168408655,1.2505915517205868,1.2505915517205868,902,1,0.0006400059779785866,1,0.0,0.0,nan
6977.042,6821.134,280.0,0.0,280.0,0.0,0.0,280.0,280.0,ep_0000157.npz,8.293867644567088,85.88959595834967,0.0,63.64271173403912,150.08391860657252,163.72663034061165,213.72663034188437,5,32170.69723287297,187.95467762464887,T3-canonical,13,1.7101677315260013,1.3100847543055467,1.3100847543055467,775,1,0.0005859175740950325,1,0.0,0.0,nan
6929.432,7136.8775,85.0,0.0,85.0,0.0,0.0,85.0,85.0,ep_0000158.npz,1.4799247102403583,111.03325605546252,0.0,75.41241137905405,36.2795221982403,75.41241137905405,111.69193357729449,0,4035.0152916171905,2617.810086025281,T3-canonical,4,1.1271354203587889,0.7610218328002819,0.7610218328002819,148,1,0.00011606340779323855,1,0.0,0.0,nan
7036.7355,7089.009,420.0,0.0,420.0,0.0,0.0,420.0,420.0,ep_0000159.npz,7.302982763210526,27.800376363214127,0.0,162.66170516157862,137.1044567123985,249.76616187397713,299.76616187397326,5,35009.308632121436,2618.1935788272467,T3-canonical,18,1.681572863388583,1.401092095833602,1.401092095833602,723,1,0.0005206177772473025,1,0.0,0.0,nan
7153.289,7000.4495,280.0,0.0,280.0,0.0,0.0,280.0,280.0,ep_0000160.npz,11.116680778339,81.04602789751152,0.0,54.75962189691136,130.84955982686245,135.60918172377382,185.60918172377336,7,45267.832055102626,15289.887640449439,T3-canonical,12,2.0647569466965736,1.5085460611355994,1.5085460611355994,1080,1,0.000808187448905098,1,0.0,0.0,nan
6921.0005,6779.3355,395.0,0.0,395.0,0.0,0.0,395.0,395.0,ep_0000161.npz,10.811691790612084,78.88002476152451,0.0,95.59559157029975,173.88564883316474,219.48124040346448,269.4812404034645,9,57627.66153919535,947.828465150983,T3-canonical,17,1.7996982305817375,1.4657792112304744,1.4657792112304744,1001,1,0.0008091852239965523,1,0.0,0.0,nan
6776.272,6974.0565,170.0,0.0,170.0,0.0,0.0,170.0,170.0,ep_0000162.npz,9.037042430786894,109.53180081963546,0.0,11.604448960878889,117.91064330058607,79.51509226146496,129.51509226146496,5,31773.50736890093,1528.1044263518256,T3-canonical,8,2.1379589102531464,1.3125883403364618,1.3125883403364618,873,1,0.0006251413031675304,1,0.0,0.0,nan
6768.7445,6959.831,210.0,0.0,210.0,0.0,0.0,210.0,210.0,ep_0000163.npz,4.68294191030736,106.07358125366773,0.0,33.79374659985982,137.9196107165976,121.7133573164574,171.71335731645814,3,20140.456218756106,2561.1481192942415,T3-canonical,9,1.725365273213156,1.2229683426023854,1.2229683426023854,451,1,0.00036505123104457656,1,0.0,0.0,nan
6966.9525,6742.468,160.0,0.0,160.0,0.0,0.0,160.0,160.0,ep_0000164.npz,10.105548835949639,124.87780936807485,0.0,171.39964928073772,130.45027850054487,251.8499277812826,301.849927781283,8,50891.57354261824,4770.337078651685,T3-canonical,7,0.6352989711355047,0.5300647284432487,0.5300647284432487,928,1,0.0006695021114440146,1,0.0,0.0,nan
6854.9915,7019.033,210.0,0.0,210.0,0.0,0.0,210.0,210.0,ep_0000165.npz,4.162462913588887,89.63068203380044,0.0,111.7498853302966,31.41033801159704,111.7498853302966,143.16022334188807,3,19706.963839256947,4653.033707865169,T3-canonical,9,1.8791965591669983,1.466887904320242,1.466887904320242,406,1,0.0003109437922536982,1,0.0,0.0,nan
6873.818,6933.472,315.0,0.0,315.0,0.0,0.0,315.0,315.0,ep_0000166.npz,11.413905768831553,32.82946653792624,0.0,81.58262051555212,112.04797447878829,143.6305949943404,193.63059499493073,11,61861.59535380703,2861.6053480512637,T3-canonical,15,2.1931260537659973,1.6268090278204574,1.6268090278204574,1093,1,0.0008151647653948989,1,0.0,0.0,nan
7039.317,6971.2,240.0,0.0,240.0,0.0,0.0,240.0,240.0,ep_0000167.npz,5.624433490798586,36.67431457246312,0.0,77.68132333609019,117.58689942229927,145.26822275838947,195.26822275838947,2,15790.148109808362,15347.483650807584,T3-canonical,12,1.6521163090097735,1.2290786314830056,1.2290786314830056,543,1,0.0004232207403351014,1,0.0,0.0,nan
7088.0675,6821.714,245.0,0.0,245.0,0.0,0.0,245.0,245.0,ep_0000168.npz,7.928996321128718,144.98449453082776,0.0,12.507787471402695,153.4218474381771,115.9296349095798,165.92963490957982,2,15596.522495015706,7992.808988764045,T3-canonical,11,2.1133509148984175,1.4765294947675143,1.4765294947675143,741,1,0.0005537023502605419,1,0.0,0.0,nan
6968.673,7157.0635,155.0,0.0,155.0,0.0,0.0,155.0,155.0,ep_0000169.npz,2.608790807786573,100.1971118941301,0.0,89.31599835217875,33.0045555611677,89.31599835217875,122.32055391334646,0,5084.318377518236,6848.909870962078,T3-canonical,8,1.7354113804877933,1.267162345502491,1.267162345502491,262,1,0.000186317246663369,1,0.0,0.0,nan
7000.6765,6842.519,260.0,0.0,260.0,0.0,0.0,260.0,260.0,ep_0000170.npz,8.894114730085596,86.7042544461483,0.0,45.60416264618341,129.37228817644402,124.97645082262743,174.9764508226286,0,2874.8395064189644,46077.22881188552,T3-canonical,13,2.0803919321489173,1.485914240331453,1.485914240331453,835,1,0.0006171760906435602,1,0.0,0.0,nan
7008.2355,7086.7695,260.0,0.0,260.0,0.0,0.0,260.0,260.0,ep_0000171.npz,7.65003968883885,41.903356173222164,0.0,129.08974603760933,89.29621431938381,168.38596035699314,218.38596035699564,6,41901.09348362022,276.84789764747194,T3-canonical,11,1.5440717233715744,1.1905527240623797,1.1905527240623797,757,1,0.0005759042375062688,1,0.0,0.0,nan
6986.5665,6900.11,185.0,0.0,185.0,0.0,0.0,185.0,185.0,ep_0000172.npz,4.491424705992565,47.17266051957813,0.0,82.61933728396939,127.1559176757219,159.77525495969127,209.77525495969437,3,19045.56637632834,1713.4864927141857,T3-canonical,8,1.1578764186398733,0.8818961990323663,0.8818961990323663,427,1,0.0003246724351441852,1,0.0,0.0,nan
7158.386,6808.0045,185.0,0.0,185.0,0.0,0.0,185.0,185.0,ep_0000173.npz,3.6276653678157946,189.5838400525936,0.0,116.6566407369012,73.19285934450133,139.84950008140254,189.84950008140333,0,3378.834067644445,3144.606083216292,T3-canonical,8,1.3228506350921283,0.9744560819000104,0.9744560819000104,338,1,0.00027262760250134244,1,0.0,0.0,nan
7106.667,6926.605,360.0,0.0,360.0,0.0,0.0,360.0,360.0,ep_0000174.npz,8.38752842712876,96.7151157315493,0.0,115.51449603655557,213.79805888864306,279.31255492519864,329.3125549251984,2,16568.25006811326,30265.872761587078,T3-canonical,15,1.2888786903847194,1.0931863805853745,1.0931863805853745,802,1,0.0005884072447447007,1,0.0,0.0,nan
6740.172,7062.3315,320.0,0.0,320.0,0.0,0.0,320.0,320.0,ep_0000175.npz,11.285795593551455,177.4217169326148,0.0,111.90893629723699,65.27690992302101,127.185846220258,177.18584622025884,0,2979.8778672359604,60946.40065396769,T3-canonical,14,2.516003230782694,1.806013329090686,1.806013329090686,1111,1,0.0008732652617377234,1,0.0,0.0,nan
6875.6315,6735.4515,275.0,0.0,275.0,0.0,0.0,275.0,275.0,ep_0000176.npz,10.732114523738845,78.82213482761745,0.0,156.58559925904282,77.67330730974066,184.2589065687835,234.2589065687835,10,54214.516872851964,3573.5538096910113,T3-canonical,11,1.4924651682839714,1.1739148108729605,1.1739148108729605,984,1,0.0007649243715463756,1,0.0,0.0,nan
7109.351,7039.445,285.0,0.0,285.0,0.0,0.0,285.0,285.0,ep_0000177.npz,6.8596492979278825,37.08711805047551,0.0,105.2393492932983,129.23205439221135,184.47140368550964,234.4714036829709,5,34258.38164038382,3667.626404494382,T3-canonical,12,1.5449549052376346,1.21550003763081,1.21550003763081,672,1,0.0004410128639577362,1,0.0,0.0,nan
6858.2425,7158.994,225.0,0.0,225.0,0.0,0.0,225.0,225.0,ep_0000178.npz,6.379994462236216,161.83523284069815,0.0,179.01343484420974,154.9544960034422,283.9679308476519,333.9679308476519,5,35275.31830247969,0.0,T3-canonical,9,0.7923429921412919,0.6737173818723318,0.6737173818723318,641,1,0.000475411607535477,1,0.0,0.0,nan
7150.793,7056.0445,335.0,0.0,335.0,0.0,0.0,335.0,335.0,ep_0000179.npz,8.585008903464523,49.959416040977885,0.0,137.29053520009688,166.11429259662737,253.40482779672425,303.40482779672146,6,41269.191539383755,4015.7048806179773,T3-canonical,14,1.3219953341564967,1.104135364070235,1.104135364070235,844,1,0.0006382498136686668,1,0.0,0.0,nan
7062.7905,6990.2725,260.0,0.0,260.0,0.0,0.0,260.0,260.0,ep_0000180.npz,10.625180963341808,38.86668948919305,0.0,143.87886288376794,105.64434635819494,199.5232092419629,249.5232092419629,10,60987.50244313297,133.4176395716292,T3-canonical,11,1.3031065457888489,1.0419872395432273,1.0419872395432273,1030,1,0.0007975695192774908,1,0.0,0.0,nan
6792.373,7088.8955,160.0,0.0,160.0,0.0,0.0,160.0,160.0,ep_0000181.npz,6.5758726960540566,161.90942780831574,0.0,80.8482287192751,81.00770814368833,111.85593686296343,161.85593686296562,1,9132.652779533613,27269.696826720505,T3-canonical,7,1.4304113352161063,0.9885334026113795,0.9885334026113795,651,1,0.0005115739926018606,1,0.0,0.0,nan
6851.39,6986.1365,385.0,0.0,385.0,0.0,0.0,385.0,385.0,ep_0000182.npz,6.773115925714715,73.91441167010908,0.0,198.28691286709068,127.48102810195634,275.767940969047,325.767940969047,5,35134.436360913656,577.4262640449438,T3-canonical,16,1.3961013693147657,1.181822860944383,1.181822860944383,656,1,0.0004969341469265716,1,0.0,0.0,nan
6798.4945,6968.4565,365.0,0.0,365.0,0.0,0.0,365.0,365.0,ep_0000183.npz,10.498924804886856,93.95153777961241,0.0,54.607824052624274,146.20743794469217,150.81526199731644,200.81526199732002,10,55519.205856137705,3858.7723841292127,T3-canonical,17,2.4201794643734047,1.8175909359163702,1.8175909359163702,1013,1,0.000772878245189351,1,0.0,0.0,nan
6987.97,7164.982,410.0,0.0,410.0,0.0,0.0,410.0,410.0,ep_0000184.npz,9.324390489322552,93.87317822930709,0.0,112.6586126141168,208.86148108367556,271.5200936977924,321.520093697789,2,14030.494113389328,33496.99317503511,T3-canonical,17,1.510017157169733,1.2751924624200228,1.2751924624200228,938,1,0.0007070265237616362,1,0.0,0.0,nan
6930.4135,7131.7845,160.0,0.0,160.0,0.0,0.0,160.0,160.0,ep_0000185.npz,3.1432042311624464,107.82870751332212,0.0,31.137595938298656,136.56585982847255,117.70345576677121,167.70345576677602,1,10069.23417673266,1562.6785244030898,T3-canonical,7,1.3593483637136294,0.9540650147514601,0.9540650147514601,314,1,0.00025696733794093325,1,0.0,0.0,nan
6726.628,7109.377,345.0,0.0,345.0,0.0,0.0,345.0,345.0,ep_0000186.npz,10.09779769222573,210.04220198955227,0.0,104.95562216322648,215.45195476514263,270.4075769283691,320.4075769283652,9,53473.32763223586,5088.632812499999,T3-canonical,15,1.2758518230847888,1.0767535627821094,1.0767535627821094,1004,1,0.0007592262788821247,1,0.0,0.0,nan
6723.8135,6804.8015,250.0,0.0,250.0,0.0,0.0,250.0,250.0,ep_0000187.npz,13.0494845089576,45.95474810132782,0.0,71.32487103890435,115.59086413948775,136.91573517839208,186.91573517839208,10,57915.49864473293,10186.370369557584,T3-canonical,12,1.8259406026215077,1.3375010924650104,1.3375010924650104,1215,1,0.0009125237743231064,1,0.0,0.0,nan
6925.126,6767.6935,175.0,0.0,175.0,0.0,0.0,175.0,175.0,ep_0000188.npz,4.981235548831592,87.73249553333153,0.0,122.33974170689315,36.029346429337984,122.33974170689315,158.36908813622767,1,8538.326605221415,11531.243416432584,T3-canonical,7,1.430442778106174,1.1050136239306156,1.1050136239306156,460,1,0.0003441386357338549,1,0.0,0.0,nan
7118.209,6911.663,345.0,0.0,345.0,0.0,0.0,345.0,345.0,ep_0000189.npz,10.964345909553439,110.98273226021593,0.0,172.77064555513718,160.1890430322513,282.9596885873885,332.9596885873872,9,59961.98849518903,2289.6067415730336,T3-canonical,16,1.2192549466050573,1.0361614688663814,1.0361614688663814,1045,1,0.0008026004655345339,1,0.0,0.0,nan
6897.3555,7024.0915,270.0,0.0,270.0,0.0,0.0,270.0,270.0,ep_0000190.npz,7.353252405053024,68.89232028591232,0.0,43.71484035795565,109.89682447162893,103.61166482958458,153.61166482958157,7,40999.22572559406,937.9552536867977,T3-canonical,12,2.6058841969587387,1.7576790167565783,1.7576790167565783,718,1,0.0005387813120511979,1,0.0,0.0,nan
7110.2605,6826.4145,160.0,0.0,160.0,0.0,0.0,160.0,160.0,ep_0000191.npz,5.344674875344876,154.0619800441391,0.0,28.368417887867707,124.20646101798539,102.5748789058531,152.5748789058543,2,14642.22010922046,704.5240080758427,T3-canonical,7,1.5598361090618857,1.048665423478575,1.048665423478575,500,1,0.00038989541014636107,1,0.0,0.0,nan
6783.1315,6851.7015,265.0,0.0,265.0,0.0,0.0,265.0,265.0,ep_0000192.npz,10.970396279524723,38.45452219775234,0.0,139.48193630527524,100.58746413184608,190.06940043712132,240.06940043712132,8,52676.212792620034,3676.703827247191,T3-canonical,12,1.394227578929346,1.1038474687631357,1.1038474687631357,1032,1,0.0007991718466966887,1,0.0,0.0,nan
7155.213,6839.606,260.0,0.0,260.0,0.0,0.0,260.0,260.0,ep_0000193.npz,7.823294927704132,170.24032211455688,0.0,42.23164163735408,205.14332658890464,197.37496822625872,247.37496822625872,6,41028.76904942122,494.8314606741573,T3-canonical,11,1.3172896357452568,1.0510360117042803,1.0510360117042803,734,1,0.0005560921435291032,1,0.0,0.0,nan
6864.251,7144.2645,245.0,0.0,245.0,0.0,0.0,245.0,245.0,ep_0000194.npz,9.085427660317588,150.8133432382083,0.0,189.75603033990993,346.5558373988152,486.31186773872514,536.3118677387214,8,50182.35633960387,2147.191011235955,T3-canonical,11,0.5037919414535615,0.45682375262924124,0.45682375262924124,910,1,0.0006985041795044457,1,0.0,0.0,nan
7132.6315,6814.914,175.0,0.0,175.0,0.0,0.0,175.0,175.0,ep_0000195.npz,9.634061006564234,172.2514445889865,0.0,48.04873120327507,124.14843786792578,122.19716907120085,172.1971690712031,1,9333.223488607626,39777.021264922754,T3-canonical,7,1.4321117365495795,1.0162768699620024,1.0162768699620024,899,1,0.0006800551833277795,1,0.0,0.0,nan
6931.464,6787.0405,325.0,0.0,325.0,0.0,0.0,325.0,325.0,ep_0000196.npz,3.342576092555113,80.25639486514774,0.0,143.94473584669478,155.00740317872743,248.9521390254222,298.95213902542946,1,8742.589270301638,6855.453936973315,T3-canonical,13,1.3054718118602389,1.0871305388865435,1.0871305388865435,310,1,0.00021663419053177433,1,0.0,0.0,nan
6917.74,7133.819,315.0,0.0,315.0,0.0,0.0,315.0,315.0,ep_0000197.npz,12.91764612158967,115.83723867471417,0.0,39.276774310848865,158.2953828282937,147.57215713914258,197.57215713914408,9,53948.82398913557,10428.74604985955,T3-canonical,15,2.1345489969560676,1.5943542074005652,1.5943542074005652,1291,1,0.0009500130324023892,1,0.0,0.0,nan
7097.629,7028.001,280.0,0.0,280.0,0.0,0.0,280.0,280.0,ep_0000198.npz,10.70346103750921,37.03053817896671,0.0,89.09548934103127,130.60564899188472,169.701138332916,219.70113833291595,10,62760.0,0.0,T3-canonical,13,1.6499594684550796,1.2744585764308258,1.2744585764308258,1046,1,0.0007707966397053146,1,0.0,0.0,nan
7139.908,7034.002,260.0,0.0,260.0,0.0,0.0,260.0,260.0,ep_0000199.npz,7.7260645839689595,56.0375368494806,0.0,173.19556760442254,113.09701211091873,236.29257971534128,286.2925797153432,7,40537.95420181213,652.8811885533709,T3-canonical,11,1.1003307861517224,0.9081618540673126,0.9081618540673126,756,1,0.0005287227986856276,1,0.0,0.0,nan
6945.609,7024.8165,235.0,0.0,235.0,0.0,0.0,235.0,235.0,ep_0000200.npz,9.553652431473488,42.8293000011945,0.0,73.56480408969422,116.99236062533996,140.55716471503416,190.55716471503808,9,51394.56774202963,455.0033466467696,T3-canonical,10,1.6719176178349884,1.2332257375440192,1.2332257375440192,933,1,0.0007086844886747658,1,0.0,0.0,nan
6751.0625,6846.3875,351.77669525146484,9.0,202.99999996805855,230.99999996805855,0.0,202.99999996805855,360.77669525146484,ep_0000001.npz,19.94424691091861,53.67999889125531,0.01568422287960209,99.95612923673691,87.6819954753078,186.63812471204471,187.63812471204471,19,108059.2175530943,0.0,TB5-3D,23,1.0876663076274358,1.081869690818903,1.9227259694964653,1874,1,0.0014613567025671035,1,0.9012283065009615,120.01785597441958,1.924713602760022
6942.663,7010.3015,367.1320343017578,17.0,295.99999996167026,175.99999996167026,0.0,295.99999996167026,384.1320343017578,ep_0000002.npz,13.938468973738646,36.6422342461683,0.006199910383546006,66.83057017354834,36.88504663033832,102.71561680388666,103.71561680389509,9,56474.334675961116,9423.47875702247,TB5-3D,29,2.881742905042555,2.8539578617301715,3.7037048627698232,1357,1,0.0010267438971975902,1,0.43541484791308677,57.303361199451906,3.0713730622027398
7087.2985,6895.706,321.4213562011719,8.0,264.99999997444684,122.99999997444684,0.0,264.99999997444684,329.4213562011719,ep_0000003.npz,11.234055985205398,103.4647046055943,0.010276214156053023,29.825153917463982,72.35192244555616,101.17707636302013,102.17707636302038,7,43459.212452171865,16959.47655152739,TB5-3D,23,2.6191703644769815,2.5935367247438177,3.224024095490709,1067,1,0.0008063022596440817,1,0.5974678094391035,79.28105678205245,1.5514424878641557
6751.165,7004.127,371.77669525146484,81.0,362.99999996805855,162.99999996805855,4.0,358.99999996805855,452.77669525146484,ep_0000004.npz,30.8553520777423,140.01982779079117,0.010906929111200208,102.59126026863936,36.39504648648543,137.9863067551248,138.9863067551207,7,42519.90545834604,97515.14220505618,TB5-3D,86,2.630695816884575,2.6117680830790513,3.2577072218287655,3000,0,0.002202780609316077,4,0.8246085250522278,108.57087089418573,1.5013235007290306
7013.9675,6923.9045,321.77669525146484,14.0,277.99999996805855,130.99999996805852,0.0,277.99999996805855,335.77669525146484,ep_0000005.npz,8.967977049277323,48.87000544860621,0.009683886213222637,34.39766786009095,56.778198304861256,90.1758661649522,91.1758661649522,7,45875.0994550779,1957.8852209884128,TB5-3D,25,3.0828647596190897,3.0490524703665622,3.682736554912342,857,1,0.0006294832955569144,1,0.5719359219913611,75.73842894531205,1.7296371444758754
6824.905,6925.5145,306.77669525146484,19.0,222.99999996805855,175.99999996805855,0.0,222.99999996805855,325.77669525146484,ep_0000006.npz,15.60741680765127,55.71314482748585,0.010280759182690018,39.513390662650025,16.517065131548545,55.03045579419857,56.03045579419857,0,2134.7436196447957,48037.09247717697,TB5-3D,29,4.052301525577545,3.979978331554963,5.814278870906418,1492,1,0.0011545053875010286,1,0.700853661502089,92.79933690785317,1.8965652754913649
6905.0735,6744.2795,321.77669525146484,12.0,275.99999996805855,130.99999996805852,0.0,275.99999996805855,333.77669525146484,ep_0000007.npz,7.924435024789985,90.03434907142855,0.010774557631063383,22.1705508914354,110.17619735732274,131.34674824875813,132.3467482487533,4,26949.412949529407,1963.1460674157304,TB5-3D,23,2.1013082063161628,2.085430912509469,2.5219863704101924,728,1,0.0005763661146801118,1,0.637151048434319,85.49065404303944,1.532331240583419
6892.916,6676.774,341.4213562011719,12.0,287.99999997444684,123.99999997444682,0.0,287.99999997444684,353.4213562011719,ep_0000008.npz,11.006509025034466,122.0982632911564,0.010799836267370471,150.46276943791128,195.5398063432554,345.0025757811667,346.0025757811667,9,52574.16722310672,3105.5056179775283,TB5-3D,27,0.8347763761541412,0.8323637456288642,1.0214414022879914,996,1,0.0008016322448441795,1,0.755060550715396,101.8219840517394,1.2178116654202884
7069.696,7153.633,372.1320343017578,15.0,274.99999996167026,199.99999996167026,0.0,274.99999996167026,387.1320343017578,ep_0000009.npz,17.258306342957603,44.181567181552964,0.015699724578838933,31.1027757513627,77.7240039821369,107.8267797334996,108.82677973349766,17,103595.5896268527,324.4079178370787,TB5-3D,29,2.550386839348716,2.5269515521373394,3.5573232548991416,1732,1,0.0013407412791124227,1,0.9252587262700647,120.54283412868189,1.659161255061966
6889.8895,7043.326,362.1320343017578,9.0,286.99999996167026,171.99999996167026,0.0,286.99999996167026,371.1320343017578,ep_0000010.npz,8.098304214113451,83.30197324627716,0.013297127560745844,27.090357709423625,111.1691603056086,137.25951801503223,138.2595180150304,1,8794.659832559366,26892.245764571628,TB5-3D,21,2.0909296791369973,2.0758064550063744,2.6843145385579277,794,1,0.0006017691413098673,1,0.765423655233598,100.49767412810509,1.7114823945320432
7133.7515,7079.7915,341.77669525146484,18.0,292.99999996805855,139.99999996805855,0.0,292.99999996805855,359.77669525146484,ep_0000011.npz,12.610363641083177,28.43181943687341,0.012106268475446047,68.77733759886247,92.82480234668095,160.60213994554343,161.60213994554343,1,9342.585360571937,49628.701171875,TB5-3D,30,1.8243841586880987,1.8130948022519595,2.2263114546175076,1246,1,0.0009331325992326448,1,0.6989877391982062,91.53830918374211,1.529414309882442
7161.9135,6957.7255,330.71067810058594,16.0,309.9999999872234,65.99999998722342,1.0,308.9999999872234,346.71067810058594,ep_0000012.npz,17.369031664450237,108.67077732100279,0.005605734054730057,143.17202182863673,118.79452911156702,260.9665509402038,261.966550940208,15,95394.87265612956,704.4943820224719,TB5-3D,31,1.1878917005660807,1.1833571838642054,1.3234921666763486,1672,1,0.0012646700449464952,1,0.3528751067229503,46.61577900624879,1.415829605215354
6922.784,7123.821,362.1320343017578,12.0,293.99999996167026,167.99999996167023,0.0,293.99999996167026,374.1320343017578,ep_0000013.npz,11.370611645899587,107.8291517826201,0.01448318817898549,129.67523159813027,24.679738650280008,153.35497024841027,154.35497024841027,10,65924.0127996735,1068.1643916783707,TB5-3D,28,1.9171207785795124,1.9047005709535823,2.4238418348281927,1134,1,0.0008329379226320794,1,0.9278214345909946,121.12935716071749,1.3869470118524907
6714.122,6924.2045,352.1320343017578,18.0,291.99999996167026,165.99999996167026,0.0,291.99999996167026,370.1320343017578,ep_0000014.npz,15.109588414258237,117.77979270472133,0.015756811249575904,79.01521049805936,39.5822990041588,117.59750950221816,118.59750950221816,2,14480.156331834618,64151.73125877809,TB5-3D,29,2.4830457821571676,2.462109037426363,3.120908995941733,1444,1,0.0010760366560252127,1,0.9451566681478988,125.15845429197618,1.326318712553103
7136.539,6985.7515,340.71067810058594,22.0,313.9999999872234,77.99999998722342,0.0,313.9999999872234,362.71067810058594,ep_0000015.npz,23.37744228079932,80.22506600811721,0.0063305351226306365,82.8179568529035,3.787221552900161,85.60517840580367,86.60517840580367,7,42958.74052371788,73171.10077247191,TB5-3D,34,3.6680024016623687,3.6256492483154026,4.188094577913596,2264,1,0.0017021273349439431,1,0.5159917101296378,68.02694156029646,1.1466045392925275
6945.0215,7146.9955,371.4213562011719,21.0,323.99999997444684,126.99999997444684,0.0,323.99999997444684,392.4213562011719,ep_0000016.npz,12.512743540122047,107.80851725046068,0.011244465160360859,40.45211413228726,153.97972965184826,193.4318437841355,194.4318437841355,4,25509.74420194737,13314.118240870788,TB5-3D,34,1.6750085902919982,1.6663937021250597,2.018297767298091,1254,1,0.0009246405336015773,1,0.6445199687751164,84.00760214661457,1.5117679439629716
6866.948,6968.166,426.4213562011719,32.0,359.99999997444684,156.99999997444684,0.0,359.99999997444684,458.4213562011719,ep_0000017.npz,27.57047029202647,55.53621038351503,0.016819712754056866,166.14734210081525,110.40300307086554,275.55034517168076,276.5503451724742,17,105830.28109446849,37538.90559164325,TB5-3D,50,1.3064763165154085,1.301752126723719,1.6576415983689028,2660,1,0.0020776867732732814,1,0.9857187070293713,130.11718353516045,1.2066046598066893
6871.4675,6929.1255,356.0660171508789,19.0,304.9999999808351,113.99999998083513,0.0,304.9999999808351,375.0660171508789,ep_0000018.npz,10.933376746054154,31.754090644429198,0.0046083523983407775,31.48356594425871,62.617663596980634,93.10122954123935,94.10122954123554,1,8669.898410598236,45276.26196014747,TB5-3D,32,3.276003995690893,3.241190380484698,3.9857716947951616,1046,1,0.0007974750664214487,1,0.2650334311895915,35.08385550616576,3.249357812478744
7069.0995,6736.548,352.1320343017578,12.0,286.99999996167026,164.99999996167026,0.0,286.99999996167026,364.1320343017578,ep_0000019.npz,10.402375619687692,183.08474146217304,0.013229041050580625,45.67513200030542,135.8126324999571,180.4877645002625,181.48776450026375,7,42795.70678106,4642.396637991574,TB5-3D,26,1.5901354906595502,1.5813738229237662,2.0063723596156184,954,1,0.0007184336209371391,1,0.9421032534237855,126.47979769763369,1.304556166006243
6916.4005,7119.2915,336.0660171508789,9.0,299.9999999808351,88.99999998083513,0.0,299.9999999808351,345.0660171508789,ep_0000020.npz,9.83583381383862,108.95068337689645,0.009913910680097796,30.35437086869834,136.09601957603778,165.45039044473612,166.45039044474234,4,25746.927264631013,12367.478274227527,TB5-3D,25,1.8132323482248982,1.8023388180662043,2.073086258487527,980,1,0.0007386005225314618,1,0.581928382025384,75.99684103334934,1.1711013085633346
6985.7255,6759.5705,357.1320343017578,8.0,281.99999996167026,170.99999996167026,0.0,281.99999996167026,365.1320343017578,ep_0000021.npz,12.204335540085811,125.31499136158982,0.014237256785305142,160.04594573341495,37.31285232268312,196.35879805609807,197.35879805609935,10,59655.90485533433,2807.994371049859,TB5-3D,23,1.4361464968893587,1.428869666512215,1.8500925111935917,1125,1,0.0008391073833471205,1,0.8159351986625167,109.35501469576413,1.5637142973041358
6975.437,6844.363,356.77669525146484,14.0,302.99999996805855,140.99999996805855,0.0,302.99999996805855,370.77669525146484,ep_0000022.npz,10.200142208547234,72.03813365171663,0.008013024345672047,25.066516030535016,96.94492116831861,121.01143719885363,122.01143719885363,3,21163.764304110133,10962.612140098314,TB5-3D,29,2.5038955571625006,2.4833737469564485,3.0388683533591596,958,1,0.0007203664998676048,1,0.6496838585919105,86.53254725377256,1.6294446938508604
7169.1805,7090.46,377.1320343017578,6.0,309.99999996167026,160.99999996167026,0.0,309.99999996167026,383.1320343017578,ep_0000023.npz,13.48062160990362,41.277542005627765,0.01553999197073186,101.96526081483415,59.256152308117265,160.22141312295142,161.2214131229499,13,76896.48071606616,446.7041015625,TB5-3D,25,1.93482253039287,1.9228215034020295,2.376433917060232,1335,1,0.0009860976630082527,1,0.8907367090489988,116.56120463695235,1.381248593501837
6901.1705,7150.2815,356.77669525146484,10.0,299.99999996805855,139.99999996805855,0.0,299.99999996805855,366.77669525146484,ep_0000024.npz,11.297581159199764,133.5507033262047,0.009180690053520077,43.73376926429352,178.3201154263083,221.05388469060182,222.05388469060293,0,2405.6249597334463,57959.14858014396,TB5-3D,23,1.3571351636183806,1.3510234256250966,1.6517463577028175,1133,1,0.0008811876416045762,1,0.7233360295679794,94.25879845430937,1.4852724866413567
7139.482,6944.2925,346.0660171508789,11.0,304.9999999808351,95.99999998083513,0.0,304.9999999808351,357.0660171508789,ep_0000025.npz,21.815990663765565,104.27808036946317,0.0069210697872795265,58.5896096235994,46.32977200507666,103.91938162867606,104.91938162867936,3,18473.143775524328,98879.6698340941,TB5-3D,25,2.934967425717166,2.9069938770727983,3.4032417233888475,2094,1,0.0015531179374696014,1,0.505301930470039,66.81620463214021,1.4367772086033275
6866.2505,6746.3895,335.71067810058594,14.0,314.9999999872234,63.99999998722342,0.0,314.9999999872234,349.71067810058594,ep_0000026.npz,13.42605161663698,67.3846334843247,0.004809710661681802,113.21697393212209,114.70856272962752,226.92553666174962,227.92553666174962,13,71206.80349355667,1891.0925430126406,TB5-3D,30,1.3881205465947877,1.3820303095510342,1.5343198626293912,1234,1,0.0009848824712036608,1,0.37982671302270327,50.95599187683932,1.2559857561385808
6682.4695,6937.86,347.1320343017578,9.0,278.99999996167026,164.99999996167026,0.0,278.99999996167026,356.1320343017578,ep_0000027.npz,7.855918119144731,143.47111478869738,0.012386762516735286,65.85671523045204,78.71590991853832,143.57262514899037,144.572625148992,1,7431.258402167241,251.96118987008427,TB5-3D,24,1.9432673859110825,1.929825924334857,2.4633434852188607,753,1,0.0005799016228262479,1,0.9582207923177228,126.76344068732115,1.3016371208214887
6976.362,6890.35,351.4213562011719,14.0,256.99999997444684,166.99999997444684,0.0,256.99999997444684,365.4213562011719,ep_0000028.npz,10.214147446119709,47.03151346012419,0.012647787615740688,98.96633069444795,56.65754728003163,154.62387797447957,155.62387797447957,10,57425.3780835939,87.87729327598316,TB5-3D,26,1.6620977519194304,1.6514175287200574,2.3481059652111775,969,1,0.0007287673304479679,1,0.980194044486183,130.11650143859694,1.2834651879512418
6749.9615,6939.7195,372.1320343017578,26.0,303.99999996167026,181.99999996167026,0.0,303.99999996167026,398.1320343017578,ep_0000029.npz,11.210780743549096,105.78529035293832,0.014929080644477897,20.43534489103299,124.63525376583043,144.0705986568634,145.07059865686537,2,14363.907280792557,30974.4873046875,TB5-3D,36,2.110076606856578,2.0955314362541486,2.7444019531721735,1075,1,0.0008121213830497371,1,0.9496009868634612,125.60631762946663,1.4489717029884008
7139.9475,6767.6565,361.77669525146484,10.0,306.99999996805855,137.99999996805855,0.0,306.99999996805855,371.77669525146484,ep_0000030.npz,13.471104000391524,202.72377835912175,0.011850629637792036,95.06523847255009,107.09135983122879,201.15659830377888,202.15659830378164,1,8796.972872666445,41499.13074964887,TB5-3D,24,1.5261741476878579,1.5186246827656265,1.8390529835330645,1244,1,0.0009811520189224334,1,0.6836110090249504,91.56585896051195,1.507111946905576
6840.1195,7059.082,416.0660171508789,46.0,372.9999999808351,132.99999998083513,0.0,372.9999999808351,462.0660171508789,ep_0000031.npz,19.100498844786244,119.3189094053705,0.014008139958112854,221.8956494515591,103.5475751208992,324.4432245724583,325.4432245724583,2,15513.927247852547,18847.11058198736,TB5-3D,65,1.1496618567774486,1.1461292533309095,1.4198053063108163,1879,1,0.0013805974439521122,1,0.8492178033534896,111.37488204814505,1.1941651253407566
7055.549,6789.9565,342.4873733520508,14.0,242.99999995528196,215.99999995528196,0.0,242.99999995528196,356.4873733520508,ep_0000032.npz,9.407062417102273,145.57822066870176,0.011861426451867201,122.47229421854382,23.722406335222022,145.19470055376584,146.1947005537666,3,20648.35771354722,10491.546864027385,TB5-3D,26,1.6736148015629444,1.6621669529389875,2.4384425153697276,873,1,0.000676920364997191,1,0.9191640630962976,122.91393955573119,1.7573271244580362
7100.774,6883.601,356.4213562011719,12.0,321.99999997444684,104.99999997444682,0.0,321.99999997444684,368.4213562011719,ep_0000033.npz,15.159021757235106,117.26391954167502,0.008986814611395208,74.53000343759582,123.10862185502683,196.63862529262263,197.63862529262215,13,82336.78872236185,605.056179775281,TB5-3D,26,1.6375216186304749,1.6292361854758717,1.8641161648219835,1436,1,0.001014960334557771,1,0.651965515300665,86.5885950323915,1.2126308312909788
6907.9505,7095.687,296.0660171508789,16.0,223.99999998083513,131.99999998083513,0.0,223.99999998083513,312.0660171508789,ep_0000034.npz,13.405208582337936,101.1580818826651,0.012114851785547026,80.53777903316639,20.481777267036197,100.01955630020258,101.01955630020358,11,69194.05742449123,8067.09533005618,TB5-3D,27,2.2395620243356493,2.217392435531651,3.0891644012323782,1329,1,0.0010189446474672317,1,0.7656401935746285,100.1545130047778,1.3179635746872251
7054.1125,7142.7155,383.5533905029297,38.0,287.9999999361171,279.99999993611704,0.0,287.9999999361171,421.5533905029297,ep_0000035.npz,29.96170311400694,46.76830982853062,0.014849864593699715,100.16894027946138,48.979954045783174,148.14889432524456,149.1488943252506,7,46170.30249194962,58693.655635533716,TB5-3D,46,1.943990208282249,1.930956318778149,2.8263929974810518,3000,0,0.0021671886723038094,4,0.924326405448358,120.51336958888363,2.3233936690286083
6850.5375,7157.952,322.1320343017578,9.0,219.99999996167026,198.99999996167026,0.0,219.99999996167026,331.1320343017578,ep_0000036.npz,5.276342353832165,165.57688934916405,0.00557388369230413,105.14959726312752,59.95222728930781,164.10182455243532,165.101824552438,1,8951.419962214402,7102.276817064606,TB5-3D,20,1.3406310414993212,1.3325110159021656,2.0056231068275503,530,1,0.0003903460092005257,1,0.32051524458059016,41.74456971381884,4.767087104404735
6995.147,7108.504,316.4213562011719,6.0,257.99999997444684,122.99999997444684,10.0,247.99999997444684,322.4213562011719,ep_0000037.npz,6.035652146408976,60.42900197317795,0.011395293556788456,82.5323898328489,147.95908304442668,229.49147287727558,230.49147287727556,0,2485.592864686796,6404.165203651684,TB5-3D,21,1.1242247772422318,1.119347265882665,1.398842882022122,600,1,0.0004550099563754469,1,0.656144523855655,85.7539798459189,1.4343357613891607
6992.3195,7085.1855,351.4213562011719,16.0,311.99999997444684,113.99999997444682,0.0,311.99999997444684,367.4213562011719,ep_0000038.npz,8.380462029275666,49.64313244670484,0.009500122833998988,123.04167790159488,71.44520447696215,193.48688237855703,194.48688237855703,2,15462.133043690948,17685.5182913448,TB5-3D,26,1.61251241499679,1.6042213035589599,1.8891832277202547,829,1,0.0006442097764120607,1,0.5463472585961431,71.52168964040783,1.5939220752139487
7116.123,6852.7415,371.77669525146484,17.0,307.99999996805855,153.99999996805855,0.0,307.99999996805855,388.77669525146484,ep_0000039.npz,12.10507458140454,142.45752793794418,0.01587543584081731,169.73673085875862,32.09410856536069,200.83083942411932,201.8308394241144,11,66000.78346497467,2339.214251228933,TB5-3D,32,1.5336290026534065,1.5260304165947953,1.9262502022028178,1139,1,0.0008675069330826935,1,0.9866768545038771,131.335960610926,1.1725653754821441
6847.2515,6931.2085,337.1320343017578,12.0,273.99999996167026,162.99999996167023,0.0,273.99999996167026,349.1320343017578,ep_0000040.npz,17.113574213128132,46.34958230543725,0.014742228739499211,65.02973549151996,111.88702067413803,175.916756165658,176.916756165658,5,30467.005583130398,40862.021484375,TB5-3D,27,1.5575548681880471,1.5487509826661487,1.9734254791267147,1638,1,0.001264833149973559,1,0.926137045908646,122.57793545010412,1.329766236991486
6813.712,6732.7055,347.4873733520508,12.0,260.99999995528196,200.99999995528196,0.0,260.99999995528196,359.4873733520508,ep_0000041.npz,7.7920916943217335,45.874663670836526,0.013912131250876885,64.25350280184392,69.08369837929713,132.33720118114104,133.33720118114104,6,37264.18799209154,4248.462956460675,TB5-3D,27,1.97223454649029,1.9574432164712132,2.6960770900214155,714,1,0.0005444237604024079,1,0.9162828972053159,123.04852123077802,1.633501954715129
7010.6385,7134.0275,331.4213562011719,15.0,263.99999997444684,140.99999997444684,0.0,263.99999997444684,346.4213562011719,ep_0000042.npz,15.708609858792501,65.49131015652256,0.01516084477336398,119.16372016389582,52.628056979747576,170.7917771436434,171.79177714364823,14,86144.00873564162,4876.877962605337,TB5-3D,30,1.5457418640969536,1.5367441001189264,2.016518846018471,1570,1,0.0011362207699472985,1,0.9442147423726714,123.1812844916374,1.1446544055482644
6940.1005,7167.4885,361.77669525146484,20.0,303.99999996805855,150.99999996805855,0.0,303.99999996805855,381.77669525146484,ep_0000043.npz,15.34041323587687,121.1754231776813,0.013640623485368276,41.23303471934185,119.15720690524192,159.39024162458378,160.39024162526113,12,73337.41221669613,16839.385533707868,TB5-3D,31,1.9072685809968097,1.8953771556646821,2.3802987724368876,1544,1,0.0011954642741594417,1,0.7843730545904464,102.08972353272243,1.479091085202705
7023.3135,6957.5955,336.4213562011719,15.0,296.99999997444684,112.99999997444684,0.0,296.99999997444684,351.4213562011719,ep_0000044.npz,24.11163418809575,35.49512490713823,0.008423756153532832,42.98597019270775,81.66777563140981,123.65374582411755,124.65374582411862,10,62668.69502161307,61077.14454222261,TB5-3D,33,2.401868200554905,2.3825998810617515,2.8191800725909446,2321,1,0.0017551716771746523,1,0.6746754674041343,89.12695656933508,1.2678543543281438
7154.271,7007.256,321.77669525146484,11.0,240.99999996805855,164.99999996805855,0.0,240.99999996805855,332.77669525146484,ep_0000045.npz,10.68935826206471,77.8929154835223,0.010477006393324035,20.351353854931553,99.74253719511553,119.09389105004709,120.09389105005108,3,21952.614321287772,11058.102176966291,TB5-3D,21,2.02361345190059,2.00676319054079,2.7709710489168407,1040,1,0.000792897304347971,1,0.7363460458329728,96.92844235065365,1.7022867175678476
6802.8725,7048.0475,352.1320343017578,10.0,279.99999996167026,169.99999996167026,0.0,279.99999996167026,362.1320343017578,ep_0000046.npz,10.18912843042078,134.30530720910883,0.015184876680871961,76.19117150638434,59.24012429216038,134.4312957985447,135.43129579854238,1,9204.681406739335,1045.7996839887642,TB5-3D,21,2.0828483300590293,2.0674689576785683,2.6739169271513044,1000,1,0.000769747665494931,1,0.8765113993594191,115.04431909663475,1.4776913914269327
6856.246,7098.294,342.4873733520508,19.0,261.99999995528196,201.99999995528196,10.0,251.99999995528196,361.4873733520508,ep_0000047.npz,13.871637434176554,131.1176338191235,0.013638433342071484,139.4730919849608,49.79107256639173,188.26416455135254,189.26416455135254,12,76257.92123300067,2812.1365870786517,TB5-3D,30,1.391661554813936,1.3843085434389997,1.9099620586335,1376,1,0.0010274583147386956,1,0.9605327046300666,125.62507517129013,1.607959236480889
6731.3665,7121.2085,331.77669525146484,12.0,242.99999996805855,173.99999996805855,0.0,242.99999996805855,343.77669525146484,ep_0000048.npz,20.79739879792308,213.55305112995302,0.01539204846968218,111.23641232752213,103.10385843069815,213.3402707582203,214.3402707582169,19,112412.54812568292,5540.298125877809,TB5-3D,27,1.139025459677286,1.1337113604851736,1.603882900937718,2073,1,0.0016122210170628922,1,0.8830433013617728,115.30472565428853,1.5090448286547478
6777.903,6890.501,342.1320343017578,12.0,277.99999996167026,163.99999996167026,0.0,277.99999996167026,354.1320343017578,ep_0000049.npz,14.756797082916686,62.91423269780444,0.01613586321325411,36.71793035216245,100.35101123451338,136.06894158667583,137.06894158667322,12,70149.47714423793,9062.840150983146,TB5-3D,25,2.043081960658777,2.028176454444143,2.5836052296196397,1400,1,0.0010836373780513536,1,0.9354090277069383,124.17025964657746,1.3207671501087228
6915.788,6825.6435,346.4213562011719,6.0,274.99999997444684,135.99999997444684,0.0,274.99999997444684,352.4213562011719,ep_0000050.npz,15.705315431520942,49.966871986884144,0.009889263313527718,87.37368376854468,94.71415943587391,181.0878432044186,182.0878432044186,15,88074.71573314465,61.896067415730336,TB5-3D,22,1.5186000070916785,1.5102600763177891,1.9354469249522086,1469,1,0.0010858680636394193,1,0.5684789924976884,75.82057850830917,1.793708286722484
6784.2385,6872.99,346.0660171508789,15.0,322.9999999808351,81.99999998083511,0.0,322.9999999808351,361.0660171508789,ep_0000051.npz,14.591030592488613,49.65038287284824,0.008254617313097757,107.84483256989813,75.34322535140753,182.18805792130564,183.18805792131315,13,78617.26618950446,174.31179775280899,TB5-3D,29,1.7728933699943814,1.7632153735675118,1.971012855575835,1379,1,0.0010749311235884837,1,0.5249885633704257,69.77851501378537,1.1751468193989982
6989.34,7090.7805,357.1320343017578,21.0,289.99999996167026,175.99999996167026,0.0,289.99999996167026,378.1320343017578,ep_0000052.npz,20.880925398221514,54.2118418867567,0.014202727263988905,129.58286889174653,71.80869435563564,200.39156324738218,201.39156324712428,13,82745.79876658332,22754.78471734551,TB5-3D,32,1.4471667133194974,1.4399808774800362,1.8775962021693937,2068,1,0.0015548318439376901,1,0.9191079274790567,120.27104655906098,1.463361340879683
6674.969,6876.1785,356.0660171508789,18.0,328.9999999808351,88.99999998083513,0.0,328.9999999808351,374.0660171508789,ep_0000053.npz,12.550767247310027,113.89487131912938,0.004671862481758265,125.3469151851014,14.634708138651057,138.98162332375244,139.9816233237565,1,9114.188531767362,46931.147954705055,TB5-3D,29,2.3672194360145156,2.350308505995158,2.6722508874305615,1187,1,0.0008820729712386,1,0.3088213470717201,41.037365441789504,2.168755206936455
7102.566,6999.7205,356.77669525146484,10.0,307.99999996805855,131.99999996805852,0.0,307.99999996805855,366.77669525146484,ep_0000054.npz,7.535816290132346,54.83319366763044,0.009830841815713887,4.14049528122331,59.81189980284088,62.952395084064186,63.952395084064186,3,21782.507953336255,2461.3917661516853,TB5-3D,24,4.892585890604596,4.816082330664841,5.73515182299809,732,1,0.000569968315176268,1,0.5800266545892115,76.3927252005292,1.7279132223855278
7101.356,7164.61,361.77669525146484,16.0,297.99999996805855,152.99999996805855,0.0,297.99999996805855,377.77669525146484,ep_0000055.npz,10.637393260268864,33.14540307675543,0.005633205003614549,52.317946482366004,85.32419905831286,136.64214554067885,137.64214554067064,10,58464.4113601062,0.0,TB5-3D,30,2.180879104239057,2.165034545178644,2.744629515672865,1070,1,0.0007735507789727449,1,0.36090884992991334,46.983654221649296,3.2564516852237233
7124.8415,6886.299,362.1320343017578,21.0,305.99999996167026,164.99999996167026,0.0,305.99999996167026,383.1320343017578,ep_0000056.npz,18.705537497220934,128.43595911214925,0.010523767562850186,158.62579474703486,35.45222662962445,193.0780213766593,194.07802137665783,9,53582.236746015915,40852.28488193469,TB5-3D,32,1.584851542292953,1.5766854886046027,1.9741134600614694,1773,1,0.0013458591676382386,1,0.7912848858653819,105.07096880848994,1.5703671702353041
6836.7795,6929.1795,342.1320343017578,12.0,273.99999996167026,167.99999996167026,0.0,273.99999996167026,354.1320343017578,ep_0000057.npz,12.344327912348188,51.080305610103096,0.016539462548301607,29.20667522129095,80.4812424326272,108.68791765391815,109.68791765391815,11,65207.55348551966,2736.479217872191,TB5-3D,28,2.5209793864497017,2.4979961861084954,3.2285418656510334,1181,1,0.0009096673369162345,1,0.9565271188469715,126.61862513555161,1.3268190187803557
6978.289,6773.913,341.77669525146484,15.0,231.99999996805855,197.99999996805855,0.0,231.99999996805855,356.77669525146484,ep_0000058.npz,23.520151205113176,113.15959632781869,0.015128135851990685,36.5313614482509,74.76160199618289,110.29296344443378,111.29296344443324,18,106135.77541131436,15876.12057803722,TB5-3D,30,2.1034886789032687,2.0845882146349024,3.205743509827534,2175,1,0.0016549108922615885,1,0.9623922236316026,128.84674388997016,1.5367093803871554
6747.487,6689.9875,317.1320343017578,21.0,231.99999996167026,193.99999996167026,0.0,231.99999996167026,338.1320343017578,ep_0000059.npz,13.232604057114417,32.95903262161755,0.01585311464486466,39.25671739630223,7.100914099631259,45.35763149593349,46.35763149593327,4,25108.06409508984,34388.13959357444,TB5-3D,31,5.1149055254895766,5.004569743430971,7.293988570822918,1201,1,0.0009296674774740537,1,0.9083626525324516,122.37376554482829,1.5853071048189953
7102.0865,6939.503,346.4213562011719,15.0,294.99999997444684,124.99999997444684,0.0,294.99999997444684,361.4213562011719,ep_0000060.npz,11.430316928899979,87.24846222247379,0.005465189105394902,112.4160921857206,25.986774969082308,137.40286715480292,138.40286715480607,3,20064.066964098078,2964.7054950842694,TB5-3D,30,2.1469712101574228,2.1314587337593527,2.6113718857927677,1096,1,0.0007860102516946967,1,0.42633808679509516,56.39429886491151,2.2165361125222134
6832.221,7167.814,330.35533905029297,18.0,234.9999999936117,127.99999999361171,0.0,234.9999999936117,348.35533905029297,ep_0000061.npz,9.418213181951753,180.9242179142566,0.013679262207385029,186.0704349091649,7.622002292777013,192.6924372019419,193.6924372019392,5,34461.11396688918,18133.71422928371,TB5-3D,33,1.2195600585368662,1.2132636843668099,1.7984973707936043,948,1,0.0007303215780327127,1,0.926062340714599,120.52812157327044,1.0619928222792308
6940.361,6821.0285,331.0660171508789,14.0,263.9999999808351,124.99999998083511,20.0,243.99999998083513,345.0660171508789,ep_0000062.npz,13.142071949170669,66.00266034689412,0.007230662172030261,2.7694602891753552,70.15258221367563,71.92204250285099,72.92204250285175,0,2341.612781896123,15624.944478581463,TB5-3D,28,3.6706410273369277,3.620304518630439,4.731985080332664,1228,1,0.0009591064401383046,1,0.41516395067380724,55.39110248952181,2.256680123030247
7056.1665,7167.237,371.4213562011719,10.0,327.99999997444684,111.99999997444682,0.0,327.99999997444684,381.4213562011719,ep_0000063.npz,12.231245252929124,58.46382804356472,0.010764833907331819,129.53840936995735,70.86556994997976,199.4039793199371,200.40397931993712,10,67258.75955997941,4393.785002633427,TB5-3D,25,1.644901977849608,1.636694047131707,1.9032623877804722,1231,1,0.000912465516103006,1,0.6753359680412157,87.89977011900116,1.2741785311021645
7132.598,6748.6485,382.84271240234375,19.0,301.9999999488937,216.99999994889367,0.0,301.9999999488937,401.84271240234375,ep_0000064.npz,14.311031778229577,209.67175818633677,0.0153607700252067,50.86446899890443,155.7616805009113,205.6261494998157,206.62614949981412,1,9724.927898476264,7391.886630969101,TB5-3D,33,1.4686847985215243,1.4615768656578743,1.9447814972843274,1316,1,0.0010175560634495143,1,0.986875143433219,132.37156183193488,1.6393249195352624
7158.8295,6920.283,336.77669525146484,16.0,236.99999996805855,188.99999996805855,0.0,236.99999996805855,352.77669525146484,ep_0000065.npz,10.273619923574405,127.50898118047462,0.01232083025430198,90.83804561291534,36.12715619341673,125.96520180633206,126.96520180633209,1,10607.833068176815,20366.00821848666,TB5-3D,26,1.8814719983733235,1.8666531978547112,2.7785305755633503,981,1,0.0007405290680452295,1,0.9548221328754068,126.47415310450563,1.4943764819036802
6834.335,7143.7505,341.4213562011719,15.0,274.99999997444684,139.99999997444684,0.0,274.99999997444684,356.4213562011719,ep_0000066.npz,15.376998553871527,167.19921429503938,0.013077005604848584,61.44092278069361,106.85819084641318,167.2991136271068,168.2991136271048,9,55016.27586462635,23846.96826720506,TB5-3D,28,1.643762444476512,1.6339955335935752,2.117785106051621,1540,1,0.0011688975303563924,1,0.7914432075159087,103.18092567404558,1.3568399300536884
6859.241,6938.9215,346.0660171508789,10.0,299.9999999808351,99.99999998083513,0.0,299.9999999808351,356.0660171508789,ep_0000067.npz,16.188030921742836,43.8944371434809,0.008121841603607596,72.87180901943236,113.89666898930693,185.7684780087393,186.7684780087393,11,62673.53869275598,9722.64922752809,TB5-3D,25,1.614913376028854,1.6062667703850833,1.9064567048311964,1552,1,0.0011692465667171355,1,0.614614198937627,81.30191501052212,1.2299833277960683
6848.661,7121.4485,336.0660171508789,11.0,264.9999999808351,125.99999998083513,0.0,264.9999999808351,347.0660171508789,ep_0000068.npz,13.282375323702997,147.52673948223037,0.013627969696245374,71.79499351573382,76.51012770569298,147.30512122142682,148.30512122143034,6,38641.46385635194,36594.86547577247,TB5-3D,22,1.7989870126951741,1.7868567032501248,2.3402159972121535,1324,1,0.0010004427826603172,1,0.8364465769051822,109.2185579390834,1.153650097185055
6711.7885,7163.2925,351.77669525146484,17.0,290.99999996805855,150.99999996805855,0.0,290.99999996805855,368.77669525146484,ep_0000069.npz,14.647853543191196,246.75430616271024,0.013806536338806503,218.69031692318686,24.927560566726573,242.61787748991344,243.61787748990798,4,27773.94741147091,56600.25450974369,TB5-3D,32,1.1994169719836765,1.1944936183105586,1.5137505467624872,1473,1,0.0011140605649902274,1,0.8349050352260222,108.69839981159723,1.3891648840257176
6918.8745,6695.4615,341.0660171508789,15.0,293.9999999808351,105.99999998083513,0.0,293.9999999808351,356.0660171508789,ep_0000070.npz,14.34984088780789,125.58607628749905,0.008601886771506256,139.99162146604118,16.404702272165416,155.3963237382066,156.39632373819975,0,3354.3694847004153,29627.596558988764,TB5-3D,27,1.8919366488755014,1.8798395828854493,2.2766904530755916,1304,1,0.0010135923486009485,1,0.6558567487760152,88.32072341629718,1.2001713287741902
6732.128,7047.943,341.77669525146484,15.0,263.99999996805855,165.99999996805855,0.0,263.99999996805855,356.77669525146484,ep_0000071.npz,7.743909832600232,174.35123201758415,0.009431879287071392,138.12439423029613,35.70588075475737,172.8302749850535,173.83027498505487,1,9256.521831265325,30274.11999648876,TB5-3D,26,1.5275101540565705,1.5187227885979935,2.052442793881209,760,1,0.0005923996106659481,1,0.7516600770040819,98.65825590448725,1.6825758619609696
6762.8245,6961.8525,337.1320343017578,14.0,219.99999996167026,218.99999996167026,0.0,219.99999996167026,351.1320343017578,ep_0000072.npz,11.62441392457556,110.52973221764569,0.015525817681624612,26.48010494983887,83.47947104314426,108.95957599298313,109.959575992986,8,49886.52973467884,13420.681179775282,TB5-3D,25,2.019097430920968,2.0007352517956543,3.1932829053847525,1120,1,0.0008522525058493061,1,0.9920420748186279,131.0112268895133,1.6716124652917053
6902.0635,7152.3905,336.77669525146484,6.0,263.99999996805855,151.99999996805855,0.0,263.99999996805855,342.77669525146484,ep_0000073.npz,8.471930202493619,134.159764338252,0.015612888354162562,107.96193060935161,26.625016552759405,133.58694716211102,134.58694716211738,1,10267.685256735453,29198.97735252809,TB5-3D,20,1.976240984440554,1.9615572351905421,2.5468791920703238,850,1,0.0006131983472588497,1,0.8946754336834217,116.5686446324799,1.3039527091293492
6691.386,6801.78,341.0660171508789,21.0,305.9999999808351,99.99999998083513,1.0,304.9999999808351,362.0660171508789,ep_0000074.npz,18.302948033901032,62.88824311758708,0.009874405111867586,28.02521761362783,35.35314064459083,62.37835825821866,63.37835825821866,3,19639.513116425296,1042.1382329705057,TB5-3D,33,4.905547509187902,4.828146521784575,5.712770527689199,1703,1,0.0012424581564084056,1,0.6432944300667751,85.94932593344329,1.1634762564429217
7123.598,6983.221,367.1320343017578,10.0,290.99999996167026,173.99999996167026,10.0,280.99999996167026,377.1320343017578,ep_0000075.npz,11.788057200445053,74.80873811514903,0.006656406517167484,11.565727431559061,62.61165196153635,73.1773793930954,74.17737939309802,1,9007.727784669441,38176.53841511588,TB5-3D,24,3.9766387150661933,3.92302885788854,5.084191938126744,1141,1,0.0008153340079001648,1,0.49572152294203825,65.36643245984997,2.6619167271909214
6857.591,6705.251,331.0660171508789,10.0,272.9999999808351,111.99999998083511,0.0,272.9999999808351,341.0660171508789,ep_0000076.npz,11.18901599056618,86.11768193551325,0.009668756797473244,152.04083610925974,68.81751297539876,219.8583490846585,220.85834908465995,10,53598.181678199144,3927.749901246488,TB5-3D,22,1.2417085869944104,1.2360863925329266,1.5442749552571393,1019,1,0.0007633648524339686,1,0.7155086327791448,96.2832611669509,1.1632343838731438
7079.5975,6970.584,346.4213562011719,13.0,265.99999997444684,151.99999997444684,0.0,265.99999997444684,359.4213562011719,ep_0000077.npz,17.217398907783867,58.44549912193543,0.014483201089725325,71.33347070654071,125.79372606853534,196.12719677507604,197.12719677508423,3,21560.74046477983,71878.9104195927,TB5-3D,29,1.3562626925194001,1.3493825526162393,1.8232966433914244,1662,1,0.001283953070674728,1,0.9105333720280461,120.17191187801559,1.2648546369865479
6826.14,7107.998,361.4213562011719,19.0,319.99999997444684,118.99999997444684,0.0,319.99999997444684,380.4213562011719,ep_0000078.npz,13.118884722779427,153.02441973747318,0.009303021054874388,167.79909082775313,215.24457359164086,382.04366441939396,383.0436644193915,8,52706.32188332448,2032.706724016854,TB5-3D,33,0.837600593274496,0.8354138958530882,0.9931540227347332,1304,1,0.0009579574447348537,1,0.7206402926407928,94.18641900632385,1.263451793049452
7045.433,6764.7845,342.1320343017578,6.0,273.99999996167026,161.99999996167026,0.0,273.99999996167026,348.1320343017578,ep_0000079.npz,7.357480078672932,154.4233980231902,0.009156547440675986,86.51217742604112,67.83679949794144,153.34897692398255,154.3489769239792,1,9397.10096776986,19986.56496883778,TB5-3D,19,1.786774228676441,1.7751980312549933,2.2554865036340455,679,1,0.0005035650026433659,1,0.5298722553486905,70.98864795653888,2.2820550133713056
7108.2745,6945.7755,351.77669525146484,9.0,256.99999996805855,176.99999996805855,0.0,256.99999996805855,360.77669525146484,ep_0000080.npz,13.987341218093995,87.08715663585735,0.01575434336840595,0.8673173023669506,86.8995061236501,86.76682342601705,87.76682342601705,12,73371.38962127067,1655.1720505617977,TB5-3D,23,2.9619616095222523,2.9282135314455857,4.110627241232915,1343,1,0.0009755810060838134,1,0.9147386341226583,120.94231965574765,1.4635075668457034
7166.2485,6812.5515,392.4873733520508,12.0,305.99999995528196,200.99999995528196,0.0,305.99999995528196,404.4873733520508,ep_0000081.npz,13.20949698701528,191.1237787385944,0.0165817683433477,91.19229821608828,197.7484996015307,287.940797817619,288.9407978176167,11,71561.8309876678,116.79775280898876,TB5-3D,28,1.0627184555802391,1.0590404756493863,1.3998970599069522,1232,1,0.0009224095192968243,1,0.9799820951785011,130.82905470849965,1.5363559753842926
7144.2645,6828.2775,346.4213562011719,16.0,295.99999997444684,124.99999997444684,0.0,295.99999997444684,362.4213562011719,ep_0000082.npz,11.219224159251912,170.85326362944124,0.006969606565288723,32.3530718356103,204.39654449962708,235.7496163352374,236.7496163352339,0,3985.1925050863406,32046.971010358146,TB5-3D,27,1.2555693815150606,1.2502660175605746,1.5308213031610098,1050,1,0.0008088107812632358,1,0.542859273086088,72.3896222914243,1.7267668488616368
7053.602,6932.1155,336.4213562011719,14.0,294.99999997444684,113.99999997444684,0.0,294.99999997444684,350.4213562011719,ep_0000083.npz,25.707106596517164,65.58387415933885,0.01026858892554538,8.669579932246915,55.76672408693174,63.43630401917865,64.43630401917956,14,84190.92082220654,15977.7595022823,TB5-3D,30,4.650333977295709,4.578164506248522,5.4382597129852215,2461,1,0.0018245054699948557,1,0.6041908500165117,79.96233951779875,1.425671142964391
7021.437,6966.1925,342.1320343017578,16.0,256.99999996167026,188.99999996167026,0.0,256.99999996167026,358.1320343017578,ep_0000084.npz,14.703586936770117,29.816680584756796,0.01636948810401719,87.94427943875985,61.415609166462595,148.35988860522244,149.3598886052188,7,42320.98044519759,11886.656974192416,TB5-3D,29,1.732274150228929,1.7206761625335758,2.397779200601548,1418,1,0.0010887767353976027,1,0.9571274284419922,126.36105175287413,1.4957140459015796
6942.3935,6821.3595,346.0660171508789,23.0,319.9999999808351,92.99999998083511,0.0,319.9999999808351,369.0660171508789,ep_0000085.npz,15.14224616635774,66.9265689147187,0.006673005655859496,114.21343744434131,48.00714871772752,161.22058616206883,162.22058616206883,14,81513.94986798755,2947.5026334269664,TB5-3D,35,1.984858184668498,1.972622634103507,2.2750874342308083,1415,1,0.0010509978236691456,1,0.439941635826792,58.695497048613376,1.5844486316183628
7052.3935,6751.184,332.1320343017578,27.0,271.99999996167026,174.99999996167026,1.0,270.99999996167026,359.1320343017578,ep_0000086.npz,25.76925760136737,165.8603701506745,0.012313525949526819,49.03250399320569,114.30428849416847,162.33679248737417,163.33679248737297,17,101102.13066923615,35925.5826457163,TB5-3D,40,1.6755289777135716,1.6652708542853116,2.1987209913499504,2371,1,0.0018605582467349177,1,0.9010117681599308,120.83208558008567,1.448290817141304
7106.866,6770.0185,336.4213562011719,19.0,293.99999997444684,119.99999997444684,0.0,293.99999997444684,355.4213562011719,ep_0000087.npz,12.230210450390858,184.02432942005908,0.008881840009224136,128.55318717254625,55.80755111124004,183.36073828378628,184.36073828378173,4,25724.819354677657,36211.98922489467,TB5-3D,29,1.6033966852785293,1.594699623744727,1.9278581736534433,1130,1,0.000878074861998931,1,0.6023318112626518,80.66499816495183,1.4876340755510695
6697.7075,7040.92,357.1320343017578,8.0,290.99999996167026,161.99999996167026,0.0,290.99999996167026,365.1320343017578,ep_0000088.npz,13.214962149805766,190.34156208054355,0.007846747574995431,141.6777825909952,47.9941399195252,188.6719225105204,189.67192251052268,3,20498.35756032471,55304.21293451545,TB5-3D,23,1.542359859853784,1.5342281351396438,1.925071615602467,1295,1,0.0009896198313228328,1,0.632068640639889,83.00296229136151,1.9517375704376556
7088.515,6844.381,347.1320343017578,15.0,274.99999996167026,174.99999996167026,0.0,274.99999996167026,362.1320343017578,ep_0000089.npz,11.754606028780705,132.55620724168512,0.016887496439411818,160.33428214921992,192.4367839601081,351.771066109328,352.771066109328,10,60135.72291048339,3944.302141853932,TB5-3D,26,0.7817584402356792,0.7795423898978281,1.0265355327909143,1104,1,0.0008694247214770841,1,0.9887750032395406,131.69559732401672,1.3288219463488193
7079.4725,6866.617,335.35533905029297,9.0,286.9999999936117,71.99999999361171,0.0,286.9999999936117,344.35533905029297,ep_0000090.npz,16.518558605939585,115.40590554901792,0.0018575467434614288,10.44161898535179,104.56777921047053,114.00939819582233,115.00939819582233,8,48193.110807440025,38286.727912131326,TB5-3D,27,2.5173363295950484,2.4954482372383797,2.9941495604035038,1559,1,0.0011542420511098442,1,0.11839800754907859,15.74414786731369,4.573127780582548
6867.5775,7052.755,331.0660171508789,5.0,281.9999999808351,97.99999998083513,0.0,281.9999999808351,336.0660171508789,ep_0000091.npz,8.367079417472794,100.67612964961427,0.008032378448831418,79.93376072454507,20.70099212833476,99.63475285287983,100.63475285288362,0,2742.7129794577872,43967.43032391151,TB5-3D,20,2.830337727612321,2.802212873648992,3.3394628358870078,822,1,0.0006188958254653807,1,0.6194176361931443,81.27337751477195,1.2058069072252227
7123.2875,6769.059,347.1320343017578,9.0,278.99999996167026,164.99999996167026,0.0,278.99999996167026,356.1320343017578,ep_0000092.npz,12.947293716401148,193.20123320317634,0.016267971711050024,73.3215039078752,118.4719719423137,190.79347585018888,191.7934758501911,3,20820.890867020007,26166.305740870786,TB5-3D,24,1.4623141526114927,1.4546897318842884,1.8568516615233082,1196,1,0.0009114428502196145,1,0.9424985506219999,126.22863914983348,1.3071518561315958
6909.5285,7116.1645,335.71067810058594,22.0,308.9999999872234,77.99999998722342,0.0,308.9999999872234,357.71067810058594,ep_0000093.npz,14.38183558685908,111.08073174192305,0.006662416259584233,138.26394548117293,26.734729929627882,163.99867541080081,164.9986754108005,5,33377.12804081068,37459.426790730344,TB5-3D,37,1.8841615593126488,1.8727423066754927,2.1679609076253885,1432,1,0.0011114769563272645,1,0.4385794399741976,57.28889880416329,1.3615203227043877
6775.6955,6691.294,370.71067810058594,9.0,354.9999999872234,53.99999998722341,0.0,354.9999999872234,379.71067810058594,ep_0000094.npz,22.10662651797022,48.2208282464353,0.005223126387984904,27.36423946027752,75.03850961792764,101.40274907820516,102.40274907846668,20,113574.8686000181,1183.9044943820224,TB5-3D,25,3.5008912797170386,3.466703806117575,3.7080125437807387,2007,1,0.0016164450568008034,1,0.35628048963273057,47.99351298098447,1.1251520597923053
7061.1005,7113.123,341.0660171508789,9.0,307.9999999808351,85.99999998083513,0.0,307.9999999808351,350.0660171508789,ep_0000095.npz,9.125058146662202,27.525066931806577,0.009573608553052731,74.8732575296024,102.86946058502727,176.74271811462967,177.74271811462808,5,32045.406998950326,14457.949218749998,TB5-3D,23,1.7426460522185485,1.7328417346594351,1.969509754684396,908,1,0.0006680481876630319,1,0.566282286266736,73.98561791484978,1.1623880749338706
6927.4565,7110.2915,341.0660171508789,18.0,321.9999999808351,80.99999998083511,0.0,321.9999999808351,359.0660171508789,ep_0000096.npz,10.508130353941358,98.1577712205144,0.006016469592432099,10.683342134629529,112.87416139540872,122.55750353003825,123.55750353003825,1,9266.129499888662,39869.806936885536,TB5-3D,30,2.62733811236547,2.6060740204463038,2.906064034092319,1045,1,0.0007614347572012936,1,0.3448803702994504,45.06821661672508,1.797275465095185
7170.3445,6812.032,345.71067810058594,31.0,342.9999999872234,62.99999998722341,4.0,338.9999999872234,376.71067810058594,ep_0000097.npz,28.652446122012954,193.54472577784873,0.0014885756738499682,139.575206217345,55.01214059877287,193.58734681611787,194.58734681611753,13,78097.7127070393,71874.94118679775,TB5-3D,46,1.7718100156258023,1.7627045416850968,1.9359464233641694,2672,1,0.0019961259042715913,1,0.08529369480782673,11.387405960638754,5.5324276841439275
6880.403,7105.0875,377.1320343017578,19.0,319.99999996167026,163.99999996167026,0.0,319.99999996167026,396.1320343017578,ep_0000098.npz,13.569880278097788,121.30605665781968,0.01217831175775447,153.07779231114463,30.47198382762684,182.54977613877148,183.54977613877148,9,57814.7811806191,4721.5350684691,TB5-3D,31,1.7529465482248046,1.7433962965976955,2.158172255150369,1348,1,0.0010036975452039423,1,0.7683266990742651,100.43942345916346,1.6328249835917186
6820.841,7045.0975,376.4213562011719,17.0,334.99999997444684,116.99999997444682,0.0,334.99999997444684,393.4213562011719,ep_0000099.npz,12.153070394752596,122.644372735469,0.013098338832592635,141.7588162465225,27.034005329815297,167.79282157633781,168.7928215763348,11,70807.42138750412,712.5632022471912,TB5-3D,31,1.9965097244761312,1.9846815572245562,2.330794358000889,1192,1,0.000900871151099302,1,0.7511111005495421,98.60610904982173,1.1865390603266923
7028.2535,6814.4105,376.0660171508789,29.0,320.9999999808351,127.99999998083513,0.0,320.9999999808351,405.0660171508789,ep_0000100.npz,24.232509650406943,117.24336598844911,0.010590903028509683,70.65054923388568,185.60151945850552,255.25206869239122,256.25206869320135,5,33419.309178024625,28024.82904669944,TB5-3D,43,1.2575804052255415,1.2526728139906393,1.580732671609553,2261,1,0.0016919102490961745,1,0.7406831092342252,98.86931526613978,1.2946382771669893
7058.7375,6871.057,371.4213562011719,18.0,307.99999997444684,139.99999997444684,1.0,306.99999997444684,389.4213562011719,ep_0000101.npz,26.18813904968146,101.93317223008034,0.010092922813856318,166.30595411753424,67.11636961952652,232.42232373706076,233.42232373706162,6,35979.42710501801,75000.59021681882,TB5-3D,35,1.325173911964184,1.3194967603929484,1.6683123960321604,2474,1,0.0018947422464358976,1,0.6569256733811223,87.32695879261404,1.603170451714938
7127.3385,6851.2285,341.0660171508789,20.0,279.9999999808351,124.99999998083513,0.0,279.9999999808351,361.0660171508789,ep_0000102.npz,15.468584885220528,149.1885855840328,0.011061508210711918,13.012668891568836,133.86971200365292,145.88238089522176,146.88238089522176,3,22459.37456641392,22376.516140712778,TB5-3D,34,1.9193544707906962,1.9062871821268512,2.4581982872979475,1455,1,0.0010994672300163784,1,0.6610397951389972,88.00092269969423,1.420439651609124
7045.9385,6759.154,336.4213562011719,76.0,363.99999997444684,106.99999997444682,0.0,363.99999997444684,412.4213562011719,ep_0000103.npz,32.54790295124656,157.8886375706661,0.004938209016979051,15.767294459830493,140.89082914749162,155.6581236073221,156.6581236073221,10,62275.08127884379,49392.556179775274,TB5-3D,85,2.3384580999621174,2.32353095768494,2.6326202989316,3000,0,0.0022850921293230252,4,0.28518347641690756,38.22293177164062,2.799366637120053
7108.205,6777.2085,361.77669525146484,16.0,297.99999996805855,152.99999996805852,0.0,297.99999996805855,377.77669525146484,ep_0000104.npz,11.357080800996199,180.6598439519057,0.010840129029204268,184.02901653153802,43.8976325402806,226.92664907181862,227.92664907181705,10,59789.664507470596,625.6803568293539,TB5-3D,28,1.3131996668833124,1.3074381656625074,1.6574485554448342,1051,1,0.0008473171705518758,1,0.7665874554351446,102.60754596225412,1.491118401996887
7048.2475,6806.517,371.77669525146484,10.0,289.99999996805855,164.99999996805855,0.0,289.99999996805855,381.77669525146484,ep_0000105.npz,11.874299439616303,132.36287702462323,0.01367074393092409,178.31862770457863,187.59973265484308,364.91836035942174,365.91836035942174,10,59415.82643980537,4187.729876228933,TB5-3D,26,0.7946982982232703,0.7925265069596598,1.043338450895075,1106,1,0.0008160689344211895,1,0.8572549616550377,114.49584990525709,1.4411002678664124
6772.0165,6955.5205,351.4213562011719,17.0,320.99999997444684,105.99999997444682,0.0,320.99999997444684,368.4213562011719,ep_0000106.npz,7.0465333438966375,101.87546198253858,0.009890906238698496,37.38833379413056,136.2155418286899,172.60387562282045,173.60387562282048,0,3559.9894644415613,19753.475245786518,TB5-3D,28,1.8597496656211032,1.8490370610841993,2.122195457212145,678,1,0.0005050274008469085,1,0.6144298905517426,81.18049440108028,1.3057323776662817
7165.7515,6961.5925,366.0660171508789,20.0,288.9999999808351,140.99999998083513,0.0,288.9999999808351,386.0660171508789,ep_0000107.npz,9.808648720037247,108.56645334624318,0.012685140272664512,70.60307537284567,182.49924768820517,252.10232306105084,253.10232306105152,2,16235.805954192216,7433.880409497894,TB5-3D,32,1.146359924302835,1.1418306892075607,1.5253357317378506,945,1,0.0007083496505136762,1,0.758999382071525,100.23749463704416,1.4066592595055405
6981.166,7128.768,376.77669525146484,10.0,286.99999996805855,172.99999996805855,0.0,286.99999996805855,386.77669525146484,ep_0000108.npz,7.16183959676464,78.63329548404454,0.0017011970845320292,8.963164495685506,86.8648324093373,94.8279969050228,95.82799690502036,3,21893.862823182215,2185.2234572507023,TB5-3D,24,3.0265323463018006,2.9949493805293432,4.036155484235128,715,1,0.0005604281047980336,1,0.09758212559939204,12.735301655052453,13.584287569617526
6874.4915,6751.161,260.35533905029297,0.0,249.9999999936117,24.999999993611706,0.0,249.9999999936117,260.35533905029297,ep_0000109.npz,1.565074676307476,69.23596630953489,0.008540695591461717,299.1770470052114,228.09482721265422,526.2718742178656,527.2718742178683,1,5494.915254962241,0.0,TB5-3D,10,0.47503963681349404,0.47413869811366405,0.4937781660296076,144,0,0.00011010924141991836,2,0.5677710007015344,76.14273158002896,0.3283307477265343
6904.789,6964.039,402.1320343017578,9.0,312.99999996167026,185.99999996167026,0.0,312.99999996167026,411.1320343017578,ep_0000110.npz,19.430601965958544,32.39034468931368,0.013149731521685587,119.3507281609498,78.82459176268588,197.1753199236357,198.17531992363558,13,80456.25839521186,25230.81191845155,TB5-3D,28,1.5874197647195016,1.5794095858267363,2.0745874635660106,1873,1,0.0014134387436912088,1,0.8808113769679126,116.30390510171624,1.5992584238594543
7090.4295,7020.616,340.35533905029297,1.0,319.9999999936117,35.99999999361171,0.0,319.9999999936117,341.35533905029297,ep_0000111.npz,9.172769406915688,37.18677320117786,0.0035866917754532844,102.71391143626373,141.7559567341587,243.46986817042244,244.46986817042176,4,27975.508538782808,19307.865168539327,TB5-3D,19,1.3143310192685536,1.3089547697163944,1.3963084350842436,895,1,0.0006880042427305224,1,0.2179782969860299,28.66629983213207,1.2558300235616489
7127.4915,6925.967,332.4873733520508,13.0,266.99999995528196,180.99999995528194,0.0,266.99999995528196,345.4873733520508,ep_0000112.npz,11.223268811296156,108.01160197100853,0.016188010067352505,125.64635612812924,18.335699695390222,142.98205582351946,143.98205582351946,1,9291.926900712653,25947.571486569526,TB5-3D,25,1.8673671910609253,1.8543977471925188,2.399516879905638,1073,1,0.0007773671225911452,1,0.9581178058716442,126.85859512349029,1.4267854675442984
6883.271,6806.0205,346.0660171508789,27.0,322.9999999808351,93.99999998083511,0.0,322.9999999808351,373.0660171508789,ep_0000113.npz,20.057521318503895,43.06445088728742,0.006321975577790038,84.08386165511729,48.44857155818338,131.53243321330066,132.53243321330248,19,106889.09634697487,981.6961464185393,TB5-3D,38,2.455668097137985,2.4371392884712777,2.8149035530831386,1868,1,0.0014315392760833078,1,0.3646901867287352,48.71054325323641,1.9297670217338336
6842.6605,6770.913,326.77669525146484,24.0,225.99999996805855,197.99999996805855,0.0,225.99999996805855,350.77669525146484,ep_0000114.npz,22.507784819460547,40.330812524562134,0.015935407272347508,64.58847169842565,24.051942782487604,87.64041448091325,88.64041448091325,1,8110.54535671452,82559.35744382022,TB5-3D,33,2.5787189769313326,2.549627066745301,3.9572998085088695,2080,1,0.0016722227827369806,1,0.9132242531176196,122.29127653896083,1.6190852329927037
7064.8915,6806.4505,355.0,11.0,351.0,15.0,0.0,351.0,366.0,ep_0000115.npz,19.143025479205352,141.2616003499861,0.0012404151533408026,65.10003391620721,76.09134874546893,140.19138266167613,141.19138266167613,2,14564.11404798306,58652.29914633076,TB5-3D,29,2.503720223995995,2.4859874121430545,2.5922261904397663,1783,1,0.0013500033157864391,1,0.08193606319127705,10.94361904765778,1.3706617467838842
6854.8885,6783.156,331.77669525146484,12.0,277.99999996805855,138.99999996805855,0.0,277.99999996805855,343.77669525146484,ep_0000116.npz,14.288299575538554,40.21390091293142,0.014432984917346788,74.04258357702969,35.02531451106484,108.06789808809452,109.06789808809452,13,71918.31943169692,64.9389922752809,TB5-3D,24,2.572456806196408,2.5488709770817897,3.1519512274252794,1324,1,0.0010158973934455784,1,0.8394058097239432,112.30483126810728,1.2377027630825732
7052.1035,6875.904,356.4213562011719,5.0,305.99999997444684,113.99999997444684,0.0,305.99999997444684,361.4213562011719,ep_0000117.npz,14.454866254844157,95.71524952473828,0.007774873395885907,28.973586923160465,65.2604159504119,93.23400287357236,94.23400287357236,3,21141.122713832443,55385.50435612711,TB5-3D,21,3.282064381483121,3.2472355056909463,3.835360328331456,1367,1,0.0010328345083489676,1,0.5656500135208337,75.16703010362062,1.5166223784190154
7002.851,7086.7675,356.77669525146484,13.0,272.99999996805855,169.99999996805855,0.0,272.99999996805855,369.77669525146484,ep_0000118.npz,6.659680698918561,44.80104806003328,0.011361486635385656,95.88784506671934,52.26745936492083,147.15530443164016,148.15530443164016,1,9915.254535389413,17986.63042047051,TB5-3D,24,1.8551828697067358,1.8426609902045226,2.4958721300598605,659,1,0.0004890898875384716,1,0.6512734250386722,85.24780046745889,1.9941863489246456
6689.444,7162.862,326.0660171508789,11.0,292.9999999808351,87.99999998083513,0.0,292.9999999808351,337.0660171508789,ep_0000119.npz,8.105279629744304,259.3796323872448,0.007789555725955803,148.89476434601985,110.01606446943467,257.9108288154545,258.9108288154556,3,19484.283050879145,18897.13285639045,TB5-3D,24,1.1360515621873648,1.1316637520390362,1.3018614118729277,815,1,0.0006616725295269921,1,0.5164411685935364,67.23917069997151,1.3087609359951908
6933.61,6856.303,397.1320343017578,14.0,334.99999996167026,163.99999996167023,0.0,334.99999996167026,411.1320343017578,ep_0000120.npz,23.76650653339448,42.62511218277996,0.0073989193357488475,64.62899805140754,71.23733839053395,134.86633644194148,135.8663364419395,20,121281.17964827262,8343.141020014044,TB5-3D,28,2.483940832083655,2.4656585931043162,3.0260036817688767,2238,1,0.001737638879798082,1,0.4242412454003277,56.45639608476949,2.9048967226923876
6960.773,6882.0635,361.0660171508789,9.0,314.9999999808351,98.99999998083513,0.0,314.9999999808351,370.0660171508789,ep_0000121.npz,7.698210547828796,43.14978841510219,0.006684198034012651,82.18058351656448,41.529731940032626,122.7103154565971,123.7103154565971,7,41449.173463812054,1994.5192349894662,TB5-3D,25,2.5670213527586547,2.5462710916079643,2.9913917508416183,729,1,0.0005433207608576495,1,0.38566857915590047,51.22716898017065,1.932568243604418
7089.822,6810.9295,377.4873733520508,13.0,301.99999995528196,190.99999995528196,0.0,301.99999995528196,390.4873733520508,ep_0000122.npz,14.812363836264485,151.9598551151803,0.0019085582584083634,93.46204574272242,58.84520897865504,151.30725472137746,152.30725472137698,7,41971.91384618217,5632.20884173104,TB5-3D,26,1.9959386647480681,1.982833979298919,2.5638133525969478,1381,1,0.001054266288653005,1,0.14263420010714162,19.04437049523707,10.0292104694692
6812.1075,6761.8315,367.4873733520508,16.0,276.99999995528196,208.99999995528196,0.0,276.99999995528196,383.4873733520508,ep_0000123.npz,6.755100274101939,28.384941121849806,0.013616204781715609,26.233512511019047,8.373165538857359,33.60667804987641,34.606678049874574,5,32136.963688774827,4919.3115234375,TB5-3D,30,8.242409426608015,8.00423547027756,11.081311323767485,623,1,0.0004600824104231937,1,0.8294436586543621,111.14685596136829,1.8803950696358416
6848.5205,6758.018,356.77669525146484,11.0,300.99999996805855,139.99999996805855,0.0,300.99999996805855,367.77669525146484,ep_0000124.npz,17.00514150103853,50.91317545522634,0.014719941196895655,8.181438401949372,57.76312309389689,64.94456149584626,65.94456149584626,15,88906.99012924408,858.3286516853932,TB5-3D,25,4.6347221851256934,4.564440086344619,5.577058773446094,1567,1,0.0011967109363058294,1,0.8920256938114272,119.56651226710711,1.1708964099856303
6846.9935,7092.8525,347.4873733520508,14.0,262.99999995528196,200.99999995528196,0.0,262.99999995528196,361.4873733520508,ep_0000125.npz,16.885145917056168,133.39320314459292,0.012326227129400184,2.928245527525607,138.98304570889454,140.91129123642014,141.91129123641937,10,59340.58967293379,19455.67415730337,TB5-3D,27,1.866422467976836,1.853270431576392,2.5472770362565806,1673,1,0.0013071974465472876,1,0.7327064621398551,95.86561301666926,2.0966850743481062
7153.905,6854.8335,306.4213562011719,19.0,235.99999997444684,147.99999997444684,1.0,234.99999997444684,325.4213562011719,ep_0000126.npz,20.07736471954522,161.07740221758831,0.012230596622671563,19.77650077030161,168.4964675056465,187.27296827594813,188.27296827594813,5,33962.01839140689,29366.277321804773,TB5-3D,30,1.260192552865927,1.2534991195791108,1.7284550149770197,1890,1,0.0013653177456596699,1,0.7480932241534543,99.56356449142724,1.486487559283699
7164.326,7004.153,396.77669525146484,15.0,347.99999996805855,136.99999996805855,0.0,347.99999996805855,411.77669525146484,ep_0000127.npz,15.026472792192209,84.80259934079095,0.014773613292290247,101.4310280048617,182.76489022614177,283.1959182310035,284.19591823100427,1,9528.456563554328,7615.520211551965,TB5-3D,34,1.2288312703864406,1.2245073825627295,1.4489184004281106,1461,1,0.0011031847146418363,1,0.8735017405346767,115.00798967726331,1.1912215868872194
6937.3115,7069.345,356.0660171508789,15.0,334.9999999808351,79.99999998083511,0.0,334.9999999808351,371.0660171508789,ep_0000128.npz,17.314303498958314,71.11820335426182,0.009261576179804559,60.37741138388061,127.2642016264529,186.64161301033351,187.64161301033351,9,52902.84666497578,28769.662921348317,TB5-3D,27,1.7948837591876559,1.7853182703262442,1.977525193894193,1707,1,0.0012851399193861092,1,0.5443936110501078,71.34574104329883,1.1213002880197729
6872.556,6724.4065,341.0660171508789,6.0,294.9999999808351,95.99999998083513,0.0,294.9999999808351,347.0660171508789,ep_0000129.npz,17.340535858388815,83.43351907501528,0.007010297624913442,111.9960771924799,31.654785032533365,142.65086222501327,143.650862225018,16,90738.2816166232,2513.0171392205057,TB5-3D,23,2.067986098222882,2.0535901797703127,2.4160385240655695,1586,1,0.0012187330842743974,1,0.44989388845816175,60.4544471138819,1.5879725076303122
7086.26,6943.9555,346.4213562011719,14.0,290.99999997444684,127.99999997444682,10.0,280.99999997444684,360.4213562011719,ep_0000130.npz,13.190570578675528,76.4579697926265,0.007096162620700216,39.6578336391804,115.32594211940251,153.9837757585829,154.98377575857972,12,72654.65525435423,1280.2247191011236,TB5-3D,29,1.889809485063408,1.87761588947053,2.325542492671007,1266,1,0.000941072135978338,1,0.5347597893083637,70.71311325015063,1.8101310222566698
7016.748,7154.795,326.77669525146484,13.0,212.99999996805855,199.99999996805855,0.0,212.99999996805855,339.77669525146484,ep_0000131.npz,7.471464564871227,73.06352227461593,0.015163838657186398,83.78091306301053,7.451761413274262,90.23267447628479,91.23267447628889,6,39548.8904892227,3360.9523130266853,TB5-3D,26,2.36056396648245,2.3346898596447114,3.7242873477283824,750,1,0.0005697135332303993,1,0.8865552992556287,115.49126960514428,1.7317326292441244
6804.7415,6967.4025,311.0660171508789,8.0,276.9999999808351,85.99999998083513,0.0,276.9999999808351,319.0660171508789,ep_0000132.npz,14.305828232787002,89.86440666197359,0.006151989262732487,13.79847634233703,104.62195509724076,117.42043143957778,118.42043143957778,11,63332.623769487465,6313.163843047752,TB5-3D,20,2.3590443041709808,2.3391233811048067,2.6943493894774186,1380,1,0.0009982436704894634,1,0.4361165964894526,57.57213978176771,1.4937780722902734
6922.183,6804.351,341.0660171508789,15.0,306.9999999808351,92.99999998083513,0.0,306.9999999808351,356.0660171508789,ep_0000133.npz,7.615640633775286,65.42109382900435,0.009138088933246032,13.638606160472762,79.43820440859193,92.07681056906469,93.07681057033145,3,20635.66431876845,7059.970812851123,TB5-3D,28,3.3341728290052086,3.2983510941090675,3.8255072876806993,709,1,0.000524318012859612,1,0.5944960901807662,79.414527413529,1.1710703697393245
7136.3455,6729.61,356.77669525146484,18.0,307.99999996805855,139.99999996805855,0.0,307.99999996805855,374.77669525146484,ep_0000134.npz,12.362373260018796,222.4904913962073,0.011229062578903482,42.801911287460385,174.88614128416893,216.68805257162933,217.68805257162367,1,10186.075811026602,26162.905328300563,TB5-3D,29,1.4213981634554806,1.414868644969482,1.7216227111414666,1132,1,0.0008691940026919355,1,0.649688020738436,87.26776223321569,1.604257934263519
6802.3975,7066.411,346.4213562011719,16.0,313.99999997444684,106.99999997444682,0.0,313.99999997444684,362.4213562011719,ep_0000135.npz,6.201305686127256,144.3478509219376,0.012650585779634167,128.05646075983458,35.47046802909469,162.52692878892927,163.526928788929,4,24102.28976758755,8317.346109111657,TB5-3D,28,1.9319875316307298,1.9201730399996666,2.216279354631335,611,1,0.0004659121604691509,1,0.7300882585319189,95.70160792051303,1.1180585394481346
6821.134,6972.208,365.71067810058594,14.0,342.9999999872234,65.99999998722342,0.0,342.9999999872234,379.71067810058594,ep_0000136.npz,13.856095918879726,83.27006339028412,0.005740236188449782,64.03593946471857,144.80188516620078,207.83782463091933,208.83782463092024,2,14133.095423539617,44420.86299596208,TB5-3D,29,1.6503252023366128,1.6424227775471634,1.818208357473795,1338,1,0.0009855990789256089,1,0.4128954740957167,54.487925156444405,1.2112775408079097
6768.7445,6959.831,347.1320343017578,11.0,269.99999996167026,175.99999996167026,0.0,269.99999996167026,358.1320343017578,ep_0000137.npz,16.281270322310288,106.07358125366773,0.012675009375105005,78.0440451287538,26.728882476231767,103.77292760498557,104.77292760498557,4,24452.84649978389,60080.572331460666,TB5-3D,27,2.601834661439181,2.5770015798319874,3.418173401167004,1568,1,0.0012022052657420792,1,0.7600652651080171,100.39096058158292,1.7531458902481911
6955.337,7025.8765,356.0660171508789,27.0,328.9999999808351,97.99999998083513,0.0,328.9999999808351,383.0660171508789,ep_0000138.npz,24.53903819516259,38.09808153042377,0.0055395390200290075,161.2908762012476,123.79308612087142,284.083962322119,285.083962322119,11,71085.30482385975,35479.60306574789,TB5-3D,44,1.1581083187222883,1.1540459775464147,1.3436954293417918,2397,1,0.0018162347677381746,1,0.3647914656275219,47.95566696518017,2.0435541028340056
7053.8245,6802.65,352.4873733520508,12.0,281.99999995528196,184.99999995528194,10.0,271.99999995528196,364.4873733520508,ep_0000139.npz,6.586937673862279,137.50985806977496,0.015348971650578727,50.21542633079873,85.81165819709115,135.02708452788988,136.02708452788812,3,19906.564448202524,7882.379849894663,TB5-3D,27,2.0884698869213514,2.0731165483258347,2.6795205867793483,613,1,0.000461247983259311,1,0.8810340518070253,117.70518857503534,1.5717234065458987
6755.5545,6948.383,376.0660171508789,10.0,342.9999999808351,86.99999998083511,0.0,342.9999999808351,386.0660171508789,ep_0000140.npz,19.433855277085083,107.3295487095611,0.005608016077764891,161.75147807780883,58.16423977344793,218.91571785125677,219.91571785125677,2,14923.385614460278,86570.09979590941,TB5-3D,27,1.5668130335615644,1.5596884266945767,1.7555180726645483,1867,1,0.0014730227295643352,1,0.3780624164631508,49.976645109153,1.7408131296292526
7048.577,7111.56,401.0660171508789,23.0,366.9999999808351,100.99999998083513,0.0,366.9999999808351,424.0660171508789,ep_0000141.npz,23.8556190173778,33.37407733884629,0.009115217132159329,172.11780039657972,140.62789066329086,311.7456910598706,312.7456910598725,4,28387.722897615018,43122.84881934691,TB5-3D,38,1.17724161233187,1.1734773986400857,1.3559451953238744,2373,1,0.0017356896910849875,1,0.5479850098930652,71.60293748958172,1.410556654823424
6918.8255,7034.3835,351.77669525146484,7.0,278.99999996805855,152.99999996805855,0.0,278.99999996805855,358.77669525146484,ep_0000142.npz,12.00712617313531,62.601382460643435,0.017240197938898517,46.72477475817485,107.53775841322903,153.26253317140387,154.26253317140387,8,47348.64229411763,14456.460674157304,TB5-3D,25,1.820405771683507,1.8086050723545206,2.325753946052614,1175,1,0.0009470732837243021,1,0.9975330133027894,131.0554322553867,1.1674449302483596
6707.098,6869.216,356.77669525146484,8.0,296.99999996805855,140.99999996805855,0.0,296.99999996805855,364.77669525146484,ep_0000143.npz,14.126524929854082,91.50936389358321,0.0074635427917600725,50.18494810945782,139.22787732085288,188.4128254303107,189.41282543031159,1,8109.015187764399,44369.08356741573,TB5-3D,23,1.5763258116306502,1.5680036412176863,1.925828910596515,1334,1,0.0010141144148969165,1,0.5490156214057966,72.99207492121475,1.9317165612876372
7062.534,6684.752,377.1320343017578,18.0,321.99999996167026,160.99999996167023,0.0,321.99999996167026,395.1320343017578,ep_0000144.npz,10.964749253802264,209.32578580263726,0.015530771991156565,218.36618549540484,14.240088677044332,231.60627417244916,232.60627417245294,9,52055.76169499807,5812.112227879214,TB5-3D,32,1.3902904880802833,1.3843134760971294,1.698716149027043,994,1,0.0007196247033230237,1,0.9123926775861707,122.96480006647973,1.3093177874857451
6946.8275,7000.6765,362.1320343017578,9.0,293.99999996167026,164.99999996167023,0.0,293.99999996167026,371.1320343017578,ep_0000145.npz,13.0305864363264,29.18899983160827,0.014701360843828087,129.85764419374462,101.33400738849609,230.1916515822407,231.1916515822407,8,52118.73910997459,22526.870830407308,TB5-3D,24,1.2771966226439482,1.271672216317409,1.6053003288042034,1266,1,0.0009999633951843978,1,0.9492324768133978,125.00974595663844,1.3198970904148788
7006.884,6869.668,351.77669525146484,14.0,288.99999996805855,149.99999996805852,0.0,288.99999996805855,365.77669525146484,ep_0000146.npz,15.713413805918611,74.9518254679133,0.013131786535256419,46.648448792462396,74.77413034353097,120.42257913599337,121.42257913599423,12,74476.41048861733,11243.087912570227,TB5-3D,29,2.39988216530133,2.3801174544676433,3.0124273249194626,1484,1,0.0011009706042473264,1,0.7944257056665299,105.61562918815817,1.4202443437687422
7071.553,6761.661,331.4213562011719,10.0,283.99999997444684,115.99999997444684,0.0,283.99999997444684,341.4213562011719,ep_0000147.npz,10.062552426289184,170.09492630796012,0.008927287831899944,43.016906202979314,123.21865709360719,165.23556329658652,166.23556329658453,5,30973.5792390539,8700.91643258427,TB5-3D,23,1.7187583248328102,1.7084190310574892,2.0538406429437397,928,1,0.0006816490261211981,1,0.5234496363730571,70.14439130401114,1.6537316500715502
7090.631,6913.3825,362.1320343017578,17.0,275.99999996167026,190.99999996167026,0.0,275.99999996167026,379.1320343017578,ep_0000148.npz,12.082501842271787,95.50228557631726,0.010753372472601587,16.690138468318466,110.58438171864296,126.27452018696142,127.27452018696144,4,26630.775044520815,1451.25,TB5-3D,31,2.185714105688353,2.1685408796374697,2.9788525915857096,1152,1,0.0008705383027527121,1,0.7954080789682482,105.41137365537872,1.8119486857851441
6742.7195,7062.3315,316.0660171508789,13.0,258.9999999808351,113.99999998083513,0.0,258.9999999808351,329.0660171508789,ep_0000149.npz,10.148073625524665,175.9694420597807,0.012080572013698021,96.14874834656703,80.16471416615722,175.31346251272424,176.31346251272424,3,19605.086835225877,10955.117571541434,TB5-3D,25,1.4773537426541725,1.4689746108420028,1.86636920664598,999,1,0.0007594728418166967,1,0.698790143959952,91.62548470348344,1.244195327858397
6976.463,7084.07,396.77669525146484,20.0,351.99999996805855,137.99999996805855,0.0,351.99999996805855,416.77669525146484,ep_0000150.npz,13.620203602220363,57.627698122398215,0.015058751800468019,176.61874167101791,119.88318474573043,295.50192641674835,296.5019264167465,2,15480.552496117223,32060.938213219804,TB5-3D,33,1.1911935879281903,1.1871760977138037,1.4056458259420104,1347,1,0.0009834886047171728,1,0.8669778960211094,113.50335929510894,1.215823045459459
7008.958,6728.6965,331.0660171508789,13.0,245.99999998083513,141.99999998083513,0.0,245.99999998083513,344.0660171508789,ep_0000151.npz,5.8329078757310056,155.43407740795556,0.00944990524896328,124.74971006848784,31.05005287251179,154.79976294099964,155.799762940995,3,20004.931793700005,11738.232421875,TB5-3D,24,1.5891497203041294,1.5789497707644204,2.208386011994028,534,1,0.0003789850961216636,1,0.5495224427865527,73.81838763393368,1.9236399565514073
7062.6785,7114.6515,352.1320343017578,13.0,287.99999996167026,164.99999996167026,0.0,287.99999996167026,365.1320343017578,ep_0000152.npz,14.30605240613195,27.48983846365263,0.015258492135545162,104.61905175626296,131.54057209774152,235.15962385400448,236.15962385400593,6,37296.262342301445,45379.453125,TB5-3D,26,1.2247000366885727,1.2195141373519127,1.5461238815636102,1424,1,0.0010672520776298681,1,0.9884960327006277,129.13351840042282,1.2777472650441624
7127.8305,6931.8795,345.71067810058594,5.0,306.9999999872234,72.99999998722342,0.0,306.9999999872234,350.71067810058594,ep_0000153.npz,7.312431369345112,104.95387139571721,0.003795680039674044,51.72970975815463,53.10184110059695,103.83155085875157,104.83155085874998,2,14711.305457792685,19834.050210674155,TB5-3D,21,2.9567120730466057,2.9285076627443507,3.3454687565686543,700,1,0.0005143468683388084,1,0.27933456665112877,36.96962152070924,1.974594193406364
6720.669,6957.826,325.71067810058594,12.0,300.9999999872234,65.99999998722342,0.0,300.9999999872234,337.71067810058594,ep_0000154.npz,7.541652978324818,132.37663084398173,0.006563582456986407,169.94198332044556,37.13034714433587,206.07233046478143,207.07233046478143,5,34813.00500111331,4122.943293539327,TB5-3D,25,1.4606521860957238,1.4535983601073976,1.6308826840485253,726,1,0.000547542669089591,1,0.3967345795088054,52.409336466072915,1.2593176032661355
7150.793,7056.0445,371.77669525146484,7.0,324.99999996805855,126.99999996805853,0.0,324.99999996805855,378.77669525146484,ep_0000155.npz,13.243698569088638,49.959416040977885,0.013760885279342593,161.19048416851427,111.34776849629122,271.5382526648055,272.5382526648105,4,25757.197126217827,18586.672884480337,TB5-3D,25,1.1968847732449974,1.1924931520265147,1.3898111239353799,1302,1,0.001013448577046238,1,0.8418619564216503,110.4339426792859,1.1500087462862985
6998.566,7072.478,356.4213562011719,12.0,301.99999997444684,124.99999997444684,0.0,301.99999997444684,368.4213562011719,ep_0000156.npz,15.630297195956134,39.53792304944636,0.006183841028094543,30.65715362395619,70.28617129331909,99.94332491727528,100.94332491728066,14,84378.85728035403,4166.06993943118,TB5-3D,28,3.0217125578363255,2.99177781415388,3.649784237868919,1542,1,0.001112971608306832,1,0.3816815362691849,50.01045449357886,2.4994773840836886
6986.1365,7167.2455,336.4213562011719,5.0,286.99999997444684,112.99999997444684,0.0,286.99999997444684,341.4213562011719,ep_0000157.npz,6.965140267759924,96.04178981551013,0.00770135298881688,31.229676400777617,124.43170317599345,154.66137957677105,155.66137957676494,0,3749.827702513578,26813.619206460677,TB5-3D,21,1.8556668818021589,1.8437457046493142,2.193359439120214,701,1,0.0005329998148364242,1,0.45739119501101433,59.53286206479641,1.898111329696463
6913.1345,6722.238,321.77669525146484,17.0,254.99999996805855,156.99999996805855,0.0,254.99999996805855,338.77669525146484,ep_0000158.npz,6.8476850332239,107.05655539561849,0.01165553327932472,112.9917847723233,83.44541712553108,195.43720189785438,196.43720189785438,5,31540.70729449635,2367.2823033707864,TB5-3D,26,1.3047669404381608,1.2981247823956295,1.7246055837611949,626,1,0.00048208843371741537,1,0.7899769580001772,106.16962837215094,1.478765654314382
7164.069,6682.549,357.4873733520508,17.0,285.99999995528196,190.99999995528196,0.0,285.99999995528196,374.4873733520508,ep_0000159.npz,16.543548723921766,263.9852848538585,0.01492639517803929,97.89256934816954,164.11732259165947,261.009891939829,262.0098919398285,5,31028.46253349254,20264.280580670646,TB5-3D,28,1.0957439115802323,1.0915618408062353,1.4292871562194802,1499,1,0.0011680357759096675,1,0.8979969866933109,121.04465411815316,1.5779300733830388
7040.5665,6974.6865,346.0660171508789,17.0,315.9999999808351,90.99999998083511,0.0,315.9999999808351,363.0660171508789,ep_0000160.npz,8.476901450742993,35.45191193424489,0.007247991334412585,49.73415445238087,83.20087630451785,131.93503075689873,132.93503075689873,0,3085.409109816038,44708.3631056882,TB5-3D,30,2.395118250005121,2.3771010408739546,2.731153820657144,819,1,0.0006143563151597238,1,0.5420802046338834,71.52301905087143,1.2723176564472272
6723.8135,6804.8015,336.0660171508789,14.0,305.9999999808351,87.99999998083513,0.0,305.9999999808351,350.0660171508789,ep_0000161.npz,13.44687621828388,45.95474810132782,0.009350682996300985,116.23137519601899,71.54989578691904,186.78127098293803,187.78127098293527,10,62398.85159185649,1733.836464185393,TB5-3D,27,1.6382798894691504,1.629555484309418,1.8642222161905133,1252,1,0.0009719147996077075,1,0.5863737679580047,78.32694050026781,1.1234959442917887
6796.013,6971.8145,326.4213562011719,15.0,283.99999997444684,115.99999997444684,0.0,283.99999997444684,341.4213562011719,ep_0000162.npz,8.84462462412213,97.17060219359246,0.012072453082891113,145.9334619709438,56.122547662619375,201.05600963356318,202.05600963355667,4,26823.306284368235,8930.145387113764,TB5-3D,25,1.4125417115959584,1.4055508692342364,1.689736211362208,854,1,0.000664355551362745,1,0.6937647789172621,91.5551837332421,1.2669954364618816
7064.393,6929.786,346.77669525146484,16.0,288.99999996805855,146.99999996805855,0.0,288.99999996805855,362.77669525146484,ep_0000163.npz,15.728852322568796,72.60147809024966,0.008745059520761166,96.88395813150133,23.73038930261792,119.61434743411925,120.61434743411172,1,8523.02503177717,42637.51069829705,TB5-3D,27,2.4160981200623355,2.396066522068871,3.007740811677812,1505,1,0.0011708816498293313,1,0.5286886049098686,69.98174267418696,2.100547862210926
6897.3555,7024.0915,386.4213562011719,23.0,339.99999997444684,127.99999997444684,0.0,339.99999997444684,409.4213562011719,ep_0000164.npz,16.611386352362125,68.89232028591232,0.014394315849412457,131.22113307747998,64.1384174672535,194.35955054473348,195.35955054473345,14,87423.59398415861,7115.649359199439,TB5-3D,37,1.7493351832802937,1.7403807442554164,2.0957324843323826,1622,1,0.0012199524109527417,1,0.8357894913626859,109.88647221923442,1.1648385591911088
6936.338,6710.124,367.1320343017578,10.0,288.99999996167026,175.99999996167026,0.0,288.99999996167026,377.1320343017578,ep_0000165.npz,10.727124125929086,126.71207939323449,0.014437441749312118,43.44885389204417,82.05153486564404,124.50038875768821,125.50038875768821,0,1947.2914464513783,55474.31783268961,TB5-3D,25,2.321277891944123,2.302781711056381,3.0050268213105795,978,1,0.0007324350869228702,1,0.9372791121573465,126.07967443338555,1.3959426906250476
6952.4855,7101.844,361.4213562011719,18.0,312.99999997444684,124.99999997444684,0.0,312.99999997444684,379.4213562011719,ep_0000166.npz,17.588460055966962,80.04183312959049,0.00796589484954707,108.72949437523864,129.8733090043479,237.60280337958653,238.60280337958432,15,95408.61597994476,4157.133734199438,TB5-3D,32,1.3173245244687126,1.3118035309774077,1.5901797918005371,1746,1,0.0012960924074132162,1,0.601158246025026,78.60451780409875,1.5902393840259503
6934.0095,7072.087,360.71067810058594,2.0,265.9999999872234,125.99999998722342,0.0,265.9999999872234,362.71067810058594,ep_0000167.npz,11.546293742912585,74.3784216805534,0.01365896336196293,129.59965810478596,68.13500351369143,196.7346616184774,197.73466161848256,9,60159.76774653329,3432.52227440309,TB5-3D,20,1.3520749104347995,1.3452370859513485,1.8343302844921288,1139,1,0.0008520866204322287,1,0.7885347208682467,103.32129757240115,1.2194968796141032
7092.093,6978.8685,366.0660171508789,9.0,310.9999999808351,107.99999998083513,0.0,310.9999999808351,375.0660171508789,ep_0000168.npz,14.839342141637779,60.56882943352775,0.006570010695739603,36.01486468557496,95.93311394603333,130.9479786316083,131.94797863160863,12,74882.54086947042,4753.94136235955,TB5-3D,28,2.374988932481053,2.356989498483563,2.8425294653284703,1435,1,0.0010929368872064052,1,0.44717501960124706,58.98345122799438,1.8310220533446304
7112.708,6958.164,372.1320343017578,13.0,298.99999996167026,173.99999996167026,0.0,298.99999996167026,385.1320343017578,ep_0000169.npz,20.462773877643173,82.67499231687998,0.00878164374775357,11.269554620246787,95.5536937775553,105.82324839780208,106.82324839780208,0,3117.8578564040063,103706.76516415027,TB5-3D,28,2.825466090756296,2.7990161734102657,3.6053203780843086,1970,1,0.0014207789268911742,1,0.5297350112350556,69.97711855295164,2.4865270757041045
7145.877,6931.464,346.77669525146484,15.0,303.99999996805855,130.99999996805852,0.0,303.99999996805855,361.77669525146484,ep_0000170.npz,4.62814053677015,114.62829654238703,0.01491593492530645,63.27103956728111,155.47843573188305,217.74947529916415,218.74947529916415,0,3218.826570934726,0.0,TB5-3D,25,1.3960998048348707,1.389717618989965,1.6538402881044405,443,1,0.0003316357998637092,1,0.9456674382317686,125.16049594197537,1.0466561272559223
7065.046,6901.757,331.4213562011719,13.0,276.99999997444684,125.99999997444682,0.0,276.99999997444684,344.4213562011719,ep_0000171.npz,4.489817085971636,88.33189872311596,0.00884612121218979,94.52170020296916,5.783088143585576,99.30478834655473,100.30478834655646,3,20160.943397695923,2519.171622629916,TB5-3D,26,2.7893921792347998,2.761583016529604,3.43374789856676,427,1,0.0003120342152236907,1,0.5807048710294526,77.02292963875433,1.6358764924341376
6833.458,7098.8235,361.77669525146484,16.0,267.99999996805855,182.99999996805855,0.0,267.99999996805855,377.77669525146484,ep_0000172.npz,10.946884292393486,144.09671419602546,0.01742177911395658,35.36473146942277,170.84816731228747,205.21289878171024,206.2128987817016,4,25347.468158494612,18993.500811973314,TB5-3D,26,1.3059607927137973,1.299627722375239,1.8319741271441117,1086,1,0.0008055692537200847,1,0.9982565864679875,130.55387224565143,1.401720200406802
7139.908,7034.002,372.4873733520508,15.0,311.99999995528196,177.99999995528194,0.0,311.99999995528196,387.4873733520508,ep_0000173.npz,14.511920250312068,56.0375368494806,0.012611702705794857,141.15876325148395,81.9242409958771,222.08300424736103,223.08300424736117,6,37122.409014990044,2357.499780547753,TB5-3D,27,1.4048801303487832,1.3985825635077378,1.7369650129079,1420,1,0.0010750448657198912,1,0.8909870781707622,117.06094921488429,1.520575402378928
6829.7055,7035.951,346.0660171508789,14.0,313.9999999808351,89.99999998083511,0.0,313.9999999808351,360.0660171508789,ep_0000174.npz,14.311797930865431,112.79601302550873,0.009081992441200198,27.502618066911094,145.88577741343855,172.38839548034963,173.38839548035338,12,69579.51511154005,12042.303370786516,TB5-3D,29,1.8214683134899743,1.8109631795768848,2.0766442653405717,1401,1,0.0010365536048540938,1,0.5428610339942335,71.31352392456124,1.2620327117201682
7000.491,6928.2575,346.77669525146484,14.0,281.99999996805855,151.99999996805855,0.0,281.99999996805855,360.77669525146484,ep_0000175.npz,13.611789467060067,39.23365594133247,0.011887477160022017,64.48433533505795,103.1414606649678,166.62579600002573,167.62579600002363,11,70264.69726328428,2439.7499341643256,TB5-3D,27,1.6924150205890989,1.6823186329150603,2.152274314935477,1302,1,0.0009460727763837098,1,0.707716934400894,93.68953250700119,1.6223797461760199
6953.347,7078.361,356.4213562011719,6.0,298.99999997444684,121.99999997444684,0.0,298.99999997444684,362.4213562011719,ep_0000176.npz,11.986514362909698,67.1567479289215,0.01241599028303411,27.88729775473751,40.036622946123174,66.92392070086069,67.92392070086069,9,54851.26133137282,13661.223665730337,TB5-3D,23,4.467759761280715,4.40198382085824,5.335695473135129,1184,1,0.0008676118670368552,1,0.7572510670874133,99.17829421590001,1.2301078672402506
7036.7605,6736.7835,365.71067810058594,14.0,270.9999999872234,137.99999998722342,0.0,270.9999999872234,379.71067810058594,ep_0000177.npz,20.29120119277998,165.72215067359411,0.011796916411950275,13.204369228559159,148.09037045284202,160.29473968140118,161.29473968140118,12,71794.5046460287,568.493679775281,TB5-3D,31,1.6906356411062393,1.6801539871822138,2.354141733639998,1861,1,0.0014266972927374445,1,0.7722462671625002,103.67462914757486,1.3310874716589376
6677.859,6947.1425,397.1320343017578,30.0,338.99999996167026,175.99999996167026,0.0,338.99999996167026,427.1320343017578,ep_0000178.npz,13.556324100794882,151.20021848639863,0.009685428629296548,74.14670340318807,78.13476434559338,151.28146774878144,152.28146774878036,0,3917.0172384139732,330.33592652738764,TB5-3D,45,2.2408561009245025,2.2261408756640075,2.8048851946081848,1302,1,0.0009721657188844155,1,0.6470522614098987,85.5421582411964,2.057465039231499
6904.506,6703.7595,340.35533905029297,11.0,313.9999999936117,51.99999999361171,0.0,313.9999999936117,351.35533905029297,ep_0000179.npz,14.24631713405903,112.91799338476721,0.004149908178033074,24.285149229199135,133.21927233835194,156.50442156755108,157.5044215675551,7,43832.959078339096,1217.4318052141853,TB5-3D,28,2.006333091733653,1.993594826535928,2.2307649242697187,1297,1,0.0009942046369000414,1,0.2377853786716041,32.00161363797242,1.6249180613789311
6722.174,6932.355,361.4213562011719,12.0,306.99999997444684,124.99999997444684,0.0,306.99999997444684,373.4213562011719,ep_0000180.npz,15.939460279482923,117.62532752958305,0.005281090824579881,23.045237776751193,95.19307673049552,117.23831450724671,118.23831450724705,5,31607.968132980754,59881.803239115165,TB5-3D,32,2.6185978642286827,2.596451084860739,3.1582093990208575,1526,1,0.0011147112435285166,1,0.4123435627942679,54.57127994145166,2.290582154359521
6926.8065,7012.739,351.4213562011719,9.0,303.99999997444684,114.99999997444682,0.0,303.99999997444684,360.4213562011719,ep_0000181.npz,10.502299282368863,46.620250318111175,0.010899143165405752,124.68035320070072,75.81703613574551,199.49738933644625,200.49738933644642,8,53591.76862187301,3714.6834401334268,TB5-3D,24,1.5238294645638701,1.5162292186474156,1.7976361557325,1023,1,0.0007863216852734407,1,0.6765270356385894,89.01947967483864,1.2918520799549402
6830.708,6881.6045,357.1320343017578,6.0,264.99999996167026,185.99999996167026,30.0,234.99999996167026,363.1320343017578,ep_0000182.npz,16.67584447533296,28.30140488230154,0.013859130951100897,96.81233811800739,77.88664603266835,173.69898415067576,174.69898415067257,17,94116.67193065617,0.0,TB5-3D,25,1.5256278052368755,1.516894910694591,2.078615603102577,1579,1,0.0012508017933130426,1,0.8081798390250845,107.35093039875089,1.7326351925482195
7020.3045,6928.6435,351.77669525146484,12.0,295.99999996805855,140.99999996805852,10.0,285.99999996805855,363.77669525146484,ep_0000183.npz,16.715385979336833,49.677911137446245,0.011962936185273738,41.05715606943103,90.74696119600341,130.80411726543446,131.80411726523874,15,90187.03514124358,741.1095505617977,TB5-3D,30,2.2629257102618574,2.2457568557770986,2.7599797548009164,1599,1,0.0012036662485733441,1,0.8541858588401748,113.07601709458804,1.2469487658918166
6689.3325,6783.2185,341.77669525146484,22.0,277.99999996805855,158.99999996805855,0.0,277.99999996805855,363.77669525146484,ep_0000184.npz,22.619231117802563,53.60655233356647,0.007232411519273036,60.66128603848827,61.76230682843279,121.42359286692107,122.42359286692107,18,104736.40031040068,4436.084094101124,TB5-3D,35,2.289505633989463,2.2708041273568464,2.9714590687344344,2096,1,0.0016232517790241545,1,0.5357114267588168,71.67334609913688,2.21839789296475
7110.1775,6929.3565,346.0660171508789,19.0,314.9999999808351,93.99999998083513,0.0,314.9999999808351,365.0660171508789,ep_0000185.npz,8.267560759585203,97.05786423868449,0.0056292255627675295,111.78203857325788,15.29458033251135,126.07661890576922,127.07661890576821,7,44388.34332992131,1016.2634963132025,TB5-3D,29,2.498480707325035,2.4788194924702767,2.8728024108163295,791,1,0.0005782859531837167,1,0.32850755308528357,43.48550993871533,2.1616395924368943
6711.944,6813.3255,367.1320343017578,13.0,301.99999996167026,165.99999996167026,0.0,301.99999996167026,380.1320343017578,ep_0000186.npz,20.035992715494807,57.548347548356105,0.014969906568496475,99.87952300938186,73.96672168792486,172.8462446973067,173.8462446973067,19,107537.70763571403,0.0,TB5-3D,28,1.7472175949818367,1.7371672335373085,2.1865990546049856,1869,1,0.0014250420361047928,1,0.8904473865046253,118.86953934170246,1.396488964969289
7043.4515,6965.884,356.0660171508789,11.0,330.9999999808351,79.99999998083511,0.0,330.9999999808351,367.0660171508789,ep_0000187.npz,12.163930355299861,41.76787388040975,0.01036288360938082,22.434688899622614,63.07631192441908,84.5110008240417,85.51100082472385,7,45051.34664273136,18465.521583128513,TB5-3D,24,3.9166498651459847,3.8708469879717846,4.292617483255428,1173,1,0.0008622507520546614,1,0.59423200731981,78.45348326467321,1.0197125309394426
7135.758,6855.667,356.77669525146484,12.0,303.99999996805855,137.99999996805855,10.0,293.99999996805855,368.77669525146484,ep_0000188.npz,7.413462939372769,151.13164035568934,0.011901211499197893,97.76485490974947,53.34391971245073,150.1087746222002,151.10877462220046,2,15136.99548559596,12336.73795207163,TB5-3D,25,2.0251980654240764,2.0117958121764543,2.4404717474115847,698,1,0.0005215808957681701,1,0.8094346194808097,107.72079796818942,1.2810896555817453
6706.6585,6983.2245,366.77669525146484,4.0,221.99999996805855,221.99999996805855,0.0,221.99999996805855,370.77669525146484,ep_0000189.npz,10.444975346086434,154.18763646883417,0.012065324592900167,75.90617446730475,79.49093219940613,154.3971066667109,155.3971066667081,2,14204.720740850209,42296.798411165735,TB5-3D,22,1.4378507781708536,1.428598026887326,2.385994843820983,1011,1,0.0007699509879998309,1,0.9688613732709567,127.75406293156837,1.7377138141350004
6933.8085,6693.909,326.77669525146484,9.0,278.99999996805855,129.99999996805852,0.0,278.99999996805855,335.77669525146484,ep_0000190.npz,9.467144698144791,134.65702723075174,0.007329201719217387,167.53129237695154,150.47949976760634,317.01079214455785,318.01079214455933,8,47417.74456677393,317.064606741573,TB5-3D,20,0.8800962203231041,0.8773287160683292,1.0558657238865956,860,1,0.0006762146008548184,1,0.562551989123704,75.76476379932006,1.7158371972542885
7057.383,7113.6345,376.4213562011719,25.0,334.99999997444684,124.99999997444684,0.0,334.99999997444684,401.4213562011719,ep_0000191.npz,16.17814877891941,29.77275393900709,0.013381779664122698,109.7698410552831,81.18810812141157,189.95794917669468,190.95794917669468,8,52877.24400081277,26083.88671875,TB5-3D,38,1.7635482033070238,1.7543129333907386,2.1021453044080087,1610,1,0.001159897834330945,1,0.8015953232217805,104.7254209240645,1.1935974940132565
7085.5535,7144.5315,335.71067810058594,21.0,304.9999999872234,80.99999998722342,0.0,304.9999999872234,356.71067810058594,ep_0000192.npz,12.8985873922808,31.021692101748158,0.005043929779874083,103.36451762376018,68.76653868978286,171.13105631354304,172.13105631354304,12,74034.81080048591,2006.1328125000002,TB5-3D,36,1.7822597870745813,1.7719057009192736,2.072320275841591,1292,1,0.0009550724041671759,1,0.29042372561418833,37.860906252033956,2.139409961505397
6949.6995,6772.106,352.1320343017578,15.0,289.99999996167026,164.99999996167026,0.0,289.99999996167026,367.1320343017578,ep_0000193.npz,14.82092181206267,98.65550996320599,0.016882247716348952,13.97414809550222,95.61295637116241,108.58710446666463,109.58710446666463,9,56543.38009966448,2741.924157303371,TB5-3D,30,2.670667031651976,2.6462967643230826,3.350139015794837,1370,1,0.0010032185269522546,1,0.9967138174892107,133.45946657710968,1.2363304319543134
6976.9445,6677.252,346.4213562011719,25.0,321.99999997444684,107.99999997444682,3.0,318.99999997444684,371.4213562011719,ep_0000194.npz,28.618270459179612,167.74091740642962,0.008007521662059246,100.18718932703182,67.15104838594156,166.33823771297338,167.33823771297443,9,53251.75876299529,38771.13709181882,TB5-3D,37,1.9358146653572053,1.9242463908742409,2.2195844851566404,2590,1,0.00199554199918884,1,0.6469307587478664,87.23743053118625,1.2380006989756331
6987.7605,6930.9475,336.4213562011719,18.0,272.99999997444684,139.99999997444684,0.0,272.99999997444684,354.4213562011719,ep_0000195.npz,10.835029858989097,30.89128228053687,0.007562177409603301,98.12381972833633,67.83900977223011,164.96282950056644,165.96282950056084,10,56189.46045863407,4899.340271681882,TB5-3D,29,1.6549182673513092,1.6449466473667484,2.1355465996075593,1037,1,0.0007934583118033484,1,0.45758948394035626,60.56543375063808,2.3115495308901655
6812.2075,6948.1675,346.4213562011719,12.0,303.99999997444684,112.99999997444682,0.0,303.99999997444684,358.4213562011719,ep_0000196.npz,9.014730394218246,75.20825936068195,0.008121139785564151,93.76112134893653,51.53923906015781,144.30036040909434,145.30036040909525,7,45717.56338327435,1908.8184691011236,TB5-3D,25,2.1067168447299847,2.092217797110279,2.4667616459589734,866,1,0.0006451801143340554,1,0.5503348084109612,72.7505747686973,1.5532523328333594
6733.419,7169.54,381.77669525146484,18.0,337.99999996805855,134.99999996805852,0.0,337.99999996805855,399.77669525146484,ep_0000197.npz,8.977837952344291,237.6240300139907,0.013521914626064816,197.85494059523444,36.470614543882526,233.32555513911697,234.32555513911268,2,15567.430753012262,12998.322945926968,TB5-3D,34,1.4486197183438863,1.442437636677729,1.7060738211593198,904,1,0.0006798628594863014,1,0.802173221258587,104.39152026954939,1.2932084868529068
6692.4225,7107.1135,336.0660171508789,23.0,300.9999999808351,101.99999998083513,0.0,300.9999999808351,359.0660171508789,ep_0000198.npz,10.04224781729477,228.48563998953614,0.00469048411493215,154.98799638891327,72.3593583680347,226.347354756948,227.347354756948,3,19530.777687299356,4065.270913799157,TB5-3D,34,1.3298145246894941,1.3239652614503807,1.579371871446441,998,1,0.0007119890674067001,1,0.2687460125294637,35.127016196738076,2.9037479132744255
6825.682,6910.5995,382.1320343017578,12.0,313.99999996167026,167.99999996167023,0.0,313.99999996167026,394.1320343017578,ep_0000199.npz,16.151218895751754,47.095947239533416,0.012063512625874215,67.81765533430689,111.77182772779808,178.589483062105,179.589483062105,4,25147.714504832642,56389.246400983146,TB5-3D,28,1.7582222344664937,1.748432005080631,2.1946275894421974,1539,1,0.0011404233683702135,1,0.7768696115395113,102.97533183859076,1.6314586897860424
6953.7245,7109.228,346.0660171508789,13.0,321.9999999808351,80.99999998083511,0.0,321.9999999808351,359.0660171508789,ep_0000200.npz,19.089863099608223,83.2586191438977,0.008014052928792361,51.11591253400182,33.41528099568429,83.5311935296861,84.53119352968871,0,3460.7165678332453,104917.21065221209,TB5-3D,28,3.8548473495281703,3.809244688681032,4.247733909314426,1898,1,0.0014806957522139395,1,0.5351004983540708,69.9308506681638,1.1582870679665644
14118.642,13664.187,170.0,0.0,145.0,25.0,10.0,135.0,170.0,ep_0000001.npz,9.432587242193133,87.63017002933884,0.004029739219651181,4.308611238903103,108.268854066807,62.5774653057101,112.57746530570756,6,105435.60298344848,983.8496313202247,E3,11,2.3171280474789215,1.288001995836805,1.5100713054638402,2499,1,0.002073567378364389,1,0.29348343691894246,27.665433427512603,0.9036547381592116
8377.283,8198.213,306.4213562011719,0.0,239.99999997444684,124.99999997444682,0.0,239.99999997444684,306.4213562011719,ep_0000002.npz,13.368765464452252,74.92485801362363,0.011751748151439345,49.226231425084734,135.93132179674066,135.1575532218254,185.15755322182395,2,19954.678128600885,43706.523218047754,E3,12,1.7757054212171943,1.296193408253349,1.6549222587429122,1646,1,0.0012151385921564714,1,0.6759341432021208,82.25996540087863,1.5195727273319724
13582.508,14106.496,365.0,64.0,429.0,0.0,0.0,429.0,429.0,ep_0000003.npz,21.590504733199577,101.55529213170212,0.004830714167635538,161.82289051512944,44.722291233861,161.82289051512944,206.54518174899044,10,178955.0202093258,168412.26299157305,E3,93,2.6510464535293363,2.077027391136888,2.077027391136888,6000,0,0.004600293543208748,4,0.2773837472302968,25.734590806834287,0.0
10854.61,11068.933,325.0,0.0,295.0,30.0,20.0,275.0,325.0,ep_0000004.npz,21.536491920927258,58.952485439616794,0.004123092004863574,96.02184189653902,24.568724448866504,96.02184189653902,120.59056634540552,14,170036.81884700153,41775.73735955056,E3,21,3.072217676451725,2.4462941749111327,2.6950698537156548,4160,1,0.0032727091329721714,1,0.32656737915460327,34.20310936881574,0.8771132377617143
13081.993,13021.288,230.0,0.0,205.0,25.0,10.0,195.0,230.0,ep_0000005.npz,12.610733942168592,12.851877641176543,0.006637926482248963,77.20307637057617,80.371874845207,107.57495121578317,157.57495121578577,6,99630.90234836654,73126.63338307584,E3,13,1.9056480870606505,1.3009681958858397,1.4596228539206981,3108,1,0.002392546875200351,1,0.44810944817664305,43.27153258022394,0.5777470431316676
11098.521,10583.885,190.71067810058594,0.0,169.99999998722342,49.99999998722341,20.0,149.99999998722342,190.71067810058594,ep_0000006.npz,7.923411931742118,143.95097638227708,0.004717576143751425,43.42047887947531,89.97318115566064,83.39366003513595,133.39366003513595,2,30199.34131254884,30908.2245215941,E3,11,2.038524270497277,1.2744233867070245,1.429683225202402,1431,1,0.0011203033149977935,1,0.2989953462182899,32.024889152432344,1.5612856534563782
11801.158,12083.349,305.0,0.0,280.0,25.0,0.0,280.0,305.0,ep_0000007.npz,14.660939895810047,68.26142612078274,0.010164824154043467,150.9123340896755,77.37321554303692,178.28554963271245,228.2855496327158,8,115599.6434201366,28161.66882461376,E3,15,1.5705142709368782,1.2265340511061107,1.3360460199548705,3230,1,0.002679420552998089,1,0.6684687998001496,67.00871263991286,0.3730858125023742
13857.557,13585.335,200.0,0.0,150.0,50.0,10.0,140.0,200.0,ep_0000008.npz,5.360896177702996,53.46607673132439,0.010916602813773074,80.62342618184323,11.679774563393236,80.62342618184323,92.30320074523647,3,55563.16662381431,12075.126404494382,E3,10,1.8605014336860408,1.625079074061699,2.166772098748932,1408,1,0.0010814858404138694,1,0.6306130632947359,59.61723780119521,0.8386836063544963
7641.3885,7153.634,320.71067810058594,0.0,274.9999999872234,74.99999998722342,0.0,274.9999999872234,320.71067810058594,ep_0000009.npz,7.234138439809352,242.09667646288563,0.012106811957293804,58.26466551884141,182.6730535653491,190.93771908419052,240.93771908419032,4,30433.031453535546,4353.801351825843,E3,14,1.4402602131534166,1.1413737999699864,1.3310936922604497,726,1,0.0005137082383777636,1,0.7144951501001913,93.08492824560797,0.8057158274788931
12348.445,12124.11,245.71067810058594,0.0,199.99999998722342,74.99999998722342,10.0,189.99999998722342,245.71067810058594,ep_0000010.npz,11.570299297313438,52.32095201681841,0.009780957758139044,20.191370088323076,86.75200432723197,56.94337441555505,106.94337441555504,2,34555.62893245359,114510.31831548456,E3,13,3.5122611197518006,1.8701485817164676,2.297577380958787,2562,1,0.0019841273150927557,1,0.6940911872543947,69.46006672155022,1.0797570968061627
13672.81,13123.874,195.0,0.0,195.0,0.0,0.0,195.0,195.0,ep_0000011.npz,5.533835920516267,111.75124611404772,0.006363837784268153,125.5188453736532,20.435335737881818,125.5188453736532,145.95418111153165,4,69754.71551138142,11268.526158707864,E3,10,1.5535515756180713,1.3360357237795726,1.3360357237795726,1380,1,0.001091085720542372,1,0.414733862199508,39.89181325800203,0.0
8597.515,8066.351,260.71067810058594,0.0,214.99999998722342,74.99999998722342,0.0,214.99999998722342,260.71067810058594,ep_0000012.npz,4.54377940319381,220.55373987022722,0.007656275629790434,199.93808645014562,19.61534331230607,199.93808645014562,219.55342976245177,0,4972.894120140059,27513.730578476123,E3,11,1.0753328883180717,0.9792604935383838,1.1874589177798984,546,1,0.0004271699964329742,1,0.5060197940239779,62.083156761051185,1.2080571269255402
10386.54,9800.398,210.71067810058594,0.0,189.99999998722342,49.99999998722341,0.0,189.99999998722342,210.71067810058594,ep_0000013.npz,12.720159090206353,182.5233431388906,0.009781984250890618,59.63521746474725,123.16099475396004,132.7962122187073,182.7962122187073,4,48057.27788184844,73041.62109375,E3,9,1.430763700355436,1.039408845955173,1.1527081198404716,2047,1,0.0016222492809362203,1,0.566306191928831,63.03386559367857,0.7932243963828505
7473.4185,7806.993,415.35533905029297,0.0,379.9999999936117,49.99999999361171,0.0,379.9999999936117,415.35533905029297,ep_0000014.npz,12.66435192341182,157.70729598127764,0.00914100024068959,204.917417689354,69.02314239294584,223.94056008229984,273.94056008229984,4,31104.1006526999,8948.134655898877,E3,20,1.6968788496999332,1.3871622365065197,1.5162243186095112,1449,1,0.0010882037518307388,1,0.5250801305939861,65.48297852495989,0.7635572040229265
10835.729,10399.157,350.0,0.0,300.0,50.0,0.0,300.0,350.0,ep_0000015.npz,5.787497886711759,125.98931530433129,0.011364558195095367,231.37921894184458,58.51564357158664,239.89486251343124,289.894862513433,1,17583.826419662917,41319.612008426964,E3,16,1.2505478310658011,1.0348579391816533,1.2073342623785956,1018,1,0.0009144384560025731,1,0.7258763796915482,78.43446672050233,0.6374748511795553
12564.95,13027.862,295.35533905029297,0.0,284.9999999936117,24.999999993611706,10.0,274.9999999936117,295.35533905029297,ep_0000016.npz,9.248170563191808,100.96215348364967,0.012030859582927827,68.45483469400435,146.3967007223622,164.85153541636654,214.8515354163668,0,7611.921025212666,73569.23295953301,E3,18,1.7288283016217316,1.3264973854680733,1.3746950352387084,2281,1,0.0019514474212011896,1,0.7381916376519043,71.2649193571402,0.35080373652463687
10433.222,10917.858,270.71067810058594,0.0,249.99999998722342,49.99999998722341,0.0,249.99999998722342,270.71067810058594,ep_0000017.npz,13.508121465002722,138.72467494616012,0.011259373891881301,197.9121428653897,47.84896220977367,197.9121428653897,245.761105075169,0,5079.66705378999,104745.48915905898,E3,10,1.263186767460051,1.017248029995462,1.1015196160425214,2556,1,0.002036722244539863,1,0.7457507894332572,78.64447016176558,0.6357726091151391
11996.223,12429.281,180.35533905029297,0.0,169.9999999936117,24.999999993611706,0.0,169.9999999936117,180.35533905029297,ep_0000018.npz,11.003227421223736,101.30149462783538,0.008624983896075045,19.953665641576904,132.99941427146433,102.95307991304124,152.95307991304125,7,95348.14266000547,12610.174080495082,E3,8,1.6512376330771386,1.1114519569678636,1.1791546737916672,2529,1,0.00218917422084088,1,0.533719466120406,52.75148924751688,0.47392026936544746
13534.383,14006.404,311.4213562011719,1.0,270.99999997444684,99.99999997444682,0.0,270.99999997444684,312.4213562011719,ep_0000019.npz,21.822351500464787,92.22072520807524,0.00411573793315097,45.03948772537175,44.13711316716972,45.03948772537175,89.17660089254068,8,140973.48772239787,214186.49051966294,E3,16,6.016942324630093,3.038913765069454,3.5034005902248384,6000,0,0.004687299318066048,4,0.2622840666052498,24.42049486431142,4.094921111553261
13961.287,14077.299,235.0,24.0,209.0,50.0,0.0,209.0,259.0,ep_0000020.npz,21.657709178356864,22.062535701559682,0.009696813779626046,62.731357025515926,32.17009631672551,62.731357025515926,94.9014533422413,3,59631.562866111824,9137.66239466292,E3,56,3.3316671264578166,2.2022845029178564,2.7291468241900705,6000,0,0.004544569656124663,4,0.5950604879217913,55.26443700248924,0.9047409638453004
13880.583,13733.564,255.35533905029297,2.0,246.9999999936117,24.999999993611706,0.0,246.9999999936117,257.35533905029297,ep_0000021.npz,13.796442179723636,28.606486344904624,0.010072068147155564,80.95011438559219,124.86904172446786,155.81915611006005,205.81915611005948,9,165552.10123641574,2008.2808659585676,E3,13,1.5851709517612051,1.2000826582999458,1.2503954632516086,3683,1,0.003098546614311172,1,0.5781983516866166,54.366282068404175,0.4598438414853616
12707.472,13273.481,260.0,0.0,260.0,0.0,20.0,240.0,260.0,ep_0000022.npz,3.563948761594526,120.69851314108473,0.009402738936937407,154.32920781892545,64.81897625928706,169.14818407821252,219.14818407821116,0,10684.559106929573,5504.435129915731,E3,15,1.5371137527540848,1.1864118386087532,1.1864118386087532,904,1,0.0007575203839005008,1,0.5388808479771142,51.540068020191214,0.0
14274.822,13723.725,235.0,0.0,235.0,0.0,0.0,235.0,235.0,ep_0000023.npz,8.096268488218616,105.04413270154237,0.007587620907600363,128.3057028974327,51.04169448009328,129.34739737752597,179.34739737752597,5,83497.504708504,16890.403572682582,E3,10,1.8168127443191302,1.3103061624324852,1.3103061624324852,2159,1,0.0016868480587238293,1,0.44436509044887446,41.79738357508858,0.0
13770.013,13421.628,215.0,0.0,215.0,0.0,10.0,205.0,215.0,ep_0000024.npz,6.099035991289118,69.37722793487956,0.0035223871921219153,71.39163266551255,134.8392096736577,156.23084233917024,206.2308423391779,0,6787.214319717745,1088.9283049508426,E3,12,1.37616873071224,1.042521077649481,1.042521077649481,1573,1,0.001108495424651438,1,0.27155402069113227,25.82851799362693,0.0
11249.166,11714.272,200.71067810058594,0.0,154.99999998722342,74.99999998722342,0.0,154.99999998722342,200.71067810058594,ep_0000025.npz,9.710085449501163,119.35683328710002,0.011698116517966047,44.88657586929825,69.52847368701418,64.41504955631243,114.41504955631243,2,31225.21948304817,81225.49278002107,E3,9,2.406269979684181,1.354716888978281,1.754233196410065,2042,1,0.001688565858114515,1,0.7101621421237586,72.30083956118509,1.0373323524653424
12085.947,11909.601,205.0,0.0,180.0,25.0,0.0,180.0,205.0,ep_0000026.npz,8.910905069193714,42.36061787889139,0.004211639904334558,70.63774375699478,43.76269931620043,70.63774375699478,114.4004430731687,8,108397.28784669904,6385.803140361657,E3,9,2.5482127602946805,1.5734204795419793,1.7919511017005876,1921,1,0.0015722509945231603,1,0.3156619416080466,31.872734405000227,0.7843694765039668
9287.68,9194.204,231.42135620117188,0.0,189.99999997444684,99.99999997444682,0.0,189.99999997444684,231.42135620117188,ep_0000027.npz,13.971319782751786,33.2176428656976,0.01058348748133825,53.59967304888588,91.42832314858803,95.02799619747393,145.02799619747393,5,49807.892276723054,59871.673433110955,E3,9,1.9994107797413232,1.310091878506946,1.5957012595420714,2043,1,0.0015450102090484646,1,0.6869459022480622,78.94218151939297,1.2667498927665277
13564.575,13916.701,210.0,0.0,210.0,0.0,0.0,210.0,210.0,ep_0000028.npz,9.577307071115078,69.01657114202317,0.003018293786291243,51.09692181839614,145.87964638783407,146.9765682062302,196.9765682062295,0,7701.037285746887,98893.29617275282,E3,10,1.4287991791000212,1.0661166549522545,1.0661166549522545,2608,1,0.0020231661763327265,1,0.17976042705247314,16.790824417947025,0.0
14023.299,13482.658,235.0,0.0,210.0,25.0,0.0,210.0,235.0,ep_0000029.npz,9.465833711936456,105.83167133640927,0.009865283205035973,17.294947270186306,131.88328391780053,99.17823118798682,149.17823118798682,4,72915.57449080363,35413.17865607444,E3,10,2.11740013392613,1.4077120926267632,1.5752968655585207,2458,1,0.0019325291240543875,1,0.5655111152207594,53.66583350099958,0.4658457414908938
10699.891,11263.894,230.71067810058594,0.0,184.99999998722342,74.99999998722342,10.0,174.99999998722342,230.71067810058594,ep_0000030.npz,7.695945282406068,154.7433339437448,0.007898414453947804,79.6093948335225,72.4135992064763,102.0229940399988,152.02299403999882,1,19274.35887576348,56564.94338132022,E3,12,1.8133167108847337,1.2169211714021895,1.5176038306408015,1526,1,0.0013244460122298605,1,0.6880157873485212,71.43281623239429,1.0499376049129006
12621.914,12288.94,245.0,0.0,245.0,0.0,10.0,235.0,245.0,ep_0000031.npz,12.643836595988889,75.6206462934224,0.0038546068720524043,28.51243140110873,143.43270874702748,121.9451401481362,171.94514014813825,3,50382.232223959574,10883.503500263343,E3,16,2.0091001552204504,1.4248730716606575,1.4248730716606575,2857,1,0.0023842381230265715,1,0.24180849349487385,24.035893584859856,0.0
10332.639,10164.227,215.71067810058594,0.0,194.99999998722342,49.99999998722341,0.0,194.99999998722342,215.71067810058594,ep_0000032.npz,12.737571564494164,51.243256516958354,0.011462496013717046,26.760310229003533,74.35910363363953,51.11941386264307,101.11941386264307,8,91897.00004737185,7742.103285200142,E3,9,3.8145977281974486,1.9284130765641534,2.133227140671518,2165,1,0.0018064784750039913,1,0.6568687907119409,71.79353325492768,0.6964415556716116
12825.543,13051.25,210.35533905029297,0.0,199.9999999936117,24.999999993611706,10.0,189.9999999936117,210.35533905029297,ep_0000033.npz,10.311035620366988,48.41451965050874,0.011457946243839801,50.853228790880515,115.4224605485414,116.27568933942192,166.27568933942192,5,78268.65037939265,60171.05754037921,E3,10,1.7200500046900522,1.2028216559388167,1.2650997863006321,2550,1,0.0021586732489590503,1,0.658094382781135,63.47548057868904,0.39385286673993436
10431.053,10036.149,250.71067810058594,0.0,229.99999998722342,49.99999998722341,0.0,229.99999998722342,250.71067810058594,ep_0000034.npz,16.657961758121623,120.433787651692,0.009625315460564252,49.47327067748023,66.50390753083178,65.97717820831201,115.97717820831201,6,69433.85366593073,95233.89165642556,E3,11,3.486053908838546,1.9831487844454165,2.161724245870794,2778,1,0.0022700621483375105,1,0.6427823793224358,70.70081020255385,0.7072054739397783
9576.113,9058.13,240.71067810058594,0.0,194.99999998722342,74.99999998722342,0.0,194.99999998722342,240.71067810058594,ep_0000035.npz,15.790881830969077,181.86856927219833,0.010502005305795896,148.93277133493663,45.97906324952393,148.93277133493663,194.91183458446056,4,40836.52897284993,3530.2309734901683,E3,10,1.3093155941393562,1.000452334784857,1.2349721022008004,2258,1,0.0019026608971405528,1,0.6435218006609427,74.5054362919936,1.006637954488201
13614.646,13118.448,320.0,13.0,333.0,0.0,0.0,333.0,333.0,ep_0000036.npz,5.481094401294102,101.37273760157768,0.0008248098210470885,171.99136789047745,50.9601291813915,172.95149707186894,222.95149707186525,3,52882.100371895256,18008.56423367275,E3,27,1.925395302369796,1.4935984031211156,1.4935984031211156,1366,1,0.001174828199326059,1,0.052528530307335085,5.053592985164125,0.0
10269.515,10362.757,215.71067810058594,0.0,194.99999998722342,49.99999998722341,0.0,194.99999998722342,215.71067810058594,ep_0000037.npz,7.595428490820593,28.091712200256552,0.012970214352616624,49.21895188957697,97.62077027270547,96.83972216228244,146.83972216228244,1,14866.926777397272,64247.1521681882,E3,9,2.0136365081721896,1.327978540927201,1.4690212901805246,1329,1,0.0010822731964959297,1,0.7432617190893165,80.45394024650652,0.6214736013429065
12224.202,11773.864,135.35533905029297,0.0,124.99999999361171,24.999999993611706,20.0,104.99999999361171,135.35533905029297,ep_0000038.npz,12.043214386562994,108.17215364239746,0.005108071075795891,93.76861776618215,16.2610665630405,93.76861776618215,110.02968432922418,0,8881.153458514276,142040.8264571629,E3,7,1.3330685998305631,1.1360570627431252,1.230171111327475,2552,1,0.0019708433882734944,1,0.34155726982482765,34.68563409655189,0.7207594914949808
12770.086,12939.043,185.35533905029297,2.0,176.9999999936117,24.999999993611706,0.0,176.9999999936117,187.35533905029297,ep_0000039.npz,14.92265872305278,36.59620604921474,0.008300215530752365,32.05489177613026,83.6854531951878,65.74034497131807,115.74034497131743,5,77377.03381835776,103280.22521286867,E3,11,2.692410574827912,1.5292852292558445,1.6187556646450556,3643,1,0.0030959478362089336,1,0.5274094919052249,51.09066855084446,0.48932614707776195
7308.035,7140.445,276.4213562011719,0.0,224.99999997444684,109.99999997444682,0.0,224.99999997444684,276.4213562011719,ep_0000040.npz,8.75299053001531,86.16296945074646,0.01002073208857743,132.17634342301102,32.07298839398168,132.17634342301102,164.24933181698896,2,14887.392075921747,37098.84414501404,E3,12,1.7022713304631776,1.3698685862853184,1.6829374776949961,876,1,0.0006626606040284457,1,0.6231277095729307,81.25658012839575,1.353736519561035
9820.97,10001.206,295.35533905029297,0.0,259.9999999936117,49.99999999361171,0.0,259.9999999936117,295.35533905029297,ep_0000041.npz,14.153368145857895,57.66494731293915,0.009742462055897785,58.10638321227056,100.83746662211814,108.9438498343887,158.94384983438948,12,119125.27080315557,17412.134831460673,E3,12,2.3865505064200634,1.6357978006982783,1.8582369771339788,2348,1,0.001991203979363142,1,0.5583343473112212,61.5194856921143,0.8127506176473256
8158.374,8577.623,181.0660171508789,0.0,149.99999998083513,74.99999998083511,0.0,149.99999998083513,181.0660171508789,ep_0000042.npz,2.466455017152757,172.93415273118535,0.009289201199828253,100.07688183215326,64.40950053289984,114.4863823650531,164.4863823650523,0,5266.643258786046,13270.328135972612,E3,6,1.3101994916962503,0.9119295945601936,1.100796397534178,325,1,0.00024556061469688305,1,0.5742411108362404,68.32116160698885,1.0977565108196734
12570.932,13103.049,245.0,0.0,220.0,25.0,10.0,210.0,245.0,ep_0000043.npz,3.3844945081777262,115.51042198236337,0.008700331289540526,174.51383665518009,45.157789720060876,174.51383665518009,219.67162637524098,0,9606.271103049501,12400.088987886236,E3,13,1.2606450251546273,1.001494838592391,1.1153010702506174,842,1,0.000667761026398284,1,0.6932580642582118,66.73479855499394,0.3746171493931809
9435.878,10004.563,460.0,1.0,461.0,0.0,0.0,461.0,461.0,ep_0000044.npz,36.14883747566714,187.3854700816264,0.003082697231684265,93.25472902436286,92.5662047109585,135.82093373532138,185.82093373532456,19,188759.7791284148,145722.65625,E3,23,3.394174869231613,2.480883023958048,2.480883023958048,6000,0,0.0046724354839900945,4,0.24039101579868463,26.48287360979865,0.0
11662.863,12112.873,285.0,0.0,260.0,25.0,0.0,260.0,285.0,ep_0000045.npz,6.060023698939741,109.61334966654886,0.008582458405106602,173.28901213154103,58.10516716566668,181.3941792972077,231.3941792911375,1,20017.06766513253,21222.37644838483,E3,14,1.4333425747581434,1.1236237696060236,1.2316645166835258,1340,1,0.001027523210827305,1,0.49211779774206327,49.27089037058359,0.507398989788215
11619.318,12013.363,380.0,10.0,390.0,0.0,0.0,390.0,390.0,ep_0000046.npz,27.472274684104462,96.8513104507465,0.007133369133166961,143.43391832704634,56.342933271418815,149.77685159846516,199.7768515984664,4,59491.576211732034,28635.55565308989,E3,40,2.6038736683125507,1.952178127142904,1.952178127142904,6000,0,0.004750511213000139,4,0.4097682879924822,41.19565146361678,0.0
13525.894,13362.073,260.35533905029297,0.0,249.9999999936117,24.999999993611706,30.0,219.9999999936117,260.35533905029297,ep_0000047.npz,7.79874991079332,33.17588785960743,0.010638534329154303,114.73742254656288,90.55524387977427,155.29266642633715,205.29266642633715,3,51980.15172926235,38052.12660200141,E3,15,1.6098635289529197,1.217773651370622,1.2682154875888532,1998,1,0.0014909092875703507,1,0.7400218081843503,70.54249810326148,0.3543962953653303
9385.274,9572.925,300.35533905029297,0.0,239.9999999936117,74.99999999361171,0.0,239.9999999936117,300.35533905029297,ep_0000048.npz,15.519241652927391,64.18818698889208,0.006991744745081917,93.40255142875414,24.116581256722796,93.40255142875414,117.51913268547858,15,142839.39306793676,0.0,E3,13,2.5695229554481664,2.0422206538567114,2.5557994871707117,2411,1,0.0019142643105678812,1,0.44307082296200995,49.899477371447084,1.5030217538215613
11901.434,12034.317,295.35533905029297,0.0,284.9999999936117,24.999999993611706,10.0,274.9999999936117,295.35533905029297,ep_0000049.npz,22.600890589978082,32.03964844218808,0.010760515526852641,111.36960501793207,111.1026803799623,172.47228539789438,222.4722853978957,14,199862.17233408592,97000.91045251054,E3,15,1.6524394011253192,1.2810584450278113,1.3276050925716192,4949,1,0.003876298884644803,1,0.6165826274399131,61.93337117779143,0.40365960254035727
11601.88,11920.298,240.35533905029297,0.0,204.9999999936117,49.99999999361171,0.0,204.9999999936117,240.35533905029297,ep_0000050.npz,12.01191133182541,78.81248919754398,0.012779351931054004,50.80929260818492,124.35735464949826,125.16664725768318,175.16664725768362,5,67385.77681960638,22279.18369250351,E3,14,1.6378164989238222,1.1703141163171373,1.3721524206415379,2593,1,0.0020115410684436934,1,0.7371659353376387,74.39863401863553,0.6720553495792355
11408.515,11653.615,270.35533905029297,0.0,259.9999999936117,24.999999993611706,0.0,259.9999999936117,270.35533905029297,ep_0000051.npz,20.381899380325923,62.487977623757615,0.009449642348848339,124.5163029188558,75.34939563265726,149.86569855151305,199.86569855151305,8,110236.51557929235,34476.99191318469,E3,17,1.7348866518928105,1.300873545975673,1.3526850330478897,4253,1,0.003332590818610816,1,0.5678218002334863,57.95971046968363,0.43133410762443664
11358.464,11304.707,165.0,6.0,171.0,0.0,0.0,171.0,171.0,ep_0000052.npz,18.4736632533838,14.068209033606763,0.0029659241893484553,52.8806477731713,43.42875096388575,52.8806477731713,96.30939873705705,16,187910.30243220925,29821.72818644663,E3,11,3.2336971501085867,1.7755276457167226,1.7755276457167226,3683,1,0.0030055244018401097,1,0.17134934257429335,17.758197461422043,0.0
12901.167,13208.151,245.0,0.0,235.0,10.0,0.0,235.0,245.0,ep_0000053.npz,3.971707271138449,64.97239117718891,0.007929764923749225,115.02539849963759,66.46413004056778,131.48952854020536,181.48952854020536,0,6392.639114268763,53607.35603932584,E3,14,1.7872145608016565,1.294840544742175,1.349940142390778,1000,1,0.0007664289121248922,1,0.6150527184266832,58.97059366934101,0.1695760442242085
10766.584,10817.252,280.71067810058594,0.0,259.9999999872234,49.99999998722341,20.0,239.99999998722342,280.71067810058594,ep_0000054.npz,14.018533659284563,14.266767914302363,0.011244539087751417,78.89275909733446,54.489868494594,83.38262759192847,133.38262759192847,9,109614.64633878593,20945.710586376405,E3,14,3.118155513875791,1.949279337806036,2.1045520182687785,2616,1,0.0020377381601666654,1,0.6512914610069493,69.00186480707367,0.7246180973082585
8553.538,8032.7905,415.71067810058594,0.0,369.9999999872234,74.99999998722342,0.0,369.9999999872234,415.71067810058594,ep_0000055.npz,15.006472425184496,217.74405158739228,0.011385245341183183,27.208356314512102,234.7872739375872,211.99563025209932,261.9956302520993,5,43151.912293354544,23027.738764044945,E3,19,1.7453189933548616,1.4122372943060133,1.5867084412842223,1792,1,0.001311488458283682,1,0.6933311152658191,85.24149860786552,0.8798531374048709
9485.792,9992.977,250.0,0.0,225.0,25.0,0.0,225.0,250.0,ep_0000056.npz,12.698244167362356,166.61668031868157,0.005223810435232416,3.7334989982404028,177.4382252976604,131.17172429590082,181.17172429590696,9,86775.14209447068,25531.685393258427,E3,10,1.7153087009242842,1.241915651431945,1.3799062793688277,2104,1,0.001597803120340273,1,0.2997652366037972,33.043008573619375,0.7565897017004471
8838.747,8958.36,310.35533905029297,0.0,299.9999999936117,24.999999993611706,0.0,299.9999999936117,310.35533905029297,ep_0000057.npz,17.953903470669637,44.98269881482247,0.00482771650098743,133.36334074036856,125.96791552708791,209.33125626745647,259.3312562685157,7,65477.80688287089,13152.519311797754,E3,14,1.4331352390600973,1.1568216045773787,1.1967525377232051,2525,1,0.0020873982611774445,1,0.3467945841751994,40.374173370095924,0.6192077238200137
14106.986,13616.839,285.0,2.0,287.0,0.0,10.0,277.0,287.0,ep_0000058.npz,8.495323270287761,94.81595517003734,0.0021167975629891177,123.94150340400746,15.827122716229486,123.94150340400746,139.7686261202376,3,53205.58156740262,5636.071256144663,E3,16,2.315608509802216,2.0533935831429355,2.0533935831429355,2239,1,0.0018518679243320027,1,0.12454699207108835,11.76091908484338,0.0
13383.851,13171.666,315.0,1.0,291.0,25.0,1.0,290.0,316.0,ep_0000059.npz,16.43147012590498,43.780107265440165,0.007768197313676379,149.8428716706739,68.28793550080307,168.130807171477,218.130807171477,5,79315.70042789825,71016.15826896067,E3,18,1.730795235540673,1.3340619042923134,1.4486720335270482,4120,1,0.003202424039020186,1,0.5772187531492486,55.41974159250388,0.4511027890354061
9044.246,8623.053,295.35533905029297,0.0,234.9999999936117,74.99999999361171,0.0,234.9999999936117,295.35533905029297,ep_0000060.npz,7.024741225408474,160.17782095747316,0.010385294318690728,83.10589222304313,76.31433521392798,109.4202274369711,159.4202274369705,5,47888.89763376182,506.29295777738764,E3,14,2.1476833442790806,1.4740914862044276,1.8526842157910404,933,1,0.0006788576840583253,1,0.6222839144061697,73.84178187993665,1.015685132240691
8793.291,8652.781,330.71067810058594,0.0,284.9999999872234,74.99999998722342,0.0,284.9999999872234,330.71067810058594,ep_0000061.npz,11.782445092586622,54.444647867047024,0.009650600266272916,68.19080154331736,148.7532108439451,166.9440123872625,216.9440123872625,9,80721.38766461675,10604.494382022473,E3,13,1.7071591601985983,1.3137030003781598,1.5244056494642535,1573,1,0.0011934289438885767,1,0.6872083309225788,81.40558695727198,0.9213126861500217
7289.8795,7703.6245,331.0660171508789,0.0,274.9999999808351,99.99999998083511,0.0,274.9999999808351,331.0660171508789,ep_0000062.npz,13.38376503613277,201.27322104052837,0.012556077170926605,146.61122073100586,43.59044032829573,146.61122073100586,190.20166105930159,3,24362.015870317795,61642.27336069171,E3,15,1.875709093817518,1.445833850499838,1.740605288655488,1501,1,0.001068797269564768,1,0.7314227067410101,91.82568830246495,1.0890198791807013
11109.857,11487.642,285.71067810058594,0.0,239.99999998722342,74.99999998722342,0.0,239.99999998722342,285.71067810058594,ep_0000063.npz,17.059726999819443,99.30784474777374,0.012409626377419788,174.59552294187682,30.920257273783974,174.59552294187682,205.5157802156608,12,156976.1199191527,37973.59682233146,E3,14,1.3746056940252693,1.1677935374859103,1.3902128478930986,3484,1,0.0031203737437196693,1,0.7210483430828483,74.12971431084392,1.011740038181318
7405.3785,7942.7035,345.71067810058594,0.0,299.9999999872234,74.99999998722342,0.0,299.9999999872234,345.71067810058594,ep_0000064.npz,8.593674698993336,252.42914648076294,0.008808676164768528,64.3053582670964,211.16390819955348,225.46926646664986,275.46926646664986,3,19524.431384699834,25672.172467521064,E3,15,1.3305582826810576,1.0890507091234565,1.254988197176762,1009,1,0.0007277756161960701,1,0.5829750551548356,72.07923669470536,1.0405215624700506
9261.605,9362.907,300.35533905029297,0.0,239.9999999936117,74.99999999361171,0.0,239.9999999936117,300.35533905029297,ep_0000065.npz,18.30024479949734,35.58601605651347,0.009727669608933778,104.86476469163347,66.04972741970333,120.9144921113368,170.9144921113368,9,88910.96139438047,1448.8374517205054,E3,13,1.984873738481424,1.4042109421433457,1.7573427234867598,2750,1,0.002147292533619519,1,0.7359550708638425,83.80872178870676,0.8948949273167172
7673.9985,7400.937,350.0,0.0,350.0,0.0,0.0,350.0,350.0,ep_0000066.npz,6.789368241718316,131.73907419411898,0.0026755919890713077,205.41418939426003,81.36678789058799,236.780977284848,286.780977284848,3,21899.628137029562,20001.70849060744,E3,16,1.478159284641136,1.2204435709567971,1.2204435709567971,717,1,0.0004943384185182728,1,0.18706570123598523,23.960555097005713,0.0
11492.376,11792.156,180.35533905029297,0.0,144.9999999936117,49.99999999361171,0.0,144.9999999936117,180.35533905029297,ep_0000067.npz,4.124340873779528,75.33768453690755,0.006611466690130124,39.96523085515391,36.479808153189246,39.96523085515391,76.44503900834316,3,39245.46621401597,5972.373376053371,E3,8,3.628153694873816,1.8967875728049077,2.359281143549539,876,1,0.000665233200135324,1,0.4362269467332307,44.26506313567069,1.1295589896791443
11931.71,12167.13,245.35533905029297,0.0,234.9999999936117,24.999999993611706,0.0,234.9999999936117,245.35533905029297,ep_0000068.npz,10.004105533460962,56.1886472489532,0.00868606099865404,54.59993816330241,82.00659713724717,86.60653530054958,136.60653530054958,0,6875.526588556277,95015.62845637288,E3,14,2.713421096665444,1.7202690887122314,1.7960732150221357,2227,1,0.0017667223803633557,1,0.4977093747947765,49.71948676954219,0.5028209585004512
13716.306,14294.782,240.0,0.0,240.0,0.0,20.0,220.0,240.0,ep_0000069.npz,14.131390899653107,110.19039447049363,0.007442393035831509,34.17119983228686,136.8088846418504,120.98008447413726,170.98008447413724,3,56558.57290603144,154670.2991134129,E3,14,1.9837975898529518,1.4036722507076713,1.4036722507076713,4006,1,0.0030408554370613015,1,0.42722198264280353,39.374048527498594,0.0
13802.97,13373.286,280.0,0.0,280.0,0.0,0.0,280.0,280.0,ep_0000070.npz,13.589718285888901,85.64250246461052,0.005762019176900537,10.839796945050432,92.02091482119631,52.860711766246745,102.86071176624675,12,196975.94202176188,146.88202247191012,E3,14,5.296939648451517,2.7221277705748936,2.7221277705748936,3486,1,0.0028054494998516716,1,0.37040038495742456,35.293754651779366,0.0
13024.657,12785.681,250.0,0.0,225.0,25.0,0.0,225.0,250.0,ep_0000071.npz,12.206107635102462,51.45903025753523,0.008812720914204724,101.05006803393826,113.03027483178796,164.0803428657262,214.0803428657262,6,99157.28770864768,559.7964580407303,E3,12,1.3712794358561702,1.0510072853401713,1.1677858726001902,2927,1,0.0023078912393718434,1,0.5093526061738268,49.636531428791194,0.5036613010694577
11963.582,11678.021,211.0660171508789,2.0,181.99999998083513,74.99999998083511,10.0,171.99999998083513,213.0660171508789,ep_0000072.npz,15.177617610707458,70.14410237512038,0.008233402959419493,63.154738117509936,84.91543980354598,98.07017792105592,148.0701779210558,0,6795.624830050301,145348.9003796524,E3,12,1.855813906316563,1.2291468986946794,1.4389529353066348,3177,1,0.0029101855301310537,1,0.6678703578349803,68.10066288671113,1.101310865440493
14292.355,13922.851,260.0,2.0,262.0,0.0,0.0,262.0,262.0,ep_0000073.npz,4.697404682996571,69.61552860342908,0.008242029393219911,155.92654894783368,93.79077119530513,199.7173201431388,249.7173201431347,1,25472.821738079743,30902.10674157303,E3,12,1.3118541737502925,1.0491863353724324,1.0491863353724324,1280,1,0.0009513134161529018,1,0.48505138007630333,45.296914015344086,0.0
13566.73,13437.103,245.0,0.0,245.0,0.0,0.0,245.0,245.0,ep_0000074.npz,12.184747230540212,26.082246100119846,0.0045825012413262325,41.115731015818604,76.6698287955627,67.78555981138129,117.78555981138129,9,158914.5048814857,11531.429073033705,E3,13,3.614339111187279,2.0800512422094575,2.0800512422094575,3148,1,0.00266809124086732,1,0.3430724779230863,32.61209230734893,0.0
9297.964,9832.565,235.71067810058594,0.0,214.99999998722342,49.99999998722341,0.0,214.99999998722342,235.71067810058594,ep_0000075.npz,9.528897809797067,180.44731065161614,0.009837225692185682,23.288641062360096,160.84883874765882,134.1374798100189,184.1374798100181,4,41103.938454426585,38348.51444544416,E3,12,1.6028331551459847,1.1676058573683499,1.28007985307379,1541,1,0.0011373348100370227,1,0.593593758158384,65.96297365484871,0.7580009999071363
13178.498,12689.237,265.35533905029297,0.0,229.9999999936117,49.99999999361171,10.0,219.9999999936117,265.35533905029297,ep_0000076.npz,10.565613914145212,105.01350432359777,0.011702416314721836,79.54093261929998,115.16839173114536,144.70932435044534,194.70932435044534,3,54929.35079779355,38455.6640625,E3,12,1.58939308870392,1.1812480001196495,1.3628281025345053,2505,1,0.0023210426199843093,1,0.7155038303023845,69.99026567548596,0.714385057851326
10796.993,11297.52,220.0,0.0,220.0,0.0,20.0,200.0,220.0,ep_0000077.npz,7.651570051330536,136.10320321988456,0.002795756897847857,20.80966249319804,157.4532527545216,128.26291524771963,178.26291524771963,4,46016.964295826205,15136.823648174159,E3,12,1.715226880467395,1.2341321788341744,1.2341321788341744,1524,1,0.001328054214141463,1,0.19448287312800916,20.162103941750214,0.0
7408.911,7599.5215,221.0660171508789,0.0,164.99999998083513,99.99999998083511,0.0,164.99999998083513,221.0660171508789,ep_0000078.npz,22.113993187736853,92.5665276021291,0.0035443969942217106,14.790466034558147,104.04692256807117,68.83738860262932,118.83738860262895,2,16204.570511494776,92511.63261499298,E3,9,2.3969532158361506,1.3884519166990932,1.8602396076716585,2430,1,0.0018107708128281327,1,0.2170962821083859,27.4413363900119,3.644137390379906
9263.128,9754.291,275.0,0.0,250.0,25.0,0.0,250.0,275.0,ep_0000079.npz,13.480078062984214,167.2595161188974,0.010181809753212465,55.579255640227,118.51739741302251,124.0966530532495,174.09665305324927,2,24933.493893363768,88758.90537219102,E3,16,2.0145587640685663,1.4359839526813585,1.5795823479494944,2154,1,0.0017249425991317663,1,0.5871992069913712,65.51367490917005,0.3815997199769465
11056.971,10910.171,215.35533905029297,0.0,204.9999999936117,24.999999993611706,0.0,204.9999999936117,215.35533905029297,ep_0000080.npz,14.02499326331133,40.25843409733352,0.002647093201761658,41.895254764686705,88.31949447403535,80.21474923872205,130.2147492387224,11,136540.74106584524,13074.942832689607,E3,10,2.5556397288424373,1.5743224265462101,1.653847511970265,2651,1,0.0021026293907460123,1,0.19499431022254032,20.57084852705961,1.2153120451363897
13809.331,13242.796,250.0,0.0,250.0,0.0,0.0,250.0,250.0,ep_0000081.npz,8.826129732580663,113.7051008970202,0.005592334483882055,35.88525622363935,152.4950855198046,138.38034174344395,188.38034174344128,4,76204.88201469934,12767.123694259128,E3,12,1.8066149920593346,1.327102380674517,1.327102380674517,2231,1,0.0017095239038315234,1,0.3761931591059623,36.02189240801928,0.0
8605.582,8803.652,315.71067810058594,0.0,269.9999999872234,74.99999998722342,0.0,269.9999999872234,315.71067810058594,ep_0000082.npz,16.553468992624627,76.9935200775326,0.012129965651693272,67.74449092982387,114.37467597438699,132.11916690421086,182.1191669042119,3,27404.078484428577,89385.36999648876,E3,13,2.0436096163320423,1.4825457670209619,1.7335389979388514,2268,1,0.0017521356752939069,1,0.6963219377094915,81.77531527515752,0.9171471823112326
13516.348,13951.336,220.35533905029297,0.0,209.9999999936117,24.999999993611706,0.0,209.9999999936117,220.35533905029297,ep_0000083.npz,11.425851011114863,85.32355602074222,0.0045760463178832166,48.392774130674404,141.46012569225428,139.8528998229287,189.8528998229287,5,85171.91147624841,56187.68258426967,E3,12,1.5015777310266576,1.1061195282741203,1.1606635413828978,3123,1,0.002650646555033201,1,0.2622388699628513,24.464426647910646,1.02189192305256
8790.432,8362.1155,335.35533905029297,0.0,324.9999999936117,24.999999993611706,0.0,324.9999999936117,335.35533905029297,ep_0000084.npz,12.386317614096436,170.27752468353356,0.005336553358652128,87.88456968276817,80.37216801736544,118.25673770013361,168.25673770013685,3,25449.40174866878,65495.16513781601,E3,15,2.748257784835244,1.9315719800345765,1.9931168500839191,1571,1,0.0012960410514547746,1,0.3214075447626289,38.729658921823244,0.6455001332202489
9670.355,9999.681,280.71067810058594,0.0,259.9999999872234,49.99999998722341,0.0,259.9999999872234,280.71067810058594,ep_0000085.npz,16.02566381168147,106.59769918118945,0.007200371932339864,24.243911753306314,143.83826868981234,118.08218044311866,168.0821804431177,10,97282.1579762411,13036.84603230337,E3,13,2.201856359795693,1.5468623699536819,1.6700799416127514,2658,1,0.0025869243900479002,1,0.5098504095704444,56.18165418195525,0.8899702352175081
9211.825,9724.418,215.0,0.0,215.0,0.0,10.0,205.0,215.0,ep_0000086.npz,4.300321681699129,175.68521319187403,0.0019070577029596568,65.50247886980716,168.8989601223852,184.40143899219237,234.40143899219237,2,24908.697639413072,8102.423411165731,E3,11,1.1659345023283858,0.9172298639649622,0.9172298639649622,684,1,0.0005650626128523606,1,0.1514416623408069,16.922311607926485,0.0
13173.54,12898.764,155.0,0.0,155.0,0.0,10.0,145.0,155.0,ep_0000087.npz,15.85685787581297,58.27894157766332,0.005925734066184107,88.1215177802591,33.32337859146629,88.1215177802591,121.4448963717259,1,22407.67517764157,103690.58176790731,E3,9,1.758934751742587,1.2762990016934643,1.2762990016934643,3853,1,0.0028734796199733773,1,0.38887337861966453,37.72937289752993,0.0
13400.767,13094.644,295.0,0.0,285.0,10.0,30.0,255.0,295.0,ep_0000088.npz,17.28076221151406,63.37903131362236,0.008852468038701102,24.818842564873137,87.19856769763571,62.01741026250885,112.0174102625088,13,218900.4327571378,24249.859550561796,E3,22,4.595483732610647,2.544247357014527,2.6335191941027563,4295,1,0.0032647846691550024,1,0.5534470267949597,53.29344290460922,0.18764034475871935
8115.279,8250.6435,226.42135620117188,0.0,184.99999997444684,99.99999997444682,0.0,184.99999997444684,226.42135620117188,ep_0000089.npz,3.161557515495207,57.72834083077487,0.011997676492811499,45.36233938314295,129.03392311118233,124.39626249432528,174.39626249415545,0,3479.007392610156,9529.180565308989,E3,8,1.4871829447680245,1.0608025500583578,1.2983154166435187,393,1,0.00026946390636269026,1,0.727904945875042,88.30272255851908,1.132467913525269
9007.49,9512.197,275.35533905029297,0.0,264.9999999936117,24.999999993611706,0.0,264.9999999936117,275.35533905029297,ep_0000090.npz,12.548773761473948,178.8519794420563,0.00890773878787155,21.473616185191858,225.48719185205206,196.9608080372439,246.9608080372439,4,38184.76768355102,47259.77149534761,E3,12,1.345445333182742,1.0730447559664906,1.1149758588770364,1931,1,0.001551830420843886,1,0.5459894740775106,61.68626345974952,0.4052766141350786
13957.586,13409.865,215.35533905029297,0.0,204.9999999936117,24.999999993611706,0.0,204.9999999936117,215.35533905029297,ep_0000091.npz,14.423228350588522,108.03314025707095,0.010445645278571551,14.588294352796948,118.32335615409495,82.9116505068919,132.91165050689676,8,141357.65778653132,54668.41643258428,E3,9,2.4725113870043076,1.542377957175201,1.620289404495193,3715,1,0.002685794498647155,1,0.74642959284288,71.02640451514162,0.35198177585185425
13128.741,13681.218,250.0,0.0,250.0,0.0,0.0,250.0,250.0,ep_0000092.npz,6.623262929533524,112.38880095589866,0.005443627379234603,136.5202184420165,21.234548024985894,136.5202184420165,157.7547664670003,5,90884.12908363137,12400.867494733146,E3,15,1.83123058879503,1.5847381705090722,1.5847381705090722,1758,1,0.001399966316947752,1,0.4206400548408649,39.62721251449686,0.0
13332.526,13086.173,305.0,2.0,272.0,35.0,0.0,272.0,307.0,ep_0000093.npz,11.868652643123264,51.225801576832964,0.011151115734662426,70.8839918278199,20.835463951799486,70.8839918278199,91.71945577962042,10,160094.68896471764,10288.275269926266,E3,19,3.837255676298523,2.9655649140957614,3.3471633405419072,2947,1,0.002233319967007024,1,0.6631173999462976,63.87456075787771,0.547948973499335
9845.495,9312.493,325.35533905029297,0.0,289.9999999936117,49.99999999361171,0.0,289.9999999936117,325.35533905029297,ep_0000094.npz,11.08955666755526,179.5204741753223,0.010395516793458534,227.5835341659457,32.63064466557485,227.5835341659457,260.2141788315235,5,48843.420718008754,29739.52609287219,E3,16,1.2742573888590472,1.1144665571101455,1.250336705368178,1653,1,0.0013043751637431401,1,0.627888137981018,71.69574486665731,0.6973914572838843
13705.26,14149.604,305.35533905029297,0.0,294.9999999936117,24.999999993611706,20.0,274.9999999936117,305.35533905029297,ep_0000095.npz,16.108189462491353,85.34794933532248,0.009451093509928054,128.16477765825275,73.66568604780106,151.83046370605382,201.83046370605607,9,163156.3214150841,9173.51288184691,E3,17,1.9429565898233465,1.4616227628711533,1.5129298790841086,4497,1,0.0037059287937647764,1,0.5525570744904482,51.185809180658524,0.4884166215947682
10783.457,10630.343,150.71067810058594,0.0,129.99999998722342,49.99999998722341,0.0,129.99999998722342,150.71067810058594,ep_0000096.npz,8.020046332451704,43.628120240080534,0.011241227006271452,13.551986730978342,56.460531334101276,20.012518065079618,70.01251806508364,6,73035.9598374802,4054.5505617977524,E3,7,6.495934173024629,1.8568108044103686,2.1526247343437253,1458,1,0.0011312620864523959,1,0.6536941401300599,69.8626174873989,0.7156903331920237
12213.445,12388.977,0.0,5.0,2.0,3.0,1.0,1.0,5.0,ep_0000097.npz,26.232419587021823,40.61455339838085,0.006128727388831629,102.42881068099368,99.45963642184081,151.8884471028345,201.8884471028345,2,36922.534241575275,12196.05863764045,E3,5,0.013167558416381205,0.009906460863415695,0.02476615215853924,6000,0,0.005059510756043941,4,0.382385872846916,37.85555041166164,0.07924861658003607
10930.353,10337.559,320.35533905029297,0.0,259.9999999936117,74.99999999361171,0.0,259.9999999936117,320.35533905029297,ep_0000098.npz,8.110781044184664,170.6974275640414,0.0125680224736397,171.9017550139876,65.41571265665813,187.31746767064573,237.31746767064573,3,34568.705624380986,13717.053634129214,E3,15,1.3880179100582404,1.0955788570710914,1.349902062392175,1414,1,0.0012356936938843297,1,0.7267732689069355,78.76500204698506,0.9521995562048301
9683.502,9741.918,245.71067810058594,0.0,224.99999998722342,49.99999998722341,0.0,224.99999998722342,245.71067810058594,ep_0000099.npz,10.151270817121548,19.26466883657031,0.009740489829429535,131.89757737553407,86.11793014915052,168.0155075246846,218.01550752467702,4,43623.230875988134,124.97437895014045,E3,11,1.3391621005826901,1.0320366773072591,1.127033030312186,1619,1,0.0013586430659959193,1,0.6915749562363325,77.20770480960289,0.6476037606677377
11013.66,11424.094,210.71067810058594,0.0,164.99999998722342,74.99999998722342,10.0,154.99999998722342,210.71067810058594,ep_0000100.npz,3.7278168722874137,109.0467295223034,0.005296013858647179,116.48154189188499,7.3343295336545555,116.48154189188499,123.81587142554069,1,14647.643841385097,7666.891788096909,E3,12,1.4165334464783437,1.3326239850151171,1.7018066882265679,755,1,0.0006974579591964164,1,0.35078501547607355,36.163938873112194,2.073889137197545
7906.1415,8478.39,290.0,0.0,290.0,0.0,0.0,290.0,290.0,ep_0000101.npz,7.6995499949643165,243.7340984755847,0.0016572536364682603,50.50219504224527,226.6449064674398,227.14710150968506,277.1471015096834,1,13643.99127102566,15770.882417485955,E3,13,1.276705703363928,1.046375727620112,1.046375727620112,997,1,0.0007835142084856687,1,0.11439167471404299,13.689384016247594,0.0
12580.102,13129.966,295.35533905029297,6.0,280.9999999936117,34.99999999361171,0.0,280.9999999936117,301.35533905029297,ep_0000102.npz,16.409629431300235,119.11291293442628,0.0075330938255332115,27.5490053006777,103.17313452242442,80.72213982310211,130.7221398231009,5,81661.35626066412,108334.89290730338,E3,21,3.48107719405614,2.1495976150166576,2.3053121640917187,4095,1,0.003438024046246703,1,0.6651131492052635,63.959866721218226,0.5472181508158257
12678.551,13092.477,260.0,0.0,210.0,50.0,10.0,200.0,260.0,ep_0000103.npz,5.964248693275724,89.34103881264127,0.011650423297268437,9.096262774706362,149.74210214412986,108.83836491883622,158.83836491883088,0,7224.382953013104,18129.68508602528,E3,15,1.9294666927108177,1.3220987266351778,1.6368841377387915,1482,1,0.0012843532379887524,1,0.7342244183220376,70.70680248296694,0.7071455396677689
12477.274,12931.574,240.0,0.0,240.0,0.0,0.0,240.0,240.0,ep_0000104.npz,10.110118782388938,100.16159488238281,0.004272067807533849,53.19692882508172,173.98194252060708,177.1788713456888,227.17887134568696,3,45756.7793166218,14470.73022735253,E3,11,1.35456331884936,1.0564362723450798,1.0564362723450798,2466,1,0.001955654082973543,1,0.2586652136034802,25.064452290629248,0.0
14360.909,13932.994,160.0,0.0,160.0,0.0,10.0,150.0,160.0,ep_0000105.npz,7.855896730276205,80.28591503354437,0.0009264074886716236,50.780709343969605,101.88041195566416,102.66112129963376,152.66112129963585,1,29474.253647844536,50216.333775895364,E3,9,1.5585257395836645,1.0480730040359114,1.0480730040359114,2143,1,0.0017533959294262257,1,0.06397149173537993,5.971871935751221,0.0
9895.804,10337.614,270.35533905029297,0.0,234.9999999936117,49.99999999361171,0.0,234.9999999936117,270.35533905029297,ep_0000106.npz,14.391645852885725,137.0860353584303,0.0076605171168757265,153.7384474914705,33.914217570160204,153.7384474914705,187.6526650616476,12,133024.688296892,14322.492812938905,E3,11,1.5285701386222834,1.2523136823898002,1.4407220859958259,2509,1,0.001956390784625747,1,0.5762560166413943,62.45248761538415,0.800608621093502
8978.548,9276.382,255.35533905029297,0.0,219.9999999936117,49.99999999361171,0.0,219.9999999936117,255.35533905029297,ep_0000107.npz,19.04273582232533,107.82792781915578,0.0068910402135073795,137.90390633363305,74.02302270194326,161.9269290355763,211.9269290355763,11,106346.13847598965,42096.835718047754,E3,11,1.3586375120180065,1.0380936532925467,1.2049216218644225,2822,1,0.002339193164206997,1,0.5633440776240142,64.45089117973774,0.7757844628427862
12172.705,12438.537,250.35533905029297,0.0,239.9999999936117,24.999999993611706,20.0,219.9999999936117,250.35533905029297,ep_0000108.npz,9.078722806346784,61.47660129406904,0.008912663202716446,47.9633208338597,134.13322596184076,132.09654679570048,182.09654679570048,1,18801.287662038954,98091.72544329354,E3,15,1.8168529444209764,1.317982159556682,1.3748494601118058,2089,1,0.001706767327317763,1,0.6914365915447869,68.31425367542106,0.3659558386218089
12330.366,12752.352,250.35533905029297,0.0,214.9999999936117,49.99999999361171,0.0,214.9999999936117,250.35533905029297,ep_0000109.npz,14.703114497098797,94.85629068514754,0.009839808339218164,153.82660169330768,41.46883594804102,153.82660169330768,195.2954376413502,7,108230.82566593192,4028.34137991573,E3,13,1.3976776294016344,1.1008961734602727,1.2819313245302606,3512,1,0.0030051574300770734,1,0.746771475827351,72.86781658232788,0.6861739837795258
9605.929,9185.479,441.4213562011719,2.0,376.99999997444684,124.99999997444682,10.0,366.99999997444684,443.4213562011719,ep_0000110.npz,36.604566377595006,145.76082286177916,0.009920616574394045,42.06559763580174,89.61045119995437,81.6760488357561,131.6760488357561,9,86655.27629504437,218222.10542485956,E3,36,4.615796250533166,2.8630871241032714,3.3675171765995655,5345,1,0.0044554198899920275,1,0.6378838530270673,73.33895493862411,1.7044147967346521
10287.432,10510.226,185.35533905029297,0.0,149.9999999936117,49.99999999361171,30.0,119.99999999361171,185.35533905029297,ep_0000111.npz,8.62233369443524,66.32609344036064,0.010501429022139765,77.3783055646396,35.7785582034699,77.3783055646396,113.15686376810817,6,71222.1560075512,17070.697364378513,E3,11,1.9385278457449038,1.3255934726240381,1.6380388504769874,1541,1,0.001329152819635429,1,0.6048154387995975,65.00714310598529,0.7691462446225874
10660.992,10137.585,230.35533905029297,0.0,194.9999999936117,49.99999999361171,20.0,174.9999999936117,230.35533905029297,ep_0000112.npz,9.350168164205781,155.83899954278604,0.009234650825020889,123.46060561118358,37.29003890541995,123.46060561118358,160.75064451660032,1,13455.838406366862,72492.38862798456,E3,12,1.5794511862976621,1.2130588998881093,1.4329979188761806,1583,1,0.0013628150572541347,1,0.5455368673232917,59.703730210697834,0.8374686107075535
14195.232,13863.564,140.35533905029297,0.0,129.9999999936117,24.999999993611706,30.0,99.99999999361171,140.35533905029297,ep_0000113.npz,11.386793824540165,63.009591971643204,0.004866049454851158,87.20969466384005,74.74253114042422,111.95222580426427,161.9522258042643,9,167375.87637192814,9491.956745962078,E3,7,1.1612096057911516,0.8027058556807358,0.8666465579789354,3083,1,0.0021921911336176495,1,0.33187675733680394,31.058826349459153,0.8049241691338748
13774.377,14053.788,245.0,0.0,210.0,35.0,0.0,210.0,245.0,ep_0000114.npz,12.274562356993064,53.74238676506957,0.00831081248993875,43.130619101997134,139.9789390191501,133.10955812114722,183.10955812114736,7,117163.29864708109,67848.56039325842,E3,13,1.5776477885147238,1.1468543868204937,1.3379967846239094,3392,1,0.0027468088284830776,1,0.565762231394463,52.587405422771894,0.6655586013156674
9310.073,9163.117,281.0660171508789,0.0,249.99999998083513,74.99999998083511,20.0,229.99999998083513,281.0660171508789,ep_0000115.npz,8.901130953347945,52.25991141351278,0.00866262629553004,94.88672009667367,123.09290889148839,167.97962898816206,217.97962898816206,1,14364.173017797462,32278.588318556882,E3,12,1.4882757003734854,1.1468961624593461,1.289414145971149,1295,1,0.001020217179354843,1,0.5717675685004909,65.81764749342905,1.13951201291907
13108.623,13199.943,305.0,50.0,355.0,0.0,10.0,345.0,355.0,ep_0000116.npz,23.852474295936695,19.107593164243553,0.0014735765004655337,69.78793905626215,41.34144101300322,69.78793905626215,111.12938006926537,0,8443.075533630721,198624.91221910116,E3,76,5.08683885497469,3.1944747624681566,3.1944747624681566,6000,0,0.004722305632012592,4,0.11015909853285732,10.565268390126498,0.0
11973.49,12440.551,190.35533905029297,0.0,179.9999999936117,24.999999993611706,0.0,179.9999999936117,190.35533905029297,ep_0000117.npz,9.74997940938853,109.33459540763033,0.009477052103834252,22.746765226158644,118.96938676889575,91.71615199505439,141.7161519950544,9,127589.06433662173,3592.9213483146063,E3,10,1.9625768861663304,1.2701445633373771,1.3432155500308531,2244,1,0.0017611167244905898,1,0.7176288729079049,70.89629052875465,0.3526277581966297
9327.408,8985.61,215.35533905029297,0.0,204.9999999936117,24.999999993611706,0.0,204.9999999936117,215.35533905029297,ep_0000118.npz,16.669011020018612,123.16016503638912,0.004245150930990655,109.81425766358615,21.389812143529948,109.81425766358615,131.20406980711758,4,40918.228882580675,99649.63269180126,E3,10,1.8667885605676564,1.5624515329058095,1.641376973800323,2355,1,0.0018386198956192093,1,0.2464977118447785,28.653985065398743,0.8724789915452484
13526.533,13837.336,235.0,0.0,225.0,10.0,10.0,215.0,235.0,ep_0000119.npz,12.704443903243982,61.30894536424239,0.00962593036773332,48.202416097409646,145.84679841993193,144.04921451734157,194.04921451734157,2,38128.002277485204,140883.44123068822,E3,13,1.5619661707555723,1.1594996689867687,1.2110329876084027,3430,1,0.002751992483602597,1,0.5741693404891025,53.784630975470066,0.1859267195597339
10080.393,10411.419,161.0660171508789,0.0,104.99999998083511,99.99999998083511,10.0,94.99999998083511,161.0660171508789,ep_0000120.npz,6.299388041130115,100.76691255902097,0.0093786942613677,32.07744363792104,62.704866370164815,44.78231000808586,94.7823100080887,0,9417.293683733456,40014.187039150274,E3,7,2.344675832083615,1.107801655940591,1.6993257195053968,1110,1,0.0009688902975440236,1,0.6271522384588021,67.72704101320969,1.4765151184049339
13791.93,13247.955,245.0,0.0,245.0,0.0,0.0,245.0,245.0,ep_0000121.npz,3.9182366087776175,109.2500115204366,0.00820646185377903,106.61356284856517,16.414206757825113,106.61356284856517,123.0277696063878,0,9000.624100849225,28531.809493504214,E3,13,2.2980190648726384,1.9914203174116487,1.9914203174116487,991,1,0.0007743261892985327,1,0.5355736490366528,51.27308550922827,0.0
14172.129,14305.509,155.0,0.0,155.0,0.0,0.0,155.0,155.0,ep_0000122.npz,7.8681751788203,24.781193785169307,0.004089538150629082,48.259991147741744,75.0280635721622,73.28805471990394,123.28805471990394,6,107423.8470246986,1505.3932584269662,E3,8,2.1149422043249335,1.257218311637262,1.257218311637262,2233,1,0.0016463794696835595,1,0.2605899395672487,24.00777260068207,0.0
13170.27,12729.874,285.0,0.0,285.0,0.0,0.0,285.0,285.0,ep_0000123.npz,9.264168498624104,94.34547533069963,0.004367000232526747,52.40497614261257,151.1923903134667,153.59736645607927,203.5973664560805,3,56009.79516045714,39937.70112798455,E3,15,1.8555005634259683,1.3998216428869157,1.3998216428869157,2207,1,0.0017013296398200575,1,0.335264878010674,32.74323936244988,0.0
8146.601,8547.409,230.0,0.0,205.0,25.0,0.0,205.0,230.0,ep_0000124.npz,9.979212833324564,165.94843794738154,0.005108960800301613,28.27184370832837,139.96180312393935,118.23364683226771,168.2336468322677,6,46100.524610408,26838.212122542136,E3,11,1.733855002297472,1.218543399967957,1.3671462536225858,1308,1,0.0009350234873606504,1,0.39036211973488927,46.52601327107811,0.5373338105360665
12196.659,11604.716,260.0,0.0,260.0,0.0,0.0,260.0,260.0,ep_0000125.npz,7.1857940114654335,143.96650731648697,0.006194076743421242,161.97774647878728,80.56804207587427,192.54578855466156,242.54578855466232,2,31244.052074693693,52118.44605863764,E3,13,1.3503281580536308,1.0719625417919967,1.0719625417919967,1490,1,0.0013015306962393118,1,0.35521255220340214,36.334283945571954,0.0
8381.1105,8626.661,310.35533905029297,0.0,274.9999999936117,49.99999999361171,0.0,274.9999999936117,310.35533905029297,ep_0000126.npz,8.71334141394807,98.85247342316234,0.007729803969064107,67.65948539629689,162.33016956877512,179.98965496507202,229.98965496507202,1,10567.12398755348,34558.744842872184,E3,14,1.5278655878693526,1.1957059548412092,1.3494317346466123,1158,1,0.0009627679892645794,1,0.4801229183424631,56.960796822618434,0.877796709012282
11092.221,10876.186,185.35533905029297,2.0,151.9999999936117,49.99999999361171,30.0,121.99999999361171,187.35533905029297,ep_0000127.npz,15.669415975897888,59.24148061332289,0.006510706270630896,67.1808565741714,67.48537942286087,84.66623599703227,134.66623599703107,14,166816.94368881316,9937.078651685393,E3,11,1.795284722459371,1.128716480922232,1.3912569669981978,2948,1,0.002394930213622242,1,0.4106390570703795,43.3877637689109,1.1523986407761984
9942.191,9482.269,335.0,0.0,295.0,40.0,0.0,295.0,335.0,ep_0000128.npz,22.663473698468845,151.71760114770768,0.007581782354251255,42.97644492749084,87.97278707263176,80.9492320001226,130.9492320001226,16,159044.6515316661,16107.4951171875,E3,18,3.6442594044567733,2.252781444336564,2.558243335094064,3471,1,0.0030874827497220075,1,0.5413719993943177,61.26102990217355,0.6529436423755063
7870.974,7530.015,340.71067810058594,0.0,294.9999999872234,74.99999998722342,0.0,294.9999999872234,340.71067810058594,ep_0000129.npz,13.046557039946698,159.30997515608124,0.010722299209645764,51.671928700138196,208.00802435849502,209.6799530586332,259.6799530586377,2,18469.565721621373,49002.74282391152,E3,14,1.40690607606504,1.1360137604484633,1.3120407412567996,1414,1,0.000992491306239572,1,0.7427042048983141,94.31074529749371,0.7952434237545627
11661.423,11940.67,340.35533905029297,0.0,329.9999999936117,24.999999993611706,0.0,329.9999999936117,340.35533905029297,ep_0000130.npz,10.359357816667934,68.76531317001991,0.011751142804860979,31.357870250044606,38.263383858902316,31.357870250044606,69.62125410894724,3,47426.04391686812,43595.45580231742,E3,17,10.523673877155044,4.739931852954117,4.888670039147613,2242,1,0.0018657232504711186,1,0.7032885172194928,70.91901705644922,0.35251475600278726
11102.601,11675.307,290.0,0.0,265.0,25.0,20.0,245.0,290.0,ep_0000131.npz,12.549676416547818,148.78113089618273,0.008955762971387827,181.8333828356221,53.68322407523169,185.5166069108538,235.51660691085806,7,98224.96001035151,5757.485406425562,E3,14,1.428443546983049,1.125186047284985,1.2313356743873423,2626,1,0.002140606641253739,1,0.5864807031071976,59.80864069714086,0.41799980251340374
11277.123,11768.842,230.0,0.0,230.0,0.0,0.0,230.0,230.0,ep_0000132.npz,16.06475033961375,125.5112591633715,0.0014360016920273353,175.21465057633492,34.15164879739666,175.21465057633492,209.36629935670118,2,31386.78124186743,113984.88050825142,E3,13,1.3126756195526983,1.09855311340315,1.09855311340315,3402,1,0.0027128533120189717,1,0.09339093075962313,9.48602019546748,0.0
13804.684,14238.43,250.0,0.0,250.0,0.0,0.0,250.0,250.0,ep_0000133.npz,12.178516597892537,82.47436458862103,0.004589749303920654,106.14993889213545,46.19885829963104,106.14993889213545,152.34879719176232,6,110528.69848606507,10988.982619382023,E3,13,2.3551591513777335,1.640971275180621,1.640971275180621,3432,1,0.0027102348880884658,1,0.2995305822532103,27.660235882195785,0.0
11499.558,11408.873,210.71067810058594,0.0,189.99999998722342,49.99999998722341,0.0,189.99999998722342,210.71067810058594,ep_0000134.npz,18.646713098538186,23.352257835766068,0.008417837916801762,57.225822686507065,71.42478293613341,78.65060562264048,128.65060562264048,12,158384.8286989095,7622.696629213483,E3,9,2.415747450170043,1.4768682904185755,1.637852205054091,3769,1,0.002942580697027203,1,0.6283388771053859,64.82113600631567,0.7713533434889478
13922.359,14097.797,170.0,0.0,160.0,10.0,0.0,160.0,170.0,ep_0000135.npz,7.0522236746553135,33.39705060846245,0.006800790068056877,24.956916751714278,66.57791176652356,41.53482851823783,91.53482851823783,4,72192.63500068542,31973.583984375,E3,9,3.852188770437428,1.747968533836504,1.8572165672012855,1958,1,0.0013918272469336732,1,0.43673688972388086,40.531199308498465,0.24672351597311923
8319.307,8684.439,205.0,0.0,155.0,50.0,20.0,135.0,205.0,ep_0000136.npz,6.019202817512256,147.05912691898357,0.010189301643007125,57.953605437495966,82.371918813978,90.32552425147396,140.3255242514748,3,24712.3404392242,22090.114992977527,E3,10,1.7160155037513736,1.1045745300208345,1.4608888945436844,808,1,0.0006187923509532623,1,0.6026121691837396,71.25433098932734,0.7017117318453123
13930.795,13490.483,240.0,0.0,240.0,0.0,0.0,240.0,240.0,ep_0000137.npz,7.137447640573014,86.58743340871933,0.004341232723986125,142.6463180513259,66.35451788190284,159.00083593322873,209.00083593322873,3,53920.58494857001,28649.65024798104,E3,13,1.509426026544831,1.1483207659354762,1.1483207659354762,1855,1,0.0013788827274349125,1,0.24967943273966728,23.687265685003347,0.0
8890.034,8944.921,170.71067810058594,0.0,149.99999998722342,49.99999998722341,0.0,149.99999998722342,170.71067810058594,ep_0000138.npz,13.012965522251346,20.575334062850743,0.007593720797330777,81.49053520406191,64.91777076297093,96.40830596703285,146.40830596703285,10,93304.27829553303,12252.258437938906,E3,6,1.55588254022964,1.0245320372807218,1.165990392232428,1826,1,0.0014143897092871944,1,0.46485877956880683,54.1598991926081,0.9231922646201594
12545.725,13051.435,190.0,0.0,190.0,0.0,0.0,190.0,190.0,ep_0000139.npz,5.030061014184661,110.27100494360366,0.004144455467464432,118.1844820490735,18.852933733421324,118.1844820490735,137.0374157824948,2,38191.64353133081,20205.85454705056,E3,11,1.607656070456921,1.3864826545004847,1.3864826545004847,1244,1,0.0009460876917857218,1,0.33894344180682845,32.69216822289459,0.0
8669.509,8308.6475,305.35533905029297,0.0,294.9999999936117,24.999999993611706,0.0,294.9999999936117,305.35533905029297,ep_0000140.npz,7.729724204267466,145.667352214964,0.0032715413936718015,59.84056237685667,205.36676035824473,215.2073227351014,265.2073227303432,2,19666.9556926548,0.0,E3,14,1.3707711998105523,1.112337310133631,1.151383513496614,971,1,0.00071548756832334,1,0.20681566012853989,25.001396815424975,0.9999441302490584
8836.636,9427.811,250.71067810058594,0.0,229.99999998722342,49.99999998722341,0.0,229.99999998722342,250.71067810058594,ep_0000141.npz,8.034961481443055,213.9246676108787,0.011494698324774262,73.88071293198543,149.44859383847702,173.32930677046244,223.3293067704629,4,39763.767913679665,14107.52172577247,E3,12,1.3269539022146393,1.0298693141228288,1.1226053657089685,1220,1,0.0009405096400488142,1,0.6682924421813458,75.84114995584841,0.6592727037542462
10802.386,11030.029,315.0,0.0,290.0,25.0,0.0,290.0,315.0,ep_0000142.npz,14.374705725380016,63.0090926959092,0.007047055047646885,97.71086860859627,14.374933795663551,97.71086860859627,112.08580240425982,13,160705.9541235261,2561.6446848665732,E3,14,2.9679400473008055,2.587303599380563,2.810347013120267,2762,1,0.0023787672847855323,1,0.405568895591688,42.55216504191534,0.5875141717319
12162.259,12667.277,270.35533905029297,0.0,259.9999999936117,24.999999993611706,30.0,229.9999999936117,270.35533905029297,ep_0000143.npz,17.557905750472653,115.26706248734536,0.009859685699440828,13.143859620478437,112.60124535933025,75.74510497980869,125.7451049798117,2,34898.56482248868,166256.76615168538,E3,16,3.4325650490935318,2.0676749209072955,2.1500267473131327,4152,1,0.0033172479629499534,1,0.6572714517078542,64.34977158417222,0.38850176742135983
13607.504,13328.484,215.71067810058594,0.0,194.99999998722342,49.99999998722341,10.0,184.99999998722342,215.71067810058594,ep_0000144.npz,13.756247054081612,56.35563287590685,0.012478223436034242,77.61981091410254,79.89474846524986,107.5145593793524,157.51455937935268,11,190959.61141754157,7958.461859199437,E3,11,1.8137078467595165,1.237980798445381,1.3694650129520771,3511,1,0.002744241389378449,1,0.7376096308294251,70.4011020384808,0.7102161548535664
14355.195,14064.555,325.35533905029297,0.0,279.9999999936117,59.99999999361171,0.0,279.9999999936117,325.35533905029297,ep_0000145.npz,8.371240736612426,54.165895103832554,0.012632952747747624,78.75160048532418,124.24582446734858,152.99742495267276,202.99742495267463,0,9841.534099981985,36331.8433988764,E3,18,1.830096160639469,1.3793278415176395,1.602755991245426,2316,1,0.0017049615436831463,1,0.7246125812516844,67.32653031803237,0.8911791489950232
9407.453,9924.282,260.35533905029297,0.0,249.9999999936117,24.999999993611706,0.0,249.9999999936117,260.35533905029297,ep_0000146.npz,9.671521651257288,171.7279383140758,0.00767996136274279,187.08761404833433,6.141182093150721,187.08761404833433,193.22879614148505,0,4589.269411606479,45932.586354459265,E3,13,1.3362723196043533,1.293803019973058,1.347394095751944,1586,1,0.0012099887873242047,1,0.4433286626031779,49.03672243085448,0.5098220018449156
14161.749,13774.416,180.35533905029297,0.0,169.9999999936117,24.999999993611706,30.0,139.9999999936117,180.35533905029297,ep_0000147.npz,10.147499048344066,74.07122298302784,0.0076432253785301335,88.88081665002089,74.85865899550777,113.73947564552866,163.73947564552867,8,147441.10525271407,8459.83310656601,E3,11,1.4946437815787026,1.038234667134492,1.1014774435990937,2721,1,0.0021404187007255005,1,0.4715380108859917,44.27159200777427,0.5646962049438295
11384.049,11144.37,255.35533905029297,0.0,244.9999999936117,24.999999993611706,10.0,234.9999999936117,255.35533905029297,ep_0000148.npz,17.223662173473727,63.29016563423738,0.009227641253475076,40.761174212300254,129.09247239385016,119.85364660615042,169.85364660351757,3,43182.60890904697,91554.20646067418,E3,14,2.044159747585346,1.4424182517877004,1.5033844969272783,3361,1,0.0027431237347282735,1,0.5537835736941418,57.80386436517015,0.4324970357635036
13622.493,13278.394,305.0,4.0,309.0,0.0,11.0,298.0,309.0,ep_0000149.npz,23.641400146021862,69.63764009305851,0.0126114141854434,76.25910069534427,131.67588173484143,157.9349824301857,207.93498243018587,0,7521.032344948304,36798.520891853936,E3,37,1.9565013098766246,1.4860414365521526,1.4860414365521526,6000,0,0.004551902182457289,4,0.7239577368650093,69.2283219373491,0.0
9632.034,9188.578,340.35533905029297,0.0,279.9999999936117,74.99999999361171,0.0,279.9999999936117,340.35533905029297,ep_0000150.npz,10.917633164472202,153.38194853567802,0.0071885689813001,50.8268882480551,188.54611263811515,189.37300088617025,239.37300088617025,2,23241.20367710867,25583.8623046875,E3,16,1.4785634630245745,1.1697225625155652,1.4218618548887356,1595,1,0.001327742706570295,1,0.5679698232394051,65.28983723981871,1.1487239540531586
10521.007,10181.012,295.0,0.0,270.0,25.0,0.0,270.0,295.0,ep_0000151.npz,24.91331621986683,101.92513492951184,0.0045062369641005115,40.761129237131414,166.38074750684638,157.14187674397778,207.14187674397778,3,37830.590590657266,136054.16904406602,E3,17,1.7181925378166094,1.303454445059959,1.4241446714543997,4245,1,0.0034153849937446756,1,0.37700624510188474,41.17167554651219,0.6072135677780994
13940.484,13650.765,220.0,0.0,195.0,25.0,0.0,195.0,220.0,ep_0000152.npz,9.102512144979302,56.4445194659811,0.005009624276201973,97.16075888238818,31.6937753341302,97.16075888238818,128.85453421651837,7,111806.96937707183,14754.99780547753,E3,12,2.0069830890889286,1.5133344060080594,1.7073516375475541,2408,1,0.001765172215847489,1,0.3316065112973388,31.274487658766066,0.799373606780498
9900.824,10290.596,145.35533905029297,0.0,134.9999999936117,24.999999993611706,0.0,134.9999999936117,145.35533905029297,ep_0000153.npz,8.235671258373417,121.31232568501491,0.009341750012758205,8.722570558576656,111.55912441922115,70.2816949777978,120.28169497780132,2,28740.412840115856,49353.82933198736,E3,6,1.9208415510789634,1.1223652943910272,1.2084576882385898,1426,1,0.0010995266328799418,1,0.565580057442694,61.43534700214167,0.40693185948376254
12099.919,12520.647,200.0,0.0,175.0,25.0,10.0,165.0,200.0,ep_0000154.npz,1.6567647364117475,97.24915072984732,0.008189216721258918,110.55821767183792,29.687455100032903,110.55821767183792,140.2456727718726,1,17649.177183623226,5450.815265098315,E3,11,1.5828764580796701,1.247810335543541,1.426068954906904,385,1,0.00027171780776082013,1,0.6562618110103089,64.62605239416247,0.3868408957972837
10064.487,9532.014,216.0660171508789,0.0,159.99999998083513,99.99999998083513,10.0,149.99999998083513,216.0660171508789,ep_0000155.npz,8.020176155756785,173.3540376396977,0.0050741653736126645,22.694981281663356,119.65444797607643,92.34942925773979,142.34942925773908,7,72158.13585174773,1712.105260270365,E3,8,1.7325499601550116,1.1239946715285931,1.517856575031769,1238,1,0.0010659703448301187,1,0.308421994448686,34.809576258657145,2.872772688692673
9168.446,8859.795,215.35533905029297,0.0,204.9999999936117,24.999999993611706,0.0,204.9999999936117,215.35533905029297,ep_0000156.npz,11.335764592874403,113.85950313881767,0.0037792257251641538,11.643623467548418,142.368896790182,104.01252025773042,154.0125202577327,7,66851.9278957672,10306.516853932584,E3,10,1.9709165731745233,1.3310606154003186,1.398297610414439,1568,1,0.0012199081402777974,1,0.22693524964906867,26.566607207492922,0.941030964110488
9504.472,9739.751,246.0660171508789,4.0,218.99999998083513,74.99999998083511,0.0,218.99999998083513,250.0660171508789,ep_0000157.npz,8.323182388131004,78.6938558277916,0.007623150149071823,61.692046572929534,30.383881393154017,61.692046572929534,92.07592796608098,1,17330.088946859934,0.0,E3,16,3.5498903367056123,2.3784718201429427,2.7158674658483863,1327,1,0.0010940551431086374,1,0.4391215862395674,49.02934055851186,1.529696282399102
12267.11,12604.161,250.0,0.0,225.0,25.0,20.0,205.0,250.0,ep_0000158.npz,13.535882372818115,76.7295142053581,0.010684017423727715,59.0116396620979,156.09810700406453,165.10974666616244,215.10974666616244,4,59021.90592585194,81886.63815616223,E3,12,1.3627299692666264,1.045977708993292,1.162197454436991,3177,1,0.0024450638881058718,1,0.6437066960162089,63.17933162756386,0.3956990261842689
9723.523,10114.228,265.0,0.0,265.0,0.0,0.0,265.0,265.0,ep_0000159.npz,6.490158152348656,124.8697917619802,0.0028156478048165564,41.94837798946548,216.6534161755068,208.6017941649723,258.60179416496885,3,33780.88425355668,44.33538886938202,E3,13,1.2703629950106052,1.0247415369088644,1.0247415369088644,1095,1,0.0009327823623778981,1,0.24291042178749375,26.61495330520729,0.0
11748.018,12042.527,230.0,0.0,205.0,25.0,0.0,205.0,230.0,ep_0000160.npz,14.767484586690793,71.66396446062208,0.006373370583639832,57.04749250731647,116.32372053621258,123.37121304352905,173.37121304353064,5,68291.6614259581,78457.54048893962,E3,11,1.6616518144120855,1.1824339023833668,1.3266331587715823,3237,1,0.0024993428389186146,1,0.4271461568708459,42.89068068505663,0.5828772031755176
12607.293,12378.335,235.35533905029297,0.0,224.9999999936117,24.999999993611706,10.0,214.9999999936117,235.35533905029297,ep_0000161.npz,9.018081216911495,51.762826174192924,0.00935061585977101,65.52848017943668,102.2242032655635,117.75268344500019,167.75268344500017,0,7526.633505218998,37469.843969452246,E3,13,1.9107844799027829,1.3412602133865763,1.4029900101565718,2060,1,0.0017478450845357298,1,0.6159477400122193,61.00380360376939,0.4098105120787414
10403.689,10333.887,300.71067810058594,0.0,279.9999999872234,49.99999998722341,0.0,279.9999999872234,300.71067810058594,ep_0000162.npz,17.056641150899516,20.86971946828362,0.010869109367280631,140.8508648284646,104.58980788619249,195.4406727146571,245.4406727146571,5,60127.24354900335,77722.48288272471,E3,13,1.4326598250918974,1.1408052173681258,1.2251868232539613,2972,1,0.002731472472858206,1,0.631624251457015,68.46537619020023,0.730296140465524
8693.299,8246.61,290.71067810058594,0.0,269.9999999872234,49.99999998722341,0.0,269.9999999872234,290.71067810058594,ep_0000163.npz,10.884382039209422,180.94051182753628,0.011013745770358827,36.786771979412634,192.4354841022833,179.22225608169595,229.22225608169597,4,37013.31175372235,27035.401158707864,E3,12,1.5065093247355825,1.1778960935232836,1.2682480448014402,1352,1,0.0010492364793552049,1,0.6402015816723758,77.68246728718533,0.6436458796085577
8349.2295,7890.2445,235.0,0.0,210.0,25.0,0.0,210.0,235.0,ep_0000164.npz,12.3010055824463,198.08636860199022,0.003942392771063254,180.04128678869753,22.605635878946543,180.04128678869753,202.64692266764408,4,28727.090428449057,55941.673433110955,E3,10,1.166399128475809,1.0362851665130663,1.1596524482408122,1430,1,0.0010120637008173906,1,0.2856932059641462,35.4405528149415,0.7054066038569288
13899.566,14357.337,250.0,4.0,254.0,0.0,50.0,204.0,254.0,ep_0000165.npz,14.361552241604254,86.0573699858196,0.0011835850502361369,64.93868201838308,123.61509124817934,138.55377326656242,188.55377326656713,7,118980.92877927776,11135.09732707163,E3,18,1.8332232606277101,1.3470958209937731,1.3470958209937731,4098,1,0.0031692629088089863,1,0.07707773762845509,7.0882370700697965,0.0
9822.324,9377.008,270.35533905029297,0.0,259.9999999936117,24.999999993611706,0.0,259.9999999936117,270.35533905029297,ep_0000166.npz,12.602016624275153,149.48948511758135,0.0069540711328051254,16.349497284029034,161.28874983669803,127.63824712072707,177.63824712072707,2,25644.51233844415,51566.57489905197,E3,13,2.0370069776004507,1.4636487592500824,1.5219432944896896,1898,1,0.0014724976499854174,1,0.42996737184360484,48.92700067556365,0.5109653084886079
8452.573,8679.188,290.0,2.0,217.0,75.0,0.0,217.0,292.0,ep_0000167.npz,14.144544202073977,90.23977983072382,0.011598941974407083,105.52787189468677,39.67782014135059,105.52787189468677,145.20569203603628,12,105197.22039921318,6792.15754476826,E3,14,2.0563287793442724,1.4944317743835154,2.0109404521658365,1897,1,0.0014411628687990713,1,0.7236331961577279,85.58985738445742,0.8762720524595655
13883.105,13346.84,260.0,0.0,235.0,25.0,0.0,235.0,260.0,ep_0000168.npz,8.320400130704925,106.57525256175722,0.011939985849613312,39.32952137597797,173.58534223915683,162.9148636151348,212.9148636151348,2,43051.07604085968,21360.439782303376,E3,13,1.4424712072629355,1.103727546352923,1.2211453704330213,2128,1,0.001581244399386003,1,0.7168937204376293,68.37683140381601,0.3656209199334847
14160.808,13728.926,200.0,0.0,175.0,25.0,0.0,175.0,200.0,ep_0000169.npz,5.486893117450937,82.79831319484765,0.006845544228571447,46.300212689868324,101.71660750366068,98.01682019352901,148.01682019352774,0,7481.325014901595,33559.02255969101,E3,11,1.7854078479027558,1.1822980643091274,1.35119778778186,1464,1,0.0011546395132476122,1,0.41379636537507086,38.91470129570949,0.6424307309987333
14186.11,13928.476,250.0,0.0,240.0,10.0,10.0,230.0,250.0,ep_0000170.npz,13.606887032945586,48.798132236926904,0.008584556698827494,48.42351830143728,99.50351146959528,97.92702977103255,147.92702977103255,9,163506.7999677088,46306.81344364467,E3,14,2.4508044465471324,1.6224215437265368,1.6900224413818092,3710,1,0.0027214426386559763,1,0.501844627450396,46.8556909194659,0.21342124731844608
9719.848,10084.663,186.0660171508789,0.0,154.99999998083513,74.99999998083511,0.0,154.99999998083513,186.0660171508789,ep_0000171.npz,19.615690653544984,116.88685117825207,0.007967139675578225,31.13652485815519,87.12510407372407,68.26162893187927,118.26162893187927,9,92221.26142473964,86593.80829200314,E3,9,2.2706753765796477,1.3106533486877454,1.5733422482964117,3295,1,0.002444619941016435,1,0.5993188440650299,65.76147017200506,1.1404854512021376
12428.587,12119.883,260.71067810058594,0.0,239.99999998722342,49.99999998722341,0.0,239.99999998722342,260.71067810058594,ep_0000172.npz,9.570146469128405,71.66634477563821,0.011822195390538836,76.53570558357586,97.88345594840149,124.41916153197735,174.41916153197735,3,50930.27838444557,21417.977528089887,E3,13,1.928963328735665,1.3759956066709031,1.4947364487403996,2118,1,0.0018649951744068778,1,0.7178033095360048,71.84551430455079,0.6959376722571021
13315.477,12812.312,225.0,0.0,225.0,0.0,10.0,215.0,225.0,ep_0000173.npz,11.756509962108415,106.38998065450505,0.00635906677481925,47.61689022371589,139.5383115842088,137.1552018079247,187.1552018079247,6,100575.13511419481,40466.00640800562,E3,13,1.640477335413754,1.202210773873734,1.202210773873734,2828,1,0.0021415965559732427,1,0.4504883283593644,43.85457708866239,0.0
10962.459,10465.02,250.35533905029297,0.0,214.9999999936117,49.99999999361171,0.0,214.9999999936117,250.35533905029297,ep_0000174.npz,8.11510524735997,141.6298826115817,0.007972378518870803,116.80831619752946,33.74018916562192,116.80831619752946,150.54850536315138,5,62323.12242204292,14546.53259963132,E3,14,1.8406223716985575,1.4281111557699704,1.66295466332521,1441,1,0.0011550663034836533,1,0.6307040435489144,67.93594904656395,0.7359873630283906
8284.9965,8782.576,295.35533905029297,0.0,284.9999999936117,24.999999993611706,0.0,284.9999999936117,295.35533905029297,ep_0000175.npz,5.479097046486768,199.30913707256786,0.007908986786478129,218.8164158369207,28.085890081802233,218.8164158369207,246.90230591872563,1,12693.235381637098,11135.914018609552,E3,14,1.3024616955887636,1.1543027066236755,1.1962437448742052,748,1,0.0005969084762509158,1,0.45738713958619465,53.77966508160025,0.4648597189231104
8731.543,8856.617,285.71067810058594,0.0,264.9999999872234,49.99999998722341,0.0,264.9999999872234,285.71067810058594,ep_0000176.npz,14.640266478156967,47.87717858502401,0.0012972949061021708,101.80002521847099,48.06264833047143,101.80002521847099,149.86267354894244,12,105501.57050862921,11987.962605337078,E3,13,2.6031427734768458,1.7682855491075915,1.9064832578692652,2024,1,0.0015994949536062059,1,0.09138178792658157,10.699708062356194,4.673024693368396
10352.535,10696.679,150.35533905029297,4.0,143.9999999936117,24.999999993611706,0.0,143.9999999936117,154.35533905029297,ep_0000177.npz,12.970113670307697,100.62683245247626,0.006519798403114052,23.429873347608392,86.2374700000369,59.667343347645286,109.66734334764529,5,56848.20298391824,64696.84866573033,E3,9,2.4133804509212244,1.3130618067142554,1.4074868081830596,2380,1,0.001979980929284392,1,0.4224483741040523,45.00848898321023,0.5554507729183621
9008.192,8951.445,325.71067810058594,0.0,229.99999998722342,124.99999998722342,70.0,159.99999998722342,325.71067810058594,ep_0000178.npz,17.05639960131711,21.051453490050335,0.010223006751713467,35.89973495426165,63.89809971896997,49.79783467323163,99.79783467423086,15,130490.49743979648,12429.69693644663,E3,19,4.618674717414125,2.3046592216956436,3.263704860569373,2396,1,0.0019966028033578617,1,0.6939496209116756,80.82113963434077,1.5466250606309333
7952.2095,7446.107,365.71067810058594,0.0,319.9999999872234,74.99999998722342,0.0,319.9999999872234,365.71067810058594,ep_0000179.npz,19.582530421612272,236.58572289156655,0.01145011282242545,54.62623013388745,175.88509555050186,180.5113256843893,230.51132568439132,10,73356.64470254262,44506.98790818118,E3,16,1.7727419527499328,1.3882181235006088,1.586519347866253,2087,1,0.0014960792028717571,1,0.7029727276920855,89.76713648977633,0.8354950700222596
11005.88,11439.906,195.35533905029297,2.0,186.9999999936117,24.999999993611706,0.0,186.9999999936117,197.35533905029297,ep_0000180.npz,14.417199488798008,115.25461142590666,0.006656488049802351,9.381065562868244,113.44268986313378,72.82375542600202,122.82375542599955,4,49108.32638554147,122696.0900193118,E3,12,2.567843403566669,1.5225067768447929,1.6068173324108965,2926,1,0.002326174479643619,1,0.4508772756160849,46.450699044810634,0.5382050325979895
10721.347,11083.956,215.35533905029297,0.0,179.9999999936117,49.99999999361171,10.0,169.9999999936117,215.35533905029297,ep_0000181.npz,17.323340177144136,100.5597810633235,0.009600163177061811,21.349802603613004,119.73530473116999,91.08510733478299,141.08510733478113,9,104061.75097935763,53374.97273305828,E3,11,1.9761737704498974,1.275825658667781,1.5264214850067475,3353,1,0.002649071868618851,1,0.5914123131313583,61.89952168830921,0.8077606842486325
13750.394,13614.197,255.0,4.0,234.0,25.0,10.0,224.0,259.0,ep_0000182.npz,12.90420164866579,26.86408292978649,0.008681082376549087,82.3532013748786,65.02405761355519,97.37725898843378,147.37725898843144,3,58651.85207897975,80988.01790730337,E3,17,2.403025125484318,1.5877619220640284,1.757394606045228,3400,1,0.0031015003577097465,1,0.49881933389575644,47.107726686717434,0.5306985023127647
9800.385,9914.127,230.71067810058594,0.0,209.99999998722342,49.99999998722341,0.0,209.99999998722342,230.71067810058594,ep_0000183.npz,8.049593759076691,36.688598355868635,0.006361474120306048,60.75265558033044,111.71266143063585,122.46531701096629,172.46531701096575,1,14866.768282029436,21850.344759480337,E3,10,1.7147712112517435,1.2176361231740938,1.3377221698778823,1318,1,0.0011138933740190643,1,0.3709439186049695,41.05126206974798,1.2179893495666738
11995.052,12539.915,216.0660171508789,0.0,184.99999998083513,74.99999998083511,10.0,174.99999998083513,216.0660171508789,ep_0000184.npz,2.885145061919461,126.6115497563851,0.012476649847718766,69.68009278451802,58.08687015640561,77.76696294092363,127.76696294092363,2,30063.82956443162,3425.5143960674154,E3,10,2.3789022096873196,1.4479486380714448,1.6910945691867358,672,1,0.0005570549278118406,1,0.7172226900957006,70.5748792932672,1.062701073411401
12318.029,12825.945,325.0,0.0,325.0,0.0,0.0,325.0,325.0,ep_0000185.npz,9.347050652831717,113.760468076277,0.007854987637631945,129.29909808978238,17.85318499710532,129.29909808978238,147.15228308688768,8,127168.65943971675,7522.069434691011,E3,18,2.5135519489418816,2.2085963818046928,2.2085963818046928,2252,1,0.0017222497192049446,1,0.4895544490908986,47.63226676207818,0.0
8458.021,8554.683,305.35533905029297,0.0,294.9999999936117,24.999999993611706,0.0,294.9999999936117,305.35533905029297,ep_0000186.npz,26.554441442013925,38.894205205164326,0.0066888730776465165,164.13048247907744,94.95730527807704,209.0877877571545,259.0877877571545,7,61548.74262505031,20505.387278353228,E3,13,1.4108906271285444,1.1386102083287617,1.1785786651453656,3485,1,0.0027976100858223512,1,0.5281810898380248,62.92534502383188,0.39729619256189047
11638.565,12045.016,195.35533905029297,0.0,184.9999999936117,24.999999993611706,0.0,184.9999999936117,195.35533905029297,ep_0000187.npz,4.496826307163141,99.57928460068797,0.0031730019446906464,60.44241695800572,36.02216002762036,60.44241695800572,96.46457698562679,1,24653.40250694028,30295.838856214883,E3,10,3.0607644317424683,1.9178024283585122,2.025151046683187,986,1,0.0007297064838200885,1,0.2431696754912634,24.414714725108322,1.0239726441653432
12899.682,12464.78,245.0,0.0,220.0,25.0,0.0,220.0,245.0,ep_0000188.npz,17.6539119576763,96.13570030555638,0.00653252684870988,50.29909184629398,147.94429401822515,148.24338586451913,198.24338586454326,3,53297.6096664632,137163.03518916783,E3,12,1.4840459742403607,1.1097469862138185,1.2358545982835707,4075,1,0.0030851580053867914,1,0.42751122514589773,42.193976980855524,0.5925016267450478
13994.78,14190.778,300.0,3.0,303.0,0.0,10.0,293.0,303.0,ep_0000189.npz,15.749255390304151,36.98311136057873,0.0092524926220195,116.35909700018053,73.86887020384773,140.22796720402826,190.22796720402727,11,200613.0097977507,57190.29143258427,E3,20,2.1607672566424814,1.592825726172115,1.592825726172115,4416,1,0.0032139835079193694,1,0.555820624253245,51.41337421409626,0.0
9781.539,9386.59,340.35533905029297,0.0,329.9999999936117,24.999999993611706,0.0,329.9999999936117,340.35533905029297,ep_0000190.npz,18.728239267443886,132.89984520167218,0.006311397998347732,188.9906114750911,33.3035113245582,188.9906114750911,222.2941227996517,9,83291.05865907487,76457.82402124298,E3,22,1.746118483970859,1.4845196797714384,1.5311036331673376,2825,1,0.0026387377590960212,1,0.38383467336375204,43.65517392593493,0.5726698062416733
13100.991,13601.87,335.0,71.0,366.0,40.0,1.0,365.0,406.0,ep_0000191.npz,22.803084187300854,102.50317750645172,0.010209615334504775,106.90356533481358,31.95021665350767,106.90356533481358,138.85378198832126,4,71893.977552215,3892.8634129213488,E3,106,3.4236463382088025,2.635866267083626,2.923939083158339,6000,0,0.004791948130131733,4,0.6407589357808194,60.53957305009269,0.6607248446714765
7790.377,7544.0265,470.0,8.129877984523773,183.12987798452377,295.0,10.0,173.12987798452377,478.1298779845238,ep_0000192.npz,35.009839765304605,115.84546623876213,0.008250912018793986,130.01931206311605,21.80067121113429,130.01931206311605,151.81998327425032,0,3490.210114971162,146227.7582404319,E3,40,1.4084821329897974,1.206230392304251,3.149321108281388,3805,0,0.0027826565467714945,5,0.5379740336430894,68.25026965326671,4.322327244986646
14327.706,14049.919,285.0,0.0,260.0,25.0,10.0,250.0,285.0,ep_0000193.npz,10.118388525211598,51.88565956512957,0.011267059160052573,85.13836695045882,127.42264147505152,162.56100842551035,212.56100842551035,1,26868.23766841132,133309.31849104635,E3,14,1.5993995270959378,1.2231782391600485,1.3407915313869763,2795,1,0.0021005425670658547,1,0.6769664089012918,62.932348438142874,0.39725197963290476
10468.805,10556.944,315.35533905029297,0.0,279.9999999936117,49.99999999361171,0.0,279.9999999936117,315.35533905029297,ep_0000194.npz,17.74172428607417,25.812356403391277,0.008553247719665886,127.59081175907663,89.76724116199841,167.35805292107506,217.358052921072,7,82986.48221923117,1831.4352176966293,E3,14,1.6730596174278978,1.2881970381621266,1.4508564776516755,3192,1,0.0028575718667079838,1,0.4981636890962881,53.42540799493925,0.9358842893319221
11379.623,11548.507,205.71067810058594,0.0,184.99999998722342,49.99999998722341,0.0,184.99999998722342,205.71067810058594,ep_0000195.npz,9.866461609992193,43.4338448202634,0.01145970525519824,38.271632572205704,74.04845644301251,62.320089015218215,112.32008901521984,4,52208.25986759259,34975.782895891854,E3,10,2.968545181988547,1.6470784666325822,1.831468260968982,2031,1,0.0017122077632981574,1,0.6571047524034235,67.37760391842103,0.7420863473827601
13019.859,13413.042,140.0,0.0,115.0,25.0,10.0,105.0,140.0,ep_0000196.npz,6.524046632092782,81.69536394925944,0.009370330493819527,41.60115397795856,39.21524327370354,41.60115397795856,80.8163972516621,3,51765.053031724565,31161.563322945927,E3,9,2.764346394355555,1.4229785527544643,1.7323217163967393,1681,1,0.0013184169907642233,1,0.5769826847360601,54.896361207995966,0.45540359050899365
12496.663,12897.084,360.0,0.0,335.0,25.0,10.0,325.0,360.0,ep_0000197.npz,9.813167871590352,88.35905217219533,0.01151223671018286,80.31308250781865,9.051366048280453,80.31308250781865,89.3644485560991,6,99098.54530151135,38934.35919943821,E3,20,4.171175972076368,3.7486943120306013,4.028447618898556,2384,1,0.0019754379311061384,1,0.6688311733521307,64.89549242800925,0.38523476846613564
9983.643,10099.183,251.0660171508789,0.0,219.99999998083513,74.99999998083511,0.0,219.99999998083513,251.0660171508789,ep_0000198.npz,10.817349283966667,36.24802938713492,0.01024539039229453,117.105730662731,71.84267418354358,138.94840484627457,188.94840484627457,3,35616.24738699288,24718.852155021064,E3,11,1.583321523008716,1.1643390170974115,1.3287543620976439,1821,1,0.0015643712022326034,1,0.6712112808344685,73.59696378991535,1.0190637781597183
13863.681,13994.439,250.0,0.0,250.0,0.0,0.0,250.0,250.0,ep_0000199.npz,13.853118142631985,25.10892016008802,0.006024578179501087,47.40630552594897,70.96690819385988,68.37321371980886,118.37321371980886,12,190962.19677929906,31862.715721558987,E3,13,3.6564026524260163,2.1119642877294327,2.1119642877294327,3804,1,0.002932395663791737,1,0.3581642077810525,33.36183923181081,0.0
9222.037,8883.505,205.71067810058594,0.0,184.99999998722342,49.99999998722341,30.0,154.99999998722342,205.71067810058594,ep_0000200.npz,17.806881129932602,124.08613685476485,0.005335379666902005,18.38408389134387,105.93492317297316,74.31900706431702,124.31900706431793,6,58905.628770585085,88091.26333172403,E3,11,2.4892689944999002,1.4881071234064107,1.654700137639927,2473,1,0.001916699874359197,1,0.318222702257846,37.20357555764995,1.3439568438722878
6846.3875,6907.522,226.0660171508789,14.0,201.99999998083513,81.99999998083511,0.0,201.99999998083513,240.0660171508789,ep_0000001.npz,19.438523477639738,33.840301551017546,0.008988867752261981,34.760070327006346,68.18433519952926,101.9444055265356,102.9444055265356,15,86891.04105016908,21297.183220681178,J2-A3b,21,1.9814721458967708,1.9622241631068171,2.3319967308859533,1851,1,8.147489131568348,1,0.6572798090991997,87.14310437412298,0.9409809366991623
7097.8425,7002.384,292.1320343017578,11.0,227.99999996167026,162.99999996167026,0.0,227.99999996167026,303.1320343017578,ep_0000002.npz,11.544210631049964,50.90574789961647,0.013872286742714828,32.87898372911932,80.85782559371113,112.73680932283045,113.73680932282885,3,21490.282830152577,39664.14534322332,J2-A3b,18,2.0224095513362887,2.004628064732487,2.665206067468909,1122,1,2.332959585149319,1,0.8237596165576446,108.47260025093205,1.50268362318778
7077.7705,6765.796,251.77669525146484,12.0,199.99999996805855,136.99999996805852,0.0,199.99999996805855,263.77669525146484,ep_0000003.npz,10.97416199714405,171.04631692370367,0.008940424352011062,91.44285795409947,79.48031156325169,169.92316951735114,170.9231695173523,1,8534.62119140715,17813.309778792132,J2-A3b,17,1.177002527295939,1.1701163776263483,1.5432471559959338,1013,1,3.090940141762043,1,0.5218453789191552,69.90804335471323,1.9597172713434543
6849.49,7050.566,216.0660171508789,14.0,171.99999998083513,101.99999998083511,0.0,171.99999998083513,230.0660171508789,ep_0000004.npz,17.41407484666941,109.56034265734797,0.006814863439475907,63.54858950662153,45.24844696624072,107.79703647286226,108.79703647286226,4,24679.335752005012,77405.38206636236,J2-A3b,22,1.595591174012802,1.5809254144871665,2.1146349625825085,1710,1,3.1713472725678513,1,0.4994734004673602,65.54585816510286,1.5561624004358636
6887.92,6948.8075,276.4213562011719,19.0,223.99999997444684,129.99999997444684,0.0,223.99999997444684,295.4213562011719,ep_0000005.npz,19.327992681034647,33.401433027973326,0.0072967205023287554,40.754214530311884,72.85949955613803,112.61371408644992,113.61371408644993,19,110794.38032120088,0.0,J2-A3b,24,1.9891005442062701,1.9715929698768826,2.6002262013578967,1857,1,2.026563273361091,1,0.4181757496163689,55.27757662064013,2.351767351644465
7013.9675,6923.9045,296.77669525146484,21.0,235.99999996805855,154.99999996805855,0.0,235.99999996805855,317.77669525146484,ep_0000006.npz,13.007229255836306,48.87000544860621,0.016305481003173777,93.34808215096112,69.73906510813048,162.08714725909158,163.08714725909317,12,68082.39998198488,4131.376514220506,J2-A3b,24,1.456006870124128,1.4470790858407145,1.9485085157975055,1243,1,5.1070700733778445,1,0.9665785777738541,127.99786821904836,1.2109576676917795
6703.806,7039.665,331.77669525146484,19.0,192.99999996805855,230.99999996805855,0.0,192.99999996805855,350.77669525146484,ep_0000007.npz,14.24943679129853,186.16306487198926,0.01557161000389734,116.14337676878941,70.54718442316155,185.69056119195096,186.69056119195096,7,42445.40536161928,35906.53045997191,J2-A3b,28,1.0393635450783723,1.0337962387376423,1.8789203536155439,1396,1,3.2943894571794434,1,0.9254364364194214,121.5380132769886,1.9006399211216574
7125.663,6692.2765,291.4213562011719,9.0,245.99999997444684,112.99999997444684,0.0,245.99999997444684,300.4213562011719,ep_0000008.npz,18.423638211165677,238.31677848262734,0.007574562871066833,103.14937666190063,134.28554887109405,236.43492553299467,237.43492553299663,8,49342.80437113067,47020.08207514045,J2-A3b,20,1.0404554209573296,1.0360733553508323,1.265278709637104,1673,1,7.642927875231963,1,0.5547969094813641,74.72942728369858,1.5121218518838637
6962.6795,6873.9875,275.35533905029297,9.0,250.9999999936117,47.99999999361171,0.0,250.9999999936117,284.35533905029297,ep_0000009.npz,8.579224193341462,48.65503529622765,0.0017141258531357688,44.96386494009332,93.47567859254362,137.43954353263695,138.43954353263695,7,42448.14607824267,3675.4221712605336,J2-A3b,21,1.826257520522165,1.813065787337263,2.0540037318402207,811,1,2.0950794946806552,1,0.10745937302513514,14.28190451292204,3.3608962971417484
6921.8945,6804.855,240.71067810058594,13.0,182.99999998722342,99.99999998722342,0.0,182.99999998722342,253.71067810058594,ep_0000010.npz,19.976753041820174,64.97953830998722,0.012138537283451154,6.3692431276799795,67.58747236985599,72.95671549753597,73.95671549753646,17,102435.38194265815,5246.8629301264045,J2-A3b,22,2.508336603960797,2.4744203248631185,3.430529281807237,1860,1,0.7908217881400926,1,0.6960696349967406,92.9794206196831,1.0755068091492723
6916.0735,7123.92,226.77669525146484,16.0,186.99999996805855,128.99999996805855,0.0,186.99999996805855,242.77669525146484,ep_0000011.npz,11.029463920318797,111.56088141827604,0.014596442883923515,49.87672863289742,63.10697598751522,111.98370462041264,112.98370462041274,4,26362.42332333401,17191.603757022473,J2-A3b,20,1.6698858159937295,1.65510593404877,2.148776198011146,1100,1,5.796633660622825,1,0.966807968805585,126.21814917925278,1.02204002203245
6908.7755,6965.9305,367.4873733520508,5.0,294.99999995528196,179.99999995528194,0.0,294.99999995528196,372.4873733520508,ep_0000012.npz,10.712032600371678,31.225197529768593,0.011734538131431374,82.79808305885543,113.35528136400205,195.15336442285746,196.15336442286036,7,41447.935087946484,18341.82540379213,J2-A3b,19,1.5116316381616524,1.503925261864648,1.898959900320934,1033,1,5.298913995534534,1,0.9210893473788055,121.60565460122665,1.480194326041367
6915.3,7122.9315,305.71067810058594,43.0,303.9999999872234,73.99999998722342,0.0,303.9999999872234,348.71067810058594,ep_0000013.npz,27.338706945548633,111.46644694495444,0.0023494800530113316,149.51533627734167,33.795415205352334,182.310751482694,183.310751482694,9,57794.39317237894,99543.74736657302,J2-A3b,41,1.6674825676207081,1.6583860877135919,1.9022925566562146,2726,1,3.1756309862075955,1,0.13727311801189465,17.9226517408038,4.128853311296035
7117.021,6943.617,290.71067810058594,21.0,284.9999999872234,55.99999998722341,0.0,284.9999999872234,311.71067810058594,ep_0000014.npz,22.788220668836907,92.8667459212138,0.010763037611863582,157.31594769081798,63.27454141058158,219.59048910139956,220.5904891013945,16,92734.78853893177,9223.166641063905,J2-A3b,27,1.2978704184934893,1.2919867993774794,1.4130739696456633,2187,1,11.447530134976969,1,0.6266780739801594,82.86968953173145,0.6757597416336473
7088.5435,6822.5565,230.35533905029297,85.0,297.9999999936117,31.999999993611706,0.0,297.9999999936117,315.35533905029297,ep_0000015.npz,29.60252234964506,144.76435496785598,0.0022087003777898806,57.443854964607496,86.89291467922463,143.33676964383213,144.33676964383213,2,15420.468335035705,86037.62069873595,J2-A3b,67,2.0790199244345455,2.0646159722776227,2.184857952886636,2767,1,2.0024779068193195,1,0.12973461181381518,17.307265218822085,1.8489345132823702
7076.5475,6707.595,311.4213562011719,34.0,289.99999997444684,113.99999997444684,0.0,289.99999997444684,345.4213562011719,ep_0000016.npz,26.690308401470002,203.61109233822026,0.016106904556965042,68.06639086774665,133.45561509988335,200.52200596762998,201.52200596762998,9,55200.061456140735,77883.0547752809,J2-A3b,34,1.4462253086639338,1.4390487955991709,1.7140627126183734,2432,1,9.257465314609895,1,0.9730147444784095,130.91127175239177,0.8708188259760301
6728.8195,6945.0215,311.77669525146484,30.0,276.99999996805855,137.99999996805852,0.0,276.99999996805855,341.77669525146484,ep_0000017.npz,21.395888073495605,120.7392640842645,0.010068887818173238,27.663498900642395,144.58929934099203,171.25279824163442,172.25279824163619,5,29937.714172015283,5408.720922577247,J2-A3b,30,1.6174918180152411,1.6081015971623462,1.984157579675545,2054,1,4.436538453291716,1,0.6445194583577281,85.22032808231548,1.6193319490012106
6866.948,6968.166,376.77669525146484,83.0,376.99999996805855,155.99999996805855,0.0,376.99999996805855,459.77669525146484,ep_0000018.npz,30.907948274745465,55.53621038351503,0.014123084847876123,140.58664135777337,84.85189165961899,224.43853301739236,225.4385330168126,4,27175.74340729438,13880.454814782304,J2-A3b,72,1.6797472114061793,1.6722961905538254,2.0394769656222698,2982,1,3.19279916962527,1,0.9613647616761751,126.90248195011279,1.2292903777042312
6929.1255,6986.8725,416.4213562011719,9.0,366.99999997444684,116.99999997444684,0.0,366.99999997444684,425.4213562011719,ep_0000019.npz,10.354210162951105,31.40831087731658,0.014759871030772344,178.66496209899296,144.39116789447652,322.0561299934695,323.05612999346977,3,21984.942866661142,27701.08458786868,J2-A3b,30,1.1395529095561345,1.1360254949561408,1.3168651410817411,1003,1,1.6304904488187872,1,0.8698617628107581,114.67029140419082,1.0203165836741814
7126.9395,6961.323,367.4873733520508,10.0,290.99999995528196,188.99999995528194,0.0,290.99999995528196,377.4873733520508,ep_0000020.npz,8.740065425704323,88.43493146276069,0.011276415314884523,135.05674260129334,43.42335691253696,177.48009951383028,178.48009951383386,4,26059.96234222551,5418.776663448034,J2-A3b,23,1.6396204461932113,1.6304338732886394,2.1150109977543576,842,1,0.1632977038373103,1,0.8444746675479707,111.52778014737137,1.6946450445399324
6904.849,6968.2835,442.1320343017578,22.0,350.99999996167026,200.99999996167026,0.0,350.99999996167026,464.1320343017578,ep_0000021.npz,24.626233281914676,34.66179189802551,0.015814759005754134,157.61739039103045,122.53440769595929,279.15179808698974,280.15179808698974,10,64001.16941683787,10983.811885533705,J2-A3b,35,1.257380401512911,1.2528921904427024,1.6567162426622744,2376,1,6.341050575241727,1,0.9468668552543614,124.98771321011456,1.6081580724960767
6847.5225,6984.1875,206.0660171508789,8.0,103.99999998083513,153.99999998083513,0.0,103.99999998083513,214.0660171508789,ep_0000022.npz,7.726237120417732,75.01416497827267,0.013664337374804922,18.81356540647127,57.68969027671456,75.50325568318583,76.50325568318829,2,13432.621475011658,21729.639659410113,J2-A3b,16,1.3774240466824714,1.3594192698349346,2.7981295075514057,748,1,3.7951075370041742,1,0.78663904989436,103.71949678609477,1.4847738829512067
6991.032,6844.363,180.71067810058594,44.0,194.99999998722342,58.99999998722341,0.0,194.99999998722342,224.71067810058594,ep_0000023.npz,26.064664015160368,80.47355293373676,0.008428458104538029,47.658096941465764,32.76768066177297,79.42577760323874,80.42577760323795,15,88639.65886262897,53695.5863764045,J2-A3b,37,2.455122327682089,2.4245957676556267,2.794013123617459,2448,1,7.995869732094542,1,0.5380984992510632,71.67041558471658,0.8232127511174209
7090.46,7034.8985,331.4213562011719,6.0,281.99999997444684,113.99999997444682,0.0,281.99999997444684,337.4213562011719,ep_0000024.npz,11.801453524911901,29.550249287357474,0.008022885806136347,83.63936335205533,102.0637845561739,184.70314790822923,185.70314790822934,10,64478.18429790761,542.4518028002107,J2-A3b,20,1.5267741950698106,1.5185526101787215,1.816993195871502,1155,1,3.9771706678595766,1,0.5900511610148705,77.51845131218724,1.4706176148351928
6922.732,7029.1475,281.77669525146484,12.0,227.99999996805855,138.99999996805855,0.0,227.99999996805855,293.77669525146484,ep_0000025.npz,9.084462795792028,57.656619506846255,0.010847367425212319,101.28233334849317,45.86594228109897,146.14827562959215,147.14827562959152,7,45100.31035765741,3879.2512289325846,J2-A3b,21,1.5600594600644953,1.549457504632883,1.9964671281026303,888,1,1.181698711081775,1,0.6784722160820952,89.17116844105925,1.5587998048936118
7061.014,7135.413,396.4213562011719,8.0,300.99999997444684,161.99999997444684,0.0,300.99999997444684,404.4213562011719,ep_0000026.npz,10.532706152362826,39.27234881873301,0.00949601108603694,143.69614598608615,102.79091049819708,245.48705648428324,246.48705648428665,6,40904.21133932946,7790.3929292485955,J2-A3b,22,1.2261338918849176,1.2211594566777397,1.6407407430213417,1053,1,1.8936995077044936,1,0.6705387822346854,87.46979743469399,1.8520678534256125
6798.6695,6908.769,326.4213562011719,18.0,265.99999997444684,136.99999997444684,0.0,265.99999997444684,344.4213562011719,ep_0000027.npz,13.438451603392233,61.25552699297623,0.015261597077190827,66.87382047973867,129.12029750115911,194.99411798089778,195.99411798089602,12,66501.77533400468,10014.817415730337,J2-A3b,30,1.3641437122760032,1.3571835865011748,1.7573045545925179,1280,1,6.498294865175808,1,0.8758065243171712,116.10471787995522,1.179969276667086
7070.6455,7015.0445,215.71067810058594,7.0,188.99999998722342,62.99999998722341,0.0,188.99999998722342,222.71067810058594,ep_0000028.npz,6.679986933555866,29.69626545207302,0.007570372440059496,89.60296577931894,59.08693618386835,147.68990196318728,148.68990196318728,1,9142.433214603028,24975.024688377813,J2-A3b,17,1.2797083448151585,1.271101786280121,1.4978197924679832,651,1,0.2587071247152851,1,0.4805227100814189,63.21842696292661,0.9965448843605158
7032.372,6749.9615,206.0660171508789,12.0,164.99999998083513,96.99999998083513,0.0,164.99999998083513,218.0660171508789,ep_0000029.npz,15.872348193001667,155.86513795676092,0.009259274365142059,33.691241590677855,119.35236227277464,152.0436038634525,153.04360386345172,6,36765.567974445905,32796.89365344101,J2-A3b,18,1.0852150027239458,1.0781241150597258,1.424862010864834,1460,1,9.276822872682208,1,0.587784500322197,78.83368593648507,1.230438470922016
7100.373,6767.6565,251.42135620117188,26.0,202.99999997444684,132.99999997444684,0.0,202.99999997444684,277.4213562011719,ep_0000030.npz,11.77097270773761,181.94069879619565,0.013227664865958355,89.32216962351944,91.92310415631292,180.24527377983236,181.24527377983088,3,20269.34681783708,2425.1039655021063,J2-A3b,27,1.1262431225931013,1.1200292054017513,1.5306404984560957,1087,1,3.307112022241673,1,0.7600529206515542,101.80468151515137,1.3064232213589582
7059.082,7162.0535,261.4213562011719,11.0,215.99999997444684,114.99999997444684,0.0,215.99999997444684,272.4213562011719,ep_0000031.npz,10.633142493492477,54.21357563896436,0.005657013502286541,34.22157676204067,90.1754899045962,123.39706666663687,124.39706666600944,10,58977.35631085742,772.9300715414325,J2-A3b,18,1.7504467959354435,1.7363753484186233,2.189933922900201,1069,1,5.765224492007426,1,0.3850963652820639,50.141356288942404,2.2935159414466737
7092.5415,7016.1435,261.0660171508789,16.0,204.99999998083513,115.99999998083513,0.0,204.99999998083513,277.0660171508789,ep_0000032.npz,9.438009338741061,40.704351948375916,0.0138883477746768,60.405621838896586,101.86318344852333,161.26880528741992,162.26880528741992,0,2902.515379751038,41472.07689606741,J2-A3b,22,1.271169583078858,1.2633358556977556,1.7074508970477937,920,1,2.0250413248081016,1,0.8063370055941028,106.07426508862007,1.0935734495442657
7044.1645,6948.0985,235.71067810058594,31.0,232.99999998722342,62.99999998722342,0.0,232.99999998722342,266.71067810058594,ep_0000033.npz,27.03418426384799,51.82380913466204,0.004863642734426082,28.627414472437618,80.72570651595265,108.35312098839027,109.3531209883874,16,98413.18708038084,29982.219101123595,J2-A3b,29,2.150376453043643,2.130711934705243,2.438985514907333,2597,1,0.716451015194368,1,0.28210276443250326,37.29238640100102,1.6893528697732347
7080.9655,6964.1125,241.0660171508789,78.0,249.99999998083513,112.99999998083513,0.0,249.99999998083513,319.0660171508789,ep_0000034.npz,30.260634619080744,62.682858440993186,0.01446763324094999,82.52851970842607,20.495424416572156,102.02394412499822,103.02394412500382,7,42216.615482210516,11254.660178195227,J2-A3b,67,2.4504051683645836,2.42662035611351,3.0970083688869554,2917,1,1.9026965337811519,1,0.8307906442382421,109.69861865908207,1.0300950127003239
6991.6375,7126.6025,401.77669525146484,8.0,329.99999996805855,152.99999996805855,0.0,329.99999996805855,409.77669525146484,ep_0000035.npz,12.496342492216954,71.83714899718962,0.015553380305428013,95.85555471229068,170.6835258808831,265.5390805931738,266.53908059317376,6,36511.586799864075,32005.343607356037,J2-A3b,24,1.242754924174961,1.2380923624170033,1.5373981719285614,1247,1,5.1571374271440025,1,0.9905842929404325,129.29776443205634,1.1833151225786065
7152.8395,6946.4105,311.4213562011719,13.0,242.99999997444684,139.99999997444684,0.0,242.99999997444684,324.4213562011719,ep_0000036.npz,5.362988086462826,110.10207212196565,0.013329954740562146,157.65152303534185,47.64324254308274,204.2947655784246,205.29476557842378,0,2331.48113715555,0.0,J2-A3b,24,1.1894577880467725,1.183663885875451,1.5802709595985343,515,1,0.36642549468086905,1,0.8698851217236657,115.00686496736905,1.2173186358411656
6914.407,7116.123,261.4213562011719,14.0,169.99999997444684,163.99999997444684,0.0,169.99999997444684,275.4213562011719,ep_0000037.npz,9.430629714023063,108.37941046528522,0.017108486039235156,51.17997879748443,59.05092033529604,109.23089913278048,110.23089913278048,2,12181.443567527775,10093.456647208568,J2-A3b,21,1.556336177071982,1.5422173030601019,2.498585771938669,939,1,0.6034142013394942,1,0.9866808587267363,128.8830690129846,1.2724712503387416
6847.2515,6931.2085,346.4213562011719,12.0,290.99999997444684,125.99999997444682,0.0,290.99999997444684,358.4213562011719,ep_0000038.npz,9.382167059456082,46.34958230543725,0.00757170399374397,133.67953492751448,87.3591107343729,220.0386456618874,221.03864566188741,6,38907.33846694731,3764.0503204002816,J2-A3b,25,1.322494960369821,1.316511866524807,1.6215325384748893,898,1,0.19628509701967076,1,0.5907542629091607,78.18919004558278,1.6114759585179392
6990.9185,7045.1575,322.1320343017578,11.0,232.99999996167026,187.99999996167026,0.0,232.99999996167026,333.1320343017578,ep_0000039.npz,10.72555933749414,29.122551696587834,0.014733941428844778,103.63119220571082,75.39567168250989,178.0268638882207,179.02686388822065,9,55049.3092707471,1827.4021242977528,J2-A3b,18,1.3087912401128743,1.3014806543622912,1.8607935539202436,1052,1,3.073907647610057,1,0.9442074460943269,123.95481709338294,1.516681677808762
6940.1005,7167.4885,366.0660171508789,17.0,301.9999999808351,124.99999998083513,0.0,301.9999999808351,383.0660171508789,ep_0000040.npz,14.853573696655388,121.1754231776813,0.011087366599168516,168.27068663315197,49.70088344478594,216.9715700779379,217.9715700779379,7,46368.8348816975,42516.85118943118,J2-A3b,28,1.3918874250315574,1.3855017875627176,1.7574127534793176,1495,1,2.3218110420894953,1,0.8391819209046437,109.22322361325327,1.1444452548246111
7001.683,7153.516,285.35533905029297,26.0,285.9999999936117,39.99999999361171,0.0,285.9999999936117,311.35533905029297,ep_0000041.npz,25.44965114324825,80.49980507119653,0.002681786559673717,33.10291237816477,47.97284974732902,80.07576212549378,81.07576212549114,3,20033.516101397476,129056.6443556882,J2-A3b,29,3.5716175831757417,3.527564743097124,3.840301107109782,2554,1,10.017411445781308,1,0.15506184343173496,20.201856841747873,1.980016010753539
6937.195,7108.104,301.77669525146484,16.0,226.99999996805855,163.99999996805855,0.0,226.99999996805855,317.77669525146484,ep_0000042.npz,11.750394634224094,91.6803899526576,0.0125878480066749,35.28638152233595,124.98083076549804,159.26721228783398,160.26721228783398,2,14278.546957429495,28423.670119382026,J2-A3b,22,1.4252776620326297,1.416384528860307,1.9827929288540294,1168,1,2.2858967998617343,1,0.983116285383917,128.4898823124386,1.2763650881808175
6978.001,6747.852,336.4213562011719,17.0,296.99999997444684,114.99999997444684,0.0,296.99999997444684,353.4213562011719,ep_0000043.npz,13.987268621257636,127.79967741435757,0.013104395674738652,60.85929114210106,139.75841664504753,199.6177077871486,200.6177077871517,12,71012.14407896763,4809.800298455057,J2-A3b,27,1.4878439556631746,1.480427641460012,1.7616658075673932,1286,1,8.694654395951934,1,0.7612199031400992,102.11050451737428,1.1262308468457267
7063.2625,6926.4455,231.42135620117188,5.0,183.99999997444684,110.99999997444682,0.0,183.99999997444684,236.42135620117188,ep_0000044.npz,11.922833774797347,73.82892620843359,0.0063274842206981945,54.413467324731485,103.45978003448488,156.87324735921635,157.87324735865622,10,65113.98005769226,2268.091643258427,J2-A3b,13,1.1729214704984992,1.165491956698882,1.4975390711009458,1140,1,4.86887250430811,1,0.49444684636146685,65.46502052949805,1.6955619822105006
6918.2815,6731.3665,261.0660171508789,10.0,235.99999998083513,78.99999998083511,0.0,235.99999998083513,271.0660171508789,ep_0000045.npz,15.697999118144773,104.6589577054865,0.010527003402833994,9.326485645458902,94.31286295167854,102.63934859713744,103.63934859713719,5,30647.042231886953,55376.553831636236,J2-A3b,19,2.2993131114573058,2.2771273958716693,2.6154739567551326,1438,1,6.27772165022424,1,0.7743741231504668,104.00211312691192,0.7595999504782448
6845.4275,6777.903,281.77669525146484,16.0,204.99999996805855,165.99999996805855,0.0,204.99999996805855,297.77669525146484,ep_0000046.npz,20.787502463350872,37.91615804107278,0.013228896921236768,23.379239930998683,61.08210950978916,83.46134944078784,84.46134944078784,19,109567.41927612052,1060.2097963483147,J2-A3b,25,2.4562267605497685,2.427145686463074,3.5255971781533404,1924,1,11.40293119594371,1,0.9354078239583127,125.19724026796307,1.3259078204340944
6684.7885,6911.5975,236.42135620117188,9.0,140.99999997444684,162.99999997444684,0.0,140.99999997444684,245.42135620117188,ep_0000047.npz,17.82649618031188,127.74804635768396,0.016038548780113585,82.54837949636386,45.49678425045074,127.04516374681461,128.04516374681376,6,35830.414687912744,64133.07408707865,J2-A3b,16,1.1098415383638098,1.1011739596291894,1.9166780612382082,1699,1,1.4927175711296488,1,0.9272321657581849,122.89685968354578,1.326315419239881
7105.213,6985.1045,231.42135620117188,35.0,190.99999997444684,133.99999997444684,0.0,190.99999997444684,266.4213562011719,ep_0000048.npz,23.659523704675735,64.11922938813677,0.010299960875196534,29.831483570445062,33.71677721307304,62.5482607835181,63.548260783520796,16,96826.66835174774,7863.874594013342,J2-A3b,34,3.053642061055943,3.0055897300650685,4.192425613483661,2291,1,10.457260699126188,1,0.6355898080160113,83.79816319505335,1.59908039586191
6812.735,6940.447,326.4213562011719,18.0,238.99999997444684,163.99999997444684,0.0,238.99999997444684,344.4213562011719,ep_0000049.npz,18.893712391403998,70.7008850694192,0.014424509877080037,25.043744484450713,98.64107659007048,122.6848210745212,123.68482107452041,5,30502.265998947052,27740.086464185388,J2-A3b,26,1.9480812530938403,1.9323308866691793,2.784669559360539,1812,1,4.791145867469095,1,0.8307603718708075,109.88148045071088,1.4925172040070183
7105.071,6999.7205,316.77669525146484,24.0,276.99999996805855,136.99999996805855,0.0,276.99999996805855,340.77669525146484,ep_0000050.npz,9.738910123586338,56.1538537633196,0.013315901670527416,58.54421508067702,115.25254496658145,172.7967600472585,173.79676004725874,1,9271.115537221354,555.2310832162921,J2-A3b,25,1.603039315623171,1.5938156723562442,1.960777031509684,946,1,3.5361729451092656,1,0.7644592354892582,100.68320143961758,1.3607036527361631
6739.4525,7152.4465,326.77669525146484,18.0,276.99999996805855,140.99999996805852,0.0,276.99999996805855,344.77669525146484,ep_0000051.npz,22.275931327910044,225.28340694631697,0.00807992041234148,127.11043373552349,98.03920037424722,224.14963410977072,225.14963410977072,9,54875.097756436604,22424.55231741573,J2-A3b,27,1.2357816289470538,1.2302929163678251,1.5313224763375386,2235,1,0.23087799955685653,1,0.5156918578753505,67.1904817640037,2.0985115192848216
6673.3805,6986.646,236.77669525146484,10.0,178.99999996805855,140.99999996805855,0.0,178.99999996805855,246.77669525146484,ep_0000052.npz,11.056728163117509,175.22852933984268,0.009435669953585451,104.67541720599337,70.98221546960939,174.65763267560277,175.6576326756051,5,31049.219427404314,26385.902277914327,J2-A3b,18,1.0248621673495426,1.0190277373180017,1.4048731699988155,1071,1,0.819536598954447,1,0.6561900135727192,86.50458543395723,1.6299713970157845
6895.538,6984.0765,206.0660171508789,22.0,157.99999998083513,113.99999998083513,0.0,157.99999998083513,228.0660171508789,ep_0000053.npz,17.415436277769448,48.345556866968764,0.009301313591210158,72.69062653696135,26.253631343336146,97.9442578802975,98.9442578802975,2,15134.503196560538,30295.77499561095,J2-A3b,22,1.6131624599569145,1.5968587097998461,2.304994974309601,1686,1,10.35935693912283,1,0.5816270822279314,76.68925470571791,1.4865185535873429
7012.6045,6691.924,331.77669525146484,21.0,281.99999996805855,143.99999996805855,0.0,281.99999996805855,352.77669525146484,ep_0000054.npz,8.502195171375018,178.50463092862174,0.0148576500042543,185.1061317416366,318.87357653672217,502.97970827835877,503.97970827835593,7,42174.742117443326,0.0,J2-A3b,28,0.5606588005971689,0.5595463375527522,0.6999819426392873,772,1,4.973570223511155,1,0.860072498876423,115.85152075799591,1.2429703039363846
7110.8055,6978.289,302.1320343017578,14.0,239.99999996167026,163.99999996167026,0.0,239.99999996167026,316.1320343017578,ep_0000055.npz,21.87394996981162,70.75279936492916,0.014617536074995535,14.002631687216441,82.87740151407581,95.88003320129225,96.88003320128924,20,121454.52271247697,512.0641129740168,J2-A3b,22,2.503128043956868,2.4772906452562657,3.263128880694385,2115,1,7.914769340991434,1,0.9623912514838042,126.94580114985071,1.2918899126728867
6747.487,6689.9875,211.0660171508789,12.0,187.99999998083513,78.99999998083511,0.0,187.99999998083513,223.0660171508789,ep_0000056.npz,18.400040612307308,32.95903262161755,0.008737093649348302,87.10350276328808,54.213671721775114,140.3171744850632,141.3171744850632,17,95485.42988011651,2438.0431443117973,J2-A3b,18,1.3398217336598934,1.3303407789313406,1.5784777608503369,1670,1,0.016396465758643855,1,0.54849256442189,73.892896129724,1.0691149504026105
6939.503,7071.922,291.4213562011719,25.0,249.99999997444684,124.99999997444684,0.0,249.99999997444684,316.4213562011719,ep_0000057.npz,22.556104203786287,71.28945207607649,0.012412789485692634,83.33038697792644,12.919670636238441,95.25005761416487,96.25005761416121,20,119853.68275555389,4416.8701171875,J2-A3b,27,2.6246703281496884,2.597401042362228,3.287492642026398,2225,1,3.5886989278782777,1,0.7203420559098227,94.38727222697885,1.3243310991534079
7167.814,6730.8655,300.71067810058594,20.0,281.9999999872234,67.99999998722342,0.0,281.9999999872234,320.71067810058594,ep_0000058.npz,14.662563774207827,238.18525444307124,0.010481946586925204,58.84889168770299,175.40099794747502,233.24988963517802,234.24988963517796,6,39354.281549324056,19654.062884041432,J2-A3b,29,1.2090037874328454,1.203842616218141,1.3690963893304815,1343,1,7.678574354485863,1,0.8413860131252731,113.00617757744307,0.6017370151346201
6802.0165,7161.2285,306.0660171508789,35.0,300.9999999808351,83.99999998083511,0.0,300.9999999808351,341.0660171508789,ep_0000059.npz,22.861725040698538,194.42987728313892,0.00943840068379968,182.27397695290023,12.323196073040789,193.597173025941,194.59717302594424,10,64945.84818355714,58949.91803458567,J2-A3b,37,1.554774769053589,1.546785060133967,1.7526771424649987,2298,1,4.942923185088032,1,0.5477656595640836,71.32563353578885,1.1776972151069178
6818.3035,6899.047,270.35533905029297,14.0,249.9999999936117,48.99999999361171,0.0,249.9999999936117,284.35533905029297,ep_0000060.npz,11.615173138435807,44.873686127295514,0.00424906324966905,101.73912282970468,49.453096139039445,150.19221896874413,151.19221896874413,11,66147.84279143291,0.0,J2-A3b,24,1.664533633700679,1.6535242468085878,1.8807537913646044,1104,1,5.712767786538935,1,0.28912049419073765,38.35571830900438,1.277514857076956
7157.9775,6803.238,331.4213562011719,12.0,285.99999997444684,115.99999997444682,0.0,285.99999997444684,343.4213562011719,ep_0000061.npz,9.207624405169334,192.04975965201538,0.009810537269778747,157.8848437573973,42.37935118785499,199.26419494525229,200.26419494525086,3,17377.00386124837,22732.79576676615,J2-A3b,25,1.4352804328596271,1.4281134980351071,1.714841518700125,857,1,2.1360746774626933,1,0.6260727858182653,83.63943471509953,1.386905595065018
6984.2015,7151.534,286.0660171508789,18.0,174.99999998083513,172.99999998083513,0.0,174.99999998083513,304.0660171508789,ep_0000062.npz,21.781756545301434,88.90156222575479,0.013556433713682729,18.524262195072755,72.49654983566481,90.02081203073756,91.02081203073756,14,83437.52261358875,2051.314518960674,J2-A3b,23,1.9439949055456363,1.9226372087488952,3.3406207917393265,2185,1,2.4678052294741923,1,0.8886782215430313,115.794207709939,1.4940298258630942
6876.7745,7125.99,186.42135620117188,108.0,240.99999997444684,111.99999997444682,0.0,240.99999997444684,294.4213562011719,ep_0000063.npz,27.89238578445588,134.304280063644,0.010039034306090483,35.72547671014453,99.84989683648475,134.57537354662927,135.57537354662844,5,32227.396591851808,131321.5910287921,J2-A3b,83,1.7908179901201784,1.7776089688704395,2.171643333882547,2783,1,1.0972995058568047,1,0.6259770898373633,81.71088794310144,1.3706863649852503
6984.601,6859.241,397.1320343017578,15.0,330.99999996167026,168.99999996167023,0.0,330.99999996167026,412.1320343017578,ep_0000064.npz,19.346964973562912,68.71812054131624,0.010469789707350822,92.81743525898145,159.33468363457436,251.1521188935558,252.15211889354697,6,39191.77203795775,7958.722403879915,J2-A3b,29,1.3179263683694258,1.312699656913893,1.6344579459026907,1823,1,4.477316401431545,1,0.6146141771679637,81.77277122663342,2.06670261294296
6858.528,6955.8035,250.35533905029297,18.0,232.9999999936117,49.99999999361171,0.0,232.9999999936117,268.35533905029297,ep_0000065.npz,24.443119451221147,53.493451809460566,0.004486084525746303,26.91130527244123,82.1374342417076,108.04873951414882,109.04873951414628,9,53302.4791775214,49876.1244733146,J2-A3b,26,2.156434226269717,2.1366592684309382,2.460875203564189,2352,1,8.972853866156651,1,0.25998603321265107,34.349644619002746,1.4556191351671495
7134.528,6685.404,311.4213562011719,39.0,293.99999997444684,114.99999997444682,0.0,293.99999997444684,350.4213562011719,ep_0000066.npz,23.867451076050312,246.9240455489262,0.012006930032838552,42.79946168117522,201.3374005758866,243.1368622570618,244.1368622570656,9,56513.589617768484,26017.57900280899,J2-A3b,36,1.209195501024476,1.2042425599165665,1.4353479968633056,2164,1,11.029872788925498,1,0.7144612318117851,96.28492163838543,1.1943718498972153
7003.529,6799.3225,310.35533905029297,124.0,409.9999999936117,38.99999999361171,0.0,409.9999999936117,434.35533905029297,ep_0000067.npz,32.25990346416795,112.44389333835352,0.00378525693623675,68.4490231234341,178.21775583972473,245.66677896315883,246.66677896316088,7,44587.74539068743,11729.448297050563,J2-A3b,105,1.6689273239305056,1.6621614054272151,1.760899221516826,3000,0,15.28043442797399,4,0.2945175004287035,39.357188143633046,0.9909244494622484
7107.1405,6885.5455,285.71067810058594,37.0,272.9999999872234,78.99999998722342,0.0,272.9999999872234,322.71067810058594,ep_0000068.npz,23.298706486442896,119.54545225797938,0.0034394833539930177,35.81308096909524,86.05999059152215,120.87307156061739,121.87307156061397,9,58246.18551307672,73492.26825842695,J2-A3b,36,2.2585675739224924,2.240035444182975,2.6479243853313794,2208,1,4.731190880198467,1,0.2755623158630816,36.59287116472346,2.1588904470382637
6870.497,7119.9935,287.1320343017578,29.0,212.99999996167026,190.99999996167026,0.0,212.99999996167026,316.1320343017578,ep_0000069.npz,16.718444631253142,134.6327553662486,0.013905553995015316,105.93041964375726,29.7423203843868,134.67274002814406,135.6727400281496,5,34162.586770787995,942.9929994733146,J2-A3b,29,1.5816118385736955,1.5699542879245798,2.3301072436228987,1666,1,6.0653867196772415,1,0.9628767775404273,125.73959549914012,1.5190123620445115
7064.0515,6691.386,370.71067810058594,6.0,309.9999999872234,95.99999998722342,0.0,309.9999999872234,376.71067810058594,ep_0000070.npz,9.560615886040896,206.3056132826432,0.01009881739566381,223.57631068260218,250.15753507571804,472.73384575832023,473.73384575832023,8,47384.342578449505,1701.5032478932587,J2-A3b,20,0.6557601127330903,0.6543758753208713,0.7951947733385476,868,1,1.6696650836235472,1,0.6432954323797683,86.65555346393127,1.107834364328209
7123.598,6983.221,186.0660171508789,14.0,150.99999998083513,92.99999998083511,0.0,150.99999998083513,200.0660171508789,ep_0000071.npz,8.771306365624758,74.80873811514903,0.008972358759942296,18.49261159016211,55.64064994956154,73.13326153972365,74.13326153972365,2,13750.660604730452,14777.384568117977,J2-A3b,21,2.06472399564481,2.0368724759253056,2.6987348593003064,849,1,3.660220490877885,1,0.5367963206903846,70.78256627846865,1.3138828509686966
6705.251,6824.271,225.35533905029297,17.0,158.9999999936117,97.99999999361171,0.0,158.9999999936117,242.35533905029297,ep_0000072.npz,6.6732971292026235,67.52937897758602,0.008459801250374654,14.854856729277316,53.439329946309904,67.29418667558721,68.29418667558721,4,23322.853955888047,2501.86095505618,J2-A3b,21,2.362759814010699,2.3281630213842,3.5486964681420905,624,1,0.8030411855157142,1,0.5582290274264402,74.46099255027683,1.3161253515045626
6793.449,6671.092,240.71067810058594,15.0,194.99999998722342,89.99999998722342,0.0,194.99999998722342,255.71067810058594,ep_0000073.npz,12.348353950719405,69.92602253702898,0.011662156457888834,92.72063256477209,24.593574030156187,116.31420659492828,117.31420659492828,7,40542.89970382993,21213.563685042132,J2-A3b,21,1.67649340261868,1.6622027770305328,2.1797076886307885,1116,1,7.8699440023849085,1,0.671588769228335,90.60428327348372,0.9933305218646639
6977.402,6868.233,421.77669525146484,26.0,381.99999996805855,138.99999996805855,0.0,381.99999996805855,447.77669525146484,ep_0000074.npz,28.693382323865723,59.83069190637161,0.01578267955482479,116.62345347059053,173.98496400570056,289.6084174762911,290.6084174776619,1,9115.65123453228,116681.16243855338,J2-A3b,35,1.3190224348342054,1.31448360403195,1.5408249325258585,2709,1,12.787681896808952,1,0.9351606707720403,124.33836684456122,1.1179172084657203
6842.3125,6919.1955,346.0660171508789,112.0,414.9999999808351,86.99999998083511,0.0,414.9999999808351,458.0660171508789,ep_0000075.npz,31.425205193809767,42.5226429647646,0.010042295943724182,141.55454762353102,100.59220945794146,241.1467570814725,242.1467570814725,15,92116.19633200107,56082.11903089888,J2-A3b,93,1.7209437315411442,1.7138367037523636,1.8916875975206986,3000,0,6.2456791781760534,4,0.5785039102863792,76.63424951739026,1.1352626342493588
7151.1985,6868.543,321.0660171508789,14.0,257.9999999808351,120.99999998083513,0.0,257.9999999808351,335.0660171508789,ep_0000076.npz,12.275149034460528,152.05388798338117,0.010819556441075294,11.052397401499963,158.57151866086906,168.62391606236903,169.62391606236872,2,15842.509676618463,2928.7208677141857,J2-A3b,24,1.530032073774212,1.5210119302160878,1.9753465485826838,1159,1,0.9398634026600143,1,0.6681153352170952,88.83066726446286,1.36214219376062
6853.5295,6942.8205,426.77669525146484,13.0,364.99999996805855,147.99999996805855,0.0,364.99999996805855,439.77669525146484,ep_0000077.npz,13.225070208936788,49.19852576299763,0.009567975976512067,137.80547579650624,185.0929493013318,321.89842509783807,322.89842509783807,5,29456.455135500713,6389.5575842696635,J2-A3b,25,1.1338980607224785,1.1303864360981746,1.3619660582680535,1269,1,2.329930138677258,1,0.5680712347135315,75.12410424019274,1.9700734067305645
6815.995,7100.7215,291.4213562011719,17.0,241.99999997444684,124.99999997444684,0.0,241.99999997444684,308.4213562011719,ep_0000078.npz,20.60534370851448,154.8726715216535,0.01201780427276985,6.267869452852568,160.78413826149733,166.0520077143499,167.05200771434988,7,41368.447391493646,22058.426966292136,J2-A3b,26,1.4573747303961904,1.448650652485746,1.8462594997873722,2045,1,10.568230635265115,1,0.7307985114969062,95.56298919959252,1.308037777191882
6711.5605,6871.594,312.4873733520508,19.0,255.99999995528196,177.99999995528194,0.0,255.99999995528196,331.4873733520508,ep_0000079.npz,16.78638637666257,90.26438689438965,0.011563567807007569,135.43355586943233,47.0219892797178,181.4555451491501,182.4555451491549,4,26622.70044286787,52641.274468925556,J2-A3b,22,1.410813870388248,1.4030814999127896,1.816811722992932,1586,1,1.284332795226506,1,0.8039006576275931,106.86028574737436,1.6657264081820549
6791.067,7140.5085,276.0660171508789,17.0,223.99999998083513,112.99999998083513,0.0,223.99999998083513,293.0660171508789,ep_0000080.npz,10.251653526020654,189.78440028561272,0.012938916732885023,86.12779545893662,117.21771361176803,202.34550907070465,203.34550907070775,0,3484.2749917759274,0.0,J2-A3b,22,1.1070174031021556,1.1015733812097388,1.4412219797240438,1026,1,5.77943136829,1,0.7738997513337752,100.91671170903768,1.1197352556099518
6820.635,7088.515,252.1320343017578,13.0,189.99999996167026,162.99999996167026,0.0,189.99999996167026,265.1320343017578,ep_0000081.npz,8.637210231739033,145.82557890661246,0.01683271894137833,107.59045139749193,38.87693734195762,145.46738873944955,146.4673887394547,4,26689.556530985996,2084.681684515449,J2-A3b,19,1.3061346712010087,1.2972170911004228,1.8101779282307762,855,1,4.102117300925763,1,0.9887748347568983,129.40785529095513,1.2595835051526663
7079.4725,6866.617,276.77669525146484,23.0,220.99999996805855,151.99999996805855,0.0,220.99999996805855,299.77669525146484,ep_0000082.npz,13.149154092348315,115.40590554901792,0.013628619858235594,114.13575950628234,0.7479401722200849,114.13575950628234,114.88369967850241,8,50023.05290020321,13498.612019399578,J2-A3b,27,1.9362906150012882,1.9236845661004869,2.609392769299547,1241,1,8.025257308284862,1,0.780935291071182,103.84522483146101,1.463716797905266
7052.755,6830.438,240.0,40.0,267.0,13.0,0.0,267.0,280.0,ep_0000083.npz,26.18713007087172,121.35684709793532,0.0018763300996616002,46.075113789244796,164.63385555799618,209.70896934724098,210.70896934765173,11,69275.97057047028,54311.60090414325,J2-A3b,35,1.2731930390535429,1.2671506145496487,1.3288470864191073,2452,1,2.5483366228519464,1,0.1493372238657711,19.91085590541856,0.65291015422708
6952.991,7092.0145,351.77669525146484,13.0,297.99999996805855,139.99999996805852,0.0,297.99999996805855,364.77669525146484,ep_0000084.npz,15.878686349545088,74.57704839508006,0.01327065919238941,50.87564112456004,121.80573844708363,171.68137957164367,172.68137957164052,8,48242.08785465964,44509.232493196985,J2-A3b,23,1.7357735632809344,1.7257216771564357,2.1124263435718587,1573,1,6.665259567356249,1,0.781688877216812,102.28030447267,1.3687874776073579
6829.1185,7170.9965,306.0660171508789,19.0,201.99999998083513,166.99999998083513,0.0,201.99999998083513,325.0660171508789,ep_0000085.npz,16.08370202841624,184.31249646458673,0.014327874128698756,168.0587875605549,13.543746708510646,180.60253426906553,181.60253426906525,12,73685.33583701984,18379.647998595505,J2-A3b,26,1.118478214042618,1.1123192789895138,1.7899861279978386,1620,1,4.171361424509862,1,0.9435586922901769,122.77798806786991,1.3601786656458317
6942.1955,7150.185,356.4213562011719,16.0,306.99999997444684,123.99999997444684,0.0,306.99999997444684,372.4213562011719,ep_0000086.npz,15.376189603533245,111.0156573547074,0.012660716068428071,145.44453328895364,124.04244467392981,268.48697796288343,269.48697796288644,12,73204.06168068603,19308.3319434691,J2-A3b,27,1.1434446553191402,1.1392016129874991,1.3819642010771351,1542,1,3.3061294183435317,1,0.7315564769782659,95.33064378319187,1.300735996878999
7157.258,6711.701,337.4873733520508,15.0,264.99999995528196,189.99999995528196,0.0,264.99999995528196,352.4873733520508,ep_0000087.npz,13.234228801663113,243.66297044254497,0.016253833630356804,41.72632854226937,196.88480579099627,237.61113433326562,238.61113433326588,9,55184.83610362083,305.14044943820227,J2-A3b,25,1.1152676018271164,1.1105936053476826,1.4772461240628236,1207,1,1.488280678599383,1,0.9869968960013737,132.75178582179996,1.4312425160918698
6888.19,6985.6015,211.0660171508789,14.0,112.99999998083513,155.99999998083513,0.0,112.99999998083513,225.0660171508789,ep_0000088.npz,7.290196929111209,53.224231607092406,0.01544999532383916,13.688605672663437,61.20673283713641,73.89533850979984,74.8953385098031,1,9092.145470150881,2473.4324525983147,J2-A3b,18,1.529189827932777,1.5087721376150065,3.005073768662116,706,1,2.309609890133279,1,0.9317418649757149,122.83868991746674,1.2699581873239525
6997.369,6814.485,260.35533905029297,23.0,234.9999999936117,62.99999999361171,0.0,234.9999999936117,283.35533905029297,ep_0000089.npz,27.040079276909395,100.60282715355788,0.009346770681380253,23.16151784879622,121.04870805879047,143.21022590758668,144.21022590758668,9,55947.1479501986,25513.483146067414,J2-A3b,27,1.6409442726894155,1.6295654383358726,1.9648768821142668,2523,1,2.5763685626337693,1,0.5355540113526399,71.48771752796962,0.8812702681263102
7008.257,6945.315,201.42135620117188,10.0,130.99999997444684,138.99999997444684,0.0,130.99999997444684,211.42135620117188,ep_0000090.npz,6.749589403598493,34.095702396009074,0.012126674500670866,48.553354953124426,15.541042161908774,63.0943971150332,64.0943971150332,5,33637.203010796045,973.2158532303372,J2-A3b,17,2.076254088546225,2.0438603976465375,3.2985934140502815,648,1,2.2402029345292,1,0.8452351574518578,111.75678426973086,1.243772365881279
6886.783,6834.098,316.4213562011719,13.0,255.99999997444684,131.99999997444684,0.0,255.99999997444684,329.4213562011719,ep_0000091.npz,11.023481765956232,29.26848713376239,0.011064826104957567,90.30077411872954,116.94392220202987,206.2446963207594,207.24469632075755,4,26831.534016182213,4578.14546392205,J2-A3b,23,1.2412440394409276,1.2352547713849793,1.5895285237665073,1033,1,6.338478991354009,1,0.7875900719597475,104.97900884207273,1.2573942298600254
6865.5165,7013.8305,316.77669525146484,17.0,254.99999996805855,151.99999996805855,0.0,254.99999996805855,333.77669525146484,ep_0000092.npz,4.485272231103821,80.98994069445598,0.015316071630134681,141.32470645999075,63.18346163003033,203.5081680900211,204.50816809002106,0,3058.5445152741786,5398.366452334973,J2-A3b,27,1.2530209591158044,1.2468939619849895,1.6320946902450466,437,1,0.5863125190317021,1,0.8824862793825988,116.11071283409247,1.309095399192384
7104.324,7046.53,326.77669525146484,13.0,237.99999996805855,174.99999996805855,0.0,237.99999996805855,339.77669525146484,ep_0000093.npz,13.73938218074373,30.6545807307657,0.011697874143860197,73.89135358905911,103.1309700634898,176.0223236525489,177.02232365254272,12,74252.3852883996,1102.4532566713485,J2-A3b,23,1.3521012280115539,1.3444632013485602,1.9194002668181807,1348,1,1.3945298556732109,1,0.8219816165788139,107.89889156046716,1.6218887649090217
6687.381,6983.2415,362.1320343017578,31.0,317.99999996167026,162.99999996167026,0.0,317.99999996167026,393.1320343017578,ep_0000094.npz,18.999247794703166,165.29690977612336,0.009824437015993765,146.07310103980407,17.704089970848564,162.77719101065264,163.77719101065264,4,26703.212021363826,75526.40789589185,J2-A3b,31,1.9535906596450565,1.9416623157310495,2.4004077239069703,1839,1,8.563451905058368,1,0.7875996983488137,103.85319131594939,1.5695232654505564
6746.9265,6965.791,261.0660171508789,11.0,151.99999998083513,163.99999998083513,0.0,151.99999998083513,272.0660171508789,ep_0000095.npz,10.536062011631428,121.70695851171695,0.01492389961423499,29.042668072603252,93.94623741887155,121.9889054914748,122.9889054914748,2,14480.0599372345,18663.214097612356,J2-A3b,20,1.2460149500354165,1.2358838333704116,2.212118370056864,1016,1,0.4166705749413509,1,0.8711926885964013,115.01939366667783,1.4258465007744814
6904.789,6964.039,396.77669525146484,15.0,354.99999996805855,129.99999996805852,0.0,354.99999996805855,411.77669525146484,ep_0000096.npz,13.745620718043284,32.39034468931368,0.014498261513870998,94.13369887758468,135.50523062733598,228.63892950492067,229.63892950492396,4,24837.797754833035,50612.59820488062,J2-A3b,26,1.5526664717016985,1.5459051334780176,1.793148470684869,1325,1,0.5011687323030795,1,0.8886253677275991,117.33565778624758,1.107932596286133
7020.616,7168.836,296.4213562011719,26.0,264.99999997444684,115.99999997444682,0.0,264.99999997444684,322.4213562011719,ep_0000097.npz,16.44855057439224,78.29968793794615,0.01061132897462694,144.7865818149483,63.38871737340409,207.1752991883524,208.1752991883524,1,9991.998284753206,9283.655635533709,J2-A3b,31,1.2791100146235261,1.2729656256416892,1.5487973715337484,1656,1,2.571879097600402,1,0.6093223102213151,79.29886408394752,1.4628204491258119
6900.2145,7077.717,290.71067810058594,17.0,219.99999998722342,116.99999998722342,0.0,219.99999998722342,307.71067810058594,ep_0000098.npz,14.661183905542083,95.90699040106847,0.008312009385351737,34.386706273055516,133.98759113010033,167.37429740315585,168.37429740316253,7,42610.59023388665,16473.03370786517,J2-A3b,26,1.3144192591130501,1.3066127275972896,1.827539492941672,1448,1,0.8427258066104579,1,0.5687532142189439,74.49407633041722,1.57059468014976
7159.837,7054.893,281.0660171508789,8.0,257.9999999808351,74.99999998083511,0.0,257.9999999808351,289.0660171508789,ep_0000099.npz,9.919944414909471,55.28947343253549,0.008743312472602748,89.8366227480952,37.410732370903254,126.24735511899846,127.24735511899695,5,32077.86738773994,3212.2171809164324,J2-A3b,16,2.043607168939492,2.027547053842991,2.27168585846484,975,1,2.993386761172786,1,0.5196461892514593,68.17219822447957,1.100155223598229
7093.0305,6737.5015,315.71067810058594,12.0,248.99999998722342,107.99999998722342,0.0,248.99999998722342,327.71067810058594,ep_0000100.npz,7.2604942653446765,195.21277834379725,0.009002250704219714,195.22089260423974,13.238647832185041,207.4595404364248,208.45954043642266,2,12668.829083169057,23127.196387816013,J2-A3b,24,1.2002340285889554,1.1944763931932636,1.5720589108778797,666,1,3.4008388198183983,1,0.6870800025450174,92.23622592052506,1.1709065381781898
7088.0035,6745.0485,271.4213562011719,33.0,229.99999997444684,132.99999997444684,0.0,229.99999997444684,304.4213562011719,ep_0000101.npz,24.389590648123555,188.2539708948725,0.009249239946160219,26.233378185824165,158.47570223968256,183.70908042550673,184.70908042550673,6,37571.456234092584,82576.13862798455,J2-A3b,34,1.2519794854000745,1.2452013698763769,1.6481125643627748,2241,1,14.573656176160886,1,0.7010779322117217,94.06267056753663,1.4139509241230117
7089.946,6895.4555,300.71067810058594,17.0,285.9999999872234,60.99999998722342,0.0,285.9999999872234,317.71067810058594,ep_0000102.npz,10.697678399394665,105.00291840386672,0.00921097337591312,152.0151258866071,44.108680434041005,195.1238063206481,196.12380632064816,8,48030.78182775256,974.7406074438201,J2-A3b,25,1.4657360646052482,1.458262540140763,1.6199495821590986,1016,1,6.571410291984209,1,0.5286502655139989,70.15064840252408,0.8695571798168665
6686.114,6861.1975,175.35533905029297,9.0,145.9999999936117,52.99999999361171,0.0,145.9999999936117,184.35533905029297,ep_0000103.npz,9.324579669115996,99.14632803227414,0.004700073717698366,80.16173075928468,18.66748044975623,97.8292112090409,98.8292112090409,3,20151.243564264314,27218.801735867273,J2-A3b,16,1.4923967819963275,1.4772960161019237,1.8653932050550266,879,1,4.75808859866014,1,0.28275106185149806,37.61405012533829,1.409047943973171
7162.69,7002.851,336.4213562011719,10.0,286.99999997444684,117.99999997444682,0.0,286.99999997444684,346.4213562011719,ep_0000104.npz,5.071948793550172,84.6520789280421,0.009733142461414514,162.73437596877966,76.08491748227691,237.81929345105658,238.81929345105658,2,14298.457795912494,9932.000416959268,J2-A3b,22,1.2067986403025441,1.2017454529203033,1.450558500509789,493,1,0.3306743310758176,1,0.6512768179461704,85.75749649353247,1.3759730029356205
6689.444,7162.862,361.0660171508789,11.0,285.9999999808351,129.99999998083513,0.0,285.9999999808351,372.0660171508789,ep_0000105.npz,6.215705237533976,259.3796323872448,0.014269388983041028,152.27345552380314,107.1410294059964,258.4144849297995,259.4144849298011,0,2664.203440453661,367.95969759480334,J2-A3b,24,1.1067491052544112,1.1024827702209004,1.4342530535700884,625,1,2.50928513524555,1,0.8776999074073744,114.27330009676096,1.1376235732297708
6856.303,7060.8865,356.4213562011719,28.0,305.99999997444684,136.99999997444684,0.0,305.99999997444684,384.4213562011719,ep_0000106.npz,18.737529985744466,111.26597435394706,0.007966466920087428,171.65536441622362,60.28566533634755,230.94102975257118,231.94102975257204,10,63043.67727476133,22421.244074789327,J2-A3b,31,1.32501357728548,1.3193008597956073,1.6574098882429789,1844,1,10.625428554179784,1,0.6411419992600237,84.07533403306597,1.6294909981632204
7013.642,6958.7665,261.4213562011719,23.0,217.99999997444684,124.99999997444684,0.0,217.99999997444684,284.4213562011719,ep_0000107.npz,24.178249216948885,29.66593062201173,0.013441351855205333,110.32205021533439,76.88095132012016,186.20300153545455,187.2030015354522,0,2960.191678746929,90893.30846207865,J2-A3b,26,1.1707652302959137,1.164511242802709,1.519320490955422,2328,1,0.3626611431869594,1,0.7819593620020593,103.29063242005348,1.2101775063793545
6970.099,7125.883,287.1320343017578,15.0,228.99999996167026,160.99999996167026,0.0,228.99999996167026,302.1320343017578,ep_0000108.npz,17.820258329317006,83.11580675226014,0.013175976230191011,25.8561610164943,111.33140419486378,136.18756521135808,137.18756521136226,8,48821.69335750534,10613.744623419945,J2-A3b,21,1.6815044722054522,1.6692474978242695,2.2023281325553725,1778,1,10.824770010209956,1,0.7748443776684225,101.14352571066516,1.5917973872320084
7114.167,6980.523,296.0660171508789,13.0,252.99999998083513,99.99999998083513,0.0,252.99999998083513,309.0660171508789,ep_0000109.npz,4.145268812494875,71.31234233355826,0.006889745485082519,131.94135664075415,63.1209991275079,194.06235576826205,195.0623557682579,1,9346.792678655042,4949.425748332163,J2-A3b,23,1.30370467254841,1.2970211447738769,1.5844472703798473,401,1,0.3973195439847807,1,0.5196341471387218,68.5327988113466,1.4591553491943288
6810.9295,6967.296,417.4873733520508,13.0,336.99999995528196,195.99999995528194,0.0,336.99999995528196,430.4873733520508,ep_0000110.npz,15.332467454897815,86.32938470969384,0.014422786719585268,172.117773309609,85.35228194210768,256.47005525171664,257.47005525171664,11,69277.79215704658,12220.299168275986,J2-A3b,24,1.3139935561854499,1.3088900751033457,1.6719900608681777,1479,1,1.1784277261176994,1,0.8599097491023653,113.51752700578481,1.7266056187543077
6749.0065,6995.7505,290.71067810058594,82.0,333.9999999872234,67.99999998722342,0.0,333.9999999872234,372.71067810058594,ep_0000111.npz,30.354392402888976,136.7342713739754,0.0043019193127669325,58.08877587815083,78.96894283369244,136.05771871184328,137.05771871184328,4,25540.71293785622,78623.73474806882,J2-A3b,66,2.45484051290469,2.4369295149982837,2.719370215727804,2946,1,13.336626101414558,1,0.267664033062888,35.262956541113816,1.9283692196353643
6886.4925,6950.831,400.71067810058594,19.0,279.9999999872234,168.99999998722342,0.0,279.9999999872234,419.71067810058594,ep_0000112.npz,14.710742220468694,35.292319041271185,0.012293421085152781,117.51494307364824,78.89225784166509,195.40720091531333,196.40720091494137,13,80648.93790810401,2959.383339185393,J2-A3b,32,1.4329052290584285,1.4256096450785622,2.1369413959641492,1414,1,1.8772743169921142,1,0.7724450623526767,102.0921155123694,1.6553677934781115
7052.5155,6800.7735,215.35533905029297,12.0,194.9999999936117,46.99999999361171,0.0,194.9999999936117,227.35533905029297,ep_0000113.npz,10.954107220478356,137.8681700967736,0.004777400614352045,18.14290237746284,122.46651002472869,139.60941240219154,140.60941240219154,4,23781.732741552074,68.00899205582864,J2-A3b,20,1.3967539626328995,1.386820388921364,1.6169283063354114,1019,1,1.1550944613013352,1,0.2757513255187373,36.845486022959875,1.275597232299342
6752.8265,6932.115,331.0660171508789,4.0,293.9999999808351,84.99999998083511,0.0,293.9999999808351,335.0660171508789,ep_0000114.npz,16.044746039957648,99.99996716081932,0.008357162170363547,178.73914625793262,123.11859154152347,300.8577377994561,301.85773779945714,16,92033.31733676085,126.65730337078651,J2-A3b,19,0.9772060447280496,0.9739687381350403,1.1100130133933623,1536,1,5.055490426332307,1,0.5297455430002862,70.10986657622509,1.2123828518261566
7167.323,6872.556,196.0660171508789,25.0,174.99999998083513,89.99999998083511,0.0,174.99999998083513,221.0660171508789,ep_0000115.npz,25.004982823142587,158.23024577849264,0.0064307014247406025,46.411763013988676,111.34338030948604,156.75514332347473,157.75514332347655,6,38684.33759592043,47672.77826544944,J2-A3b,26,1.1163908007771772,1.1093140692218069,1.4013236747380309,2363,1,7.728562542521782,1,0.44989237027097356,59.799096749369085,1.5050394549945216
7086.26,6943.9555,342.1320343017578,13.0,267.99999996167026,174.99999996167026,0.0,267.99999996167026,355.1320343017578,ep_0000116.npz,16.503841861470804,76.4579697926265,0.008347156631584361,106.64168276387926,126.2183125273487,231.85999529122796,232.8599952912245,15,90004.58127766855,775.610077247191,J2-A3b,26,1.1558699448132421,1.1509061469596706,1.5250882138755297,1584,1,6.977345718024859,1,0.6525316669830712,86.28633771027174,2.0281310414318097
7154.795,6816.277,376.4213562011719,22.0,304.99999997444684,151.99999997444684,0.0,304.99999997444684,398.4213562011719,ep_0000117.npz,18.865954356012445,183.06979597235386,0.015253677557911158,38.23136898361144,140.4740299383591,177.70539892197056,178.70539892196803,12,74519.84334871339,13007.799168275984,J2-A3b,28,1.7163237685781885,1.7067195608769803,2.2294869578906407,1761,1,6.316321780949678,1,0.94911003653634,126.6730537682175,1.1999394934661622
6899.623,7133.849,261.4213562011719,11.0,193.99999997444684,136.99999997444684,0.0,193.99999997444684,272.4213562011719,ep_0000118.npz,18.130617446621788,125.81043493372908,0.008799067180123635,24.10043864560286,102.4958549829044,125.59629362850727,126.5962936285051,9,55319.32190410887,27511.3397559691,J2-A3b,20,1.544631568096,1.5324303296251065,2.1518904573982884,1812,1,6.010533449429631,1,0.5961333262646275,77.77244305612349,1.7615493945018872
6952.0125,7148.9065,266.4213562011719,11.0,218.99999997444684,116.99999997444682,0.0,218.99999997444684,277.4213562011719,ep_0000119.npz,12.966542764045647,104.99702575806259,0.008451170194014916,17.069465614863226,122.48177062887517,138.5512362437384,139.55123624373684,10,59616.899300179175,4332.596339536516,J2-A3b,20,1.5806426987716191,1.5693160868309808,1.9879534117249553,1300,1,1.442199236720217,1,0.5126366343556777,66.8089486000464,1.7512624046049656
6999.0,6868.642,236.42135620117188,22.0,199.99999997444684,116.99999997444684,0.0,199.99999997444684,258.4213562011719,ep_0000120.npz,15.452161553608239,71.27414783056429,0.012572825772487684,91.04504370531336,19.14249406241316,109.18753776772652,110.18753776772712,4,25782.36207982283,54271.85113456812,J2-A3b,26,1.8317108716189268,1.8150872959521283,2.3452866035169815,1459,1,6.093533100348004,1,0.7761356112019596,103.19178024519266,1.1338112366745166
6943.6,6756.244,250.35533905029297,7.0,158.9999999936117,112.99999999361171,0.0,158.9999999936117,257.35533905029297,ep_0000121.npz,16.968414305262343,104.32983505375341,0.010694783335179951,23.81095444219466,123.34362392453883,146.1545783667335,147.15457836673554,0,2196.5295129808856,75739.62610823385,J2-A3b,16,1.0878892866061731,1.0804964531742618,1.7488775538394559,1563,1,8.893553237177917,1,0.6737199271236991,90.31720383745855,1.251145907893415
6676.9265,6780.876,255.71067810058594,17.0,140.99999998722342,160.99999998722342,0.0,140.99999998722342,272.71067810058594,ep_0000122.npz,15.202472299490376,59.45040005831925,0.012574519093632691,45.567096199424554,14.270390124642876,58.83748632406743,59.837486324066134,4,27381.01476648388,28432.373595505618,J2-A3b,21,2.396431404472619,2.356382405898531,4.557522296702895,1408,1,1.0387573381909823,1,0.9143268448943936,122.34894163778591,1.3159083996318004
7165.439,6704.2955,327.1320343017578,13.0,273.99999996167026,153.99999996167023,0.0,273.99999996167026,340.1320343017578,ep_0000123.npz,11.290252697943549,252.1725951734643,0.015120439744068261,71.39825095429418,177.77660655765396,248.17485751194815,249.1748575119469,4,26523.4297978347,8646.339975421348,J2-A3b,23,1.1040602690724977,1.0996294036148213,1.3650335258462019,1028,1,1.4866483558698325,1,0.927572899736726,124.82828113158935,1.2336947890785193
6921.0005,6779.3355,402.1320343017578,22.0,329.99999996167026,181.99999996167023,0.0,329.99999996167026,424.1320343017578,ep_0000124.npz,23.85916799746463,78.88002476152451,0.014537411252785518,79.58547667331156,154.63321201372693,233.21868868703848,234.21868868703854,8,50288.41386892231,5250.059252106741,J2-A3b,33,1.4149809426486608,1.408939661525533,1.810837711880798,2209,1,10.338606860905546,1,0.8994076720005141,120.36627503917035,1.5120514438321087
7083.405,6959.8595,431.77669525146484,30.0,338.99999996805855,195.99999996805855,0.0,338.99999996805855,461.77669525146484,ep_0000125.npz,16.64458929718958,66.28592310621389,0.014187267781620437,112.3522681632221,175.55916926746636,286.91143743068847,287.91143743068744,6,39904.05004168994,40892.805093486655,J2-A3b,46,1.18154927180257,1.1774454081896983,1.6038845117524523,1603,1,1.3311995096460791,1,0.9025687503659932,119.21250713121894,1.644122791179272
7059.1235,6862.8305,301.77669525146484,13.0,251.99999996805855,135.99999996805855,0.0,251.99999996805855,314.77669525146484,ep_0000126.npz,12.619214491925115,106.70156415351175,0.012676405134991403,130.50661682240187,216.12957126226505,345.6361880846669,346.6361880846669,11,66039.52623370397,2991.5829090589887,J2-A3b,20,0.7290903228753602,0.7269869927905704,0.908089536152468,1190,1,2.6978600251679543,1,0.9722091038589774,129.31505608610695,1.0516950159113745
6821.149,6722.0255,266.4213562011719,13.0,236.99999997444684,100.99999997444682,0.0,236.99999997444684,279.4213562011719,ep_0000127.npz,20.325242979406728,56.155012355148756,0.013647926147559483,7.437780932903929,64.80703003664306,71.24481096954699,72.24481096954699,19,110541.09648371003,938.9030405108848,J2-A3b,19,3.3265580573404923,3.280512424267375,3.867701395453232,1858,1,4.598238359465322,1,0.8524936705340759,114.57327699044848,0.8815319123923355
7109.716,7168.5525,442.1320343017578,18.0,359.99999996167026,187.99999996167026,0.0,359.99999996167026,460.1320343017578,ep_0000128.npz,18.694449618845766,30.790742681612755,0.015552373023083122,139.8338191885137,173.0508258590805,311.8846450475942,312.88464504759423,3,19818.46465484085,45709.888627984554,J2-A3b,34,1.1542729200622672,1.1505837875390437,1.4706123856981386,1882,1,5.985757282379466,1,0.9085994189707088,118.24925804948349,1.5898619835990713
7087.244,6986.3445,331.4213562011719,12.0,289.99999997444684,111.99999997444684,0.0,289.99999997444684,343.4213562011719,ep_0000129.npz,19.977734796661977,53.96025563524472,0.01018085293752681,61.65618501815297,118.40987922271378,179.06606424086675,180.06606424086675,8,51301.55316336198,54730.48219145014,J2-A3b,22,1.619514011233082,1.61052001218023,1.9071964373130945,1935,1,1.201484324228891,1,0.5856828652381856,77.21148131550933,1.4505614717684427
7008.2355,7086.7695,291.4213562011719,18.0,241.99999997444684,125.99999997444684,0.0,241.99999997444684,309.4213562011719,ep_0000130.npz,18.8876145025625,41.903356173222164,0.00826693501884978,86.93326203779174,46.83671618200424,132.76997821979597,133.76997821979415,13,82015.68793762577,17195.4931640625,J2-A3b,27,1.8227012101623188,1.8090755728226449,2.313085195340088,1869,1,7.626421728347993,1,0.5014733306345388,65.63999765687264,1.9195613112770182
6697.858,7071.553,220.35533905029297,18.0,225.9999999936117,26.999999993611706,0.0,225.9999999936117,238.35533905029297,ep_0000131.npz,13.879426360239265,206.56090483291246,0.008084887603994676,57.20449392856911,150.01748505703995,206.22197898560904,207.22197898561066,8,47635.287588331405,9463.098336551964,J2-A3b,20,1.0959064649912162,1.090617902115996,1.1502415922147147,1369,1,1.739203918005556,1,0.5234497703437856,68.59024566790376,0.3936419782535658
7090.631,6913.3825,366.0660171508789,9.0,264.9999999808351,153.99999998083513,0.0,264.9999999808351,375.0660171508789,ep_0000132.npz,10.886837597463643,95.50228557631726,0.014574637386700248,153.7273632565607,105.77813544500991,258.5054987015706,259.5054987015689,8,52427.055299499596,6407.3174157303365,J2-A3b,27,1.0251232616400243,1.0211729666876341,1.4453104810014237,1038,1,1.4011270961415452,1,0.8421490920032203,111.6056131645482,1.3798589122375218
6779.976,6729.756,297.1320343017578,26.0,245.99999996167026,164.99999996167026,0.0,245.99999996167026,323.1320343017578,ep_0000133.npz,22.39788202288224,28.555695608462884,0.014762709182280141,40.58812629097763,67.13180287688341,106.71992916786104,107.71992916785936,20,116571.33517316735,3130.3090436271073,J2-A3b,28,2.3050989808542126,2.2836999788435604,2.9997423577787816,2051,1,11.66635344201814,1,0.8601271918434515,115.53277258522444,1.4281661927567402
7164.624,7009.3115,211.0660171508789,52.0,140.99999998083513,165.99999998083513,0.0,140.99999998083513,263.0660171508789,ep_0000134.npz,24.44115192892861,82.18152077063132,0.013360387663625612,3.817993847635291,79.5439256369864,82.3619194846217,83.3619194846217,0,3598.71977574842,0.0,J2-A3b,39,1.7119562154833232,1.6914197855874264,3.1557096906748696,2379,1,5.706892274369788,1,0.8221272538271444,108.20414427968711,1.5341371727108413
6735.4515,6911.385,240.71067810058594,19.0,133.99999998722342,154.99999998722342,0.0,133.99999998722342,259.71067810058594,ep_0000135.npz,16.67310702590792,98.53976347058324,0.013534706596938343,75.32147112667569,23.825953784910492,98.14742491158619,99.14742491158619,8,47855.597885638126,15947.18837780899,J2-A3b,25,1.365293079343999,1.3515227461198986,2.6194394693778538,1589,1,0.43222672931077755,1,0.9419559716915227,124.85025256507443,1.2414872761785911
7025.499,6733.068,266.0660171508789,9.0,220.99999998083513,97.99999998083513,0.0,220.99999998083513,275.0660171508789,ep_0000136.npz,8.217046510217985,161.81585775740132,0.004684683003715866,21.66146409656145,153.73309433038688,174.39455842694832,175.39455842694832,3,22282.230450820574,207.9640317766854,J2-A3b,18,1.2672413748127882,1.2600162853563182,1.5682699601278889,753,1,1.6865911054646772,1,0.29234530689557153,39.25865444042999,2.496264871470255
6968.4565,7024.5875,261.77669525146484,16.0,193.99999996805855,156.99999996805855,0.0,193.99999996805855,277.77669525146484,ep_0000137.npz,11.909368811843066,30.277567857290705,0.010906188980818732,28.84744819222677,59.1958917269787,87.04333991920547,88.04333991920547,5,32037.06133221682,35662.177076018255,J2-A3b,21,2.228774770684711,2.203460252031398,3.1549995207629737,1163,1,6.719630091432094,1,0.7961923157521829,104.6767739610908,1.4998551639202857
6919.973,7164.069,321.0660171508789,25.0,238.99999998083513,150.99999998083513,0.0,238.99999998083513,346.0660171508789,ep_0000138.npz,15.629791028309224,130.40748160339172,0.014805940809004069,154.5371811922567,19.332017557578567,172.86919874983528,173.86919874979478,5,33440.60449241654,35116.957952949444,J2-A3b,26,1.3825482023937643,1.3745965455604725,1.990381388073702,1572,1,0.9827157862260566,1,0.8979977156606466,116.90609720296548,1.2916349411500567
7040.5665,6974.6865,266.77669525146484,14.0,193.99999996805855,159.99999996805855,0.0,193.99999996805855,280.77669525146484,ep_0000139.npz,14.500780137351569,35.45191193424489,0.01663831898375808,48.21269799864831,80.89842425843608,128.1111222570844,129.1111222570844,11,68686.346457655,6611.460674157303,J2-A3b,21,1.5143103623645806,1.5025816256307358,2.174690222987807,1401,1,5.427581515166319,1,0.9582890666334517,126.43734882612969,1.265448868182791
6804.8015,6973.114,362.1320343017578,10.0,295.99999996167026,163.99999996167023,0.0,295.99999996167026,372.1320343017578,ep_0000140.npz,14.505685498627457,92.92857704261951,0.010337529782430036,98.3442718213464,125.48397176517614,222.82824358652255,223.82824358651922,13,76325.21391920192,3069.6067415730336,J2-A3b,21,1.3283773869838706,1.3224425801619337,1.6625785394143648,1401,1,8.309310591301411,1,0.7129062131561252,94.07245349956409,1.7433371179420782
7079.3425,6681.6005,255.71067810058594,15.0,236.99999998722342,62.99999998722341,0.0,236.99999998722342,270.71067810058594,ep_0000141.npz,13.886735170002856,220.06407933833816,0.0049931196012624884,76.56701781264532,141.36321097358223,216.93022878622753,217.93022878622753,4,26283.601641904992,7513.546348314607,J2-A3b,22,1.0925171715960964,1.0875040204711657,1.2421896659693406,1258,1,7.599902783699339,1,0.40790452235307,54.98745328117708,1.1457159084104942
6853.52,6783.1315,261.0660171508789,13.0,213.99999998083513,103.99999998083513,0.0,213.99999998083513,274.0660171508789,ep_0000142.npz,18.302936080658874,39.46647355203913,0.012606161620061474,97.25322383924588,77.39267179328415,173.64589563253003,174.64589563253003,16,96689.15432626416,2000.8988764044943,J2-A3b,26,1.2323930790377136,1.2253365543219494,1.5692668651517432,1696,1,6.832400002770498,1,0.72525167454213,97.03244572992605,1.0718064375116558
6883.9545,6801.1375,241.77669525146484,25.0,199.99999996805855,139.99999996805855,0.0,199.99999996805855,266.77669525146484,ep_0000143.npz,14.500396802051215,46.188915196839844,0.013368048109971125,35.10660685071269,80.83724140612303,114.94384825683571,115.94384825488962,1,9093.310398032247,3042.710235252809,J2-A3b,26,1.7399800250394397,1.7249729328319416,2.300912892463135,1349,1,4.814480081508722,1,0.7712143327049471,103.04508729869346,1.358628573550965
7158.5125,6793.31,352.1320343017578,16.0,268.99999996167026,186.99999996167026,0.0,268.99999996167026,368.1320343017578,ep_0000144.npz,24.399337003110677,197.9168823382788,0.014915733173045757,58.593005337994704,137.09282894394224,194.68583428193693,195.68583428193693,9,55396.53806189589,2211.274468925562,J2-A3b,24,1.381713266164575,1.3746523909038044,1.8812400787855024,2266,1,2.284017612487243,1,0.8673801401198227,115.96071001853991,1.6126151688082326
7128.25,6958.164,322.1320343017578,21.0,269.99999996167026,160.99999996167026,0.0,269.99999996167026,343.1320343017578,ep_0000145.npz,22.08317627607583,90.83966559601049,0.012644504085774269,45.728141351662714,138.08189728100925,182.81003863267196,183.81003863267327,9,58151.939342955826,2998.0854985955057,J2-A3b,22,1.4769429621104824,1.4689078026975413,1.8667752689366126,2126,1,8.732601820249986,1,0.7246280679004016,95.72187188025877,1.6819562425928085
6931.464,6787.0405,366.4213562011719,18.0,336.99999997444684,105.99999997444682,0.0,336.99999997444684,384.4213562011719,ep_0000146.npz,16.702097959251194,80.25639486514774,0.011073161095074908,79.39481338352869,158.4726941864848,236.8675075700135,237.8675075700135,4,27022.57979252673,2889.587978405899,J2-A3b,27,1.4227362943599857,1.4167550810833416,1.6161154590986833,1549,1,0.6336906927949059,1,0.704228653705708,94.19264514462992,1.125353256739813
6993.569,7090.3545,226.0660171508789,5.0,149.99999998083513,124.99999998083513,0.0,149.99999998083513,231.0660171508789,ep_0000147.npz,9.51238125959732,51.70307686150227,0.01540170355427877,30.16728067463547,83.4479032218176,112.61518389645306,113.61518389645306,9,52312.72721307817,4207.247191011236,J2-A3b,16,1.3319695869675665,1.3202460695530147,2.033760006597961,942,1,5.440956599144958,1,0.8877291838447343,116.16851405229363,1.0760230601259648
6928.01,6739.791,336.77669525146484,14.0,288.99999996805855,134.99999996805855,0.0,288.99999996805855,350.77669525146484,ep_0000148.npz,9.16361051059278,105.17929724076293,0.013661227276599934,43.28105354407259,145.07246205073258,187.35351559480517,188.35351559184022,0,3157.339054526769,32730.260873858846,J2-A3b,21,1.5425384415688634,1.5343488496085098,1.862331553245832,841,1,3.4103737027883043,1,0.924995401886468,124.15319442501824,1.0873663025206426
6783.7375,6946.385,320.71067810058594,14.0,277.9999999872234,85.99999998722342,0.0,277.9999999872234,334.71067810058594,ep_0000149.npz,14.027154817233129,90.26980732784978,0.0046260331574107805,39.95099799520344,128.72360507560853,167.67460307081197,168.67460307130426,12,70682.06935580749,4963.899556706461,J2-A3b,27,1.6579732105870504,1.648143792398336,1.9843572891592507,1347,1,6.441116732894953,1,0.26624232782493307,35.2000711560326,2.4431768789900503
7126.8175,7019.3825,282.1320343017578,12.0,209.99999996167026,171.99999996167026,0.0,209.99999996167026,294.1320343017578,ep_0000150.npz,16.81263385420697,57.01371977465078,0.012153522910052908,50.303446638217835,106.3108220508766,155.61426868909444,156.61426868909444,15,92888.98946573584,5510.814606741573,J2-A3b,19,1.3494906458818015,1.3408739939178558,1.8780666459303217,1640,1,8.615833637253248,1,0.9138011325167981,120.18323509967186,1.431148028416984
6867.6535,7035.951,261.0660171508789,28.0,253.99999998083513,78.99999998083511,0.0,253.99999998083513,289.0660171508789,ep_0000151.npz,17.161899017740133,91.66305057070349,0.005431123557263085,130.57147994136423,38.801047290744016,168.37252723210824,169.37252723210577,6,39038.98902500627,41117.56495786517,J2-A3b,27,1.508559645426513,1.4996528901806905,1.7066877484489964,1680,1,6.904935668399215,1,0.39586574633610944,52.00342085297276,1.5191308318771708
6928.2575,7168.1885,341.77669525146484,11.0,277.99999996805855,147.99999996805855,0.0,277.99999996805855,352.77669525146484,ep_0000152.npz,20.19591445802697,128.0126800027656,0.01565669115153374,168.03828288088204,37.2435761121932,204.28185899307525,205.28185899307525,2,16011.311711431348,79412.61252413974,J2-A3b,22,1.3608648430083172,1.354235592622124,1.7184991259425657,2033,1,3.7447859004525466,1,0.9026042959201239,117.47202417293225,1.259874434020015
6917.6105,7144.7255,281.77669525146484,12.0,217.99999996805855,148.99999996805855,0.0,217.99999996805855,293.77669525146484,ep_0000153.npz,6.449031022406364,121.61467530192931,0.012223046102641254,21.343301901760967,140.56853777666169,160.91183967842267,161.91183967841923,1,9293.854941384492,5978.845681179775,J2-A3b,21,1.3547791163392626,1.3464117287595438,1.8144237989942469,646,1,0.722408385819105,1,0.7874518001828539,102.65356672679928,1.4514839057137194
7095.8465,6773.6805,256.4213562011719,31.0,204.99999997444684,140.99999997444684,0.0,204.99999997444684,287.4213562011719,ep_0000154.npz,20.21214984141518,176.1404133127853,0.013156489665551987,104.68845958943717,71.06392598557309,174.75238557501027,175.75238557501314,19,111867.73848361307,138.58154296875,J2-A3b,29,1.173088420509448,1.1664137548047704,1.6353766992169625,1869,1,1.25904888277575,1,0.9080232910920057,121.5699799312843,1.15982580612537
6703.7595,6759.6305,261.0660171508789,13.0,228.99999998083513,88.99999998083513,0.0,228.99999998083513,274.0660171508789,ep_0000155.npz,13.560192275341548,31.933130470379183,0.006956757061282096,103.75489645780237,71.81469683977197,174.56959329757433,175.56959329757436,12,68574.49708635222,4615.903704353932,J2-A3b,20,1.311797751573367,1.3043260833480494,1.5610107194721476,1250,1,5.07037106066896,1,0.4667805084271214,62.559934984261744,1.4226357492734756
7012.739,6780.3725,301.0660171508789,19.0,212.99999998083513,150.99999998083513,0.0,212.99999998083513,320.0660171508789,ep_0000156.npz,15.17177045971516,128.08853521821402,0.0144529266101663,136.24346079468162,11.25980079677398,146.5032615914556,147.5032615914556,12,68415.04318174731,15207.780679424159,J2-A3b,23,1.4538925459203411,1.44403586525963,2.169891117644407,1405,1,2.2461586134290132,1,0.8682403621314116,116.18639970834634,1.2996357608108922
6800.7825,6928.9335,230.0,40.0,256.0,14.0,0.0,256.0,270.0,ep_0000157.npz,26.007047809537408,71.1258948504028,0.0014161853242285305,114.19460806202447,40.735344900470324,153.92995296249478,154.92995296249595,4,26430.531227474505,0.0,J2-A3b,35,1.6630941221840996,1.6523596315940932,1.7427230489468952,2488,1,12.44972969315473,1,0.08115000813114881,10.74240669448364,1.303246134517433
6953.383,6685.668,206.0660171508789,13.0,174.99999998083513,87.99999998083513,0.0,174.99999998083513,219.0660171508789,ep_0000158.npz,22.046307184876078,150.08701492716773,0.003184930735993402,38.19870490403498,111.22254707778605,148.42125198182103,149.4212519818201,7,43020.165453150425,41990.0548630618,J2-A3b,19,1.1790764303906391,1.1711854750228379,1.4660967850646334,1999,1,1.879452358578311,1,0.19147666405276345,25.804146724593526,3.4103045886405425
6922.7115,6686.9785,322.1320343017578,12.0,222.99999996167026,198.99999996167026,0.0,222.99999996167026,334.1320343017578,ep_0000159.npz,17.35402055939754,132.5808464558895,0.013179666706873237,6.025971335603394,135.29789668840516,140.32386802400856,141.32386802400896,11,64996.75470864949,4373.767007549157,J2-A3b,23,1.5891808222070696,1.577935865184398,2.3643000929255167,1574,1,0.5245119781097912,1,0.9375867774527001,126.33914118083463,1.5751254765681288
6822.731,7127.6845,367.4873733520508,14.0,296.99999995528196,186.99999995528196,0.0,296.99999995528196,381.4873733520508,ep_0000160.npz,10.06893714731614,165.27784260478802,0.01297239903244939,180.02453586118756,21.065272190992122,200.08980805217968,201.0898080521798,1,10205.645553085347,2958.3959686622193,J2-A3b,23,1.4843334742858563,1.4769520287085605,1.8970994952318048,1005,1,4.734261107847994,1,0.9884323210402017,129.00708856156683,1.4495327507994944
6998.5975,7098.711,216.0660171508789,34.0,127.99999998083511,165.99999998083513,0.0,127.99999998083511,250.0660171508789,ep_0000161.npz,17.569864550338384,53.40481788875786,0.012860887580019471,11.602399415671309,42.95472201725499,53.557121432926294,54.557121432926294,4,25086.063459896846,3512.832744469804,J2-A3b,30,2.3899716145338274,2.346164838227418,4.5835632559594535,1743,1,9.071993461122302,1,0.9787515205762023,128.00404001419292,1.2968340683811954
6797.939,7135.758,376.77669525146484,7.0,316.99999996805855,139.99999996805855,0.0,316.99999996805855,383.77669525146484,ep_0000162.npz,9.821811345028024,183.42738437961816,0.013450136454629405,140.68681544530978,217.87547289883864,357.56228834414844,358.56228834415253,9,54059.28802186548,750.9170909410112,J2-A3b,22,0.8865588187055977,0.8840862808857299,1.0703208556141053,982,1,2.772433407738365,1,0.8094328797955963,105.58529294053305,1.3259422412826782
6693.909,6796.138,276.4213562011719,4.0,234.99999997444684,103.99999997444682,0.0,234.99999997444684,280.4213562011719,ep_0000163.npz,7.564884672308862,58.25687130470487,0.013402981449867674,29.948292388124543,88.66949104432776,117.6177834324523,118.61778343245209,3,19317.219933670975,9293.290357268259,J2-A3b,17,1.9979971830484882,1.9811531894647956,2.3640751672017224,703,1,0.745818656076863,1,0.784016173550775,104.79409093427448,0.9924223689260714
7031.8905,7160.8805,416.4213562011719,17.0,356.99999997444684,134.99999997444684,0.0,356.99999997444684,433.4213562011719,ep_0000164.npz,18.406124648741525,68.11654129097951,0.015338876212580907,189.34238740517094,119.20703883188416,307.5494262370551,308.54942623705074,7,47261.41317117579,63738.58573999298,J2-A3b,30,1.1607890294006786,1.1570269448505561,1.404706407939275,1850,1,0.21033547802438038,1,0.8790520934405033,114.46517994074757,1.1793979622827573
7164.557,6884.7365,287.1320343017578,16.0,212.99999996167023,177.99999996167026,0.0,212.99999996167023,303.1320343017578,ep_0000165.npz,6.89163815024366,150.05356009486331,0.015563632369947837,159.14075333454082,98.74650991893422,256.88726325347506,257.88726325347506,5,32682.55201502336,1813.669954792837,J2-A3b,23,0.8291574960316327,0.8259423023630076,1.175443992376669,653,1,0.13281582990465524,1,0.9731551229771147,129.23479160916563,1.3773380816829985
6747.01,7167.736,270.71067810058594,17.0,241.99999998722342,74.99999998722342,0.0,241.99999998722342,287.71067810058594,ep_0000166.npz,12.329317873725097,228.93873027742575,0.004925619660955822,138.92435134076902,89.85520159992289,227.77955294069193,228.77955294069102,4,26591.001469143597,31174.242450842696,J2-A3b,23,1.0624307443883434,1.0577868383629532,1.2575891263113548,1241,1,7.886383817816983,1,0.3950499809343584,51.41696522749792,1.4586625183999238
6880.2665,6816.876,301.4213562011719,13.0,205.99999997444684,166.99999997444684,0.0,205.99999997444684,314.4213562011719,ep_0000167.npz,11.365212557324611,35.30746930715668,0.015024471496392864,48.10652875378597,81.53153038260218,128.63805913638816,129.6380591363889,6,38209.40828587357,19235.048937851127,J2-A3b,23,1.6013923201067257,1.5890395254816294,2.425378459811537,1061,1,2.7040230725373475,1,0.9399853664251013,125.44974431605709,1.3312103654329368
6910.9215,7035.385,306.4213562011719,17.0,195.99999997444684,185.99999997444684,0.0,195.99999997444684,323.4213562011719,ep_0000168.npz,20.719363886567518,67.47611327645973,0.01437070281005209,39.50546990935244,107.66033312168497,146.1658030310374,147.16580303103177,5,31279.91322294072,66706.63799157304,J2-A3b,21,1.3409429285783587,1.3318311451276337,2.197666506348451,2028,1,7.6426350130070135,1,0.8328681182367816,109.41446354643294,1.6999580672029964
6964.3935,6733.419,290.35533905029297,13.0,189.9999999936117,127.99999999361171,0.0,189.9999999936117,303.35533905029297,ep_0000169.npz,7.976349710233651,128.65225670243035,0.013322831285490142,141.80828113390365,17.980114945009788,158.78839607891342,159.7883960789114,0,3520.2084024575124,9343.879806004214,J2-A3b,22,1.1965609873607326,1.1890725775842967,1.8984816575822008,731,1,4.206800001071374,1,0.8862627836625265,119.01086680121252,1.0755320369812449
7045.756,6692.4225,276.77669525146484,21.0,233.99999996805855,136.99999996805855,0.0,233.99999996805855,297.77669525146484,ep_0000170.npz,25.008196788933606,195.96690426683563,0.01080327557179689,104.68907805345289,90.74922574096779,194.43830379442068,195.4383037944222,1,8487.405243278929,27417.28641810042,J2-A3b,25,1.203466577323501,1.1973087947703365,1.5236352826961208,2271,1,5.944627291541664,1,0.680625136105872,91.67691922387516,1.4943783138425972
7129.278,6952.9555,286.0660171508789,15.0,262.9999999808351,81.99999998083511,0.0,262.9999999808351,301.0660171508789,ep_0000171.npz,14.714399225731187,94.21278521349268,0.0019597420711917808,55.87226877563925,150.85966002183207,205.7319287974713,206.7319287974771,9,58078.70414115634,17179.170689957864,J2-A3b,22,1.2783625833778103,1.2721789106823478,1.456311170229613,1415,1,2.68864746913327,1,0.1196316422899534,15.80911346080193,5.1868816163633
6984.1995,7116.1585,341.4213562011719,68.0,365.99999997444684,101.99999997444682,0.0,365.99999997444684,409.4213562011719,ep_0000172.npz,29.18552169898668,70.37071389784705,0.011491536136816787,142.87581730214504,72.29311057312313,214.16892787526817,215.16892787526817,0,2575.872926996614,166338.01659058986,J2-A3b,56,1.7089313730309421,1.7009890953521614,1.9027903342926467,2906,1,4.643441489644342,1,0.7116338209710035,92.955959422007,1.09729382181277
6947.3845,6863.988,366.77669525146484,12.0,276.99999996805855,174.99999996805855,0.0,276.99999996805855,378.77669525146484,ep_0000173.npz,14.662150621653835,45.87566686573973,0.015463911481268142,112.4684337554407,143.69625348684238,255.1646872422831,256.16468724227906,13,76508.02268900591,3858.502622454354,J2-A3b,20,1.085573411281015,1.0813356163571195,1.478645239237132,1383,1,1.6481483363221359,1,0.8945502527984032,118.97571664447878,1.4708883871739187
7057.781,6797.287,331.4213562011719,41.0,327.99999997444684,102.99999997444682,0.0,327.99999997444684,372.4213562011719,ep_0000174.npz,28.950132551971862,142.63502996309307,0.0053980804316892395,21.4442015324013,154.21565381428877,174.65985534669008,175.65985534669426,8,49988.50021713137,21211.378763606037,J2-A3b,38,1.877935827459522,1.8672450761563233,2.120127877061812,2691,1,13.432824909011384,1,0.4358227709451059,58.248845545322276,1.7682753882959716
7118.088,6876.885,281.4213562011719,19.0,231.99999997444684,126.99999997444682,0.0,231.99999997444684,300.4213562011719,ep_0000175.npz,16.862164218856627,130.09388323779694,0.01023199648816828,20.138049640428758,149.85681609949754,168.9948657399263,169.99486574497942,0,3516.3020100598055,85868.63533620085,J2-A3b,26,1.372822771618884,1.3647470996123225,1.7672378214754667,1595,1,9.341912314658948,1,0.7523659415669437,99.97153990757683,1.2703615458145154
7105.634,6983.4145,326.4213562011719,12.0,257.99999997444684,138.99999997444684,0.0,257.99999997444684,338.4213562011719,ep_0000176.npz,17.417912707896402,65.25505321882065,0.01450143337973292,103.58110948339987,39.70293242375947,142.28404190715935,143.28404190715935,16,97152.91865037162,88.9379059866573,J2-A3b,22,1.8132743244867362,1.8006192213758005,2.36189146883818,1686,1,9.504960526070807,1,0.922335438039703,121.6176343499993,1.1429263586432161
6691.759,7069.931,271.77669525146484,8.0,225.99999996805852,126.99999996805852,0.0,225.99999996805852,279.77669525146484,ep_0000177.npz,6.511072558170169,209.21298276222115,0.011434416305079511,155.39372849652221,52.54454988235368,206.9382783788759,207.9382783788759,1,8829.931350221059,17808.039962254214,J2-A3b,16,1.0921130770899872,1.086860974948889,1.3454795212918667,642,1,0.35160635547977553,1,0.8016868451100799,105.06060137451404,1.2088261280300134
6872.336,7023.3125,281.0660171508789,12.0,247.99999998083513,88.99999998083513,0.0,247.99999998083513,293.0660171508789,ep_0000178.npz,12.926669221013766,82.29893889205778,0.004869749456234956,117.29545008743045,36.76590136321289,153.06135145064334,154.06135145064428,11,69833.83148194462,4913.209050210674,J2-A3b,20,1.620265322567768,1.6097483090058795,1.9022682482748876,1262,1,4.128243468831441,1,0.28576891923691944,37.57420507188064,2.3686462510803707
7119.7595,6969.3795,351.0660171508789,10.0,274.9999999808351,129.99999998083513,0.0,274.9999999808351,361.0660171508789,ep_0000179.npz,10.579736265204957,80.29081015764768,0.014747871915034886,83.35120505184922,163.49240598816735,245.84361104001658,246.84361104001636,2,16334.758998616866,1448.720757988062,J2-A3b,24,1.1185973018272688,1.114065698610503,1.4627318715263233,1021,1,1.0892153638919773,1,0.8723029676671391,115.1363226383252,1.1290963355604193
7157.215,6989.8555,332.1320343017578,25.0,270.99999996167026,173.99999996167026,0.0,270.99999996167026,357.1320343017578,ep_0000180.npz,12.101410282677783,88.80905980933494,0.014249770958457603,112.50090281148607,222.83824604396935,334.3391488554554,335.3391488554594,9,56363.63941160296,0.0,J2-A3b,32,0.8105541959097093,0.8081370781986413,1.0649875969467906,1173,1,1.231123098589702,1,0.9428857970587475,124.27001475416048,1.400176867331102
7032.828,6915.0645,321.77669525146484,25.0,252.99999996805855,166.99999996805855,0.0,252.99999996805855,346.77669525146484,ep_0000181.npz,25.72885593978871,63.83271448721098,0.011575105134369821,47.07017078146936,112.99296621117847,159.06313699264783,160.06313699264794,10,62379.4563974737,8046.128972085674,J2-A3b,30,1.5905633747167494,1.58062627486602,2.1664994312050316,2454,1,0.30501739447317705,1,0.9067621867977218,120.15366063838731,1.389886908819693
7081.3925,7136.248,396.77669525146484,20.0,333.99999996805855,155.99999996805855,0.0,333.99999996805855,416.77669525146484,ep_0000182.npz,14.41117358149774,28.891174342473278,0.01256800183161188,105.28790315351817,133.11388588354052,237.40178903705868,238.40178903706249,3,20274.621018507714,58343.850454266154,J2-A3b,31,1.4068975694025658,1.400996197709465,1.7482112736438895,1441,1,1.6264802009253594,1,0.8212045577005201,107.11712850948524,1.4563497186562906
7134.147,6779.834,341.4213562011719,12.0,264.99999997444684,146.99999997444684,0.0,264.99999997444684,353.4213562011719,ep_0000183.npz,18.316290670837443,192.79665904515605,0.007958700533359883,129.71000724388767,63.26415097306663,191.9741582169543,192.9741582169543,8,48037.16986634569,39846.58356741573,J2-A3b,23,1.3803941240620752,1.373240865113744,1.8314439584383742,1696,1,3.2281086435149393,1,0.48712413127184856,65.18911144441604,2.254977813277719
6893.1865,6963.005,342.1320343017578,21.0,283.99999996167026,166.99999996167023,0.0,283.99999996167026,363.1320343017578,ep_0000184.npz,15.523040939440587,38.22017923934982,0.014755982230372857,87.87529529478088,50.822261451341454,137.69755674612233,138.69755674611497,7,44030.02889112946,11850.337078651686,J2-A3b,28,2.0624912066180716,2.0476207845645797,2.6181573981614457,1496,1,5.023158139302557,1,0.9398793369250175,124.1123887412027,1.3455546352419028
7108.0865,6784.028,292.4873733520508,26.0,226.99999995528196,193.99999995528196,0.0,226.99999995528196,318.4873733520508,ep_0000185.npz,22.658341445268476,176.74348527751954,0.015134264101433368,52.69663891581821,122.66231612444035,174.35895504025856,175.35895504026405,10,60375.57414679096,4394.432496488764,J2-A3b,30,1.30191190869932,1.2944876405266024,1.8162025046221513,2100,1,1.5505115500153723,1,0.9463710590664576,126.60736010728523,1.5322963830135088
7031.4715,7115.0,331.4213562011719,9.0,281.99999997444684,116.99999997444682,0.0,281.99999997444684,340.4213562011719,ep_0000186.npz,13.149751926047813,44.32533766631332,0.013808740975410636,84.4233944947147,132.10675412265448,215.53014861736918,216.5301486173683,10,59944.4033118624,10553.683231653791,J2-A3b,23,1.308401640250718,1.3023590561181884,1.5721660857617221,1309,1,6.726467698041718,1,0.79754085404456,104.1857292926287,1.1229944904049807
6687.645,6924.5025,215.71067810058594,20.0,149.99999998722342,114.99999998722342,0.0,149.99999998722342,235.71067810058594,ep_0000187.npz,23.908019957675556,133.17735178435305,0.014385943220881513,74.37424752083277,59.55226952432571,132.92651704515848,133.92651704515802,4,25575.22728244359,67662.81244513694,J2-A3b,22,1.128443017402349,1.1200171802918286,1.7600000604891997,2285,1,5.880072006092234,1,0.9018794990726526,119.42520586999518,0.9629457964879794
7019.126,7120.8735,237.1320343017578,16.0,174.99999996167023,165.99999996167023,0.0,174.99999996167023,253.1320343017578,ep_0000188.npz,12.320794971012687,54.03087174021766,0.0153685949340255,7.619287074983833,62.26658158216143,68.88586865714527,69.88586865730427,4,26980.967456956198,32286.74157303371,J2-A3b,21,2.5404339579815716,2.504082775586703,3.6220775267605,1228,1,3.289078244466432,1,0.8841236827303146,115.44851083111396,1.4378704304337582
6800.0465,7054.1095,406.77669525146484,10.0,290.99999996805855,198.99999996805855,0.0,290.99999996805855,416.77669525146484,ep_0000189.npz,11.285180784766226,139.1265372406533,0.014633631593935726,197.06237468532657,58.777883031928894,254.84025771725547,255.84025771725743,2,15425.42652701947,32882.12501097261,J2-A3b,24,1.1418917975311507,1.1374284976278362,1.629050482399321,1109,1,1.9949851071641538,1,0.9422686968471179,123.62178964732541,1.6097485769764048
6781.7675,6840.937,251.77669525146484,28.0,218.99999996805855,133.99999996805852,0.0,218.99999996805855,279.77669525146484,ep_0000190.npz,24.368738530815545,33.22690221525863,0.012191878160317615,32.85000020975489,72.4166945318953,104.26669474165018,105.26669474165018,6,35852.54991669837,15225.252808988762,J2-A3b,29,2.1003830658552296,2.0804300971502645,2.6577893030469344,2287,1,1.7178967401379703,1,0.8641519060896315,115.12627048016039,1.1639393807267528
6941.0605,7078.622,295.35533905029297,17.0,188.9999999936117,137.9999999936117,0.0,188.9999999936117,312.35533905029297,ep_0000191.npz,15.397364881352521,73.99275556854536,0.01305354386493387,108.64544003006218,36.87343456014286,144.51887459020503,145.5188745902043,7,45130.444256993156,47.814968837780896,J2-A3b,24,1.3077876542391886,1.2988005887611116,2.146493641666188,1521,1,7.7150005142176825,1,0.8333901549262915,109.14816328740581,1.2643364380785234
6846.2925,6778.1875,271.4213562011719,26.0,246.99999997444684,108.99999997444682,0.0,246.99999997444684,297.4213562011719,ep_0000192.npz,12.348554787354265,38.23728507084252,0.009311531398981608,51.796562505037386,86.94635421305306,137.74291671809044,138.74291671809044,0,2799.8468897747707,54821.44602571979,J2-A3b,29,1.7931956565139813,1.7802710640451813,2.143686778659106,1143,1,2.9124330405904924,1,0.7404754331147232,99.10534971794937,1.0998397188916371
6891.674,7038.0975,276.4213562011719,8.0,228.99999997444684,113.99999997444684,0.0,228.99999997444684,284.4213562011719,ep_0000193.npz,6.922883853093864,79.52371800601395,0.013600625860723584,126.53023257306282,49.44948073566986,174.97971330873267,175.9797133087343,3,21095.00955278516,1349.9219847261236,J2-A3b,18,1.308723140781476,1.3012863566421153,1.616216726652977,678,1,1.2400752961572123,1,0.791858762245939,104.00707583607482,1.0960792720883898
6705.6095,6849.984,226.0660171508789,12.0,140.99999998083513,140.99999998083513,0.0,140.99999998083513,238.0660171508789,ep_0000194.npz,8.99655620083994,81.67987200237076,0.014469388819943611,82.27694804110497,1.2690597102466668,82.54600775135164,83.54600775134861,7,43865.996031437695,3418.6806530898875,J2-A3b,20,1.70813833184472,1.68769285063246,2.8495199658063375,846,1,0.4328845915562789,1,0.9575214912685143,127.48085083164112,1.1060484697191755
6920.7105,7051.4665,315.71067810058594,20.0,300.9999999872234,63.99999998722342,0.0,300.9999999872234,335.71067810058594,ep_0000195.npz,14.020226816926407,70.6909239085162,0.004841796909485162,167.36165354310677,99.01778550467385,265.37943904778064,266.37943904873424,3,21567.373668831526,50288.76947638694,J2-A3b,25,1.1342250216039889,1.129967091537254,1.260272486868506,1377,1,8.108064084586555,1,0.28188333401383,36.98924726693782,1.7302325598939312
6808.2695,7064.2515,361.0660171508789,29.0,285.9999999808351,147.99999998083513,0.0,285.9999999808351,390.0660171508789,ep_0000196.npz,20.155870168039403,139.8993476862388,0.01405279757602152,9.488520769309032,147.63437923094875,156.12290000025777,157.12290000025567,3,19857.837509519086,68901.7336727528,J2-A3b,33,1.8318901325837715,1.8202311692335729,2.4825535752601575,1985,1,1.6716326270102377,1,0.9073037445096594,118.94915049588651,1.2442291463523587
7156.965,6788.3355,291.77669525146484,13.0,222.99999996805855,154.99999996805855,0.0,222.99999996805855,304.77669525146484,ep_0000197.npz,14.649229374401086,199.9152831724432,0.0157668912634159,94.47815954361141,104.32978898835773,197.80794853196915,198.80794853196915,2,14583.119373156815,48933.08127413975,J2-A3b,20,1.1273561129522454,1.121685534279326,1.5330206739820338,1359,1,1.2693866353997256,1,0.940404389983358,125.76922341843934,1.232415973917301
6872.2355,7073.5445,215.71067810058594,15.0,192.99999998722342,66.99999998722342,0.0,192.99999998722342,230.71067810058594,ep_0000198.npz,20.075626646885837,109.14825623136039,0.00537373869866405,68.7511299701992,40.50226029036831,108.25339026056751,109.25339026056751,12,72977.76911150623,2031.950930477528,J2-A3b,22,1.782854093739416,1.7665355695317246,2.1117026899608775,1981,1,1.2432238424684234,1,0.39030894857520776,51.13701565699319,1.3102055160323165
7098.557,6744.5455,305.71067810058594,13.0,280.9999999872234,66.99999998722342,0.0,280.9999999872234,318.71067810058594,ep_0000199.npz,9.31719105979895,194.1143523045448,0.005337967716908302,205.3258663164336,265.86068210162586,470.1865484180595,471.1865484180595,8,48185.262280655166,0.0,J2-A3b,25,0.5976351321249973,0.5963667700842483,0.6764002053339825,856,1,4.980038824927663,1,0.3461114483470663,46.43925194666677,1.442745030952903
7129.191,6983.504,200.71067810058594,8.0,161.99999998722342,75.99999998722342,0.0,161.99999998722342,208.71067810058594,ep_0000200.npz,3.5124415631863712,77.59024243191107,0.00615846548043876,94.37091064532576,16.430503475571445,109.8014141208972,110.8014141209019,2,12811.392716567068,7465.610735603933,J2-A3b,18,1.4753908343006656,1.4620752024920527,1.8836463393224343,340,1,0.636992951002236,1,0.3864433139328701,50.955907067149596,1.4914855678473304
