da_m,v_tol_implied_ms,di_deg,dv_ms,dv_axis,orbits,n_obs,rho0_km,rho_mean_km,rho_max_km,oop_amp_m,sigma_range_m,sigma_inplane_m,sigma_plane_m,sigma_vrange_ms,sigma_vinplane_ms,sigma_vplane_ms,range_frac_of_box,vrange_frac_of_box,plane_frac_of_planebox,vplane_frac_of_planebox,gain_vs_drift,fim_cond
0.0,0.0,0.0,0.0,none,1.0,95,4.999999889678393,4.9999998892155455,4.99999989032772,4.875800056896019e-09,inf,inf,inf,inf,inf,inf,inf,inf,inf,inf,inf,187106704146860.66
0.0,0.0,0.0,0.0,none,3.0,284,4.999999889678393,4.999999891100585,4.9999998991775705,7.595190972460377e-09,300531.7966907974,0.8281677825612381,0.4191503565056161,0.1814005076008404,333.14163865634,0.00046560484715660495,60.10635933815948,0.1814005076008404,8.383006347213875e-05,0.0004656046224727882,1.0,21282837307229.29
0.0,0.0,0.0,1.0,pro,1.0,95,4.999999889678393,10.206787985733861,22.015969430376586,3.75254508347767e-09,19.08222390992075,2.501886387208377,0.9746379083036554,0.0013390456321327611,0.015878843640131608,0.0010486205375663772,0.0038164447819841497,0.0013390456321327611,0.00019492756345622538,0.0010486200315405784,inf,6515.378986980101
0.0,0.0,0.0,1.0,pro,3.0,284,4.999999889678393,21.01741718484932,43.532653989704635,5.6215404121217335e-09,5.569582436779384,1.225885771399323,0.7393352245412945,0.001119311632776555,0.005895642547636144,0.0007797135381893839,0.0011139164873558767,0.001119311632776555,0.00014786703109878957,0.0007797131619282372,2911625958.2423816,3673.789899070963
0.0,0.0,0.0,1.0,rad,1.0,95,4.999999889678393,6.731023110222335,8.608797296592257,5.794725819062812e-09,17.02823293088088,1.8154103541942581,0.9175344243067247,0.002102141178715454,0.01997925100491469,0.0010140369642385216,0.0034056465861761758,0.002102141178715454,0.00018350686772343092,0.0010140364749014865,inf,12612.681520068852
0.0,0.0,0.0,1.0,rad,3.0,284,4.999999889678393,6.4077101585462755,8.609801147864534,5.9545569529624e-09,10.458832596725424,0.9095321513311372,0.5055567658004223,0.000901238390028776,0.01084366123671397,0.0005647020480987865,0.002091766519345085,0.000901238390028776,0.00010111134371718167,0.0005647017755942964,825685070.3297087,54127.61721815207
0.0,0.0,0.0,1.0,nor,1.0,95,4.999999889678393,5.034322792978224,5.081779391786452,902.0693830120027,12.474088182176008,0.8849594981759442,1.7631517995219583,0.0008501096313770357,0.013717160754909153,0.001238944298350988,0.0024948176364352017,0.0008501096313770357,0.00035263032697184645,0.0012389437004819252,inf,17708.889286554608
0.0,0.0,0.0,1.0,nor,3.0,284,4.999999889678393,5.034319878329149,5.082901180256834,902.098326727239,7.466478672449205,0.47371225932824246,0.6772957888688513,0.0004739597712955563,0.008243909304995549,0.0009408267556802702,0.001493295734489841,0.0004739597712955563,0.00013545914512308742,0.0009408263016717957,1620127514.5712714,59004.57762292888
0.0,0.0,0.0,1.0,perp_los,1.0,95,4.999999889678393,3.353312714419655,4.999999889730311,5.921898966940757e-09,11.18342277882671,1.7561739258640592,0.4153154855403074,0.0020112582270882685,0.011404709924034757,0.00036375019643286073,0.002236684555765342,0.0020112582270882685,8.306308935070557e-05,0.0003637500209003615,inf,150523.07948795072
0.0,0.0,0.0,1.0,perp_los,3.0,284,4.999999889678393,3.6695501196903364,4.99999989032772,5.381297952700994e-09,2.7734742520293634,0.6396410502931736,0.22609457158468682,0.0007022247875898968,0.003807481411009884,0.00027420092391450686,0.0005546948504058727,0.0007022247875898968,4.521891009389219e-05,0.0002742007915952011,11741743223.502155,94934.98352481062
0.0,0.0,0.00752253,0.0,none,1.0,95,4.99999988967865,5.040219240036276,5.080721841924689,902.076038241825,5069.8615819070465,0.887826887297949,0.7667547616600097,0.0034564087249019863,5.619979438029313,1.0123432290809156,1.0139723163814094,0.0034564087249019863,0.0001533509380103843,1.0123427405612149,1.0,2920405595.28999
0.0,0.0,0.00752253,0.0,none,3.0,284,4.99999988967865,5.040360852684991,5.080726073597884,902.094744017151,1142.88149512285,0.4993793710217437,0.42437925602219245,0.000788440541822394,1.2668924454938746,0.22798394320657425,0.22857629902457002,0.000788440541822394,8.487584327778745e-05,0.22798383318988774,1.0,1336438249.1232061
0.0,0.0,0.00752253,1.0,pro,1.0,95,4.99999988967865,10.234300872832257,22.015989259530052,902.5497590780534,19.01535801585324,2.497278946720841,0.9924918482435119,0.0013393432769372665,0.015821065342551472,0.0034292340735556956,0.0038030716031706483,0.0013393432769372665,0.00019849835111071678,0.003429232418733146,71085.85501556241,7033.627606146683
0.0,0.0,0.00752253,1.0,pro,3.0,284,4.99999988967865,21.035989535670613,43.532662443271924,902.4628383380845,5.313485815415718,1.2266008212972759,0.7467449435383924,0.0011116748315431856,0.005611882672266777,0.001207342233220155,0.0010626971630831436,0.0011116748315431856,0.00014934897475980872,0.001207341650601089,46264.018265304025,4269.235174703664
0.0,0.0,0.00752253,1.0,rad,1.0,95,4.99999988967865,6.7622971919472095,8.651187847263683,902.0432836986631,16.93511211412277,1.8175447032240624,0.9279883875603085,0.0021062358405702195,0.019871074955350426,0.0032169033597838903,0.003387022422824554,0.0021062358405702195,0.00018559766017888621,0.0032169018074243534,89622.29325000502,14190.326255644557
0.0,0.0,0.00752253,1.0,rad,3.0,284,4.99999988967865,6.44056363139051,8.627942034481181,902.1719292852414,9.368000059255897,0.8558867028220445,0.5101118840927815,0.0008568388359883822,0.009635992925099292,0.0015185439354015835,0.0018736000118511793,0.0008568388359883822,0.00010202236729057199,0.001518543202607994,14883.622018419,72293.89943599478
0.0,0.0,0.00752253,1.0,nor,1.0,95,4.99999988967865,5.105181811005802,5.2084665214344295,1456.235323293189,12.231402804545496,0.8896371297179851,1.7824735483022136,0.0008404940420764908,0.01350087620261264,0.003433459816172705,0.002446280560909099,0.0008404940420764908,0.00035649467636700153,0.0034334581593109675,171806.5304142035,26566.519928775408
0.0,0.0,0.00752253,1.0,nor,3.0,284,4.99999988967865,5.0207901283533785,5.080678648126583,901.8378320643975,6.544454867887554,0.49173092236248583,0.7163436775461681,0.0004869146118801487,0.007202473337229916,0.0006208279491415974,0.0013088909735775108,0.0004869146118801487,0.00014326872212920555,0.0006208276495528065,30496.88258828861,23051.82170446948
0.0,0.0,0.00752253,1.0,perp_los,1.0,95,4.99999988967865,3.430653730685039,5.0733884680885435,902.1084982386664,11.177295514707017,1.7584398191296964,0.45647598714099974,0.0020116304691080054,0.011410755015852217,0.0024757864580668225,0.0022354591029414036,0.0020116304691080054,9.129518890203896e-05,0.0024757852633431115,205740.00118501775,346799.8137846483
0.0,0.0,0.00752253,1.0,perp_los,3.0,284,4.99999988967865,3.7317997345191665,5.080678648126583,902.1909429192472,2.4299286566958327,0.5807709713955898,0.24132577828059068,0.000636837671873952,0.0033563124977520732,0.0010463524709886061,0.00048598573133916656,0.000636837671873952,4.826515114858106e-05,0.001046351966057293,221215.39948901607,149901.19955818352
0.0,0.0,0.04169392,0.0,none,1.0,95,4.999999889678859,6.0739972532554924,7.0709084580690424,4999.791687216829,1718.0865555347918,0.9935683147537674,0.9261936014870048,0.0029076406098914836,1.9045110250175232,1.9018561353786563,0.34361731110695837,0.0029076406098914836,0.00018523870299774889,1.9018552176126622,1.0,1970367019.4484386
0.0,0.0,0.04169392,0.0,none,3.0,284,4.999999889678859,6.077778835183339,7.0710018353076185,4999.89536470219,683.8423409798992,0.4081731154660881,0.5018187960345319,0.0009351665840554119,0.7580441212313406,0.7576984858191591,0.13676846819597985,0.0009351665840554119,0.00010036374983382223,0.7576981201816689,1.0,6265390515.645771
0.0,0.0,0.04169392,1.0,pro,1.0,95,4.999999889678859,10.958863944381946,22.016578595193153,5002.417303449413,18.16732356588508,2.455000487138378,1.2922194845371293,0.0013894886505328868,0.01506700956217581,0.017398181268940226,0.003633464713177016,0.0013894886505328868,0.00025844387277106014,0.017398172873216267,8943.513695901333,17369.521207954527
0.0,0.0,0.04169392,1.0,pro,3.0,284,4.999999889678859,21.531660720222675,43.532913803342694,5001.935541895518,3.5075521675241017,1.2944946274505202,0.8935301313175105,0.001145284416334335,0.00359856675285734,0.003691806487939672,0.0007015104335048204,0.001145284416334335,0.00017870600957394566,0.003691804706409309,38010.509975952766,6417.3413637934245
0.0,0.0,0.04169392,1.0,rad,1.0,95,4.999999889678859,7.598070628597682,9.911534280161835,4999.610143892678,16.92259929940839,1.8884191354360018,1.1097724690478026,0.002211621478211995,0.01989633305823553,0.017150493396978078,0.003384519859881678,0.002211621478211995,0.00022195447308098114,0.017150485120779196,10307.561541676547,57868.68977086677
0.0,0.0,0.04169392,1.0,rad,3.0,284,4.999999889678859,7.31558238179333,9.568560353964115,5000.323167077391,6.2221609280015295,0.5987126973660151,0.5920035750254903,0.0006111706452740942,0.0063139959197738545,0.005443682255331974,0.001244432185600306,0.0006111706452740942,0.00011840070394752235,0.00544367962841064,12078.958680584354,249170.9203924023
0.0,0.0,0.04169392,1.0,nor,1.0,95,4.999999889678859,6.236537338920079,7.317333644186144,5342.907455116855,13.709323118172929,0.9766529874385866,2.144078614842678,0.0008865902778288643,0.015339486664499163,0.016946724586581873,0.002741864623634586,0.0008865902778288643,0.00042881568292095376,0.016946716408714344,15705.727343566452,145854.22024983927
0.0,0.0,0.04169392,1.0,nor,3.0,284,4.999999889678859,5.868817322728034,7.069954911648673,4998.471420185925,9.201628741227156,0.3550048109398473,0.9490899556379172,0.00037773709106363814,0.01009675424730223,0.009162385340452486,0.0018403257482454312,0.00037773709106363814,0.00018981797340026813,0.009162380919021478,5523.0956037878295,944213.8408841051
0.0,0.0,0.04169392,1.0,perp_los,1.0,95,4.999999889678859,4.886903209123936,7.027455789147596,4999.970755890805,12.2373391654971,1.8361263590250254,0.7177865309447808,0.0020954672452084128,0.012533304588003516,0.014820120835119409,0.0024474678330994202,0.0020954672452084128,0.00014355729278197815,0.014820113683472826,19711.337083377173,461088.7580904945
0.0,0.0,0.04169392,1.0,perp_los,3.0,284,4.999999889678859,5.071774976414022,7.069954911648673,5000.428286831222,1.8905568825968315,0.40243356643666667,0.3503932041576226,0.0004346336242106481,0.0025024415300795274,0.003531523430898128,0.0003781113765193663,0.0004346336242106481,7.007863428680156e-05,0.0035315217267144878,130837.57216502346,278341.0983834238
0.0,0.0,0.1,0.0,none,1.0,95,4.999999889678227,9.42111626534781,12.992260048070696,11991.651516839609,824.6603156563834,1.2027163198834028,1.2607672970037889,0.00480679433822152,0.9141392379410118,2.187896637376883,0.16493206313127667,0.00480679433822152,0.0002521534358518631,2.1878955815782373,1.0,1014000909.4193352
0.0,0.0,0.1,0.0,none,3.0,284,4.999999889678227,9.436683008959877,12.992552381612153,11991.900180063427,393.5507148805277,0.43407954123835213,0.6928066175746479,0.002059127420999408,0.4362525153073885,1.045692346761558,0.07871014297610554,0.002059127420999408,0.000138561310574532,1.0456918421487966,1.0,4920440168.667047
0.0,0.0,0.1,1.0,pro,1.0,95,4.999999889678227,13.51633858867871,22.019473420819104,11997.948874183008,18.58897915437935,2.5827412059085897,1.7022156852807002,0.0016456425335809135,0.015330602558592641,0.04332351878807683,0.0037177958308758697,0.0016456425335809135,0.00034044310526177326,0.04332349788173615,1968.0635186727668,68617.66476821064
0.0,0.0,0.1,1.0,pro,3.0,284,4.999999889678227,23.357247327329304,43.53414849575927,11996.793402698215,2.8898566396136447,1.464533159199539,1.1716593926246566,0.001301621468361159,0.0028166502326721905,0.006971919342987024,0.0005779713279227289,0.001301621468361159,0.00023433185664041407,0.006971915978594541,18545.938433875544,9478.301329510216
0.0,0.0,0.1,1.0,rad,1.0,95,4.999999889678227,10.552922400831044,14.715171984896717,11991.216097831542,18.79461105611562,2.117169477356924,1.4655457774715457,0.0025510988133012683,0.022182536064309383,0.04639718902235998,0.003758922211223124,0.0025510988133012683,0.000293109128120516,0.04639716663277882,1925.233927869324,245007.52593791223
0.0,0.0,0.1,1.0,rad,3.0,284,4.999999889678227,10.365366705232375,14.403052616275835,11992.926234203396,6.563252376448479,0.649367176110621,0.7746630963583776,0.0006588317281961606,0.006645563884031153,0.013358641661629546,0.0013126504752896957,0.0006588317281961606,0.00015493260480234426,0.013358635215239193,3595.53236411733,635750.7016657529
0.0,0.0,0.1,1.0,nor,1.0,95,4.999999889678227,9.64169366065611,13.273105322628888,12295.374152886861,17.681159499564675,1.1697321782390881,2.814119456413543,0.0010766595904227985,0.019855594925179222,0.05135977332317839,0.003536231899912935,0.0010766595904227985,0.0005628238387199536,0.05135974853883612,2175.3478258549303,539191.5663450316
0.0,0.0,0.1,1.0,nor,3.0,284,4.999999889678227,9.11693559531782,12.989274610040404,11988.484948487796,14.109754403530712,0.41068029989718036,1.357237022492661,0.0004496226174501412,0.015527252779122064,0.035499515230769746,0.0028219508807061423,0.0004496226174501412,0.00027144737914775434,0.03549949810000613,777.969377155543,5961981.138518419
0.0,0.0,0.1,1.0,perp_los,1.0,95,4.999999889678227,8.64563126000031,12.96110222925613,11992.071071917113,14.956760120507889,2.0664240068091293,1.0359035961353833,0.002329556845048339,0.015312567908143232,0.04214978121525912,0.002991352024101578,0.002329556845048339,0.00020718069987823667,0.042149760875321136,3040.010859760361,795344.9890165649
0.0,0.0,0.1,1.0,perp_los,3.0,284,4.999999889678227,8.766950039597203,12.989274610040404,11993.175242167388,2.369434564557758,0.4863500365392041,0.5043156752878964,0.0005334893643719794,0.0030961665561455606,0.009917957753547072,0.0004738869129115516,0.0005334893643719794,0.00010086312563785786,0.009917952967504539,27587.476245502436,865720.4362968548
0.0,0.0,0.25,0.0,none,1.0,95,4.9999998896783975,19.975800741337537,30.39311501253692,29979.048885696044,297.8159205223955,1.5886427027648005,1.9036542426729826,0.009251397136648952,0.33012049751637335,1.969160368406828,0.059563184104479104,0.009251397136648952,0.0003807308129777151,1.9691594181622805,1.0,305347597.47357076
0.0,0.0,0.25,0.0,none,3.0,284,4.9999998896783975,20.02852885598856,30.393896040718307,29979.670542099993,155.58331116508256,0.660187293407625,1.0573825188679682,0.004648935198892559,0.17245891172300706,1.032128016296949,0.031116662233016512,0.004648935198892559,0.00021147648402356552,1.032127518229836,1.0,1826094248.7304919
0.0,0.0,0.25,1.0,pro,1.0,95,4.9999998896783975,22.748742663753642,34.040710027231306,29994.7922370816,22.192794651345256,3.062498061579245,2.3884163683099433,0.0025168287728210494,0.018164617553507314,0.13164536067311247,0.0044385589302690515,0.0025168287728210494,0.0004776832290506114,0.13164529714589132,180.08263280044014,438861.93997517566
0.0,0.0,0.25,1.0,pro,3.0,284,4.9999998896783975,30.64889303285676,48.918824641430255,29991.90356609897,3.400317775763399,1.8016253448939736,1.6635976897912548,0.0015866624685183035,0.0032406232460548863,0.018386253186073225,0.0006800635551526799,0.0015866624685183035,0.00033271950688519976,0.018386244313542008,2093.567695777224,53802.828961006
0.0,0.0,0.25,1.0,rad,1.0,95,4.9999998896783975,20.63821244682899,31.166734984155767,29977.960341079306,23.55295496350852,2.668788964698072,2.151971105567538,0.0037183825748006993,0.027930147589459452,0.148375247350933,0.004710590992701704,0.0037183825748006993,0.00043039418091850805,0.14837517575048234,159.88400459720924,1180923.657796179
0.0,0.0,0.25,1.0,rad,3.0,284,4.9999998896783975,20.589512891799377,31.011041659951903,29982.23567061055,9.475888426813803,0.9571832541760589,1.1579352262947802,0.0008922432140655195,0.009594806464465849,0.0470741259992862,0.0018951776853627607,0.0008922432140655195,0.00023158702363078185,0.047074103283040084,269.57905279361324,2983130.12197033
0.0,0.0,0.25,1.0,nor,1.0,95,4.9999998896783975,20.228088845874368,30.67565995479102,30265.630620569667,24.476473824760173,1.5569188757607917,3.807024740982111,0.0016684876582147331,0.027461394009934317,0.1740356061457189,0.0048952947649520346,0.0016684876582147331,0.0007614048770879591,0.17403552216252052,148.04649061575225,2373337.6893628864
0.0,0.0,0.25,1.0,nor,3.0,284,4.9999998896783975,19.65900819071173,30.385138666388308,29971.13248592695,21.860842632325657,0.6514156966358361,2.016363196442175,0.0009594257810794605,0.02411324496886692,0.1401483427902769,0.004372168526465131,0.0009594257810794605,0.00040327260162635045,0.14014827515982856,50.651489856123895,34398229.833214134
0.0,0.0,0.25,1.0,perp_los,1.0,95,4.9999998896783975,19.540364284086362,30.370362257612083,29979.93940423088,20.922739617271635,2.6007853200624695,1.5776901302037003,0.0025589734425944307,0.021450588990481346,0.14206137921206285,0.004184547923454327,0.0025589734425944307,0.00031553799657228955,0.14206131065845332,202.60899397578814,2942418.19748457
0.0,0.0,0.25,1.0,perp_los,3.0,284,4.9999998896783975,19.642225118277963,30.385138666388308,29982.80837565749,3.563438609515702,0.7552889388650823,0.772752625762654,0.0009340705714736992,0.004654784126621969,0.037297895579576655,0.0007126877219031404,0.0009340705714736992,0.00015455051071888373,0.037297877580980666,1906.2833629478096,5178030.192322595
0.0,0.0,1.0,0.0,none,1.0,95,4.999999889678457,76.27869087548132,120.01883538420248,119910.48802918813,67.31365458471255,2.6533001746103873,3.389183673450754,0.03055057462183216,0.07446061432426715,1.7242549521929647,0.01346273091694251,0.03055057462183216,0.000677836671386217,1.7242541201307857,1.0,60864487.033185646
0.0,0.0,1.0,0.0,none,3.0,284,4.999999889678457,76.5295987972405,120.02199986092903,119912.97453646464,36.43033612551064,1.3846851126907465,1.9943108464329493,0.016657585132892148,0.04031838888850352,0.9477672509585673,0.007286067225102128,0.016657585132892148,0.00039886213203640404,0.9477667936008645,1.0,377907806.99448514
0.0,0.0,1.0,1.0,pro,1.0,95,4.999999889678457,77.45160490057954,120.99260532730553,119973.4584374832,34.792452232618786,4.155459296808629,3.7401251841461414,0.017079422124033166,0.02854801634728559,0.8158521293043406,0.006958490446523757,0.017079422124033166,0.0007480249669703302,0.8158517356040357,3.743141634236617,5030446.819146826
0.0,0.0,1.0,1.0,pro,3.0,284,4.999999889678457,81.49503580477264,125.99478859126125,119961.90430350813,6.075662244527665,2.8879170200567685,2.8915011013527248,0.002247336902441119,0.00582345273293605,0.11382007499287679,0.001215132448905533,0.002247336902441119,0.0005783001662624381,0.11382002006748453,35.95332918002006,953450.3154584309
0.0,0.0,1.0,1.0,rad,1.0,95,4.999999889678457,76.51728667819202,120.21503769081127,119906.1340580202,32.72400774185281,3.8482045522184003,3.636786136222373,0.017981132771243295,0.03881100091992233,0.8218811393897743,0.006544801548370562,0.017981132771243295,0.0007273571593157665,0.8218807427800903,4.23129559876333,9805453.146116173
0.0,0.0,1.0,1.0,rad,3.0,284,4.999999889678457,76.74322180153136,120.17377133113976,119923.23456214345,18.927010694151456,1.8976496420446685,2.1653702928291017,0.005436592505527477,0.019168972453077932,0.36097131433070273,0.0037854021388302912,0.005436592505527477,0.00043307401812054774,0.36097114013919007,3.7047789599160006,42412789.796291195
0.0,0.0,1.0,1.0,nor,1.0,95,4.999999889678457,76.5469461180074,120.2997759435112,120191.6136175819,34.84612302018047,2.6929646808630943,4.552979438953001,0.016320683605599753,0.03865158328009944,0.9047179733234788,0.006969224604036094,0.016320683605599753,0.0009105958027490278,0.904717536739778,3.731619971065219,17011189.968142852
0.0,0.0,1.0,1.0,nor,3.0,284,4.999999889678457,76.14284072455453,119.98651764794246,119878.82393728894,27.247230653541443,1.3776875534387873,2.6723485287966016,0.012350765032661484,0.03005565404235288,0.700496670609074,0.005449446130708289,0.012350765032661484,0.0005344696558445944,0.7004963325750811,1.7876464066999178,204593887.09807363
0.0,0.0,1.0,1.0,perp_los,1.0,95,4.999999889678457,76.08677077353622,119.98248509157999,119902.18896266338,38.37294146331187,3.2715821097222837,3.3067392694824154,0.012888914098345947,0.04175662577744588,0.9975291877331955,0.007674588292662374,0.012888914098345947,0.0006613477921324645,0.9975287063622077,3.0772030726123307,67680278.77200371
0.0,0.0,1.0,1.0,perp_los,3.0,284,4.999999889678457,76.31979202025924,119.98763358048768,119921.54325045405,9.08474724841695,2.101189654968065,1.074848773932736,0.007660564392444281,0.0116986168161576,0.3326660012951296,0.00181694944968339,0.007660564392444281,0.00021496973471028043,0.3326658407627225,16.080541101488922,409582350.7618459
60.14087963297178,0.1,0.0,0.0,none,1.0,95,5.000383449656096,5.282362605097443,5.564343046360817,5.461379450134464e-09,22920.199835917905,1.6673552769358477,0.7629286608079429,0.4437493812831915,25.403110406218858,0.0008513034998381094,4.584039967183581,0.4437493812831915,0.00015258571791143573,0.0008513030890302737,1.0,33976404407.48504
60.14087963297178,0.1,0.0,0.0,none,3.0,284,5.000383449656096,5.849327527382033,6.698280468210313,9.808309341641573e-09,2938.7097325794457,0.8130022606817034,0.48496850474270137,0.05670538863891123,3.257073072547626,0.0005391940286712295,0.5877419465158892,0.05670538863891123,9.699369189018964e-05,0.0005391937684759736,1.0,1244208314.389842
60.14087963297178,0.1,0.0,1.0,pro,1.0,95,5.000383449656096,10.49164197047232,22.582687032044376,4.068430494811926e-09,19.561003435029065,2.5232192347727405,1.0000187739598185,0.001266840896246693,0.016268050802290487,0.001080895063850938,0.003912200687005813,0.001266840896246693,0.00020000373611338848,0.001080894542250637,1372949.4295243549,6255.667378504472
60.14087963297178,0.1,0.0,1.0,pro,3.0,284,5.000383449656096,21.86629734652875,45.230154119183126,7.397638143442922e-09,5.766176758411314,1.2650903128702191,0.7720007447583903,0.0011777380385104516,0.006116061437858072,0.0008221441039749577,0.0011532353516822628,0.0011777380385104516,0.0001544001345320748,0.0008221437072383766,259739.18891797285,3273.7578213150705
60.14087963297178,0.1,0.0,1.0,rad,1.0,95,5.000383449656096,7.013227450752539,9.00875749920024,3.389423667408891e-09,17.28668037081572,1.8385847766137902,0.948023783547107,0.0018182741985595541,0.020322527026219533,0.0010487267649540988,0.003457336074163144,0.0018182741985595541,0.00018960473900202029,0.0010487262588770386,1757978.646833005,10939.503766246076
60.14087963297178,0.1,0.0,1.0,rad,3.0,284,5.000383449656096,7.2543390071421925,9.931173553454453,7.717969801228708e-09,10.70418710146985,0.9965079246494991,0.5655007742277648,0.0010728056788925837,0.011094964973804971,0.0006319194972021062,0.0021408374202939702,0.0010728056788925837,0.00011310014428300251,0.0006319191922609412,75371.2988317947,32214.122386081603
60.14087963297178,0.1,0.0,1.0,nor,1.0,95,5.000383449656096,5.314444486100536,5.632726607629775,902.08177610248,12.731523804795593,0.9480690357503004,1.7779908480412916,0.0009168629372500117,0.014006408380037706,0.0012918902751777271,0.0025463047609591187,0.0009168629372500117,0.000355598136398546,0.0012918896517588783,3240977.5807746733,14611.60672043858
60.14087963297178,0.1,0.0,1.0,nor,3.0,284,5.000383449656096,5.878075820641117,6.724552630453135,902.1096320485887,8.061663232565465,0.5827137044612541,0.7196830466859241,0.0005553666437616336,0.008915881968293437,0.0009879539025465756,0.001612332646513093,0.0005553666437616336,0.00014393659589478328,0.000987953425796269,132881.36435554133,31547.918692296033
60.14087963297178,0.1,0.0,1.0,perp_los,1.0,95,5.000383449656096,3.569615597966224,5.116735542934554,5.9449346341920014e-09,11.718586329061626,1.771540096000472,0.46043838829523026,0.002248121320193931,0.011967291161751513,0.0004221661133532037,0.002343717265812325,0.002248121320193931,9.208766905887444e-05,0.00042216590963132616,3825483.667612121,107584.76972110425
60.14087963297178,0.1,0.0,1.0,perp_los,3.0,284,5.000383449656096,4.326277155464617,6.084400339300001,5.807417374713073e-09,3.814817844323225,0.7114025674709483,0.29935988347956644,0.0007056363647522718,0.0049579947129495035,0.0003525202157862546,0.0007629635688646449,0.0007056363647522718,5.987197110440216e-05,0.000352520045672932,593424.9087793425,43441.977269264935
60.14087963297178,0.1,0.00752253,0.0,none,1.0,95,5.000383449656393,5.320476310553858,5.564416049576381,902.0844428275107,4911.703911643837,1.018071961530475,0.7962543725273169,0.09481957890367419,5.443775734915975,0.9806738234109138,0.9823407823287674,0.09481957890367419,0.0001592508596328454,0.9806733501737064,1.0,2188179048.5010405
60.14087963297178,0.1,0.00752253,0.0,none,3.0,284,5.000383449656393,5.884113617621201,6.6983266291775365,902.1020336937021,1023.8021359059463,0.5690843570971086,0.48914711379204134,0.01983200523008571,1.1346908483658267,0.2040685810796416,0.20476042718118925,0.01983200523008571,9.782941362200863e-05,0.20406848260363142,1.0,501647049.30635595
60.14087963297178,0.1,0.00752253,1.0,pro,1.0,95,5.000383449656393,10.5183719217352,22.58270641120953,902.558087852135,19.494038981712567,2.5186448842110734,1.017472211328104,0.0012672870286461833,0.01621036188752267,0.0035143871632572913,0.0038988077963425134,0.0012672870286461833,0.00020349442326104638,0.003514385467342985,63483.47581881403,6732.819918140706
60.14087963297178,0.1,0.00752253,1.0,pro,3.0,284,5.000383449656393,21.88397856578722,45.230162330040635,902.4699555979912,5.519137190183636,1.266011946712968,0.779057045381008,0.0011655613145027989,0.005841067509979891,0.0012655741094131398,0.001103827438036727,0.0011655613145027989,0.00015581139452479914,0.0012655734986935072,34410.39702025189,3739.6099881626537
60.14087963297178,0.1,0.00752253,1.0,rad,1.0,95,5.000383449656393,7.043421601751671,9.050911965660672,902.0516643309437,17.206979855935376,1.8407014090255172,0.9583479641234851,0.0018213065081219022,0.020229707690163985,0.0032979126366733426,0.003441395971187075,0.0018213065081219022,0.00019166957492445854,0.0032979110452217007,81480.75730885418,12304.452512328164
60.14087963297178,0.1,0.00752253,1.0,rad,3.0,284,5.000383449656393,7.283570972966361,9.93120519546889,902.1803283786165,9.819708175559445,0.9439551524812096,0.5699927051271109,0.0010286305202484947,0.010107429641720055,0.0016561586883339838,0.0019639416351118887,0.0010286305202484947,0.00011399853037897044,0.0016561578891325635,10870.134042024149,42006.44463638245
60.14087963297178,0.1,0.00752253,1.0,nor,1.0,95,5.000383449656393,5.381395251232509,5.683882050378744,1456.2598283315372,12.501689340370453,0.9528292112720328,1.7960138940271027,0.0008989549173836953,0.013801253573797861,0.0035244111217765765,0.0025003378680740905,0.0008989549173836953,0.0003592027452590697,0.003524409421025076,154357.22129924162,21345.413970727892
60.14087963297178,0.1,0.00752253,1.0,nor,3.0,284,5.000383449656393,5.867819031459178,6.722545708044059,901.846192986276,7.008638344023197,0.5980252082471104,0.7540360956713779,0.0005636093118112246,0.007714560387945565,0.0007238083228525867,0.0014017276688046395,0.0005636093118112246,0.00015080720505022006,0.0007238079735692459,21338.542974084394,13338.38923194505
60.14087963297178,0.1,0.00752253,1.0,perp_los,1.0,95,5.000383449656393,3.6385464894042694,5.1911901125980355,902.1113352640732,11.708401322237076,1.773769606729683,0.4927948930515801,0.0022476285348510465,0.011967056857006523,0.002574752494274791,0.0023416802644474154,0.0022476285348510465,9.855896940578235e-05,0.002574751251793702,175982.36799782809,235248.96218580534
60.14087963297178,0.1,0.00752253,1.0,perp_los,3.0,284,5.000383449656393,4.376588573674938,6.11324880312188,902.1940894027234,3.332549462869685,0.6545642279209276,0.3097748611098688,0.0006501451386544033,0.00436910526423404,0.0011413442008959295,0.000666509892573937,0.0006501451386544033,6.195496643592934e-05,0.0011413436501250928,94379.75689670818,70101.37856116924
60.14087963297178,0.1,0.04169392,0.0,none,1.0,95,5.000383449656476,6.3119347313548095,7.378568899572059,4999.838269952582,1675.6448794168225,1.0845296919221876,0.9499169715793163,0.030742719130871263,1.8571617555795448,1.8547149676903352,0.3351289758833645,0.030742719130871263,0.00018998337657310076,1.8547140726729392,1.0,1532435084.029905
60.14087963297178,0.1,0.04169392,0.0,none,3.0,284,5.000383449656476,6.805533767792617,8.248213856372201,4999.93576801339,613.5236988778967,0.45075381777221346,0.5686287224614494,0.011492939133737676,0.6799608036694708,0.6796681511808302,0.12270473977557933,0.011492939133737676,0.0001137257338713149,0.6796678231979167,1.0,2798739474.994535
60.14087963297178,0.1,0.04169392,1.0,pro,1.0,95,5.000383449656476,11.226288337540446,22.583282337442565,5002.463466010789,18.618769612728244,2.473895001072928,1.3165553163551995,0.0013093126080539667,0.015436921587195595,0.017807192488954172,0.0037237539225456486,0.0013093126080539667,0.00026331103868012406,0.017807183895856404,8099.5708993922,16575.510576594843
60.14087963297178,0.1,0.04169392,1.0,pro,3.0,284,5.000383449656476,22.360245486154735,45.23040603097422,5001.9749895586765,3.6759677252330984,1.3331950787270443,0.921872199850572,0.0011705486033096615,0.003780646017812389,0.0038662760763662984,0.0007351935450466197,0.0011705486033096615,0.00018437442275117844,0.003866274210643313,27856.03547654672,6016.349573738541
60.14087963297178,0.1,0.04169392,1.0,rad,1.0,95,5.000383449656476,7.854388775458638,10.27121964624166,4999.656593842595,17.234163633976912,1.909926773406915,1.14178625562269,0.0019086639227392588,0.02030179059585952,0.017599246787086464,0.0034468327267953825,0.0019086639227392588,0.00022835722979799795,0.01759923829433566,9453.302235805993,51102.08311791496
60.14087963297178,0.1,0.04169392,1.0,rad,3.0,284,5.000383449656476,8.07612528739625,10.66593220940349,5000.369719371695,6.743437072531786,0.6616167833121601,0.6492747858497993,0.0007349800532558027,0.006846965454832442,0.006063256911226207,0.0013486874145063573,0.0007349800532558027,0.0001298549450426596,0.0060632539853208755,8277.516742330468,171842.8922438474
60.14087963297178,0.1,0.04169392,1.0,nor,1.0,95,5.000383449656476,6.467626165583137,7.624262426706842,5342.968898114594,13.903083477607842,1.0381122239063834,2.14893431863973,0.0009355867922839814,0.015553687944373163,0.017152947464502327,0.0027806166955215684,0.0009355867922839814,0.00042978682358966823,0.017152939187119205,14525.85506789886,122799.28516691804
60.14087963297178,0.1,0.04169392,1.0,nor,3.0,284,5.000383449656476,6.620870578098865,7.844491430681216,4998.517760926675,9.768803336652583,0.4273106818691769,0.988060893273392,0.00045419005220595715,0.010697480323150833,0.009784468651163485,0.0019537606673305165,0.00045419005220595715,0.00019761216019945516,0.009784463929537895,3944.3909441005667,567893.5582202054
60.14087963297178,0.1,0.04169392,1.0,perp_los,1.0,95,5.000383449656476,5.029644412613707,7.125109544761293,4999.986495527839,12.759271533918659,1.8491998758008443,0.7481924886904286,0.0023429884220574214,0.013088501705058373,0.015326409424630394,0.0025518543067837318,0.0023429884220574214,0.00014963848376317842,0.015326402028667514,17246.94616140752,427920.97490308253
60.14087963297178,0.1,0.04169392,1.0,perp_los,3.0,284,5.000383449656476,5.563845512391263,7.536336275962936,5000.4457390199605,2.3626255652350943,0.46096199533593174,0.411895621823454,0.00045236051640355415,0.0030599554542899794,0.0038874853513504643,0.00047252511304701886,0.00045236051640355415,8.237911667121188e-05,0.003887483475392661,67433.0631770063,197122.45720270873
60.14087963297178,0.1,0.1,0.0,none,1.0,95,5.000383449656569,9.590048408276187,13.162274141227863,11991.763242286064,824.0851269398315,1.2866631012029743,1.2961688941147074,0.011794866255282572,0.9133676175530542,2.186262874806229,0.1648170253879663,0.011794866255282572,0.00025923375461280783,2.186261819795977,1.0,896947450.1080034
60.14087963297178,0.1,0.1,0.0,none,3.0,284,5.000383449656569,9.96261117991649,13.6683653255723,11991.997084584245,381.39609164540144,0.4786050282579966,0.7783016391002682,0.005693947044749092,0.4226972757519687,1.0133074798563422,0.07627921832908029,0.005693947044749092,0.00015566031328276085,1.0133069908713295,1.0,3272095498.864634
60.14087963297178,0.1,0.1,1.0,pro,1.0,95,5.000383449656569,13.747192114327794,22.586111276468937,11998.059591859404,18.97732792304761,2.594058273897961,1.7317621140394257,0.0015324087281569415,0.01565251989274173,0.044136976919732104,0.0037954655846095223,0.0015324087281569415,0.0003463523904616435,0.04413695562084638,1885.7061951069718,66003.7704479496
60.14087963297178,0.1,0.1,1.0,pro,3.0,284,5.000383449656569,24.13896010645001,45.2316031782953,11996.888015183504,2.9798629538956303,1.5058772736083665,1.202152109666154,0.0013223311395071013,0.0029119050866113706,0.007200199685018028,0.0005959725907791261,0.0013223311395071013,0.00024043039947916375,0.007200196210465828,16381.734936526358,9172.328444494065
60.14087963297178,0.1,0.1,1.0,rad,1.0,95,5.000383449656569,10.753741569545321,14.96247652162333,11991.327504805626,19.10944009001084,2.135491246569818,1.5011954060882895,0.0022076883048208957,0.02259978400272902,0.0475134118404043,0.0038218880180021677,0.0022076883048208957,0.000300239053177993,0.04751338891217496,1859.7228512958038,228207.36163377072
60.14087963297178,0.1,0.1,1.0,rad,3.0,284,5.000383449656569,10.951373798915471,15.139527321786264,11993.037886638973,6.876120427830046,0.6878071808550446,0.8325215577557585,0.0007651490862479028,0.006963851331512975,0.014275660094159046,0.0013752240855660093,0.0007651490862479028,0.0001665042960011271,0.014275653205249242,3076.5609832237883,519708.36135523394
60.14087963297178,0.1,0.1,1.0,nor,1.0,95,5.000383449656569,9.805735766432841,13.44200593643653,12295.501482837752,17.84381013485517,1.2328621045917938,2.8139952597802447,0.0011225936101148626,0.020039277389200846,0.051739899324638274,0.0035687620269710335,0.0011225936101148626,0.0005627989993956136,0.051739874356861136,2132.8924901272685,485523.8722386946
60.14087963297178,0.1,0.1,1.0,nor,3.0,284,5.000383449656569,9.65970378708228,13.052835010073213,11988.596093523194,14.799087904389845,0.46043793760099816,1.3906928849462565,0.000510532233430444,0.016262433181511837,0.037231092258265215,0.002959817580877969,0.000510532233430444,0.0002781385510135773,0.03723107429190606,664.1750802987189,4588686.168424598
60.14087963297178,0.1,0.1,1.0,perp_los,1.0,95,5.000383449656569,8.737572122923922,13.014444347099968,11992.109003402202,15.55564425809195,2.0769617583648188,1.0754542742585205,0.0026197988581214654,0.015956222438182534,0.043569532920169234,0.0031111288516183903,0.0026197988581214654,0.00021509083476412767,0.043569511895111164,2806.5200340615957,764151.8801620522
60.14087963297178,0.1,0.1,1.0,perp_los,3.0,284,5.000383449656569,9.092036939394772,13.193335968018792,11993.217249601834,2.8199847223914616,0.544184812966173,0.5783162924213515,0.0005455115905647599,0.0036287966154189472,0.010742870104311346,0.0005639969444782923,0.0005455115905647599,0.00011566324768234873,0.010742864920196377,18291.90619853658,655069.4321567786
60.14087963297178,0.1,0.25,0.0,none,1.0,95,5.000383449655789,20.073292861172693,30.466294709570256,29979.32819855732,299.6661146114417,1.672196588157942,1.9544588675066898,0.0035533580086987045,0.3321449744112969,1.981497074450616,0.05993322292228834,0.0035533580086987045,0.00039089173699551635,1.9814961182528268,1.0,281860625.92760825
60.14087963297178,0.1,0.25,0.0,none,3.0,284,5.000383449655789,20.335241258525834,30.687195133687677,29979.912802754887,156.73794817875745,0.714561636132771,1.1689347376062011,0.001678084501117711,0.1737070853238106,1.0397293679040882,0.03134758963575149,0.001678084501117711,0.0002337869256876147,1.0397288661688417,1.0,1445446057.0885391
60.14087963297178,0.1,0.25,1.0,pro,1.0,95,5.000383449655789,22.913154873463355,34.253732006762924,29995.069030532784,22.584457811908877,3.068160216280014,2.420798859343501,0.002319421429657258,0.01849320879798356,0.13368300115804013,0.004516891562381775,0.002319421429657258,0.00048415972665247545,0.13368293664752845,176.05806979193954,431000.08453215536
60.14087963297178,0.1,0.25,1.0,pro,3.0,284,5.000383449655789,31.310419964195376,50.161658792970755,29992.140096656793,3.4569613552559213,1.8487596571937315,1.7013335584994322,0.0016091272767649462,0.0032969481123099,0.01874839380969018,0.0006913922710511843,0.0016091272767649462,0.0003402666799219962,0.018748384762403186,2055.697771565201,51479.257015451585
60.14087963297178,0.1,0.25,1.0,rad,1.0,95,5.000383449655789,20.76202010607795,31.28553390798775,29978.23885775726,23.871551465895518,2.6835608944471496,2.1954345038358247,0.0032805629621691364,0.02836715069826803,0.151304632649458,0.004774310293179104,0.0032805629621691364,0.0004390868597603463,0.1513045596353935,157.58467576639896,1133656.487017928
60.14087963297178,0.1,0.25,1.0,rad,3.0,284,5.000383449655789,20.94906627006001,31.351496230743642,29982.514800941874,9.729325139773541,0.9892852034968336,1.2300736249049886,0.001006443720071378,0.009848759794878283,0.049014896628959595,0.0019458650279547082,0.001006443720071378,0.00024601470200540635,0.049014872976168786,259.52719938550604,2608993.881755019
60.14087963297178,0.1,0.25,1.0,nor,1.0,95,5.000383449655789,20.323200092713005,30.743092183404563,30265.908626002834,24.660788721310222,1.625852212581104,3.805374332723387,0.0015263193233654346,0.027672331012844185,0.1750943294990591,0.004932157744262045,0.0015263193233654346,0.0007610747954670411,0.17509424500495968,147.6594848736436,2189676.382329597
60.14087963297178,0.1,0.25,1.0,nor,3.0,284,5.000383449655789,19.971593333316218,30.40936611797327,29971.41034776545,22.96782473114765,0.7062369386908893,2.0535775817273176,0.0007818495706074293,0.02531456114949181,0.14716689533136748,0.00459356494622953,0.0007818495706074293,0.00041071547798828033,0.14716682431402317,46.570251539253704,29565907.65059058
60.14087963297178,0.1,0.25,1.0,perp_los,1.0,95,5.000383449655789,19.590391978331315,30.394106098566933,29980.037165382684,21.770311096534442,2.6099394635191606,1.6331252705165251,0.00293122031148977,0.02236310307057521,0.14719038459453584,0.004354062219306888,0.00293122031148977,0.0003266250235994245,0.1471903135658565,189.47242066741325,2844213.1210826766
60.14087963297178,0.1,0.25,1.0,perp_los,3.0,284,5.000383449655789,19.81937645299643,30.445729534654024,29982.91580977139,4.202200412929317,0.8390826503590513,0.8854569312538506,0.0009550051037344587,0.005412992938964457,0.04030095305141081,0.0008404400825858634,0.0009550051037344587,0.00017709136971200674,0.04030093360364946,1391.2167319999728,3901823.9867143095
60.14087963297178,0.1,1.0,0.0,none,1.0,95,5.000383449656265,76.31479602522488,120.0379111768912,119911.60522748766,67.5136864829445,2.7473448987551943,3.4211082848490624,0.02934566508267846,0.07471139591859867,1.730296640067144,0.013502737296588898,0.02934566508267846,0.0006842215930695837,1.7302958050894681,1.0,55129226.067688726
60.14087963297178,0.1,1.0,0.0,none,3.0,284,5.000383449656265,76.64267705796536,120.08896886531528,119913.94353299023,36.722202136597204,1.4935130685951685,2.147812205783325,0.016048858475382354,0.040628897106068575,0.9534089750480317,0.007344440427319441,0.016048858475382354,0.00042956240103934635,0.9534085149678398,1.0,304229160.1388208
60.14087963297178,0.1,1.0,1.0,pro,1.0,95,5.000383449656265,77.52332263018415,121.05016557683943,119974.56555859445,35.36845414122493,4.155383770905458,3.76915705629218,0.01682957807010592,0.0290388843516907,0.8284596484406346,0.007073690828244986,0.01682957807010592,0.0007538313408572741,0.8284592486564035,3.6437744684464253,5006854.940213368
60.14087963297178,0.1,1.0,1.0,pro,3.0,284,5.000383449656265,81.84677922965568,126.48308213667542,119962.85038070622,6.140860591022381,2.940302897400484,2.9361580096090023,0.002275653396173344,0.005891545371302098,0.1149902260183425,0.0012281721182044762,0.002275653396173344,0.0005872315470795818,0.11499017052827828,35.76011915967161,925118.4396401683
60.14087963297178,0.1,1.0,1.0,rad,1.0,95,5.000383449656265,76.56439440794017,120.24641279760694,119907.24807165287,32.870237215067334,3.8654572600034602,3.6716511508065426,0.017412346624570973,0.03907199692335002,0.8297827507237194,0.006574047443013467,0.017412346624570973,0.0007343301615813839,0.8297823503010077,4.218693450572411,9220385.23908818
60.14087963297178,0.1,1.0,1.0,rad,3.0,284,5.000383449656265,76.88061088340052,120.22256000003414,119924.35103035273,19.257472451009992,1.9400430852927784,2.280795971706533,0.005328799813805897,0.019491486155926926,0.3709779938771443,0.0038514944902019984,0.005328799813805897,0.00045615915174008727,0.3709778148567752,3.6362929436077973,37393222.00726823
60.14087963297178,0.1,1.0,1.0,nor,1.0,95,5.000383449656265,76.58227499796692,120.31877461200655,120192.69558875052,34.84464569419332,2.774139784824106,4.559205480650348,0.015673754802965824,0.03869600424176062,0.9050284846169528,0.006968929138838663,0.015673754802965824,0.0009118410109722059,0.9050280478834106,3.754149293296223,15397708.268422045
60.14087963297178,0.1,1.0,1.0,nor,3.0,284,5.000383449656265,76.2568941053822,119.9931757470134,119879.93533174736,28.562078369968706,1.4875562982988104,2.6940743048329407,0.012360170278726526,0.03149471813692819,0.7319498521395923,0.005712415673993741,0.012360170278726526,0.0005388148106460633,0.7319494989274481,1.6530189061089293,179132152.22708473
60.14087963297178,0.1,1.0,1.0,perp_los,1.0,95,5.000383449656265,76.0973976818275,119.98902929908753,119902.84718848755,39.19390883911168,3.265699843637636,3.304683482190915,0.012430500033325232,0.04266411396961514,1.0165359346825358,0.007838781767822336,0.012430500033325232,0.0006609366347125629,1.0165354441395893,2.9671977358687087,65210839.27786035
60.14087963297178,0.1,1.0,1.0,perp_los,3.0,284,5.000383449656265,76.35666593150228,120.00396084422897,119922.19877068595,9.532986069865157,2.166696964973006,1.2394864135548058,0.007644166306836555,0.012173746439273525,0.33820235373443264,0.0019065972139730312,0.007644166306836555,0.0002478972595595556,0.33820219053038497,14.838825130122846,197567788.65629184
300.7043981648589,0.5,0.0,0.0,none,1.0,95,5.0091432539828125,6.41723155449093,7.825795806197515,5.179184025908881e-09,4593.261371075998,1.7868034328523863,0.9028830726739093,0.45432083882862806,5.065834156575147,0.0010174192599323815,0.9186522742151996,0.45432083882862806,0.0001805765976705291,0.0010174187689631746,1.0,757282939.0759048
300.7043981648589,0.5,0.0,0.0,none,3.0,284,5.0091432539828125,9.250255749786445,13.493179686746855,8.830926714819064e-09,633.5441291015122,1.0746251047295732,0.6867516667200623,0.06250708065839987,0.6987994821550673,0.0007695261442762485,0.12670882582030243,0.06250708065839987,0.00013735032051671062,0.0007695257729311642,1.0,20783675.860212654
300.7043981648589,0.5,0.0,1.0,pro,1.0,95,5.0091432539828125,11.63366262519086,24.84975692903664,6.279556585304568e-09,21.55628784479012,2.607810857655293,1.096338446341769,0.001677338053878987,0.017805939576247036,0.0012099884708500275,0.004311257568958024,0.001677338053878987,0.0002192676687906981,0.0012099878869539847,45404.02659166294,5493.15415221523
300.7043981648589,0.5,0.0,1.0,pro,3.0,284,5.0091432539828125,25.264588520039393,52.0207121503333,1.2907336954089751e-08,6.54757004222901,1.410832424000245,0.8927578204049571,0.0015281558323412333,0.0069572757567352116,0.0009795258317106736,0.001309514008445802,0.0015281558323412333,0.00017855154740586038,0.000979525359027445,9362.534598697288,2298.8157035266354
300.7043981648589,0.5,0.0,1.0,rad,1.0,95,5.0091432539828125,8.14755719167832,10.653362221537634,5.293890790014161e-09,18.51623549935454,1.9303900135336922,1.0590379283235287,0.0011776966142161046,0.021811174717223793,0.001185235891299789,0.0037032470998709078,0.0011776966142161046,0.0002118075658837575,0.0011852353193484327,61537.08588924826,7378.67422913667
300.7043981648589,0.5,0.0,1.0,rad,3.0,284,5.0091432539828125,10.649357088145754,16.72524078367057,6.0451389533896895e-09,12.14956470335704,1.2933690168727643,0.7490352047368503,0.0019644601269879535,0.012492103093779038,0.0008424169317274152,0.002429912940671408,0.0019644601269879535,0.0001498070269567223,0.0008424165252079113,2719.1446109002222,11273.436415308137
300.7043981648589,0.5,0.0,1.0,nor,1.0,95,5.0091432539828125,6.442838194233443,7.87489297234591,902.1313143164285,13.798191758412857,1.170792768172629,1.83720820911744,0.0016788947240119736,0.015139510896668085,0.0014919452731739361,0.0027596383516825715,0.0016788947240119736,0.00036744160750770054,0.001491944553215885,110814.85060529501,8480.057518365613
300.7043981648589,0.5,0.0,1.0,nor,3.0,284,5.0091432539828125,9.26832461977234,13.507522431439527,902.154758065186,9.713735372203958,0.9391453217711635,0.8719477396516322,0.0011424632972385851,0.010771535385485805,0.0011601777020943161,0.0019427470744407915,0.0011424632972385851,0.00017438953164389075,0.0011601771422351226,4253.840537525654,8741.380331509687
300.7043981648589,0.5,0.0,1.0,perp_los,1.0,95,5.0091432539828125,4.47370133912813,5.695122938735601,5.2672873189826245e-09,13.929274194775981,1.8341882080342846,0.628183184868939,0.0034232427337868394,0.014258293063734336,0.000640881840279926,0.0027858548389551965,0.0034232427337868394,0.0001256366252404412,0.0006408815310138631,108739.00200349934,44859.0661783978
300.7043981648589,0.5,0.0,1.0,perp_los,3.0,284,5.0091432539828125,7.170631830623229,10.908268801397442,6.5012356502433884e-09,7.856809763555699,1.1929660988749322,0.5366999127486282,0.0006672418049332176,0.00970448187864164,0.0006126340961836725,0.0015713619527111399,0.0006672418049332176,0.00010733997252512415,0.0006126338005489346,6502.214108549917,11342.233090782902
300.7043981648589,0.5,0.00752253,0.0,none,1.0,95,5.009143253982982,6.449041352885117,7.8258482468496435,902.1180264676785,3368.145172295661,1.5614867738987406,0.9131600822376037,0.33295736084593897,3.7146574438383824,0.6713480337603657,0.6736290344591321,0.33295736084593897,0.00018263199939131167,0.6713477097924355,1.0,512727121.3398226
300.7043981648589,0.5,0.00752253,0.0,none,3.0,284,5.009143253982982,9.273857964473766,13.493203421007948,902.1310966430581,562.9526399663597,0.9745848076099536,0.6910233436416224,0.05556831548634523,0.6208899895684958,0.11188143610083945,0.11259052799327193,0.05556831548634523,0.0001382046558212353,0.11188138211096318,1.0,29862089.787187867
300.7043981648589,0.5,0.00752253,1.0,pro,1.0,95,5.009143253982982,11.6576764978191,24.849774706087914,902.5913682729794,21.48905529401657,2.603391992197138,1.1124028768785232,0.001673759223422758,0.017748979467097442,0.0038657270656891674,0.004297811058803314,0.001673759223422758,0.0002224805545979939,0.0038657252002311147,24566.707627367963,5852.226822575361
300.7043981648589,0.5,0.00752253,1.0,pro,3.0,284,5.009143253982982,25.279524161842442,52.020719505049186,902.49832888913,6.332961392805961,1.4122130376137279,0.8991530002590233,0.0014970550820792323,0.006715800529894226,0.0014904980678431669,0.0012665922785611923,0.0014970550820792323,0.00017983058325722303,0.001490497348583484,7901.872888696047,2511.6247665892497
300.7043981648589,0.5,0.00752253,1.0,rad,1.0,95,5.009143253982982,8.174146986935295,10.691363956464379,902.0851521373773,18.47327128313154,1.9323902198280405,1.0687816433791066,0.0011634091439129066,0.021760969580778115,0.003640256484710414,0.0036946542566263082,0.0011634091439129066,0.0002137563087128778,0.003640254728056191,33242.52377681366,8216.640213935229
300.7043981648589,0.5,0.00752253,1.0,rad,3.0,284,5.009143253982982,10.670527018897154,16.725260226842295,902.2138900501322,11.711618176683949,1.2592763055608767,0.7541680269229346,0.0019111961450240214,0.01199688688679764,0.0021742259366203504,0.0023423236353367896,0.0019111961450240214,0.00015083359129806716,0.0021742248874186835,2310.520946865507,13807.22709044896
300.7043981648589,0.5,0.00752253,1.0,nor,1.0,95,5.009143253982982,6.498170242386623,7.878046603844316,1456.357840775127,13.61762458529308,1.1748633935306165,1.8512120998646782,0.0016407825447987286,0.014979895868262856,0.003890463595114243,0.0027235249170586163,0.0016407825447987286,0.0003702423853955803,0.0038904617177192486,61175.691837663566,11260.306642084532
300.7043981648589,0.5,0.00752253,1.0,nor,3.0,284,5.009143253982982,9.263995386175896,13.506523162955197,901.8796326958771,8.749910926013182,0.9404011665961288,0.8900139533440478,0.0010810889807736355,0.009621458052914582,0.001096679092602998,0.0017499821852026364,0.0010810889807736355,0.00017800277404492909,0.0010966785633859037,4139.391050101135,5163.997394440274
300.7043981648589,0.5,0.00752253,1.0,perp_los,1.0,95,5.009143253982982,4.522491440965951,5.710935612005297,902.1249492903704,13.93772102080371,1.836427290991192,0.6432489497626181,0.00342235448105341,0.014272145908973985,0.0030098298368041584,0.002787544204160742,0.00342235448105341,0.0001286497779377753,0.0030098283843707063,58398.012839354466,76982.10668715452
300.7043981648589,0.5,0.00752253,1.0,perp_los,3.0,284,5.009143253982982,7.200467438422697,10.93169977244424,902.2108030238046,7.361911296406931,1.1360565033148369,0.5412932571272627,0.0006378939177296558,0.009117966809450671,0.0016607440413552708,0.0014723822592813862,0.0006378939177296558,0.00010825864131505554,0.0016607432399411272,5847.396716415883,19503.2019996755
300.7043981648589,0.5,0.04169392,0.0,none,1.0,95,5.009143253982696,7.3039055652061196,8.734123925852801,5000.02440860442,1453.6949239833386,1.4054029315688101,1.064353365271845,0.1422493319970362,1.6032380065976652,1.6063209132918288,0.2907389847966677,0.1422493319970362,0.00021287065317413786,1.60632013814029,1.0,561560782.8536288
300.7043981648589,0.5,0.04169392,0.0,none,3.0,284,5.009143253982696,9.92900449711047,13.788653640010134,5000.096850575253,411.3415544604307,0.6994998402549901,0.783938522954469,0.0404063719947964,0.4535804573837967,0.454702768454219,0.08226831089208614,0.0404063719947964,0.00015678768994831403,0.45470254903134544,1.0,232531627.32534888
300.7043981648589,0.5,0.04169392,1.0,pro,1.0,95,5.009143253982696,12.305789444377625,24.850303086224788,5002.64792404916,20.51233075477696,2.550606670305401,1.4075213658720946,0.0016091958866855192,0.016908326017591537,0.01951786463567708,0.004102466150955392,0.0016091958866855192,0.0002815042468844188,0.019517855217071695,5022.46046044354,14116.170643138366
300.7043981648589,0.5,0.04169392,1.0,pro,3.0,284,5.009143253982696,25.691982565359645,52.02093761232844,5002.132249656001,4.390787071990371,1.4755404985332037,1.031851738602697,0.0013343478130611705,0.004529965886961451,0.004596996312496508,0.0008781574143980743,0.0013343478130611705,0.00020637032844738094,0.004596994094154746,8776.480984778666,4707.005102093983
300.7043981648589,0.5,0.04169392,1.0,rad,1.0,95,5.009143253982696,8.900095274868224,11.764864429261092,4999.842201319001,18.631375308090057,1.9952505797411328,1.2556608244569478,0.0010692050211834614,0.021987981807192893,0.019475883805674506,0.0037262750616180113,0.0010692050211834614,0.0002511321414378747,0.01947587440732753,6087.748738187323,34095.02910484199
300.7043981648589,0.5,0.04169392,1.0,rad,3.0,284,5.009143253982696,11.262049275841038,16.725838142418056,5000.555736248497,8.991566038319691,0.9500006902102954,0.8405790206141133,0.001443684464722978,0.00911138259879524,0.008711813431567753,0.0017983132076639383,0.001443684464722978,0.00016811578842229895,0.008711809227566217,2092.8326076475773,67368.21485265312
300.7043981648589,0.5,0.04169392,1.0,nor,1.0,95,5.009143253982696,7.437244300071673,8.991203727928024,5343.21464373262,14.766017331299937,1.2519221494824726,2.169066970061467,0.0017061699638167116,0.016435389516437585,0.018061167134298034,0.0029532034662599874,0.0017061699638167116,0.0004338133534979735,0.018061158418641417,9692.142711882507,67451.39446390289
300.7043981648589,0.5,0.04169392,1.0,nor,3.0,284,5.009143253982696,9.803607066306943,13.52273267099311,4998.703101818576,11.927712190924868,0.7208951720391077,1.1170288314390058,0.0012492417729565663,0.012938432485139961,0.012131789846972201,0.0023855424381849736,0.0012492417729565663,0.0002234057454236858,0.012131783992615523,1189.2984894828903,148280.72777853502
300.7043981648589,0.5,0.04169392,1.0,perp_los,1.0,95,5.009143253982696,5.686297237722285,7.53394895317674,5000.062010731025,15.030757909808855,1.904558947562813,0.8620619531919169,0.003580554684623971,0.015450950016411925,0.017584505318106965,0.003006151581961771,0.003580554684623971,0.00017241237453659663,0.017584496832469855,9353.72910330947,313671.93174892163
300.7043981648589,0.5,0.04169392,1.0,perp_los,3.0,284,5.009143253982696,8.004574578111253,11.811332366647067,5000.538416587658,4.721892765075229,0.7821338137941566,0.6213555553080319,0.0004884243761747182,0.005865908054205937,0.0058537301463308985,0.0009443785530150459,0.0004884243761747182,0.00012427109945578778,0.0058537273215354966,7588.796900795852,97601.26335854198
300.7043981648589,0.5,0.1,0.0,none,1.0,95,5.009143253983431,10.32471661126506,13.954690871651007,11992.209682851266,791.3215076492492,1.5718088634621308,1.4431043641123444,0.0741900323255309,0.8727879464090997,2.0960968371448536,0.15826430152984983,0.0741900323255309,0.00028862084586784155,2.0960958256454236,1.0,533112147.99082625
300.7043981648589,0.5,0.1,0.0,none,3.0,284,5.009143253983431,12.458001849605738,17.541953751901307,11992.38342986822,307.63780570865487,0.6755854243708393,1.0453373205549379,0.02906593926650923,0.33922813214294234,0.8159162262994749,0.061527561141730976,0.02906593926650923,0.00020906744458594237,0.8159158325682392,1.0,698729394.3826001
300.7043981648589,0.5,0.1,1.0,pro,1.0,95,5.009143253983431,14.689076309788362,24.852898549472755,11998.50200160025,20.61132165322236,2.641745129485186,1.8424268119003142,0.001601558174620395,0.01692748834370659,0.04756203944539725,0.004122264330644472,0.001601558174620395,0.0003684853279668011,0.04756201649370201,1473.9890522787014,57475.868973964956
300.7043981648589,0.5,0.1,1.0,pro,3.0,284,5.009143253983431,27.303109002688405,52.02200907948074,11997.265192546101,3.3873007059699916,1.6556193899677798,1.3161780928512241,0.0014294812414298904,0.0033235542166948438,0.0081834358394762,0.0006774601411939983,0.0014294812414298904,0.00026323559398637485,0.008183431890450305,8248.441615786838,8270.151852196128
300.7043981648589,0.5,0.1,1.0,rad,1.0,95,5.009143253983431,11.595856841887072,16.037870340985723,11991.772671403134,20.532484221954245,2.208067368285138,1.6274775432863091,0.001188663004523416,0.024337521118048273,0.052192461000298104,0.004106496844390849,0.001188663004523416,0.0003254954782588708,0.052192435814131306,1485.3299697478378,179855.04066488164
300.7043981648589,0.5,0.1,1.0,rad,3.0,284,5.009143253983431,13.600903004331833,18.678279738792735,11993.48403513372,8.324933305442011,0.8746842791076789,1.0294131553301147,0.001341278590559755,0.008412185597018453,0.018438109182653484,0.0016649866610884021,0.001341278590559755,0.00020588261183841287,0.018438100285098465,1365.582316380473,288050.26445738866
300.7043981648589,0.5,0.1,1.0,nor,1.0,95,5.009143253983431,10.522643077343156,14.231677574828522,12296.010318761451,18.550733205139476,1.4504159618762853,2.811188987317049,0.002067974791182509,0.02074722956996661,0.053331234068527834,0.0037101466410278954,0.002067974791182509,0.0005622377449553906,0.053331208332830934,1819.6329000761582,335576.6181539937
300.7043981648589,0.5,0.1,1.0,nor,3.0,284,5.009143253983431,12.213505022514916,17.055898586390978,11989.040620721948,17.446767920905867,0.6714621896628946,1.5140792816265585,0.0016817805227119474,0.01900412900119833,0.04388783559215446,0.003489353584181173,0.0016817805227119474,0.0003028158280449989,0.043887814413495194,310.9205604413368,2016090.6513934147
300.7043981648589,0.5,0.1,1.0,perp_los,1.0,95,5.009143253983431,9.173243924967506,13.24747969507064,11992.290817745474,18.14318841100587,2.121556412693179,1.2180854789109574,0.004074063770110563,0.01866988367244269,0.049808478761139606,0.003628637682201174,0.004074063770110563,0.00024361707303051738,0.04980845472539517,1902.2987315218463,681928.3240288828
300.7043981648589,0.5,0.1,1.0,perp_los,3.0,284,5.009143253983431,10.892565535275045,15.992979039498785,11993.440022325816,4.606242342436537,0.789462649128225,0.802649807063068,0.0005344355818244673,0.00573352597556172,0.014277550800530928,0.0009212484684873074,0.0005344355818244673,0.00016052994642054027,0.014277543910708738,4460.523621103464,384956.2551984793
300.7043981648589,0.5,0.25,0.0,none,1.0,95,5.00914325398279,20.51024300705579,30.817383991728768,29980.44429699897,302.45801686811114,1.9554623130297673,2.142821956384256,0.020817766145645355,0.3336983405953667,1.9977146355584992,0.06049160337362223,0.020817766145645355,0.0004285643512527415,1.99771367153471,1.0,210474466.3918723
300.7043981648589,0.5,0.25,0.0,none,3.0,284,5.00914325398279,21.915265399935627,32.59808148996144,29980.878663380438,151.87450376590863,0.9103046970796531,1.5405358053133782,0.01067867007323805,0.16747460223673674,1.0059997725964054,0.030374900753181725,0.01067867007323805,0.00030810713228820194,1.005999287137824,1.0,670538063.4533362
300.7043981648589,0.5,0.25,1.0,pro,1.0,95,5.00914325398279,23.59459338526539,35.16802518095278,29996.175051951104,24.213642552934303,3.092963259829432,2.540543937510269,0.0018613015196593111,0.01977103660660668,0.14214191675998336,0.00484272851058686,0.0018613015196593111,0.0005081087400492036,0.14214184816750935,156.0306603899389,404676.417585448
300.7043981648589,0.5,0.25,1.0,pro,3.0,284,5.00914325398279,34.029367101720574,55.31092036023065,29993.083037546534,3.7052505410278798,2.0217637668455053,1.8401309063972764,0.0017195035995712174,0.0035230705548154025,0.020221970975527054,0.0007410501082055759,0.0017195035995712174,0.000368026146909077,0.02022196121714578,1680.0978851431666,43993.97172670333
300.7043981648589,0.5,0.25,1.0,rad,1.0,95,5.00914325398279,21.296179230906436,31.814517620013465,29979.351771289166,25.298089438273603,2.7420216062282847,2.3461889486892513,0.0017732907220034152,0.030145192604834618,0.1634172772332335,0.00505961788765472,0.0017732907220034152,0.00046923774591520624,0.16341719837405108,142.9403210785011,1005228.9813210734
300.7043981648589,0.5,0.25,1.0,rad,3.0,284,5.00914325398279,22.69731775571895,33.202652889396056,29983.630169213015,10.739911784448653,1.1309848261356383,1.4582677076646944,0.001626891563982043,0.010823074189336528,0.05658243456050772,0.0021479823568897305,0.001626891563982043,0.00029165351429508716,0.056582407255900746,199.9715972657768,1818602.91993397
300.7043981648589,0.5,0.25,1.0,nor,1.0,95,5.00914325398279,20.7510143734473,31.090959204297413,30267.020515370663,25.45014867433646,1.86378625712736,3.797265917929433,0.0022943913445028627,0.02845569791118278,0.17945934808215983,0.005090029734867292,0.0022943913445028627,0.000759453112659701,0.1794592614816626,141.23734762130698,1689894.0658398464
300.7043981648589,0.5,0.25,1.0,nor,3.0,284,5.00914325398279,21.577171148450628,31.933028983535703,29972.52166280156,26.98111697571258,0.903261614757263,2.1851900580661536,0.0020373851602900218,0.02953724073126927,0.1725122041782066,0.005396223395142516,0.0020373851602900218,0.00043703797079776014,0.17251212093014612,31.684721506329485,20028705.289009586
300.7043981648589,0.5,0.25,1.0,perp_los,1.0,95,5.00914325398279,19.833116785756424,30.496918177974567,29980.502944009644,25.400359535244682,2.6469722965075873,1.8318441174499165,0.004861319435147217,0.026178626531702262,0.1694010597222336,0.005080071907048936,0.004861319435147217,0.00036636878927438755,0.1694009779754973,141.7915900125584,2647962.5031488715
300.7043981648589,0.5,0.25,1.0,perp_los,3.0,284,5.00914325398279,20.88399634513237,31.7396494144911,29983.480663242462,6.28939654293183,1.1260901544424426,1.1918243440804928,0.0008776008459541328,0.007878786872764743,0.0507762857159269,0.001257879308586366,0.0008776008459541328,0.00023836484655493582,0.05077626121315434,583.1117444532697,2567837.668348427
300.7043981648589,0.5,1.0,0.0,none,1.0,95,5.009143253982916,76.48004368334695,120.12958853787309,119916.06940876927,68.07265575193091,3.0672766159556777,3.566842506101195,0.024287710233125957,0.07512992528175769,1.7466465265739293,0.013614531150386182,0.024287710233125957,0.0007133684345979537,1.746645683706398,1.0,40758961.53775052
300.7043981648589,0.5,1.0,0.0,none,3.0,284,5.009143253982916,77.25729201019486,120.59401782525656,119917.80679160672,37.10715265813192,1.8263454720694683,2.606358132921452,0.013253197907874313,0.040838379679679376,0.9580031735541921,0.007421430531626385,0.013253197907874313,0.0005212715779021479,0.9580027112570085,1.0,172693936.33210886
300.7043981648589,0.5,1.0,1.0,pro,1.0,95,5.009143253982916,77.82467130235801,121.29538018127892,119978.98943368004,37.71235357407254,4.1591457757318935,3.873918137677054,0.015626119434798844,0.03090728710348958,0.879430583136191,0.007542470714814508,0.015626119434798844,0.000774783555177498,0.8794301587552569,3.2582028157286613,4954934.630490001
300.7043981648589,0.5,1.0,1.0,pro,3.0,284,5.009143253982916,83.33591822543978,128.60730105578597,119966.62196473703,6.406292343004448,3.130468850882878,3.102417204699953,0.002391430655352378,0.006136537518715566,0.11966482064120093,0.0012812584686008896,0.002391430655352378,0.0006204833829923454,0.11966476289534886,33.550713105134534,832289.2171781483
300.7043981648589,0.5,1.0,1.0,rad,1.0,95,5.009143253982916,76.77191180368806,120.38720504197356,119911.69951391303,33.51907331464716,3.931659928603521,3.808439035735966,0.01504584422703973,0.03999208780092062,0.8598046897162801,0.006703814662929432,0.01504584422703973,0.0007616877360123137,0.8598042748060821,4.124405732042266,7683103.258142233
300.7043981648589,0.5,1.0,1.0,rad,3.0,284,5.009143253982916,77.58179051927004,120.71165164649953,119928.81229109797,20.34272065574746,2.114803400716866,2.623108779409526,0.004659866874572247,0.02047324232474016,0.4042856495619856,0.004068544131149492,0.004659866874572247,0.0005246217068868903,0.4042854544685639,3.32734007650916,26898543.858093183
300.7043981648589,0.5,1.0,1.0,nor,1.0,95,5.009143253982916,76.74459645361512,120.41010789011214,120197.0188542582,34.977213190344024,3.058967850391206,4.591911819667378,0.013098512633080515,0.038841206079225726,0.9090941910566085,0.0069954426380688045,0.013098512633080515,0.0009183822781647155,0.9090937523611056,3.7876948229148626,11257139.348308565
300.7043981648589,0.5,1.0,1.0,nor,3.0,284,5.009143253982916,76.8757808081414,120.02183284454308,119884.38038032455,32.411247945858506,1.820990500818832,2.788297623382444,0.011450234201163449,0.03556341343223487,0.8260993209660713,0.006482249589171701,0.011450234201163449,0.0005576594725960396,0.8260989223208477,1.3107617376617529,128999879.3334896
300.7043981648589,0.5,1.0,1.0,perp_los,1.0,95,5.009143253982916,76.16238699375806,120.01723640631138,119905.69327016849,44.204006224040675,3.2709408190745672,3.3386072788378622,0.010800247083321059,0.04803495419660999,1.135185687806495,0.008840801244808134,0.010800247083321059,0.000667721393408316,1.1351851400075308,2.3714945219115346,49539323.112951875
300.7043981648589,0.5,1.0,1.0,perp_los,3.0,284,5.009143253982916,76.69010857604091,120.19818841734664,119925.16221440447,12.799941892819628,2.5626295457832464,2.1581067249181816,0.00775318297237839,0.01603005908299285,0.39756941649839644,0.002559988378563926,0.00775318297237839,0.0004316213046740343,0.39756922464598243,8.404255859767916,52910651.02605578
601.4087963297178,1.0,0.0,0.0,none,1.0,95,5.0362565116574025,7.844227803175877,10.656831060464668,5.7369589503853765e-09,2354.0562577687306,1.9243363917853051,1.0505472400329954,0.46231753501799805,2.5556893262665086,0.001206750408242812,0.4708112515537461,0.46231753501799805,0.00021010942838424183,0.0012067498259093394,1.0,117212244.90004797
601.4087963297178,1.0,0.0,0.0,none,3.0,284,5.0362565116574025,13.505433237568967,21.98732144067287,7.69484036394621e-09,343.23063826448515,1.3259931677777739,0.8737924086146369,0.06729432659639113,0.37274598639034473,0.0009944629439793786,0.06864612765289703,0.06729432659639113,0.00017475846540203655,0.0009944624640880475,1.0,3125803.3029083028
601.4087963297178,1.0,0.0,1.0,pro,1.0,95,5.0362565116574025,13.066041358369162,27.68391705956789,4.2552713400139096e-09,24.259182293450184,2.7127071782774768,1.207310840560742,0.003335538370843,0.019667854982384974,0.0013712244910843968,0.0048518364586900365,0.003335538370843,0.00024146214556172542,0.001371223829381766,9416.32325442488,4942.835539993878
601.4087963297178,1.0,0.0,1.0,pro,3.0,284,5.0362565116574025,29.516711061296554,60.50966537500283,1.3512856326589344e-08,7.535423467084439,1.573927047439446,1.0264954307478262,0.002216937023553189,0.007923761636934484,0.0011595150697977425,0.0015070846934168878,0.002216937023553189,0.0002052990669764531,0.001159514510258311,2074.706985533445,1720.3165909802037
601.4087963297178,1.0,0.0,1.0,rad,1.0,95,5.0362565116574025,9.574131291498396,12.815312263911194,5.248136702386359e-09,20.375353682006967,2.043257371539254,1.1808149938182522,0.0026551779622767764,0.023770519684622335,0.0013523913233410248,0.004075070736401393,0.0026551779622767764,0.00023616297670812282,0.00135239067072659,13348.220211618263,5637.293542688259
601.4087963297178,1.0,0.0,1.0,rad,3.0,284,5.0362565116574025,14.901200846833213,25.21847631147622,1.2163958028921226e-08,14.566839504446842,1.5546842435053931,0.9210375851615505,0.0035381925818709897,0.014686342121315352,0.001051880502337272,0.0029133679008893684,0.0035381925818709897,0.00018420749982896327,0.001051879994738334,555.1897319024841,6974.095564020822
601.4087963297178,1.0,0.0,1.0,nor,1.0,95,5.0362565116574025,7.864824866025524,10.69323908913906,902.193160304059,15.22818853082488,1.3985906560311026,1.9113455602454785,0.0031713952966887283,0.01648441759655326,0.001722660281631071,0.0030456377061649762,0.0031713952966887283,0.00038226907634855413,0.0017226594503384216,23896.65893664092,5655.060026727778
601.4087963297178,1.0,0.0,1.0,nor,3.0,284,5.0362565116574025,13.518135224541567,21.997109680054177,902.2109512200263,11.568744526093194,1.2447425869681459,1.033228353276483,0.0023631056553748654,0.012703759342318566,0.0013545450893822381,0.0023137489052186388,0.0023631056553748654,0.0002066456513564254,0.0013545444357284746,880.237030083175,4756.555935959765
601.4087963297178,1.0,0.0,1.0,perp_los,1.0,95,5.0362565116574025,5.668766310165905,7.787837928431323,6.664250344507175e-09,16.93782486062033,1.9157034601886975,0.8124034443276056,0.005438685517013573,0.0172361717273895,0.0008838151790486497,0.003387564972124066,0.005438685517013573,0.00016248067369126716,0.0008838147525518706,19316.05348284745,25149.179150604527
601.4087963297178,1.0,0.0,1.0,perp_los,3.0,284,5.0362565116574025,10.993485507306733,17.574199685071935,1.0608036785598335e-08,10.461655353076482,1.628954978568585,0.761874493607916,0.001369395053573026,0.012844117920622561,0.0008712534930944739,0.0020923310706152964,0.001369395053573026,0.00015237488449112033,0.0008712530726595034,1076.3940257110696,4705.661158226758
601.4087963297178,1.0,0.00752253,0.0,none,1.0,95,5.0362565116571165,7.870891273505826,10.656870059340243,902.1599279652789,2127.0085323651506,1.8537174104457215,1.0575029692915814,0.41761159858003477,2.309179090410818,0.4217795630259662,0.4254017064730301,0.41761159858003477,0.00021150057410603836,0.4217793594906237,1.0,111678841.40837787
601.4087963297178,1.0,0.00752253,0.0,none,3.0,284,5.0362565116571165,13.522968185436385,21.987336607095532,902.167209932381,334.7178063679434,1.2919978815977955,0.8785502614500783,0.06562160811075787,0.36346956776012007,0.06618053858305663,0.06694356127358868,0.06562160811075787,0.0001757100358802566,0.0661805066467568,1.0,4084452.823366364
601.4087963297178,1.0,0.00752253,1.0,pro,1.0,95,5.0362565116571165,13.08736912624343,27.683933205855705,902.6328907857238,24.191356267495408,2.7084924562042403,1.2219920010479595,0.003325388495593589,0.01961213849964985,0.004330239608445818,0.004838271253499082,0.003325388495593589,0.00024439837738495087,0.004330237518831054,7730.685921474014,5215.901695816846
601.4087963297178,1.0,0.00752253,1.0,pro,3.0,284,5.0362565116571165,29.52932206869801,60.50967190513058,902.533580149002,7.352541651289675,1.5754497554053661,1.0326248374729192,0.0021670674466960967,0.007718298473986772,0.0017590105000767008,0.001470508330257935,0.0021670674466960967,0.00020652494820698526,0.0017590096512427695,2072.4432471551604,1828.8791638420444
601.4087963297178,1.0,0.00752253,1.0,rad,1.0,95,5.0362565116571165,9.59734121648411,12.845668561594893,902.1269338296787,20.35626609413307,2.0450726768376515,1.1897846516768598,0.002637559899463852,0.023748591531842597,0.00409203506248772,0.0040712532188266135,0.002637559899463852,0.00023795690811230706,0.004092033087821731,10917.978269069126,6168.258299593571
601.4087963297178,1.0,0.00752253,1.0,rad,3.0,284,5.0362565116571165,14.917487468531363,25.21848975274534,902.255764081534,14.319697782552245,1.5389361180451833,0.9267427210145952,0.0034785241437590535,0.014409440916180617,0.0027761740672198063,0.002863939556510449,0.0034785241437590535,0.0001853485268930104,0.002776172727540056,546.3738793322738,8073.967321858804
601.4087963297178,1.0,0.00752253,1.0,nor,1.0,95,5.0362565116571165,7.910774716076798,10.695562598556966,1456.480339003691,15.096202988682188,1.4015314059055817,1.9221640436052991,0.0031276425890796756,0.01637241179906765,0.004346161086291938,0.003019240597736438,0.0031276425890796756,0.0003844327728184482,0.0043461589889940535,19851.94258003017,6937.169219734117
601.4087963297178,1.0,0.00752253,1.0,nor,3.0,284,5.0362565116571165,13.516435200095426,21.996495879176397,901.9214233722905,10.89305524062132,1.2424509423362582,1.0433174208856348,0.0022238130211578145,0.011843694703063427,0.0015281985078725237,0.002178611048124264,0.0022238130211578145,0.0002086634646898099,0.0015281977704199917,944.1874449329166,3574.4046998277063
601.4087963297178,1.0,0.00752253,1.0,perp_los,1.0,95,5.0362565116571165,5.705306307446991,7.787740696165791,902.1461919676759,16.974078807330184,1.9178641668686947,0.8209545340054474,0.005444215618715534,0.017275797356406886,0.0036189948462550317,0.0033948157614660367,0.005444215618715534,0.00016419089146711634,0.0036189930998608956,15702.399979171269,35323.64465772853
601.4087963297178,1.0,0.00752253,1.0,perp_los,3.0,284,5.0362565116571165,11.014033267781553,17.593960787270824,902.2371861059033,10.306369954024374,1.606065778618909,0.7662842188633181,0.0013448719167620767,0.012651859901726938,0.0022319301127609824,0.002061273990804875,0.0013448719167620767,0.0001532568294598349,0.0022319290357133968,1054.7418490551267,7385.176722265395
601.4087963297178,1.0,0.04169392,0.0,none,1.0,95,5.036256511657525,8.604254952127995,10.675511331044474,5000.256649300884,1197.153496479757,1.6925468614499715,1.2179652363995424,0.23380119392774407,1.2996545116385463,1.3159981995646837,0.2394306992959514,0.23380119392774407,0.00024359302453048028,1.315997564512235,1.0,180868504.80201086
601.4087963297178,1.0,0.04169392,0.0,none,3.0,284,5.036256511657525,14.019144966711025,21.987787636020986,5000.297009904513,285.4422254378366,1.0510017935005285,0.9793484907352809,0.05580589851118744,0.30981015271221946,0.3136968022574369,0.05708844508756732,0.05580589851118744,0.00019586967985456513,0.31369665087886933,1.0,30258616.16718147
601.4087963297178,1.0,0.04169392,1.0,pro,1.0,95,5.036256511657525,13.673217512910126,27.68441310758138,5002.87806422319,23.095764404427875,2.6487228270460084,1.5100590986000626,0.0031276016377754377,0.01870471676260212,0.02182167500923545,0.004619152880885575,0.0031276016377754377,0.00030201179151478956,0.021821664478895705,2686.79786861343,12131.938484690641
601.4087963297178,1.0,0.04169392,1.0,pro,3.0,284,5.036256511657525,29.883705141593055,60.50986610620373,5002.327631151501,5.357215815848225,1.6328761672446037,1.1603999703608585,0.001735207424897384,0.00547860074765032,0.005570334122322303,0.001071443163169645,0.001735207424897384,0.0002320799723979605,0.005570331434283425,2838.9526734423057,3618.8334994210595
601.4087963297178,1.0,0.04169392,1.0,rad,1.0,95,5.036256511657525,10.240536861810043,13.737983295959221,5000.073778025065,20.622857136008758,2.1007327864946683,1.3755186113872715,0.0025008268582322264,0.02410143613266661,0.021907004773435185,0.004124571427201752,0.0025008268582322264,0.0002751036965852088,0.021906994201918426,3369.7835828208513,23639.438601053967
601.4087963297178,1.0,0.04169392,1.0,rad,3.0,284,5.036256511657525,15.379232220088172,25.21888908528759,5000.787824712928,11.993098157308049,1.3095855465276225,1.0274597641267174,0.0028553669206221885,0.011970962767056233,0.012106036853461993,0.00239861963146161,0.0028553669206221885,0.00020549193363421928,0.012106031011532764,566.4657559720678,37177.25288446604
601.4087963297178,1.0,0.04169392,1.0,nor,1.0,95,5.036256511657525,8.717510368350982,10.950590554789342,5343.521766442727,16.02508248469916,1.4679900751497115,2.2001913941892988,0.003243308676652898,0.017551075253963898,0.019360504236764643,0.0032050164969398315,0.003243308676652898,0.0004400382377421908,0.019360494894095612,5580.834316150895,37539.64184236866
601.4087963297178,1.0,0.04169392,1.0,nor,3.0,284,5.036256511657525,13.929687579814187,21.99408951166197,4998.934728294274,14.391146962469557,1.0730954715814816,1.2447271011929297,0.0027977592129134355,0.015324266245260907,0.014719048384899049,0.0028782293924939114,0.0027977592129134355,0.00024894539698929363,0.014719041282026323,393.4102046571739,58237.839170981795
601.4087963297178,1.0,0.04169392,1.0,perp_los,1.0,95,5.036256511657525,6.6594508605181435,8.104800526900194,5000.179816217537,18.21669002462727,1.9790486965218326,0.9965892894134245,0.005727992583738753,0.018594568332062862,0.020834305797582168,0.0036433380049254536,0.005727992583738753,0.00019931783926816637,0.02083429574371058,4318.776601109464,208515.51165423664
601.4087963297178,1.0,0.04169392,1.0,perp_los,3.0,284,5.036256511657525,11.591026343320955,18.215996149694995,5000.684682917405,8.191249030784698,1.2998369347635161,0.8431612504175445,0.0010679119016900128,0.010010378341748241,0.009115110292356166,0.0016382498061569396,0.0010679119016900128,0.00016863223433475374,0.009115105893738363,1214.3284727548148,57839.62159737673
601.4087963297178,1.0,0.1,0.0,none,1.0,95,5.036256511656939,11.347600664706125,15.173161308114208,11992.76669595481,722.544391015741,1.8319812345208026,1.6220053468887259,0.138158927531462,0.7845102017489468,1.9043278287487089,0.1445088782031482,0.138158927531462,0.00032440103908156506,1.9043269097899662,1.0,272175292.79023296
601.4087963297178,1.0,0.1,0.0,none,3.0,284,5.036256511656939,16.054701320589118,23.88404131688141,11992.86349804432,235.56132541299309,0.9558078227048543,1.2590621472856585,0.045210046955273274,0.25564786314106286,0.6214130687488135,0.047112265082598616,0.045210046955273274,0.0002518124059400862,0.6214127688776655,1.0,143243577.66980314
601.4087963297178,1.0,0.1,1.0,pro,1.0,95,5.036256511656939,15.902087386154188,27.686770440014456,11999.053976756983,22.85129573064056,2.70663446166742,1.9667193357696933,0.0029063948550084114,0.018471275203252223,0.05222161218170198,0.004570259146128112,0.0029063948550084114,0.0003933438304191133,0.05222158698146789,999.7868183098884,49941.945397243144
601.4087963297178,1.0,0.1,1.0,pro,3.0,284,5.036256511656939,31.323167406050377,60.51082011983234,11997.733801424185,3.9971925088337654,1.8152379257774665,1.4451271392399336,0.0016522308178625567,0.0038927760664307027,0.00958990449425953,0.0007994385017667531,0.0016522308178625567,0.0002890254008555775,0.009589899866523465,3472.9445466023303,7529.137338753468
601.4087963297178,1.0,0.1,1.0,rad,1.0,95,5.036256511656939,12.718121138536626,17.52797854915642,11992.328091957503,22.57407089635104,2.298066929767929,1.7598038600876271,0.0026313958984438843,0.026509286778163457,0.05824112385656831,0.004514814179270208,0.0026313958984438843,0.00035196073914751377,0.058241095751538734,1024.4937156617862,141464.19332766093
601.4087963297178,1.0,0.1,1.0,rad,3.0,284,5.036256511656939,17.29221177444626,25.220850680745677,11994.040683116886,10.551662484382769,1.1541653362979092,1.232176794930894,0.0024729576946127567,0.01052610228799215,0.024595295673669103,0.0021103324968765537,0.0024729576946127567,0.0002464353359713039,0.024595283804881785,498.3864158002326,183775.30151601296
601.4087963297178,1.0,0.1,1.0,nor,1.0,95,5.036256511656939,11.526792022100235,15.451724803219017,12296.645275049585,19.568997145498503,1.6645970495860594,2.81082058973186,0.003885962493783669,0.021561344695947296,0.05551919581380614,0.003913799429099701,0.003885962493783669,0.0005621640654452338,0.05551916902227918,1363.3015493691194,226544.47805208695
601.4087963297178,1.0,0.1,1.0,nor,3.0,284,5.036256511656939,15.861480075490743,23.507687562459967,11989.596160659637,20.6362796879108,0.9587004434283505,1.6459743980711072,0.0038932041434357554,0.022059908287291402,0.05186293260156169,0.00412725593758216,0.0038932041434357554,0.000329194848870342,0.05186290757441321,130.30022566785826,967250.2664280172
601.4087963297178,1.0,0.1,1.0,perp_los,1.0,95,5.036256511656939,9.85687035589762,13.578854787140486,11992.574158111891,21.784993596141216,2.1826991604892094,1.3672124591627648,0.006592551005882177,0.022274502083348708,0.05873575480641984,0.004356998719228243,0.006592551005882177,0.0002734424662954516,0.05873572646269952,1100.0544820305397,620079.1448992541
601.4087963297178,1.0,0.1,1.0,perp_los,3.0,284,5.036256511656939,13.889509618711699,21.183309198086814,11993.791269194278,7.096830692159767,1.1645682973442808,1.0291958921150761,0.0009310877470150383,0.008654530021240074,0.019666197524362012,0.0014193661384319532,0.0009310877470150383,0.00020583915919946324,0.019666188034176618,1101.739929705314,258848.07570306826
601.4087963297178,1.0,0.25,0.0,none,1.0,95,5.036256511656667,21.149248190333378,31.383645012411723,29981.83682605805,299.4828741285762,2.223189347755942,2.352032128638736,0.04982700524294952,0.32537168543495276,1.9691762425057637,0.05989657482571524,0.04982700524294952,0.00047040638179596294,1.969175292253556,1.0,150622019.25179163
601.4087963297178,1.0,0.25,0.0,none,3.0,284,5.036256511656667,24.469243054495593,36.379219329378444,29982.078830641985,138.23037024322767,1.1525988454147167,1.8611194464208376,0.023216916865144537,0.15002934534685247,0.9111578501250696,0.027646074048645535,0.023216916865144537,0.00037222385452176057,0.9111574104337204,1.0,289393066.00906795
601.4087963297178,1.0,0.25,1.0,pro,1.0,95,5.036256511656667,24.495212682631195,36.399420778970295,29997.55498616342,26.402594920541556,3.1288740044079626,2.6732308293218168,0.00273224071470184,0.02126154421988545,0.15337151564142812,0.005280518984108311,0.00273224071470184,0.0005346461159331577,0.1533714416299617,128.66213670572003,379779.8108873738
601.4087963297178,1.0,0.25,1.0,pro,3.0,284,5.036256511656667,37.56320343810295,62.04915378632407,29994.254556634176,4.066390588944171,2.2075870536661406,1.991531674223264,0.0019150373904233283,0.003805460735943713,0.022171172464315485,0.0008132781177888342,0.0019150373904233283,0.000398306297646377,0.02217116176532109,1155.5500464156046,37566.74507656566
601.4087963297178,1.0,0.25,1.0,rad,1.0,95,5.036256511656667,22.0411037059994,32.591643794149334,29980.740318979013,27.341465740706045,2.8149035427628886,2.499990675301299,0.002751587816880247,0.0323068274204239,0.1789013640602763,0.005468293148141209,0.002751587816880247,0.0004999980883648726,0.17890127772904169,119.97766325021598,908598.4967436584
601.4087963297178,1.0,0.25,1.0,rad,3.0,284,5.036256511656667,25.396867494252987,36.83975049629452,29985.021785473193,12.134507567219911,1.3378890890429027,1.680279770576789,0.0027134621197153507,0.01205720499593291,0.06656251561639348,0.002426901513443982,0.0027134621197153507,0.0003360559227307149,0.06656248349576555,129.76651124426382,1350683.9324174481
601.4087963297178,1.0,0.25,1.0,nor,1.0,95,5.036256511656667,21.37939579016316,31.652207533572977,30268.410079313395,26.536708421825313,2.0980080724628056,3.7907074830446708,0.0046117483703804986,0.02925994674204337,0.18509412301239325,0.005307341684365063,0.0046117483703804986,0.0007581414258052485,0.18509403369276037,127.36493540045367,1324773.1345680119
601.4087963297178,1.0,0.25,1.0,nor,3.0,284,5.036256511656667,24.16352614762877,35.785345457497485,29973.910508947207,31.584359984103315,1.1478358731348877,2.3189036660267774,0.005292227236730009,0.03398415749963495,0.20115169251362813,0.006316871996820663,0.005292227236730009,0.0004637806898923521,0.20115159544520136,19.15414543770593,14213934.626422463
601.4087963297178,1.0,0.25,1.0,perp_los,1.0,95,5.036256511656667,20.22915388453168,30.642897723742443,29981.224028622826,30.50488742299169,2.696198270375571,2.0327381645935736,0.008276429846467388,0.031240614009852792,0.20088875681939108,0.006100977484598338,0.008276429846467388,0.00040654759495077484,0.20088865987784743,96.38404122512259,2643413.2403692612
601.4087963297178,1.0,0.25,1.0,perp_los,3.0,284,5.036256511656667,22.87909479725724,34.636818661119825,29984.365794295372,8.541345632911812,1.4624165505414104,1.4629225581473022,0.0010493580375153556,0.010489456852695006,0.06271493614246293,0.0017082691265823623,0.0010493580375153556,0.0002925844843046644,0.06271490587853569,261.9113685552953,1979122.0624210713
601.4087963297178,1.0,1.0,0.0,none,1.0,95,5.03625651165759,76.72990647661501,120.27870236902432,119921.63925987225,68.35939955621924,3.3656134925110854,3.7519465371720933,0.01766827705094425,0.07447125945317529,1.7516577340882606,0.013671879911243849,0.01766827705094425,0.0007503892373547187,1.7516568888025046,1.0,31163406.9249272
601.4087963297178,1.0,1.0,0.0,none,3.0,284,5.03625651165759,78.33928101473403,121.67372901059338,119922.60723213182,36.934179621931925,2.158354297002635,3.0107963915059552,0.009573046605324398,0.040019266798300555,0.9468686824102762,0.007386835924386385,0.009573046605324398,0.00060215922206486,0.9468682254861897,1.0,108341363.6163689
601.4087963297178,1.0,1.0,1.0,pro,1.0,95,5.03625651165759,78.2326310404186,121.63541068764461,119984.5089078069,40.728622285178936,4.17324850483569,3.986839533662862,0.013686401784089874,0.03297804259627574,0.943705346758842,0.008145724457035788,0.013686401784089874,0.0007973678322654884,0.9437048913612651,2.8170661139246693,4950777.661902131
601.4087963297178,1.0,1.0,1.0,pro,3.0,284,5.03625651165759,85.36791397714902,131.63134327615586,119971.30781807545,6.755934140080647,3.333833208109349,3.282202293285321,0.0025606176901537183,0.0063840810424931746,0.12566902833778254,0.0013511868280161295,0.0025606176901537183,0.0006564403973513528,0.12566896769452013,29.887259849128032,748330.4672846458
601.4087963297178,1.0,1.0,1.0,rad,1.0,95,5.03625651165759,77.07140303942195,120.59749269572053,119917.2534402965,34.42292696758842,4.011830993778005,3.963641601077183,0.011923152567171521,0.040807629603442225,0.8930469843869139,0.006884585393517683,0.011923152567171521,0.0007927282461816488,0.8930465534352041,3.9436729162602937,6587132.9968753
601.4087963297178,1.0,1.0,1.0,rad,3.0,284,5.03625651165759,78.75531488499729,121.81217870688694,119934.37849117156,21.414348444887047,2.3416881782793957,2.9264329767226265,0.0036155566386796155,0.02122566699308214,0.4369397393566795,0.00428286968897741,0.0036155566386796155,0.000585286540683953,0.43693952850559215,2.974727469193681,20969840.917027593
601.4087963297178,1.0,1.0,1.0,nor,1.0,95,5.03625651165759,76.99108447454513,120.55871214221413,120202.41254411814,35.382597447656565,3.3351609504070314,4.643694094022623,0.009911670000494834,0.03888219155354892,0.9181876648440416,0.007076519489531313,0.009911670000494834,0.0009287387320685635,0.9181872217603618,3.732648165995532,8644634.037883466
601.4087963297178,1.0,1.0,1.0,nor,3.0,284,5.03625651165759,77.96395272512217,120.95959723748221,119889.93550047626,35.73503331953187,2.1543207786618335,2.92441556616454,0.009142379162278409,0.03861542735378834,0.9063447054758269,0.007147006663906374,0.009142379162278409,0.0005848830586100174,0.9063442681071248,1.0682392502226652,99723923.53332321
601.4087963297178,1.0,1.0,1.0,perp_los,1.0,95,5.03625651165759,76.29113823146498,120.05705766015191,119909.6306469762,52.391661741139416,3.3290780333832855,3.4385577224927424,0.008132067499249988,0.05641204632253376,1.3348564309767337,0.010478332348227884,0.008132067499249988,0.0006877114802723952,1.3348557868239945,1.7024412427886653,37428495.495166466
601.4087963297178,1.0,1.0,1.0,perp_los,3.0,284,5.03625651165759,77.45676828864049,120.93257763394828,119929.29057869317,15.401220884608582,2.9274941203577924,2.6337427341025808,0.006959107629866559,0.018985331941057917,0.44767808296484796,0.0030802441769217166,0.006959107629866559,0.0005267484976268779,0.4476778669318299,5.751043000035817,34658725.34277546
1202.8175926594356,2.0,0.0,0.0,none,1.0,95,5.143067711613301,10.715182111533887,16.32332942274887,6.738710594104481e-09,1252.3660115050366,2.172075079007773,1.295375353920507,0.47293131846429204,1.2769321432441012,0.00155780064418285,0.25047320230100734,0.47293131846429204,0.0002590750465887897,0.001557799892445413,1.0,15758743.319204638
1202.8175926594356,2.0,0.0,0.0,none,3.0,284,5.143067711613301,22.021910466481764,38.974492373822066,7.33003837705536e-09,189.61018703348296,1.701857989652005,1.1575787745445842,0.0715548890769266,0.1934998533783877,0.001371518894076484,0.03792203740669659,0.0715548890769266,0.00023151573328740056,0.0013715182322317852,1.0,418704.5694797158
1202.8175926594356,2.0,0.0,1.0,pro,1.0,95,5.143067711613301,15.942724428186146,33.352785807831964,3.698454554796379e-09,30.54238674258198,2.9239443795121085,1.4085079590662721,0.008330643621079537,0.023069299948253307,0.0016926516138180234,0.006108477348516396,0.008330643621079537,0.0002817015655048265,0.001692650797006456,1681.344087470185,4540.286435728094
1202.8175926594356,2.0,0.0,1.0,pro,3.0,284,5.143067711613301,38.028945939148606,77.48831024614047,8.195369284617708e-09,9.637499176814726,1.859071879847019,1.2573131336377799,0.004248982142817331,0.009565945120732413,0.0014945295360715646,0.0019274998353629453,0.004248982142817331,0.0002514626032431789,0.0014945288148664432,387.0745569008213,1245.2833918555168
1202.8175926594356,2.0,0.0,1.0,rad,1.0,95,5.143067711613301,12.444742660651865,17.597520060323554,3.762855486038246e-09,24.806029365983008,2.2645504713267264,1.392803921330902,0.008003959999519437,0.027414928349776695,0.0016801026351084803,0.004961205873196602,0.008003959999519437,0.000278560758251076,0.0016801018243525897,2548.8720688392837,4428.32448947486
1202.8175926594356,2.0,0.0,1.0,rad,3.0,284,5.143067711613301,23.414743703803946,42.20415230914493,8.555473675209045e-09,20.011651929573475,1.9075331381526683,1.1882619376088177,0.008019122289621674,0.018853586163486234,0.0014128991827476434,0.004002330385914695,0.008019122289621674,0.00023765236532714024,0.0014128985009343356,89.77542140696173,5072.398376057694
1202.8175926594356,2.0,0.0,1.0,nor,1.0,95,5.143067711613301,10.7301198377551,16.347516855985212,902.3165963524249,18.44388814887702,1.7555793738838918,2.062845691448055,0.007063920769971608,0.01880735660071226,0.002147556328936498,0.0036887776297754036,0.007063920769971608,0.000412569099759316,0.002147555292604605,4610.601482300068,3692.921111528377
1202.8175926594356,2.0,0.0,1.0,nor,3.0,284,5.143067711613301,22.030165761038877,38.98112495312843,902.3226231019294,15.809657562355412,1.6586654184305605,1.2968721402109193,0.006042771095773903,0.016367797331325047,0.0017131284851593005,0.0031619315124710823,0.006042771095773903,0.0002593744038189148,0.0017131276584663464,143.83958018018888,3266.724391163363
1202.8175926594356,2.0,0.0,1.0,perp_los,1.0,95,5.143067711613301,8.199797196800352,12.346934947257092,3.029580994115157e-09,23.927864051592834,2.0898936797090375,1.1155711726213955,0.011422401722719393,0.023274160964741285,0.0013027642271285025,0.004785572810318567,0.011422401722719393,0.00022311421368739024,0.0013027635984622834,2739.39513479752,15110.876711813438
1202.8175926594356,2.0,0.0,1.0,perp_los,3.0,284,5.143067711613301,19.025475383978186,32.08047365028647,5.839685915447635e-09,14.150654669657532,2.0330592263326195,1.0895615741481586,0.004735296644156506,0.01657970657108429,0.001286685623064583,0.0028301309339315065,0.004735296644156506,0.00021791229447855597,0.0012866850021573085,179.54374016846646,2621.6841860770605
1202.8175926594356,2.0,0.00752253,0.0,none,1.0,95,5.143067711613322,10.735628749027201,16.32335552196026,902.2434708526538,1216.249500210624,2.1563682774520645,1.3027436368229897,0.4592294239171687,1.2400971726758958,0.23635089971045767,0.24324990004212482,0.4592294239171687,0.00026054870303165973,0.23635078565618492,1.0,16200899.510402774
1202.8175926594356,2.0,0.00752253,0.0,none,3.0,284,5.143067711613322,22.03392489054071,38.9745016496701,902.2434708526538,188.71639698020343,1.6948414765910427,1.162469108183191,0.07120648044905123,0.1925734448062713,0.036605309310026465,0.037743279396040684,0.07120648044905123,0.00023249379992377916,0.0366052916456472,1.0,476896.33901167155
1202.8175926594356,2.0,0.00752253,1.0,pro,1.0,95,5.143067711613322,15.960179087151564,33.35279952924595,902.715675856294,30.47092468956389,2.9200551261419494,1.4211809500274573,0.00830918981740343,0.02301582910867834,0.005352533961521531,0.006094184937912778,0.00830918981740343,0.0002842361634603545,0.00535253137858502,1593.2138827020544,4730.17597624791
1202.8175926594356,2.0,0.00752253,1.0,pro,3.0,284,5.143067711613322,38.0386643437648,77.48831568535611,902.603365010545,9.49587981744532,1.8604573731995504,1.2630204478132834,0.004178721211009255,0.009413954132329937,0.002275507341311557,0.001899175963489064,0.004178721211009255,0.00025260406597167715,0.0022755062432352,394.9561254279394,1294.333331196225
1202.8175926594356,2.0,0.00752253,1.0,rad,1.0,95,5.143067711613322,12.463334732997188,17.597544399298798,902.2102370956682,24.805798824144514,2.2660186479467495,1.4003488552377727,0.007994352059682077,0.027415462334409803,0.005023817984873625,0.004961159764828903,0.007994352059682077,0.0002800697448915242,0.005023815560563384,2404.0246428253568,4717.207641186561
1202.8175926594356,2.0,0.00752253,1.0,rad,3.0,284,5.143067711613322,23.42623787073422,42.20416096717895,902.3392520259995,19.88712576775428,1.9036907000119567,1.1941598885896605,0.00796061749673601,0.018721783018840338,0.0038853409077917165,0.003977425153550856,0.00796061749673601,0.00023883195541314555,0.003885339032868743,90.04824065608267,5532.10291009966
1202.8175926594356,2.0,0.00752253,1.0,nor,1.0,95,5.143067711613322,10.76488506402025,16.349037927812255,1456.7252777301005,18.368870124938567,1.7572679509819038,2.0703302920493813,0.007024656489703794,0.01875276649317189,0.005245160035147158,0.0036737740249877136,0.007024656489703794,0.00041406601973978217,0.005245157504025364,4384.100109432203,4187.585395809632
1202.8175926594356,2.0,0.00752253,1.0,nor,3.0,284,5.143067711613322,22.03022003643604,38.98077836841561,902.0049748887993,15.419104538223847,1.6573076972585448,1.3024231863452005,0.005827169853003039,0.01581640629897694,0.002356229522736076,0.0030838209076447694,0.005827169853003039,0.00026048461294208734,0.0023562283857061555,149.79625879072185,2923.6688238859056
1202.8175926594356,2.0,0.00752253,1.0,perp_los,1.0,95,5.143067711613322,8.224868223644037,12.346843493037271,902.1986830363072,23.988122353757202,2.0917096476670087,1.1211857573630426,0.011446299191133663,0.02333346194442779,0.004986529864694861,0.004797624470751441,0.011446299191133663,0.0002242371305308492,0.0049865274583784985,2570.708532091565,17773.70320702379
1202.8175926594356,2.0,0.00752253,1.0,perp_los,3.0,284,5.143067711613322,19.038660398985776,32.0921336804235,902.2978976480596,14.093359400499045,2.030298782022563,1.095096878962341,0.004717581511317458,0.016514660424450815,0.003132359034847898,0.002818671880099809,0.004717581511317458,0.0002190193553380028,0.0031323575232863506,179.30409912766766,3232.983778310888
1202.8175926594356,2.0,0.04169392,0.0,none,1.0,95,5.143067711612747,11.312160700419323,16.3241312139968,5000.719688988494,877.3302326499083,2.0682999861094995,1.4790663599740759,0.33030016516787664,0.8944772798500668,0.9450221143397717,0.17546604652998166,0.33030016516787664,0.0002958132443684816,0.9450216583067711,1.0,31555810.496597018
1202.8175926594356,2.0,0.04169392,0.0,none,3.0,284,5.143067711612747,22.379354873504884,38.97477685634369,5000.719688988494,177.47895688086507,1.5993005640350355,1.27149582452163,0.06679181786642537,0.1809609893167521,0.19097106418269677,0.035495791376173015,0.06679181786642537,0.00025429914115504147,0.1909709720270677,1.0,2399194.5069442224
1202.8175926594356,2.0,0.04169392,1.0,pro,1.0,95,5.143067711612747,16.45090199774462,33.35320717697444,5003.336903674399,29.12568602430613,2.8518037541513452,1.6927858740437054,0.007871898709748562,0.022008907073132213,0.026991289917673345,0.005825137204861226,0.007871898709748562,0.0003385571431905064,0.026991276892667112,907.3479527587212,10106.03049755668
1202.8175926594356,2.0,0.04169392,1.0,pro,3.0,284,5.143067711612747,38.3168012720802,77.48847780734033,5002.714416418418,7.488354054918779,1.9066479991826257,1.3873845048421722,0.003253148165208042,0.007259296658086307,0.007651531190645899,0.0014976708109837558,0.003253148165208042,0.0002774768750545551,0.007651527498297672,561.7214329730666,2490.787823448601
1202.8175926594356,2.0,0.04169392,1.0,rad,1.0,95,5.143067711612747,12.988791130622152,18.01230403505249,5000.5354895865385,25.168283121715298,2.3101650014552058,1.5741442188423684,0.007970366361644806,0.027860999333661384,0.026812595872882115,0.00503365662434306,0.007970366361644806,0.0003148288143662545,0.02681258293410707,1215.11955251075,14744.789616487677
1202.8175926594356,2.0,0.04169392,1.0,rad,3.0,284,5.143067711612747,23.75674803135104,42.204418776683006,5001.250559884555,18.12445482588652,1.822602513149222,1.3117365537161878,0.007150548482426884,0.01695370734806864,0.018429600861538106,0.003624890965177304,0.007150548482426884,0.00026234728624232765,0.018429591968088892,95.88790517240885,20097.327901757963
1202.8175926594356,2.0,0.04169392,1.0,nor,1.0,95,5.143067711612747,11.399489444563109,16.35660145594498,5344.135814175872,19.053394557087234,1.8070557568081849,2.287773503366977,0.007207695706030926,0.01958191579770186,0.022336827832532158,0.003810678911417447,0.007207695706030926,0.0004575546579418482,0.022336817053598558,2120.2226458339605,16998.085854787667
1202.8175926594356,2.0,0.04169392,1.0,nor,3.0,284,5.143067711612747,22.32260428201278,38.979437156901,4999.397815807486,19.0091561181542,1.6021990970456976,1.4611208673760936,0.006981847635620687,0.018988321070658398,0.019207186287468137,0.00380183122363084,0.006981847635620687,0.00029222414618407504,0.019207177018784726,87.17020355037873,21515.496037657085
1202.8175926594356,2.0,0.04169392,1.0,perp_los,1.0,95,5.143067711612747,8.922646205084554,12.344125824292892,5000.4708610903635,25.551517518367703,2.14220591923148,1.2525094730273312,0.012091458268583943,0.02487444182057047,0.02829848213690757,0.0051103035036735404,0.012091458268583943,0.00025050187121081305,0.028298468481098328,1178.9429621551124,100262.71703972534
1202.8175926594356,2.0,0.04169392,1.0,perp_los,3.0,284,5.143067711612747,19.41754663252272,32.45051703312082,5001.021224968045,13.169629503200735,1.9718162883192656,1.192858009913101,0.00436831160455016,0.015436698194964644,0.014491868179653639,0.002633925900640147,0.00436831160455016,0.00023857157970215044,0.014491861186409745,181.61286955307662,21896.54701459621
1202.8175926594356,2.0,0.1,0.0,none,1.0,95,5.1430677116137105,13.625243439275025,18.214334693364457,11993.877264344706,598.0211141328876,2.180165214549251,1.9174654552061028,0.22276247590319084,0.6098287962857796,1.5447735431195935,0.11960422282657752,0.22276247590319084,0.00038349305522637024,1.5447727976685575,1.0,78093298.13824882
1202.8175926594356,2.0,0.1,0.0,none,3.0,284,5.1430677116137105,23.871922036652602,38.976128805962965,11993.877264344706,159.1595358029429,1.5061915503025187,1.5572588301761274,0.05934753981034855,0.16220211103912527,0.41119026026786376,0.031831907160588584,0.05934753981034855,0.00031145173694839534,0.41119006184253026,1.0,15072368.691959389
1202.8175926594356,2.0,0.1,1.0,pro,1.0,95,5.1430677116137105,18.419178132819667,33.355209620582556,12000.154471159007,28.103154257371738,2.8528433760151,2.1831009212480192,0.007314011316398533,0.021261738356617054,0.06278754769908454,0.005620630851474347,0.007314011316398533,0.0004366201434731546,0.06278751740011762,452.8171855399109,40967.12638671745
1202.8175926594356,2.0,0.1,1.0,pro,3.0,284,5.1430677116137105,39.50263052973578,77.48927410152085,11998.661478904267,5.518761228390883,2.0790350517166596,1.6735226723661885,0.0025535342439239246,0.005111283948967156,0.012989063058145954,0.0011037522456781765,0.0025535342439239246,0.0003347045032148054,0.012989056790100676,831.7295252355061,6523.502988870085
1202.8175926594356,2.0,0.1,1.0,rad,1.0,95,5.1430677116137105,15.121517797561234,20.90731544771888,11993.435474925996,27.21430297319884,2.479602531484825,1.97502910564193,0.008484061178153715,0.03028630912452244,0.07023988783333349,0.005442860594639768,0.008484061178153715,0.0003950057842383489,0.07023985393814064,482.87931793739,95811.51889460537
1202.8175926594356,2.0,0.1,1.0,rad,3.0,284,5.1430677116137105,25.18759823962901,42.20568515989046,11995.150521146357,15.95869868762898,1.6993828609060573,1.5509656597297914,0.00620584749132104,0.014942139372312379,0.038366913436091256,0.003191739737525796,0.00620584749132104,0.0003101931029766734,0.03836689492162647,99.46502077465134,112187.44851355918
1202.8175926594356,2.0,0.1,1.0,nor,1.0,95,5.1430677116137105,13.775543387795945,18.50456090181597,12297.911559775966,22.099875143621386,1.9868910880985444,2.8385324718055736,0.008264013475708615,0.02288813906216727,0.060635905942927434,0.004419975028724277,0.008264013475708615,0.0005677064413423678,0.06063587668226389,732.2399089177438,119134.89463158719
1202.8175926594356,2.0,0.1,1.0,nor,3.0,284,5.1430677116137105,23.737909292447004,38.97803082935621,11990.706843748918,26.660625326242172,1.5111610587082545,1.8520318871114376,0.009732834184803085,0.026658605230379367,0.06623245555864683,0.005332125065248434,0.009732834184803085,0.00037040634282962004,0.06623242359729377,35.63893064755445,370512.17889813526
1202.8175926594356,2.0,0.1,1.0,perp_los,1.0,95,5.1430677116137105,11.59593550780798,14.653740148945435,11993.273519804208,30.259121410879757,2.322093616548775,1.6058387012112085,0.014045038109209654,0.02948859504018909,0.07932789419424535,0.006051824282175952,0.014045038109209654,0.00032116771024802584,0.07932785591351406,390.5893592260541,513197.3181569624
1202.8175926594356,2.0,0.1,1.0,perp_los,3.0,284,5.1430677116137105,21.046419986663246,34.2072548048528,11994.598984251848,11.965867352850129,1.8913844750115114,1.4008727924617668,0.0038199772461979344,0.014000717049498772,0.03136280762584082,0.002393173470570026,0.0038199772461979344,0.00028017453232653675,0.03136279249130053,176.92001165625678,138345.10455480855
1202.8175926594356,2.0,0.25,0.0,none,1.0,95,5.143067711612828,22.67642548060498,32.910894209240276,29984.613239628015,286.1942893575978,2.5925363514600646,2.695810728336485,0.09978996810730152,0.2922020897774813,1.8459576601787726,0.05723885787151956,0.09978996810730152,0.0005391620953143389,1.8459567693873318,1.0,80925288.74082385
1202.8175926594356,2.0,0.25,0.0,none,3.0,284,5.143067711612828,30.72102254744966,47.05164279518256,29984.613239628015,112.7266463355267,1.6385887917066155,2.2430642531831007,0.039457247001397015,0.11488096482723223,0.7282507035506235,0.02254532926710534,0.039457247001397015,0.00044861280874016233,0.7282503521235526,1.0,67812947.59819815
1202.8175926594356,2.0,0.25,1.0,pro,1.0,95,5.143067711612828,26.434195445912746,39.185143990844765,30000.30621484061,31.36959445389819,3.216955511757393,2.9042155429004537,0.007184968411691237,0.02374953471178669,0.1778367646367066,0.006273918890779638,0.007184968411691237,0.0005808430543345007,0.17783667881920862,83.23464260397752,344777.58937029983
1202.8175926594356,2.0,0.25,1.0,pro,3.0,284,5.143067711612828,44.95356002611993,77.49433418497482,29996.573744154,4.967355938013988,2.5060094406599887,2.2452481279966223,0.002546258633782188,0.004355130670712266,0.02666826083872081,0.0009934711876027976,0.002546258633782188,0.00044904958366207573,0.02666824796959656,514.9945252002711,30349.993998063594
1202.8175926594356,2.0,0.25,1.0,rad,1.0,95,5.143067711612828,23.739099637021088,34.497422544545024,29983.50876903427,32.03685434255568,2.9649333160328757,2.7468820331289647,0.009347299802049222,0.03593632281806222,0.209430268858626,0.006407370868511135,0.009347299802049222,0.0005493763553189135,0.20943016779526202,79.80354687898503,779462.9884929927
1202.8175926594356,2.0,0.25,1.0,rad,3.0,284,5.143067711612828,31.821640151284317,47.759818342359694,29987.796373149158,15.597985252125008,1.788058639615225,2.0296062522380156,0.00583351310094314,0.01459329031471689,0.0892706656760168,0.003119597050425002,0.00583351310094314,0.00040592121253816177,0.08927062259726878,52.22953541100972,906748.922623723
1202.8175926594356,2.0,0.25,1.0,nor,1.0,95,5.143067711612828,22.887614045401246,33.190813378689775,30271.18821486753,29.05129229747575,2.4427006386146113,3.8065954052481117,0.01015616538746803,0.030196509894924596,0.19680346586786943,0.00581025845949515,0.01015616538746803,0.0007613190099491786,0.19680337089773728,97.04898897648407,917068.2232473375
1202.8175926594356,2.0,0.25,1.0,nor,3.0,284,5.143067711612828,30.470888118113375,46.575384024037604,29976.687209273427,40.16627504724449,1.6376170031274992,2.5114675267177904,0.013890268825891271,0.0404994330861378,0.25188045339825865,0.008033255009448898,0.013890268825891271,0.0005022934584338036,0.25188033184999303,7.876441609334103,8073114.765468978
1202.8175926594356,2.0,0.25,1.0,perp_los,1.0,95,5.143067711612828,21.302978330893012,31.108178341274634,29982.993414543587,42.69590092784923,2.8101856849170646,2.3230960014586417,0.018616310388737057,0.04166678944437476,0.27493427867774034,0.008539180185569846,0.018616310388737057,0.00046461915690041957,0.27493414600454447,44.931359910941005,2931324.2897904604
1202.8175926594356,2.0,0.25,1.0,perp_los,3.0,284,5.143067711612828,28.351435472528593,43.826823133924584,29986.393753714074,12.478081126826742,2.0752216963586925,1.8766999771609763,0.00360210854421326,0.014636160620166224,0.08494797957452728,0.0024956162253653483,0.00360210854421326,0.00037533996037877166,0.08494793858174898,81.61266576683123,1281407.3570905437
1202.8175926594356,2.0,1.0,0.0,none,1.0,95,5.143067711613747,77.35808918694713,120.69137709954674,119932.7443855833,68.6821539350404,3.7827098850360668,4.0734124604987345,0.005359074797761952,0.0706506398972097,1.7371951833629355,0.013736430787008081,0.005359074797761952,0.0008146824160156342,1.7371943450562757,1.0,20947952.679302294
1202.8175926594356,2.0,1.0,0.0,none,3.0,284,5.143067711613747,81.34298733653357,125.27173143876064,119932.7443855833,36.05033657866324,2.710991190864112,3.566861150193693,0.003434832119917497,0.036764194577347246,0.9056455023907102,0.007210067315732648,0.003434832119917497,0.0007133721634161051,0.9056450653594178,1.0,55824080.08442447
1202.8175926594356,2.0,1.0,1.0,pro,1.0,95,5.143067711613747,79.14556718996806,122.42593365151085,119995.51329874918,46.99854264532924,4.233556950364106,4.186698397651121,0.008677014528839929,0.03595283229204172,1.0697441404345958,0.009399708529065848,0.008677014528839929,0.0008373396013301313,1.0697436242153213,2.1355956644321297,5014192.0883388575
1202.8175926594356,2.0,1.0,1.0,pro,3.0,284,5.143067711613747,89.92359731894003,138.80245142104087,119980.58412657227,7.543753460960671,3.6670612262318665,3.5796784622114592,0.003061706916225384,0.006697551512015253,0.13873250486979416,0.0015087506921921342,0.003061706916225384,0.0007159356255802537,0.13873243792257725,22.837243062513977,641170.9136285445
1202.8175926594356,2.0,1.0,1.0,rad,1.0,95,5.143067711613747,77.79053576766022,121.13156921131065,119928.32671347614,36.49192025948679,4.177227195267426,4.232766926425564,0.005801178911988067,0.04129605807114078,0.9473624111340625,0.007298384051897358,0.005801178911988067,0.0008465533062245416,0.9473619539717205,3.5423737320496778,5311100.815309987
1202.8175926594356,2.0,1.0,1.0,rad,3.0,284,5.143067711613747,81.90688255779818,125.50040999525606,119945.47631365023,23.127311377832307,2.7945808397401963,3.366142851773855,0.0028581804893711006,0.02160198868445087,0.4852310418485638,0.0046254622755664615,0.0028581804893711006,0.0006732285074811989,0.48523080769386556,2.429787829311244,15017987.18225958
1202.8175926594356,2.0,1.0,1.0,nor,1.0,95,5.143067711613747,77.61299002667083,120.97010747429026,120213.16529246068,36.64295274650724,3.733765912291984,4.776209112203199,0.0044127283567171926,0.0381821430338993,0.938948646033383,0.007328590549301448,0.0044127283567171926,0.0009552417332295335,0.9389481929312153,3.5132324711458796,6132490.832526653
1202.8175926594356,2.0,1.0,1.0,nor,3.0,284,5.143067711613747,80.98190969711592,124.57932691610712,119901.04177315673,39.36603610071419,2.7105223741924767,3.2655857675963,0.0034830243580129755,0.04002380804081386,0.982046671946373,0.007873207220142838,0.0034830243580129755,0.0006531170925239158,0.9820461980466793,0.8386394245301192,65916290.38756564
1202.8175926594356,2.0,1.0,1.0,perp_los,1.0,95,5.143067711613747,76.68963897965081,120.15187450500821,119918.34885155722,66.15059836638832,3.5698471019916376,3.7531270508108796,0.004267559868477519,0.0676395751663905,1.6636857615088496,0.013230119673277665,0.004267559868477519,0.0007506253400604261,1.6636849586751399,1.0780037192598424,30135387.063486688
1202.8175926594356,2.0,1.0,1.0,perp_los,3.0,284,5.143067711613747,79.9311212351404,123.80450568235447,119938.09541538674,18.156950094005115,3.3723091737693864,3.25259008608354,0.0042887824951467505,0.021427182375166758,0.5052896331278542,0.003631390018801023,0.0042887824951467505,0.0006505179564641,0.5052893892936158,3.9421472999885534,21688452.108594738
6014.087963297177,10.0,0.0,0.0,none,1.0,95,7.822476274703558,33.95257463700116,61.65899162116539,5.493449696426316e-09,456.7992682129591,3.9605150820322432,2.8218445908724386,0.3791287564513379,0.06233983945470859,0.004138601524985281,0.09135985364259182,0.3791287564513379,0.0005643688654674408,0.004138599527848026,1.0,154228.43250345156
6014.087963297177,10.0,0.0,0.0,none,3.0,284,7.822476274703558,90.21316085411485,174.78960709737163,6.2563828758463455e-09,64.50034503418698,3.6313778773229513,2.7178753722463505,0.05404035844230343,0.010599286200738115,0.003907132188143652,0.012900069006837395,0.05404035844230343,0.0005435750236841835,0.003907130302705007,1.0,3367.5932101812073
6014.087963297177,10.0,0.0,1.0,pro,1.0,95,7.822476274703558,39.18780196735257,78.69369307939886,2.7401233223233507e-09,173.54378555368817,4.9184590566002635,2.8670035194910812,0.11085010683114913,0.008277926068028726,0.004227780475766555,0.034708757110737634,0.11085010683114913,0.0005734006503476807,0.00422777843559481,6.928395418199449,16436.881497721708
6014.087963297177,10.0,0.0,1.0,pro,3.0,284,7.822476274703558,106.21249709635144,213.26007561794376,6.941622349245002e-09,38.207890378861194,3.675431823368639,2.7498641507832033,0.03207580314529091,0.006836046193044536,0.003973000840165637,0.007641578075772239,0.03207580314529091,0.0005499727787940605,0.003972998922941196,2.849823461139654,1231.8967774101288
6014.087963297177,10.0,0.0,1.0,rad,1.0,95,7.822476274703558,35.68332254067295,62.89818764785471,3.354254044030599e-09,83.3145864608525,4.097622637729643,2.8632117944573845,0.07010194297841747,0.016850049814638602,0.004222397923199832,0.0166629172921705,0.07010194297841747,0.0005726423054117641,0.004222395885625509,30.061366124331844,4650.82349880606
6014.087963297177,10.0,0.0,1.0,rad,3.0,284,7.822476274703558,91.60232149806038,178.00898486940883,6.795978901155774e-09,51.62643992717586,3.6443001253013496,2.7269177414650283,0.0417135508409165,0.007544203306075339,0.0039263670153471585,0.010325287985435172,0.0417135508409165,0.0005453834973590237,0.003926365120626491,1.5609166743080656,2145.704597535838
6014.087963297177,10.0,0.0,1.0,nor,1.0,95,7.822476274703558,33.95750234463513,61.6662369041265,903.2918108391458,66.58022488947852,3.683385762340391,3.5818096477289356,0.05530263405032784,0.01064574738525549,0.005226116813825468,0.013316044977895703,0.05530263405032784,0.0007163618626439422,0.005226114291893234,47.071743389664455,3302.196650684101
6014.087963297177,10.0,0.0,1.0,nor,3.0,284,7.822476274703558,90.21601139110466,174.79306346725951,903.2918108352117,49.89580735991044,3.6248712703248316,2.7808663574817243,0.04194931886358334,0.008926172444595218,0.004106145087136514,0.009979161471982089,0.04194931886358334,0.0005561732195546986,0.004106143105661545,1.6710750963070353,2029.2908608882747
6014.087963297177,10.0,0.0,1.0,perp_los,1.0,95,7.822476274703558,30.53884887287016,54.63337174091697,6.670012136979693e-09,154.1723641331699,3.785671122420138,2.7549799641996815,0.13813073662897002,0.019554381999487565,0.0039996493825699714,0.03083447282663398,0.13813073662897002,0.0005509959413818019,0.003999647452485922,8.77885214957369,23170.493386824513
6014.087963297177,10.0,0.0,1.0,perp_los,3.0,284,7.822476274703558,86.37578648352799,165.66972765427033,7.095434585153648e-09,48.107382258931665,3.7929436646112307,2.701346170691465,0.042221895241096256,0.01093785254905983,0.0038727602052371773,0.009621476451786333,0.042221895241096256,0.0005402691836819426,0.0038727583363851893,1.7976313128764478,1898.8036710330275
6014.087963297177,10.0,0.00752253,0.0,none,1.0,95,7.822476274703808,33.9600684018217,61.65899988612305,902.8993437334614,455.9929939755487,3.9604799432983344,2.826370375249916,0.3784465230258927,0.062230658508238154,0.0589008744168968,0.09119859879510973,0.3784465230258927,0.0005652740222584026,0.058900845993495814,1.0,156073.74475953754
6014.087963297177,10.0,0.00752253,0.0,none,3.0,284,7.822476274703808,90.21690680067891,174.78961042005048,902.8993437334614,64.48897389031852,3.6318458760432506,2.720384848437372,0.0540265152812474,0.01059683152014985,0.009181905208604126,0.012897794778063704,0.0540265152812474,0.0005440769188755154,0.009181900777753545,1.0,3425.559379715985
6014.087963297177,10.0,0.00752253,1.0,pro,1.0,95,7.822476274703808,39.19494727654175,78.69369995385196,903.3654931400123,173.184140221808,4.91318703626606,2.8761314931823883,0.11061975398917008,0.00827245732424429,0.020462943961784563,0.0346368280443616,0.11061975398917008,0.0005752262449154478,0.020462934087118568,6.932663238397453,16592.301775351854
6014.087963297177,10.0,0.00752253,1.0,pro,3.0,284,7.822476274703808,106.21604514240313,213.2600786296722,903.2668217843108,38.12944999742173,3.675973170644484,2.7525159985381613,0.03199885884707729,0.006828529688659516,0.006209767992217714,0.007625889999484346,0.03199885884707729,0.0005505031482955203,0.00620976499561151,2.860552033130563,1245.51587538314
6014.087963297177,10.0,0.00752253,1.0,rad,1.0,95,7.822476274703808,35.690619218948726,62.89819578554913,902.8641918637774,83.31066111650883,4.098119868191855,2.8664208979070214,0.07009462799322427,0.016850795000993374,0.011648632712006756,0.016662132223301766,0.07009462799322427,0.0005732841260417511,0.011648627090803984,29.958162933555368,4720.113188365918
6014.087963297177,10.0,0.00752253,1.0,rad,3.0,284,7.822476274703808,91.60603084179448,178.0089881501055,902.9946849482935,51.61237504715236,3.6447555689950755,2.729445871056725,0.04169722656809364,0.007542115374420255,0.007556974194117658,0.010322475009430473,0.04169722656809364,0.0005458891232301422,0.007556970547399168,1.5612169027683995,2180.1546275272594
6014.087963297177,10.0,0.00752253,1.0,nor,1.0,95,7.822476274703808,33.969779206609495,61.66664249676614,1458.6820179110337,66.34663910232027,3.6838100106229095,3.587775609710014,0.05511274875489981,0.010619315415136018,0.012419389203700964,0.013269327820464053,0.05511274875489981,0.0007175550549287244,0.012419383210559387,47.23658412539652,3368.3959095628366
6014.087963297177,10.0,0.00752253,1.0,nor,3.0,284,7.822476274703808,90.21675594716824,174.79298581053288,902.6719560262217,49.69044937152828,3.624538057095142,2.7799934511292332,0.041648218338328206,0.008864813131443926,0.006455917394390192,0.009938089874305656,0.041648218338328206,0.0005559986383005047,0.006455914279001318,1.6843218592126732,2016.436842669077
6014.087963297177,10.0,0.00752253,1.0,perp_los,1.0,95,7.822476274703808,30.54672099598535,54.63333061626263,902.770624763953,154.28060920651149,3.7863511103209166,2.758147026150923,0.13822419872143177,0.019563473515719066,0.020814689595794113,0.030856121841302295,0.13822419872143177,0.0005516293537128951,0.02081467955138858,8.735618310958554,23604.749330299008
6014.087963297177,10.0,0.00752253,1.0,perp_los,3.0,284,7.822476274703808,86.3795997833881,165.66970675789543,902.8810422725484,48.10004729654085,3.793394460171322,2.704430959607542,0.042216223684491,0.010936703426930159,0.0075162357425191005,0.00962000945930817,0.042216223684491,0.0005408861414075397,0.007516232115459493,1.7975456428353505,1934.6406819453932
6014.087963297177,10.0,0.04169392,0.0,none,1.0,95,7.822476274703683,34.180512506368544,61.65924551704938,5004.3548900590995,435.15255461256453,3.962202790621417,2.950602719528237,0.36080702128614883,0.059411296530396056,0.310748738870206,0.0870305109225129,0.36080702128614883,0.0005901204887936272,0.3107485889142656,1.0,212643.7709602176
6014.087963297177,10.0,0.04169392,0.0,none,3.0,284,7.822476274703683,90.32745816151119,174.7897088103548,5004.3548900590995,64.18238623149003,3.645768889736894,2.7909038573701364,0.053656864090116226,0.010531176820182486,0.04598607283507345,0.012836477246298005,0.053656864090116226,0.0005581807193448983,0.04598605064388188,1.0,5320.037953390058
6014.087963297177,10.0,0.04169392,1.0,pro,1.0,95,7.822476274703683,39.405064478527144,78.69390429491808,5006.938541373767,163.96663195950612,4.781303082117087,3.1041793567658944,0.10470883437295253,0.008136631550179291,0.10519982613807971,0.032793326391901224,0.10470883437295253,0.0006208358133726198,0.10519977537250327,7.043234092415692,21251.090173186203
6014.087963297177,10.0,0.04169392,1.0,pro,3.0,284,7.822476274703683,106.32072180251103,213.26016788041426,5006.39165152683,36.14199596299193,3.6923262540370825,2.826357695445364,0.030050578505863595,0.00663846422842676,0.0253026109779735,0.007228399192598385,0.030050578505863595,0.0005652714862977291,0.025302598767861766,3.1536061451259894,1661.6849546025696
6014.087963297177,10.0,0.04169392,1.0,rad,1.0,95,7.822476274703683,35.90526932181919,62.89843770576381,5004.160059455998,83.24991024279029,4.112934093023071,2.9572905864463164,0.06993747377972753,0.016880906612131395,0.06028455546004223,0.016649982048558058,0.06993747377972753,0.0005914580620523256,0.06028452636892754,27.32219125131164,6959.555674578429
6014.087963297177,10.0,0.04169392,1.0,rad,3.0,284,7.822476274703683,91.7154977817482,178.00908562940106,5004.883322469235,51.23635335309984,3.6583032156656725,2.80009911758682,0.04126534415165393,0.0074869092714706775,0.035720171380647724,0.010247270670619967,0.04126534415165393,0.0005600197712164839,0.03572015414340355,1.5691891445871002,3296.516303868118
6014.087963297177,10.0,0.04169392,1.0,nor,1.0,95,7.822476274703683,34.21156913722321,61.66869296064627,5349.038717921885,65.80631089021675,3.700318741038557,3.681080152005322,0.05462375081614506,0.010563210214264807,0.05027924749530668,0.01316126217804335,0.05462375081614506,0.0007362159616450226,0.050279223232386525,43.72682909840852,5141.26973401045
6014.087963297177,10.0,0.04169392,1.0,nor,3.0,284,7.822476274703683,90.313699311686,174.79271637188552,5003.09458484137,49.62324547262602,3.63615835450221,2.83469310261859,0.04099029003791316,0.008674216331584675,0.0342121264896063,0.009924649094525204,0.04099029003791316,0.0005669385675766837,0.034212109980089264,1.6728669068303395,2984.50729488755
6014.087963297177,10.0,0.04169392,1.0,perp_los,1.0,95,7.822476274703683,30.778306543448682,54.63210834957537,5003.641220146605,157.48940393052376,3.8061900283474204,2.846089129816295,0.14099169028187952,0.019838605656365242,0.11555370872198317,0.03149788078610475,0.14099169028187952,0.0005692177728033672,0.11555365296000288,7.634496429724742,38311.8528969756
6014.087963297177,10.0,0.04169392,1.0,perp_los,3.0,284,7.822476274703683,86.49214776418364,165.66908607685193,5004.253407352283,47.893235247202114,3.8068948453204023,2.7903136566113735,0.042052767955151,0.010904494368828028,0.03577390710136797,0.009578647049440423,0.042052767955151,0.0005580626792041697,0.03577388983819291,1.7959050389261624,3115.9236662006588
6014.087963297177,10.0,0.1,0.0,none,1.0,95,7.822476274703318,35.208501240283994,61.660452135560284,12002.596040479615,375.9691620583348,4.005876162707989,3.3854704813033534,0.3106587333091679,0.051450826130234155,0.6436369300134953,0.07519383241166697,0.3106587333091679,0.0006770940330260928,0.6436366194179272,1.0,518596.1530637799
6014.087963297177,10.0,0.1,0.0,none,3.0,284,7.822476274703318,90.85165009896569,174.79019219789984,12002.596040479615,63.12837384967277,3.712214468592909,3.0562114068586848,0.05244356704463197,0.010318164947834205,0.10807230386510604,0.012625674769934554,0.05244356704463197,0.000611242224287134,0.10807225171337724,1.0,18801.44142376867
6014.087963297177,10.0,0.1,1.0,pro,1.0,95,7.822476274703318,40.38324846846559,78.69490807819231,12008.79274789427,140.0330416360832,4.48228206326671,3.6803130225565917,0.08925526946931914,0.007841246065818723,0.21579083242319724,0.028006608327216638,0.08925526946931914,0.0007360625357696052,0.21579072829045864,7.208475132735795,45070.01610174524
6014.087963297177,10.0,0.1,1.0,pro,3.0,284,7.822476274703318,106.81624569718703,213.26060629358435,12007.481070752234,30.90912034760481,3.773154824497514,3.0966609351657217,0.024958046817562807,0.006140210299912572,0.05081880964617443,0.006181824069520962,0.024958046817562807,0.000619332129193016,0.050818785122881384,4.17134310763711,3932.0678321543223
6014.087963297177,10.0,0.1,1.0,rad,1.0,95,7.822476274703318,36.906374563208004,62.89962607958322,12002.128752866696,83.66776876339243,4.183950742522406,3.309851167873248,0.0699729045695314,0.01711426687363751,0.1451762654357713,0.016733553752678487,0.0699729045695314,0.0006619701717525062,0.14517619537903195,20.192406194311943,22312.637375748684
6014.087963297177,10.0,0.1,1.0,rad,3.0,284,7.822476274703318,92.23445272730477,178.00956452565777,12003.863448744523,50.02406630068541,3.7232576962475714,3.0598532476243814,0.03993669986714221,0.007318768060863769,0.08308527463387462,0.010004813260137082,0.03993669986714221,0.0006119705923722502,0.08308523453996938,1.5925432000693063,11005.09618605375
6014.087963297177,10.0,0.1,1.0,nor,1.0,95,7.822476274703318,35.272634574974695,61.67297882610611,12307.86789950283,66.13373834939159,3.7827091692311594,4.017538321012875,0.054698266399681124,0.010672107006647379,0.11667930941751406,0.013226747669878318,0.054698266399681124,0.0008035075891620921,0.11667925311236016,32.31902892780416,17062.309518759426
6014.087963297177,10.0,0.1,1.0,nor,3.0,284,7.822476274703318,90.81501379586024,174.79257212817998,11999.573286350778,51.68626662170745,3.7022374134820715,3.072013866179367,0.04200700777262102,0.008639954149013763,0.08647740036291339,0.01033725332434149,0.04200700777262102,0.0006144027158561086,0.08647735863209273,1.4917597241461886,11600.85851891759
6014.087963297177,10.0,0.1,1.0,perp_los,1.0,95,7.822476274703318,31.858348448474228,54.626105398729365,12000.881525443563,172.8536711646886,3.8936710097410563,3.166746214916592,0.15420625584502284,0.02126667066445374,0.3031564290496497,0.034570734232937717,0.15420625584502284,0.0006333491838341215,0.30315628275747947,4.7309377474235195,163083.81641148208
6014.087963297177,10.0,0.1,1.0,perp_los,3.0,284,7.822476274703318,87.02600377357561,165.66603666623124,12002.352097979496,47.06732612098117,3.8734136800103705,3.102747750049475,0.04135099117984918,0.010786161040851588,0.08404020445207466,0.009413465224196234,0.04135099117984918,0.0006205494920560758,0.08404016389735533,1.7989129608897503,11757.23490243793
6014.087963297177,10.0,0.25,0.0,none,1.0,95,7.82247627470344,40.55612110239599,61.66811925639918,30006.41012187,262.8316976370842,4.355789005099696,4.457732350176937,0.21429131890247605,0.03659837583479307,1.1248534408156865,0.052566339527416836,0.21429131890247605,0.0008915463867728616,1.1248528980026855,1.0,2332139.327238441
6014.087963297177,10.0,0.25,0.0,none,3.0,284,7.82247627470344,93.76753494871565,174.79326395750385,30006.41012187,59.363340693368954,4.018422215315501,3.7991184920895664,0.04848178288182516,0.00972937534704257,0.2536325267159124,0.01187266813867379,0.04848178288182516,0.000759823627457125,0.2536324043221605,1.0,192904.78424276577
6014.087963297177,10.0,0.25,1.0,pro,1.0,95,7.82247627470344,45.45386256365762,78.70128649662648,30021.901849110713,114.33026292538291,4.428238642561529,4.529093553881001,0.0717548443701058,0.007922095192457275,0.4437865708496102,0.022866052585076582,0.0717548443701058,0.0009058186261807738,0.4437863566944931,5.284854997192065,242603.55493549487
6014.087963297177,10.0,0.25,1.0,pro,3.0,284,7.82247627470344,109.55696668499463,213.26339236260077,30018.622664996077,22.897134762380563,4.1581087252783115,3.808544700728232,0.017312668396236953,0.005464020051310773,0.0904443411054537,0.004579426952476113,0.017312668396236953,0.0007617088690087932,0.09044429746033299,6.721626643141271,20451.945906134184
6014.087963297177,10.0,0.25,1.0,rad,1.0,95,7.82247627470344,42.12125130715762,62.90717734684698,30005.241905959076,86.0364050975558,4.524312852127801,4.33331163583021,0.07111887597855299,0.018015759977554793,0.374975592189584,0.01720728101951116,0.07111887597855299,0.0008666622462274742,0.3749754112401206,9.332348940194857,215952.3130752468
6014.087963297177,10.0,0.25,1.0,rad,3.0,284,7.82247627470344,95.1200239316943,178.01260763652675,30009.578634077996,46.768239537885925,4.027877410090061,3.7448595721798212,0.03665166029698847,0.0069600653113176284,0.19329916728913762,0.009353647907577185,0.03665166029698847,0.0007489718444886362,0.19329907401005142,1.6111449756328902,107497.0490444103
6014.087963297177,10.0,0.25,1.0,nor,1.0,95,7.82247627470344,40.68000714438294,61.688564895439654,30293.36572618584,68.61319982498571,4.183436380049322,5.0125177576050435,0.056105898739419985,0.011422338571497324,0.2994720335443521,0.013722639964997143,0.056105898739419985,0.0010025034578960764,0.299471889030136,14.673716816622356,166057.51928735536
6014.087963297177,10.0,0.25,1.0,nor,3.0,284,7.82247627470344,93.67663265169239,174.79402922568298,29998.8532566903,56.11455815477572,4.012299433505717,3.7281546604492446,0.04493880283533271,0.00888261994315115,0.2361716404446229,0.011222911630955144,0.04493880283533271,0.000745630862454539,0.2361715264768541,1.1191429694933825,163226.76961543536
6014.087963297177,10.0,0.25,1.0,perp_los,1.0,95,7.82247627470344,37.46447309051837,54.58800824880723,30002.078954706227,250.24157094126647,4.226817396684085,4.192459462917236,0.21998238226628875,0.029580421571437154,1.0894104747128557,0.05004831418825329,0.21998238226628875,0.0008384918142757479,1.0894099490033298,1.1031550688372833,3171091.81048537
6014.087963297177,10.0,0.25,1.0,perp_los,3.0,284,7.82247627470344,89.99844184316085,165.64664553558947,30005.791629497216,44.23362032100628,4.198956353660948,3.92238705753544,0.038626414372123115,0.010542649936530939,0.1985456308302104,0.008846724064201256,0.038626414372123115,0.0007844773382438617,0.1985455350193734,1.8010745702050275,129159.73622829092
6014.087963297177,10.0,1.0,0.0,none,1.0,95,7.82247627470281,86.71227859065793,129.1979635288449,120019.92776476213,90.25103120210575,5.995183052842908,6.544117112096706,0.058486077181340454,0.0156597372950142,1.5513438254595673,0.01805020624042115,0.058486077181340454,0.0013088233001868523,1.5513430768379541,1.0,4166974.6368250386
6014.087963297177,10.0,1.0,0.0,none,3.0,284,7.82247627470281,125.96773742766202,201.09939291499728,120019.92776476213,37.01681315061374,5.44584520864771,5.990610262449661,0.024078708150050084,0.007883889333554888,0.62500983791171,0.007403362630122748,0.024078708150050084,0.0011981219405959686,0.6250095363048932,1.0,2751115.2020691787
6014.087963297177,10.0,1.0,1.0,pro,1.0,95,7.82247627470281,89.96716550747067,133.80418091441715,120081.89172436,94.32320983494772,5.866948970977736,6.206444197437879,0.04393212562893111,0.009946171120030416,1.497525546462617,0.018864641966989542,0.04393212562893111,0.0012412887235622174,1.4975248238117307,0.9155186647901218,3108299.7231713324
6014.087963297177,10.0,1.0,1.0,pro,3.0,284,7.82247627470281,139.7140314135231,229.2399164543802,120068.77561222804,18.895240521368848,5.735369736951717,5.673606127410131,0.01149502442041074,0.006156330147316926,0.26527058159163525,0.0037790481042737694,0.01149502442041074,0.001134721119509137,0.265270453581785,3.837896022530896,360088.02681530034
6014.087963297177,10.0,1.0,1.0,rad,1.0,95,7.82247627470281,87.64677285554572,130.52209260272488,120015.2551235323,63.95542489911561,6.0658590393123015,6.616612357222767,0.04236277217028147,0.015748388984469848,1.1275192483594105,0.012791084979823123,0.04236277217028147,0.001323322347857982,1.1275187042599886,1.9913590332393012,2030124.8906508982
6014.087963297177,10.0,1.0,1.0,rad,3.0,284,7.82247627470281,127.05673145643134,201.870543047077,120032.60121037021,33.841202784273925,5.44726688552342,5.803723788997578,0.021518864521978064,0.006855576957432033,0.5437393252404287,0.006768240556854785,0.021518864521978064,0.0011607446493962594,0.5437390628517795,1.1964828359657385,2016194.2311625935
6014.087963297177,10.0,1.0,1.0,nor,1.0,95,7.82247627470281,86.92597864843117,129.4559540327816,120297.52702579997,59.45183024861555,5.920010551707204,6.976136884776054,0.038817099887497895,0.012138142879953117,1.0356790511042526,0.01189036604972311,0.038817099887497895,0.0013952272466533594,1.0356785513235405,2.3044850097643272,1857448.7695317592
6014.087963297177,10.0,1.0,1.0,nor,3.0,284,7.82247627470281,125.7215146033204,200.65406334388626,119989.70174276736,40.49524085281105,5.44732482737414,5.8402424720452135,0.02609123619530506,0.00810487842060627,0.6806849260992528,0.00809904817056221,0.02609123619530506,0.0011680483853236823,0.680684597625681,0.8355839334998295,3258034.6342915017
6014.087963297177,10.0,1.0,1.0,perp_los,1.0,95,7.82247627470281,84.73260998043737,126.5995700127025,119999.43649901786,106.30214144984133,5.94434407654514,6.547645224465339,0.07627522060652787,0.015876634229464823,1.844109601385558,0.021260428289968266,0.07627522060652787,0.00130952892259468,1.8441087114859227,0.7208091961216044,7025120.612183627
6014.087963297177,10.0,1.0,1.0,perp_los,3.0,284,7.82247627470281,122.69725349096781,195.96805875463977,120016.82980762058,31.954328524684147,5.562289877832376,6.0940412588923065,0.022233306560904977,0.00940125721005524,0.5831896814245654,0.006390865704936829,0.022233306560904977,0.0012188081379525902,0.5831893999986217,1.3419571906270542,2632620.398079065
30070.43981648589,50.0,0.0,0.0,none,1.0,95,30.485090788119447,150.68725908648295,287.6446521501714,6.725590795387533e-09,416.16828043055676,13.631752187108189,11.011715359169147,0.15169994364239162,0.20821462278418956,0.016862425800479138,0.08323365608611136,0.15169994364239162,0.002202342866154537,0.01686241766329111,1.0,5142.111537389967
30070.43981648589,50.0,0.0,0.0,none,3.0,284,30.485090788119447,430.2849442273916,851.2251088553975,1.169049043492314e-08,54.294726030334566,12.918678072718267,10.717630202088053,0.035347512374171476,0.03289343738069074,0.01615354397276973,0.010858945206066914,0.035347512374171476,0.002143525840231307,0.01615353617766206,1.0,107.03386252861112
30070.43981648589,50.0,0.0,1.0,pro,1.0,95,30.485090788119447,155.91805079641796,304.7129633170541,7.677083194706942e-09,423.2612870760414,13.51287326018139,11.048123647144887,0.12866099691158028,0.21111402951137476,0.01694043342712069,0.08465225741520828,0.12866099691158028,0.002209624523069643,0.016940425252289042,0.9667648584556688,5007.213091568615
30070.43981648589,50.0,0.0,1.0,pro,3.0,284,30.485090788119447,446.2811716997384,889.4781714088391,7.953967435947407e-09,56.2316022960383,12.916114921180132,10.740607816985555,0.03564715110104166,0.034058385089781325,0.016205321320111883,0.011246320459207659,0.03564715110104166,0.0021481213627816266,0.01620531350001837,0.932297188665989,115.36874688450254
30070.43981648589,50.0,0.0,1.0,rad,1.0,95,30.485090788119447,152.4274226726545,288.9050265356895,4.710952485910467e-09,342.46072432538153,13.8698993184662,11.04531143314674,0.13030231789227842,0.16835633640552353,0.016935984495502987,0.06849214486507631,0.13030231789227842,0.0022090620803225406,0.016935976322818232,1.4767820679860073,3397.5124727833822
30070.43981648589,50.0,0.0,1.0,rad,3.0,284,30.485090788119447,431.67306429495426,854.3883864707461,1.1279318372015128e-08,54.250984818038404,12.914413826909954,10.723774524209862,0.03495991638382551,0.03307104631557001,0.01616761619472717,0.010850196963607681,0.03495991638382551,0.002144754704540904,0.016167608392828766,1.0016132000613704,107.09267430423921
30070.43981648589,50.0,0.0,1.0,nor,1.0,95,30.485090788119447,150.68865113908998,287.64710390641415,907.9391131612541,386.70790018306644,13.55334911522532,11.397968757305723,0.14126359223406357,0.19365281901197753,0.017495062480953852,0.07734158003661329,0.14126359223406357,0.0022795935385673247,0.017495054038478574,1.1581688047077283,4441.8904747250535
30070.43981648589,50.0,0.0,1.0,nor,3.0,284,30.485090788119447,430.28637945441966,851.2278304797459,908.0372165350446,54.260672424979596,12.91860521232662,10.718358514030529,0.03533918243488584,0.0328803371070581,0.01615581363961464,0.01085213448499592,0.03533918243488584,0.0021436715026061986,0.016155805843411718,1.001255579399618,106.92593714144769
30070.43981648589,50.0,0.0,1.0,perp_los,1.0,95,30.485090788119447,146.82226043370088,278.9891866933873,6.392383433299387e-09,500.7469538684078,13.402222047554988,10.96302996926268,0.18957877761136538,0.255102636961979,0.016755800990769697,0.10014939077368155,0.18957877761136538,0.0021926057890826003,0.01675579290503489,0.690718868503894,7861.261724445738
30070.43981648589,50.0,0.0,1.0,perp_los,3.0,284,30.485090788119447,426.0207580182905,841.1752236888625,8.710337333493047e-09,53.88798681061327,12.925243864499922,10.70699350705904,0.03566879214552566,0.032462979247727584,0.016129380306768117,0.010777597362122655,0.03566879214552566,0.002141398501424179,0.01612937252332095,1.0151526991499549,105.1864874845752
30070.43981648589,50.0,0.00752253,0.0,none,1.0,95,30.485090788119223,150.68908541766245,287.6446553713288,905.9689439674412,416.1218416662551,13.63188542291014,11.013418415033499,0.15168122692319003,0.20819099432312388,0.02218842456824963,0.08322436833325102,0.15168122692319003,0.0022026834772955976,0.02218841386093,1.0,5146.722113185431
30070.43981648589,50.0,0.00752253,0.0,none,3.0,284,30.485090788119223,430.2858141297498,851.2251108123369,906.0589992600578,54.29391526520373,12.91885526342712,10.718378862920682,0.03534580317286795,0.03289275082712254,0.016263382720633983,0.010858783053040746,0.03534580317286795,0.0021436755723838494,0.016263374872522166,1.0,107.14969013450977
30070.43981648589,50.0,0.00752253,1.0,pro,1.0,95,30.485090788119223,155.91985786677446,304.7129664545438,906.2843601433141,423.216642288821,13.51304406219298,11.049386868795498,0.12864619641845754,0.21109130372119175,0.022100440446177615,0.0846433284577642,0.12864619641845754,0.0022098771673761705,0.022100429781315895,0.9667530464196304,5011.514789485273
30070.43981648589,50.0,0.00752253,1.0,pro,3.0,284,30.485090788119223,446.28203171820184,889.4781733540389,906.4379195897912,56.23051389944628,12.916291000746769,10.741357484073959,0.035645266342137195,0.03405755502208885,0.01632088713534743,0.011246102779889256,0.035645266342137195,0.002148271296185305,0.016320879259486092,0.932305435823873,115.48940815431865
30070.43981648589,50.0,0.00752253,1.0,rad,1.0,95,30.485090788119223,152.42923841408881,288.90502975543205,906.007799669069,342.4312404121868,13.870014037133208,11.046839686526143,0.130289535287143,0.16834139476951787,0.020727687087443335,0.06848624808243736,0.130289535287143,0.0022093677309698765,0.02072767708502202,1.4767067695706564,3400.7370398023636
30070.43981648589,50.0,0.00752253,1.0,rad,3.0,284,30.485090788119223,431.6739324958605,854.3883884230651,905.9689439674412,54.25017019741688,12.914591130384384,10.72451989647057,0.034958216786126844,0.03307035437989516,0.016275407420971055,0.010850034039483376,0.034958216786126844,0.002144903778979123,0.01627539956705656,1.0016133665470146,107.20663148134263
30070.43981648589,50.0,0.00752253,1.0,nor,1.0,95,30.485090788119223,150.69157822294963,287.6471933521375,1468.5743322758374,385.65297839729027,13.551060445213867,11.430750036527675,0.14089067792664695,0.19313273177044324,0.024672545302575104,0.07713059567945806,0.14089067792664695,0.002286149793799419,0.02467253339650995,1.164253746912458,4426.217539408497
30070.43981648589,50.0,0.00752253,1.0,nor,3.0,284,30.485090788119223,430.28662308643237,851.2278142026566,905.9689439674412,54.25444529834007,12.918795720714867,10.71882758204012,0.035331314213923284,0.032876701454548324,0.016235561409864093,0.010850889059668014,0.035331314213923284,0.0021437653161993555,0.016235553575177822,1.0014555240144951,106.95058456355511
30070.43981648589,50.0,0.00752253,1.0,perp_los,1.0,95,30.485090788119223,146.8241027055955,278.9891779588463,905.9286178068131,500.6725834134832,13.402370425195029,10.965295850961496,0.18954831500861846,0.25506446298511326,0.024225683098456897,0.10013451668269664,0.18954831500861846,0.002193058965380041,0.024225671408031047,0.690769897015773,7867.900458595442
30070.43981648589,50.0,0.00752253,1.0,perp_los,3.0,284,30.485090788119223,426.0216292550523,841.1752202524821,906.0825871757185,53.88722602685794,12.925421016014322,10.70774603424738,0.03566710891414651,0.03246232208160671,0.016239879822352456,0.010777445205371588,0.03566710891414651,0.002141549006847791,0.016239871985582275,1.015151044844155,105.30294373287451
30070.43981648589,50.0,0.04169392,0.0,none,1.0,95,30.48509078811882,150.74332546366222,287.6447511029297,5021.368269315284,414.75483134546937,13.635856925353217,11.063618541866806,0.15113021393237264,0.20749547416889963,0.08142929479677755,0.08295096626909387,0.15113021393237264,0.0022127235017246095,0.08142925550198743,1.0,5284.193617356516
30070.43981648589,50.0,0.04169392,0.0,none,3.0,284,30.48509078811882,430.31165447199817,851.225168826299,5021.867404280473,54.2700009650923,12.924117889992912,10.740543013178685,0.035295363341809056,0.03287249219494771,0.019239420688959567,0.01085400019301846,0.035295363341809056,0.0021481084020214627,0.019239411404721015,1.0,110.61697159052525
30070.43981648589,50.0,0.04169392,1.0,pro,1.0,95,30.48509078811882,155.97352561976626,304.7130599043528,5023.116475778369,421.9011671187553,13.518121432754542,11.086705032297514,0.1282100814372979,0.2104216863529243,0.08022757819798902,0.08438023342375106,0.1282100814372979,0.002217340799379537,0.08022753948310324,0.9664100858880046,5139.744466373324
30070.43981648589,50.0,0.04169392,1.0,pro,3.0,284,30.48509078811882,446.3075782619182,889.4782309122871,5023.967584996824,56.19840665793404,12.921520838871153,10.76355097762835,0.03558964157407535,0.03403306508234683,0.01943889120626795,0.011239681331586808,0.03558964157407535,0.0021527099944816477,0.019438881825772244,0.9325489843461543,119.09956715479846
30070.43981648589,50.0,0.04169392,1.0,rad,1.0,95,30.48509078811882,152.48316386607314,288.90512531493795,5021.583628562033,341.5627173213665,13.873436911899518,11.09195016559028,0.1299129448918463,0.16790126682716108,0.06819834295489645,0.0683125434642733,0.1299129448918463,0.00221838982594012,0.06819831004487825,1.4744905294720534,3496.959790456265
30070.43981648589,50.0,0.04169392,1.0,rad,3.0,284,30.48509078811882,431.69972227314196,854.3884463918438,5021.368269315284,54.2261391906198,12.919857177714213,10.74658677636543,0.03490805877637568,0.03304993476951095,0.019200487341726916,0.01084522783812396,0.03490805877637568,0.002149317154545925,0.01920047807627617,1.001618389740246,110.61762043728494
30070.43981648589,50.0,0.04169392,1.0,nor,1.0,95,30.48509078811882,150.75081298103564,287.64768071665833,5373.301943940645,380.1146312502808,13.545004301379521,11.608793414719699,0.13888136199418172,0.19038614354047034,0.07938826741466791,0.07602292625005616,0.13888136199418172,0.0023217584661122895,0.07938822910480273,1.1905667077962703,4459.933577346904
30070.43981648589,50.0,0.04169392,1.0,nor,3.0,284,30.48509078811882,430.30961882985963,851.227789397907,5021.368269315284,54.206425805873195,12.92411804173619,10.739723769420353,0.03525323274321869,0.03284329353228078,0.019091984361737986,0.010841285161174639,0.03525323274321869,0.0021479445532850984,0.019091975148646797,1.0023470442789495,109.99054863394807
30070.43981648589,50.0,0.04169392,1.0,perp_los,1.0,95,30.48509078811882,146.87881631929815,278.9889185305703,5021.144760800935,498.48675977506997,13.406790855773435,11.031867126301856,0.18865289232920548,0.25394254186178883,0.09798691820000159,0.09969735195501399,0.18865289232920548,0.0022063732192046798,0.0979868709151099,0.6922702241894851,8065.680864010465
30070.43981648589,50.0,0.04169392,1.0,perp_los,3.0,284,30.48509078811882,426.0475094290042,841.1751184095419,5021.998131555325,53.864788882996805,12.930682400802521,10.73002460857093,0.03561743796727924,0.032442931720800296,0.01923225216884945,0.010772957776599361,0.03561743796727924,0.002146004721296377,0.019232242888070163,1.015102119507549,108.78968513928075
30070.43981648589,50.0,0.1,0.0,none,1.0,95,30.485090788119194,151.0087164335058,287.645221372052,12043.401443566641,408.3414548038423,13.655707081803987,11.29927625400401,0.14854743246331825,0.20423249494890666,0.18880316914396783,0.08166829096076846,0.14854743246331825,0.002259855039750383,0.18880307803448537,1.0,5970.136297348326
30070.43981648589,50.0,0.1,0.0,none,3.0,284,30.485090788119194,430.43823381353906,851.2254537990751,12044.598583954792,54.156519999888374,12.949881556574166,10.847064243348791,0.03505716061046194,0.03277632361868738,0.029745116421223027,0.010831303999977674,0.03505716061046194,0.0021694126460658565,0.029745102067321158,1.0,128.32694497785886
30070.43981648589,50.0,0.1,1.0,pro,1.0,95,30.485090788119194,156.2361074849335,304.7135189549979,12047.594394782445,415.6973506940942,13.543130990836492,11.26401004796564,0.126156011494306,0.2072634118306782,0.1860441564879027,0.08313947013881884,0.126156011494306,0.0022528017992014186,0.18604406670981855,0.9649224926367233,5778.662531129961
30070.43981648589,50.0,0.1,1.0,pro,3.0,284,30.485090788119194,446.4327148742114,889.4785136805154,12049.635720890392,56.046295518468234,12.947128026768413,10.870201394079755,0.03532686399409789,0.03391703228266936,0.030328147913077568,0.011209259103693647,0.03532686399409789,0.0021740400757798884,0.03032813327782609,0.9337006784873826,137.48909725996967
30070.43981648589,50.0,0.1,1.0,rad,1.0,95,30.485090788119194,152.7470153516961,288.9055947606809,12043.917967695294,337.4698783562846,13.890615125627313,11.30531161995444,0.12814044081475148,0.16582730649620922,0.15740459442348678,0.06749397567125692,0.12814044081475148,0.002261062112827739,0.1574045184658045,1.4641208102939884,3979.4217375903777
30070.43981648589,50.0,0.1,1.0,rad,3.0,284,30.485090788119194,431.8260534414925,854.3887311882319,12043.401443566641,54.11206953951039,12.945638459851187,10.85264301850929,0.03467115922056217,0.03295296585032148,0.029564039076838126,0.010822413907902078,0.03467115922056217,0.002170528400993755,0.02956402481031754,1.0016435785107896,128.03157928541083
30070.43981648589,50.0,0.1,1.0,nor,1.0,95,30.485090788119194,151.02467007349088,287.6488192099117,12356.38529798733,368.3081592481729,13.551795787343773,12.003771184273146,0.13444570762978938,0.1844808577051944,0.1748427522395261,0.07366163184963458,0.13444570762978938,0.0024007540126454955,0.17484266786682867,1.2292048449649526,4906.098721697428
30070.43981648589,50.0,0.1,1.0,nor,3.0,284,30.485090788119194,430.43134800384547,851.2279330849316,12043.401443566641,54.05599192321484,12.949971629869504,10.844106255713351,0.03497097049882068,0.032726876138193556,0.02947036980290736,0.010811198384642968,0.03497097049882068,0.0021688210485940186,0.029470355581588125,1.003722863988386,126.8386604539512
30070.43981648589,50.0,0.1,1.0,perp_los,1.0,95,30.485090788119194,147.1465270900845,278.9876442289317,12042.865383538528,488.32539747628175,13.428843330152612,11.338941886804074,0.18449209430756477,0.24872725473856197,0.22736344455924232,0.09766507949525635,0.18449209430756477,0.002267788165569512,0.22736333484198568,0.6992433083903381,9047.602031413548
30070.43981648589,50.0,0.1,1.0,perp_los,3.0,284,30.485090788119194,426.174284157961,841.1746180962706,12044.912010754477,53.75829299028243,12.956439226434243,10.837094530140607,0.035382913215819684,0.032350873674195195,0.029784419688891783,0.010751658598056485,0.035382913215819684,0.0021674187036104364,0.029784405316023596,1.0148703378321187,126.61693161264056
30070.43981648589,50.0,0.25,0.0,none,1.0,95,30.485090788118992,152.6568679117099,287.64820976917974,30108.423357689928,376.2945269234106,13.790562891367486,12.489272304284087,0.13572000744730195,0.18793102918489338,0.43278566407126684,0.07525890538468212,0.13572000744730195,0.002497854227579385,0.4327854552247838,1.0,10614.680309331352
30070.43981648589,50.0,0.25,0.0,none,3.0,284,30.485090788118992,431.2296013590188,851.2272647881973,30111.416200679203,53.55642378248864,13.109872158485606,11.445272870450019,0.033835955353040265,0.03226842503059074,0.06339216112660925,0.010711284756497729,0.033835955353040265,0.002289054360312627,0.06339213053587808,1.0,263.80609420746515
30070.43981648589,50.0,0.25,1.0,pro,1.0,95,30.485090788118992,157.8665014089318,304.7164360498979,30118.905707795453,383.96745536491113,13.702999572065139,12.209971659613613,0.11573386529076138,0.19110179585196374,0.4276552008443121,0.07679349107298222,0.11573386529076138,0.00244199410386213,0.42765499447360233,0.9604327752056936,10064.945560957869
30070.43981648589,50.0,0.25,1.0,pro,3.0,284,30.485090788118992,447.2149330342136,889.4803106168742,30124.00900947257,55.24987449803297,13.106267625652764,11.468759636184744,0.03397691715571285,0.03331095115130378,0.06468792435141096,0.011049974899606595,0.03397691715571285,0.002293751713020881,0.064687893135392,0.9396379465524735,276.29532083717424
30070.43981648589,50.0,0.25,1.0,rad,1.0,95,30.485090788118992,154.3856012317257,288.90857790128814,30109.714664569616,316.5698540334227,14.009536987097919,12.418950991028183,0.11916156153631771,0.1552418126275885,0.36673443437128916,0.06331397080668454,0.11916156153631771,0.0024837899662416814,0.3667342573987062,1.412917133127957,7330.507350529996
30070.43981648589,50.0,0.25,1.0,rad,3.0,284,30.485090788118992,432.61585200379267,854.3905409977767,30108.423357689928,53.50808270867404,13.105761993180566,11.448301381569369,0.03345610340521147,0.032439940578199544,0.06284873497756464,0.010701616541734807,0.03345610340521147,0.00228966006247993,0.062848704649071,1.001807686161604,260.90913371826474
30070.43981648589,50.0,0.25,1.0,nor,1.0,95,30.485090788118992,152.69382909288802,287.6535266589339,30402.992672314333,331.5844908602106,13.674298443908055,13.300453774006106,0.12022635453891414,0.16593244616344657,0.38546705863251063,0.06631689817204213,0.12022635453891414,0.002660090506372359,0.3854668726202505,1.2878562354404248,8376.094902416777
30070.43981648589,50.0,0.25,1.0,nor,3.0,284,30.485090788118992,431.21029394469923,851.2293805551363,30108.423357689928,53.40445743881176,13.110048711055168,11.437137027916457,0.03367046496851038,0.032190289190281274,0.06285331733558204,0.010680891487762353,0.03367046496851038,0.002287427191957878,0.0628532870048771,1.0056992455957818,258.2956510160702
30070.43981648589,50.0,0.25,1.0,perp_los,1.0,95,30.485090788118992,148.80917417977034,278.97955070699305,30107.083363366237,439.6518739673747,13.577134267986091,12.777189268120697,0.1646323284725022,0.22375204451180605,0.509617932064302,0.08793037479347493,0.1646323284725022,0.0025554376149689293,0.5096176861413853,0.732551135948063,15537.244379689499
30070.43981648589,50.0,0.25,1.0,perp_los,3.0,284,30.485090788118992,426.9668825305569,841.1714381622826,30112.197962990893,53.19405509330329,13.116368170076067,11.438363879550483,0.03418167199640522,0.03186415033227189,0.06359448232204391,0.010638811018660658,0.03418167199640522,0.0022876725622617677,0.06359445163367995,1.013670811636405,263.677781936732
30070.43981648589,50.0,1.0,0.0,none,1.0,95,30.48509078811906,176.2181935537563,287.70156742056815,120427.96128643189,231.2736998861536,15.850550830805652,18.487728161593996,0.08159742240293846,0.11447505558227718,1.0609214168920573,0.046254739977230716,0.08159742240293846,0.003697545287000861,1.0609209049303054,1.0,90620.57136374978
30070.43981648589,50.0,1.0,0.0,none,3.0,284,30.48509078811906,443.3457504975737,851.2596022641542,120439.93208861465,49.728876740681514,15.07288746371642,15.503770000152771,0.028621351484954868,0.029604251126239586,0.22167275483922877,0.009945775348136303,0.028621351484954868,0.003100753710447657,0.2216726478680902,1.0,5842.493844170339
30070.43981648589,50.0,1.0,1.0,pro,1.0,95,30.48509078811906,181.1455490021064,304.7685210122894,120469.8886911815,235.19032042547974,15.84756298616626,17.898728456253153,0.07032763715284349,0.11547090902363973,1.0488851025574162,0.04703806408509595,0.07032763715284349,0.003579745356934161,1.0488845964039482,0.9669713547430426,80542.08081774072
30070.43981648589,50.0,1.0,1.0,pro,3.0,284,30.48509078811906,459.1729160703261,889.5123972322368,120490.30092631503,50.65794598206963,15.063285043591637,15.499201990432205,0.02810470600343634,0.03041761996343724,0.2206479841527989,0.010131589196413925,0.02810470600343634,0.0030998401085888657,0.22064787767617708,0.963656258240924,5578.9382481500925
30070.43981648589,50.0,1.0,1.0,rad,1.0,95,30.48509078811906,177.81379809695989,288.9618417611816,120433.12626810555,211.15527222044324,15.946548723209588,18.48079183400159,0.07771442814186273,0.10242211664210366,0.9756835306140771,0.042231054444088645,0.07771442814186273,0.003696158021611938,0.9756830597850019,1.1996336445603428,73468.20906495515
30070.43981648589,50.0,1.0,1.0,rad,3.0,284,30.48509078811906,444.70604535298565,854.4228575384932,120427.96128643189,49.680089216382385,15.070962281802133,15.488398186727514,0.02829441844272251,0.02974919960083513,0.21948283207867614,0.009936017843276477,0.02829441844272251,0.0030976793480497235,0.21948272616431394,1.0019650318897073,5681.953125475018
30070.43981648589,50.0,1.0,1.0,nor,1.0,95,30.48509078811906,176.3306353659567,287.71547659757215,120722.48854269995,207.8061681543004,15.76652725047054,18.923830845377065,0.07434948026486966,0.10298134259983885,0.9574454140351625,0.041561233630860075,0.07434948026486966,0.003784765815611851,0.9574449520071332,1.238612983123841,73915.50091770107
30070.43981648589,50.0,1.0,1.0,nor,3.0,284,30.48509078811906,443.26806027829224,851.2599006809647,120427.96128643189,49.78207231491838,15.072675255999826,15.475802398352133,0.028486223161117187,0.02962963507090128,0.22105372249480326,0.009956414462983676,0.028486223161117187,0.003095160190609914,0.221053615822387,0.9978640040401524,5776.804786869772
30070.43981648589,50.0,1.0,1.0,perp_los,1.0,95,30.48509078811906,172.57880283107798,278.83628642957984,120422.61292104592,248.60166344240093,15.747191435612322,18.807106865463528,0.09084276734612813,0.1258311531301466,1.1477438982652461,0.04972033268848019,0.09084276734612813,0.0037614210218093404,1.1477433444061502,0.8654548896253832,115507.5424391816
30070.43981648589,50.0,1.0,1.0,perp_los,3.0,284,30.48509078811906,439.1022117149013,841.1144683534534,120442.92990892862,49.474341281335626,15.078615151906384,15.523084831316618,0.029049607715015392,0.02925175609141638,0.2235304972223378,0.009894868256267125,0.029049607715015392,0.0031046166763196593,0.22353038935472092,1.010316063616558,6034.376936799873
