v_tol_ms,di_deg,dv_ms,dv_axis,sep_m,orbits,component,sigma_k,proj_m,floor,crlb,model,ratio
0.1,0.0,0.0,none,5000.0,1.0,pos_range,4.583688444432047,5000.383449656096,0.7653296553803369,22920.199835917905,22920.199848695487,1.0000000005574812
0.1,0.0,0.0,none,5000.0,1.0,pos_inplane,4.583688444432047,3.018384286439622e-13,0.7653296553803369,1.6673552769358477,0.7653296553803369,0.45900814659417266
0.1,0.0,0.0,none,5000.0,1.0,pos_plane,4.583688444432047,4.759970027990409e-13,0.7653296553803369,0.7629286608079429,0.7653296553803369,1.0031470761235413
0.1,0.0,0.0,none,5000.0,1.0,vel_range,4.583688444432047,0.09999210396821492,0.000848374306074888,0.4437493812831915,0.45833343666382814,1.0328655227382264
0.1,0.0,0.0,none,5000.0,1.0,vel_inplane,4.583688444432047,5.541727654028854,0.000848374306074888,25.403110406218858,25.4015530241288,0.9999386932519225
0.1,0.0,0.0,none,5000.0,1.0,vel_plane,4.583688444432047,2.605469861691593e-13,0.000848374306074888,0.0008513034998381094,0.000848374306074888,0.9965591663093382
0.1,0.0,0.0,none,5000.0,3.0,pos_range,0.5876968760828847,5000.383449656096,0.48563031544828106,2938.7097325794457,2938.7097727053556,1.000000013654261
0.1,0.0,0.0,none,5000.0,3.0,pos_inplane,0.5876968760828847,3.018384286439622e-13,0.48563031544828106,0.8130022606817034,0.48563031544828106,0.5973296003397081
0.1,0.0,0.0,none,5000.0,3.0,pos_plane,0.5876968760828847,4.759970027990409e-13,0.48563031544828106,0.48496850474270137,0.48563031544828106,1.0013646467741875
0.1,0.0,0.0,none,5000.0,3.0,vel_range,0.5876968760828847,0.09999210396821492,0.0005383252549812922,0.05670538863891123,0.05876751278442647,1.0363655764471775
0.1,0.0,0.0,none,5000.0,3.0,vel_inplane,0.5876968760828847,5.541727654028854,0.0005383252549812922,3.257073072547626,3.2568560748647415,0.9999333764769623
0.1,0.0,0.0,none,5000.0,3.0,vel_plane,0.5876968760828847,2.605469861691593e-13,0.0005383252549812922,0.0005391940286712295,0.0005383252549812922,0.9983887549866266
0.1,0.0,0.0,none,50000.0,1.0,pos_range,192.24911241446205,50000.14466852172,7.295582604883246,9612483.433117997,9612483.433120767,1.0000000000002882
0.1,0.0,0.0,none,50000.0,1.0,pos_inplane,192.24911241446205,2.468617728994599e-13,7.295582604883246,14.426376153260675,7.295582604883246,0.5057113808331059
0.1,0.0,0.0,none,50000.0,1.0,pos_plane,192.24911241446205,3.5120888826110576e-12,7.295582604883246,7.274708540905428,7.295582604883246,1.0028694021018771
0.1,0.0,0.0,none,50000.0,1.0,vel_range,192.24911241446205,0.09999860928231707,0.008087214164926068,38.92301690590063,19.224645578226628,0.49391458079171197
0.1,0.0,0.0,none,50000.0,1.0,vel_inplane,192.24911241446205,55.425093255960824,0.008087214164926068,10655.413152325002,10655.424983950323,1.0000011103863502
0.1,0.0,0.0,none,50000.0,1.0,vel_plane,192.24911241446205,2.703380870481798e-13,0.008087214164926068,0.008110005428492445,0.008087214164926068,0.997189735103468
0.1,0.0,0.0,none,50000.0,3.0,pos_range,14.317965833159004,50000.14466852172,4.2665654187553415,715900.3630169013,715900.3630296151,1.0000000000177591
0.1,0.0,0.0,none,50000.0,3.0,pos_inplane,14.317965833159004,2.468617728994599e-13,4.2665654187553415,6.698763035793187,4.2665654187553415,0.6369183976143061
0.1,0.0,0.0,none,50000.0,3.0,pos_plane,14.317965833159004,3.5120888826110576e-12,4.2665654187553415,4.262007484100762,4.2665654187553415,1.0010694337519543
0.1,0.0,0.0,none,50000.0,3.0,vel_range,14.317965833159004,0.09999860928231707,0.0047295233511641,2.896795483114206,1.4317844824569936,0.49426495270482496
0.1,0.0,0.0,none,50000.0,3.0,vel_inplane,14.317965833159004,55.425093255960824,0.0047295233511641,793.572804936719,793.5745915525921,1.0000022513572315
0.1,0.0,0.0,none,50000.0,3.0,vel_plane,14.317965833159004,2.703380870481798e-13,0.0047295233511641,0.004734602132295139,0.0047295233511641,0.998927305613201
0.1,0.0,1.0,nor,5000.0,1.0,pos_range,0.0025461094999966872,5000.383449656096,0.7697518102675025,12.731523804795593,12.754772292812088,1.0018260569883817
0.1,0.0,1.0,nor,5000.0,1.0,pos_inplane,0.0025461094999966872,3.018384286439622e-13,0.7697518102675025,0.9480690357503004,0.7697518102675025,0.8119153576810174
0.1,0.0,1.0,nor,5000.0,1.0,pos_plane,0.0025461094999966872,4.759970027990409e-13,0.7697518102675025,1.7779908480412916,0.7697518102675025,0.43293350531893515
0.1,0.0,1.0,nor,5000.0,1.0,vel_range,0.0025461094999966872,0.09999210396821492,0.000853276301649449,0.0009168629372500117,0.0008904476097677703,0.9711894478345148
0.1,0.0,1.0,nor,5000.0,1.0,vel_inplane,0.0025461094999966872,5.541727654028854,0.000853276301649449,0.014006408380037706,0.014135622320984724,1.0092253443881571
0.1,0.0,1.0,nor,5000.0,1.0,vel_plane,0.0025461094999966872,2.605469861691593e-13,0.000853276301649449,0.0012918902751777271,0.000853276301649449,0.660486666742702
0.1,0.0,1.0,nor,5000.0,3.0,pos_range,0.0016122090063152878,5000.383449656096,0.48780994877167144,8.061663232565465,8.076408398627356,1.0018290476340326
0.1,0.0,1.0,nor,5000.0,3.0,pos_inplane,0.0016122090063152878,3.018384286439622e-13,0.48780994877167144,0.5827137044612541,0.48780994877167144,0.8371348486177691
0.1,0.0,1.0,nor,5000.0,3.0,pos_plane,0.0016122090063152878,4.759970027990409e-13,0.48780994877167144,0.7196830466859241,0.48780994877167144,0.6778121994369501
0.1,0.0,1.0,nor,5000.0,3.0,vel_range,0.0016122090063152878,0.09999210396821492,0.0005407413966990859,0.0005553666437616336,0.000564259986500172,1.0160134621667258
0.1,0.0,1.0,nor,5000.0,3.0,vel_inplane,0.0016122090063152878,5.541727654028854,0.0005407413966990859,0.008915881968293437,0.008950772021953577,1.0039132475939245
0.1,0.0,1.0,nor,5000.0,3.0,vel_plane,0.0016122090063152878,2.605469861691593e-13,0.0005407413966990859,0.0009879539025465756,0.0005407413966990859,0.5473346431501073
0.1,0.0,1.0,nor,50000.0,1.0,pos_range,0.024231496519237943,50000.14466852172,7.296120807358974,1211.5783314966775,1211.6002999055047,1.0000181320582056
0.1,0.0,1.0,nor,50000.0,1.0,pos_inplane,0.024231496519237943,2.468617728994599e-13,7.296120807358974,8.852063785953519,7.296120807358974,0.8242282233592216
0.1,0.0,1.0,nor,50000.0,1.0,pos_plane,0.024231496519237943,3.5120888826110576e-12,7.296120807358974,17.63865595676512,7.296120807358974,0.4136438073990906
0.1,0.0,1.0,nor,50000.0,1.0,vel_range,0.024231496519237943,0.09999860928231707,0.008087810766859188,0.009864175344609566,0.008442995553771777,0.8559251289450754
0.1,0.0,1.0,nor,50000.0,1.0,vel_inplane,0.024231496519237943,55.425093255960824,0.008087810766859188,1.3429152961419837,1.343057306687368,1.000105747954314
0.1,0.0,1.0,nor,50000.0,1.0,vel_plane,0.024231496519237943,2.703380870481798e-13,0.008087810766859188,0.012366810090031103,0.008087810766859188,0.6539932858982592
0.1,0.0,1.0,nor,50000.0,3.0,pos_range,0.013122909011680022,50000.14466852172,4.266923225690544,656.1473490558484,656.1612228003354,1.0000211442513742
0.1,0.0,1.0,nor,50000.0,3.0,pos_inplane,0.013122909011680022,2.468617728994599e-13,4.266923225690544,5.149906115253859,4.266923225690544,0.8285438860821271
0.1,0.0,1.0,nor,50000.0,3.0,pos_plane,0.013122909011680022,3.5120888826110576e-12,4.266923225690544,6.790676087644155,4.266923225690544,0.6283502806818223
0.1,0.0,1.0,nor,50000.0,3.0,vel_range,0.013122909011680022,0.09999860928231707,0.004729919983135992,0.005700189842741654,0.004908584577776577,0.8611265086244332
0.1,0.0,1.0,nor,50000.0,3.0,vel_inplane,0.013122909011680022,55.425093255960824,0.004729919983135992,0.7272966960314533,0.7273538350576596,1.0000785635718106
0.1,0.0,1.0,nor,50000.0,3.0,vel_plane,0.013122909011680022,2.703380870481798e-13,0.004729919983135992,0.009446311670497965,0.004729919983135992,0.5007160623238945
0.1,0.0,1.0,pro,5000.0,1.0,pos_range,0.003911900683611451,5000.383449656096,0.98569523300057,19.561003435029065,19.58582269085419,1.0012688130191052
0.1,0.0,1.0,pro,5000.0,1.0,pos_inplane,0.003911900683611451,3.018384286439622e-13,0.98569523300057,2.5232192347727405,0.98569523300057,0.3906498569036745
0.1,0.0,1.0,pro,5000.0,1.0,pos_plane,0.003911900683611451,4.759970027990409e-13,0.98569523300057,1.0000187739598185,0.98569523300057,0.9856767279452855
0.1,0.0,1.0,pro,5000.0,1.0,vel_range,0.003911900683611451,0.09999210396821492,0.0010926513867839185,0.001266840896246693,0.0011605570029242919,0.9161032031431164
0.1,0.0,1.0,pro,5000.0,1.0,vel_inplane,0.003911900683611451,5.541727654028854,0.0010926513867839185,0.016268050802290487,0.021706206694102982,1.334284417838603
0.1,0.0,1.0,pro,5000.0,1.0,vel_plane,0.003911900683611451,2.605469861691593e-13,0.0010926513867839185,0.001080895063850938,0.0010926513867839185,1.01087647018305
0.1,0.0,1.0,pro,5000.0,3.0,pos_range,0.0011531469169245184,5000.383449656096,0.7535242754779513,5.766176758411314,5.815203628676935,1.0085024917410144
0.1,0.0,1.0,pro,5000.0,3.0,pos_inplane,0.0011531469169245184,3.018384286439622e-13,0.7535242754779513,1.2650903128702191,0.7535242754779513,0.5956288399429492
0.1,0.0,1.0,pro,5000.0,3.0,pos_plane,0.0011531469169245184,4.759970027990409e-13,0.7535242754779513,0.7720007447583903,0.7535242754779513,0.9760667727254311
0.1,0.0,1.0,pro,5000.0,3.0,vel_range,0.0011531469169245184,0.09999210396821492,0.0008352879439925777,0.0011777380385104516,0.0008432089466058701,0.7159562814769248
0.1,0.0,1.0,pro,5000.0,3.0,vel_inplane,0.0011531469169245184,5.541727654028854,0.0008352879439925777,0.006116061437858072,0.006444784902454431,1.0537475739798132
0.1,0.0,1.0,pro,5000.0,3.0,vel_plane,0.0011531469169245184,2.605469861691593e-13,0.0008352879439925777,0.0008221441039749577,0.0008352879439925777,1.015987270302215
0.1,0.0,1.0,pro,50000.0,1.0,pos_range,0.027512453746551993,50000.14466852172,7.889719460594679,1375.626667513612,1375.649292533447,1.0000164470639958
0.1,0.0,1.0,pro,50000.0,1.0,pos_inplane,0.027512453746551993,2.468617728994599e-13,7.889719460594679,24.82531843727236,7.889719460594679,0.31780939610221365
0.1,0.0,1.0,pro,50000.0,1.0,pos_plane,0.027512453746551993,3.5120888826110576e-12,7.889719460594679,7.856945386244267,7.889719460594679,1.0041713506635532
0.1,0.0,1.0,pro,50000.0,1.0,vel_range,0.027512453746551993,0.09999860928231707,0.008745819824767135,0.01048209526925074,0.009168342542886728,0.8746669732894042
0.1,0.0,1.0,pro,50000.0,1.0,vel_inplane,0.027512453746551993,55.425093255960824,0.008745819824767135,1.4752900174363268,1.5249053948452043,1.0336309314253316
0.1,0.0,1.0,pro,50000.0,1.0,vel_plane,0.027512453746551993,2.703380870481798e-13,0.008745819824767135,0.00879609560645908,0.008745819824767135,0.9942843070447044
0.1,0.0,1.0,pro,50000.0,3.0,pos_range,0.0038700394162850646,50000.14466852172,5.249057020798488,193.50253068713457,193.5737120115566,1.0003678573306989
0.1,0.0,1.0,pro,50000.0,3.0,pos_inplane,0.0038700394162850646,2.468617728994599e-13,5.249057020798488,10.249239940059216,5.249057020798488,0.5121411003641858
0.1,0.0,1.0,pro,50000.0,3.0,pos_plane,0.0038700394162850646,3.5120888826110576e-12,5.249057020798488,5.2501195495252615,5.249057020798488,0.9997976181843574
0.1,0.0,1.0,pro,50000.0,3.0,vel_range,0.0038700394162850646,0.09999860928231707,0.005818623486312442,0.00858386275977985,0.005831478985687845,0.6793537069361771
0.1,0.0,1.0,pro,50000.0,3.0,vel_inplane,0.0038700394162850646,55.425093255960824,0.005818623486312442,0.21540023030963212,0.21457620133260477,0.9961744285238561
0.1,0.0,1.0,pro,50000.0,3.0,vel_plane,0.0038700394162850646,2.703380870481798e-13,0.005818623486312442,0.0058212888582198745,0.005818623486312442,0.9995421337143116
0.1,0.0075225,0.0,none,5000.0,1.0,pos_range,0.9822687226290903,5000.383449655858,0.7708407983187987,4911.720263749105,4911.720324236621,1.0000000123149353
0.1,0.0075225,0.0,none,5000.0,1.0,pos_inplane,0.9822687226290903,2.72452566619582e-13,0.7708407983187987,1.0180722450819333,0.7708407983187987,0.7571572666306823
0.1,0.0075225,0.0,none,5000.0,1.0,pos_plane,0.9822687226290903,1.1882670884433782e-13,0.7708407983187987,0.7962543027649759,0.7708407983187987,0.9680836833685804
0.1,0.0075225,0.0,none,5000.0,1.0,vel_range,0.9822687226290903,0.09992646246660603,0.0008544834539868077,0.09481989659030819,0.09815835791867665,1.0352084472607377
0.1,0.0075225,0.0,none,5000.0,1.0,vel_inplane,0.9822687226290903,5.541726888364719,0.0008544834539868077,5.443793858834801,5.443465058859215,0.999939600950346
0.1,0.0075225,0.0,none,5000.0,1.0,vel_plane,0.9822687226290903,1.0000049778252438,0.0008544834539868077,0.9806731768136799,0.9822739838502247,1.0016323552783875
0.1,0.0075225,0.0,none,5000.0,3.0,pos_range,0.20474514561592205,5000.383449655858,0.48862269009170506,1023.8042375352355,1023.8043541357099,1.0000001138894234
0.1,0.0075225,0.0,none,5000.0,3.0,pos_inplane,0.20474514561592205,2.72452566619582e-13,0.48862269009170506,0.5690846035931711,0.48862269009170506,0.8586116844605641
0.1,0.0075225,0.0,none,5000.0,3.0,pos_plane,0.20474514561592205,1.1882670884433782e-13,0.48862269009170506,0.48914708756058645,0.48862269009170506,0.9989279350072457
0.1,0.0075225,0.0,none,5000.0,3.0,vel_range,0.20474514561592205,0.09992646246660603,0.0005416423272308568,0.019832045718793948,0.02046662655418776,1.0319977497224326
0.1,0.0075225,0.0,none,5000.0,3.0,vel_inplane,0.20474514561592205,5.541726888364719,0.0005416423272308568,1.1346931777806062,1.1346418080034217,0.9999547280461447
0.1,0.0075225,0.0,none,5000.0,3.0,vel_plane,0.20474514561592205,1.0000049778252438,0.0005416423272308568,0.2040681840269537,0.20474688123955392,1.0033258355085406
0.1,0.0075225,0.0,none,50000.0,1.0,pos_range,0.9435589074893358,50000.1446685218,7.29616627203889,47178.081877739176,47178.08244192109,1.00000001195856
0.1,0.0075225,0.0,none,50000.0,1.0,pos_inplane,0.9435589074893358,2.3630485398093894e-12,7.29616627203889,8.85193291266901,7.29616627203889,0.8242455454668567
0.1,0.0075225,0.0,none,50000.0,1.0,pos_plane,0.9435589074893358,3.5251024497759065e-12,7.29616627203889,7.64220381092578,7.29616627203889,0.9547201896929033
0.1,0.0075225,0.0,none,50000.0,1.0,vel_range,0.9435589074893358,0.09993296351064154,0.008087861164836063,0.19151833185298814,0.09463886651441468,0.4941504324873749
0.1,0.0075225,0.0,none,50000.0,1.0,vel_inplane,0.9435589074893358,55.42509341585078,0.008087861164836063,52.296779273350964,52.29684121636037,1.0000011844517056
0.1,0.0075225,0.0,none,50000.0,1.0,vel_plane,0.9435589074893358,0.9999787675456286,0.008087861164836063,0.9275367043784782,0.9435735366938366,1.0172897010324828
0.1,0.0075225,0.0,none,50000.0,3.0,pos_range,0.1680098678916799,50000.1446685218,4.266900560721048,8400.517700323233,8400.518783973064,1.000000128997982
0.1,0.0075225,0.0,none,50000.0,3.0,pos_inplane,0.1680098678916799,2.3630485398093894e-12,4.266900560721048,5.156312185409373,4.266900560721048,0.8275101288077436
0.1,0.0075225,0.0,none,50000.0,3.0,pos_plane,0.1680098678916799,3.5251024497759065e-12,4.266900560721048,4.284289354150457,4.266900560721048,0.9959412654020291
0.1,0.0075225,0.0,none,50000.0,3.0,vel_range,0.1680098678916799,0.09993296351064154,0.0047298948588282725,0.03426828767758662,0.017443243313272228,0.5090199859819984
0.1,0.0075225,0.0,none,50000.0,3.0,vel_inplane,0.1680098678916799,55.42509341585078,0.0047298948588282725,9.311939001942314,9.311963823926476,1.0000026656085437
0.1,0.0075225,0.0,none,50000.0,3.0,vel_plane,0.1680098678916799,0.9999787675456286,0.0047298948588282725,0.1597976314001835,0.16807286799687518,1.051785727511617
0.1,0.0075225,1.0,nor,5000.0,1.0,pos_range,0.002500146207403176,5000.383449655858,0.7792049037236893,12.501689717218708,12.525949308040447,1.0019405049533685
0.1,0.0075225,1.0,nor,5000.0,1.0,pos_inplane,0.002500146207403176,2.72452566619582e-13,0.7792049037236893,0.9528291831268225,0.7792049037236893,0.817780266937916
0.1,0.0075225,1.0,nor,5000.0,1.0,pos_plane,0.002500146207403176,1.1882670884433782e-13,0.7792049037236893,1.7960137428583287,0.7792049037236893,0.43385241723350987
0.1,0.0075225,1.0,nor,5000.0,1.0,vel_range,0.002500146207403176,0.09992646246660603,0.0008637551345873522,0.000898954990631032,0.0008991597990589101,1.0002278294575508
0.1,0.0075225,1.0,nor,5000.0,1.0,vel_inplane,0.002500146207403176,5.541726888364719,0.0008637551345873522,0.013801253771620978,0.013882025426144891,1.0058524867276915
0.1,0.0075225,1.0,nor,5000.0,1.0,vel_plane,0.002500146207403176,1.0000049778252438,0.0008637551345873522,0.003524401463075057,0.0026451590162345807,0.7505271587098556
0.1,0.0075225,1.0,nor,5000.0,3.0,pos_range,0.0014016206228592465,5000.383449655858,0.48732705595555903,7.008640565241713,7.025562627449703,1.0024144571333722
0.1,0.0075225,1.0,nor,5000.0,3.0,pos_inplane,0.0014016206228592465,2.72452566619582e-13,0.48732705595555903,0.5980253255161863,0.48732705595555903,0.8148936761748712
0.1,0.0075225,1.0,nor,5000.0,3.0,pos_plane,0.0014016206228592465,1.1882670884433782e-13,0.48732705595555903,0.7540358744329809,0.48732705595555903,0.6462916055844408
0.1,0.0075225,1.0,nor,5000.0,3.0,vel_range,0.0014016206228592465,0.09992646246660603,0.00054020610598495,0.0005636093354936938,0.0005580673416182207,0.9901669586955678
0.1,0.0075225,1.0,nor,5000.0,3.0,vel_inplane,0.0014016206228592465,5.541726888364719,0.00054020610598495,0.00771456301575849,0.007786161126815814,1.0092809030026808
0.1,0.0075225,1.0,nor,5000.0,3.0,vel_plane,0.0014016206228592465,1.0000049778252438,0.00054020610598495,0.0007238047720782732,0.0015021260152509644,2.075319303211948
0.1,0.0075225,1.0,nor,50000.0,1.0,pos_range,0.024068762878248696,50000.1446685218,7.2971610453234845,1203.4416259047823,1203.4637491506203,1.0000183833144556
0.1,0.0075225,1.0,nor,50000.0,1.0,pos_inplane,0.024068762878248696,2.3630485398093894e-12,7.2971610453234845,8.852439292637154,7.2971610453234845,0.8243107695065198
0.1,0.0075225,1.0,nor,50000.0,1.0,pos_plane,0.024068762878248696,3.5251024497759065e-12,7.2971610453234845,17.49156165248309,7.2971610453234845,0.4171817925866891
0.1,0.0075225,1.0,nor,50000.0,1.0,vel_range,0.024068762878248696,0.09993296351064154,0.008088963879318754,0.009864040351839245,0.008438994358915826,0.8555312080959092
0.1,0.0075225,1.0,nor,50000.0,1.0,vel_inplane,0.024068762878248696,55.42509341585078,0.008088963879318754,1.3339472997335629,1.334037954947557,1.0000679601165745
0.1,0.0075225,1.0,nor,50000.0,1.0,vel_plane,0.024068762878248696,0.9999787675456286,0.008088963879318754,0.0339139220809605,0.02539118121007319,0.7486949209076578
0.1,0.0075225,1.0,nor,50000.0,3.0,pos_range,0.012598408815699078,50000.1446685218,4.266816556152464,629.9222633781344,629.9367139824091,1.0000229402977396
0.1,0.0075225,1.0,nor,50000.0,3.0,pos_inplane,0.012598408815699078,2.3630485398093894e-12,4.266816556152464,5.152856358258112,4.266816556152464,0.8280488062343023
0.1,0.0075225,1.0,nor,50000.0,3.0,pos_plane,0.012598408815699078,3.5251024497759065e-12,4.266816556152464,6.666927399485367,4.266816556152464,0.6399974531718806
0.1,0.0075225,1.0,nor,50000.0,3.0,vel_range,0.012598408815699078,0.09993296351064154,0.0047298017390633735,0.005640947860636208,0.004894496526298837,0.8676727116117711
0.1,0.0075225,1.0,nor,50000.0,3.0,vel_inplane,0.012598408815699078,55.42509341585078,0.0047298017390633735,0.6982086966620585,0.6982840042564301,1.0001078582875458
0.1,0.0075225,1.0,nor,50000.0,3.0,vel_plane,0.012598408815699078,0.9999787675456286,0.0047298017390633735,0.006262361859805927,0.013456752551177294,2.1488302420764813
0.1,0.0075225,1.0,pro,5000.0,1.0,pos_range,0.0038985089207983,5000.383449655858,0.9931959982940332,19.494039485895545,19.519324111471732,1.0012970439294782
0.1,0.0075225,1.0,pro,5000.0,1.0,pos_inplane,0.0038985089207983,2.72452566619582e-13,0.9931959982940332,2.518644918712351,0.9931959982940332,0.39433744348600014
0.1,0.0075225,1.0,pro,5000.0,1.0,pos_plane,0.0038985089207983,1.1882670884433782e-13,0.9931959982940332,1.0174720755622109,0.9931959982940332,0.9761407926062602
0.1,0.0075225,1.0,pro,5000.0,1.0,vel_range,0.0038985089207983,0.09992646246660603,0.0011009660476704224,0.0012672870243576667,0.0011678555168396965,0.9215398677593438
0.1,0.0075225,1.0,pro,5000.0,1.0,vel_inplane,0.0038985089207983,5.541726888364719,0.0011009660476704224,0.016210362322743744,0.021632506191977957,1.3344862848393426
0.1,0.0075225,1.0,pro,5000.0,1.0,vel_plane,0.0038985089207983,1.0000049778252438,0.0011009660476704224,0.003514374553487994,0.004051005968117207,1.1526961359587042
0.1,0.0075225,1.0,pro,5000.0,3.0,pos_range,0.001103743138696787,5000.383449655858,0.7588612839220724,5.519138923410625,5.571064970375237,1.0094083601962538
0.1,0.0075225,1.0,pro,5000.0,3.0,pos_inplane,0.001103743138696787,2.72452566619582e-13,0.7588612839220724,1.2660119363047257,0.7588612839220724,0.5994108445273114
0.1,0.0075225,1.0,pro,5000.0,3.0,pos_plane,0.001103743138696787,1.1882670884433782e-13,0.7588612839220724,0.7790569902576256,0.7588612839220724,0.9740767279055224
0.1,0.0075225,1.0,pro,5000.0,3.0,vel_range,0.001103743138696787,0.09992646246660603,0.0008412040623651853,0.0011655613919637484,0.0008484037086704829,0.7278927686864135
0.1,0.0075225,1.0,pro,5000.0,3.0,vel_inplane,0.001103743138696787,5.541726888364719,0.0008412040623651853,0.005841069438330444,0.006174216243836478,1.0570352414097062
0.1,0.0075225,1.0,pro,5000.0,3.0,vel_plane,0.001103743138696787,1.0000049778252438,0.0008412040623651853,0.0012655713505906555,0.001387762702788387,1.0965503463243724
0.1,0.0075225,1.0,pro,50000.0,1.0,pos_range,0.027504243171750195,50000.1446685218,7.890275767562043,1375.2161375857129,1375.2387725510991,1.0000164592057696
0.1,0.0075225,1.0,pro,50000.0,1.0,pos_inplane,0.027504243171750195,2.3630485398093894e-12,7.890275767562043,24.817553939057976,7.890275767562043,0.31793124281858787
0.1,0.0075225,1.0,pro,50000.0,1.0,pos_plane,0.027504243171750195,3.5251024497759065e-12,7.890275767562043,7.858595068590009,7.890275767562043,1.0040313438592425
0.1,0.0075225,1.0,pro,50000.0,1.0,vel_range,0.027504243171750195,0.09993296351064154,0.008746436495680231,0.010483936800993101,0.009168143012565359,0.8744943036757812
0.1,0.0075225,1.0,pro,50000.0,1.0,vel_inplane,0.027504243171750195,55.42509341585078,0.008746436495680231,1.4748491658821214,1.5244503383935328,1.0336313527232763
0.1,0.0075225,1.0,pro,50000.0,1.0,vel_plane,0.027504243171750195,0.9999787675456286,0.008746436495680231,0.02814723584593905,0.028860897771319314,1.025354600689262
0.1,0.0075225,1.0,pro,50000.0,3.0,pos_range,0.0038596805538815794,50000.1446685218,5.249376681469259,192.98458606835936,193.05596705494483,1.000369879211805
0.1,0.0075225,1.0,pro,50000.0,3.0,pos_inplane,0.0038596805538815794,2.3630485398093894e-12,5.249376681469259,10.247233753605512,5.249376681469259,0.5122725613263437
0.1,0.0075225,1.0,pro,50000.0,3.0,pos_plane,0.0038596805538815794,3.5251024497759065e-12,5.249376681469259,5.250621029296784,5.249376681469259,0.9997630094001104
0.1,0.0075225,1.0,pro,50000.0,3.0,vel_range,0.0038596805538815794,0.09993296351064154,0.005818977832832061,0.00858095943943938,0.005831747139186029,0.679614812346326
0.1,0.0075225,1.0,pro,50000.0,3.0,vel_inplane,0.0038596805538815794,55.42509341585078,0.005818977832832061,0.21482283213750855,0.2140022823638665,0.9961803418869517
0.1,0.0075225,1.0,pro,50000.0,3.0,vel_plane,0.0038596805538815794,0.9999787675456286,0.005818977832832061,0.006953216287882589,0.006982621599247914,1.0042290229654685
0.1,0.0416939,0.0,none,5000.0,1.0,pos_range,0.3351033607322604,5000.383449656167,0.8974055320935415,1675.645298929755,1675.6455392361706,1.000000143411267
0.1,0.0416939,0.0,none,5000.0,1.0,pos_inplane,0.3351033607322604,1.2098142327768937e-13,0.8974055320935415,1.0845296029529217,0.8974055320935415,0.8274606148602262
0.1,0.0416939,0.0,none,5000.0,1.0,pos_plane,0.3351033607322604,2.230394027918544e-13,0.8974055320935415,0.9499168550307845,0.8974055320935415,0.944720085069402
0.1,0.0416939,0.0,none,5000.0,1.0,vel_range,0.3351033607322604,0.09797559975845038,0.0009947815169650935,0.030742728279777577,0.032847019827785796,1.068448432060352
0.1,0.0416939,0.0,none,5000.0,1.0,vel_inplane,0.3351033607322604,5.541704132867029,0.0009947815169650935,1.857162220522646,1.8570439455499568,0.9999363141402609
0.1,0.0416939,0.0,none,5000.0,1.0,vel_plane,0.3351033607322604,5.542586106351955,0.0009947815169650935,1.8547145426090474,1.8573394977864341,1.001415287968624
0.1,0.0416939,0.0,none,5000.0,3.0,pos_range,0.12269535387194118,5000.383449656167,0.559103623810318,613.5238168509613,613.5240716061874,1.0000004152328223
0.1,0.0416939,0.0,none,5000.0,3.0,pos_inplane,0.12269535387194118,1.2098142327768937e-13,0.559103623810318,0.45075385029842835,0.559103623810318,1.2403745934508492
0.1,0.0416939,0.0,none,5000.0,3.0,pos_plane,0.12269535387194118,2.230394027918544e-13,0.559103623810318,0.5686286564464363,0.559103623810318,0.983249116047644
0.1,0.0416939,0.0,none,5000.0,3.0,vel_range,0.12269535387194118,0.09797559975845038,0.0006197710300907025,0.011492941834642108,0.01203711695905165,1.047348636427384
0.1,0.0416939,0.0,none,5000.0,3.0,vel_inplane,0.12269535387194118,5.541704132867029,0.0006197710300907025,0.6799609344195012,0.6799416320983537,0.9999716126027681
0.1,0.0416939,0.0,none,5000.0,3.0,vel_plane,0.12269535387194118,5.542586106351955,0.0006197710300907025,0.6796679556436271,0.680049846102245,1.0005618779809269
0.1,0.0416939,0.0,none,50000.0,1.0,pos_range,0.17503762766151004,50000.14466852153,7.31344852489514,8751.906705510306,8751.909761217012,1.000000349147541
0.1,0.0416939,0.0,none,50000.0,1.0,pos_inplane,0.17503762766151004,6.740785392181529e-13,7.31344852489514,8.866689164234403,7.31344852489514,0.824822928765274
0.1,0.0416939,0.0,none,50000.0,1.0,pos_plane,0.17503762766151004,3.2771307329327374e-13,7.31344852489514,7.6689801460157945,7.31344852489514,0.9536402997072093
0.1,0.0416939,0.0,none,50000.0,1.0,vel_range,0.17503762766151004,0.09798197388163508,0.008107018686266546,0.038017503352085424,0.018970095119520743,0.4989831905539939
0.1,0.0416939,0.0,none,50000.0,1.0,vel_inplane,0.17503762766151004,55.425098167751024,0.008107018686266546,9.701448532986996,9.7014810834951,1.0000033552214387
0.1,0.0416939,0.0,none,50000.0,1.0,vel_plane,0.17503762766151004,5.542440834307351,0.008107018686266546,0.9540134664679913,0.9701695679841382,1.0169348778439795
0.1,0.0416939,0.0,none,50000.0,3.0,pos_range,0.0342541983961695,50000.14466852153,4.276824940620498,1712.7148753127128,1712.7202151399438,1.0000031177560889
0.1,0.0416939,0.0,none,50000.0,3.0,pos_inplane,0.0342541983961695,6.740785392181529e-13,4.276824940620498,5.113828431305914,4.276824940620498,0.8363254649762133
0.1,0.0416939,0.0,none,50000.0,3.0,pos_plane,0.0342541983961695,3.2771307329327374e-13,4.276824940620498,4.294299807821282,4.276824940620498,0.9959306830023938
0.1,0.0416939,0.0,none,50000.0,3.0,vel_range,0.0342541983961695,0.09798197388163508,0.004740896116719209,0.008164495132325292,0.005808683604739207,0.7114565580106926
0.1,0.0416939,0.0,none,50000.0,3.0,vel_inplane,0.0342541983961695,55.425098167751024,0.004740896116719209,1.898524775750746,1.8985482280595136,1.0000123529116223
0.1,0.0416939,0.0,none,50000.0,3.0,vel_plane,0.0342541983961695,5.542440834307351,0.004740896116719209,0.1825358748303088,0.18991105248328144,1.0404039899544615
0.1,0.0416939,1.0,nor,5000.0,1.0,pos_range,0.0027804031961976457,5000.383449656167,0.9160232945981692,13.903082125637814,13.933226161534742,1.0021681549187818
0.1,0.0416939,1.0,nor,5000.0,1.0,pos_inplane,0.0027804031961976457,1.2098142327768937e-13,0.9160232945981692,1.0381121561020725,0.9160232945981692,0.8823933803430977
0.1,0.0416939,1.0,nor,5000.0,1.0,pos_plane,0.0027804031961976457,2.230394027918544e-13,0.9160232945981692,2.1489340690452154,0.9160232945981692,0.42626868259628087
0.1,0.0416939,1.0,nor,5000.0,1.0,vel_range,0.0027804031961976457,0.09797559975845038,0.001015419461979365,0.0009355867293009392,0.0010513252599028112,1.1237068964075096
0.1,0.0416939,1.0,nor,5000.0,1.0,vel_inplane,0.0027804031961976457,5.541704132867029,0.001015419461979365,0.01555368637504697,0.015441594395408936,0.9927932210451494
0.1,0.0416939,1.0,nor,5000.0,1.0,vel_plane,0.0027804031961976457,5.542586106351955,0.001015419461979365,0.01715293786029841,0.01544404133039974,0.9003729539617804
0.1,0.0416939,1.0,nor,5000.0,3.0,pos_range,0.00195361044986654,5000.383449656167,0.5468396105171581,9.768801360587986,9.784094929131474,1.0015655522083997
0.1,0.0416939,1.0,nor,5000.0,3.0,pos_inplane,0.00195361044986654,1.2098142327768937e-13,0.5468396105171581,0.4273107159879309,0.5468396105171581,1.2797236063993378
0.1,0.0416939,1.0,nor,5000.0,3.0,pos_plane,0.00195361044986654,2.230394027918544e-13,0.5468396105171581,0.9880607442141202,0.5468396105171581,0.5534473601135741
0.1,0.0416939,1.0,nor,5000.0,3.0,vel_range,0.00195361044986654,0.09797559975845038,0.0006061762690695747,0.0004541900717483984,0.0006356775798736929,1.399584930218005
0.1,0.0416939,1.0,nor,5000.0,3.0,vel_inplane,0.00195361044986654,5.541704132867029,0.0006061762690695747,0.010697478145604202,0.01084328800887607,1.0136303025149702
0.1,0.0416939,1.0,nor,5000.0,3.0,vel_plane,0.00195361044986654,5.542586106351955,0.0006061762690695747,0.009784461608327626,0.010845008347414902,1.1083909142414783
0.1,0.0416939,1.0,nor,50000.0,1.0,pos_range,0.02329233700410647,50000.14466852153,7.316499561353487,1164.6202198732806,1164.643201887823,1.000019733484058
0.1,0.0416939,1.0,nor,50000.0,1.0,pos_inplane,0.02329233700410647,6.740785392181529e-13,7.316499561353487,8.856575338061322,7.316499561353487,0.8261093348250167
0.1,0.0416939,1.0,nor,50000.0,1.0,pos_plane,0.02329233700410647,3.2771307329327374e-13,7.316499561353487,16.8437976874547,7.316499561353487,0.43437351226337945
0.1,0.0416939,1.0,nor,50000.0,1.0,vel_range,0.02329233700410647,0.09798197388163508,0.00811040078562721,0.009915128523836091,0.008425388467240027,0.8497508072623858
0.1,0.0416939,1.0,nor,50000.0,1.0,vel_inplane,0.02329233700410647,55.425098167751024,0.00811040078562721,1.2911390814796346,1.2910055409840007,0.9998965715641719
0.1,0.0416939,1.0,nor,50000.0,1.0,vel_plane,0.02329233700410647,5.542440834307351,0.00811040078562721,0.1362917265915211,0.1293509142844341,0.9490738544395342
0.1,0.0416939,1.0,nor,50000.0,3.0,pos_range,0.010813564528571832,50000.14466852153,4.274746597520829,540.6797908109843,540.6966891427049,1.000031253862282
0.1,0.0416939,1.0,nor,50000.0,3.0,pos_inplane,0.010813564528571832,6.740785392181529e-13,4.274746597520829,5.047026121041478,4.274746597520829,0.8469832521173309
0.1,0.0416939,1.0,nor,50000.0,3.0,pos_plane,0.010813564528571832,3.2771307329327374e-13,4.274746597520829,6.260226208177991,4.274746597520829,0.6828421937751309
0.1,0.0416939,1.0,nor,50000.0,3.0,vel_range,0.010813564528571832,0.09798197388163508,0.0047385922560592006,0.005355044821196948,0.004855601889369298,0.9067341266966248
0.1,0.0416939,1.0,nor,50000.0,3.0,vel_inplane,0.010813564528571832,55.425098167751024,0.0047385922560592006,0.5992162701068094,0.5993616076430078,1.00024254604464
0.1,0.0416939,1.0,nor,50000.0,3.0,vel_plane,0.010813564528571832,5.542440834307351,0.0047385922560592006,0.05144752139655993,0.06012057606340772,1.1685806124651852
0.1,0.0416939,1.0,pro,5000.0,1.0,pos_range,0.0037234684362695038,5000.383449656167,1.1562798190288015,18.618769944039155,18.654639563629985,1.0019265300392368
0.1,0.0416939,1.0,pro,5000.0,1.0,pos_inplane,0.0037234684362695038,1.2098142327768937e-13,1.1562798190288015,2.4738950018500576,1.1562798190288015,0.467392439114877
0.1,0.0416939,1.0,pro,5000.0,1.0,pos_plane,0.0037234684362695038,2.230394027918544e-13,1.1562798190288015,1.3165551324484552,1.1562798190288015,0.878261601455624
0.1,0.0416939,1.0,pro,5000.0,1.0,vel_range,0.0037234684362695038,0.09797559975845038,0.001281745823124365,0.0013093125563192318,0.001332650742097042,1.0178247628231865
0.1,0.0416939,1.0,pro,5000.0,1.0,vel_inplane,0.0037234684362695038,5.541704132867029,0.001281745823124365,0.015436921895629252,0.020674131236279876,1.3392651317445265
0.1,0.0416939,1.0,pro,5000.0,1.0,vel_plane,0.0037234684362695038,5.542586106351955,0.001281745823124365,0.017807184212610436,0.020677408920285252,1.1611835242116617
0.1,0.0416939,1.0,pro,5000.0,3.0,pos_range,0.0007351372969913818,5000.383449656167,0.8776417735684018,3.6759683731006754,3.779285456637103,1.0281060860839997
0.1,0.0416939,1.0,pro,5000.0,3.0,pos_inplane,0.0007351372969913818,1.2098142327768937e-13,0.8776417735684018,1.333195019408299,0.8776417735684018,0.6582996191794342
0.1,0.0416939,1.0,pro,5000.0,3.0,pos_plane,0.0007351372969913818,2.230394027918544e-13,0.8776417735684018,0.9218720950720827,0.8776417735684018,0.9520211949790904
0.1,0.0416939,1.0,pro,5000.0,3.0,vel_range,0.0007351372969913818,0.09797559975845038,0.0009728732258041238,0.0011705485581640176,0.0009755357444342231,0.8334004921285211
0.1,0.0416939,1.0,pro,5000.0,3.0,vel_inplane,0.0007351372969913818,5.541704132867029,0.0009728732258041238,0.0037806467619797453,0.0041884666262764535,1.1078703962501781
0.1,0.0416939,1.0,pro,5000.0,3.0,vel_plane,0.0007351372969913818,5.542586106351955,0.0009728732258041238,0.0038662749369442447,0.004189097267830225,1.0834969928809892
0.1,0.0416939,1.0,pro,50000.0,1.0,pos_range,0.027272950517411982,50000.14466852153,7.906751505447852,1363.6514714080279,1363.6743937585134,1.000016809537456
0.1,0.0416939,1.0,pro,50000.0,1.0,pos_inplane,0.027272950517411982,6.740785392181529e-13,7.906751505447852,24.598881922298865,7.906751505447852,0.3214272717932106
0.1,0.0416939,1.0,pro,50000.0,1.0,pos_plane,0.027272950517411982,3.2771307329327374e-13,7.906751505447852,7.906440479673855,7.906751505447852,1.0000393382805823
0.1,0.0416939,1.0,pro,50000.0,1.0,vel_range,0.027272950517411982,0.09798197388163508,0.008764699988539393,0.01053941162290544,0.00916301948980118,0.869405220865183
0.1,0.0416939,1.0,pro,50000.0,1.0,vel_inplane,0.027272950517411982,55.425098167751024,0.008764699988539393,1.4624310992615965,1.5116313695881594,1.0336427954461613
0.1,0.0416939,1.0,pro,50000.0,1.0,vel_plane,0.027272950517411982,5.542440834307351,0.008764699988539393,0.14723787517536135,0.15141260506108306,1.028353641213238
0.1,0.0416939,1.0,pro,50000.0,3.0,pos_range,0.003612332787119115,50000.14466852153,5.258843807213864,180.61716194679929,180.6937038966909,1.000423780049839
0.1,0.0416939,1.0,pro,50000.0,3.0,pos_inplane,0.003612332787119115,6.740785392181529e-13,5.258843807213864,10.200536311514513,5.258843807213864,0.5155458151036241
0.1,0.0416939,1.0,pro,50000.0,3.0,pos_plane,0.003612332787119115,3.2771307329327374e-13,5.258843807213864,5.26484386450214,5.258843807213864,0.9988603541828219
0.1,0.0416939,1.0,pro,50000.0,3.0,vel_range,0.003612332787119115,0.09798197388163508,0.005829472220678709,0.008510554789731582,0.005840207391059949,0.6862311018908493
0.1,0.0416939,1.0,pro,50000.0,3.0,vel_inplane,0.003612332787119115,55.425098167751024,0.005829472220678709,0.2010353317160167,0.2002987474637938,0.996336045778941
0.1,0.0416939,1.0,pro,50000.0,3.0,vel_plane,0.003612332787119115,5.542440834307351,0.005829472220678709,0.020985164149308046,0.020852549560192283,0.9936805550734691
0.1,0.25,0.0,none,5000.0,1.0,pos_range,0.059928627000009324,5000.383449655788,1.8119478174683952,299.6661146114417,299.67159258296556,1.0000182802501076
0.1,0.25,0.0,none,5000.0,1.0,pos_inplane,0.059928627000009324,2.0957343020918954e-13,1.8119478174683952,1.672196588157942,1.8119478174683952,1.0835734448330625
0.1,0.25,0.0,none,5000.0,1.0,pos_plane,0.059928627000009324,2.4874703022994194e-13,1.8119478174683952,1.9544588675066898,1.8119478174683952,0.9270841395500451
0.1,0.25,0.0,none,5000.0,1.0,vel_range,0.059928627000009324,0.027492866351586143,0.0020085592678683387,0.0035533580086987045,0.002597869928225214,0.731102782738347
0.1,0.25,0.0,none,5000.0,1.0,vel_inplane,0.059928627000009324,5.540881991482657,0.0020085592678683387,0.3321449744112969,0.3320635247804567,0.9997547768681896
0.1,0.25,0.0,none,5000.0,1.0,vel_plane,0.059928627000009324,33.23369251139982,0.0020085592678683387,1.981497074450616,1.9916505751546967,1.005124156293239
0.1,0.25,0.0,none,5000.0,3.0,pos_range,0.031345185775612225,5000.383449655788,1.1110760279627383,156.73794817875745,156.74188619902068,1.0000251248680296
0.1,0.25,0.0,none,5000.0,3.0,pos_inplane,0.031345185775612225,2.0957343020918954e-13,1.1110760279627383,0.714561636132771,1.1110760279627383,1.5549057936778066
0.1,0.25,0.0,none,5000.0,3.0,pos_plane,0.031345185775612225,2.4874703022994194e-13,1.1110760279627383,1.1689347376062011,1.1110760279627383,0.9505030453950333
0.1,0.25,0.0,none,5000.0,3.0,vel_range,0.031345185775612225,0.027492866351586143,0.00123163704371405,0.001678084501117711,0.0015031884853497115,0.8957763952581008
0.1,0.25,0.0,none,5000.0,3.0,vel_inplane,0.031345185775612225,5.540881991482657,0.00123163704371405,0.1737070853238106,0.17368434235449592,0.9998690728747633
0.1,0.25,0.0,none,5000.0,3.0,vel_plane,0.031345185775612225,33.23369251139982,0.00123163704371405,1.0397293679040882,1.0417169938707853,1.001911676276591
0.1,0.25,0.0,none,50000.0,1.0,pos_range,0.04613714778087876,50000.1446685215,7.868333081918788,2306.864063636893,2306.8774823914705,1.0000058168813624
0.1,0.25,0.0,none,50000.0,1.0,pos_inplane,0.04613714778087876,6.677722098143002e-13,7.868333081918788,9.332156370555788,7.868333081918788,0.843142010215821
0.1,0.25,0.0,none,50000.0,1.0,pos_plane,0.04613714778087876,1.5393065088769912e-12,7.868333081918788,8.434802967414168,7.868333081918788,0.9328413612405886
0.1,0.25,0.0,none,50000.0,1.0,vel_range,0.04613714778087876,0.02749465498979933,0.008722112845635904,0.020835345751324306,0.008813875882226166,0.42302517977969967
0.1,0.25,0.0,none,50000.0,1.0,vel_inplane,0.04613714778087876,55.425269850866876,0.008722112845635904,2.5570770105847687,2.5571787407884274,1.0000397837856418
0.1,0.25,0.0,none,50000.0,1.0,vel_plane,0.04613714778087876,33.23282144308312,0.008722112845635904,1.5123643364806556,1.5332924021055523,1.0138379787992073
0.1,0.25,0.0,none,50000.0,3.0,pos_range,0.01579506562641817,50000.1446685215,4.596307046014138,789.7555663696995,789.7689413052317,1.0000169355381612
0.1,0.25,0.0,none,50000.0,3.0,pos_inplane,0.01579506562641817,6.677722098143002e-13,4.596307046014138,4.416066052969595,4.596307046014138,1.0408148317716714
0.1,0.25,0.0,none,50000.0,3.0,pos_plane,0.01579506562641817,1.5393065088769912e-12,4.596307046014138,4.618532532343061,4.596307046014138,0.995187760143881
0.1,0.25,0.0,none,50000.0,3.0,vel_range,0.01579506562641817,0.02749465498979933,0.005095044695127525,0.005899145989878346,0.0051135192831813486,0.8668236541280785
0.1,0.25,0.0,none,50000.0,3.0,vel_inplane,0.01579506562641817,55.425269850866876,0.005095044695127525,0.8754086442077736,0.8754606009662299,1.0000593514340987
0.1,0.25,0.0,none,50000.0,3.0,vel_plane,0.01579506562641817,33.23282144308312,0.005095044695127525,0.5212863269063178,0.5249393223993711,1.0070076564538586
0.1,0.25,1.0,nor,5000.0,1.0,pos_range,0.004931779526429677,5000.383449655788,1.8385274638484492,24.660788721310222,24.72922731490869,1.0027751988945646
0.1,0.25,1.0,nor,5000.0,1.0,pos_inplane,0.004931779526429677,2.0957343020918954e-13,1.8385274638484492,1.625852212581104,1.8385274638484492,1.1308084767001763
0.1,0.25,1.0,nor,5000.0,1.0,pos_plane,0.004931779526429677,2.4874703022994194e-13,1.8385274638484492,3.805374332723387,1.8385274638484492,0.4831397132309643
0.1,0.25,1.0,nor,5000.0,1.0,vel_range,0.004931779526429677,0.027492866351586143,0.0020380230275630915,0.0015263193233654346,0.0020425283771510158,1.3382051487413353
0.1,0.25,1.0,nor,5000.0,1.0,vel_inplane,0.004931779526429677,5.540881991482657,0.0020380230275630915,0.027672331012844185,0.027402301580973443,0.9902418978818442
0.1,0.25,1.0,nor,5000.0,1.0,vel_plane,0.004931779526429677,33.23369251139982,0.0020380230275630915,0.1750943294990591,0.16391391468081978,0.9361463340918794
0.1,0.25,1.0,nor,5000.0,3.0,pos_range,0.004593212693064306,5000.383449655788,1.0998795618009432,22.96782473114765,22.99414507937151,1.001145966086556
0.1,0.25,1.0,nor,5000.0,3.0,pos_inplane,0.004593212693064306,2.0957343020918954e-13,1.0998795618009432,0.7062369386908893,1.0998795618009432,1.5573803939506852
0.1,0.25,1.0,nor,5000.0,3.0,pos_plane,0.004593212693064306,2.4874703022994194e-13,1.0998795618009432,2.0535775817273176,1.0998795618009432,0.5355919209420886
0.1,0.25,1.0,nor,5000.0,3.0,vel_range,0.004593212693064306,0.027492866351586143,0.001219225667591713,0.0007818495706074293,0.0012257479406795686,1.5677541905244878
0.1,0.25,1.0,nor,5000.0,3.0,vel_inplane,0.004593212693064306,5.540881991482657,0.001219225667591713,0.02531456114949181,0.02547963678464986,1.0065209755833102
0.1,0.25,1.0,nor,5000.0,3.0,vel_plane,0.004593212693064306,33.23369251139982,0.001219225667591713,0.14716689533136748,0.15265428723977026,1.037286863299298
0.1,0.25,1.0,nor,50000.0,1.0,pos_range,0.02102566403657311,50000.1446685215,7.881493090735365,1051.286243580385,1051.31578694258,1.0000281021105102
0.1,0.25,1.0,nor,50000.0,1.0,pos_inplane,0.02102566403657311,6.677722098143002e-13,7.881493090735365,9.168319022737245,7.881493090735365,0.8596442893391277
0.1,0.25,1.0,nor,50000.0,1.0,pos_plane,0.02102566403657311,1.5393065088769912e-12,7.881493090735365,15.377695333887889,7.881493090735365,0.5125275874966053
0.1,0.25,1.0,nor,50000.0,1.0,vel_range,0.02102566403657311,0.02749465498979933,0.00873670082516762,0.012203763562467973,0.008755805688963489,0.7174676602135677
0.1,0.25,1.0,nor,50000.0,1.0,vel_inplane,0.02102566403657311,55.425269850866876,0.00873670082516762,1.166461163063562,1.1653858522658305,0.9990781426490811
0.1,0.25,1.0,nor,50000.0,1.0,vel_plane,0.02102566403657311,33.23282144308312,0.00873670082516762,0.7006450450594327,0.6987967560500327,0.9973620180112124
0.1,0.25,1.0,nor,50000.0,3.0,pos_range,0.010535296669190067,50000.1446685215,4.584762111316467,526.766357585296,526.7863091684306,1.0000378755834487
0.1,0.25,1.0,nor,50000.0,3.0,pos_inplane,0.010535296669190067,6.677722098143002e-13,4.584762111316467,4.089757950356531,4.584762111316467,1.1210350751727942
0.1,0.25,1.0,nor,50000.0,3.0,pos_plane,0.010535296669190067,1.5393065088769912e-12,4.584762111316467,6.360181244043005,4.584762111316467,0.7208540032739775
0.1,0.25,1.0,nor,50000.0,3.0,vel_range,0.010535296669190067,0.02749465498979933,0.005082247038726834,0.00506020940369378,0.005090495103292858,1.0059850684394545
0.1,0.25,1.0,nor,50000.0,3.0,vel_inplane,0.010535296669190067,55.425269850866876,0.005082247038726834,0.5835291770682645,0.5839437774678157,1.0007105050027392
0.1,0.25,1.0,nor,50000.0,3.0,vel_plane,0.010535296669190067,33.23282144308312,0.005082247038726834,0.3431454759985165,0.35015451762396277,1.0204258605043552
0.1,0.25,1.0,pro,5000.0,1.0,pos_range,0.004516545188842171,5000.383449655788,2.2044954258519627,22.584457811908877,22.6917944363264,1.0047526766111217
0.1,0.25,1.0,pro,5000.0,1.0,pos_inplane,0.004516545188842171,2.0957343020918954e-13,2.2044954258519627,3.068160216280014,2.2044954258519627,0.7185072716068261
0.1,0.25,1.0,pro,5000.0,1.0,pos_plane,0.004516545188842171,2.4874703022994194e-13,2.2044954258519627,2.420798859343501,2.2044954258519627,0.9106479116773056
0.1,0.25,1.0,pro,5000.0,1.0,vel_range,0.004516545188842171,0.027492866351586143,0.00244370156572986,0.002319421429657258,0.002446854352013336,1.0549416853387048
0.1,0.25,1.0,pro,5000.0,1.0,vel_inplane,0.004516545188842171,5.540881991482657,0.00244370156572986,0.01849320879798356,0.025144671999862082,1.359670583647105
0.1,0.25,1.0,pro,5000.0,1.0,vel_plane,0.004516545188842171,33.23369251139982,0.00244370156572986,0.13368300115804013,0.1501213648361416,1.1229652501492544
0.1,0.25,1.0,pro,5000.0,3.0,pos_range,0.0006913392522915193,5000.383449655788,1.646955298724258,3.4569613552559213,3.829235376381133,1.1076882217844903
0.1,0.25,1.0,pro,5000.0,3.0,pos_inplane,0.0006913392522915193,2.0957343020918954e-13,1.646955298724258,1.8487596571937315,1.646955298724258,0.8908433783243646
0.1,0.25,1.0,pro,5000.0,3.0,pos_plane,0.0006913392522915193,2.4874703022994194e-13,1.646955298724258,1.7013335584994322,1.646955298724258,0.9680378609453071
0.1,0.25,1.0,pro,5000.0,3.0,vel_range,0.0006913392522915193,0.027492866351586143,0.0018256636847518797,0.0016091272767649462,0.001825762622024213,1.1346290926686664
0.1,0.25,1.0,pro,5000.0,3.0,vel_inplane,0.0006913392522915193,5.540881991482657,0.0018256636847518797,0.0032969481123099,0.004243438235384005,1.2870806851767458
0.1,0.25,1.0,pro,5000.0,3.0,vel_plane,0.0006913392522915193,33.23369251139982,0.0018256636847518797,0.01874839380969018,0.023048176017072854,1.2293413639071478
0.1,0.25,1.0,pro,50000.0,1.0,pos_range,0.02412906138685637,50000.1446685215,8.439463723086426,1206.4565600584542,1206.4860777713154,1.0000244664531144
0.1,0.25,1.0,pro,50000.0,1.0,pos_inplane,0.02412906138685637,6.677722098143002e-13,8.439463723086426,21.558983031342102,8.439463723086426,0.3914592683160087
0.1,0.25,1.0,pro,50000.0,1.0,pos_plane,0.02412906138685637,1.5393065088769912e-12,8.439463723086426,9.028613448316134,8.439463723086426,0.9347463784331594
0.1,0.25,1.0,pro,50000.0,1.0,vel_range,0.02412906138685637,0.02749465498979933,0.009355215924776237,0.012958584466283066,0.009378709473318637,0.7237449042155102
0.1,0.25,1.0,pro,50000.0,1.0,vel_inplane,0.02412906138685637,55.425269850866876,0.009355215924776237,1.2939153115280442,1.3373924594270878,1.033601231480675
0.1,0.25,1.0,pro,50000.0,1.0,vel_plane,0.02412906138685637,33.23282144308312,0.009355215924776237,0.781374800343919,0.8019313588172063,1.0263081922583623
0.1,0.25,1.0,pro,50000.0,3.0,pos_range,0.0025852306352937126,50000.1446685215,5.565190666130281,129.26190576617935,129.38165105398454,1.0009263772423547
0.1,0.25,1.0,pro,50000.0,3.0,pos_inplane,0.0025852306352937126,6.677722098143002e-13,5.565190666130281,10.006812903533579,5.565190666130281,0.5561401736775868
0.1,0.25,1.0,pro,50000.0,3.0,pos_plane,0.0025852306352937126,1.5393065088769912e-12,5.565190666130281,5.651075244972544,5.565190666130281,0.9848020818836787
0.1,0.25,1.0,pro,50000.0,3.0,vel_range,0.0025852306352937126,0.02749465498979933,0.006169060268815011,0.007888867483561037,0.006169469747890714,0.7820475829701494
0.1,0.25,1.0,pro,50000.0,3.0,vel_inplane,0.0025852306352937126,55.425269850866876,0.006169060268815011,0.14382916637871768,0.14341984497395444,0.9971541140432848
0.1,0.25,1.0,pro,50000.0,3.0,vel_plane,0.0025852306352937126,33.23282144308312,0.006169060268815011,0.09804789285352233,0.08613570691225654,0.8785064564410182
0.1,1.0,0.0,none,5000.0,1.0,pos_range,0.013501701852002071,5000.383449656265,3.419261208704279,67.5136864829445,67.60021604795854,1.0012816596089136
0.1,1.0,0.0,none,5000.0,1.0,pos_inplane,0.013501701852002071,6.748518716902173e-14,3.419261208704279,2.7473448987551943,3.419261208704279,1.2445693331963985
0.1,1.0,0.0,none,5000.0,1.0,pos_plane,0.013501701852002071,1.917231689961213e-13,3.419261208704279,3.4211082848490624,3.419261208704279,0.9994600942177236
0.1,1.0,0.0,none,5000.0,1.0,vel_range,0.013501701852002071,1.0599680924687915,0.003790279567543599,0.02934566508267846,0.01480478371484376,0.5044964451523852
0.1,1.0,0.0,none,5000.0,1.0,vel_inplane,0.013501701852002071,5.528195443321483,0.003790279567543599,0.07471139591859867,0.07473622136493752,1.0003322846004095
0.1,1.0,0.0,none,5000.0,1.0,vel_plane,0.013501701852002071,132.92844306273986,0.003790279567543599,1.730296640067144,1.794764208146515,1.0372581016379188
0.1,1.0,0.0,none,5000.0,3.0,pos_range,0.007343877225879858,5000.383449656265,2.157925225337304,36.722202136597204,36.78555111778606,1.0017250866642806
0.1,1.0,0.0,none,5000.0,3.0,pos_inplane,0.007343877225879858,6.748518716902173e-14,2.157925225337304,1.4935130685951685,2.157925225337304,1.4448653116688803
0.1,1.0,0.0,none,5000.0,3.0,pos_plane,0.007343877225879858,1.917231689961213e-13,2.157925225337304,2.147812205783325,2.157925225337304,1.0047085213161318
0.1,1.0,0.0,none,5000.0,3.0,vel_range,0.007343877225879858,1.0599680924687915,0.0023920781100495,0.016048858475382354,0.008143524008724524,0.5074207627424735
0.1,1.0,0.0,none,5000.0,3.0,vel_inplane,0.007343877225879858,5.528195443321483,0.0023920781100495,0.040628897106068575,0.040668798801225446,1.0009821013613218
0.1,1.0,0.0,none,5000.0,3.0,vel_plane,0.007343877225879858,132.92844306273986,0.0023920781100495,0.9534089750480317,0.9762130964164009,1.0239185092286553
0.1,1.0,0.0,none,50000.0,1.0,pos_range,0.01682290461013326,50000.14466852203,11.679809131631501,841.147664251409,841.2287507075307,1.0000963997875378
0.1,1.0,0.0,none,50000.0,1.0,pos_inplane,0.01682290461013326,3.6323857593175696e-12,11.679809131631501,12.028216723773093,11.679809131631501,0.971034144117724
0.1,1.0,0.0,none,50000.0,1.0,pos_plane,0.01682290461013326,8.729816949498474e-13,11.679809131631501,12.807629665436671,11.679809131631501,0.911941509610575
0.1,1.0,0.0,none,50000.0,1.0,vel_range,0.01682290461013326,1.060037052181206,0.012947165835630306,0.046548567156882485,0.022037275341563804,0.47342542826918055
0.1,1.0,0.0,none,50000.0,1.0,vel_inplane,0.01682290461013326,55.427919110705176,0.012947165835630306,0.9320960383286603,0.9325484771533596,1.0004853993645446
0.1,1.0,0.0,none,50000.0,1.0,vel_plane,0.01682290461013326,132.92495845797617,0.012947165835630306,2.187761682788571,2.2362213771942843,1.0221503533894722
0.1,1.0,0.0,none,50000.0,3.0,pos_range,0.007903085165033952,50000.14466852203,6.8176091387676445,395.1554015793479,395.21420924823127,1.0001488216247287
0.1,1.0,0.0,none,50000.0,3.0,pos_inplane,0.007903085165033952,3.6323857593175696e-12,6.8176091387676445,4.37394768064638,6.8176091387676445,1.558685571145227
0.1,1.0,0.0,none,50000.0,3.0,pos_plane,0.007903085165033952,8.729816949498474e-13,6.8176091387676445,7.038348228449167,6.8176091387676445,0.9686376572291081
0.1,1.0,0.0,none,50000.0,3.0,vel_range,0.007903085165033952,1.060037052181206,0.007557376591290541,0.01979000663383675,0.011282619574454282,0.5701170183118269
0.1,1.0,0.0,none,50000.0,3.0,vel_inplane,0.007903085165033952,55.427919110705176,0.007557376591290541,0.43785638985285463,0.43811675129024896,1.0005946274701663
0.1,1.0,0.0,none,50000.0,3.0,vel_plane,0.007903085165033952,132.92495845797617,0.007557376591290541,1.0431162603962971,1.050544450623353,1.0071211527507336
0.1,1.0,1.0,nor,5000.0,1.0,pos_range,0.006968394733125637,5000.383449656265,3.4771099261505194,34.84464569419332,35.01770447919737,1.004966581853719
0.1,1.0,1.0,nor,5000.0,1.0,pos_inplane,0.006968394733125637,6.748518716902173e-14,3.4771099261505194,2.774139784824106,3.4771099261505194,1.2534011246196035
0.1,1.0,1.0,nor,5000.0,1.0,pos_plane,0.006968394733125637,1.917231689961213e-13,3.4771099261505194,4.559205480650348,3.4771099261505194,0.7626569894486367
0.1,1.0,1.0,nor,5000.0,1.0,vel_range,0.006968394733125637,1.0599680924687915,0.0038544053533089333,0.015673754802965824,0.008331477351096647,0.5315559325657019
0.1,1.0,1.0,nor,5000.0,1.0,vel_inplane,0.006968394733125637,5.528195443321483,0.0038544053533089333,0.03869600424176062,0.03871499516210314,1.0004907721278888
0.1,1.0,1.0,nor,5000.0,1.0,vel_plane,0.006968394733125637,132.92844306273986,0.0038544053533089333,0.9050284846169528,0.9263058817429467,1.023510196074104
0.1,1.0,1.0,nor,5000.0,3.0,pos_range,0.005711977622822528,5000.383449656265,2.150180539882064,28.562078369968706,28.64289784861723,1.0028296077617902
0.1,1.0,1.0,nor,5000.0,3.0,pos_inplane,0.005711977622822528,6.748518716902173e-14,2.150180539882064,1.4875562982988104,2.150180539882064,1.4454448159985875
0.1,1.0,1.0,nor,5000.0,3.0,pos_plane,0.005711977622822528,1.917231689961213e-13,2.150180539882064,2.6940743048329407,2.150180539882064,0.798114786969618
0.1,1.0,1.0,nor,5000.0,3.0,vel_range,0.005711977622822528,1.0599680924687915,0.002383493061629297,0.012360170278726526,0.0065067794841086836,0.5264312171578821
0.1,1.0,1.0,nor,5000.0,3.0,vel_inplane,0.005711977622822528,5.528195443321483,0.002383493061629297,0.03149471813692819,0.031666756436453176,1.0054624492518722
0.1,1.0,1.0,nor,5000.0,3.0,vel_plane,0.005711977622822528,132.92844306273986,0.002383493061629297,0.7319498521395923,0.7592880332505887,1.0373498007152855
0.1,1.0,1.0,nor,50000.0,1.0,pos_range,0.014280437786759081,50000.14466852203,11.702297529321495,714.0239552677825,714.1198446085315,1.0001342942908868
0.1,1.0,1.0,nor,50000.0,1.0,pos_inplane,0.014280437786759081,3.6323857593175696e-12,11.702297529321495,11.812795075748204,11.702297529321495,0.9906459440193319
0.1,1.0,1.0,nor,50000.0,1.0,pos_plane,0.014280437786759081,8.729816949498474e-13,11.702297529321495,15.611623975481693,11.702297529321495,0.7495887389870612
0.1,1.0,1.0,nor,50000.0,1.0,vel_range,0.014280437786759081,1.060037052181206,0.01297209441202985,0.040087434947893914,0.01993559669670764,0.4973028761411187
0.1,1.0,1.0,nor,50000.0,1.0,vel_inplane,0.014280437786759081,55.427919110705176,0.01297209441202985,0.7922142511209536,0.7916412401537757,0.999276696971347
0.1,1.0,1.0,nor,50000.0,1.0,vel_plane,0.014280437786759081,132.92495845797617,0.01297209441202985,1.8754144933591077,1.8982709233762853,1.0121874018240302
0.1,1.0,1.0,nor,50000.0,3.0,pos_range,0.007625484250263237,50000.14466852203,6.802903214940385,381.27531568069804,381.33600123718696,1.0001591646613173
0.1,1.0,1.0,nor,50000.0,3.0,pos_inplane,0.007625484250263237,3.6323857593175696e-12,6.802903214940385,4.3435591773584665,6.802903214940385,1.5662047959198215
0.1,1.0,1.0,nor,50000.0,3.0,pos_plane,0.007625484250263237,8.729816949498474e-13,6.802903214940385,7.095151924127588,6.802903214940385,0.9588100843629028
0.1,1.0,1.0,nor,50000.0,3.0,vel_range,0.007625484250263237,1.060037052181206,0.007541074952076076,0.019134711533983467,0.01105474934896578,0.5777327413236629
0.1,1.0,1.0,nor,50000.0,3.0,vel_inplane,0.007625484250263237,55.427919110705176,0.007541074952076076,0.42227258584468363,0.4227319918074492,1.0010879369823324
0.1,1.0,1.0,nor,50000.0,3.0,vel_plane,0.007625484250263237,132.92495845797617,0.007541074952076076,1.002026231953347,1.0136452287178153,1.0115955015886342
0.1,1.0,1.0,pro,5000.0,1.0,pos_range,0.007073148388981293,5000.383449656265,4.027037336618425,35.36845414122493,35.59697428223991,1.0064611288947634
0.1,1.0,1.0,pro,5000.0,1.0,pos_inplane,0.007073148388981293,6.748518716902173e-14,4.027037336618425,4.155383770905458,4.027037336618425,0.9691132176080414
0.1,1.0,1.0,pro,5000.0,1.0,pos_plane,0.007073148388981293,1.917231689961213e-13,4.027037336618425,3.76915705629218,4.027037336618425,1.0684185552564711
0.1,1.0,1.0,pro,5000.0,1.0,vel_range,0.007073148388981293,1.0599680924687915,0.004464004474377117,0.01682957807010592,0.00872565282709445,0.5184712766265764
0.1,1.0,1.0,pro,5000.0,1.0,vel_inplane,0.007073148388981293,5.528195443321483,0.004464004474377117,0.0290388843516907,0.039355735674249805,1.3552771242039277
0.1,1.0,1.0,pro,5000.0,1.0,vel_plane,0.007073148388981293,132.92844306273986,0.004464004474377117,0.8284596484406346,0.9402331999765465,1.1349173152202372
0.1,1.0,1.0,pro,5000.0,3.0,pos_range,0.001228077936991915,5000.383449656265,3.0421122088210093,6.140860591022381,6.853073433827307,1.1159793211795337
0.1,1.0,1.0,pro,5000.0,3.0,pos_inplane,0.001228077936991915,6.748518716902173e-14,3.0421122088210093,2.940302897400484,3.0421122088210093,1.0346254501570347
0.1,1.0,1.0,pro,5000.0,3.0,pos_plane,0.001228077936991915,1.917231689961213e-13,3.0421122088210093,2.9361580096090023,3.0421122088210093,1.0360860004350094
0.1,1.0,1.0,pro,5000.0,3.0,vel_range,0.001228077936991915,1.0599680924687915,0.0033722067556338107,0.002275653396173344,0.003614728521820939,1.588435447990162
0.1,1.0,1.0,pro,5000.0,3.0,vel_inplane,0.001228077936991915,5.528195443321483,0.0033722067556338107,0.005891545371302098,0.007580438261163948,1.2866638179667595
0.1,1.0,1.0,pro,5000.0,3.0,vel_plane,0.001228077936991915,132.92844306273986,0.0033722067556338107,0.1149902260183425,0.16328131449505798,1.4199582012214882
0.1,1.0,1.0,pro,50000.0,1.0,pos_range,0.015877812879144353,50000.14466852203,12.243861129214457,793.8929409769397,793.9873512017472,1.0001189205999128
0.1,1.0,1.0,pro,50000.0,1.0,pos_inplane,0.015877812879144353,3.6323857593175696e-12,12.243861129214457,15.373990802582261,12.243861129214457,0.796400966179708
0.1,1.0,1.0,pro,50000.0,1.0,pos_plane,0.015877812879144353,8.729816949498474e-13,12.243861129214457,13.494940417672302,12.243861129214457,0.9072927149185858
0.1,1.0,1.0,pro,50000.0,1.0,vel_range,0.015877812879144353,1.060037052181206,0.013572422179318944,0.04419514585539694,0.02162164563105721,0.48923123145246633
0.1,1.0,1.0,pro,50000.0,1.0,vel_inplane,0.015877812879144353,55.427919110705176,0.013572422179318944,0.8522209371380852,0.8801787780207974,1.032805860152415
0.1,1.0,1.0,pro,50000.0,1.0,vel_plane,0.015877812879144353,132.92495845797617,0.013572422179318944,2.045516320739173,2.1106012571909694,1.0318183413116337
0.1,1.0,1.0,pro,50000.0,3.0,pos_range,0.0024531967580497115,50000.14466852203,7.817668045536747,122.6601928028348,122.90906733068482,1.0020289755149012
0.1,1.0,1.0,pro,50000.0,3.0,pos_inplane,0.0024531967580497115,3.6323857593175696e-12,7.817668045536747,10.36200579450516,7.817668045536747,0.754455093017064
0.1,1.0,1.0,pro,50000.0,3.0,pos_plane,0.0024531967580497115,8.729816949498474e-13,7.817668045536747,8.357052493294326,7.817668045536747,0.9354575733261962
0.1,1.0,1.0,pro,50000.0,3.0,vel_range,0.0024531967580497115,1.060037052181206,0.008665950230244355,0.005271126413766718,0.009047717215631584,1.71646750721088
0.1,1.0,1.0,pro,50000.0,3.0,vel_inplane,0.0024531967580497115,55.427919110705176,0.008665950230244355,0.1367361451246785,0.13625145932582716,0.9964553205854283
0.1,1.0,1.0,pro,50000.0,3.0,vel_plane,0.0024531967580497115,132.92495845797617,0.008665950230244355,0.38071065300522605,0.3262062067039754,0.8568349851231968
1.0,0.0,0.0,none,5000.0,1.0,pos_range,0.46742183451534014,5036.256511657402,1.0609580774847631,2354.0562577687306,2354.0564968522235,1.0000001015623532
1.0,0.0,0.0,none,5000.0,1.0,pos_inplane,0.46742183451534014,6.113880844160158e-13,1.0609580774847631,1.9243363917853051,1.0609580774847631,0.5513371165321351
1.0,0.0,0.0,none,5000.0,1.0,pos_plane,0.46742183451534014,5.095942673421292e-14,1.0609580774847631,1.0505472400329954,1.0609580774847631,1.009909918426363
1.0,0.0,0.0,none,5000.0,1.0,vel_range,0.46742183451534014,0.992779089871277,0.001176080877610023,0.46231753501799805,0.4640481137848101,1.0037432687184247
1.0,0.0,0.0,none,5000.0,1.0,vel_inplane,0.46742183451534014,5.462957900317138,0.001176080877610023,2.5556893262665086,2.5535060744830047,0.9991457288015937
1.0,0.0,0.0,none,5000.0,1.0,vel_plane,0.46742183451534014,2.4079065854827266e-14,0.001176080877610023,0.001206750408242812,0.001176080877610023,0.9745850256827773
1.0,0.0,0.0,none,5000.0,3.0,pos_range,0.06815193735069106,5036.256511657402,0.8804273266871867,343.23063826448515,343.231767462925,1.0000032899115463
1.0,0.0,0.0,none,5000.0,3.0,pos_inplane,0.06815193735069106,6.113880844160158e-13,0.8804273266871867,1.3259931677777739,0.8804273266871867,0.6639757640400901
1.0,0.0,0.0,none,5000.0,3.0,pos_plane,0.06815193735069106,5.095942673421292e-14,0.8804273266871867,0.8737924086146369,0.8804273266871867,1.007593242979839
1.0,0.0,0.0,none,5000.0,3.0,vel_range,0.06815193735069106,0.992779089871277,0.0009759610346686706,0.06729432659639113,0.06766685685917044,1.0055358346181784
1.0,0.0,0.0,none,5000.0,3.0,vel_inplane,0.06815193735069106,5.462957900317138,0.0009759610346686706,0.37274598639034473,0.3723124437415542,0.9988368951923831
1.0,0.0,0.0,none,5000.0,3.0,vel_plane,0.06815193735069106,2.4079065854827266e-14,0.0009759610346686706,0.0009944629439793786,0.0009759610346686706,0.9813950741727269
1.0,0.0,0.0,none,50000.0,1.0,pos_range,0.5172950981277774,50005.69448471631,7.653541205262496,25867.700635418973,25867.701767655133,1.000000043770267
1.0,0.0,0.0,none,50000.0,1.0,pos_inplane,0.5172950981277774,1.256131013555138e-12,7.653541205262496,16.672581786247264,7.653541205262496,0.4590495523360205
1.0,0.0,0.0,none,50000.0,1.0,pos_plane,0.5172950981277774,2.19942206828918e-12,7.653541205262496,7.62953089289707,7.653541205262496,1.0031470234150017
1.0,0.0,0.0,none,50000.0,1.0,vel_range,0.5172950981277774,0.999855420749357,0.00848401425893179,0.3536621095737876,0.5172898853596013,1.462666967583856
1.0,0.0,0.0,none,50000.0,1.0,vel_inplane,0.5172950981277774,55.41606488563054,0.00848401425893179,28.682092725378265,28.66645997831553,0.9994549649074629
1.0,0.0,0.0,none,50000.0,1.0,vel_plane,0.5172950981277774,3.2961295025549443e-13,0.00848401425893179,0.008513306300402645,0.00848401425893179,0.9965592637646
1.0,0.0,0.0,none,50000.0,3.0,pos_range,0.070745329657964,50005.69448471631,4.856419658782981,3537.669341096687,3537.6726744778657,1.0000009422534606
1.0,0.0,0.0,none,50000.0,3.0,pos_inplane,0.070745329657964,1.256131013555138e-12,4.856419658782981,8.193146732474299,4.856419658782981,0.5927416922162654
1.0,0.0,0.0,none,50000.0,3.0,pos_plane,0.070745329657964,2.19942206828918e-12,4.856419658782981,4.849801577046599,4.856419658782981,1.0013646087641408
1.0,0.0,0.0,none,50000.0,3.0,vel_range,0.070745329657964,0.999855420749357,0.005383381695801343,0.04670779433102972,0.07093966000517218,1.5187970449301293
1.0,0.0,0.0,none,50000.0,3.0,vel_inplane,0.070745329657964,55.41606488563054,0.005383381695801343,3.922655479077601,3.920431474806384,0.9994330360432929
1.0,0.0,0.0,none,50000.0,3.0,vel_plane,0.070745329657964,3.2961295025549443e-13,0.005383381695801343,0.005392069181900835,0.005383381695801343,0.9983888400155079
1.0,0.0,1.0,nor,5000.0,1.0,pos_range,0.0030237118573242356,5036.256511657402,1.063164384928891,15.22818853082488,15.26525612099999,1.0024341431090162
1.0,0.0,1.0,nor,5000.0,1.0,pos_inplane,0.0030237118573242356,6.113880844160158e-13,1.063164384928891,1.3985906560311026,1.063164384928891,0.7601683740301264
1.0,0.0,1.0,nor,5000.0,1.0,pos_plane,0.0030237118573242356,5.095942673421292e-14,1.063164384928891,1.9113455602454785,1.063164384928891,0.556238707977194
1.0,0.0,1.0,nor,5000.0,1.0,vel_range,0.0030237118573242356,0.992779089871277,0.0011785265878131246,0.0031713952966887283,0.0032249334689566085,1.0168815827922113
1.0,0.0,1.0,nor,5000.0,1.0,vel_inplane,0.0030237118573242356,5.462957900317138,0.0011785265878131246,0.01648441759655326,0.016560398937915964,1.004609282731262
1.0,0.0,1.0,nor,5000.0,1.0,vel_plane,0.0030237118573242356,2.4079065854827266e-14,0.0011785265878131246,0.001722660281631071,0.0011785265878131246,0.6841317469148689
1.0,0.0,1.0,nor,5000.0,3.0,pos_range,0.002297091996667578,5036.256511657402,0.8810366474184905,11.568744526093194,11.60224441580618,1.0028957238737035
1.0,0.0,1.0,nor,5000.0,3.0,pos_inplane,0.002297091996667578,6.113880844160158e-13,0.8810366474184905,1.2447425869681459,0.8810366474184905,0.7078063019957049
1.0,0.0,1.0,nor,5000.0,3.0,pos_plane,0.002297091996667578,5.095942673421292e-14,0.8810366474184905,1.033228353276483,0.8810366474184905,0.8527027395489337
1.0,0.0,1.0,nor,5000.0,3.0,vel_range,0.002297091996667578,0.992779089871277,0.000976636471781244,0.0023631056553748654,0.002480830789303722,1.0498179730817756
1.0,0.0,1.0,nor,5000.0,3.0,vel_inplane,0.002297091996667578,5.462957900317138,0.000976636471781244,0.012703759342318566,0.012586863526392794,0.9907983288429929
1.0,0.0,1.0,nor,5000.0,3.0,vel_plane,0.002297091996667578,2.4079065854827266e-14,0.000976636471781244,0.0013545450893822381,0.000976636471781244,0.7210069856195445
1.0,0.0,1.0,nor,50000.0,1.0,pos_range,0.024704902227581302,50005.69448471631,7.654028507029426,1235.3857930672177,1235.4095037131233,1.0000191929080282
1.0,0.0,1.0,nor,50000.0,1.0,pos_inplane,0.024704902227581302,1.256131013555138e-12,7.654028507029426,9.448398582946037,7.654028507029426,0.8100873856914362
1.0,0.0,1.0,nor,50000.0,1.0,pos_plane,0.024704902227581302,2.19942206828918e-12,7.654028507029426,17.754530936476115,7.654028507029426,0.4311028285914594
1.0,0.0,1.0,nor,50000.0,1.0,vel_range,0.024704902227581302,0.999855420749357,0.008484554437004679,0.01906916655919498,0.026117874876876824,1.3696390346059997
1.0,0.0,1.0,nor,50000.0,1.0,vel_inplane,0.024704902227581302,55.41606488563054,0.008484554437004679,1.3696836349677248,1.3690747557149698,0.9995554599345349
1.0,0.0,1.0,nor,50000.0,1.0,vel_plane,0.024704902227581302,3.2961295025549443e-13,0.008484554437004679,0.012835218880886396,0.008484554437004679,0.661036988597014
1.0,0.0,1.0,nor,50000.0,3.0,pos_range,0.013780444229389486,50005.69448471631,4.856703589596875,689.1006839985223,689.1177985344659,1.0000248360455026
1.0,0.0,1.0,nor,50000.0,3.0,pos_inplane,0.013780444229389486,1.256131013555138e-12,4.856703589596875,6.212299732166636,4.856703589596875,0.7817883551962849
1.0,0.0,1.0,nor,50000.0,3.0,pos_plane,0.013780444229389486,2.19942206828918e-12,4.856703589596875,7.102299384405385,4.856703589596875,0.6838212988121571
1.0,0.0,1.0,nor,50000.0,3.0,vel_range,0.013780444229389486,0.999855420749357,0.005383696435476615,0.010587956253975623,0.014792901103327632,1.3971441464704875
1.0,0.0,1.0,nor,50000.0,3.0,vel_inplane,0.013780444229389486,55.41606488563054,0.005383696435476615,0.7640691265441018,0.7636769685370837,0.9994867506179816
1.0,0.0,1.0,nor,50000.0,3.0,vel_plane,0.013780444229389486,3.2961295025549443e-13,0.005383696435476615,0.009738582709953196,0.005383696435476615,0.5528213494530653
1.0,0.0,1.0,pro,5000.0,1.0,pos_range,0.004816907605340902,5036.256511657402,1.206846897184822,24.259182293450184,24.289182880041302,1.0012366693249681
1.0,0.0,1.0,pro,5000.0,1.0,pos_inplane,0.004816907605340902,6.113880844160158e-13,1.206846897184822,2.7127071782774768,1.206846897184822,0.4448865350631576
1.0,0.0,1.0,pro,5000.0,1.0,pos_plane,0.004816907605340902,5.095942673421292e-14,1.206846897184822,1.207310840560742,1.206846897184822,0.9996157216846455
1.0,0.0,1.0,pro,5000.0,1.0,vel_range,0.004816907605340902,0.992779089871277,0.001337799851005369,0.003335538370843,0.004965725463267459,1.488732825463632
1.0,0.0,1.0,pro,5000.0,1.0,vel_inplane,0.004816907605340902,5.462957900317138,0.001337799851005369,0.019667854982384974,0.026348547557890088,1.3396757084841489
1.0,0.0,1.0,pro,5000.0,1.0,vel_plane,0.004816907605340902,2.4079065854827266e-14,0.001337799851005369,0.0013712244910843968,0.001337799851005369,0.9756242392865994
1.0,0.0,1.0,pro,5000.0,3.0,pos_range,0.001496235040777257,5036.256511657402,1.024786353829095,7.535423467084439,7.604787564375564,1.0092050695749368
1.0,0.0,1.0,pro,5000.0,3.0,pos_inplane,0.001496235040777257,6.113880844160158e-13,1.024786353829095,1.573927047439446,1.024786353829095,0.6511015586753375
1.0,0.0,1.0,pro,5000.0,3.0,pos_plane,0.001496235040777257,5.095942673421292e-14,1.024786353829095,1.0264954307478262,1.024786353829095,0.9983350369933103
1.0,0.0,1.0,pro,5000.0,3.0,vel_range,0.001496235040777257,0.992779089871277,0.001135984220254364,0.002216937023553189,0.0018700173781271597,0.8435139826976209
1.0,0.0,1.0,pro,5000.0,3.0,vel_inplane,0.001496235040777257,5.462957900317138,0.001135984220254364,0.007923761636934484,0.008252429653049636,1.0414787863611588
1.0,0.0,1.0,pro,5000.0,3.0,vel_plane,0.001496235040777257,2.4079065854827266e-14,0.001135984220254364,0.0011595150697977425,0.001135984220254364,0.979706301232046
1.0,0.0,1.0,pro,50000.0,1.0,pos_range,0.0295659881148315,50005.69448471631,8.201394630240936,1478.4677688090171,1478.490516128188,1.0000153857389729
1.0,0.0,1.0,pro,50000.0,1.0,pos_inplane,0.0295659881148315,1.256131013555138e-12,8.201394630240936,25.22759509957195,8.201394630240936,0.32509617337167795
1.0,0.0,1.0,pro,50000.0,1.0,pos_plane,0.0295659881148315,2.19942206828918e-12,8.201394630240936,8.16630282769464,8.201394630240936,1.0042971468590765
1.0,0.0,1.0,pro,50000.0,1.0,vel_range,0.0295659881148315,0.999855420749357,0.009091314349787221,0.022502462624782213,0.030928092421941396,1.3744314539102909
1.0,0.0,1.0,pro,50000.0,1.0,vel_inplane,0.0295659881148315,55.41606488563054,0.009091314349787221,1.5860595601326337,1.6384559384999104,1.0330355679473318
1.0,0.0,1.0,pro,50000.0,1.0,vel_plane,0.0295659881148315,3.2961295025549443e-13,0.009091314349787221,0.009153446688690984,0.009091314349787221,0.9932121373492537
1.0,0.0,1.0,pro,50000.0,3.0,pos_range,0.004309224122175901,50005.69448471631,5.693107367956082,215.48574491969785,215.56093740541257,1.000348944129658
1.0,0.0,1.0,pro,50000.0,3.0,pos_inplane,0.004309224122175901,1.256131013555138e-12,5.693107367956082,10.67085157111247,5.693107367956082,0.5335194974849189
1.0,0.0,1.0,pro,50000.0,3.0,pos_plane,0.004309224122175901,2.19942206828918e-12,5.693107367956082,5.691608014904152,5.693107367956082,1.0002634322405906
1.0,0.0,1.0,pro,50000.0,3.0,vel_range,0.004309224122175901,0.999855420749357,0.006310856999653725,0.011667601081022936,0.007641397744515205,0.6549244948855638
1.0,0.0,1.0,pro,50000.0,3.0,vel_inplane,0.004309224122175901,55.41606488563054,0.006310856999653725,0.23952665987618157,0.23888361861159504,0.9973153666280031
1.0,0.0,1.0,pro,50000.0,3.0,vel_plane,0.004309224122175901,3.2961295025549443e-13,0.006310856999653725,0.006320368481432451,0.006310856999653725,0.9984951064472478
1.0,0.0075225,0.0,none,5000.0,1.0,pos_range,0.4223394869776067,5036.256511657923,1.0652714696001637,2127.0099914212383,2127.010258181441,1.000000125415585
1.0,0.0075225,0.0,none,5000.0,1.0,pos_inplane,0.4223394869776067,1.8735245379691714e-13,1.0652714696001637,1.85371784635542,1.0652714696001637,0.5746675372924663
1.0,0.0075225,0.0,none,5000.0,1.0,pos_plane,0.4223394869776067,1.9906751585621673e-13,1.0652714696001637,1.0575029148152406,1.0652714696001637,1.0073461308485192
1.0,0.0075225,0.0,none,5000.0,1.0,vel_range,0.4223394869776067,0.9927139107978776,0.0011808623087449675,0.4176118859319232,0.4192639467621619,1.0039559717668285
1.0,0.0075225,0.0,none,5000.0,1.0,vel_inplane,0.4223394869776067,5.462950084196717,0.0011808623087449675,2.3091806745434456,2.307219838133559,0.9991508518880731
1.0,0.0075225,0.0,none,5000.0,1.0,vel_plane,0.4223394869776067,1.000081882948527,0.0011808623087449675,0.42177817019794683,0.42237572008873886,1.0014167397295872
1.0,0.0075225,0.0,none,5000.0,3.0,pos_range,0.066461639863991,5036.256511657923,0.8831631294284469,334.71786654048844,334.7190316646627,1.0000034809141989
1.0,0.0075225,0.0,none,5000.0,3.0,pos_inplane,0.066461639863991,1.8735245379691714e-13,0.8831631294284469,1.2919981173263904,0.8831631294284469,0.6835637897491906
1.0,0.0075225,0.0,none,5000.0,3.0,pos_plane,0.066461639863991,1.9906751585621673e-13,0.8831631294284469,0.8785502247766118,0.8831631294284469,1.0052505872991018
1.0,0.0075225,0.0,none,5000.0,3.0,vel_range,0.066461639863991,0.9927139107978776,0.0009789936948247976,0.0656216199407942,0.06598465733855262,1.0055322833859628
1.0,0.0075225,0.0,none,5000.0,3.0,vel_inplane,0.066461639863991,5.462950084196717,0.0009789936948247976,0.36346963332522475,0.3630779409595095,0.9989223518836173
1.0,0.0075225,0.0,none,5000.0,3.0,vel_plane,0.066461639863991,1.000081882948527,0.0009789936948247976,0.06618028637193123,0.06647429134743624,1.0044424856951013
1.0,0.0075225,0.0,none,50000.0,1.0,pos_range,0.4535925545323325,50005.694484715765,7.654098260286984,22682.21070248559,22682.211993920966,1.0000000569360452
1.0,0.0075225,0.0,none,50000.0,1.0,pos_inplane,0.4535925545323325,3.837961300023154e-12,7.654098260286984,15.337408860107145,7.654098260286984,0.49904767683382434
1.0,0.0075225,0.0,none,50000.0,1.0,pos_plane,0.4535925545323325,2.8667225797628458e-12,7.654098260286984,7.6996225176301785,7.654098260286984,0.9940874689325412
1.0,0.0075225,0.0,none,50000.0,1.0,vel_range,0.4535925545323325,0.9997897770925029,0.008484631759072447,0.31000032059818583,0.4535765629580847,1.4631486899202228
1.0,0.0075225,0.0,none,50000.0,1.0,vel_inplane,0.4535925545323325,55.41606433492965,0.008484631759072447,25.150019070301823,25.136315615780383,0.9994551314460981
1.0,0.0075225,0.0,none,50000.0,1.0,vel_plane,0.4535925545323325,1.000057523488942,0.008484631759072447,0.4459446586217358,0.4536979894855336,1.0173863072780391
1.0,0.0075225,0.0,none,50000.0,3.0,pos_range,0.06546171955552044,50005.694484715765,4.856721757958757,3273.4587485374977,3273.4623514137015,1.0000011006328415
1.0,0.0075225,0.0,none,50000.0,3.0,pos_inplane,0.06546171955552044,3.837961300023154e-12,4.856721757958757,7.857384410250972,4.856721757958757,0.6181092211324849
1.0,0.0075225,0.0,none,50000.0,3.0,pos_plane,0.06546171955552044,2.8667225797628458e-12,4.856721757958757,4.852286706511109,4.856721757958757,1.0009140126533944
1.0,0.0075225,0.0,none,50000.0,3.0,vel_range,0.06546171955552044,0.9997897770925029,0.005383716575257292,0.043309916107282145,0.06566901560751807,1.5162582038914747
1.0,0.0075225,0.0,none,50000.0,3.0,vel_inplane,0.06546171955552044,55.41606433492965,0.005383716575257292,3.6296804882883245,3.627634857311138,0.9994364156889878
1.0,0.0075225,0.0,none,50000.0,3.0,vel_plane,0.06546171955552044,1.000057523488942,0.005383716575257292,0.062166901752037006,0.06568648376220884,1.0566150461255135
1.0,0.0075225,1.0,nor,5000.0,1.0,pos_range,0.002997504835842126,5036.256511657923,1.069929978699564,15.096203248236021,15.134070921975086,1.0025084236821924
1.0,0.0075225,1.0,nor,5000.0,1.0,pos_inplane,0.002997504835842126,1.8735245379691714e-13,1.069929978699564,1.4015313857015286,1.069929978699564,0.7634006556078775
1.0,0.0075225,1.0,nor,5000.0,1.0,pos_plane,0.002997504835842126,1.9906751585621673e-13,1.069929978699564,1.9221639473658216,1.069929978699564,0.5566278465298555
1.0,0.0075225,1.0,nor,5000.0,1.0,vel_range,0.002997504835842126,0.9927139107978776,0.0011860263049350579,0.003127642730830862,0.0032033168887612745,1.0241952692308656
1.0,0.0075225,1.0,nor,5000.0,1.0,vel_inplane,0.002997504835842126,5.462950084196717,0.0011860263049350579,0.016372411945330973,0.016418113940602257,1.0027914027220843
1.0,0.0075225,1.0,nor,5000.0,1.0,vel_plane,0.002997504835842126,1.000081882948527,0.0011860263049350579,0.00434614971234634,0.0032238432250179514,0.7417699431429635
1.0,0.0075225,1.0,nor,5000.0,3.0,pos_range,0.002162927195007095,5036.256511657923,0.8827211447272149,10.893056170096488,10.92876339501527,1.003277980427275
1.0,0.0075225,1.0,nor,5000.0,3.0,pos_inplane,0.002162927195007095,1.8735245379691714e-13,0.8827211447272149,1.2424510047581105,0.8827211447272149,0.710467568818997
1.0,0.0075225,1.0,nor,5000.0,3.0,pos_plane,0.002162927195007095,1.9906751585621673e-13,0.8827211447272149,1.0433173390318367,0.8827211447272149,0.8460715754483198
1.0,0.0075225,1.0,nor,5000.0,3.0,vel_range,0.002162927195007095,0.9927139107978776,0.000978503751097193,0.002223813250509846,0.002359618537832691,1.0610686564133518
1.0,0.0075225,1.0,nor,5000.0,3.0,vel_inplane,0.002162927195007095,5.462950084196717,0.000978503751097193,0.011843696250464886,0.01185641001091407,1.00107346221824
1.0,0.0075225,1.0,nor,5000.0,3.0,vel_plane,0.002162927195007095,1.000081882948527,0.000978503751097193,0.0015281922859672935,0.0023741292744184485,1.5535540234164353
1.0,0.0075225,1.0,nor,50000.0,1.0,pos_range,0.02452975567430821,50005.694484715765,7.655005227230981,1226.6274680341792,1226.6513540696765,1.0000194729338123
1.0,0.0075225,1.0,nor,50000.0,1.0,pos_inplane,0.02452975567430821,3.837961300023154e-12,7.655005227230981,9.448906235790915,7.655005227230981,0.8101472314578665
1.0,0.0075225,1.0,nor,50000.0,1.0,pos_plane,0.02452975567430821,2.8667225797628458e-12,7.655005227230981,17.606714822535693,7.655005227230981,0.43477760072725014
1.0,0.0075225,1.0,nor,50000.0,1.0,vel_range,0.02452975567430821,0.9997897770925029,0.008485637139494252,0.01893184954457217,0.025951146250245763,1.3707665587109028
1.0,0.0075225,1.0,nor,50000.0,1.0,vel_inplane,0.02452975567430821,55.41606433492965,0.008485637139494252,1.3600207107931894,1.3593690039217776,0.9995208110683611
1.0,0.0075225,1.0,nor,50000.0,1.0,vel_plane,0.02452975567430821,1.000057523488942,0.008485637139494252,0.03470655440623811,0.025957353060115797,0.74790924954078
1.0,0.0075225,1.0,nor,50000.0,3.0,pos_range,0.013196037760487781,50005.694484715765,4.856654572465405,659.8770326597247,659.8949047579014,1.0000270839827605
1.0,0.0075225,1.0,nor,50000.0,3.0,pos_inplane,0.013196037760487781,3.837961300023154e-12,4.856654572465405,6.187851527827662,4.856654572465405,0.7848692798500946
1.0,0.0075225,1.0,nor,50000.0,3.0,pos_plane,0.013196037760487781,2.8667225797628458e-12,4.856654572465405,6.975112961302587,4.856654572465405,0.6962832859352625
1.0,0.0075225,1.0,nor,50000.0,3.0,vel_range,0.013196037760487781,0.9997897770925029,0.0053836420995775625,0.0102906373959316,0.014249414304552536,1.3846969586340723
1.0,0.0075225,1.0,nor,50000.0,3.0,vel_inplane,0.013196037760487781,55.41606433492965,0.0053836420995775625,0.731630832791006,0.731292294471384,0.9995372825960183
1.0,0.0075225,1.0,nor,50000.0,3.0,vel_plane,0.013196037760487781,1.000057523488942,0.0053836420995775625,0.007146567384748444,0.014252685682415382,1.9943400677690621
1.0,0.0075225,1.0,pro,5000.0,1.0,pos_range,0.0048034401626943415,5036.256511657923,1.2125096657475098,24.191356797728567,24.221724203791506,1.0012552998294744
1.0,0.0075225,1.0,pro,5000.0,1.0,pos_inplane,0.0048034401626943415,1.8735245379691714e-13,1.2125096657475098,2.7084924888388624,1.2125096657475098,0.44766956923233553
1.0,0.0075225,1.0,pro,5000.0,1.0,pos_plane,0.0048034401626943415,1.9906751585621673e-13,1.2125096657475098,1.2219918859452972,1.2125096657475098,0.9922403574795816
1.0,0.0075225,1.0,pro,5000.0,1.0,vel_range,0.0048034401626943415,0.9927139107978776,0.0013440770771863478,0.0033253885759204935,0.004954248787584256,1.4898255269951066
1.0,0.0075225,1.0,pro,5000.0,1.0,vel_inplane,0.0048034401626943415,5.462950084196717,0.0013440770771863478,0.019612138936395986,0.02627535350260232,1.3397495085985147
1.0,0.0075225,1.0,pro,5000.0,1.0,vel_plane,0.0048034401626943415,1.000081882948527,0.0013440770771863478,0.004330224154843514,0.004988322294857295,1.1519778460608499
1.0,0.0075225,1.0,pro,5000.0,3.0,pos_range,0.001459922264812502,5036.256511657923,1.0287069741650134,7.352543012676345,7.424158322123221,1.0097402095198091
1.0,0.0075225,1.0,pro,5000.0,3.0,pos_inplane,0.001459922264812502,1.8735245379691714e-13,1.0287069741650134,1.5754497425542604,1.0287069741650134,0.6529608316779318
1.0,0.0075225,1.0,pro,5000.0,3.0,pos_plane,0.001459922264812502,1.9906751585621673e-13,1.0287069741650134,1.032624789594711,1.0287069741650134,0.9962059641903085
1.0,0.0075225,1.0,pro,5000.0,3.0,vel_range,0.001459922264812502,0.9927139107978776,0.0011403302605959144,0.0021670678133116797,0.001844120528340444,0.8509749981115208
1.0,0.0075225,1.0,pro,5000.0,3.0,vel_inplane,0.001459922264812502,5.462950084196717,0.0011403302605959144,0.007718300003474971,0.008056591932366557,1.0438298496740577
1.0,0.0075225,1.0,pro,5000.0,3.0,vel_plane,0.001459922264812502,1.000081882948527,0.0011403302605959144,0.001759006695702037,0.0018525860797898,1.0532001295483497
1.0,0.0075225,1.0,pro,50000.0,1.0,pos_range,0.02955549993915469,50005.694484715765,8.201935881777326,1477.9433003004046,1477.966058695213,1.000015398692767
1.0,0.0075225,1.0,pro,50000.0,1.0,pos_inplane,0.02955549993915469,3.837961300023154e-12,8.201935881777326,25.218609737822415,8.201935881777326,0.32523346715168877
1.0,0.0075225,1.0,pro,50000.0,1.0,pos_plane,0.02955549993915469,2.8667225797628458e-12,8.201935881777326,8.167975874324226,8.201935881777326,1.0041577017336514
1.0,0.0075225,1.0,pro,50000.0,1.0,vel_range,0.02955549993915469,0.9997897770925029,0.009091914331629515,0.022488490517393562,0.030916391290989435,1.3747650722522873
1.0,0.0075225,1.0,pro,50000.0,1.0,vel_inplane,0.02955549993915469,55.41606433492965,0.009091914331629515,1.5854961858155807,1.6378747210809903,1.0330360525203446
1.0,0.0075225,1.0,pro,50000.0,1.0,vel_plane,0.02955549993915469,1.000057523488942,0.009091914331629515,0.03013942849426203,0.030923954832222156,1.0260299009355631
1.0,0.0075225,1.0,pro,50000.0,3.0,pos_range,0.004298032009359176,50005.694484715765,5.693418882199481,214.92607554554394,215.00147201351217,1.0003508018642078
1.0,0.0075225,1.0,pro,50000.0,3.0,pos_inplane,0.004298032009359176,3.837961300023154e-12,5.693418882199481,10.668911288669147,5.693418882199481,0.5336457233688073
1.0,0.0075225,1.0,pro,50000.0,3.0,pos_plane,0.004298032009359176,2.8667225797628458e-12,5.693418882199481,5.692107444685545,5.693418882199481,1.0002303957763763
1.0,0.0075225,1.0,pro,50000.0,3.0,vel_range,0.004298032009359176,0.9997897770925029,0.0063112023157906585,0.011656953509261417,0.007635220213712928,0.6549927652749723
1.0,0.0075225,1.0,pro,50000.0,3.0,vel_inplane,0.004298032009359176,55.41606433492965,0.0063112023157906585,0.23890191598700394,0.23826361957531617,0.9973282072307762
1.0,0.0075225,1.0,pro,50000.0,3.0,vel_plane,0.004298032009359176,1.000057523488942,0.0063112023157906585,0.007578766507783705,0.007635867937397346,1.0075343962048435
1.0,0.0416939,0.0,none,5000.0,1.0,pos_range,0.23770706412250542,5036.256511657543,1.1720382768831494,1197.1537495539649,1197.1543232786826,1.0000004792406305
1.0,0.0416939,0.0,none,5000.0,1.0,pos_inplane,0.23770706412250542,2.286176866952867e-13,1.1720382768831494,1.692546843388007,1.1720382768831494,0.6924702152036486
1.0,0.0416939,0.0,none,5000.0,1.0,pos_plane,0.23770706412250542,4.08017458486711e-13,1.1720382768831494,1.2179651052414338,1.1720382768831494,0.962292164068871
1.0,0.0416939,0.0,none,5000.0,1.0,vel_range,0.23770706412250542,0.9907767914248043,0.001299214205086317,0.23380124440667285,0.2355182258142277,1.0073437650510035
1.0,0.0416939,0.0,none,5000.0,1.0,vel_inplane,0.23770706412250542,5.462717789362574,0.001299214205086317,1.2996547863592376,1.298527257790081,0.9991324399517543
1.0,0.0416939,0.0,none,5000.0,1.0,vel_plane,0.23770706412250542,5.543012357605315,0.001299214205086317,1.3159978465159408,1.3176138344570396,1.0012279563719477
1.0,0.0416939,0.0,none,5000.0,3.0,pos_range,0.05667746377944407,5036.256511657543,0.9503301092122984,285.4422460234597,285.4438279981436,1.000005542188327
1.0,0.0416939,0.0,none,5000.0,3.0,pos_inplane,0.05667746377944407,2.286176866952867e-13,0.9503301092122984,1.051001883793804,0.9503301092122984,0.9042135165180576
1.0,0.0416939,0.0,none,5000.0,3.0,pos_plane,0.05667746377944407,4.08017458486711e-13,0.9503301092122984,0.9793484080699727,0.9503301092122984,0.9703697901394853
1.0,0.0416939,0.0,none,5000.0,3.0,vel_range,0.05667746377944407,0.9907767914248043,0.0010534488521085606,0.055805902717069415,0.056164596062804606,1.006427516235222
1.0,0.0416939,0.0,none,5000.0,3.0,vel_inplane,0.05667746377944407,5.462717789362574,0.0010534488521085606,0.3098101750876613,0.3096147818026966,0.9993693128868043
1.0,0.0416939,0.0,none,5000.0,3.0,vel_plane,0.05667746377944407,5.543012357605315,0.0010534488521085606,0.31369667417135333,0.3141656483253834,1.0014949924326386
1.0,0.0416939,0.0,none,50000.0,1.0,pos_range,0.16541691348061222,50005.69448471644,7.6705976624702705,8271.787638116268,8271.79119466646,1.0000004299614966
1.0,0.0416939,0.0,none,50000.0,1.0,pos_inplane,0.16541691348061222,5.222674729092283e-12,7.6705976624702705,10.592953131205906,7.6705976624702705,0.724122684907702
1.0,0.0416939,0.0,none,50000.0,1.0,pos_plane,0.16541691348061222,6.624685338396495e-13,7.6705976624702705,7.919727223423498,7.6705976624702705,0.9685431639341822
1.0,0.0416939,0.0,none,50000.0,1.0,vel_range,0.16541691348061222,0.9978388503196732,0.008502921484002732,0.11189364188190083,0.1652782887109901,1.4771017006081057
1.0,0.0416939,0.0,none,50000.0,1.0,vel_inplane,0.16541691348061222,55.41604796812319,0.008502921484002732,9.171709611717958,9.166755555761666,0.9994598546872916
1.0,0.0416939,0.0,none,50000.0,1.0,vel_plane,0.16541691348061222,5.542877343845491,0.008502921484002732,0.9015294635177096,0.9169250879393572,1.0170772282489526
1.0,0.0416939,0.0,none,50000.0,3.0,pos_range,0.030787503050054316,50005.69448471644,4.865673003785951,1539.550471468292,1539.5581603083463,1.0000049942111005
1.0,0.0416939,0.0,none,50000.0,3.0,pos_inplane,0.030787503050054316,5.222674729092283e-12,4.865673003785951,6.031004032025967,4.865673003785951,0.8067766126416348
1.0,0.0416939,0.0,none,50000.0,3.0,pos_plane,0.030787503050054316,6.624685338396495e-13,4.865673003785951,4.8719544095111,4.865673003785951,0.9987107010457884
1.0,0.0416939,0.0,none,50000.0,3.0,vel_range,0.030787503050054316,0.9978388503196732,0.005393639105912892,0.021354536796999418,0.031190850173932052,1.4606193742546905
1.0,0.0416939,0.0,none,50000.0,3.0,vel_inplane,0.030787503050054316,55.41604796812319,0.005393639105912892,1.706951531046259,1.7061302713957125,0.9995188734796452
1.0,0.0416939,0.0,none,50000.0,3.0,vel_plane,0.030787503050054316,5.542877343845491,0.005393639105912892,0.16305683401557253,0.17073656804507123,1.0470985106258426
1.0,0.0416939,1.0,nor,5000.0,1.0,pos_range,0.003181943056776628,5036.256511657543,1.1843027766569822,16.025081439414798,16.0687836567263,1.0027271135860822
1.0,0.0416939,1.0,nor,5000.0,1.0,pos_inplane,0.003181943056776628,2.286176866952867e-13,1.1843027766569822,1.467990015729111,1.1843027766569822,0.8067512476021651
1.0,0.0416939,1.0,nor,5000.0,1.0,pos_plane,0.003181943056776628,4.08017458486711e-13,1.1843027766569822,2.2001911793823696,1.1843027766569822,0.5382726681912413
1.0,0.0416939,1.0,nor,5000.0,1.0,vel_range,0.003181943056776628,0.9907767914248043,0.001312809505375328,0.003243308484814167,0.0034150148062018514,1.0529417174442852
1.0,0.0416939,1.0,nor,5000.0,1.0,vel_inplane,0.003181943056776628,5.462717789362574,0.001312809505375328,0.017551074035017388,0.017431562531721196,0.9931906444552768
1.0,0.0416939,1.0,nor,5000.0,1.0,vel_plane,0.003181943056776628,5.543012357605315,0.001312809505375328,0.019360494092205974,0.017686340143880735,0.9135273128696023
1.0,0.0416939,1.0,nor,5000.0,3.0,pos_range,0.0028575082177413743,5036.256511657543,0.9453780324269961,14.391144368714935,14.422162662561785,1.0021553736834357
1.0,0.0416939,1.0,nor,5000.0,3.0,pos_inplane,0.0028575082177413743,2.286176866952867e-13,0.9453780324269961,1.0730955662294626,0.9453780324269961,0.8809821437887143
1.0,0.0416939,1.0,nor,5000.0,3.0,pos_plane,0.0028575082177413743,4.08017458486711e-13,0.9453780324269961,1.24472695514931,0.9453780324269961,0.7595063548001932
1.0,0.0416939,1.0,nor,5000.0,3.0,vel_range,0.0028575082177413743,0.9907767914248043,0.0010479594336902027,0.002797758764827463,0.0030188814624549517,1.0790356553993765
1.0,0.0416939,1.0,nor,5000.0,3.0,vel_inplane,0.0028575082177413743,5.462717789362574,0.0010479594336902027,0.015324263488503256,0.01564489874206966,1.0209233712149985
1.0,0.0416939,1.0,nor,5000.0,3.0,vel_plane,0.0028575082177413743,5.543012357605315,0.0010479594336902027,0.014719038294793976,0.01587383325305948,1.078455870223121
1.0,0.0416939,1.0,nor,50000.0,1.0,pos_range,0.023684292424959515,50005.69448471644,7.673396017078926,1184.3494910892096,1184.3743487806987,1.0000209884765234
1.0,0.0416939,1.0,nor,50000.0,1.0,pos_inplane,0.023684292424959515,5.222674729092283e-12,7.673396017078926,9.45767571790192,7.673396017078926,0.8113405709771137
1.0,0.0416939,1.0,nor,50000.0,1.0,pos_plane,0.023684292424959515,6.624685338396495e-13,7.673396017078926,16.949427302970314,7.673396017078926,0.4527230259711605
1.0,0.0416939,1.0,nor,50000.0,1.0,vel_range,0.023684292424959515,0.9978388503196732,0.008506023483425568,0.018127095105512633,0.025117248810986304,1.3856190782243922
1.0,0.0416939,1.0,nor,50000.0,1.0,vel_inplane,0.023684292424959515,55.41604796812319,0.008506023483425568,1.3133505660135851,1.3125174478681878,0.9993656544056427
1.0,0.0416939,1.0,nor,50000.0,1.0,vel_plane,0.023684292424959515,5.542877343845491,0.008506023483425568,0.1386605698027262,0.1315544064421856,0.9487513763238489
1.0,0.0416939,1.0,nor,50000.0,3.0,pos_range,0.011136714860487895,50005.69448471644,4.864018144106911,556.8991608769593,556.9204019049467,1.0000381416053026
1.0,0.0416939,1.0,nor,50000.0,3.0,pos_inplane,0.011136714860487895,5.222674729092283e-12,4.864018144106911,5.958203052869048,4.864018144106911,0.8163565593429625
1.0,0.0416939,1.0,nor,50000.0,3.0,pos_plane,0.011136714860487895,6.624685338396495e-13,4.864018144106911,6.539893327131996,4.864018144106911,0.7437457922941346
1.0,0.0416939,1.0,nor,50000.0,3.0,vel_range,0.011136714860487895,0.9978388503196732,0.005391804680156635,0.009330086244157083,0.012351618337685905,1.3238482490363945
1.0,0.0416939,1.0,nor,50000.0,3.0,vel_inplane,0.011136714860487895,55.41604796812319,0.005391804680156635,0.6172856072270599,0.6171762774354549,0.9998228862129215
1.0,0.0416939,1.0,nor,50000.0,3.0,vel_plane,0.011136714860487895,5.542877343845491,0.005391804680156635,0.05299371933708239,0.061964472677041096,1.169279557128224
1.0,0.0416939,1.0,pro,5000.0,1.0,pos_range,0.004585899253693077,5036.256511657543,1.3484133793250603,23.095764978217222,23.135094090376818,1.0017028711626002
1.0,0.0416939,1.0,pro,5000.0,1.0,pos_inplane,0.004585899253693077,2.286176866952867e-13,1.3484133793250603,2.6487228493660298,1.3484133793250603,0.5090805856293353
1.0,0.0416939,1.0,pro,5000.0,1.0,pos_plane,0.004585899253693077,4.08017458486711e-13,1.3484133793250603,1.510058901918927,1.3484133793250603,0.8929541606698563
1.0,0.0416939,1.0,pro,5000.0,1.0,vel_range,0.004585899253693077,0.9907767914248043,0.001494727477166023,0.00312760176790452,0.004783151089873962,1.5293350767858955
1.0,0.0416939,1.0,pro,5000.0,1.0,vel_inplane,0.004585899253693077,5.462717789362574,0.001494727477166023,0.018704717242083703,0.025096026207629456,1.3416950324790775
1.0,0.0416939,1.0,pro,5000.0,1.0,vel_plane,0.004585899253693077,5.543012357605315,0.001494727477166023,0.021821665072019988,0.025463604749867527,1.1668955904981457
1.0,0.0416939,1.0,pro,5000.0,3.0,pos_range,0.0010637299188498957,5036.256511657543,1.1247448925669163,5.357216730452737,5.47401335131712,1.021801735255634
1.0,0.0416939,1.0,pro,5000.0,3.0,pos_inplane,0.0010637299188498957,2.286176866952867e-13,1.1247448925669163,1.6328761129820186,1.1247448925669163,0.6888121417324586
1.0,0.0416939,1.0,pro,5000.0,3.0,pos_plane,0.0010637299188498957,4.08017458486711e-13,1.1247448925669163,1.1603998724778668,1.1247448925669163,0.96927354030571
1.0,0.0416939,1.0,pro,5000.0,3.0,vel_range,0.0010637299188498957,0.9907767914248043,0.0012467890941303354,0.0017352075616887792,0.0016325526413013128,0.9408399763498275
1.0,0.0416939,1.0,pro,5000.0,3.0,vel_inplane,0.0010637299188498957,5.462717789362574,0.0012467890941303354,0.005478601778844118,0.005943108157742508,1.0847855707805052
1.0,0.0416939,1.0,pro,5000.0,3.0,vel_plane,0.0010637299188498957,5.543012357605315,0.0012467890941303354,0.005570332473140991,0.006026645864777118,1.0819185199153512
1.0,0.0416939,1.0,pro,50000.0,1.0,pos_range,0.02925977574927091,50005.69448471644,8.217968182121353,1463.1554068093565,1463.1784851741413,1.0000157730099464
1.0,0.0416939,1.0,pro,50000.0,1.0,pos_inplane,0.02925977574927091,5.222674729092283e-12,8.217968182121353,24.96534915778516,8.217968182121353,0.32917497488949293
1.0,0.0416939,1.0,pro,50000.0,1.0,pos_plane,0.02925977574927091,6.624685338396495e-13,8.217968182121353,8.216382066472539,8.217968182121353,1.0001930430737012
1.0,0.0416939,1.0,pro,50000.0,1.0,vel_range,0.02925977574927091,0.9978388503196732,0.009109686270275209,0.02209117599250863,0.030584708433669523,1.38447624716951
1.0,0.0416939,1.0,pro,50000.0,1.0,vel_inplane,0.02925977574927091,55.41604796812319,0.009109686270275209,1.5696120190179867,1.6214867262571147,1.0330493820196298
1.0,0.0416939,1.0,pro,50000.0,1.0,vel_plane,0.02925977574927091,5.542877343845491,0.009109686270275209,0.15785812775985603,0.1624389878709325,1.029018842273647
1.0,0.0416939,1.0,pro,50000.0,3.0,pos_range,0.0040243380121020855,50005.69448471644,5.702646503152596,201.23981713640802,201.3206004815077,1.0004014282374591
1.0,0.0416939,1.0,pro,50000.0,3.0,pos_inplane,0.0040243380121020855,5.222674729092283e-12,5.702646503152596,10.623091141539248,5.702646503152596,0.5368161138007804
1.0,0.0416939,1.0,pro,50000.0,3.0,pos_plane,0.0040243380121020855,6.624685338396495e-13,5.702646503152596,5.706371201664198,5.702646503152596,0.9993472737086371
1.0,0.0416939,1.0,pro,50000.0,3.0,vel_range,0.0040243380121020855,0.9978388503196732,0.006321431210578396,0.011401316805286088,0.007489049586397951,0.6568583010451688
1.0,0.0416939,1.0,pro,50000.0,3.0,vel_inplane,0.0040243380121020855,55.41604796812319,0.006321431210578396,0.22362240572918948,0.223102482660472,0.997674995638196
1.0,0.0416939,1.0,pro,50000.0,3.0,vel_plane,0.0040243380121020855,5.542877343845491,0.006321431210578396,0.02296867869930424,0.023184833587364003,1.0094108542720097
1.0,0.25,0.0,none,5000.0,1.0,pos_range,0.05946537342476661,5036.2565116566675,2.1410556211459784,299.4828741285762,299.49052742196284,1.00002555502851
1.0,0.25,0.0,none,5000.0,1.0,pos_inplane,0.05946537342476661,3.4234752777696753e-13,2.1410556211459784,2.223189347755942,2.1410556211459784,0.9630559013370281
1.0,0.25,0.0,none,5000.0,1.0,pos_plane,0.05946537342476661,2.1997070293601248e-14,2.1410556211459784,2.352032128638736,2.1410556211459784,0.9103003292668189
1.0,0.25,0.0,none,5000.0,1.0,vel_range,0.05946537342476661,0.9207905910949449,0.0023733780131057047,0.04982700524294952,0.05480656958440501,1.0999370585724715
1.0,0.25,0.0,none,5000.0,1.0,vel_inplane,0.05946537342476661,5.454325128873151,0.0023733780131057047,0.32537168543495276,0.324352164029318,0.9968665945708463
1.0,0.25,0.0,none,5000.0,1.0,vel_plane,0.05946537342476661,33.23624836379883,0.0023733780131057047,1.9691762425057637,1.9764073452331485,1.0036721460330962
1.0,0.25,0.0,none,5000.0,3.0,pos_range,0.02744704721121463,5036.2565116566675,1.5872594868333065,138.23037024322767,138.23948296437723,1.0000659241607581
1.0,0.25,0.0,none,5000.0,3.0,pos_inplane,0.02744704721121463,3.4234752777696753e-13,1.5872594868333065,1.1525988454147167,1.5872594868333065,1.3771135492177198
1.0,0.25,0.0,none,5000.0,3.0,pos_plane,0.02744704721121463,2.1997070293601248e-14,1.5872594868333065,1.8611194464208376,1.5872594868333065,0.8528520240255414
1.0,0.25,0.0,none,5000.0,3.0,vel_range,0.02744704721121463,0.9207905910949449,0.0017594903793892451,0.023216916865144537,0.025334156139279623,1.0911938172683768
1.0,0.25,0.0,none,5000.0,3.0,vel_inplane,0.02744704721121463,5.454325128873151,0.0017594903793892451,0.15002934534685247,0.14971545864158714,0.9979078312676786
1.0,0.25,0.0,none,5000.0,3.0,vel_plane,0.02744704721121463,33.23624836379883,0.0017594903793892451,0.9111578501250696,0.9122385747848182,1.001186100366254
1.0,0.25,0.0,none,50000.0,1.0,pos_range,0.04486993012057574,50005.6944847162,8.20510835900149,2243.752017160076,2243.7670196152476,1.0000066863249846
1.0,0.25,0.0,none,50000.0,1.0,pos_inplane,0.04486993012057574,3.132690812046731e-13,8.20510835900149,10.186747494474867,8.20510835900149,0.805468905894822
1.0,0.25,0.0,none,50000.0,1.0,pos_plane,0.04486993012057574,4.9562293822626654e-14,8.20510835900149,8.65344427588975,8.20510835900149,0.9481898880267347
1.0,0.25,0.0,none,50000.0,1.0,vel_range,0.04486993012057574,0.9273538023455328,0.009095431049091942,0.022771364057949252,0.042592768843023335,1.8704531153527728
1.0,0.25,0.0,none,50000.0,1.0,vel_inplane,0.04486993012057574,55.415456646022044,0.009095431049091942,2.487732658820432,2.486504302536957,0.9995062346112152
1.0,0.25,0.0,none,50000.0,1.0,vel_plane,0.04486993012057574,33.23543880576376,0.009095431049091942,1.47054648163632,1.4912995535011873,1.0141124895567903
1.0,0.25,0.0,none,50000.0,3.0,pos_range,0.014113771730157976,50005.6944847162,5.159010227733393,705.7689571653043,705.7878125079313,1.000026716027158
1.0,0.25,0.0,none,50000.0,3.0,pos_inplane,0.014113771730157976,3.132690812046731e-13,5.159010227733393,4.837946594554868,5.159010227733393,1.0663636166508914
1.0,0.25,0.0,none,50000.0,3.0,pos_plane,0.014113771730157976,4.9562293822626654e-14,5.159010227733393,5.1973008733562445,5.159010227733393,0.9926325901547962
1.0,0.25,0.0,none,50000.0,3.0,vel_range,0.014113771730157976,0.9273538023455328,0.00571880586518171,0.00976945751478085,0.014283295226882034,1.462035656050697
1.0,0.25,0.0,none,50000.0,3.0,vel_inplane,0.014113771730157976,55.415456646022044,0.00571880586518171,0.7822617075844308,0.7821420128664882,0.9998469889082106
1.0,0.25,0.0,none,50000.0,3.0,vel_plane,0.014113771730157976,33.23543880576376,0.00571880586518171,0.4648168184966166,0.46911225606912743,1.009241140599008
1.0,0.25,1.0,nor,5000.0,1.0,pos_range,0.005269133603581306,5036.2565116566675,2.157090079410171,26.536708421825313,26.62423579139248,1.0032983506535866
1.0,0.25,1.0,nor,5000.0,1.0,pos_inplane,0.005269133603581306,3.4234752777696753e-13,2.157090079410171,2.0980080724628056,2.157090079410171,1.0281610007715607
1.0,0.25,1.0,nor,5000.0,1.0,pos_plane,0.005269133603581306,2.1997070293601248e-14,2.157090079410171,3.7907074830446708,2.157090079410171,0.569046830719212
1.0,0.25,1.0,nor,5000.0,1.0,vel_range,0.005269133603581306,0.9207905910949449,0.0023911523438238983,0.0046117483703804986,0.005408998846354081,1.1728738022859224
1.0,0.25,1.0,nor,5000.0,1.0,vel_inplane,0.005269133603581306,5.454325128873151,0.0023911523438238983,0.02925994674204337,0.028838869050162554,0.9856090752456574
1.0,0.25,1.0,nor,5000.0,1.0,vel_plane,0.005269133603581306,33.23624836379883,0.0023911523438238983,0.18509412301239325,0.1751425566019376,0.9462351032626285
1.0,0.25,1.0,nor,5000.0,3.0,pos_range,0.006271396206884962,5036.2565116566675,1.5776963594984548,31.584359984103315,31.623739839054476,1.0012468150366505
1.0,0.25,1.0,nor,5000.0,3.0,pos_inplane,0.006271396206884962,3.4234752777696753e-13,1.5776963594984548,1.1478358731348877,1.5776963594984548,1.3744964732541096
1.0,0.25,1.0,nor,5000.0,3.0,pos_plane,0.006271396206884962,2.1997070293601248e-14,1.5776963594984548,2.3189036660267774,1.5776963594984548,0.6803630450943607
1.0,0.25,1.0,nor,5000.0,3.0,vel_range,0.006271396206884962,0.9207905910949449,0.0017488895729791253,0.005292227236730009,0.006033664900455282,1.1400993628125833
1.0,0.25,1.0,nor,5000.0,3.0,vel_inplane,0.006271396206884962,5.454325128873151,0.0017488895729791253,0.03398415749963495,0.03425091318526595,1.0078494129399518
1.0,0.25,1.0,nor,5000.0,3.0,vel_plane,0.006271396206884962,33.23624836379883,0.0017488895729791253,0.20115169251362813,0.20844501879115326,1.0362578419618866
1.0,0.25,1.0,nor,50000.0,1.0,pos_range,0.020930302690783657,50005.6944847162,8.217336450568329,1046.6343218279612,1046.6665793110133,1.0000308202037516
1.0,0.25,1.0,nor,50000.0,1.0,pos_inplane,0.020930302690783657,3.132690812046731e-13,8.217336450568329,9.802796327599513,8.217336450568329,0.8382645294213281
1.0,0.25,1.0,nor,50000.0,1.0,pos_plane,0.020930302690783657,4.9562293822626654e-14,8.217336450568329,15.405268236737706,8.217336450568329,0.5334107997530377
1.0,0.25,1.0,nor,50000.0,1.0,vel_range,0.020930302690783657,0.9273538023455328,0.009108985990579844,0.012955481076898125,0.021440937436925926,1.6549703796919473
1.0,0.25,1.0,nor,50000.0,1.0,vel_inplane,0.020930302690783657,55.415456646022044,0.009108985990579844,1.1615399360454612,1.1598980495381657,0.9985864571192571
1.0,0.25,1.0,nor,50000.0,1.0,vel_plane,0.020930302690783657,33.23543880576376,0.009108985990579844,0.6972169451006166,0.6956874310929256,0.9978062581260554
1.0,0.25,1.0,nor,50000.0,3.0,pos_range,0.01018029085153223,50005.6944847162,5.149340169410593,509.0725140872721,509.098556571629,1.000051156728435
1.0,0.25,1.0,nor,50000.0,3.0,pos_inplane,0.01018029085153223,3.132690812046731e-13,5.149340169410593,4.719667215726931,5.149340169410593,1.0910388241467324
1.0,0.25,1.0,nor,50000.0,3.0,pos_plane,0.01018029085153223,4.9562293822626654e-14,5.149340169410593,6.383842350482968,5.149340169410593,0.8066208228060363
1.0,0.25,1.0,nor,50000.0,3.0,vel_range,0.01018029085153223,0.9273538023455328,0.005708086524879611,0.007583326003893756,0.011032210191605728,1.4547983544345975
1.0,0.25,1.0,nor,50000.0,3.0,vel_inplane,0.01018029085153223,55.415456646022044,0.005708086524879611,0.563818637350452,0.5641743431148392,1.0006308868505283
1.0,0.25,1.0,nor,50000.0,3.0,vel_plane,0.01018029085153223,33.23543880576376,0.005708086524879611,0.3313216067444594,0.33839457944211976,1.0213477556358574
1.0,0.25,1.0,pro,5000.0,1.0,pos_range,0.005242504002612144,5036.2565116566675,2.4155964040665423,26.402594920541556,26.512867150226242,1.0041765678720804
1.0,0.25,1.0,pro,5000.0,1.0,pos_inplane,0.005242504002612144,3.4234752777696753e-13,2.4155964040665423,3.1288740044079626,2.4155964040665423,0.772033773384114
1.0,0.25,1.0,pro,5000.0,1.0,pos_plane,0.005242504002612144,2.1997070293601248e-14,2.4155964040665423,2.6732308293218168,2.4155964040665423,0.903624325131461
1.0,0.25,1.0,pro,5000.0,1.0,vel_range,0.005242504002612144,0.9207905910949449,0.002677708760728102,0.00273224071470184,0.00552018576955925,2.020387786425929
1.0,0.25,1.0,pro,5000.0,1.0,vel_inplane,0.005242504002612144,5.454325128873151,0.002677708760728102,0.02126154421988545,0.028719424366438068,1.3507685081301586
1.0,0.25,1.0,pro,5000.0,1.0,vel_plane,0.005242504002612144,33.23624836379883,0.002677708760728102,0.15337151564142812,0.17426173915206952,1.1362066706016083
1.0,0.25,1.0,pro,5000.0,3.0,pos_range,0.0008074232477103394,5036.2565116566675,1.9305412944702056,4.066390588944171,4.501391130695978,1.1069746086208492
1.0,0.25,1.0,pro,5000.0,3.0,pos_inplane,0.0008074232477103394,3.4234752777696753e-13,1.9305412944702056,2.2075870536661406,1.9305412944702056,0.8745029063583948
1.0,0.25,1.0,pro,5000.0,3.0,pos_plane,0.0008074232477103394,2.1997070293601248e-14,1.9305412944702056,1.991531674223264,1.9305412944702056,0.9693751394755769
1.0,0.25,1.0,pro,5000.0,3.0,vel_range,0.0008074232477103394,0.9207905910949449,0.002140021126231085,0.0019150373904233283,0.0022654877367925545,1.1829992187733511
1.0,0.25,1.0,pro,5000.0,3.0,vel_inplane,0.0008074232477103394,5.454325128873151,0.002140021126231085,0.003805460735943713,0.004896371760730987,1.2866698937354137
1.0,0.25,1.0,pro,5000.0,3.0,vel_plane,0.0008074232477103394,33.23624836379883,0.002140021126231085,0.022171172464315485,0.02692091262633386,1.2142304458486841
1.0,0.25,1.0,pro,50000.0,1.0,pos_range,0.025241594658612452,50005.6944847162,8.738666232827597,1262.2234708056187,1262.2537203510676,1.000023965285188
1.0,0.25,1.0,pro,50000.0,1.0,pos_inplane,0.025241594658612452,3.132690812046731e-13,8.738666232827597,21.466792500827076,8.738666232827597,0.40707833890372364
1.0,0.25,1.0,pro,50000.0,1.0,pos_plane,0.025241594658612452,4.9562293822626654e-14,8.738666232827597,9.314008455085967,8.738666232827597,0.9382282907479862
1.0,0.25,1.0,pro,50000.0,1.0,vel_range,0.025241594658612452,0.9273538023455328,0.0096868844022657,0.015347184495730876,0.025333080877454388,1.6506663410804299
1.0,0.25,1.0,pro,50000.0,1.0,vel_inplane,0.025241594658612452,55.415456646022044,0.0096868844022657,1.354072397830499,1.3988080362006217,1.033037848228646
1.0,0.25,1.0,pro,50000.0,1.0,vel_plane,0.025241594658612452,33.23543880576376,0.0096868844022657,0.8168595885286524,0.8389713995801742,1.0270692923998728
1.0,0.25,1.0,pro,50000.0,3.0,pos_range,0.002761514072525529,50005.6944847162,6.002828076384417,138.09142902595605,138.2218387786289,1.0009443725334202
1.0,0.25,1.0,pro,50000.0,3.0,pos_inplane,0.002761514072525529,3.132690812046731e-13,6.002828076384417,10.464037212454583,6.002828076384417,0.573662722571331
1.0,0.25,1.0,pro,50000.0,3.0,pos_plane,0.002761514072525529,4.9562293822626654e-14,6.002828076384417,6.0998297526205985,6.002828076384417,0.984097642037549
1.0,0.25,1.0,pro,50000.0,3.0,vel_range,0.002761514072525529,0.9273538023455328,0.006654184988112936,0.010133847099191134,0.0071299642083986845,0.7035792171136849
1.0,0.25,1.0,pro,50000.0,3.0,vel_inplane,0.002761514072525529,55.415456646022044,0.006654184988112936,0.15312182764339713,0.15317516607198828,1.0003483398115869
1.0,0.25,1.0,pro,50000.0,3.0,vel_plane,0.002761514072525529,33.23543880576376,0.006654184988112936,0.10259284526437525,0.092021034562995,0.896953723486883
1.0,1.0,0.0,none,5000.0,1.0,pos_range,0.01357345468762075,5036.256511657589,3.937903199604311,68.35939955621924,68.47272879983885,1.0016578443397004
1.0,1.0,0.0,none,5000.0,1.0,pos_inplane,0.01357345468762075,1.4748344067594306e-13,3.937903199604311,3.3656134925110854,3.937903199604311,1.1700402343782619
1.0,1.0,0.0,none,5000.0,1.0,pos_plane,0.01357345468762075,5.361494250669709e-14,3.937903199604311,3.7519465371720933,3.937903199604311,1.0495627164699357
1.0,1.0,0.0,none,5000.0,1.0,vel_range,0.01357345468762075,0.15900947959743988,0.00436519854009073,0.01766827705094425,0.0048696254036065595,0.2756140505135622
1.0,1.0,0.0,none,5000.0,1.0,vel_inplane,0.01357345468762075,5.324817398403145,0.00436519854009073,0.07447125945317529,0.07240786816624109,0.9722927837922282
1.0,1.0,0.0,none,5000.0,1.0,vel_plane,0.01357345468762075,132.93866740143423,0.00436519854009073,1.7516577340882606,1.804442258227092,1.0301340399506218
1.0,1.0,0.0,none,5000.0,3.0,pos_range,0.007333657357690013,5036.256511657589,2.9542831520975446,36.934179621931925,37.05214451671993,1.003193922160869
1.0,1.0,0.0,none,5000.0,3.0,pos_inplane,0.007333657357690013,1.4748344067594306e-13,2.9542831520975446,2.158354297002635,2.9542831520975446,1.3687665441212489
1.0,1.0,0.0,none,5000.0,3.0,pos_plane,0.007333657357690013,5.361494250669709e-14,2.9542831520975446,3.0107963915059552,2.9542831520975446,0.9812298036599733
1.0,1.0,0.0,none,5000.0,3.0,vel_range,0.007333657357690013,0.15900947959743988,0.003274847513734381,0.009573046605324398,0.0034762716404396253,0.36313117273514267
1.0,1.0,0.0,none,5000.0,3.0,vel_inplane,0.007333657357690013,5.324817398403145,0.003274847513734381,0.040019266798300555,0.03918746350307379,0.9792149291635176
1.0,1.0,0.0,none,5000.0,3.0,vel_plane,0.007333657357690013,132.93866740143423,0.003274847513734381,0.9468686824102762,0.974932136516709,1.0296381690806338
1.0,1.0,0.0,none,50000.0,1.0,pos_range,0.01680804207801079,50005.694484715976,12.005922072570677,840.4978170392583,840.5835607556046,1.000102015394458
1.0,1.0,0.0,none,50000.0,1.0,pos_inplane,0.01680804207801079,3.449152772908672e-13,12.005922072570677,12.77813088855534,12.005922072570677,0.9395679366004704
1.0,1.0,0.0,none,50000.0,1.0,pos_plane,0.01680804207801079,4.909453042534558e-13,12.005922072570677,13.115888286323028,12.005922072570677,0.9153723949517166
1.0,1.0,0.0,none,50000.0,1.0,vel_range,0.01680804207801079,0.16014286737890573,0.013308664750544067,0.03241708976463007,0.01357813470323444,0.418857300325873
1.0,1.0,0.0,none,50000.0,1.0,vel_inplane,0.01680804207801079,55.40633189380208,0.013308664750544067,0.9317420820096552,0.9313670490480408,0.9995974927301711
1.0,1.0,0.0,none,50000.0,1.0,vel_plane,0.01680804207801079,132.93542890525845,0.013308664750544067,2.186302676324025,2.234423917551296,1.0220103290127147
1.0,1.0,0.0,none,50000.0,3.0,pos_range,0.007680737943542903,50005.694484715976,7.368171087074814,384.08063502197206,384.15130371254725,1.0001839944119315
1.0,1.0,0.0,none,50000.0,3.0,pos_inplane,0.007680737943542903,3.449152772908672e-13,7.368171087074814,4.770143658876265,7.368171087074814,1.5446434350806502
1.0,1.0,0.0,none,50000.0,3.0,pos_plane,0.007680737943542903,4.909453042534558e-13,7.368171087074814,7.804681682422529,7.368171087074814,0.9440706728205442
1.0,1.0,0.0,none,50000.0,3.0,vel_range,0.007680737943542903,0.16014286737890573,0.008167679102845792,0.012830406181450182,0.008259777224964886,0.6437658409370255
1.0,1.0,0.0,none,50000.0,3.0,vel_inplane,0.007680737943542903,55.40633189380208,0.008167679102845792,0.4255458464590359,0.42563988842408174,1.0002209913827813
1.0,1.0,0.0,none,50000.0,3.0,vel_plane,0.007680737943542903,132.93542890525845,0.008167679102845792,1.0134197695199774,1.0210748603940445,1.0075537216702346
1.0,1.0,1.0,nor,5000.0,1.0,pos_range,0.007025574921721182,5036.256511657589,3.9575190283305264,35.382597447656565,35.60323242351052,1.0062356918872435
1.0,1.0,1.0,nor,5000.0,1.0,pos_inplane,0.007025574921721182,1.4748344067594306e-13,3.9575190283305264,3.3351609504070314,3.9575190283305264,1.1866051105712128
1.0,1.0,1.0,nor,5000.0,1.0,pos_plane,0.007025574921721182,5.361494250669709e-14,3.9575190283305264,4.643694094022623,3.9575190283305264,0.852235084439489
1.0,1.0,1.0,nor,5000.0,1.0,vel_range,0.007025574921721182,0.15900947959743988,0.004386942849835812,0.009911670000494834,0.004526947507384897,0.45672903831129286
1.0,1.0,1.0,nor,5000.0,1.0,vel_inplane,0.007025574921721182,5.324817398403145,0.004386942849835812,0.03888219155354892,0.03766624686912145,0.9687274653036761
1.0,1.0,1.0,nor,5000.0,1.0,vel_plane,0.007025574921721182,132.93866740143423,0.004386942849835812,0.9181876648440416,0.9339808706961525,1.0172004116988367
1.0,1.0,1.0,nor,5000.0,3.0,pos_range,0.007095554651915526,5036.256511657589,2.9488958728882326,35.73503331953187,35.85650001348695,1.0033990927857535
1.0,1.0,1.0,nor,5000.0,3.0,pos_inplane,0.007095554651915526,1.4748344067594306e-13,2.9488958728882326,2.1543207786618335,2.9488958728882326,1.3688285895473529
1.0,1.0,1.0,nor,5000.0,3.0,pos_plane,0.007095554651915526,5.361494250669709e-14,2.9488958728882326,2.92441556616454,2.9488958728882326,1.0083710082133777
1.0,1.0,1.0,nor,5000.0,3.0,vel_range,0.007095554651915526,0.15900947959743988,0.003268875669799286,0.009142379162278409,0.003458109280175207,0.37825047712344034
1.0,1.0,1.0,nor,5000.0,3.0,vel_inplane,0.007095554651915526,5.324817398403145,0.003268875669799286,0.03861542735378834,0.037923677796340344,0.9820861866654926
1.0,1.0,1.0,nor,5000.0,3.0,vel_plane,0.007095554651915526,132.93866740143423,0.003268875669799286,0.9063447054758269,0.9432792439595689,1.0407510942145919
1.0,1.0,1.0,nor,50000.0,1.0,pos_range,0.014168274442144902,50005.694484715976,12.026969193592173,708.4944031295076,708.5964770261146,1.0001440715638064
1.0,1.0,1.0,nor,50000.0,1.0,pos_inplane,0.014168274442144902,3.449152772908672e-13,12.026969193592173,12.502150339592813,12.026969193592173,0.9619920467204911
1.0,1.0,1.0,nor,50000.0,1.0,pos_plane,0.014168274442144902,4.909453042534558e-13,12.026969193592173,16.041964541826456,12.026969193592173,0.74971922311847
1.0,1.0,1.0,nor,50000.0,1.0,vel_range,0.014168274442144902,0.16014286737890573,0.013331995659735888,0.028099279112380453,0.01352369157179035,0.4812825096937044
1.0,1.0,1.0,nor,50000.0,1.0,vel_inplane,0.014168274442144902,55.40633189380208,0.013331995659735888,0.7863912595907702,0.7851253177285006,0.9983901882849914
1.0,1.0,1.0,nor,50000.0,1.0,vel_plane,0.014168274442144902,132.93542890525845,0.013331995659735888,1.8607782731897697,1.8835128240784613,1.012217764586062
1.0,1.0,1.0,nor,50000.0,3.0,pos_range,0.007537575306840533,50005.694484715976,7.354040970313193,376.921687949407,376.99342270817294,1.0001903174082558
1.0,1.0,1.0,nor,50000.0,3.0,pos_inplane,0.007537575306840533,3.449152772908672e-13,7.354040970313193,4.748013932143483,7.354040970313193,1.5488667631169364
1.0,1.0,1.0,nor,50000.0,3.0,pos_plane,0.007537575306840533,4.909453042534558e-13,7.354040970313193,7.465498496866826,7.354040970313193,0.9850703169251979
1.0,1.0,1.0,nor,50000.0,3.0,vel_range,0.007537575306840533,0.16014286737890573,0.008152015750565993,0.012638894652668625,0.00824089949367385,0.6520269153389797
1.0,1.0,1.0,nor,50000.0,3.0,vel_inplane,0.007537575306840533,55.40633189380208,0.008152015750565993,0.41737351393207767,0.417708954147005,1.000803693103971
1.0,1.0,1.0,nor,50000.0,3.0,vel_plane,0.007537575306840533,132.93542890525845,0.008152015750565993,0.9901938322911017,1.002043966771877,1.0119674896917472
1.0,1.0,1.0,pro,5000.0,1.0,pos_range,0.00808708257629512,5036.256511657589,4.326433576380152,40.728622285178936,40.95776728216033,1.0056261416204295
1.0,1.0,1.0,pro,5000.0,1.0,pos_inplane,0.00808708257629512,1.4748344067594306e-13,4.326433576380152,4.17324850483569,4.326433576380152,1.0367064341763883
1.0,1.0,1.0,pro,5000.0,1.0,pos_plane,0.00808708257629512,5.361494250669709e-14,4.326433576380152,3.986839533662862,4.326433576380152,1.0851787587260358
1.0,1.0,1.0,pro,5000.0,1.0,vel_range,0.00808708257629512,0.15900947959743988,0.004795887703210134,0.013686401784089874,0.00496529317246997,0.36279025347933364
1.0,1.0,1.0,pro,5000.0,1.0,vel_inplane,0.00808708257629512,5.324817398403145,0.004795887703210134,0.03297804259627574,0.043328476557857716,1.3138583477586647
1.0,1.0,1.0,pro,5000.0,1.0,vel_plane,0.00808708257629512,132.93866740143423,0.004795887703210134,0.943705346758842,1.0750966778742905,1.1392291900927682
1.0,1.0,1.0,pro,5000.0,3.0,pos_range,0.001341459499618906,5036.256511657589,3.459549080882858,6.755934140080647,7.5901993352048835,1.123486282995985
1.0,1.0,1.0,pro,5000.0,3.0,pos_inplane,0.001341459499618906,1.4748344067594306e-13,3.459549080882858,3.333833208109349,3.459549080882858,1.0377091068826456
1.0,1.0,1.0,pro,5000.0,3.0,pos_plane,0.001341459499618906,5.361494250669709e-14,3.459549080882858,3.282202293285321,3.459549080882858,1.0540328632273368
1.0,1.0,1.0,pro,5000.0,3.0,vel_range,0.001341459499618906,0.15900947959743988,0.003834939009866856,0.0025606176901537183,0.0038408665867564395,1.4999765882761926
1.0,1.0,1.0,pro,5000.0,3.0,vel_inplane,0.001341459499618906,5.324817398403145,0.003834939009866856,0.0063840810424931746,0.00810737875383554,1.2699366909461045
1.0,1.0,1.0,pro,5000.0,3.0,vel_plane,0.001341459499618906,132.93866740143423,0.003834939009866856,0.12566902833778254,0.17837306773071251,1.4193876573253048
1.0,1.0,1.0,pro,50000.0,1.0,pos_range,0.0160473522314612,50005.694484715976,12.534249549456446,802.4589929750739,802.5568782449863,1.000121981647373
1.0,1.0,1.0,pro,50000.0,1.0,pos_inplane,0.0160473522314612,3.449152772908672e-13,12.534249549456446,15.367336183589046,12.534249549456446,0.8156423077957984
1.0,1.0,1.0,pro,50000.0,1.0,pos_plane,0.0160473522314612,4.909453042534558e-13,12.534249549456446,13.72079871390248,12.534249549456446,0.913521859099662
1.0,1.0,1.0,pro,50000.0,1.0,vel_range,0.0160473522314612,0.16014286737890573,0.013894320165086333,0.031783199955365174,0.01412998087500613,0.4445738910760908
1.0,1.0,1.0,pro,50000.0,1.0,vel_inplane,0.0160473522314612,55.40633189380208,0.013894320165086333,0.8617400864031138,0.8892334801230656,1.0319045082777902
1.0,1.0,1.0,pro,50000.0,1.0,vel_plane,0.0160473522314612,132.93542890525845,0.013894320165086333,2.066740895992835,2.1333068993171955,1.0322081996119707
1.0,1.0,1.0,pro,50000.0,3.0,pos_range,0.002533926428478827,50005.694484715976,8.261023935737033,126.71075082925971,126.9797578048626,1.0021230004071664
1.0,1.0,1.0,pro,50000.0,3.0,pos_inplane,0.002533926428478827,3.449152772908672e-13,8.261023935737033,10.814739049572168,8.261023935737033,0.7638671536937213
1.0,1.0,1.0,pro,50000.0,3.0,pos_plane,0.002533926428478827,4.909453042534558e-13,8.261023935737033,8.903415462542146,8.261023935737033,0.9278488654710386
1.0,1.0,1.0,pro,50000.0,3.0,vel_range,0.002533926428478827,0.16014286737890573,0.009157413932256477,0.006085814675581243,0.009166400364854103,1.5061911762830078
1.0,1.0,1.0,pro,50000.0,3.0,vel_inplane,0.002533926428478827,55.40633189380208,0.009157413932256477,0.14073776724607984,0.14069390156624645,0.9996883162160966
1.0,1.0,1.0,pro,50000.0,3.0,vel_plane,0.002533926428478827,132.93542890525845,0.009157413932256477,0.38876822270696093,0.3369730482556038,0.8667710696859131
2.0,0.0,0.0,none,5000.0,1.0,pos_range,0.243505643271453,5143.067711613302,1.3213278848327297,1252.3660115050366,1252.366708548424,1.0000005565812078
2.0,0.0,0.0,none,5000.0,1.0,pos_inplane,0.243505643271453,1.885112293313801e-13,1.3213278848327297,2.172075079007773,1.3213278848327297,0.6083251438234475
2.0,0.0,0.0,none,5000.0,1.0,pos_plane,0.243505643271453,1.7865450102955716e-13,1.3213278848327297,1.295375353920507,1.3213278848327297,1.0200347573648643
2.0,0.0,0.0,none,5000.0,1.0,vel_range,0.243505643271453,1.9442795815970144,0.001464702980619882,0.47293131846429204,0.4734453159056135,1.0010868331642542
2.0,0.0,0.0,none,5000.0,1.0,vel_inplane,0.243505643271453,5.232703252279713,0.001464702980619882,1.2769321432441012,1.2741936133433254,0.9978553833770536
2.0,0.0,0.0,none,5000.0,1.0,vel_plane,0.243505643271453,2.53399977564864e-13,0.001464702980619882,0.00155780064418285,0.001464702980619882,0.940237755125719
2.0,0.0,0.0,none,5000.0,3.0,pos_range,0.03686713799340689,5143.067711613302,1.178035510828746,189.61018703348296,189.61384652640004,1.0000193000860045
2.0,0.0,0.0,none,5000.0,3.0,pos_inplane,0.03686713799340689,1.885112293313801e-13,1.178035510828746,1.701857989652005,1.178035510828746,0.6922055294811231
2.0,0.0,0.0,none,5000.0,3.0,pos_plane,0.03686713799340689,1.7865450102955716e-13,1.178035510828746,1.1575787745445842,1.178035510828746,1.0176720036113394
2.0,0.0,0.0,none,5000.0,3.0,vel_range,0.03686713799340689,1.9442795815970144,0.0013058621889337947,0.0715548890769266,0.07169191770354817,1.001915014171488
2.0,0.0,0.0,none,5000.0,3.0,vel_inplane,0.03686713799340689,5.232703252279713,0.0013058621889337947,0.1934998533783877,0.1929192125946065,0.9969992701614829
2.0,0.0,0.0,none,5000.0,3.0,vel_plane,0.03686713799340689,2.53399977564864e-13,0.0013058621889337947,0.001371518894076484,0.0013058621889337947,0.9521284719982662
2.0,0.0,0.0,none,50000.0,1.0,pos_range,0.24541413775854856,50018.730281526565,8.033072474741408,12275.303563818245,12275.306192276521,1.0000002141257252
2.0,0.0,0.0,none,50000.0,1.0,pos_inplane,0.24541413775854856,1.7598769225811444e-12,8.033072474741408,16.987521554121834,8.033072474741408,0.4728807818814671
2.0,0.0,0.0,none,50000.0,1.0,pos_plane,0.24541413775854856,2.3949279165376626e-12,8.033072474741408,8.004045837289008,8.033072474741408,1.0036264956551313
2.0,0.0,0.0,none,50000.0,1.0,vel_range,0.24541413775854856,1.999145942303282,0.008904727836557214,0.40968271680714735,0.490699481424327,1.1977548998126695
2.0,0.0,0.0,none,50000.0,1.0,vel_inplane,0.24541413775854856,55.390813220326464,0.008904727836557214,13.610113285106962,13.59369158279154,0.9987934191309493
2.0,0.0,0.0,none,50000.0,1.0,vel_plane,0.24541413775854856,4.4240761319167745e-13,0.008904727836557214,0.008946613746311699,0.008904727836557214,0.9953182387278368
2.0,0.0,0.0,none,50000.0,3.0,pos_range,0.034207771870909516,50018.730281526565,5.437141239938422,1711.0293147430145,1711.0379535284462,1.0000050488821888
2.0,0.0,0.0,none,50000.0,3.0,pos_inplane,0.034207771870909516,1.7598769225811444e-12,5.437141239938422,8.918380832855638,5.437141239938422,0.6096556473466346
2.0,0.0,0.0,none,50000.0,3.0,pos_plane,0.034207771870909516,2.3949279165376626e-12,5.437141239938422,5.427403205514679,5.437141239938422,1.0017942345639343
2.0,0.0,0.0,none,50000.0,3.0,vel_range,0.034207771870909516,1.999145942303282,0.006027116411909558,0.05547894748185557,0.06865140956188205,1.2374317228050251
2.0,0.0,0.0,none,50000.0,3.0,vel_inplane,0.034207771870909516,55.390813220326464,0.006027116411909558,1.8973522141695949,1.8948058881226961,0.99865795816513
2.0,0.0,0.0,none,50000.0,3.0,vel_plane,0.034207771870909516,4.4240761319167745e-13,0.006027116411909558,0.006042904950573187,0.006027116411909558,0.9973872601351885
2.0,0.0,1.0,nor,5000.0,1.0,pos_range,0.0035861647528438734,5143.067711613302,1.3226215854897392,18.44388814887702,18.4912503067448,1.002567905285777
2.0,0.0,1.0,nor,5000.0,1.0,pos_inplane,0.0035861647528438734,1.885112293313801e-13,1.3226215854897392,1.7555793738838918,1.3226215854897392,0.7533818209333855
2.0,0.0,1.0,nor,5000.0,1.0,pos_plane,0.0035861647528438734,1.7865450102955716e-13,1.3226215854897392,2.062845691448055,1.3226215854897392,0.641163607618803
2.0,0.0,1.0,nor,5000.0,1.0,vel_range,0.0035861647528438734,1.9442795815970144,0.0014661370585880402,0.007063920769971608,0.007124984941569244,1.0086445153599708
2.0,0.0,1.0,nor,5000.0,1.0,vel_inplane,0.0035861647528438734,5.232703252279713,0.0014661370585880402,0.01880735660071226,0.018822523522884445,1.000806435614222
2.0,0.0,1.0,nor,5000.0,1.0,vel_plane,0.0035861647528438734,2.53399977564864e-13,0.0014661370585880402,0.002147556328936498,0.0014661370585880402,0.6827001642904953
2.0,0.0,1.0,nor,5000.0,3.0,pos_range,0.00307397422099974,5143.067711613302,1.1782989641225843,15.809657562355412,15.853506258484087,1.0027735386396404
2.0,0.0,1.0,nor,5000.0,3.0,pos_inplane,0.00307397422099974,1.885112293313801e-13,1.1782989641225843,1.6586654184305605,1.1782989641225843,0.7103897814650878
2.0,0.0,1.0,nor,5000.0,3.0,pos_plane,0.00307397422099974,1.7865450102955716e-13,1.1782989641225843,1.2968721402109193,1.1782989641225843,0.9085698794724276
2.0,0.0,1.0,nor,5000.0,3.0,vel_range,0.00307397422099974,1.9442795815970144,0.0013061542291072964,0.006042771095773903,0.006117725649684862,1.0124040035147748
2.0,0.0,1.0,nor,5000.0,3.0,vel_inplane,0.00307397422099974,5.232703252279713,0.0013061542291072964,0.016367797331325047,0.016138139110771152,0.9859688988136254
2.0,0.0,1.0,nor,5000.0,3.0,vel_plane,0.00307397422099974,2.53399977564864e-13,0.0013061542291072964,0.0017131284851593005,0.0013061542291072964,0.7624379843207381
2.0,0.0,1.0,nor,50000.0,1.0,pos_range,0.02515895646310524,50018.730281526565,8.033513487344747,1258.4190574927306,1258.4446994603472,1.0000203763344682
2.0,0.0,1.0,nor,50000.0,1.0,pos_inplane,0.02515895646310524,1.7598769225811444e-12,8.033513487344747,10.128533987736132,8.033513487344747,0.7931565907832184
2.0,0.0,1.0,nor,50000.0,1.0,pos_plane,0.02515895646310524,2.3949279165376626e-12,8.033513487344747,17.84275899167535,8.033513487344747,0.4502394215543029
2.0,0.0,1.0,nor,50000.0,1.0,vel_range,0.02515895646310524,1.999145942303282,0.008905216702706196,0.042975229200766574,0.0510786973729093,1.1885613718145842
2.0,0.0,1.0,nor,50000.0,1.0,vel_inplane,0.02515895646310524,55.390813220326464,0.008905216702706196,1.3951532009152563,1.393603511012415,0.9988892331667771
2.0,0.0,1.0,nor,50000.0,1.0,vel_plane,0.02515895646310524,4.4240761319167745e-13,0.008905216702706196,0.013321889152706436,0.008905216702706196,0.6684650052726973
2.0,0.0,1.0,nor,50000.0,3.0,pos_range,0.013779680020934867,50018.730281526565,5.437372552749065,689.2420983328815,689.2635454850277,1.000031117008375
2.0,0.0,1.0,nor,50000.0,3.0,pos_inplane,0.013779680020934867,1.7598769225811444e-12,5.437372552749065,7.41996001022418,5.437372552749065,0.732803484824278
2.0,0.0,1.0,nor,50000.0,3.0,pos_plane,0.013779680020934867,2.3949279165376626e-12,5.437372552749065,7.2809718370599334,5.437372552749065,0.7467921418227438
2.0,0.0,1.0,nor,50000.0,3.0,vel_range,0.013779680020934867,1.999145942303282,0.006027372824089376,0.02298890245737904,0.028199273308134352,1.2266472207803412
2.0,0.0,1.0,nor,50000.0,3.0,vel_inplane,0.013779680020934867,55.390813220326464,0.006027372824089376,0.7642940953660178,0.7632914803856549,0.9986881817006806
2.0,0.0,1.0,nor,50000.0,3.0,vel_plane,0.013779680020934867,4.4240761319167745e-13,0.006027372824089376,0.009759577683627011,0.006027372824089376,0.6175854139878506
2.0,0.0,1.0,pro,5000.0,1.0,pos_range,0.005938554274449033,5143.067711613302,1.4274366766523494,30.54238674258198,30.575725067433805,1.00109154288212
2.0,0.0,1.0,pro,5000.0,1.0,pos_inplane,0.005938554274449033,1.885112293313801e-13,1.4274366766523494,2.9239443795121085,1.4274366766523494,0.4881887243322093
2.0,0.0,1.0,pro,5000.0,1.0,pos_plane,0.005938554274449033,1.7865450102955716e-13,1.4274366766523494,1.4085079590662721,1.4274366766523494,1.0134388431845465
2.0,0.0,1.0,pro,5000.0,1.0,vel_range,0.005938554274449033,1.9442795815970144,0.0015823254613320378,0.008330643621079537,0.01165412867070872,1.398946972262691
2.0,0.0,1.0,pro,5000.0,1.0,vel_inplane,0.005938554274449033,5.232703252279713,0.0015823254613320378,0.023069299948253307,0.03111495224609196,1.3487601407882266
2.0,0.0,1.0,pro,5000.0,1.0,vel_plane,0.005938554274449033,2.53399977564864e-13,0.0015823254613320378,0.0016926516138180234,0.0015823254613320378,0.9348205197186863
2.0,0.0,1.0,pro,5000.0,3.0,pos_range,0.0018738814492083736,5143.067711613302,1.2738217602390174,9.637499176814726,9.721317413805753,1.0086970940752629
2.0,0.0,1.0,pro,5000.0,3.0,pos_inplane,0.0018738814492083736,1.885112293313801e-13,1.2738217602390174,1.859071879847019,1.2738217602390174,0.6851923123832301
2.0,0.0,1.0,pro,5000.0,3.0,pos_plane,0.0018738814492083736,1.7865450102955716e-13,1.2738217602390174,1.2573131336377799,1.2738217602390174,1.013130083635946
2.0,0.0,1.0,pro,5000.0,3.0,vel_range,0.0018738814492083736,1.9442795815970144,0.001412042045291995,0.004248982142817331,0.00390741063619297,0.9196109809023865
2.0,0.0,1.0,pro,5000.0,3.0,vel_inplane,0.0018738814492083736,5.232703252279713,0.001412042045291995,0.009565945120732413,0.009906614833618547,1.0356127605361016
2.0,0.0,1.0,pro,5000.0,3.0,vel_plane,0.0018738814492083736,2.53399977564864e-13,0.001412042045291995,0.0014945295360715646,0.001412042045291995,0.9448070521266568
2.0,0.0,1.0,pro,50000.0,1.0,pos_range,0.03208536867748708,50018.730281526565,8.536467572675445,1604.8694018625672,1604.8921048822358,1.0000141463346752
2.0,0.0,1.0,pro,50000.0,1.0,pos_inplane,0.03208536867748708,1.7598769225811444e-12,8.536467572675445,25.654492084084268,8.536467572675445,0.33274747926003045
2.0,0.0,1.0,pro,50000.0,1.0,pos_plane,0.03208536867748708,2.3949279165376626e-12,8.536467572675445,8.497743517467924,8.536467572675445,1.0045569809359296
2.0,0.0,1.0,pro,50000.0,1.0,vel_range,0.03208536867748708,1.999145942303282,0.00946274550108774,0.05332694957893029,0.06483757341145024,1.215850033114736
2.0,0.0,1.0,pro,50000.0,1.0,vel_inplane,0.03208536867748708,55.390813220326464,0.00946274550108774,1.7216302949381794,1.7772598551617225,1.0323121406419842
2.0,0.0,1.0,pro,50000.0,1.0,vel_plane,0.03208536867748708,4.4240761319167745e-13,0.00946274550108774,0.009542045384844822,0.00946274550108774,0.9916894250070295
2.0,0.0,1.0,pro,50000.0,3.0,pos_range,0.004819107228263926,50018.730281526565,6.153871609314522,241.04562464828842,241.12416572767538,1.0003258349098911
2.0,0.0,1.0,pro,50000.0,3.0,pos_inplane,0.004819107228263926,1.7598769225811444e-12,6.153871609314522,11.080029242685335,6.153871609314522,0.555402109013124
2.0,0.0,1.0,pro,50000.0,3.0,pos_plane,0.004819107228263926,2.3949279165376626e-12,6.153871609314522,6.148826669573451,6.153871609314522,1.0008204719391482
2.0,0.0,1.0,pro,50000.0,3.0,vel_range,0.004819107228263926,1.999145942303282,0.0068216180041156885,0.016288510575472294,0.011804674040488766,0.7247239694379781
2.0,0.0,1.0,pro,50000.0,3.0,vel_inplane,0.004819107228263926,55.390813220326464,0.0068216180041156885,0.2675402691361236,0.26702141880783686,0.9980606645498187
2.0,0.0,1.0,pro,50000.0,3.0,vel_plane,0.004819107228263926,4.4240761319167745e-13,0.0068216180041156885,0.006841214541744898,0.0068216180041156885,0.9971355177491318
2.0,0.0075225,0.0,none,5000.0,1.0,pos_range,0.23648333350768785,5143.067711612529,1.3249902949632315,1216.2497968978864,1216.2505186241165,1.0000005934029603
2.0,0.0075225,0.0,none,5000.0,1.0,pos_inplane,0.23648333350768785,1.4652119656039152e-13,1.3249902949632315,2.156368393012093,1.3249902949632315,0.6144545149414091
2.0,0.0075225,0.0,none,5000.0,1.0,pos_plane,0.23648333350768785,2.8277178981055843e-14,1.3249902949632315,1.302743578611039,1.3249902949632315,1.0170768190436306
2.0,0.0075225,0.0,none,5000.0,1.0,vel_range,0.23648333350768785,1.9442157505752056,0.0014687627927951752,0.45922953645119186,0.4597769677499484,1.0011920646546104
2.0,0.0075225,0.0,none,5000.0,1.0,vel_inplane,0.23648333350768785,5.232687920316883,0.0014687627927951752,1.2400974752164824,1.2374443542633247,0.9978605545078667
2.0,0.0075225,0.0,none,5000.0,1.0,vel_plane,0.23648333350768785,1.0001569217217308,0.0014687627927951752,0.23635001481089482,0.23652500325351744,1.0007403783865325
2.0,0.0075225,0.0,none,5000.0,3.0,pos_range,0.036693353635274865,5143.067711612529,1.1807232806318344,188.71640231236233,188.72009593359905,1.00001957233813
2.0,0.0075225,0.0,none,5000.0,3.0,pos_inplane,0.036693353635274865,1.4652119656039152e-13,1.1807232806318344,1.6948415294372112,1.1807232806318344,0.6966570385043049
2.0,0.0075225,0.0,none,5000.0,3.0,pos_plane,0.036693353635274865,2.8277178981055843e-14,1.1807232806318344,1.162469069778317,1.1807232806318344,1.0157029647739344
2.0,0.0075225,0.0,none,5000.0,3.0,vel_range,0.036693353635274865,1.9442157505752056,0.0013088416041773488,0.0712064825513243,0.07135180145557855,1.0020408100364953
2.0,0.0075225,0.0,none,5000.0,3.0,vel_inplane,0.036693353635274865,5.232687920316883,0.0013088416041773488,0.19257345036746354,0.1920093292685573,0.9970706185207265
2.0,0.0075225,0.0,none,5000.0,3.0,vel_plane,0.036693353635274865,1.0001569217217308,0.0013088416041773488,0.03660516452707148,0.036722443546223796,1.0032038926929445
2.0,0.0075225,0.0,none,50000.0,1.0,pos_range,0.23752271755804674,50018.73028152635,8.033605784096482,11880.584745271102,11880.587461417483,1.0000002286205973
2.0,0.0075225,0.0,none,50000.0,1.0,pos_inplane,0.23752271755804674,8.261004078466576e-13,8.033605784096482,16.649492816697894,8.033605784096482,0.48251354395849955
2.0,0.0075225,0.0,none,50000.0,1.0,pos_plane,0.23752271755804674,6.965802012665191e-12,8.033605784096482,8.019522805593173,8.033605784096482,1.0017560868451532
2.0,0.0075225,0.0,none,50000.0,1.0,vel_range,0.23752271755804674,1.9990803100103,0.008905319014425277,0.3964438052389344,0.47491048956393894,1.1979263726361247
2.0,0.0075225,0.0,none,50000.0,1.0,vel_inplane,0.23752271755804674,55.390811880319404,0.008905319014425277,13.172469478399613,13.156579179440543,0.9987936735032769
2.0,0.0075225,0.0,none,50000.0,1.0,vel_plane,0.23752271755804674,1.0001449183239788,0.008905319014425277,0.23366555506490594,0.2377239974716374,1.0173685950657303
2.0,0.0075225,0.0,none,50000.0,3.0,pos_range,0.03361791299317833,50018.73028152635,5.43742630258238,1681.5253226336072,1681.5341139158766,1.0000052281593093
2.0,0.0075225,0.0,none,50000.0,3.0,pos_inplane,0.03361791299317833,8.261004078466576e-13,5.43742630258238,8.825753280884113,5.43742630258238,0.6160863701412793
2.0,0.0075225,0.0,none,50000.0,3.0,pos_plane,0.03361791299317833,6.965802012665191e-12,5.43742630258238,5.4282113566129215,5.43742630258238,1.0016976026473678
2.0,0.0075225,0.0,none,50000.0,3.0,vel_range,0.03361791299317833,1.9990803100103,0.006027432406227896,0.05455193836976043,0.06747465888067332,1.2368883837512965
2.0,0.0075225,0.0,none,50000.0,3.0,vel_inplane,0.03361791299317833,55.390811880319404,0.006027432406227896,1.8646250461677694,1.8621332493649156,0.9986636472528485
2.0,0.0075225,0.0,none,50000.0,3.0,vel_plane,0.03361791299317833,1.0001449183239788,0.006027432406227896,0.03229232720479343,0.034158770500858894,1.0577983520428473
2.0,0.0075225,1.0,nor,5000.0,1.0,pos_range,0.0035715785367154843,5143.067711612529,1.32797572863304,18.368870251669726,18.41681063209685,1.0026098709267526
2.0,0.0075225,1.0,nor,5000.0,1.0,pos_inplane,0.0035715785367154843,1.4652119656039152e-13,1.32797572863304,1.7572679374623028,1.32797572863304,0.7557047507227553
2.0,0.0075225,1.0,nor,5000.0,1.0,pos_plane,0.0035715785367154843,2.8277178981055843e-14,1.32797572863304,2.070330225183565,1.32797572863304,0.6414318413939475
2.0,0.0075225,1.0,nor,5000.0,1.0,vel_range,0.0035715785367154843,1.9442157505752056,0.0014720721709175972,0.007024656597606469,0.007098239990617094,1.0104750163923595
2.0,0.0075225,1.0,nor,5000.0,1.0,vel_inplane,0.0035715785367154843,5.232687920316883,0.0014720721709175972,0.0187527665314854,0.01874684154251787,0.9996840472067104
2.0,0.0075225,1.0,nor,5000.0,1.0,vel_plane,0.0035715785367154843,1.0001569217217308,0.0014720721709175972,0.005245146533285649,0.003863570042818751,0.7365990670233087
2.0,0.0075225,1.0,nor,5000.0,3.0,pos_range,0.002998036528130783,5143.067711612529,1.180518264152371,15.419104866064353,15.464230282904056,1.0029265912147092
2.0,0.0075225,1.0,nor,5000.0,3.0,pos_inplane,0.002998036528130783,1.4652119656039152e-13,1.180518264152371,1.657307713458762,1.180518264152371,0.7123108488336528
2.0,0.0075225,1.0,nor,5000.0,3.0,pos_plane,0.002998036528130783,2.8277178981055843e-14,1.180518264152371,1.3024231368174093,1.180518264152371,0.9064014841114355
2.0,0.0075225,1.0,nor,5000.0,3.0,vel_range,0.002998036528130783,1.9442157505752056,0.0013086143416999629,0.005827170257763612,0.005973920721342977,1.0251838297300218
2.0,0.0075225,1.0,nor,5000.0,3.0,vel_inplane,0.002998036528130783,5.232687920316883,0.0013086143416999629,0.01581640726352836,0.015742274666932347,0.9953129307205589
2.0,0.0075225,1.0,nor,5000.0,3.0,vel_plane,0.002998036528130783,1.0001569217217308,0.0013086143416999629,0.002356220067607016,0.003271622783192402,1.3885047615756332
2.0,0.0075225,1.0,nor,50000.0,1.0,pos_range,0.02497187620500983,50018.73028152635,8.034434213032037,1249.0615405220524,1249.0873805080437,1.0000206875203126
2.0,0.0075225,1.0,nor,50000.0,1.0,pos_inplane,0.02497187620500983,8.261004078466576e-13,8.034434213032037,10.128128490602428,8.034434213032037,0.7932792539595974
2.0,0.0075225,1.0,nor,50000.0,1.0,pos_plane,0.02497187620500983,6.965802012665191e-12,8.034434213032037,17.695972240958216,8.034434213032037,0.4540261537275661
2.0,0.0075225,1.0,nor,50000.0,1.0,vel_range,0.02497187620500983,1.9990803100103,0.008906237334809695,0.04263743463190695,0.05070903214283143,1.189307766299904
2.0,0.0075225,1.0,nor,50000.0,1.0,vel_inplane,0.02497187620500983,55.390811880319404,0.008906237334809695,1.3848230340691554,1.3832411696416598,0.9988577136655161
2.0,0.0075225,1.0,nor,50000.0,1.0,vel_plane,0.02497187620500983,1.0001449183239788,0.008906237334809695,0.035488616543336966,0.02651596534783337,0.7471681888600353
2.0,0.0075225,1.0,nor,50000.0,3.0,pos_range,0.013235420696634206,50018.73028152635,5.437370044050575,662.0189379874779,662.0412670272632,1.0000337287024645
2.0,0.0075225,1.0,nor,50000.0,3.0,pos_inplane,0.013235420696634206,8.261004078466576e-13,5.437370044050575,7.362159734529712,5.437370044050575,0.7385563802084375
2.0,0.0075225,1.0,nor,50000.0,3.0,pos_plane,0.013235420696634206,6.965802012665191e-12,5.437370044050575,7.178219859062955,5.437370044050575,0.7574816808077497
2.0,0.0075225,1.0,nor,50000.0,3.0,vel_range,0.013235420696634206,1.9990803100103,0.006027370043176177,0.022171477936813642,0.027136513226493887,1.2239379487389188
2.0,0.0075225,1.0,nor,50000.0,3.0,vel_inplane,0.013235420696634206,55.390811880319404,0.006027370043176177,0.7340582047420239,0.7331454746317962,0.9987565970868095
2.0,0.0075225,1.0,nor,50000.0,3.0,vel_plane,0.013235420696634206,1.0001449183239788,0.006027370043176177,0.007909864406995239,0.014544976000753117,1.8388401181555012
2.0,0.0075225,1.0,pro,5000.0,1.0,pos_range,0.005924659551948825,5143.067711612529,1.4318816816293236,30.470925243924746,30.504549994566982,1.0011035027775843
2.0,0.0075225,1.0,pro,5000.0,1.0,pos_inplane,0.005924659551948825,1.4652119656039152e-13,1.4318816816293236,2.920055156459733,1.4318816816293236,0.4903611763845356
2.0,0.0075225,1.0,pro,5000.0,1.0,pos_plane,0.005924659551948825,2.8277178981055843e-14,1.4318816816293236,1.421180850274986,1.4318816816293236,1.0075295352820628
2.0,0.0075225,1.0,pro,5000.0,1.0,vel_range,0.005924659551948825,1.9442157505752056,0.0015872527864217287,0.008309189984559187,0.011627661117892867,1.3993736019395793
2.0,0.0075225,1.0,pro,5000.0,1.0,vel_inplane,0.005924659551948825,5.232687920316883,0.0015872527864217287,0.023015829522952343,0.03104250041643428,1.3487456702560907
2.0,0.0075225,1.0,pro,5000.0,1.0,vel_plane,0.005924659551948825,1.0001569217217308,0.0015872527864217287,0.005352514835998024,0.006134490971791241,1.1460950898321816
2.0,0.0075225,1.0,pro,5000.0,3.0,pos_range,0.001846345689732248,5143.067711612529,1.2771212749617813,9.495880901336887,9.581377398022411,1.009003535066819
2.0,0.0075225,1.0,pro,5000.0,3.0,pos_inplane,0.001846345689732248,1.4652119656039152e-13,1.2771212749617813,1.860457362016787,1.2771212749617813,0.6864555463809967
2.0,0.0075225,1.0,pro,5000.0,3.0,pos_plane,0.001846345689732248,2.8277178981055843e-14,1.2771212749617813,1.2630204030028136,1.2771212749617813,1.0111644055198499
2.0,0.0075225,1.0,pro,5000.0,3.0,vel_range,0.001846345689732248,1.9442157505752056,0.0014156995848811512,0.004178721747074314,0.0038587706580862566,0.9234332630039156
2.0,0.0075225,1.0,pro,5000.0,3.0,vel_inplane,0.001846345689732248,5.232687920316883,0.0014156995848811512,0.009413955295466554,0.009764522740597968,1.0372391236338498
2.0,0.0075225,1.0,pro,5000.0,3.0,vel_plane,0.001846345689732248,1.0001569217217308,0.0014156995848811512,0.002275502324899341,0.0023268579016530915,1.022568896630779
2.0,0.0075225,1.0,pro,50000.0,1.0,pos_range,0.0320716187580611,50018.73028152635,8.536994195864033,1604.1816483513994,1604.204363906704,1.0000141602139183
2.0,0.0075225,1.0,pro,50000.0,1.0,pos_inplane,0.0320716187580611,8.261004078466576e-13,8.536994195864033,25.6439039581712,8.536994195864033,0.33290540355279236
2.0,0.0075225,1.0,pro,50000.0,1.0,pos_plane,0.0320716187580611,6.965802012665191e-12,8.536994195864033,8.49944147870848,8.536994195864033,1.0044182570407272
2.0,0.0075225,1.0,pro,50000.0,1.0,vel_range,0.0320716187580611,1.9990803100103,0.00946332926728449,0.05329633137911562,0.06480838262793218,1.2160008193983798
2.0,0.0075225,1.0,pro,50000.0,1.0,vel_inplane,0.0320716187580611,55.390811880319404,0.00946332926728449,1.7208915810883156,1.776498206877164,1.0323126839598356
2.0,0.0075225,1.0,pro,50000.0,1.0,vel_plane,0.0320716187580611,1.0001449183239788,0.00946332926728449,0.03257577034153004,0.03344310803281811,1.0266252396242592
2.0,0.0075225,1.0,pro,50000.0,3.0,pos_range,0.004806964774560932,50018.73028152635,6.154177568293874,240.43827453156138,240.51702177030333,1.0003275154045062
2.0,0.0075225,1.0,pro,50000.0,3.0,pos_inplane,0.004806964774560932,8.261004078466576e-13,6.154177568293874,11.078196174803873,6.154177568293874,0.5555216274550967
2.0,0.0075225,1.0,pro,50000.0,3.0,pos_plane,0.004806964774560932,6.965802012665191e-12,6.154177568293874,6.149328824190729,6.154177568293874,1.0007884997276566
2.0,0.0075225,1.0,pro,50000.0,3.0,vel_range,0.004806964774560932,1.9990803100103,0.0068219571621960925,0.016265048799312808,0.011784810378885313,0.7245481107553282
2.0,0.0075225,1.0,pro,50000.0,3.0,vel_inplane,0.004806964774560932,55.390811880319404,0.0068219571621960925,0.2668620005816757,0.2663490607410564,0.9980778835521684
2.0,0.0075225,1.0,pro,50000.0,3.0,vel_plane,0.004806964774560932,1.0001449183239788,0.0068219571621960925,0.0082635034067815,0.00834581976689064,1.0099614359741884
2.0,0.0416939,0.0,none,5000.0,1.0,pos_range,0.170585034164651,5143.06771161299,1.4195163167781064,877.3303812966154,877.3315296811338,1.0000013089533235
2.0,0.0416939,0.0,none,5000.0,1.0,pos_inplane,0.170585034164651,3.708701272385948e-13,1.4195163167781064,2.068299987529102,1.4195163167781064,0.6863203236170464
2.0,0.0416939,0.0,none,5000.0,1.0,pos_plane,0.170585034164651,9.53124868119333e-14,1.4195163167781064,1.4790662160238057,1.4195163167781064,0.959738178993914
2.0,0.0416939,0.0,none,5000.0,1.0,vel_range,0.170585034164651,1.9423186952687006,0.001573545676353191,0.3303002219336411,0.33133423748984475,1.003130532429407
2.0,0.0416939,0.0,none,5000.0,1.0,vel_inplane,0.170585034164651,5.232232254883223,0.001573545676353191,0.8944774314076239,0.8925419050332086,0.9978361372724973
2.0,0.0416939,0.0,none,5000.0,1.0,vel_plane,0.170585034164651,5.543428264492327,0.001573545676353191,0.9450218211337255,0.9456272090969293,1.0006406073909253
2.0,0.0416939,0.0,none,5000.0,3.0,pos_range,0.03450838540330729,5143.06771161299,1.2493254014958677,177.47896274764676,177.48335987336785,1.0000247754756564
2.0,0.0416939,0.0,none,5000.0,3.0,pos_inplane,0.03450838540330729,3.708701272385948e-13,1.2493254014958677,1.5993006169588493,1.2493254014958677,0.7811698365198676
2.0,0.0416939,0.0,none,5000.0,3.0,pos_plane,0.03450838540330729,9.53124868119333e-14,1.2493254014958677,1.271495736495556,1.2493254014958677,0.9825635789697627
2.0,0.0416939,0.0,none,5000.0,3.0,vel_range,0.03450838540330729,1.9423186952687006,0.0013848876273180133,0.06679182020945947,0.06704058776255488,1.0037245212410035
2.0,0.0416939,0.0,none,5000.0,3.0,vel_inplane,0.03450838540330729,5.232232254883223,0.0013848876273180133,0.1809609953531008,0.18056119822900105,0.9977907000162125
2.0,0.0416939,0.0,none,5000.0,3.0,vel_plane,0.03450838540330729,5.543428264492327,0.0013848876273180133,0.1909709787650702,0.19129977192136738,1.0017216917377885
2.0,0.0416939,0.0,none,50000.0,1.0,pos_range,0.14209969017668508,50018.730281527016,8.049405810618353,7107.646076036167,7107.650634008835,1.000000641277382
2.0,0.0416939,0.0,none,50000.0,1.0,pos_inplane,0.14209969017668508,2.0452685344229283e-12,8.049405810618353,13.01212975115053,8.049405810618353,0.618607865473108
2.0,0.0416939,0.0,none,50000.0,1.0,pos_plane,0.14209969017668508,4.730493917422902e-12,8.049405810618353,8.179835215474515,8.049405810618353,0.9840547637671946
2.0,0.0416939,0.0,none,50000.0,1.0,vel_range,0.14209969017668508,1.9971297209834198,0.008922833475601874,0.2360445277223561,0.2839317536187405,1.2028736965794482
2.0,0.0416939,0.0,none,50000.0,1.0,vel_inplane,0.14209969017668508,55.39077205535287,0.008922833475601874,7.880466425426312,7.871016605317834,0.998800855228824
2.0,0.0416939,0.0,none,50000.0,1.0,vel_plane,0.14209969017668508,5.543361734959079,0.008922833475601874,0.7744994024285657,0.7877605204274033,1.017122179768319
2.0,0.0416939,0.0,none,50000.0,3.0,pos_range,0.024541891179286696,50018.730281527016,5.4458746230009405,1227.5542354953284,1227.5663153707537,1.0000098406042488
2.0,0.0416939,0.0,none,50000.0,3.0,pos_inplane,0.024541891179286696,2.0452685344229283e-12,5.4458746230009405,7.480423330993207,5.4458746230009405,0.7280169025244015
2.0,0.0416939,0.0,none,50000.0,3.0,pos_plane,0.024541891179286696,4.730493917422902e-12,5.4458746230009405,5.44445346599815,5.4458746230009405,1.000261028404718
2.0,0.0416939,0.0,none,50000.0,3.0,vel_range,0.024541891179286696,1.9971297209834198,0.006036797439873473,0.04035981883391987,0.04938370631145522,1.2235859262567192
2.0,0.0416939,0.0,none,50000.0,3.0,vel_inplane,0.024541891179286696,55.39077205535287,0.006036797439873473,1.3610287150157092,1.3594077041563908,0.9988089811468087
2.0,0.0416939,0.0,none,50000.0,3.0,vel_plane,0.024541891179286696,5.543361734959079,0.006036797439873473,0.1294806656503886,0.13617845203156892,1.0517280811581944
2.0,0.0416939,1.0,nor,5000.0,1.0,pos_range,0.0037046748807893787,5143.06771161299,1.4283767729473105,19.053393761411556,19.10685934508579,1.0028060924129178
2.0,0.0416939,1.0,nor,5000.0,1.0,pos_inplane,0.0037046748807893787,3.708701272385948e-13,1.4283767729473105,1.8070557093394986,1.4283767729473105,0.7904442378643656
2.0,0.0416939,1.0,nor,5000.0,1.0,pos_plane,0.0037046748807893787,9.53124868119333e-14,1.4283767729473105,2.2877733228264354,1.4283767729473105,0.6243524035775619
2.0,0.0416939,1.0,nor,5000.0,1.0,vel_range,0.0037046748807893787,1.9423186952687006,0.0015833675659156958,0.007207695439664064,0.007367806005512776,1.0222138361961886
2.0,0.0416939,1.0,nor,5000.0,1.0,vel_inplane,0.0037046748807893787,5.232232254883223,0.0015833675659156958,0.019581914902084423,0.019448280922109568,0.993175642900959
2.0,0.0416939,1.0,nor,5000.0,1.0,vel_plane,0.0037046748807893787,5.543428264492327,0.0015833675659156958,0.022336816760747717,0.02059754766009751,0.9221344241088726
2.0,0.0416939,1.0,nor,5000.0,3.0,pos_range,0.0036960728834628306,5143.06771161299,1.2469234013979125,19.009153106706005,19.050005769110527,1.002149104811519
2.0,0.0416939,1.0,nor,5000.0,3.0,pos_inplane,0.0036960728834628306,3.708701272385948e-13,1.2469234013979125,1.6021991400592785,1.2469234013979125,0.7782574401779909
2.0,0.0416939,1.0,nor,5000.0,3.0,pos_plane,0.0036960728834628306,9.53124868119333e-14,1.2469234013979125,1.461120736284947,1.2469234013979125,0.8534020293000195
2.0,0.0416939,1.0,nor,5000.0,3.0,vel_range,0.0036960728834628306,1.9423186952687006,0.001382224990176007,0.006981846552207399,0.007310806384899327,1.0471164512471165
2.0,0.0416939,1.0,nor,5000.0,3.0,vel_inplane,0.0036960728834628306,5.232232254883223,0.001382224990176007,0.018988318142176632,0.01938804575901347,1.0210512386533575
2.0,0.0416939,1.0,nor,5000.0,3.0,vel_plane,0.0036960728834628306,5.543428264492327,0.001382224990176007,0.019207173516150297,0.020535485854622646,1.0691570957775458
2.0,0.0416939,1.0,nor,50000.0,1.0,pos_range,0.024059377373181694,50018.730281527016,8.051981296916368,1203.4195075706493,1203.44644484264,1.0000223839416107
2.0,0.0416939,1.0,nor,50000.0,1.0,pos_inplane,0.024059377373181694,2.0452685344229283e-12,8.051981296916368,10.136042426032752,8.051981296916368,0.7943910412446759
2.0,0.0416939,1.0,nor,50000.0,1.0,pos_plane,0.024059377373181694,4.730493917422902e-12,8.051981296916368,17.03701008716046,8.051981296916368,0.4726170411194716
2.0,0.0416939,1.0,nor,50000.0,1.0,vel_range,0.024059377373181694,1.9971297209834198,0.008925688423643576,0.040836681680761815,0.048871682549732204,1.1967593971465043
2.0,0.0416939,1.0,nor,50000.0,1.0,vel_inplane,0.024059377373181694,55.39077205535287,0.008925688423643576,1.3344070667144285,1.3326973779308995,0.998718765190791
2.0,0.0416939,1.0,nor,50000.0,1.0,vel_plane,0.024059377373181694,5.543361734959079,0.008925688423643576,0.1409497518261654,0.13366817113354332,0.9483391733700779
2.0,0.0416939,1.0,nor,50000.0,3.0,pos_range,0.01120879020859181,50018.730281527016,5.444516630816882,560.6494542257748,560.6758896947524,1.000047151511124
2.0,0.0416939,1.0,nor,50000.0,3.0,pos_inplane,0.01120879020859181,2.0452685344229283e-12,5.444516630816882,6.993380140097729,5.444516630816882,0.7785243361217882
2.0,0.0416939,1.0,nor,50000.0,3.0,pos_plane,0.01120879020859181,4.730493917422902e-12,5.444516630816882,6.805098388171923,5.444516630816882,0.8000643517924891
2.0,0.0416939,1.0,nor,50000.0,3.0,vel_range,0.01120879020859181,1.9971297209834198,0.00603529209421137,0.01924244346679943,0.023184720070724148,1.2048740125299915
2.0,0.0416939,1.0,nor,50000.0,3.0,vel_inplane,0.01120879020859181,55.39077205535287,0.00603529209421137,0.621406158116468,0.620892876709696,0.9991740001284701
2.0,0.0416939,1.0,nor,50000.0,3.0,vel_plane,0.01120879020859181,5.543361734959079,0.00603529209421137,0.0534516040895316,0.06242680331201116,1.1679126262973527
2.0,0.0416939,1.0,pro,5000.0,1.0,pos_range,0.005663096134288283,5143.06771161299,1.5453601808691566,29.12568687601841,29.16665517484799,1.001406603696729
2.0,0.0416939,1.0,pro,5000.0,1.0,pos_inplane,0.005663096134288283,3.708701272385948e-13,1.5453601808691566,2.8518037917565993,1.5453601808691566,0.5418886759798
2.0,0.0416939,1.0,pro,5000.0,1.0,pos_plane,0.005663096134288283,9.53124868119333e-14,1.5453601808691566,1.6927856741436675,1.5453601808691566,0.9129095339555675
2.0,0.0416939,1.0,pro,5000.0,1.0,vel_range,0.005663096134288283,1.9423186952687006,0.0017130446492748279,0.007871899014031639,0.01113213129047736,1.41416083598562
2.0,0.0416939,1.0,pro,5000.0,1.0,vel_inplane,0.005663096134288283,5.232232254883223,0.0017130446492748279,0.02200890771021341,0.02968011132732939,1.3485499470542146
2.0,0.0416939,1.0,pro,5000.0,1.0,vel_plane,0.005663096134288283,5.543428264492327,0.0017130446492748279,0.026991277769790437,0.03143967095952291,1.1648085439923583
2.0,0.0416939,1.0,pro,5000.0,3.0,pos_range,0.00145600944192995,5143.06771161299,1.3617219907142075,7.488355148593574,7.611159544475635,1.0163993818996586
2.0,0.0416939,1.0,pro,5000.0,3.0,pos_inplane,0.00145600944192995,3.708701272385948e-13,1.3617219907142075,1.9066479538435126,1.3617219907142075,0.7141968646960667
2.0,0.0416939,1.0,pro,5000.0,3.0,pos_plane,0.00145600944192995,9.53124868119333e-14,1.3617219907142075,1.3873844078602056,1.3617219907142075,0.9815030232424352
2.0,0.0416939,1.0,pro,5000.0,3.0,vel_range,0.00145600944192995,1.9423186952687006,0.0015094801838888235,0.003253148622263569,0.0032056682243081142,0.9854047867255392
2.0,0.0416939,1.0,pro,5000.0,3.0,vel_inplane,0.00145600944192995,5.232232254883223,0.0015094801838888235,0.007259297833165899,0.007766285490339397,1.0698397653361458
2.0,0.0416939,1.0,pro,5000.0,3.0,vel_plane,0.00145600944192995,5.543428264492327,0.0015094801838888235,0.007651528765185142,0.0082112212319032,1.0731477961978901
2.0,0.0416939,1.0,pro,50000.0,1.0,pos_range,0.03168388512490547,50018.730281527016,8.552595480400766,1584.787704333533,1584.8107819850925,1.0000145619829688
2.0,0.0416939,1.0,pro,50000.0,1.0,pos_inplane,0.03168388512490547,2.0452685344229283e-12,8.552595480400766,25.345501269528366,8.552595480400766,0.337440376082959
2.0,0.0416939,1.0,pro,50000.0,1.0,pos_plane,0.03168388512490547,4.730493917422902e-12,8.552595480400766,8.548419001195047,8.552595480400766,1.000488567442136
2.0,0.0416939,1.0,pro,50000.0,1.0,vel_range,0.03168388512490547,1.9971297209834198,0.009480623421312992,0.0524283980509545,0.06398311703581741,1.2203904642219476
2.0,0.0416939,1.0,pro,50000.0,1.0,vel_inplane,0.03168388512490547,55.39077205535287,0.009480623421312992,1.7000612543288214,1.7550204661400364,1.0323277832909101
2.0,0.0416939,1.0,pro,50000.0,1.0,vel_plane,0.03168388512490547,5.543361734959079,0.009480623421312992,0.170837909491892,0.17589092782586974,1.0295778515963259
2.0,0.0416939,1.0,pro,50000.0,3.0,pos_range,0.004504275861084963,50018.730281527016,6.163242046383514,225.29815940920165,225.38244427127933,1.000374103642474
2.0,0.0416939,1.0,pro,50000.0,3.0,pos_inplane,0.004504275861084963,2.0452685344229283e-12,6.163242046383514,11.03431668070736,6.163242046383514,0.5585522171173011
2.0,0.0416939,1.0,pro,50000.0,3.0,pos_plane,0.004504275861084963,4.730493917422902e-12,6.163242046383514,6.163747441023006,6.163242046383514,0.9999180052972112
2.0,0.0416939,1.0,pro,50000.0,3.0,vel_range,0.004504275861084963,1.9971297209834198,0.0068320052117590065,0.015689139075156056,0.01129590774821542,0.7199826385695457
2.0,0.0416939,1.0,pro,50000.0,3.0,vel_inplane,0.004504275861084963,55.39077205535287,0.0068320052117590065,0.24995077554729309,0.24958884139227117,0.9985519782676032
2.0,0.0416939,1.0,pro,50000.0,3.0,vel_plane,0.004504275861084963,5.543361734959079,0.0068320052117590065,0.02533628342963365,0.02588665272599249,1.0217225741844647
2.0,0.25,0.0,none,5000.0,1.0,pos_range,0.05564661120665072,5143.067711612828,2.401718042762327,286.1942893575978,286.20436668656436,1.0000352114956212
2.0,0.25,0.0,none,5000.0,1.0,pos_inplane,0.05564661120665072,2.1225213795731138e-13,2.401718042762327,2.5925363514600646,2.401718042762327,0.9263970556901651
2.0,0.25,0.0,none,5000.0,1.0,pos_plane,0.05564661120665072,1.2976453882216484e-14,2.401718042762327,2.695810728336485,2.401718042762327,0.890907517177352
2.0,0.25,0.0,none,5000.0,1.0,vel_range,0.05564661120665072,1.8737799698879318,0.002662324481472558,0.09978996810730152,0.10430348864177857,1.0452302031966159
2.0,0.25,0.0,none,5000.0,1.0,vel_inplane,0.05564661120665072,5.2157693669954845,0.002662324481472558,0.2922020897774813,0.29025210039203453,0.9933265727602026
2.0,0.25,0.0,none,5000.0,1.0,vel_plane,0.05564661120665072,33.23874218818149,0.002662324481472558,1.8459576601787726,1.8496252796009391,1.001986838323156
2.0,0.25,0.0,none,5000.0,3.0,pos_range,0.02191817270478371,5143.067711612828,1.94091025554171,112.7266463355267,112.74335424615938,1.0001482161598505
2.0,0.25,0.0,none,5000.0,3.0,pos_inplane,0.02191817270478371,2.1225213795731138e-13,1.94091025554171,1.6385887917066155,1.94091025554171,1.1845011178919527
2.0,0.25,0.0,none,5000.0,3.0,pos_plane,0.02191817270478371,1.2976453882216484e-14,1.94091025554171,2.2430642531831007,1.94091025554171,0.8652940961398639
2.0,0.25,0.0,none,5000.0,3.0,vel_range,0.02191817270478371,1.8737799698879318,0.0021515152060591863,0.039457247001397015,0.04112614982674027,1.0422964842246638
2.0,0.25,0.0,none,5000.0,3.0,vel_inplane,0.02191817270478371,5.2157693669954845,0.0021515152060591863,0.11488096482723223,0.11434037783659934,0.9952943728193276
2.0,0.25,0.0,none,5000.0,3.0,vel_plane,0.02191817270478371,33.23874218818149,0.0021515152060591863,0.7282507035506235,0.7285356687100404,1.0003913009050696
2.0,0.25,0.0,none,50000.0,1.0,pos_range,0.043217138979083476,50018.73028152651,8.565056375309242,2161.6664181340225,2161.6833865020762,1.0000078496700098
2.0,0.25,0.0,none,50000.0,1.0,pos_inplane,0.043217138979083476,3.2760089863045553e-13,8.565056375309242,11.148431123968015,8.565056375309242,0.7682745921886017
2.0,0.25,0.0,none,50000.0,1.0,pos_plane,0.043217138979083476,2.804031118218572e-12,8.565056375309242,8.911660175640113,8.565056375309242,0.9611067081217585
2.0,0.25,0.0,none,50000.0,1.0,vel_range,0.043217138979083476,1.9266568753958564,0.00949443642724675,0.06338296477772332,0.08380416215605217,1.3221874749776004
2.0,0.25,0.0,none,50000.0,1.0,vel_inplane,0.043217138979083476,55.389333205156895,0.00949443642724675,2.39651892317247,2.3937873399677954,0.9988601870912588
2.0,0.25,0.0,none,50000.0,1.0,vel_plane,0.043217138979083476,33.238343272000755,0.00949443642724675,1.4162271927479224,1.4364974773925128,1.0143128763156
2.0,0.25,0.0,none,50000.0,3.0,pos_range,0.012535506405330972,50018.73028152651,5.7247144865593755,627.0101138305979,627.0362471195839,1.0000416792144329
2.0,0.25,0.0,none,50000.0,3.0,pos_inplane,0.012535506405330972,3.2760089863045553e-13,5.7247144865593755,5.4514936370775935,5.7247144865593755,1.050118530382849
2.0,0.25,0.0,none,50000.0,3.0,pos_plane,0.012535506405330972,2.804031118218572e-12,5.7247144865593755,5.78768219638512,5.7247144865593755,0.9891203926392031
2.0,0.25,0.0,none,50000.0,3.0,vel_range,0.012535506405330972,1.9266568753958564,0.006345893754238611,0.020573790355004118,0.024971405586372238,1.2137484224096071
2.0,0.25,0.0,none,50000.0,3.0,vel_inplane,0.012535506405330972,55.389333205156895,0.006345893754238611,0.6946766975864258,0.6943623398788831,0.9995474762452304
2.0,0.25,0.0,none,50000.0,3.0,vel_plane,0.012535506405330972,33.238343272000755,0.006345893754238611,0.41182026148839024,0.4167077874629363,1.0118681046845088
2.0,0.25,1.0,nor,5000.0,1.0,pos_range,0.005648631114048756,5143.067711612828,2.4141489265516975,29.05129229747575,29.15142705242652,1.003446826183339
2.0,0.25,1.0,nor,5000.0,1.0,pos_inplane,0.005648631114048756,2.1225213795731138e-13,2.4141489265516975,2.4427006386146113,2.4141489265516975,0.9883114158110234
2.0,0.25,1.0,nor,5000.0,1.0,pos_plane,0.005648631114048756,1.2976453882216484e-14,2.4141489265516975,3.8065954052481117,2.4141489265516975,0.6342016078786142
2.0,0.25,1.0,nor,5000.0,1.0,vel_range,0.005648631114048756,1.8737799698879318,0.002676104219830487,0.01015616538746803,0.01091736083144996,1.0749490988913188
2.0,0.25,1.0,nor,5000.0,1.0,vel_inplane,0.005648631114048756,5.2157693669954845,0.002676104219830487,0.030196509894924596,0.02958324613243137,0.9796909058488146
2.0,0.25,1.0,nor,5000.0,1.0,vel_plane,0.005648631114048756,33.23874218818149,0.002676104219830487,0.19680346586786943,0.18777246399690933,0.9541115709973149
2.0,0.25,1.0,nor,5000.0,3.0,pos_range,0.0078097892735401395,5143.067711612828,1.933228842337309,40.16627504724449,40.21277191300969,1.0011576096043386
2.0,0.25,1.0,nor,5000.0,3.0,pos_inplane,0.0078097892735401395,2.1225213795731138e-13,1.933228842337309,1.6376170031274992,1.933228842337309,1.1805134159240251
2.0,0.25,1.0,nor,5000.0,3.0,pos_plane,0.0078097892735401395,1.2976453882216484e-14,1.933228842337309,2.5114675267177904,1.933228842337309,0.7697606366680061
2.0,0.25,1.0,nor,5000.0,3.0,vel_range,0.0078097892735401395,1.8737799698879318,0.0021430002954567484,0.013890268825891271,0.014789906505415574,1.0647674779229175
2.0,0.25,1.0,nor,5000.0,3.0,vel_inplane,0.0078097892735401395,5.2157693669954845,0.0021430002954567484,0.0404994330861378,0.04079039183795596,1.0071842672760214
2.0,0.25,1.0,nor,5000.0,3.0,vel_plane,0.0078097892735401395,33.23874218818149,0.0021430002954567484,0.25188045339825865,0.25959641772318054,1.0306334382871776
2.0,0.25,1.0,nor,50000.0,1.0,pos_range,0.02080133132146861,50018.73028152651,8.576445618235734,1040.456180865208,1040.4915279424704,1.0000339726726724
2.0,0.25,1.0,nor,50000.0,1.0,pos_inplane,0.02080133132146861,3.2760089863045553e-13,8.576445618235734,10.494830667698746,8.576445618235734,0.8172066696256981
2.0,0.25,1.0,nor,50000.0,1.0,pos_plane,0.02080133132146861,2.804031118218572e-12,8.576445618235734,15.433069880920064,8.576445618235734,0.5557187056373543
2.0,0.25,1.0,nor,50000.0,1.0,vel_range,0.02080133132146861,1.9266568753958564,0.009507061498020573,0.03131273241337757,0.04118922665300624,1.3154146405763423
2.0,0.25,1.0,nor,50000.0,1.0,vel_inplane,0.02080133132146861,55.389333205156895,0.009507061498020573,1.1545348527014019,1.1522110944175954,0.9979872774924297
2.0,0.25,1.0,nor,50000.0,1.0,vel_plane,0.02080133132146861,33.238343272000755,0.009507061498020573,0.6927164327190852,0.6914671509083803,0.9981965465929526
2.0,0.25,1.0,nor,50000.0,3.0,pos_range,0.009659706446712902,50018.73028152651,5.716516561142821,483.1662513568555,483.2000672721702,1.0000699881567052
2.0,0.25,1.0,nor,50000.0,3.0,pos_inplane,0.009659706446712902,3.2760089863045553e-13,5.716516561142821,5.447531509536205,5.716516561142821,1.0493774200545225
2.0,0.25,1.0,nor,50000.0,3.0,pos_plane,0.009659706446712902,2.804031118218572e-12,5.716516561142821,6.530164767445439,5.716516561142821,0.875401580928116
2.0,0.25,1.0,nor,50000.0,3.0,vel_range,0.009659706446712902,1.9266568753958564,0.006336806285541129,0.016007858017472187,0.01966016774149069,1.2281573037462037
2.0,0.25,1.0,nor,50000.0,3.0,vel_inplane,0.009659706446712902,55.389333205156895,0.006336806285541129,0.5348314691075711,0.5350822227338118,1.0004688460584774
2.0,0.25,1.0,nor,50000.0,3.0,vel_plane,0.009659706446712902,33.238343272000755,0.006336806285541129,0.3139525814031784,0.32113516545019444,1.0228779263891197
2.0,0.25,1.0,pro,5000.0,1.0,pos_range,0.0060993936329220375,5143.067711612828,2.610665887349393,31.36959445389819,31.47804048185672,1.0034570427143361
2.0,0.25,1.0,pro,5000.0,1.0,pos_inplane,0.0060993936329220375,2.1225213795731138e-13,2.610665887349393,3.216955511757393,2.610665887349393,0.8115331025896627
2.0,0.25,1.0,pro,5000.0,1.0,pos_plane,0.0060993936329220375,1.2976453882216484e-14,2.610665887349393,2.9042155429004537,2.610665887349393,0.8989229100888665
2.0,0.25,1.0,pro,5000.0,1.0,vel_range,0.0060993936329220375,1.8737799698879318,0.0028939449098869022,0.007184968411691237,0.011789621134200704,1.640873064245748
2.0,0.25,1.0,pro,5000.0,1.0,vel_inplane,0.0060993936329220375,5.2157693669954845,0.0028939449098869022,0.02374953471178669,0.031944386434697845,1.3450531482978536
2.0,0.25,1.0,pro,5000.0,1.0,vel_plane,0.0060993936329220375,33.23874218818149,0.0028939449098869022,0.1778367646367066,0.20275682613538248,1.1401288510257357
2.0,0.25,1.0,pro,5000.0,3.0,pos_range,0.0009658352206403797,5143.067711612828,2.1881834354132055,4.967355938013988,5.427962026574944,1.0927266123685737
2.0,0.25,1.0,pro,5000.0,3.0,pos_inplane,0.0009658352206403797,2.1225213795731138e-13,2.1881834354132055,2.5060094406599887,2.1881834354132055,0.8731744581285058
2.0,0.25,1.0,pro,5000.0,3.0,pos_plane,0.0009658352206403797,1.2976453882216484e-14,2.1881834354132055,2.2452481279966223,2.1881834354132055,0.9745842377633628
2.0,0.25,1.0,pro,5000.0,3.0,vel_range,0.0009658352206403797,1.8737799698879318,0.0024256195882814574,0.002546258633782188,0.0030263627316495035,1.1885527618827054
2.0,0.25,1.0,pro,5000.0,3.0,vel_inplane,0.0009658352206403797,5.2157693669954845,0.0024256195882814574,0.004355130670712266,0.005591134030598143,1.2838039667093923
2.0,0.25,1.0,pro,5000.0,3.0,vel_plane,0.0009658352206403797,33.23874218818149,0.0024256195882814574,0.02666826083872081,0.03219465382891555,1.2072273487804923
2.0,0.25,1.0,pro,50000.0,1.0,pos_range,0.026464648119968823,50018.73028152651,9.061475007736448,1323.7280963082283,1323.7591107467858,1.0000234296141663
2.0,0.25,1.0,pro,50000.0,1.0,pos_inplane,0.026464648119968823,3.2760089863045553e-13,9.061475007736448,21.293656410298265,9.061475007736448,0.42554809907395896
2.0,0.25,1.0,pro,50000.0,1.0,pos_plane,0.026464648119968823,2.804031118218572e-12,9.061475007736448,9.615266027206719,9.061475007736448,0.9424050236464284
2.0,0.25,1.0,pro,50000.0,1.0,vel_range,0.026464648119968823,1.9266568753958564,0.010044720621577078,0.03881101887750619,0.0519682861693621,1.339008551498799
2.0,0.25,1.0,pro,50000.0,1.0,vel_inplane,0.026464648119968823,55.389333205156895,0.010044720621577078,1.419959527918392,1.4658936279213721,1.032348879739071
2.0,0.25,1.0,pro,50000.0,1.0,vel_plane,0.026464648119968823,33.238343272000755,0.010044720621577078,0.8559515641804243,0.8796984078145261,1.0277432095784993
2.0,0.25,1.0,pro,50000.0,3.0,pos_range,0.002966863944508231,50018.73028152651,6.459396689844251,148.39876742234304,148.5392809261827,1.000946864359323
2.0,0.25,1.0,pro,50000.0,3.0,pos_inplane,0.002966863944508231,3.2760089863045553e-13,6.459396689844251,10.904788020543585,6.459396689844251,0.5923450027341532
2.0,0.25,1.0,pro,50000.0,3.0,pos_plane,0.002966863944508231,2.804031118218572e-12,6.459396689844251,6.566913801818693,6.459396689844251,0.983627451917419
2.0,0.25,1.0,pro,50000.0,3.0,vel_range,0.002966863944508231,1.9266568753958564,0.007160295104056461,0.012963125276689556,0.00916209335415734,0.706781208898191
2.0,0.25,1.0,pro,50000.0,3.0,vel_inplane,0.002966863944508231,55.389333205156895,0.007160295104056461,0.16397799115751793,0.1644885356942563,1.0031134942752649
2.0,0.25,1.0,pro,50000.0,3.0,vel_plane,0.002966863944508231,33.238343272000755,0.007160295104056461,0.10794639088323585,0.098873253509855,0.9159477468478299
2.0,1.0,0.0,none,5000.0,1.0,pos_range,0.013354316487015475,5143.067711613747,4.3222252275661255,68.6821539350404,68.81802016967936,1.001978188319013
2.0,1.0,0.0,none,5000.0,1.0,pos_inplane,0.013354316487015475,1.621236796567698e-13,4.3222252275661255,3.7827098850360668,4.3222252275661255,1.1426266774156577
2.0,1.0,0.0,none,5000.0,1.0,pos_plane,0.013354316487015475,3.569892252392899e-13,4.3222252275661255,4.0734124604987345,4.3222252275661255,1.061082144143323
2.0,1.0,0.0,none,5000.0,1.0,vel_range,0.013354316487015475,0.8163126383136824,0.004791222713450856,0.005359074797761952,0.011907732716376903,2.2219754651212913
2.0,1.0,0.0,none,5000.0,1.0,vel_inplane,0.013354316487015475,4.9617309514227665,0.004791222713450856,0.0706506398972097,0.0664335235241242,0.9403102876460705
2.0,1.0,0.0,none,5000.0,1.0,vel_plane,0.013354316487015475,132.94864344779978,0.004791222713450856,1.7371951833629355,1.775444725940094,1.0220179879287448
2.0,1.0,0.0,none,5000.0,3.0,pos_range,0.007009500671604357,5143.067711613747,3.465890152218174,36.05033657866324,36.2165592234015,1.0046108486220524
2.0,1.0,0.0,none,5000.0,3.0,pos_inplane,0.007009500671604357,1.621236796567698e-13,3.465890152218174,2.710991190864112,3.465890152218174,1.2784586552320896
2.0,1.0,0.0,none,5000.0,3.0,pos_plane,0.007009500671604357,3.569892252392899e-13,3.465890152218174,3.566861150193693,3.465890152218174,0.9716919179850789
2.0,1.0,0.0,none,5000.0,3.0,vel_range,0.007009500671604357,0.8163126383136824,0.0038419681403285477,0.003434832119917497,0.006892123197965219,2.006538589761052
2.0,1.0,0.0,none,5000.0,3.0,vel_inplane,0.007009500671604357,4.9617309514227665,0.0038419681403285477,0.036764194577347246,0.03499081875941841,0.9517635069034934
2.0,1.0,0.0,none,5000.0,3.0,vel_plane,0.007009500671604357,132.94864344779978,0.0038419681403285477,0.9056455023907102,0.9319115251624678,1.0290025431611165
2.0,1.0,0.0,none,50000.0,1.0,pos_range,0.01671575625349055,50018.73028152666,12.35065282502604,836.1009034950863,836.1921187445527,1.0001090959824168
2.0,1.0,0.0,none,50000.0,1.0,pos_inplane,0.01671575625349055,6.639043225419473e-13,12.35065282502604,13.564019761208133,12.35065282502604,0.910545180739694
2.0,1.0,0.0,none,50000.0,1.0,pos_plane,0.01671575625349055,1.928938420488793e-12,12.35065282502604,13.464605586161477,12.35065282502604,0.9172680733938227
2.0,1.0,0.0,none,50000.0,1.0,vel_range,0.01671575625349055,0.8393484733221345,0.013690801664801822,0.017814743199755876,0.019603280765813268,1.100396483182643
2.0,1.0,0.0,none,50000.0,1.0,vel_inplane,0.01671575625349055,55.36713016067752,0.013690801664801822,0.926933228247481,0.9256047094324495,0.9985667588834384
2.0,1.0,0.0,none,50000.0,1.0,vel_plane,0.01671575625349055,132.94704787465793,0.013690801664801822,2.175039100102225,2.2223526183808193,1.021752950683218
2.0,1.0,0.0,none,50000.0,3.0,pos_range,0.007338077357645708,50018.73028152666,7.922808687266821,367.0413121370585,367.12681148724164,1.0002329420350131
2.0,1.0,0.0,none,50000.0,3.0,pos_inplane,0.007338077357645708,6.639043225419473e-13,7.922808687266821,5.225736848270372,7.922808687266821,1.5161132137545605
2.0,1.0,0.0,none,50000.0,3.0,pos_plane,0.007338077357645708,1.928938420488793e-12,7.922808687266821,8.593857581427617,7.922808687266821,0.9219152880062831
2.0,1.0,0.0,none,50000.0,3.0,vel_range,0.007338077357645708,0.8393484733221345,0.008782499508507579,0.006637630914895182,0.01072697962458899,1.6160855826612928
2.0,1.0,0.0,none,50000.0,3.0,vel_inplane,0.007338077357645708,55.36713016067752,0.008782499508507579,0.4064703812051382,0.40638319621704605,0.9997855071559368
2.0,1.0,0.0,none,50000.0,3.0,vel_plane,0.007338077357645708,132.94704787465793,0.008782499508507579,0.9678456234237636,0.975615252655559,1.0080277567452445
2.0,1.0,1.0,nor,5000.0,1.0,pos_range,0.007124726875316548,5143.067711613747,4.33332098157784,36.64295274650724,36.89828799161481,1.0069681951362914
2.0,1.0,1.0,nor,5000.0,1.0,pos_inplane,0.007124726875316548,1.621236796567698e-13,4.33332098157784,3.733765912291984,4.33332098157784,1.1605765019472838
2.0,1.0,1.0,nor,5000.0,1.0,pos_plane,0.007124726875316548,3.569892252392899e-13,4.33332098157784,4.776209112203199,4.33332098157784,0.907272039347318
2.0,1.0,1.0,nor,5000.0,1.0,vel_range,0.007124726875316548,0.8163126383136824,0.004803522449314858,0.0044127283567171926,0.007543191456218728,1.7094166797591897
2.0,1.0,1.0,nor,5000.0,1.0,vel_inplane,0.007124726875316548,4.9617309514227665,0.004803522449314858,0.0381821430338993,0.035675838650494014,0.9343592531938264
2.0,1.0,1.0,nor,5000.0,1.0,vel_plane,0.007124726875316548,132.94864344779978,0.004803522449314858,0.938948646033383,0.947234952657243,1.0088250903378644
2.0,1.0,1.0,nor,5000.0,3.0,pos_range,0.007654193626854324,5143.067711613747,3.4610110940801158,39.36603610071419,39.51788703961889,1.0038574099387656
2.0,1.0,1.0,nor,5000.0,3.0,pos_inplane,0.007654193626854324,1.621236796567698e-13,3.4610110940801158,2.7105223741924767,3.4610110940801158,1.2768797361841464
2.0,1.0,1.0,nor,5000.0,3.0,pos_plane,0.007654193626854324,3.569892252392899e-13,3.4610110940801158,3.2655857675963,3.4610110940801158,1.059843881126314
2.0,1.0,1.0,nor,5000.0,3.0,vel_range,0.007654193626854324,0.8163126383136824,0.0038365596636896577,0.0034830243580129755,0.007332078877137323,2.1050897505982955
2.0,1.0,1.0,nor,5000.0,3.0,vel_inplane,0.007654193626854324,4.9617309514227665,0.0038365596636896577,0.04002380804081386,0.03817134302455469,0.9537159229234224
2.0,1.0,1.0,nor,5000.0,3.0,vel_plane,0.007654193626854324,132.94864344779978,0.0038365596636896577,0.982046671946373,1.0176218915536248,1.0362255894994719
2.0,1.0,1.0,nor,50000.0,1.0,pos_range,0.014012042344954113,50018.73028152666,12.370417793434726,700.8645667455901,700.9737285775179,1.0001557531042478
2.0,1.0,1.0,nor,50000.0,1.0,pos_inplane,0.014012042344954113,6.639043225419473e-13,12.370417793434726,13.225538852162725,12.370417793434726,0.9353431971062439
2.0,1.0,1.0,nor,50000.0,1.0,pos_plane,0.014012042344954113,1.928938420488793e-12,12.370417793434726,16.480344434837622,12.370417793434726,0.750616459646622
2.0,1.0,1.0,nor,50000.0,1.0,vel_range,0.014012042344954113,0.8393484733221345,0.013712711297128793,0.016199979608528446,0.018065415883721382,1.115150532301342
2.0,1.0,1.0,nor,50000.0,1.0,vel_inplane,0.014012042344954113,55.36713016067752,0.013712711297128793,0.7779800234388643,0.7759277518696834,0.9973620510715567
2.0,1.0,1.0,nor,50000.0,1.0,vel_plane,0.014012042344954113,132.94704787465793,0.013712711297128793,1.8405356849413999,1.8629101341475218,1.0121564875862943
2.0,1.0,1.0,nor,50000.0,3.0,pos_range,0.0073003757700465495,50018.73028152666,7.909291924879935,365.15552659575087,365.2411744343361,1.0002345516700342
2.0,1.0,1.0,nor,50000.0,3.0,pos_inplane,0.0073003757700465495,6.639043225419473e-13,7.909291924879935,5.209775570511043,7.909291924879935,1.5181636555802898
2.0,1.0,1.0,nor,50000.0,3.0,pos_plane,0.0073003757700465495,1.928938420488793e-12,7.909291924879935,8.008047018366241,7.909291924879935,0.9876680177751437
2.0,1.0,1.0,nor,50000.0,3.0,vel_range,0.0073003757700465495,0.8393484733221345,0.008767516064667741,0.0066373756615442005,0.010696556473721763,1.6115641209967593
2.0,1.0,1.0,nor,50000.0,3.0,vel_inplane,0.0073003757700465495,55.36713016067752,0.008767516064667741,0.4041108689321483,0.40429593234454386,1.0004579520785584
2.0,1.0,1.0,nor,50000.0,3.0,vel_plane,0.0073003757700465495,132.94704787465793,0.008767516064667741,0.9587447853433035,0.9706030065644429,1.0123684857559807
2.0,1.0,1.0,pro,5000.0,1.0,pos_range,0.009138231359311123,5143.067711613747,4.594432357730969,46.99854264532924,47.2225774336238,1.0047668454314684
2.0,1.0,1.0,pro,5000.0,1.0,pos_inplane,0.009138231359311123,1.621236796567698e-13,4.594432357730969,4.233556950364106,4.594432357730969,1.0852416565072607
2.0,1.0,1.0,pro,5000.0,1.0,pos_plane,0.009138231359311123,3.569892252392899e-13,4.594432357730969,4.186698397651121,4.594432357730969,1.0973879466236691
2.0,1.0,1.0,pro,5000.0,1.0,vel_range,0.009138231359311123,0.8163126383136824,0.005092966587530152,0.008677014528839929,0.009032427289392006,1.0409602587814952
2.0,1.0,1.0,pro,5000.0,1.0,vel_inplane,0.009138231359311123,4.9617309514227665,0.005092966587530152,0.03595283229204172,0.045626581917946246,1.2690678038193348
2.0,1.0,1.0,pro,5000.0,1.0,vel_plane,0.009138231359311123,132.94864344779978,0.005092966587530152,1.0697441404345958,1.214926137629496,1.1357165622201197
2.0,1.0,1.0,pro,5000.0,3.0,pos_range,0.0014667808949755511,5143.067711613747,3.817335193981464,7.543753460960671,8.454600183507532,1.1207418465171934
2.0,1.0,1.0,pro,5000.0,3.0,pos_inplane,0.0014667808949755511,1.621236796567698e-13,3.817335193981464,3.6670612262318665,3.817335193981464,1.0409793997096726
2.0,1.0,1.0,pro,5000.0,3.0,pos_plane,0.0014667808949755511,3.569892252392899e-13,3.817335193981464,3.5796784622114592,3.817335193981464,1.0663905248135568
2.0,1.0,1.0,pro,5000.0,3.0,vel_range,0.0014667808949755511,0.8163126383136824,0.0042315479002833865,0.003061706916225384,0.004397686769512315,1.436351319653414
2.0,1.0,1.0,pro,5000.0,3.0,vel_inplane,0.0014667808949755511,4.9617309514227665,0.0042315479002833865,0.006697551512015253,0.00841854888482161,1.2569591842211183
2.0,1.0,1.0,pro,5000.0,3.0,vel_plane,0.0014667808949755511,132.94864344779978,0.0042315479002833865,0.13873250486979416,0.19505243609582112,1.4059606022315059
2.0,1.0,1.0,pro,50000.0,1.0,pos_range,0.01616985934480713,50018.73028152666,12.845587354639505,808.7958332581311,808.897835953466,1.0001261167418778
2.0,1.0,1.0,pro,50000.0,1.0,pos_inplane,0.01616985934480713,6.639043225419473e-13,12.845587354639505,15.395396979135644,12.845587354639505,0.8343784425986724
2.0,1.0,1.0,pro,50000.0,1.0,pos_plane,0.01616985934480713,1.928938420488793e-12,12.845587354639505,13.970707769248023,12.845587354639505,0.9194657541198374
2.0,1.0,1.0,pro,50000.0,1.0,vel_range,0.01616985934480713,0.8393484733221345,0.014239440718785242,0.01867793717695163,0.01967142189879202,1.053190280726843
2.0,1.0,1.0,pro,50000.0,1.0,vel_inplane,0.01616985934480713,55.36713016067752,0.014239440718785242,0.8685935805333503,0.8953919392769639,1.0308525866921079
2.0,1.0,1.0,pro,50000.0,1.0,vel_plane,0.01616985934480713,132.94704787465793,0.014239440718785242,2.0821234753481974,2.149782223611786,1.032495070088134
2.0,1.0,1.0,pro,50000.0,3.0,pos_range,0.0026171640510282645,50018.73028152666,8.72698604459419,130.90722277089043,131.19779441366413,1.0022196761692992
2.0,1.0,1.0,pro,50000.0,3.0,pos_inplane,0.0026171640510282645,6.639043225419473e-13,8.72698604459419,11.268694612130854,8.72698604459419,0.774445163790268
2.0,1.0,1.0,pro,50000.0,3.0,pos_plane,0.0026171640510282645,1.928938420488793e-12,8.72698604459419,9.47704252581351,8.72698604459419,0.9208554272942935
2.0,1.0,1.0,pro,50000.0,3.0,vel_range,0.0026171640510282645,0.8393484733221345,0.009673936816192589,0.007792487212381746,0.009920211690950666,1.273048183536074
2.0,1.0,1.0,pro,50000.0,3.0,vel_inplane,0.0026171640510282645,55.36713016067752,0.009673936816192589,0.1447883118519954,0.14522742260855312,1.0030327776527057
2.0,1.0,1.0,pro,50000.0,3.0,vel_plane,0.0026171640510282645,132.94704787465793,0.009673936816192589,0.3966833282573311,0.34807869124279567,0.8774724482925451
10.0,0.0,0.0,none,5000.0,1.0,pos_range,0.058395737126127625,7822.476274703557,2.9844519118528865,456.7992682129591,456.80901741658846,1.000021342423922
10.0,0.0,0.0,none,5000.0,1.0,pos_inplane,0.058395737126127625,4.120298887021739e-14,2.9844519118528865,3.9605150820322432,2.9844519118528865,0.7535514573325364
10.0,0.0,0.0,none,5000.0,1.0,pos_plane,0.058395737126127625,3.6033681960381845e-14,2.9844519118528865,2.8218445908724386,2.9844519118528865,1.0576244777995283
10.0,0.0,0.0,none,5000.0,1.0,vel_range,0.058395737126127625,6.390439642883405,0.003308289835539955,0.3791287564513379,0.37318909764931824,0.9843333994033712
10.0,0.0,0.0,none,5000.0,1.0,vel_inplane,0.058395737126127625,0.9824211375483339,0.003308289835539955,0.06233983945470859,0.05746451631703264,0.9217944226305237
10.0,0.0,0.0,none,5000.0,1.0,vel_plane,0.058395737126127625,3.032135341819519e-13,0.003308289835539955,0.004138601524985281,0.003308289835539955,0.7993738502166431
10.0,0.0,0.0,none,5000.0,3.0,pos_range,0.008245514945538305,7822.476274703557,2.87493320043058,64.50034503418698,64.56438453540858,1.0009928551729088
10.0,0.0,0.0,none,5000.0,3.0,pos_inplane,0.008245514945538305,4.120298887021739e-14,2.87493320043058,3.6313778773229513,2.87493320043058,0.7916921062894117
10.0,0.0,0.0,none,5000.0,3.0,pos_plane,0.008245514945538305,3.6033681960381845e-14,2.87493320043058,2.7178753722463505,2.87493320043058,1.057786986772105
10.0,0.0,0.0,none,5000.0,3.0,vel_range,0.008245514945538305,6.390439642883405,0.0031868874305084377,0.05404035844230343,0.05278875051382705,0.9768393851455914
10.0,0.0,0.0,none,5000.0,3.0,vel_inplane,0.008245514945538305,0.9824211375483339,0.0031868874305084377,0.010599286200738115,0.00870490989106301,0.8212732184226534
10.0,0.0,0.0,none,5000.0,3.0,vel_plane,0.008245514945538305,3.032135341819519e-13,0.0031868874305084377,0.003907132188143652,0.0031868874305084377,0.81565897365315
10.0,0.0,0.0,none,50000.0,1.0,pos_range,0.04878069718449187,50382.00498686468,10.61094442260152,2457.669328811805,2457.692234988712,1.0000093202843192
10.0,0.0,0.0,none,50000.0,1.0,pos_inplane,0.04878069718449187,1.2423516180443384e-12,10.61094442260152,19.278122002340652,10.61094442260152,0.5504138017859412
10.0,0.0,0.0,none,50000.0,1.0,pos_plane,0.04878069718449187,1.3821511192190152e-13,10.61094442260152,10.506921840171598,10.61094442260152,1.009900386051432
10.0,0.0,0.0,none,50000.0,1.0,vel_range,0.04878069718449187,9.9219206796676,0.01176232039100866,0.4662104141361308,0.4841411134022551,1.0384605292426794
10.0,0.0,0.0,none,50000.0,1.0,vel_inplane,0.04878069718449187,54.6193352469788,0.01176232039100866,2.6864122520569365,2.664395216376801,0.9918042974739721
10.0,0.0,0.0,none,50000.0,1.0,vel_plane,0.04878069718449187,2.2788959302015974e-13,0.01176232039100866,0.012068650358863647,0.01176232039100866,0.9746177112811949
10.0,0.0,0.0,none,50000.0,3.0,pos_range,0.007587140234924687,50382.00498686468,8.804317251695947,382.2553371520172,382.3567166710569,1.0002652141361714
10.0,0.0,0.0,none,50000.0,3.0,pos_inplane,0.007587140234924687,1.2423516180443384e-12,8.804317251695947,13.349756329596028,8.804317251695947,0.6595114573122977
10.0,0.0,0.0,none,50000.0,3.0,pos_plane,0.007587140234924687,1.3821511192190152e-13,8.804317251695947,8.7380473307046,8.804317251695947,1.0075840652360033
10.0,0.0,0.0,none,50000.0,3.0,vel_range,0.007587140234924687,9.9219206796676,0.009759659104231046,0.07150976318399278,0.07590902007207857,1.0615196679754988
10.0,0.0,0.0,none,50000.0,3.0,vel_inplane,0.007587140234924687,54.6193352469788,0.009759659104231046,0.41937024928460176,0.4145194651964972,0.9884331706973027
10.0,0.0,0.0,none,50000.0,3.0,vel_plane,0.007587140234924687,2.2788959302015974e-13,0.009759659104231046,0.009944410723781565,0.009759659104231046,0.9814215618519563
10.0,0.0,1.0,nor,5000.0,1.0,pos_range,0.008511400041542683,7822.476274703557,2.984644869869382,66.58022488947852,66.64708884364545,1.0010042614646906
10.0,0.0,1.0,nor,5000.0,1.0,pos_inplane,0.008511400041542683,4.120298887021739e-14,2.984644869869382,3.683385762340391,2.984644869869382,0.8102992905019443
10.0,0.0,1.0,nor,5000.0,1.0,pos_plane,0.008511400041542683,3.6033681960381845e-14,2.984644869869382,3.5818096477289356,2.984644869869382,0.8332784718925003
10.0,0.0,1.0,nor,5000.0,1.0,vel_range,0.008511400041542683,6.390439642883405,0.00330850373111057,0.05530263405032784,0.054492119323959774,0.9853440122647601
10.0,0.0,1.0,nor,5000.0,1.0,vel_inplane,0.008511400041542683,0.9824211375483339,0.00330850373111057,0.01064574738525549,0.008992527463603241,0.8447060725917673
10.0,0.0,1.0,nor,5000.0,1.0,vel_plane,0.008511400041542683,3.032135341819519e-13,0.00330850373111057,0.005226116813825468,0.00330850373111057,0.6330711403843988
10.0,0.0,1.0,nor,5000.0,3.0,pos_range,0.006378518209286778,7822.476274703557,2.874954777065644,49.89580735991044,49.97856497607214,1.0016586086194528
10.0,0.0,1.0,nor,5000.0,3.0,pos_inplane,0.006378518209286778,4.120298887021739e-14,2.874954777065644,3.6248712703248316,2.874954777065644,0.7931191379405906
10.0,0.0,1.0,nor,5000.0,3.0,pos_plane,0.006378518209286778,3.6033681960381845e-14,2.874954777065644,2.7808663574817243,2.874954777065644,1.0338342111733567
10.0,0.0,1.0,nor,5000.0,3.0,vel_range,0.006378518209286778,6.390439642883405,0.003186911348388362,0.04194931886358334,0.04088592900562245,0.9746506049020969
10.0,0.0,1.0,nor,5000.0,3.0,vel_inplane,0.006378518209286778,0.9824211375483339,0.003186911348388362,0.008926172444595218,0.007030224857651587,0.7875968004526258
10.0,0.0,1.0,nor,5000.0,3.0,vel_plane,0.006378518209286778,3.032135341819519e-13,0.003186911348388362,0.004106145087136514,0.003186911348388362,0.7761321825602625
10.0,0.0,1.0,nor,50000.0,1.0,pos_range,0.025445366608614482,50382.00498686468,10.6111870476814,1281.9885873678147,1282.0325017065234,1.0000342548593188
10.0,0.0,1.0,nor,50000.0,1.0,pos_inplane,0.025445366608614482,1.2423516180443384e-12,10.6111870476814,15.577503482858681,10.6111870476814,0.681186626557833
10.0,0.0,1.0,nor,50000.0,1.0,pos_plane,0.025445366608614482,1.3821511192190152e-13,10.6111870476814,17.1941570214491,10.6111870476814,0.6171391266489145
10.0,0.0,1.0,nor,50000.0,1.0,vel_range,0.025445366608614482,9.9219206796676,0.011762589342933274,0.24335728813274188,0.25274077377166687,1.038558473883908
10.0,0.0,1.0,nor,50000.0,1.0,vel_inplane,0.025445366608614482,54.6193352469788,0.011762589342933274,1.4012528369581332,1.389858784473763,0.9918686676780584
10.0,0.0,1.0,nor,50000.0,1.0,vel_plane,0.025445366608614482,2.2788959302015974e-13,0.011762589342933274,0.015932376166943794,0.011762589342933274,0.7382821758463174
10.0,0.0,1.0,nor,50000.0,3.0,pos_range,0.0072040700507790675,50382.00498686468,8.804399910574661,362.95549322407345,363.0622639704047,1.000294170355111
10.0,0.0,1.0,nor,50000.0,3.0,pos_inplane,0.0072040700507790675,1.2423516180443384e-12,8.804399910574661,13.263456693766626,8.804399910574661,0.6638088481649305
10.0,0.0,1.0,nor,50000.0,3.0,pos_plane,0.0072040700507790675,1.3821511192190152e-13,8.804399910574661,8.911359061866218,8.804399910574661,0.9879974366929889
10.0,0.0,1.0,nor,50000.0,3.0,vel_range,0.0072040700507790675,9.9219206796676,0.0097597507322875,0.06793577445466818,0.07214144072568664,1.061906503676127
10.0,0.0,1.0,nor,50000.0,3.0,vel_inplane,0.0072040700507790675,54.6193352469788,0.0097597507322875,0.39823478998676276,0.39360253702020886,0.9883680354327962
10.0,0.0,1.0,nor,50000.0,3.0,vel_plane,0.0072040700507790675,2.2788959302015974e-13,0.0097597507322875,0.010359952264068542,0.0097597507322875,0.9420652222633571
10.0,0.0,1.0,pro,5000.0,1.0,pos_range,0.02218527477224785,7822.476274703557,3.02635583036951,173.54378555368817,173.57017121013772,1.0001520403416657
10.0,0.0,1.0,pro,5000.0,1.0,pos_inplane,0.02218527477224785,4.120298887021739e-14,3.02635583036951,4.9184590566002635,3.02635583036951,0.6153056873185374
10.0,0.0,1.0,pro,5000.0,1.0,pos_plane,0.02218527477224785,3.6033681960381845e-14,3.02635583036951,2.8670035194910812,3.02635583036951,1.0555814842204014
10.0,0.0,1.0,pro,5000.0,1.0,vel_range,0.02218527477224785,6.390439642883405,0.0033547406787072594,0.11085010683114913,0.14181334486802225,1.2793252881933388
10.0,0.0,1.0,pro,5000.0,1.0,vel_inplane,0.02218527477224785,0.9824211375483339,0.0033547406787072594,0.008277926068028726,0.022051953219124107,2.6639466259905213
10.0,0.0,1.0,pro,5000.0,1.0,vel_plane,0.02218527477224785,3.032135341819519e-13,0.0033547406787072594,0.004227780475766555,0.0033547406787072594,0.7934992599394599
10.0,0.0,1.0,pro,5000.0,3.0,pos_range,0.004884372804353328,7822.476274703557,2.9058218999026435,38.207890378861194,38.31822918816874,1.0028878540064226
10.0,0.0,1.0,pro,5000.0,3.0,pos_inplane,0.004884372804353328,4.120298887021739e-14,2.9058218999026435,3.675431823368639,2.9058218999026435,0.7906069380547981
10.0,0.0,1.0,pro,5000.0,3.0,pos_plane,0.004884372804353328,3.6033681960381845e-14,2.9058218999026435,2.7498641507832033,2.9058218999026435,1.05671471046125
10.0,0.0,1.0,pro,5000.0,3.0,vel_range,0.004884372804353328,6.390439642883405,0.0032211278114945173,0.03207580314529091,0.03137905530770569,0.9782780859943171
10.0,0.0,1.0,pro,5000.0,3.0,vel_inplane,0.004884372804353328,0.9824211375483339,0.0032211278114945173,0.006836046193044536,0.0057793920983794335,0.8454290587240011
10.0,0.0,1.0,pro,5000.0,3.0,vel_plane,0.004884372804353328,3.032135341819519e-13,0.0032211278114945173,0.003973000840165637,0.0032211278114945173,0.8107543746102572
10.0,0.0,1.0,pro,50000.0,1.0,pos_range,0.054107547347811265,50382.00498686468,10.906291932608658,2726.0467203044436,2726.0685370119245,1.000008003057071
10.0,0.0,1.0,pro,50000.0,1.0,pos_inplane,0.054107547347811265,1.2423516180443384e-12,10.906291932608658,23.773143316344427,10.906291932608658,0.458765245616906
10.0,0.0,1.0,pro,50000.0,1.0,pos_plane,0.054107547347811265,1.3821511192190152e-13,10.906291932608658,10.800430061133575,10.906291932608658,1.0098016348308239
10.0,0.0,1.0,pro,50000.0,1.0,vel_range,0.054107547347811265,9.9219206796676,0.012089715569141058,0.5000513070433242,0.5369869040492481,1.0738636145645026
10.0,0.0,1.0,pro,50000.0,1.0,vel_inplane,0.054107547347811265,54.6193352469788,0.012089715569141058,2.8841446260818793,2.955342996386371,1.0246861303904913
10.0,0.0,1.0,pro,50000.0,1.0,vel_plane,0.054107547347811265,2.2788959302015974e-13,0.012089715569141058,0.012449687814718832,0.012089715569141058,0.9710858415941811
10.0,0.0,1.0,pro,50000.0,3.0,pos_range,0.007097925643961397,50382.00498686468,9.119624505173375,357.60772519045776,357.7239895044912,1.0003251168972134
10.0,0.0,1.0,pro,50000.0,3.0,pos_inplane,0.007097925643961397,1.2423516180443384e-12,9.119624505173375,12.988837333293953,9.119624505173375,0.7021124578869947
10.0,0.0,1.0,pro,50000.0,3.0,pos_plane,0.007097925643961397,1.3821511192190152e-13,9.119624505173375,9.055374678912203,9.119624505173375,1.0070952145592378
10.0,0.0,1.0,pro,50000.0,3.0,vel_range,0.007097925643961397,9.9219206796676,0.010109179824470687,0.07295325603950395,0.0711469178588262,0.9752397866971197
10.0,0.0,1.0,pro,50000.0,3.0,vel_inplane,0.007097925643961397,54.6193352469788,0.010109179824470687,0.3903628397748403,0.3878157605131067,0.9934750980313526
10.0,0.0,1.0,pro,50000.0,3.0,vel_plane,0.007097925643961397,2.2788959302015974e-13,0.010109179824470687,0.010315334758038062,0.010109179824470687,0.9800147122315414
10.0,0.0075225,0.0,none,5000.0,1.0,pos_range,0.05829266645879342,7822.476274703599,2.986031190729436,455.99300036312184,456.0027771433349,1.0000214406366004
10.0,0.0075225,0.0,none,5000.0,1.0,pos_inplane,0.05829266645879342,1.8613200217837174e-14,2.986031190729436,3.960479943565359,2.986031190729436,0.7539569025165442
10.0,0.0075225,0.0,none,5000.0,1.0,pos_plane,0.05829266645879342,5.773018538494573e-14,2.986031190729436,2.826370339253859,2.986031190729436,1.0564897137710998
10.0,0.0075225,0.0,none,5000.0,1.0,vel_range,0.05829266645879342,6.390397646322767,0.003310040479346284,0.3784465284312229,0.3725280242542717,0.9843610557045265
10.0,0.0075225,0.0,none,5000.0,1.0,vel_inplane,0.05829266645879342,0.9823706777956417,0.003310040479346284,0.06223065937336185,0.05736059021568325,0.9217416429985112
10.0,0.0075225,0.0,none,5000.0,1.0,vel_plane,0.05829266645879342,1.000095627641805,0.003310040479346284,0.0589006415024774,0.05839213349472185,0.9913666813334426
10.0,0.0075225,0.0,none,5000.0,3.0,pos_range,0.008244061305869854,7822.476274703599,2.876349949336,64.48897397236891,64.5530878660341,1.0009941838071832
10.0,0.0075225,0.0,none,5000.0,3.0,pos_inplane,0.008244061305869854,1.8613200217837174e-14,2.876349949336,3.6318458723064135,2.876349949336,0.7919801804555561
10.0,0.0075225,0.0,none,5000.0,3.0,pos_plane,0.008244061305869854,5.773018538494573e-14,2.876349949336,2.720384828458915,2.876349949336,1.057332006576966
10.0,0.0075225,0.0,none,5000.0,3.0,vel_range,0.008244061305869854,6.390397646322767,0.0031884579084862194,0.05402651538439479,0.052779227324519826,0.976913409073293
10.0,0.0075225,0.0,none,5000.0,3.0,vel_inplane,0.008244061305869854,0.9823706777956417,0.0031884579084862194,0.01059683153868112,0.008703769055189464,0.8213558008748655
10.0,0.0075225,0.0,none,5000.0,3.0,vel_plane,0.008244061305869854,1.000095627641805,0.0031884579084862194,0.00918187523172374,0.008839898746553441,0.9627552676833642
10.0,0.0075225,0.0,none,50000.0,1.0,pos_range,0.0487177265437763,50382.00498686423,10.611378366885386,2454.4967416772256,2454.519679337479,1.0000093451581598
10.0,0.0075225,0.0,none,50000.0,1.0,pos_inplane,0.0487177265437763,5.948236740151912e-13,10.611378366885386,19.268153680971103,10.611378366885386,0.5507210780327645
10.0,0.0075225,0.0,none,50000.0,1.0,pos_plane,0.0487177265437763,2.2919353812436523e-12,10.611378366885386,10.507656148001859,10.611378366885386,1.0098711089725991
10.0,0.0075225,0.0,none,50000.0,1.0,vel_range,0.0487177265437763,9.921855474991837,0.011762801421866555,0.4655950060230275,0.483513344377748,1.038484816466941
10.0,0.0075225,0.0,none,50000.0,1.0,vel_inplane,0.0487177265437763,54.61932764177509,0.011762801421866555,2.6829425561028066,2.660955467021381,0.9918048602899037
10.0,0.0075225,0.0,none,50000.0,1.0,vel_plane,0.0487177265437763,1.0008265879251759,0.011762801421866555,0.049541141452508236,0.050156810843433576,1.0124274365279924
10.0,0.0075225,0.0,none,50000.0,3.0,pos_range,0.007583813449971647,50382.00498686423,8.804592537459586,382.0877270559196,382.18915737695846,1.0002654634364219
10.0,0.0075225,0.0,none,50000.0,3.0,pos_inplane,0.007583813449971647,5.948236740151912e-13,8.804592537459586,13.34538820192462,8.804592537459586,0.6597479521944383
10.0,0.0075225,0.0,none,50000.0,3.0,pos_plane,0.007583813449971647,2.2919353812436523e-12,8.804592537459586,8.738567929593517,8.804592537459586,1.0075555409533952
10.0,0.0075225,0.0,none,50000.0,3.0,vel_range,0.007583813449971647,9.921855474991837,0.009759964260796007,0.07147809298669833,0.07587583490875513,1.0615257310078936
10.0,0.0075225,0.0,none,50000.0,3.0,vel_inplane,0.007583813449971647,54.61932764177509,0.009759964260796007,0.41918240691585934,0.41433775833454606,0.9884426242576404
10.0,0.0075225,0.0,none,50000.0,3.0,vel_plane,0.007583813449971647,1.0008265879251759,0.009759964260796007,0.012262801765353333,0.012363909140828078,1.0082450468832016
10.0,0.0075225,1.0,nor,5000.0,1.0,pos_range,0.008481539299511533,7822.476274703599,2.9865702323519168,66.34663994339516,66.41382562035776,1.001012646262417
10.0,0.0075225,1.0,nor,5000.0,1.0,pos_inplane,0.008481539299511533,1.8613200217837174e-14,2.9865702323519168,3.6838100066314436,2.9865702323519168,0.8107286279627928
10.0,0.0075225,1.0,nor,5000.0,1.0,pos_plane,0.008481539299511533,5.773018538494573e-14,2.9865702323519168,3.5877755749235285,2.9865702323519168,0.83242950122809
10.0,0.0075225,1.0,nor,5000.0,1.0,vel_range,0.008481539299511533,6.390397646322767,0.0033106380114805776,0.05511274944649262,0.054301423882016864,0.9852788044032633
10.0,0.0075225,1.0,nor,5000.0,1.0,vel_inplane,0.008481539299511533,0.9823706777956417,0.0033106380114805776,0.010619315510089454,0.008965645905834011,0.8442771944496531
10.0,0.0075225,1.0,nor,5000.0,1.0,vel_plane,0.008481539299511533,1.000095627641805,0.0033106380114805776,0.012419357259303964,0.009105525346044679,0.7331720278215905
10.0,0.0075225,1.0,nor,5000.0,3.0,pos_range,0.006352265996242409,7822.476274703599,2.876333984617254,49.690450046212675,49.773628790617835,1.0016739382381887
10.0,0.0075225,1.0,nor,5000.0,3.0,pos_inplane,0.006352265996242409,1.8613200217837174e-14,2.876333984617254,3.6245380564311485,2.876333984617254,0.793572571134595
10.0,0.0075225,1.0,nor,5000.0,3.0,pos_plane,0.006352265996242409,5.773018538494573e-14,2.876333984617254,2.7799934446763377,2.876333984617254,1.0346549521997643
10.0,0.0075225,1.0,nor,5000.0,3.0,vel_range,0.006352265996242409,6.390397646322767,0.0031884402114623392,0.04164821943282505,0.040718532066616936,0.977677620343227
10.0,0.0075225,1.0,nor,5000.0,3.0,vel_inplane,0.006352265996242409,0.9823706777956417,0.0031884402114623392,0.008864813366285907,0.007007656071517618,0.7905023808136434
10.0,0.0075225,1.0,nor,5000.0,3.0,vel_plane,0.006352265996242409,1.000095627641805,0.0031884402114623392,0.006455897181442304,0.007108104672429553,1.1010250740767744
10.0,0.0075225,1.0,nor,50000.0,1.0,pos_range,0.025252471136641388,50382.00498686423,10.611874445968882,1272.2701267369116,1272.3143822445825,1.000034784678773
10.0,0.0075225,1.0,nor,50000.0,1.0,pos_inplane,0.025252471136641388,5.948236740151912e-13,10.611874445968882,15.553663414454396,10.611874445968882,0.6822749189819172
10.0,0.0075225,1.0,nor,50000.0,1.0,pos_plane,0.025252471136641388,2.2919353812436523e-12,10.611874445968882,17.11175551457609,10.611874445968882,0.6201511257526736
10.0,0.0075225,1.0,nor,50000.0,1.0,vel_range,0.025252471136641388,9.921855474991837,0.011763351329668062,0.2414932565033849,0.250827360836818,1.0386516148259497
10.0,0.0075225,1.0,nor,50000.0,1.0,vel_inplane,0.025252471136641388,54.61932764177509,0.011763351329668062,1.3906530319590937,1.3793231566803876,0.9918528381858521
10.0,0.0075225,1.0,nor,50000.0,1.0,vel_plane,0.025252471136641388,1.0008265879251759,0.011763351329668062,0.03723485978352681,0.027876843041355893,0.7486759236753988
10.0,0.0075225,1.0,nor,50000.0,3.0,pos_range,0.007162342389627302,50382.00498686423,8.804569941903148,360.85316999183186,360.9605667451996,1.0002976189827297
10.0,0.0075225,1.0,nor,50000.0,3.0,pos_inplane,0.007162342389627302,5.948236740151912e-13,8.804569941903148,13.241008756554399,8.804569941903148,0.6649470673859965
10.0,0.0075225,1.0,nor,50000.0,3.0,pos_plane,0.007162342389627302,2.2919353812436523e-12,8.804569941903148,8.909284114471156,8.804569941903148,0.9882466232726912
10.0,0.0075225,1.0,nor,50000.0,3.0,vel_range,0.007162342389627302,9.921855474991837,0.009759939213433242,0.06754014341988895,0.07173081328051982,1.062047097451037
10.0,0.0075225,1.0,nor,50000.0,3.0,vel_inplane,0.007162342389627302,54.61932764177509,0.009759939213433242,0.39588863535380536,0.3913240549934495,0.9884700394183418
10.0,0.0075225,1.0,nor,50000.0,3.0,vel_plane,0.007162342389627302,1.0008265879251759,0.009759939213433242,0.010678775070294372,0.012109517063848507,1.1339799728092497
10.0,0.0075225,1.0,pro,5000.0,1.0,pos_range,0.022139299231595834,7822.476274703599,3.0280021256062866,173.18414297772205,173.21061219163434,1.0001528385535603
10.0,0.0075225,1.0,pro,5000.0,1.0,pos_inplane,0.022139299231595834,1.8613200217837174e-14,3.0280021256062866,4.91318707784804,3.0280021256062866,0.616301003326041
10.0,0.0075225,1.0,pro,5000.0,1.0,pos_plane,0.022139299231595834,5.773018538494573e-14,3.0280021256062866,2.8761314208291062,3.0280021256062866,1.0528038126760566
10.0,0.0075225,1.0,pro,5000.0,1.0,vel_range,0.022139299231595834,6.390397646322767,0.0033565656107078373,0.11061975575206064,0.14151873709922186,1.279326067365554
10.0,0.0075225,1.0,pro,5000.0,1.0,vel_inplane,0.022139299231595834,0.9823706777956417,0.0033565656107078373,0.008272457362465376,0.02200648685631034,2.660211578262148
10.0,0.0075225,1.0,pro,5000.0,1.0,vel_plane,0.022139299231595834,1.000095627641805,0.0033565656107078373,0.020462866147370518,0.0223943932972344,1.0943918186217565
10.0,0.0075225,1.0,pro,5000.0,3.0,pos_range,0.004874345320723559,7822.476274703599,2.9072824513044875,38.129450626072554,38.24012678192591,1.0029026422892564
10.0,0.0075225,1.0,pro,5000.0,3.0,pos_inplane,0.004874345320723559,1.8613200217837174e-14,2.9072824513044875,3.6759731662852286,2.9072824513044875,0.7908878329061512
10.0,0.0075225,1.0,pro,5000.0,3.0,pos_plane,0.004874345320723559,5.773018538494573e-14,2.9072824513044875,2.752515977426911,2.9072824513044875,1.0562272753897888
10.0,0.0075225,1.0,pro,5000.0,3.0,vel_range,0.004874345320723559,6.390397646322767,0.003222746844904911,0.03199885946295487,0.03131527744250271,0.9786373004561757
10.0,0.0075225,1.0,pro,5000.0,3.0,vel_inplane,0.004874345320723559,0.9823706777956417,0.003222746844904911,0.006828529749044374,0.00577191519881878,0.8452647071833489
10.0,0.0075225,1.0,pro,5000.0,3.0,vel_plane,0.004874345320723559,1.000095627641805,0.003222746844904911,0.0062097534288891275,0.005843790193863876,0.9410663822298144
10.0,0.0075225,1.0,pro,50000.0,1.0,pos_range,0.054035754666368424,50382.00498686423,10.90673777622854,2722.4296610699466,2722.4515085492967,1.0000080249931385
10.0,0.0075225,1.0,pro,50000.0,1.0,pos_inplane,0.054035754666368424,5.948236740151912e-13,10.90673777622854,23.75168163204121,10.90673777622854,0.4591985504519084
10.0,0.0075225,1.0,pro,50000.0,1.0,pos_plane,0.054035754666368424,2.2919353812436523e-12,10.90673777622854,10.80180287481972,10.90673777622854,1.0097145728935155
10.0,0.0075225,1.0,pro,50000.0,1.0,vel_range,0.054035754666368424,9.921855474991837,0.01209020979051217,0.49937395876895324,0.5362712522053853,1.0738870996144663
10.0,0.0075225,1.0,pro,50000.0,1.0,vel_inplane,0.054035754666368424,54.61932764177509,0.01209020979051217,2.8803154607610235,2.9514213517796177,1.0246868414197265
10.0,0.0075225,1.0,pro,50000.0,1.0,vel_plane,0.054035754666368424,1.0008265879251759,0.01209020979051217,0.05398259488259828,0.055415385920969014,1.0265417222252242
10.0,0.0075225,1.0,pro,50000.0,3.0,pos_range,0.007088515561998963,50382.00498686423,9.119919372143263,357.1336263940965,357.25005252729136,1.0003260015988145
10.0,0.0075225,1.0,pro,50000.0,3.0,pos_inplane,0.007088515561998963,5.948236740151912e-13,9.119919372143263,12.988648549522027,9.119919372143263,0.7021453646521885
10.0,0.0075225,1.0,pro,50000.0,3.0,pos_plane,0.007088515561998963,2.2919353812436523e-12,9.119919372143263,9.055912381069824,9.119919372143263,1.0070679781760297
10.0,0.0075225,1.0,pro,50000.0,3.0,vel_range,0.007088515561998963,9.921855474991837,0.010109506686966089,0.07285876952894557,0.07105408931308824,0.9752304324170563
10.0,0.0075225,1.0,pro,50000.0,3.0,vel_inplane,0.007088515561998963,54.61932764177509,0.010109506686966089,0.3898386269263783,0.3873019176123207,0.9934929246646033
10.0,0.0075225,1.0,pro,50000.0,3.0,vel_plane,0.007088515561998963,1.0008265879251759,0.010109506686966089,0.012314457012263235,0.012350395939890034,1.0029184338043495
10.0,0.0416939,0.0,none,5000.0,1.0,pos_range,0.05562849377597116,7822.476274702973,3.0315495823250984,435.1525727599964,435.1631324831115,1.0000242667141965
10.0,0.0416939,0.0,none,5000.0,1.0,pos_inplane,0.05562849377597116,1.3323368171596697e-14,3.0315495823250984,3.962202786724568,3.0315495823250984,0.7651172202700881
10.0,0.0416939,0.0,none,5000.0,1.0,pos_plane,0.05562849377597116,2.246445805683896e-14,3.0315495823250984,2.950602605105639,3.0315495823250984,1.0274340492614598
10.0,0.0416939,0.0,none,5000.0,1.0,vel_range,0.05562849377597116,6.3891495102761775,0.003360497996067525,0.36080703665061414,0.35543465022960014,0.9851100841300489
10.0,0.0416939,0.0,none,5000.0,1.0,vel_inplane,0.05562849377597116,0.9808710158767402,0.003360497996067525,0.05941129898306163,0.05466776203755024,0.9201576631599354
10.0,0.0416939,0.0,none,5000.0,1.0,vel_plane,0.05562849377597116,5.543088538312878,0.003360497996067525,0.31074860283445405,0.30837197738862127,0.9923519352165876
10.0,0.0416939,0.0,none,5000.0,3.0,pos_range,0.00820486815942743,7822.476274702973,2.9171251404631895,64.18238651418692,64.24864479303517,1.0010323436451465
10.0,0.0416939,0.0,none,5000.0,3.0,pos_inplane,0.00820486815942743,1.3323368171596697e-14,2.9171251404631895,3.645768875932798,2.9171251404631895,0.8001398990814579
10.0,0.0416939,0.0,none,5000.0,3.0,pos_plane,0.00820486815942743,2.246445805683896e-14,2.9171251404631895,2.7909037910730157,2.9171251404631895,1.0452259765434786
10.0,0.0416939,0.0,none,5000.0,3.0,vel_range,0.00820486815942743,6.3891495102761775,0.003233657547928401,0.05365686442587789,0.052521768726427935,0.9788452845391667
10.0,0.0416939,0.0,none,5000.0,3.0,vel_inplane,0.00820486815942743,0.9808710158767402,0.003233657547928401,0.010531176879550677,0.008673264384190072,0.8235797844238778
10.0,0.0416939,0.0,none,5000.0,3.0,vel_plane,0.00820486815942743,5.543088538312878,0.003233657547928401,0.04598605114918346,0.04559512252665516,0.9914989738679651
10.0,0.0416939,0.0,none,50000.0,1.0,pos_range,0.04698905715247244,50382.00498686442,10.624246050541474,2367.402911783924,2367.4267509950846,1.0000100697735235
10.0,0.0416939,0.0,none,50000.0,1.0,pos_inplane,0.04698905715247244,1.304563399215835e-12,10.624246050541474,18.99814752811951,10.624246050541474,0.5592253684111217
10.0,0.0416939,0.0,none,50000.0,1.0,pos_plane,0.04698905715247244,4.178179053347664e-13,10.624246050541474,10.529293662877576,10.624246050541474,1.0090179256751728
10.0,0.0416939,0.0,none,50000.0,1.0,vel_range,0.04698905715247244,9.919917594730315,0.011777065356519786,0.4486902193094643,0.46627632929786805,1.0391943243502586
10.0,0.0416939,0.0,none,50000.0,1.0,vel_inplane,0.04698905715247244,54.619101615355845,0.011777065356519786,2.5876917223033944,2.5665271083701113,0.991821045083978
10.0,0.0416939,0.0,none,50000.0,1.0,vel_plane,0.04698905715247244,5.547139929557734,0.011777065356519786,0.2571710302090326,0.26092079875883195,1.0145808357448018
10.0,0.0416939,0.0,none,50000.0,3.0,pos_range,0.007490396950037679,50382.00498686442,8.812754456695291,377.38121649039243,377.4841019180575,1.0002726299645273
10.0,0.0416939,0.0,none,50000.0,3.0,pos_inplane,0.007490396950037679,1.304563399215835e-12,8.812754456695291,13.222020700583736,8.812754456695291,0.6665209997974227
10.0,0.0416939,0.0,none,50000.0,3.0,pos_plane,0.007490396950037679,4.178179053347664e-13,8.812754456695291,8.753812014308451,8.812754456695291,1.0067333456887693
10.0,0.0416939,0.0,none,50000.0,3.0,vel_range,0.007490396950037679,9.919917594730315,0.009769011816341716,0.07058818178186622,0.0749435515209988,1.0617011180793927
10.0,0.0416939,0.0,none,50000.0,3.0,vel_inplane,0.007490396950037679,54.619101615355845,0.009769011816341716,0.4139071092697776,0.4092353686516741,0.988713069880956
10.0,0.0416939,0.0,none,50000.0,3.0,vel_plane,0.007490396950037679,5.547139929557734,0.009769011816341716,0.040582518745621465,0.04268324449663944,1.0517643018706084
10.0,0.0416939,1.0,nor,5000.0,1.0,pos_range,0.00841246539840005,7822.476274702973,3.0335972983968156,65.80631099074408,65.87619660225813,1.001061989503163
10.0,0.0416939,1.0,nor,5000.0,1.0,pos_inplane,0.00841246539840005,1.3323368171596697e-14,3.0335972983968156,3.7003187243435196,3.0335972983968156,0.8198205409819155
10.0,0.0416939,1.0,nor,5000.0,1.0,pos_plane,0.00841246539840005,2.246445805683896e-14,3.0335972983968156,3.681080068569765,3.0335972983968156,0.8241052196333996
10.0,0.0416939,1.0,nor,5000.0,1.0,vel_range,0.00841246539840005,6.3891495102761775,0.0033627679064116085,0.05462375094852584,0.05385359200775906,0.985900658094818
10.0,0.0416939,1.0,nor,5000.0,1.0,vel_inplane,0.00841246539840005,0.9808710158767402,0.0033627679064116085,0.010563210217815045,0.008910453289093111,0.8435364917821544
10.0,0.0416939,1.0,nor,5000.0,1.0,vel_plane,0.00841246539840005,5.543088538312878,0.0033627679064116085,0.05027922509089228,0.0467521352324502,0.9298499558800681
10.0,0.0416939,1.0,nor,5000.0,3.0,pos_range,0.006343674736851096,7822.476274702973,2.9169330020671675,49.623245123450324,49.70890216772631,1.0017261475758565
10.0,0.0416939,1.0,nor,5000.0,3.0,pos_inplane,0.006343674736851096,1.3323368171596697e-14,2.9169330020671675,3.6361583414596663,2.9169330020671675,0.8022018647560383
10.0,0.0416939,1.0,nor,5000.0,3.0,pos_plane,0.006343674736851096,2.246445805683896e-14,2.9169330020671675,2.8346930457665676,2.9169330020671675,1.0290119441409786
10.0,0.0416939,1.0,nor,5000.0,3.0,vel_range,0.006343674736851096,6.3891495102761775,0.003233444560913917,0.04099029007293455,0.04065946013884652,0.9919290657982809
10.0,0.0416939,1.0,nor,5000.0,3.0,vel_inplane,0.006343674736851096,0.9808710158767402,0.003233444560913917,0.008674216398127143,0.007012311536507257,0.8084086463442728
10.0,0.0416939,1.0,nor,5000.0,3.0,vel_plane,0.006343674736851096,5.543088538312878,0.003233444560913917,0.03421210952826836,0.03531190257252826,1.0321463089948073
10.0,0.0416939,1.0,nor,50000.0,1.0,pos_range,0.02426173366067145,50382.00498686442,10.625887839562262,1222.3547862819255,1222.4009706469928,1.0000377831097695
10.0,0.0416939,1.0,nor,50000.0,1.0,pos_inplane,0.02426173366067145,1.304563399215835e-12,10.625887839562262,15.451943169749212,10.625887839562262,0.6876732410176682
10.0,0.0416939,1.0,nor,50000.0,1.0,pos_plane,0.02426173366067145,4.178179053347664e-13,10.625887839562262,16.717857425687786,10.625887839562262,0.6356010563432057
10.0,0.0416939,1.0,nor,50000.0,1.0,vel_range,0.02426173366067145,9.919917594730315,0.011778885293342357,0.23176771920714714,0.24096246240741698,1.0396722340441718
10.0,0.0416939,1.0,nor,50000.0,1.0,vel_inplane,0.02426173366067145,54.619101615355845,0.011778885293342357,1.3361718640048277,1.325206444578808,0.9917934064311505
10.0,0.0416939,1.0,nor,50000.0,1.0,vel_plane,0.02426173366067145,5.547139929557734,0.011778885293342357,0.1431017784633911,0.135097699288458,0.9440672278089072
10.0,0.0416939,1.0,nor,50000.0,3.0,pos_range,0.006931711329157592,50382.00498686442,8.812253931710057,349.23351475312245,349.3446774264298,1.000318304711923
10.0,0.0416939,1.0,nor,50000.0,3.0,pos_inplane,0.006931711329157592,1.304563399215835e-12,8.812253931710057,13.058237074873825,8.812253931710057,0.674842544302268
10.0,0.0416939,1.0,nor,50000.0,3.0,pos_plane,0.006931711329157592,4.178179053347664e-13,8.812253931710057,8.908695759665493,8.812253931710057,0.9891744167095614
10.0,0.0416939,1.0,nor,50000.0,3.0,vel_range,0.006931711329157592,9.919917594730315,0.00976845698022105,0.06534728600811154,0.06945240174074384,1.0628199881495113
10.0,0.0416939,1.0,nor,50000.0,3.0,vel_inplane,0.006931711329157592,54.619101615355845,0.00976845698022105,0.3828822166211375,0.3787298437481802,0.9891549602130879
10.0,0.0416939,1.0,nor,50000.0,3.0,vel_plane,0.006931711329157592,5.547139929557734,0.00976845698022105,0.03509054275719655,0.03967260305713298,1.1305782111049485
10.0,0.0416939,1.0,pro,5000.0,1.0,pos_range,0.02096096352857872,7822.476274702973,3.0754533112145013,163.96663989722134,163.99547985311827,1.0001758891681565
10.0,0.0416939,1.0,pro,5000.0,1.0,pos_inplane,0.02096096352857872,1.3323368171596697e-14,3.0754533112145013,4.781303192645983,3.0754533112145013,0.6432249090467194
10.0,0.0416939,1.0,pro,5000.0,1.0,pos_plane,0.02096096352857872,2.246445805683896e-14,3.0754533112145013,3.1041791645182193,3.0754533112145013,0.9907460710927823
10.0,0.0416939,1.0,pro,5000.0,1.0,vel_range,0.02096096352857872,6.3891495102761775,0.003409165645712092,0.10470883947096653,0.1339661150608669,1.2794155272632237
10.0,0.0416939,1.0,pro,5000.0,1.0,vel_inplane,0.02096096352857872,0.9808710158767402,0.003409165645712092,0.008136631663777212,0.020840731171963108,2.5613462711778157
10.0,0.0416939,1.0,pro,5000.0,1.0,vel_plane,0.02096096352857872,5.543088538312878,0.003409165645712092,0.10519978079262193,0.1162384812585988,1.104930831440963
10.0,0.0416939,1.0,pro,5000.0,3.0,pos_range,0.004620275778540218,7822.476274702973,2.9493331343936147,36.14199766021566,36.26213673804491,1.0033240851531984
10.0,0.0416939,1.0,pro,5000.0,3.0,pos_inplane,0.004620275778540218,1.3323368171596697e-14,2.9493331343936147,3.6923262375669124,2.9493331343936147,0.7987737119180187
10.0,0.0416939,1.0,pro,5000.0,3.0,pos_plane,0.004620275778540218,2.246445805683896e-14,2.9493331343936147,2.8263576265533197,2.9493331343936147,1.043510243249104
10.0,0.0416939,1.0,pro,5000.0,3.0,vel_range,0.004620275778540218,6.3891495102761775,0.003269360377824898,0.03005058016882941,0.029700125145600952,0.9883378283793678
10.0,0.0416939,1.0,pro,5000.0,3.0,vel_inplane,0.004620275778540218,0.9808710158767402,0.003269360377824898,0.006638464391189054,0.0055880932270431895,0.8417749795359335
10.0,0.0416939,1.0,pro,5000.0,3.0,vel_plane,0.004620275778540218,5.543088538312878,0.003269360377824898,0.025302600375229856,0.02581843202906361,1.0203865075598606
10.0,0.0416939,1.0,pro,50000.0,1.0,pos_range,0.05205728968211867,50382.00498686442,10.919957044337119,2622.7506283671487,2622.7733611698363,1.000008667542557
10.0,0.0416939,1.0,pro,50000.0,1.0,pos_inplane,0.05205728968211867,1.304563399215835e-12,10.919957044337119,23.164317760873665,10.919957044337119,0.47141284958462176
10.0,0.0416939,1.0,pro,50000.0,1.0,pos_plane,0.05205728968211867,4.178179053347664e-13,10.919957044337119,10.840500387632568,10.919957044337119,1.0073296115366777
10.0,0.0416939,1.0,pro,50000.0,1.0,vel_range,0.05205728968211867,9.919917594730315,0.01210486345946331,0.4806974594256886,0.5165458775070407,1.074575842618727
10.0,0.0416939,1.0,pro,50000.0,1.0,vel_inplane,0.05205728968211867,54.619101615355845,0.01210486345946331,2.7747905748654333,2.8433481618408907,1.024707301371305
10.0,0.0416939,1.0,pro,50000.0,1.0,vel_plane,0.05205728968211867,5.547139929557734,0.01210486345946331,0.2807669527517921,0.2890226697600568,1.0294041621613603
10.0,0.0416939,1.0,pro,50000.0,3.0,pos_range,0.00683115656084213,50382.00498686442,9.12866144147207,344.16736391439986,344.288406490111,1.0003516968440427
10.0,0.0416939,1.0,pro,50000.0,3.0,pos_inplane,0.00683115656084213,1.304563399215835e-12,9.12866144147207,12.983540723630563,9.12866144147207,0.7030949134589721
10.0,0.0416939,1.0,pro,50000.0,3.0,pos_plane,0.00683115656084213,4.178179053347664e-13,9.12866144147207,9.071646168236482,9.12866144147207,1.0062849974721482
10.0,0.0416939,1.0,pro,50000.0,3.0,vel_range,0.00683115656084213,9.919917594730315,0.010119197343728632,0.07027691131504055,0.06851588861089568,0.9749416604800618
10.0,0.0416939,1.0,pro,50000.0,3.0,vel_inplane,0.00683115656084213,54.619101615355845,0.010119197343728632,0.3754981776562693,0.3732488309961619,0.9940097001957585
10.0,0.0416939,1.0,pro,50000.0,3.0,vel_plane,0.00683115656084213,5.547139929557734,0.010119197343728632,0.03746171806942225,0.039221250656056875,1.0469688171635358
10.0,0.25,0.0,none,5000.0,1.0,pos_range,0.03359955190749984,7822.476274703441,3.9316386930215774,262.8316976370842,262.861102230064,1.000111876129265
10.0,0.25,0.0,none,5000.0,1.0,pos_inplane,0.03359955190749984,4.6757762712143974e-14,3.9316386930215774,4.355789005099696,3.9316386930215774,0.9026237699802424
10.0,0.25,0.0,none,5000.0,1.0,pos_plane,0.03359955190749984,6.4501119409962515e-15,3.9316386930215774,4.457732350176937,3.9316386930215774,0.8819817755243924
10.0,0.25,0.0,none,5000.0,1.0,vel_range,0.03359955190749984,6.344055593724993,0.00435825428229585,0.21429131890247605,0.21320197538747832,0.9949165298875523
10.0,0.25,0.0,none,5000.0,1.0,vel_inplane,0.03359955190749984,0.9266895082689836,0.00435825428229585,0.03659837583479307,0.03143989203074321,0.8590515648198292
10.0,0.25,0.0,none,5000.0,1.0,vel_plane,0.03359955190749984,33.236705134327494,0.00435825428229585,1.1248534408156865,1.1167469037628561,0.992793250428294
10.0,0.25,0.0,none,5000.0,3.0,pos_range,0.0075888169690382975,7822.476274703441,3.70176468225292,59.363340693368954,59.47864558007159,1.0019423584548286
10.0,0.25,0.0,none,5000.0,3.0,pos_inplane,0.0075888169690382975,4.6757762712143974e-14,3.70176468225292,4.018422215315501,3.70176468225292,0.9211985410951351
10.0,0.25,0.0,none,5000.0,3.0,pos_plane,0.0075888169690382975,6.4501119409962515e-15,3.70176468225292,3.7991184920895664,3.70176468225292,0.9743746318943844
10.0,0.25,0.0,none,5000.0,3.0,vel_range,0.0075888169690382975,6.344055593724993,0.004103437024138521,0.04848178288182516,0.04831843398929168,0.9966307160582017
10.0,0.25,0.0,none,5000.0,3.0,vel_inplane,0.0075888169690382975,0.9266895082689836,0.004103437024138521,0.00972937534704257,0.008142108393173505,0.8368582876852885
10.0,0.25,0.0,none,5000.0,3.0,vel_plane,0.0075888169690382975,33.236705134327494,0.004103437024138521,0.2536325267159124,0.2522606487242165,0.9945910802156992
10.0,0.25,0.0,none,50000.0,1.0,pos_range,0.029825280537612908,50382.00498686444,11.05570648586489,1502.6574327806443,1502.6981030589009,1.0000270655688843
10.0,0.25,0.0,none,50000.0,1.0,pos_inplane,0.029825280537612908,8.241640005617311e-12,11.05570648586489,16.932968947365556,11.05570648586489,0.6529101021935639
10.0,0.25,0.0,none,50000.0,1.0,pos_plane,0.029825280537612908,1.0265540086215062e-12,11.05570648586489,11.209116114819176,11.05570648586489,0.9863138513882046
10.0,0.25,0.0,none,50000.0,1.0,vel_range,0.029825280537612908,9.849903904252923,0.012255342847589128,0.2781246912226959,0.29403166172973794,1.0571936653200822
10.0,0.25,0.0,none,50000.0,1.0,vel_inplane,0.029825280537612908,54.61093542855108,0.012255342847589128,1.6419904114021309,1.6288325748549717,0.9919866544555985
10.0,0.25,0.0,none,50000.0,1.0,vel_plane,0.029825280537612908,33.26099776904966,0.012255342847589128,0.9792996217688552,0.9920942874489096,1.0130651185762167
10.0,0.25,0.0,none,50000.0,3.0,pos_range,0.006332352209289506,50382.00498686444,9.085345341464897,319.0366005870059,319.1659380543081,1.0004054000922284
10.0,0.25,0.0,none,50000.0,3.0,pos_inplane,0.006332352209289506,8.241640005617311e-12,9.085345341464897,11.450758699586482,9.085345341464897,0.7934273684234561
10.0,0.25,0.0,none,50000.0,3.0,pos_plane,0.006332352209289506,1.0265540086215062e-12,9.085345341464897,9.192410907444906,9.085345341464897,0.9883528307145957
10.0,0.25,0.0,none,50000.0,3.0,vel_range,0.006332352209289506,9.849903904252923,0.010071181085601023,0.05920386097053235,0.0631809100575916,1.0671755021017761
10.0,0.25,0.0,none,50000.0,3.0,vel_inplane,0.006332352209289506,54.61093542855108,0.010071181085601023,0.34846542975003686,0.3459622979039033,0.9928166996424033
10.0,0.25,0.0,none,50000.0,3.0,vel_plane,0.006332352209289506,33.26099776904966,0.010071181085601023,0.20462538527728852,0.21086100080969242,1.0304733233560146
10.0,0.25,1.0,nor,5000.0,1.0,pos_range,0.00877128896470663,7822.476274703441,3.937874670780509,68.61319982498571,68.72610891899959,1.001645588520895
10.0,0.25,1.0,nor,5000.0,1.0,pos_inplane,0.00877128896470663,4.6757762712143974e-14,3.937874670780509,4.183436380049322,3.937874670780509,0.9413014357192356
10.0,0.25,1.0,nor,5000.0,1.0,pos_plane,0.00877128896470663,6.4501119409962515e-15,3.937874670780509,5.0125177576050435,3.937874670780509,0.7856081237429882
10.0,0.25,1.0,nor,5000.0,1.0,vel_range,0.00877128896470663,6.344055593724993,0.004365166915651606,0.056105898739419985,0.05581649702907607,0.9948418665978773
10.0,0.25,1.0,nor,5000.0,1.0,vel_inplane,0.00877128896470663,0.9266895082689836,0.004365166915651606,0.011422338571497324,0.009226229810948165,0.807735627270828
10.0,0.25,1.0,nor,5000.0,1.0,vel_plane,0.00877128896470663,33.236705134327494,0.004365166915651606,0.2994720335443521,0.2915614237596955,0.9735848129421908
10.0,0.25,1.0,nor,5000.0,3.0,pos_range,0.007173503144552918,7822.476274703441,3.7000801977784996,56.11455815477572,56.23641374034887,1.002171550299604
10.0,0.25,1.0,nor,5000.0,3.0,pos_inplane,0.007173503144552918,4.6757762712143974e-14,3.7000801977784996,4.012299433505717,3.7000801977784996,0.9221844628244961
10.0,0.25,1.0,nor,5000.0,3.0,pos_plane,0.007173503144552918,6.4501119409962515e-15,3.7000801977784996,3.7281546604492446,3.7000801977784996,0.9924696089009993
10.0,0.25,1.0,nor,5000.0,3.0,vel_range,0.007173503144552918,6.344055593724993,0.004101569759049505,0.04493880283533271,0.04569355871095679,1.0167951931961716
10.0,0.25,1.0,nor,5000.0,3.0,vel_inplane,0.007173503144552918,0.9266895082689836,0.004101569759049505,0.00888261994315115,0.007811119929378507,0.8793711741997009
10.0,0.25,1.0,nor,5000.0,3.0,vel_plane,0.007173503144552918,33.236705134327494,0.004101569759049505,0.2361716404446229,0.23845888556655231,1.009684673052291
10.0,0.25,1.0,nor,50000.0,1.0,pos_range,0.019077978916478697,50382.00498686444,11.063441014926253,961.1868289093243,961.2504979430979,1.0000662400189626
10.0,0.25,1.0,nor,50000.0,1.0,pos_inplane,0.019077978916478697,8.241640005617311e-12,11.063441014926253,15.329511434482791,11.063441014926253,0.7217086508079915
10.0,0.25,1.0,nor,50000.0,1.0,pos_plane,0.019077978916478697,1.0265540086215062e-12,11.063441014926253,15.657718999437934,11.063441014926253,0.7065806338281712
10.0,0.25,1.0,nor,50000.0,1.0,vel_range,0.019077978916478697,9.849903904252923,0.012263916637562012,0.17788654978677979,0.18831602176491727,1.058629907604811
10.0,0.25,1.0,nor,50000.0,1.0,vel_inplane,0.019077978916478697,54.61093542855108,0.012263916637562012,1.050931727268955,1.041938452136193,0.9914425695795361
10.0,0.25,1.0,nor,50000.0,1.0,vel_plane,0.019077978916478697,33.26099776904966,0.012263916637562012,0.63574230794724,0.6346711146827649,0.9983150511597477
10.0,0.25,1.0,nor,50000.0,3.0,pos_range,0.005918783889135769,50382.00498686444,9.082015093649446,298.2001994186112,298.3384687422338,1.0004636795142732
10.0,0.25,1.0,nor,50000.0,3.0,pos_inplane,0.005918783889135769,8.241640005617311e-12,9.082015093649446,11.402187791380806,9.082015093649446,0.7965151302379675
10.0,0.25,1.0,nor,50000.0,3.0,pos_plane,0.005918783889135769,1.0265540086215062e-12,9.082015093649446,9.181481374793673,9.082015093649446,0.9891666412985058
10.0,0.25,1.0,nor,50000.0,3.0,vel_range,0.005918783889135769,9.849903904252923,0.0100674894781223,0.05526592000819117,0.05916232340456085,1.0705028233636964
10.0,0.25,1.0,nor,50000.0,3.0,vel_inplane,0.005918783889135769,54.61093542855108,0.0100674894781223,0.3251720041851069,0.32338707025034324,0.9945108007091916
10.0,0.25,1.0,nor,50000.0,3.0,vel_plane,0.005918783889135769,33.26099776904966,0.0100674894781223,0.1896384358067595,0.19712191103056545,1.0394618063156331
10.0,0.25,1.0,pro,5000.0,1.0,pos_range,0.014615610058813162,7822.476274703441,4.009865349710399,114.33026292538291,114.400559617119,1.0006148563813062
10.0,0.25,1.0,pro,5000.0,1.0,pos_inplane,0.014615610058813162,4.6757762712143974e-14,4.009865349710399,4.428238642561529,4.009865349710399,0.9055215116841308
10.0,0.25,1.0,pro,5000.0,1.0,pos_plane,0.014615610058813162,6.4501119409962515e-15,4.009865349710399,4.529093553881001,4.009865349710399,0.8853571475189173
10.0,0.25,1.0,pro,5000.0,1.0,vel_range,0.014615610058813162,6.344055593724993,0.004444969183669894,0.0717548443701058,0.09282872428029498,1.293692782629306
10.0,0.25,1.0,pro,5000.0,1.0,vel_inplane,0.014615610058813162,0.9266895082689836,0.004444969183669894,0.007922095192457275,0.014254868507966664,1.799381118462058
10.0,0.25,1.0,pro,5000.0,1.0,vel_plane,0.014615610058813162,33.236705134327494,0.004444969183669894,0.4437865708496102,0.4857950577883963,1.094659211652941
10.0,0.25,1.0,pro,5000.0,3.0,pos_range,0.0029270954565149667,7822.476274703441,3.7631428471579054,22.897134762380563,23.20431047057275,1.013415464920828
10.0,0.25,1.0,pro,5000.0,3.0,pos_inplane,0.0029270954565149667,4.6757762712143974e-14,3.7631428471579054,4.1581087252783115,3.7631428471579054,0.9050130950835178
10.0,0.25,1.0,pro,5000.0,3.0,pos_plane,0.0029270954565149667,6.4501119409962515e-15,3.7631428471579054,3.808544700728232,3.7631428471579054,0.988078949536382
10.0,0.25,1.0,pro,5000.0,3.0,vel_range,0.0029270954565149667,6.344055593724993,0.004171475231848556,0.017312668396236953,0.019032428664483934,1.0993353669628874
10.0,0.25,1.0,pro,5000.0,3.0,vel_inplane,0.0029270954565149667,0.9266895082689836,0.004171475231848556,0.005464020051310773,0.004975832471276035,0.9106541382626101
10.0,0.25,1.0,pro,5000.0,3.0,vel_plane,0.0029270954565149667,33.236705134327494,0.004171475231848556,0.0904443411054537,0.09737639983925195,1.0766444716061983
10.0,0.25,1.0,pro,50000.0,1.0,pos_range,0.031741268137350134,50382.00498686444,11.361861039249833,1599.1887295853755,1599.2290907556564,1.0000252385284703
10.0,0.25,1.0,pro,50000.0,1.0,pos_inplane,0.031741268137350134,8.241640005617311e-12,11.361861039249833,17.78160808194503,11.361861039249833,0.6389670150691468
10.0,0.25,1.0,pro,50000.0,1.0,pos_plane,0.031741268137350134,1.0265540086215062e-12,11.361861039249833,11.590111565629865,11.361861039249833,0.9803064426871522
10.0,0.25,1.0,pro,50000.0,1.0,vel_range,0.031741268137350134,9.849903904252923,0.012594717723439904,0.28617729525437924,0.31290202067782236,1.0933852051389608
10.0,0.25,1.0,pro,50000.0,1.0,vel_inplane,0.031741268137350134,54.61093542855108,0.012594717723439904,1.6913287502717895,1.733466099532224,1.0249137544984457
10.0,0.25,1.0,pro,50000.0,1.0,vel_plane,0.031741268137350134,33.26099776904966,0.012594717723439904,1.0265542916463783,1.0558213715233429,1.0285100165818082
10.0,0.25,1.0,pro,50000.0,3.0,pos_range,0.004384289555083075,50382.00498686444,9.420140910290565,220.88929822805318,221.09007469004922,1.0009089460811667
10.0,0.25,1.0,pro,50000.0,3.0,pos_inplane,0.004384289555083075,8.241640005617311e-12,9.420140910290565,12.957088206434609,9.420140910290565,0.7270260694538173
10.0,0.25,1.0,pro,50000.0,3.0,pos_plane,0.004384289555083075,1.0265540086215062e-12,9.420140910290565,9.535316227088806,9.420140910290565,0.9879211854064115
10.0,0.25,1.0,pro,50000.0,3.0,vel_range,0.004384289555083075,9.849903904252923,0.010442304765942758,0.04616998939537439,0.04442939725639601,0.9623003565352181
10.0,0.25,1.0,pro,50000.0,3.0,vel_inplane,0.004384289555083075,54.61093542855108,0.010442304765942758,0.23862801716698545,0.23965775654884805,1.0043152492908745
10.0,0.25,1.0,pro,50000.0,3.0,vel_plane,0.004384289555083075,33.26099776904966,0.010442304765942758,0.14511100506475053,0.14619924360615638,1.007499352243617
10.0,1.0,0.0,none,5000.0,1.0,pos_range,0.011537399160157192,7822.476274702812,6.523725514912552,90.25103120210575,90.48650522391387,1.0026091006238012
10.0,1.0,0.0,none,5000.0,1.0,pos_inplane,0.011537399160157192,2.13050491834233e-14,6.523725514912552,5.995183052842908,6.523725514912552,1.0881611883091726
10.0,1.0,0.0,none,5000.0,1.0,pos_plane,0.011537399160157192,4.6574678454587497e-14,6.523725514912552,6.544117112096706,6.523725514912552,0.9968839804002804
10.0,1.0,0.0,none,5000.0,1.0,vel_range,0.011537399160157192,5.648312517917046,0.007231604143166949,0.058486077181340454,0.06556685615336226,1.1210677705407959
10.0,1.0,0.0,none,5000.0,1.0,vel_inplane,0.011537399160157192,0.09068417826161386,0.007231604143166949,0.0156597372950142,0.007306897943367393,0.466604120216869
10.0,1.0,0.0,none,5000.0,1.0,vel_plane,0.011537399160157192,132.9404932188045,0.007231604143166949,1.5513438254595673,1.533804582744429,0.9886941615215812
10.0,1.0,0.0,none,5000.0,3.0,pos_range,0.004732109353955193,7822.476274702812,5.87736443149831,37.01681315061374,37.48049984309297,1.0125263806636347
10.0,1.0,0.0,none,5000.0,3.0,pos_inplane,0.004732109353955193,2.13050491834233e-14,5.87736443149831,5.44584520864771,5.87736443149831,1.0792382460972947
10.0,1.0,0.0,none,5000.0,3.0,pos_plane,0.004732109353955193,4.6574678454587497e-14,5.87736443149831,5.990610262449661,5.87736443149831,0.9810961110821715
10.0,1.0,0.0,none,5000.0,3.0,vel_range,0.004732109353955193,5.648312517917046,0.006515107491351124,0.024078708150050084,0.027511011059867026,1.1425451435528864
10.0,1.0,0.0,none,5000.0,3.0,vel_inplane,0.004732109353955193,0.09068417826161386,0.006515107491351124,0.007883889333554888,0.006529224761843065,0.8281730609857512
10.0,1.0,0.0,none,5000.0,3.0,vel_plane,0.004732109353955193,132.9404932188045,0.006515107491351124,0.62500983791171,0.629122687160448,1.0065804552172808
10.0,1.0,0.0,none,50000.0,1.0,pos_range,0.014599457294445204,50382.00498686405,14.687941761358342,735.549930214247,735.6965648087319,1.000199353692335
10.0,1.0,0.0,none,50000.0,1.0,pos_inplane,0.014599457294445204,3.764422873662245e-12,14.687941761358342,18.226313729629027,14.687941761358342,0.805864640499486
10.0,1.0,0.0,none,50000.0,1.0,pos_plane,0.014599457294445204,6.770363609279683e-15,14.687941761358342,16.28622144730099,14.687941761358342,0.9018630754153525
10.0,1.0,0.0,none,50000.0,1.0,vel_range,0.014599457294445204,8.769679694739144,0.016281705944438046,0.10239341211606708,0.1290636720434928,1.2604685142945906
10.0,1.0,0.0,none,50000.0,1.0,vel_inplane,0.014599457294445204,54.48492240745446,0.016281705944438046,0.8044999430337676,0.7956169118011004,0.9889583196250216
10.0,1.0,0.0,none,50000.0,1.0,vel_plane,0.014599457294445204,133.0376742604176,0.016281705944438046,1.909184986553108,1.9423460857737,1.0173692436585005
10.0,1.0,0.0,none,50000.0,3.0,pos_range,0.004759459253600079,50382.00498686405,11.367709433180899,239.7910998496554,240.0604015344152,1.0011230678908793
10.0,1.0,0.0,none,50000.0,3.0,pos_inplane,0.004759459253600079,3.764422873662245e-12,11.367709433180899,9.517150706614196,11.367709433180899,1.1944446172614045
10.0,1.0,0.0,none,50000.0,3.0,pos_plane,0.004759459253600079,6.770363609279683e-15,11.367709433180899,12.641835633828666,11.367709433180899,0.899213513167479
10.0,1.0,0.0,none,50000.0,3.0,vel_range,0.004759459253600079,8.769679694739144,0.012601200716889902,0.0354140333436451,0.04359964222365358,1.2311402601499315
10.0,1.0,0.0,none,50000.0,3.0,vel_inplane,0.004759459253600079,54.48492240745446,0.012601200716889902,0.26090258779823666,0.25962475568782023,0.9951022635643437
10.0,1.0,0.0,none,50000.0,3.0,vel_plane,0.004759459253600079,133.0376742604176,0.012601200716889902,0.6249054887883834,0.6333127670488404,1.0134536796544351
10.0,1.0,1.0,nor,5000.0,1.0,pos_range,0.00760012918682508,7822.476274702812,6.5289161519166505,59.45183024861555,59.809254016656645,1.0060119893121275
10.0,1.0,1.0,nor,5000.0,1.0,pos_inplane,0.00760012918682508,2.13050491834233e-14,6.5289161519166505,5.920010551707204,6.5289161519166505,1.1028554923831768
10.0,1.0,1.0,nor,5000.0,1.0,pos_plane,0.00760012918682508,4.6574678454587497e-14,6.5289161519166505,6.976136884776054,6.5289161519166505,0.9358927813134849
10.0,1.0,1.0,nor,5000.0,1.0,vel_range,0.00760012918682508,5.648312517917046,0.007237358007577508,0.038817099887497895,0.04353371525019587,1.121508700453356
10.0,1.0,1.0,nor,5000.0,1.0,vel_inplane,0.00760012918682508,0.09068417826161386,0.007237358007577508,0.012138142879953117,0.00727010064443479,0.5989467018419931
10.0,1.0,1.0,nor,5000.0,1.0,vel_plane,0.00760012918682508,132.9404932188045,0.007237358007577508,1.0356790511042526,1.0103908432969042,0.9755829687002109
10.0,1.0,1.0,nor,5000.0,3.0,pos_range,0.005176780271455606,7822.476274702812,5.874040776592647,40.49524085281105,40.91905285771227,1.0104657237733605
10.0,1.0,1.0,nor,5000.0,3.0,pos_inplane,0.005176780271455606,2.13050491834233e-14,5.874040776592647,5.44732482737414,5.874040776592647,1.078334955733529
10.0,1.0,1.0,nor,5000.0,3.0,pos_plane,0.005176780271455606,4.6574678454587497e-14,5.874040776592647,5.8402424720452135,5.874040776592647,1.0057871406382888
10.0,1.0,1.0,nor,5000.0,3.0,vel_range,0.005176780271455606,5.648312517917046,0.006511423192167888,0.02609123619530506,0.02995630968440667,1.1481368479503897
10.0,1.0,1.0,nor,5000.0,3.0,vel_inplane,0.005176780271455606,0.09068417826161386,0.006511423192167888,0.00810487842060627,0.00652832422822236,0.8054808338178651
10.0,1.0,1.0,nor,5000.0,3.0,vel_plane,0.005176780271455606,132.9404932188045,0.006511423192167888,0.6806849260992528,0.6882345257213478,1.0110911808571388
10.0,1.0,1.0,nor,50000.0,1.0,pos_range,0.012294853121164559,50382.00498686405,14.702484696377454,619.4393512632738,619.6138095214734,1.0002816389656934
10.0,1.0,1.0,nor,50000.0,1.0,pos_inplane,0.012294853121164559,3.764422873662245e-12,14.702484696377454,17.664564960093177,14.702484696377454,0.8323151308618416
10.0,1.0,1.0,nor,50000.0,1.0,pos_plane,0.012294853121164559,6.770363609279683e-15,14.702484696377454,19.038238667972742,14.702484696377454,0.7722607617642092
10.0,1.0,1.0,nor,50000.0,1.0,vel_range,0.012294853121164559,8.769679694739144,0.0162978269091993,0.08623404363700224,0.1090467166248769,1.264543700210829
10.0,1.0,1.0,nor,50000.0,1.0,vel_inplane,0.012294853121164559,54.48492240745446,0.0162978269091993,0.6783622426453987,0.670082346533801,0.9877942851310405
10.0,1.0,1.0,nor,50000.0,1.0,vel_plane,0.012294853121164559,133.0376742604176,0.0162978269091993,1.620589208475339,1.6357598579964856,1.0093611937200415
10.0,1.0,1.0,nor,50000.0,3.0,pos_range,0.004820103956790485,50382.00498686405,11.358643257089096,242.84650158822132,243.1119949946522,1.0010932560473162
10.0,1.0,1.0,nor,50000.0,3.0,pos_inplane,0.004820103956790485,3.764422873662245e-12,11.358643257089096,9.519440701116567,11.358643257089096,1.1932048965604463
10.0,1.0,1.0,nor,50000.0,3.0,pos_plane,0.004820103956790485,6.770363609279683e-15,11.358643257089096,12.181073300633237,11.358643257089096,0.9324829575156249
10.0,1.0,1.0,nor,50000.0,3.0,vel_range,0.004820103956790485,8.769679694739144,0.012591150785077429,0.0357683184183476,0.04410617743796776,1.233107380730071
10.0,1.0,1.0,nor,50000.0,3.0,vel_inplane,0.004820103956790485,54.48492240745446,0.012591150785077429,0.26389837892514445,0.26292465079845495,0.9963102155812571
10.0,1.0,1.0,nor,50000.0,3.0,vel_plane,0.004820103956790485,133.0376742604176,0.012591150785077429,0.6306045781279329,0.6413790228031553,1.0170858966917244
10.0,1.0,1.0,pro,5000.0,1.0,pos_range,0.012057973271198093,7822.476274702812,6.629046414716837,94.32320983494772,94.5558679825639,1.0024666054942712
10.0,1.0,1.0,pro,5000.0,1.0,pos_inplane,0.012057973271198093,2.13050491834233e-14,6.629046414716837,5.866948970977736,6.629046414716837,1.1298967227274341
10.0,1.0,1.0,pro,5000.0,1.0,pos_plane,0.012057973271198093,4.6574678454587497e-14,6.629046414716837,6.206444197437879,6.629046414716837,1.068090875199267
10.0,1.0,1.0,pro,5000.0,1.0,vel_range,0.012057973271198093,5.648312517917046,0.007348353239008843,0.04393212562893111,0.06850247567470391,1.5592797911328973
10.0,1.0,1.0,pro,5000.0,1.0,vel_inplane,0.012057973271198093,0.09068417826161386,0.007348353239008843,0.009946171120030416,0.007429264181254017,0.7469471509787675
10.0,1.0,1.0,pro,5000.0,1.0,vel_plane,0.012057973271198093,132.9404932188045,0.007348353239008843,1.497525546462617,1.6030097567650818,1.0704390055659716
10.0,1.0,1.0,pro,5000.0,3.0,pos_range,0.0024155062742055697,7822.476274702812,6.007809005224395,18.895240521368848,19.827351900938126,1.0493304850242653
10.0,1.0,1.0,pro,5000.0,3.0,pos_inplane,0.0024155062742055697,2.13050491834233e-14,6.007809005224395,5.735369736951717,6.007809005224395,1.0475016050870116
10.0,1.0,1.0,pro,5000.0,3.0,pos_plane,0.0024155062742055697,4.6574678454587497e-14,6.007809005224395,5.673606127410131,6.007809005224395,1.0589048429357257
10.0,1.0,1.0,pro,5000.0,3.0,vel_range,0.0024155062742055697,5.648312517917046,0.006659706389274537,0.01149502442041074,0.015182151299732393,1.3207585077222397
10.0,1.0,1.0,pro,5000.0,3.0,vel_inplane,0.0024155062742055697,0.09068417826161386,0.006659706389274537,0.006156330147316926,0.006663307835148522,1.0823506335267852
10.0,1.0,1.0,pro,5000.0,3.0,vel_plane,0.0024155062742055697,132.9404932188045,0.006659706389274537,0.26527058159163525,0.32118764615603024,1.2107925584091916
10.0,1.0,1.0,pro,50000.0,1.0,pos_range,0.015247611256415838,50382.00498686405,15.02794405926847,768.2052263585072,768.3522036847254,1.0001913256004713
10.0,1.0,1.0,pro,50000.0,1.0,pos_inplane,0.015247611256415838,3.764422873662245e-12,15.02794405926847,17.044600790221597,15.02794405926847,0.881683545670951
10.0,1.0,1.0,pro,50000.0,1.0,pos_plane,0.015247611256415838,6.770363609279683e-15,15.02794405926847,16.14991738906897,15.02794405926847,0.9305276118279153
10.0,1.0,1.0,pro,50000.0,1.0,vel_range,0.015247611256415838,8.769679694739144,0.016658601327395633,0.10209070331756889,0.13475034688620868,1.3199081062949183
10.0,1.0,1.0,pro,50000.0,1.0,vel_inplane,0.015247611256415838,54.48492240745446,0.016658601327395633,0.8139282598552439,0.8309319195909074,1.0208908580452627
10.0,1.0,1.0,pro,50000.0,1.0,vel_plane,0.015247611256415838,133.0376742604176,0.016658601327395633,1.9675365143715562,2.0285751407137482,1.0310228683921976
10.0,1.0,1.0,pro,50000.0,3.0,pos_range,0.0029771636442117284,50382.00498686405,11.816882027750545,149.99547356938564,150.4602299352292,1.0030984692723315
10.0,1.0,1.0,pro,50000.0,3.0,pos_inplane,0.0029771636442117284,3.764422873662245e-12,11.816882027750545,13.421376723920591,11.816882027750545,0.8804523016397867
10.0,1.0,1.0,pro,50000.0,3.0,pos_plane,0.0029771636442117284,6.770363609279683e-15,11.816882027750545,13.022938532418465,11.816882027750545,0.9073898335874319
10.0,1.0,1.0,pro,50000.0,3.0,vel_range,0.0029771636442117284,8.769679694739144,0.013099112284208571,0.028558697674196002,0.029210523701764284,1.0228240809509053
10.0,1.0,1.0,pro,50000.0,3.0,vel_inplane,0.0029771636442117284,54.48492240745446,0.013099112284208571,0.1597333915103668,0.16273857205318357,1.018813727764753
10.0,1.0,1.0,pro,50000.0,3.0,vel_plane,0.0029771636442117284,133.0376742604176,0.013099112284208571,0.4174147049472629,0.3962914768634783,0.9493951031589715
50.0,0.0,0.0,none,5000.0,1.0,pos_range,0.013651534887104372,30485.090788119443,11.541045481714496,416.16828043055676,416.3282759642173,1.0003844491307579
50.0,0.0,0.0,none,5000.0,1.0,pos_inplane,0.013651534887104372,2.4464644958952453e-12,11.541045481714496,13.631752187108189,11.541045481714496,0.8466296425656187
50.0,0.0,0.0,none,5000.0,1.0,pos_plane,0.013651534887104372,5.652816232977951e-13,11.541045481714496,11.011715359169147,11.541045481714496,1.0480697244053436
50.0,0.0,0.0,none,5000.0,1.0,vel_range,0.013651534887104372,8.19178944460219,0.012793345172365593,0.15169994364239162,0.11255989638719041,0.7419903639023914
50.0,0.0,0.0,none,5000.0,1.0,vel_inplane,0.013651534887104372,15.476149817828276,0.012793345172365593,0.20821462278418956,0.21166018605861586,1.0165481330194448
50.0,0.0,0.0,none,5000.0,1.0,vel_plane,0.013651534887104372,2.9679207720344717e-15,0.012793345172365593,0.016862425800479138,0.012793345172365593,0.7586894865388867
50.0,0.0,0.0,none,5000.0,3.0,pos_range,0.001781025564519366,30485.090788119443,11.257126566603018,54.294726030334566,55.449437988546,1.0212674792311558
50.0,0.0,0.0,none,5000.0,3.0,pos_inplane,0.001781025564519366,2.4464644958952453e-12,11.257126566603018,12.918678072718267,11.257126566603018,0.8713837827088422
50.0,0.0,0.0,none,5000.0,3.0,pos_plane,0.001781025564519366,5.652816232977951e-13,11.257126566603018,10.717630202088053,11.257126566603018,1.050337281128608
50.0,0.0,0.0,none,5000.0,3.0,vel_range,0.001781025564519366,8.19178944460219,0.012478618686993048,0.035347512374171476,0.01919837993468416,0.5431324199411688
50.0,0.0,0.0,none,5000.0,3.0,vel_inplane,0.001781025564519366,15.476149817828276,0.012478618686993048,0.03289343738069074,0.030256535853610225,0.9198350267695513
50.0,0.0,0.0,none,5000.0,3.0,vel_plane,0.001781025564519366,2.9679207720344717e-15,0.012478618686993048,0.01615354397276973,0.012478618686993048,0.7725003694562904
50.0,0.0,0.0,none,50000.0,1.0,pos_range,0.011194376561769043,58439.38176845884,19.692782538134075,654.1924455531089,654.4887787447936,1.000452975563535
50.0,0.0,0.0,none,50000.0,1.0,pos_inplane,0.011194376561769043,7.477783494788141e-13,19.692782538134075,28.49660265538489,19.692782538134075,0.6910572034246618
50.0,0.0,0.0,none,50000.0,1.0,pos_plane,0.011194376561769043,9.477065537240477e-13,19.692782538134075,18.865352682111148,19.692782538134075,1.0438597607988283
50.0,0.0,0.0,none,50000.0,1.0,vel_range,0.011194376561769043,42.73235879755518,0.021829613687412333,0.49861963091964295,0.47885994384674585,0.9603712211722335
50.0,0.0,0.0,none,50000.0,1.0,vel_inplane,0.011194376561769043,38.92521726238476,0.021829613687412333,0.476830187998659,0.43629000045504657,0.914979821823432
50.0,0.0,0.0,none,50000.0,1.0,vel_plane,0.011194376561769043,1.7454629088633907e-13,0.021829613687412333,0.02541087695807043,0.021829613687412333,0.8590657348596268
50.0,0.0,0.0,none,50000.0,3.0,pos_range,0.0018487365099902691,58439.38176845884,18.589224042616802,108.03901869660957,109.62658806800908,1.0146944075441637
50.0,0.0,0.0,none,50000.0,3.0,pos_inplane,0.0018487365099902691,7.477783494788141e-13,18.589224042616802,25.103993939765243,18.589224042616802,0.7404887081800593
50.0,0.0,0.0,none,50000.0,3.0,pos_plane,0.0018487365099902691,9.477065537240477e-13,18.589224042616802,17.829887421896906,18.589224042616802,1.0425878527862915
50.0,0.0,0.0,none,50000.0,3.0,vel_range,0.0018487365099902691,42.73235879755518,0.020606309891112624,0.0870131791981865,0.08164409202803159,0.938295701643932
50.0,0.0,0.0,none,50000.0,3.0,vel_inplane,0.0018487365099902691,38.92521726238476,0.020606309891112624,0.09064371784707993,0.07485464007510495,0.8258116707148765
50.0,0.0,0.0,none,50000.0,3.0,vel_plane,0.0018487365099902691,1.7454629088633907e-13,0.020606309891112624,0.02353451064730075,0.020606309891112624,0.8755784303284857
50.0,0.0,1.0,nor,5000.0,1.0,pos_range,0.012685148385182865,30485.090788119443,11.541080661943138,386.70790018306644,386.88008039551727,1.0004452461725486
50.0,0.0,1.0,nor,5000.0,1.0,pos_inplane,0.012685148385182865,2.4464644958952453e-12,11.541080661943138,13.55334911522532,11.541080661943138,0.8515298000387465
50.0,0.0,1.0,nor,5000.0,1.0,pos_plane,0.012685148385182865,5.652816232977951e-13,11.541080661943138,11.397968757305723,11.541080661943138,1.0125559130477249
50.0,0.0,1.0,nor,5000.0,1.0,vel_range,0.012685148385182865,8.19178944460219,0.012793384169942457,0.14126359223406357,0.10469863184185031,0.7411579316797512
50.0,0.0,1.0,nor,5000.0,1.0,vel_inplane,0.012685148385182865,15.476149817828276,0.012793384169942457,0.19365281901197753,0.19673366774313641,1.015909134433867
50.0,0.0,1.0,nor,5000.0,1.0,vel_plane,0.012685148385182865,2.9679207720344717e-15,0.012793384169942457,0.017495062480953852,0.012793384169942457,0.7312568436877596
50.0,0.0,1.0,nor,5000.0,3.0,pos_range,0.0017799085068208455,30485.090788119443,11.257130490556552,54.260672424979596,55.41609476399756,1.0212939185487508
50.0,0.0,1.0,nor,5000.0,3.0,pos_inplane,0.0017799085068208455,2.4464644958952453e-12,11.257130490556552,12.91860521232662,11.257130490556552,0.8713890010211993
50.0,0.0,1.0,nor,5000.0,3.0,pos_plane,0.0017799085068208455,5.652816232977951e-13,11.257130490556552,10.718358514030529,11.257130490556552,1.05026627685767
50.0,0.0,1.0,nor,5000.0,3.0,vel_range,0.0017799085068208455,8.19178944460219,0.012478623036728267,0.03533918243488584,0.019191429619736917,0.5430637693754817
50.0,0.0,1.0,nor,5000.0,3.0,vel_inplane,0.0017799085068208455,15.476149817828276,0.012478623036728267,0.0328803371070581,0.03024078950991119,0.9197226114637278
50.0,0.0,1.0,nor,5000.0,3.0,vel_plane,0.0017799085068208455,2.9679207720344717e-15,0.012478623036728267,0.01615581363961464,0.012478623036728267,0.772392113148064
50.0,0.0,1.0,nor,50000.0,1.0,pos_range,0.01095334536335383,58439.38176845884,19.69283520049707,640.1067313308131,640.4095839798555,1.000473128361598
50.0,0.0,1.0,nor,50000.0,1.0,pos_inplane,0.01095334536335383,7.477783494788141e-13,19.69283520049707,28.366786858133334,19.69283520049707,0.6942215661923209
50.0,0.0,1.0,nor,50000.0,1.0,pos_plane,0.01095334536335383,9.477065537240477e-13,19.69283520049707,19.206799439729405,19.69283520049707,1.0253054009489107
50.0,0.0,1.0,nor,50000.0,1.0,vel_range,0.01095334536335383,42.73235879755518,0.021829672064080933,0.48788926132872307,0.4685710579834011,0.9604045325926819
50.0,0.0,1.0,nor,50000.0,1.0,vel_inplane,0.01095334536335383,38.92521726238476,0.021829672064080933,0.4665867543369867,0.4269198211216749,0.9149848707735436
50.0,0.0,1.0,nor,50000.0,1.0,vel_plane,0.01095334536335383,1.7454629088633907e-13,0.021829672064080933,0.025786513111593842,0.021829672064080933,0.8465538543195327
50.0,0.0,1.0,nor,50000.0,3.0,pos_range,0.001848063533054257,58439.38176845884,18.58923480325828,107.9996903405246,109.5878312780204,1.014705050843094
50.0,0.0,1.0,nor,50000.0,3.0,pos_inplane,0.001848063533054257,7.477783494788141e-13,18.58923480325828,25.103689763526585,18.58923480325828,0.7404981091770332
50.0,0.0,1.0,nor,50000.0,3.0,pos_plane,0.001848063533054257,9.477065537240477e-13,18.58923480325828,17.83109024732242,18.58923480325828,1.0425181267897907
50.0,0.0,1.0,nor,50000.0,3.0,vel_range,0.001848063533054257,42.73235879755518,0.020606321819373448,0.08698436815526019,0.08161626850467976,0.9382866167286656
50.0,0.0,1.0,nor,50000.0,3.0,vel_inplane,0.001848063533054257,38.92521726238476,0.020606321819373448,0.09061665863677854,0.07482946006386204,0.8257803939097248
50.0,0.0,1.0,nor,50000.0,3.0,vel_plane,0.001848063533054257,1.7454629088633907e-13,0.020606321819373448,0.02353789136793526,0.020606321819373448,0.8754531787602957
50.0,0.0,1.0,pro,5000.0,1.0,pos_range,0.013884206217978312,30485.090788119443,11.5717505588207,423.2612870760414,423.4194404467781,1.000373654231005
50.0,0.0,1.0,pro,5000.0,1.0,pos_inplane,0.013884206217978312,2.4464644958952453e-12,11.5717505588207,13.51287326018139,11.5717505588207,0.8563501141477713
50.0,0.0,1.0,pro,5000.0,1.0,pos_plane,0.013884206217978312,5.652816232977951e-13,11.5717505588207,11.048123647144887,11.5717505588207,1.0473950987877594
50.0,0.0,1.0,pro,5000.0,1.0,vel_range,0.013884206217978312,8.19178944460219,0.01282738200642765,0.12866099691158028,0.11445755450651136,0.8896056866804013
50.0,0.0,1.0,pro,5000.0,1.0,vel_inplane,0.013884206217978312,15.476149817828276,0.01282738200642765,0.21111402951137476,0.21525659448551593,1.01962240493315
50.0,0.0,1.0,pro,5000.0,1.0,vel_plane,0.013884206217978312,2.9679207720344717e-15,0.01282738200642765,0.01694043342712069,0.01282738200642765,0.7572050657152447
50.0,0.0,1.0,pro,5000.0,3.0,pos_range,0.0018445607620743154,30485.090788119443,11.277452651491329,56.2316022960383,57.35132112764664,1.01991262539014
50.0,0.0,1.0,pro,5000.0,3.0,pos_inplane,0.0018445607620743154,2.4464644958952453e-12,11.277452651491329,12.916114921180132,11.277452651491329,0.8731304049484967
50.0,0.0,1.0,pro,5000.0,3.0,pos_plane,0.0018445607620743154,5.652816232977951e-13,11.277452651491329,10.740607816985555,11.277452651491329,1.0499827238507666
50.0,0.0,1.0,pro,5000.0,3.0,vel_range,0.0018445607620743154,8.19178944460219,0.012501150321617568,0.03564715110104166,0.019611183457207894,0.5501472867107976
50.0,0.0,1.0,pro,5000.0,3.0,vel_inplane,0.0018445607620743154,15.476149817828276,0.012501150321617568,0.034058385089781325,0.031163965828237748,0.915015957042191
50.0,0.0,1.0,pro,5000.0,3.0,vel_plane,0.0018445607620743154,2.9679207720344717e-15,0.012501150321617568,0.016205321320111883,0.012501150321617568,0.7714225515604438
50.0,0.0,1.0,pro,50000.0,1.0,pos_range,0.01199770998825161,58439.38176845884,19.780367820540437,701.1387543506878,701.4177184841782,1.0003978729342222
50.0,0.0,1.0,pro,50000.0,1.0,pos_inplane,0.01199770998825161,7.477783494788141e-13,19.780367820540437,27.523189795111836,19.780367820540437,0.7186800646214874
50.0,0.0,1.0,pro,50000.0,1.0,pos_plane,0.01199770998825161,9.477065537240477e-13,19.780367820540437,18.95570329841523,19.780367820540437,1.0435048232789206
50.0,0.0,1.0,pro,50000.0,1.0,vel_range,0.01199770998825161,42.73235879755518,0.0219267027034481,0.5201536726601397,0.5131591134609491,0.9865528985628047
50.0,0.0,1.0,pro,50000.0,1.0,vel_inplane,0.01199770998825161,38.92521726238476,0.0219267027034481,0.494546110137499,0.4675279237995515,0.9453677103426501
50.0,0.0,1.0,pro,50000.0,1.0,vel_plane,0.01199770998825161,1.7454629088633907e-13,0.0219267027034481,0.02557314699303765,0.0219267027034481,0.857411202047902
50.0,0.0,1.0,pro,50000.0,3.0,pos_range,0.0019038411999510133,58439.38176845884,18.658271751929682,111.25930271045807,112.81295822903589,1.0139642751727562
50.0,0.0,1.0,pro,50000.0,3.0,pos_inplane,0.0019038411999510133,7.477783494788141e-13,18.658271751929682,25.081606830961526,18.658271751929682,0.7439025688297339
50.0,0.0,1.0,pro,50000.0,3.0,pos_plane,0.0019038411999510133,9.477065537240477e-13,18.658271751929682,17.898796748289637,18.658271751929682,1.042431623439303
50.0,0.0,1.0,pro,50000.0,3.0,vel_range,0.0019038411999510133,42.73235879755518,0.02068284985276518,0.08970782114601135,0.08394354077491654,0.9357438370762269
50.0,0.0,1.0,pro,50000.0,3.0,vel_inplane,0.0019038411999510133,38.92521726238476,0.02068284985276518,0.09230867432627213,0.0769395334417456,0.8335027450377728
50.0,0.0,1.0,pro,50000.0,3.0,vel_plane,0.0019038411999510133,1.7454629088633907e-13,0.02068284985276518,0.023652627974989612,0.02068284985276518,0.8744419383180302
50.0,0.0075225,0.0,none,5000.0,1.0,pos_range,0.013650011571075385,30485.09078811901,11.54148168893768,416.12184200310816,416.28186747879823,1.000384563989527
50.0,0.0075225,0.0,none,5000.0,1.0,pos_inplane,0.013650011571075385,5.002578328588823e-13,11.54148168893768,13.631885421835383,11.54148168893768,0.8466533668520041
50.0,0.0075225,0.0,none,5000.0,1.0,pos_plane,0.013650011571075385,9.91195559189306e-13,11.54148168893768,11.013418401451554,11.54148168893768,1.0479472647127006
50.0,0.0075225,0.0,none,5000.0,1.0,vel_range,0.013650011571075385,8.191778630585825,0.012793828711710595,0.15168122706203374,0.11254740688543381,0.7419995807352271
50.0,0.0075225,0.0,none,5000.0,1.0,vel_inplane,0.013650011571075385,15.476214437192269,0.012793828711710595,0.20819099449448322,0.21163756377177184,1.0165548432373714
50.0,0.0075225,0.0,none,5000.0,1.0,vel_plane,0.013650011571075385,0.9979923501493911,0.012793828711710595,0.022188387194070448,0.01868843166377642,0.842261832746936
50.0,0.0075225,0.0,none,5000.0,3.0,pos_range,0.0017809989692561506,30485.09078811901,11.257531965515797,54.29391527132014,55.44872641859233,1.0212696237046328
50.0,0.0075225,0.0,none,5000.0,3.0,pos_inplane,0.0017809989692561506,5.002578328588823e-13,11.257531965515797,12.918855262011995,11.257531965515797,0.871403211600231
50.0,0.0075225,0.0,none,5000.0,3.0,pos_plane,0.0017809989692561506,9.91195559189306e-13,11.257531965515797,10.718378856943671,11.257531965515797,1.050301740194866
50.0,0.0075225,0.0,none,5000.0,3.0,vel_range,0.0017809989692561506,8.191778630585825,0.012479068075069016,0.03534580318638618,0.019198491834643408,0.5431618496092887
50.0,0.0075225,0.0,none,5000.0,3.0,vel_inplane,0.0017809989692561506,15.476214437192269,0.012479068075069016,0.032892750832410896,0.03025645108466263,0.9198516487362138
50.0,0.0075225,0.0,none,5000.0,3.0,vel_plane,0.0017809989692561506,0.9979923501493911,0.012479068075069016,0.01626338184754247,0.012605013834838094,0.7750549026642214
50.0,0.0075225,0.0,none,50000.0,1.0,pos_range,0.011193604887633182,58439.38176845884,19.693028695375197,654.1473493936822,654.4437104121157,1.000453049330106
50.0,0.0075225,0.0,none,50000.0,1.0,pos_inplane,0.011193604887633182,2.7025608290609287e-12,19.693028695375197,28.496393472929327,19.693028695375197,0.691070914432837
50.0,0.0075225,0.0,none,50000.0,1.0,pos_plane,0.011193604887633182,1.2693559042088167e-12,19.693028695375197,18.86599181858193,19.693028695375197,1.0438374448980035
50.0,0.0075225,0.0,none,50000.0,1.0,vel_range,0.011193604887633182,42.7323023863843,0.021829886554767145,0.49858233622981846,0.47882638432695,0.9603757484626129
50.0,0.0075225,0.0,none,50000.0,1.0,vel_inplane,0.011193604887633182,38.92518360124081,0.021829886554767145,0.4767971728802249,0.43625963783313815,0.9149794978812299
50.0,0.0075225,0.0,none,50000.0,1.0,vel_plane,0.011193604887633182,1.002610204018358,0.021829886554767145,0.02786914319535234,0.024545787651115102,0.8807514274500027
50.0,0.0075225,0.0,none,50000.0,3.0,pos_range,0.0018486965495031797,58439.38176845884,18.58943284632719,108.03668343044887,109.62432202845835,1.01469536594051
50.0,0.0075225,0.0,none,50000.0,3.0,pos_inplane,0.0018486965495031797,2.7025608290609287e-12,18.58943284632719,25.10398942754223,18.58943284632719,0.7404971588273633
50.0,0.0075225,0.0,none,50000.0,3.0,pos_plane,0.0018486965495031797,1.2693559042088167e-12,18.58943284632719,17.830272231685743,18.58943284632719,1.042577062468646
50.0,0.0075225,0.0,none,50000.0,3.0,vel_range,0.0018486965495031797,42.7323023863843,0.020606541351767076,0.08700999890455648,0.08164239721653993,0.9383105188415827
50.0,0.0075225,0.0,none,50000.0,3.0,vel_inplane,0.0018486965495031797,38.92518360124081,0.020606541351767076,0.09064143036368263,0.0748531485990031,0.8258160567266883
50.0,0.0075225,0.0,none,50000.0,3.0,vel_plane,0.0018486965495031797,1.002610204018358,0.020606541351767076,0.023604258460163126,0.02068973393685879,0.8765254783062483
50.0,0.0075225,1.0,nor,5000.0,1.0,pos_range,0.012650544008981092,30485.09078811901,11.541583841850258,385.65298263288366,385.8256486694705,1.000447723845951
50.0,0.0075225,1.0,nor,5000.0,1.0,pos_inplane,0.012650544008981092,5.002578328588823e-13,11.541583841850258,13.551060453832813,11.541583841850258,0.8517107484813714
50.0,0.0075225,1.0,nor,5000.0,1.0,pos_plane,0.012650544008981092,9.91195559189306e-13,11.541583841850258,11.430749900741914,11.541583841850258,1.0096961216080103
50.0,0.0075225,1.0,nor,5000.0,1.0,vel_range,0.012650544008981092,8.191778630585825,0.012793941949066176,0.1408906794423897,0.10441722260978857,0.7411222873155697
50.0,0.0075225,1.0,nor,5000.0,1.0,vel_inplane,0.012650544008981092,15.476214437192269,0.012793941949066176,0.19313273385812557,0.19620011396635753,1.0158822383288233
50.0,0.0075225,1.0,nor,5000.0,1.0,vel_plane,0.012650544008981092,0.9979923501493911,0.012793941949066176,0.02467250654663867,0.017974405854123948,0.7285196508164568
50.0,0.0075225,1.0,nor,5000.0,3.0,pos_range,0.0017797042397991755,30485.09078811901,11.257530910391289,54.2544453262782,55.410078865315874,1.0213002553447532
50.0,0.0075225,1.0,nor,5000.0,3.0,pos_inplane,0.0017797042397991755,5.002578328588823e-13,11.257530910391289,12.918795719247065,11.257530910391289,0.8714071462264288
50.0,0.0075225,1.0,nor,5000.0,3.0,pos_plane,0.0017797042397991755,9.91195559189306e-13,11.257530910391289,10.718827577187648,11.257530910391289,1.0502576731759485
50.0,0.0075225,1.0,nor,5000.0,3.0,vel_range,0.0017797042397991755,8.191778630585825,0.012479066905454698,0.03533131425236439,0.01919043236885316,0.5431564824274525
50.0,0.0075225,1.0,nor,5000.0,3.0,vel_inplane,0.0017797042397991755,15.476214437192269,0.012479066905454698,0.03287670147179839,0.030238197893489204,0.9197454896570906
50.0,0.0075225,1.0,nor,5000.0,3.0,vel_plane,0.0017797042397991755,0.9979923501493911,0.012479066905454698,0.016235560656193526,0.01260483053953034,0.7763717438807302
50.0,0.0075225,1.0,nor,50000.0,1.0,pos_range,0.01094129869544528,58439.38176845884,19.69315668399141,639.4027315058673,639.7059273426694,1.0004741860205821
50.0,0.0075225,1.0,nor,50000.0,1.0,pos_inplane,0.01094129869544528,2.7025608290609287e-12,19.69315668399141,28.360108719663234,19.69315668399141,0.6943963748043509
50.0,0.0075225,1.0,nor,50000.0,1.0,pos_plane,0.01094129869544528,1.2693559042088167e-12,19.69315668399141,19.22267009823037,19.69315668399141,1.024475610482664
50.0,0.0075225,1.0,nor,50000.0,1.0,vel_range,0.01094129869544528,42.7323023863843,0.021830028431215683,0.48734834334935007,0.46805623509359556,0.9604141298128407
50.0,0.0075225,1.0,nor,50000.0,1.0,vel_inplane,0.01094129869544528,38.92518360124081,0.021830028431215683,0.4660748062654018,0.42645116647294345,0.9149843774866152
50.0,0.0075225,1.0,nor,50000.0,1.0,vel_plane,0.01094129869544528,1.002610204018358,0.021830028431215683,0.029799326447237352,0.02443128976629661,0.8198604693147887
50.0,0.0075225,1.0,nor,50000.0,3.0,pos_range,0.0018478196703174885,58439.38176845884,18.589432168650962,107.98543915295146,109.57382012784194,1.0147092143843643
50.0,0.0075225,1.0,nor,50000.0,3.0,pos_inplane,0.0018478196703174885,2.7025608290609287e-12,18.589432168650962,25.10348614546345,18.589432168650962,0.7405119775370455
50.0,0.0075225,1.0,nor,50000.0,3.0,pos_plane,0.0018478196703174885,1.2693559042088167e-12,18.589432168650962,17.83125780177651,18.589432168650962,1.0425193990969563
50.0,0.0075225,1.0,nor,50000.0,3.0,vel_range,0.0018478196703174885,42.7323023863843,0.020606540600557326,0.08696859140618919,0.0816061397097176,0.9383403639202789
50.0,0.0075225,1.0,nor,50000.0,3.0,vel_inplane,0.0018478196703174885,38.92518360124081,0.020606540600557326,0.09060307291909277,0.07482033517220121,0.825803504909979
50.0,0.0075225,1.0,nor,50000.0,3.0,vel_plane,0.0018478196703174885,1.002610204018358,0.020606540600557326,0.023578242823878902,0.020689654445560455,0.8774892429476117
50.0,0.0075225,1.0,pro,5000.0,1.0,pos_range,0.013882741748730642,30485.09078811901,11.572190320292266,423.21664259806374,423.3748246657874,1.000373761454069
50.0,0.0075225,1.0,pro,5000.0,1.0,pos_inplane,0.013882741748730642,5.002578328588823e-13,11.572190320292266,13.513044060732488,11.572190320292266,0.8563718336359057
50.0,0.0075225,1.0,pro,5000.0,1.0,pos_plane,0.013882741748730642,9.91195559189306e-13,11.572190320292266,11.049386858719929,11.572190320292266,1.047315155877609
50.0,0.0075225,1.0,pro,5000.0,1.0,vel_range,0.013882741748730642,8.191778630585825,0.012827869485686628,0.1286461965210873,0.11444553892400043,0.8896146331480609
50.0,0.0075225,1.0,pro,5000.0,1.0,vel_inplane,0.013882741748730642,15.476214437192269,0.012827869485686628,0.21109130387950123,0.21523489497404108,1.019629378465089
50.0,0.0075225,1.0,pro,5000.0,1.0,vel_plane,0.013882741748730642,0.9979923501493911,0.012827869485686628,0.022100404101136076,0.018881516359692995,0.8543516341731682
50.0,0.0075225,1.0,pro,5000.0,3.0,pos_range,0.0018445250597887513,30485.09078811901,11.277860172400763,56.230513908620736,57.35033412715058,1.0199148138740053
50.0,0.0075225,1.0,pro,5000.0,3.0,pos_inplane,0.0018445250597887513,5.002578328588823e-13,11.277860172400763,12.916290999334272,11.277860172400763,0.8731500531369294
50.0,0.0075225,1.0,pro,5000.0,3.0,pos_plane,0.0018445250597887513,9.91195559189306e-13,11.277860172400763,10.741357478090046,11.277860172400763,1.0499473828522197
50.0,0.0075225,1.0,pro,5000.0,3.0,vel_range,0.0018445250597887513,8.191778630585825,0.012501602061944526,0.03564526635682244,0.019611230715650282,0.5501777015588699
50.0,0.0075225,1.0,pro,5000.0,3.0,vel_inplane,0.0018445250597887513,15.476214437192269,0.012501602061944526,0.03405755502910591,0.031163750097228302,0.9150319237712592
50.0,0.0075225,1.0,pro,5000.0,3.0,vel_plane,0.0018445250597887513,0.9979923501493911,0.012501602061944526,0.01632088621689938,0.01263640294467778,0.7742473525483855
50.0,0.0075225,1.0,pro,50000.0,1.0,pos_range,0.011996828720006571,58439.38176845884,19.780616643374582,701.0872535792754,701.366245214384,1.0003979413884423
50.0,0.0075225,1.0,pro,50000.0,1.0,pos_inplane,0.011996828720006571,2.7025608290609287e-12,19.780616643374582,27.52308620026062,19.780616643374582,0.7186918101934104
50.0,0.0075225,1.0,pro,50000.0,1.0,pos_plane,0.011996828720006571,1.2693559042088167e-12,19.780616643374582,18.95630492121581,19.780616643374582,1.0434848313310368
50.0,0.0075225,1.0,pro,50000.0,1.0,vel_range,0.011996828720006571,42.7323023863843,0.02192697852563501,0.5201124613562615,0.5131208248356265,0.9865574523971153
50.0,0.0075225,1.0,pro,50000.0,1.0,vel_inplane,0.011996828720006571,38.92518360124081,0.02192697852563501,0.494509614839465,0.4674932675455178,0.9453673973503677
50.0,0.0075225,1.0,pro,50000.0,1.0,vel_plane,0.011996828720006571,1.002610204018358,0.02192697852563501,0.028292667068624763,0.02500937041708337,0.8839523808915698
50.0,0.0075225,1.0,pro,50000.0,3.0,pos_range,0.0019037917623786122,58439.38176845884,18.658482676422985,111.25641360929079,112.8101438035958,1.013965309000175
50.0,0.0075225,1.0,pro,50000.0,3.0,pos_inplane,0.0019037917623786122,2.7025608290609287e-12,18.658482676422985,25.081602970754773,18.658482676422985,0.7439110928507573
50.0,0.0075225,1.0,pro,50000.0,3.0,pos_plane,0.0019037917623786122,1.2693559042088167e-12,18.658482676422985,17.8991826020077,18.658482676422985,1.042420935709663
50.0,0.0075225,1.0,pro,50000.0,3.0,vel_range,0.0019037917623786122,42.7323023863843,0.020683083664325183,0.08970412536226648,0.08394144684838002,0.9357590468597279
50.0,0.0075225,1.0,pro,50000.0,3.0,vel_inplane,0.0019037917623786122,38.92518360124081,0.020683083664325183,0.09230593399481181,0.07693768104036271,0.833507421577979
50.0,0.0075225,1.0,pro,50000.0,3.0,vel_plane,0.0019037917623786122,1.002610204018358,0.020683083664325183,0.023725987485523653,0.020770972981570098,0.8754524124335584
50.0,0.0416939,0.0,none,5000.0,1.0,pos_range,0.013605169673705272,30485.090788118887,11.554418353804678,414.754832690667,414.91574545172176,1.0003879707923133
50.0,0.0416939,0.0,none,5000.0,1.0,pos_inplane,0.013605169673705272,1.731342359923464e-12,11.554418353804678,13.635856921401208,11.554418353804678,0.8473554995777527
50.0,0.0416939,0.0,none,5000.0,1.0,pos_plane,0.013605169673705272,4.617872095294973e-13,11.554418353804678,11.063618492478517,11.554418353804678,1.0443616039056143
50.0,0.0416939,0.0,none,5000.0,1.0,vel_range,0.013605169673705272,8.191457238458899,0.012808169112611446,0.15113021447439198,0.11217975318158548,0.7422721761609992
50.0,0.0416939,0.0,none,5000.0,1.0,vel_inplane,0.013605169673705272,15.47813492204158,0.012808169112611446,0.20749547485333134,0.2109718048813181,1.0167537630902264
50.0,0.0416939,0.0,none,5000.0,1.0,vel_plane,0.013605169673705272,5.531430999596694,0.012808169112611446,0.08142925766974204,0.07633821686768606,0.9374789731879413
50.0,0.0416939,0.0,none,5000.0,3.0,pos_range,0.001780214510933964,30485.090788118887,11.269554023987444,54.270000988148546,55.42775347380783,1.0213331944827515
50.0,0.0416939,0.0,none,5000.0,3.0,pos_inplane,0.001780214510933964,1.731342359923464e-12,11.269554023987444,12.924117884781328,11.269554023987444,0.8719785848794989
50.0,0.0416939,0.0,none,5000.0,3.0,pos_plane,0.001780214510933964,4.617872095294973e-13,11.269554023987444,10.740542991283426,11.269554023987444,1.0492536581375207
50.0,0.0416939,0.0,none,5000.0,3.0,vel_range,0.001780214510933964,8.191457238458899,0.012492394627152518,0.03529536339154166,0.019201841536721585,0.5440329746349403
50.0,0.0416939,0.0,none,5000.0,3.0,vel_inplane,0.001780214510933964,15.47813492204158,0.012492394627152518,0.03287249221462017,0.030254006418913428,0.9203441656138818
50.0,0.0416939,0.0,none,5000.0,3.0,vel_plane,0.001780214510933964,5.531430999596694,0.012492394627152518,0.019239417970033524,0.015906789941742782,0.8267812449689748
50.0,0.0416939,0.0,none,50000.0,1.0,pos_range,0.011170835879313565,58439.3817684585,19.700338930167224,652.8167426239992,653.1139278902053,1.000455235362089
50.0,0.0416939,0.0,none,50000.0,1.0,pos_inplane,0.011170835879313565,3.036868277367978e-13,19.700338930167224,28.49024057398796,19.700338930167224,0.6914767489943185
50.0,0.0416939,0.0,none,50000.0,1.0,pos_plane,0.011170835879313565,4.86484835879996e-13,19.700338930167224,18.884952109165948,19.700338930167224,1.0431765363389787
50.0,0.0416939,0.0,none,50000.0,1.0,vel_range,0.011170835879313565,42.73062584870148,0.021837990011003724,0.4974816829515192,0.47783608741753275,0.960509911807344
50.0,0.0416939,0.0,none,50000.0,1.0,vel_inplane,0.011170835879313565,38.924183193232686,0.021837990011003724,0.47582297657701733,0.43536370759590826,0.9149699132392354
50.0,0.0416939,0.0,none,50000.0,1.0,vel_plane,0.011170835879313565,5.557025727704094,0.021837990011003724,0.06821155220303958,0.06580581170376894,0.9647311867041278
50.0,0.0416939,0.0,none,50000.0,3.0,pos_range,0.001847515929165649,58439.3817684585,18.595633481084896,107.96768870781969,109.55737943868274,1.01472376365456
50.0,0.0416939,0.0,none,50000.0,3.0,pos_inplane,0.001847515929165649,3.036868277367978e-13,18.595633481084896,25.103861554647246,18.595633481084896,0.7407479299790218
50.0,0.0416939,0.0,none,50000.0,3.0,pos_plane,0.001847515929165649,4.86484835879996e-13,18.595633481084896,17.84169111176327,18.595633481084896,1.0422573378610136
50.0,0.0416939,0.0,none,50000.0,3.0,vel_range,0.001847515929165649,42.73062584870148,0.020613414807111204,0.08691598193597594,0.08159232023980317,0.9387493349601195
50.0,0.0416939,0.0,none,50000.0,3.0,vel_inplane,0.001847515929165649,38.924183193232686,0.020613414807111204,0.0905738096934964,0.07480908642397872,0.8259461170633562
50.0,0.0416939,0.0,none,50000.0,3.0,vel_plane,0.001847515929165649,5.557025727704094,0.020613414807111204,0.025587897333631864,0.023028631450313287,0.8999813915950505
50.0,0.0416939,1.0,nor,5000.0,1.0,pos_range,0.012468870027460794,30485.090788118887,11.554824100740916,380.1146348123967,380.29021754255103,1.0004619204683898
50.0,0.0416939,1.0,nor,5000.0,1.0,pos_inplane,0.012468870027460794,1.731342359923464e-12,11.554824100740916,13.545004302893268,11.554824100740916,0.8530690609136801
50.0,0.0416939,1.0,nor,5000.0,1.0,pos_plane,0.012468870027460794,4.617872095294973e-13,11.554824100740916,11.608793297514824,11.554824100740916,0.9953510071726868
50.0,0.0416939,1.0,nor,5000.0,1.0,vel_range,0.012468870027460794,8.191457238458899,0.01280861888647432,0.1388813633150059,0.1029382135665826,0.7411952987032661
50.0,0.0416939,1.0,nor,5000.0,1.0,vel_inplane,0.012468870027460794,15.47813492204158,0.01280861888647432,0.190386145312901,0.19341942470161527,1.0159322485558446
50.0,0.0416939,1.0,nor,5000.0,1.0,vel_plane,0.012468870027460794,5.531430999596694,0.01280861888647432,0.07938823391378667,0.07014996347958145,0.8836317426554958
50.0,0.0416939,1.0,nor,5000.0,3.0,pos_range,0.00177812906056068,30485.090788118887,11.269530289299098,54.20642584418487,55.36550293948881,1.0213826511756314
50.0,0.0416939,1.0,nor,5000.0,3.0,pos_inplane,0.00177812906056068,1.731342359923464e-12,11.269530289299098,12.924118036481744,11.269530289299098,0.8719767381795699
50.0,0.0416939,1.0,nor,5000.0,3.0,pos_plane,0.00177812906056068,4.617872095294973e-13,11.269530289299098,10.739723748264705,11.269530289299098,1.0493314868662238
50.0,0.0416939,1.0,nor,5000.0,3.0,vel_range,0.00177812906056068,8.191457238458899,0.012492368317052532,0.03525323280888275,0.019188854291141887,0.5443147411521044
50.0,0.0416939,1.0,nor,5000.0,3.0,vel_inplane,0.00177812906056068,15.47813492204158,0.012492368317052532,0.03284329356032944,0.030224599889475626,0.9202670199307641
50.0,0.0416939,1.0,nor,5000.0,3.0,vel_plane,0.00177812906056068,5.531430999596694,0.012492368317052532,0.01909198170057074,0.01589963075847563,0.8327910118413911
50.0,0.0416939,1.0,nor,50000.0,1.0,pos_range,0.010869432074343648,58439.3817684585,19.700808671647106,635.2028905988961,635.5083273156303,1.0004808490661088
50.0,0.0416939,1.0,nor,50000.0,1.0,pos_inplane,0.010869432074343648,3.036868277367978e-13,19.700808671647106,28.325885657840285,19.700808671647106,0.6955054789679328
50.0,0.0416939,1.0,nor,50000.0,1.0,pos_plane,0.010869432074343648,4.86484835879996e-13,19.700808671647106,19.308044538121464,19.700808671647106,1.0203419943821952
50.0,0.0416939,1.0,nor,50000.0,1.0,vel_range,0.010869432074343648,42.73062584870148,0.02183851072335196,0.4840564078108693,0.4649707683348762,0.960571455788991
50.0,0.0416939,1.0,nor,50000.0,1.0,vel_inplane,0.010869432074343648,38.924183193232686,0.02183851072335196,0.4630154196795038,0.4236470146054261,0.9149738790528222
50.0,0.0416939,1.0,nor,50000.0,1.0,vel_plane,0.010869432074343648,5.557025727704094,0.02183851072335196,0.07066940241921275,0.06422840155582234,0.9088572898185522
50.0,0.0416939,1.0,nor,50000.0,3.0,pos_range,0.0018457231025121867,58439.3817684585,18.59558081385354,107.86291702657333,109.45412050391708,1.0147520901641456
50.0,0.0416939,1.0,nor,50000.0,3.0,pos_inplane,0.0018457231025121867,3.036868277367978e-13,18.59558081385354,25.102464584422602,18.59558081385354,0.7407870550445105
50.0,0.0416939,1.0,nor,50000.0,3.0,pos_plane,0.0018457231025121867,4.86484835879996e-13,18.59558081385354,17.84168710441811,18.59558081385354,1.0422546200380762
50.0,0.0416939,1.0,nor,50000.0,3.0,vel_range,0.0018457231025121867,42.73062584870148,0.020613356425045987,0.08681790995688236,0.08151818430890166,0.938955848503923
50.0,0.0416939,1.0,nor,50000.0,3.0,vel_inplane,0.0018457231025121867,38.924183193232686,0.020613356425045987,0.09048462476777303,0.07474198999996935,0.8260186765629318
50.0,0.0416939,1.0,nor,50000.0,3.0,vel_plane,0.0018457231025121867,5.557025727704094,0.020613356425045987,0.02543678401204354,0.023024139270127066,0.9051513453597687
50.0,0.0416939,1.0,pro,5000.0,1.0,pos_range,0.013839590351717907,30485.090788118887,11.585232436981267,421.90116834249454,422.0602012265322,1.0003769434549385
50.0,0.0416939,1.0,pro,5000.0,1.0,pos_inplane,0.013839590351717907,1.731342359923464e-12,11.585232436981267,13.518121427702216,11.585232436981267,0.8570149705298588
50.0,0.0416939,1.0,pro,5000.0,1.0,pos_plane,0.013839590351717907,4.617872095294973e-13,11.585232436981267,11.086704995510983,11.585232436981267,1.0449662403457238
50.0,0.0416939,1.0,pro,5000.0,1.0,vel_range,0.013839590351717907,8.191457238458899,0.012842326780811668,0.12821008184365046,0.11409149334963703,0.8898792646335664
50.0,0.0416939,1.0,pro,5000.0,1.0,vel_inplane,0.013839590351717907,15.47813492204158,0.012842326780811668,0.21042168697581287,0.21459566141506217,1.01983623693564
50.0,0.0416939,1.0,pro,5000.0,1.0,vel_plane,0.013839590351717907,5.531430999596694,0.012842326780811668,0.08022754165576157,0.07762246594780728,0.9675289102197336
50.0,0.0416939,1.0,pro,5000.0,3.0,pos_range,0.0018434718492475674,30485.090788118887,11.289945218127606,56.1984066896535,57.32123321670613,1.019979686136891
50.0,0.0416939,1.0,pro,5000.0,3.0,pos_inplane,0.0018434718492475674,1.731342359923464e-12,11.289945218127606,12.921520833691357,11.289945218127606,0.8737319208347668
50.0,0.0416939,1.0,pro,5000.0,3.0,pos_plane,0.0018434718492475674,4.617872095294973e-13,11.289945218127606,10.763550955713761,11.289945218127606,1.0489052604089184
50.0,0.0416939,1.0,pro,5000.0,3.0,vel_range,0.0018434718492475674,8.191457238458899,0.012514998435925746,0.035589641629051434,0.0196126733322594,0.5510781349438987
50.0,0.0416939,1.0,pro,5000.0,3.0,vel_inplane,0.0018434718492475674,15.47813492204158,0.012514998435925746,0.034033065106576325,0.03115744134134275,0.9155050020846371
50.0,0.0416939,1.0,pro,5000.0,3.0,vel_plane,0.0018434718492475674,5.531430999596694,0.012514998435925746,0.019438888367570205,0.01614325729951599,0.8304619582284191
50.0,0.0416939,1.0,pro,50000.0,1.0,pos_range,0.011970821507475403,58439.3817684585,19.788006025100067,699.5674081574289,699.8472145679743,1.000399970620819
50.0,0.0416939,1.0,pro,50000.0,1.0,pos_inplane,0.011970821507475403,3.036868277367978e-13,19.788006025100067,27.520047784245737,19.788006025100067,0.7190396681079896
50.0,0.0416939,1.0,pro,50000.0,1.0,pos_plane,0.011970821507475403,4.86484835879996e-13,19.788006025100067,18.9741540904976,19.788006025100067,1.042892659705449
50.0,0.0416939,1.0,pro,50000.0,1.0,vel_range,0.011970821507475403,42.73062584870148,0.021935169716907437,0.5188960362897739,0.5119907938819535,0.9866924356231462
50.0,0.0416939,1.0,pro,50000.0,1.0,vel_inplane,0.011970821507475403,38.924183193232686,0.021935169716907437,0.4934325489350082,0.46647047122123825,0.9453581289439396
50.0,0.0416939,1.0,pro,50000.0,1.0,vel_plane,0.011970821507475403,5.557025727704094,0.021935169716907437,0.07165517040607816,0.07004534141434479,0.9775336659921359
50.0,0.0416939,1.0,pro,50000.0,3.0,pos_range,0.0019023308987525449,58439.3817684585,18.66474630319839,111.17104164213472,112.72698547535109,1.0139959454389662
50.0,0.0416939,1.0,pro,50000.0,3.0,pos_inplane,0.0019023308987525449,3.036868277367978e-13,18.66474630319839,25.081494580884996,18.66474630319839,0.7441640386702907
50.0,0.0416939,1.0,pro,50000.0,3.0,pos_plane,0.0019023308987525449,4.86484835879996e-13,18.66474630319839,17.910632565793073,18.66474630319839,1.0421042492293418
50.0,0.0416939,1.0,pro,50000.0,3.0,vel_range,0.0019023308987525449,42.73062584870148,0.0206900269468463,0.08959486457643835,0.08387956841702555,0.9362095563575883
50.0,0.0416939,1.0,pro,50000.0,3.0,vel_inplane,0.0019023308987525449,38.924183193232686,0.0206900269468463,0.09222491781599396,0.07688294674719195,0.8336461399790877
50.0,0.0416939,1.0,pro,50000.0,3.0,vel_plane,0.0019023308987525449,5.557025727704094,0.0206900269468463,0.02580787917161647,0.02323423413170335,0.9002767711829798
50.0,0.25,0.0,none,5000.0,1.0,pos_range,0.012343559333274629,30485.090788118992,11.98978919470636,376.2945269234106,376.48549246610673,1.000507489556804
50.0,0.25,0.0,none,5000.0,1.0,pos_inplane,0.012343559333274629,4.301520176714755e-13,11.98978919470636,13.790562891367486,11.98978919470636,0.8694198553861524
50.0,0.25,0.0,none,5000.0,1.0,pos_plane,0.012343559333274629,5.439875880204022e-13,11.98978919470636,12.489272304284087,11.98978919470636,0.9600070286395794
50.0,0.25,0.0,none,5000.0,1.0,vel_range,0.012343559333274629,8.1798456598945,0.013290781320878286,0.13572000744730195,0.10183940658949052,0.7503639920520432
50.0,0.25,0.0,none,5000.0,1.0,vel_inplane,0.012343559333274629,15.54752015141659,0.013290781320878286,0.18793102918489338,0.19237141120374826,1.0236277215003504
50.0,0.25,0.0,none,5000.0,1.0,vel_plane,0.012343559333274629,33.1668057751194,0.013290781320878286,0.43278566407126684,0.40961211632807626,0.946454909053146
50.0,0.25,0.0,none,5000.0,3.0,pos_range,0.0017568070948098106,30485.090788118992,11.673104248691914,53.55642378248864,54.813792891664995,1.0234774658271242
50.0,0.25,0.0,none,5000.0,3.0,pos_inplane,0.0017568070948098106,4.301520176714755e-13,11.673104248691914,13.109872158485606,11.673104248691914,0.890405650610123
50.0,0.25,0.0,none,5000.0,3.0,pos_plane,0.0017568070948098106,5.439875880204022e-13,11.673104248691914,11.445272870450019,11.673104248691914,1.0199061552154096
50.0,0.25,0.0,none,5000.0,3.0,vel_range,0.0017568070948098106,8.1798456598945,0.012939733416970979,0.033835955353040265,0.019337668164558397,0.571512403382482
50.0,0.25,0.0,none,5000.0,3.0,vel_inplane,0.0017568070948098106,15.54752015141659,0.012939733416970979,0.03226842503059074,0.030224012857686024,0.936643571201055
50.0,0.25,0.0,none,5000.0,3.0,vel_plane,0.0017568070948098106,33.1668057751194,0.012939733416970979,0.06339216112660925,0.05968717783812839,0.9415545514991809
50.0,0.25,0.0,none,50000.0,1.0,pos_range,0.010488003642963201,58439.38176845784,19.9575316502959,612.912448880103,613.2372893601445,1.0005299949130335
50.0,0.25,0.0,none,50000.0,1.0,pos_inplane,0.010488003642963201,2.298975852637785e-13,19.9575316502959,28.33059751312997,19.9575316502959,0.7044514906911677
50.0,0.25,0.0,none,50000.0,1.0,pos_plane,0.010488003642963201,5.432109513483943e-14,19.9575316502959,19.529446839921793,19.9575316502959,1.021919965981782
50.0,0.25,0.0,none,50000.0,1.0,vel_range,0.010488003642963201,42.67005420622945,0.022123090286333108,0.4643404038037081,0.4480701717691995,0.9649605507054119
50.0,0.25,0.0,none,50000.0,1.0,vel_inplane,0.010488003642963201,38.8880391906287,0.022123090286333108,0.44663168832755545,0.40845745803395145,0.9145286120728465
50.0,0.25,0.0,none,50000.0,1.0,vel_plane,0.010488003642963201,33.32027397370653,0.022123090286333108,0.3570670942821427,0.35016271603513116,0.9806636389698907
50.0,0.25,0.0,none,50000.0,3.0,pos_range,0.0018113803261401158,58439.38176845784,18.8134231128389,105.85594640717589,107.51477237562099,1.015670597871417
50.0,0.25,0.0,none,50000.0,3.0,pos_inplane,0.0018113803261401158,2.298975852637785e-13,18.8134231128389,25.10761864614282,18.8134231128389,0.7493113296799706
50.0,0.25,0.0,none,50000.0,3.0,pos_plane,0.0018113803261401158,5.432109513483943e-14,18.8134231128389,18.232764517276454,18.8134231128389,1.0318469859582864
50.0,0.25,0.0,none,50000.0,3.0,vel_range,0.0018113803261401158,42.67005420622945,0.020854836430343335,0.08401113925408636,0.08005579667954235,0.9529188318398906
50.0,0.25,0.0,none,50000.0,3.0,vel_inplane,0.0018113803261401158,38.8880391906287,0.020854836430343335,0.08849855319373674,0.07346334313726782,0.830107843418021
50.0,0.25,0.0,none,50000.0,3.0,vel_plane,0.0018113803261401158,33.32027397370653,0.020854836430343335,0.06350359015367685,0.06385713245615461,1.00556728055252
50.0,0.25,1.0,nor,5000.0,1.0,pos_range,0.010876939588759224,30485.090788118992,11.99193319987061,331.5844908602106,331.8012673889225,1.000653759553559
50.0,0.25,1.0,nor,5000.0,1.0,pos_inplane,0.010876939588759224,4.301520176714755e-13,11.99193319987061,13.674298443908055,11.99193319987061,0.8769688075085896
50.0,0.25,1.0,nor,5000.0,1.0,pos_plane,0.010876939588759224,5.439875880204022e-13,11.99193319987061,13.300453774006106,11.99193319987061,0.9016183510450735
50.0,0.25,1.0,nor,5000.0,1.0,vel_range,0.010876939588759224,8.1798456598945,0.013293157968484523,0.12022635453891414,0.08995926384796843,0.7482491188639588
50.0,0.25,1.0,nor,5000.0,1.0,vel_inplane,0.010876939588759224,15.54752015141659,0.013293157968484523,0.16593244616344657,0.16963109939134483,1.0222901145219965
50.0,0.25,1.0,nor,5000.0,1.0,vel_plane,0.010876939588759224,33.1668057751194,0.013293157968484523,0.38546705863251063,0.3609981750191017,0.9365214664510758
50.0,0.25,1.0,nor,5000.0,3.0,pos_range,0.001751822154967148,30485.090788118992,11.67292874093455,53.40445743881176,54.66528459383334,1.0236090247048417
50.0,0.25,1.0,nor,5000.0,3.0,pos_inplane,0.001751822154967148,4.301520176714755e-13,11.67292874093455,13.110048711055168,11.67292874093455,0.890380272278565
50.0,0.25,1.0,nor,5000.0,3.0,pos_plane,0.001751822154967148,5.439875880204022e-13,11.67292874093455,11.437137027916457,11.67292874093455,1.0206163231622178
50.0,0.25,1.0,nor,5000.0,3.0,vel_range,0.001751822154967148,8.1798456598945,0.012939538865158152,0.03367046496851038,0.01930725513925,0.5734181323990244
50.0,0.25,1.0,nor,5000.0,3.0,vel_inplane,0.001751822154967148,15.54752015141659,0.012939538865158152,0.032190289190281274,0.03015390633915998,0.9367392184927588
50.0,0.25,1.0,nor,5000.0,3.0,vel_plane,0.001751822154967148,33.1668057751194,0.012939538865158152,0.06285331733558204,0.059525743841402,0.947058108700712
50.0,0.25,1.0,nor,50000.0,1.0,pos_range,0.009995736305133299,58439.38176845784,19.960007355683185,584.144649992519,584.4855635586918,1.0005836115526816
50.0,0.25,1.0,nor,50000.0,1.0,pos_inplane,0.009995736305133299,2.298975852637785e-13,19.960007355683185,28.061595015225716,19.960007355683185,0.7112926882756752
50.0,0.25,1.0,nor,50000.0,1.0,pos_plane,0.009995736305133299,5.432109513483943e-14,19.960007355683185,20.235287346886647,19.960007355683185,0.9863960423944355
50.0,0.25,1.0,nor,50000.0,1.0,vel_range,0.009995736305133299,42.67005420622945,0.022125834626403062,0.44250564368075745,0.4270921179437653,0.9651676177307421
50.0,0.25,1.0,nor,50000.0,1.0,vel_inplane,0.009995736305133299,38.8880391906287,0.022125834626403062,0.4257458486971365,0.3893437829018189,0.9144981309701202
50.0,0.25,1.0,nor,50000.0,1.0,vel_plane,0.009995736305133299,33.32027397370653,0.022125834626403062,0.34443854277063285,0.333794793191133,0.9690982620763562
50.0,0.25,1.0,nor,50000.0,3.0,pos_range,0.0018054324215272081,58439.38176845784,18.81304675612316,105.50835453877981,107.1724946323866,1.0157725907192983
50.0,0.25,1.0,nor,50000.0,3.0,pos_inplane,0.0018054324215272081,2.298975852637785e-13,18.81304675612316,25.102242219535352,18.81304675612316,0.7494568250752619
50.0,0.25,1.0,nor,50000.0,3.0,pos_plane,0.0018054324215272081,5.432109513483943e-14,18.81304675612316,18.226549742467494,18.81304675612316,1.0321781698644334
50.0,0.25,1.0,nor,50000.0,3.0,vel_range,0.0018054324215272081,42.67005420622945,0.020854419235785005,0.08364803706505405,0.07981068054480393,0.95412496628862
50.0,0.25,1.0,nor,50000.0,3.0,vel_inplane,0.0018054324215272081,38.8880391906287,0.020854419235785005,0.08816975412702986,0.07324146731183792,0.8306869859965342
50.0,0.25,1.0,nor,50000.0,3.0,vel_plane,0.0018054324215272081,33.32027397370653,0.020854419235785005,0.06294877472752587,0.06366970990973299,1.0114527277985583
50.0,0.25,1.0,pro,5000.0,1.0,pos_range,0.012595253792537677,30485.090788118992,12.024194658432357,383.96745536491113,384.1556820308518,1.0004902151557657
50.0,0.25,1.0,pro,5000.0,1.0,pos_inplane,0.012595253792537677,4.301520176714755e-13,12.024194658432357,13.702999572065139,12.024194658432357,0.8774863193417021
50.0,0.25,1.0,pro,5000.0,1.0,pos_plane,0.012595253792537677,5.439875880204022e-13,12.024194658432357,12.209971659613613,12.024194658432357,0.9847848130724379
50.0,0.25,1.0,pro,5000.0,1.0,vel_range,0.012595253792537677,8.1798456598945,0.013328920064370751,0.11573386529076138,0.10388585398465373,0.8976271009670198
50.0,0.25,1.0,pro,5000.0,1.0,vel_inplane,0.012595253792537677,15.54752015141659,0.013328920064370751,0.19110179585196374,0.19627805764219175,1.027086411025869
50.0,0.25,1.0,pro,5000.0,1.0,vel_plane,0.012595253792537677,33.1668057751194,0.013328920064370751,0.4276552008443121,0.4179569242858768,0.9773222059750749
50.0,0.25,1.0,pro,5000.0,3.0,pos_range,0.001812357223471534,30485.090788118992,11.695676770378181,55.24987449803297,56.474219668496154,1.0221601439204495
50.0,0.25,1.0,pro,5000.0,3.0,pos_inplane,0.001812357223471534,4.301520176714755e-13,11.695676770378181,13.106267625652764,11.695676770378181,0.8923728024206031
50.0,0.25,1.0,pro,5000.0,3.0,pos_plane,0.001812357223471534,5.439875880204022e-13,11.695676770378181,11.468759636184744,11.695676770378181,1.0197856735507385
50.0,0.25,1.0,pro,5000.0,3.0,vel_range,0.001812357223471534,8.1798456598945,0.012964755245522012,0.03397691715571285,0.019694152529218,0.5796332974813945
50.0,0.25,1.0,pro,5000.0,3.0,vel_inplane,0.001812357223471534,15.54752015141659,0.012964755245522012,0.03331095115130378,0.031017179549540183,0.9311406152485736
50.0,0.25,1.0,pro,5000.0,3.0,vel_plane,0.001812357223471534,33.1668057751194,0.012964755245522012,0.06468792435141096,0.06149234914779092,0.9506001276797755
50.0,0.25,1.0,pro,50000.0,1.0,pos_range,0.01118846675726753,58439.38176845784,20.047963798654482,653.8470802316566,654.1543588327869,1.0004699548417673
50.0,0.25,1.0,pro,50000.0,1.0,pos_inplane,0.01118846675726753,2.298975852637785e-13,20.047963798654482,27.4519166105502,20.047963798654482,0.7302937744955024
50.0,0.25,1.0,pro,50000.0,1.0,pos_plane,0.01118846675726753,5.432109513483943e-14,20.047963798654482,19.58268308706715,20.047963798654482,1.0237598039818463
50.0,0.25,1.0,pro,50000.0,1.0,vel_range,0.01118846675726753,42.67005420622945,0.022223335077020654,0.4821691813095543,0.4779294462183675,0.9912069554514625
50.0,0.25,1.0,pro,50000.0,1.0,vel_inplane,0.01118846675726753,38.8880391906287,0.022223335077020654,0.4610607571795495,0.4356647110890271,0.9449182223924721
50.0,0.25,1.0,pro,50000.0,1.0,vel_plane,0.01118846675726753,33.32027397370653,0.022223335077020654,0.37575985154997477,0.37346457352898543,0.9938916358106873
50.0,0.25,1.0,pro,50000.0,3.0,pos_range,0.001857636225367952,58439.38176845784,18.884764225269045,108.55911256119472,110.18945158189211,1.0150179840478926
50.0,0.25,1.0,pro,50000.0,3.0,pos_inplane,0.001857636225367952,2.298975852637785e-13,18.884764225269045,25.08598424351078,18.884764225269045,0.7528014066322368
50.0,0.25,1.0,pro,50000.0,3.0,pos_plane,0.001857636225367952,5.432109513483943e-14,18.884764225269045,18.30287590319866,18.884764225269045,1.031792179827253
50.0,0.25,1.0,pro,50000.0,3.0,vel_range,0.001857636225367952,42.67005420622945,0.020933918648479072,0.08622372458991232,0.08198316095262134,0.9508190621843412
50.0,0.25,1.0,pro,50000.0,3.0,vel_inplane,0.001857636225367952,38.8880391906287,0.020933918648479072,0.08973568342651266,0.07521184771478558,0.8381487145676992
50.0,0.25,1.0,pro,50000.0,3.0,vel_plane,0.001857636225367952,33.32027397370653,0.020933918648479072,0.06483307156584324,0.06534111353750788,1.0078361545950925
50.0,1.0,0.0,none,5000.0,1.0,pos_range,0.007586452718595406,30485.09078811905,15.598353472408247,231.2736998861536,231.7991218492443,1.0022718621414772
50.0,1.0,0.0,none,5000.0,1.0,pos_inplane,0.007586452718595406,4.643940848295505e-13,15.598353472408247,15.850550830805652,15.598353472408247,0.9840890476873991
50.0,1.0,0.0,none,5000.0,1.0,pos_plane,0.007586452718595406,1.3135115054110094e-12,15.598353472408247,18.487728161593996,15.598353472408247,0.8437139131465556
50.0,1.0,0.0,none,5000.0,1.0,vel_range,0.007586452718595406,8.000693437077244,0.017290904919251816,0.08159742240293846,0.06311170204705335,0.7734521531256188
50.0,1.0,0.0,none,5000.0,1.0,vel_inplane,0.007586452718595406,16.61805239945937,0.017290904919251816,0.11447505558227718,0.12725227670008976,1.111615766883198
50.0,1.0,0.0,none,5000.0,1.0,vel_plane,0.007586452718595406,132.66090761815633,0.017290904919251816,1.0609214168920573,1.0065742255578523,0.948773593907253
50.0,1.0,0.0,none,5000.0,3.0,pos_range,0.0016312523746874433,30485.09078811905,14.94104500757214,49.728876740681514,51.92490739335209,1.0441600694928643
50.0,1.0,0.0,none,5000.0,3.0,pos_inplane,0.0016312523746874433,4.643940848295505e-13,14.94104500757214,15.07288746371642,14.94104500757214,0.9912530060042144
50.0,1.0,0.0,none,5000.0,3.0,pos_plane,0.0016312523746874433,1.3135115054110094e-12,14.94104500757214,15.503770000152771,14.94104500757214,0.9637039898956778
50.0,1.0,0.0,none,5000.0,3.0,vel_range,0.0016312523746874433,8.000693437077244,0.01656227300382531,0.028621351484954868,0.021086521945802413,0.736740959171225
50.0,1.0,0.0,none,5000.0,3.0,vel_inplane,0.0016312523746874433,16.61805239945937,0.01656227300382531,0.029604251126239586,0.03176736413551844,1.0730676482933086
50.0,1.0,0.0,none,5000.0,3.0,vel_plane,0.0016312523746874433,132.66090761815633,0.01656227300382531,0.22167275483922877,0.21703628573561468,0.9790841724912168
50.0,1.0,0.0,none,50000.0,1.0,pos_range,0.007417440886180471,58439.38176845857,22.864117964134735,433.4706596924741,434.07324347914675,1.0013901374249878
50.0,1.0,0.0,none,50000.0,1.0,pos_inplane,0.007417440886180471,1.4882888904624174e-12,22.864117964134735,28.81635922694802,22.864117964134735,0.7934422868643668
50.0,1.0,0.0,none,50000.0,1.0,pos_plane,0.007417440886180471,1.562483797745246e-13,22.864117964134735,25.19186800221165,22.864117964134735,0.9075991491431856
50.0,1.0,0.0,none,50000.0,1.0,vel_range,0.007417440886180471,41.73550905995705,0.025345065457051345,0.30936834227656124,0.3106064598111493,1.004002082195861
50.0,1.0,0.0,none,50000.0,1.0,vel_inplane,0.007417440886180471,38.33031946461857,0.025345065457051345,0.3169019795434618,0.28544033594012763,0.9007212146523708
50.0,1.0,0.0,none,50000.0,1.0,vel_plane,0.007417440886180471,133.27478860730125,0.025345065457051345,1.0045850967110415,0.9888827165021262,0.984369288116732
50.0,1.0,0.0,none,50000.0,3.0,pos_range,0.0016434526319003767,58439.38176845857,21.228643312056562,96.04235577400411,98.36050731615259,1.0241367626133964
50.0,1.0,0.0,none,50000.0,3.0,pos_inplane,0.0016434526319003767,1.4882888904624174e-12,21.228643312056562,25.58697236176175,21.228643312056562,0.8296660899115028
50.0,1.0,0.0,none,50000.0,3.0,pos_plane,0.0016434526319003767,1.562483797745246e-13,21.228643312056562,21.82401311216494,21.228643312056562,0.972719508687588
50.0,1.0,0.0,none,50000.0,3.0,vel_range,0.0016434526319003767,41.73550905995705,0.02353212816485879,0.06935464675491751,0.07251478972189541,1.0455649781930991
50.0,1.0,0.0,none,50000.0,3.0,vel_inplane,0.0016434526319003767,38.33031946461857,0.02353212816485879,0.07878661967077161,0.0672459159080909,0.8535194959384442
50.0,1.0,0.0,none,50000.0,3.0,vel_plane,0.0016434526319003767,133.27478860730125,0.02353212816485879,0.21324233540209642,0.22029129198788422,1.0330560841612246
50.0,1.0,1.0,nor,5000.0,1.0,pos_range,0.0068166491482219435,30485.09078811905,15.603474930907465,207.8061681543004,208.39115133059946,1.002815042409447
50.0,1.0,1.0,nor,5000.0,1.0,pos_inplane,0.0068166491482219435,4.643940848295505e-13,15.603474930907465,15.76652725047054,15.603474930907465,0.9896583238037908
50.0,1.0,1.0,nor,5000.0,1.0,pos_plane,0.0068166491482219435,1.3135115054110094e-12,15.603474930907465,18.923830845377065,15.603474930907465,0.8245410275752525
50.0,1.0,1.0,nor,5000.0,1.0,vel_range,0.0068166491482219435,8.000693437077244,0.017296582098712748,0.07434948026486966,0.05721500224122001,0.769541388014978
50.0,1.0,1.0,nor,5000.0,1.0,vel_inplane,0.0068166491482219435,16.61805239945937,0.017296582098712748,0.10298134259983885,0.11459232798406567,1.112748436669197
50.0,1.0,1.0,nor,5000.0,1.0,vel_plane,0.0068166491482219435,132.66090761815633,0.017296582098712748,0.9574454140351625,0.9044682634749354,0.944668228826796
50.0,1.0,1.0,nor,5000.0,3.0,pos_range,0.0016329973448634086,30485.09078811905,14.939977030264382,49.78207231491838,51.975548459180196,1.0440615675937719
50.0,1.0,1.0,nor,5000.0,3.0,pos_inplane,0.0016329973448634086,4.643940848295505e-13,14.939977030264382,15.072675255999826,14.939977030264382,0.9911961066312616
50.0,1.0,1.0,nor,5000.0,3.0,pos_plane,0.0016329973448634086,1.3135115054110094e-12,14.939977030264382,15.475802398352133,14.939977030264382,0.9653765695441545
50.0,1.0,1.0,nor,5000.0,3.0,vel_range,0.0016329973448634086,8.000693437077244,0.0165610891420724,0.028486223161117187,0.021094236242806715,0.7405065994006427
50.0,1.0,1.0,nor,5000.0,3.0,vel_inplane,0.0016329973448634086,16.61805239945937,0.0165610891420724,0.02962963507090128,0.03179149605123114,1.0729627946870322
50.0,1.0,1.0,nor,5000.0,3.0,vel_plane,0.0016329973448634086,132.66090761815633,0.0165610891420724,0.22105372249480326,0.2172670105291044,0.9828697208852121
50.0,1.0,1.0,nor,50000.0,1.0,pos_range,0.0069953061412498995,58439.38176845857,22.87103185269788,408.80136617574556,409.4406441539032,1.0015637863056523
50.0,1.0,1.0,nor,50000.0,1.0,pos_inplane,0.0069953061412498995,1.4882888904624174e-12,22.87103185269788,28.59678169053175,22.87103185269788,0.7997764259000643
50.0,1.0,1.0,nor,50000.0,1.0,pos_plane,0.0069953061412498995,1.562483797745246e-13,22.87103185269788,25.981112959682072,22.87103185269788,0.8802945388902135
50.0,1.0,1.0,nor,50000.0,1.0,vel_range,0.0069953061412498995,41.73550905995705,0.025352729560187554,0.2916639759692107,0.2930513917946463,1.0047568981422035
50.0,1.0,1.0,nor,50000.0,1.0,vel_inplane,0.0069953061412498995,38.33031946461857,0.025352729560187554,0.29923226783989454,0.2693282411245729,0.900064164432554
50.0,1.0,1.0,nor,50000.0,1.0,vel_plane,0.0069953061412498995,133.27478860730125,0.025352729560187554,0.9511174773201476,0.9326426021171575,0.9805756116951562
50.0,1.0,1.0,nor,50000.0,3.0,pos_range,0.001640761445535499,58439.38176845857,21.226895783473395,95.88508450661695,98.20657073456702,1.024211129811226
50.0,1.0,1.0,nor,50000.0,3.0,pos_inplane,0.001640761445535499,1.4882888904624174e-12,21.226895783473395,25.584934387978937,21.226895783473395,0.8296638741214376
50.0,1.0,1.0,nor,50000.0,3.0,pos_plane,0.001640761445535499,1.562483797745246e-13,21.226895783473395,21.792471988536025,21.226895783473395,0.9740471753108068
50.0,1.0,1.0,nor,50000.0,3.0,vel_range,0.001640761445535499,41.73550905995705,0.02353019101484942,0.06910947893232088,0.07240792991515617,1.047727909887231
50.0,1.0,1.0,nor,50000.0,3.0,vel_inplane,0.001640761445535499,38.33031946461857,0.02353019101484942,0.07853049598336742,0.06714861500202622,0.8550641908112759
50.0,1.0,1.0,nor,50000.0,3.0,vel_plane,0.001640761445535499,133.27478860730125,0.02353019101484942,0.21235193735880473,0.21993447303916006,1.035707400528884
50.0,1.0,1.0,pro,5000.0,1.0,pos_range,0.0077149293095476155,30485.09078811905,15.661800474345732,235.19032042547974,235.71121911342706,1.0022147964550794
50.0,1.0,1.0,pro,5000.0,1.0,pos_inplane,0.0077149293095476155,4.643940848295505e-13,15.661800474345732,15.84756298616626,15.661800474345732,0.9882781654199649
50.0,1.0,1.0,pro,5000.0,1.0,pos_plane,0.0077149293095476155,1.3135115054110094e-12,15.661800474345732,17.898728456253153,15.661800474345732,0.8750230784619831
50.0,1.0,1.0,pro,5000.0,1.0,vel_range,0.0077149293095476155,8.000693437077244,0.017361236450067118,0.07032763715284349,0.06411989961990652,0.9117311801696728
50.0,1.0,1.0,pro,5000.0,1.0,vel_inplane,0.0077149293095476155,16.61805239945937,0.017361236450067118,0.11547090902363973,0.12937725031658376,1.1204315564026353
50.0,1.0,1.0,pro,5000.0,1.0,vel_plane,0.0077149293095476155,132.66090761815633,0.017361236450067118,1.0488851025574162,1.0236167641926952,0.9759093362055471
50.0,1.0,1.0,pro,5000.0,3.0,pos_range,0.001661728558860403,30485.09078811905,14.985642180214535,50.65794598206963,52.82799411936543,1.0428372705451556
50.0,1.0,1.0,pro,5000.0,3.0,pos_inplane,0.001661728558860403,4.643940848295505e-13,14.985642180214535,15.063285043591637,14.985642180214535,0.9948455557235748
50.0,1.0,1.0,pro,5000.0,3.0,pos_plane,0.001661728558860403,1.3135115054110094e-12,14.985642180214535,15.499201990432205,14.985642180214535,0.9668654031004503
50.0,1.0,1.0,pro,5000.0,3.0,vel_range,0.001661728558860403,8.000693437077244,0.016611709341653607,0.02810470600343634,0.021276874795450623,0.7570573694259287
50.0,1.0,1.0,pro,5000.0,3.0,vel_inplane,0.001661728558860403,16.61805239945937,0.016611709341653607,0.03041761996343724,0.03222607819968646,1.0594542978189296
50.0,1.0,1.0,pro,5000.0,3.0,vel_plane,0.001661728558860403,132.66090761815633,0.016611709341653607,0.2206479841527989,0.2210714193733249,1.001919053202103
50.0,1.0,1.0,pro,50000.0,1.0,pos_range,0.007691745975783047,58439.38176845857,22.98216537885383,449.5008795447903,450.08801432280006,1.00130619272337
50.0,1.0,1.0,pro,50000.0,1.0,pos_inplane,0.007691745975783047,1.4882888904624174e-12,22.98216537885383,28.315787797470122,22.98216537885383,0.8116378588240153
50.0,1.0,1.0,pro,50000.0,1.0,pos_plane,0.007691745975783047,1.562483797745246e-13,22.98216537885383,25.036914318690524,22.98216537885383,0.9179312229261899
50.0,1.0,1.0,pro,50000.0,1.0,vel_range,0.007691745975783047,41.73550905995705,0.02547592200081937,0.31192076981467876,0.32202822624403193,1.0324039224299117
50.0,1.0,1.0,pro,50000.0,1.0,vel_inplane,0.007691745975783047,38.33031946461857,0.02547592200081937,0.31812311901408374,0.29592571701948855,0.9302238640706509
50.0,1.0,1.0,pro,50000.0,1.0,vel_plane,0.007691745975783047,133.27478860730125,0.02547592200081937,1.0277673273317194,1.025432330702562,0.997728088287045
50.0,1.0,1.0,pro,50000.0,3.0,pos_range,0.00165128982239942,58439.38176845857,21.326328327819283,96.50035634156984,98.82879668394182,1.0241288263654726
50.0,1.0,1.0,pro,50000.0,3.0,pos_inplane,0.00165128982239942,1.4882888904624174e-12,21.326328327819283,25.580323321440314,21.326328327819283,0.8337004993969127
50.0,1.0,1.0,pro,50000.0,3.0,pos_plane,0.00165128982239942,1.562483797745246e-13,21.326328327819283,21.89917597357442,21.326328327819283,0.9738415889964815
50.0,1.0,1.0,pro,50000.0,3.0,vel_range,0.00165128982239942,41.73550905995705,0.02364041281955498,0.0695310400699829,0.07285931706307712,1.047867499029848
50.0,1.0,1.0,pro,50000.0,3.0,vel_inplane,0.00165128982239942,38.33031946461857,0.02364041281955498,0.07791472322312035,0.06756521736684373,0.8671688041984148
50.0,1.0,1.0,pro,50000.0,3.0,vel_plane,0.00165128982239942,133.27478860730125,0.02364041281955498,0.21320324711044733,0.2213413826489,1.0381707860867466
