scenario,arm,t_min,pos_err,vel_err,nees
N0_10km_coplanar,RB3-EKF,0.0,5.766401162752337,3.8398644122563823,0.10673200531361271
N0_10km_coplanar,RB3-EKF,5.0,31.2479901052053,0.16519795989968894,0.43224848988564707
N0_10km_coplanar,RB3-EKF,10.0,44.98345464633472,0.0770090188569631,0.7905645269659739
N0_10km_coplanar,RB3-EKF,15.0,27.82791958320917,0.02834204058934452,0.6068980528213667
N0_10km_coplanar,RB3-EKF,20.0,14.614562871086145,0.012065338576748156,0.4517105576184391
N0_10km_coplanar,RB3-EKF,25.0,12.606664945078931,0.009006010531699032,0.31034370269329525
N0_10km_coplanar,RB3-EKF,30.0,14.019043657409773,0.022874482654832107,0.34970986023346695
N0_10km_coplanar,RB3-EKF,35.0,15.178228799681182,0.02610025750433293,0.7103164956295308
N0_10km_coplanar,RB3-EKF,40.0,10.92579025219523,0.01709072863649219,0.3434348407809249
N0_10km_coplanar,RB3-EKF,45.0,5.928094536745736,0.00864504080383631,0.19420360332533537
N0_10km_coplanar,RB3-EKF,50.0,9.98819536498089,0.01383172063727256,0.4387218935624928
N0_10km_coplanar,RB3-EKF,55.0,9.902898627820646,0.01270826901262966,0.34273385401557493
N0_10km_coplanar,RB3-EKF,60.0,11.80012880991884,0.013842604866784501,0.37735848886187906
N0_10km_coplanar,RB3-EKF,65.0,18.35582297278282,0.02069099682267474,0.7079583375947043
N0_10km_coplanar,RB3-EKF,70.0,28.672976426687175,0.03038134122238425,1.2899259836950654
N0_10km_coplanar,RB3-EKF,75.0,22.307130808408115,0.022491429085662987,0.846396232882176
N0_10km_coplanar,RB3-EKF,80.0,25.1506863511912,0.02456180470330611,0.9310679985794551
N0_10km_coplanar,RB3-EKF,85.0,16.304893553517733,0.015382120924157087,0.43845550571162595
N0_10km_coplanar,RB3-EKF,90.0,8.022600484928937,0.007305590548341948,0.19853025965051332
N0_10km_coplanar,RB3-EKF,95.0,7.023828434342805,0.006647712806014303,0.27923251962003554
N0_10km_coplanar,RB3-EKF,100.0,4.401239812133123,0.004695918229365634,0.34417189712185214
N0_10km_coplanar,RB3-EKF,105.0,2.0909271062817125,0.003113621177274179,0.37291463961218446
N0_10km_coplanar,RB3-EKF,110.0,4.9633383686442825,0.004701851796484009,0.42384269201596275
N0_10km_coplanar,RB3-EKF,115.0,5.24837904000212,0.004542442162210447,0.44793531738196574
N0_10km_coplanar,RB3-EKF,120.0,2.0525719984588133,0.0025191275481829234,0.3943813485205214
N0_10km_coplanar,RB3-EKF,125.0,5.787069647063574,0.004379456166900295,0.4721695647035744
N0_10km_coplanar,RB3-EKF,130.0,3.281322609078316,0.002565181259842089,0.40322280871737587
N0_10km_coplanar,RB3-EKF,135.0,3.372349727997109,0.004461906980418767,0.4314480785207511
N0_10km_coplanar,RB3-EKF,140.0,5.592731539457956,0.0063609980350698226,0.3727405784786693
N0_10km_coplanar,RB3-EKF,145.0,2.906761483917426,0.0017983950218868699,0.33198801870878736
N0_10km_coplanar,RB3-EKF,150.0,2.546433604415975,0.0020659894343968287,0.31351755767384554
N0_10km_coplanar,RB3-EKF,155.0,4.40611905766877,0.004090902666698678,0.3781011474365313
N0_10km_coplanar,RB3-EKF,160.0,8.534037596646343,0.008318481108325806,0.49987454838966466
N0_10km_coplanar,RB3-EKF,165.0,7.911718622279126,0.007420079321692682,0.4498040832244688
N0_10km_coplanar,RB3-EKF,170.0,13.916132652171367,0.013189736263405428,0.7624436696205533
N0_10km_coplanar,RB3-EKF,175.0,7.391629432619797,0.0066262631730390886,0.4339759014437496
N0_10km_coplanar,RB3-EKF,180.0,10.569134521546914,0.009872478662775911,0.5891542470625519
N0_10km_coplanar,RB3-EKF,185.0,9.040231181163307,0.008678783133466867,0.5186139429153674
N0_10km_coplanar,RB3-EKF,190.0,3.8079030920346866,0.003731002327936799,0.4070040260994027
N0_10km_coplanar,RB3-EKF,195.0,3.614789784416625,0.003972900764006843,0.45399809279137554
N0_10km_coplanar,RB3-EKF,200.0,2.5628229523819646,0.0021332685172383275,0.44770490818599257
N0_10km_coplanar,RB3-EKF,205.0,2.219221553653754,0.002059202385611981,0.46616084749532644
N0_10km_coplanar,RB3-EKF,210.0,6.66986362634025,0.005007771441821812,0.5892511228152935
N0_10km_coplanar,RB3-EKF,215.0,6.4832326453379965,0.004804329326404957,0.584915446280226
N0_10km_coplanar,RB3-EKF,220.0,7.199443632607349,0.005582183344189559,0.648358142426715
N0_10km_coplanar,RB3-EKF,225.0,3.485287595900357,0.0027758975414898346,0.5112170175587879
N0_10km_coplanar,RB3-EKF,230.0,3.996473926716678,0.0033650149179755206,0.5025465490636997
N0_10km_coplanar,RB3-EKF,235.0,3.523231892703735,0.003235404468202844,0.520259340540156
N0_10km_coplanar,RB3-EKF,240.0,3.190136648734481,0.0031821244591810614,0.5367644211477649
N0_10km_coplanar,RB3-EKF,245.0,2.8558303469308743,0.003557262873756773,0.5046186782792114
N0_10km_coplanar,RB3-EKF,250.0,4.8360445116652295,0.006345986145899652,0.6454667600743879
N0_10km_coplanar,RB3-EKF,255.0,3.0447223674622625,0.0052712641376202445,0.6064947408147189
N0_10km_coplanar,RB3-EKF,260.0,0.7796760711940599,0.003625295691585501,0.5756590463360981
N0_10km_coplanar,RB3-EKF,265.0,3.558592245565513,0.006223480133190395,0.615481408244827
N0_10km_coplanar,RB3-EKF,270.0,4.950779870818079,0.007239845052583369,0.6596554351814663
N0_10km_coplanar,RB3-EKF,275.0,6.392740579180335,0.0082505614114682,0.660155926435838
N0_10km_coplanar,BO3-EKF,0.0,9935.576453184267,11.40226685899942,0.027663994906496233
N0_10km_coplanar,BO3-EKF,5.0,10412.33030299003,14.667262088346828,125666.83740463275
N0_10km_coplanar,BO3-EKF,10.0,11195.852613813244,12.505519120053531,16177447.587183334
N0_10km_coplanar,BO3-EKF,15.0,12016.428238161634,13.58698496475463,16254745.288292011
N0_10km_coplanar,BO3-EKF,20.0,12990.962808074144,14.617463477358356,16227006.04728643
N0_10km_coplanar,BO3-EKF,25.0,13920.309996740069,15.640969431137158,16155696.070506586
N0_10km_coplanar,BO3-EKF,30.0,14833.410968108186,16.667354980583717,16025159.6824665
N0_10km_coplanar,BO3-EKF,35.0,15743.287539984662,17.69812642659476,15817400.526156038
N0_10km_coplanar,BO3-EKF,40.0,16653.776952809032,18.734363418550153,15518248.846629018
N0_10km_coplanar,BO3-EKF,45.0,17568.241303888284,19.776400826648878,15122959.347187398
N0_10km_coplanar,BO3-EKF,50.0,18486.639533235917,20.8235289964739,14639729.31104888
N0_10km_coplanar,BO3-EKF,55.0,19408.144002241555,21.876765948535514,14087136.433788752
N0_10km_coplanar,BO3-EKF,60.0,20332.69845394318,22.935193052840134,13493357.2308509
N0_10km_coplanar,BO3-EKF,65.0,21259.03357493065,23.997112756330097,12890700.709983638
N0_10km_coplanar,BO3-EKF,70.0,22186.70431814884,25.062099849289005,12309311.395267265
N0_10km_coplanar,BO3-EKF,75.0,23114.770571167537,26.127994992442403,11772125.896060035
N0_10km_coplanar,BO3-EKF,80.0,24042.48386370465,27.192878758713988,11292044.46966136
N0_10km_coplanar,BO3-EKF,85.0,24968.60080537199,28.254153507940917,10871137.602202676
N0_10km_coplanar,BO3-EKF,90.0,25892.707629158165,29.31032678077837,10501587.93088159
N0_10km_coplanar,BO3-EKF,95.0,26814.079189658743,30.359756034178456,10167230.446339918
N0_10km_coplanar,BO3-EKF,100.0,27732.98928813935,31.402210617967235,9845844.570248475
N0_10km_coplanar,BO3-EKF,105.0,28649.689840090115,32.43786886356527,9512865.347086616
N0_10km_coplanar,BO3-EKF,110.0,29564.998705533526,33.46803953647997,9146889.851299683
N0_10km_coplanar,BO3-EKF,115.0,30480.063838575283,34.49487156979948,8736981.054377552
N0_10km_coplanar,BO3-EKF,120.0,31395.81942326905,35.5206890135559,8290445.175835726
N0_10km_coplanar,BO3-EKF,125.0,32312.99728352154,36.54789618200448,7838194.114941653
N0_10km_coplanar,BO3-EKF,130.0,33232.821333101994,37.57956910218303,7434466.435560745
N0_10km_coplanar,BO3-EKF,135.0,34155.47139079782,38.617363978216844,7147948.741245922
N0_10km_coplanar,BO3-EKF,140.0,35081.946992960555,39.66362817436356,7045770.0942851165
N0_10km_coplanar,BO3-EKF,145.0,36011.292299528024,40.71795050022612,7173234.358920758
N0_10km_coplanar,BO3-EKF,150.0,36943.691470165446,41.78077096764519,7538103.907454156
N0_10km_coplanar,BO3-EKF,155.0,37878.51142551949,42.850935891108065,8105042.786551639
N0_10km_coplanar,BO3-EKF,160.0,38813.9360413431,43.92537890915333,8803831.551916463
N0_10km_coplanar,BO3-EKF,165.0,39749.86887548211,45.002535432222,9548317.438821774
N0_10km_coplanar,BO3-EKF,170.0,40683.75171370061,46.07762161605501,10258270.132723529
N0_10km_coplanar,BO3-EKF,175.0,41615.09296518279,47.14815461204969,10877287.130122364
N0_10km_coplanar,BO3-EKF,180.0,42543.04347385422,48.21128280182821,11382410.611827312
N0_10km_coplanar,BO3-EKF,185.0,43466.270586368155,49.26402498248338,11785084.69472537
N0_10km_coplanar,BO3-EKF,190.0,44385.34459445636,50.30607364475745,12127775.652925754
N0_10km_coplanar,BO3-EKF,195.0,45300.436282171686,51.33737240401857,12479953.594425231
N0_10km_coplanar,BO3-EKF,200.0,46212.371945024264,52.35937227297972,12936344.349786056
N0_10km_coplanar,BO3-EKF,205.0,47122.62194827824,53.374955701366424,13616987.980727548
N0_10km_coplanar,BO3-EKF,210.0,48032.68636786069,54.38761248399599,14664636.05792169
N0_10km_coplanar,BO3-EKF,215.0,48944.22668739479,55.401412924174885,16233741.465508966
N0_10km_coplanar,BO3-EKF,220.0,49858.534699159034,56.42011327823715,18466394.154653903
N0_10km_coplanar,BO3-EKF,225.0,50776.804547900036,57.44725137767474,21457292.146264598
N0_10km_coplanar,BO3-EKF,230.0,51700.069160146544,58.485731645445384,25216046.48443796
N0_10km_coplanar,BO3-EKF,235.0,52628.187191495286,59.53650229695937,29640527.420956504
N0_10km_coplanar,BO3-EKF,240.0,53561.13691369321,60.599923739774745,34516210.08388632
N0_10km_coplanar,BO3-EKF,245.0,54498.25994001308,61.674782672735525,39546317.202602975
N0_10km_coplanar,BO3-EKF,250.0,55437.95269607937,62.75798995294842,44406316.42285509
N0_10km_coplanar,BO3-EKF,255.0,56378.52346708411,63.84569419252326,48806677.11797929
N0_10km_coplanar,BO3-EKF,260.0,57318.48119106625,64.93376183224449,52545461.05434585
N0_10km_coplanar,BO3-EKF,265.0,58255.42683838484,66.01681182698933,55536724.28338859
N0_10km_coplanar,BO3-EKF,270.0,59188.395310280896,67.09117174772742,57813332.74935713
N0_10km_coplanar,BO3-EKF,275.0,60114.92753899615,68.15190968963076,59509250.3071796
N0_10km_coplanar,BO3-MSC-o,0.0,714.574780516622,3.998666465474529,0.13252102474692518
N0_10km_coplanar,BO3-MSC-o,5.0,748.6117597352442,0.8356149960913873,0.2763671516751867
N0_10km_coplanar,BO3-MSC-o,10.0,814.8273527591058,0.9563262012080957,0.4246540721029515
N0_10km_coplanar,BO3-MSC-o,15.0,922.5177479847375,1.0456688339645295,0.3517202460571362
N0_10km_coplanar,BO3-MSC-o,20.0,982.3629701020847,1.1399988902060294,0.7361155022301226
N0_10km_coplanar,BO3-MSC-o,25.0,995.1238683656035,1.1251894383273984,0.19605165801593902
N0_10km_coplanar,BO3-MSC-o,30.0,964.7828878312368,1.0768856803690094,0.1369249486789875
N0_10km_coplanar,BO3-MSC-o,35.0,940.8581545647985,1.044777486779417,0.7422234560415394
N0_10km_coplanar,BO3-MSC-o,40.0,1389.2487011845446,1.5592692737950034,0.4197803092137337
N0_10km_coplanar,BO3-MSC-o,45.0,1934.3161025814022,2.1803208862084267,0.26932771306665854
N0_10km_coplanar,BO3-MSC-o,50.0,1550.3099001950534,1.7468817490548545,0.5487337702899883
N0_10km_coplanar,BO3-MSC-o,55.0,2257.11057064351,2.5479234915577824,0.5002179117294207
N0_10km_coplanar,BO3-MSC-o,60.0,2334.6722414488772,2.6378667088228487,0.5457819315347844
N0_10km_coplanar,BO3-MSC-o,65.0,1552.630851719858,1.7538421639931625,0.5826292058569392
N0_10km_coplanar,BO3-MSC-o,70.0,3037.237006533657,3.4313706665722927,0.8968723158139446
N0_10km_coplanar,BO3-MSC-o,75.0,3603.022533802942,4.070643299364878,1.199627262104709
N0_10km_coplanar,BO3-MSC-o,80.0,1736.965760789537,1.9599707170984635,0.6582689969618959
N0_10km_coplanar,BO3-MSC-o,85.0,1363.0585547236208,1.5366917804980456,0.5824311359614399
N0_10km_coplanar,BO3-MSC-o,90.0,242.10159133416582,0.2801115014774862,0.5791456321818803
N0_10km_coplanar,BO3-MSC-o,95.0,618.299320670779,0.7059220574454156,0.6836290260334491
N0_10km_coplanar,BO3-MSC-o,100.0,2177.0473946311386,2.4707883013075125,0.9355508683253735
N0_10km_coplanar,BO3-MSC-o,105.0,2598.5666000079323,2.9469158672601674,1.0885059863894286
N0_10km_coplanar,BO3-MSC-o,110.0,2476.462815479556,2.806375491053174,1.1098004184165038
N0_10km_coplanar,BO3-MSC-o,115.0,2754.1720229090265,3.118253369430713,1.4799003173600818
N0_10km_coplanar,BO3-MSC-o,120.0,2375.2620139546375,2.686045323907698,1.5922923129449684
N0_10km_coplanar,BO3-MSC-o,125.0,28.399408051844198,0.026423461841144927,0.9748633794713893
N0_10km_coplanar,BO3-MSC-o,130.0,944.9463877892885,1.0629974507293598,1.100346244432589
N0_10km_coplanar,BO3-MSC-o,135.0,545.682401111827,0.6110279955287652,1.0679602091727831
N0_10km_coplanar,BO3-MSC-o,140.0,2489.424084163293,2.809811631662953,2.330111952491817
N0_10km_coplanar,BO3-MSC-o,145.0,2276.034080672267,2.569257578506129,2.437462215510941
N0_10km_coplanar,BO3-MSC-o,150.0,2402.723348634952,2.714272241920053,2.899294764108849
N0_10km_coplanar,BO3-MSC-o,155.0,2728.8888610024787,3.085617100775897,3.996051199021372
N0_10km_coplanar,BO3-MSC-o,160.0,2139.779335793101,2.4218267292741085,2.952316174264931
N0_10km_coplanar,BO3-MSC-o,165.0,2441.519912565363,2.7663550844900384,3.576820131284561
N0_10km_coplanar,BO3-MSC-o,170.0,1877.3770218881498,2.1302773961450017,2.6208590880067226
N0_10km_coplanar,BO3-MSC-o,175.0,1624.770431873129,1.8463431634926744,2.3036375507260094
N0_10km_coplanar,BO3-MSC-o,180.0,1812.4813103900592,2.0603648543060613,2.4036297438008476
N0_10km_coplanar,BO3-MSC-o,185.0,1462.6067214975694,1.6642658079016046,1.9302924421231917
N0_10km_coplanar,BO3-MSC-o,190.0,1708.9447901353326,1.9430922524676828,2.1484241382218126
N0_10km_coplanar,BO3-MSC-o,195.0,1988.136960426629,2.258203776904071,2.5062845443178565
N0_10km_coplanar,BO3-MSC-o,200.0,2005.2468348928267,2.2753911408643996,2.554931609801474
N0_10km_coplanar,BO3-MSC-o,205.0,2185.3883783344836,2.476851355762335,2.9859407874551973
N0_10km_coplanar,BO3-MSC-o,210.0,2242.3207181094663,2.5383459723028587,3.3054768350336325
N0_10km_coplanar,BO3-MSC-o,215.0,2913.691864709196,3.295729124665105,5.726691564102057
N0_10km_coplanar,BO3-MSC-o,220.0,2702.739620987912,3.054096732010759,5.79239808753643
N0_10km_coplanar,BO3-MSC-o,225.0,2571.9678535419634,2.9042394571726926,6.027862497034128
N0_10km_coplanar,BO3-MSC-o,230.0,3194.9304177008257,3.608485913258593,10.111046191776579
N0_10km_coplanar,BO3-MSC-o,235.0,3127.5412215643905,3.532357517083539,11.191352012020145
N0_10km_coplanar,BO3-MSC-o,240.0,3102.4782006911855,3.5053584200151384,12.269702221020337
N0_10km_coplanar,BO3-MSC-o,245.0,3389.100766599941,3.8322104744531633,15.834975877740154
N0_10km_coplanar,BO3-MSC-o,250.0,3383.8160018363824,3.8293430900977414,17.005701146564775
N0_10km_coplanar,BO3-MSC-o,255.0,3352.86891658386,3.797855909110203,17.41836165939735
N0_10km_coplanar,BO3-MSC-o,260.0,3630.1819542443477,4.115557741722118,21.009145157447907
N0_10km_coplanar,BO3-MSC-o,265.0,3715.6151690837582,4.215568566346954,22.279900384522634
N0_10km_coplanar,BO3-MSC-o,270.0,4329.944498990216,4.914318256627485,31.7586657979456
N0_10km_coplanar,BO3-MSC-o,275.0,4090.3770683875337,4.6441081283853745,27.44339647374544
N0_10km_coplanar,BO3-BLS-MSC,114.0,6496.314766820236,7.350599302284588,4.607131184674883
N0_10km_coplanar,BO3-BLS-MSC,119.0,3964.9733980809137,4.4814471062346115,1.4566003659478877
N0_10km_coplanar,BO3-BLS-MSC,124.0,148.04071311185248,0.1603479609091724,0.5167095361845576
N0_10km_coplanar,BO3-BLS-MSC,129.0,176.72661109453915,0.1930537519902398,0.5519719776902186
N0_10km_coplanar,BO3-BLS-MSC,134.0,791.0141698120256,0.8884158952646457,0.5411538500622001
N0_10km_coplanar,BO3-BLS-MSC,139.0,2823.1062018044145,3.1880015425714188,1.1326206410464064
N0_10km_coplanar,BO3-BLS-MSC,144.0,3339.1325319497964,3.7733556849260688,1.847382756675005
N0_10km_coplanar,BO3-BLS-MSC,149.0,3345.90948567105,3.7835484445067498,2.1114261757875643
N0_10km_coplanar,BO3-BLS-MSC,154.0,4025.479596514581,4.556038095166587,3.64501260640967
N0_10km_coplanar,BO3-BLS-MSC,159.0,2564.2404435622043,2.90373220337787,1.7630854729734866
N0_10km_coplanar,BO3-BLS-MSC,164.0,2876.802069607384,3.2609583690609862,2.085353762326491
N0_10km_coplanar,BO3-BLS-MSC,169.0,1518.1994990009166,1.7231808752564741,1.185470966070559
N0_10km_coplanar,BO3-BLS-MSC,174.0,629.5839499215815,0.7176862501393659,0.9753833076098419
N0_10km_coplanar,BO3-BLS-MSC,179.0,1646.3391425828786,1.8720699670004763,1.2483693616366465
N0_10km_coplanar,BO3-BLS-MSC,184.0,1023.7381817061826,1.1666270141185575,1.0102713615871115
N0_10km_coplanar,BO3-BLS-MSC,189.0,721.6038806468613,0.8240116040164714,0.924911462606817
N0_10km_coplanar,BO3-BLS-MSC,194.0,1983.8781464406118,2.2539116501522165,1.4766487894775195
N0_10km_coplanar,BO3-BLS-MSC,199.0,1762.8805591286482,2.0012306982207853,1.3617205720782233
N0_10km_coplanar,BO3-BLS-MSC,204.0,1823.284721563319,2.0670530146964876,1.4605377554909953
N0_10km_coplanar,BO3-BLS-MSC,209.0,1999.8432221164192,2.263999201270556,1.64417663255956
N0_10km_coplanar,BO3-BLS-MSC,214.0,3045.9290945054686,3.445139124435126,2.9835331301533365
N0_10km_coplanar,BO3-BLS-MSC,219.0,2868.3484907497573,3.2410053600172546,3.0278965160260545
N0_10km_coplanar,BO3-BLS-MSC,224.0,2640.0564762690824,2.9806045246171777,2.9777384831296225
N0_10km_coplanar,BO3-BLS-MSC,229.0,2928.9407311708974,3.306629825514622,3.768721351381449
N0_10km_coplanar,BO3-BLS-MSC,234.0,3376.047732931672,3.8128241686340782,5.304782672349483
N0_10km_coplanar,BO3-BLS-MSC,239.0,3084.240184199876,3.483796140963978,5.074882123978168
N0_10km_coplanar,BO3-BLS-MSC,244.0,3457.1564130948695,3.908720676576158,6.534967520125103
N0_10km_coplanar,BO3-BLS-MSC,249.0,3398.1425529309213,3.8450805041624077,6.985778313004143
N0_10km_coplanar,BO3-BLS-MSC,254.0,3304.776945543683,3.7430171190803705,6.963678826255804
N0_10km_coplanar,BO3-BLS-MSC,259.0,3930.0409026608845,4.455631904055383,9.696407892254916
N0_10km_coplanar,BO3-BLS-MSC,264.0,3870.8449148723303,4.391887221862928,9.635494128546826
N0_10km_coplanar,BO3-BLS-MSC,269.0,4768.212938504352,5.412053463771697,15.088730755545443
N0_10km_coplanar,BO3-BLS-MSC,274.0,4161.766703383802,4.7254151678380225,11.29430243672813
N0_10km_coplanar,BO3-BLS-FULL,114.0,6496.314766820236,7.350599302284588,4.607131184674883
N0_10km_coplanar,BO3-BLS-FULL,119.0,3964.9733980809137,4.4814471062346115,1.4566003659478877
N0_10km_coplanar,BO3-BLS-FULL,124.0,148.04071311185248,0.1603479609091724,0.5167095361845576
N0_10km_coplanar,BO3-BLS-FULL,129.0,176.72661109453915,0.1930537519902398,0.5519719776902186
N0_10km_coplanar,BO3-BLS-FULL,134.0,791.0141698120256,0.8884158952646457,0.5411538500622001
N0_10km_coplanar,BO3-BLS-FULL,139.0,2823.1062018044145,3.1880015425714188,1.1326206410464064
N0_10km_coplanar,BO3-BLS-FULL,144.0,3339.1325319497964,3.7733556849260688,1.847382756675005
N0_10km_coplanar,BO3-BLS-FULL,149.0,3345.90948567105,3.7835484445067498,2.1114261757875643
N0_10km_coplanar,BO3-BLS-FULL,154.0,4025.479596514581,4.556038095166587,3.64501260640967
N0_10km_coplanar,BO3-BLS-FULL,159.0,2564.2404435622043,2.90373220337787,1.7630854729734866
N0_10km_coplanar,BO3-BLS-FULL,164.0,2876.802069607384,3.2609583690609862,2.085353762326491
N0_10km_coplanar,BO3-BLS-FULL,169.0,1518.1994990009166,1.7231808752564741,1.185470966070559
N0_10km_coplanar,BO3-BLS-FULL,174.0,629.5839499215815,0.7176862501393659,0.9753833076098419
N0_10km_coplanar,BO3-BLS-FULL,179.0,1646.3391425828786,1.8720699670004763,1.2483693616366465
N0_10km_coplanar,BO3-BLS-FULL,184.0,1023.7381817061826,1.1666270141185575,1.0102713615871115
N0_10km_coplanar,BO3-BLS-FULL,189.0,721.6038806468613,0.8240116040164714,0.924911462606817
N0_10km_coplanar,BO3-BLS-FULL,194.0,1983.8781464406118,2.2539116501522165,1.4766487894775195
N0_10km_coplanar,BO3-BLS-FULL,199.0,1762.8805591286482,2.0012306982207853,1.3617205720782233
N0_10km_coplanar,BO3-BLS-FULL,204.0,1823.284721563319,2.0670530146964876,1.4605377554909953
N0_10km_coplanar,BO3-BLS-FULL,209.0,1999.8432221164192,2.263999201270556,1.64417663255956
N0_10km_coplanar,BO3-BLS-FULL,214.0,3045.9290945054686,3.445139124435126,2.9835331301533365
N0_10km_coplanar,BO3-BLS-FULL,219.0,2868.3484907497573,3.2410053600172546,3.0278965160260545
N0_10km_coplanar,BO3-BLS-FULL,224.0,2640.0564762690824,2.9806045246171777,2.9777384831296225
N0_10km_coplanar,BO3-BLS-FULL,229.0,2928.9407311708974,3.306629825514622,3.768721351381449
N0_10km_coplanar,BO3-BLS-FULL,234.0,3376.047732931672,3.8128241686340782,5.304782672349483
N0_10km_coplanar,BO3-BLS-FULL,239.0,3084.240184199876,3.483796140963978,5.074882123978168
N0_10km_coplanar,BO3-BLS-FULL,244.0,3457.1564130948695,3.908720676576158,6.534967520125103
N0_10km_coplanar,BO3-BLS-FULL,249.0,3398.1425529309213,3.8450805041624077,6.985778313004143
N0_10km_coplanar,BO3-BLS-FULL,254.0,3304.776945543683,3.7430171190803705,6.963678826255804
N0_10km_coplanar,BO3-BLS-FULL,259.0,3930.0409026608845,4.455631904055383,9.696407892254916
N0_10km_coplanar,BO3-BLS-FULL,264.0,3870.8449148723303,4.391887221862928,9.635494128546826
N0_10km_coplanar,BO3-BLS-FULL,269.0,4768.212938504352,5.412053463771697,15.088730755545443
N0_10km_coplanar,BO3-BLS-FULL,274.0,4161.766703383802,4.7254151678380225,11.29430243672813
N1_10km_di0p04,RB3-EKF,0.0,5.767965684843253,3.8396604420335385,0.10674410276180839
N1_10km_di0p04,RB3-EKF,5.0,26.23778489420773,0.1346587778692384,0.41016057685726476
N1_10km_di0p04,RB3-EKF,10.0,46.58563488165883,0.0813043290187924,0.8338663369240801
N1_10km_di0p04,RB3-EKF,15.0,24.226717144304075,0.028375224003624404,0.6108331356247426
N1_10km_di0p04,RB3-EKF,20.0,14.994478914572545,0.011531524166369411,0.5153649798406925
N1_10km_di0p04,RB3-EKF,25.0,14.190512125631104,0.00941291981302079,0.3533648158143778
N1_10km_di0p04,RB3-EKF,30.0,16.148925398117935,0.019800238871604453,0.33167381685907465
N1_10km_di0p04,RB3-EKF,35.0,15.773077356818625,0.022069864735737542,0.6011304845449192
N1_10km_di0p04,RB3-EKF,40.0,10.389997879618287,0.013664980346412519,0.2855438716300907
N1_10km_di0p04,RB3-EKF,45.0,6.4210959018440406,0.006871920982799785,0.23120136353899334
N1_10km_di0p04,RB3-EKF,50.0,10.692924041084613,0.012682775969627521,0.48842230142247073
N1_10km_di0p04,RB3-EKF,55.0,8.777272861507537,0.010300712409741598,0.3550349410868934
N1_10km_di0p04,RB3-EKF,60.0,11.34541529449259,0.012518868913814008,0.44669970691397626
N1_10km_di0p04,RB3-EKF,65.0,16.830095743159937,0.01876366943817674,0.6762318829001847
N1_10km_di0p04,RB3-EKF,70.0,26.53040131135036,0.028242105610302812,1.1989129265653835
N1_10km_di0p04,RB3-EKF,75.0,20.133065642278908,0.020743396440179928,0.7782842165654346
N1_10km_di0p04,RB3-EKF,80.0,21.754161972198194,0.022042782711897503,0.7620882794751282
N1_10km_di0p04,RB3-EKF,85.0,12.262774886423653,0.012445785445789235,0.28338387081926836
N1_10km_di0p04,RB3-EKF,90.0,4.892562477586791,0.00513281486719177,0.11478233527110908
N1_10km_di0p04,RB3-EKF,95.0,6.824898102911673,0.007006141849271671,0.27699228214340693
N1_10km_di0p04,RB3-EKF,100.0,5.5862596750586135,0.006165894548086437,0.3636098760792708
N1_10km_di0p04,RB3-EKF,105.0,2.449739673640695,0.0041479199634421905,0.36339630790692484
N1_10km_di0p04,RB3-EKF,110.0,2.687908873912753,0.004054192526301528,0.3709126868230552
N1_10km_di0p04,RB3-EKF,115.0,2.5156872389644684,0.004007696345351899,0.38194796567851325
N1_10km_di0p04,RB3-EKF,120.0,1.2072849594803403,0.004370001052570777,0.361635132484694
N1_10km_di0p04,RB3-EKF,125.0,3.4937307315330663,0.0037419149776137524,0.3772187134136868
N1_10km_di0p04,RB3-EKF,130.0,2.3905873462536356,0.0031862782853784343,0.3350278651014325
N1_10km_di0p04,RB3-EKF,135.0,5.259243200255575,0.005945321917967089,0.41195799920172665
N1_10km_di0p04,RB3-EKF,140.0,7.379529609867019,0.007627897956808423,0.38238546267859946
N1_10km_di0p04,RB3-EKF,145.0,3.6532937610720646,0.002178884127372022,0.29402800727675055
N1_10km_di0p04,RB3-EKF,150.0,3.092428173977779,0.002375219991456193,0.26743160031855834
N1_10km_di0p04,RB3-EKF,155.0,5.5528053344495225,0.005461455529631464,0.37468255881504864
N1_10km_di0p04,RB3-EKF,160.0,8.915588007385285,0.009271254422556151,0.4848096926579701
N1_10km_di0p04,RB3-EKF,165.0,7.997012344798933,0.008338745555812134,0.44025282448505404
N1_10km_di0p04,RB3-EKF,170.0,13.434660546782371,0.01356732841399459,0.7274565778762471
N1_10km_di0p04,RB3-EKF,175.0,7.220073694284251,0.007260991275305788,0.4121088014811623
N1_10km_di0p04,RB3-EKF,180.0,9.89924042574709,0.009937404628315348,0.5239170359092371
N1_10km_di0p04,RB3-EKF,185.0,8.20518429552066,0.008439295140062022,0.4283581606704267
N1_10km_di0p04,RB3-EKF,190.0,3.632183637292546,0.0036286122279790343,0.3323289121177319
N1_10km_di0p04,RB3-EKF,195.0,3.6780158646765333,0.00419165677801044,0.3686263003383916
N1_10km_di0p04,RB3-EKF,200.0,2.0623665260019624,0.002024294298879564,0.3456922875713619
N1_10km_di0p04,RB3-EKF,205.0,1.468105282336291,0.0026574004669710685,0.3579883984493326
N1_10km_di0p04,RB3-EKF,210.0,4.901912607090474,0.003955648430103608,0.4242536174933554
N1_10km_di0p04,RB3-EKF,215.0,4.479958535104301,0.003741850778812594,0.4054039141409796
N1_10km_di0p04,RB3-EKF,220.0,5.080803564520596,0.00430479403349088,0.4505239978304547
N1_10km_di0p04,RB3-EKF,225.0,2.3956740284774787,0.0025715228442904623,0.35776532132195465
N1_10km_di0p04,RB3-EKF,230.0,2.760929384152858,0.0025122236553844924,0.3333672197668005
N1_10km_di0p04,RB3-EKF,235.0,2.6418276146801767,0.0022536493902997486,0.3461270007262929
N1_10km_di0p04,RB3-EKF,240.0,2.4986287650437675,0.002120868103457431,0.35995430460544947
N1_10km_di0p04,RB3-EKF,245.0,2.0784108569227513,0.002811164899346003,0.3276790199679032
N1_10km_di0p04,RB3-EKF,250.0,4.124723951737024,0.005657166623463748,0.45004069230897015
N1_10km_di0p04,RB3-EKF,255.0,2.959687363025802,0.005034868136584143,0.41335866557256534
N1_10km_di0p04,RB3-EKF,260.0,1.2689296215877923,0.003747251163534434,0.3866528407742258
N1_10km_di0p04,RB3-EKF,265.0,4.449592596106369,0.006414403813500896,0.44110794668451253
N1_10km_di0p04,RB3-EKF,270.0,5.781706612438552,0.0073096764235758335,0.4939172179334352
N1_10km_di0p04,RB3-EKF,275.0,7.274068029362491,0.008365446566841104,0.501099229354557
N1_10km_di0p04,BO3-EKF,0.0,9933.21932950063,10.13082453697522,0.027602599226745624
N1_10km_di0p04,BO3-EKF,5.0,14486.50508144751,15.033531893097182,3.409835010361606
N1_10km_di0p04,BO3-EKF,10.0,15667.103742919948,17.083258655125913,4.292022125532589
N1_10km_di0p04,BO3-EKF,15.0,17175.774379457103,19.914484533818094,7.019975763656749
N1_10km_di0p04,BO3-EKF,20.0,18116.925389982214,21.45703417482646,15.4181285757402
N1_10km_di0p04,BO3-EKF,25.0,19071.65497175195,22.57170887666424,40.05357657112393
N1_10km_di0p04,BO3-EKF,30.0,17308.360412575817,20.0213310407019,91.9262960134417
N1_10km_di0p04,BO3-EKF,35.0,14419.686016606847,16.19696649354587,154.20494878266726
N1_10km_di0p04,BO3-EKF,40.0,16784.19349046301,18.425498027335728,238.35436873047922
N1_10km_di0p04,BO3-EKF,45.0,16473.818265276364,17.93546261722185,381.7421432676261
N1_10km_di0p04,BO3-EKF,50.0,16061.081688518861,17.61694332222131,545.7452440132404
N1_10km_di0p04,BO3-EKF,55.0,17364.201761464654,19.372165448922008,753.5885042602278
N1_10km_di0p04,BO3-EKF,60.0,17490.39051280868,19.87343466394079,1015.7367445225959
N1_10km_di0p04,BO3-EKF,65.0,19759.499973775164,22.74386320413816,1340.778965828581
N1_10km_di0p04,BO3-EKF,70.0,20792.489174554194,24.003408847423792,1750.9468566485873
N1_10km_di0p04,BO3-EKF,75.0,21049.363909140513,24.151498222569963,2212.6448446859768
N1_10km_di0p04,BO3-EKF,80.0,20014.003994450246,22.711494732973783,2673.670410770736
N1_10km_di0p04,BO3-EKF,85.0,19238.967553436614,21.606835650206207,3050.6022063355726
N1_10km_di0p04,BO3-EKF,90.0,17467.684869566456,19.507786034612057,3365.927656070637
N1_10km_di0p04,BO3-EKF,95.0,16060.271155149625,17.951467395091335,3613.473078716774
N1_10km_di0p04,BO3-EKF,100.0,14955.79805379103,16.819921065939234,3833.129637263882
N1_10km_di0p04,BO3-EKF,105.0,14611.699607851939,16.569881080662167,4040.3386070492093
N1_10km_di0p04,BO3-EKF,110.0,14577.43653198393,16.641306599801684,4280.332570928699
N1_10km_di0p04,BO3-EKF,115.0,14556.686627875235,16.656812931121213,4567.820079832947
N1_10km_di0p04,BO3-EKF,120.0,14729.230427276885,16.813480379424718,4908.094358676809
N1_10km_di0p04,BO3-EKF,125.0,15540.717756822945,17.63927821323129,5353.713624729252
N1_10km_di0p04,BO3-EKF,130.0,15517.765363977418,17.50248767210705,5918.739786833804
N1_10km_di0p04,BO3-EKF,135.0,15884.748309648568,17.843168034950136,6578.964525050948
N1_10km_di0p04,BO3-EKF,140.0,15481.726447870853,17.382664978789855,7317.34571149939
N1_10km_di0p04,BO3-EKF,145.0,15747.443774400528,17.736202930775153,8096.447564825438
N1_10km_di0p04,BO3-EKF,150.0,15820.87854390723,17.908286479528236,8938.662982824304
N1_10km_di0p04,BO3-EKF,155.0,15874.711540208486,18.05355233971676,9786.55603122883
N1_10km_di0p04,BO3-EKF,160.0,16171.775224065686,18.436824476037174,10644.166368080625
N1_10km_di0p04,BO3-EKF,165.0,16189.792857561608,18.447670296111816,11476.110673359706
N1_10km_di0p04,BO3-EKF,170.0,16546.06490743206,18.79750703433856,12260.731335416736
N1_10km_di0p04,BO3-EKF,175.0,16812.618387001276,19.025378313969735,13010.42531296945
N1_10km_di0p04,BO3-EKF,180.0,16871.335601088496,19.033123227541502,13698.050113545018
N1_10km_di0p04,BO3-EKF,185.0,17101.698828472297,19.274290470888186,14357.812904410153
N1_10km_di0p04,BO3-EKF,190.0,17107.35076524616,19.306372412624373,15017.671976121606
N1_10km_di0p04,BO3-EKF,195.0,17053.46074053479,19.30164335278408,15693.436303867733
N1_10km_di0p04,BO3-EKF,200.0,17039.863723677914,19.346202832684135,16435.599851526917
N1_10km_di0p04,BO3-EKF,205.0,16969.510912465917,19.30304131054999,17287.28700986328
N1_10km_di0p04,BO3-EKF,210.0,16926.377975489813,19.253239977806277,18261.520091680864
N1_10km_di0p04,BO3-EKF,215.0,16643.879766136444,18.896848312032745,19368.32280974153
N1_10km_di0p04,BO3-EKF,220.0,16794.618705991405,19.01585105691693,20616.677132789195
N1_10km_di0p04,BO3-EKF,225.0,16868.34095703176,19.052962601319063,22062.74330357603
N1_10km_di0p04,BO3-EKF,230.0,16730.778079408443,18.878051641523708,23650.310848423975
N1_10km_di0p04,BO3-EKF,235.0,16875.95658153151,19.055952741685292,25325.613044891026
N1_10km_di0p04,BO3-EKF,240.0,16986.376582581903,19.220977870464605,27131.57445319658
N1_10km_di0p04,BO3-EKF,245.0,16848.502388007444,19.11338567954014,28964.9276235185
N1_10km_di0p04,BO3-EKF,250.0,16932.774199924534,19.245139246565532,30753.75014343542
N1_10km_di0p04,BO3-EKF,255.0,16905.196599880484,19.223398200512325,32486.11211506755
N1_10km_di0p04,BO3-EKF,260.0,16790.8124376974,19.074182872983904,34076.870776554184
N1_10km_di0p04,BO3-EKF,265.0,16751.689215513426,18.991986168876405,35534.22997039147
N1_10km_di0p04,BO3-EKF,270.0,16536.195408871354,18.70860843550718,36833.889519444165
N1_10km_di0p04,BO3-EKF,275.0,16638.071424402136,18.800447624050324,38033.21521177952
N1_10km_di0p04,BO3-MSC-o,0.0,714.7284755633618,3.980485539172108,0.13253259823882765
N1_10km_di0p04,BO3-MSC-o,5.0,784.2725014933533,0.7768493975928709,0.3062087225103266
N1_10km_di0p04,BO3-MSC-o,10.0,769.5892878543817,0.907490648281165,0.4993576069095682
N1_10km_di0p04,BO3-MSC-o,15.0,756.6907016189123,0.8752095511755942,0.3725244114022324
N1_10km_di0p04,BO3-MSC-o,20.0,942.760285345195,1.1563364326646446,0.8406568053258979
N1_10km_di0p04,BO3-MSC-o,25.0,1212.6276517007466,1.4454729177466772,0.2536845830664772
N1_10km_di0p04,BO3-MSC-o,30.0,2294.478879460629,2.6544935071898577,0.10640758728202582
N1_10km_di0p04,BO3-MSC-o,35.0,3815.9563602070334,4.282645542860186,1.3727370639652368
N1_10km_di0p04,BO3-MSC-o,40.0,2565.0475674910017,2.8153280642994485,0.6593738026873285
N1_10km_di0p04,BO3-MSC-o,45.0,2969.1395294504505,3.237244184026574,1.0907717053540336
N1_10km_di0p04,BO3-MSC-o,50.0,3519.846358768548,3.8644546837698543,3.1224291528237575
N1_10km_di0p04,BO3-MSC-o,55.0,1844.691660768368,2.0611064023173435,1.310679914038404
N1_10km_di0p04,BO3-MSC-o,60.0,2434.309787139548,2.770328324291579,2.3277829531062415
N1_10km_di0p04,BO3-MSC-o,65.0,393.4653594758944,0.4561270929400294,1.2903244125254467
N1_10km_di0p04,BO3-MSC-o,70.0,965.560445116753,1.1090768994888605,1.3870251068965274
N1_10km_di0p04,BO3-MSC-o,75.0,2745.5558513890296,3.1411437829311954,2.394275100422613
N1_10km_di0p04,BO3-MSC-o,80.0,4811.301649288133,5.447806500797476,6.9194241444414315
N1_10km_di0p04,BO3-MSC-o,85.0,7541.864771620046,8.453701036589894,23.832475413914704
N1_10km_di0p04,BO3-MSC-o,90.0,6786.714807493484,7.566671910370025,23.75398525618669
N1_10km_di0p04,BO3-MSC-o,95.0,2907.461156199707,3.2459899658993794,7.318216161299717
N1_10km_di0p04,BO3-MSC-o,100.0,1115.0291218341936,1.252582745524771,5.3033479833019275
N1_10km_di0p04,BO3-MSC-o,105.0,882.859083275452,0.9994803124434056,5.253339804969419
N1_10km_di0p04,BO3-MSC-o,110.0,826.5528597786289,0.941626194564001,5.255526548424531
N1_10km_di0p04,BO3-MSC-o,115.0,164.62833119545266,0.18638454825381992,5.264608095301256
N1_10km_di0p04,BO3-MSC-o,120.0,374.40114765722876,0.4263717559437926,5.286242554507425
N1_10km_di0p04,BO3-MSC-o,125.0,4700.2489174014745,5.339238475708393,18.527128940539225
N1_10km_di0p04,BO3-MSC-o,130.0,2303.1367562802984,2.600397797349874,9.397827875393869
N1_10km_di0p04,BO3-MSC-o,135.0,2087.745554177682,2.3480913314703087,9.504875543876112
N1_10km_di0p04,BO3-MSC-o,140.0,800.3481288742612,0.8963450344605844,8.105332518237079
N1_10km_di0p04,BO3-MSC-o,145.0,542.7489811051224,0.6089148589467144,7.928010544991312
N1_10km_di0p04,BO3-MSC-o,150.0,552.6144723627754,0.6236720121652151,7.976248332313491
N1_10km_di0p04,BO3-MSC-o,155.0,956.2318488827765,1.0860454681194596,9.118849246317525
N1_10km_di0p04,BO3-MSC-o,160.0,65.25412458943431,0.0744451161155772,7.714771860814179
N1_10km_di0p04,BO3-MSC-o,165.0,431.803424097816,0.49211680072551245,8.05121877685534
N1_10km_di0p04,BO3-MSC-o,170.0,365.1419852060501,0.4138811726303833,7.684152669621981
N1_10km_di0p04,BO3-MSC-o,175.0,661.387110037265,0.7470798235459012,7.958817445686669
N1_10km_di0p04,BO3-MSC-o,180.0,533.1913098973708,0.600424468982006,7.731538725648704
N1_10km_di0p04,BO3-MSC-o,185.0,924.8844594334965,1.0412681933833168,8.191401004326627
N1_10km_di0p04,BO3-MSC-o,190.0,622.7386206204573,0.7014838239400459,7.768947401686486
N1_10km_di0p04,BO3-MSC-o,195.0,303.0094373278878,0.34143407080060556,7.542322519435313
N1_10km_di0p04,BO3-MSC-o,200.0,203.91107069416097,0.2299247586099153,7.487184327705392
N1_10km_di0p04,BO3-MSC-o,205.0,17.626212227751477,0.021642648462777584,7.541530313566167
N1_10km_di0p04,BO3-MSC-o,210.0,223.36581746391903,0.255056752271427,7.662236209094239
N1_10km_di0p04,BO3-MSC-o,215.0,836.0198156228487,0.9493519676168174,8.850571515754647
N1_10km_di0p04,BO3-MSC-o,220.0,773.1798180865324,0.8745629384419991,8.791952919384203
N1_10km_di0p04,BO3-MSC-o,225.0,573.2842112243428,0.6459494086471493,8.32676038965756
N1_10km_di0p04,BO3-MSC-o,230.0,1228.0094835230611,1.3834003539649025,10.633246698528763
N1_10km_di0p04,BO3-MSC-o,235.0,1191.1684110688602,1.3420871218033328,10.820323784675466
N1_10km_di0p04,BO3-MSC-o,240.0,1198.473507267296,1.3527862083400501,11.149685820571877
N1_10km_di0p04,BO3-MSC-o,245.0,1477.2854333095363,1.672308498391687,13.11001963562429
N1_10km_di0p04,BO3-MSC-o,250.0,1437.4862835476983,1.6305443167887015,13.36013970725016
N1_10km_di0p04,BO3-MSC-o,255.0,1430.019948126612,1.6235467120921676,13.609104912736859
N1_10km_di0p04,BO3-MSC-o,260.0,1749.3644688498778,1.985448000961444,16.719196078099912
N1_10km_di0p04,BO3-MSC-o,265.0,1808.5270673359253,2.0497720451465704,17.71801686035077
N1_10km_di0p04,BO3-MSC-o,270.0,2453.5921370913416,2.776667970027654,27.329466754112683
N1_10km_di0p04,BO3-MSC-o,275.0,2218.5870370570196,2.5086427344494675,23.97453839141708
N1_10km_di0p04,BO3-BLS-MSC,114.0,5198.128205677733,5.9455726637938895,5.4163304873213205
N1_10km_di0p04,BO3-BLS-MSC,119.0,3122.751980566733,3.5631825385226223,1.6030808060049582
N1_10km_di0p04,BO3-BLS-MSC,124.0,766.8119161052365,0.8747421771132913,0.5260243423755213
N1_10km_di0p04,BO3-BLS-MSC,129.0,805.6800621355724,0.9125751889846607,0.5397202092514409
N1_10km_di0p04,BO3-BLS-MSC,134.0,233.08246764548457,0.25749782732115467,0.5532708089494295
N1_10km_di0p04,BO3-BLS-MSC,139.0,2163.8010329528265,2.423549948107221,1.1029741027756266
N1_10km_di0p04,BO3-BLS-MSC,144.0,2754.812075051778,3.0946289787061403,2.033016841211814
N1_10km_di0p04,BO3-BLS-MSC,149.0,2684.2473189856014,3.031088604388743,2.2192341095553147
N1_10km_di0p04,BO3-BLS-MSC,154.0,3335.4299078135896,3.7875319033002963,4.150918432585201
N1_10km_di0p04,BO3-BLS-MSC,159.0,1996.4167203780833,2.274703445835758,1.9074099300722744
N1_10km_di0p04,BO3-BLS-MSC,164.0,2332.5436173755147,2.660058503629854,2.421546115525556
N1_10km_di0p04,BO3-BLS-MSC,169.0,1032.7103548292805,1.1761223153366716,1.2993854769245436
N1_10km_di0p04,BO3-BLS-MSC,174.0,384.12716298695165,0.4378940789175217,1.1482440039385275
N1_10km_di0p04,BO3-BLS-MSC,179.0,932.8269783314685,1.056444157846993,1.2344539694668681
N1_10km_di0p04,BO3-BLS-MSC,184.0,83.18913972342499,0.09630511309443346,0.9506655388308886
N1_10km_di0p04,BO3-BLS-MSC,189.0,116.09260319566829,0.12846749638172938,0.9229098389624801
N1_10km_di0p04,BO3-BLS-MSC,194.0,1031.6050470174428,1.1698550185039311,1.2263977197304132
N1_10km_di0p04,BO3-BLS-MSC,199.0,976.3729984973352,1.1100661449620046,1.207525144370294
N1_10km_di0p04,BO3-BLS-MSC,204.0,1140.466093994622,1.2981703517233478,1.3453981282519063
N1_10km_di0p04,BO3-BLS-MSC,209.0,1417.9703397510987,1.6129617873091937,1.5918381974474867
N1_10km_di0p04,BO3-BLS-MSC,214.0,2510.655183395256,2.8494540867939673,3.4167389167196927
N1_10km_di0p04,BO3-BLS-MSC,219.0,2388.6344230117656,2.7019489423716383,3.4201613195314047
N1_10km_di0p04,BO3-BLS-MSC,224.0,2045.1974784070999,2.3061212397923647,2.9526577472105213
N1_10km_di0p04,BO3-BLS-MSC,229.0,2353.839056840759,2.6501396956427588,3.90690803811724
N1_10km_di0p04,BO3-BLS-MSC,234.0,2771.4222441584525,3.1215660250550914,5.764258247514157
N1_10km_di0p04,BO3-BLS-MSC,239.0,2535.888363997836,2.8608367790517835,5.442007178093892
N1_10km_di0p04,BO3-BLS-MSC,244.0,2833.0010553094685,3.2053870890975644,7.1793912400520625
N1_10km_di0p04,BO3-BLS-MSC,249.0,2776.329564859721,3.1489279737537785,7.715015264598573
N1_10km_di0p04,BO3-BLS-MSC,254.0,2712.8366242631646,3.0813907351906686,7.884628636290354
N1_10km_di0p04,BO3-BLS-MSC,259.0,3293.292271984941,3.7413882283342996,12.112926448962526
N1_10km_di0p04,BO3-BLS-MSC,264.0,3261.514682897729,3.7013793753192283,12.51648111925195
N1_10km_di0p04,BO3-BLS-MSC,269.0,4101.073059218459,4.6470611537768285,22.14794010272472
N1_10km_di0p04,BO3-BLS-MSC,274.0,3505.873187655545,3.9685030390182088,16.014880426946736
N1_10km_di0p04,BO3-BLS-FULL,114.0,5198.128205677733,5.9455726637938895,5.4163304873213205
N1_10km_di0p04,BO3-BLS-FULL,119.0,3122.751980566733,3.5631825385226223,1.6030808060049582
N1_10km_di0p04,BO3-BLS-FULL,124.0,766.8119161052365,0.8747421771132913,0.5260243423755213
N1_10km_di0p04,BO3-BLS-FULL,129.0,805.6800621355724,0.9125751889846607,0.5397202092514409
N1_10km_di0p04,BO3-BLS-FULL,134.0,233.08246764548457,0.25749782732115467,0.5532708089494295
N1_10km_di0p04,BO3-BLS-FULL,139.0,2163.8010329528265,2.423549948107221,1.1029741027756266
N1_10km_di0p04,BO3-BLS-FULL,144.0,2754.812075051778,3.0946289787061403,2.033016841211814
N1_10km_di0p04,BO3-BLS-FULL,149.0,2684.2473189856014,3.031088604388743,2.2192341095553147
N1_10km_di0p04,BO3-BLS-FULL,154.0,3335.4299078135896,3.7875319033002963,4.150918432585201
N1_10km_di0p04,BO3-BLS-FULL,159.0,1996.4167203780833,2.274703445835758,1.9074099300722744
N1_10km_di0p04,BO3-BLS-FULL,164.0,2332.5436173755147,2.660058503629854,2.421546115525556
N1_10km_di0p04,BO3-BLS-FULL,169.0,1032.7103548292805,1.1761223153366716,1.2993854769245436
N1_10km_di0p04,BO3-BLS-FULL,174.0,384.12716298695165,0.4378940789175217,1.1482440039385275
N1_10km_di0p04,BO3-BLS-FULL,179.0,932.8269783314685,1.056444157846993,1.2344539694668681
N1_10km_di0p04,BO3-BLS-FULL,184.0,83.18913972342499,0.09630511309443346,0.9506655388308886
N1_10km_di0p04,BO3-BLS-FULL,189.0,116.09260319566829,0.12846749638172938,0.9229098389624801
N1_10km_di0p04,BO3-BLS-FULL,194.0,1031.6050470174428,1.1698550185039311,1.2263977197304132
N1_10km_di0p04,BO3-BLS-FULL,199.0,976.3729984973352,1.1100661449620046,1.207525144370294
N1_10km_di0p04,BO3-BLS-FULL,204.0,1140.466093994622,1.2981703517233478,1.3453981282519063
N1_10km_di0p04,BO3-BLS-FULL,209.0,1417.9703397510987,1.6129617873091937,1.5918381974474867
N1_10km_di0p04,BO3-BLS-FULL,214.0,2510.655183395256,2.8494540867939673,3.4167389167196927
N1_10km_di0p04,BO3-BLS-FULL,219.0,2388.6344230117656,2.7019489423716383,3.4201613195314047
N1_10km_di0p04,BO3-BLS-FULL,224.0,2045.1974784070999,2.3061212397923647,2.9526577472105213
N1_10km_di0p04,BO3-BLS-FULL,229.0,2353.839056840759,2.6501396956427588,3.90690803811724
N1_10km_di0p04,BO3-BLS-FULL,234.0,2771.4222441584525,3.1215660250550914,5.764258247514157
N1_10km_di0p04,BO3-BLS-FULL,239.0,2535.888363997836,2.8608367790517835,5.442007178093892
N1_10km_di0p04,BO3-BLS-FULL,244.0,2833.0010553094685,3.2053870890975644,7.1793912400520625
N1_10km_di0p04,BO3-BLS-FULL,249.0,2776.329564859721,3.1489279737537785,7.715015264598573
N1_10km_di0p04,BO3-BLS-FULL,254.0,2712.8366242631646,3.0813907351906686,7.884628636290354
N1_10km_di0p04,BO3-BLS-FULL,259.0,3293.292271984941,3.7413882283342996,12.112926448962526
N1_10km_di0p04,BO3-BLS-FULL,264.0,3261.514682897729,3.7013793753192283,12.51648111925195
N1_10km_di0p04,BO3-BLS-FULL,269.0,4101.073059218459,4.6470611537768285,22.14794010272472
N1_10km_di0p04,BO3-BLS-FULL,274.0,3505.873187655545,3.9685030390182088,16.014880426946736
N2_5km_burns_di0p02,RB3-EKF,0.0,11.23184147475792,3.842152854715136,0.9211411024711466
N2_5km_burns_di0p02,RB3-EKF,5.0,5.0422685688672635,0.09786557311880367,0.9362108640936605
N2_5km_burns_di0p02,RB3-EKF,10.0,4.238972888097586,0.053500630763881375,0.9924843558675502
N2_5km_burns_di0p02,RB3-EKF,15.0,12.029300336848056,0.025149564155248213,0.9629713859592869
N2_5km_burns_di0p02,RB3-EKF,20.0,18.230267233881207,0.028356745972050693,1.028550482668998
N2_5km_burns_di0p02,RB3-EKF,25.0,16.451564930144247,0.022824113229291253,0.9621734652359374
N2_5km_burns_di0p02,RB3-EKF,30.0,5.243708866782766,0.013593121873779914,0.8062133907222444
N2_5km_burns_di0p02,RB3-EKF,35.0,6.064340913284349,0.012214119868259234,1.2658268366010474
N2_5km_burns_di0p02,RB3-EKF,40.0,9.946707647414087,0.01663431648956623,1.340752721254814
N2_5km_burns_di0p02,RB3-EKF,45.0,20.83400661452106,0.028236285118902846,1.5969212834289965
N2_5km_burns_di0p02,RB3-EKF,50.0,24.70965620105815,0.030623420943257606,1.5561955620188863
N2_5km_burns_di0p02,RB3-EKF,55.0,24.196895860573946,0.029139841307253184,1.2919796683840759
N2_5km_burns_di0p02,RB3-EKF,60.0,27.626868472899993,0.03202134132736005,1.475551537992665
N2_5km_burns_di0p02,RB3-EKF,65.0,15.672548773501225,0.017637849745469534,0.7870577505514622
N2_5km_burns_di0p02,RB3-EKF,70.0,15.835093412112307,0.017264253506934304,0.7757853448080917
N2_5km_burns_di0p02,RB3-EKF,75.0,7.535585110249055,0.007916481055461392,0.5054872980156517
N2_5km_burns_di0p02,RB3-EKF,80.0,2.373241349058893,0.001900227890156142,0.36976109570432575
N2_5km_burns_di0p02,RB3-EKF,85.0,6.9924215728873795,0.006458795300987663,0.376409655598394
N2_5km_burns_di0p02,RB3-EKF,90.0,3.089035888857444,0.002235759351069078,0.3132894241249246
N2_5km_burns_di0p02,RB3-EKF,95.0,2.1509795741168745,0.0011636242397638954,0.421390375400349
N2_5km_burns_di0p02,RB3-EKF,100.0,5.4563307622792205,0.005439338592187627,0.5876285603137684
N2_5km_burns_di0p02,RB3-EKF,105.0,3.899898814001805,0.00460933829807161,0.6066793709233923
N2_5km_burns_di0p02,RB3-EKF,110.0,6.15377881763146,0.00760377306643203,0.63877117446783
N2_5km_burns_di0p02,RB3-EKF,115.0,6.406268945873721,0.008256674914018554,0.6961409691068109
N2_5km_burns_di0p02,RB3-EKF,120.0,8.093705867593785,0.01030348621780285,0.8643085186773131
N2_5km_burns_di0p02,RB3-EKF,125.0,6.94101911581142,0.009173136185158188,0.792452356395534
N2_5km_burns_di0p02,RB3-EKF,130.0,5.234497205876575,0.007274941217017556,0.7842163418665704
N2_5km_burns_di0p02,RB3-EKF,135.0,6.006919360615218,0.007990207690587519,0.8626478920968815
N2_5km_burns_di0p02,RB3-EKF,140.0,8.221227116289654,0.01046099758346,1.026198890740856
N2_5km_burns_di0p02,RB3-EKF,145.0,7.41718026731885,0.009346335909086984,1.0269518055412366
N2_5km_burns_di0p02,RB3-EKF,150.0,9.20899554802387,0.011442795234157612,1.102882095856823
N2_5km_burns_di0p02,RB3-EKF,155.0,9.766600177237898,0.011873229221072023,1.1686133239554792
N2_5km_burns_di0p02,RB3-EKF,160.0,10.289561004786997,0.012225808692029922,1.1125369755774142
N2_5km_burns_di0p02,RB3-EKF,165.0,13.62155884275785,0.015349718304521594,1.3441765927855904
N2_5km_burns_di0p02,RB3-EKF,170.0,13.753068972637948,0.015001306700769915,1.3049008482211428
N2_5km_burns_di0p02,RB3-EKF,175.0,18.44952393245473,0.01948347856164408,1.797552546383667
N2_5km_burns_di0p02,RB3-EKF,180.0,15.949258591622796,0.016557149975834108,1.4465848921024858
N2_5km_burns_di0p02,RB3-EKF,185.0,14.499776420503023,0.014967832144768501,1.2499528733874807
N2_5km_burns_di0p02,BO3-EKF,0.0,12219.170908733375,12.630682979342534,0.07893122659728204
N2_5km_burns_di0p02,BO3-EKF,5.0,14434.634269893657,14.799817983773016,6.2528670483959985
N2_5km_burns_di0p02,BO3-EKF,10.0,13511.34685954301,14.804412915339842,7.667706216067157
N2_5km_burns_di0p02,BO3-EKF,15.0,13171.139224956774,15.55333807501581,9.87573972502686
N2_5km_burns_di0p02,BO3-EKF,20.0,13214.686544764325,16.247502914601043,13.97519421251531
N2_5km_burns_di0p02,BO3-EKF,25.0,2670.4058245787846,3.3734959690468465,19.19541795113044
N2_5km_burns_di0p02,BO3-EKF,30.0,749.5514656799312,0.9264067856449975,15.783572827182068
N2_5km_burns_di0p02,BO3-EKF,35.0,127.53158561449355,0.13406108867445557,13.214905782339008
N2_5km_burns_di0p02,BO3-EKF,40.0,18.753380103145766,0.046295920599256656,10.092626721739512
N2_5km_burns_di0p02,BO3-EKF,45.0,157.79738223063507,0.21352108460395375,8.986369106106514
N2_5km_burns_di0p02,BO3-EKF,50.0,301.53777949458697,0.3780036467991852,8.666318073669427
N2_5km_burns_di0p02,BO3-EKF,55.0,344.3646733340393,0.4203002714816001,7.944623014671124
N2_5km_burns_di0p02,BO3-EKF,60.0,435.8722023901388,0.5138055363476253,8.070222951165658
N2_5km_burns_di0p02,BO3-EKF,65.0,560.0469359810045,0.6361251316340245,7.640852057356994
N2_5km_burns_di0p02,BO3-EKF,70.0,612.6663950034948,0.6755131596005134,7.770331958744657
N2_5km_burns_di0p02,BO3-EKF,75.0,601.5397724753087,0.6466384765607242,7.558447097163241
N2_5km_burns_di0p02,BO3-EKF,80.0,387.4965448880125,0.4105058946878625,5.608315958753262
N2_5km_burns_di0p02,BO3-EKF,85.0,203.58360898426037,0.21475041070164533,4.57774431468352
N2_5km_burns_di0p02,BO3-EKF,90.0,13.438420427934396,0.01405073424036901,3.385279920731101
N2_5km_burns_di0p02,BO3-EKF,95.0,28.894388412207377,0.031245078036943492,3.31046615915125
N2_5km_burns_di0p02,BO3-EKF,100.0,64.100112015382,0.0722826824195375,3.2659834050652337
N2_5km_burns_di0p02,BO3-EKF,105.0,68.84841897104242,0.08163000648020603,3.330156897977062
N2_5km_burns_di0p02,BO3-EKF,110.0,22.212176890382132,0.03149463665653473,3.1549000666075036
N2_5km_burns_di0p02,BO3-EKF,115.0,19.199118448108806,0.02983829337059252,3.2214619543235448
N2_5km_burns_di0p02,BO3-EKF,120.0,23.8067279913401,0.03650792904475905,3.3502486732589496
N2_5km_burns_di0p02,BO3-EKF,125.0,21.194933396957303,0.032771417486714575,3.620229845187269
N2_5km_burns_di0p02,BO3-EKF,130.0,23.95608139996157,0.03424783535251475,3.7061847405161923
N2_5km_burns_di0p02,BO3-EKF,135.0,25.624921590177653,0.03367797196653277,3.349524624848252
N2_5km_burns_di0p02,BO3-EKF,140.0,27.78549676017074,0.033860490342999636,3.51282056279701
N2_5km_burns_di0p02,BO3-EKF,145.0,32.63399968291661,0.03691165659059077,3.5874450622658816
N2_5km_burns_di0p02,BO3-EKF,150.0,36.4364759889754,0.03861905878393586,3.4919611772100354
N2_5km_burns_di0p02,BO3-EKF,155.0,35.963150837366385,0.036034550327002146,3.512027812228064
N2_5km_burns_di0p02,BO3-EKF,160.0,33.9883818753266,0.0323676418754933,3.2480269595358795
N2_5km_burns_di0p02,BO3-EKF,165.0,32.56869480707077,0.030080958582065647,3.0902493662222787
N2_5km_burns_di0p02,BO3-EKF,170.0,30.596859988056327,0.027951417077772423,2.9857627025416726
N2_5km_burns_di0p02,BO3-EKF,175.0,29.681893147092342,0.02751213389162276,3.0218504657775753
N2_5km_burns_di0p02,BO3-EKF,180.0,26.55682625303232,0.02543738465862525,2.9916260179298035
N2_5km_burns_di0p02,BO3-EKF,185.0,23.00341295303044,0.02338731792036183,2.9252206573432713
N2_5km_burns_di0p02,BO3-MSC-o,0.0,1005.3845224958527,4.013038009179792,1.4994325388368175
N2_5km_burns_di0p02,BO3-MSC-o,5.0,1019.6380371068301,1.0749118052478375,1.146517468616463
N2_5km_burns_di0p02,BO3-MSC-o,10.0,1048.5187021114357,1.1759213877776733,0.9983783873516582
N2_5km_burns_di0p02,BO3-MSC-o,15.0,1048.3445337342432,1.2400261709542897,1.1965108945324376
N2_5km_burns_di0p02,BO3-MSC-o,20.0,1142.4632573738827,1.4077857051318163,3.7022129504951615
N2_5km_burns_di0p02,BO3-MSC-o,25.0,373.28219349746587,0.4737956002070545,64.02612148106881
N2_5km_burns_di0p02,BO3-MSC-o,30.0,104.53240732757361,0.15570395232869766,70.01465734718987
N2_5km_burns_di0p02,BO3-MSC-o,35.0,140.42617674278875,0.19849987786525056,70.42359736534344
N2_5km_burns_di0p02,BO3-MSC-o,40.0,158.17803640199398,0.21624175854123062,70.56094284883211
N2_5km_burns_di0p02,BO3-MSC-o,45.0,210.67457250465966,0.27196165850929516,70.44390171635781
N2_5km_burns_di0p02,BO3-MSC-o,50.0,277.10430614229654,0.3426468096875235,70.58295451718966
N2_5km_burns_di0p02,BO3-MSC-o,55.0,318.29988206628803,0.38314961370147477,70.52281079487405
N2_5km_burns_di0p02,BO3-MSC-o,60.0,373.98776724291633,0.43647698963532056,71.03887034740573
N2_5km_burns_di0p02,BO3-MSC-o,65.0,453.83566542299013,0.5119938065837801,71.90730508534821
N2_5km_burns_di0p02,BO3-MSC-o,70.0,506.8732221550987,0.555560344155734,71.78433779926945
N2_5km_burns_di0p02,BO3-MSC-o,75.0,564.9891870374772,0.6041458118497697,71.79416239484102
N2_5km_burns_di0p02,BO3-MSC-o,80.0,600.984516025987,0.6319171520629431,69.371878901264
N2_5km_burns_di0p02,BO3-MSC-o,85.0,595.5828722431942,0.6216203870782498,65.42430559138235
N2_5km_burns_di0p02,BO3-MSC-o,90.0,514.675461452639,0.5380931963699319,56.4649931983866
N2_5km_burns_di0p02,BO3-MSC-o,95.0,407.1916245646838,0.4289500410776403,48.80652059453002
N2_5km_burns_di0p02,BO3-MSC-o,100.0,260.01788337913894,0.27447669769503275,40.669207209042646
N2_5km_burns_di0p02,BO3-MSC-o,105.0,140.99249987505482,0.14448087124962905,35.77419256104832
N2_5km_burns_di0p02,BO3-MSC-o,110.0,101.43450928377553,0.10081665534240991,35.238125693407206
N2_5km_burns_di0p02,BO3-MSC-o,115.0,61.696113948165944,0.05653927871183059,33.842642115391314
N2_5km_burns_di0p02,BO3-MSC-o,120.0,37.824578025338894,0.03230774198966537,33.34509255133114
N2_5km_burns_di0p02,BO3-MSC-o,125.0,31.476616980864947,0.02956978372443582,34.02652615989255
N2_5km_burns_di0p02,BO3-MSC-o,130.0,23.485516642838462,0.02505106855993948,33.14856155088578
N2_5km_burns_di0p02,BO3-MSC-o,135.0,14.74538423602238,0.018417436441912904,30.638159297163355
N2_5km_burns_di0p02,BO3-MSC-o,140.0,11.455208488752048,0.01283181888191917,30.625878872107226
N2_5km_burns_di0p02,BO3-MSC-o,145.0,16.98018933892877,0.011255096453620335,30.11272938743851
N2_5km_burns_di0p02,BO3-MSC-o,150.0,20.816641597217973,0.011200249066441525,30.047346592696552
N2_5km_burns_di0p02,BO3-MSC-o,155.0,18.16896638665928,0.007163677665432492,29.624246343034986
N2_5km_burns_di0p02,BO3-MSC-o,160.0,12.492294204175804,0.006606324099219109,29.309214050806137
N2_5km_burns_di0p02,BO3-MSC-o,165.0,9.725749169969122,0.012698262161448749,28.886238337541652
N2_5km_burns_di0p02,BO3-MSC-o,170.0,12.996364026751738,0.019328424532721444,28.457802132705766
N2_5km_burns_di0p02,BO3-MSC-o,175.0,19.364181306679374,0.024674281222018993,28.414582513098186
N2_5km_burns_di0p02,BO3-MSC-o,180.0,26.92032746715465,0.029661775574390502,28.364878177638204
N2_5km_burns_di0p02,BO3-MSC-o,185.0,33.266438933562085,0.0327536858415571,28.250318785690784
N2_5km_burns_di0p02,BO3-BLS-MSC,71.0,101.64067827503045,0.10894912347346414,0.2538746578721289
N2_5km_burns_di0p02,BO3-BLS-MSC,76.0,105.20886982391998,0.11038517146117166,0.23580653423148026
N2_5km_burns_di0p02,BO3-BLS-MSC,81.0,75.59478650811853,0.07778647753804015,0.16556770606119
N2_5km_burns_di0p02,BO3-BLS-MSC,86.0,27.255600895175053,0.026632634367878095,0.21843088421777646
N2_5km_burns_di0p02,BO3-BLS-MSC,91.0,14.527557793427299,0.01660123815341922,0.1252691181930948
N2_5km_burns_di0p02,BO3-BLS-MSC,96.0,34.74964154036739,0.03819470306529296,0.22222620362713655
N2_5km_burns_di0p02,BO3-BLS-MSC,101.0,14.648897221067548,0.016322778417982735,0.2759693269867801
N2_5km_burns_di0p02,BO3-BLS-MSC,106.0,27.722381890687558,0.031244094823551127,0.4206577563986029
N2_5km_burns_di0p02,BO3-BLS-MSC,111.0,17.378371178849573,0.021657746622816828,0.2775798675668025
N2_5km_burns_di0p02,BO3-BLS-MSC,116.0,2.6716020031377132,0.00515625422566433,0.2791834305941903
N2_5km_burns_di0p02,BO3-BLS-MSC,121.0,2.184127552570992,0.005080939061890028,0.3112828192253377
N2_5km_burns_di0p02,BO3-BLS-MSC,126.0,8.999448058770152,0.009758890600301544,0.5826338340598012
N2_5km_burns_di0p02,BO3-BLS-MSC,131.0,9.672494124701327,0.010338445360846119,0.6126046341683393
N2_5km_burns_di0p02,BO3-BLS-MSC,136.0,9.314122491934404,0.009603993942785126,0.6004415090083685
N2_5km_burns_di0p02,BO3-BLS-MSC,141.0,7.618803345248557,0.007525276106129695,0.5928917743837613
N2_5km_burns_di0p02,BO3-BLS-MSC,146.0,6.93243521906064,0.0062987501566624665,0.6288765168779614
N2_5km_burns_di0p02,BO3-BLS-MSC,151.0,5.786975480534306,0.004985245715832436,0.5136473697675868
N2_5km_burns_di0p02,BO3-BLS-MSC,156.0,3.0268559218220608,0.00215659415077105,0.5167139278716969
N2_5km_burns_di0p02,BO3-BLS-MSC,161.0,3.1397991233410587,0.003862305016630127,0.4129300392854418
N2_5km_burns_di0p02,BO3-BLS-MSC,166.0,4.5020751091734015,0.005628883584183686,0.43030036441952174
N2_5km_burns_di0p02,BO3-BLS-MSC,171.0,5.45555378125194,0.006508811832953376,0.43596762242378867
N2_5km_burns_di0p02,BO3-BLS-MSC,176.0,4.899222169560205,0.005757960103246686,0.43584723035746314
N2_5km_burns_di0p02,BO3-BLS-MSC,181.0,6.6183043574385225,0.0069281678132884624,0.3771153175680137
N2_5km_burns_di0p02,BO3-BLS-FULL,71.0,101.64067827503045,0.10894912347346414,0.2538746578721289
N2_5km_burns_di0p02,BO3-BLS-FULL,76.0,105.20886982391998,0.11038517146117166,0.23580653423148026
N2_5km_burns_di0p02,BO3-BLS-FULL,81.0,75.59478650811853,0.07778647753804015,0.16556770606119
N2_5km_burns_di0p02,BO3-BLS-FULL,86.0,27.255600895175053,0.026632634367878095,0.21843088421777646
N2_5km_burns_di0p02,BO3-BLS-FULL,91.0,14.527557793427299,0.01660123815341922,0.1252691181930948
N2_5km_burns_di0p02,BO3-BLS-FULL,96.0,34.74964154036739,0.03819470306529296,0.22222620362713655
N2_5km_burns_di0p02,BO3-BLS-FULL,101.0,14.648897221067548,0.016322778417982735,0.2759693269867801
N2_5km_burns_di0p02,BO3-BLS-FULL,106.0,27.722381890687558,0.031244094823551127,0.4206577563986029
N2_5km_burns_di0p02,BO3-BLS-FULL,111.0,17.378371178849573,0.021657746622816828,0.2775798675668025
N2_5km_burns_di0p02,BO3-BLS-FULL,116.0,2.6716020031377132,0.00515625422566433,0.2791834305941903
N2_5km_burns_di0p02,BO3-BLS-FULL,121.0,2.184127552570992,0.005080939061890028,0.3112828192253377
N2_5km_burns_di0p02,BO3-BLS-FULL,126.0,8.999448058770152,0.009758890600301544,0.5826338340598012
N2_5km_burns_di0p02,BO3-BLS-FULL,131.0,9.672494124701327,0.010338445360846119,0.6126046341683393
N2_5km_burns_di0p02,BO3-BLS-FULL,136.0,9.314122491934404,0.009603993942785126,0.6004415090083685
N2_5km_burns_di0p02,BO3-BLS-FULL,141.0,7.618803345248557,0.007525276106129695,0.5928917743837613
N2_5km_burns_di0p02,BO3-BLS-FULL,146.0,6.93243521906064,0.0062987501566624665,0.6288765168779614
N2_5km_burns_di0p02,BO3-BLS-FULL,151.0,5.786975480534306,0.004985245715832436,0.5136473697675868
N2_5km_burns_di0p02,BO3-BLS-FULL,156.0,3.0268559218220608,0.00215659415077105,0.5167139278716969
N2_5km_burns_di0p02,BO3-BLS-FULL,161.0,3.1397991233410587,0.003862305016630127,0.4129300392854418
N2_5km_burns_di0p02,BO3-BLS-FULL,166.0,4.5020751091734015,0.005628883584183686,0.43030036441952174
N2_5km_burns_di0p02,BO3-BLS-FULL,171.0,5.45555378125194,0.006508811832953376,0.43596762242378867
N2_5km_burns_di0p02,BO3-BLS-FULL,176.0,4.899222169560205,0.005757960103246686,0.43584723035746314
N2_5km_burns_di0p02,BO3-BLS-FULL,181.0,6.6183043574385225,0.0069281678132884624,0.3771153175680137
N2b_5km_burns_coplanar,RB3-EKF,0.0,11.22998081084997,3.8421978942855426,0.9209908254827113
N2b_5km_burns_coplanar,RB3-EKF,5.0,9.92023034771608,0.1333104461243088,0.8805138118085917
N2b_5km_burns_coplanar,RB3-EKF,10.0,6.452158954226301,0.04551296582638774,0.8891912266440736
N2b_5km_burns_coplanar,RB3-EKF,15.0,10.757952462493138,0.029764732555082014,0.8788987400401033
N2b_5km_burns_coplanar,RB3-EKF,20.0,20.75053961463959,0.02691728453775868,0.9092747074534057
N2b_5km_burns_coplanar,RB3-EKF,25.0,18.294693900084145,0.020259428847967848,0.8766942491270417
N2b_5km_burns_coplanar,RB3-EKF,30.0,5.707268656959196,0.011503134502068439,0.5103278476419159
N2b_5km_burns_coplanar,RB3-EKF,35.0,4.9064602404960835,0.010459132624972252,0.7378691654075483
N2b_5km_burns_coplanar,RB3-EKF,40.0,7.932276080345179,0.015116700985665189,0.9280421095137039
N2b_5km_burns_coplanar,RB3-EKF,45.0,18.617796056059166,0.026788264080108905,1.1897742597490484
N2b_5km_burns_coplanar,RB3-EKF,50.0,22.8035287976616,0.028976655007480655,1.1583801949370716
N2b_5km_burns_coplanar,RB3-EKF,55.0,21.99364245628287,0.026612999498527606,0.9715178690297207
N2b_5km_burns_coplanar,RB3-EKF,60.0,25.71477797635431,0.029466201290617163,1.1364868454259942
N2b_5km_burns_coplanar,RB3-EKF,65.0,13.232784370371098,0.014449552517032994,0.5916214986895516
N2b_5km_burns_coplanar,RB3-EKF,70.0,13.558648766923824,0.014629610326673734,0.5678759960840555
N2b_5km_burns_coplanar,RB3-EKF,75.0,5.332244006990525,0.0057057250564893644,0.34361149561705123
N2b_5km_burns_coplanar,RB3-EKF,80.0,1.3269732052794456,0.00032398480250712546,0.250565476738791
N2b_5km_burns_coplanar,RB3-EKF,85.0,4.814604379422453,0.004941819148830623,0.2343810447667544
N2b_5km_burns_coplanar,RB3-EKF,90.0,1.3212496259038118,0.00121700353998561,0.19481831907080652
N2b_5km_burns_coplanar,RB3-EKF,95.0,1.0174390465891567,0.001042916287499601,0.2674459235279169
N2b_5km_burns_coplanar,RB3-EKF,100.0,5.211106587597687,0.005623298083505409,0.37061080053713624
N2b_5km_burns_coplanar,RB3-EKF,105.0,4.059348985893386,0.004654910858937871,0.36903670355842316
N2b_5km_burns_coplanar,RB3-EKF,110.0,6.612532354197834,0.007527881450444431,0.4532422734150295
N2b_5km_burns_coplanar,RB3-EKF,115.0,7.225947802693889,0.008298385470852208,0.4876270833723175
N2b_5km_burns_coplanar,RB3-EKF,120.0,9.05348783577282,0.010495282526310174,0.6442695671632561
N2b_5km_burns_coplanar,RB3-EKF,125.0,7.028193465412071,0.008436189356045112,0.5234529452035893
N2b_5km_burns_coplanar,RB3-EKF,130.0,5.279205736311375,0.006713894956937995,0.5083828245939505
N2b_5km_burns_coplanar,RB3-EKF,135.0,6.316795110629201,0.008146293951727356,0.5789117340484905
N2b_5km_burns_coplanar,RB3-EKF,140.0,8.27570264470522,0.010492106429518294,0.7718295205228679
N2b_5km_burns_coplanar,RB3-EKF,145.0,7.411333173928971,0.009482536685959825,0.7661916604155908
N2b_5km_burns_coplanar,RB3-EKF,150.0,9.014285404996611,0.011238064884040777,0.847025704547082
N2b_5km_burns_coplanar,RB3-EKF,155.0,9.54065038128382,0.011518182409216343,0.9071252580130315
N2b_5km_burns_coplanar,RB3-EKF,160.0,9.624829787642014,0.011346342005278658,0.8919866986664992
N2b_5km_burns_coplanar,RB3-EKF,165.0,12.898234316391862,0.014588041399607623,1.1280895924090175
N2b_5km_burns_coplanar,RB3-EKF,170.0,12.61806523386204,0.014067423605186416,1.1039015637836256
N2b_5km_burns_coplanar,RB3-EKF,175.0,17.608732794686414,0.01912904394072363,1.5697594408412012
N2b_5km_burns_coplanar,RB3-EKF,180.0,14.508386610887259,0.01578413414560022,1.256339149407618
N2b_5km_burns_coplanar,RB3-EKF,185.0,12.699690920588054,0.013883413872261992,1.0970693190881864
N2b_5km_burns_coplanar,BO3-MSC-o,0.0,1005.161050505117,4.049093316490254,1.4992028901864234
N2b_5km_burns_coplanar,BO3-MSC-o,5.0,1041.1308952836794,1.2053513342078004,0.5733497004799976
N2b_5km_burns_coplanar,BO3-MSC-o,10.0,1111.717038696739,1.2626573380096646,0.643318316595348
N2b_5km_burns_coplanar,BO3-MSC-o,15.0,1155.5258901156456,1.3089646192469582,0.6287951735171765
N2b_5km_burns_coplanar,BO3-MSC-o,20.0,1198.6128136327186,1.3522744957188202,0.5141906022147033
N2b_5km_burns_coplanar,BO3-MSC-o,25.0,343.2046301239486,0.39719883032845144,61.79104904116911
N2b_5km_burns_coplanar,BO3-MSC-o,30.0,46.86553955415995,0.07831610907719859,63.98197836560366
N2b_5km_burns_coplanar,BO3-MSC-o,35.0,97.54243964940312,0.143861322586984,64.6071897235092
N2b_5km_burns_coplanar,BO3-MSC-o,40.0,116.43699555593271,0.17071151100211837,64.69817477412903
N2b_5km_burns_coplanar,BO3-MSC-o,45.0,173.73270789398845,0.23640916902409925,64.56478922220525
N2b_5km_burns_coplanar,BO3-MSC-o,50.0,246.0624579205717,0.31361891792175484,64.55821134796601
N2b_5km_burns_coplanar,BO3-MSC-o,55.0,290.5507346404626,0.3537267104799982,64.55377808296683
N2b_5km_burns_coplanar,BO3-MSC-o,60.0,344.26339776000566,0.4012151093986384,65.17065664853818
N2b_5km_burns_coplanar,BO3-MSC-o,65.0,428.933566119749,0.48009479511901787,66.30948318184373
N2b_5km_burns_coplanar,BO3-MSC-o,70.0,476.18556120623305,0.5184491531145803,66.19895375398028
N2b_5km_burns_coplanar,BO3-MSC-o,75.0,529.7437751511976,0.5650377611436082,66.300313610955
N2b_5km_burns_coplanar,BO3-MSC-o,80.0,562.3746903511553,0.5929139794981904,64.23028408571508
N2b_5km_burns_coplanar,BO3-MSC-o,85.0,551.1984718138875,0.5793483965656547,60.635354607969276
N2b_5km_burns_coplanar,BO3-MSC-o,90.0,450.66711498792273,0.47535010311434334,52.09379571969058
N2b_5km_burns_coplanar,BO3-MSC-o,95.0,325.7943246685561,0.344919509028302,45.53294656100039
N2b_5km_burns_coplanar,BO3-MSC-o,100.0,179.04396039509612,0.18678990662835518,39.12830758534911
N2b_5km_burns_coplanar,BO3-MSC-o,105.0,75.77718485967878,0.07117727474829874,35.69891770410137
N2b_5km_burns_coplanar,BO3-MSC-o,110.0,57.48909392459992,0.0496493704364848,35.658977695559976
N2b_5km_burns_coplanar,BO3-MSC-o,115.0,30.564225151433966,0.018511034338481235,35.10047444978529
N2b_5km_burns_coplanar,BO3-MSC-o,120.0,13.99444868100766,0.006411529821838003,34.893275672969324
N2b_5km_burns_coplanar,BO3-MSC-o,125.0,12.129843060505332,0.01126308073446739,34.97626841649862
N2b_5km_burns_coplanar,BO3-MSC-o,130.0,12.451058249025657,0.01375705033554765,34.789586113384026
N2b_5km_burns_coplanar,BO3-MSC-o,135.0,11.238826589229113,0.014166835684589044,33.37481863186327
N2b_5km_burns_coplanar,BO3-MSC-o,140.0,11.85960738269711,0.013604158489272026,33.63414958150668
N2b_5km_burns_coplanar,BO3-MSC-o,145.0,17.62607892513882,0.014162686802231417,33.44913855327178
N2b_5km_burns_coplanar,BO3-MSC-o,150.0,22.85921199792097,0.014687389183834505,33.36052355988359
N2b_5km_burns_coplanar,BO3-MSC-o,155.0,19.68861980326321,0.007990308063137,33.20875622768241
N2b_5km_burns_coplanar,BO3-MSC-o,160.0,13.860761087164011,0.003102479140599485,32.8704187465067
N2b_5km_burns_coplanar,BO3-MSC-o,165.0,10.374598076555007,0.01041113803024446,32.461645596271346
N2b_5km_burns_coplanar,BO3-MSC-o,170.0,12.243258889106052,0.01778976192015793,32.02193701108177
N2b_5km_burns_coplanar,BO3-MSC-o,175.0,18.008801105565848,0.0239189922585983,31.98596919575262
N2b_5km_burns_coplanar,BO3-MSC-o,180.0,24.796278125793894,0.028976688225188636,31.768769866027466
N2b_5km_burns_coplanar,BO3-MSC-o,185.0,30.003490824684604,0.03130644246323146,31.39861585352435
N2b_5km_burns_coplanar,BO3-BLS-MSC,44.0,3.9150176232325307,0.006342945622065142,0.1230204548736233
N2b_5km_burns_coplanar,BO3-BLS-MSC,49.0,51.47920783218291,0.06313466610312564,0.38242710787307505
N2b_5km_burns_coplanar,BO3-BLS-MSC,54.0,69.18088700773977,0.0808709753876014,0.4038334590648114
N2b_5km_burns_coplanar,BO3-BLS-MSC,59.0,16.53241013962218,0.019322522585482227,0.2887460495100064
N2b_5km_burns_coplanar,BO3-BLS-MSC,64.0,120.34539111806681,0.13103903803212077,0.7110858573042124
N2b_5km_burns_coplanar,BO3-BLS-MSC,69.0,98.81527446289607,0.10592495166991897,0.48878411031590985
N2b_5km_burns_coplanar,BO3-BLS-MSC,74.0,131.88575423034538,0.13928793280955973,0.40965725636474204
N2b_5km_burns_coplanar,BO3-BLS-MSC,79.0,87.71817875070353,0.09167873864563861,0.2790661288810467
N2b_5km_burns_coplanar,BO3-BLS-MSC,84.0,107.44105090048471,0.11225986043119708,0.2575499655442854
N2b_5km_burns_coplanar,BO3-BLS-MSC,89.0,17.330509887395024,0.017786534340883293,0.13036090879797382
N2b_5km_burns_coplanar,BO3-BLS-MSC,94.0,10.803374174840952,0.011828801154644478,0.23375547208963968
N2b_5km_burns_coplanar,BO3-BLS-MSC,99.0,7.066220075107432,0.006975691100471418,0.2852914837980785
N2b_5km_burns_coplanar,BO3-BLS-MSC,104.0,25.582151661189833,0.027988296056135155,0.4027219753149132
N2b_5km_burns_coplanar,BO3-BLS-MSC,109.0,4.900595848456882,0.005332745981962523,0.3476148649365726
N2b_5km_burns_coplanar,BO3-BLS-MSC,114.0,14.685079134000809,0.018309428442081235,0.4308843890066642
N2b_5km_burns_coplanar,BO3-BLS-MSC,119.0,0.886089970828471,0.0025399128490208615,0.34832618125523257
N2b_5km_burns_coplanar,BO3-BLS-MSC,124.0,13.41744127654983,0.016684663248923523,0.485492111146773
N2b_5km_burns_coplanar,BO3-BLS-MSC,129.0,16.22717853353731,0.020136829751626825,0.5842802059329658
N2b_5km_burns_coplanar,BO3-BLS-MSC,134.0,15.541790848507079,0.018969197559214907,0.5757280943879223
N2b_5km_burns_coplanar,BO3-BLS-MSC,139.0,14.550712689856217,0.017380714831308323,0.5376056557294931
N2b_5km_burns_coplanar,BO3-BLS-MSC,144.0,17.508206469023488,0.02030171884045574,0.6419151688402588
N2b_5km_burns_coplanar,BO3-BLS-MSC,149.0,15.720963916155208,0.017644676557844317,0.6003092613727151
N2b_5km_burns_coplanar,BO3-BLS-MSC,154.0,13.59818154977511,0.014911989310363713,0.6336675169145681
N2b_5km_burns_coplanar,BO3-BLS-MSC,159.0,7.815796381216911,0.008617969196062784,0.5553217188909321
N2b_5km_burns_coplanar,BO3-BLS-MSC,164.0,6.161351961714287,0.0070523511298942595,0.5249613354323134
N2b_5km_burns_coplanar,BO3-BLS-MSC,169.0,6.178134112579706,0.0070466469060741456,0.567462126096856
N2b_5km_burns_coplanar,BO3-BLS-MSC,174.0,7.058401953497647,0.007580616767780893,0.5464910139423961
N2b_5km_burns_coplanar,BO3-BLS-MSC,179.0,6.847172543457858,0.007073449551287347,0.5146357019541303
N2b_5km_burns_coplanar,BO3-BLS-MSC,184.0,7.5481038127249125,0.007600836114523559,0.46296264576766905
N2b_5km_burns_coplanar,BO3-BLS-FULL,44.0,3.9150176232325307,0.006342945622065142,0.1230204548736233
N2b_5km_burns_coplanar,BO3-BLS-FULL,49.0,51.47920783218291,0.06313466610312564,0.38242710787307505
N2b_5km_burns_coplanar,BO3-BLS-FULL,54.0,69.18088700773977,0.0808709753876014,0.4038334590648114
N2b_5km_burns_coplanar,BO3-BLS-FULL,59.0,16.53241013962218,0.019322522585482227,0.2887460495100064
N2b_5km_burns_coplanar,BO3-BLS-FULL,64.0,120.34539111806681,0.13103903803212077,0.7110858573042124
N2b_5km_burns_coplanar,BO3-BLS-FULL,69.0,98.81527446289607,0.10592495166991897,0.48878411031590985
N2b_5km_burns_coplanar,BO3-BLS-FULL,74.0,131.88575423034538,0.13928793280955973,0.40965725636474204
N2b_5km_burns_coplanar,BO3-BLS-FULL,79.0,87.71817875070353,0.09167873864563861,0.2790661288810467
N2b_5km_burns_coplanar,BO3-BLS-FULL,84.0,107.44105090048471,0.11225986043119708,0.2575499655442854
N2b_5km_burns_coplanar,BO3-BLS-FULL,89.0,17.330509887395024,0.017786534340883293,0.13036090879797382
N2b_5km_burns_coplanar,BO3-BLS-FULL,94.0,10.803374174840952,0.011828801154644478,0.23375547208963968
N2b_5km_burns_coplanar,BO3-BLS-FULL,99.0,7.066220075107432,0.006975691100471418,0.2852914837980785
N2b_5km_burns_coplanar,BO3-BLS-FULL,104.0,25.582151661189833,0.027988296056135155,0.4027219753149132
N2b_5km_burns_coplanar,BO3-BLS-FULL,109.0,4.900595848456882,0.005332745981962523,0.3476148649365726
N2b_5km_burns_coplanar,BO3-BLS-FULL,114.0,14.685079134000809,0.018309428442081235,0.4308843890066642
N2b_5km_burns_coplanar,BO3-BLS-FULL,119.0,0.886089970828471,0.0025399128490208615,0.34832618125523257
N2b_5km_burns_coplanar,BO3-BLS-FULL,124.0,13.41744127654983,0.016684663248923523,0.485492111146773
N2b_5km_burns_coplanar,BO3-BLS-FULL,129.0,16.22717853353731,0.020136829751626825,0.5842802059329658
N2b_5km_burns_coplanar,BO3-BLS-FULL,134.0,15.541790848507079,0.018969197559214907,0.5757280943879223
N2b_5km_burns_coplanar,BO3-BLS-FULL,139.0,14.550712689856217,0.017380714831308323,0.5376056557294931
N2b_5km_burns_coplanar,BO3-BLS-FULL,144.0,17.508206469023488,0.02030171884045574,0.6419151688402588
N2b_5km_burns_coplanar,BO3-BLS-FULL,149.0,15.720963916155208,0.017644676557844317,0.6003092613727151
N2b_5km_burns_coplanar,BO3-BLS-FULL,154.0,13.59818154977511,0.014911989310363713,0.6336675169145681
N2b_5km_burns_coplanar,BO3-BLS-FULL,159.0,7.815796381216911,0.008617969196062784,0.5553217188909321
N2b_5km_burns_coplanar,BO3-BLS-FULL,164.0,6.161351961714287,0.0070523511298942595,0.5249613354323134
N2b_5km_burns_coplanar,BO3-BLS-FULL,169.0,6.178134112579706,0.0070466469060741456,0.567462126096856
N2b_5km_burns_coplanar,BO3-BLS-FULL,174.0,7.058401953497647,0.007580616767780893,0.5464910139423961
N2b_5km_burns_coplanar,BO3-BLS-FULL,179.0,6.847172543457858,0.007073449551287347,0.5146357019541303
N2b_5km_burns_coplanar,BO3-BLS-FULL,184.0,7.5481038127249125,0.007600836114523559,0.46296264576766905
N3_180deg_di0p75,RB3-EKF,0.0,4369.05928870686,3.8420150814958425,0.0700934031641351
N3_180deg_di0p75,RB3-EKF,5.0,3901.4656697650075,5.319645509300669,0.48610311120613475
N3_180deg_di0p75,RB3-EKF,10.0,6287.531919671084,8.202885135357484,0.6072417500240869
N3_180deg_di0p75,RB3-EKF,15.0,6915.2735013840675,10.97344585005552,0.9780358901084537
N3_180deg_di0p75,RB3-EKF,20.0,3531.6677788223997,3.39378442909274,0.8504725454835577
N3_180deg_di0p75,RB3-EKF,25.0,2565.320474786726,1.0078784348469187,0.7047597564863356
N3_180deg_di0p75,RB3-EKF,30.0,1446.2052563647526,1.6050003218186424,1.1724341155309197
N3_180deg_di0p75,RB3-EKF,35.0,4942.1014350249925,1.1446432933228579,1.3720980087388075
N3_180deg_di0p75,RB3-EKF,40.0,3321.0652756943737,3.3452612515094993,1.1296094006729833
N3_180deg_di0p75,RB3-EKF,45.0,3134.204495881613,4.031424958433527,1.334805100323857
N3_180deg_di0p75,RB3-EKF,50.0,3245.9179193269188,5.212578544703801,1.5632285976286793
N3_180deg_di0p75,RB3-EKF,55.0,1781.3575300887503,4.75797943647523,1.4329997743056817
N3_180deg_di0p75,RB3-EKF,60.0,1861.4085647360507,3.796485625276352,1.4204101181669373
N3_180deg_di0p75,RB3-EKF,65.0,2711.678868863847,2.189175905467335,1.8775043198388646
N3_180deg_di0p75,RB3-EKF,70.0,3035.0305728042886,1.6816251952066013,2.269468272595634
N3_180deg_di0p75,RB3-EKF,75.0,2651.6889726547356,1.494681802537761,2.6044820374620508
N3_180deg_di0p75,RB3-EKF,80.0,2065.5244298923963,2.350706475691368,1.9832199992575916
N3_180deg_di0p75,RB3-EKF,85.0,1807.3184013684224,1.991111908374102,1.7756852121876356
N3_180deg_di0p75,RB3-EKF,90.0,1617.0316344892854,1.7693613015558065,1.7738368182041826
N3_180deg_di0p75,RB3-EKF,95.0,1627.099898644467,1.808551615286837,1.8233931811113253
N3_180deg_di0p75,RB3-EKF,100.0,2000.4566518476663,2.1770001606665406,2.1921326636060834
N3_180deg_di0p75,RB3-EKF,105.0,1666.1947191268841,1.724728841408628,2.011603587535351
N3_180deg_di0p75,RB3-EKF,110.0,1531.015514203295,1.6456687121010738,2.093761795139769
N3_180deg_di0p75,RB3-EKF,115.0,1617.819436978993,1.7759198040891795,2.384491637033864
N3_180deg_di0p75,RB3-EKF,120.0,1298.263662697567,1.4388954285220668,2.074496683769707
N3_180deg_di0p75,RB3-EKF,125.0,1344.6979362838924,1.3034821132146153,2.0314537287532444
N3_180deg_di0p75,RB3-EKF,130.0,1167.0756303429273,1.4663599173484523,1.9941704440413934
N3_180deg_di0p75,RB3-EKF,135.0,1136.5189639333755,1.5395134711921221,2.0314038650384103
N3_180deg_di0p75,BO3-MSC-o,0.0,1644803.3838393982,1143.5611987229645,0.08957537008560279
N3_180deg_di0p75,BO3-MSC-o,5.0,1112100.440085125,1407.4306216852024,0.664133290764409
N3_180deg_di0p75,BO3-MSC-o,10.0,401341.3317442498,537.3499807371701,91.96660387427367
N3_180deg_di0p75,BO3-MSC-o,15.0,466876.6070495262,624.5047592806317,205.4794254982157
N3_180deg_di0p75,BO3-MSC-o,20.0,264832.15485023434,389.75528385440725,294.80612347531206
N3_180deg_di0p75,BO3-MSC-o,25.0,289727.5569275565,457.13984991293137,386.4761330079668
N3_180deg_di0p75,BO3-MSC-o,30.0,261243.86234984678,422.37521311593764,566.7772294506586
N3_180deg_di0p75,BO3-MSC-o,35.0,205992.53554182436,334.4894449208921,805.2972433907539
N3_180deg_di0p75,BO3-MSC-o,40.0,188296.30485684052,306.0372308853724,1033.741451438647
N3_180deg_di0p75,BO3-MSC-o,45.0,168616.8089614946,273.12865498790444,1289.906664322771
N3_180deg_di0p75,BO3-MSC-o,50.0,148003.5586873431,238.42613892289347,1539.6300193180634
N3_180deg_di0p75,BO3-MSC-o,55.0,134299.34928818475,214.4357598498599,1787.447279095013
N3_180deg_di0p75,BO3-MSC-o,60.0,132410.36574676575,207.85175507752206,2000.3903331925967
N3_180deg_di0p75,BO3-MSC-o,65.0,126507.62640429859,195.01129400522078,2214.8343665643683
N3_180deg_di0p75,BO3-MSC-o,70.0,133801.37419791243,200.45304933521209,2344.102533606154
N3_180deg_di0p75,BO3-MSC-o,75.0,131954.91777989815,192.87736097875003,2459.2287404434824
N3_180deg_di0p75,BO3-MSC-o,80.0,132613.84600083658,188.39331379213854,2500.4352716093595
N3_180deg_di0p75,BO3-MSC-o,85.0,126931.58910322413,175.88119981060427,2527.234808792179
N3_180deg_di0p75,BO3-MSC-o,90.0,130894.87347293184,174.88476866721973,2424.4760176757213
N3_180deg_di0p75,BO3-MSC-o,95.0,134625.1894364428,172.90648370824448,2244.66434043683
N3_180deg_di0p75,BO3-MSC-o,100.0,137670.29340006533,169.53810732534242,1983.4331675240621
N3_180deg_di0p75,BO3-MSC-o,105.0,135506.99657597026,160.2885765676921,1705.7962306971267
N3_180deg_di0p75,BO3-MSC-o,110.0,141209.18736030214,158.60352047285738,1354.6238634049794
N3_180deg_di0p75,BO3-MSC-o,115.0,134757.02202513567,144.57987509236597,1057.080776459822
N3_180deg_di0p75,BO3-MSC-o,120.0,128534.9562828121,130.98497718039985,793.1518710969203
N3_180deg_di0p75,BO3-MSC-o,125.0,123089.62553485825,118.66494729528469,579.7140934350176
N3_180deg_di0p75,BO3-MSC-o,130.0,111826.10917132418,101.85277220117764,423.7124479091661
N3_180deg_di0p75,BO3-MSC-o,135.0,100585.8535215471,86.93830629189445,323.4847455660863
N3_180deg_di0p75,BO3-BLS-MSC,44.0,6614.693286591516,3.5688681343010513,0.21933582673989535
N3_180deg_di0p75,BO3-BLS-MSC,49.0,6772.658989964313,4.31527913888065,0.5518919073303566
N3_180deg_di0p75,BO3-BLS-MSC,54.0,7224.842669734827,11.47829783804682,0.4670975757746736
N3_180deg_di0p75,BO3-BLS-MSC,59.0,7993.5242223134255,12.763242625809916,0.4783402582601996
N3_180deg_di0p75,BO3-BLS-MSC,64.0,9515.880415324365,14.156694895030183,0.5673902980517914
N3_180deg_di0p75,BO3-BLS-MSC,69.0,5588.417978903703,6.894790988097402,0.5639109715528339
N3_180deg_di0p75,BO3-BLS-MSC,74.0,5552.387319013999,6.422368398123018,0.39279018201284105
N3_180deg_di0p75,BO3-BLS-MSC,79.0,2045.0179061677936,2.1954597951778614,0.2245500247729879
N3_180deg_di0p75,BO3-BLS-MSC,84.0,9181.619082076766,10.510397393909008,0.4748224855734687
N3_180deg_di0p75,BO3-BLS-MSC,89.0,4929.924534528438,5.257374284309024,0.2634543939178205
N3_180deg_di0p75,BO3-BLS-MSC,94.0,3315.4388936072046,2.334194109018809,0.3288384568610275
N3_180deg_di0p75,BO3-BLS-MSC,99.0,3255.6121875120975,1.9208983719273562,0.3936746062714332
N3_180deg_di0p75,BO3-BLS-MSC,104.0,3283.8678833046793,1.216841846750616,0.4893287516609324
N3_180deg_di0p75,BO3-BLS-MSC,109.0,8141.782824749984,7.978283921159214,0.959521896820363
N3_180deg_di0p75,BO3-BLS-MSC,114.0,2334.081356959053,2.752455125697803,0.5456822835301872
N3_180deg_di0p75,BO3-BLS-MSC,119.0,1724.8206534163767,3.2506314585117893,0.5847011539827915
N3_180deg_di0p75,BO3-BLS-MSC,124.0,1910.0947535568123,3.8123215914805297,0.6934947949866208
N3_180deg_di0p75,BO3-BLS-MSC,129.0,1802.8817915542165,4.373399037657668,0.7376969196498168
N3_180deg_di0p75,BO3-BLS-MSC,134.0,1535.92301127846,3.9155523778504837,0.7076825840333556
N3_180deg_di0p75,BO3-BLS-MSC,139.0,2239.2254221579715,3.216742223989574,0.7009088446543101
N3_180deg_di0p75,BO3-BLS-FULL,44.0,6614.693286591516,3.5688681343010513,0.21933582673989535
N3_180deg_di0p75,BO3-BLS-FULL,49.0,6772.658989964313,4.31527913888065,0.5518919073303566
N3_180deg_di0p75,BO3-BLS-FULL,54.0,7224.842669734827,11.47829783804682,0.4670975757746736
N3_180deg_di0p75,BO3-BLS-FULL,59.0,7993.5242223134255,12.763242625809916,0.4783402582601996
N3_180deg_di0p75,BO3-BLS-FULL,64.0,9515.880415324365,14.156694895030183,0.5673902980517914
N3_180deg_di0p75,BO3-BLS-FULL,69.0,5588.417978903703,6.894790988097402,0.5639109715528339
N3_180deg_di0p75,BO3-BLS-FULL,74.0,5552.387319013999,6.422368398123018,0.39279018201284105
N3_180deg_di0p75,BO3-BLS-FULL,79.0,2045.0179061677936,2.1954597951778614,0.2245500247729879
N3_180deg_di0p75,BO3-BLS-FULL,84.0,9181.619082076766,10.510397393909008,0.4748224855734687
N3_180deg_di0p75,BO3-BLS-FULL,89.0,4929.924534528438,5.257374284309024,0.2634543939178205
N3_180deg_di0p75,BO3-BLS-FULL,94.0,3315.4388936072046,2.334194109018809,0.3288384568610275
N3_180deg_di0p75,BO3-BLS-FULL,99.0,3255.6121875120975,1.9208983719273562,0.3936746062714332
N3_180deg_di0p75,BO3-BLS-FULL,104.0,3283.8678833046793,1.216841846750616,0.4893287516609324
N3_180deg_di0p75,BO3-BLS-FULL,109.0,8141.782824749984,7.978283921159214,0.959521896820363
N3_180deg_di0p75,BO3-BLS-FULL,114.0,2334.081356959053,2.752455125697803,0.5456822835301872
N3_180deg_di0p75,BO3-BLS-FULL,119.0,1724.8206534163767,3.2506314585117893,0.5847011539827915
N3_180deg_di0p75,BO3-BLS-FULL,124.0,1910.0947535568123,3.8123215914805297,0.6934947949866208
N3_180deg_di0p75,BO3-BLS-FULL,129.0,1802.8817915542165,4.373399037657668,0.7376969196498168
N3_180deg_di0p75,BO3-BLS-FULL,134.0,1535.92301127846,3.9155523778504837,0.7076825840333556
N3_180deg_di0p75,BO3-BLS-FULL,139.0,2239.2254221579715,3.216742223989574,0.7009088446543101
N3b_180deg_coplanar,RB3-EKF,0.0,4369.1530371150875,3.8582283629666803,0.07009398873009304
N3b_180deg_coplanar,RB3-EKF,5.0,3899.7582854330003,5.364507637281917,0.4865580101353135
N3b_180deg_coplanar,RB3-EKF,10.0,6216.5874822292035,7.971847747185921,0.6054885348053355
N3b_180deg_coplanar,RB3-EKF,15.0,6765.937680252617,10.560151900138402,0.9651559526101469
N3b_180deg_coplanar,RB3-EKF,20.0,3698.0949862390767,3.7121921932730837,0.8560570105530894
N3b_180deg_coplanar,RB3-EKF,25.0,2913.5902819194002,1.446661073910914,0.721452570631873
N3b_180deg_coplanar,RB3-EKF,30.0,1228.8909614972586,1.2603154378543837,1.1665642712375517
N3b_180deg_coplanar,RB3-EKF,35.0,4562.277049109931,1.1735484525174424,1.3148956622028454
N3b_180deg_coplanar,RB3-EKF,40.0,3127.272896169242,2.4592194326342987,0.990330551027674
N3b_180deg_coplanar,RB3-EKF,45.0,3462.8811895036497,3.446030499936708,1.2501972899203455
N3b_180deg_coplanar,RB3-EKF,50.0,3601.731676664638,4.116888482458289,1.2983158847591314
N3b_180deg_coplanar,RB3-EKF,55.0,2152.9977672391365,4.529267487361379,1.2443551724316582
N3b_180deg_coplanar,RB3-EKF,60.0,2014.0771119903561,4.495816432338337,1.3949751422600414
N3b_180deg_coplanar,RB3-EKF,65.0,2051.1669370577674,4.187802470634518,1.9010646159148268
N3b_180deg_coplanar,RB3-EKF,70.0,2931.2318824141385,3.4845943256732355,2.2892754769648076
N3b_180deg_coplanar,RB3-EKF,75.0,2792.598055590248,2.407104616826629,2.5860904572985413
N3b_180deg_coplanar,RB3-EKF,80.0,2444.2938462669613,2.4639166056589943,2.0622425295255247
N3b_180deg_coplanar,RB3-EKF,85.0,1774.2262441687947,2.0165228362546506,1.7862105968792747
N3b_180deg_coplanar,RB3-EKF,90.0,1626.659505196324,1.8254165578239825,1.7816132410024024
N3b_180deg_coplanar,RB3-EKF,95.0,2478.7884406000894,1.8121535282402832,1.9893121338228632
N3b_180deg_coplanar,RB3-EKF,100.0,3056.0451925834377,2.2246313882192297,2.4864812205185176
N3b_180deg_coplanar,RB3-EKF,105.0,2532.779055862024,2.3109962495549636,2.3056350707519555
N3b_180deg_coplanar,RB3-EKF,110.0,1803.7484118065229,2.7934598456161623,2.3545575733086364
N3b_180deg_coplanar,RB3-EKF,115.0,1754.1183450756994,3.076464916246024,2.6745187794638134
N3b_180deg_coplanar,RB3-EKF,120.0,1256.7834013396155,3.1293905497760286,2.4066859657062873
N3b_180deg_coplanar,RB3-EKF,125.0,1236.8055272130232,3.2374860588260246,2.398918024148283
N3b_180deg_coplanar,RB3-EKF,130.0,1012.047044247716,3.3123152718326345,2.3573939493594804
N3b_180deg_coplanar,RB3-EKF,135.0,1819.1089725431584,2.8721868427929693,2.4067949502688233
N3b_180deg_coplanar,BO3-EKF,0.0,13534641.76808181,15353.206469855457,4555.071339602976
N3b_180deg_coplanar,BO3-EKF,5.0,13504581.604193961,15322.314654582984,584918304.1170101
N3b_180deg_coplanar,BO3-EKF,10.0,13504127.171980634,15290.293213710562,8073171685.159542
N3b_180deg_coplanar,BO3-EKF,15.0,13511612.862413824,15301.143454259023,75130331478.90825
N3b_180deg_coplanar,BO3-EKF,20.0,13550017.922187548,15326.884665136267,386456963325.4345
N3b_180deg_coplanar,BO3-EKF,25.0,13571525.080194699,15332.535754630342,1398142080856.6511
N3b_180deg_coplanar,BO3-EKF,30.0,13571104.97217818,15328.216335505334,2160400841501762.2
N3b_180deg_coplanar,BO3-EKF,35.0,13571351.892406192,15327.30377783866,3356448236867244.0
N3b_180deg_coplanar,BO3-EKF,40.0,13571065.406065566,15327.187018710858,4648255796177563.0
N3b_180deg_coplanar,BO3-EKF,45.0,13570807.571701676,15327.26929008091,5442606569614077.0
N3b_180deg_coplanar,BO3-EKF,50.0,13570645.75001292,15327.317067330643,1.428514731526005e+16
N3b_180deg_coplanar,BO3-EKF,55.0,13570499.798881847,15327.33261802685,6.203137346457459e+16
N3b_180deg_coplanar,BO3-EKF,60.0,13570304.28860885,15327.348335965715,2.1106626181911706e+17
N3b_180deg_coplanar,BO3-EKF,65.0,13570083.032687495,15327.32484829675,5.274890574783357e+17
N3b_180deg_coplanar,BO3-EKF,70.0,13569861.42674704,15327.216494755707,9.922336317756796e+17
N3b_180deg_coplanar,BO3-EKF,75.0,13569649.425050803,15326.990577871788,1.4479331497287017e+18
N3b_180deg_coplanar,BO3-EKF,80.0,13569435.657094523,15326.637717971747,1.7308348245897157e+18
N3b_180deg_coplanar,BO3-EKF,85.0,13569188.109063286,15326.177267559007,1.8131274173535798e+18
N3b_180deg_coplanar,BO3-EKF,90.0,13568897.1164393,15325.624129062804,1.7606163402205676e+18
N3b_180deg_coplanar,BO3-EKF,95.0,13568575.585687838,15324.988281198443,1.6442918644311826e+18
N3b_180deg_coplanar,BO3-EKF,100.0,13568230.529715057,15324.298904797706,1.5101024291832911e+18
N3b_180deg_coplanar,BO3-EKF,105.0,13567861.839841982,15323.602642296823,1.3832092896805693e+18
N3b_180deg_coplanar,BO3-EKF,110.0,13567480.943443233,15322.93898445459,1.278552881244792e+18
N3b_180deg_coplanar,BO3-EKF,115.0,13567098.32124462,15322.34323058563,1.2246630768659822e+18
N3b_180deg_coplanar,BO3-EKF,120.0,13566735.12128554,15321.821824926517,1.4772390541362296e+18
N3b_180deg_coplanar,BO3-EKF,125.0,13566345.891225966,15321.432205706033,2.2705673028195612e+18
N3b_180deg_coplanar,BO3-EKF,130.0,13565919.340051038,15321.193306087589,3.5895425167333053e+18
N3b_180deg_coplanar,BO3-EKF,135.0,13565565.013456492,15320.968239784273,4.300613657812368e+18
N3b_180deg_coplanar,BO3-MSC-o,0.0,1644838.6837519263,1143.6033910873584,0.08957421166906498
N3b_180deg_coplanar,BO3-MSC-o,5.0,883437.608934752,1175.04052253709,0.5967381798565736
N3b_180deg_coplanar,BO3-MSC-o,10.0,361332.24574967014,478.7130144767838,58.71774786990833
N3b_180deg_coplanar,BO3-MSC-o,15.0,396745.34384579165,526.0965982649534,132.11727285887977
N3b_180deg_coplanar,BO3-MSC-o,20.0,207995.94328472225,306.94660779978574,177.92224742331337
N3b_180deg_coplanar,BO3-MSC-o,25.0,242461.93156242196,382.0132499844065,221.00519277106014
N3b_180deg_coplanar,BO3-MSC-o,30.0,219961.55700071278,355.2201130552345,311.07444556300754
N3b_180deg_coplanar,BO3-MSC-o,35.0,168152.18686317262,272.7808751258578,427.97262282177957
N3b_180deg_coplanar,BO3-MSC-o,40.0,152813.11514492863,248.00281237374173,531.3461423127585
N3b_180deg_coplanar,BO3-MSC-o,45.0,134539.62525224034,217.59207586858767,642.554555786946
N3b_180deg_coplanar,BO3-MSC-o,50.0,114595.8899455569,184.56355785437697,743.5662285864629
N3b_180deg_coplanar,BO3-MSC-o,55.0,101264.73536629778,161.87980735878128,837.7806725920478
N3b_180deg_coplanar,BO3-MSC-o,60.0,99262.14408498291,155.86797539974793,911.9830613030377
N3b_180deg_coplanar,BO3-MSC-o,65.0,93115.01500403744,143.59535447677007,984.542577092646
N3b_180deg_coplanar,BO3-MSC-o,70.0,99896.95089093102,149.21581858062805,1019.8650465532975
N3b_180deg_coplanar,BO3-MSC-o,75.0,97364.82113379393,141.82295747937835,1050.22295447299
N3b_180deg_coplanar,BO3-MSC-o,80.0,97216.98303799698,137.48063894447742,1054.173623512114
N3b_180deg_coplanar,BO3-MSC-o,85.0,90689.72168908652,125.28054447870669,1057.5588317400336
N3b_180deg_coplanar,BO3-MSC-o,90.0,93786.49079889254,124.66558373509655,1017.494719298088
N3b_180deg_coplanar,BO3-MSC-o,95.0,96694.11785512192,123.30888811507289,954.6474368495557
N3b_180deg_coplanar,BO3-MSC-o,100.0,99057.44522651123,120.92602665840106,865.8792590676957
N3b_180deg_coplanar,BO3-MSC-o,105.0,96547.39117494019,113.28387095670817,772.6358556673727
N3b_180deg_coplanar,BO3-MSC-o,110.0,102260.59315337306,113.69881043561564,656.1453144886501
N3b_180deg_coplanar,BO3-MSC-o,115.0,96607.55819832292,102.83724718427976,548.9375937935987
N3b_180deg_coplanar,BO3-MSC-o,120.0,92080.64065461094,93.31840461291922,449.7354507566045
N3b_180deg_coplanar,BO3-MSC-o,125.0,89262.93156521437,85.8328573142789,364.8924929714388
N3b_180deg_coplanar,BO3-MSC-o,130.0,81957.83001380526,74.84506147976848,293.77354697104096
N3b_180deg_coplanar,BO3-MSC-o,135.0,75540.16969314405,65.94899359977315,244.23376860616338
N3b_180deg_coplanar,BO3-BLS-MSC,44.0,6632.491532460698,3.6445779499638187,0.2193489062224081
N3b_180deg_coplanar,BO3-BLS-MSC,49.0,6761.77479545399,4.309522202287115,0.5509414400244482
N3b_180deg_coplanar,BO3-BLS-MSC,54.0,7209.888344651457,11.4495555938804,0.4663622477973273
N3b_180deg_coplanar,BO3-BLS-MSC,59.0,8024.558900454101,12.78661355898583,0.4784713522612181
N3b_180deg_coplanar,BO3-BLS-MSC,64.0,9468.17280511342,14.073164185724297,0.5662499742458865
N3b_180deg_coplanar,BO3-BLS-MSC,69.0,5529.042961455348,6.802847959998504,0.5626232750880223
N3b_180deg_coplanar,BO3-BLS-MSC,74.0,5525.407712277909,6.425173165156373,0.3901295239400382
N3b_180deg_coplanar,BO3-BLS-MSC,79.0,2016.295438304591,2.2008443156933506,0.2234627945689999
N3b_180deg_coplanar,BO3-BLS-MSC,84.0,9199.879960169437,10.517538839574057,0.4776675550310711
N3b_180deg_coplanar,BO3-BLS-MSC,89.0,4933.710035141544,5.251803215144073,0.26569615138913955
N3b_180deg_coplanar,BO3-BLS-MSC,94.0,3324.586407878613,2.339743984341641,0.33235663891734746
N3b_180deg_coplanar,BO3-BLS-MSC,99.0,3265.587061675133,1.9178723907505633,0.39710449726786673
N3b_180deg_coplanar,BO3-BLS-MSC,104.0,3294.319184910707,1.227326938812291,0.49241018493337035
N3b_180deg_coplanar,BO3-BLS-MSC,109.0,8155.533366182303,7.980173199627756,0.9665044002128044
N3b_180deg_coplanar,BO3-BLS-MSC,114.0,2329.4032142725114,2.7571932050951524,0.5492525320511289
N3b_180deg_coplanar,BO3-BLS-MSC,119.0,1728.078688207841,3.2703262195944536,0.5885102006409875
N3b_180deg_coplanar,BO3-BLS-MSC,124.0,1940.1781858919567,3.8460957261619604,0.697772308285893
N3b_180deg_coplanar,BO3-BLS-MSC,129.0,1853.183131979704,4.40862085714537,0.7426930584086198
N3b_180deg_coplanar,BO3-BLS-MSC,134.0,1525.294037399945,3.9141712317816553,0.7096373128389666
N3b_180deg_coplanar,BO3-BLS-MSC,139.0,2245.1078090057385,3.2181642211356745,0.703221403922493
N3b_180deg_coplanar,BO3-BLS-FULL,44.0,6632.491532460698,3.6445779499638187,0.2193489062224081
N3b_180deg_coplanar,BO3-BLS-FULL,49.0,6761.77479545399,4.309522202287115,0.5509414400244482
N3b_180deg_coplanar,BO3-BLS-FULL,54.0,7209.888344651457,11.4495555938804,0.4663622477973273
N3b_180deg_coplanar,BO3-BLS-FULL,59.0,8024.558900454101,12.78661355898583,0.4784713522612181
N3b_180deg_coplanar,BO3-BLS-FULL,64.0,9468.17280511342,14.073164185724297,0.5662499742458865
N3b_180deg_coplanar,BO3-BLS-FULL,69.0,5529.042961455348,6.802847959998504,0.5626232750880223
N3b_180deg_coplanar,BO3-BLS-FULL,74.0,5525.407712277909,6.425173165156373,0.3901295239400382
N3b_180deg_coplanar,BO3-BLS-FULL,79.0,2016.295438304591,2.2008443156933506,0.2234627945689999
N3b_180deg_coplanar,BO3-BLS-FULL,84.0,9199.879960169437,10.517538839574057,0.4776675550310711
N3b_180deg_coplanar,BO3-BLS-FULL,89.0,4933.710035141544,5.251803215144073,0.26569615138913955
N3b_180deg_coplanar,BO3-BLS-FULL,94.0,3324.586407878613,2.339743984341641,0.33235663891734746
N3b_180deg_coplanar,BO3-BLS-FULL,99.0,3265.587061675133,1.9178723907505633,0.39710449726786673
N3b_180deg_coplanar,BO3-BLS-FULL,104.0,3294.319184910707,1.227326938812291,0.49241018493337035
N3b_180deg_coplanar,BO3-BLS-FULL,109.0,8155.533366182303,7.980173199627756,0.9665044002128044
N3b_180deg_coplanar,BO3-BLS-FULL,114.0,2329.4032142725114,2.7571932050951524,0.5492525320511289
N3b_180deg_coplanar,BO3-BLS-FULL,119.0,1728.078688207841,3.2703262195944536,0.5885102006409875
N3b_180deg_coplanar,BO3-BLS-FULL,124.0,1940.1781858919567,3.8460957261619604,0.697772308285893
N3b_180deg_coplanar,BO3-BLS-FULL,129.0,1853.183131979704,4.40862085714537,0.7426930584086198
N3b_180deg_coplanar,BO3-BLS-FULL,134.0,1525.294037399945,3.9141712317816553,0.7096373128389666
N3b_180deg_coplanar,BO3-BLS-FULL,139.0,2245.1078090057385,3.2181642211356745,0.703221403922493
N4_300km_di1p0,RB3-EKF,0.0,507.32934535852246,4.112351481959618,0.9176130686218483
N4_300km_di1p0,RB3-EKF,5.0,256.3271855159703,1.7419970391453894,0.7042809350170982
N4_300km_di1p0,RB3-EKF,10.0,212.8018592972254,0.5295866020965811,0.8415509839683089
N4_300km_di1p0,RB3-EKF,15.0,127.38007627630404,0.26107636423450237,0.6369409241067231
N4_300km_di1p0,RB3-EKF,20.0,164.94737518408468,0.2652873745182757,1.0128052366471747
N4_300km_di1p0,RB3-EKF,25.0,49.0969533385142,0.04434556760902803,0.6364031905648316
N4_300km_di1p0,RB3-EKF,30.0,98.34016095225756,0.13342930288468852,0.9812464769742305
N4_300km_di1p0,RB3-EKF,35.0,99.78425786830478,0.0402606087698905,0.8463977820997889
N4_300km_di1p0,RB3-EKF,40.0,77.42754499757974,0.10345240465837223,0.7804977275360466
N4_300km_di1p0,RB3-EKF,45.0,124.70846597072341,0.1955506037620374,1.5236594252276696
N4_300km_di1p0,RB3-EKF,50.0,87.22762948742825,0.09949713900340282,1.0411813022996268
N4_300km_di1p0,RB3-EKF,55.0,52.34550720407341,0.09551903261022028,0.8047258771411192
N4_300km_di1p0,RB3-EKF,60.0,47.08362068508654,0.10431108453302024,0.9876462728726051
N4_300km_di1p0,RB3-EKF,65.0,40.32476709609799,0.06949200101107482,0.8834071888915517
N4_300km_di1p0,RB3-EKF,70.0,19.253739359782433,0.09410063685869663,0.7918178125550129
N4_300km_di1p0,RB3-EKF,75.0,24.05056637876517,0.06879414171828703,0.9140654883835495
N4_300km_di1p0,RB3-EKF,80.0,31.94613946435242,0.064765334661075,1.0270590068857046
N4_300km_di1p0,RB3-EKF,85.0,50.070542633257126,0.059752125207551805,0.8082321037576814
N4_300km_di1p0,RB3-EKF,90.0,53.74435348683632,0.03401155123727935,0.7856240908351744
N4_300km_di1p0,RB3-EKF,95.0,69.08102941903215,0.01134323234620373,0.9088398467509627
N4_300km_di1p0,RB3-EKF,100.0,88.29797325453136,0.014581574021569826,1.238601565078955
N4_300km_di1p0,RB3-EKF,105.0,74.4000994561285,0.04582808801535529,1.194000702176279
N4_300km_di1p0,RB3-EKF,110.0,54.096492406878696,0.07130688153275948,1.2245172726152365
N4_300km_di1p0,RB3-EKF,115.0,38.81244857025551,0.0872488995651784,1.360906116241326
N4_300km_di1p0,RB3-EKF,120.0,28.21198434019899,0.09939497055833903,1.9402203709092227
N4_300km_di1p0,RB3-EKF,125.0,21.94600775498682,0.0970686607761144,1.8334027839032252
N4_300km_di1p0,RB3-EKF,130.0,33.3225349578096,0.08864765687184893,1.7143394367978846
N4_300km_di1p0,RB3-EKF,135.0,59.11633717717833,0.07217356825592681,1.8786242059292257
N4_300km_di1p0,RB3-EKF,140.0,78.5770079793442,0.04692795120046454,2.143302857614298
N4_300km_di1p0,RB3-EKF,145.0,80.74372411309167,0.012603108317475896,1.9836933742389904
N4_300km_di1p0,RB3-EKF,150.0,80.44469451852761,0.02096387066600599,2.064080254984046
N4_300km_di1p0,RB3-EKF,155.0,73.81605511070752,0.04975244888864628,2.145857990302666
N4_300km_di1p0,RB3-EKF,160.0,50.43251523003773,0.07516601570563997,2.1061403560501586
N4_300km_di1p0,RB3-EKF,165.0,24.672363715647787,0.08674265571527025,2.120191255299836
N4_300km_di1p0,RB3-EKF,170.0,6.364547705659655,0.09132256590572566,2.1246001656035998
N4_300km_di1p0,RB3-EKF,175.0,38.71644199790218,0.08264037699994814,2.491514089852978
N4_300km_di1p0,RB3-EKF,180.0,47.25266975556079,0.0698180874864139,2.1331217474592044
N4_300km_di1p0,RB3-EKF,185.0,55.99409613958818,0.05252526339449323,1.9247154525676207
N4_300km_di1p0,BO3-EKF,0.0,286653.74512870284,293.6913191900773,208.49469099857853
N4_300km_di1p0,BO3-EKF,5.0,305344.74417221505,321.2452091735529,3005.986285285903
N4_300km_di1p0,BO3-EKF,10.0,329148.441649162,361.44171013095274,36934.561148305474
N4_300km_di1p0,BO3-EKF,15.0,354825.8141983089,403.81213077585545,300692.31723241793
N4_300km_di1p0,BO3-EKF,20.0,383679.71359527146,444.86464815505633,1516846.8919994321
N4_300km_di1p0,BO3-EKF,25.0,424309.3861915771,491.6468091051849,5749676.163028761
N4_300km_di1p0,BO3-EKF,30.0,460404.34577344026,525.6883295961601,18193816.125879027
N4_300km_di1p0,BO3-EKF,35.0,498562.52547395125,558.1948376786844,50796095.929151215
N4_300km_di1p0,BO3-EKF,40.0,531491.2076138634,585.789725711579,153467774.2750575
N4_300km_di1p0,BO3-EKF,45.0,563826.7534984121,617.5338402544519,584132042.9041476
N4_300km_di1p0,BO3-EKF,50.0,593221.3641953416,652.2585254473274,2361350413.8219676
N4_300km_di1p0,BO3-EKF,55.0,620411.6741830055,689.5408834303104,7935541541.54028
N4_300km_di1p0,BO3-EKF,60.0,647040.601573595,728.0685426592398,21930761889.821144
N4_300km_di1p0,BO3-EKF,65.0,674668.8778059912,765.9928048682812,51916361890.378075
N4_300km_di1p0,BO3-EKF,70.0,703924.2037652652,801.4332470202747,109928921542.44261
N4_300km_di1p0,BO3-EKF,75.0,735580.2534853243,834.6959863170872,218450172857.2678
N4_300km_di1p0,BO3-EKF,80.0,768624.6652635125,866.1454742582134,430539734450.2576
N4_300km_di1p0,BO3-EKF,85.0,801860.655994284,897.2216202579076,895479235139.9476
N4_300km_di1p0,BO3-EKF,90.0,834003.1694855009,929.2840972251821,2095927245573.122
N4_300km_di1p0,BO3-EKF,95.0,864303.8867751332,963.1377354028791,5718060822213.401
N4_300km_di1p0,BO3-EKF,100.0,892814.8201353973,998.7143489379978,15445083574333.775
N4_300km_di1p0,BO3-EKF,105.0,920291.3931000917,1035.1352503599403,30334093420096.344
N4_300km_di1p0,BO3-EKF,110.0,947858.6528162088,1071.1691200678185,43347011604546.85
N4_300km_di1p0,BO3-EKF,115.0,976530.5170531883,1105.7954849767657,52233673330246.66
N4_300km_di1p0,BO3-EKF,120.0,1006763.8662678401,1138.6005670348693,58732151661070.38
N4_300km_di1p0,BO3-EKF,125.0,1038317.3856723458,1169.9452478633473,64724606413216.23
N4_300km_di1p0,BO3-EKF,130.0,1070429.8010981006,1200.8191603360808,72431628903173.25
N4_300km_di1p0,BO3-EKF,135.0,1102166.0993528236,1232.3954555440876,84692238455367.23
N4_300km_di1p0,BO3-EKF,140.0,1132834.1390050808,1265.552094656057,100842013172542.23
N4_300km_di1p0,BO3-EKF,145.0,1162266.353438433,1300.5297431802214,117992650593113.67
N4_300km_di1p0,BO3-EKF,150.0,1190866.5615844617,1336.872326593699,134419515317596.42
N4_300km_di1p0,BO3-EKF,155.0,1219409.5967247332,1373.6544719813437,150351369874047.03
N4_300km_di1p0,BO3-EKF,160.0,1248691.2738641186,1409.8867779418238,166415036672116.4
N4_300km_di1p0,BO3-EKF,165.0,1279179.072955578,1444.9160214561234,184183083609615.34
N4_300km_di1p0,BO3-EKF,170.0,1310809.4957524685,1478.6515749486566,203362472454142.47
N4_300km_di1p0,BO3-EKF,175.0,1343025.2189151007,1511.5463063846382,225574562673516.22
N4_300km_di1p0,BO3-EKF,180.0,1375022.9500155102,1544.348739744408,248867115985593.66
N4_300km_di1p0,BO3-EKF,185.0,1406093.669224008,1577.7387035555814,272264148365914.34
N4_300km_di1p0,BO3-MSC-o,0.0,61569.50854261568,63.842594141946606,1.5664483588062084
N4_300km_di1p0,BO3-MSC-o,5.0,63654.87965836671,67.49238236792065,1.7653293849966445
N4_300km_di1p0,BO3-MSC-o,10.0,69879.67495054007,77.84870685972015,2.64656153441209
N4_300km_di1p0,BO3-MSC-o,15.0,1525.5392838241562,2.7049208651788024,1.1190303360238139
N4_300km_di1p0,BO3-MSC-o,20.0,40901.367532659206,47.672106330322066,2.636902418722257
N4_300km_di1p0,BO3-MSC-o,25.0,23456.3439283303,27.265286070606322,1.9851193626042567
N4_300km_di1p0,BO3-MSC-o,30.0,25778.713092694954,29.752480172568742,3.3765724817517193
N4_300km_di1p0,BO3-MSC-o,35.0,24854.636434264878,28.155005029308427,5.610728933391113
N4_300km_di1p0,BO3-MSC-o,40.0,1249.8886709574454,1.886225639883815,3.0201833173420365
N4_300km_di1p0,BO3-MSC-o,45.0,1540.6321550588568,2.0812134196264855,2.804962187297546
N4_300km_di1p0,BO3-MSC-o,50.0,3561.491227825277,4.165052094977631,2.579272466050804
N4_300km_di1p0,BO3-MSC-o,55.0,2402.776253111195,2.4025231831651888,2.284613162405307
N4_300km_di1p0,BO3-MSC-o,60.0,1023.9382348646068,0.9179243423087122,2.167291486711751
N4_300km_di1p0,BO3-MSC-o,65.0,4889.069260543775,5.442910434430532,2.10411792167791
N4_300km_di1p0,BO3-MSC-o,70.0,3356.154349516395,3.7294794360872827,2.128943068071155
N4_300km_di1p0,BO3-MSC-o,75.0,2719.9379386572305,3.0546326955042407,2.2192317115503575
N4_300km_di1p0,BO3-MSC-o,80.0,6598.410269302401,7.60801837395125,2.43146668517595
N4_300km_di1p0,BO3-MSC-o,85.0,7107.200934648096,8.190079323974185,2.630932873915767
N4_300km_di1p0,BO3-MSC-o,90.0,7794.142391631798,8.947743825375237,2.7199125726661175
N4_300km_di1p0,BO3-MSC-o,95.0,3986.188560448652,4.6126735309167834,1.9720557215045316
N4_300km_di1p0,BO3-MSC-o,100.0,3603.7582525643634,4.203972359500418,1.8776452307127647
N4_300km_di1p0,BO3-MSC-o,105.0,3788.267461329695,4.446908916709905,1.9328357405578533
N4_300km_di1p0,BO3-MSC-o,110.0,1845.759874459547,2.2284450994992504,1.696273419095016
N4_300km_di1p0,BO3-MSC-o,115.0,1674.6742506334647,2.028013810125527,1.6830896820657315
N4_300km_di1p0,BO3-MSC-o,120.0,2397.343138378014,2.8255768548980797,1.814967239747585
N4_300km_di1p0,BO3-MSC-o,125.0,3225.061887814684,3.7058269907230894,2.072171220270785
N4_300km_di1p0,BO3-MSC-o,130.0,3431.449183776374,3.8668548765834148,2.203688440720653
N4_300km_di1p0,BO3-MSC-o,135.0,2448.2709528388173,2.7075433256068187,1.9305297094774838
N4_300km_di1p0,BO3-MSC-o,140.0,3091.9070549709727,3.389483685941839,2.17937084785692
N4_300km_di1p0,BO3-MSC-o,145.0,2942.842806253113,3.201940923613849,2.1832227741281978
N4_300km_di1p0,BO3-MSC-o,150.0,2764.4595269046363,2.9931100428721664,2.1374078281614723
N4_300km_di1p0,BO3-MSC-o,155.0,3246.839682415551,3.5495659635546883,2.3501309811440145
N4_300km_di1p0,BO3-MSC-o,160.0,3817.1843058861073,4.217213272423988,2.56539382960069
N4_300km_di1p0,BO3-MSC-o,165.0,4160.242180567124,4.630166863381941,2.7326942418792175
N4_300km_di1p0,BO3-MSC-o,170.0,4415.342383082919,4.94358030676434,2.880914387261559
N4_300km_di1p0,BO3-MSC-o,175.0,3973.6011792200834,4.466029987553023,2.7317995335411616
N4_300km_di1p0,BO3-MSC-o,180.0,3808.706218724597,4.3172187852527895,2.7046102784192168
N4_300km_di1p0,BO3-MSC-o,185.0,3739.128173804396,4.283616626014874,2.7245430659211185
N4_300km_di1p0,BO3-BLS-MSC,44.0,7174.289375182309,8.049371383391419,0.18691616223659127
N4_300km_di1p0,BO3-BLS-MSC,49.0,10563.365335799557,11.591827430316537,0.5206705252629124
N4_300km_di1p0,BO3-BLS-MSC,54.0,2968.342862007524,3.2910381970834064,0.3442620129433754
N4_300km_di1p0,BO3-BLS-MSC,59.0,4387.932727609123,5.085253365183756,0.38228079573091556
N4_300km_di1p0,BO3-BLS-MSC,64.0,2102.959660268418,2.4487656549636245,0.6024027589473427
N4_300km_di1p0,BO3-BLS-MSC,69.0,5721.8947023686,6.765307794910217,0.5079800731078244
N4_300km_di1p0,BO3-BLS-MSC,74.0,3894.2219100752836,4.626425353131558,0.32098707612918514
N4_300km_di1p0,BO3-BLS-MSC,79.0,3976.7376693795864,4.613314971779033,0.19577713492246085
N4_300km_di1p0,BO3-BLS-MSC,84.0,4102.020234052888,4.764563437272307,0.2036332580730126
N4_300km_di1p0,BO3-BLS-MSC,89.0,7341.706513279649,8.477439255368774,0.4657599573314328
N4_300km_di1p0,BO3-BLS-MSC,94.0,1887.9144787979776,2.2088029364489716,0.23217665573076385
N4_300km_di1p0,BO3-BLS-MSC,99.0,1633.3387971745399,1.9072665313238786,0.30811608886269204
N4_300km_di1p0,BO3-BLS-MSC,104.0,2051.0480350783055,2.3728893005858125,0.4458244748202396
N4_300km_di1p0,BO3-BLS-MSC,109.0,1092.4979609649088,1.2455700439286588,0.3759434179067582
N4_300km_di1p0,BO3-BLS-MSC,114.0,569.4679005138399,0.7067882507580564,0.3939019607697742
N4_300km_di1p0,BO3-BLS-MSC,119.0,500.3659263083239,0.5633051171925311,0.415701550503079
N4_300km_di1p0,BO3-BLS-MSC,124.0,2087.4612220286554,2.350812308616105,0.5885345878998928
N4_300km_di1p0,BO3-BLS-MSC,129.0,2593.0680752516287,2.8953079392384016,0.6894661445814814
N4_300km_di1p0,BO3-BLS-MSC,134.0,1946.1682731005812,2.1545622781011784,0.63639645100038
N4_300km_di1p0,BO3-BLS-MSC,139.0,2080.713295832526,2.3020549239404384,0.6671899758636296
N4_300km_di1p0,BO3-BLS-MSC,144.0,1549.8916850007777,1.7043579980347932,0.661651902739008
N4_300km_di1p0,BO3-BLS-MSC,149.0,1842.9820296574505,2.037899488067563,0.7123164863798189
N4_300km_di1p0,BO3-BLS-MSC,154.0,2161.9302482939243,2.408766916781655,0.8581923072287063
N4_300km_di1p0,BO3-BLS-MSC,159.0,3171.2364697263447,3.568841866315617,1.0599866256169252
N4_300km_di1p0,BO3-BLS-MSC,164.0,3638.0885115876476,4.110100935618619,1.1775120279982538
N4_300km_di1p0,BO3-BLS-MSC,169.0,4228.224145823213,4.788192542292284,1.4462899580172273
N4_300km_di1p0,BO3-BLS-MSC,174.0,3504.851771099439,3.962777199328379,1.1980908849060297
N4_300km_di1p0,BO3-BLS-MSC,179.0,3272.54334584306,3.711327110768146,1.093153521879181
N4_300km_di1p0,BO3-BLS-MSC,184.0,3320.0130677922843,3.788555168674826,1.0438515375231108
N4_300km_di1p0,BO3-BLS-FULL,44.0,7174.289375182309,8.049371383391419,0.18691616223659127
N4_300km_di1p0,BO3-BLS-FULL,49.0,10563.365335799557,11.591827430316537,0.5206705252629124
N4_300km_di1p0,BO3-BLS-FULL,54.0,2968.342862007524,3.2910381970834064,0.3442620129433754
N4_300km_di1p0,BO3-BLS-FULL,59.0,4387.932727609123,5.085253365183756,0.38228079573091556
N4_300km_di1p0,BO3-BLS-FULL,64.0,2102.959660268418,2.4487656549636245,0.6024027589473427
N4_300km_di1p0,BO3-BLS-FULL,69.0,5721.8947023686,6.765307794910217,0.5079800731078244
N4_300km_di1p0,BO3-BLS-FULL,74.0,3894.2219100752836,4.626425353131558,0.32098707612918514
N4_300km_di1p0,BO3-BLS-FULL,79.0,3976.7376693795864,4.613314971779033,0.19577713492246085
N4_300km_di1p0,BO3-BLS-FULL,84.0,4102.020234052888,4.764563437272307,0.2036332580730126
N4_300km_di1p0,BO3-BLS-FULL,89.0,7341.706513279649,8.477439255368774,0.4657599573314328
N4_300km_di1p0,BO3-BLS-FULL,94.0,1887.9144787979776,2.2088029364489716,0.23217665573076385
N4_300km_di1p0,BO3-BLS-FULL,99.0,1633.3387971745399,1.9072665313238786,0.30811608886269204
N4_300km_di1p0,BO3-BLS-FULL,104.0,2051.0480350783055,2.3728893005858125,0.4458244748202396
N4_300km_di1p0,BO3-BLS-FULL,109.0,1092.4979609649088,1.2455700439286588,0.3759434179067582
N4_300km_di1p0,BO3-BLS-FULL,114.0,569.4679005138399,0.7067882507580564,0.3939019607697742
N4_300km_di1p0,BO3-BLS-FULL,119.0,500.3659263083239,0.5633051171925311,0.415701550503079
N4_300km_di1p0,BO3-BLS-FULL,124.0,2087.4612220286554,2.350812308616105,0.5885345878998928
N4_300km_di1p0,BO3-BLS-FULL,129.0,2593.0680752516287,2.8953079392384016,0.6894661445814814
N4_300km_di1p0,BO3-BLS-FULL,134.0,1946.1682731005812,2.1545622781011784,0.63639645100038
N4_300km_di1p0,BO3-BLS-FULL,139.0,2080.713295832526,2.3020549239404384,0.6671899758636296
N4_300km_di1p0,BO3-BLS-FULL,144.0,1549.8916850007777,1.7043579980347932,0.661651902739008
N4_300km_di1p0,BO3-BLS-FULL,149.0,1842.9820296574505,2.037899488067563,0.7123164863798189
N4_300km_di1p0,BO3-BLS-FULL,154.0,2161.9302482939243,2.408766916781655,0.8581923072287063
N4_300km_di1p0,BO3-BLS-FULL,159.0,3171.2364697263447,3.568841866315617,1.0599866256169252
N4_300km_di1p0,BO3-BLS-FULL,164.0,3638.0885115876476,4.110100935618619,1.1775120279982538
N4_300km_di1p0,BO3-BLS-FULL,169.0,4228.224145823213,4.788192542292284,1.4462899580172273
N4_300km_di1p0,BO3-BLS-FULL,174.0,3504.851771099439,3.962777199328379,1.1980908849060297
N4_300km_di1p0,BO3-BLS-FULL,179.0,3272.54334584306,3.711327110768146,1.093153521879181
N4_300km_di1p0,BO3-BLS-FULL,184.0,3320.0130677922843,3.788555168674826,1.0438515375231108
N4b_300km_coplanar,RB3-EKF,0.0,507.23834640166507,4.117008067205814,0.917496532179139
N4b_300km_coplanar,RB3-EKF,5.0,236.1770350778218,1.6381107765706913,0.6465465559545961
N4b_300km_coplanar,RB3-EKF,10.0,214.5971796934089,0.5116399891937075,0.835454071523559
N4b_300km_coplanar,RB3-EKF,15.0,140.11496437037786,0.2705683564940202,0.6363666344919252
N4b_300km_coplanar,RB3-EKF,20.0,163.08484062745603,0.23261232941165225,1.0411132900013698
N4b_300km_coplanar,RB3-EKF,25.0,96.7466714330125,0.057664233080423365,0.694200141674434
N4b_300km_coplanar,RB3-EKF,30.0,86.54064402783034,0.12245825799626578,0.9593445643243353
N4b_300km_coplanar,RB3-EKF,35.0,105.31700100337443,0.03891625930277082,0.8214296066289344
N4b_300km_coplanar,RB3-EKF,40.0,81.22413504558156,0.09871923905909707,0.7505790079874529
N4b_300km_coplanar,RB3-EKF,45.0,125.64321712406736,0.18358462179534504,1.527626475215002
N4b_300km_coplanar,RB3-EKF,50.0,79.82887271818548,0.12379793391823334,1.0208283748054332
N4b_300km_coplanar,RB3-EKF,55.0,23.180205037278085,0.11947943353853514,0.7740764984752514
N4b_300km_coplanar,RB3-EKF,60.0,26.26705276751656,0.11582743425869407,0.9302248703193667
N4b_300km_coplanar,RB3-EKF,65.0,61.46016244574861,0.11384876525231803,0.9209276303257726
N4b_300km_coplanar,RB3-EKF,70.0,79.66623349404325,0.07937332470285992,0.7276045288270395
N4b_300km_coplanar,RB3-EKF,75.0,86.24145540592109,0.05642350577955102,0.9159279284769622
N4b_300km_coplanar,RB3-EKF,80.0,66.99109481040628,0.03817531735509651,0.934127379999968
N4b_300km_coplanar,RB3-EKF,85.0,35.95167996886181,0.008030003733087997,0.5075120628470253
N4b_300km_coplanar,RB3-EKF,90.0,29.76756158630412,0.01471982049888756,0.537774909941256
N4b_300km_coplanar,RB3-EKF,95.0,51.71361010937025,0.033838274967291304,0.6118982921028387
N4b_300km_coplanar,RB3-EKF,100.0,54.6047171509232,0.05221112491651178,0.7182615818914768
N4b_300km_coplanar,RB3-EKF,105.0,38.432100377149396,0.07000539060072847,0.7190750511475685
N4b_300km_coplanar,RB3-EKF,110.0,15.575993534473495,0.08113913856667469,0.7721902237509165
N4b_300km_coplanar,RB3-EKF,115.0,14.27332537591787,0.07883407759042961,0.8681028541723048
N4b_300km_coplanar,RB3-EKF,120.0,28.42488697626293,0.0766349087705365,1.416628796478142
N4b_300km_coplanar,RB3-EKF,125.0,20.409348722138546,0.06960790688610019,1.3236737125474274
N4b_300km_coplanar,RB3-EKF,130.0,31.527619876483076,0.0620403029929775,1.2273112248916378
N4b_300km_coplanar,RB3-EKF,135.0,53.1161431164529,0.04459229023839393,1.3518541059635398
N4b_300km_coplanar,RB3-EKF,140.0,62.70790219683048,0.025333833127152146,1.555231273630918
N4b_300km_coplanar,RB3-EKF,145.0,69.65775528607932,0.011534454988463338,1.5036891460750328
N4b_300km_coplanar,RB3-EKF,150.0,60.764358059387554,0.03471356540182045,1.5392957899974427
N4b_300km_coplanar,RB3-EKF,155.0,58.05843178476753,0.054572719521511076,1.6000568039543912
N4b_300km_coplanar,RB3-EKF,160.0,28.425836612863083,0.07414326286429142,1.5738452008483508
N4b_300km_coplanar,RB3-EKF,165.0,6.495062183018086,0.08069642929334714,1.6393123996796817
N4b_300km_coplanar,RB3-EKF,170.0,18.43821857249476,0.07673212309977122,1.63485746649775
N4b_300km_coplanar,RB3-EKF,175.0,40.97986758208586,0.0690481044451185,2.0162088533265408
N4b_300km_coplanar,RB3-EKF,180.0,46.745115204344536,0.053853130351313935,1.703867148054493
N4b_300km_coplanar,RB3-EKF,185.0,49.416272824672895,0.038503265402713774,1.5443832106441535
N4b_300km_coplanar,BO3-MSC-o,0.0,61562.43067727905,69.36310274327387,1.5784132014045547
N4b_300km_coplanar,BO3-MSC-o,5.0,68122.0747247336,76.91678693842394,2.1260353342933564
N4b_300km_coplanar,BO3-MSC-o,10.0,71893.67806594257,80.72884641360517,2.6649534172802882
N4b_300km_coplanar,BO3-MSC-o,15.0,73843.6110506256,82.71870759164136,7.156584549783883
N4b_300km_coplanar,BO3-MSC-o,20.0,59548.77797476346,66.51478278264429,14.287695221452447
N4b_300km_coplanar,BO3-MSC-o,25.0,34703.06640249226,38.682011354168225,14.977303829394495
N4b_300km_coplanar,BO3-MSC-o,30.0,40136.84711053526,45.076328527810965,23.316948877252212
N4b_300km_coplanar,BO3-MSC-o,35.0,26075.1862229743,29.623343668135462,20.891787897501104
N4b_300km_coplanar,BO3-MSC-o,40.0,1003.6327243315733,0.26593305929731076,22.26893749085285
N4b_300km_coplanar,BO3-MSC-o,45.0,76188.13040947702,84.23218729002038,124.9577900359185
N4b_300km_coplanar,BO3-MSC-o,50.0,154578.2296482121,171.36629315510905,1080.3163261046768
N4b_300km_coplanar,BO3-MSC-o,55.0,163921.40882169062,181.60218007803826,1886.4892402411542
N4b_300km_coplanar,BO3-MSC-o,60.0,120506.74561535443,134.2851104703866,1216.5366835650088
N4b_300km_coplanar,BO3-MSC-o,65.0,72833.2587049571,82.22707871950543,589.8501961137422
N4b_300km_coplanar,BO3-MSC-o,70.0,156308.64613495293,175.78942018578533,2441.7831109105296
N4b_300km_coplanar,BO3-MSC-o,75.0,204530.30068882435,230.94102771976344,4439.388600306046
N4b_300km_coplanar,BO3-MSC-o,80.0,233847.50682831765,265.3436318516131,5528.203951874537
N4b_300km_coplanar,BO3-MSC-o,85.0,273925.68827567564,312.0342810684906,7168.608949883895
N4b_300km_coplanar,BO3-MSC-o,90.0,316496.6730897967,361.43665611484266,8960.843286069992
N4b_300km_coplanar,BO3-MSC-o,95.0,427135.0461182375,486.46993311396704,16318.192610738406
N4b_300km_coplanar,BO3-MSC-o,100.0,722212.001060197,810.555357878181,43823.326769345025
N4b_300km_coplanar,BO3-MSC-o,105.0,977719.4954229619,1067.6257960063363,46485.85972250735
N4b_300km_coplanar,BO3-MSC-o,110.0,868830.0012428664,937.8922329946379,63303.67770920207
N4b_300km_coplanar,BO3-MSC-o,115.0,731248.8525308252,795.8164085611667,139726.3026235954
N4b_300km_coplanar,BO3-MSC-o,120.0,660225.1589640952,725.1021565518761,232475.7312058008
N4b_300km_coplanar,BO3-MSC-o,125.0,617847.3965354639,683.5478278347703,330492.64810623036
N4b_300km_coplanar,BO3-MSC-o,130.0,586975.1509485395,653.4180705780706,428277.6757990666
N4b_300km_coplanar,BO3-MSC-o,135.0,561521.1712032487,628.3913885668491,519039.81236697704
N4b_300km_coplanar,BO3-MSC-o,140.0,537930.3832354505,605.4365520185369,596576.9669986196
N4b_300km_coplanar,BO3-MSC-o,145.0,516296.23198867025,583.976109417816,657577.3534801505
N4b_300km_coplanar,BO3-MSC-o,150.0,495741.3973846222,563.1906764986743,701961.1620029771
N4b_300km_coplanar,BO3-MSC-o,155.0,476354.9465408536,543.1359517777264,732724.7652447784
N4b_300km_coplanar,BO3-MSC-o,160.0,457967.40153840976,523.4519004306402,754182.3950004778
N4b_300km_coplanar,BO3-MSC-o,165.0,440401.06481692,503.90818762597064,769847.8712424649
N4b_300km_coplanar,BO3-MSC-o,170.0,423666.99456264346,484.5184535129382,782221.3906289665
N4b_300km_coplanar,BO3-MSC-o,175.0,407467.32364508096,465.0237373295283,791843.8182130005
N4b_300km_coplanar,BO3-MSC-o,180.0,392078.85505867697,445.8065806119006,798561.9914823907
N4b_300km_coplanar,BO3-MSC-o,185.0,377286.576810869,426.77640284565643,801264.9864648348
N4b_300km_coplanar,BO3-BLS-MSC,71.0,2474.852862444046,2.8603073865664275,0.10557261487408316
N4b_300km_coplanar,BO3-BLS-MSC,76.0,5238.433816783701,6.048902325165195,0.1233145781512933
N4b_300km_coplanar,BO3-BLS-MSC,81.0,924.585036296486,1.0237426009579922,0.04757659570671244
N4b_300km_coplanar,BO3-BLS-MSC,86.0,563.4585088221212,0.5694055240486685,0.20413784927957565
N4b_300km_coplanar,BO3-BLS-MSC,91.0,2569.085612342371,3.0720561280743013,0.11926637497784244
N4b_300km_coplanar,BO3-BLS-MSC,96.0,3429.2328414000067,4.056359181527327,0.2426776440015969
N4b_300km_coplanar,BO3-BLS-MSC,101.0,2099.4860015158624,2.461090964898865,0.2951416595456508
N4b_300km_coplanar,BO3-BLS-MSC,106.0,3005.981313983161,3.4686015615736543,0.434078266842981
N4b_300km_coplanar,BO3-BLS-MSC,111.0,390.0890832854594,0.48147296933928924,0.21084166405424667
N4b_300km_coplanar,BO3-BLS-MSC,116.0,489.5749847578405,0.5069696906069115,0.27953337675845724
N4b_300km_coplanar,BO3-BLS-MSC,121.0,524.3179267003703,0.5441159069111103,0.33820743662360614
N4b_300km_coplanar,BO3-BLS-MSC,126.0,2371.5923110513622,2.6388329602489287,0.6268858425803413
N4b_300km_coplanar,BO3-BLS-MSC,131.0,1878.4827559328414,2.0533721726781557,0.5653821151384385
N4b_300km_coplanar,BO3-BLS-MSC,136.0,1339.5485757747863,1.431038994516436,0.5191072388389656
N4b_300km_coplanar,BO3-BLS-MSC,141.0,2178.381052241545,2.384026010970746,0.6420263791676749
N4b_300km_coplanar,BO3-BLS-MSC,146.0,2189.893015122034,2.400416940384536,0.6847701923742001
N4b_300km_coplanar,BO3-BLS-MSC,151.0,2031.6312890137701,2.235236084390062,0.5984735824684916
N4b_300km_coplanar,BO3-BLS-MSC,156.0,3185.6270147712103,3.569760810862298,0.9047581435168404
N4b_300km_coplanar,BO3-BLS-MSC,161.0,3352.6320600808654,3.7730545873298076,0.8567387042182927
N4b_300km_coplanar,BO3-BLS-MSC,166.0,3774.5761092800362,4.260995419277321,1.0399443879462338
N4b_300km_coplanar,BO3-BLS-MSC,171.0,3750.4258905004904,4.237569058674537,1.0927805794105412
N4b_300km_coplanar,BO3-BLS-MSC,176.0,3773.2451653702424,4.276123630150053,1.109587998247829
N4b_300km_coplanar,BO3-BLS-MSC,181.0,3303.4361425665184,3.752883713339369,0.9779908187981391
N4b_300km_coplanar,BO3-BLS-FULL,71.0,2474.852862444046,2.8603073865664275,0.10557261487408316
N4b_300km_coplanar,BO3-BLS-FULL,76.0,5238.433816783701,6.048902325165195,0.1233145781512933
N4b_300km_coplanar,BO3-BLS-FULL,81.0,924.585036296486,1.0237426009579922,0.04757659570671244
N4b_300km_coplanar,BO3-BLS-FULL,86.0,563.4585088221212,0.5694055240486685,0.20413784927957565
N4b_300km_coplanar,BO3-BLS-FULL,91.0,2569.085612342371,3.0720561280743013,0.11926637497784244
N4b_300km_coplanar,BO3-BLS-FULL,96.0,3429.2328414000067,4.056359181527327,0.2426776440015969
N4b_300km_coplanar,BO3-BLS-FULL,101.0,2099.4860015158624,2.461090964898865,0.2951416595456508
N4b_300km_coplanar,BO3-BLS-FULL,106.0,3005.981313983161,3.4686015615736543,0.434078266842981
N4b_300km_coplanar,BO3-BLS-FULL,111.0,390.0890832854594,0.48147296933928924,0.21084166405424667
N4b_300km_coplanar,BO3-BLS-FULL,116.0,489.5749847578405,0.5069696906069115,0.27953337675845724
N4b_300km_coplanar,BO3-BLS-FULL,121.0,524.3179267003703,0.5441159069111103,0.33820743662360614
N4b_300km_coplanar,BO3-BLS-FULL,126.0,2371.5923110513622,2.6388329602489287,0.6268858425803413
N4b_300km_coplanar,BO3-BLS-FULL,131.0,1878.4827559328414,2.0533721726781557,0.5653821151384385
N4b_300km_coplanar,BO3-BLS-FULL,136.0,1339.5485757747863,1.431038994516436,0.5191072388389656
N4b_300km_coplanar,BO3-BLS-FULL,141.0,2178.381052241545,2.384026010970746,0.6420263791676749
N4b_300km_coplanar,BO3-BLS-FULL,146.0,2189.893015122034,2.400416940384536,0.6847701923742001
N4b_300km_coplanar,BO3-BLS-FULL,151.0,2031.6312890137701,2.235236084390062,0.5984735824684916
N4b_300km_coplanar,BO3-BLS-FULL,156.0,3185.6270147712103,3.569760810862298,0.9047581435168404
N4b_300km_coplanar,BO3-BLS-FULL,161.0,3352.6320600808654,3.7730545873298076,0.8567387042182927
N4b_300km_coplanar,BO3-BLS-FULL,166.0,3774.5761092800362,4.260995419277321,1.0399443879462338
N4b_300km_coplanar,BO3-BLS-FULL,171.0,3750.4258905004904,4.237569058674537,1.0927805794105412
N4b_300km_coplanar,BO3-BLS-FULL,176.0,3773.2451653702424,4.276123630150053,1.109587998247829
N4b_300km_coplanar,BO3-BLS-FULL,181.0,3303.4361425665184,3.752883713339369,0.9779908187981391
