rung,policy,seed,decisions,sim_steps,cause,shaping_sum_nonterminal,telescope_resid,clamp_recon_err,r_env_terminal,phi_T_prev,phi_0,undisc_cap-10_clampshipped,disc_cap-10_clampshipped,undisc_cap-10_clampnone,disc_cap-10_clampnone,undisc_cap-10_clampall,disc_cap-10_clampall,undisc_cap0_clampshipped,disc_cap0_clampshipped,undisc_cap0_clampnone,disc_cap0_clampnone,undisc_cap0_clampall,disc_cap0_clampall
L0_e0_gap30,coast_forever,0,3000,3000,safety_cap,0.0,3.1625298421711356e-09,0.0,-10.0,-0.038953720141608576,-0.038953716979078734,-10.0,-2.96086875074658e-06,-10.0,-2.96086875074658e-06,-9.961046279858392,-2.949335065477307e-06,0.0,2.8772867779274082e-18,0.0,2.8772867779274082e-18,0.038953720141608576,1.1533685272150142e-08
L0_e0_gap30,coast_forever,1,3000,3000,safety_cap,-1.3877787807814457e-16,5.446455772495362e-09,0.0,-10.0,-0.08520178354048806,-0.08520177809403215,-10.0,-2.9608687505986196e-06,-10.0,-2.9608687505986196e-06,-9.914798216459513,-2.9356416207593046e-06,-1.3877787807814457e-16,1.5083788950852737e-16,-1.3877787807814457e-16,1.5083788950852737e-16,0.08520178354048792,2.5227129990152947e-08
L0_e0_gap30,coast_forever,2,3000,3000,safety_cap,0.0,8.981396049621837e-09,0.0,-10.0,-0.0037368736532878014,-0.003736882634683851,-10.0,-2.96086875077243e-06,-10.0,-2.96086875077243e-06,-9.996263126346712,-2.9597623115298778e-06,0.0,-2.2972417564150378e-17,0.0,-2.2972417564150378e-17,0.0037368736532878014,1.1064392195794636e-09
L0_e0_gap30,coast_forever,3,3000,3000,safety_cap,0.0,6.7478496817985345e-09,0.0,-10.0,-0.07772801138928606,-0.07772800464143638,-10.0,-2.9608687510110315e-06,-10.0,-2.9608687510110315e-06,-9.922271988610714,-2.9378545070129877e-06,0.0,-2.615740292687198e-16,0.0,-2.615740292687198e-16,0.07772801138928606,2.3014243736469473e-08
L0_e0_gap30,coast_forever,4,3000,3000,safety_cap,-9.71445146547012e-16,2.991602188195941e-09,0.0,-10.0,-0.1591929056248033,-0.15919290263320013,-10.0,-2.9608687512893767e-06,-10.0,-2.9608687512893767e-06,-9.840807094375197,-2.913733821328828e-06,-9.71445146547012e-16,-5.399193409929806e-16,-9.71445146547012e-16,-5.399193409929806e-16,0.15919290562480232,4.7134929420629414e-08
L0_e0_gap30,coast_forever,5,3000,3000,safety_cap,0.0,2.98918537144921e-09,0.0,-10.0,-0.09267553167062066,-0.09267552868143529,-10.0,-2.9608687507243413e-06,-10.0,-2.9608687507243413e-06,-9.90732446832938,-2.933428742156078e-06,0.0,2.5116411909668022e-17,0.0,2.5116411909668022e-17,0.09267553167062066,2.744000859337965e-08
L0_e0_gap30,coast_forever,6,3000,3000,safety_cap,0.0,1.8617159133760275e-09,0.0,-10.0,-0.011210644792055635,-0.011210642930339722,-10.0,-2.9608687507524162e-06,-10.0,-2.9608687507524162e-06,-9.988789355207944,-2.9575494259683608e-06,0.0,-2.9587865200298313e-18,0.0,-2.9587865200298313e-18,0.011210644792055635,3.3193247810961813e-09
L0_e0_gap30,coast_forever,7,3000,3000,safety_cap,-2.7755575615628914e-16,7.511262389847673e-09,0.0,-10.0,-0.07025424606601346,-0.07025425357727558,-10.0,-2.9608687508282185e-06,-10.0,-2.9608687508282185e-06,-9.929745753933986,-2.9400673906497858e-06,-2.7755575615628914e-16,-7.876075578237579e-17,-2.7755575615628914e-16,-7.876075578237579e-17,0.07025424606601319,2.080136009967147e-08
L0_e0_gap30,coast_forever,8,3000,3000,safety_cap,-5.828670879282072e-16,1.0807955502789568e-08,0.0,-10.0,-0.15171914845350962,-0.15171913764555353,-10.0,-2.9608687509880134e-06,-10.0,-2.9608687509880134e-06,-9.848280851546491,-2.915946702433382e-06,-5.828670879282072e-16,-2.385556148680285e-16,-5.828670879282072e-16,-2.385556148680285e-16,0.15171914845350903,4.4922048316075836e-08
L0_e0_gap30,coast_forever,9,3000,3000,safety_cap,0.0,5.6542438092721525e-09,0.0,-10.0,-0.10014929963088111,-0.1001492939766373,-10.0,-2.9608687509107195e-06,-10.0,-2.9608687509107195e-06,-9.899850700369118,-2.931215857742067e-06,0.0,-1.6126184261328875e-16,0.0,-1.6126184261328875e-16,0.10014929963088111,2.965289300739016e-08
L0_e0_gap30,coast_forever,10,3000,3000,safety_cap,-2.8449465006019636e-16,6.304212776808704e-10,0.0,-10.0,-0.018684406766577757,-0.018684406136156195,-10.0,-2.9608687508831333e-06,-10.0,-2.9608687508831333e-06,-9.981315593233422,-2.955336543270988e-06,-2.8449465006019636e-16,-1.3367563129586182e-16,-2.8449465006019636e-16,-1.3367563129586182e-16,0.018684406766577472,5.532207478469548e-09
L0_e0_gap30,coast_forever,11,3000,3000,safety_cap,-1.3877787807814457e-16,7.196158058331292e-09,0.0,-10.0,-0.06278049076947938,-0.06278048357332118,-10.0,-2.9608687508631023e-06,-10.0,-2.9608687508631023e-06,-9.93721950923052,-2.9422802715354954e-06,-1.3877787807814457e-16,-1.136446518009448e-16,-1.3877787807814457e-16,-1.136446518009448e-16,0.06278049076947924,1.8588479213961973e-08
L0_e0_gap30,warp5_forever,0,600,3000,safety_cap,0.0,4.513105375525406e-10,0.0,-10.0,-0.0389537165277682,-0.038953716979078734,-10.0,-0.4966213277390804,-10.0,-0.4966213277390804,-9.961046283472232,-0.4946868030968412,0.0,2.8353153506651516e-18,0.0,2.8353153506651516e-18,0.0389537165277682,0.001934524642239203
L0_e0_gap30,warp5_forever,1,600,3000,safety_cap,1.3877787807814457e-16,2.2333104393590375e-09,0.0,-10.0,-0.08520177586072157,-0.08520177809403215,-10.0,-0.49662132773908024,-10.0,-0.49662132773908024,-9.914798224139279,-0.49239002583371233,1.3877787807814457e-16,1.6400525517951276e-16,1.3877787807814457e-16,1.6400525517951276e-16,0.08520177586072171,0.004231301905368071
L0_e0_gap30,warp5_forever,2,600,3000,safety_cap,0.0,6.6039541838508464e-09,0.0,-10.0,-0.003736876030729667,-0.003736882634683851,-10.0,-0.4966213277390804,-10.0,-0.4966213277390804,-9.996263123969271,-0.4964357465054827,0.0,-1.3801920135266375e-17,0.0,-1.3801920135266375e-17,0.003736876030729667,0.0001855812335977174
L0_e0_gap30,warp5_forever,3,600,3000,safety_cap,0.0,5.179523254739138e-09,0.0,-10.0,-0.07772800982095963,-0.07772800464143638,-10.0,-0.4966213277390807,-10.0,-0.4966213277390807,-9.92227199017904,-0.4927611889951005,0.0,-2.5292424737642893e-16,0.0,-2.5292424737642893e-16,0.07772800982095963,0.0038601387439798724
L0_e0_gap30,warp5_forever,4,600,3000,safety_cap,-4.163336342344337e-16,1.1955628292925624e-08,0.0,-10.0,-0.15919291458882884,-0.15919290263320013,-10.000000000000004,-0.4966213277390809,-10.000000000000004,-0.4966213277390809,-9.840807085411175,-0.48871546807810506,-4.163336342344337e-16,-4.839993395856609e-16,-4.163336342344337e-16,-4.839993395856609e-16,0.15919291458882842,0.007905859660975336
L0_e0_gap30,warp5_forever,5,600,3000,safety_cap,0.0,1.6962565185796308e-08,0.0,-10.0,-0.09267554564400048,-0.09267552868143529,-10.0,-0.4966213277390804,-10.0,-0.4966213277390804,-9.907324454355999,-0.49201886248641363,0.0,1.951528344754174e-17,0.0,1.951528344754174e-17,0.09267554564400048,0.004602465252666745
L0_e0_gap30,warp5_forever,6,600,3000,safety_cap,0.0,5.254790593975378e-09,0.0,-10.0,-0.011210637675549128,-0.011210642930339722,-10.0,-0.4966213277390804,-10.0,-0.4966213277390804,-9.98878936232445,-0.49606458356235705,0.0,-2.1305425529447644e-18,0.0,-2.1305425529447644e-18,0.011210637675549128,0.0005567441767232944
L0_e0_gap30,warp5_forever,7,600,3000,safety_cap,-1.3877787807814457e-16,3.984207200269374e-09,0.0,-10.0,-0.07025424959306852,-0.07025425357727558,-10.0,-0.49662132773908046,-10.0,-0.49662132773908046,-9.929745750406932,-0.4931323518678582,-1.3877787807814457e-16,-7.973909346256048e-17,-1.3877787807814457e-16,-7.973909346256048e-17,0.07025424959306838,0.0034889758712221635
L0_e0_gap30,warp5_forever,8,600,3000,safety_cap,-5.828670879282072e-16,3.1327224980781665e-09,0.0,-10.0,-0.1517191407782766,-0.15171913764555353,-10.0,-0.4966213277390806,-10.0,-0.4966213277390806,-9.848280859221724,-0.48908663162540655,-5.828670879282072e-16,-1.4806373125371026e-16,-5.828670879282072e-16,-1.4806373125371026e-16,0.15171914077827603,0.00753469611367387
L0_e0_gap30,warp5_forever,9,600,3000,safety_cap,0.0,5.3754284773388505e-09,0.0,-10.0,-0.10014928860120882,-0.1001492939766373,-10.0,-0.4966213277390806,-10.0,-0.4966213277390806,-9.899850711398791,-0.4916477004713549,0.0,-1.4381755225725846e-16,0.0,-1.4381755225725846e-16,0.10014928860120882,0.004973627267725524
L0_e0_gap30,warp5_forever,10,600,3000,safety_cap,-2.8449465006019636e-16,1.0595106146593647e-09,0.0,-10.0,-0.018684407195667094,-0.018684406136156195,-10.0,-0.4966213277390807,-10.0,-0.4966213277390807,-9.981315592804332,-0.4956934202281277,-2.8449465006019636e-16,-2.9105703777874556e-16,-2.8449465006019636e-16,-2.9105703777874556e-16,0.01868440719566681,0.0009279075109526909
L0_e0_gap30,warp5_forever,11,600,3000,safety_cap,-1.3877787807814457e-16,1.6918208639582488e-09,0.0,-10.0,-0.06278048526514218,-0.06278048357332118,-10.0,-0.4966213277390805,-10.0,-0.4966213277390805,-9.937219514734858,-0.49350351494423267,-1.3877787807814457e-16,-1.220412369148627e-16,-1.3877787807814457e-16,-1.220412369148627e-16,0.06278048526514204,0.0031178127948477464
L0_e0_gap30,warp30_forever,0,100,3000,safety_cap,0.0,1.1469755908932733e-09,0.0,-10.0,-0.03895371583210314,-0.038953716979078734,-10.0,-6.088145090359074,-10.0,-6.088145090359074,-9.961046284167898,-6.064429502979628,0.0,6.113464185505387e-19,0.0,6.113464185505387e-19,0.03895371583210314,0.023715587379446127
L0_e0_gap30,warp30_forever,1,100,3000,safety_cap,4.163336342344337e-16,3.585797644922728e-09,0.0,-10.0,-0.08520177450823409,-0.08520177809403215,-10.0,-6.088145090359074,-10.0,-6.088145090359074,-9.914798225491765,-6.036273013842854,4.163336342344337e-16,3.1372510738874844e-16,4.163336342344337e-16,3.1372510738874844e-16,0.0852017745082345,0.05187207651621894
L0_e0_gap30,warp30_forever,2,100,3000,safety_cap,0.0,8.348462699359765e-09,0.0,-10.0,-0.0037368909831465504,-0.003736882634683851,-10.0,-6.088145090359074,-10.0,-6.088145090359074,-9.996263109016853,-6.0858700169098485,0.0,-5.137219413426688e-18,0.0,-5.137219413426688e-18,0.0037368909831465504,0.002275073449225071
L0_e0_gap30,warp30_forever,3,100,3000,safety_cap,0.0,6.3415305645575515e-09,0.0,-10.0,-0.07772801098296694,-0.07772800464143638,-10.0,-6.088145090359074,-10.0,-6.088145090359074,-9.922271989017034,-6.040823149514142,0.0,-1.1413400592964567e-16,0.0,-1.1413400592964567e-16,0.07772801098296694,0.04732194084493253
L0_e0_gap30,warp30_forever,4,100,3000,safety_cap,-1.3877787807814457e-16,1.0893496910080458e-08,0.0,-10.0,-0.15919291352669718,-0.15919290263320013,-10.0,-6.088145090359074,-10.0,-6.088145090359074,-9.840807086473303,-5.991226134868322,-1.3877787807814457e-16,-2.6474856570853043e-16,-1.3877787807814457e-16,-2.6474856570853043e-16,0.15919291352669704,0.09691895549075154
L0_e0_gap30,warp30_forever,5,100,3000,safety_cap,0.0,3.1987125448385e-09,0.0,-10.0,-0.09267553188014784,-0.09267552868143529,-10.0,-6.088145090359074,-10.0,-6.088145090359074,-9.907324468119851,-6.03172288191782,0.0,3.5393828935382554e-18,0.0,3.5393828935382554e-18,0.09267553188014784,0.05642220844125379
L0_e0_gap30,warp30_forever,6,100,3000,safety_cap,0.0,5.228850130656326e-09,0.0,-10.0,-0.011210637701489591,-0.011210642930339722,-10.0,-6.088145090359074,-10.0,-6.088145090359074,-9.98878936229851,-6.081319891470862,0.0,-9.004614642529856e-19,0.0,-9.004614642529856e-19,0.011210637701489591,0.006825198888211818
L0_e0_gap30,warp30_forever,7,100,3000,safety_cap,0.0,7.579152958014923e-09,0.0,-10.0,-0.07025424599812262,-0.07025425357727558,-10.0,-6.088145090359074,-10.0,-6.088145090359074,-9.929745754001877,-6.045373286074039,0.0,-3.514779636726917e-17,0.0,-3.514779636726917e-17,0.07025424599812262,0.042771804285034846
L0_e0_gap30,warp30_forever,8,100,3000,safety_cap,2.7755575615628914e-16,5.577199591044746e-09,0.0,-10.0,-0.15171914322275284,-0.15171913764555353,-10.0,-6.088145090359074,-10.0,-6.088145090359074,-9.848280856777247,-5.995776274666565,2.7755575615628914e-16,1.3824233453337672e-16,2.7755575615628914e-16,1.3824233453337672e-16,0.15171914322275312,0.09236881569250893
L0_e0_gap30,warp30_forever,9,100,3000,safety_cap,0.0,1.1018020981690135e-08,0.0,-10.0,-0.10014930499465828,-0.1001492939766373,-10.0,-6.088145090359074,-10.0,-6.088145090359074,-9.899850695005341,-6.027172740408464,0.0,-4.8450895960999836e-17,0.0,-4.8450895960999836e-17,0.10014930499465828,0.06097234995061018
L0_e0_gap30,warp30_forever,10,100,3000,safety_cap,-2.8449465006019636e-16,3.4330640066859708e-09,0.0,-10.0,-0.018684409569220486,-0.018684406136156195,-10.0,-6.088145090359074,-10.0,-6.088145090359074,-9.98131559043078,-6.076769750720564,-2.8449465006019636e-16,-3.0656100750882875e-16,-2.8449465006019636e-16,-3.0656100750882875e-16,0.0186844095692202,0.011375339638510474
L0_e0_gap30,warp30_forever,11,100,3000,safety_cap,-1.3877787807814457e-16,1.8620293085191975e-09,0.0,-10.0,-0.06278048171129201,-0.06278048357332118,-10.0,-6.088145090359074,-10.0,-6.088145090359074,-9.937219518288709,-6.049923422208976,-1.3877787807814457e-16,-1.3179423101862004e-16,-1.3877787807814457e-16,-1.3179423101862004e-16,0.06278048171129187,0.03822166815009788
L0_e0_gap30,warp60_forever,0,50,3000,safety_cap,0.0,1.62123586777696e-09,0.0,-10.0,-0.0389537186003146,-0.038953716979078734,-10.0,-7.8222367544587135,-10.0,-7.8222367544587135,-9.961046281399685,-7.791766233522891,0.0,6.690705571327814e-19,0.0,6.690705571327814e-19,0.0389537186003146,0.030470520935822292
L0_e0_gap30,warp60_forever,1,50,3000,safety_cap,4.163336342344337e-16,2.0862540167643218e-09,0.0,-10.0,-0.08520178018028575,-0.08520177809403215,-10.0,-7.8222367544587135,-10.0,-7.8222367544587135,-9.914798219819714,-7.755589904811559,4.163336342344337e-16,3.606296745195167e-16,4.163336342344337e-16,3.606296745195167e-16,0.08520178018028617,0.06664684964715467
L0_e0_gap30,warp60_forever,2,50,3000,safety_cap,0.0,1.3576541158660804e-09,0.0,-10.0,-0.003736881277029735,-0.003736882634683851,-10.0,-7.8222367544587135,-10.0,-7.8222367544587135,-9.99626311872297,-7.819313677451491,0.0,-2.500209763851927e-18,0.0,-2.500209763851927e-18,0.003736881277029735,0.002923077007223058
L0_e0_gap30,warp60_forever,3,50,3000,safety_cap,-5.689893001203927e-16,8.695336811692655e-09,0.0,-10.0,-0.07772801333677376,-0.07772800464143638,-10.0,-7.822236754458714,-10.0,-7.822236754458714,-9.922271986663226,-7.761436062181318,-5.689893001203927e-16,-5.085556226967304e-16,-5.689893001203927e-16,-5.085556226967304e-16,0.07772801333677319,0.06080069227739637
L0_e0_gap30,warp60_forever,4,50,3000,safety_cap,-8.326672684688674e-16,3.350048294326058e-10,0.0,-10.0,-0.15919290229819613,-0.15919290263320013,-10.0,-7.822236754458714,-10.0,-7.822236754458714,-9.840807097701804,-7.697712297318124,-8.326672684688674e-16,-7.520983970008834e-16,-8.326672684688674e-16,-7.520983970008834e-16,0.1591929022981953,0.12452445714058973
L0_e0_gap30,warp60_forever,5,50,3000,safety_cap,0.0,4.718091639599464e-09,0.0,-10.0,-0.09267553339952693,-0.09267552868143529,-10.0,-7.8222367544587135,-10.0,-7.8222367544587135,-9.907324466600473,-7.7497437580990285,0.0,3.104508320360287e-18,0.0,3.104508320360287e-18,0.09267553339952693,0.07249299635968456
L0_e0_gap30,warp60_forever,6,50,3000,safety_cap,0.0,4.00536128396245e-09,0.0,-10.0,-0.011210646935701006,-0.011210642930339722,-10.0,-7.8222367544587135,-10.0,-7.8222367544587135,-9.988789353064298,-7.813467521008543,0.0,0.0,0.0,0.0,0.011210646935701006,0.008769233450170036
L0_e0_gap30,warp60_forever,7,50,3000,safety_cap,0.0,3.847231463960377e-09,0.0,-10.0,-0.07025425742450704,-0.07025425357727558,-10.0,-7.8222367544587135,-10.0,-7.8222367544587135,-9.929745742575493,-7.767282211000396,0.0,-1.9165644393448074e-17,0.0,-1.9165644393448074e-17,0.07025425742450704,0.054954543458318274
L0_e0_gap30,warp60_forever,8,50,3000,safety_cap,-5.828670879282072e-16,2.9972812010115035e-09,0.0,-10.0,-0.15171914064283532,-0.15171913764555353,-10.0,-7.822236754458714,-10.0,-7.822236754458714,-9.848280859357164,-7.703558450629586,-5.828670879282072e-16,-4.710482289808985e-16,-5.828670879282072e-16,-4.710482289808985e-16,0.15171914064283473,0.11867830382912725
L0_e0_gap30,warp60_forever,9,50,3000,safety_cap,-5.551115123125783e-16,6.702963586957544e-09,0.0,-10.0,-0.10014930067960144,-0.1001492939766373,-10.0,-7.822236754458714,-10.0,-7.822236754458714,-9.899850699320398,-7.743897600387783,-5.551115123125783e-16,-4.626576669667929e-16,-5.551115123125783e-16,-4.626576669667929e-16,0.10014930067960089,0.07833915407093109
L0_e0_gap30,warp60_forever,10,50,3000,safety_cap,-2.8449465006019636e-16,5.395999029544907e-10,0.0,-10.0,-0.018684405596556576,-0.018684406136156195,-10.0,-7.8222367544587135,-10.0,-7.8222367544587135,-9.981315594403444,-7.807621370039454,-2.8449465006019636e-16,-3.0019769306684956e-16,-2.8449465006019636e-16,-3.0019769306684956e-16,0.01868440559655629,0.014615384419259593
L0_e0_gap30,warp60_forever,11,50,3000,safety_cap,-1.3877787807814457e-16,1.372986030423462e-10,0.0,-10.0,-0.06278048371061992,-0.06278048357332118,-10.0,-7.8222367544587135,-10.0,-7.8222367544587135,-9.93721951628938,-7.773128373744322,-1.3877787807814457e-16,-1.3382765517147179e-16,-1.3877787807814457e-16,-1.3382765517147179e-16,0.06278048371061978,0.04910838071439064
L0_e0_gap30,park_far_warp60,0,56,3000,safety_cap,-0.5317217228002846,9.352707497356505e-10,0.0,-10.0,-0.5706754407146342,-0.038953716979078734,-10.531721722800285,-8.154639239699561,-10.531721722800285,-8.154639239699561,-9.96104628208565,-7.721468987571475,-0.5317217228002846,-0.5641557314966489,-0.5317217228002846,-0.5641557314966489,0.03895371791434954,-0.13098547936856297
L0_e0_gap30,park_far_warp60,1,56,3000,safety_cap,-0.2935476694256067,5.17688092394053e-09,0.0,-10.0,-0.37874945269651983,-0.08520177809403215,-10.293547669425607,-7.964516723049645,-10.293547669425607,-7.964516723049645,-9.914798216729087,-7.677027575606265,-0.2935476694256067,-0.37403321484673346,-0.2935476694256067,-0.37403321484673346,0.0852017832709131,-0.08654406740335219
L0_e0_gap30,park_far_warp60,2,56,3000,safety_cap,-0.4564796872437,2.4890455807558e-09,0.0,-10.0,-0.4602165673893383,-0.003736882634683851,-10.4564796872437,-8.104770473960391,-10.4564796872437,-8.104770473960391,-9.996263119854362,-7.75544384746334,-0.4564796872437,-0.5142869657574803,-0.4564796872437,-0.5142869657574803,0.0037368801456383327,-0.1649603392604277
L0_e0_gap30,park_far_warp60,3,56,3000,safety_cap,-0.4639556556940079,1.9020927943813604e-08,0.0,-10.0,-0.5416836793563722,-0.07772800464143638,-10.463955655694008,-8.093318216595886,-10.463955655694008,-8.093318216595886,-9.922271976337635,-7.682154113114164,-0.4639556556940079,-0.5028347083929744,-0.4639556556940079,-0.5028347083929744,0.07772802366236431,-0.09167060491125267
L0_e0_gap30,park_far_warp60,4,56,3000,safety_cap,-0.46395789086818695,3.4395192805014574e-09,0.0,-10.0,-0.6231507900618678,-0.15919290263320013,-10.463957890868187,-8.074751022463571,-10.463957890868187,-8.074751022463571,-9.84080710080632,-7.60174944295475,-0.46395789086818695,-0.4842675142606601,-0.46395789086818695,-0.4842675142606601,0.15919289919368085,-0.011265934751837847
L0_e0_gap30,park_far_warp60,5,56,3000,safety_cap,-0.2786090476438403,5.978324946198654e-09,0.0,-10.0,-0.37128458230360056,-0.09267552868143529,-10.27860904764384,-7.951608434029639,-10.27860904764384,-7.951608434029639,-9.90732446534024,-7.669785484147091,-0.2786090476438403,-0.3611249258267276,-0.2786090476438403,-0.3611249258267276,0.09267553465976025,-0.07930197594417893
L0_e0_gap30,park_far_warp60,6,56,3000,safety_cap,-0.44154105708003044,2.3157353812308656e-08,0.0,-10.0,-0.452751723167724,-0.011210642930339722,-10.44154105708003,-8.091926717385,-10.44154105708003,-8.091926717385,-9.988789333912306,-7.748266268583495,-0.44154105708003044,-0.501443209182089,-0.44154105708003044,-0.501443209182089,0.01121066608769361,-0.15778276038058303
L0_e0_gap30,park_far_warp60,7,56,3000,safety_cap,-0.4639645665884018,1.0090567270637507e-09,0.0,-10.0,-0.5342188191566206,-0.07025425357727558,-10.463964566588402,-8.095043364684726,-10.463964566588402,-8.095043364684726,-9.929745747431781,-7.68954545102673,-0.4639645665884018,-0.5045598564818135,-0.4639645665884018,-0.5045598564818135,0.07025425256821882,-0.0990619428238172
L0_e0_gap30,park_far_warp60,8,56,3000,safety_cap,-0.46396680176258087,2.331332971117206e-08,0.0,-10.0,-0.6156859627214641,-0.15171913764555353,-10.46396680176258,-8.076466069814979,-10.46396680176258,-8.076466069814979,-9.848280839041117,-7.609130655188049,-0.46396680176258087,-0.48598256161206754,-0.46396680176258087,-0.48598256161206754,0.15171916095888327,-0.01864714698513692
L0_e0_gap30,park_far_warp60,9,56,3000,safety_cap,-0.2636704263277352,7.63334406794769e-09,0.0,-10.0,-0.36381972793771655,-0.1001492939766373,-10.263670426327735,-7.938700153805754,-10.263670426327735,-7.938700153805754,-9.899850698390019,-7.662543389318744,-0.2636704263277352,-0.3482166456028419,-0.2636704263277352,-0.3482166456028419,0.10014930160998137,-0.07205988111583111
L0_e0_gap30,park_far_warp60,10,56,3000,safety_cap,-0.4266024371609092,7.61067719956543e-09,0.0,-10.0,-0.44528685090774256,-0.018684406136156195,-10.42660243716091,-8.079082977979539,-10.42660243716091,-8.079082977979539,-9.981315586253167,-7.741088728156057,-0.4266024371609092,-0.488599469776627,-0.4266024371609092,-0.488599469776627,0.018684413746833384,-0.15060521995314413
L0_e0_gap30,park_far_warp60,11,56,3000,safety_cap,-0.4639734886586666,2.158152717646189e-08,0.0,-10.0,-0.5267539506504606,-0.06278048357332118,-10.463973488658667,-8.09676852435621,-10.463973488658667,-8.09676852435621,-9.937219538008206,-7.696936806826905,-0.4639734886586666,-0.5062850161532986,-0.4639734886586666,-0.5062850161532986,0.06278046199179399,-0.10645329862399339
L0_e0_gap30,park_far_coast,0,3000,3000,safety_cap,-0.464694593429158,1.308355368490055e-09,0.0,-10.0,-0.5036483117165921,-0.038953716979078734,-10.464694593429158,-0.42142201791632894,-10.464694593429158,-0.42142201791632894,-9.961046281712566,-0.4214218687926742,-0.464694593429158,-0.4214190570475782,-0.464694593429158,-0.4214190570475782,0.038953718287434214,-0.42141890792392345
L0_e0_gap30,park_far_coast,1,3000,3000,safety_cap,-0.2253023951780051,4.797889002761124e-09,0.0,-10.0,-0.31050416847414825,-0.08520177809403215,-10.225302395178005,-0.4911584110060471,-10.225302395178005,-0.4911584110060471,-9.914798226703857,-0.4911583190698382,-0.2253023951780051,-0.4911554501372964,-0.2253023951780051,-0.4911554501372964,0.0852017732961432,-0.49115535820108747
L0_e0_gap30,park_far_coast,2,3000,3000,safety_cap,-0.3882344437588472,1.340119898385339e-08,0.0,-10.0,-0.39197133979473003,-0.003736882634683851,-10.388234443758847,-0.49500678298582534,-10.388234443758847,-0.49500678298582534,-9.996263103964116,-0.49500666692825623,-0.3882344437588472,-0.4950038221170746,-0.3882344437588472,-0.4950038221170746,0.0037368960358827863,-0.4950037060595055
L0_e0_gap30,park_far_coast,3,3000,3000,safety_cap,-0.3957104771761806,1.2450319886170291e-08,0.0,-10.0,-0.4734384942679368,-0.07772800464143638,-10.39571047717618,-0.3649811379941213,-10.39571047717618,-0.3649811379941213,-9.922271982908244,-0.364980997815197,-0.3957104771761806,-0.36497817712537056,-0.3957104771761806,-0.36497817712537056,0.07772801709175625,-0.36497803694644626
L0_e0_gap30,park_far_coast,4,3000,3000,safety_cap,-0.39571273760520853,1.211391376099158e-09,0.0,-10.0,-0.5549056390270173,-0.15919290263320013,-10.395712737605209,-0.2648759883672583,-10.395712737605209,-0.2648759883672583,-9.84080709857819,-0.2648758240669817,-0.39571273760520853,-0.26487302749850755,-0.39571273760520853,-0.26487302749850755,0.15919290142180875,-0.26487286319823095
L0_e0_gap30,park_far_coast,5,3000,3000,safety_cap,-0.21036393320537172,3.957145555677499e-09,0.0,-10.0,-0.30303945792966147,-0.09267552868143529,-10.210363933205372,-0.4907399102690567,-10.210363933205372,-0.4907399102690567,-9.90732447527571,-0.4907398205430506,-0.21036393320537172,-0.490736949400306,-0.21036393320537172,-0.490736949400306,0.09267552472428964,-0.49073685967429986
L0_e0_gap30,park_far_coast,6,3000,3000,safety_cap,-0.37329598164069466,1.7165824039988564e-08,0.0,-10.0,-0.38450664173685845,-0.011210642930339722,-10.373295981640695,-0.49470185877764894,-10.373295981640695,-0.49470185877764894,-9.988789339903835,-0.49470174493027896,-0.37329598164069466,-0.4946988979088982,-0.37329598164069466,-0.4946988979088982,0.011210660096163672,-0.49469878406152823
L0_e0_gap30,park_far_coast,7,3000,3000,safety_cap,-0.3957195376860909,2.440353918942151e-09,0.0,-10.0,-0.4659737888230126,-0.07025425357727558,-10.395719537686091,-0.37585461455702873,-10.395719537686091,-0.37585461455702873,-9.929745748863079,-0.37585447658830573,-0.3957195376860909,-0.375851653688278,-0.3957195376860909,-0.375851653688278,0.07025425113692174,-0.375851515719555
L0_e0_gap30,park_far_coast,8,3000,3000,safety_cap,-0.395721809421957,1.6958009663170515e-08,0.0,-10.0,-0.5474409640255202,-0.15171913764555353,-10.395721809421957,-0.27279512993149124,-10.395721809421957,-0.27279512993149124,-9.848280845396436,-0.27279496784140694,-0.395721809421957,-0.2727921690627405,-0.395721809421957,-0.2727921690627405,0.15171915460356322,-0.2727920069726562
L0_e0_gap30,park_far_coast,9,3000,3000,safety_cap,-0.19542547134915367,5.237641376165669e-09,0.0,-10.0,-0.29557477056343234,-0.1001492939766373,-10.195425471349154,-0.49030906173401356,-10.195425471349154,-0.49030906173401356,-9.899850700785722,-0.4903089742182034,-0.19542547134915367,-0.49030610086526283,-0.19542547134915367,-0.49030610086526283,0.10014929921427873,-0.4903060133494527
L0_e0_gap30,park_far_coast,10,3000,3000,safety_cap,-0.35835751965350937,5.908945222010686e-09,0.0,-10.0,-0.3770419316986108,-0.018684406136156195,-10.35835751965351,-0.49438796354697556,-10.35835751965351,-0.49438796354697556,-9.9813155879549,-0.4943878519098083,-0.35835751965350937,-0.4943850026782248,-0.35835751965350937,-0.4943850026782248,0.018684412045101517,-0.4943848910410575
L0_e0_gap30,park_far_coast,11,3000,3000,safety_cap,-0.3957286133081652,1.4533729164600828e-08,0.0,-10.0,-0.4585090823477572,-0.06278048357332118,-10.395728613308165,-0.38705020446783656,-10.395728613308165,-0.38705020446783656,-9.937219530960409,-0.3870500687093152,-0.3957286133081652,-0.3870472435990858,-0.3957286133081652,-0.3870472435990858,0.06278046903959211,-0.38704710784056445
L0_e0_gap30,suicide_reentry,0,7,36,collision,-0.24412763491272926,1.3542576005054485e-08,0.0,-10.000000310746884,-0.283081365434384,-0.038953716979078734,-9.96104658022523,-9.67014797137167,-10.244127945659613,-9.94484234630023,-9.96104658022523,-9.67014797137167,-9.96104658022523,-9.67014797137167,-10.244127945659613,-9.94484234630023,-9.96104658022523,-9.67014797137167
L0_e0_gap30,suicide_reentry,1,5,37,collision,-0.1594933234155178,5.971273697724655e-09,0.0,-10.000000385760444,-0.24469509553827626,-0.08520177809403215,-9.914798613637686,-9.719974784309262,-10.159493709175962,-9.95981256000649,-9.914798613637686,-9.719974784309262,-9.914798613637686,-9.719974784309262,-10.159493709175962,-9.95981256000649,-9.914798613637686,-9.719974784309262
L0_e0_gap30,suicide_reentry,2,5,37,collision,-0.1594933234155178,2.60753280079129e-09,0.0,-10.000000266335958,-0.16323020865773447,-0.003736882634683851,-9.99626338109374,-9.799822435449846,-10.159493589751476,-9.95981244295264,-9.99626338109374,-9.799822435449846,-9.99626338109374,-9.799822435449846,-10.159493589751476,-9.95981244295264,-9.99626338109374,-9.799822435449846
L0_e0_gap30,suicide_reentry,3,5,37,collision,-0.16377807781100273,7.034522409021804e-09,0.0,-10.000000466623192,-0.2415060894869615,-0.07772800464143638,-9.922272454947233,-9.727342657547695,-10.163778544434194,-9.964054730556237,-9.922272454947233,-9.727342657547695,-9.922272454947233,-9.727342657547695,-10.163778544434194,-9.964054730556237,-9.922272454947233,-9.727342657547695
L0_e0_gap30,suicide_reentry,4,5,37,collision,-0.16377808526158333,3.0208959223010368e-09,0.0,-9.99999964692154,-0.3229709909156794,-0.15919290263320013,-9.840806741267443,-9.647494079114287,-10.163777732183123,-9.96405393457665,-9.840806741267443,-9.647494079114287,-9.840806741267443,-9.647494079114287,-10.163777732183123,-9.96405393457665,-9.840806741267443,-9.647494079114287
L0_e0_gap30,suicide_reentry,5,5,37,collision,-0.1594933271408081,9.87866288770789e-09,0.0,-10.000000210305398,-0.2521688657009063,-0.09267552868143529,-9.9073246717453,-9.712649203914088,-10.159493537446206,-9.959812391704004,-9.9073246717453,-9.712649203914088,-9.9073246717453,-9.712649203914088,-10.159493537446206,-9.959812391704004,-9.9073246717453,-9.712649203914088
L0_e0_gap30,suicide_reentry,6,5,37,collision,-0.1594933271408081,5.8025806382033807e-11,0.0,-10.000000082073669,-0.17070397001312201,-0.011210642930339722,-9.988789439201355,-9.792496855054672,-10.159493409214477,-9.959812266017739,-9.988789439201355,-9.792496855054672,-9.988789439201355,-9.792496855054672,-10.159493409214477,-9.959812266017739,-9.988789439201355,-9.792496855054672
L0_e0_gap30,suicide_reentry,7,5,37,collision,-0.16377807036042213,6.947844882754239e-09,0.0,-9.999999699965132,-0.2340323308855426,-0.07025425357727558,-9.929745439440012,-9.734667299511331,-10.163777770325554,-9.9640539717589,-9.929745439440012,-9.734667299511331,-9.929745439440012,-9.734667299511331,-10.163777770325554,-9.9640539717589,-9.929745439440012,-9.734667299511331
L0_e0_gap30,suicide_reentry,8,5,37,collision,-0.16377807408571243,1.3751098121295158e-08,0.0,-9.9999998271059,-0.3154972254823641,-0.15171913764555353,-9.848280675709248,-9.65481965209604,-10.163777901191612,-9.964054100101151,-9.848280675709248,-9.65481965209604,-9.848280675709248,-9.65481965209604,-10.163777901191612,-9.964054100101151,-9.848280675709248,-9.65481965209604
L0_e0_gap30,suicide_reentry,9,5,37,collision,-0.159493338316679,3.901102829662051e-09,0.0,-10.000000035181236,-0.25964263619441913,-0.1001492939766373,-9.899850737303495,-9.70532363100647,-10.159493373497915,-9.959812231213387,-9.899850737303495,-9.70532363100647,-9.899850737303495,-9.70532363100647,-10.159493373497915,-9.959812231213387,-9.899850737303495,-9.70532363100647
L0_e0_gap30,suicide_reentry,10,5,37,collision,-0.1594933308660984,6.999171603405685e-09,0.0,-9.999999896445955,-0.17817773000308298,-0.018684406136156195,-9.98131549730897,-9.785171274696472,-10.159493227312053,-9.959812087781492,-9.98131549730897,-9.785171274696472,-9.98131549730897,-9.785171274696472,-10.159493227312053,-9.959812087781492,-9.98131549730897,-9.785171274696472
L0_e0_gap30,suicide_reentry,11,5,37,collision,-0.16377806663513184,2.1505112135500326e-09,0.0,-9.999999862755207,-0.22655854805794182,-0.06278048357332118,-9.937219381332397,-9.741992879850905,-10.163777929390339,-9.96405412759222,-9.937219381332397,-9.741992879850905,-9.937219381332397,-9.741992879850905,-10.163777929390339,-9.96405412759222,-9.937219381332397,-9.741992879850905
L0_e0_gap30,fuel_dump_strand,0,20,20,stranded,-0.03546014800667763,1.1148476003475238e-08,0.0,-9.999999600602417,-0.07441385383728036,-0.038953716979078734,-9.961045894771814,-9.058365745178664,-10.035459748609094,-9.126019566343313,-9.961045894771814,-9.058365745178664,-9.961045894771814,-9.058365745178664,-10.035459748609094,-9.126019566343313,-9.961045894771814,-9.058365745178664
L0_e0_gap30,fuel_dump_strand,1,20,20,stranded,-0.039519477635622025,1.7537029634029366e-08,0.0,-9.999999711093015,-0.12472123819262454,-0.08520177809403215,-9.914797950536013,-9.016526182604315,-10.039519188728637,-9.129917277259464,-9.914797950536013,-9.016526182604315,-9.914797950536013,-9.016526182604315,-10.039519188728637,-9.129917277259464,-9.914797950536013,-9.016526182604315
L0_e0_gap30,fuel_dump_strand,2,20,20,stranded,-0.039519479498267174,1.5859438762255706e-11,0.0,-9.999999602505255,-0.043256362148810464,-0.003736882634683851,-9.996262719854712,-9.090590387358466,-10.039519082003522,-9.129917179859337,-9.996262719854712,-9.090590387358466,-9.996262719854712,-9.090590387358466,-10.039519082003522,-9.129917179859337,-9.996262719854712,-9.090590387358466
L0_e0_gap30,fuel_dump_strand,3,20,20,stranded,-0.035226525738835335,2.0049127538723788e-08,0.0,-10.000000410719927,-0.11295455042939925,-0.07772800464143638,-9.922272386029363,-9.023119417998878,-10.035226936458763,-9.125812754796005,-9.922272386029363,-9.023119417998878,-9.922272386029363,-9.023119417998878,-10.035226936458763,-9.125812754796005,-9.922272386029363,-9.023119417998878
L0_e0_gap30,fuel_dump_strand,4,20,20,stranded,-0.03522652946412563,8.68479979598824e-09,0.0,-9.999999562572683,-0.19441942341252597,-0.15919290263320013,-9.840806668624282,-8.949054350571071,-10.035226092036808,-9.125811986739834,-9.840806668624282,-8.949054350571071,-9.840806668624282,-8.949054350571071,-10.035226092036808,-9.125811986739834,-9.840806668624282,-8.949054350571071
L0_e0_gap30,fuel_dump_strand,5,20,20,stranded,-0.03951948881149292,8.885922400669877e-09,0.0,-9.999999553661565,-0.1321950263788506,-0.09267552868143529,-9.907324016094208,-9.009731206809747,-10.039519042473058,-9.129917142792147,-9.907324016094208,-9.009731206809747,-9.907324016094208,-9.009731206809747,-10.039519042473058,-9.129917142792147,-9.907324016094208,-9.009731206809747
L0_e0_gap30,fuel_dump_strand,6,20,20,stranded,-0.039519499987363815,2.9164663808978197e-09,0.0,-10.000000394247255,-0.05073014583416992,-0.011210642930339722,-9.98878974840045,-9.083796287411124,-10.039519894234619,-9.129917917147255,-9.98878974840045,-9.083796287411124,-9.98878974840045,-9.083796287411124,-10.039519894234619,-9.129917917147255,-9.98878974840045,-9.083796287411124
L0_e0_gap30,fuel_dump_strand,7,20,20,stranded,-0.03522655554115772,4.001090903038573e-09,0.0,-9.99999966535341,-0.1054808131195242,-0.07025425357727558,-9.929745407775044,-9.029913561962253,-10.035226220894568,-9.125812103686686,-9.929745407775044,-9.029913561962253,-9.929745407775044,-9.029913561962253,-10.035226220894568,-9.125812103686686,-9.929745407775044,-9.029913561962253
L0_e0_gap30,fuel_dump_strand,8,20,20,stranded,-0.035226570442318916,1.413108674519492e-08,0.0,-9.999999778734617,-0.1869456939567857,-0.15171913764555353,-9.848280655220151,-8.955849372321666,-10.035226349176936,-9.12581222055837,-9.848280655220151,-8.955849372321666,-9.848280655220151,-8.955849372321666,-10.035226349176936,-9.12581222055837,-9.848280655220151,-8.955849372321666
L0_e0_gap30,fuel_dump_strand,9,20,20,stranded,-0.03951951675117016,3.40694644718198e-09,0.0,-10.000000342660217,-0.139668807320861,-0.1001492939766373,-9.899851052090526,-9.002937113967468,-10.039519859411387,-9.129917884690993,-9.899851052090526,-9.002937113967468,-9.899851052090526,-9.002937113967468,-10.039519859411387,-9.129917884690993,-9.899851052090526,-9.002937113967468
L0_e0_gap30,fuel_dump_strand,10,20,20,stranded,-0.03951951861381531,9.384585664129474e-09,0.0,-10.000000236929967,-0.05820393413455716,-0.018684406136156195,-9.981315821409225,-9.077001318678395,-10.039519755543783,-9.129917789845564,-9.981315821409225,-9.077001318678395,-9.981315821409225,-9.077001318678395,-10.039519755543783,-9.129917789845564,-9.981315821409225,-9.077001318678395
L0_e0_gap30,fuel_dump_strand,11,20,20,stranded,-0.03522658906877041,6.502910987471466e-10,0.0,-9.999999869843363,-0.09800707199180049,-0.06278048357332118,-9.937219386920333,-9.036708576447255,-10.035226458912133,-9.12581231962797,-9.937219386920333,-9.036708576447255,-9.937219386920333,-9.036708576447255,-10.035226458912133,-9.12581231962797,-9.937219386920333,-9.036708576447255
L0_e0_gap30,oneburn10_warp60,0,51,3000,safety_cap,-0.26455221930518746,1.016573164536183e-08,0.0,-10.0,-0.30350594644999784,-0.038953716979078734,-10.264552219305187,-8.019018442631774,-10.264552219305187,-8.019018442631774,-9.961046272855189,-7.782795953364737,-0.26455221930518746,-0.23589287194535372,-0.26455221930518746,-0.23589287194535372,0.03895372714481038,0.00032961732168243496
L0_e0_gap30,oneburn10_warp60,1,18,964,success,0.06607083603739738,9.956205151984143e-09,0.0,9.886890186063633,-0.019130932100429616,-0.08520177809403215,9.97209195420146,9.15951503891608,9.95296102210103,9.141946788913287,9.97209195420146,9.15951503891608,9.97209195420146,9.15951503891608,9.95296102210103,9.141946788913287,9.97209195420146,9.15951503891608
L0_e0_gap30,oneburn10_warp60,2,51,3000,safety_cap,-0.26158904284238815,1.0181966381139773e-11,0.0,-10.0,-0.26532592546689004,-0.003736882634683851,-10.261589042842388,-8.01557073671221,-10.261589042842388,-8.01557073671221,-9.996263117375499,-7.809064237205471,-0.26158904284238815,-0.23244516602579005,-0.26158904284238815,-0.23244516602579005,0.0037368826245018916,-0.02593866651905094
L0_e0_gap30,oneburn10_warp60,3,51,3000,safety_cap,-0.2690626457333565,4.074370285600537e-09,0.0,-10.0,-0.3467906544491631,-0.07772800464143638,-10.269062645733356,-8.023007848122793,-10.269062645733356,-8.023007848122793,-9.922271991284193,-7.753096327090955,-0.2690626457333565,-0.23988227743637242,-0.2690626457333565,-0.23988227743637242,0.07772800871580665,0.03002924359546355
L0_e0_gap30,oneburn10_warp60,4,51,3000,safety_cap,-0.2690625162795186,9.701779324355897e-09,0.0,-10.0,-0.42825542861449806,-0.15919290263320013,-10.269062516279519,-8.023007734489829,-10.269062516279519,-8.023007734489829,-9.84080708766502,-7.689691156766351,-0.2690625162795186,-0.23988216380340874,-0.2690625162795186,-0.23988216380340874,0.15919291233497945,0.09343441392006854
L0_e0_gap30,oneburn10_warp60,5,19,1052,success,0.07122389180585742,3.4885526273287226e-09,0.0,9.886890721086065,-0.0214516403641305,-0.09267552868143529,9.979566253256053,9.120883833211547,9.958114612891922,9.101282935565049,9.979566253256053,9.120883833211547,9.979566253256053,9.120883833211547,9.958114612891922,9.101282935565049,9.979566253256053,9.120883833211547
L0_e0_gap30,oneburn10_warp60,6,51,3000,safety_cap,-0.24664092320017517,1.115375999893864e-08,0.0,-10.0,-0.2578515772842749,-0.011210642930339722,-10.246640923200175,-8.00076494080111,-10.246640923200175,-8.00076494080111,-9.988789345915901,-7.800075820340803,-0.24664092320017517,-0.2176393701146894,-0.24664092320017517,-0.2176393701146894,0.011210654084099714,-0.016950249654382854
L0_e0_gap30,oneburn10_warp60,7,51,3000,safety_cap,-0.26906205248087645,2.671784349317363e-09,0.0,-10.0,-0.3393163087299364,-0.07025425357727558,-10.269062052480876,-8.023007323427434,-10.269062052480876,-8.023007323427434,-9.92974574375094,-7.758913179524745,-0.26906205248087645,-0.23988175274101364,-0.26906205248087645,-0.23988175274101364,0.07025425624905995,0.02421239116167595
L0_e0_gap30,oneburn10_warp60,8,51,3000,safety_cap,-0.269061915576458,9.251483912287028e-09,0.0,-10.0,-0.4207810439705276,-0.15171913764555353,-10.269061915576458,-8.023007202343889,-10.269061915576458,-8.023007202343889,-9.84828087160593,-7.695508032045175,-0.269061915576458,-0.23988163165746929,-0.269061915576458,-0.23988163165746929,0.15171912839406965,0.08761753864124477
L0_e0_gap30,oneburn10_warp60,9,20,1141,success,0.07637692335993052,9.196944344980196e-09,0.0,9.886890289642249,-0.023772361419762435,-0.1001492939766373,9.987039574421942,9.08243428849847,9.96326721300218,9.06082149726109,9.987039574421942,9.08243428849847,9.987039574421942,9.08243428849847,9.96326721300218,9.06082149726109,9.987039574421942,9.08243428849847
L0_e0_gap30,oneburn10_warp60,10,51,3000,safety_cap,-0.2316928036743775,3.0481149826400156e-09,0.0,-10.0,-0.2503772067624187,-0.018684406136156195,-10.231692803674378,-7.986070903582344,-10.231692803674378,-7.986070903582344,-9.981315596911958,-7.791199179555381,-0.2316928036743775,-0.202945332895924,-0.2316928036743775,-0.202945332895924,0.0186844030880412,-0.008073608868961829
L0_e0_gap30,oneburn10_warp60,11,51,3000,safety_cap,-0.2690614592283964,8.547651919599275e-09,0.0,-10.0,-0.33184193425406566,-0.06278048357332118,-10.269061459228396,-8.023006798732075,-10.269061459228396,-8.023006798732075,-9.937219524974331,-7.764730054340189,-0.2690614592283964,-0.23988122804565482,-0.2690614592283964,-0.23988122804565482,0.06278047502566925,0.01839551634623121
L0_e0_gap30,expert,0,150,1511,success,0.03252993097703438,3.3205591887242036e-09,0.0,9.96602647366617,-0.006423782681485161,-0.038953716979078734,10.00498018732469,4.742126815786165,9.998556404643205,4.739082919355875,10.00498018732469,4.742126815786165,10.00498018732469,4.742126815786165,9.998556404643205,4.739082919355875,10.00498018732469,4.742126815786165
L0_e0_gap30,expert,1,273,1419,success,0.07362352898053359,1.1283398243522313e-08,0.0,9.920783364953103,-0.011578237830100318,-0.08520177809403215,10.005985131763737,2.570786562593505,9.994406893933636,2.5678250033206815,10.005985131763737,2.570786562593505,10.005985131763737,2.570786562593505,9.994406893933636,2.5678250033206815,10.005985131763737,2.570786562593505
L0_e0_gap30,expert,2,3000,3000,safety_cap,0.0,8.981396049621837e-09,0.0,-10.0,-0.0037368736532878014,-0.003736882634683851,-10.0,-2.96086875077243e-06,-10.0,-2.96086875077243e-06,-9.996263126346712,-2.9597623115298778e-06,0.0,-2.2972417564150378e-17,0.0,-2.2972417564150378e-17,0.0037368736532878014,1.1064392195794636e-09
L0_e0_gap30,expert,3,186,1298,success,0.06634722723538289,1.997383240748274e-08,0.0,9.920783394819821,-0.011380797379885902,-0.07772800464143638,9.99851141943509,3.9630019466342814,9.987130622055204,3.958499561629585,9.99851141943509,3.9630019466342814,9.99851141943509,3.9630019466342814,9.987130622055204,3.958499561629585,9.99851141943509,3.9630019466342814
L0_e0_gap30,expert,4,266,1625,success,0.14593383438477758,6.66279531547076e-11,0.0,9.77416501934262,-0.013259068181794592,-0.15919290263320013,9.933357921909192,2.662239514178782,9.920098853727398,2.658726908480716,9.933357921909192,2.662239514178782,9.933357921909192,2.662239514178782,9.920098853727398,2.658726908480716,9.933357921909192,2.662239514178782
L0_e0_gap30,expert,5,169,1350,success,0.07971566850392264,1.448530129177783e-08,0.0,9.909480654206815,-0.012959874662813934,-0.09267552868143529,10.002156197373552,4.322448349740908,9.989196322710738,4.316865211687721,10.002156197373552,4.322448349740908,10.002156197373552,4.322448349740908,9.989196322710738,4.316865211687721,10.002156197373552,4.322448349740908
L0_e0_gap30,expert,6,1632,1925,success,0.0043681161041604355,1.031997194384654e-08,0.0,9.954710082787932,-0.00684253714615123,-0.011210642930339722,9.965920736038242,0.0028051342812346653,9.959078198892092,0.002803208256500693,9.965920736038242,0.0028051342812346653,9.965920736038242,0.0028051342812346653,9.959078198892092,0.002803208256500693,9.965920736038242,0.0028051342812346653
L0_e0_gap30,expert,7,180,1359,success,0.05935183390829479,1.0396089385189544e-08,0.0,9.93208789376666,-0.010902409272891399,-0.07025425357727558,10.002342136947846,4.084436318977292,9.991439727674955,4.079991501469063,10.002342136947846,4.084436318977292,10.002342136947846,4.084436318977292,9.991439727674955,4.079991501469063,10.002342136947846,4.084436318977292
L0_e0_gap30,expert,8,290,1547,success,0.13789789364818716,1.3076300708902977e-08,0.0,9.807942735235903,-0.013821257073667076,-0.15171913764555353,9.959661885957757,2.370598196660516,9.94584062888409,2.3673516781726196,9.959661885957757,2.370598196660516,9.959661885957757,2.370598196660516,9.94584062888409,2.3673516781726196,9.959661885957757,2.370598196660516
L0_e0_gap30,expert,9,175,1507,success,0.0892311601783149,4.559514737989545e-09,0.0,9.864315511849682,-0.010918138357837138,-0.1001492939766373,9.964464810385834,4.183057184627649,9.953546672027997,4.178492984873267,9.964464810385834,4.183057184627649,9.964464810385834,4.183057184627649,9.953546672027997,4.178492984873267,9.964464810385834,4.183057184627649
L0_e0_gap30,expert,10,1379,1876,success,0.010554774664342261,1.4300538864198131e-08,0.0,9.954710463089956,-0.00812961717127507,-0.018684406136156195,9.973394854925573,0.009978041099996417,9.965265237754299,0.009969907639484785,9.973394854925573,0.009978041099996417,9.973394854925573,0.009978041099996417,9.965265237754299,0.009969907639484785,9.973394854925573,0.009978041099996417
L0_e0_gap30,expert,11,249,1451,success,0.05399956371184089,1.5214492485315922e-08,0.0,9.943397066327837,-0.008780935075972777,-0.06278048357332118,10.00617756511565,2.892486085028574,9.997396630039677,2.8899529123749352,10.00617756511565,2.892486085028574,10.00617756511565,2.892486085028574,9.997396630039677,2.8899529123749352,10.00617756511565,2.892486085028574
L1_e0_gap180,coast_forever,0,3000,3000,safety_cap,0.0,2.3547865601880602e-09,0.0,-10.0,-0.23372230365473318,-0.23372230129994662,-10.0,-2.960868750733424e-06,-10.0,-2.960868750733424e-06,-9.766277696345266,-2.891666644208976e-06,0.0,1.6033582488012378e-17,0.0,1.6033582488012378e-17,0.23372230365473318,6.92021065404811e-08
L1_e0_gap180,coast_forever,1,3000,3000,safety_cap,-1.2212453270876722e-15,6.1402123385789764e-09,0.0,-10.0,-0.5112106538112116,-0.511210647670998,-10.0,-2.960868750389733e-06,-10.0,-2.960868750389733e-06,-9.488789346188788,-2.809505985397751e-06,-1.2212453270876722e-15,3.5972468613704173e-16,-1.2212453270876722e-15,3.5972468613704173e-16,0.5112106538112103,1.513627653517062e-07
L1_e0_gap180,coast_forever,2,3000,3000,safety_cap,1.4224732503009818e-16,6.253062241612373e-09,0.0,-10.0,-0.02242128653142648,-0.022421292784488865,-10.0,-2.96086875057587e-06,-10.0,-2.96086875057587e-06,-9.977578713468574,-2.95423010191162e-06,1.4224732503009818e-16,1.7358744195424844e-16,1.4224732503009818e-16,1.7358744195424844e-16,0.022421286531426624,6.638648837837478e-09
L1_e0_gap180,coast_forever,3,3000,3000,safety_cap,-2.7755575615628914e-16,1.0678323336676954e-08,0.0,-10.0,-0.466368066507097,-0.4663680558287734,-10.000000000000004,-2.9608687520359032e-06,-10.000000000000004,-2.9608687520359032e-06,-9.533631933492906,-2.822783288589072e-06,-2.7755575615628914e-16,-1.2864458114055807e-15,-2.7755575615628914e-16,-1.2864458114055807e-15,0.4663680665070967,1.38085462160385e-07
L1_e0_gap180,coast_forever,4,3000,3000,safety_cap,-5.551115123125783e-16,2.674327981289082e-09,0.0,-10.0,-0.9551574221802948,-0.9551574248546222,-10.0,-2.960868752188952e-06,-10.0,-2.960868752188952e-06,-9.044842577819706,-2.6780591758509476e-06,-5.551115123125783e-16,-1.4394944562355335e-15,-5.551115123125783e-16,-1.4394944562355335e-15,0.9551574221802942,2.828095748985097e-07
L1_e0_gap180,coast_forever,5,3000,3000,safety_cap,3.3306690738754696e-16,5.406506686789214e-09,0.0,-10.0,-0.5560532177714945,-0.5560532231780015,-10.0,-2.9608687505358667e-06,-10.0,-2.9608687505358667e-06,-9.443946782228505,-2.7962286909105364e-06,3.3306690738754696e-16,2.135907323204141e-16,3.3306690738754696e-16,2.135907323204141e-16,0.5560532177714949,1.6464005983892083e-07
L1_e0_gap180,coast_forever,6,3000,3000,safety_cap,0.0,2.1236788438905307e-09,0.0,-10.0,-0.06726386808169817,-0.06726387020537701,-10.0,-2.9608687507534017e-06,-10.0,-2.9608687507534017e-06,-9.932736131918302,-2.940952802247638e-06,0.0,-3.944036681986282e-18,0.0,-3.944036681986282e-18,0.06726386808169817,1.9915948501819357e-08
L1_e0_gap180,coast_forever,7,3000,3000,safety_cap,-5.551115123125783e-16,4.295194866443808e-09,0.0,-10.0,-0.42152548903553616,-0.42152549333073047,-10.0,-2.9608687512212274e-06,-10.0,-2.9608687512212274e-06,-9.578474510964464,-2.836060586408257e-06,-5.551115123125783e-16,-4.717696874650653e-16,-5.551115123125783e-16,-4.717696874650653e-16,0.4215254890355356,1.2480816434120052e-07
L1_e0_gap180,coast_forever,8,3000,3000,safety_cap,-1.3322676295501878e-15,9.654455013219376e-10,0.0,-10.0,-0.9103148425505653,-0.9103148435160094,-10.0,-2.9608687530271097e-06,-10.0,-2.9608687530271097e-06,-9.089685157449434,-2.6913364759619713e-06,-1.3322676295501878e-15,-2.277651959029628e-15,-1.3322676295501878e-15,-2.277651959029628e-15,0.9103148425505639,2.6953227478748616e-07
L1_e0_gap180,coast_forever,9,3000,3000,safety_cap,-3.3306690738754696e-16,5.144782377897172e-09,0.0,-10.0,-0.6008957993180957,-0.600895794173313,-10.0,-2.9608687520810298e-06,-10.0,-2.9608687520810298e-06,-9.399104200681904,-2.782951392615273e-06,-3.3306690738754696e-16,-1.3315720291845033e-15,-3.3306690738754696e-16,-1.3315720291845033e-15,0.6008957993180953,1.7791735813418462e-07
L1_e0_gap180,coast_forever,10,3000,3000,safety_cap,-1.3877787807814457e-16,5.0747891583435845e-09,0.0,-10.0,-0.1121064471974523,-0.112106442122663,-10.0,-2.9608687509736612e-06,-10.0,-2.9608687509736612e-06,-9.887893552802547,-2.927675503347213e-06,-1.3877787807814457e-16,-2.2420381929017017e-16,-1.3877787807814457e-16,-2.2420381929017017e-16,0.11210644719745216,3.319324740224424e-08
L1_e0_gap180,coast_forever,11,3000,3000,safety_cap,0.0,9.301200531997011e-09,0.0,-10.0,-0.37668292117792523,-0.3766829118767247,-10.0,-2.960868750688504e-06,-10.0,-2.960868750688504e-06,-9.623317078822074,-2.84933788166283e-06,0.0,6.095336033997109e-17,0.0,6.095336033997109e-17,0.37668292117792523,1.1153086908662734e-07
L1_e0_gap180,warp5_forever,0,600,3000,safety_cap,0.0,4.533041719767539e-09,0.0,-10.0,-0.23372230583298834,-0.23372230129994662,-10.0,-0.4966213277390804,-10.0,-0.4966213277390804,-9.766277694167012,-0.48501417955457865,0.0,1.8858054607844664e-17,0.0,1.8858054607844664e-17,0.23372230583298834,0.011607148184501826
L1_e0_gap180,warp5_forever,1,600,3000,safety_cap,-9.992007221626409e-16,2.983608915485547e-09,0.0,-10.0,-0.5112106446873901,-0.511210647670998,-10.000000000000002,-0.4966213277390801,-10.000000000000002,-0.4966213277390801,-9.488789355312612,-0.4712335168271798,-9.992007221626409e-16,3.325982667280747e-16,-9.992007221626409e-16,3.325982667280747e-16,0.5112106446873891,0.025387810911900625
L1_e0_gap180,warp5_forever,2,600,3000,safety_cap,1.4224732503009818e-16,1.3824750198787594e-09,0.0,-10.0,-0.022421291402013703,-0.022421292784488865,-10.0,-0.49662132773908024,-10.0,-0.49662132773908024,-9.977578708597987,-0.49550783858851094,1.4224732503009818e-16,1.8822197468897413e-16,1.4224732503009818e-16,1.8822197468897413e-16,0.022421291402013845,0.0011134891505694756
L1_e0_gap180,warp5_forever,3,600,3000,safety_cap,-2.7755575615628914e-16,1.2501033652689841e-08,0.0,-10.0,-0.4663680683298073,-0.4663680558287734,-10.000000000000002,-0.4966213277390817,-10.000000000000002,-0.4966213277390817,-9.533631931670195,-0.4734604948081758,-2.7755575615628914e-16,-1.2757609602617733e-15,-2.7755575615628914e-16,-1.2757609602617733e-15,0.46636806832980704,0.02316083293090463
L1_e0_gap180,warp5_forever,4,600,3000,safety_cap,0.0,3.6568179595519723e-09,0.0,-10.0,-0.9551574211978042,-0.9551574248546222,-10.0,-0.49662132773908185,-10.0,-0.49662132773908185,-9.044842578802196,-0.4491861730675729,0.0,-1.419189543070408e-15,0.0,-1.419189543070408e-15,0.9551574211978042,0.04743515467150754
L1_e0_gap180,warp5_forever,5,600,3000,safety_cap,3.3306690738754696e-16,2.0816350865260347e-09,0.0,-10.0,-0.5560532252596363,-0.5560532231780015,-10.0,-0.4966213277390802,-10.0,-0.4966213277390802,-9.443946774740361,-0.4690065386368763,3.3306690738754696e-16,2.0202217616812736e-16,3.3306690738754696e-16,2.0202217616812736e-16,0.5560532252596366,0.027614789102204055
L1_e0_gap180,warp5_forever,6,600,3000,safety_cap,0.0,7.01898449084748e-09,0.0,-10.0,-0.06726386318639252,-0.06726387020537701,-10.0,-0.4966213277390804,-10.0,-0.4966213277390804,-9.932736136813608,-0.4932808608346318,0.0,-4.3063988253452674e-18,0.0,-4.3063988253452674e-18,0.06726386318639252,0.003340466904448606
L1_e0_gap180,warp5_forever,7,600,3000,safety_cap,-2.7755575615628914e-16,3.712758489538004e-09,0.0,-10.0,-0.42152549704348924,-0.42152549333073047,-10.0,-0.49662132773908085,-10.0,-0.49662132773908085,-9.57847450295651,-0.47568747253731947,-2.7755575615628914e-16,-4.482015489363084e-16,-2.7755575615628914e-16,-4.482015489363084e-16,0.42152549704348896,0.020933855201760897
L1_e0_gap180,warp5_forever,8,600,3000,safety_cap,-7.771561172376096e-16,1.381240677389428e-10,0.0,-10.0,-0.9103148436541343,-0.9103148435160094,-9.999999999999998,-0.4966213277390826,-9.999999999999998,-0.4966213277390826,-9.089685156345864,-0.4514131511074716,-7.771561172376096e-16,-2.1563386579077777e-15,-7.771561172376096e-16,-2.1563386579077777e-15,0.9103148436541335,0.045208176631608796
L1_e0_gap180,warp5_forever,9,600,3000,safety_cap,1.1102230246251565e-16,1.4212114485268046e-08,0.0,-10.0,-0.6008957799611984,-0.600895794173313,-10.0,-0.4966213277390817,-10.0,-0.4966213277390817,-9.3991042200388,-0.4667795617313676,1.1102230246251565e-16,-1.2492778987559315e-15,1.1102230246251565e-16,-1.2492778987559315e-15,0.6008957799611985,0.029841766007712815
L1_e0_gap180,warp5_forever,10,600,3000,safety_cap,-1.3877787807814457e-16,1.238060889918735e-09,0.0,-10.0,-0.11210644336072403,-0.112106442122663,-10.0,-0.4966213277390807,-10.0,-0.4966213277390807,-9.887893556639275,-0.4910538826640898,-1.3877787807814457e-16,-2.9194169442617765e-16,-1.3877787807814457e-16,-2.9194169442617765e-16,0.1121064433607239,0.0055674450749905865
L1_e0_gap180,warp5_forever,11,600,3000,safety_cap,0.0,3.419005800697761e-09,0.0,-10.0,-0.3766829152957305,-0.3766829118767247,-10.0,-0.49662132773908035,-10.0,-0.49662132773908035,-9.623317084704269,-0.477914450786001,0.0,6.361461389573592e-17,0.0,6.361461389573592e-17,0.3766829152957305,0.018706876953079387
L1_e0_gap180,warp30_forever,0,100,3000,safety_cap,0.0,5.326266927507817e-10,0.0,-10.0,-0.2337223018325733,-0.23372230129994662,-10.0,-6.088145090359074,-10.0,-6.088145090359074,-9.766277698167427,-5.945851561918134,0.0,7.57120864967035e-18,0.0,7.57120864967035e-18,0.2337223018325733,0.1422935284409403
L1_e0_gap180,warp30_forever,1,100,3000,safety_cap,3.3306690738754696e-16,3.115065871917011e-09,0.0,-10.0,-0.5112106445559318,-0.511210647670998,-10.0,-6.088145090359074,-10.0,-6.088145090359074,-9.488789355444068,-5.776912632779824,3.3306690738754696e-16,3.609835689941447e-16,3.3306690738754696e-16,3.609835689941447e-16,0.5112106445559321,0.3112324575792498
L1_e0_gap180,warp30_forever,2,100,3000,safety_cap,1.4224732503009818e-16,4.2463387320279544e-10,0.0,-10.0,-0.02242129235985485,-0.022421292784488865,-10.0,-6.088145090359074,-10.0,-6.088145090359074,-9.977578707640145,-6.074494682259059,1.4224732503009818e-16,1.5963190097237987e-16,1.4224732503009818e-16,1.5963190097237987e-16,0.022421292359854992,0.013650408100015731
L1_e0_gap180,warp30_forever,3,100,3000,safety_cap,-5.551115123125783e-16,1.2321874021115065e-08,0.0,-10.0,-0.46636806815064796,-0.4663680558287734,-10.0,-6.088145090359075,-10.0,-6.088145090359075,-9.533631931849351,-5.804213443917913,-5.551115123125783e-16,-8.408978884245985e-16,-5.551115123125783e-16,-8.408978884245985e-16,0.4663680681506474,0.2839316464411605
L1_e0_gap180,warp30_forever,4,100,3000,safety_cap,-2.3314683517128287e-15,1.4193090924763396e-08,0.0,-10.0,-0.9551574390477154,-0.9551574248546222,-10.000000000000002,-6.088145090359076,-10.000000000000002,-6.088145090359076,-9.044842560952286,-5.5066313830532465,-2.3314683517128287e-15,-2.027912394837904e-15,-2.3314683517128287e-15,-2.027912394837904e-15,0.9551574390477131,0.5815137073058275
L1_e0_gap180,warp30_forever,5,100,3000,safety_cap,0.0,4.9050145056739325e-09,0.0,-10.0,-0.556053218272987,-0.5560532231780015,-10.0,-6.088145090359074,-10.0,-6.088145090359074,-9.443946781727012,-5.749611823278369,0.0,8.722483348090519e-17,0.0,8.722483348090519e-17,0.556053218272987,0.33853326708070497
L1_e0_gap180,warp30_forever,6,100,3000,safety_cap,0.0,6.320879583632255e-09,0.0,-10.0,-0.0672638765262566,-0.06726387020537701,-10.0,-6.088145090359074,-10.0,-6.088145090359074,-9.932736123473743,-6.047193866395889,0.0,0.0,0.0,0.0,0.0672638765262566,0.040951223963184805
L1_e0_gap180,warp30_forever,7,100,3000,safety_cap,-2.7755575615628914e-16,4.451627844126449e-09,0.0,-10.0,-0.4215254888791029,-0.42152549333073047,-10.0,-6.088145090359074,-10.0,-6.088145090359074,-9.578474511120897,-5.831514256801022,-2.7755575615628914e-16,-3.4068765384595955e-16,-2.7755575615628914e-16,-3.4068765384595955e-16,0.42152548887910263,0.25663083355805155
L1_e0_gap180,warp30_forever,8,100,3000,safety_cap,-1.1102230246251565e-15,1.1961661661175071e-09,0.0,-10.0,-0.9103148423198444,-0.9103148435160094,-10.000000000000002,-6.088145090359076,-10.000000000000002,-6.088145090359076,-9.089685157680158,-5.53393220656402,-1.1102230246251565e-15,-1.5563549570834771e-15,-1.1102230246251565e-15,-1.5563549570834771e-15,0.9103148423198433,0.554212883795054
L1_e0_gap180,warp30_forever,9,100,3000,safety_cap,0.0,8.075046631361715e-09,0.0,-10.0,-0.6008958022483596,-0.600895794173313,-10.0,-6.088145090359075,-10.0,-6.088145090359075,-9.39910419775164,-5.722311007531502,0.0,-5.205989679431126e-16,0.0,-5.205989679431126e-16,0.6008958022483596,0.36583408282757224
L1_e0_gap180,warp30_forever,10,100,3000,safety_cap,-5.551115123125783e-16,4.124930924609416e-09,0.0,-10.0,-0.11210644624759449,-0.112106442122663,-10.0,-6.088145090359075,-10.0,-6.088145090359075,-9.887893553752406,-6.019893059327085,-5.551115123125783e-16,-4.839690685100755e-16,-5.551115123125783e-16,-4.839690685100755e-16,0.11210644624759393,0.0682520310319891
L1_e0_gap180,warp30_forever,11,100,3000,safety_cap,0.0,4.901663908096765e-09,0.0,-10.0,-0.3766829069750608,-0.3766829118767247,-10.0,-6.088145090359074,-10.0,-6.088145090359074,-9.623317093024939,-5.858815071286834,0.0,1.0449187804513375e-17,0.0,1.0449187804513375e-17,0.3766829069750608,0.22933001907224002
L1_e0_gap180,warp60_forever,0,50,3000,safety_cap,1.3877787807814457e-16,8.715422966654174e-09,0.0,-10.0,-0.2337222925845235,-0.23372230129994662,-10.0,-7.8222367544587135,-10.0,-7.8222367544587135,-9.766277707415476,-7.639413643719612,1.3877787807814457e-16,1.1348959771900509e-16,1.3877787807814457e-16,1.1348959771900509e-16,0.23372229258452365,0.1828231107391014
L1_e0_gap180,warp60_forever,1,50,3000,safety_cap,1.9984014443252818e-15,4.826802624258164e-09,0.0,-10.0,-0.5112106524977986,-0.511210647670998,-9.999999999999998,-7.822236754458712,-9.999999999999998,-7.822236754458712,-9.4887893475022,-7.422355678934802,1.9984014443252818e-15,1.6567228413888087e-15,1.9984014443252818e-15,1.6567228413888087e-15,0.5112106524978006,0.39988107552391183
L1_e0_gap180,warp60_forever,2,50,3000,safety_cap,2.8102520310824275e-16,3.943721009480594e-10,0.0,-10.0,-0.022421293178860685,-0.022421292784488865,-10.0,-7.8222367544587135,-10.0,-7.8222367544587135,-9.97757870682114,-7.804698288100096,2.8102520310824275e-16,2.6129014212227375e-16,2.8102520310824275e-16,2.6129014212227375e-16,0.022421293178860966,0.01753846635861811
L1_e0_gap180,warp60_forever,3,50,3000,safety_cap,-3.1086244689504383e-15,1.1184799975083592e-08,0.0,-10.0,-0.46636806701357647,-0.4663680558287734,-10.000000000000004,-7.822236754458716,-10.000000000000004,-7.822236754458716,-9.533631932986427,-7.4574326109687705,-3.1086244689504383e-15,-2.7153809482958808e-15,-3.1086244689504383e-15,-2.7153809482958808e-15,0.46636806701357336,0.3648041434899435
L1_e0_gap180,warp60_forever,4,50,3000,safety_cap,-3.9968028886505635e-15,1.0673907313574205e-09,0.0,-10.0,-0.9551574259220169,-0.9551574248546222,-10.000000000000004,-7.822236754458717,-10.000000000000004,-7.822236754458717,-9.044842574077986,-7.075090002124579,-3.9968028886505635e-15,-3.4725673611831257e-15,-3.9968028886505635e-15,-3.4725673611831257e-15,0.9551574259220129,0.7471467523341342
L1_e0_gap180,warp60_forever,5,50,3000,safety_cap,1.1102230246251565e-16,7.395922319020087e-09,0.0,-10.0,-0.5560532157820791,-0.5560532231780015,-10.0,-7.8222367544587135,-10.0,-7.8222367544587135,-9.443946784217921,-7.38727876426616,1.1102230246251565e-16,1.3781704648077032e-16,1.1102230246251565e-16,1.3781704648077032e-16,0.5560532157820792,0.4349579901925542
L1_e0_gap180,warp60_forever,6,50,3000,safety_cap,0.0,7.917660249656677e-09,0.0,-10.0,-0.06726386228771676,-0.06726387020537701,-10.0,-7.8222367544587135,-10.0,-7.8222367544587135,-9.932736137712283,-7.76962136887533,0.0,0.0,0.0,0.0,0.06726386228771676,0.05261538558338274
L1_e0_gap180,warp60_forever,7,50,3000,safety_cap,-5.551115123125783e-16,1.0020672625010718e-09,0.0,-10.0,-0.4215254943327983,-0.42152549333073047,-10.0,-7.822236754458714,-10.0,-7.822236754458714,-9.578474505667202,-7.492509532987576,-5.551115123125783e-16,-5.289791063116952e-16,-5.551115123125783e-16,-5.289791063116952e-16,0.42152549433279773,0.32972722147113875
L1_e0_gap180,warp60_forever,8,50,3000,safety_cap,-4.440892098500626e-15,5.56042367705345e-09,0.0,-10.0,-0.9103148379555902,-0.9103148435160094,-10.000000000000004,-7.822236754458717,-10.000000000000004,-7.822236754458717,-9.089685162044415,-7.110166936100182,-4.440892098500626e-15,-3.971771267295985e-15,-4.440892098500626e-15,-3.971771267295985e-15,0.9103148379555858,0.7120698183585306
L1_e0_gap180,warp60_forever,9,50,3000,safety_cap,-3.6637359812630166e-15,5.224942478676553e-09,0.0,-10.0,-0.6008957993982591,-0.600895794173313,-10.000000000000004,-7.822236754458717,-10.000000000000004,-7.822236754458717,-9.399104200601744,-7.352201833693425,-3.6637359812630166e-15,-3.161144826535337e-15,-3.6637359812630166e-15,-3.161144826535337e-15,0.6008957993982554,0.4700349207652881
L1_e0_gap180,warp60_forever,10,50,3000,safety_cap,-8.465450562766819e-16,1.1585606946029614e-08,0.0,-10.0,-0.1121064537082708,-0.112106442122663,-10.0,-7.822236754458714,-10.0,-7.822236754458714,-9.887893546291728,-7.734544432197827,-8.465450562766819e-16,-7.434065094546064e-16,-8.465450562766819e-16,-7.434065094546064e-16,0.11210645370826995,0.08769232226088526
L1_e0_gap180,warp60_forever,11,50,3000,safety_cap,0.0,3.2496697000006236e-09,0.0,-10.0,-0.3766829151263944,-0.3766829118767247,-10.0,-7.8222367544587135,-10.0,-7.8222367544587135,-9.623317084873605,-7.5275864601108795,0.0,5.4082713186613575e-18,0.0,5.4082713186613575e-18,0.3766829151263944,0.29465029434783346
L1_e0_gap180,park_far_warp60,0,56,3000,safety_cap,-0.5317217260599136,1.5936075792311044e-09,0.0,-10.0,-0.7654440257662527,-0.23372230129994662,-10.531721726059914,-8.109480198889688,-10.531721726059914,-8.109480198889688,-9.76627770029366,-7.52847117348657,-0.5317217260599136,-0.5189966906867765,-0.5317217260599136,-0.5189966906867765,0.23372229970633907,0.062012334716342155
L1_e0_gap180,park_far_warp60,1,56,3000,safety_cap,-0.04435993731021881,1.2219292022663808e-08,0.0,-10.0,-0.5555705972005088,-0.511210647670998,-10.044359937310219,-7.682217288302778,-10.044359937310219,-7.682217288302778,-9.48878934010971,-7.260512342733487,-0.04435993731021881,-0.09173378009986584,-0.04435993731021881,-0.09173378009986584,0.51121065989029,0.3299711654694247
L1_e0_gap180,park_far_warp60,2,56,3000,safety_cap,-0.4191108711529523,1.517385878058164e-08,0.0,-10.0,-0.4415321487635824,-0.022421292784488865,-10.419110871152952,-8.072643805018444,-10.419110871152952,-8.072643805018444,-9.97757872238937,-7.737499555665308,-0.4191108711529523,-0.482160296815532,-0.4191108711529523,-0.482160296815532,0.022421277610630064,-0.14701604746239533
L1_e0_gap180,park_far_warp60,3,56,3000,safety_cap,-0.4639556556940079,2.5537207792858396e-08,0.0,-10.0,-0.930323737059989,-0.4663680558287734,-10.463955655694008,-8.005627112436029,-10.463955655694008,-8.005627112436029,-9.533631918634018,-7.299466414091675,-0.4639556556940079,-0.41514360423311814,-0.4639556556940079,-0.41514360423311814,0.4663680813659812,0.2910170941112368
L1_e0_gap180,park_far_warp60,4,56,3000,safety_cap,-0.13403844460844994,6.045564937551262e-09,0.0,-10.0,-1.0891958634175072,-0.9551574248546222,-10.13403844460845,-7.648809971789079,-10.13403844460845,-7.648809971789079,-9.044842581190943,-6.8220576479417385,-0.13403844460844994,-0.058326463586167686,-0.13403844460844994,-0.058326463586167686,0.9551574188090572,0.7684258602611743
L1_e0_gap180,park_far_warp60,5,56,3000,safety_cap,-0.04435107531026006,3.616099231162906e-08,0.0,-10.0,-0.6004042623272693,-0.5560532231780015,-10.04435107531026,-7.672247584562469,-10.04435107531026,-7.672247584562469,-9.443946812982992,-7.216511719417483,-0.04435107531026006,-0.08176407635955746,-0.04435107531026006,-0.08176407635955746,0.5560531870170092,0.3739717887854298
L1_e0_gap180,park_far_warp60,6,56,3000,safety_cap,-0.3294346146285534,1.265407295614196e-08,0.0,-10.0,-0.39669849748800334,-0.06726387020537701,-10.329434614628553,-7.99551332217769,-10.329434614628553,-7.99551332217769,-9.93273611714055,-7.694399981886534,-0.3294346146285534,-0.4050298139747784,-0.3294346146285534,-0.4050298139747784,0.06726388285944995,-0.103916473683622
L1_e0_gap180,park_far_warp60,7,56,3000,safety_cap,-0.46396456472575665,3.309875151735753e-10,0.0,-10.0,-0.8854900577254996,-0.42152549333073047,-10.463964564725757,-8.015688171291739,-10.463964564725757,-8.015688171291739,-9.578474507000257,-7.3435584033074335,-0.46396456472575665,-0.42520466308882676,-0.46396456472575665,-0.42520466308882676,0.42152549299974296,0.24692510489547814
L1_e0_gap180,park_far_warp60,8,56,3000,safety_cap,-0.22371472790837288,5.32835719990743e-09,0.0,-10.0,-1.1340295660960251,-0.9103148435160094,-10.223714727908373,-7.726123989563814,-10.223714727908373,-7.726123989563814,-9.089685161812348,-6.865340717637176,-0.22371472790837288,-0.13564048136090287,-0.22371472790837288,-0.13564048136090287,0.9103148381876522,0.7251427905657354
L1_e0_gap180,park_far_warp60,9,56,3000,safety_cap,-0.044342197477817535,1.3081692284977464e-08,0.0,-10.0,-0.6452380047328228,-0.600895794173313,-10.044342197477818,-7.662220431281985,-10.044342197477818,-7.662220431281985,-9.399104192744995,-7.172453587902961,-0.044342197477817535,-0.07173692307907355,-0.044342197477817535,-0.07173692307907355,0.6008958072550052,0.41802992029995084
L1_e0_gap180,park_far_warp60,10,56,3000,safety_cap,-0.2397583620622754,3.425071892770859e-09,0.0,-10.0,-0.3518648076100103,-0.112106442122663,-10.239758362062275,-7.918039018131303,-10.239758362062275,-7.918039018131303,-9.887893554452265,-7.650956616203226,-0.2397583620622754,-0.3275555099283913,-0.2397583620622754,-0.3275555099283913,0.11210644554773491,-0.06047310800031391
L1_e0_gap180,park_far_warp60,11,56,3000,safety_cap,-0.46397349052131176,3.008156007622276e-08,0.0,-10.0,-0.8406563723164764,-0.3766829118767247,-10.463973490521312,-8.025696828246645,-10.463973490521312,-8.025696828246645,-9.623317118204834,-7.3875979952332544,-0.46397349052131176,-0.4352133200437327,-0.46397349052131176,-0.4352133200437327,0.3766828817951646,0.2028855129696574
L1_e0_gap180,park_far_coast,0,3000,3000,safety_cap,-0.4646945933927782,5.369918953945785e-10,0.0,-10.0,-0.6984168952297167,-0.23372230129994662,-10.464694593392778,-0.1954276849566782,-10.464694593392778,-0.1954276849566782,-9.766277698163062,-0.19542747816460218,-0.4646945933927782,-0.19542472408792744,-0.4646945933927782,-0.19542472408792744,0.23372230183693854,-0.19542451729585142
L1_e0_gap180,park_far_coast,1,3000,3000,safety_cap,-0.11260521318763494,1.837947405380902e-08,0.0,-10.0,-0.623815879238107,-0.511210647670998,-10.112605213187635,-0.43096285485187874,-10.112605213187635,-0.43096285485187874,-9.488789333949528,-0.43096267014818446,-0.11260521318763494,-0.430959893983128,-0.11260521318763494,-0.430959893983128,0.511210666050472,-0.4309597092794337
L1_e0_gap180,park_far_coast,2,3000,3000,safety_cap,-0.3508656298799906,4.2521119403282626e-09,0.0,-10.0,-0.3732869269165914,-0.022421292784488865,-10.35086562987999,-0.4942287207609247,-10.35086562987999,-0.4942287207609247,-9.977578702963399,-0.494228610235565,-0.3508656298799906,-0.494225759892174,-0.3508656298799906,-0.494225759892174,0.022421297036600674,-0.4942256493668143
L1_e0_gap180,park_far_coast,3,3000,3000,safety_cap,-0.3957104771925515,1.636442237273883e-08,0.0,-10.0,-0.8620785493857472,-0.4663680558287734,-10.395710477192551,-0.07776306024131152,-10.395710477192551,-0.07776306024131152,-9.533631927806804,-0.07776280499116776,-0.3957104771925515,-0.07776009937256077,-0.3957104771925515,-0.07776009937256077,0.46636807219319576,-0.07775984412241702
L1_e0_gap180,park_far_coast,4,3000,3000,safety_cap,-0.20228359535531126,6.7349124055482434e-09,0.0,-10.0,-1.157441013475021,-0.9551574248546222,-10.202283595355311,-0.008727163955833771,-10.202283595355311,-0.008727163955833771,-9.04484258188029,-0.008726821252741008,-0.20228359535531126,-0.008724203087083021,-0.20228359535531126,-0.008724203087083021,0.9551574181197098,-0.008723860383990258
L1_e0_gap180,park_far_coast,5,3000,3000,safety_cap,-0.11259617853283999,6.617319359136786e-09,0.0,-10.0,-0.6686493950935222,-0.5560532231780015,-10.11259617853284,-0.41678094588951037,-10.11259617853284,-0.41678094588951037,-9.443946783439317,-0.41678074791120046,-0.11259617853283999,-0.41677798502075963,-0.11259617853283999,-0.41677798502075963,0.5560532165606822,-0.4167777870424497
L1_e0_gap180,park_far_coast,6,3000,3000,safety_cap,-0.2611895405134419,7.728396866912846e-09,0.0,-10.0,-0.32845341844721576,-0.06726387020537701,-10.261189540513442,-0.49211297061440334,-10.261189540513442,-0.49211297061440334,-9.932736122066226,-0.4921128733636571,-0.2611895405134419,-0.4921100097456526,-0.2611895405134419,-0.4921100097456526,0.06726387793377375,-0.4921099124949063
L1_e0_gap180,park_far_coast,7,3000,3000,safety_cap,-0.39571953771519475,7.466100515607366e-10,0.0,-10.0,-0.8172450317925353,-0.42152549333073047,-10.395719537715195,-0.09323814327270293,-10.395719537715195,-0.09323814327270293,-9.57847450592266,-0.0932379012971753,-0.39571953771519475,-0.09323518240395218,-0.39571953771519475,-0.09323518240395218,0.4215254940773405,-0.09323494042842455
L1_e0_gap180,park_far_coast,8,3000,3000,safety_cap,-0.2919597214204259,7.283259439994083e-09,0.0,-10.0,-1.2022745722196948,-0.9103148435160094,-10.291959721420426,-0.011035881973874775,-10.291959721420426,-0.011035881973874775,-9.089685149200731,-0.011035525996153704,-0.2919597214204259,-0.011032921105124025,-0.2919597214204259,-0.011032921105124025,0.9103148507992689,-0.011032565127402954
L1_e0_gap180,park_far_coast,9,3000,3000,safety_cap,-0.11258714395808056,1.9199209222442448e-08,0.0,-10.0,-0.7134829573306027,-0.600895794173313,-10.11258714395808,-0.3998943729913848,-10.11258714395808,-0.3998943729913848,-9.399104186627477,-0.39989416173844555,-0.11258714395808056,-0.39989141212263407,-0.11258714395808056,-0.39989141212263407,0.6008958133725222,-0.3998912008696948
L1_e0_gap180,park_far_coast,10,3000,3000,safety_cap,-0.17151345196180046,2.8167272403401e-09,0.0,-10.0,-0.28361989126773623,-0.112106442122663,-10.1715134519618,-0.4895938177952573,-10.1715134519618,-0.4895938177952573,-9.887893560694064,-0.48959373381913,-0.17151345196180046,-0.48959085692650656,-0.17151345196180046,-0.48959085692650656,0.11210643930593589,-0.4895907729503792
L1_e0_gap180,park_far_coast,11,3000,3000,safety_cap,-0.3957286132790614,1.2399583304567585e-08,0.0,-10.0,-0.7724115127562028,-0.3766829118767247,-10.395728613279061,-0.11166456903279609,-10.395728613279061,-0.11166456903279609,-9.623317100522858,-0.111664340331885,-0.3957286132790614,-0.11166160816404534,-0.3957286132790614,-0.11166160816404534,0.3766828994771414,-0.11166137946313426
L1_e0_gap180,suicide_reentry,0,7,36,collision,-0.24412763491272926,1.2318596226412737e-08,0.0,-9.999999988204124,-0.4778499485312721,-0.23372230129994662,-9.76627767458558,-9.48114957966155,-10.244127623116853,-9.944842033313602,-9.76627767458558,-9.48114957966155,-9.76627767458558,-9.48114957966155,-10.244127623116853,-9.944842033313602,-9.76627767458558,-9.48114957966155
L1_e0_gap180,suicide_reentry,1,5,37,collision,-0.1594933234155178,4.044896861898906e-09,0.0,-10.000000079102167,-0.6707039670416189,-0.511210647670998,-9.488789435476065,-9.302422101072482,-10.159493402517684,-9.959812259435532,-9.488789435476065,-9.302422101072482,-9.488789435476065,-9.302422101072482,-10.159493402517684,-9.959812259435532,-9.488789435476065,-9.302422101072482
L1_e0_gap180,suicide_reentry,2,5,37,collision,-0.1594933234155178,4.599688352424636e-09,0.0,-10.00000028207151,-0.18191461160031833,-0.022421292784488865,-9.97757899388671,-9.78150894265939,-10.159493605487027,-9.959812458375833,-9.97757899388671,-9.78150894265939,-9.97757899388671,-9.78150894265939,-10.159493605487027,-9.959812458375833,-9.97757899388671,-9.78150894265939
L1_e0_gap180,suicide_reentry,3,5,37,collision,-0.16377807781100273,1.1883928396905219e-08,0.0,-10.000000118912377,-0.6301461455237045,-0.4663680558287734,-9.533632051199675,-9.346416959891826,-10.16377819672338,-9.964054389747654,-9.533632051199675,-9.346416959891826,-9.533632051199675,-9.346416959891826,-10.16377819672338,-9.964054389747654,-9.533632051199675,-9.346416959891826
L1_e0_gap180,suicide_reentry,4,5,37,collision,-0.16377808526158333,2.7146831449442743e-09,0.0,-9.99999992237955,-1.1189355074015224,-0.9551574248546222,-9.04484250023961,-8.8673301257555,-10.163778007641133,-9.964054204566683,-9.04484250023961,-8.8673301257555,-9.04484250023961,-8.8673301257555,-10.163778007641133,-9.964054204566683,-9.04484250023961,-8.8673301257555
L1_e0_gap180,suicide_reentry,5,5,37,collision,-0.1594933271408081,1.170272989625687e-09,0.0,-9.999999941177345,-0.7155465491485367,-0.5560532231780015,-9.443946719169617,-9.258469535096397,-10.159493268318153,-9.959812127918278,-9.443946719169617,-9.258469535096397,-9.443946719169617,-9.258469535096397,-10.159493268318153,-9.959812127918278,-9.443946719169617,-9.258469535096397
L1_e0_gap180,suicide_reentry,6,5,37,collision,-0.1594933271408081,3.18145110256296e-09,0.0,-10.000000144604186,-0.226757194164734,-0.06726387020537701,-9.932736277580261,-9.737556376683305,-10.159493471744995,-9.959812327306995,-9.932736277580261,-9.737556376683305,-9.932736277580261,-9.737556376683305,-10.159493471744995,-9.959812327306995,-9.932736277580261,-9.737556376683305
L1_e0_gap180,suicide_reentry,7,5,37,collision,-0.16377807036042213,2.2395744703196385e-09,0.0,-10.000000259351138,-0.5853035659307271,-0.42152549333073047,-9.578474763780832,-9.39036952217978,-10.16377832971156,-9.964054520040815,-9.578474763780832,-9.39036952217978,-9.578474763780832,-9.39036952217978,-10.16377832971156,-9.964054520040815,-9.578474763780832,-9.39036952217978
L1_e0_gap180,suicide_reentry,8,5,37,collision,-0.16377807408571243,1.777515989953571e-08,0.0,-10.000000070386648,-1.0740929353768818,-0.9103148435160094,-9.089685209095478,-8.911282684318163,-10.16377814447236,-9.964054338552655,-9.089685209095478,-8.911282684318163,-9.089685209095478,-8.911282684318163,-10.16377814447236,-9.964054338552655,-9.089685209095478,-8.911282684318163
L1_e0_gap180,suicide_reentry,9,5,37,collision,-0.159493338316679,8.744899249180094e-10,0.0,-9.999999805361552,-0.7603891333644819,-0.600895794173313,-9.39910401031375,-9.214516976607866,-10.159493143678231,-9.95981200595574,-9.39910401031375,-9.214516976607866,-9.39910401031375,-9.214516976607866,-10.159493143678231,-9.95981200595574,-9.39910401031375,-9.214516976607866
L1_e0_gap180,suicide_reentry,10,5,37,collision,-0.1594933308660984,7.795750156525116e-09,0.0,-10.000000011192226,-0.2715997807845116,-0.112106442122663,-9.887893561273813,-9.693603810744193,-10.159493342058324,-9.959812200249992,-9.887893561273813,-9.693603810744193,-9.887893561273813,-9.693603810744193,-10.159493342058324,-9.959812200249992,-9.887893561273813,-9.693603810744193
L1_e0_gap180,suicide_reentry,11,5,37,collision,-0.16377806663513184,3.4955290328930744e-09,0.0,-10.000000388468475,-0.5404609750163275,-0.3766829118767247,-9.62331748008728,-9.434322088100265,-10.163778455103607,-9.964054642869819,-9.62331748008728,-9.434322088100265,-9.62331748008728,-9.434322088100265,-10.163778455103607,-9.964054642869819,-9.62331748008728,-9.434322088100265
L1_e0_gap180,fuel_dump_strand,0,20,20,stranded,-0.03546014800667763,1.9470172724078694e-08,0.0,-10.000000224636256,-0.2691824298364515,-0.23372230129994662,-9.766277942806482,-8.881291242093777,-10.035460372642934,-9.126020133687586,-9.766277942806482,-8.881291242093777,-9.766277942806482,-8.881291242093777,-10.035460372642934,-9.126020133687586,-9.766277942806482,-8.881291242093777
L1_e0_gap180,fuel_dump_strand,1,20,20,stranded,-0.039519477635622025,1.197387511364667e-08,0.0,-10.000000361745832,-0.5507301133327449,-0.511210647670998,-9.488789726048708,-8.629218137826026,-10.039519839381454,-9.129917868804547,-9.488789726048708,-8.629218137826026,-9.488789726048708,-8.629218137826026,-10.039519839381454,-9.129917868804547,-9.488789726048708,-8.629218137826026
L1_e0_gap180,fuel_dump_strand,2,20,20,stranded,-0.039519479498267174,5.1102567941163635e-09,0.0,-9.999999620321914,-0.061940767172499245,-0.022421292784488865,-9.977578332647681,-9.07360335973536,-10.03951909982018,-9.129917196057464,-9.977578332647681,-9.07360335973536,-9.977578332647681,-9.07360335973536,-10.03951909982018,-9.129917196057464,-9.977578332647681,-9.07360335973536
L1_e0_gap180,fuel_dump_strand,3,20,20,stranded,-0.035226525738835335,3.277549642799471e-08,0.0,-10.000000070886074,-0.5015946143431051,-0.4663680558287734,-9.533631982281804,-8.669784561427822,-10.03522659662491,-9.12581244583393,-9.533631982281804,-8.669784561427822,-9.533631982281804,-8.669784561427822,-10.03522659662491,-9.12581244583393,-9.533631982281804,-8.669784561427822
L1_e0_gap180,fuel_dump_strand,4,20,20,stranded,-0.03522652946412563,9.730522609885384e-09,0.0,-9.99999984272055,-0.9903839445882252,-0.9551574248546222,-9.04484242759645,-8.22539847684483,-10.035226372184676,-9.125812241438021,-9.04484242759645,-8.22539847684483,-9.04484242759645,-8.22539847684483,-10.035226372184676,-9.125812241438021,-9.04484242759645,-8.22539847684483
L1_e0_gap180,fuel_dump_strand,5,20,20,stranded,-0.03951948881149292,1.1759301199454342e-08,0.0,-10.00000022861154,-0.5955727002301933,-0.5560532231780015,-9.44394701719284,-8.588449106785248,-10.039519717423033,-9.129917756427142,-9.44394701719284,-8.588449106785248,-9.44394701719284,-8.588449106785248,-10.039519717423033,-9.129917756427142,-9.44394701719284,-8.588449106785248
L1_e0_gap180,fuel_dump_strand,6,20,20,stranded,-0.039519499987363815,2.9479634705564806e-09,0.0,-10.000000454036769,-0.10678336724477736,-0.06726387020537701,-9.932736586779356,-9.03283520454181,-10.039519954024133,-9.129917971505265,-9.932736586779356,-9.03283520454181,-9.932736586779356,-9.03283520454181,-10.039519954024133,-9.129917971505265,-9.932736586779356,-9.03283520454181
L1_e0_gap180,fuel_dump_strand,7,20,20,stranded,-0.03522655554115772,4.782700901984072e-09,0.0,-10.000000230229297,-0.4567520536545891,-0.42152549333073047,-9.578474732115865,-8.710553627676385,-10.035226785770455,-9.125812617247135,-9.578474732115865,-8.710553627676385,-9.578474732115865,-8.710553627676385,-10.035226785770455,-9.125812617247135,-9.578474732115865,-8.710553627676385
L1_e0_gap180,fuel_dump_strand,8,20,20,stranded,-0.035226570442318916,1.4140386639382996e-08,0.0,-10.000000017982003,-0.9455413998179417,-0.9103148435160094,-9.089685188606381,-8.266167553841637,-10.035226588424322,-9.125812438071629,-9.089685188606381,-8.266167553841637,-9.089685188606381,-8.266167553841637,-10.035226588424322,-9.125812438071629,-9.089685188606381,-8.266167553841637
L1_e0_gap180,fuel_dump_strand,9,20,20,stranded,-0.03951951675117016,3.335001386162162e-09,0.0,-10.000000122609094,-0.6404153142594845,-0.600895794173313,-9.39910432510078,-8.547680091657782,-10.039519639360265,-9.129917684630136,-9.39910432510078,-8.547680091657782,-9.39910432510078,-8.547680091657782,-10.039519639360265,-9.129917684630136,-9.39910432510078,-8.547680091657782
L1_e0_gap180,fuel_dump_strand,10,20,20,stranded,-0.03951951861381531,7.076307304010321e-09,0.0,-10.00000033457304,-0.15162596781278562,-0.112106442122663,-9.88789388537407,-8.992066180562869,-10.039519853186855,-9.129917878618375,-9.88789388537407,-8.992066180562869,-9.88789388537407,-8.992066180562869,-10.039519853186855,-9.129917878618375,-9.88789388537407,-8.992066180562869
L1_e0_gap180,fuel_dump_strand,11,20,20,stranded,-0.03522658906877041,2.5218162003071143e-09,0.0,-10.000000400073757,-0.4119095034673113,-0.3766829118767247,-9.623317485675216,-8.751322697407595,-10.035226989142528,-9.125812801690254,-9.623317485675216,-8.751322697407595,-9.623317485675216,-8.751322697407595,-10.035226989142528,-9.125812801690254,-9.623317485675216,-8.751322697407595
L1_e0_gap180,oneburn10_warp60,0,51,3000,safety_cap,-0.26455221930518746,1.584187558911765e-08,0.0,-10.0,-0.4982745364470097,-0.23372230129994662,-10.264552219305187,-8.019018442631774,-10.264552219305187,-8.019018442631774,-9.766277682858178,-7.63120511404751,-0.26455221930518746,-0.23589287194535372,-0.26455221930518746,-0.23589287194535372,0.23372231714182223,0.15192045663891066
L1_e0_gap180,oneburn10_warp60,1,51,3000,safety_cap,0.23612846853211522,2.4075054394501194e-08,0.0,-10.0,-0.2750821550638284,-0.511210647670998,-9.763871531467885,-7.576177504729849,-9.763871531467885,-7.576177504729849,-9.488789376404057,-7.362077609218169,0.23612846853211522,0.20694806595657056,0.23612846853211522,0.20694806595657056,0.5112106235959436,0.4210479614682515
L1_e0_gap180,oneburn10_warp60,2,5,239,success,-0.0009215730242431164,5.798599718442876e-09,0.0,9.886890637609497,-0.023342860010132263,-0.022421292784488865,9.909311924595386,9.712434757662603,9.885969064585254,9.689555265080513,9.909311924595386,9.712434757662603,9.909311924595386,9.712434757662603,9.885969064585254,9.689555265080513,9.909311924595386,9.712434757662603
L1_e0_gap180,oneburn10_warp60,3,51,3000,safety_cap,-0.2690626457333565,1.2458004183812932e-08,0.0,-10.0,-0.735430714020134,-0.4663680558287734,-10.269062645733356,-8.023007848122793,-10.269062645733356,-8.023007848122793,-9.533631931713222,-7.4506128885469645,-0.2690626457333565,-0.23988227743637242,-0.2690626457333565,-0.23988227743637242,0.46636806828677757,0.33251268213945534
L1_e0_gap180,oneburn10_warp60,4,51,3000,safety_cap,0.1464428851613775,2.7488783471696365e-09,0.0,-10.0,-0.8087145369443663,-0.9551574248546222,-9.853557114838623,-7.663717871199655,-9.853557114838623,-7.663717871199655,-9.044842577894256,-7.034285192011902,0.1464428851613775,0.11940769948676565,0.1464428851613775,0.11940769948676565,0.9551574221057438,0.7488403786745181
L1_e0_gap180,oneburn10_warp60,5,51,3000,safety_cap,0.2361278752796352,9.145567747559369e-09,0.0,-10.0,-0.3199253387527986,-0.5560532231780015,-9.763872124720365,-7.576178029425208,-9.763872124720365,-7.576178029425208,-9.443946785967567,-7.327176120949467,0.2361278752796352,0.20694754126121184,0.2361278752796352,0.20694754126121184,0.5560532140324338,0.45594944973695406
L1_e0_gap180,oneburn10_warp60,6,51,3000,safety_cap,-0.13453447818756104,3.912421164820046e-09,0.0,-10.0,-0.20179834448051687,-0.06726387020537701,-10.134534478187561,-7.893101852440575,-10.134534478187561,-7.893101852440575,-9.932736133707044,-7.736039666935724,-0.13453447818756104,-0.10997628175415491,-0.13453447818756104,-0.10997628175415491,0.06726386629295583,0.04708590375069485
L1_e0_gap180,oneburn10_warp60,7,51,3000,safety_cap,-0.26906205248087645,2.9740213070006405e-09,0.0,-10.0,-0.6905875487856282,-0.42152549333073047,-10.269062052480876,-8.023007323427434,-10.269062052480876,-8.023007323427434,-9.578474503695249,-7.485514362452327,-0.26906205248087645,-0.23988175274101364,-0.26906205248087645,-0.23988175274101364,0.4215254963047518,0.29761120823409426
L1_e0_gap180,oneburn10_warp60,8,51,3000,safety_cap,0.05675713007804006,1.9626966496488762e-08,0.0,-10.0,-0.8535577330649359,-0.9103148435160094,-9.94324286992196,-7.747526535155088,-9.94324286992196,-7.747526535155088,-9.089685136857025,-7.0831918333276045,0.05675713007804006,0.03559903553133241,0.05675713007804006,0.03559903553133241,0.9103148631429759,0.6999337373588159
L1_e0_gap180,oneburn10_warp60,9,51,3000,safety_cap,0.23612728202715516,1.795585669039923e-08,0.0,-10.0,-0.3647684941903011,-0.600895794173313,-9.763872717972845,-7.576178554120567,-9.763872717972845,-7.576178554120567,-9.399104223782544,-7.292274654669236,0.23612728202715516,0.20694701656585301,0.23612728202715516,0.20694701656585301,0.6008957762174563,0.49085091601718434
L1_e0_gap180,oneburn10_warp60,10,51,3000,safety_cap,-0.04484872962348163,2.4468425480206335e-09,0.0,-10.0,-0.15695517419298718,-0.112106442122663,-10.044848729623482,-7.811104568491889,-10.044848729623482,-7.811104568491889,-9.887893555430495,-7.688944385520592,-0.04484872962348163,-0.02797899780546979,-0.04484872962348163,-0.02797899780546979,0.11210644456950555,0.09418118516582819
L1_e0_gap180,oneburn10_warp60,11,51,3000,safety_cap,-0.2690614592283964,7.693553405463405e-09,0.0,-10.0,-0.6457443634115677,-0.3766829118767247,-10.269061459228396,-8.023006798732075,-10.269061459228396,-8.023006798732075,-9.623317095816828,-7.520415852032555,-0.2690614592283964,-0.23988122804565482,-0.2690614592283964,-0.23988122804565482,0.3766829041831713,0.26270971865386483
L1_e0_gap180,expert,0,272,1687,success,0.21473644477373455,7.3573550030126e-10,0.0,9.650607955244679,-0.018985855790476576,-0.23372230129994662,9.88433025580889,2.58344334430359,9.865344400018413,2.578562611195359,9.88433025580889,2.58344334430359,9.88433025580889,2.58344334430359,9.865344400018413,2.578562611195359,9.88433025580889,2.58344334430359
L1_e0_gap180,expert,1,263,1819,success,0.4890951770939864,8.636831361208408e-09,0.0,9.105798966770758,-0.022115461940180197,-0.511210647670998,9.617009605804924,2.7033330222985503,9.594894143864744,2.6973854028820683,9.617009605804924,2.7033330222985503,9.617009605804924,2.7033330222985503,9.594894143864744,2.6973854028820683,9.617009605804924,2.7033330222985503
L1_e0_gap180,expert,2,38,1245,success,0.01807774320604949,1.4373705944231707e-08,0.0,9.977347825268899,-0.004343535204733431,-0.022421292784488865,9.999769103679682,8.30758146684575,9.995425568474948,8.303973210920631,9.999769103679682,8.30758146684575,9.999769103679682,8.30758146684575,9.995425568474948,8.303973210920631,9.999769103679682,8.30758146684575
L1_e0_gap180,expert,3,320,1797,success,0.4433266041742172,1.168334878842714e-08,0.0,9.227314257182115,-0.023041463337904987,-0.4663680558287734,9.693682324694237,2.0673704645577766,9.670640861356333,2.06271382294191,9.693682324694237,2.0673704645577766,9.693682324694237,2.0673704645577766,9.670640861356333,2.06271382294191,9.693682324694237,2.0673704645577766
L1_e0_gap180,expert,4,312,1921,success,0.9398281253961613,1.1164826063669864e-08,0.0,8.235584331701482,-0.015329288293634787,-0.9551574248546222,9.190741745391279,2.274510912911529,9.175412457097643,2.2712861328209377,9.190741745391279,2.274510912911529,9.190741745391279,2.274510912911529,9.175412457097643,2.2712861328209377,9.190741745391279,2.274510912911529
L1_e0_gap180,expert,5,186,1824,success,0.5333230564865516,1.0039550413232234e-08,0.0,9.02870624752437,-0.022730176731000265,-0.5560532231780015,9.584759480741923,3.9562415065763856,9.562029304010922,3.94724916592997,9.584759480741923,3.9562415065763856,9.584759480741923,3.9562415065763856,9.562029304010922,3.94724916592997,9.584759480741923,3.9562415065763856
L1_e0_gap180,expert,6,168,1302,success,0.05657280631203321,1.1099921350121722e-08,0.0,9.932087512348044,-0.010691074993265154,-0.06726387020537701,9.999351393653342,4.3351932928803665,9.988660318660077,4.330564413538112,9.999351393653342,4.3351932928803665,9.999351393653342,4.3351932928803665,9.988660318660077,4.330564413538112,9.999351393653342,4.3351932928803665
L1_e0_gap180,expert,7,304,1781,success,0.3986458222789224,1.908692259799949e-09,0.0,9.304879116102,-0.022879672960500298,-0.42152549333073047,9.726404611341422,2.227281392786908,9.703524938380923,2.2222713287331763,9.726404611341422,2.227281392786908,9.726404611341422,2.227281392786908,9.703524938380923,2.2222713287331763,9.726404611341422,2.227281392786908
L1_e0_gap180,expert,8,443,1915,success,0.8943273254863016,2.5494300004424986e-09,0.0,8.321544522877893,-0.015987520579137854,-0.9103148435160094,9.231859368943333,1.2604242248107673,9.215871848364195,1.2586800789319503,9.231859368943333,1.2604242248107673,9.231859368943333,1.2604242248107673,9.215871848364195,1.2586800789319503,9.231859368943333,1.2604242248107673
L1_e0_gap180,expert,9,351,1854,success,0.5818544698122423,1.7908978189318248e-08,0.0,8.918892615361873,-0.019041306452092465,-0.600895794173313,9.519788391626207,1.8147971830482157,9.500747085174115,1.8115027931038339,9.519788391626207,1.8147971830482157,9.519788391626207,1.8147971830482157,9.500747085174115,1.8115027931038339,9.519788391626207,1.8147971830482157
L1_e0_gap180,expert,10,185,1510,success,0.10064843492000364,6.1228172948402104e-09,0.0,9.853033449382043,-0.011458013325476666,-0.112106442122663,9.965139897627523,3.9858612298329517,9.953681884302046,3.9813055186839756,9.965139897627523,3.9858612298329517,9.965139897627523,3.9858612298329517,9.953681884302046,3.9813055186839756,9.965139897627523,3.9858612298329517
L1_e0_gap180,expert,11,187,1756,success,0.3537712971592555,7.0986137523654236e-09,0.0,9.393751562241984,-0.022911607618855474,-0.3766829118767247,9.770434467020095,3.9574525021598026,9.74752285940124,3.9484337057822168,9.770434467020095,3.9574525021598026,9.770434467020095,3.9574525021598026,9.74752285940124,3.9484337057822168,9.770434467020095,3.9574525021598026
L2_headline,coast_forever,0,3000,3000,safety_cap,0.4234866074548336,3.635848178085155e-09,0.0,-10.0,-0.5634582370330811,-0.9869448481237628,-9.576513392545166,-0.09832980749116516,-9.576513392545166,-0.09832980749116516,-9.013055155512085,-0.09832964065857652,0.4234866074548336,-0.09832684662241441,0.4234866074548336,-0.09832684662241441,0.9869448444879145,-0.09832667978982577
L2_headline,coast_forever,1,3000,3000,safety_cap,-0.35151219394174404,5.188260210342577e-09,0.0,-10.0,-0.6866416475304125,-0.3351294484004082,-10.351512193941744,-0.017968757582978223,-10.351512193941744,-0.017968757582978223,-9.664870546411331,-0.01796855427739851,-0.35151219394174404,-0.017965796714227475,-0.35151219394174404,-0.017965796714227475,0.3351294535886684,-0.01796559340864776
L2_headline,coast_forever,2,3000,3000,safety_cap,0.08445088638109155,9.452209348559393e-09,0.0,-10.0,-0.35503291861956343,-0.43948381445286433,-9.915549113618908,-0.12681814057479907,-9.915549113618908,-0.12681814057479907,-9.560516194999344,-0.12681803545421164,0.08445088638109155,-0.1268151797060483,0.08445088638109155,-0.1268151797060483,0.439483805000655,-0.12681507458546087
L2_headline,coast_forever,3,3000,3000,safety_cap,-0.06470223715587053,2.140620902757462e-09,0.0,-10.0,-0.7971257531721787,-0.7324235138756873,-10.06470223715587,-0.17671284593201886,-10.06470223715587,-0.17671284593201886,-9.267576483983692,-0.17671260991354554,-0.06470223715587053,-0.1767098850632681,-0.06470223715587053,-0.1767098850632681,0.7324235160163082,-0.1767096490447948
L2_headline,coast_forever,4,3000,3000,safety_cap,-0.2593174883913889,5.6559202876727e-09,0.0,-10.0,-0.8597616734425416,-0.600444190707073,-10.259317488391389,0.16271866255582595,-10.259317488391389,0.16271866255582595,-9.399555814948847,0.16271891711997316,-0.2593174883913889,0.16272162342457672,-0.2593174883913889,0.16272162342457672,0.6004441850511526,0.16272187798872392
L2_headline,coast_forever,5,3000,3000,safety_cap,-0.11149518554157112,5.2828745822353085e-09,0.0,-10.0,-0.6570725763206033,-0.5455773854961576,-10.111495185541571,0.10226307680866888,-10.111495185541571,0.10226307680866888,-9.454422609220968,0.1022632713592347,-0.11149518554157112,0.10226603767741962,-0.11149518554157112,0.10226603767741962,0.5455773907790322,0.10226623222798545
L2_headline,coast_forever,6,3000,3000,safety_cap,0.5187361361186049,7.862118289736486e-09,0.0,-10.0,-0.6259381647918227,-1.144674308772546,-9.481263863881395,0.09419751271540669,-9.481263863881395,0.09419751271540669,-8.855325699089573,0.09419769804748189,0.5187361361186049,0.09420047358415744,0.5187361361186049,0.09420047358415744,1.1446743009104277,0.09420065891623264
L2_headline,coast_forever,7,3000,3000,safety_cap,0.2183103000425035,7.140941171712711e-10,0.0,-10.0,-0.5181589555338721,-0.7364692548622815,-9.781689699957496,-0.09215219675164367,-9.781689699957496,-0.09215219675164367,-9.263530744423624,-0.09215204333157774,0.2183103000425035,-0.09214923588289292,0.2183103000425035,-0.09214923588289292,0.7364692555763757,-0.09214908246282699
L2_headline,coast_forever,8,3000,3000,safety_cap,-0.38268761505605653,1.522759057737133e-08,0.0,-10.0,-0.7964197044811219,-0.4137321046526559,-10.382687615056057,0.0942108674168553,-10.382687615056057,0.0942108674168553,-9.586267910574934,0.09421110322627685,-0.38268761505605653,0.09421382828560605,-0.38268761505605653,0.09421382828560605,0.41373208942506534,0.0942140640950276
L2_headline,coast_forever,9,3000,3000,safety_cap,-0.242897702351911,1.1064792637682785e-08,0.0,-10.0,-0.923933595274988,-0.6810358818582843,-10.242897702351911,0.14114676977357246,-10.242897702351911,0.14114676977357246,-9.318964107076923,0.14114704333818348,-0.242897702351911,0.14114973064232322,-0.242897702351911,0.14114973064232322,0.681035892923077,0.14115000420693422
L2_headline,coast_forever,10,3000,3000,safety_cap,0.7393151806318201,1.6050094586717023e-10,0.0,-10.0,-0.24348395898107206,-0.9827991397733931,-9.26068481936818,0.18217714036281527,-9.26068481936818,0.18217714036281527,-9.017200860387108,0.1821772124552198,0.7393151806318201,0.18218010123156603,0.7393151806318201,0.18218010123156603,0.9827991396128921,0.18218017332397057
L2_headline,coast_forever,11,3000,3000,safety_cap,0.6011670531588607,1.1440953073815763e-08,0.0,-10.0,-0.14495918228615415,-0.7461262468859678,-9.39883294684114,-0.08323947181924417,-9.39883294684114,-0.08323947181924417,-9.253873764554985,-0.08323942889873287,0.6011670531588607,-0.08323651095049342,0.6011670531588607,-0.08323651095049342,0.7461262354450148,-0.08323646802998212
L2_headline,warp5_forever,0,600,3000,safety_cap,0.41669757361523807,2.0371822007092533e-08,0.0,-10.0,-0.5702472541367027,-0.9869448481237628,-9.583302426384762,-0.3904942004028994,-9.583302426384762,-0.3904942004028994,-9.013055172248059,-0.362174505554006,0.41669757361523807,0.10612712733618099,0.41669757361523807,0.10612712733618099,0.9869448277519408,0.1344468221850744
L2_headline,warp5_forever,1,600,3000,safety_cap,-0.35371091053821146,7.200475493629455e-09,0.0,-10.0,-0.6888403661390952,-0.3351294484004082,-10.353710910538211,-0.8014983062392724,-10.353710910538211,-0.8014983062392724,-9.664870544399117,-0.7672890245160453,-0.35371091053821146,-0.3048769785001921,-0.35371091053821146,-0.3048769785001921,0.3351294556008837,-0.2706676967769649
L2_headline,warp5_forever,2,600,3000,safety_cap,0.08700580801814795,7.146784830602826e-10,0.0,-10.0,-0.3524780057200379,-0.43948381445286433,-9.912994191981852,-0.7745447416485638,-9.912994191981852,-0.7745447416485638,-9.560516186261815,-0.757039932128613,0.08700580801814795,-0.2779234139094834,0.08700580801814795,-0.2779234139094834,0.4394838137381858,-0.26041860438953257
L2_headline,warp5_forever,3,600,3000,safety_cap,-0.059280824672896415,5.322986607048108e-09,0.0,-10.0,-0.7917043438715703,-0.7324235138756873,-10.059280824672896,-0.5522919768990462,-10.059280824672896,-0.5522919768990462,-9.267576480801326,-0.5129742506560164,-0.059280824672896415,-0.055670649159965765,-0.059280824672896415,-0.055670649159965765,0.7324235191986739,-0.016352922916936095
L2_headline,warp5_forever,4,600,3000,safety_cap,-0.26430673350114375,7.503436316724788e-09,0.0,-10.0,-0.8647509167047804,-0.600444190707073,-10.264306733501144,-0.4810898794575166,-10.264306733501144,-0.4810898794575166,-9.399555816796363,-0.43814450461576504,-0.26430673350114375,0.015531448281563836,-0.26430673350114375,0.015531448281563836,0.6004441832036367,0.058476823123315334
L2_headline,warp5_forever,5,600,3000,safety_cap,-0.1140140377683565,5.851882534102515e-09,0.0,-10.0,-0.6595914174126316,-0.5455773854961576,-10.114014037768357,-0.5233589545655004,-10.114014037768357,-0.5233589545655004,-9.454422620355725,-0.4906022380174241,-0.1140140377683565,-0.026737626826420023,-0.1140140377683565,-0.026737626826420023,0.5455773796442751,0.006019089721656289
L2_headline,warp5_forever,6,600,3000,safety_cap,0.5260469588683918,3.034064788298707e-08,0.0,-10.0,-0.618627380244802,-1.144674308772546,-9.473953041131608,-0.17510839790043548,-9.473953041131608,-0.17510839790043548,-8.855325660886805,-0.14438604280514317,0.5260469588683918,0.32151292983864493,0.5260469588683918,0.32151292983864493,1.1446743391131937,0.3522352849339372
L2_headline,warp5_forever,7,600,3000,safety_cap,0.2164607436861843,4.408220455331957e-10,0.0,-10.0,-0.5200085107352752,-0.7364692548622815,-9.783539256313816,-0.7213818414045702,-9.783539256313816,-0.7213818414045702,-9.26353074557854,-0.6955571097008728,0.2164607436861843,-0.22476051366548977,0.2164607436861843,-0.22476051366548977,0.7364692544214595,-0.19893578196179235
L2_headline,warp5_forever,8,600,3000,safety_cap,-0.37881175690563396,1.6865434049329053e-09,0.0,-10.0,-0.7925438632448333,-0.4137321046526559,-10.378811756905634,-0.6192536661209036,-10.378811756905634,-0.6192536661209036,-9.5862678936608,-0.5798942475552926,-0.37881175690563396,-0.12263233838182325,-0.37881175690563396,-0.12263233838182325,0.4137321063391993,-0.08327291981621232
L2_headline,warp5_forever,9,600,3000,safety_cap,-0.23617582020233385,7.936983070777615e-09,0.0,-10.0,-0.9172116941236351,-0.6810358818582843,-10.236175820202334,-0.5281223270542401,-10.236175820202334,-0.5281223270542401,-9.318964126078699,-0.48257163811889103,-0.23617582020233385,-0.03150099931515971,-0.23617582020233385,-0.03150099931515971,0.6810358739213013,0.014049689620189383
L2_headline,warp5_forever,10,600,3000,safety_cap,0.7430761292343959,4.702324629679566e-08,0.0,-10.0,-0.2397230575622434,-0.9827991397733931,-9.256923870765604,-0.14381562295284062,-9.256923870765604,-0.14381562295284062,-9.017200813203361,-0.1319104646392173,0.7430761292343959,0.3528057047862398,0.7430761292343959,0.3528057047862398,0.9827991867966394,0.3647108630998631
L2_headline,warp5_forever,11,600,3000,safety_cap,0.5994406824756879,1.6402140312621327e-08,0.0,-10.0,-0.14668558081242028,-0.7461262468859678,-9.400559317524312,-0.5637541677182709,-9.400559317524312,-0.5637541677182709,-9.253873736711892,-0.5564694489279467,0.5994406824756879,-0.06713283997919056,0.5994406824756879,-0.06713283997919056,0.7461262632881083,-0.05984812118886633
L2_headline,warp30_forever,0,100,3000,safety_cap,0.3742661979049444,8.963698117092633e-09,0.0,-10.0,-0.6126786412551203,-0.9869448481237628,-9.625733802095056,-5.81181428609423,-9.625733802095056,-5.81181428609423,-9.013055160839935,-5.438806639921707,0.3742661979049444,0.2763308042648442,0.3742661979049444,0.2763308042648442,0.9869448391600647,0.6493384504373672
L2_headline,warp30_forever,1,100,3000,safety_cap,-0.36745291110128164,2.8629386694678516e-08,0.0,-10.0,-0.7025823308723032,-0.3351294484004082,-10.367452911101282,-6.4960089860891355,-10.367452911101282,-6.4960089860891355,-9.664870580228978,-6.068266669261811,-0.36745291110128164,-0.4078638957300615,-0.36745291110128164,-0.4078638957300615,0.3351294197710215,0.019878421097263177
L2_headline,warp30_forever,2,100,3000,safety_cap,0.10297403781441972,4.573852852018945e-09,0.0,-10.0,-0.33650977206459176,-0.43948381445286433,-9.89702596218558,-6.124221825852494,-9.89702596218558,-6.124221825852494,-9.560516190120989,-5.919349794187205,0.10297403781441972,-0.03607673549342001,0.10297403781441972,-0.03607673549342001,0.4394838098790115,0.1687952961718695
L2_headline,warp30_forever,3,100,3000,safety_cap,-0.025397012708708644,4.691660726585667e-09,0.0,-10.0,-0.7578205312760566,-0.7324235138756873,-10.025397012708709,-6.096409790429183,-10.025397012708709,-6.096409790429183,-9.267576481432652,-5.63503765574302,-0.025397012708708644,-0.008264700070109317,-0.025397012708708644,-0.008264700070109317,0.732423518567348,0.45310743461605363
L2_headline,warp30_forever,4,100,3000,safety_cap,-0.29548945801798254,8.886111180217426e-09,0.0,-10.0,-0.8959336576111667,-0.600444190707073,-10.295489458017983,-6.286813681603429,-10.295489458017983,-6.286813681603429,-9.399555800406816,-5.741356271716142,-0.29548945801798254,-0.19866859124435515,-0.29548945801798254,-0.19866859124435515,0.6004441995931842,0.34678881864293204
L2_headline,warp30_forever,5,100,3000,safety_cap,-0.12975682644173503,1.2025047291253088e-08,0.0,-10.0,-0.67533422396294,-0.5455773854961576,-10.129756826441735,-6.2377513331280445,-10.129756826441735,-6.2377513331280445,-9.454422602478795,-5.826598059130902,-0.12975682644173503,-0.14960624276897042,-0.12975682644173503,-0.14960624276897042,0.5455773975212049,0.26154703122817236
L2_headline,warp30_forever,6,100,3000,safety_cap,0.57173936907202,1.793394188709385e-08,0.0,-10.0,-0.5729349576344678,-1.144674308772546,-9.42826063092798,-5.60098440689784,-9.42826063092798,-5.60098440689784,-8.855325673293512,-5.252173291956104,0.57173936907202,0.487160683461234,0.57173936907202,0.487160683461234,1.1446743267064878,0.8359717984029709
L2_headline,warp30_forever,7,100,3000,safety_cap,0.20490101631730795,9.447791438077502e-09,0.0,-10.0,-0.531568247992765,-0.7364692548622815,-9.795098983682692,-6.058811057281527,-9.795098983682692,-6.058811057281527,-9.263530735689926,-5.735184595360733,0.20490101631730795,0.029334033077547384,0.20490101631730795,0.029334033077547384,0.736469264310073,0.3529604949983401
L2_headline,warp30_forever,8,100,3000,safety_cap,-0.3545877989381552,8.542802409916561e-09,0.0,-10.0,-0.7683198950480087,-0.4137321046526559,-10.354587798938155,-6.367909858190443,-10.354587798938155,-6.367909858190443,-9.586267903890146,-5.90014555850427,-0.3545877989381552,-0.27976476783136917,-0.3545877989381552,-0.27976476783136917,0.4137320961098535,0.18799953185480411
L2_headline,warp30_forever,9,100,3000,safety_cap,-0.19416398648172617,1.8910275678685196e-08,0.0,-10.0,-0.8751998872502862,-0.6810358818582843,-10.194163986481726,-6.227057688655261,-10.194163986481726,-6.227057688655261,-9.31896409923144,-5.694223298990697,-0.19416398648172617,-0.13891259829618724,-0.19416398648172617,-0.13891259829618724,0.68103590076856,0.3939217913683773
L2_headline,warp30_forever,10,100,3000,safety_cap,0.7665818375535309,6.820429998555255e-09,0.0,-10.0,-0.21621729539943216,-0.9827991397733931,-9.233418162446469,-5.496520994813753,-9.233418162446469,-5.496520994813753,-9.017200867047038,-5.364884768270076,0.7665818375535309,0.5916240955453217,0.7665818375535309,0.5916240955453217,0.9827991329529631,0.7232603220889987
L2_headline,warp30_forever,11,100,3000,safety_cap,0.5886507430113852,5.198115493598721e-09,0.0,-10.0,-0.1574754986764672,-0.7461262468859678,-9.411349256988615,-5.725453876720518,-9.411349256988615,-5.725453876720518,-9.253873758312148,-5.629580508308621,0.5886507430113852,0.3626912136385557,0.5886507430113852,0.3626912136385557,0.7461262416878525,0.4585645820504538
L2_headline,warp60_forever,0,50,3000,safety_cap,0.3233485361561179,2.662993270341474e-09,0.0,-10.0,-0.6635963146306382,-0.9869448481237628,-9.676651463843882,-7.542078160833382,-9.676651463843882,-7.542078160833382,-9.013055149213244,-7.022997412590669,0.3233485361561179,0.2801585936253309,0.3233485361561179,0.2801585936253309,0.9869448507867561,0.7992393418680436
L2_headline,warp60_forever,1,50,3000,safety_cap,-0.3839432876557112,2.6760000271242035e-08,0.0,-10.0,-0.7190727092961191,-0.3351294484004082,-10.383943287655711,-8.229131568217099,-10.383943287655711,-8.229131568217099,-9.664870578359592,-7.666655870638669,-0.3839432876557112,-0.4068948137583863,-0.3839432876557112,-0.4068948137583863,0.33512942164040793,0.15558088382004454
L2_headline,warp60_forever,2,50,3000,safety_cap,0.12213591486215591,2.4376134999393173e-09,0.0,-10.0,-0.3173479020283219,-0.43948381445286433,-9.877864085137844,-7.779893927677042,-9.877864085137844,-7.779893927677042,-9.560516183109522,-7.531656885357412,0.12213591486215591,0.042342826781671436,0.12213591486215591,0.042342826781671436,0.43948381689047783,0.2905798691013017
L2_headline,warp60_forever,3,50,3000,safety_cap,0.015263557434082031,1.720838127550195e-08,0.0,-10.0,-0.717159939233224,-0.7324235138756873,-9.984736442565918,-7.804471560932324,-9.984736442565918,-7.804471560932324,-9.267576503332695,-7.243492077382775,0.015263557434082031,0.017765193526389667,0.015263557434082031,0.017765193526389667,0.732423496667306,0.5787446770759399
L2_headline,warp60_forever,4,50,3000,safety_cap,-0.3329087554011494,1.3637065476856947e-08,0.0,-10.0,-0.9333529597452879,-0.600444190707073,-10.33290875540115,-8.094815174906035,-10.33290875540115,-8.094815174906035,-9.39955579565586,-7.364724392245793,-0.3329087554011494,-0.27257842044732195,-0.3329087554011494,-0.27257842044732195,0.6004442043441385,0.4575123622129196
L2_headline,warp60_forever,5,50,3000,safety_cap,-0.1486481735482812,1.94653027030256e-09,0.0,-10.0,-0.6942255609909691,-0.5455773854961576,-10.148648173548281,-7.981748417464135,-10.148648173548281,-7.981748417464135,-9.454422612557313,-7.438708747557308,-0.1486481735482812,-0.15951166300542127,-0.1486481735482812,-0.15951166300542127,0.5455773874426879,0.3835280069014064
L2_headline,warp60_forever,6,50,3000,safety_cap,0.6265702936798334,1.705236052362835e-08,0.0,-10.0,-0.5181040321450731,-1.144674308772546,-9.373429706320167,-7.253476140684628,-9.373429706320167,-7.253476140684628,-8.855325674175093,-6.8482029003967835,0.6265702936798334,0.5687606137740849,0.6265702936798334,0.5687606137740849,1.1446743258249064,0.9740338540619299
L2_headline,warp60_forever,7,50,3000,safety_cap,0.19102934375405312,3.6554418381129494e-09,0.0,-10.0,-0.5454399074527866,-0.7364692548622815,-9.808970656245947,-7.725488538777805,-9.808970656245947,-7.725488538777805,-9.26353074879316,-7.29883252963523,0.19102934375405312,0.09674821568090826,0.19102934375405312,0.09674821568090826,0.7364692512068397,0.5234042248234829
L2_headline,warp60_forever,8,50,3000,safety_cap,-0.32551903574130847,2.4563873712857287e-09,0.0,-10.0,-0.7392511428503518,-0.4137321046526559,-10.325519035741308,-8.112789416863373,-10.325519035741308,-8.112789416863373,-9.586267892890957,-7.5345296708254095,-0.32551903574130847,-0.2905526624046592,-0.32551903574130847,-0.2905526624046592,0.4137321071090433,0.28770708363330383
L2_headline,warp60_forever,9,50,3000,safety_cap,-0.1437498014420271,9.956561908275319e-09,0.0,-10.0,-0.8247856733437495,-0.6810358818582843,-10.143749801442027,-7.946342151441253,-10.143749801442027,-7.946342151441253,-9.318964128098278,-7.301175270583208,-0.1437498014420271,-0.12410539698253976,-0.1437498014420271,-0.12410539698253976,0.6810358719017224,0.5210614838755059
L2_headline,warp60_forever,10,50,3000,safety_cap,0.7642769450321794,1.7812320507459845e-08,0.0,-10.0,-0.21852217692889317,-0.9827991397733931,-9.23572305496782,-7.155232183526646,-9.23572305496782,-7.155232183526646,-9.017200878038928,-6.984298963122894,0.7642769450321794,0.6670045709320669,0.7642769450321794,0.6670045709320669,0.9827991219610726,0.8379377913358187
L2_headline,warp60_forever,11,50,3000,safety_cap,0.5757028423249722,7.911633126411743e-09,0.0,-10.0,-0.1704233966493626,-0.7461262468859678,-9.424297157675028,-7.36644125615001,-9.424297157675028,-7.36644125615001,-9.253873761025666,-7.233132040440976,0.5757028423249722,0.45579549830870364,0.5757028423249722,0.45579549830870364,0.7461262389743347,0.5891047140177377
L2_headline,park_far_warp60,0,56,3000,safety_cap,-0.26336609717691317,4.014240051475326e-10,0.0,-10.0,-1.2503109457021,-0.9869448481237628,-10.263366097176913,-7.76666150182577,-10.263366097176913,-7.76666150182577,-9.013055151474813,-6.8176150404780325,-0.26336609717691317,-0.17617799362285855,-0.26336609717691317,-0.17617799362285855,0.9869448485251868,0.772868467724879
L2_headline,park_far_warp60,1,56,3000,safety_cap,-0.1908450597547926,1.0496840119333939e-08,0.0,-10.0,-0.5259744976583607,-0.3351294484004082,-10.190845059754793,-7.842970349543821,-10.190845059754793,-7.842970349543821,-9.664870562096432,-7.443730274522712,-0.1908450597547926,-0.2524868413409095,-0.1908450597547926,-0.2524868413409095,0.3351294379035681,0.14675323368020032
L2_headline,park_far_warp60,2,56,3000,safety_cap,-0.2172546023502946,5.753223120130713e-09,0.0,-10.0,-0.656738422556382,-0.43948381445286433,-10.217254602350295,-7.829979823471574,-10.217254602350295,-7.829979823471574,-9.560516179793913,-7.331483606909834,-0.2172546023502946,-0.23949631526866308,-0.2172546023502946,-0.23949631526866308,0.43948382020608745,0.25899990129307826
L2_headline,park_far_warp60,3,56,3000,safety_cap,0.19528528256341815,3.4012886396261877e-08,0.0,-10.0,-0.5371382653251555,-0.7324235138756873,-9.804714717436582,-7.4718789826806535,-9.804714717436582,-7.4718789826806535,-9.267576452111426,-7.064165068223122,0.19528528256341815,0.11860452552225823,0.19528528256341815,0.11860452552225823,0.7324235478885737,0.5263184399797896
L2_headline,park_far_warp60,4,56,3000,safety_cap,-0.1311354690697044,4.7222326049478625e-09,0.0,-10.0,-0.7315796550545448,-0.600444190707073,-10.131135469069704,-7.703645319387603,-10.131135469069704,-7.703645319387603,-9.399555814015159,-7.148340988724773,-0.1311354690697044,-0.11316181118469212,-0.1311354690697044,-0.11316181118469212,0.6004441859848404,0.44214251947813765
L2_headline,park_far_warp60,5,56,3000,safety_cap,0.2274745744653046,1.0419752893842116e-08,0.0,-10.0,-0.3181028214506059,-0.5455773854961576,-9.772525425534695,-7.4579841635338635,-9.772525425534695,-7.4579841635338635,-9.454422604084089,-7.2165287415204995,0.2274745744653046,0.13249934466904773,0.2274745744653046,0.13249934466904773,0.5455773959159105,0.3739547666824117
L2_headline,park_far_warp60,6,56,3000,safety_cap,0.520747659727931,2.3682933392166206e-10,0.0,-10.0,-0.6239266488077856,-1.144674308772546,-9.479252340272069,-7.085380689618379,-9.479252340272069,-7.085380689618379,-8.855325691464284,-6.611790195807999,0.520747659727931,0.5051028185845324,0.520747659727931,0.5051028185845324,1.1446743085357167,0.9786933123949131
L2_headline,park_far_warp60,7,56,3000,safety_cap,-0.3052483337232843,1.6698200155929044e-08,0.0,-10.0,-1.041717605283766,-0.7364692548622815,-10.305248333723284,-7.843307667286642,-10.305248333723284,-7.843307667286642,-9.263530728439518,-7.052593636975536,-0.3052483337232843,-0.2528241590837302,-0.3052483337232843,-0.2528241590837302,0.7364692715604817,0.5378898712273754
L2_headline,park_far_warp60,8,56,3000,safety_cap,-0.18363921623677015,1.1242709263559192e-08,0.0,-10.0,-0.5973713321321353,-0.4137321046526559,-10.18363921623677,-7.81892532906295,-10.18363921623677,-7.81892532906295,-9.586267884104634,-7.365491604580733,-0.18363921623677015,-0.2284418208600385,-0.18363921623677015,-0.2284418208600385,0.4137321158953652,0.22499190362217925
L2_headline,park_far_warp60,9,56,3000,safety_cap,0.16886893892660737,1.3056760894691877e-08,0.0,-10.0,-0.5121669559884379,-0.6810358818582843,-9.831131061073393,-7.4946169956308415,-9.831131061073393,-7.4946169956308415,-9.318964105084955,-7.10585751234317,0.16886893892660737,0.09586651257206973,0.16886893892660737,0.09586651257206973,0.6810358949150452,0.4846259958597422
L2_headline,park_far_warp60,10,56,3000,safety_cap,0.48546298875589855,3.655445746097996e-08,0.0,-10.0,-0.49733611446303705,-0.9827991397733931,-9.514537011244101,-7.221937059833146,-9.514537011244101,-7.221937059833146,-9.017200896781064,-6.844434902346607,0.48546298875589855,0.3685464483697656,0.48546298875589855,0.3685464483697656,0.9827991032189356,0.7460486058563054
L2_headline,park_far_warp60,11,56,3000,safety_cap,0.010110147297382355,1.9654937233326564e-08,0.0,-10.0,-0.7360161192435227,-0.7461262468859678,-9.989889852702618,-7.607940044983351,-9.989889852702618,-7.607940044983351,-9.253873733459095,-7.049268223494405,0.010110147297382355,-0.01745653678044007,0.010110147297382355,-0.01745653678044007,0.7461262665409051,0.5412152847085065
L2_headline,park_far_coast,0,3000,3000,safety_cap,-0.11160031103645451,4.2142105360909454e-09,0.0,-10.0,-1.0985451549460068,-0.9869448481237628,-10.111600311036455,-0.05764556316101416,-10.111600311036455,-0.05764556316101416,-9.013055156090449,-0.0576452378962121,-0.11160031103645451,-0.05764260229226341,-0.11160031103645451,-0.05764260229226341,0.9869448439095523,-0.05764227702746135
L2_headline,park_far_coast,1,3000,3000,safety_cap,-0.22897788230329752,5.226987564999064e-09,0.0,-10.0,-0.5641073254767182,-0.3351294484004082,-10.228977882303298,-0.21430117288182932,-10.228977882303298,-0.21430117288182932,-9.66487055682658,-0.21430100585705408,-0.22897788230329752,-0.21429821201307855,-0.22897788230329752,-0.21429821201307855,0.33512944317342064,-0.21429804498830335
L2_headline,park_far_coast,2,3000,3000,safety_cap,-0.18270518769713817,2.7405165914373697e-09,0.0,-10.0,-0.6221890048905191,-0.43948381445286433,-10.182705187697138,-0.033708469619560096,-10.182705187697138,-0.033708469619560096,-9.56051618280662,-0.03370828539756193,-0.18270518769713817,-0.03370550875080935,-0.18270518769713817,-0.03370550875080935,0.43948381719338103,-0.033705324528811184
L2_headline,park_far_coast,3,3000,3000,safety_cap,0.057543930830433965,7.480589703234841e-09,0.0,-10.0,-0.674879590525843,-0.7324235138756873,-9.942456069169566,-0.29988856566146477,-9.942456069169566,-0.29988856566146477,-9.267576478643724,-0.2998883658384758,0.057543930830433965,-0.29988560479271403,0.057543930830433965,-0.29988560479271403,0.732423521356277,-0.29988540496972504
L2_headline,park_far_coast,4,3000,3000,safety_cap,-0.13336327937577153,2.7724327278377814e-09,0.0,-10.0,-0.7338074728552773,-0.600444190707073,-10.133363279375772,-0.014728212801754537,-10.133363279375772,-0.014728212801754537,-9.399555806520494,-0.014727995530992992,-0.13336327937577153,-0.014725251933003787,-0.13336327937577153,-0.014725251933003787,0.6004441934795057,-0.014725034662242243
L2_headline,park_far_coast,5,3000,3000,safety_cap,0.19470140745397657,2.5856276009150747e-09,0.0,-10.0,-0.35087597545655347,-0.5455773854961576,-9.805298592546023,-0.07376187899438716,-9.805298592546023,-0.07376187899438716,-9.45442261708947,-0.07376177510461605,0.19470140745397657,-0.07375891812563641,0.19470140745397657,-0.07375891812563641,0.54557738291053,-0.0737588142358653
L2_headline,park_far_coast,6,3000,3000,safety_cap,0.4918797123245895,1.5603764391691755e-08,0.0,-10.0,-0.6527945808441921,-1.144674308772546,-9.50812028767541,0.07347872075687162,-9.50812028767541,0.07347872075687162,-8.855325706831218,0.07347891404077912,0.4918797123245895,0.07348168162562237,0.4918797123245895,0.07348168162562237,1.1446742931687814,0.07348187490952987
L2_headline,park_far_coast,7,3000,3000,safety_cap,-0.21821405824448448,2.5148662041729608e-08,0.0,-10.0,-0.9546833382554281,-0.7364692548622815,-10.218214058244484,-0.19286906074093335,-10.218214058244484,-0.19286906074093335,-9.263530719989056,-0.19286877807172703,-0.21821405824448448,-0.1928660998721826,-0.21821405824448448,-0.1928660998721826,0.7364692800109436,-0.19286581720297627
L2_headline,park_far_coast,8,3000,3000,safety_cap,-0.3007930025632959,6.872303004445968e-09,0.0,-10.0,-0.7145251003436488,-0.4137321046526559,-10.300793002563296,-0.19589885476647248,-10.300793002563296,-0.19589885476647248,-9.586267902219648,-0.19589864320496833,-0.3007930025632959,-0.19589589389772172,-0.3007930025632959,-0.19589589389772172,0.4137320977803529,-0.1958956823362176
L2_headline,park_far_coast,9,3000,3000,safety_cap,0.014808132080361247,6.7730682173916534e-09,0.0,-10.0,-0.6662277565509913,-0.6810358818582843,-9.985191867919639,0.017307132541803782,-9.985191867919639,0.017307132541803782,-9.318964111368647,0.017307329803098306,0.014808132080361247,0.01731009341055453,0.014808132080361247,0.01731009341055453,0.6810358886313526,0.017310290671849055
L2_headline,park_far_coast,10,3000,3000,safety_cap,0.5040952933341032,2.477151783697451e-08,0.0,-10.0,-0.47870382166777203,-0.9827991397733931,-9.495904706665897,-0.16525213017898233,-9.495904706665897,-0.16525213017898233,-9.017200884998125,-0.16525198844106367,0.5040952933341032,-0.16524916931023156,0.5040952933341032,-0.16524916931023156,0.9827991150018751,-0.1652490275723129
L2_headline,park_far_coast,11,3000,3000,safety_cap,0.09858025872836151,1.525003967550731e-08,0.0,-10.0,-0.647546003407646,-0.7461262468859678,-9.901419741271638,-0.31636952662296325,-9.901419741271638,-0.31636952662296325,-9.253873737863993,-0.31636933489309066,0.09858025872836151,-0.3163665657542125,0.09858025872836151,-0.3163665657542125,0.7461262621360074,-0.3163663740243399
L2_headline,suicide_reentry,0,6,43,collision,-0.03534642014710698,1.7174051070156793e-09,0.0,-10.000000086516595,-1.022291269988275,-0.9869448481237628,-9.013055236675427,-8.790414891404422,-10.035346506663702,-9.787403177787864,-9.013055236675427,-8.790414891404422,-9.013055236675427,-8.790414891404422,-10.035346506663702,-9.787403177787864,-9.013055236675427,-8.790414891404422
L2_headline,suicide_reentry,1,11,49,collision,-0.05694262916222215,9.0885051706735e-09,0.0,-10.000000344536137,-0.3920720684741252,-0.3351294484004082,-9.664870905224234,-9.192774629830376,-10.056942973698359,-9.565678346028786,-9.664870905224234,-9.192774629830376,-9.664870905224234,-9.192774629830376,-10.056942973698359,-9.565678346028786,-9.664870905224234,-9.192774629830376
L2_headline,suicide_reentry,2,6,32,collision,-0.10095959296450019,3.0700251230086906e-09,0.0,-9.999999983937183,-0.5404434043473394,-0.43948381445286433,-9.560516172554344,-9.325021581543616,-10.100959576901683,-9.8520883377663,-9.560516172554344,-9.325021581543616,-9.560516172554344,-9.325021581543616,-10.100959576901683,-9.8520883377663,-9.560516172554344,-9.325021581543616
L2_headline,suicide_reentry,3,9,43,collision,-0.0072095077484846115,2.523264264198133e-09,0.0,-10.00000041259456,-0.7396330191009076,-0.7324235138756873,-9.267576901242137,-8.901285263594428,-10.007209920343044,-9.611845559843369,-9.267576901242137,-8.901285263594428,-9.267576901242137,-8.901285263594428,-10.007209920343044,-9.611845559843369,-9.267576901242137,-8.901285263594428
L2_headline,suicide_reentry,4,6,34,collision,-0.15067079290747643,1.256408255212449e-08,0.0,-10.000000125774587,-0.7511149710504669,-0.600444190707073,-9.399555947631598,-9.169062431803162,-10.150670918682064,-9.901586370771303,-9.399555947631598,-9.169062431803162,-9.399555947631598,-9.169062431803162,-10.150670918682064,-9.901586370771303,-9.399555947631598,-9.169062431803162
L2_headline,suicide_reentry,5,7,43,collision,-0.0932432976551354,1.4708458895285048e-09,0.0,-10.00000003642878,-0.6388206846221389,-0.5455773854961576,-9.454422649461776,-9.17651305685912,-10.093243334083915,-9.796407087624592,-9.454422649461776,-9.17651305685912,-9.454422649461776,-9.17651305685912,-10.093243334083915,-9.796407087624592,-9.454422649461776,-9.17651305685912
L2_headline,suicide_reentry,6,5,39,collision,-0.06843562377616763,5.939529756915363e-09,0.0,-9.99999996839547,-1.2131099384882433,-1.144674308772546,-8.855325653683394,-8.680683314273788,-10.068435592171637,-9.869712414686262,-8.855325653683394,-8.680683314273788,-8.855325653683394,-8.680683314273788,-10.068435592171637,-9.869712414686262,-8.855325653683394,-8.680683314273788
L2_headline,suicide_reentry,7,7,46,collision,-0.027832962077809498,7.041378702332679e-09,0.0,-9.999999970258326,-0.7643022239814697,-0.7364692548622815,-9.263530708354665,-8.989896951351922,-10.027832932336135,-9.731554818343396,-9.263530708354665,-8.989896951351922,-9.263530708354665,-8.989896951351922,-10.027832932336135,-9.731554818343396,-9.263530708354665,-8.989896951351922
L2_headline,suicide_reentry,8,8,42,collision,-0.1047918510157615,7.887236974646328e-10,0.0,-9.999999784957819,-0.5185239548796937,-0.4137321046526559,-9.586267681093886,-9.25658478264339,-10.10479163597358,-9.757230366945045,-9.586267681093886,-9.25658478264339,-9.586267681093886,-9.25658478264339,-10.10479163597358,-9.757230366945045,-9.586267681093886,-9.25658478264339
L2_headline,suicide_reentry,9,9,52,collision,0.05135048017837107,4.6523751517923984e-10,0.0,-10.000000000228647,-0.6296854021451508,-0.6810358818582843,-9.318964117905125,-8.949692671989055,-9.948649520050276,-9.554627057470903,-9.318964117905125,-8.949692671989055,-9.318964117905125,-8.949692671989055,-9.948649520050276,-9.554627057470903,-9.318964117905125,-8.949692671989055
L2_headline,suicide_reentry,10,9,24,collision,-0.1316452525788918,6.089763582295404e-09,0.0,-9.999999653596506,-1.1144443862625213,-0.9827991397733931,-9.017200519912876,-8.665553440665093,-10.131644906175397,-9.736192409999195,-9.017200519912876,-8.665553440665093,-9.017200519912876,-8.665553440665093,-10.131644906175397,-9.736192409999195,-9.017200519912876,-8.665553440665093
L2_headline,suicide_reentry,11,8,36,collision,-0.16654392471536994,4.593380675821379e-09,0.0,-10.000000040696671,-0.9126701761947185,-0.7461262468859678,-9.253873789217323,-8.937321981152724,-10.16654396541204,-9.818523879995974,-9.253873789217323,-8.937321981152724,-9.253873789217323,-8.937321981152724,-10.16654396541204,-9.818523879995974,-9.253873789217323,-8.937321981152724
L2_headline,fuel_dump_strand,0,20,20,stranded,-0.04585295217111707,3.806361004166092e-09,0.0,-9.999999990685714,-1.032797804101241,-0.9869448481237628,-9.01305513875559,-8.1962471127277,-10.04585294285683,-9.13522170327503,-9.01305513875559,-8.1962471127277,-9.01305513875559,-8.1962471127277,-10.04585294285683,-9.13522170327503,-9.01305513875559,-8.1962471127277
L2_headline,fuel_dump_strand,1,20,20,stranded,0.001451949734473601,3.34032357329761e-10,0.0,-10.00000020712985,-0.33367749899996696,-0.3351294484004082,-9.66487075839541,-8.787422807780255,-9.998548257395376,-9.090787795345271,-9.66487075839541,-8.787422807780255,-9.66487075839541,-8.787422807780255,-9.998548257395376,-9.090787795345271,-9.66487075839541,-8.787422807780255
L2_headline,fuel_dump_strand,2,20,20,stranded,-0.0026808723705471493,5.064721975145403e-09,0.0,-10.000000270806591,-0.44216469188813345,-0.43948381445286433,-9.560516451289004,-8.692814073073672,-10.002681143177139,-9.094810871354479,-9.560516451289004,-8.692814073073672,-9.560516451289004,-8.692814073073672,-10.002681143177139,-9.094810871354479,-9.560516451289004,-8.692814073073672
L2_headline,fuel_dump_strand,3,20,20,stranded,-0.06265655346214771,1.5170863565394654e-08,0.0,-9.999999897572176,-0.7950800825086985,-0.7324235138756873,-9.267576368525624,-8.428805515721555,-10.062656451034323,-9.151657551193894,-9.267576368525624,-8.428805515721555,-9.267576368525624,-8.428805515721555,-10.062656451034323,-9.151657551193894,-9.267576368525624,-8.428805515721555
L2_headline,fuel_dump_strand,4,20,20,stranded,0.04780395328998566,6.364744287168378e-09,0.0,-10.000000282539157,-0.5526402437818316,-0.600444190707073,-9.399556085467339,-8.543555386070159,-9.95219632924917,-9.045991724106907,-9.399556085467339,-8.543555386070159,-9.399556085467339,-8.543555386070159,-9.95219632924917,-9.045991724106907,-9.399556085467339,-8.543555386070159
L2_headline,fuel_dump_strand,5,20,20,stranded,0.038549959659576416,7.548835334603154e-09,0.0,-9.99999980734782,-0.5070274333854166,-0.5455773854961576,-9.454422414302826,-8.594060226662052,-9.961449847688243,-9.055027392518523,-9.454422414302826,-8.594060226662052,-9.454422414302826,-8.594060226662052,-9.961449847688243,-9.055027392518523,-9.454422414302826,-8.594060226662052
L2_headline,fuel_dump_strand,6,20,20,stranded,0.0007151216268539429,9.42244504642531e-10,0.0,-10.000000140793292,-1.1439591862034475,-1.144674308772546,-8.85532583296299,-8.05102856092624,-9.999285019166438,-9.09106621805796,-8.85532583296299,-8.05102856092624,-8.85532583296299,-8.05102856092624,-9.999285019166438,-9.09106621805796,-8.85532583296299,-8.05102856092624
L2_headline,fuel_dump_strand,7,20,20,stranded,0.005228015594184399,5.210618159168234e-09,0.0,-10.000000007861189,-0.731241234057479,-0.7364692548622815,-9.263530758209527,-8.421686914373511,-9.994771992267005,-9.086499461044204,-9.263530758209527,-8.421686914373511,-9.263530758209527,-8.421686914373511,-9.994771992267005,-9.086499461044204,-9.263530758209527,-8.421686914373511
L2_headline,fuel_dump_strand,8,20,20,stranded,-0.0013730023056268692,3.1331280347934864e-09,0.0,-10.000000244063578,-0.4151051100914108,-0.4137321046526559,-9.586268136277795,-8.715698681447046,-10.001373246369205,-9.093094091501557,-9.586268136277795,-8.715698681447046,-9.586268136277795,-8.715698681447046,-10.001373246369205,-9.093094091501557,-9.586268136277795,-8.715698681447046
L2_headline,fuel_dump_strand,9,20,20,stranded,0.005903439596295357,8.209989355023595e-10,0.0,-9.999999689976146,-0.67513244144099,-0.6810358818582843,-9.318963808938861,-8.4725455652109,-9.994096250379851,-9.086346451744477,-9.318963808938861,-8.4725455652109,-9.318963808938861,-8.4725455652109,-9.994096250379851,-9.086346451744477,-9.318963808938861,-8.4725455652109
L2_headline,fuel_dump_strand,10,20,20,stranded,0.01414284271595534,1.5848151679875855e-09,0.0,-9.999999758725261,-0.9686562986422529,-0.9827991397733931,-9.017200617367052,-8.197218661851656,-9.985856916009306,-9.077878601083619,-9.017200617367052,-8.197218661851656,-9.017200617367052,-8.197218661851656,-9.985856916009306,-9.077878601083619,-9.017200617367052,-8.197218661851656
L2_headline,fuel_dump_strand,11,20,20,stranded,-0.037667885422706604,2.432342793845521e-08,0.0,-9.999999753555931,-0.7837941566321024,-0.7461262468859678,-9.253873482346535,-8.414541263357863,-10.037667638978638,-9.12713262865174,-9.253873482346535,-8.414541263357863,-9.253873482346535,-8.414541263357863,-10.037667638978638,-9.12713262865174,-9.253873482346535,-8.414541263357863
L2_headline,oneburn10_warp60,0,51,3000,safety_cap,0.09773728004074655,1.1843181990656149e-09,0.0,-10.0,-0.8892075692673345,-0.9869448481237628,-9.902262719959253,-7.681007030904697,-9.902262719959253,-7.681007030904697,-9.013055150691919,-6.988925613903446,0.09773728004074655,0.10211853978172364,0.09773728004074655,0.10211853978172364,0.986944849308081,0.7941999567829743
L2_headline,oneburn10_warp60,1,51,3000,safety_cap,-0.12690745596773922,2.1989225829077697e-08,0.0,-10.0,-0.4620368823789216,-0.3351294484004082,-10.12690745596774,-7.980545875742982,-10.12690745596774,-7.980545875742982,-9.664870573588818,-7.620936768358621,-0.12690745596773922,-0.1974203050565622,-0.12690745596773922,-0.1974203050565622,0.3351294264111824,0.16218880232779967
L2_headline,oneburn10_warp60,2,51,3000,safety_cap,-0.13165749941254035,4.449133839123931e-09,0.0,-10.0,-0.5711413094162708,-0.43948381445286433,-10.13165749941254,-7.933192556937673,-10.13165749941254,-7.933192556937673,-9.56051618999627,-7.488666103958362,-0.13165749941254035,-0.1500669862512532,-0.13165749941254035,-0.1500669862512532,0.4394838100037305,0.294459466728057
L2_headline,oneburn10_warp60,3,51,3000,safety_cap,0.2724396660923958,1.3085169392468288e-08,0.0,-10.0,-0.4599838608684609,-0.7324235138756873,-9.727560333907604,-7.563208950037608,-9.727560333907604,-7.563208950037608,-9.267576473039144,-7.20519773507477,0.2724396660923958,0.21991662064881165,0.2724396660923958,0.21991662064881165,0.7324235269608567,0.5779278356116498
L2_headline,oneburn10_warp60,4,51,3000,safety_cap,-0.08905427902936935,5.405199066110811e-09,0.0,-10.0,-0.6894984751416414,-0.600444190707073,-10.08905427902937,-7.86845227122591,-10.08905427902937,-7.86845227122591,-9.399555803887727,-7.331806949943489,-0.08905427902936935,-0.08532670053948958,-0.08905427902936935,-0.08532670053948958,0.6004441961122721,0.4513186207429308
L2_headline,oneburn10_warp60,5,51,3000,safety_cap,0.08738414756953716,5.843202033339878e-09,0.0,-10.0,-0.4581932437698225,-0.5455773854961576,-9.912615852430463,-7.75630932593062,-9.912615852430463,-7.75630932593062,-9.454422608660641,-7.399691770740555,0.08738414756953716,0.02681624475579992,0.08738414756953716,0.02681624475579992,0.5455773913393597,0.38343379994586607
L2_headline,oneburn10_warp60,6,51,3000,safety_cap,0.3606243673712015,3.1692846125253027e-09,0.0,-10.0,-0.7840499382320598,-1.144674308772546,-9.639375632628798,-7.426029017307859,-9.639375632628798,-7.426029017307859,-8.855325694396738,-6.815793105012953,0.3606243673712015,0.35709655337856144,0.3606243673712015,0.35709655337856144,1.1446743056032613,0.9673324656734668
L2_headline,oneburn10_warp60,7,51,3000,safety_cap,-0.048874774016439915,3.4898302025965222e-09,0.0,-10.0,-0.7853440323685517,-0.7364692548622815,-10.04887477401644,-7.888300078990471,-10.04887477401644,-7.888300078990471,-9.263530741647887,-7.277056956979105,-0.048874774016439915,-0.10517450830405137,-0.048874774016439915,-0.10517450830405137,0.7364692583521117,0.5060686137073144
L2_headline,oneburn10_warp60,8,51,3000,safety_cap,-0.07453589723445475,9.306522052998645e-09,0.0,-10.0,-0.4882680111936327,-0.4137321046526559,-10.074535897234455,-7.8739018839284185,-10.074535897234455,-7.8739018839284185,-9.586267886040822,-7.493876759601482,-0.07453589723445475,-0.09077631324199875,-0.07453589723445475,-0.09077631324199875,0.41373211395917797,0.28924881108493783
L2_headline,oneburn10_warp60,9,51,3000,safety_cap,0.11004157550632954,4.986563273412514e-09,0.0,-10.0,-0.5709943113385181,-0.6810358818582843,-9.88995842449367,-7.70568528698998,-9.88995842449367,-7.70568528698998,-9.318964113155152,-7.261273244460449,0.11004157550632954,0.07744028369643992,0.11004157550632954,0.07744028369643992,0.6810358868448476,0.5218523262259702
L2_headline,oneburn10_warp60,10,51,3000,safety_cap,0.5385781130753458,4.5362855694008886e-09,0.0,-10.0,-0.44422102216176174,-0.9827991397733931,-9.461421886924654,-7.290430284717299,-9.461421886924654,-7.290430284717299,-9.017200864762893,-6.944687485054933,0.5385781130753458,0.49269528596912054,0.5385781130753458,0.49269528596912054,0.9827991352371075,0.8384380856314873
L2_headline,oneburn10_warp60,11,51,3000,safety_cap,0.33663287141826004,2.832347900660892e-08,0.0,-10.0,-0.4094934037911868,-0.7461262468859678,-9.66336712858174,-7.535503647261683,-9.66336712858174,-7.535503647261683,-9.253873724790553,-7.216789789054222,0.33663287141826004,0.24762192342473746,0.33663287141826004,0.24762192342473746,0.7461262752094469,0.566335781632198
L2_headline,expert,0,1389,3000,safety_cap,0.7441042413847754,3.29959837230831e-09,0.0,-10.0,-0.24284061003858587,-0.9869448481237628,-9.255895758615225,0.41779395596730284,-9.255895758615225,0.41779395596730284,-9.013055148576639,0.41802503332361246,0.7441042413847754,0.427309553719792,0.7441042413847754,0.427309553719792,0.9869448514233612,0.42754063107610163
L2_headline,expert,1,1490,3000,safety_cap,-0.6854628491200856,5.059280328012505e-09,0.0,-10.0,-1.0205922924612134,-0.3351294484004082,-10.685462849120086,-0.21630362945864462,-10.685462849120086,-0.21630362945864462,-9.664870556658872,-0.21571827421304682,-0.6854628491200856,-0.21056818299366906,-0.6854628491200856,-0.21056818299366906,0.3351294433411278,-0.20998282774807125
L2_headline,expert,2,1382,3000,safety_cap,0.2513613822043226,8.910352455870907e-09,0.0,-10.0,-0.1881224411588942,-0.43948381445286433,-9.748638617795677,0.22175872971947908,-9.748638617795677,0.22175872971947908,-9.560516176636783,0.22194413201866342,0.2513613822043226,0.23161413548830753,0.2513613822043226,0.23161413548830753,0.4394838233632168,0.23179953778749188
L2_headline,expert,3,1406,3000,safety_cap,0.5361383535710047,1.3554924849223937e-08,0.0,-10.0,-0.19628517385960742,-0.7324235138756873,-9.463861646428995,-0.021699394088173125,-9.463861646428995,-0.021699394088173125,-9.267576472569388,-0.021527873623442384,0.5361383535710047,-0.012961063965826544,0.5361383535710047,-0.012961063965826544,0.7324235274306121,-0.012789543501095799
L2_headline,expert,4,1227,3000,safety_cap,0.26188598713133615,1.3884796590257764e-08,0.0,-10.0,-0.33855818969094026,-0.600444190707073,-9.738114012868664,0.19998238313122754,-9.738114012868664,0.19998238313122754,-9.399555823177723,0.20070803834179868,0.26188598713133615,0.22141607555596476,0.26188598713133615,0.22141607555596476,0.6004441768222764,0.2221417307665359
L2_headline,expert,5,1270,3000,safety_cap,-0.3055633852468418,2.731381631981833e-08,0.0,-10.0,-0.8511407434291831,-0.5455773854961576,-10.305563385246842,-0.13672291259728933,-10.305563385246842,-0.13672291259728933,-9.454422641817658,-0.1352523251767859,-0.3055633852468418,-0.1194450718658195,-0.3055633852468418,-0.1194450718658195,0.5455773581823413,-0.11797448444531608
L2_headline,expert,6,1465,3000,safety_cap,0.657310355764821,4.10659306560035e-09,0.0,-10.0,-0.487363957114318,-1.144674308772546,-9.342689644235179,0.30391666251673366,-9.342689644235179,0.30391666251673366,-8.85532568712086,0.3042335051540829,0.657310355764821,0.3104178128936565,0.657310355764821,0.3104178128936565,1.144674312879139,0.3107346555310057
L2_headline,expert,7,1456,3000,safety_cap,-0.028028971562889637,7.938139034990854e-09,0.0,-10.0,-0.7644982184870321,-0.7364692548622815,-10.02802897156289,0.09060092726934477,-10.02802897156289,0.09060092726934477,-9.263530753075857,0.09112087413285316,-0.028028971562889637,0.09740207933137827,-0.028028971562889637,0.09740207933137827,0.7364692469241425,0.09792202619488667
L2_headline,expert,8,1394,3000,safety_cap,-0.3898509390055551,2.4838419654393817e-09,0.0,-10.0,-0.8035830411743691,-0.4137321046526559,-10.389850939005555,0.014814424938382652,-10.389850939005555,0.014814424938382652,-9.586267897831187,0.015560156014875088,-0.3898509390055551,0.024094499781707027,-0.3898509390055551,0.024094499781707027,0.41373210216881395,0.024840230858199464
L2_headline,expert,9,1417,3000,safety_cap,-0.10479651983041549,1.6494696719604462e-09,0.0,-10.0,-0.7858324000392302,-0.6810358818582843,-10.104796519830415,0.008392183519061926,-10.104796519830415,0.008392183519061926,-9.318964119791186,0.0090420322375627,-0.10479651983041549,0.016661742250266377,-0.10479651983041549,0.016661742250266377,0.6810358802088147,0.017311590968767155
L2_headline,expert,10,1299,3000,safety_cap,0.5712727518593965,4.379362428252875e-09,0.0,-10.0,-0.41152638353463417,-0.9827991397733931,-9.428727248140603,0.4042312441117802,-9.428727248140603,0.4042312441117802,-9.01720086460597,0.40484607615226204,0.5712727518593965,0.4191715265597968,0.5712727518593965,0.4191715265597968,0.9827991353940306,0.41978635860027863
L2_headline,expert,11,1303,3000,safety_cap,0.12254344071334344,4.717494395123367e-09,0.0,-10.0,-0.6235828108901188,-0.7461262468859678,-9.877456559286657,0.09009876504974104,-9.877456559286657,0.09009876504974104,-9.253873748396538,0.09101192165784182,0.12254344071334344,0.10474247543036094,0.12254344071334344,0.10474247543036094,0.7461262516034622,0.10565563203846172
